date,corridor,horizon_calendar_days,epsilon,has_full_window,window_min_rub_per_unit,window_mean_rub_per_unit,future_min_rub_per_unit,target_good_now,message_hit,future_regret_bps,moment_advantage_bps
2016-09-02,RUB_KZT,3,0.0100000000,False,,,,,,,
2016-09-03,RUB_KZT,3,0.0100000000,False,,,,,,,
2016-09-06,RUB_KZT,3,0.0100000000,True,0.1896560000,0.1913225714,0.1896560000,1,1,28.2344776096,59.0401550709
2016-09-07,RUB_KZT,3,0.0100000000,True,0.1896560000,0.1909650000,0.1896560000,1,1,63.1349516140,5.4460241405
2016-09-08,RUB_KZT,3,0.0100000000,True,0.1896560000,0.1906074286,0.1896560000,1,1,68.1825322846,-18.3923276862
2016-09-09,RUB_KZT,3,0.0100000000,True,0.1896560000,0.1902498571,0.1900270000,1,1,0.0000000000,31.2145907374
2016-09-10,RUB_KZT,3,0.0100000000,True,0.1896560000,0.1905872857,0.1900270000,1,1,0.0000000000,29.3978537018
2016-09-13,RUB_KZT,3,0.0100000000,True,0.1900270000,0.1912182857,0.1918410000,0,1,37.0803147153,-69.9051495374
2016-09-14,RUB_KZT,3,0.0100000000,True,0.1900270000,0.1914044286,0.1913300000,0,1,37.3346107984,-33.5713981838
2016-09-15,RUB_KZT,3,0.0100000000,True,0.1900270000,0.1915905714,0.1913300000,1,1,26.6366418023,-13.0710279510
2016-09-16,RUB_KZT,3,0.0100000000,True,0.1913300000,0.1917767143,0.1913300000,1,1,35.1034353451,-11.8515803721
2016-09-17,RUB_KZT,3,0.0100000000,True,0.1912430000,0.1915892857,0.1912430000,1,1,4.5471175456,13.5334141113
2016-09-20,RUB_KZT,3,0.0100000000,True,0.1888040000,0.1907008571,0.1888040000,0,0,127.5340796787,-28.4289680322
2016-09-21,RUB_KZT,3,0.0100000000,True,0.1888040000,0.1903964286,0.1888040000,1,1,98.8520575387,-15.3664346945
2016-09-22,RUB_KZT,3,0.0100000000,True,0.1888040000,0.1900920000,0.1888040000,1,1,72.3525081502,-4.6293373735
2016-09-23,RUB_KZT,3,0.0100000000,True,0.1888040000,0.1897875714,0.1891990000,1,1,0.0000000000,51.8248598245
2016-09-24,RUB_KZT,3,0.0100000000,True,0.1888040000,0.1895625714,0.1891990000,1,1,0.0000000000,19.1794944451
2016-09-27,RUB_KZT,3,0.0100000000,True,0.1885850000,0.1892081429,0.1885850000,1,1,57.0997743425,-24.3042997998
2016-09-28,RUB_KZT,3,0.0100000000,True,0.1885850000,0.1891720000,0.1885850000,1,1,23.2773442666,7.7707060241
2016-09-29,RUB_KZT,3,0.0100000000,True,0.1885850000,0.1891358571,0.1885850000,1,1,52.5893808484,-23.5884862808
2016-09-30,RUB_KZT,3,0.0100000000,True,0.1885850000,0.1890997143,0.1889460000,1,1,0.0000000000,27.2191995455
2016-10-01,RUB_KZT,3,0.0100000000,True,0.1867930000,0.1886890000,0.1867930000,0,0,113.9479004583,-13.6202958307
2016-10-04,RUB_KZT,3,0.0100000000,True,0.1867930000,0.1879928571,0.1869820000,1,1,0.0000000000,63.8246133972
2016-10-05,RUB_KZT,3,0.0100000000,True,0.1867930000,0.1878630000,0.1874500000,1,1,0.0000000000,46.8958762502
2016-10-06,RUB_KZT,3,0.0100000000,True,0.1867930000,0.1877331429,0.1874500000,1,1,23.2586607908,-8.1955237373
2016-10-07,RUB_KZT,3,0.0100000000,True,0.1867930000,0.1876032857,0.1880370000,1,1,0.0000000000,8.1707371863
2016-10-08,RUB_KZT,3,0.0100000000,True,0.1869820000,0.1877355714,0.1877190000,1,1,16.9115652770,-16.0560180010
2016-10-11,RUB_KZT,3,0.0100000000,True,0.1877190000,0.1886015714,0.1882690000,1,1,0.0000000000,46.7955501052
2016-10-12,RUB_KZT,3,0.0100000000,True,0.1877190000,0.1889328571,0.1891280000,1,1,0.0000000000,35.1371991562
2016-10-13,RUB_KZT,3,0.0100000000,True,0.1877190000,0.1892641429,0.1903560000,1,1,0.0000000000,7.1932725918
2016-10-14,RUB_KZT,3,0.0100000000,True,0.1877190000,0.1895954286,0.1903560000,0,1,32.8823356930,-73.2386555432
2016-10-15,RUB_KZT,3,0.0100000000,True,0.1882690000,0.1899325714,0.1900790000,0,1,14.5516821114,-22.2936260086
2016-10-18,RUB_KZT,3,0.0100000000,True,0.1885720000,0.1896644286,0.1885720000,1,1,79.2828245098,-21.8581539878
2016-10-19,RUB_KZT,3,0.0100000000,True,0.1884140000,0.1893870000,0.1884140000,1,1,48.2760077749,3.1153141451
2016-10-20,RUB_KZT,3,0.0100000000,True,0.1884140000,0.1891095714,0.1884140000,1,1,8.3787624886,28.4264526914
2016-10-21,RUB_KZT,3,0.0100000000,True,0.1884140000,0.1888321429,0.1884140000,1,1,10.0740175182,12.0817808711
2016-10-22,RUB_KZT,3,0.0100000000,True,0.1884140000,0.1886338571,0.1884140000,1,1,0.0000000000,11.6552323208
2016-10-25,RUB_KZT,3,0.0100000000,True,0.1879110000,0.1884408571,0.1879110000,1,1,41.3374246784,-13.2743429920
2016-10-26,RUB_KZT,3,0.0100000000,True,0.1879110000,0.1884411429,0.1879110000,1,1,1.1706299585,26.9656004755
2016-10-27,RUB_KZT,3,0.0100000000,True,0.1879110000,0.1884414286,0.1884160000,1,1,0.0000000000,28.1481930725
2016-10-28,RUB_KZT,3,0.0100000000,True,0.1879110000,0.1884417143,0.1884160000,1,1,47.1715554992,-46.0240832330
2016-10-29,RUB_KZT,3,0.0100000000,True,0.1879110000,0.1884378571,0.1884160000,1,1,0.0000000000,1.1599125138
2016-11-01,RUB_KZT,3,0.0100000000,True,0.1876330000,0.1881735714,0.1876330000,1,1,54.6474155112,-26.0625638184
2016-11-02,RUB_KZT,3,0.0100000000,True,0.1876330000,0.1880617143,0.1876330000,1,1,21.1136520768,1.6863765086
2016-11-03,RUB_KZT,3,0.0100000000,True,0.1876330000,0.1879498571,0.1876330000,1,1,0.3730547858,16.4861600624
2016-11-04,RUB_KZT,3,0.0100000000,True,0.1876330000,0.1878380000,0.1876330000,1,1,0.0000000000,10.9136596429
2016-11-08,RUB_KZT,3,0.0100000000,True,0.1872620000,0.1876605714,0.1872620000,1,1,33.0524847911,-11.8527067106
2016-11-09,RUB_KZT,3,0.0100000000,True,0.1872620000,0.1881247143,0.1872620000,1,1,11.1483909511,34.7489849059
2016-11-10,RUB_KZT,3,0.0100000000,True,0.1872620000,0.1885888571,0.1881090000,1,1,0.0000000000,70.3571336589
2016-11-11,RUB_KZT,3,0.0100000000,True,0.1872620000,0.1890530000,0.1908820000,1,1,0.0000000000,49.9330875469
2016-11-12,RUB_KZT,3,0.0100000000,True,0.1872620000,0.1895658571,0.1908820000,0,1,0.0000000000,-69.4293200780
2016-11-15,RUB_KZT,3,0.0100000000,True,0.1891970000,0.1905301429,0.1891970000,0,0,118.8679343824,-49.4859830953
2016-11-16,RUB_KZT,3,0.0100000000,True,0.1891970000,0.1905350000,0.1891970000,1,1,67.2518611073,2.9915763508
2016-11-17,RUB_KZT,3,0.0100000000,True,0.1891970000,0.1905398571,0.1899170000,1,1,0.0000000000,70.4764432488
2016-11-18,RUB_KZT,3,0.0100000000,True,0.1891970000,0.1905447143,0.1909160000,1,1,0.0000000000,32.9431487023
2016-11-19,RUB_KZT,3,0.0100000000,True,0.1891970000,0.1903207143,0.1899050000,1,1,52.9552263823,-31.2780306926
2016-11-22,RUB_KZT,3,0.0100000000,True,0.1892090000,0.1907548571,0.1892090000,1,1,36.6499038993,44.5523199559
2016-11-23,RUB_KZT,3,0.0100000000,True,0.1892090000,0.1907802857,0.1910940000,1,1,0.0000000000,82.3610106465
2016-11-24,RUB_KZT,3,0.0100000000,True,0.1892090000,0.1908057143,0.1910940000,0,1,1.9358450487,-17.0480069480
2016-11-25,RUB_KZT,3,0.0100000000,True,0.1892090000,0.1908311429,0.1910940000,0,1,62.2494032482,-76.4999423574
2016-11-26,RUB_KZT,3,0.0100000000,True,0.1892090000,0.1909295714,0.1905940000,1,1,26.1651333899,-8.6120012839
2016-11-29,RUB_KZT,3,0.0100000000,True,0.1874640000,0.1904241429,0.1874640000,0,0,164.2234278099,-8.9199373729
2016-11-30,RUB_KZT,3,0.0100000000,True,0.1874640000,0.1903078571,0.1874640000,0,0,170.1545286274,-21.0786282377
2016-12-01,RUB_KZT,3,0.0100000000,True,0.1874640000,0.1901915714,0.1874640000,0,0,181.0182275299,-38.2997293706
2016-12-02,RUB_KZT,3,0.0100000000,True,0.1874640000,0.1900752857,0.1902800000,1,1,0.0000000000,137.3816540363
2016-12-03,RUB_KZT,3,0.0100000000,True,0.1874640000,0.1901358571,0.1902800000,0,1,0.0000000000,-7.5810454329
2016-12-06,RUB_KZT,3,0.0100000000,True,0.1890630000,0.1901857143,0.1890630000,0,0,102.3463757342,-43.7617366484
2016-12-07,RUB_KZT,3,0.0100000000,True,0.1890630000,0.1900392857,0.1890630000,1,1,67.9253609027,-16.6657270113
2016-12-08,RUB_KZT,3,0.0100000000,True,0.1890630000,0.1898928571,0.1890630000,1,1,50.5202001863,-6.8534888095
2016-12-09,RUB_KZT,3,0.0100000000,True,0.1890630000,0.1897464286,0.1892550000,1,1,0.0000000000,36.0179939393
2016-12-10,RUB_KZT,3,0.0100000000,True,0.1863900000,0.1890852857,0.1863900000,0,0,151.3830546089,-8.9755416490
2016-12-13,RUB_KZT,3,0.0100000000,True,0.1830270000,0.1864990000,0.1830270000,0,0,180.4281345566,5.8445353594
2016-12-14,RUB_KZT,3,0.0100000000,True,0.1830270000,0.1857844286,0.1830270000,1,1,70.0419926431,78.9317265556
2016-12-15,RUB_KZT,3,0.0100000000,True,0.1830270000,0.1850698571,0.1839930000,1,1,0.0000000000,110.3830291110
2016-12-16,RUB_KZT,3,0.0100000000,True,0.1830270000,0.1843552857,0.1842530000,1,1,0.0000000000,19.6514959081
2016-12-17,RUB_KZT,3,0.0100000000,True,0.1830270000,0.1840677143,0.1842530000,1,1,0.0000000000,-10.0661713003
2016-12-20,RUB_KZT,3,0.0100000000,True,0.1832700000,0.1840487143,0.1832700000,1,1,60.0400266845,-17.8368925618
2016-12-21,RUB_KZT,3,0.0100000000,True,0.1832700000,0.1840385714,0.1832700000,1,1,63.5968835901,-21.9752070606
2016-12-22,RUB_KZT,3,0.0100000000,True,0.1832700000,0.1840284286,0.1832700000,1,1,12.0986201033,29.1492230626
2016-12-23,RUB_KZT,3,0.0100000000,True,0.1832700000,0.1840182857,0.1841820000,1,1,0.0000000000,40.6636607542
2016-12-24,RUB_KZT,3,0.0100000000,True,0.1829910000,0.1838202857,0.1829910000,1,1,64.6642994429,-19.6776043682
2016-12-27,RUB_KZT,3,0.0100000000,True,0.1807530000,0.1829081429,0.1807530000,0,0,122.3010967753,-4.5299865584
2016-12-28,RUB_KZT,3,0.0100000000,True,0.1807530000,0.1825445714,0.1807530000,1,1,88.5028541348,9.7275655574
2016-12-29,RUB_KZT,3,0.0100000000,True,0.1807530000,0.1821810000,0.1807530000,1,1,52.1188772702,26.4023141820
2016-12-30,RUB_KZT,3,0.0100000000,True,0.1807530000,0.1818174286,0.1816370000,1,1,0.0000000000,58.5438139672
2016-12-31,RUB_KZT,3,0.0100000000,True,0.1807530000,0.1816240000,0.1816370000,1,1,0.0000000000,-0.7157644364
2017-01-10,RUB_KZT,3,0.0100000000,True,0.1790830000,0.1806900000,0.1790830000,1,1,92.9941802571,-4.0954120317
2017-01-11,RUB_KZT,3,0.0100000000,True,0.1787180000,0.1802730000,0.1787180000,1,1,72.3804445037,13.9787988218
2017-01-12,RUB_KZT,3,0.0100000000,True,0.1787180000,0.1798560000,0.1787180000,1,1,74.0345790915,-10.8420069389
2017-01-13,RUB_KZT,3,0.0100000000,True,0.1787180000,0.1794390000,0.1787180000,1,1,20.3816107615,19.8396112328
2017-01-14,RUB_KZT,3,0.0100000000,True,0.1786800000,0.1791412857,0.1786800000,1,1,2.1262547701,23.6285964231
2017-01-17,RUB_KZT,3,0.0100000000,True,0.1786800000,0.1788315714,0.1787130000,1,1,0.0000000000,8.4756526692
2017-01-18,RUB_KZT,3,0.0100000000,True,0.1786800000,0.1789604286,0.1789900000,1,1,0.0000000000,13.8258816993
2017-01-19,RUB_KZT,3,0.0100000000,True,0.1786800000,0.1790892857,0.1792840000,1,1,0.0000000000,5.5439226244
2017-01-20,RUB_KZT,3,0.0100000000,True,0.1786800000,0.1792181429,0.1796200000,1,1,0.0000000000,-3.6746917364
2017-01-21,RUB_KZT,3,0.0100000000,True,0.1787130000,0.1793631429,0.1796200000,1,1,0.0000000000,-14.3205085931
2017-01-24,RUB_KZT,3,0.0100000000,True,0.1796200000,0.1800755714,0.1800700000,1,1,0.0000000000,21.1339842241
2017-01-25,RUB_KZT,3,0.0100000000,True,0.1796200000,0.1806204286,0.1803320000,1,1,0.0000000000,30.4743254006
2017-01-26,RUB_KZT,3,0.0100000000,True,0.1796200000,0.1811652857,0.1815720000,1,1,0.0000000000,45.9958822133
2017-01-27,RUB_KZT,3,0.0100000000,True,0.1796950000,0.1817101429,0.1834340000,0,1,0.0000000000,7.6023745824
2017-01-28,RUB_KZT,3,0.0100000000,True,0.1800700000,0.1823465714,0.1834340000,0,1,0.0000000000,-59.6352628354
2017-01-31,RUB_KZT,3,0.0100000000,True,0.1834340000,0.1843664286,0.1845320000,1,1,0.0000000000,11.7390445270
2017-02-01,RUB_KZT,3,0.0100000000,True,0.1833500000,0.1843544286,0.1833500000,0,0,128.8339264468,-75.3207524946
2017-02-02,RUB_KZT,3,0.0100000000,True,0.1833500000,0.1843424286,0.1833500000,0,0,133.8800460616,-81.1300708232
2017-02-03,RUB_KZT,3,0.0100000000,True,0.1833500000,0.1843304286,0.1833500000,1,1,64.0539310255,-10.9353311948
2017-02-04,RUB_KZT,3,0.0100000000,True,0.1824010000,0.1840805714,0.1824010000,1,1,51.7589310063,39.6875902167
2017-02-07,RUB_KZT,3,0.0100000000,True,0.1819860000,0.1829592857,0.1819860000,1,1,22.7520682452,30.5142049558
2017-02-08,RUB_KZT,3,0.0100000000,True,0.1819860000,0.1827782857,0.1819860000,1,1,54.9750808779,-11.6925424089
2017-02-09,RUB_KZT,3,0.0100000000,True,0.1819860000,0.1825972857,0.1819860000,1,1,70.9274030750,-37.7176628349
2017-02-10,RUB_KZT,3,0.0100000000,True,0.1819860000,0.1824162857,0.1820830000,1,1,0.0000000000,23.5881194818
2017-02-11,RUB_KZT,3,0.0100000000,True,0.1804120000,0.1821321429,0.1804120000,1,1,91.7713350505,2.6981979332
2017-02-14,RUB_KZT,3,0.0100000000,True,0.1776180000,0.1803520000,0.1776180000,0,0,154.8677471565,-3.3268275373
2017-02-15,RUB_KZT,3,0.0100000000,True,0.1776180000,0.1802018571,0.1776180000,1,1,81.4733327005,62.4220616087
2017-02-16,RUB_KZT,3,0.0100000000,True,0.1776180000,0.1800517143,0.1791080000,1,1,0.0000000000,135.1675153646
2017-02-17,RUB_KZT,3,0.0100000000,True,0.1776180000,0.1799015714,0.1810320000,1,1,0.0000000000,44.1114228336
2017-02-18,RUB_KZT,3,0.0100000000,True,0.1776180000,0.1801232857,0.1810320000,0,1,0.0000000000,-50.4495730305
2017-02-21,RUB_KZT,3,0.0100000000,True,0.1810320000,0.1821380000,0.1825460000,1,1,0.0000000000,9.5531959284
2017-02-22,RUB_KZT,3,0.0100000000,True,0.1810320000,0.1825162857,0.1836800000,1,1,0.0000000000,-1.6280347585
2017-02-23,RUB_KZT,3,0.0100000000,True,0.1810320000,0.1828945714,0.1836800000,0,1,0.0000000000,-42.9443348315
2017-02-28,RUB_KZT,3,0.0100000000,True,0.1836800000,0.1846780000,0.1851680000,1,1,3.6709926796,-30.2147521632
2017-03-01,RUB_KZT,3,0.0100000000,True,0.1836800000,0.1849408571,0.1851680000,1,1,11.2743220572,-23.5828287962
2017-03-02,RUB_KZT,3,0.0100000000,True,0.1836800000,0.1852037143,0.1851680000,0,1,40.7153422079,-38.9455317928
2017-03-03,RUB_KZT,3,0.0100000000,True,0.1851680000,0.1854665714,0.1855200000,1,1,0.0000000000,16.0983958603
2017-03-04,RUB_KZT,3,0.0100000000,True,0.1844210000,0.1853501429,0.1844210000,1,1,59.2388960759,-9.1641225757
2017-03-07,RUB_KZT,3,0.0100000000,True,0.1844210000,0.1852231429,0.1850440000,1,1,0.0000000000,43.3068376213
2017-03-08,RUB_KZT,3,0.0100000000,True,0.1844210000,0.1853610000,0.1850440000,1,1,0.0000000000,17.1017635857
2017-03-10,RUB_KZT,3,0.0100000000,True,0.1844210000,0.1856367143,0.1864850000,1,1,0.0000000000,7.7416951850
2017-03-11,RUB_KZT,3,0.0100000000,True,0.1850440000,0.1858817143,0.1861360000,1,1,18.7146419283,-32.4553556332
2017-03-14,RUB_KZT,3,0.0100000000,True,0.1835170000,0.1856751429,0.1835170000,0,0,140.7035715821,-24.8206160375
2017-03-15,RUB_KZT,3,0.0100000000,True,0.1835170000,0.1852877143,0.1835170000,1,1,92.1586835399,3.4386675857
2017-03-16,RUB_KZT,3,0.0100000000,True,0.1835170000,0.1849002857,0.1835170000,0,0,101.2438374489,-26.7016507739
2017-03-17,RUB_KZT,3,0.0100000000,True,0.1835170000,0.1845128571,0.1837730000,1,1,0.0000000000,53.9722357714
2017-03-18,RUB_KZT,3,0.0100000000,True,0.1814930000,0.1838495714,0.1814930000,0,0,124.0661032905,4.1648956795
2017-03-21,RUB_KZT,3,0.0100000000,True,0.1813270000,0.1827132857,0.1813270000,1,1,9.1463582618,66.7869175203
2017-03-22,RUB_KZT,3,0.0100000000,True,0.1813270000,0.1823648571,0.1813340000,1,1,0.0000000000,56.9110276573
2017-03-23,RUB_KZT,3,0.0100000000,True,0.1813270000,0.1820164286,0.1813340000,1,1,69.6581711444,-32.3911106925
2017-03-24,RUB_KZT,3,0.0100000000,True,0.1813270000,0.1816680000,0.1813340000,1,1,50.1514419911,-31.9263711826
2017-03-25,RUB_KZT,3,0.0100000000,True,0.1801540000,0.1814767143,0.1801540000,1,1,65.0732901717,7.8640549712
2017-03-28,RUB_KZT,3,0.0100000000,True,0.1791000000,0.1807120000,0.1791000000,1,1,58.5055008493,30.8778609058
2017-03-29,RUB_KZT,3,0.0100000000,True,0.1784320000,0.1802974286,0.1784320000,0,0,129.3902229893,-26.2661221696
2017-03-30,RUB_KZT,3,0.0100000000,True,0.1784320000,0.1798828571,0.1784320000,0,0,139.5359118465,-59.7134643180
2017-03-31,RUB_KZT,3,0.0100000000,True,0.1784320000,0.1794682857,0.1784320000,1,1,37.2975991066,20.5209356528
2017-04-01,RUB_KZT,3,0.0100000000,True,0.1784320000,0.1792988571,0.1784320000,1,1,0.0000000000,48.3470534431
2017-04-04,RUB_KZT,3,0.0100000000,True,0.1784320000,0.1792661429,0.1791680000,1,1,0.0000000000,16.6312975998
2017-04-05,RUB_KZT,3,0.0100000000,True,0.1784320000,0.1797147143,0.1791680000,0,1,96.0172466212,-66.2319565216
2017-04-06,RUB_KZT,3,0.0100000000,True,0.1784320000,0.1801632857,0.1805260000,1,1,0.0000000000,55.2435370136
2017-04-07,RUB_KZT,3,0.0100000000,True,0.1789680000,0.1806118571,0.1815720000,1,1,0.0000000000,4.7536825220
2017-04-08,RUB_KZT,3,0.0100000000,True,0.1791680000,0.1813032857,0.1815720000,0,1,0.0000000000,-14.8212584596
2017-04-11,RUB_KZT,3,0.0100000000,True,0.1815720000,0.1821471429,0.1815970000,0,0,120.2885619777,-91.1821682627
2017-04-12,RUB_KZT,3,0.0100000000,True,0.1811280000,0.1820837143,0.1811280000,1,1,98.5076258678,-46.4778367250
2017-04-13,RUB_KZT,3,0.0100000000,True,0.1811280000,0.1820202857,0.1811280000,1,1,46.7636375626,2.2681930272
2017-04-14,RUB_KZT,3,0.0100000000,True,0.1811280000,0.1819568571,0.1811280000,1,1,25.8264178373,19.7770586120
2017-04-15,RUB_KZT,3,0.0100000000,True,0.1809770000,0.1815524286,0.1809770000,1,1,8.3366459079,23.3777413372
2017-04-18,RUB_KZT,3,0.0100000000,True,0.1800640000,0.1807648571,0.1800640000,1,1,50.4483995204,-11.7358462533
2017-04-19,RUB_KZT,3,0.0100000000,True,0.1796540000,0.1805542857,0.1796540000,1,1,22.7696818909,27.1544766908
2017-04-20,RUB_KZT,3,0.0100000000,True,0.1796540000,0.1803437143,0.1796540000,1,1,39.6961800743,-1.4575342639
2017-04-21,RUB_KZT,3,0.0100000000,True,0.1796540000,0.1801331429,0.1796540000,1,1,50.1221207472,-23.6412431440
2017-04-22,RUB_KZT,3,0.0100000000,True,0.1796540000,0.1799611429,0.1796540000,1,1,0.0000000000,17.0671764063
2017-04-25,RUB_KZT,3,0.0100000000,True,0.1788970000,0.1798861429,0.1788970000,1,1,48.7281182380,6.2896927660
2017-04-26,RUB_KZT,3,0.0100000000,True,0.1788970000,0.1801107143,0.1801590000,1,1,0.0000000000,67.3871229997
2017-04-27,RUB_KZT,3,0.0100000000,True,0.1788970000,0.1803352857,0.1812260000,1,1,0.0000000000,9.7754420932
2017-04-28,RUB_KZT,3,0.0100000000,True,0.1788970000,0.1805598571,0.1812260000,0,1,10.2529049897,-47.1944800260
2017-04-29,RUB_KZT,3,0.0100000000,True,0.1788970000,0.1807674286,0.1812260000,0,1,0.0000000000,-25.3680340643
2017-05-03,RUB_KZT,3,0.0100000000,True,0.1805730000,0.1816347143,0.1809110000,1,1,0.0000000000,58.4532692382
2017-05-04,RUB_KZT,3,0.0100000000,True,0.1805730000,0.1820385714,0.1822280000,1,1,0.0000000000,61.9413468103
2017-05-05,RUB_KZT,3,0.0100000000,True,0.1805730000,0.1824424286,0.1840530000,1,1,0.0000000000,11.7532184321
2017-05-06,RUB_KZT,3,0.0100000000,True,0.1805730000,0.1828462857,0.1840530000,0,1,0.0000000000,-65.9961060188
2017-05-11,RUB_KZT,3,0.0100000000,True,0.1809590000,0.1825174286,0.1809590000,1,1,81.6122950101,3.8039420110
2017-05-12,RUB_KZT,3,0.0100000000,True,0.1809590000,0.1820852857,0.1810280000,1,1,0.0000000000,61.8548451001
2017-05-13,RUB_KZT,3,0.0100000000,True,0.1805910000,0.1815907143,0.1805910000,1,1,24.1399120578,30.9880539833
2017-05-16,RUB_KZT,3,0.0100000000,True,0.1803160000,0.1811728571,0.1803160000,1,1,15.2277799004,32.1161321863
2017-05-17,RUB_KZT,3,0.0100000000,True,0.1803160000,0.1814660000,0.1809920000,1,1,0.0000000000,63.3727530226
2017-05-18,RUB_KZT,3,0.0100000000,True,0.1803160000,0.1817591429,0.1830800000,1,1,0.0000000000,42.2065622166
2017-05-19,RUB_KZT,3,0.0100000000,True,0.1803160000,0.1820522857,0.1830800000,0,1,8.0228350625,-64.5262036181
2017-05-20,RUB_KZT,3,0.0100000000,True,0.1803160000,0.1822395714,0.1819020000,0,1,64.3434564125,-46.1166894128
2017-05-23,RUB_KZT,3,0.0100000000,True,0.1805070000,0.1819665714,0.1805070000,1,1,76.6896460732,3.5485324620
2017-05-24,RUB_KZT,3,0.0100000000,True,0.1805070000,0.1818515714,0.1805070000,1,1,40.7733136180,33.3003132068
2017-05-25,RUB_KZT,3,0.0100000000,True,0.1805070000,0.1817365714,0.1805070000,1,1,20.1248403558,47.6278066526
2017-05-26,RUB_KZT,3,0.0100000000,True,0.1805070000,0.1816215714,0.1822750000,1,1,0.0000000000,61.3677890685
2017-05-27,RUB_KZT,3,0.0100000000,True,0.1805070000,0.1817164286,0.1822750000,1,1,0.0000000000,-30.7386312268
2017-05-30,RUB_KZT,3,0.0100000000,True,0.1810470000,0.1819355714,0.1810470000,1,1,83.2027869373,-34.6511991294
2017-05-31,RUB_KZT,3,0.0100000000,True,0.1805940000,0.1816954286,0.1805940000,1,1,54.3011344862,6.3528605170
2017-06-01,RUB_KZT,3,0.0100000000,True,0.1805940000,0.1814552857,0.1805940000,1,1,51.6165283065,-4.1726139537
2017-06-02,RUB_KZT,3,0.0100000000,True,0.1805940000,0.1812151429,0.1805940000,1,1,25.0211271106,9.2786317132
2017-06-03,RUB_KZT,3,0.0100000000,True,0.1805940000,0.1809952857,0.1805940000,1,1,0.0000000000,22.1710589147
2017-06-06,RUB_KZT,3,0.0100000000,True,0.1805940000,0.1808735714,0.1809160000,1,1,6.1316820143,-8.4826417821
2017-06-07,RUB_KZT,3,0.0100000000,True,0.1805940000,0.1808781429,0.1806260000,1,1,24.4658113758,-10.5516973937
2017-06-08,RUB_KZT,3,0.0100000000,True,0.1805940000,0.1808827143,0.1806260000,1,1,16.0295385704,-1.8401821543
2017-06-09,RUB_KZT,3,0.0100000000,True,0.1806260000,0.1808872857,0.1806260000,1,1,38.3298128733,-23.9770464796
2017-06-10,RUB_KZT,3,0.0100000000,True,0.1806260000,0.1808300000,0.1806260000,1,1,0.0000000000,11.2813139413
2017-06-14,RUB_KZT,3,0.0100000000,True,0.1801050000,0.1804504286,0.1801450000,1,1,0.0000000000,19.1425741775
2017-06-15,RUB_KZT,3,0.0100000000,True,0.1801050000,0.1804008571,0.1802790000,1,1,0.0000000000,14.1827010641
2017-06-16,RUB_KZT,3,0.0100000000,True,0.1801050000,0.1803512857,0.1802790000,1,1,25.8373629292,-21.8858592635
2017-06-17,RUB_KZT,3,0.0100000000,True,0.1801050000,0.1804057143,0.1802790000,1,1,0.0000000000,7.0238510025
2017-06-20,RUB_KZT,3,0.0100000000,True,0.1802790000,0.1815160000,0.1817740000,1,1,0.0000000000,28.0416051478
2017-06-21,RUB_KZT,3,0.0100000000,True,0.1802790000,0.1818971429,0.1829470000,1,1,0.0000000000,6.7699170646
2017-06-22,RUB_KZT,3,0.0100000000,True,0.1802790000,0.1822782857,0.1829470000,0,1,31.3857118726,-68.2864818942
2017-06-23,RUB_KZT,3,0.0100000000,True,0.1810070000,0.1826594286,0.1829470000,0,1,28.5603719389,-44.4308533602
2017-06-24,RUB_KZT,3,0.0100000000,True,0.1817740000,0.1827851429,0.1818870000,1,1,57.9402777854,-8.8550491756
2017-06-27,RUB_KZT,3,0.0100000000,True,0.1818870000,0.1830322857,0.1826040000,1,1,0.0000000000,62.5728794139
2017-06-28,RUB_KZT,3,0.0100000000,True,0.1818870000,0.1831425714,0.1837190000,1,1,0.0000000000,29.4072221642
2017-06-29,RUB_KZT,3,0.0100000000,True,0.1818870000,0.1832528571,0.1837190000,0,1,22.9714025046,-48.5199996882
2017-06-30,RUB_KZT,3,0.0100000000,True,0.1818870000,0.1833631429,0.1837190000,0,1,1.7958988201,-21.2069414168
2017-07-01,RUB_KZT,3,0.0100000000,True,0.1826040000,0.1836897143,0.1837190000,1,1,0.0000000000,-1.5943034372
2017-07-04,RUB_KZT,3,0.0100000000,True,0.1836370000,0.1840332857,0.1836370000,1,1,29.1030715686,-7.5917943416
2017-07-05,RUB_KZT,3,0.0100000000,True,0.1836370000,0.1843620000,0.1836670000,1,1,0.0000000000,39.3248066304
2017-07-06,RUB_KZT,3,0.0100000000,True,0.1836370000,0.1846907143,0.1855990000,1,1,0.0000000000,55.4285736386
2017-07-07,RUB_KZT,3,0.0100000000,True,0.1836370000,0.1850194286,0.1860200000,0,1,0.0000000000,-31.3248956094
2017-07-08,RUB_KZT,3,0.0100000000,True,0.1836370000,0.1850820000,0.1846110000,0,1,75.7445435975,-50.6802390292
2017-07-11,RUB_KZT,3,0.0100000000,True,0.1835230000,0.1851570000,0.1835230000,1,1,58.9347330332,29.4884881479
2017-07-12,RUB_KZT,3,0.0100000000,True,0.1825430000,0.1846602857,0.1825430000,0,0,155.0019685358,-40.9787238651
2017-07-13,RUB_KZT,3,0.0100000000,True,0.1825430000,0.1841635714,0.1825430000,0,0,105.4269112354,-17.6163271005
2017-07-14,RUB_KZT,3,0.0100000000,True,0.1825430000,0.1836668571,0.1825430000,1,1,53.3993014500,7.8325041924
2017-07-15,RUB_KZT,3,0.0100000000,True,0.1811910000,0.1831782857,0.1811910000,1,1,74.0647409104,34.6812785046
2017-07-18,RUB_KZT,3,0.0100000000,True,0.1811910000,0.1819862857,0.1813650000,1,1,0.0000000000,43.7003102275
2017-07-19,RUB_KZT,3,0.0100000000,True,0.1811910000,0.1818007143,0.1812440000,1,1,46.9524818917,-16.4072905576
2017-07-20,RUB_KZT,3,0.0100000000,True,0.1811910000,0.1816151429,0.1812440000,1,1,20.7025657967,-0.2674415129
2017-07-21,RUB_KZT,3,0.0100000000,True,0.1811910000,0.1814295714,0.1812440000,1,1,6.6716290354,3.5590355014
2017-07-22,RUB_KZT,3,0.0100000000,True,0.1812440000,0.1815930000,0.1812440000,1,1,0.0000000000,19.2188024869
2017-07-25,RUB_KZT,3,0.0100000000,True,0.1812440000,0.1820662857,0.1822480000,1,1,4.7714371898,-14.7591458056
2017-07-26,RUB_KZT,3,0.0100000000,True,0.1812440000,0.1821924286,0.1821270000,1,1,41.3923579974,-37.9582968400
2017-07-27,RUB_KZT,3,0.0100000000,True,0.1812440000,0.1823185714,0.1821270000,0,1,62.0958720978,-51.9107057505
2017-07-28,RUB_KZT,3,0.0100000000,True,0.1821270000,0.1824447143,0.1821270000,1,1,6.6393046837,10.7821312601
2017-07-29,RUB_KZT,3,0.0100000000,True,0.1821270000,0.1824231429,0.1821270000,1,1,0.0000000000,16.2338425106
2017-08-01,RUB_KZT,3,0.0100000000,True,0.1800920000,0.1815171429,0.1800920000,0,0,114.8289641242,-36.7379704396
2017-08-02,RUB_KZT,3,0.0100000000,True,0.1800920000,0.1814128571,0.1800920000,1,1,61.8060614087,11.0718251187
2017-08-03,RUB_KZT,3,0.0100000000,True,0.1800920000,0.1813085714,0.1807510000,1,1,0.0000000000,67.0994988811
2017-08-04,RUB_KZT,3,0.0100000000,True,0.1800920000,0.1812042857,0.1813970000,1,1,0.0000000000,25.0151762415
2017-08-05,RUB_KZT,3,0.0100000000,True,0.1800920000,0.1810305714,0.1809680000,1,1,23.6497847263,-20.2412536478
2017-08-08,RUB_KZT,3,0.0100000000,True,0.1801800000,0.1808774286,0.1801800000,1,1,43.5436099200,-5.0073372497
2017-08-09,RUB_KZT,3,0.0100000000,True,0.1801800000,0.1807530000,0.1801800000,1,1,16.5670244184,15.1588078759
2017-08-10,RUB_KZT,3,0.0100000000,True,0.1801800000,0.1806285714,0.1803240000,1,1,0.0000000000,24.8339133186
2017-08-11,RUB_KZT,3,0.0100000000,True,0.1801800000,0.1805041429,0.1805260000,1,1,0.0000000000,9.9799846303
2017-08-12,RUB_KZT,3,0.0100000000,True,0.1797840000,0.1803350000,0.1797840000,1,1,41.1021127151,-10.5913993401
2017-08-15,RUB_KZT,3,0.0100000000,True,0.1780670000,0.1797952857,0.1780670000,1,1,95.5034930806,0.6276980089
2017-08-16,RUB_KZT,3,0.0100000000,True,0.1780670000,0.1794764286,0.1780670000,0,0,102.6601598542,-24.3804399304
2017-08-17,RUB_KZT,3,0.0100000000,True,0.1780670000,0.1791575714,0.1780670000,1,1,64.5560862385,-3.7078294207
2017-08-18,RUB_KZT,3,0.0100000000,True,0.1780670000,0.1788387143,0.1782940000,1,1,0.0000000000,43.1514109681
2017-08-19,RUB_KZT,3,0.0100000000,True,0.1776620000,0.1785355714,0.1776620000,1,1,35.4470705688,13.5307169680
2017-08-22,RUB_KZT,3,0.0100000000,True,0.1773280000,0.1779291429,0.1773280000,1,1,18.7997433328,15.0140023637
2017-08-23,RUB_KZT,3,0.0100000000,True,0.1773280000,0.1778604286,0.1773370000,1,1,0.0000000000,29.9351899523
2017-08-24,RUB_KZT,3,0.0100000000,True,0.1773280000,0.1777917143,0.1778130000,1,1,0.0000000000,25.5756736213
2017-08-25,RUB_KZT,3,0.0100000000,True,0.1773280000,0.1777230000,0.1778130000,1,1,27.0338483973,-32.1849169775
2017-08-26,RUB_KZT,3,0.0100000000,True,0.1753060000,0.1773864286,0.1753060000,0,0,140.9908161945,-24.0475797391
2017-08-29,RUB_KZT,3,0.0100000000,True,0.1732910000,0.1759672857,0.1732910000,0,0,114.9418730677,37.5800371985
2017-08-30,RUB_KZT,3,0.0100000000,True,0.1717550000,0.1751018571,0.1717550000,0,0,162.9438717068,28.6608692247
2017-08-31,RUB_KZT,3,0.0100000000,True,0.1717550000,0.1742364286,0.1717550000,0,0,192.9939760756,-51.5719609234
2017-09-01,RUB_KZT,3,0.0100000000,True,0.1717550000,0.1733710000,0.1717550000,1,1,88.6370325060,4.6143818747
2017-09-02,RUB_KZT,3,0.0100000000,True,0.1707220000,0.1727161429,0.1707220000,1,1,60.1438094961,55.6486985665
2017-09-05,RUB_KZT,3,0.0100000000,True,0.1679810000,0.1706088571,0.1679810000,0,0,160.5534143227,-6.6317106297
2017-09-06,RUB_KZT,3,0.0100000000,True,0.1679810000,0.1703784286,0.1679810000,0,0,109.6306589026,31.4258428087
2017-09-07,RUB_KZT,3,0.0100000000,True,0.1679810000,0.1701480000,0.1701420000,1,1,0.0000000000,127.3597103698
2017-09-08,RUB_KZT,3,0.0100000000,True,0.1679810000,0.1699175714,0.1701420000,0,1,18.1283770702,-31.3933730893
2017-09-09,RUB_KZT,3,0.0100000000,True,0.1679810000,0.1697615714,0.1696300000,0,1,30.0925109614,-22.4095811689
2017-09-12,RUB_KZT,3,0.0100000000,True,0.1685650000,0.1699811429,0.1685650000,1,1,62.7837057124,20.6577536332
2017-09-13,RUB_KZT,3,0.0100000000,True,0.1685650000,0.1698995714,0.1695710000,1,1,0.0000000000,78.5506059462
2017-09-14,RUB_KZT,3,0.0100000000,True,0.1685650000,0.1698180000,0.1695710000,0,1,55.4783394031,-41.1617143059
2017-09-15,RUB_KZT,3,0.0100000000,True,0.1685650000,0.1697364286,0.1695710000,0,1,67.8849645639,-58.5361337536
2017-09-16,RUB_KZT,3,0.0100000000,True,0.1685650000,0.1697058571,0.1694160000,1,1,9.1407139192,7.9465225967
2017-09-19,RUB_KZT,3,0.0100000000,True,0.1694160000,0.1699402857,0.1701150000,1,1,0.0000000000,30.8511729330
2017-09-20,RUB_KZT,3,0.0100000000,True,0.1693450000,0.1699080000,0.1693450000,1,1,59.9881432437,-27.0146196765
2017-09-21,RUB_KZT,3,0.0100000000,True,0.1693450000,0.1698757143,0.1693450000,1,1,45.2634982218,-14.0859283678
2017-09-22,RUB_KZT,3,0.0100000000,True,0.1693450000,0.1698434286,0.1693450000,1,1,95.1038480210,-66.3888758049
2017-09-23,RUB_KZT,3,0.0100000000,True,0.1686050000,0.1697275714,0.1686050000,1,1,43.6977767280,22.5403230219
2017-09-26,RUB_KZT,3,0.0100000000,True,0.1686050000,0.1697160000,0.1692000000,1,1,0.0000000000,65.4623017276
2017-09-27,RUB_KZT,3,0.0100000000,True,0.1686050000,0.1698202857,0.1700750000,1,1,0.0000000000,36.5260081666
2017-09-28,RUB_KZT,3,0.0100000000,True,0.1686050000,0.1699245714,0.1700750000,0,1,35.0377622705,-44.0447526297
2017-09-29,RUB_KZT,3,0.0100000000,True,0.1686050000,0.1700288571,0.1700750000,0,1,83.0325541257,-86.4643144609
2017-09-30,RUB_KZT,3,0.0100000000,True,0.1692000000,0.1701398571,0.1693820000,1,1,40.7467293841,3.8119899679
2017-10-03,RUB_KZT,3,0.0100000000,True,0.1668730000,0.1691054286,0.1668730000,0,0,148.1267194861,-16.3549704411
2017-10-04,RUB_KZT,3,0.0100000000,True,0.1668730000,0.1688328571,0.1668730000,0,0,141.1421346788,-25.4182073564
2017-10-05,RUB_KZT,3,0.0100000000,True,0.1668730000,0.1685602857,0.1668730000,1,1,66.8468296864,33.4767891437
2017-10-06,RUB_KZT,3,0.0100000000,True,0.1668730000,0.1682877143,0.1681670000,1,1,0.0000000000,84.0652148446
2017-10-07,RUB_KZT,3,0.0100000000,True,0.1668730000,0.1684898571,0.1681670000,1,1,0.0000000000,19.1618147426
2017-10-10,RUB_KZT,3,0.0100000000,True,0.1681670000,0.1703877143,0.1721680000,0,1,0.0000000000,-24.0208465734
2017-10-11,RUB_KZT,3,0.0100000000,True,0.1681670000,0.1709921429,0.1723980000,0,1,0.0000000000,-68.7667353137
2017-10-12,RUB_KZT,3,0.0100000000,True,0.1681670000,0.1715965714,0.1723980000,0,1,16.9089119231,-63.7208868642
2017-10-13,RUB_KZT,3,0.0100000000,True,0.1707970000,0.1722010000,0.1723980000,0,1,9.2722446945,-20.7315869246
2017-10-14,RUB_KZT,3,0.0100000000,True,0.1713650000,0.1722821429,0.1713650000,1,1,59.9194886252,-6.7248491884
2017-10-17,RUB_KZT,3,0.0100000000,True,0.1713650000,0.1720477143,0.1716510000,1,1,0.0000000000,39.6816829883
2017-10-18,RUB_KZT,3,0.0100000000,True,0.1713650000,0.1719135714,0.1714590000,1,1,24.6679427285,1.7783022200
2017-10-19,RUB_KZT,3,0.0100000000,True,0.1713650000,0.1717794286,0.1714590000,1,1,11.1854868308,7.4763650396
2017-10-20,RUB_KZT,3,0.0100000000,True,0.1713650000,0.1716452857,0.1714590000,1,1,45.4015013847,-34.7061256728
2017-10-21,RUB_KZT,3,0.0100000000,True,0.1709770000,0.1715898571,0.1709770000,1,1,28.1116768440,7.6261583893
2017-10-24,RUB_KZT,3,0.0100000000,True,0.1709770000,0.1718760000,0.1720780000,1,1,0.0000000000,52.3051502246
2017-10-25,RUB_KZT,3,0.0100000000,True,0.1709770000,0.1721808571,0.1727140000,1,1,0.0000000000,5.9737850400
2017-10-26,RUB_KZT,3,0.0100000000,True,0.1709770000,0.1724857143,0.1729860000,0,1,0.0000000000,-13.2350505218
2017-10-27,RUB_KZT,3,0.0100000000,True,0.1709770000,0.1727905714,0.1735930000,0,1,0.0000000000,-11.3101409303
2017-10-28,RUB_KZT,3,0.0100000000,True,0.1720780000,0.1731732857,0.1735930000,1,1,0.0000000000,-24.2366646786
2017-10-31,RUB_KZT,3,0.0100000000,True,0.1734330000,0.1735732857,0.1734330000,1,1,12.8414797070,-4.7653811111
2017-11-01,RUB_KZT,3,0.0100000000,True,0.1734330000,0.1737542857,0.1734330000,1,1,11.8636942162,6.6349853652
2017-11-02,RUB_KZT,3,0.0100000000,True,0.1734330000,0.1739352857,0.1734330000,1,1,4.2073472963,24.6807720770
2017-11-03,RUB_KZT,3,0.0100000000,True,0.1734330000,0.1741162857,0.1748600000,1,1,0.0000000000,39.2430674410
2017-11-04,RUB_KZT,3,0.0100000000,True,0.1734330000,0.1742882857,0.1748600000,1,1,0.0000000000,-32.8027947129
2017-11-08,RUB_KZT,3,0.0100000000,True,0.1748600000,0.1762991429,0.1777620000,1,1,0.0000000000,47.2573402026
2017-11-09,RUB_KZT,3,0.0100000000,True,0.1748600000,0.1767920000,0.1779760000,0,1,0.0000000000,-54.8667360514
2017-11-10,RUB_KZT,3,0.0100000000,True,0.1748600000,0.1772848571,0.1783100000,0,1,0.0000000000,-38.9848782508
2017-11-11,RUB_KZT,3,0.0100000000,True,0.1754660000,0.1777284286,0.1779650000,0,1,19.3483259492,-32.7224762660
2017-11-14,RUB_KZT,3,0.0100000000,True,0.1779650000,0.1790985714,0.1792130000,1,1,0.0000000000,63.2931585958
2017-11-15,RUB_KZT,3,0.0100000000,True,0.1779650000,0.1792692857,0.1795050000,1,1,0.0000000000,3.1397299354
2017-11-16,RUB_KZT,3,0.0100000000,True,0.1779650000,0.1794400000,0.1795050000,0,1,84.7331238021,-89.1105662060
2017-11-17,RUB_KZT,3,0.0100000000,True,0.1779650000,0.1796107143,0.1795050000,0,1,57.4932287599,-51.9059076177
2017-11-18,RUB_KZT,3,0.0100000000,True,0.1792130000,0.1797955714,0.1792590000,1,1,13.7043536392,16.1612116618
2017-11-21,RUB_KZT,3,0.0100000000,True,0.1771390000,0.1790842857,0.1771390000,0,0,118.2646338538,-9.7559808231
2017-11-22,RUB_KZT,3,0.0100000000,True,0.1771140000,0.1787427143,0.1771140000,0,0,159.1852382778,-69.1656563025
2017-11-23,RUB_KZT,3,0.0100000000,True,0.1771140000,0.1784011429,0.1771140000,1,1,88.6411711379,-16.6398677779
2017-11-24,RUB_KZT,3,0.0100000000,True,0.1771140000,0.1780595714,0.1771140000,1,1,1.4113210530,51.7001934345
2017-11-25,RUB_KZT,3,0.0100000000,True,0.1760380000,0.1775994286,0.1760380000,1,1,60.7518321533,27.3327777760
2017-11-28,RUB_KZT,3,0.0100000000,True,0.1760380000,0.1766467143,0.1761200000,1,1,0.0000000000,34.4594173843
2017-11-29,RUB_KZT,3,0.0100000000,True,0.1760380000,0.1765797143,0.1761200000,1,1,3.4056079010,22.6364782235
2017-11-30,RUB_KZT,3,0.0100000000,True,0.1760380000,0.1765127143,0.1766450000,1,1,0.0000000000,22.2484984894
2017-12-01,RUB_KZT,3,0.0100000000,True,0.1760380000,0.1764457143,0.1766450000,1,1,11.4223028946,-22.7427294514
2017-12-02,RUB_KZT,3,0.0100000000,True,0.1761200000,0.1766015714,0.1766450000,1,1,0.0000000000,-2.4591271231
2017-12-05,RUB_KZT,3,0.0100000000,True,0.1762010000,0.1767194286,0.1762010000,1,1,52.3911951177,-23.1763667347
2017-12-06,RUB_KZT,3,0.0100000000,True,0.1762010000,0.1768058571,0.1766690000,1,1,0.0000000000,34.2102435197
2017-12-07,RUB_KZT,3,0.0100000000,True,0.1762010000,0.1768922857,0.1771020000,1,1,0.0000000000,12.6226937135
2017-12-08,RUB_KZT,3,0.0100000000,True,0.1762010000,0.1769787143,0.1772500000,1,1,0.0000000000,-6.9661323275
2017-12-09,RUB_KZT,3,0.0100000000,True,0.1762010000,0.1769210000,0.1767250000,1,1,29.6191819464,-18.5958704733
2017-12-12,RUB_KZT,3,0.0100000000,True,0.1752640000,0.1765275714,0.1752640000,1,1,82.6708162399,-11.1840076783
2017-12-13,RUB_KZT,3,0.0100000000,True,0.1752640000,0.1762985714,0.1752640000,1,1,22.3163455846,36.4479089856
2017-12-14,RUB_KZT,3,0.0100000000,True,0.1752640000,0.1760695714,0.1752640000,1,1,58.6506937118,-12.9737676746
2017-12-15,RUB_KZT,3,0.0100000000,True,0.1752640000,0.1758405714,0.1756470000,1,1,0.0000000000,32.7894423845
2017-12-16,RUB_KZT,3,0.0100000000,True,0.1748690000,0.1755754286,0.1748690000,1,1,44.2933838893,-4.0763920757
2017-12-19,RUB_KZT,3,0.0100000000,True,0.1746240000,0.1752642857,0.1746240000,1,1,14.0104878509,22.5536944207
2017-12-20,RUB_KZT,3,0.0100000000,True,0.1746240000,0.1752274286,0.1749430000,1,1,0.0000000000,34.4368787665
2017-12-21,RUB_KZT,3,0.0100000000,True,0.1746240000,0.1751905714,0.1753890000,1,1,0.0000000000,14.1315498062
2017-12-22,RUB_KZT,3,0.0100000000,True,0.1746240000,0.1751537143,0.1753890000,1,1,4.7870612573,-18.2288863007
2017-12-23,RUB_KZT,3,0.0100000000,True,0.1746010000,0.1751154286,0.1746010000,1,1,44.9287013439,-15.6223486876
2017-12-26,RUB_KZT,3,0.0100000000,True,0.1732540000,0.1744872857,0.1732540000,1,1,77.1473244712,-6.5170528184
2017-12-27,RUB_KZT,3,0.0100000000,True,0.1731840000,0.1741722857,0.1731840000,1,1,33.6080290963,23.2118280258
2017-12-28,RUB_KZT,3,0.0100000000,True,0.1731840000,0.1738572857,0.1731840000,1,1,4.0403107576,34.7000536565
2017-12-29,RUB_KZT,3,0.0100000000,True,0.1731840000,0.1735422857,0.1731840000,1,1,25.1697663301,-4.5357409804
2017-12-30,RUB_KZT,3,0.0100000000,True,0.1731840000,0.1733398571,0.1731840000,1,1,0.0000000000,8.9914198284
2018-01-10,RUB_KZT,3,0.0100000000,True,0.1717370000,0.1726608571,0.1717370000,1,1,54.0913065888,-0.5874439239
2018-01-11,RUB_KZT,3,0.0100000000,True,0.1717370000,0.1724541429,0.1717370000,1,1,26.1343771597,15.4906604571
2018-01-12,RUB_KZT,3,0.0100000000,True,0.1717370000,0.1722474286,0.1717370000,1,1,43.0197299381,-13.4441152760
2018-01-13,RUB_KZT,3,0.0100000000,True,0.1709830000,0.1719330000,0.1709830000,1,1,43.9043421045,11.3997894529
2018-01-16,RUB_KZT,3,0.0100000000,True,0.1709830000,0.1723250000,0.1720980000,1,1,0.0000000000,77.8761061947
2018-01-17,RUB_KZT,3,0.0100000000,True,0.1709830000,0.1727000000,0.1732330000,1,1,0.0000000000,34.8581354951
2018-01-18,RUB_KZT,3,0.0100000000,True,0.1709830000,0.1730750000,0.1743620000,0,1,0.0000000000,-9.1289903221
2018-01-19,RUB_KZT,3,0.0100000000,True,0.1709830000,0.1734500000,0.1743620000,0,1,22.2031473534,-74.9495531854
2018-01-20,RUB_KZT,3,0.0100000000,True,0.1720980000,0.1739817143,0.1743620000,0,1,0.0000000000,-21.8577978638
2018-01-23,RUB_KZT,3,0.0100000000,True,0.1743620000,0.1747315714,0.1746540000,1,1,2.9192066627,1.5206999144
2018-01-24,RUB_KZT,3,0.0100000000,True,0.1741930000,0.1747074286,0.1741930000,1,1,26.3950439154,3.0581739921
2018-01-25,RUB_KZT,3,0.0100000000,True,0.1741930000,0.1746832857,0.1741930000,1,1,95.7487334899,-68.3359189652
2018-01-26,RUB_KZT,3,0.0100000000,True,0.1741930000,0.1746591429,0.1741930000,1,1,34.6683905514,-8.0074332537
2018-01-27,RUB_KZT,3,0.0100000000,True,0.1741930000,0.1746478571,0.1741930000,1,1,0.0000000000,26.0442441321
2018-01-30,RUB_KZT,3,0.0100000000,True,0.1741600000,0.1743038571,0.1741600000,1,1,26.6856023731,-18.4816826445
2018-01-31,RUB_KZT,3,0.0100000000,True,0.1741600000,0.1742992857,0.1741600000,1,1,15.1927762649,-7.2125531209
2018-02-01,RUB_KZT,3,0.0100000000,True,0.1741600000,0.1742947143,0.1741610000,1,1,0.0000000000,7.7291090706
2018-02-02,RUB_KZT,3,0.0100000000,True,0.1741600000,0.1742901429,0.1741610000,1,1,10.0953899631,-2.6884562769
2018-02-03,RUB_KZT,3,0.0100000000,True,0.1741600000,0.1744531429,0.1741610000,1,1,0.0000000000,16.7462077414
2018-02-06,RUB_KZT,3,0.0100000000,True,0.1741610000,0.1753597143,0.1758090000,1,1,0.0000000000,-23.2257286655
2018-02-07,RUB_KZT,3,0.0100000000,True,0.1741610000,0.1758582857,0.1758090000,0,1,35.7628655634,-33.0785827549
2018-02-08,RUB_KZT,3,0.0100000000,True,0.1741610000,0.1763568571,0.1770190000,1,1,0.0000000000,31.0652589150
2018-02-09,RUB_KZT,3,0.0100000000,True,0.1757670000,0.1768554286,0.1776510000,1,1,0.0000000000,-9.2488780182
2018-02-10,RUB_KZT,3,0.0100000000,True,0.1758090000,0.1771287143,0.1776510000,0,1,0.0000000000,-29.4862251099
2018-02-13,RUB_KZT,3,0.0100000000,True,0.1767890000,0.1778187143,0.1767890000,1,1,50.1463304818,7.8008822790
2018-02-14,RUB_KZT,3,0.0100000000,True,0.1763200000,0.1776285714,0.1763200000,0,0,138.6473078708,-65.8919092810
2018-02-15,RUB_KZT,3,0.0100000000,True,0.1763200000,0.1774384286,0.1763200000,0,0,122.6822026777,-60.3911698947
2018-02-16,RUB_KZT,3,0.0100000000,True,0.1763200000,0.1772482857,0.1763200000,1,1,26.5287998688,25.9119975369
2018-02-17,RUB_KZT,3,0.0100000000,True,0.1763200000,0.1770717143,0.1763200000,1,1,0.0000000000,42.4525333561
2018-02-20,RUB_KZT,3,0.0100000000,True,0.1763200000,0.1767234286,0.1768800000,1,1,0.0000000000,15.8116314111
2018-02-21,RUB_KZT,3,0.0100000000,True,0.1763200000,0.1768902857,0.1772920000,1,1,0.0000000000,0.5814742310
2018-02-22,RUB_KZT,3,0.0100000000,True,0.1763200000,0.1770571429,0.1774880000,1,1,0.0000000000,-13.2644828143
2018-02-23,RUB_KZT,3,0.0100000000,True,0.1764440000,0.1772240000,0.1774880000,1,1,0.0000000000,-14.8964022931
2018-02-27,RUB_KZT,3,0.0100000000,True,0.1745500000,0.1762438571,0.1745500000,1,1,40.2839275118,56.0505857550
2018-02-28,RUB_KZT,3,0.0100000000,True,0.1745500000,0.1760087143,0.1754740000,1,1,0.0000000000,82.8773899994
2018-03-01,RUB_KZT,3,0.0100000000,True,0.1745500000,0.1757735714,0.1754740000,1,1,27.7899331109,-10.7768517126
2018-03-02,RUB_KZT,3,0.0100000000,True,0.1745500000,0.1755384286,0.1758420000,1,1,0.0000000000,3.6703399907
2018-03-03,RUB_KZT,3,0.0100000000,True,0.1745500000,0.1758957143,0.1758420000,1,1,0.0000000000,3.0537575024
2018-03-06,RUB_KZT,3,0.0100000000,True,0.1758420000,0.1767520000,0.1769510000,0,1,45.3427994397,-56.8593283244
2018-03-07,RUB_KZT,3,0.0100000000,True,0.1758420000,0.1769910000,0.1775150000,1,1,0.0000000000,2.2600019210
2018-03-08,RUB_KZT,3,0.0100000000,True,0.1758420000,0.1772300000,0.1775150000,1,1,0.0000000000,-16.0807989618
2018-03-13,RUB_KZT,3,0.0100000000,True,0.1764640000,0.1771454286,0.1768430000,1,1,0.0000000000,38.4671835409
2018-03-14,RUB_KZT,3,0.0100000000,True,0.1764640000,0.1772404286,0.1768430000,1,1,12.1993233894,10.2362972653
2018-03-15,RUB_KZT,3,0.0100000000,True,0.1764640000,0.1773354286,0.1771070000,1,1,0.0000000000,27.7682003757
2018-03-16,RUB_KZT,3,0.0100000000,True,0.1764640000,0.1774304286,0.1781800000,1,1,0.0000000000,18.2284726488
2018-03-17,RUB_KZT,3,0.0100000000,True,0.1768430000,0.1778905714,0.1781800000,1,1,0.0000000000,-16.2700343871
2018-03-20,RUB_KZT,3,0.0100000000,True,0.1771520000,0.1786392857,0.1771520000,0,0,140.9689178284,-58.5377556529
2018-03-21,RUB_KZT,3,0.0100000000,True,0.1771520000,0.1786117143,0.1771520000,0,0,152.8062656683,-72.1837153538
2018-03-22,RUB_KZT,3,0.0100000000,True,0.1771520000,0.1785841429,0.1771520000,0,0,114.1202140661,-34.3175565900
2018-03-23,RUB_KZT,3,0.0100000000,True,0.1771520000,0.1785565714,0.1779870000,1,1,0.0000000000,78.6625447237
2018-03-24,RUB_KZT,3,0.0100000000,True,0.1771520000,0.1783797143,0.1779870000,1,1,0.0000000000,22.0156359868
2018-03-27,RUB_KZT,3,0.0100000000,True,0.1779870000,0.1790235714,0.1793580000,1,1,0.0000000000,32.2064532603
2018-03-28,RUB_KZT,3,0.0100000000,True,0.1779870000,0.1792867143,0.1798290000,1,1,0.0000000000,-3.9760734402
2018-03-29,RUB_KZT,3,0.0100000000,True,0.1779870000,0.1795498571,0.1798290000,0,1,25.9571706684,-41.6119995322
2018-03-30,RUB_KZT,3,0.0100000000,True,0.1784470000,0.1798130000,0.1798290000,0,1,70.2918797142,-71.6855844683
2018-03-31,RUB_KZT,3,0.0100000000,True,0.1793580000,0.1799451429,0.1793720000,1,1,25.4130312686,6.4543479918
2018-04-03,RUB_KZT,3,0.0100000000,True,0.1793720000,0.1798724286,0.1795890000,1,1,0.0000000000,27.8213050996
2018-04-04,RUB_KZT,3,0.0100000000,True,0.1793720000,0.1800344286,0.1801470000,1,1,0.0000000000,24.7412994816
2018-04-05,RUB_KZT,3,0.0100000000,True,0.1793720000,0.1801964286,0.1801470000,1,1,20.2202623648,-17.5126350213
2018-04-06,RUB_KZT,3,0.0100000000,True,0.1793720000,0.1803584286,0.1809630000,1,1,0.0000000000,11.7226887095
2018-04-07,RUB_KZT,3,0.0100000000,True,0.1795890000,0.1808370000,0.1809630000,1,1,0.0000000000,-6.9676006569
2018-04-10,RUB_KZT,3,0.0100000000,True,0.1809630000,0.1854631429,0.1885270000,1,1,0.0000000000,147.7998709023
2018-04-11,RUB_KZT,3,0.0100000000,True,0.1809630000,0.1864611429,0.1879490000,0,0,141.4663827198,-224.4358839988
2018-04-12,RUB_KZT,3,0.0100000000,True,0.1809630000,0.1874591429,0.1879490000,0,0,284.7646517590,-320.0087790559
2018-04-13,RUB_KZT,3,0.0100000000,True,0.1827220000,0.1884571429,0.1879490000,0,1,30.6587385361,-3.7067919951
2018-04-14,RUB_KZT,3,0.0100000000,True,0.1879490000,0.1893311429,0.1879490000,1,1,0.0000000000,73.0013476011
2018-04-17,RUB_KZT,3,0.0100000000,True,0.1862770000,0.1876837143,0.1862770000,0,0,135.7233636941,-61.6082071205
2018-04-18,RUB_KZT,3,0.0100000000,True,0.1862770000,0.1876915714,0.1869570000,1,1,0.0000000000,75.3668061813
2018-04-19,RUB_KZT,3,0.0100000000,True,0.1862770000,0.1876994286,0.1869570000,1,1,48.3325792457,-8.8210939070
2018-04-20,RUB_KZT,3,0.0100000000,True,0.1862770000,0.1877072857,0.1880040000,1,1,0.0000000000,39.9710491487
2018-04-21,RUB_KZT,3,0.0100000000,True,0.1862770000,0.1876977143,0.1880040000,1,1,0.0000000000,-16.3180311199
2018-04-24,RUB_KZT,3,0.0100000000,True,0.1880040000,0.1888287143,0.1891280000,1,1,0.0000000000,2.9505197832
2018-04-25,RUB_KZT,3,0.0100000000,True,0.1880040000,0.1893144286,0.1891280000,1,1,6.9217315953,2.9278577363
2018-04-26,RUB_KZT,3,0.0100000000,True,0.1880040000,0.1895347143,0.1895460000,1,1,0.0000000000,21.4585643188
2018-04-27,RUB_KZT,3,0.0100000000,True,0.1887730000,0.1897550000,0.1895460000,1,1,56.8119226351,-46.0593923744
2018-04-28,RUB_KZT,3,0.0100000000,True,0.1891280000,0.1898654286,0.1895460000,0,1,97.0721615013,-81.0348382087
2018-04-29,RUB_KZT,3,0.0100000000,True,0.1891280000,0.1899064286,0.1895460000,1,1,0.0000000000,18.9792717466
2018-05-04,RUB_KZT,3,0.0100000000,True,0.1895460000,0.1910585714,0.1921300000,0,1,13.0989385701,-69.2682124405
2018-05-05,RUB_KZT,3,0.0100000000,True,0.1895460000,0.1911631429,0.1902780000,0,1,96.3930671941,-50.5775919148
2018-05-08,RUB_KZT,3,0.0100000000,True,0.1902780000,0.1914605714,0.1911640000,1,1,0.0000000000,61.7657943747
2018-05-09,RUB_KZT,3,0.0100000000,True,0.1890560000,0.1910214286,0.1890560000,0,0,110.2718084995,-7.4636353438
2018-05-11,RUB_KZT,3,0.0100000000,True,0.1890560000,0.1901431429,0.1890560000,0,0,113.5816930575,-57.0547602483
2018-05-12,RUB_KZT,3,0.0100000000,True,0.1883330000,0.1898652857,0.1883330000,1,1,38.2426371022,42.6242064863
2018-05-15,RUB_KZT,3,0.0100000000,True,0.1883330000,0.1888628571,0.1885640000,1,1,0.0000000000,28.0551269251
2018-05-16,RUB_KZT,3,0.0100000000,True,0.1883330000,0.1887697143,0.1884040000,1,1,16.4798770633,2.8984673692
2018-05-17,RUB_KZT,3,0.0100000000,True,0.1883330000,0.1886765714,0.1884040000,1,1,45.2287857973,-30.9221524968
2018-05-18,RUB_KZT,3,0.0100000000,True,0.1883330000,0.1885834286,0.1884040000,1,1,8.4851827496,1.0302374697
2018-05-19,RUB_KZT,3,0.0100000000,True,0.1884040000,0.1888128571,0.1884040000,1,1,0.0000000000,21.6540943792
2018-05-22,RUB_KZT,3,0.0100000000,True,0.1871450000,0.1884731429,0.1871450000,0,0,147.0998583756,-77.7753859587
2018-05-23,RUB_KZT,3,0.0100000000,True,0.1871450000,0.1884327143,0.1881210000,1,1,0.0000000000,68.3381487443
2018-05-24,RUB_KZT,3,0.0100000000,True,0.1871450000,0.1883922857,0.1881210000,1,1,26.0851584991,-11.7156753461
2018-05-25,RUB_KZT,3,0.0100000000,True,0.1871450000,0.1883518571,0.1881210000,1,1,14.9679145237,-2.7152828710
2018-05-26,RUB_KZT,3,0.0100000000,True,0.1871450000,0.1881785714,0.1881210000,1,1,0.0000000000,3.0594040615
2018-05-29,RUB_KZT,3,0.0100000000,True,0.1881210000,0.1886705714,0.1882810000,1,1,23.5791570849,-2.9378493428
2018-05-30,RUB_KZT,3,0.0100000000,True,0.1880600000,0.1886618571,0.1880600000,1,1,91.3100061646,-59.9560968112
2018-05-31,RUB_KZT,3,0.0100000000,True,0.1880600000,0.1886531429,0.1880600000,1,1,77.6126332895,-46.5328660611
2018-06-01,RUB_KZT,3,0.0100000000,True,0.1880600000,0.1886444286,0.1880600000,1,1,11.7377749215,19.2652692783
2018-06-02,RUB_KZT,3,0.0100000000,True,0.1873490000,0.1884477143,0.1873490000,1,1,37.8070828459,20.5741039197
2018-06-05,RUB_KZT,3,0.0100000000,True,0.1854310000,0.1872708571,0.1854310000,0,0,102.3757799615,-4.1727185070
2018-06-06,RUB_KZT,3,0.0100000000,True,0.1854310000,0.1871964286,0.1854310000,1,1,86.9253756876,7.4482495469
2018-06-07,RUB_KZT,3,0.0100000000,True,0.1854310000,0.1869611429,0.1854310000,1,1,77.4832913275,4.3935791089
2018-06-08,RUB_KZT,3,0.0100000000,True,0.1854310000,0.1867258571,0.1864130000,1,1,0.0000000000,69.3453580918
2018-06-09,RUB_KZT,3,0.0100000000,True,0.1854310000,0.1865921429,0.1864130000,0,1,60.0408448376,-50.7447488602
2018-06-10,RUB_KZT,3,0.0100000000,True,0.1854310000,0.1865001429,0.1864130000,1,1,0.0000000000,4.6725356779
2018-06-14,RUB_KZT,3,0.0100000000,True,0.1853540000,0.1864258571,0.1853540000,0,0,131.0857434936,-74.5681354748
2018-06-15,RUB_KZT,3,0.0100000000,True,0.1853540000,0.1864077143,0.1862860000,1,1,0.0000000000,56.5273969348
2018-06-16,RUB_KZT,3,0.0100000000,True,0.1853540000,0.1864982857,0.1862860000,1,1,0.0000000000,11.3827166546
2018-06-19,RUB_KZT,3,0.0100000000,True,0.1862860000,0.1867657143,0.1863650000,1,1,36.4614241340,-15.0608860605
2018-06-20,RUB_KZT,3,0.0100000000,True,0.1857420000,0.1866880000,0.1857420000,0,0,129.1896286927,-79.5444806308
2018-06-21,RUB_KZT,3,0.0100000000,True,0.1857420000,0.1866102857,0.1857420000,1,1,33.4290236901,13.1442762304
2018-06-22,RUB_KZT,3,0.0100000000,True,0.1857420000,0.1865325714,0.1857420000,1,1,62.8621259704,-20.6091927262
2018-06-23,RUB_KZT,3,0.0100000000,True,0.1856590000,0.1863342857,0.1856590000,1,1,4.4685639220,31.7861907171
2018-06-26,RUB_KZT,3,0.0100000000,True,0.1851940000,0.1855195714,0.1851940000,1,1,25.0459175154,-7.5155720960
2018-06-27,RUB_KZT,3,0.0100000000,True,0.1838430000,0.1852482857,0.1838430000,1,1,75.8442736224,0.0154233160
2018-06-28,RUB_KZT,3,0.0100000000,True,0.1838430000,0.1849770000,0.1838430000,1,1,79.1646430306,-18.0022381161
2018-06-29,RUB_KZT,3,0.0100000000,True,0.1838430000,0.1847057143,0.1838430000,1,1,72.9505275549,-26.4358748279
2018-06-30,RUB_KZT,3,0.0100000000,True,0.1838430000,0.1845640000,0.1838430000,1,1,0.0000000000,39.0650397694
2018-07-03,RUB_KZT,3,0.0100000000,True,0.1838430000,0.1841542857,0.1841670000,1,1,27.0757634011,-27.8415614237
2018-07-04,RUB_KZT,3,0.0100000000,True,0.1836020000,0.1841198571,0.1836020000,1,1,46.9997668985,-18.9628029568
2018-07-05,RUB_KZT,3,0.0100000000,True,0.1836020000,0.1840854286,0.1836020000,1,1,35.0614389301,-8.8313034787
2018-07-06,RUB_KZT,3,0.0100000000,True,0.1836020000,0.1840510000,0.1836020000,1,1,30.6786775047,-6.3026009095
2018-07-07,RUB_KZT,3,0.0100000000,True,0.1829250000,0.1838021429,0.1829250000,1,1,36.8732366750,10.8890382904
2018-07-10,RUB_KZT,3,0.0100000000,True,0.1805330000,0.1824367143,0.1805330000,0,0,130.7639743064,-26.7646628146
2018-07-11,RUB_KZT,3,0.0100000000,True,0.1805330000,0.1820851429,0.1805330000,1,1,79.0235806804,6.2686529693
2018-07-12,RUB_KZT,3,0.0100000000,True,0.1805330000,0.1817335714,0.1805330000,1,1,15.9825684928,50.1597707790
2018-07-13,RUB_KZT,3,0.0100000000,True,0.1805330000,0.1813820000,0.1811410000,1,1,0.0000000000,46.8072906904
2018-07-14,RUB_KZT,3,0.0100000000,True,0.1805330000,0.1812208571,0.1811410000,1,1,0.0000000000,4.4066198624
2018-07-17,RUB_KZT,3,0.0100000000,True,0.1811410000,0.1817838571,0.1819340000,1,1,0.0000000000,-0.7229936337
2018-07-18,RUB_KZT,3,0.0100000000,True,0.1811410000,0.1820674286,0.1822840000,1,1,0.0000000000,7.3285250676
2018-07-19,RUB_KZT,3,0.0100000000,True,0.1811410000,0.1823510000,0.1830490000,1,1,0.0000000000,3.6742326612
2018-07-20,RUB_KZT,3,0.0100000000,True,0.1817970000,0.1826345714,0.1831260000,1,1,0.0000000000,-22.6916825323
2018-07-21,RUB_KZT,3,0.0100000000,True,0.1819340000,0.1827865714,0.1828610000,1,1,14.4709107391,-18.5696667308
2018-07-24,RUB_KZT,3,0.0100000000,True,0.1818650000,0.1826741429,0.1818650000,1,1,54.4676010740,-10.2289869784
2018-07-25,RUB_KZT,3,0.0100000000,True,0.1816810000,0.1824677143,0.1816810000,1,1,41.3297886919,1.7928807758
2018-07-26,RUB_KZT,3,0.0100000000,True,0.1816810000,0.1822612857,0.1816810000,1,1,27.3904929191,4.4598453241
2018-07-27,RUB_KZT,3,0.0100000000,True,0.1816810000,0.1820548571,0.1816810000,1,1,10.1173947708,10.4285678414
2018-07-28,RUB_KZT,3,0.0100000000,True,0.1809970000,0.1817885714,0.1809970000,1,1,37.6484057221,5.9173922610
2018-07-31,RUB_KZT,3,0.0100000000,True,0.1795040000,0.1808008571,0.1795040000,1,1,82.4875550423,-10.8485579240
2018-08-01,RUB_KZT,3,0.0100000000,True,0.1795040000,0.1807604286,0.1795040000,1,1,4.0094444692,65.5247711454
2018-08-02,RUB_KZT,3,0.0100000000,True,0.1795040000,0.1807200000,0.1804860000,1,1,0.0000000000,67.2864099159
2018-08-03,RUB_KZT,3,0.0100000000,True,0.1795040000,0.1806795714,0.1813980000,1,1,0.0000000000,10.7135204628
2018-08-04,RUB_KZT,3,0.0100000000,True,0.1795040000,0.1808285714,0.1813980000,0,1,0.0000000000,-31.4899668194
2018-08-07,RUB_KZT,3,0.0100000000,True,0.1813980000,0.1824010000,0.1820130000,1,1,1.4831905076,19.7915581603
2018-08-08,RUB_KZT,3,0.0100000000,True,0.1813980000,0.1832408571,0.1823460000,1,1,0.0000000000,67.0078257656
2018-08-09,RUB_KZT,3,0.0100000000,True,0.1813980000,0.1840807143,0.1862140000,1,1,0.0000000000,94.2366120452
2018-08-10,RUB_KZT,3,0.0100000000,True,0.1820130000,0.1849205714,0.1872770000,0,1,0.0000000000,-69.9450883932
2018-08-11,RUB_KZT,3,0.0100000000,True,0.1820130000,0.1857254286,0.1872770000,0,1,0.0000000000,-83.5411413777
2018-08-14,RUB_KZT,3,0.0100000000,True,0.1838350000,0.1861387143,0.1838350000,0,0,204.5568379211,-82.4807305765
2018-08-15,RUB_KZT,3,0.0100000000,True,0.1838350000,0.1859058571,0.1838350000,1,1,21.9280391231,89.6613570156
2018-08-16,RUB_KZT,3,0.0100000000,True,0.1838350000,0.1856730000,0.1853920000,1,1,0.0000000000,98.9912372827
2018-08-17,RUB_KZT,3,0.0100000000,True,0.1838350000,0.1854401429,0.1856470000,1,1,0.0000000000,2.5961399943
2018-08-18,RUB_KZT,3,0.0100000000,True,0.1838350000,0.1852051429,0.1856470000,1,1,0.0000000000,-23.8577145343
2018-08-21,RUB_KZT,3,0.0100000000,True,0.1856470000,0.1863575714,0.1859710000,1,1,3.1177934623,17.6312358040
2018-08-22,RUB_KZT,3,0.0100000000,True,0.1856470000,0.1866908571,0.1863840000,1,1,0.0000000000,38.5587786073
2018-08-23,RUB_KZT,3,0.0100000000,True,0.1856470000,0.1870241429,0.1879800000,1,1,0.0000000000,34.2278193266
2018-08-24,RUB_KZT,3,0.0100000000,True,0.1859710000,0.1873574286,0.1879800000,0,1,63.3266024591,-97.1710298574
2018-08-25,RUB_KZT,3,0.0100000000,True,0.1859710000,0.1874095714,0.1863940000,0,1,84.3706777317,-30.4375367320
2018-08-28,RUB_KZT,3,0.0100000000,True,0.1863940000,0.1873422857,0.1864050000,1,1,0.0000000000,50.6178149087
2018-08-29,RUB_KZT,3,0.0100000000,True,0.1863940000,0.1872202857,0.1871260000,1,1,0.0000000000,43.5468683949
2018-08-30,RUB_KZT,3,0.0100000000,True,0.1863940000,0.1870982857,0.1871260000,1,1,16.1128540026,-17.6225177294
2018-08-31,RUB_KZT,3,0.0100000000,True,0.1863940000,0.1869762857,0.1871260000,1,1,5.5012845232,-13.5158469294
2018-09-01,RUB_KZT,3,0.0100000000,True,0.1852300000,0.1868100000,0.1852300000,0,0,101.3221038231,-16.9155826776
2018-09-04,RUB_KZT,3,0.0100000000,True,0.1830610000,0.1856858571,0.1830610000,0,0,117.0976623657,24.5499118711
2018-09-05,RUB_KZT,3,0.0100000000,True,0.1830610000,0.1851955714,0.1830610000,0,0,133.3972921697,-18.3821118833
2018-09-06,RUB_KZT,3,0.0100000000,True,0.1830610000,0.1847052857,0.1830610000,1,1,83.1545645626,5.9167616056
2018-09-07,RUB_KZT,3,0.0100000000,True,0.1830610000,0.1842150000,0.1836940000,1,1,0.0000000000,62.6441929267
2018-09-08,RUB_KZT,3,0.0100000000,True,0.1830610000,0.1841080000,0.1836940000,1,1,0.0000000000,22.4868012254
2018-09-11,RUB_KZT,3,0.0100000000,True,0.1830660000,0.1838498571,0.1830660000,1,1,76.7016657542,-34.3292546946
2018-09-12,RUB_KZT,3,0.0100000000,True,0.1826320000,0.1836981429,0.1826320000,1,1,78.6614515428,-20.7872075851
2018-09-13,RUB_KZT,3,0.0100000000,True,0.1826320000,0.1835464286,0.1826320000,1,1,87.2774641772,-37.7872472905
2018-09-14,RUB_KZT,3,0.0100000000,True,0.1826320000,0.1833947143,0.1826320000,1,1,23.7072968219,17.9238691254
2018-09-15,RUB_KZT,3,0.0100000000,True,0.1826320000,0.1832375714,0.1826320000,1,1,0.0000000000,33.0484312715
2018-09-18,RUB_KZT,3,0.0100000000,True,0.1826320000,0.1837961429,0.1838440000,1,1,0.0000000000,22.5871365247
2018-09-19,RUB_KZT,3,0.0100000000,True,0.1826320000,0.1844772857,0.1857100000,1,1,0.0000000000,34.3286552506
2018-09-20,RUB_KZT,3,0.0100000000,True,0.1826320000,0.1851584286,0.1857420000,0,1,0.0000000000,-29.7891612511
2018-09-21,RUB_KZT,3,0.0100000000,True,0.1833810000,0.1858395714,0.1874000000,0,1,0.0000000000,5.2503042178
2018-09-22,RUB_KZT,3,0.0100000000,True,0.1838440000,0.1861221429,0.1853590000,0,0,108.9114194237,-68.6569111682
2018-09-25,RUB_KZT,3,0.0100000000,True,0.1820270000,0.1851885714,0.1820270000,0,0,179.7592779417,-9.2029745742
2018-09-26,RUB_KZT,3,0.0100000000,True,0.1806260000,0.1842208571,0.1806260000,0,0,190.6732487224,4.5519896149
2018-09-27,RUB_KZT,3,0.0100000000,True,0.1806260000,0.1832531429,0.1806260000,0,0,107.9426277540,35.8052717085
2018-09-28,RUB_KZT,3,0.0100000000,True,0.1806260000,0.1822854286,0.1806260000,1,1,76.9666038555,14.1771382087
2018-09-29,RUB_KZT,3,0.0100000000,True,0.1801600000,0.1815427143,0.1801600000,1,1,25.7991651257,50.4957904437
2018-10-02,RUB_KZT,3,0.0100000000,True,0.1797720000,0.1802958571,0.1797720000,1,1,21.5364120782,7.5352337547
2018-10-03,RUB_KZT,3,0.0100000000,True,0.1783950000,0.1799771429,0.1783950000,0,1,99.1774983073,-11.3823977648
2018-10-04,RUB_KZT,3,0.0100000000,True,0.1783950000,0.1796584286,0.1783950000,1,1,76.5970228957,-6.3215196456
2018-10-05,RUB_KZT,3,0.0100000000,True,0.1783950000,0.1793397143,0.1783950000,1,1,93.5145130748,-41.2226436978
2018-10-06,RUB_KZT,3,0.0100000000,True,0.1783950000,0.1792044286,0.1783950000,1,1,0.0000000000,45.1678888675
2018-10-09,RUB_KZT,3,0.0100000000,True,0.1782730000,0.1788508571,0.1782730000,1,1,52.4515520637,-20.2483154360
2018-10-10,RUB_KZT,3,0.0100000000,True,0.1779840000,0.1787921429,0.1779840000,1,1,16.2110919769,29.0361113664
2018-10-11,RUB_KZT,3,0.0100000000,True,0.1779840000,0.1787334286,0.1779840000,1,1,77.1598055394,-35.5037909608
2018-10-12,RUB_KZT,3,0.0100000000,True,0.1779840000,0.1786747143,0.1779840000,0,0,107.4384299427,-69.5277851291
2018-10-13,RUB_KZT,3,0.0100000000,True,0.1779840000,0.1785018571,0.1779840000,1,1,0.0000000000,29.0113028036
2018-10-16,RUB_KZT,3,0.0100000000,True,0.1779840000,0.1787701429,0.1789570000,1,1,0.0000000000,42.9122472513
2018-10-17,RUB_KZT,3,0.0100000000,True,0.1779840000,0.1789777143,0.1794370000,1,1,0.0000000000,1.1573667591
2018-10-18,RUB_KZT,3,0.0100000000,True,0.1779840000,0.1791852857,0.1794370000,0,1,41.3470823945,-55.6247842417
2018-10-19,RUB_KZT,3,0.0100000000,True,0.1780030000,0.1793928571,0.1794370000,0,1,47.6990743052,-50.4001592674
2018-10-20,RUB_KZT,3,0.0100000000,True,0.1789570000,0.1795325714,0.1789810000,1,1,25.4128189838,5.3233476138
2018-10-23,RUB_KZT,3,0.0100000000,True,0.1787450000,0.1793178571,0.1787450000,1,1,13.1857571474,18.7854767074
2018-10-24,RUB_KZT,3,0.0100000000,True,0.1780500000,0.1791197143,0.1780500000,0,0,127.5298031605,-68.6851092406
2018-10-25,RUB_KZT,3,0.0100000000,True,0.1780500000,0.1789215714,0.1780500000,1,1,44.0622239121,4.6708414142
2018-10-26,RUB_KZT,3,0.0100000000,True,0.1780500000,0.1787234286,0.1780500000,1,1,38.8822064953,-1.2069726249
2018-10-27,RUB_KZT,3,0.0100000000,True,0.1780500000,0.1786747143,0.1780500000,1,1,0.0000000000,34.9637769514
2018-10-30,RUB_KZT,3,0.0100000000,True,0.1772070000,0.1780117143,0.1772070000,1,1,80.2171965965,-35.2946274804
2018-10-31,RUB_KZT,3,0.0100000000,True,0.1768700000,0.1778431429,0.1768700000,1,1,81.9819213602,-27.4881074976
2018-11-01,RUB_KZT,3,0.0100000000,True,0.1768700000,0.1776745714,0.1768700000,1,1,49.6756735470,-4.4141697260
2018-11-02,RUB_KZT,3,0.0100000000,True,0.1768700000,0.1775060000,0.1768700000,1,1,19.0173074427,16.8445010310
2018-11-03,RUB_KZT,3,0.0100000000,True,0.1768700000,0.1772531429,0.1768700000,1,1,0.0000000000,21.6155748195
2018-11-07,RUB_KZT,3,0.0100000000,True,0.1768700000,0.1778321429,0.1779630000,1,1,19.7963166513,-27.2086437853
2018-11-08,RUB_KZT,3,0.0100000000,True,0.1768700000,0.1782141429,0.1783920000,1,1,0.0000000000,14.0921956651
2018-11-09,RUB_KZT,3,0.0100000000,True,0.1768700000,0.1785961429,0.1795440000,1,1,0.0000000000,11.4304180301
2018-11-10,RUB_KZT,3,0.0100000000,True,0.1779630000,0.1791087143,0.1795440000,1,1,0.0000000000,-24.3028775022
2018-11-13,RUB_KZT,3,0.0100000000,True,0.1795440000,0.1802472857,0.1807820000,1,1,0.0000000000,-11.6902889760
2018-11-14,RUB_KZT,3,0.0100000000,True,0.1793880000,0.1802250000,0.1793880000,1,1,77.1094467370,-30.9058121792
2018-11-15,RUB_KZT,3,0.0100000000,True,0.1793880000,0.1802027143,0.1793880000,1,1,85.0071299868,-40.1373373954
2018-11-16,RUB_KZT,3,0.0100000000,True,0.1793880000,0.1801804286,0.1793880000,1,1,85.3907247434,-41.7676567060
2018-11-17,RUB_KZT,3,0.0100000000,True,0.1793880000,0.1800682857,0.1793880000,1,1,0.0000000000,37.7793186394
2018-11-20,RUB_KZT,3,0.0100000000,True,0.1786290000,0.1792740000,0.1786290000,1,1,58.1055584311,-22.2564342849
2018-11-21,RUB_KZT,3,0.0100000000,True,0.1786290000,0.1793110000,0.1786290000,1,1,36.4786399157,1.5615327559
2018-11-22,RUB_KZT,3,0.0100000000,True,0.1786290000,0.1793480000,0.1786290000,1,1,30.1391423740,9.9805963825
2018-11-23,RUB_KZT,3,0.0100000000,True,0.1786290000,0.1793850000,0.1796470000,1,1,0.0000000000,42.1439919726
2018-11-24,RUB_KZT,3,0.0100000000,True,0.1786290000,0.1792935714,0.1790330000,1,1,34.1781382378,-19.7122835254
2018-11-27,RUB_KZT,3,0.0100000000,True,0.1790330000,0.1795247143,0.1793570000,1,1,0.0000000000,27.3897823857
2018-11-28,RUB_KZT,3,0.0100000000,True,0.1781690000,0.1793135714,0.1781690000,1,1,66.2366118969,-2.4219344405
2018-11-29,RUB_KZT,3,0.0100000000,True,0.1781690000,0.1791024286,0.1781690000,1,1,75.8643354073,-23.9288451860
2018-11-30,RUB_KZT,3,0.0100000000,True,0.1781690000,0.1788912857,0.1781690000,1,1,91.3181062338,-51.4119109850
2018-12-01,RUB_KZT,3,0.0100000000,True,0.1775460000,0.1786788571,0.1775460000,1,1,34.9668011831,28.5348334442
2018-12-04,RUB_KZT,3,0.0100000000,True,0.1775460000,0.1787241429,0.1789670000,1,1,0.0000000000,65.9196255362
2018-12-05,RUB_KZT,3,0.0100000000,True,0.1775460000,0.1790594286,0.1800170000,1,1,0.0000000000,5.1618935772
2018-12-06,RUB_KZT,3,0.0100000000,True,0.1775460000,0.1793947143,0.1800170000,0,1,0.8331852115,-35.5242191401
2018-12-07,RUB_KZT,3,0.0100000000,True,0.1775460000,0.1797300000,0.1805160000,0,1,0.0000000000,-15.9683970400
2018-12-08,RUB_KZT,3,0.0100000000,True,0.1789670000,0.1799608571,0.1791620000,1,1,75.0072015777,-30.8479780524
2018-12-11,RUB_KZT,3,0.0100000000,True,0.1790290000,0.1797900000,0.1790290000,1,1,7.4234491689,34.9296401357
2018-12-12,RUB_KZT,3,0.0100000000,True,0.1788830000,0.1795567143,0.1788830000,1,1,26.4833461568,11.0669370680
2018-12-13,RUB_KZT,3,0.0100000000,True,0.1788830000,0.1793234286,0.1788830000,1,1,30.6521097011,-6.1102684376
2018-12-14,RUB_KZT,3,0.0100000000,True,0.1788830000,0.1790901429,0.1788830000,1,1,8.1551033631,3.4140827724
2018-12-15,RUB_KZT,3,0.0100000000,True,0.1788830000,0.1791500000,0.1788830000,1,1,0.0000000000,14.9037119732
2018-12-18,RUB_KZT,3,0.0100000000,True,0.1788830000,0.1797281429,0.1799160000,1,1,0.0000000000,8.1869680955
2018-12-19,RUB_KZT,3,0.0100000000,True,0.1788830000,0.1803692857,0.1802010000,1,1,0.0000000000,25.1309812805
2018-12-20,RUB_KZT,3,0.0100000000,True,0.1788830000,0.1810104286,0.1817500000,1,1,0.0000000000,44.7172341294
2018-12-21,RUB_KZT,3,0.0100000000,True,0.1795810000,0.1816515714,0.1833710000,0,1,0.0000000000,-5.4185367434
2018-12-22,RUB_KZT,3,0.0100000000,True,0.1799160000,0.1823181429,0.1833710000,0,1,0.0000000000,-57.7483472768
2018-12-25,RUB_KZT,3,0.0100000000,True,0.1826570000,0.1836825714,0.1826570000,1,1,86.2971988689,-30.7284772332
2018-12-26,RUB_KZT,3,0.0100000000,True,0.1822420000,0.1835212857,0.1822420000,0,0,144.1265068386,-75.5070061939
2018-12-27,RUB_KZT,3,0.0100000000,True,0.1805700000,0.1831211429,0.1805700000,0,0,178.6199919501,-40.0203456260
2018-12-28,RUB_KZT,3,0.0100000000,True,0.1805700000,0.1827210000,0.1805700000,0,0,114.2578713107,3.5026078010
2018-12-29,RUB_KZT,3,0.0100000000,True,0.1805700000,0.1821957143,0.1805700000,1,1,91.7461397482,-2.5404392451
2018-12-30,RUB_KZT,3,0.0100000000,True,0.1805700000,0.1815761429,0.1805700000,1,1,0.0000000000,55.4116218855
2019-01-10,RUB_KZT,3,0.0100000000,True,0.1778850000,0.1791811429,0.1778850000,1,1,38.8623522363,33.6052582064
2019-01-11,RUB_KZT,3,0.0100000000,True,0.1778850000,0.1787975714,0.1778850000,1,1,18.1808999545,32.9183122494
2019-01-12,RUB_KZT,3,0.0100000000,True,0.1773910000,0.1783434286,0.1773910000,1,1,27.7707507659,25.7048199141
2019-01-15,RUB_KZT,3,0.0100000000,True,0.1760190000,0.1773364286,0.1760190000,1,1,77.3432699517,-3.0772824857
2019-01-16,RUB_KZT,3,0.0100000000,True,0.1747940000,0.1768948571,0.1747940000,0,0,153.6710942869,-35.4528598102
2019-01-17,RUB_KZT,3,0.0100000000,True,0.1747940000,0.1764532857,0.1747940000,0,0,111.6717958001,-17.8355582578
2019-01-18,RUB_KZT,3,0.0100000000,True,0.1747940000,0.1760117143,0.1747940000,1,1,69.5947596566,-0.4139334882
2019-01-19,RUB_KZT,3,0.0100000000,True,0.1747940000,0.1756991429,0.1747940000,1,1,0.0000000000,51.5166347669
2019-01-22,RUB_KZT,3,0.0100000000,True,0.1747940000,0.1750255714,0.1748020000,1,1,22.8877359406,-10.1372942239
2019-01-23,RUB_KZT,3,0.0100000000,True,0.1739790000,0.1749091429,0.1739790000,1,1,93.7788254586,-40.9845438121
2019-01-24,RUB_KZT,3,0.0100000000,True,0.1739790000,0.1747927143,0.1739790000,1,1,67.7642921572,-21.3559081001
2019-01-25,RUB_KZT,3,0.0100000000,True,0.1739790000,0.1746762857,0.1739790000,1,1,47.0818411689,-7.1969864255
2019-01-26,RUB_KZT,3,0.0100000000,True,0.1737150000,0.1744637143,0.1737150000,1,1,15.1742451675,27.7831002108
2019-01-29,RUB_KZT,3,0.0100000000,True,0.1718670000,0.1735925714,0.1718670000,0,0,106.3811415249,-7.0526388555
2019-01-30,RUB_KZT,3,0.0100000000,True,0.1718040000,0.1732818571,0.1718040000,0,0,138.9016438608,-54.3705424605
2019-01-31,RUB_KZT,3,0.0100000000,True,0.1718040000,0.1729711429,0.1718040000,1,1,92.3272108647,-25.0826314546
2019-02-01,RUB_KZT,3,0.0100000000,True,0.1718040000,0.1726604286,0.1718040000,1,1,3.6656251636,45.9531218585
2019-02-02,RUB_KZT,3,0.0100000000,True,0.1718040000,0.1723918571,0.1718040000,1,1,0.0000000000,34.1000527867
2019-02-05,RUB_KZT,3,0.0100000000,True,0.1718040000,0.1727117143,0.1732430000,1,1,0.0000000000,50.7617152282
2019-02-06,RUB_KZT,3,0.0100000000,True,0.1718040000,0.1731564286,0.1740580000,1,1,0.0000000000,-4.9996081165
2019-02-07,RUB_KZT,3,0.0100000000,True,0.1718040000,0.1736011429,0.1744340000,0,1,0.0000000000,-26.3164824458
2019-02-08,RUB_KZT,3,0.0100000000,True,0.1718350000,0.1740458571,0.1749170000,0,1,0.0000000000,-22.3011833499
2019-02-09,RUB_KZT,3,0.0100000000,True,0.1732430000,0.1744861429,0.1749170000,1,1,0.0000000000,-24.6929146236
2019-02-12,RUB_KZT,3,0.0100000000,True,0.1749170000,0.1752798571,0.1753390000,1,1,0.0000000000,20.7015882356
2019-02-13,RUB_KZT,3,0.0100000000,True,0.1749170000,0.1755092857,0.1753390000,1,1,16.1710026591,-6.4791036697
2019-02-14,RUB_KZT,3,0.0100000000,True,0.1749170000,0.1757387143,0.1763290000,1,1,0.0000000000,22.7448053970
2019-02-15,RUB_KZT,3,0.0100000000,True,0.1749170000,0.1759681429,0.1765230000,1,1,0.0000000000,-20.5069586459
2019-02-16,RUB_KZT,3,0.0100000000,True,0.1753390000,0.1760944286,0.1758010000,1,1,40.9011856812,-24.3375916006
2019-02-19,RUB_KZT,3,0.0100000000,True,0.1742350000,0.1757348571,0.1742350000,1,1,89.0779915928,-3.7637870038
2019-02-20,RUB_KZT,3,0.0100000000,True,0.1738580000,0.1753541429,0.1738580000,1,1,91.9804869153,-6.7210925808
2019-02-21,RUB_KZT,3,0.0100000000,True,0.1738580000,0.1749734286,0.1738580000,1,1,69.0592744492,-5.3477507605
2019-02-22,RUB_KZT,3,0.0100000000,True,0.1738580000,0.1745927143,0.1738580000,1,1,21.6374436824,20.4885001747
2019-02-23,RUB_KZT,3,0.0100000000,True,0.1735680000,0.1742737143,0.1735680000,1,1,16.6802793084,23.8541014299
2019-02-26,RUB_KZT,3,0.0100000000,True,0.1734650000,0.1741372857,0.1734650000,1,1,5.9342735988,32.6917760289
2019-02-27,RUB_KZT,3,0.0100000000,True,0.1734650000,0.1742144286,0.1743980000,1,1,0.0000000000,43.0175949015
2019-02-28,RUB_KZT,3,0.0100000000,True,0.1734650000,0.1742915714,0.1743980000,1,1,12.4845374994,-18.6141285416
2019-03-01,RUB_KZT,3,0.0100000000,True,0.1734650000,0.1743687143,0.1743980000,0,1,76.2498719685,-78.5281763357
2019-03-02,RUB_KZT,3,0.0100000000,True,0.1734650000,0.1745032857,0.1743980000,1,1,0.0000000000,6.0334516829
2019-03-05,RUB_KZT,3,0.0100000000,True,0.1738290000,0.1742855714,0.1738290000,1,1,39.0235516589,-12.8770597353
2019-03-06,RUB_KZT,3,0.0100000000,True,0.1738290000,0.1742042857,0.1738290000,1,1,26.5646157024,-5.0351393684
2019-03-07,RUB_KZT,3,0.0100000000,True,0.1738290000,0.1741230000,0.1738290000,1,1,19.8077784285,-2.9289640082
2019-03-08,RUB_KZT,3,0.0100000000,True,0.1738290000,0.1740417143,0.1738290000,1,1,0.0000000000,12.2220288732
2019-03-12,RUB_KZT,3,0.0100000000,True,0.1733290000,0.1738162857,0.1733290000,1,1,58.7314241797,-30.8782507639
2019-03-13,RUB_KZT,3,0.0100000000,True,0.1724850000,0.1736242857,0.1724850000,1,1,86.8980499664,-21.4667138402
2019-03-14,RUB_KZT,3,0.0100000000,True,0.1724850000,0.1734322857,0.1724850000,1,1,61.2510659875,-6.6720152616
2019-03-15,RUB_KZT,3,0.0100000000,True,0.1724850000,0.1732402857,0.1724850000,1,1,48.6935250304,-5.1208808245
2019-03-16,RUB_KZT,3,0.0100000000,True,0.1718650000,0.1728848571,0.1718650000,1,1,35.9451546511,23.1285231955
2019-03-19,RUB_KZT,3,0.0100000000,True,0.1684600000,0.1712041429,0.1684600000,0,0,198.1206179269,-38.6005345331
2019-03-20,RUB_KZT,3,0.0100000000,True,0.1684600000,0.1706400000,0.1684600000,0,0,143.0619349931,-15.5297702766
2019-03-21,RUB_KZT,3,0.0100000000,True,0.1684600000,0.1700758571,0.1684600000,1,1,75.6433217080,19.5123016536
2019-03-22,RUB_KZT,3,0.0100000000,True,0.1684600000,0.1695117143,0.1685360000,1,1,0.0000000000,62.0437525599
2019-03-23,RUB_KZT,3,0.0100000000,True,0.1684600000,0.1693112857,0.1685360000,1,1,0.0000000000,45.7905514694
2019-03-26,RUB_KZT,3,0.0100000000,True,0.1685360000,0.1694297143,0.1695870000,0,1,51.3310884537,-60.9270763772
2019-03-27,RUB_KZT,3,0.0100000000,True,0.1685360000,0.1697100000,0.1698230000,1,1,0.0000000000,7.2476577691
2019-03-28,RUB_KZT,3,0.0100000000,True,0.1685360000,0.1699902857,0.1698230000,0,1,41.3421842747,-31.6320596471
2019-03-29,RUB_KZT,3,0.0100000000,True,0.1695870000,0.1702705714,0.1704980000,1,1,0.0000000000,26.2858945510
2019-03-30,RUB_KZT,3,0.0100000000,True,0.1695870000,0.1705164286,0.1704980000,1,1,0.0000000000,1.0807504932
2019-04-02,RUB_KZT,3,0.0100000000,True,0.1704980000,0.1715200000,0.1718460000,1,1,19.5721993460,-38.6543843284
2019-04-03,RUB_KZT,3,0.0100000000,True,0.1704980000,0.1717471429,0.1718460000,0,1,31.9032924198,-37.7797925522
2019-04-04,RUB_KZT,3,0.0100000000,True,0.1704980000,0.1719742857,0.1720880000,1,1,0.0000000000,7.4595869814
2019-04-05,RUB_KZT,3,0.0100000000,True,0.1718460000,0.1722014286,0.1720880000,1,1,36.6486993475,-30.1723065181
2019-04-06,RUB_KZT,3,0.0100000000,True,0.1716660000,0.1721275714,0.1716660000,1,1,24.5223374088,2.2989593267
2019-04-09,RUB_KZT,3,0.0100000000,True,0.1702870000,0.1713508571,0.1702870000,1,1,80.3304090501,-18.3916708908
2019-04-10,RUB_KZT,3,0.0100000000,True,0.1699030000,0.1710387143,0.1699030000,1,1,31.6236608348,34.8876737180
2019-04-11,RUB_KZT,3,0.0100000000,True,0.1699030000,0.1707265714,0.1699030000,1,1,52.3428397454,-4.1252261344
2019-04-12,RUB_KZT,3,0.0100000000,True,0.1699030000,0.1704144286,0.1699030000,1,1,22.5501653092,7.4775693876
2019-04-13,RUB_KZT,3,0.0100000000,True,0.1692130000,0.1700640000,0.1692130000,1,1,40.6114076856,9.4670241791
2019-04-16,RUB_KZT,3,0.0100000000,True,0.1685960000,0.1693518571,0.1685960000,1,1,36.4629195156,8.1993280263
2019-04-17,RUB_KZT,3,0.0100000000,True,0.1685960000,0.1691771429,0.1685960000,1,1,27.8587778810,6.5105046274
2019-04-18,RUB_KZT,3,0.0100000000,True,0.1685960000,0.1690024286,0.1686800000,1,1,0.0000000000,24.0486823097
2019-04-19,RUB_KZT,3,0.0100000000,True,0.1685960000,0.1688277143,0.1686800000,1,1,11.7244401284,-2.9785224836
2019-04-20,RUB_KZT,3,0.0100000000,True,0.1685960000,0.1687992857,0.1686800000,1,1,0.0000000000,7.0667191381
2019-04-23,RUB_KZT,3,0.0100000000,True,0.1686800000,0.1689897143,0.1687990000,1,1,12.7208396938,-1.4371119798
2019-04-24,RUB_KZT,3,0.0100000000,True,0.1686800000,0.1691428571,0.1687990000,1,1,7.3997774147,12.9391891892
2019-04-25,RUB_KZT,3,0.0100000000,True,0.1686800000,0.1692960000,0.1697520000,1,1,0.0000000000,29.3568660807
2019-04-26,RUB_KZT,3,0.0100000000,True,0.1687990000,0.1694491429,0.1697520000,1,1,23.4497593314,-41.4199287776
2019-04-27,RUB_KZT,3,0.0100000000,True,0.1687990000,0.1694987143,0.1693610000,1,1,23.0336019605,-14.9432233367
2019-04-30,RUB_KZT,3,0.0100000000,True,0.1693610000,0.1696130000,0.1695580000,1,1,0.0000000000,14.8573517360
2019-05-01,RUB_KZT,3,0.0100000000,True,0.1693610000,0.1695852857,0.1695580000,1,1,0.0000000000,1.6089670853
2019-05-07,RUB_KZT,3,0.0100000000,True,0.1695580000,0.1706490000,0.1712170000,0,1,29.4079966457,-62.8776025643
2019-05-08,RUB_KZT,3,0.0100000000,True,0.1695580000,0.1709214286,0.1714650000,1,1,0.0000000000,-17.2928246061
2019-05-09,RUB_KZT,3,0.0100000000,True,0.1695580000,0.1711938571,0.1714650000,0,1,0.0000000000,-15.8383520103
2019-05-14,RUB_KZT,3,0.0100000000,True,0.1704080000,0.1714008571,0.1704080000,0,0,117.7234716246,-60.5097824148
2019-05-15,RUB_KZT,3,0.0100000000,True,0.1703210000,0.1712374286,0.1703210000,1,1,91.7980907393,-38.6347444067
2019-05-16,RUB_KZT,3,0.0100000000,True,0.1703210000,0.1710740000,0.1703210000,1,1,20.2149227145,23.8493283608
2019-05-17,RUB_KZT,3,0.0100000000,True,0.1703210000,0.1709105714,0.1703210000,1,1,5.1053941130,29.4055203473
2019-05-18,RUB_KZT,3,0.0100000000,True,0.1702140000,0.1705928571,0.1702140000,1,1,6.2822552709,15.9360214378
2019-05-21,RUB_KZT,3,0.0100000000,True,0.1698840000,0.1702797143,0.1698840000,1,1,19.3873594416,3.8591963811
2019-05-22,RUB_KZT,3,0.0100000000,True,0.1698840000,0.1702810000,0.1698840000,1,1,24.1931695401,-0.8808968705
2019-05-23,RUB_KZT,3,0.0100000000,True,0.1698840000,0.1702822857,0.1703300000,1,1,0.0000000000,23.3897326792
2019-05-24,RUB_KZT,3,0.0100000000,True,0.1698840000,0.1702835714,0.1703300000,1,1,15.8850182590,-18.6411741758
2019-05-25,RUB_KZT,3,0.0100000000,True,0.1696300000,0.1702001429,0.1696300000,1,1,41.0966946516,-7.6296729649
2019-05-28,RUB_KZT,3,0.0100000000,True,0.1695640000,0.1701004286,0.1695640000,1,1,3.8908211991,27.6559309920
2019-05-29,RUB_KZT,3,0.0100000000,True,0.1695640000,0.1701858571,0.1699750000,1,1,0.0000000000,36.5398837070
2019-05-30,RUB_KZT,3,0.0100000000,True,0.1695640000,0.1702712857,0.1705440000,1,1,0.0000000000,17.4008032560
2019-05-31,RUB_KZT,3,0.0100000000,True,0.1695640000,0.1703567143,0.1709280000,1,1,0.0000000000,-10.9937383490
2019-06-01,RUB_KZT,3,0.0100000000,True,0.1695640000,0.1705070000,0.1706820000,1,1,14.3920247122,-24.6910684019
2019-06-04,RUB_KZT,3,0.0100000000,True,0.1693870000,0.1702898571,0.1693870000,1,1,75.8720896169,-23.0279632459
2019-06-05,RUB_KZT,3,0.0100000000,True,0.1693870000,0.1700950000,0.1693870000,1,1,13.3833292063,28.2783150592
2019-06-06,RUB_KZT,3,0.0100000000,True,0.1693870000,0.1699001429,0.1695620000,1,1,0.0000000000,30.2026148132
2019-06-07,RUB_KZT,3,0.0100000000,True,0.1693870000,0.1697052857,0.1695640000,1,1,0.0000000000,8.4432086887
2019-06-08,RUB_KZT,3,0.0100000000,True,0.1690040000,0.1694655714,0.1690040000,1,1,33.0258781345,-5.8081751118
2019-06-11,RUB_KZT,3,0.0100000000,True,0.1679550000,0.1688252857,0.1679550000,1,1,62.0695368157,-10.5857534882
2019-06-12,RUB_KZT,3,0.0100000000,True,0.1677410000,0.1685648571,0.1677410000,1,1,12.7415081421,36.1793764842
2019-06-14,RUB_KZT,3,0.0100000000,True,0.1677410000,0.1680440000,0.1677410000,1,1,25.5692122899,-7.5575444526
2019-06-15,RUB_KZT,3,0.0100000000,True,0.1676600000,0.1678520000,0.1676600000,1,1,4.8288730841,6.6129685675
2019-06-18,RUB_KZT,3,0.0100000000,True,0.1667770000,0.1675237143,0.1667770000,1,1,52.6661099845,-8.1353087750
2019-06-19,RUB_KZT,3,0.0100000000,True,0.1667360000,0.1673801429,0.1667360000,1,1,47.3350882534,-8.8933573790
2019-06-20,RUB_KZT,3,0.0100000000,True,0.1667360000,0.1672365714,0.1667360000,1,1,44.2448813867,-14.3765546839
2019-06-21,RUB_KZT,3,0.0100000000,True,0.1667360000,0.1670930000,0.1667360000,1,1,2.4583725574,18.9116240656
2019-06-22,RUB_KZT,3,0.0100000000,True,0.1663720000,0.1669090000,0.1663720000,1,1,21.8309183380,10.3649293927
2019-06-25,RUB_KZT,3,0.0100000000,True,0.1650970000,0.1661497143,0.1650970000,1,1,76.6354915491,-13.3786395746
2019-06-26,RUB_KZT,3,0.0100000000,True,0.1650970000,0.1660101429,0.1656800000,1,1,0.0000000000,55.0052449463
2019-06-27,RUB_KZT,3,0.0100000000,True,0.1650970000,0.1658705714,0.1656800000,1,1,0.6638863909,10.8259968616
2019-06-28,RUB_KZT,3,0.0100000000,True,0.1650970000,0.1657310000,0.1657590000,1,1,0.0000000000,3.0772758265
2019-06-29,RUB_KZT,3,0.0100000000,True,0.1650970000,0.1656042857,0.1654850000,1,1,16.5300225025,-9.3424083228
2019-07-02,RUB_KZT,3,0.0100000000,True,0.1651910000,0.1655507143,0.1651910000,1,1,17.7659606611,3.9694353478
2019-07-03,RUB_KZT,3,0.0100000000,True,0.1651910000,0.1655118571,0.1651910000,1,1,13.6624409825,5.7311388135
2019-07-04,RUB_KZT,3,0.0100000000,True,0.1651910000,0.1654730000,0.1654850000,1,1,0.0000000000,17.0420551993
2019-07-05,RUB_KZT,3,0.0100000000,True,0.1651910000,0.1654341429,0.1654870000,1,1,0.0000000000,-3.0741624419
2019-07-06,RUB_KZT,3,0.0100000000,True,0.1651910000,0.1655405714,0.1654870000,1,1,0.0000000000,3.2361509997
2019-07-09,RUB_KZT,3,0.0100000000,True,0.1643390000,0.1655241429,0.1643390000,0,0,113.7580460807,-42.6437576219
2019-07-10,RUB_KZT,3,0.0100000000,True,0.1642780000,0.1653514286,0.1642780000,1,1,84.6209560599,-19.8710970573
2019-07-11,RUB_KZT,3,0.0100000000,True,0.1642780000,0.1651787143,0.1642780000,0,0,101.2900776698,-47.2388780637
2019-07-12,RUB_KZT,3,0.0100000000,True,0.1642780000,0.1650060000,0.1642780000,1,1,3.7118395512,40.4227725052
2019-07-13,RUB_KZT,3,0.0100000000,True,0.1640180000,0.1646900000,0.1640180000,1,1,15.8268301294,25.0166980387
2019-07-16,RUB_KZT,3,0.0100000000,True,0.1634270000,0.1640244286,0.1634270000,1,1,36.0326305649,0.3919276832
2019-07-17,RUB_KZT,3,0.0100000000,True,0.1633090000,0.1638860000,0.1633090000,1,1,44.1981540412,-9.0306676592
2019-07-18,RUB_KZT,3,0.0100000000,True,0.1633090000,0.1637475714,0.1633090000,1,1,33.5046198538,-6.7438295704
2019-07-19,RUB_KZT,3,0.0100000000,True,0.1633090000,0.1636091429,0.1633090000,1,1,7.2203491467,11.1328043141
2019-07-20,RUB_KZT,3,0.0100000000,True,0.1633090000,0.1635807143,0.1633090000,1,1,0.0000000000,16.6104107627
2019-07-23,RUB_KZT,3,0.0100000000,True,0.1633090000,0.1637302857,0.1640940000,1,1,0.0000000000,-5.4183186285
2019-07-24,RUB_KZT,3,0.0100000000,True,0.1633090000,0.1638165714,0.1639130000,1,1,14.0730090652,-19.9875121652
2019-07-25,RUB_KZT,3,0.0100000000,True,0.1633090000,0.1639028571,0.1639130000,1,1,13.0995320725,-13.7363595161
2019-07-26,RUB_KZT,3,0.0100000000,True,0.1638190000,0.1639891429,0.1639130000,1,1,11.0302631419,-6.3941515292
2019-07-27,RUB_KZT,3,0.0100000000,True,0.1639130000,0.1641304286,0.1639130000,1,1,0.0000000000,13.2473041910
2019-07-30,RUB_KZT,3,0.0100000000,True,0.1639130000,0.1645665714,0.1647470000,1,1,3.7012766371,-14.6705718745
2019-07-31,RUB_KZT,3,0.0100000000,True,0.1639130000,0.1650697143,0.1649660000,1,1,0.0000000000,19.5501813952
2019-08-01,RUB_KZT,3,0.0100000000,True,0.1639130000,0.1655728571,0.1657060000,1,1,0.0000000000,36.6519702160
2019-08-02,RUB_KZT,3,0.0100000000,True,0.1647470000,0.1660760000,0.1674350000,1,1,0.0000000000,22.2789566223
2019-08-03,RUB_KZT,3,0.0100000000,True,0.1647470000,0.1665670000,0.1674350000,0,1,0.0000000000,-52.1111624752
2019-08-06,RUB_KZT,3,0.0100000000,True,0.1674350000,0.1678292857,0.1679150000,1,1,19.6142530239,-24.7700682241
2019-08-07,RUB_KZT,3,0.0100000000,True,0.1674350000,0.1679604286,0.1679150000,1,1,28.2083259101,-25.5757521117
2019-08-08,RUB_KZT,3,0.0100000000,True,0.1674350000,0.1680915714,0.1679150000,1,1,2.0839535576,8.4222800327
2019-08-09,RUB_KZT,3,0.0100000000,True,0.1679150000,0.1682227143,0.1683530000,1,1,0.0000000000,18.2920770849
2019-08-10,RUB_KZT,3,0.0100000000,True,0.1679150000,0.1683042857,0.1683530000,1,1,0.0000000000,-2.8944174242
2019-08-13,RUB_KZT,3,0.0100000000,True,0.1683530000,0.1688574286,0.1687260000,1,1,5.3312482229,2.4534645457
2019-08-14,RUB_KZT,3,0.0100000000,True,0.1683530000,0.1691735714,0.1687260000,1,1,29.0749211077,-2.6262123010
2019-08-15,RUB_KZT,3,0.0100000000,True,0.1683530000,0.1694897143,0.1701830000,1,1,0.0000000000,45.0596243514
2019-08-16,RUB_KZT,3,0.0100000000,True,0.1687260000,0.1698058571,0.1705660000,1,1,0.0000000000,-22.2102384151
2019-08-17,RUB_KZT,3,0.0100000000,True,0.1687260000,0.1702564286,0.1705660000,0,1,0.0000000000,-18.1826572523
2019-08-20,RUB_KZT,3,0.0100000000,True,0.1699880000,0.1711145714,0.1699880000,0,0,115.2526603477,-49.9915678885
2019-08-21,RUB_KZT,3,0.0100000000,True,0.1697380000,0.1709962857,0.1697380000,0,0,165.9308698625,-93.9034598914
2019-08-22,RUB_KZT,3,0.0100000000,True,0.1697380000,0.1708780000,0.1697380000,0,0,105.2791120645,-38.9751752712
2019-08-23,RUB_KZT,3,0.0100000000,True,0.1697380000,0.1707597143,0.1697380000,1,1,14.7069204885,45.1929946675
2019-08-24,RUB_KZT,3,0.0100000000,True,0.1697380000,0.1705255714,0.1697380000,1,1,0.0000000000,46.1849458690
2019-08-27,RUB_KZT,3,0.0100000000,True,0.1697380000,0.1705591429,0.1708080000,1,1,0.0000000000,13.3761728232
2019-08-28,RUB_KZT,3,0.0100000000,True,0.1697380000,0.1708374286,0.1712550000,1,1,0.0000000000,1.7226067891
2019-08-29,RUB_KZT,3,0.0100000000,True,0.1697380000,0.1711157143,0.1716860000,1,1,0.0000000000,-8.1398552358
2019-08-30,RUB_KZT,3,0.0100000000,True,0.1703310000,0.1713940000,0.1716860000,0,1,35.9824962567,-53.2107308307
2019-08-31,RUB_KZT,3,0.0100000000,True,0.1708080000,0.1715735714,0.1715880000,1,1,5.7080950107,-6.5527907645
2019-09-03,RUB_KZT,3,0.0100000000,True,0.1702720000,0.1714771429,0.1702720000,1,1,76.6953400005,-6.4648349634
2019-09-04,RUB_KZT,3,0.0100000000,True,0.1700430000,0.1712424286,0.1700430000,0,0,123.7127772647,-54.3423400576
2019-09-05,RUB_KZT,3,0.0100000000,True,0.1700430000,0.1710077143,0.1700430000,1,1,70.4237688979,-14.1096391641
2019-09-06,RUB_KZT,3,0.0100000000,True,0.1700430000,0.1707730000,0.1700430000,1,1,13.4490697237,29.3371903053
2019-09-07,RUB_KZT,3,0.0100000000,True,0.1695300000,0.1704790000,0.1695300000,1,1,30.1688396464,25.5749975070
2019-09-10,RUB_KZT,3,0.0100000000,True,0.1683980000,0.1695421429,0.1683980000,1,1,66.7728425647,0.7162146790
2019-09-11,RUB_KZT,3,0.0100000000,True,0.1666930000,0.1690635714,0.1666930000,0,0,164.2700779457,-24.4540303943
2019-09-12,RUB_KZT,3,0.0100000000,True,0.1666930000,0.1685850000,0.1666930000,0,0,151.7183521307,-40.0984666489
2019-09-13,RUB_KZT,3,0.0100000000,True,0.1666930000,0.1681064286,0.1666930000,0,0,101.2482333519,-17.3444544060
2019-09-14,RUB_KZT,3,0.0100000000,True,0.1655590000,0.1675391429,0.1655590000,1,1,68.0292513783,50.5041892129
2019-09-17,RUB_KZT,3,0.0100000000,True,0.1655590000,0.1663212857,0.1657390000,1,1,0.0000000000,45.8321201049
2019-09-18,RUB_KZT,3,0.0100000000,True,0.1651650000,0.1661030000,0.1651650000,1,1,70.8772182946,-14.5090696736
2019-09-19,RUB_KZT,3,0.0100000000,True,0.1651650000,0.1658847143,0.1651650000,1,1,81.8480976172,-38.7790832359
2019-09-20,RUB_KZT,3,0.0100000000,True,0.1651650000,0.1656664286,0.1651650000,1,1,34.6327659754,-4.3805754248
2019-09-21,RUB_KZT,3,0.0100000000,True,0.1651650000,0.1656550000,0.1651650000,1,1,0.0000000000,29.5795478555
2019-09-24,RUB_KZT,3,0.0100000000,True,0.1647320000,0.1652950000,0.1647320000,1,1,45.1416796089,-11.1316131764
2019-09-25,RUB_KZT,3,0.0100000000,True,0.1647320000,0.1654278571,0.1655060000,1,1,0.0000000000,42.0640849054
2019-09-26,RUB_KZT,3,0.0100000000,True,0.1647320000,0.1655607143,0.1658530000,1,1,0.0000000000,3.3047867636
2019-09-27,RUB_KZT,3,0.0100000000,True,0.1647320000,0.1656935714,0.1660950000,1,1,0.0000000000,-9.6218923917
2019-09-28,RUB_KZT,3,0.0100000000,True,0.1647320000,0.1658398571,0.1660950000,1,1,0.0000000000,-15.3848936883
2019-10-01,RUB_KZT,3,0.0100000000,True,0.1660950000,0.1668191429,0.1673360000,1,1,0.0000000000,18.9512337570
2019-10-02,RUB_KZT,3,0.0100000000,True,0.1660950000,0.1669745714,0.1671830000,1,1,12.1276570322,-24.6401932886
2019-10-03,RUB_KZT,3,0.0100000000,True,0.1660950000,0.1671300000,0.1671830000,0,1,61.8817766787,-65.4580266858
2019-10-04,RUB_KZT,3,0.0100000000,True,0.1665030000,0.1672854286,0.1671830000,1,1,9.1432805852,-3.0230623793
2019-10-05,RUB_KZT,3,0.0100000000,True,0.1665730000,0.1672954286,0.1665730000,1,1,36.4869633874,6.7203612429
2019-10-08,RUB_KZT,3,0.0100000000,True,0.1658640000,0.1667540000,0.1658640000,1,1,42.5639209236,10.8543123403
2019-10-09,RUB_KZT,3,0.0100000000,True,0.1648350000,0.1664185714,0.1648350000,0,0,100.4756528215,-5.3737134420
2019-10-10,RUB_KZT,3,0.0100000000,True,0.1648350000,0.1660831429,0.1648350000,0,0,116.8577321566,-42.1991739077
2019-10-11,RUB_KZT,3,0.0100000000,True,0.1648350000,0.1657477143,0.1648350000,1,1,62.0387787585,-7.0158261178
2019-10-12,RUB_KZT,3,0.0100000000,True,0.1648350000,0.1655494286,0.1648350000,1,1,0.0000000000,43.1550007507
2019-10-15,RUB_KZT,3,0.0100000000,True,0.1640220000,0.1648157143,0.1640220000,1,1,70.4059085268,-22.4059772386
2019-10-16,RUB_KZT,3,0.0100000000,True,0.1639220000,0.1646852857,0.1639220000,1,1,64.0085344713,-17.7741614525
2019-10-17,RUB_KZT,3,0.0100000000,True,0.1639220000,0.1645548571,0.1639220000,1,1,66.5373894073,-28.2667351921
2019-10-18,RUB_KZT,3,0.0100000000,True,0.1639220000,0.1644244286,0.1639220000,1,1,6.0967431198,24.4749867720
2019-10-19,RUB_KZT,3,0.0100000000,True,0.1635200000,0.1641865714,0.1635200000,1,1,24.5238589085,16.1140723184
2019-10-22,RUB_KZT,3,0.0100000000,True,0.1632030000,0.1637934286,0.1632030000,1,1,19.3860078278,16.6935006986
2019-10-23,RUB_KZT,3,0.0100000000,True,0.1632030000,0.1638725714,0.1639360000,1,1,0.0000000000,40.8592739306
2019-10-24,RUB_KZT,3,0.0100000000,True,0.1632030000,0.1639517143,0.1641290000,1,1,0.0000000000,0.9584703510
2019-10-25,RUB_KZT,3,0.0100000000,True,0.1632030000,0.1640308571,0.1644760000,1,1,0.0000000000,-5.9831947996
2019-10-26,RUB_KZT,3,0.0100000000,True,0.1632030000,0.1641915714,0.1644760000,1,1,0.0000000000,-17.3229702934
2019-10-29,RUB_KZT,3,0.0100000000,True,0.1640830000,0.1644305714,0.1640830000,1,1,34.1340459777,-13.0406754392
2019-10-30,RUB_KZT,3,0.0100000000,True,0.1640830000,0.1644185714,0.1640830000,1,1,26.1377520318,-5.7431816010
2019-10-31,RUB_KZT,3,0.0100000000,True,0.1640830000,0.1644065714,0.1640830000,1,1,15.9420730780,3.7450710173
2019-11-01,RUB_KZT,3,0.0100000000,True,0.1640830000,0.1643945714,0.1643920000,1,1,0.0000000000,18.9526591945
2019-11-02,RUB_KZT,3,0.0100000000,True,0.1640830000,0.1643584286,0.1643920000,1,1,0.0000000000,-2.0425741998
2019-11-06,RUB_KZT,3,0.0100000000,True,0.1628530000,0.1639121429,0.1634760000,1,1,0.0000000000,64.6164975139
2019-11-07,RUB_KZT,3,0.0100000000,True,0.1628530000,0.1638542857,0.1638930000,1,1,0.0000000000,23.0867146768
2019-11-08,RUB_KZT,3,0.0100000000,True,0.1628530000,0.1637964286,0.1639870000,1,1,0.0000000000,-5.8958201600
2019-11-09,RUB_KZT,3,0.0100000000,True,0.1628530000,0.1637875714,0.1639870000,1,1,0.0000000000,-12.1760503370
2019-11-12,RUB_KZT,3,0.0100000000,True,0.1639870000,0.1643770000,0.1641570000,1,1,10.5275969087,2.8592807996
2019-11-13,RUB_KZT,3,0.0100000000,True,0.1639870000,0.1644564286,0.1645430000,1,1,0.0000000000,18.2071673348
2019-11-14,RUB_KZT,3,0.0100000000,True,0.1639870000,0.1645358571,0.1645430000,1,1,20.5601581737,-21.0375332863
2019-11-15,RUB_KZT,3,0.0100000000,True,0.1641570000,0.1646152857,0.1645430000,1,1,46.3374649898,-42.1415473481
2019-11-16,RUB_KZT,3,0.0100000000,True,0.1641570000,0.1646418571,0.1645160000,1,1,1.6409084555,6.0043748639
2019-11-19,RUB_KZT,3,0.0100000000,True,0.1645160000,0.1647510000,0.1646710000,1,1,0.0000000000,14.2639498395
2019-11-20,RUB_KZT,3,0.0100000000,True,0.1645160000,0.1648344286,0.1651270000,1,1,0.0000000000,9.9147109524
2019-11-21,RUB_KZT,3,0.0100000000,True,0.1645160000,0.1649178571,0.1651270000,1,1,3.4506974041,-16.1379041514
2019-11-22,RUB_KZT,3,0.0100000000,True,0.1645160000,0.1650012857,0.1651270000,1,1,7.8665351543,-15.4977147364
2019-11-23,RUB_KZT,3,0.0100000000,True,0.1646710000,0.1650870000,0.1651160000,1,1,0.6661539300,-2.4229648610
2019-11-26,RUB_KZT,3,0.0100000000,True,0.1651160000,0.1653458571,0.1655240000,1,1,0.0000000000,13.9015967396
2019-11-27,RUB_KZT,3,0.0100000000,True,0.1651160000,0.1654527143,0.1655620000,1,1,0.0000000000,-4.3085249217
2019-11-28,RUB_KZT,3,0.0100000000,True,0.1651160000,0.1655595714,0.1658380000,1,1,0.0000000000,-0.1466886757
2019-11-29,RUB_KZT,3,0.0100000000,True,0.1651160000,0.1656664286,0.1658750000,1,1,0.0000000000,-10.3564391441
2019-11-30,RUB_KZT,3,0.0100000000,True,0.1655240000,0.1658807143,0.1658750000,1,1,0.0000000000,0.3444816198
2019-12-03,RUB_KZT,3,0.0100000000,True,0.1654160000,0.1658470000,0.1654160000,1,1,72.0218946560,-46.3680380109
2019-12-04,RUB_KZT,3,0.0100000000,True,0.1654160000,0.1657952857,0.1654160000,1,1,12.2570478025,10.6327338275
2019-12-05,RUB_KZT,3,0.0100000000,True,0.1654160000,0.1657435714,0.1654160000,1,1,14.3070152669,5.4645515232
2019-12-06,RUB_KZT,3,0.0100000000,True,0.1654160000,0.1656918571,0.1655130000,1,1,0.0000000000,16.6488050538
2019-12-07,RUB_KZT,3,0.0100000000,True,0.1651850000,0.1654874286,0.1651850000,1,1,19.8171744818,-1.5452187995
2019-12-10,RUB_KZT,3,0.0100000000,True,0.1643610000,0.1650280000,0.1643610000,1,1,49.8834639949,-9.5135370967
2019-12-11,RUB_KZT,3,0.0100000000,True,0.1626370000,0.1646171429,0.1626370000,0,0,117.6377656116,2.6815467926
2019-12-12,RUB_KZT,3,0.0100000000,True,0.1626370000,0.1642062857,0.1626370000,0,0,115.5356209508,-20.2010711266
2019-12-13,RUB_KZT,3,0.0100000000,True,0.1626370000,0.1637954286,0.1626370000,0,0,104.8910629651,-34.5291339022
2019-12-14,RUB_KZT,3,0.0100000000,True,0.1626370000,0.1635050000,0.1626370000,1,1,0.0000000000,53.0870615578
2019-12-17,RUB_KZT,3,0.0100000000,True,0.1625380000,0.1627187143,0.1625380000,1,1,37.6336177307,-26.6278968702
2019-12-18,RUB_KZT,3,0.0100000000,True,0.1625380000,0.1627395714,0.1627120000,1,1,0.0000000000,12.3861349027
2019-12-19,RUB_KZT,3,0.0100000000,True,0.1625380000,0.1627604286,0.1627180000,1,1,0.0000000000,2.9754512109
2019-12-20,RUB_KZT,3,0.0100000000,True,0.1625380000,0.1627812857,0.1627830000,1,1,0.0000000000,3.8877757973
2019-12-21,RUB_KZT,3,0.0100000000,True,0.1625380000,0.1627215714,0.1627340000,1,1,3.0101423367,-3.7750724068
2019-12-24,RUB_KZT,3,0.0100000000,True,0.1627340000,0.1629174286,0.1630230000,1,1,0.0000000000,11.2589900931
2019-12-25,RUB_KZT,3,0.0100000000,True,0.1627340000,0.1629445714,0.1629730000,1,1,13.9705026317,-15.7371656619
2019-12-26,RUB_KZT,3,0.0100000000,True,0.1627340000,0.1629717143,0.1629730000,1,1,3.0670518884,-3.1469089290
2019-12-27,RUB_KZT,3,0.0100000000,True,0.1627340000,0.1629988571,0.1629730000,1,1,8.7055145143,-7.1253786179
2019-12-28,RUB_KZT,3,0.0100000000,True,0.1621740000,0.1629188571,0.1621740000,1,1,49.0265258662,-3.3233020469
2019-12-31,RUB_KZT,3,0.0100000000,True,0.1616650000,0.1622982857,0.1616650000,1,1,31.3860421523,7.6578574899
2020-01-01,RUB_KZT,3,0.0100000000,True,0.1616650000,0.1621114286,0.1616650000,1,1,0.0000000000,27.5383774829
2020-01-10,RUB_KZT,3,0.0100000000,True,0.1616650000,0.1620135714,0.1621920000,1,1,20.4277522089,-31.5052971753
2020-01-11,RUB_KZT,3,0.0100000000,True,0.1610980000,0.1619325714,0.1610980000,1,1,67.4509223636,-16.0207776076
2020-01-14,RUB_KZT,3,0.0100000000,True,0.1610980000,0.1620978571,0.1617750000,1,1,0.0000000000,61.6823171188
2020-01-15,RUB_KZT,3,0.0100000000,True,0.1610980000,0.1622897143,0.1620600000,1,1,0.0000000000,31.7157675691
2020-01-16,RUB_KZT,3,0.0100000000,True,0.1610980000,0.1624815714,0.1631760000,1,1,0.0000000000,25.9457995676
2020-01-17,RUB_KZT,3,0.0100000000,True,0.1610980000,0.1626734286,0.1635350000,0,1,0.0000000000,-30.8945002872
2020-01-18,RUB_KZT,3,0.0100000000,True,0.1617750000,0.1630051429,0.1634200000,0,1,7.0321337940,-32.5055475901
2020-01-21,RUB_KZT,3,0.0100000000,True,0.1634200000,0.1636925714,0.1639040000,1,1,0.0000000000,16.6514232254
2020-01-22,RUB_KZT,3,0.0100000000,True,0.1632520000,0.1636521429,0.1632520000,1,1,45.4883596141,-21.1336763955
2020-01-23,RUB_KZT,3,0.0100000000,True,0.1632520000,0.1636117143,0.1632520000,1,1,40.8123425309,-18.9036411993
2020-01-24,RUB_KZT,3,0.0100000000,True,0.1632520000,0.1635712857,0.1632520000,1,1,39.7793830535,-20.3406291185
2020-01-25,RUB_KZT,3,0.0100000000,True,0.1632520000,0.1636285714,0.1632520000,1,1,0.0000000000,23.0137943077
2020-01-28,RUB_KZT,3,0.0100000000,True,0.1632520000,0.1642065714,0.1648370000,1,1,0.0000000000,23.4808768746
2020-01-29,RUB_KZT,3,0.0100000000,True,0.1632520000,0.1646758571,0.1648370000,0,1,6.2446950406,-16.0401689553
2020-01-30,RUB_KZT,3,0.0100000000,True,0.1632520000,0.1651451429,0.1660920000,1,1,0.0000000000,18.6589112953
2020-01-31,RUB_KZT,3,0.0100000000,True,0.1638210000,0.1656144286,0.1665370000,0,1,0.0000000000,-28.8363418991
2020-02-01,RUB_KZT,3,0.0100000000,True,0.1648370000,0.1661758571,0.1665370000,0,1,0.0000000000,-21.7325707448
2020-02-04,RUB_KZT,3,0.0100000000,True,0.1664310000,0.1667982857,0.1664310000,1,1,78.6880555108,-57.1177504394
2020-02-05,RUB_KZT,3,0.0100000000,True,0.1664310000,0.1669461429,0.1664310000,1,1,46.4095402704,-15.6252272974
2020-02-06,RUB_KZT,3,0.0100000000,True,0.1664310000,0.1670940000,0.1664310000,1,1,9.4244483396,30.2823560391
2020-02-07,RUB_KZT,3,0.0100000000,True,0.1664310000,0.1672418571,0.1675720000,1,1,0.0000000000,48.4841030057
2020-02-08,RUB_KZT,3,0.0100000000,True,0.1664310000,0.1673290000,0.1675720000,1,1,0.0000000000,-14.5222884258
2020-02-11,RUB_KZT,3,0.0100000000,True,0.1675490000,0.1680632857,0.1675490000,1,1,48.2296969013,-17.7144154030
2020-02-12,RUB_KZT,3,0.0100000000,True,0.1675490000,0.1681005714,0.1675490000,1,1,87.7348667708,-55.4090068530
2020-02-13,RUB_KZT,3,0.0100000000,True,0.1675490000,0.1681378571,0.1678330000,1,1,0.0000000000,35.0222818860
2020-02-14,RUB_KZT,3,0.0100000000,True,0.1675490000,0.1681751429,0.1678330000,1,1,56.4031163907,-36.2632153894
2020-02-15,RUB_KZT,3,0.0100000000,True,0.1675490000,0.1681150000,0.1678330000,1,1,0.0000000000,16.7742319246
2020-02-18,RUB_KZT,3,0.0100000000,True,0.1678330000,0.1683832857,0.1687660000,1,1,0.0000000000,26.3259926545
2020-02-19,RUB_KZT,3,0.0100000000,True,0.1678330000,0.1688038571,0.1687660000,1,1,16.9178714242,-14.7000703268
2020-02-20,RUB_KZT,3,0.0100000000,True,0.1678330000,0.1692244286,0.1694260000,1,1,0.0000000000,27.0899760335
2020-02-21,RUB_KZT,3,0.0100000000,True,0.1679400000,0.1696450000,0.1707770000,1,1,0.0000000000,12.9093106192
2020-02-22,RUB_KZT,3,0.0100000000,True,0.1687660000,0.1700502857,0.1707770000,0,1,0.0000000000,-42.7352581421
2020-02-26,RUB_KZT,3,0.0100000000,True,0.1707770000,0.1722668571,0.1726680000,1,1,0.0000000000,8.1186332169
2020-02-27,RUB_KZT,3,0.0100000000,True,0.1707770000,0.1729474286,0.1726680000,0,1,30.7734943794,-14.6617634426
2020-02-28,RUB_KZT,3,0.0100000000,True,0.1707770000,0.1736280000,0.1755410000,0,1,0.0000000000,55.2906213284
2020-02-29,RUB_KZT,3,0.0100000000,True,0.1721270000,0.1740992857,0.1740760000,0,1,83.4562865655,-82.8098909079
2020-03-03,RUB_KZT,3,0.0100000000,True,0.1737950000,0.1747348571,0.1737950000,1,1,16.1423745950,37.7061081933
2020-03-04,RUB_KZT,3,0.0100000000,True,0.1737950000,0.1748692857,0.1737950000,1,1,50.6071136198,10.8815972747
2020-03-05,RUB_KZT,3,0.0100000000,True,0.1737950000,0.1750037143,0.1737950000,1,1,10.1166286335,59.0109924198
2020-03-06,RUB_KZT,3,0.0100000000,True,0.1737950000,0.1751381429,0.1764820000,1,1,0.0000000000,76.6904818808
2020-03-07,RUB_KZT,3,0.0100000000,True,0.1737950000,0.1754818571,0.1764820000,0,1,0.0000000000,-56.9940889290
2020-03-11,RUB_KZT,3,0.0100000000,True,0.1764820000,0.1795447143,0.1800540000,0,1,97.8914834409,-127.5050464946
2020-03-12,RUB_KZT,3,0.0100000000,True,0.1764820000,0.1800550000,0.1800540000,0,1,21.8345451321,-21.8266640749
2020-03-13,RUB_KZT,3,0.0100000000,True,0.1764820000,0.1805652857,0.1800540000,0,0,268.9819543752,-247.3185401086
2020-03-14,RUB_KZT,3,0.0100000000,True,0.1701760000,0.1796644286,0.1701760000,0,0,548.6131938196,-21.6832809738
2020-03-17,RUB_KZT,3,0.0100000000,True,0.1694390000,0.1757397143,0.1694390000,1,1,43.3081045506,316.5883311196
2020-03-18,RUB_KZT,3,0.0100000000,True,0.1694390000,0.1749251429,0.1743520000,1,1,0.0000000000,313.6280335425
2020-03-19,RUB_KZT,3,0.0100000000,True,0.1694390000,0.1741105714,0.1743520000,0,1,40.0450149383,-54.1281648608
2020-03-20,RUB_KZT,3,0.0100000000,True,0.1694390000,0.1732960000,0.1743520000,0,1,56.8013322080,-118.4101191026
2020-03-21,RUB_KZT,3,0.0100000000,True,0.1694390000,0.1747692857,0.1743520000,0,1,0.0000000000,23.8763757934
2020-03-24,RUB_KZT,3,0.0100000000,True,0.1735960000,0.1756501429,0.1735960000,0,0,381.9069306163,-275.4826761964
2020-03-25,RUB_KZT,3,0.0100000000,True,0.1735960000,0.1756395714,0.1735960000,0,0,134.0122986690,-17.9019208981
2020-03-26,RUB_KZT,3,0.0100000000,True,0.1735960000,0.1756290000,0.1742780000,1,1,0.0000000000,115.7553706962
2020-03-27,RUB_KZT,3,0.0100000000,True,0.1735960000,0.1756184286,0.1742780000,0,0,123.4302035635,-47.6926843831
2020-03-28,RUB_KZT,3,0.0100000000,True,0.1735960000,0.1747311429,0.1742780000,1,1,0.0000000000,25.9337202134
2020-04-07,RUB_KZT,3,0.0100000000,True,0.1724670000,0.1736777143,0.1724670000,1,1,88.0464830258,-18.4989603074
2020-04-08,RUB_KZT,3,0.0100000000,True,0.1713860000,0.1732645714,0.1713860000,1,1,73.5566675934,35.1238238466
2020-04-09,RUB_KZT,3,0.0100000000,True,0.1713860000,0.1728514286,0.1713860000,0,0,138.2143761364,-54.1836093755
2020-04-10,RUB_KZT,3,0.0100000000,True,0.1713860000,0.1724382857,0.1713860000,1,1,62.6786573663,-1.6651920190
2020-04-11,RUB_KZT,3,0.0100000000,True,0.1713860000,0.1721264286,0.1713860000,1,1,0.0000000000,43.0165534470
2020-04-14,RUB_KZT,3,0.0100000000,True,0.1713860000,0.1722145714,0.1721310000,1,1,0.0000000000,23.1438852860
2020-04-15,RUB_KZT,3,0.0100000000,True,0.1713860000,0.1724855714,0.1728870000,1,1,0.0000000000,20.5565848572
2020-04-16,RUB_KZT,3,0.0100000000,True,0.1713860000,0.1727565714,0.1732830000,1,1,0.0000000000,-7.5498471838
2020-04-17,RUB_KZT,3,0.0100000000,True,0.1718160000,0.1730275714,0.1732830000,0,1,70.3111569538,-85.6758584305
2020-04-18,RUB_KZT,3,0.0100000000,True,0.1721310000,0.1733970000,0.1732830000,1,1,0.0000000000,6.5745082095
2020-04-21,RUB_KZT,3,0.0100000000,True,0.1732830000,0.1743747143,0.1738590000,1,1,31.1349640486,-1.5647747093
2020-04-22,RUB_KZT,3,0.0100000000,True,0.1727050000,0.1742921429,0.1727050000,0,0,213.2397941836,-124.8396575536
2020-04-23,RUB_KZT,3,0.0100000000,True,0.1727050000,0.1742095714,0.1727050000,0,0,189.7242182397,-105.3575045491
2020-04-24,RUB_KZT,3,0.0100000000,True,0.1727050000,0.1741270000,0.1727050000,1,1,66.3756262258,15.3910651421
2020-04-25,RUB_KZT,3,0.0100000000,True,0.1727050000,0.1738972857,0.1727050000,1,1,0.0000000000,68.5626408364
2020-04-28,RUB_KZT,3,0.0100000000,True,0.1712980000,0.1723722857,0.1712980000,1,1,86.5770802227,-24.4653184221
2020-04-29,RUB_KZT,3,0.0100000000,True,0.1712980000,0.1721712857,0.1712980000,1,1,89.9608337720,-39.5951208058
2020-04-30,RUB_KZT,3,0.0100000000,True,0.1712980000,0.1719702857,0.1712980000,1,1,14.4567637835,24.6720363651
2020-05-01,RUB_KZT,3,0.0100000000,True,0.1712980000,0.1717692857,0.1712980000,1,1,0.0000000000,27.4371353601
2020-05-07,RUB_KZT,3,0.0100000000,True,0.1712980000,0.1736292857,0.1750700000,0,1,37.1040620981,-120.5277253261
2020-05-08,RUB_KZT,3,0.0100000000,True,0.1712980000,0.1741681429,0.1750700000,0,1,32.9634669141,-85.0245698533
2020-05-09,RUB_KZT,3,0.0100000000,True,0.1712980000,0.1747070000,0.1750700000,0,1,0.0000000000,-20.7776448568
2020-05-13,RUB_KZT,3,0.0100000000,True,0.1741080000,0.1747430000,0.1741080000,1,1,30.9193348908,5.4365553985
2020-05-14,RUB_KZT,3,0.0100000000,True,0.1741080000,0.1746055714,0.1741080000,1,1,21.6064418145,6.9053597537
2020-05-15,RUB_KZT,3,0.0100000000,True,0.1741080000,0.1744681429,0.1741080000,1,1,36.7381974249,-16.1552211333
2020-05-16,RUB_KZT,3,0.0100000000,True,0.1741080000,0.1744322857,0.1741080000,1,1,0.0000000000,18.5909227158
2020-05-19,RUB_KZT,3,0.0100000000,True,0.1717480000,0.1739051429,0.1717480000,0,0,175.6674045727,-52.5491729481
2020-05-20,RUB_KZT,3,0.0100000000,True,0.1717480000,0.1737042857,0.1717480000,0,0,148.0533932966,-35.9642413626
2020-05-21,RUB_KZT,3,0.0100000000,True,0.1717480000,0.1735034286,0.1717480000,0,0,136.0012864987,-35.3060128906
2020-05-22,RUB_KZT,3,0.0100000000,True,0.1717480000,0.1733025714,0.1727020000,1,1,0.0000000000,89.7027329576
2020-05-23,RUB_KZT,3,0.0100000000,True,0.1717480000,0.1730067143,0.1727020000,1,1,0.0000000000,17.6128589559
2020-05-26,RUB_KZT,3,0.0100000000,True,0.1721060000,0.1724811429,0.1721060000,1,1,37.1639613773,-15.4716706091
2020-05-27,RUB_KZT,3,0.0100000000,True,0.1716430000,0.1723298571,0.1716430000,1,1,26.9020254959,12.9900382075
2020-05-28,RUB_KZT,3,0.0100000000,True,0.1716430000,0.1721785714,0.1716430000,1,1,34.1401954352,-3.0450114084
2020-05-29,RUB_KZT,3,0.0100000000,True,0.1716430000,0.1720272857,0.1716430000,1,1,31.0145954454,-8.7029383212
2020-05-30,RUB_KZT,3,0.0100000000,True,0.1705790000,0.1717174286,0.1705790000,1,1,61.9891285983,4.3343632646
2020-06-02,RUB_KZT,3,0.0100000000,True,0.1705790000,0.1714834286,0.1711930000,1,1,0.0000000000,52.7414560674
2020-06-03,RUB_KZT,3,0.0100000000,True,0.1705790000,0.1714434286,0.1711930000,1,1,16.1544293462,-1.5498656783
2020-06-04,RUB_KZT,3,0.0100000000,True,0.1705790000,0.1714034286,0.1713630000,1,1,0.0000000000,12.2768005974
2020-06-05,RUB_KZT,3,0.0100000000,True,0.1705790000,0.1713634286,0.1713630000,1,1,49.3574817232,-49.5771726589
2020-06-06,RUB_KZT,3,0.0100000000,True,0.1711930000,0.1715422857,0.1713630000,1,1,0.0000000000,10.4514005710
2020-06-09,RUB_KZT,3,0.0100000000,True,0.1713630000,0.1716921429,0.1715650000,1,1,15.4803266000,-8.0875653682
2020-06-10,RUB_KZT,3,0.0100000000,True,0.1713630000,0.1718824286,0.1715650000,1,1,5.8252992748,12.6498428743
2020-06-11,RUB_KZT,3,0.0100000000,True,0.1713630000,0.1720727143,0.1726950000,1,1,0.0000000000,29.5057986283
2020-06-12,RUB_KZT,3,0.0100000000,True,0.1715650000,0.1722630000,0.1726950000,1,1,0.0000000000,-25.0779331603
2020-06-16,RUB_KZT,3,0.0100000000,True,0.1716400000,0.1724895714,0.1716400000,0,0,101.8419201181,-53.1295059660
2020-06-17,RUB_KZT,3,0.0100000000,True,0.1716400000,0.1724260000,0.1716400000,1,1,52.5077370672,-6.9595072669
2020-06-18,RUB_KZT,3,0.0100000000,True,0.1716400000,0.1723624286,0.1716400000,1,1,6.4046579330,35.5314424672
2020-06-19,RUB_KZT,3,0.0100000000,True,0.1716400000,0.1722988571,0.1722500000,1,1,0.0000000000,38.2392056327
2020-06-20,RUB_KZT,3,0.0100000000,True,0.1716400000,0.1721601429,0.1722500000,1,1,0.0000000000,-5.2193929074
2020-06-23,RUB_KZT,3,0.0100000000,True,0.1712570000,0.1719582857,0.1712570000,1,1,68.3155971815,-27.7226702822
2020-06-24,RUB_KZT,3,0.0100000000,True,0.1712570000,0.1718770000,0.1712570000,1,1,17.4287113246,18.6761463139
2020-06-25,RUB_KZT,3,0.0100000000,True,0.1712570000,0.1717957143,0.1716810000,1,1,0.0000000000,31.3578419551
2020-06-26,RUB_KZT,3,0.0100000000,True,0.1712570000,0.1717144286,0.1716810000,1,1,1.6888940656,0.2579032796
2020-06-27,RUB_KZT,3,0.0100000000,True,0.1712570000,0.1717730000,0.1716810000,1,1,0.0000000000,5.3559057593
2020-06-30,RUB_KZT,3,0.0100000000,True,0.1716810000,0.1726725714,0.1733490000,1,1,0.0000000000,-9.9858692091
2020-07-01,RUB_KZT,3,0.0100000000,True,0.1716810000,0.1729101429,0.1733440000,0,1,43.3661307647,-68.7557781870
2020-07-02,RUB_KZT,3,0.0100000000,True,0.1716810000,0.1731477143,0.1733440000,1,1,0.2884354683,-11.6250864250
2020-07-03,RUB_KZT,3,0.0100000000,True,0.1728450000,0.1733852857,0.1733440000,1,1,1.6150243407,0.7662538508
2020-07-04,RUB_KZT,3,0.0100000000,True,0.1733440000,0.1737304286,0.1733440000,1,1,0.0000000000,22.2429988003
2020-07-07,RUB_KZT,3,0.0100000000,True,0.1722880000,0.1738778571,0.1722880000,0,0,169.6327192016,-79.5468083096
2020-07-08,RUB_KZT,3,0.0100000000,True,0.1722790000,0.1737257143,0.1722790000,0,0,214.0893392711,-133.6754160910
2020-07-09,RUB_KZT,3,0.0100000000,True,0.1722790000,0.1735735714,0.1722790000,1,1,71.2902556537,3.3168314794
2020-07-10,RUB_KZT,3,0.0100000000,True,0.1722790000,0.1734214286,0.1722790000,1,1,0.5223811293,65.3568927880
2020-07-11,RUB_KZT,3,0.0100000000,True,0.1717370000,0.1729180000,0.1717370000,1,1,31.4605958939,36.9539319215
2020-07-14,RUB_KZT,3,0.0100000000,True,0.1714880000,0.1720984286,0.1714880000,1,1,14.4989140372,21.0012708674
2020-07-15,RUB_KZT,3,0.0100000000,True,0.1714880000,0.1722120000,0.1714880000,1,1,37.6446530650,4.4131651685
2020-07-16,RUB_KZT,3,0.0100000000,True,0.1714880000,0.1723255714,0.1724910000,1,1,0.0000000000,48.6040128362
2020-07-17,RUB_KZT,3,0.0100000000,True,0.1714880000,0.1724391429,0.1730740000,1,1,0.0000000000,-3.0072721308
2020-07-18,RUB_KZT,3,0.0100000000,True,0.1714880000,0.1726528571,0.1730740000,1,1,0.0000000000,-24.3924638209
2020-07-21,RUB_KZT,3,0.0100000000,True,0.1715530000,0.1724975714,0.1715530000,1,1,96.9792129675,-42.6341406049
2020-07-22,RUB_KZT,3,0.0100000000,True,0.1715530000,0.1724528571,0.1715530000,1,1,12.5168832379,39.7127165188
2020-07-23,RUB_KZT,3,0.0100000000,True,0.1715530000,0.1724081429,0.1717070000,1,1,0.0000000000,49.5999111742
2020-07-24,RUB_KZT,3,0.0100000000,True,0.1715530000,0.1723634286,0.1727610000,1,1,0.0000000000,38.0839820181
2020-07-25,RUB_KZT,3,0.0100000000,True,0.1715530000,0.1722738571,0.1726060000,1,1,8.9719323227,-28.2772363272
2020-07-28,RUB_KZT,3,0.0100000000,True,0.1726060000,0.1731145714,0.1730260000,1,1,0.0000000000,29.3777366269
2020-07-29,RUB_KZT,3,0.0100000000,True,0.1726060000,0.1733038571,0.1730260000,1,1,13.9091690859,2.1267352882
2020-07-30,RUB_KZT,3,0.0100000000,True,0.1726060000,0.1734931429,0.1740860000,1,1,0.0000000000,26.9257245243
2020-07-31,RUB_KZT,3,0.0100000000,True,0.1726060000,0.1736824286,0.1740860000,0,1,30.5806894972,-53.9819391221
2020-08-01,RUB_KZT,3,0.0100000000,True,0.1730260000,0.1741628571,0.1740860000,1,1,0.0000000000,4.4129468314
2020-08-04,RUB_KZT,3,0.0100000000,True,0.1740860000,0.1746478571,0.1745360000,0,1,81.4347981747,-75.6460960218
2020-08-05,RUB_KZT,3,0.0100000000,True,0.1740860000,0.1748442857,0.1745360000,1,1,15.5028116723,2.1325097434
2020-08-06,RUB_KZT,3,0.0100000000,True,0.1740860000,0.1750407143,0.1745360000,1,1,24.5191895522,4.3255242658
2020-08-07,RUB_KZT,3,0.0100000000,True,0.1745360000,0.1752371429,0.1754610000,1,1,0.0000000000,40.0110870168
2020-08-08,RUB_KZT,3,0.0100000000,True,0.1745360000,0.1751994286,0.1754610000,1,1,0.0000000000,-14.9299247551
2020-08-11,RUB_KZT,3,0.0100000000,True,0.1744610000,0.1752637143,0.1744610000,1,1,70.8004894568,-25.1783842471
2020-08-12,RUB_KZT,3,0.0100000000,True,0.1744140000,0.1751141429,0.1744140000,1,1,21.1689857195,18.8530093433
2020-08-13,RUB_KZT,3,0.0100000000,True,0.1744140000,0.1749645714,0.1744140000,1,1,2.6940118422,28.7813369564
2020-08-14,RUB_KZT,3,0.0100000000,True,0.1744140000,0.1748150000,0.1744140000,1,1,62.6164443659,-39.9279238052
2020-08-15,RUB_KZT,3,0.0100000000,True,0.1744140000,0.1746352857,0.1744140000,1,1,0.0000000000,12.6713059953
2020-08-18,RUB_KZT,3,0.0100000000,True,0.1744140000,0.1748657143,0.1749920000,1,1,0.0000000000,23.9449046615
2020-08-19,RUB_KZT,3,0.0100000000,True,0.1744140000,0.1751727143,0.1749920000,1,1,23.8867573869,-13.6029012999
2020-08-20,RUB_KZT,3,0.0100000000,True,0.1744140000,0.1754797143,0.1759680000,1,1,0.0000000000,27.7932003536
2020-08-21,RUB_KZT,3,0.0100000000,True,0.1744470000,0.1757867143,0.1765630000,1,1,0.0000000000,-10.3128222757
2020-08-22,RUB_KZT,3,0.0100000000,True,0.1749920000,0.1761762857,0.1765630000,1,1,0.0000000000,-21.9504165471
2020-08-25,RUB_KZT,3,0.0100000000,True,0.1765630000,0.1776712857,0.1777790000,1,1,0.0000000000,27.9890873917
2020-08-26,RUB_KZT,3,0.0100000000,True,0.1765630000,0.1778145714,0.1775660000,1,1,11.9811676295,2.0004788295
2020-08-27,RUB_KZT,3,0.0100000000,True,0.1765630000,0.1779578571,0.1775660000,0,0,128.5315602797,-107.8987400709
2020-08-28,RUB_KZT,3,0.0100000000,True,0.1771740000,0.1781011429,0.1775660000,0,1,90.0217101334,-60.5193838493
2020-08-29,RUB_KZT,3,0.0100000000,True,0.1756230000,0.1778795714,0.1756230000,0,0,109.4241014609,17.6282990820
2020-09-01,RUB_KZT,3,0.0100000000,True,0.1756230000,0.1771054286,0.1758130000,1,1,0.0000000000,83.7031695407
2020-09-02,RUB_KZT,3,0.0100000000,True,0.1756230000,0.1772540000,0.1763200000,1,1,0.0000000000,81.2957676555
2020-09-03,RUB_KZT,3,0.0100000000,True,0.1756230000,0.1774025714,0.1786060000,1,1,0.0000000000,61.0234349961
2020-09-04,RUB_KZT,3,0.0100000000,True,0.1756230000,0.1775511429,0.1786060000,0,1,37.8170946654,-97.5976338407
2020-09-05,RUB_KZT,3,0.0100000000,True,0.1758130000,0.1779675714,0.1785380000,0,1,3.8072629139,-35.8733091823
2020-09-08,RUB_KZT,3,0.0100000000,True,0.1768420000,0.1782795714,0.1768420000,1,1,94.9937828361,-14.4956917586
2020-09-09,RUB_KZT,3,0.0100000000,True,0.1752870000,0.1778054286,0.1752870000,0,0,207.2660435650,-67.0154695582
2020-09-10,RUB_KZT,3,0.0100000000,True,0.1752870000,0.1773312857,0.1752870000,0,0,139.2311067607,-24.2886800250
2020-09-11,RUB_KZT,3,0.0100000000,True,0.1752870000,0.1768571429,0.1752870000,1,1,87.9315999593,0.8562197092
2020-09-12,RUB_KZT,3,0.0100000000,True,0.1750620000,0.1763605714,0.1750620000,1,1,12.8360916668,60.8736646675
2020-09-15,RUB_KZT,3,0.0100000000,True,0.1750620000,0.1758005714,0.1760480000,1,1,0.0000000000,42.0118900962
2020-09-16,RUB_KZT,3,0.0100000000,True,0.1750620000,0.1762297143,0.1762630000,1,1,0.0000000000,10.3112171776
2020-09-17,RUB_KZT,3,0.0100000000,True,0.1750620000,0.1766588571,0.1773700000,1,1,0.0000000000,22.4079986285
2020-09-18,RUB_KZT,3,0.0100000000,True,0.1750620000,0.1770880000,0.1782910000,0,1,0.0000000000,-15.9242862306
2020-09-19,RUB_KZT,3,0.0100000000,True,0.1760480000,0.1778144286,0.1782910000,0,1,0.0000000000,-26.8016174166
2020-09-22,RUB_KZT,3,0.0100000000,True,0.1782910000,0.1792860000,0.1794720000,0,1,37.4693999900,-48.0238278505
2020-09-23,RUB_KZT,3,0.0100000000,True,0.1782910000,0.1795262857,0.1794720000,1,1,20.7955695428,-17.8087729294
2020-09-24,RUB_KZT,3,0.0100000000,True,0.1782910000,0.1797665714,0.1799730000,1,1,0.0000000000,16.3863295734
2020-09-25,RUB_KZT,3,0.0100000000,True,0.1794720000,0.1800068571,0.1799730000,1,1,38.2477970155,-36.5065457824
2020-09-26,RUB_KZT,3,0.0100000000,True,0.1794720000,0.1803814286,0.1799730000,1,1,0.0000000000,22.6424956640
2020-09-29,RUB_KZT,3,0.0100000000,True,0.1798030000,0.1812992857,0.1798030000,0,0,162.2813496818,-81.0656412641
2020-09-30,RUB_KZT,3,0.0100000000,True,0.1798030000,0.1813652857,0.1798030000,0,0,260.3340032176,-178.8497877606
2020-10-01,RUB_KZT,3,0.0100000000,True,0.1798030000,0.1814312857,0.1798030000,0,0,120.4428693096,-31.0704013090
2020-10-02,RUB_KZT,3,0.0100000000,True,0.1798030000,0.1814972857,0.1804350000,1,1,0.0000000000,93.3504711995
2020-10-03,RUB_KZT,3,0.0100000000,True,0.1798030000,0.1812267143,0.1804350000,1,1,0.0000000000,43.6864006962
2020-10-06,RUB_KZT,3,0.0100000000,True,0.1804350000,0.1812168571,0.1818170000,1,1,0.0000000000,18.8645332585
2020-10-07,RUB_KZT,3,0.0100000000,True,0.1802090000,0.1811845714,0.1802090000,0,0,123.5318941374,-70.5594610705
2020-10-08,RUB_KZT,3,0.0100000000,True,0.1802090000,0.1811522857,0.1802090000,0,0,101.5610409869,-49.9973976118
2020-10-09,RUB_KZT,3,0.0100000000,True,0.1802090000,0.1811200000,0.1802090000,1,1,88.4405748637,-38.4827738516
2020-10-10,RUB_KZT,3,0.0100000000,True,0.1799460000,0.1809872857,0.1799460000,1,1,14.5941656632,43.0022314117
2020-10-13,RUB_KZT,3,0.0100000000,True,0.1799460000,0.1803481429,0.1799880000,1,1,0.0000000000,22.2981424024
2020-10-14,RUB_KZT,3,0.0100000000,True,0.1799460000,0.1805607143,0.1799880000,1,1,3.5545286917,28.1741400795
2020-10-15,RUB_KZT,3,0.0100000000,True,0.1799460000,0.1807732857,0.1816970000,1,1,0.0000000000,43.4403629487
2020-10-16,RUB_KZT,3,0.0100000000,True,0.1799460000,0.1809858571,0.1816970000,0,1,6.9847764872,-46.3098537297
2020-10-17,RUB_KZT,3,0.0100000000,True,0.1799880000,0.1812620000,0.1816970000,1,1,0.0000000000,-23.9984111397
2020-10-20,RUB_KZT,3,0.0100000000,True,0.1798690000,0.1811704286,0.1798690000,0,0,110.5130333903,-39.1107662635
2020-10-21,RUB_KZT,3,0.0100000000,True,0.1788320000,0.1807611429,0.1788320000,0,0,138.6844006242,-32.4105686431
2020-10-22,RUB_KZT,3,0.0100000000,True,0.1788320000,0.1803518571,0.1788320000,1,1,65.2752392962,19.1213524674
2020-10-23,RUB_KZT,3,0.0100000000,True,0.1788320000,0.1799425714,0.1788320000,1,1,57.6530697341,4.0886060473
2020-10-24,RUB_KZT,3,0.0100000000,True,0.1778440000,0.1793661429,0.1778440000,1,1,55.2473830187,29.7794694492
2020-10-27,RUB_KZT,3,0.0100000000,True,0.1778440000,0.1792065714,0.1778700000,1,1,0.0000000000,76.0335638202
2020-10-28,RUB_KZT,3,0.0100000000,True,0.1778440000,0.1798240000,0.1799600000,1,1,0.0000000000,108.6618026515
2020-10-29,RUB_KZT,3,0.0100000000,True,0.1778440000,0.1804414286,0.1822760000,0,1,0.0000000000,26.6806007490
2020-10-30,RUB_KZT,3,0.0100000000,True,0.1778440000,0.1810588571,0.1831540000,0,1,0.0000000000,-67.2236021120
2020-10-31,RUB_KZT,3,0.0100000000,True,0.1778700000,0.1820657143,0.1831540000,0,1,0.0000000000,-59.7743357971
2020-11-03,RUB_KZT,3,0.0100000000,True,0.1813400000,0.1835537143,0.1813400000,0,0,192.1121519590,-72.9097593853
2020-11-04,RUB_KZT,3,0.0100000000,True,0.1784910000,0.1828875714,0.1784910000,0,0,330.4603149666,-93.1407507969
2020-11-06,RUB_KZT,3,0.0100000000,True,0.1784910000,0.1815552857,0.1784910000,0,0,157.1081945517,11.8578599041
2020-11-07,RUB_KZT,3,0.0100000000,True,0.1784910000,0.1806545714,0.1784910000,1,1,0.0000000000,119.7628939839
2020-11-10,RUB_KZT,3,0.0100000000,True,0.1780670000,0.1785842857,0.1780670000,1,1,29.1174609574,-0.1519890568
2020-11-11,RUB_KZT,3,0.0100000000,True,0.1780670000,0.1787640000,0.1783510000,1,1,0.0000000000,38.9899532344
2020-11-12,RUB_KZT,3,0.0100000000,True,0.1780670000,0.1789437143,0.1796120000,1,1,0.0000000000,33.1229452837
2020-11-13,RUB_KZT,3,0.0100000000,True,0.1780670000,0.1791234286,0.1797490000,1,1,0.0000000000,-27.2756854013
2020-11-14,RUB_KZT,3,0.0100000000,True,0.1780670000,0.1791990000,0.1791160000,1,1,35.2157731058,-30.6921355588
2020-11-17,RUB_KZT,3,0.0100000000,True,0.1775070000,0.1788237143,0.1775070000,1,1,89.8300542665,-16.3449079141
2020-11-18,RUB_KZT,3,0.0100000000,True,0.1774990000,0.1785022857,0.1774990000,1,1,21.0823391839,35.1976285218
2020-11-19,RUB_KZT,3,0.0100000000,True,0.1774990000,0.1781808571,0.1774990000,1,1,0.4506864518,37.8187170980
2020-11-20,RUB_KZT,3,0.0100000000,True,0.1774990000,0.1778594286,0.1774990000,1,1,29.3783914348,-9.1404447814
2020-11-21,RUB_KZT,3,0.0100000000,True,0.1774990000,0.1777345714,0.1774990000,1,1,0.0000000000,13.2541140802
2020-11-24,RUB_KZT,3,0.0100000000,True,0.1774990000,0.1780057143,0.1783140000,1,1,0.0000000000,-13.2740521974
2020-11-25,RUB_KZT,3,0.0100000000,True,0.1774990000,0.1782055714,0.1783140000,1,1,13.7768817204,-19.8887480670
2020-11-26,RUB_KZT,3,0.0100000000,True,0.1774990000,0.1784054286,0.1783140000,1,1,6.3331222293,-1.2091240017
2020-11-27,RUB_KZT,3,0.0100000000,True,0.1782420000,0.1786052857,0.1788980000,1,1,0.0000000000,16.3089078311
2020-11-28,RUB_KZT,3,0.0100000000,True,0.1783140000,0.1787230000,0.1788980000,1,1,0.0000000000,-9.7916888145
2020-12-01,RUB_KZT,3,0.0100000000,True,0.1777550000,0.1786575714,0.1777550000,1,1,73.2132286420,-22.8609718672
2020-12-02,RUB_KZT,3,0.0100000000,True,0.1763350000,0.1782914286,0.1763350000,0,0,164.5973472552,-55.7834684786
2020-12-03,RUB_KZT,3,0.0100000000,True,0.1763350000,0.1779252857,0.1763350000,1,1,79.8852352958,9.5706303689
2020-12-04,RUB_KZT,3,0.0100000000,True,0.1763350000,0.1775591429,0.1763350000,1,1,82.5075083520,-13.6775352116
2020-12-05,RUB_KZT,3,0.0100000000,True,0.1759950000,0.1771204286,0.1759950000,1,1,19.2814812714,44.3443242411
2020-12-08,RUB_KZT,3,0.0100000000,True,0.1745210000,0.1756820000,0.1745210000,1,1,83.7523793290,-17.8162816908
2020-12-09,RUB_KZT,3,0.0100000000,True,0.1744720000,0.1754158571,0.1744720000,1,1,26.2389170587,27.6404397387
2020-12-10,RUB_KZT,3,0.0100000000,True,0.1744720000,0.1751497143,0.1744720000,1,1,2.8076850350,35.8958213708
2020-12-11,RUB_KZT,3,0.0100000000,True,0.1744720000,0.1748835714,0.1744720000,1,1,48.4822212843,-25.0697402762
2020-12-12,RUB_KZT,3,0.0100000000,True,0.1742090000,0.1746284286,0.1742090000,1,1,15.0740519969,8.9577952862
2020-12-15,RUB_KZT,3,0.0100000000,True,0.1738650000,0.1744628571,0.1738650000,1,1,19.7463965696,14.5507844486
2020-12-16,RUB_KZT,3,0.0100000000,True,0.1738650000,0.1744910000,0.1738650000,1,1,55.3102406882,-19.5425552034
2020-12-17,RUB_KZT,3,0.0100000000,True,0.1738650000,0.1745191429,0.1738650000,1,1,60.1996364011,-22.8546356765
2020-12-18,RUB_KZT,3,0.0100000000,True,0.1738650000,0.1745472857,0.1746690000,1,1,0.0000000000,39.0888756301
2020-12-19,RUB_KZT,3,0.0100000000,True,0.1738650000,0.1750354286,0.1746690000,1,1,0.0000000000,20.9345373345
2020-12-22,RUB_KZT,3,0.0100000000,True,0.1746690000,0.1768787143,0.1783410000,0,1,0.0000000000,-42.2484818088
2020-12-23,RUB_KZT,3,0.0100000000,True,0.1746690000,0.1770158571,0.1756290000,0,0,193.2000290358,-117.1162228404
2020-12-24,RUB_KZT,3,0.0100000000,True,0.1746690000,0.1771530000,0.1756290000,0,0,193.1452693648,-109.2276168058
2020-12-25,RUB_KZT,3,0.0100000000,True,0.1756290000,0.1772901429,0.1756290000,0,0,152.0682288425,-59.2732977661
2020-12-26,RUB_KZT,3,0.0100000000,True,0.1753970000,0.1769717143,0.1753970000,1,1,13.2096635521,75.8716889382
2020-12-29,RUB_KZT,3,0.0100000000,True,0.1751480000,0.1754521429,0.1751480000,1,1,14.1963659584,3.1429001804
2020-12-30,RUB_KZT,3,0.0100000000,True,0.1751480000,0.1753982857,0.1752520000,1,1,0.0000000000,14.2695644525
2020-12-31,RUB_KZT,3,0.0100000000,True,0.1751480000,0.1753444286,0.1752520000,1,1,13.0498458523,-7.7887520969
2021-01-01,RUB_KZT,3,0.0100000000,True,0.1751480000,0.1752905714,0.1752520000,1,1,0.0000000000,2.2004280240
2021-01-12,RUB_KZT,3,0.0100000000,True,0.1752520000,0.1758470000,0.1754430000,0,0,116.2771045649,-94.4002456681
2021-01-13,RUB_KZT,3,0.0100000000,True,0.1752520000,0.1758568571,0.1753210000,1,1,68.7682329283,-38.5622072497
2021-01-14,RUB_KZT,3,0.0100000000,True,0.1752520000,0.1758667143,0.1753210000,1,1,6.9538254590,24.0929210189
2021-01-15,RUB_KZT,3,0.0100000000,True,0.1753210000,0.1758765714,0.1753210000,1,1,20.8893037658,10.7218049021
2021-01-16,RUB_KZT,3,0.0100000000,True,0.1753210000,0.1756382857,0.1753210000,1,1,0.0000000000,18.0647239294
2021-01-19,RUB_KZT,3,0.0100000000,True,0.1752720000,0.1754217143,0.1752720000,1,1,32.2454063092,-23.7875747586
2021-01-20,RUB_KZT,3,0.0100000000,True,0.1752720000,0.1756514286,0.1752720000,1,1,17.5418612598,4.0664953317
2021-01-21,RUB_KZT,3,0.0100000000,True,0.1752720000,0.1758811429,0.1752980000,1,1,0.0000000000,34.6337786557
2021-01-22,RUB_KZT,3,0.0100000000,True,0.1752720000,0.1761108571,0.1769290000,1,1,0.0000000000,46.1559926540
2021-01-23,RUB_KZT,3,0.0100000000,True,0.1752720000,0.1764107143,0.1769290000,1,1,0.0000000000,-29.3794918514
2021-01-26,RUB_KZT,3,0.0100000000,True,0.1769290000,0.1778820000,0.1778660000,1,1,4.0463532242,-3.1481543945
2021-01-27,RUB_KZT,3,0.0100000000,True,0.1769290000,0.1782895714,0.1778660000,0,1,62.2971153363,-38.7812122654
2021-01-28,RUB_KZT,3,0.0100000000,True,0.1769290000,0.1786971429,0.1796020000,1,1,0.0000000000,46.5112560757
2021-01-29,RUB_KZT,3,0.0100000000,True,0.1778660000,0.1791047143,0.1797820000,1,1,0.0000000000,-27.7650823580
2021-01-30,RUB_KZT,3,0.0100000000,True,0.1778660000,0.1791254286,0.1780830000,0,1,94.5033429376,-36.6542837501
2021-02-02,RUB_KZT,3,0.0100000000,True,0.1780830000,0.1793800000,0.1791230000,1,1,0.0000000000,72.3046047497
2021-02-03,RUB_KZT,3,0.0100000000,True,0.1780830000,0.1792331429,0.1787540000,1,1,20.6003695784,6.1452282422
2021-02-04,RUB_KZT,3,0.0100000000,True,0.1780830000,0.1790862857,0.1787540000,1,1,46.3842037564,-27.9593874940
2021-02-05,RUB_KZT,3,0.0100000000,True,0.1780830000,0.1789394286,0.1787540000,1,1,42.7248065686,-32.5010218941
2021-02-06,RUB_KZT,3,0.0100000000,True,0.1773420000,0.1788335714,0.1773420000,1,1,78.9912393569,4.4494681807
2021-02-09,RUB_KZT,3,0.0100000000,True,0.1765640000,0.1777362857,0.1765640000,1,1,43.8700364268,22.1837489571
2021-02-10,RUB_KZT,3,0.0100000000,True,0.1763620000,0.1773945714,0.1763620000,1,1,44.6506691956,13.6177463958
2021-02-11,RUB_KZT,3,0.0100000000,True,0.1763620000,0.1770528571,0.1763620000,1,1,26.6352999723,12.4175992641
2021-02-12,RUB_KZT,3,0.0100000000,True,0.1763620000,0.1767111429,0.1763620000,1,1,11.4406107700,8.3267446955
2021-02-13,RUB_KZT,3,0.0100000000,True,0.1758060000,0.1764917143,0.1758060000,1,1,31.5260657058,7.3495963388
2021-02-16,RUB_KZT,3,0.0100000000,True,0.1758060000,0.1764205714,0.1758850000,1,1,0.0000000000,34.8355876866
2021-02-17,RUB_KZT,3,0.0100000000,True,0.1758060000,0.1765165714,0.1769240000,1,1,0.0000000000,35.7797244451
2021-02-18,RUB_KZT,3,0.0100000000,True,0.1758060000,0.1766407143,0.1770340000,1,1,0.0000000000,-16.0373963291
2021-02-19,RUB_KZT,3,0.0100000000,True,0.1758060000,0.1767648571,0.1770340000,1,1,11.7917209706,-27.0496559594
2021-02-20,RUB_KZT,3,0.0100000000,True,0.1758850000,0.1769684286,0.1772310000,1,1,0.0000000000,-3.7052613904
2021-02-21,RUB_KZT,3,0.0100000000,True,0.1769240000,0.1771607143,0.1772310000,1,1,0.0000000000,-3.9673420018
2021-02-25,RUB_KZT,3,0.0100000000,True,0.1770540000,0.1775321429,0.1770540000,1,1,23.3281493002,3.6130278219
2021-02-26,RUB_KZT,3,0.0100000000,True,0.1770540000,0.1776784286,0.1782550000,1,1,0.0000000000,35.1437468492
2021-02-27,RUB_KZT,3,0.0100000000,True,0.1770180000,0.1776480000,0.1770180000,1,1,69.3949678831,-34.1686931460
2021-03-02,RUB_KZT,3,0.0100000000,True,0.1752160000,0.1771392857,0.1752160000,0,0,101.7975573106,6.8469122361
2021-03-03,RUB_KZT,3,0.0100000000,True,0.1752160000,0.1769692857,0.1752160000,0,0,107.6094443378,-8.6294231848
2021-03-04,RUB_KZT,3,0.0100000000,True,0.1752160000,0.1767992857,0.1758540000,1,1,0.0000000000,89.5527212052
2021-03-05,RUB_KZT,3,0.0100000000,True,0.1752160000,0.1766292857,0.1770650000,1,1,0.0000000000,43.8933844493
2021-03-06,RUB_KZT,3,0.0100000000,True,0.1752160000,0.1766360000,0.1770650000,0,1,0.0000000000,-24.2872347653
2021-03-10,RUB_KZT,3,0.0100000000,True,0.1753750000,0.1764102857,0.1753750000,1,1,86.6552106179,-28.2134504629
2021-03-11,RUB_KZT,3,0.0100000000,True,0.1753750000,0.1761692857,0.1753750000,1,1,36.4171438960,8.7010464772
2021-03-12,RUB_KZT,3,0.0100000000,True,0.1753750000,0.1759282857,0.1753780000,1,1,0.0000000000,31.4495029631
2021-03-13,RUB_KZT,3,0.0100000000,True,0.1747560000,0.1755984286,0.1747560000,1,1,35.4662500428,12.5529922575
2021-03-16,RUB_KZT,3,0.0100000000,True,0.1741540000,0.1750485714,0.1741540000,1,1,34.4480303967,16.7137284346
2021-03-17,RUB_KZT,3,0.0100000000,True,0.1741540000,0.1751371429,0.1745430000,1,1,0.0000000000,56.1355998564
2021-03-18,RUB_KZT,3,0.0100000000,True,0.1741540000,0.1752257143,0.1757530000,1,1,0.0000000000,38.9619918799
2021-03-19,RUB_KZT,3,0.0100000000,True,0.1741540000,0.1753142857,0.1759980000,1,1,0.0000000000,-25.0244458931
2021-03-20,RUB_KZT,3,0.0100000000,True,0.1741540000,0.1756658571,0.1759980000,0,1,0.0000000000,-18.9076501572
2021-03-23,RUB_KZT,3,0.0100000000,True,0.1759980000,0.1778337143,0.1789990000,1,1,0.0000000000,34.6792669878
2021-03-24,RUB_KZT,3,0.0100000000,True,0.1759980000,0.1782095714,0.1786290000,0,1,20.6705065391,-44.2977649910
2021-03-25,RUB_KZT,3,0.0100000000,True,0.1759980000,0.1785854286,0.1786290000,0,0,124.8293133282,-128.8778959730
2021-03-26,RUB_KZT,3,0.0100000000,True,0.1772170000,0.1789612857,0.1786290000,0,1,61.7562131758,-43.4571244060
2021-03-27,RUB_KZT,3,0.0100000000,True,0.1786290000,0.1791840000,0.1786290000,1,1,0.0000000000,30.9737476560
2021-03-30,RUB_KZT,3,0.0100000000,True,0.1773250000,0.1782938571,0.1773250000,1,1,81.1630196447,-27.0420341379
2021-03-31,RUB_KZT,3,0.0100000000,True,0.1773250000,0.1782292857,0.1773250000,1,1,52.8978840846,-2.1721618621
2021-04-01,RUB_KZT,3,0.0100000000,True,0.1773250000,0.1781647143,0.1773250000,1,1,26.7715029724,20.4144960562
2021-04-02,RUB_KZT,3,0.0100000000,True,0.1773250000,0.1781001429,0.1781770000,1,1,0.0000000000,43.5228655468
2021-04-03,RUB_KZT,3,0.0100000000,True,0.1773250000,0.1781295714,0.1781770000,1,1,0.0000000000,-2.6625883085
2021-04-06,RUB_KZT,3,0.0100000000,True,0.1778120000,0.1784168571,0.1778120000,1,1,65.3697019812,-31.6754182420
2021-04-07,RUB_KZT,3,0.0100000000,True,0.1778120000,0.1783951429,0.1778350000,1,1,0.0000000000,32.6882698600
2021-04-08,RUB_KZT,3,0.0100000000,True,0.1778120000,0.1783734286,0.1778350000,0,0,106.9771581793,-77.6220673483
2021-04-09,RUB_KZT,3,0.0100000000,True,0.1778120000,0.1783517143,0.1780250000,1,1,0.0000000000,28.9716467141
2021-04-10,RUB_KZT,3,0.0100000000,True,0.1778120000,0.1783167143,0.1780250000,1,1,0.0000000000,16.3593349554
2021-04-13,RUB_KZT,3,0.0100000000,True,0.1757380000,0.1778620000,0.1757380000,0,0,167.7884265709,-49.1954436586
2021-04-14,RUB_KZT,3,0.0100000000,True,0.1756830000,0.1775274286,0.1756830000,0,0,139.3644129632,-35.9702967429
2021-04-15,RUB_KZT,3,0.0100000000,True,0.1756830000,0.1771928571,0.1756830000,1,1,3.1296589241,82.1058572177
2021-04-16,RUB_KZT,3,0.0100000000,True,0.1756830000,0.1768582857,0.1756830000,0,0,147.7697147792,-82.5358156005
2021-04-17,RUB_KZT,3,0.0100000000,True,0.1756830000,0.1765855714,0.1756830000,1,1,0.0000000000,51.1124108991
2021-04-20,RUB_KZT,3,0.0100000000,True,0.1756830000,0.1764180000,0.1767160000,1,1,6.3338385324,-23.2402589305
2021-04-21,RUB_KZT,3,0.0100000000,True,0.1743610000,0.1762291429,0.1743610000,0,0,133.3205067990,-27.6831138680
2021-04-22,RUB_KZT,3,0.0100000000,True,0.1743610000,0.1760402857,0.1743610000,0,0,183.2605170705,-89.5087325791
2021-04-23,RUB_KZT,3,0.0100000000,True,0.1743610000,0.1758514286,0.1743610000,0,0,133.2646732611,-49.1648794437
2021-04-24,RUB_KZT,3,0.0100000000,True,0.1738160000,0.1754211429,0.1738160000,1,1,31.2569898085,60.4341551922
2021-04-27,RUB_KZT,3,0.0100000000,True,0.1738090000,0.1742351429,0.1738090000,1,1,0.4027247204,24.0561605581
2021-04-28,RUB_KZT,3,0.0100000000,True,0.1738090000,0.1742090000,0.1738090000,1,1,40.7973825500,-17.9095224701
2021-04-29,RUB_KZT,3,0.0100000000,True,0.1738090000,0.1741828571,0.1738090000,1,1,34.8589873694,-13.4423594252
2021-04-30,RUB_KZT,3,0.0100000000,True,0.1738090000,0.1741567143,0.1741780000,1,1,0.0000000000,19.9655974873
2021-05-01,RUB_KZT,3,0.0100000000,True,0.1738090000,0.1742084286,0.1741780000,1,1,0.0000000000,1.7466761900
2021-05-05,RUB_KZT,3,0.0100000000,True,0.1737840000,0.1745767143,0.1737840000,1,1,95.6332425254,-50.7104122052
2021-05-06,RUB_KZT,3,0.0100000000,True,0.1737840000,0.1745204286,0.1737840000,1,1,93.3183598315,-51.6026367769
2021-05-07,RUB_KZT,3,0.0100000000,True,0.1737840000,0.1744641429,0.1737840000,1,1,60.1706742319,-21.3142446790
2021-05-08,RUB_KZT,3,0.0100000000,True,0.1737840000,0.1744078571,0.1737840000,1,1,0.0000000000,35.7700136380
2021-05-12,RUB_KZT,3,0.0100000000,True,0.1726260000,0.1735644286,0.1726260000,1,1,51.8080968160,2.2716965540
2021-05-13,RUB_KZT,3,0.0100000000,True,0.1726260000,0.1733990000,0.1726260000,1,1,64.1187982042,-19.6656266760
2021-05-14,RUB_KZT,3,0.0100000000,True,0.1726260000,0.1732335714,0.1726260000,1,1,62.2884380685,-27.3866414873
2021-05-15,RUB_KZT,3,0.0100000000,True,0.1726140000,0.1730664286,0.1726140000,1,1,0.6951444163,25.4485271964
2021-05-18,RUB_KZT,3,0.0100000000,True,0.1715810000,0.1724622857,0.1715810000,1,1,59.8445085567,-8.7969543652
2021-05-19,RUB_KZT,3,0.0100000000,True,0.1715340000,0.1723062857,0.1715340000,1,1,84.7971977041,-40.3185689271
2021-05-20,RUB_KZT,3,0.0100000000,True,0.1715340000,0.1721502857,0.1715340000,1,1,36.4772714072,-0.6804685607
2021-05-21,RUB_KZT,3,0.0100000000,True,0.1715340000,0.1719942857,0.1715340000,1,1,2.7392310337,24.0290375096
2021-05-22,RUB_KZT,3,0.0100000000,True,0.1715340000,0.1718792857,0.1715340000,1,1,0.0000000000,20.0888497326
2021-05-25,RUB_KZT,3,0.0100000000,True,0.1712890000,0.1716304286,0.1712890000,1,1,30.2661676629,-10.4044154675
2021-05-26,RUB_KZT,3,0.0100000000,True,0.1712890000,0.1716498571,0.1712890000,1,1,39.4261689743,-18.4761503692
2021-05-27,RUB_KZT,3,0.0100000000,True,0.1712890000,0.1716692857,0.1712890000,1,1,26.6090622198,-4.4687251651
2021-05-28,RUB_KZT,3,0.0100000000,True,0.1712890000,0.1716887143,0.1716700000,1,1,0.0000000000,23.2813372374
2021-05-29,RUB_KZT,3,0.0100000000,True,0.1709120000,0.1715605714,0.1709120000,1,1,44.1544824372,-6.3784219484
2021-06-01,RUB_KZT,3,0.0100000000,True,0.1709120000,0.1713972857,0.1710550000,1,1,0.0000000000,28.3135005472
2021-06-02,RUB_KZT,3,0.0100000000,True,0.1709120000,0.1713071429,0.1710390000,1,1,11.8545683886,3.8026935746
2021-06-03,RUB_KZT,3,0.0100000000,True,0.1709120000,0.1712170000,0.1710390000,1,1,30.4846061482,-20.1498682958
2021-06-04,RUB_KZT,3,0.0100000000,True,0.1709120000,0.1711268571,0.1710390000,1,1,0.9353716641,4.1990570070
2021-06-05,RUB_KZT,3,0.0100000000,True,0.1707970000,0.1711104286,0.1707970000,1,1,14.1488198598,4.1744136827
2021-06-08,RUB_KZT,3,0.0100000000,True,0.1688140000,0.1702497143,0.1688140000,0,0,116.1027418514,-32.1460577236
2021-06-09,RUB_KZT,3,0.0100000000,True,0.1677840000,0.1697847143,0.1677840000,0,0,140.5024239753,-22.9870937397
2021-06-10,RUB_KZT,3,0.0100000000,True,0.1677840000,0.1693197143,0.1677840000,1,1,61.0138969517,29.8674190331
2021-06-11,RUB_KZT,3,0.0100000000,True,0.1677840000,0.1688547143,0.1677840000,1,1,62.8386982143,0.5753043826
2021-06-12,RUB_KZT,3,0.0100000000,True,0.1677840000,0.1684242857,0.1677840000,1,1,0.0000000000,38.0162345098
2021-06-16,RUB_KZT,3,0.0100000000,True,0.1677840000,0.1683915714,0.1685270000,1,1,0.0000000000,5.1410784897
2021-06-17,RUB_KZT,3,0.0100000000,True,0.1677840000,0.1684977143,0.1685270000,1,1,31.0555332087,-32.8957408494
2021-06-18,RUB_KZT,3,0.0100000000,True,0.1677840000,0.1686038571,0.1685270000,0,1,57.6974130557,-53.4473452988
2021-06-19,RUB_KZT,3,0.0100000000,True,0.1683050000,0.1690671429,0.1685270000,1,1,0.0000000000,31.9484228582
2021-06-22,RUB_KZT,3,0.0100000000,True,0.1685270000,0.1695135714,0.1686730000,0,0,137.6390862262,-89.2806728496
2021-06-23,RUB_KZT,3,0.0100000000,True,0.1685270000,0.1695468571,0.1686730000,0,0,153.9889440842,-104.0504605554
2021-06-24,RUB_KZT,3,0.0100000000,True,0.1685270000,0.1695801429,0.1686730000,1,1,78.2339135192,-24.9355340627
2021-06-25,RUB_KZT,3,0.0100000000,True,0.1686730000,0.1696134286,0.1687600000,1,1,0.0000000000,55.4454077928
2021-06-26,RUB_KZT,3,0.0100000000,True,0.1686730000,0.1693618571,0.1687600000,1,1,0.0000000000,35.5367585719
2021-06-29,RUB_KZT,3,0.0100000000,True,0.1687600000,0.1692672857,0.1688990000,1,1,21.6818498694,0.0759576359
2021-06-30,RUB_KZT,3,0.0100000000,True,0.1687600000,0.1697654286,0.1697780000,1,1,0.0000000000,51.0368087731
2021-07-01,RUB_KZT,3,0.0100000000,True,0.1687600000,0.1702635714,0.1706480000,1,1,0.0000000000,28.5188090733
2021-07-02,RUB_KZT,3,0.0100000000,True,0.1688990000,0.1707617143,0.1722470000,0,1,0.0000000000,6.6592377683
2021-07-03,RUB_KZT,3,0.0100000000,True,0.1688990000,0.1711564286,0.1720290000,0,1,12.6562436501,-63.7178187039
2021-07-06,RUB_KZT,3,0.0100000000,True,0.1718230000,0.1725795714,0.1718230000,1,1,11.9747251917,31.9024681782
2021-07-07,RUB_KZT,3,0.0100000000,True,0.1718230000,0.1727477143,0.1729140000,1,1,0.0000000000,53.5297552004
2021-07-08,RUB_KZT,3,0.0100000000,True,0.1718230000,0.1729158571,0.1734240000,1,1,0.0000000000,0.1074015355
2021-07-09,RUB_KZT,3,0.0100000000,True,0.1718230000,0.1730840000,0.1734240000,0,1,64.5087367516,-84.6987589841
2021-07-10,RUB_KZT,3,0.0100000000,True,0.1718230000,0.1733808571,0.1734240000,1,1,0.0000000000,-2.4883287494
2021-07-13,RUB_KZT,3,0.0100000000,True,0.1731580000,0.1735787143,0.1731580000,1,1,54.5067113901,-30.4349364759
2021-07-14,RUB_KZT,3,0.0100000000,True,0.1731580000,0.1736198571,0.1735120000,1,1,0.0000000000,26.6016313144
2021-07-15,RUB_KZT,3,0.0100000000,True,0.1731580000,0.1736610000,0.1737120000,1,1,0.0000000000,8.5799344700
2021-07-16,RUB_KZT,3,0.0100000000,True,0.1731580000,0.1737021429,0.1737120000,1,1,16.6664750980,-17.2627198447
2021-07-17,RUB_KZT,3,0.0100000000,True,0.1731580000,0.1736364286,0.1736470000,1,1,3.7418255503,-4.3522795990
2021-07-20,RUB_KZT,3,0.0100000000,True,0.1728520000,0.1736447143,0.1728520000,1,1,45.7825358342,-0.1316316650
2021-07-21,RUB_KZT,3,0.0100000000,True,0.1728520000,0.1735807143,0.1728520000,1,1,57.0054589486,-15.1103027410
2021-07-22,RUB_KZT,3,0.0100000000,True,0.1728520000,0.1735167143,0.1728520000,1,1,67.9748326486,-29.8694979570
2021-07-23,RUB_KZT,3,0.0100000000,True,0.1728520000,0.1734527143,0.1732640000,1,1,0.0000000000,34.6327405822
2021-07-24,RUB_KZT,3,0.0100000000,True,0.1728520000,0.1734772857,0.1732640000,1,1,0.0000000000,12.2947343456
2021-07-27,RUB_KZT,3,0.0100000000,True,0.1720930000,0.1731474286,0.1720930000,0,1,99.2986957697,-38.7861046573
2021-07-28,RUB_KZT,3,0.0100000000,True,0.1718910000,0.1729512857,0.1718910000,1,1,93.5942137567,-32.5938187384
2021-07-29,RUB_KZT,3,0.0100000000,True,0.1718910000,0.1727551429,0.1718910000,1,1,53.3524676963,-3.3490836742
2021-07-30,RUB_KZT,3,0.0100000000,True,0.1718910000,0.1725590000,0.1718910000,1,1,11.7378394240,27.0052561733
2021-07-31,RUB_KZT,3,0.0100000000,True,0.1718910000,0.1722884286,0.1718910000,1,1,0.0000000000,23.0676299461
2021-08-03,RUB_KZT,3,0.0100000000,True,0.1714820000,0.1718234286,0.1714820000,1,1,25.7670495856,-5.9113841119
2021-08-04,RUB_KZT,3,0.0100000000,True,0.1714820000,0.1718752857,0.1714820000,1,1,15.4296727163,7.4638836964
2021-08-05,RUB_KZT,3,0.0100000000,True,0.1714820000,0.1719271429,0.1719370000,1,1,0.0000000000,25.8913659440
2021-08-06,RUB_KZT,3,0.0100000000,True,0.1714820000,0.1719790000,0.1722540000,1,1,0.0000000000,2.4421586356
2021-08-07,RUB_KZT,3,0.0100000000,True,0.1714820000,0.1720312857,0.1722540000,1,1,0.0000000000,-12.9461501604
2021-08-10,RUB_KZT,3,0.0100000000,True,0.1722540000,0.1726471429,0.1727200000,1,1,0.0000000000,20.6283666934
2021-08-11,RUB_KZT,3,0.0100000000,True,0.1722540000,0.1727214286,0.1727740000,1,1,0.0000000000,0.0827095654
2021-08-12,RUB_KZT,3,0.0100000000,True,0.1722540000,0.1727957143,0.1727740000,1,1,47.4086533753,-46.3718511537
2021-08-13,RUB_KZT,3,0.0100000000,True,0.1722910000,0.1728700000,0.1727740000,1,1,22.2915222915,-16.7756117314
2021-08-14,RUB_KZT,3,0.0100000000,True,0.1724030000,0.1728860000,0.1724030000,1,1,21.4731383194,6.4782573488
2021-08-17,RUB_KZT,3,0.0100000000,True,0.1724030000,0.1728101429,0.1725710000,1,1,0.0000000000,23.5601250257
2021-08-18,RUB_KZT,3,0.0100000000,True,0.1724030000,0.1729841429,0.1725710000,1,1,13.3679008345,10.5294539797
2021-08-19,RUB_KZT,3,0.0100000000,True,0.1724030000,0.1731581429,0.1735730000,1,1,0.0000000000,33.9078975701
2021-08-20,RUB_KZT,3,0.0100000000,True,0.1724030000,0.1733321429,0.1739920000,1,1,0.0000000000,-13.8956998331
2021-08-21,RUB_KZT,3,0.0100000000,True,0.1725710000,0.1735497143,0.1739260000,1,1,3.7932778519,-25.4846696871
2021-08-24,RUB_KZT,3,0.0100000000,True,0.1731250000,0.1737540000,0.1731250000,1,1,46.0540689719,-9.8990526837
2021-08-25,RUB_KZT,3,0.0100000000,True,0.1730480000,0.1736191429,0.1730480000,1,1,46.0744669224,-13.2391589473
2021-08-26,RUB_KZT,3,0.0100000000,True,0.1730480000,0.1734842857,0.1730480000,1,1,4.4476534296,20.7099860835
2021-08-27,RUB_KZT,3,0.0100000000,True,0.1730480000,0.1733494286,0.1730480000,1,1,20.4149894465,-3.0326854265
2021-08-28,RUB_KZT,3,0.0100000000,True,0.1721840000,0.1731005714,0.1721840000,1,1,49.9283435810,3.0370453510
2021-08-31,RUB_KZT,3,0.0100000000,True,0.1709050000,0.1722274286,0.1709050000,1,1,74.2810017191,2.5215827577
2021-09-01,RUB_KZT,3,0.0100000000,True,0.1709050000,0.1719690000,0.1709050000,1,1,49.3152918161,12.6185533439
2021-09-02,RUB_KZT,3,0.0100000000,True,0.1709050000,0.1717105714,0.1709050000,1,1,40.9074221914,6.0317444471
2021-09-03,RUB_KZT,3,0.0100000000,True,0.1709050000,0.1714521429,0.1712390000,1,1,0.0000000000,31.9122787283
2021-09-04,RUB_KZT,3,0.0100000000,True,0.1709050000,0.1713048571,0.1711530000,1,1,5.0222204054,3.8444410716
2021-09-07,RUB_KZT,3,0.0100000000,True,0.1711530000,0.1714368571,0.1715230000,1,1,0.0000000000,16.5575330526
2021-09-08,RUB_KZT,3,0.0100000000,True,0.1706380000,0.1713510000,0.1706380000,1,1,60.0574361125,-18.5583976749
2021-09-09,RUB_KZT,3,0.0100000000,True,0.1706380000,0.1712651429,0.1706380000,1,1,78.9553245424,-42.6740158952
2021-09-10,RUB_KZT,3,0.0100000000,True,0.1706380000,0.1711792857,0.1706380000,1,1,51.5965788845,-20.0791985012
2021-09-11,RUB_KZT,3,0.0100000000,True,0.1706380000,0.1712114286,0.1706380000,1,1,0.0000000000,33.4924237367
2021-09-14,RUB_KZT,3,0.0100000000,True,0.1702900000,0.1707047143,0.1702900000,1,1,63.4853948581,-39.4415419107
2021-09-15,RUB_KZT,3,0.0100000000,True,0.1702900000,0.1706691429,0.1702900000,1,1,17.9956271212,4.2270592056
2021-09-16,RUB_KZT,3,0.0100000000,True,0.1702900000,0.1706335714,0.1702900000,1,1,27.1735947621,-7.0577302239
2021-09-17,RUB_KZT,3,0.0100000000,True,0.1702900000,0.1705980000,0.1703890000,1,1,0.0000000000,18.0541389700
2021-09-18,RUB_KZT,3,0.0100000000,True,0.1702900000,0.1706865714,0.1703890000,1,1,0.0000000000,17.4337925990
2021-09-21,RUB_KZT,3,0.0100000000,True,0.1703890000,0.1710011429,0.1710160000,1,1,57.0936871359,-58.2953497387
2021-09-22,RUB_KZT,3,0.0100000000,True,0.1703890000,0.1711860000,0.1710160000,1,1,41.3449332076,-31.5446356595
2021-09-23,RUB_KZT,3,0.0100000000,True,0.1703890000,0.1713708571,0.1710160000,1,1,4.9678260209,15.7469681459
2021-09-24,RUB_KZT,3,0.0100000000,True,0.1710160000,0.1715557143,0.1716830000,1,1,0.0000000000,31.4600004996
2021-09-25,RUB_KZT,3,0.0100000000,True,0.1710080000,0.1714142857,0.1710080000,1,1,39.3166475423,-15.6763063589
2021-09-28,RUB_KZT,3,0.0100000000,True,0.1706530000,0.1711940000,0.1706530000,1,1,20.7592627246,10.8648667593
2021-09-29,RUB_KZT,3,0.0100000000,True,0.1706530000,0.1710960000,0.1706530000,1,1,4.3929525327,21.5083929490
2021-09-30,RUB_KZT,3,0.0100000000,True,0.1706530000,0.1709980000,0.1706530000,1,1,15.6213433185,4.5614568591
2021-10-01,RUB_KZT,3,0.0100000000,True,0.1706530000,0.1709000000,0.1709970000,1,1,0.0000000000,14.4528964307
2021-10-02,RUB_KZT,3,0.0100000000,True,0.1706530000,0.1709451429,0.1709970000,1,1,0.0000000000,-3.0335546240
2021-10-05,RUB_KZT,3,0.0100000000,True,0.1697040000,0.1707652857,0.1697040000,1,1,94.5576801849,-32.7182590640
2021-10-06,RUB_KZT,3,0.0100000000,True,0.1692450000,0.1705150000,0.1692450000,1,1,89.3013995432,-14.9546960678
2021-10-07,RUB_KZT,3,0.0100000000,True,0.1692450000,0.1702647143,0.1692450000,1,1,77.5643731532,-17.8125993726
2021-10-08,RUB_KZT,3,0.0100000000,True,0.1692450000,0.1700144286,0.1692450000,1,1,27.0470937633,18.2589544921
2021-10-09,RUB_KZT,3,0.0100000000,True,0.1685580000,0.1696192857,0.1685580000,1,1,40.5920411238,22.0662239385
2021-10-12,RUB_KZT,3,0.0100000000,True,0.1684890000,0.1689075714,0.1684890000,1,1,4.0935464351,20.6960188708
2021-10-13,RUB_KZT,3,0.0100000000,True,0.1672230000,0.1686187143,0.1672230000,0,1,99.9342849193,-17.3341206831
2021-10-14,RUB_KZT,3,0.0100000000,True,0.1672230000,0.1683298571,0.1672230000,1,1,85.2009960868,-19.6128519769
2021-10-15,RUB_KZT,3,0.0100000000,True,0.1672230000,0.1680410000,0.1672230000,1,1,75.1384363371,-26.6601603180
2021-10-16,RUB_KZT,3,0.0100000000,True,0.1672230000,0.1678535714,0.1672230000,1,1,0.0000000000,37.5667567395
2021-10-19,RUB_KZT,3,0.0100000000,True,0.1665270000,0.1669757143,0.1665270000,1,1,42.9905647968,-16.1871272982
2021-10-20,RUB_KZT,3,0.0100000000,True,0.1663630000,0.1668528571,0.1663630000,1,1,20.6948676728,8.6817298390
2021-10-21,RUB_KZT,3,0.0100000000,True,0.1663630000,0.1667300000,0.1663630000,1,1,19.0184785217,2.9988604330
2021-10-22,RUB_KZT,3,0.0100000000,True,0.1663630000,0.1666071429,0.1663630000,1,1,9.8482528359,4.8102893891
2021-10-23,RUB_KZT,3,0.0100000000,True,0.1649450000,0.1662784286,0.1649450000,1,1,85.2352987143,-5.0861334990
2021-10-26,RUB_KZT,3,0.0100000000,True,0.1633650000,0.1651322857,0.1633650000,1,1,95.7895055928,11.3415564664
2021-10-27,RUB_KZT,3,0.0100000000,True,0.1633650000,0.1649290000,0.1635860000,1,1,0.0000000000,94.8286838579
2021-10-28,RUB_KZT,3,0.0100000000,True,0.1633650000,0.1647257143,0.1649400000,1,1,0.0000000000,69.1886079023
2021-10-29,RUB_KZT,3,0.0100000000,True,0.1633650000,0.1645224286,0.1649400000,1,1,0.0606277396,-25.4416028383
2021-10-30,RUB_KZT,3,0.0100000000,True,0.1633650000,0.1646775714,0.1649400000,1,1,0.0000000000,-15.9359024518
2021-11-02,RUB_KZT,3,0.0100000000,True,0.1649400000,0.1659540000,0.1668520000,1,1,0.0000000000,-4.6398399557
2021-11-03,RUB_KZT,3,0.0100000000,True,0.1649400000,0.1662271429,0.1668520000,0,1,16.2156016826,-53.8935535713
2021-11-04,RUB_KZT,3,0.0100000000,True,0.1649400000,0.1665002857,0.1668520000,0,1,0.0000000000,-21.1239448753
2021-11-09,RUB_KZT,3,0.0100000000,True,0.1648670000,0.1661970000,0.1648670000,1,1,85.6926370481,-5.7161079923
2021-11-10,RUB_KZT,3,0.0100000000,True,0.1648670000,0.1662077143,0.1648670000,1,1,67.9538540317,12.7980994521
2021-11-11,RUB_KZT,3,0.0100000000,True,0.1648670000,0.1662184286,0.1656690000,1,1,0.0000000000,81.3043765991
2021-11-12,RUB_KZT,3,0.0100000000,True,0.1648670000,0.1662291429,0.1669270000,1,1,0.0000000000,33.6970309487
2021-11-13,RUB_KZT,3,0.0100000000,True,0.1648670000,0.1664560000,0.1669270000,0,1,0.0000000000,-28.2957658480
2021-11-16,RUB_KZT,3,0.0100000000,True,0.1669270000,0.1675734286,0.1675180000,1,1,21.5630212056,-18.2947518103
2021-11-17,RUB_KZT,3,0.0100000000,True,0.1669270000,0.1677825714,0.1675180000,1,1,45.4591372866,-29.8260163238
2021-11-18,RUB_KZT,3,0.0100000000,True,0.1669270000,0.1679917143,0.1675180000,1,1,61.3460534434,-33.3519850469
2021-11-19,RUB_KZT,3,0.0100000000,True,0.1675180000,0.1682008571,0.1683910000,1,1,0.0000000000,40.5977207522
2021-11-20,RUB_KZT,3,0.0100000000,True,0.1675180000,0.1684260000,0.1683910000,1,1,0.0000000000,2.0780639569
2021-11-23,RUB_KZT,3,0.0100000000,True,0.1683910000,0.1701858571,0.1718800000,1,1,0.0000000000,42.8858869421
2021-11-24,RUB_KZT,3,0.0100000000,True,0.1683910000,0.1708992857,0.1718800000,0,1,33.9199257820,-91.6161983457
2021-11-25,RUB_KZT,3,0.0100000000,True,0.1683910000,0.1716127143,0.1723270000,0,1,0.0000000000,-15.5749365889
2021-11-26,RUB_KZT,3,0.0100000000,True,0.1694560000,0.1723261429,0.1733850000,0,1,0.0000000000,-0.0497395719
2021-11-27,RUB_KZT,3,0.0100000000,True,0.1711520000,0.1725684286,0.1711520000,0,0,128.7885341869,-47.3187033881
2021-11-30,RUB_KZT,3,0.0100000000,True,0.1679260000,0.1713207143,0.1679260000,0,0,188.4874263812,9.8478626136
2021-12-01,RUB_KZT,3,0.0100000000,True,0.1679260000,0.1705675714,0.1679260000,0,0,147.6740024524,7.3033477306
2021-12-02,RUB_KZT,3,0.0100000000,True,0.1679260000,0.1698144286,0.1679260000,1,1,96.8927103421,14.4527513647
2021-12-03,RUB_KZT,3,0.0100000000,True,0.1679260000,0.1690612857,0.1681130000,1,1,0.0000000000,67.1523175450
2021-12-04,RUB_KZT,3,0.0100000000,True,0.1679260000,0.1686415714,0.1681130000,1,1,0.0000000000,31.3428903736
2021-12-07,RUB_KZT,3,0.0100000000,True,0.1681130000,0.1686211429,0.1690020000,1,1,0.0000000000,24.1454215198
2021-12-08,RUB_KZT,3,0.0100000000,True,0.1681130000,0.1686808571,0.1685310000,1,1,73.1565089855,-64.7461054942
2021-12-09,RUB_KZT,3,0.0100000000,True,0.1681130000,0.1687405714,0.1685310000,1,1,27.8694926687,-15.4929291287
2021-12-10,RUB_KZT,3,0.0100000000,True,0.1682140000,0.1688002857,0.1685310000,1,1,28.9314873979,-13.0162271222
2021-12-11,RUB_KZT,3,0.0100000000,True,0.1683730000,0.1688230000,0.1683730000,1,1,9.3751297981,17.2962214864
2021-12-14,RUB_KZT,3,0.0100000000,True,0.1679120000,0.1683235714,0.1679120000,1,1,27.3796867669,-2.9365210712
2021-12-15,RUB_KZT,3,0.0100000000,True,0.1679120000,0.1682990000,0.1679890000,1,1,0.0000000000,22.9947890362
2021-12-16,RUB_KZT,3,0.0100000000,True,0.1679120000,0.1682744286,0.1679890000,1,1,24.2876993789,-7.3434466318
2021-12-17,RUB_KZT,3,0.0100000000,True,0.1679120000,0.1682498571,0.1683590000,1,1,0.0000000000,15.5041524128
2021-12-18,RUB_KZT,3,0.0100000000,True,0.1679120000,0.1683567143,0.1683590000,1,1,0.0000000000,-0.1357661496
2021-12-21,RUB_KZT,3,0.0100000000,True,0.1681370000,0.1685827143,0.1681370000,1,1,58.1831942810,-31.9300656990
2021-12-22,RUB_KZT,3,0.0100000000,True,0.1681370000,0.1686752857,0.1681370000,1,1,27.3431476055,4.5819228323
2021-12-23,RUB_KZT,3,0.0100000000,True,0.1681370000,0.1687678571,0.1681370000,1,1,59.6526078063,-22.4060945932
2021-12-24,RUB_KZT,3,0.0100000000,True,0.1681370000,0.1688604286,0.1690070000,1,1,0.0000000000,42.8418059547
2021-12-25,RUB_KZT,3,0.0100000000,True,0.1681370000,0.1688421429,0.1689930000,1,1,0.8283680558,-9.7639807259
2021-12-28,RUB_KZT,3,0.0100000000,True,0.1689930000,0.1690600000,0.1690000000,1,1,0.0000000000,3.9630900272
2021-12-29,RUB_KZT,3,0.0100000000,True,0.1689930000,0.1690590000,0.1690000000,1,1,14.6530535073,-11.1795290402
2021-12-30,RUB_KZT,3,0.0100000000,True,0.1689930000,0.1690580000,0.1690000000,1,1,9.3403799998,-5.9151297188
2021-12-31,RUB_KZT,3,0.0100000000,True,0.1689930000,0.1690570000,0.1690000000,1,1,0.0000000000,3.3716438834
2022-01-11,RUB_KZT,3,0.0100000000,True,0.1690000000,0.1705707143,0.1713670000,0,1,55.7657490367,-103.0238820096
2022-01-12,RUB_KZT,3,0.0100000000,True,0.1690000000,0.1712388571,0.1713670000,0,1,28.5700985697,-36.1566800593
2022-01-13,RUB_KZT,3,0.0100000000,True,0.1690000000,0.1719070000,0.1714420000,0,1,0.0000000000,31.4123334128
2022-01-14,RUB_KZT,3,0.0100000000,True,0.1713670000,0.1725751429,0.1736770000,1,1,0.0000000000,65.6608384257
2022-01-15,RUB_KZT,3,0.0100000000,True,0.1713670000,0.1729032857,0.1736770000,0,1,0.0000000000,-44.7483853484
2022-01-18,RUB_KZT,3,0.0100000000,True,0.1736770000,0.1745918571,0.1752000000,1,1,0.0000000000,-1.8983048629
2022-01-19,RUB_KZT,3,0.0100000000,True,0.1736770000,0.1748972857,0.1753230000,1,1,0.0000000000,-17.3081179893
2022-01-20,RUB_KZT,3,0.0100000000,True,0.1736770000,0.1752027143,0.1753230000,0,1,36.4279057080,-43.4517077769
2022-01-21,RUB_KZT,3,0.0100000000,True,0.1746250000,0.1755081429,0.1758150000,1,1,0.0000000000,10.5489610983
2022-01-22,RUB_KZT,3,0.0100000000,True,0.1752000000,0.1759048571,0.1758150000,1,1,0.0000000000,5.1082809376
2022-01-25,RUB_KZT,3,0.0100000000,True,0.1758150000,0.1782648571,0.1801650000,1,1,0.0000000000,48.4030984394
2022-01-26,RUB_KZT,3,0.0100000000,True,0.1758150000,0.1786924286,0.1788080000,0,1,75.3198456970,-82.4081602306
2022-01-27,RUB_KZT,3,0.0100000000,True,0.1758150000,0.1791200000,0.1788080000,0,0,130.2113519570,-114.2809289862
2022-01-28,RUB_KZT,3,0.0100000000,True,0.1774020000,0.1795475714,0.1788080000,0,0,157.8092748039,-118.4882955810
2022-01-29,RUB_KZT,3,0.0100000000,True,0.1783790000,0.1796871429,0.1783790000,1,1,23.9922151134,48.9263084250
2022-02-01,RUB_KZT,3,0.0100000000,True,0.1762530000,0.1778690000,0.1762530000,0,0,119.1844331452,-28.6727872760
2022-02-02,RUB_KZT,3,0.0100000000,True,0.1759420000,0.1774595714,0.1759420000,0,1,99.9893089653,-14.6190238904
2022-02-03,RUB_KZT,3,0.0100000000,True,0.1759420000,0.1770501429,0.1759420000,1,1,17.6450897290,45.0235647528
2022-02-04,RUB_KZT,3,0.0100000000,True,0.1759420000,0.1766407143,0.1759420000,1,1,20.7591260748,18.8356510593
2022-02-05,RUB_KZT,3,0.0100000000,True,0.1756950000,0.1762572857,0.1756950000,1,1,14.0387173046,17.8878117298
2022-02-08,RUB_KZT,3,0.0100000000,True,0.1750180000,0.1757277143,0.1750180000,1,1,38.5326844816,1.8616463457
2022-02-09,RUB_KZT,3,0.0100000000,True,0.1746310000,0.1755404286,0.1746310000,1,1,75.8105305032,-24.1865325285
2022-02-10,RUB_KZT,3,0.0100000000,True,0.1746310000,0.1753531429,0.1746310000,1,1,54.6158665072,-13.5074364222
2022-02-11,RUB_KZT,3,0.0100000000,True,0.1746310000,0.1751658571,0.1746310000,1,1,22.1120113360,8.4409796103
2022-02-12,RUB_KZT,3,0.0100000000,True,0.1746310000,0.1754451429,0.1746310000,1,1,0.0000000000,46.4044113097
2022-02-15,RUB_KZT,3,0.0100000000,True,0.1746310000,0.1758295714,0.1755330000,0,0,119.1669012102,-103.5336978096
2022-02-16,RUB_KZT,3,0.0100000000,True,0.1746310000,0.1761581429,0.1755330000,0,1,79.7988075391,-44.6676565781
2022-02-17,RUB_KZT,3,0.0100000000,True,0.1746310000,0.1764867143,0.1767860000,1,1,0.0000000000,54.0388714003
2022-02-18,RUB_KZT,3,0.0100000000,True,0.1755330000,0.1768152857,0.1769310000,1,1,0.0000000000,1.6562886047
2022-02-19,RUB_KZT,3,0.0100000000,True,0.1755330000,0.1770838571,0.1769310000,1,1,0.0000000000,8.6319072401
2022-02-22,RUB_KZT,3,0.0100000000,True,0.1769310000,0.1807130000,0.1846810000,0,1,0.0000000000,65.4629163370
2022-02-23,RUB_KZT,3,0.0100000000,True,0.1769310000,0.1811541429,0.1800190000,0,0,252.4352802941,-194.6881858307
2022-02-25,RUB_KZT,3,0.0100000000,True,0.1795300000,0.1820364286,0.1800190000,0,0,285.3118625409,-179.6108314270
2022-02-26,RUB_KZT,3,0.0100000000,True,0.1800190000,0.1833025714,0.1800190000,1,1,0.0000000000,179.1339533854
2022-03-01,RUB_KZT,3,0.0100000000,True,0.1800190000,0.1929551429,0.1866210000,0,1,94.0586964484,236.4354113391
2022-03-02,RUB_KZT,3,0.0100000000,True,0.1800190000,0.1973130000,0.2098060000,0,1,0.0000000000,541.8801599489
2022-03-03,RUB_KZT,3,0.0100000000,True,0.1800190000,0.2012167143,0.2073450000,0,0,117.2988379741,-426.8674073511
2022-03-04,RUB_KZT,3,0.0100000000,True,0.1866210000,0.2051204286,0.2073450000,0,0,817.6822004437,-1008.6060941203
2022-03-05,RUB_KZT,3,0.0100000000,True,0.1866210000,0.2078278571,0.2073450000,0,0,151.0041610458,-129.7296182624
2022-03-06,RUB_KZT,3,0.0100000000,True,0.2073450000,0.2107884286,0.2073450000,1,1,0.0000000000,163.3594687700
2022-03-10,RUB_KZT,3,0.0100000000,True,0.2073450000,0.2201317143,0.2283760000,0,1,98.4621521199,-477.6815439068
2022-03-11,RUB_KZT,3,0.0100000000,True,0.2073450000,0.2231361429,0.2283760000,0,0,134.4346143213,-374.2942329251
2022-03-12,RUB_KZT,3,0.0100000000,True,0.2073450000,0.2256444286,0.2249030000,0,0,152.0737730760,-121.0564535480
2022-03-15,RUB_KZT,3,0.0100000000,True,0.2061410000,0.2207504286,0.2061410000,0,0,834.2263108985,-188.1115907880
2022-03-16,RUB_KZT,3,0.0100000000,True,0.2048930000,0.2173957143,0.2048930000,0,0,561.1885293101,14.7525578767
2022-03-17,RUB_KZT,3,0.0100000000,True,0.2048930000,0.2140410000,0.2048930000,0,0,335.5093723763,95.0752425937
2022-03-18,RUB_KZT,3,0.0100000000,True,0.2048930000,0.2106862857,0.2048930000,1,1,60.5410859557,215.7371420202
2022-03-19,RUB_KZT,3,0.0100000000,True,0.2048930000,0.2080331429,0.2048930000,1,1,0.0000000000,150.9443550204
2022-03-22,RUB_KZT,3,0.0100000000,True,0.1945150000,0.2033817143,0.1945150000,0,0,572.6720657584,-145.0123343017
2022-03-23,RUB_KZT,3,0.0100000000,True,0.1939770000,0.2018222857,0.1939770000,0,0,543.8422876865,-164.0410658316
2022-03-24,RUB_KZT,3,0.0100000000,True,0.1939770000,0.2002628571,0.1939770000,0,0,445.1417143645,-137.3765907664
2022-03-25,RUB_KZT,3,0.0100000000,True,0.1939770000,0.1987034286,0.1939770000,1,1,27.6585353315,210.7879366522
2022-03-26,RUB_KZT,3,0.0100000000,True,0.1939770000,0.1970462857,0.1939770000,1,1,0.0000000000,155.7647079294
2022-03-29,RUB_KZT,3,0.0100000000,True,0.1773490000,0.1884890000,0.1773490000,0,0,892.6159676682,-331.1599085358
2022-03-30,RUB_KZT,3,0.0100000000,True,0.1754490000,0.1858421429,0.1754490000,0,0,504.1052591699,58.0677149193
2022-03-31,RUB_KZT,3,0.0100000000,True,0.1754490000,0.1831952857,0.1754490000,0,0,287.8510260228,138.9929715908
2022-04-01,RUB_KZT,3,0.0100000000,True,0.1754490000,0.1805484286,0.1754490000,0,0,107.1333923507,177.2061156524
2022-04-02,RUB_KZT,3,0.0100000000,True,0.1754490000,0.1780002857,0.1754490000,1,1,0.0000000000,143.3304280410
2022-04-05,RUB_KZT,3,0.0100000000,True,0.1649750000,0.1747075714,0.1649750000,0,0,673.7933451672,-125.1479002055
2022-04-06,RUB_KZT,3,0.0100000000,True,0.1631180000,0.1729460000,0.1631180000,0,0,748.1750789807,-194.4537601332
2022-04-07,RUB_KZT,3,0.0100000000,True,0.1631180000,0.1711844286,0.1631180000,0,0,858.0491851055,-423.1442946663
2022-04-08,RUB_KZT,3,0.0100000000,True,0.1631180000,0.1694228571,0.1631180000,0,0,112.5625094711,262.5299335559
2022-04-09,RUB_KZT,3,0.0100000000,True,0.1631180000,0.1694571429,0.1631180000,1,1,0.0000000000,374.0853144495
2022-04-12,RUB_KZT,3,0.0100000000,True,0.1631180000,0.1716765714,0.1771350000,0,1,0.0000000000,-317.8901189612
2022-04-13,RUB_KZT,3,0.0100000000,True,0.1631180000,0.1738872857,0.1775410000,0,1,0.0000000000,-186.7712335823
2022-04-14,RUB_KZT,3,0.0100000000,True,0.1631180000,0.1760980000,0.1785930000,0,1,0.0000000000,-81.9430090063
2022-04-15,RUB_KZT,3,0.0100000000,True,0.1771340000,0.1783087143,0.1785930000,0,0,109.5961721640,-126.9307405054
2022-04-16,RUB_KZT,3,0.0100000000,True,0.1749020000,0.1779898571,0.1749020000,0,0,206.6710341391,-33.8863611008
2022-04-19,RUB_KZT,3,0.0100000000,True,0.1689050000,0.1755768571,0.1689050000,0,0,342.8777258122,38.4365658344
2022-04-20,RUB_KZT,3,0.0100000000,True,0.1655370000,0.1737117143,0.1655370000,0,0,577.2492856248,-113.1924650200
2022-04-21,RUB_KZT,3,0.0100000000,True,0.1655370000,0.1718465714,0.1655370000,0,0,474.0064681713,-112.1598502319
2022-04-22,RUB_KZT,3,0.0100000000,True,0.1655370000,0.1699814286,0.1655370000,0,0,199.4020307273,63.3262457243
2022-04-23,RUB_KZT,3,0.0100000000,True,0.1652310000,0.1685998571,0.1652310000,1,1,18.4852933181,181.6642786513
2022-04-26,RUB_KZT,3,0.0100000000,True,0.1606870000,0.1636498571,0.1606870000,0,0,275.0089268963,-96.6174297215
2022-04-27,RUB_KZT,3,0.0100000000,True,0.1583620000,0.1626248571,0.1583620000,0,0,236.8020320216,25.9405081283
2022-04-28,RUB_KZT,3,0.0100000000,True,0.1583620000,0.1615998571,0.1583620000,0,0,144.6912320225,56.4887345197
2022-04-29,RUB_KZT,3,0.0100000000,True,0.1583620000,0.1605748571,0.1583620000,0,0,152.6579901379,-15.0797491869
2022-04-30,RUB_KZT,3,0.0100000000,True,0.1583620000,0.1595935714,0.1583620000,1,1,0.0000000000,77.1692379303
2022-05-05,RUB_KZT,3,0.0100000000,True,0.1516260000,0.1569882857,0.1516260000,0,0,353.2300958149,-12.0846141386
2022-05-06,RUB_KZT,3,0.0100000000,True,0.1516260000,0.1568671429,0.1575140000,1,1,0.0000000000,334.1134900325
2022-05-07,RUB_KZT,3,0.0100000000,True,0.1516260000,0.1567460000,0.1575140000,0,1,0.0000000000,-48.9964656195
2022-05-12,RUB_KZT,3,0.0100000000,True,0.1467010000,0.1532902857,0.1467010000,0,0,741.0866999489,-336.1409538579
2022-05-13,RUB_KZT,3,0.0100000000,True,0.1467010000,0.1517455714,0.1467010000,0,0,130.7813919069,204.3269796530
2022-05-14,RUB_KZT,3,0.0100000000,True,0.1467010000,0.1504278571,0.1467010000,1,1,0.0000000000,247.7504641523
2022-05-17,RUB_KZT,3,0.0100000000,True,0.1442210000,0.1467724286,0.1442210000,0,0,274.3947670106,-103.3962198038
2022-05-18,RUB_KZT,3,0.0100000000,True,0.1364970000,0.1453147143,0.1364970000,0,0,772.3665174889,-179.4233796007
2022-05-19,RUB_KZT,3,0.0100000000,True,0.1364970000,0.1438570000,0.1364970000,0,0,706.3341299508,-209.5136142141
2022-05-20,RUB_KZT,3,0.0100000000,True,0.1364970000,0.1423992857,0.1364970000,0,0,535.5669424009,-127.9300157003
2022-05-21,RUB_KZT,3,0.0100000000,True,0.1364970000,0.1407800000,0.1364970000,1,1,0.0000000000,304.2335559028
2022-05-24,RUB_KZT,3,0.0100000000,True,0.1340950000,0.1378650000,0.1340950000,0,0,208.8277171334,66.0066006601
2022-05-25,RUB_KZT,3,0.0100000000,True,0.1340950000,0.1408438571,0.1350400000,1,1,0.0000000000,479.1729848759
2022-05-26,RUB_KZT,3,0.0100000000,True,0.1340950000,0.1438227143,0.1494740000,1,1,0.0000000000,610.6625319466
2022-05-27,RUB_KZT,3,0.0100000000,True,0.1340950000,0.1468015714,0.1573490000,0,1,0.0000000000,-182.0435943173
2022-05-28,RUB_KZT,3,0.0100000000,True,0.1340950000,0.1480395714,0.1456210000,0,0,745.3495096887,-628.8473062704
2022-05-31,RUB_KZT,3,0.0100000000,True,0.1441470000,0.1507247143,0.1441470000,0,0,101.2216644577,338.6116410902
2022-06-01,RUB_KZT,3,0.0100000000,True,0.1431810000,0.1487007143,0.1431810000,1,1,67.0149222669,306.2335179483
2022-06-02,RUB_KZT,3,0.0100000000,True,0.1431810000,0.1466767143,0.1431810000,0,0,341.6618323597,-106.9894237765
2022-06-03,RUB_KZT,3,0.0100000000,True,0.1431810000,0.1446527143,0.1431810000,0,0,126.2654125176,-24.8378135218
2022-06-04,RUB_KZT,3,0.0100000000,True,0.1414730000,0.1440601429,0.1414730000,0,0,119.2895705436,61.0260992185
2022-06-07,RUB_KZT,3,0.0100000000,True,0.1347090000,0.1410178571,0.1347090000,0,0,478.1124313473,-32.2755476763
2022-06-08,RUB_KZT,3,0.0100000000,True,0.1329730000,0.1395595714,0.1329730000,0,0,578.7788184948,-113.3873194959
2022-06-09,RUB_KZT,3,0.0100000000,True,0.1329730000,0.1381012857,0.1329730000,0,0,519.3999629255,-156.1690229428
2022-06-10,RUB_KZT,3,0.0100000000,True,0.1329730000,0.1366430000,0.1329730000,0,0,128.8703798558,141.5367051367
2022-06-11,RUB_KZT,3,0.0100000000,True,0.1329730000,0.1354287143,0.1329730000,1,1,0.0000000000,181.3289226488
2022-06-15,RUB_KZT,3,0.0100000000,True,0.1282540000,0.1311084286,0.1282540000,0,0,201.5402010818,16.5076016688
2022-06-16,RUB_KZT,3,0.0100000000,True,0.1282540000,0.1304342857,0.1282540000,0,0,133.0173945824,34.5987032332
2022-06-17,RUB_KZT,3,0.0100000000,True,0.1282540000,0.1297601429,0.1282540000,0,0,112.3266338244,3.7872073859
2022-06-18,RUB_KZT,3,0.0100000000,True,0.1257030000,0.1287215714,0.1257030000,0,0,198.9021784896,36.3242480170
2022-06-21,RUB_KZT,3,0.0100000000,True,0.1175000000,0.1243330000,0.1175000000,0,0,652.5699466202,-110.1879629704
2022-06-22,RUB_KZT,3,0.0100000000,True,0.1147210000,0.1223997143,0.1147210000,0,0,704.9796632691,-83.5202696552
2022-06-23,RUB_KZT,3,0.0100000000,True,0.1147210000,0.1204664286,0.1147210000,0,0,355.0410277105,126.3778290336
2022-06-24,RUB_KZT,3,0.0100000000,True,0.1147210000,0.1185331429,0.1147210000,0,0,236.5106382979,87.1606735669
2022-06-25,RUB_KZT,3,0.0100000000,True,0.1133240000,0.1167647143,0.1133240000,0,0,121.7736944413,175.0284148954
2022-06-28,RUB_KZT,3,0.0100000000,True,0.1121760000,0.1139268571,0.1121760000,0,0,101.3024602026,52.9161567321
2022-06-29,RUB_KZT,3,0.0100000000,True,0.1121760000,0.1138690000,0.1121760000,0,0,238.3500848453,-91.8599443220
2022-06-30,RUB_KZT,3,0.0100000000,True,0.1121760000,0.1138111429,0.1129100000,1,1,0.0000000000,143.6715963037
2022-07-01,RUB_KZT,3,0.0100000000,True,0.1121760000,0.1137532857,0.1143160000,1,1,0.0000000000,74.1328664918
2022-07-02,RUB_KZT,3,0.0100000000,True,0.1121760000,0.1144352857,0.1143160000,0,1,0.0000000000,10.4238577761
2022-07-05,RUB_KZT,3,0.0100000000,True,0.1143160000,0.1222468571,0.1260600000,0,1,0.0000000000,339.3835424340
2022-07-06,RUB_KZT,3,0.0100000000,True,0.1143160000,0.1242554286,0.1283760000,0,1,0.0000000000,-145.2307918711
2022-07-07,RUB_KZT,3,0.0100000000,True,0.1143160000,0.1262640000,0.1283760000,0,0,424.2749731472,-617.7532788443
2022-07-08,RUB_KZT,3,0.0100000000,True,0.1180980000,0.1282725714,0.1283760000,0,0,459.4301342172,-490.0056575952
2022-07-09,RUB_KZT,3,0.0100000000,True,0.1260600000,0.1298420000,0.1283760000,0,1,0.0000000000,112.9064555383
2022-07-12,RUB_KZT,3,0.0100000000,True,0.1224110000,0.1266970000,0.1224110000,0,0,516.9502029686,-188.4022510399
2022-07-13,RUB_KZT,3,0.0100000000,True,0.1208890000,0.1256274286,0.1208890000,0,0,451.7846282650,-78.1335286198
2022-07-14,RUB_KZT,3,0.0100000000,True,0.1208890000,0.1245578571,0.1208890000,0,0,223.0543401781,73.1272328981
2022-07-15,RUB_KZT,3,0.0100000000,True,0.1208890000,0.1234882857,0.1208890000,0,0,124.3352313109,87.2378872259
2022-07-16,RUB_KZT,3,0.0100000000,True,0.1177460000,0.1218685714,0.1177460000,0,0,259.9905698616,80.3793313640
2022-07-19,RUB_KZT,3,0.0100000000,True,0.1141830000,0.1180661429,0.1141830000,0,0,302.6005129686,27.1155514524
2022-07-20,RUB_KZT,3,0.0100000000,True,0.1141830000,0.1178048571,0.1141830000,1,1,27.4242993266,280.7912358695
2022-07-21,RUB_KZT,3,0.0100000000,True,0.1141830000,0.1175435714,0.1173700000,1,1,0.0000000000,285.9000613754
2022-07-22,RUB_KZT,3,0.0100000000,True,0.1141830000,0.1172822857,0.1190600000,0,1,0.0000000000,-7.4789031592
2022-07-23,RUB_KZT,3,0.0100000000,True,0.1141830000,0.1175205714,0.1190600000,0,1,0.0000000000,-130.9922639684
2022-07-26,RUB_KZT,3,0.0100000000,True,0.1190600000,0.1215334286,0.1232570000,1,1,0.0000000000,174.3905850712
2022-07-27,RUB_KZT,3,0.0100000000,True,0.1190600000,0.1228184286,0.1253810000,0,1,0.0000000000,-35.7089268828
2022-07-28,RUB_KZT,3,0.0100000000,True,0.1190600000,0.1241034286,0.1253810000,0,1,9.6412806170,-112.6940201951
2022-07-29,RUB_KZT,3,0.0100000000,True,0.1194140000,0.1253884286,0.1280550000,0,1,0.0000000000,0.5924447346
2022-07-30,RUB_KZT,3,0.0100000000,True,0.1232570000,0.1269094286,0.1280550000,0,1,0.0000000000,-90.2668494742
2022-08-02,RUB_KZT,3,0.0100000000,True,0.1254600000,0.1275445714,0.1254600000,0,0,353.7570832148,-197.2979753856
2022-08-03,RUB_KZT,3,0.0100000000,True,0.1254600000,0.1273622857,0.1265210000,1,1,0.0000000000,149.3602053086
2022-08-04,RUB_KZT,3,0.0100000000,True,0.1254600000,0.1271800000,0.1265210000,1,1,6.6348090518,45.2115112439
2022-08-05,RUB_KZT,3,0.0100000000,True,0.1254600000,0.1269977143,0.1267790000,1,1,0.0000000000,37.5372335160
2022-08-06,RUB_KZT,3,0.0100000000,True,0.1254600000,0.1264447143,0.1261900000,0,1,46.4587983814,-26.4373023557
2022-08-09,RUB_KZT,3,0.0100000000,True,0.1261900000,0.1266295714,0.1263700000,1,1,0.0000000000,34.7131735196
2022-08-10,RUB_KZT,3,0.0100000000,True,0.1261900000,0.1267314286,0.1263700000,1,1,25.0222990520,3.5057263955
2022-08-11,RUB_KZT,3,0.0100000000,True,0.1261900000,0.1268332857,0.1268230000,1,1,0.0000000000,36.5271396760
2022-08-12,RUB_KZT,3,0.0100000000,True,0.1261900000,0.1269351429,0.1274920000,1,1,0.0000000000,8.8346579693
2022-08-13,RUB_KZT,3,0.0100000000,True,0.1263700000,0.1273274286,0.1274920000,1,1,0.0000000000,-12.9250571081
2022-08-16,RUB_KZT,3,0.0100000000,True,0.1259070000,0.1276851429,0.1259070000,0,0,234.9227523733,-97.9641886963
2022-08-17,RUB_KZT,3,0.0100000000,True,0.1242430000,0.1272210000,0.1242430000,0,0,368.3863715648,-139.4423876561
2022-08-18,RUB_KZT,3,0.0100000000,True,0.1242430000,0.1267568571,0.1242430000,0,0,254.0750851101,-57.2073869207
2022-08-19,RUB_KZT,3,0.0100000000,True,0.1242430000,0.1262927143,0.1242430000,0,0,132.1610394974,30.5412935256
2022-08-20,RUB_KZT,3,0.0100000000,True,0.1242430000,0.1257868571,0.1242430000,1,1,0.0000000000,122.7359660560
2022-08-23,RUB_KZT,3,0.0100000000,True,0.1242430000,0.1259142857,0.1263660000,1,1,0.0000000000,41.2412071704
2022-08-24,RUB_KZT,3,0.0100000000,True,0.1242430000,0.1266248571,0.1275320000,0,1,0.0000000000,20.4428378991
2022-08-25,RUB_KZT,3,0.0100000000,True,0.1242430000,0.1273354286,0.1292170000,0,1,0.0000000000,-15.4372927297
2022-08-26,RUB_KZT,3,0.0100000000,True,0.1253950000,0.1280460000,0.1292170000,0,1,12.4441558843,-104.0251159739
2022-08-27,RUB_KZT,3,0.0100000000,True,0.1263660000,0.1285544286,0.1289540000,0,1,20.3533590781,-51.5401480862
2022-08-30,RUB_KZT,3,0.0100000000,True,0.1275640000,0.1288312857,0.1275640000,0,0,107.7903748624,-9.5251929711
2022-08-31,RUB_KZT,3,0.0100000000,True,0.1275640000,0.1286660000,0.1275640000,0,0,108.4807270302,-23.0830211556
2022-09-01,RUB_KZT,3,0.0100000000,True,0.1275640000,0.1285007143,0.1275640000,1,1,87.2660020049,-14.4968621631
2022-09-02,RUB_KZT,3,0.0100000000,True,0.1275640000,0.1283354286,0.1280600000,1,1,0.0000000000,60.1103358609
2022-09-03,RUB_KZT,3,0.0100000000,True,0.1275640000,0.1283282857,0.1280600000,1,1,0.0000000000,20.9062026187
2022-09-06,RUB_KZT,3,0.0100000000,True,0.1280600000,0.1285500000,0.1285160000,1,1,30.0999193198,-27.5379229872
2022-09-07,RUB_KZT,3,0.0100000000,True,0.1266490000,0.1283484286,0.1266490000,0,0,163.7192540988,-31.8329903310
2022-09-08,RUB_KZT,3,0.0100000000,True,0.1266490000,0.1281468571,0.1266490000,0,0,219.6257712772,-105.0468881685
2022-09-09,RUB_KZT,3,0.0100000000,True,0.1266490000,0.1279452857,0.1266490000,0,0,145.2737402347,-44.6061206967
2022-09-10,RUB_KZT,3,0.0100000000,True,0.1266490000,0.1277762857,0.1266490000,1,1,0.0000000000,88.2233904346
2022-09-13,RUB_KZT,3,0.0100000000,True,0.1259020000,0.1267270000,0.1259020000,0,0,142.4198056702,-78.4363237511
2022-09-14,RUB_KZT,3,0.0100000000,True,0.1259020000,0.1267197143,0.1259020000,0,0,107.0993596040,-43.0308509895
2022-09-15,RUB_KZT,3,0.0100000000,True,0.1259020000,0.1267124286,0.1259020000,1,1,27.8803047824,36.1786587628
2022-09-16,RUB_KZT,3,0.0100000000,True,0.1259020000,0.1267051429,0.1265980000,1,1,0.0000000000,63.3867607133
2022-09-17,RUB_KZT,3,0.0100000000,True,0.1259020000,0.1264740000,0.1261030000,1,1,39.1001437621,-9.8043866724
2022-09-20,RUB_KZT,3,0.0100000000,True,0.1252420000,0.1262981429,0.1252420000,1,1,68.2775191708,15.4509680608
2022-09-21,RUB_KZT,3,0.0100000000,True,0.1207180000,0.1254581429,0.1207180000,0,0,394.5829388034,-17.4446343516
2022-09-22,RUB_KZT,3,0.0100000000,True,0.1207180000,0.1246181429,0.1207180000,0,0,514.8855591612,-212.8788860141
2022-09-23,RUB_KZT,3,0.0100000000,True,0.1207180000,0.1237781429,0.1207180000,0,0,361.2206767698,-118.2645909098
2022-09-24,RUB_KZT,3,0.0100000000,True,0.1207180000,0.1230458571,0.1207180000,1,1,0.0000000000,189.1861454673
2022-09-27,RUB_KZT,3,0.0100000000,True,0.1197630000,0.1209725714,0.1197630000,0,0,100.3496532399,-0.3660806228
2022-09-28,RUB_KZT,3,0.0100000000,True,0.1159570000,0.1202924286,0.1159570000,0,0,484.9549098607,-130.8953063190
2022-09-29,RUB_KZT,3,0.0100000000,True,0.1159570000,0.1196122857,0.1159570000,0,0,498.9880947504,-203.5505191774
2022-09-30,RUB_KZT,3,0.0100000000,True,0.1159570000,0.1189321429,0.1159570000,0,0,317.7943104298,-69.8597639711
2022-10-01,RUB_KZT,3,0.0100000000,True,0.1159570000,0.1189008571,0.1159570000,1,1,0.0000000000,247.5892280003
2022-10-04,RUB_KZT,3,0.0100000000,True,0.1159570000,0.1208750000,0.1236380000,0,1,0.0000000000,9.6794208893
2022-10-05,RUB_KZT,3,0.0100000000,True,0.1159570000,0.1229755714,0.1256760000,0,1,0.0000000000,-53.8666796774
2022-10-06,RUB_KZT,3,0.0100000000,True,0.1159570000,0.1250761429,0.1281820000,0,1,0.0000000000,-47.9593573286
2022-10-07,RUB_KZT,3,0.0100000000,True,0.1207580000,0.1271767143,0.1306610000,0,1,0.0000000000,-79.0463663047
2022-10-08,RUB_KZT,3,0.0100000000,True,0.1236380000,0.1287837143,0.1306610000,0,1,0.0000000000,-145.7704279379
2022-10-11,RUB_KZT,3,0.0100000000,True,0.1306610000,0.1322307143,0.1328580000,0,1,0.0000000000,16.9184812260
2022-10-12,RUB_KZT,3,0.0100000000,True,0.1306610000,0.1323581429,0.1315530000,0,0,221.2889318368,-164.0894240410
2022-10-13,RUB_KZT,3,0.0100000000,True,0.1306610000,0.1324855714,0.1315530000,0,0,199.9448736190,-132.1976840605
2022-10-14,RUB_KZT,3,0.0100000000,True,0.1315530000,0.1326130000,0.1315530000,1,1,98.2251727408,-18.4748101619
2022-10-15,RUB_KZT,3,0.0100000000,True,0.1295130000,0.1322567143,0.1295130000,0,0,155.0705799184,53.2082087110
2022-10-18,RUB_KZT,3,0.0100000000,True,0.1295130000,0.1308157143,0.1302460000,1,1,0.0000000000,99.5839294100
2022-10-19,RUB_KZT,3,0.0100000000,True,0.1295130000,0.1306917143,0.1302460000,1,1,17.3982356503,16.7351302192
2022-10-20,RUB_KZT,3,0.0100000000,True,0.1295130000,0.1305677143,0.1306850000,1,1,0.0000000000,24.6396505809
2022-10-21,RUB_KZT,3,0.0100000000,True,0.1295130000,0.1304437143,0.1306850000,0,1,10.2431603972,-28.7699347064
2022-10-22,RUB_KZT,3,0.0100000000,True,0.1293280000,0.1304172857,0.1293280000,0,0,103.8374717833,-20.5275155243
2022-10-25,RUB_KZT,3,0.0100000000,True,0.1293280000,0.1301631429,0.1296860000,1,1,0.0000000000,64.1612394116
2022-10-26,RUB_KZT,3,0.0100000000,True,0.1293280000,0.1303837143,0.1298880000,1,1,0.0000000000,53.5123799423
2022-10-27,RUB_KZT,3,0.0100000000,True,0.1293280000,0.1306042857,0.1301850000,1,1,0.0000000000,54.8439670542
2022-10-28,RUB_KZT,3,0.0100000000,True,0.1293280000,0.1308248571,0.1322290000,1,1,0.0000000000,48.9094470907
2022-10-29,RUB_KZT,3,0.0100000000,True,0.1296860000,0.1312001429,0.1319550000,0,1,20.7216268746,-78.4189041606
2022-11-01,RUB_KZT,3,0.0100000000,True,0.1311570000,0.1323984286,0.1311570000,1,1,60.4751619870,33.4919814542
2022-11-02,RUB_KZT,3,0.0100000000,True,0.1311570000,0.1327694286,0.1321640000,1,1,0.0000000000,121.4457717246
2022-11-03,RUB_KZT,3,0.0100000000,True,0.1311570000,0.1331404286,0.1348260000,1,1,0.0000000000,73.3382475861
2022-11-04,RUB_KZT,3,0.0100000000,True,0.1311570000,0.1335114286,0.1348260000,0,1,0.0000000000,-98.4613409232
2022-11-08,RUB_KZT,3,0.0100000000,True,0.1313040000,0.1329665714,0.1313040000,1,1,41.2596323039,84.1242589437
2022-11-09,RUB_KZT,3,0.0100000000,True,0.1282810000,0.1320315714,0.1282810000,0,0,230.2290866996,55.1058675360
2022-11-10,RUB_KZT,3,0.0100000000,True,0.1282810000,0.1310965714,0.1282810000,0,0,251.7591987477,-37.9436751097
2022-11-11,RUB_KZT,3,0.0100000000,True,0.1282810000,0.1301615714,0.1282810000,0,0,247.9056118958,-106.0550019701
2022-11-12,RUB_KZT,3,0.0100000000,True,0.1282810000,0.1300017143,0.1282810000,1,1,0.0000000000,132.3608919443
2022-11-15,RUB_KZT,3,0.0100000000,True,0.1282810000,0.1298764286,0.1309100000,0,1,0.0000000000,-65.6448162264
2022-11-16,RUB_KZT,3,0.0100000000,True,0.1282810000,0.1303391429,0.1309100000,0,1,21.0388303630,-64.9733552249
2022-11-17,RUB_KZT,3,0.0100000000,True,0.1282810000,0.1308018571,0.1314670000,0,1,0.0000000000,-8.2676851465
2022-11-18,RUB_KZT,3,0.0100000000,True,0.1307290000,0.1312645714,0.1315200000,1,1,0.0000000000,-15.4214171597
2022-11-19,RUB_KZT,3,0.0100000000,True,0.1309100000,0.1314911429,0.1315200000,1,1,0.0000000000,-2.1946073500
2022-11-22,RUB_KZT,3,0.0100000000,True,0.1305230000,0.1312855714,0.1305230000,0,0,135.4343800778,-78.4114019711
2022-11-23,RUB_KZT,3,0.0100000000,True,0.1297990000,0.1310397143,0.1297990000,1,1,80.4725949928,14.3249919872
2022-11-24,RUB_KZT,3,0.0100000000,True,0.1297990000,0.1307938571,0.1297990000,1,1,72.6582994899,3.4296062397
2022-11-25,RUB_KZT,3,0.0100000000,True,0.1297990000,0.1305480000,0.1297990000,1,1,55.4691510309,1.9150044428
2022-11-26,RUB_KZT,3,0.0100000000,True,0.1297990000,0.1302948571,0.1297990000,1,1,0.0000000000,38.0565398919
2022-11-29,RUB_KZT,3,0.0100000000,True,0.1297990000,0.1301167143,0.1299670000,1,1,44.1233922922,-32.7617951795
2022-11-30,RUB_KZT,3,0.0100000000,True,0.1297990000,0.1304127143,0.1299670000,1,1,41.0718527543,-6.9230760804
2022-12-01,RUB_KZT,3,0.0100000000,True,0.1297990000,0.1307087143,0.1304070000,1,1,0.0000000000,56.7455880633
2022-12-02,RUB_KZT,3,0.0100000000,True,0.1299670000,0.1310047143,0.1318710000,1,1,0.0000000000,45.6254027936
2022-12-03,RUB_KZT,3,0.0100000000,True,0.1299670000,0.1312980000,0.1318710000,0,1,0.0000000000,-43.6411826532
2022-12-06,RUB_KZT,3,0.0100000000,True,0.1318710000,0.1325260000,0.1321370000,1,1,34.6164288515,-5.2819824035
2022-12-07,RUB_KZT,3,0.0100000000,True,0.1318710000,0.1325610000,0.1321160000,0,0,147.0675973987,-115.1922511146
2022-12-08,RUB_KZT,3,0.0100000000,True,0.1318710000,0.1325960000,0.1321160000,0,1,84.9543707973,-49.1719207216
2022-12-09,RUB_KZT,3,0.0100000000,True,0.1321160000,0.1326310000,0.1321160000,1,1,1.5892596320,37.2461943286
2022-12-10,RUB_KZT,3,0.0100000000,True,0.1321160000,0.1326804286,0.1321160000,1,1,0.0000000000,42.5404543463
2022-12-13,RUB_KZT,3,0.0100000000,True,0.1321160000,0.1337201429,0.1345140000,1,1,0.0000000000,58.1918954405
2022-12-14,RUB_KZT,3,0.0100000000,True,0.1321160000,0.1345444286,0.1349930000,0,1,0.0000000000,2.2616002574
2022-12-15,RUB_KZT,3,0.0100000000,True,0.1321160000,0.1353687143,0.1372440000,0,1,0.0000000000,27.7548832237
2022-12-16,RUB_KZT,3,0.0100000000,True,0.1329420000,0.1361930000,0.1378860000,0,1,0.0000000000,-77.1698985998
2022-12-17,RUB_KZT,3,0.0100000000,True,0.1345140000,0.1374297143,0.1378860000,0,1,0.0000000000,-33.2013870987
2022-12-20,RUB_KZT,3,0.0100000000,True,0.1378860000,0.1437600000,0.1473680000,0,1,0.0000000000,150.3199777407
2022-12-21,RUB_KZT,3,0.0100000000,True,0.1378860000,0.1450711429,0.1470640000,0,1,20.6286303675,-158.3262596283
2022-12-22,RUB_KZT,3,0.0100000000,True,0.1378860000,0.1463822857,0.1470640000,0,0,216.4093216336,-268.7971612490
2022-12-23,RUB_KZT,3,0.0100000000,True,0.1415990000,0.1476934286,0.1470640000,0,0,411.6626895643,-384.8899361032
2022-12-24,RUB_KZT,3,0.0100000000,True,0.1470640000,0.1486317143,0.1470640000,1,1,0.0000000000,105.4764316787
2022-12-27,RUB_KZT,3,0.0100000000,True,0.1470640000,0.1502760000,0.1516690000,1,1,0.0000000000,140.3417711411
2022-12-28,RUB_KZT,3,0.0100000000,True,0.1470640000,0.1510644286,0.1525830000,0,1,0.0000000000,-40.0207669197
2022-12-29,RUB_KZT,3,0.0100000000,True,0.1470640000,0.1518528571,0.1525830000,0,0,146.2724736516,-197.2398092138
2022-12-30,RUB_KZT,3,0.0100000000,True,0.1481670000,0.1526412857,0.1525830000,0,0,222.5483159891,-223.7084331238
2022-12-31,RUB_KZT,3,0.0100000000,True,0.1516690000,0.1532721429,0.1525830000,1,1,0.0000000000,44.9620423057
2023-01-10,RUB_KZT,3,0.0100000000,True,0.1466410000,0.1508687143,0.1466410000,0,0,335.7168748146,-57.4198380617
2023-01-11,RUB_KZT,3,0.0100000000,True,0.1460820000,0.1499400000,0.1460820000,0,0,294.1997209488,-38.0152060824
2023-01-12,RUB_KZT,3,0.0100000000,True,0.1460820000,0.1490112857,0.1460820000,0,0,225.0980287194,-29.1732457465
2023-01-13,RUB_KZT,3,0.0100000000,True,0.1460820000,0.1480825714,0.1460820000,1,1,38.1203074174,97.3491623399
2023-01-14,RUB_KZT,3,0.0100000000,True,0.1460820000,0.1475088571,0.1460820000,1,1,0.0000000000,96.7302689814
2023-01-17,RUB_KZT,3,0.0100000000,True,0.1460820000,0.1472914286,0.1482680000,0,1,0.0000000000,-29.0289416511
2023-01-18,RUB_KZT,3,0.0100000000,True,0.1460820000,0.1476197143,0.1482680000,0,1,9.0968511418,-53.0610506920
2023-01-19,RUB_KZT,3,0.0100000000,True,0.1460820000,0.1479480000,0.1482680000,0,1,9.1641734724,-30.8216400357
2023-01-20,RUB_KZT,3,0.0100000000,True,0.1477190000,0.1482762857,0.1483800000,1,1,0.0000000000,0.5588023901
2023-01-21,RUB_KZT,3,0.0100000000,True,0.1482680000,0.1483694286,0.1483710000,1,1,0.6065507481,-0.7125071973
2023-01-24,RUB_KZT,3,0.0100000000,True,0.1483710000,0.1487751429,0.1488030000,1,1,0.0000000000,27.1646761268
2023-01-25,RUB_KZT,3,0.0100000000,True,0.1483710000,0.1490472857,0.1492970000,1,1,0.0000000000,16.3898130124
2023-01-26,RUB_KZT,3,0.0100000000,True,0.1483710000,0.1493194286,0.1498150000,1,1,0.0000000000,1.5020531248
2023-01-27,RUB_KZT,3,0.0100000000,True,0.1483710000,0.1495915714,0.1502850000,1,1,0.0000000000,-14.9359064348
2023-01-28,RUB_KZT,3,0.0100000000,True,0.1488030000,0.1499881429,0.1502850000,1,1,0.0000000000,-19.7920407042
2023-01-31,RUB_KZT,3,0.0100000000,True,0.1502850000,0.1513675714,0.1519760000,1,1,0.0000000000,14.5719077402
2023-02-01,RUB_KZT,3,0.0100000000,True,0.1502850000,0.1517607143,0.1519760000,0,1,87.9830425567,-103.0758007201
2023-02-02,RUB_KZT,3,0.0100000000,True,0.1502850000,0.1521538571,0.1519760000,0,1,19.3078084981,-7.6332509293
2023-02-03,RUB_KZT,3,0.0100000000,True,0.1511470000,0.1525470000,0.1530370000,1,1,0.0000000000,37.4310868126
2023-02-04,RUB_KZT,3,0.0100000000,True,0.1519760000,0.1529424286,0.1530370000,1,1,0.0000000000,-6.1834658606
2023-02-07,RUB_KZT,3,0.0100000000,True,0.1530370000,0.1549318571,0.1548880000,1,1,0.0000000000,65.6325407575
2023-02-08,RUB_KZT,3,0.0100000000,True,0.1530370000,0.1560560000,0.1566290000,0,1,0.0000000000,74.8449274619
2023-02-09,RUB_KZT,3,0.0100000000,True,0.1530370000,0.1571801429,0.1599800000,0,1,0.0000000000,35.0644074451
2023-02-10,RUB_KZT,3,0.0100000000,True,0.1539150000,0.1583042857,0.1609060000,0,1,0.0000000000,-105.8540062989
2023-02-11,RUB_KZT,3,0.0100000000,True,0.1548880000,0.1596502857,0.1609060000,0,1,0.0000000000,-78.6540581557
2023-02-14,RUB_KZT,3,0.0100000000,True,0.1609060000,0.1629918571,0.1632620000,0,1,4.5917336550,-21.1754662591
2023-02-15,RUB_KZT,3,0.0100000000,True,0.1609060000,0.1640541429,0.1644780000,0,1,0.0000000000,48.2854527991
2023-02-16,RUB_KZT,3,0.0100000000,True,0.1609060000,0.1651164286,0.1671480000,0,1,0.0000000000,38.6653573452
2023-02-17,RUB_KZT,3,0.0100000000,True,0.1632620000,0.1661787143,0.1683420000,0,1,0.0000000000,-58.3279103134
2023-02-18,RUB_KZT,3,0.0100000000,True,0.1632620000,0.1666560000,0.1666780000,0,1,98.8463960271,-101.1664746544
2023-02-21,RUB_KZT,3,0.0100000000,True,0.1666780000,0.1677430000,0.1672170000,1,1,0.0000000000,63.4899816982
2023-02-22,RUB_KZT,3,0.0100000000,True,0.1666780000,0.1676427143,0.1676400000,1,1,0.0000000000,25.3941417930
2023-02-23,RUB_KZT,3,0.0100000000,True,0.1666780000,0.1675424286,0.1676400000,1,1,0.0000000000,-5.8236847468
2023-02-28,RUB_KZT,3,0.0100000000,True,0.1667480000,0.1682355714,0.1667480000,0,0,102.6252841634,-14.3506256958
2023-03-01,RUB_KZT,3,0.0100000000,True,0.1667480000,0.1690291429,0.1687930000,1,1,0.0000000000,134.9555951467
2023-03-02,RUB_KZT,3,0.0100000000,True,0.1667480000,0.1698227143,0.1707110000,0,1,0.0000000000,60.6346618617
2023-03-03,RUB_KZT,3,0.0100000000,True,0.1667480000,0.1706162857,0.1731950000,0,1,0.0000000000,-5.5513039284
2023-03-04,RUB_KZT,3,0.0100000000,True,0.1667480000,0.1715592857,0.1731950000,0,1,0.0000000000,-95.3439668919
2023-03-07,RUB_KZT,3,0.0100000000,True,0.1730690000,0.1737720000,0.1730690000,0,0,114.7488547961,-75.1559514766
2023-03-08,RUB_KZT,3,0.0100000000,True,0.1721540000,0.1736232857,0.1721540000,0,0,125.1606093979,-41.0494642341
2023-03-10,RUB_KZT,3,0.0100000000,True,0.1721540000,0.1733258571,0.1721540000,1,1,52.8690868960,14.8193205037
2023-03-11,RUB_KZT,3,0.0100000000,True,0.1692020000,0.1724864286,0.1692020000,0,0,171.4743775922,19.2727378137
2023-03-14,RUB_KZT,3,0.0100000000,True,0.1643960000,0.1685745714,0.1643960000,0,0,284.0391957542,-37.2196450575
2023-03-15,RUB_KZT,3,0.0100000000,True,0.1643340000,0.1674574286,0.1643340000,1,1,19.6771489997,167.1725521710
2023-03-16,RUB_KZT,3,0.0100000000,True,0.1643340000,0.1663402857,0.1643340000,1,1,58.6797657649,62.2991423777
2023-03-17,RUB_KZT,3,0.0100000000,True,0.1643340000,0.1652231429,0.1643340000,1,1,3.7713812988,50.0621670088
2023-03-18,RUB_KZT,3,0.0100000000,True,0.1643340000,0.1649985714,0.1643340000,1,1,0.0000000000,40.2774049992
2023-03-21,RUB_KZT,3,0.0100000000,True,0.1643340000,0.1654710000,0.1650380000,0,0,154.6262602160,-130.4760350756
2023-03-22,RUB_KZT,3,0.0100000000,True,0.1643340000,0.1656151429,0.1650380000,0,1,69.0194662575,-34.4085168195
2023-03-23,RUB_KZT,3,0.0100000000,True,0.1643340000,0.1657592857,0.1650380000,0,1,84.3537087995,-41.1870914364
2023-03-24,RUB_KZT,3,0.0100000000,True,0.1650380000,0.1659034286,0.1653430000,1,1,0.0000000000,52.1645983378
2023-03-25,RUB_KZT,3,0.0100000000,True,0.1650380000,0.1658755714,0.1653430000,1,1,0.0000000000,32.1066823755
2023-03-28,RUB_KZT,3,0.0100000000,True,0.1653430000,0.1673548571,0.1669190000,0,1,30.8179293457,-4.7887977983
2023-03-29,RUB_KZT,3,0.0100000000,True,0.1653430000,0.1683882857,0.1691830000,1,1,0.0000000000,87.2558152162
2023-03-30,RUB_KZT,3,0.0100000000,True,0.1653430000,0.1694217143,0.1719180000,0,1,0.0000000000,14.0899463047
2023-03-31,RUB_KZT,3,0.0100000000,True,0.1669190000,0.1704551429,0.1725770000,0,1,0.0000000000,-85.8206516000
2023-04-01,RUB_KZT,3,0.0100000000,True,0.1669190000,0.1711885714,0.1725690000,0,1,0.4635611930,-81.1052139662
2023-04-04,RUB_KZT,3,0.0100000000,True,0.1725690000,0.1748255714,0.1760230000,1,1,0.0000000000,129.0755928971
2023-04-05,RUB_KZT,3,0.0100000000,True,0.1725690000,0.1764874286,0.1768980000,0,1,0.0000000000,26.3151078345
2023-04-06,RUB_KZT,3,0.0100000000,True,0.1725690000,0.1781492857,0.1805580000,0,1,0.0000000000,70.2380427330
2023-04-07,RUB_KZT,3,0.0100000000,True,0.1725690000,0.1798111429,0.1842100000,0,1,0.0000000000,-41.5356429524
2023-04-08,RUB_KZT,3,0.0100000000,True,0.1760230000,0.1813998571,0.1836900000,0,1,28.2286520819,-154.9142817092
2023-04-11,RUB_KZT,3,0.0100000000,True,0.1803120000,0.1835014286,0.1803120000,0,0,183.8967826229,-10.2762921270
2023-04-12,RUB_KZT,3,0.0100000000,True,0.1803120000,0.1830681429,0.1803120000,0,0,251.7719185377,-103.8333110934
2023-04-13,RUB_KZT,3,0.0100000000,True,0.1803120000,0.1826348571,0.1803120000,0,0,141.9831719598,-15.0104345595
2023-04-14,RUB_KZT,3,0.0100000000,True,0.1803120000,0.1822015714,0.1811770000,1,1,0.0000000000,103.7077459737
2023-04-15,RUB_KZT,3,0.0100000000,True,0.1803120000,0.1818594286,0.1811770000,1,1,0.0000000000,37.5250586010
2023-04-18,RUB_KZT,3,0.0100000000,True,0.1793540000,0.1810308571,0.1793540000,0,0,107.0630739954,-14.5910405172
2023-04-19,RUB_KZT,3,0.0100000000,True,0.1788430000,0.1806974286,0.1788430000,0,0,172.5435892364,-71.1449763693
2023-04-20,RUB_KZT,3,0.0100000000,True,0.1788430000,0.1803640000,0.1788430000,0,0,122.0637051029,-38.2005278215
2023-04-21,RUB_KZT,3,0.0100000000,True,0.1788430000,0.1800305714,0.1788430000,1,1,28.4911404262,37.5809187963
2023-04-22,RUB_KZT,3,0.0100000000,True,0.1775790000,0.1794997143,0.1775790000,1,1,70.6765151558,36.5858123133
2023-04-25,RUB_KZT,3,0.0100000000,True,0.1775790000,0.1788390000,0.1787040000,1,1,0.0000000000,70.4544310805
2023-04-26,RUB_KZT,3,0.0100000000,True,0.1764740000,0.1785005714,0.1764740000,0,0,124.7873578655,-11.3965221400
2023-04-27,RUB_KZT,3,0.0100000000,True,0.1764740000,0.1781621429,0.1764740000,0,0,162.2766675029,-68.6373167299
2023-04-28,RUB_KZT,3,0.0100000000,True,0.1764740000,0.1778237143,0.1764740000,0,0,178.2096662882,-104.1641561547
2023-04-29,RUB_KZT,3,0.0100000000,True,0.1764740000,0.1776658571,0.1764740000,1,1,0.0000000000,67.0841973818
2023-05-03,RUB_KZT,3,0.0100000000,True,0.1725180000,0.1760750000,0.1725180000,0,0,217.9607852032,-16.2998722135
2023-05-04,RUB_KZT,3,0.0100000000,True,0.1725180000,0.1755098571,0.1725180000,0,0,229.5947262307,-60.5175614882
2023-05-05,RUB_KZT,3,0.0100000000,True,0.1725180000,0.1749447143,0.1725180000,0,0,288.9372984109,-154.6937685620
2023-05-06,RUB_KZT,3,0.0100000000,True,0.1725180000,0.1743795714,0.1725180000,1,1,0.0000000000,106.7539857634
2023-05-11,RUB_KZT,3,0.0100000000,True,0.1708500000,0.1726047143,0.1708500000,1,1,80.4133886841,21.4197096090
2023-05-12,RUB_KZT,3,0.0100000000,True,0.1708500000,0.1727874286,0.1737970000,1,1,0.0000000000,112.1278664453
2023-05-13,RUB_KZT,3,0.0100000000,True,0.1708500000,0.1734790000,0.1737970000,0,1,0.0000000000,-18.3307489667
2023-05-16,RUB_KZT,3,0.0100000000,True,0.1737970000,0.1763000000,0.1775440000,0,1,0.0000000000,-60.0680657969
2023-05-17,RUB_KZT,3,0.0100000000,True,0.1737970000,0.1768855714,0.1778960000,0,1,0.0000000000,-37.2234188527
2023-05-18,RUB_KZT,3,0.0100000000,True,0.1737970000,0.1774711429,0.1778960000,0,0,107.2159444790,-132.5768857392
2023-05-19,RUB_KZT,3,0.0100000000,True,0.1773590000,0.1780567143,0.1778960000,1,1,4.8319492982,4.1960948237
2023-05-20,RUB_KZT,3,0.0100000000,True,0.1775440000,0.1781924286,0.1778960000,1,1,0.0000000000,16.6353067751
2023-05-23,RUB_KZT,3,0.0100000000,True,0.1778960000,0.1790130000,0.1799660000,1,1,0.0000000000,39.3267528057
2023-05-24,RUB_KZT,3,0.0100000000,True,0.1778960000,0.1791760000,0.1790370000,0,1,59.0779618103,-51.6252176631
2023-05-25,RUB_KZT,3,0.0100000000,True,0.1778960000,0.1793390000,0.1790370000,0,0,109.9283532291,-94.1234198919
2023-05-26,RUB_KZT,3,0.0100000000,True,0.1783090000,0.1795020000,0.1790370000,1,1,51.6208617183,-25.8492941583
2023-05-27,RUB_KZT,3,0.0100000000,True,0.1790370000,0.1796901429,0.1790370000,1,1,0.0000000000,36.3482852625
2023-05-30,RUB_KZT,3,0.0100000000,True,0.1790370000,0.1800170000,0.1806750000,1,1,0.0000000000,21.7201708728
2023-05-31,RUB_KZT,3,0.0100000000,True,0.1790370000,0.1801882857,0.1802360000,0,1,72.0486493632,-75.2387581879
2023-06-01,RUB_KZT,3,0.0100000000,True,0.1790370000,0.1803595714,0.1802360000,0,1,51.1693888929,-44.5459348270
2023-06-02,RUB_KZT,3,0.0100000000,True,0.1796260000,0.1805308571,0.1802360000,1,1,24.2977722430,-7.9843888975
2023-06-03,RUB_KZT,3,0.0100000000,True,0.1802360000,0.1808098571,0.1802360000,1,1,0.0000000000,31.7381558686
2023-06-06,RUB_KZT,3,0.0100000000,True,0.1802360000,0.1813004286,0.1810750000,1,1,27.7565136938,-15.3651831254
2023-06-07,RUB_KZT,3,0.0100000000,True,0.1802360000,0.1820915714,0.1819440000,1,1,0.0000000000,55.8274839739
2023-06-08,RUB_KZT,3,0.0100000000,True,0.1802360000,0.1828827143,0.1837970000,1,1,0.0000000000,51.3287594938
2023-06-09,RUB_KZT,3,0.0100000000,True,0.1810750000,0.1836738571,0.1857740000,0,1,0.0000000000,-6.7044302906
2023-06-10,RUB_KZT,3,0.0100000000,True,0.1810750000,0.1842731429,0.1857740000,0,1,0.0000000000,-81.4474165680
2023-06-14,RUB_KZT,3,0.0100000000,True,0.1851400000,0.1862745714,0.1851400000,1,1,98.4592017371,-37.9240476041
2023-06-15,RUB_KZT,3,0.0100000000,True,0.1851400000,0.1861840000,0.1851400000,0,0,150.2939377012,-95.6580586946
2023-06-16,RUB_KZT,3,0.0100000000,True,0.1851400000,0.1860934286,0.1851400000,1,1,73.6673922601,-22.6000150462
2023-06-17,RUB_KZT,3,0.0100000000,True,0.1851400000,0.1861581429,0.1851400000,1,1,0.0000000000,54.6923621775
2023-06-20,RUB_KZT,3,0.0100000000,True,0.1851400000,0.1864037143,0.1868750000,1,1,0.0000000000,9.4801912286
2023-06-21,RUB_KZT,3,0.0100000000,True,0.1851400000,0.1867888571,0.1868750000,0,1,79.8390478769,-85.1304987603
2023-06-22,RUB_KZT,3,0.0100000000,True,0.1851400000,0.1871740000,0.1868750000,0,1,55.8733537315,-40.1230940195
2023-06-23,RUB_KZT,3,0.0100000000,True,0.1862270000,0.1875591429,0.1878360000,1,1,0.0000000000,36.4761134393
2023-06-24,RUB_KZT,3,0.0100000000,True,0.1868750000,0.1880101429,0.1878360000,1,1,0.0000000000,9.2624182130
2023-06-27,RUB_KZT,3,0.0100000000,True,0.1878360000,0.1893194286,0.1889760000,1,1,21.5435306045,-3.4107132616
2023-06-28,RUB_KZT,3,0.0100000000,True,0.1878360000,0.1902891429,0.1901130000,1,1,0.0000000000,69.0077656258
2023-06-29,RUB_KZT,3,0.0100000000,True,0.1878360000,0.1912588571,0.1932550000,0,1,0.0000000000,59.9113243682
2023-06-30,RUB_KZT,3,0.0100000000,True,0.1889760000,0.1922285714,0.1946240000,0,1,0.0000000000,-53.3962544590
2023-07-01,RUB_KZT,3,0.0100000000,True,0.1889760000,0.1935732857,0.1946240000,0,1,0.0000000000,-54.2799220376
2023-07-04,RUB_KZT,3,0.0100000000,True,0.1946240000,0.1990351429,0.1998190000,0,1,0.0000000000,11.9648647834
2023-07-05,RUB_KZT,3,0.0100000000,True,0.1946240000,0.2007430000,0.2021930000,0,1,0.0000000000,46.0290022566
2023-07-06,RUB_KZT,3,0.0100000000,True,0.1946240000,0.2024508571,0.2065790000,0,1,0.0000000000,12.7367770380
2023-07-07,RUB_KZT,3,0.0100000000,True,0.1987970000,0.2041587143,0.2065790000,0,1,95.2221130103,-215.8264823376
2023-07-08,RUB_KZT,3,0.0100000000,True,0.1998190000,0.2052077143,0.2061400000,0,1,21.2509499998,-66.8242770043
2023-07-11,RUB_KZT,3,0.0100000000,True,0.2034310000,0.2056350000,0.2034310000,0,0,131.4155428350,-24.5580762030
2023-07-12,RUB_KZT,3,0.0100000000,True,0.2032450000,0.2051587143,0.2032450000,1,1,9.1431492742,84.2135461674
2023-07-13,RUB_KZT,3,0.0100000000,True,0.2032450000,0.2046824286,0.2032450000,0,0,107.2290798645,-37.4028896332
2023-07-14,RUB_KZT,3,0.0100000000,True,0.2032450000,0.2042061429,0.2032450000,1,1,70.5460479068,-23.6455738354
2023-07-15,RUB_KZT,3,0.0100000000,True,0.2025210000,0.2036891429,0.2025210000,1,1,35.6220325223,21.8049352515
2023-07-18,RUB_KZT,3,0.0100000000,True,0.2025210000,0.2037180000,0.2031870000,1,1,0.0000000000,58.7576944600
2023-07-19,RUB_KZT,3,0.0100000000,True,0.2025210000,0.2037650000,0.2035740000,1,1,0.0000000000,28.3660098643
2023-07-20,RUB_KZT,3,0.0100000000,True,0.2025210000,0.2038120000,0.2035740000,0,1,86.2933780059,-75.2654407003
2023-07-21,RUB_KZT,3,0.0100000000,True,0.2025210000,0.2038590000,0.2035740000,0,1,81.0282746288,-67.5957401930
2023-07-22,RUB_KZT,3,0.0100000000,True,0.2031870000,0.2039892857,0.2034330000,1,1,6.9262283003,20.3582120910
2023-07-25,RUB_KZT,3,0.0100000000,True,0.2023250000,0.2030644286,0.2023250000,1,1,54.4651064478,-18.1504673745
2023-07-26,RUB_KZT,3,0.0100000000,True,0.2023250000,0.2032072857,0.2023250000,1,1,1.2354830739,42.1877449557
2023-07-27,RUB_KZT,3,0.0100000000,True,0.2023250000,0.2033501429,0.2026210000,1,1,0.0000000000,50.4126942199
2023-07-28,RUB_KZT,3,0.0100000000,True,0.2023250000,0.2034930000,0.2045740000,1,1,0.0000000000,42.8515968608
2023-07-29,RUB_KZT,3,0.0100000000,True,0.2023250000,0.2037898571,0.2045740000,0,1,0.0000000000,-38.4780120138
2023-08-01,RUB_KZT,3,0.0100000000,True,0.2045740000,0.2064234286,0.2057420000,1,1,0.0000000000,44.2017932627
2023-08-02,RUB_KZT,3,0.0100000000,True,0.2045740000,0.2076337143,0.2086130000,1,1,0.0000000000,91.1082428122
2023-08-03,RUB_KZT,3,0.0100000000,True,0.2045740000,0.2088440000,0.2113760000,0,1,0.0000000000,11.0608875524
2023-08-04,RUB_KZT,3,0.0100000000,True,0.2055110000,0.2100542857,0.2130460000,0,1,0.0000000000,-62.9225098274
2023-08-05,RUB_KZT,3,0.0100000000,True,0.2057420000,0.2116760000,0.2130460000,0,1,0.0000000000,-64.7215555850
2023-08-08,RUB_KZT,3,0.0100000000,True,0.2130460000,0.2153780000,0.2152420000,0,1,74.7476517433,-68.9485462768
2023-08-09,RUB_KZT,3,0.0100000000,True,0.2130460000,0.2164677143,0.2179590000,0,1,0.0000000000,56.6234225625
2023-08-10,RUB_KZT,3,0.0100000000,True,0.2130460000,0.2175574286,0.2179590000,0,1,22.2024866785,-40.7511448537
2023-08-11,RUB_KZT,3,0.0100000000,True,0.2152420000,0.2186471429,0.2206740000,0,1,0.0000000000,31.4727578029
2023-08-12,RUB_KZT,3,0.0100000000,True,0.2152420000,0.2200442857,0.2206740000,0,1,0.0000000000,-28.6176159345
2023-08-15,RUB_KZT,3,0.0100000000,True,0.2063530000,0.2182152857,0.2063530000,0,0,895.2405324674,-386.2109960871
2023-08-16,RUB_KZT,3,0.0100000000,True,0.2016550000,0.2154982857,0.2016550000,0,0,715.4005884168,-78.6416597282
2023-08-17,RUB_KZT,3,0.0100000000,True,0.2016550000,0.2127812857,0.2016550000,0,0,633.5928210464,-118.1830571835
2023-08-18,RUB_KZT,3,0.0100000000,True,0.2016550000,0.2100642857,0.2016550000,0,0,227.6681221014,176.6738073379
2023-08-19,RUB_KZT,3,0.0100000000,True,0.2016550000,0.2068151429,0.2016550000,1,1,0.0000000000,249.5050790699
2023-08-22,RUB_KZT,3,0.0100000000,True,0.2016550000,0.2044875714,0.2060570000,0,1,0.0000000000,28.7827482355
2023-08-23,RUB_KZT,3,0.0100000000,True,0.2016550000,0.2049634286,0.2049860000,0,0,148.2193492575,-151.5671088361
2023-08-24,RUB_KZT,3,0.0100000000,True,0.2016550000,0.2054392857,0.2049860000,0,0,164.8578365048,-145.1871425343
2023-08-25,RUB_KZT,3,0.0100000000,True,0.2038990000,0.2059151429,0.2049860000,0,1,51.9759095784,-6.8891068859
2023-08-26,RUB_KZT,3,0.0100000000,True,0.2049860000,0.2064254286,0.2049860000,1,1,0.0000000000,69.7311654572
2023-08-29,RUB_KZT,3,0.0100000000,True,0.2049860000,0.2064757143,0.2062430000,0,1,59.1889950885,-48.2035244546
2023-08-30,RUB_KZT,3,0.0100000000,True,0.2049860000,0.2071317143,0.2078890000,1,1,0.0000000000,42.9057563096
2023-08-31,RUB_KZT,3,0.0100000000,True,0.2049860000,0.2077877143,0.2087690000,0,1,0.0000000000,-4.8744804106
2023-09-01,RUB_KZT,3,0.0100000000,True,0.2062430000,0.2084437143,0.2095780000,0,1,0.0000000000,-15.6054460745
2023-09-02,RUB_KZT,3,0.0100000000,True,0.2062430000,0.2090485714,0.2095780000,0,1,0.0000000000,-25.3256249402
2023-09-05,RUB_KZT,3,0.0100000000,True,0.2095780000,0.2111764286,0.2122610000,0,1,0.0000000000,-25.0298497871
2023-09-06,RUB_KZT,3,0.0100000000,True,0.2095780000,0.2113545714,0.2108250000,0,1,67.6525598202,-42.8866319428
2023-09-07,RUB_KZT,3,0.0100000000,True,0.2095780000,0.2115327143,0.2108250000,0,1,88.9910585846,-56.0332106685
2023-09-08,RUB_KZT,3,0.0100000000,True,0.2108250000,0.2117108571,0.2108250000,1,1,93.6015449894,-52.2478096811
2023-09-09,RUB_KZT,3,0.0100000000,True,0.2069710000,0.2110345714,0.2069710000,0,0,182.8056444919,9.9306680964
2023-09-12,RUB_KZT,3,0.0100000000,True,0.2045960000,0.2085311429,0.2045960000,0,0,114.7503756565,74.8158205900
2023-09-13,RUB_KZT,3,0.0100000000,True,0.2045960000,0.2080260000,0.2072520000,1,1,0.0000000000,164.8832357494
2023-09-14,RUB_KZT,3,0.0100000000,True,0.2045960000,0.2075208571,0.2072520000,0,1,56.2315280390,-43.5205824406
2023-09-15,RUB_KZT,3,0.0100000000,True,0.2045960000,0.2070157143,0.2072890000,0,1,0.0000000000,-11.4139023263
2023-09-16,RUB_KZT,3,0.0100000000,True,0.2045960000,0.2069948571,0.2068250000,0,1,22.3842075556,-14.2101529093
2023-09-19,RUB_KZT,3,0.0100000000,True,0.2030260000,0.2059551429,0.2030260000,0,0,183.6818566421,-42.2352717582
2023-09-20,RUB_KZT,3,0.0100000000,True,0.2017860000,0.2051690000,0.2017860000,0,0,158.3167505560,6.6774220277
2023-09-21,RUB_KZT,3,0.0100000000,True,0.2017860000,0.2043828571,0.2017860000,0,0,153.7065230121,-27.0640534571
2023-09-22,RUB_KZT,3,0.0100000000,True,0.2017860000,0.2035967143,0.2017860000,1,1,61.0759213106,28.0316058988
2023-09-23,RUB_KZT,3,0.0100000000,True,0.2017860000,0.2029510000,0.2017860000,1,1,0.0000000000,57.4030184626
2023-09-26,RUB_KZT,3,0.0100000000,True,0.2009280000,0.2019980000,0.2009280000,1,1,68.0655445985,-15.1981702789
2023-09-27,RUB_KZT,3,0.0100000000,True,0.2009280000,0.2023114286,0.2009280000,0,0,104.1163897125,-36.1112287986
2023-09-28,RUB_KZT,3,0.0100000000,True,0.2009280000,0.2026248571,0.2009280000,1,1,70.4214911565,13.4167715990
2023-09-29,RUB_KZT,3,0.0100000000,True,0.2009280000,0.2029382857,0.2039800000,1,1,0.0000000000,99.0589679621
2023-09-30,RUB_KZT,3,0.0100000000,True,0.2009280000,0.2036882857,0.2039800000,0,1,0.0000000000,-14.3216034585
2023-10-03,RUB_KZT,3,0.0100000000,True,0.2039800000,0.2063648571,0.2075210000,0,1,1.6381200164,-57.6717796635
2023-10-04,RUB_KZT,3,0.0100000000,True,0.2039800000,0.2072932857,0.2083930000,0,1,0.0000000000,-10.9851259740
2023-10-05,RUB_KZT,3,0.0100000000,True,0.2039800000,0.2082217143,0.2091450000,0,1,0.0000000000,-8.2261216066
2023-10-06,RUB_KZT,3,0.0100000000,True,0.2075210000,0.2091501429,0.2104790000,1,1,0.0000000000,0.2458930734
2023-10-07,RUB_KZT,3,0.0100000000,True,0.2075210000,0.2097650000,0.2104790000,0,1,0.0000000000,-34.0380902438
2023-10-10,RUB_KZT,3,0.0100000000,True,0.2034370000,0.2093917143,0.2034370000,0,0,397.5285449285,-117.8311053378
2023-10-11,RUB_KZT,3,0.0100000000,True,0.2034370000,0.2085407143,0.2034370000,0,0,289.3106378104,-45.9040201126
2023-10-12,RUB_KZT,3,0.0100000000,True,0.2034370000,0.2076897143,0.2034370000,0,0,289.9131787830,-87.6926293894
2023-10-13,RUB_KZT,3,0.0100000000,True,0.2034370000,0.2068387143,0.2045220000,1,1,0.0000000000,164.4621654830
2023-10-14,RUB_KZT,3,0.0100000000,True,0.2034370000,0.2057107143,0.2039630000,1,1,27.3320229609,57.7857254466
2023-10-17,RUB_KZT,3,0.0100000000,True,0.2035760000,0.2042031429,0.2035760000,1,1,18.9740296034,11.7599980971
2023-10-18,RUB_KZT,3,0.0100000000,True,0.2000530000,0.2035647143,0.2000530000,0,0,204.6681975978,-32.8291529615
2023-10-19,RUB_KZT,3,0.0100000000,True,0.2000530000,0.2029262857,0.2000530000,0,0,197.5167088062,-57.0509769909
2023-10-20,RUB_KZT,3,0.0100000000,True,0.2000530000,0.2022878571,0.2000530000,0,0,173.0557629583,-63.6787039685
2023-10-21,RUB_KZT,3,0.0100000000,True,0.1976960000,0.2013925714,0.1976960000,0,0,117.8187780238,66.5154339641
2023-10-24,RUB_KZT,3,0.0100000000,True,0.1953390000,0.1979374286,0.1953390000,0,0,119.2234541923,12.1972167251
2023-10-25,RUB_KZT,3,0.0100000000,True,0.1953390000,0.1973184286,0.1957200000,1,1,0.0000000000,100.3164573000
2023-10-26,RUB_KZT,3,0.0100000000,True,0.1953390000,0.1966994286,0.1957200000,1,1,1.6347214843,48.1663103096
2023-10-27,RUB_KZT,3,0.0100000000,True,0.1953390000,0.1960804286,0.1957200000,1,1,45.5710623754,-27.3138646459
2023-10-28,RUB_KZT,3,0.0100000000,True,0.1953390000,0.1961615714,0.1957200000,1,1,0.0000000000,22.5105980420
2023-10-31,RUB_KZT,3,0.0100000000,True,0.1950170000,0.1967501429,0.1950170000,0,0,163.7715369406,-76.9431280137
2023-11-01,RUB_KZT,3,0.0100000000,True,0.1950170000,0.1971812857,0.1982020000,1,1,0.0000000000,109.7612132128
2023-11-02,RUB_KZT,3,0.0100000000,True,0.1950170000,0.1976124286,0.1982020000,0,1,20.4422782567,-50.3800006795
2023-11-03,RUB_KZT,3,0.0100000000,True,0.1950170000,0.1980435714,0.1987380000,0,1,0.0000000000,-7.9996826095
2023-11-04,RUB_KZT,3,0.0100000000,True,0.1950170000,0.1981112857,0.1987380000,0,1,0.0000000000,-31.6344565356
2023-11-08,RUB_KZT,3,0.0100000000,True,0.1966750000,0.1983068571,0.1966750000,0,0,158.0812074021,-77.0090797235
2023-11-09,RUB_KZT,3,0.0100000000,True,0.1966750000,0.1980121429,0.1966750000,1,1,91.4902942703,-24.1832210867
2023-11-10,RUB_KZT,3,0.0100000000,True,0.1966750000,0.1977174286,0.1966750000,1,1,13.1516142464,39.6236476010
2023-11-11,RUB_KZT,3,0.0100000000,True,0.1966750000,0.1974514286,0.1966750000,1,1,0.0000000000,39.3225096950
2023-11-14,RUB_KZT,3,0.0100000000,True,0.1927210000,0.1954912857,0.1927210000,0,0,211.0465470652,-70.8325325426
2023-11-15,RUB_KZT,3,0.0100000000,True,0.1927210000,0.1949801429,0.1927210000,0,0,161.1215201376,-45.9973579727
2023-11-16,RUB_KZT,3,0.0100000000,True,0.1927210000,0.1944690000,0.1927210000,1,1,11.3506789676,78.6243565813
2023-11-17,RUB_KZT,3,0.0100000000,True,0.1927210000,0.1939578571,0.1930970000,1,1,0.0000000000,63.7693755271
2023-11-18,RUB_KZT,3,0.0100000000,True,0.1912220000,0.1931501429,0.1912220000,1,1,97.1014567808,2.7513755028
2023-11-21,RUB_KZT,3,0.0100000000,True,0.1899650000,0.1922052857,0.1899650000,1,1,65.7351141605,51.1580995617
2023-11-22,RUB_KZT,3,0.0100000000,True,0.1899650000,0.1921318571,0.1920630000,1,1,0.0000000000,112.7796907332
2023-11-23,RUB_KZT,3,0.0100000000,True,0.1899650000,0.1920584286,0.1925830000,0,1,0.0000000000,-0.2380228041
2023-11-24,RUB_KZT,3,0.0100000000,True,0.1899650000,0.1919850000,0.1925830000,0,1,16.2263603185,-47.4516238248
2023-11-25,RUB_KZT,3,0.0100000000,True,0.1899650000,0.1920317143,0.1915490000,0,1,53.6911357700,-28.7080556634
2023-11-28,RUB_KZT,3,0.0100000000,True,0.1915490000,0.1926838571,0.1928950000,1,1,0.0000000000,58.8973648174
2023-11-29,RUB_KZT,3,0.0100000000,True,0.1915490000,0.1931677143,0.1929640000,1,1,0.0000000000,14.1180055230
2023-11-30,RUB_KZT,3,0.0100000000,True,0.1915490000,0.1936515714,0.1929640000,0,1,34.3954965656,1.1139299522
2023-12-01,RUB_KZT,3,0.0100000000,True,0.1915490000,0.1941354286,0.1959700000,1,1,0.0000000000,60.3407930252
2023-12-02,RUB_KZT,3,0.0100000000,True,0.1928950000,0.1949214286,0.1959700000,0,1,0.0000000000,-53.7945692404
2023-12-05,RUB_KZT,3,0.0100000000,True,0.1959700000,0.1980267143,0.1985180000,1,1,0.0000000000,49.2718514890
2023-12-06,RUB_KZT,3,0.0100000000,True,0.1959700000,0.1984962857,0.1992570000,0,1,0.0000000000,-1.0939391453
2023-12-07,RUB_KZT,3,0.0100000000,True,0.1959700000,0.1989658571,0.1992570000,0,1,98.6374613649,-114.3986656720
2023-12-08,RUB_KZT,3,0.0100000000,True,0.1970510000,0.1994354286,0.1992570000,0,0,109.6462926747,-101.8159834046
2023-12-09,RUB_KZT,3,0.0100000000,True,0.1985180000,0.1996890000,0.1988260000,1,1,21.6303567754,21.6336403107
2023-12-12,RUB_KZT,3,0.0100000000,True,0.1967670000,0.1981514286,0.1967670000,0,0,103.5578847837,-34.0432281228
2023-12-13,RUB_KZT,3,0.0100000000,True,0.1967670000,0.1978094286,0.1967880000,1,1,0.0000000000,52.6986291279
2023-12-14,RUB_KZT,3,0.0100000000,True,0.1967670000,0.1974674286,0.1967880000,1,1,6.0942165885,28.3301694601
2023-12-15,RUB_KZT,3,0.0100000000,True,0.1967670000,0.1971254286,0.1968630000,1,1,0.0000000000,17.1174553113
2023-12-16,RUB_KZT,3,0.0100000000,True,0.1967670000,0.1969584286,0.1968630000,1,1,0.0000000000,4.8451123479
2023-12-19,RUB_KZT,3,0.0100000000,True,0.1968630000,0.1976580000,0.1969370000,1,1,36.4267392503,0.0505924374
2023-12-20,RUB_KZT,3,0.0100000000,True,0.1968630000,0.1982752857,0.1973920000,1,1,0.0000000000,67.4963452689
2023-12-21,RUB_KZT,3,0.0100000000,True,0.1968630000,0.1988925714,0.2010310000,1,1,0.0000000000,75.4463285277
2023-12-22,RUB_KZT,3,0.0100000000,True,0.1969370000,0.1995098571,0.2011840000,0,1,0.0000000000,-76.2439951051
2023-12-23,RUB_KZT,3,0.0100000000,True,0.1969370000,0.1998541429,0.2000670000,0,1,55.5213138222,-66.5413848242
2023-12-26,RUB_KZT,3,0.0100000000,True,0.1982530000,0.2004682857,0.1982530000,1,1,90.6696256754,20.0174163637
2023-12-27,RUB_KZT,3,0.0100000000,True,0.1977080000,0.1999717143,0.1977080000,0,0,134.0851817660,-21.1672793724
2023-12-28,RUB_KZT,3,0.0100000000,True,0.1977080000,0.1994751429,0.1977080000,0,0,164.3193656069,-76.9949137952
2023-12-29,RUB_KZT,3,0.0100000000,True,0.1977080000,0.1989785714,0.1977080000,1,1,27.4901262528,36.4648023836
2023-12-30,RUB_KZT,3,0.0100000000,True,0.1977080000,0.1986415714,0.1977080000,1,1,0.0000000000,46.9977871126
2024-01-10,RUB_KZT,3,0.0100000000,True,0.1945010000,0.1971585714,0.1945010000,0,0,245.2467764342,-113.2301048467
2024-01-11,RUB_KZT,3,0.0100000000,True,0.1945010000,0.1967004286,0.1945010000,0,0,139.6162327951,-28.1937071820
2024-01-12,RUB_KZT,3,0.0100000000,True,0.1945010000,0.1962422857,0.1945010000,1,1,68.3214272949,20.5503983414
2024-01-13,RUB_KZT,3,0.0100000000,True,0.1942640000,0.1957502857,0.1942640000,1,1,12.1850273263,63.8203775656
2024-01-16,RUB_KZT,3,0.0100000000,True,0.1941770000,0.1947832857,0.1941770000,1,1,4.4784417082,26.6596649903
2024-01-17,RUB_KZT,3,0.0100000000,True,0.1941770000,0.1950090000,0.1957410000,1,1,0.0000000000,42.6646975268
2024-01-18,RUB_KZT,3,0.0100000000,True,0.1941770000,0.1952347143,0.1957410000,1,1,2.9111635461,-28.8517191395
2024-01-19,RUB_KZT,3,0.0100000000,True,0.1941770000,0.1954604286,0.1960810000,1,1,0.0000000000,-14.3543852135
2024-01-20,RUB_KZT,3,0.0100000000,True,0.1941770000,0.1956337143,0.1954770000,1,1,30.8035964729,-22.8634269875
2024-01-23,RUB_KZT,3,0.0100000000,True,0.1954770000,0.1966668571,0.1959830000,1,1,0.0000000000,60.5011520570
2024-01-24,RUB_KZT,3,0.0100000000,True,0.1954770000,0.1973260000,0.1979300000,1,1,0.0000000000,68.0599616878
2024-01-25,RUB_KZT,3,0.0100000000,True,0.1954770000,0.1979851429,0.1990350000,0,1,0.0000000000,2.7852017756
2024-01-26,RUB_KZT,3,0.0100000000,True,0.1954770000,0.1986442857,0.2006950000,0,1,0.0000000000,-19.6690422938
2024-01-27,RUB_KZT,3,0.0100000000,True,0.1959830000,0.1991827143,0.1992460000,0,1,72.1991080994,-75.9245459481
2024-01-30,RUB_KZT,3,0.0100000000,True,0.1984280000,0.2001938571,0.1984280000,1,1,41.0547765074,47.3469644066
2024-01-31,RUB_KZT,3,0.0100000000,True,0.1984280000,0.2003280000,0.2000750000,1,1,0.0000000000,94.8444550936
2024-02-01,RUB_KZT,3,0.0100000000,True,0.1984280000,0.2004621429,0.2015230000,1,1,0.0000000000,19.3125171479
2024-02-02,RUB_KZT,3,0.0100000000,True,0.1984280000,0.2005962857,0.2016340000,0,1,0.0000000000,-46.1979783132
2024-02-03,RUB_KZT,3,0.0100000000,True,0.1984280000,0.2010191429,0.2016340000,0,1,0.0000000000,-30.5869945577
2024-02-06,RUB_KZT,3,0.0100000000,True,0.2001150000,0.2013668571,0.2001150000,0,0,103.4093943800,-41.6723421644
2024-02-07,RUB_KZT,3,0.0100000000,True,0.2001150000,0.2013942857,0.2005130000,1,1,0.0000000000,63.5214504597
2024-02-08,RUB_KZT,3,0.0100000000,True,0.2001150000,0.2014217143,0.2018260000,1,1,0.0000000000,45.1150110075
2024-02-09,RUB_KZT,3,0.0100000000,True,0.2001150000,0.2014491429,0.2018260000,1,1,0.2972769432,-19.0051512470
2024-02-10,RUB_KZT,3,0.0100000000,True,0.2001150000,0.2016630000,0.2018260000,1,1,0.0000000000,-8.0827915879
2024-02-13,RUB_KZT,3,0.0100000000,True,0.2018260000,0.2032550000,0.2040930000,1,1,0.0000000000,-22.0412781973
2024-02-14,RUB_KZT,3,0.0100000000,True,0.2018260000,0.2039305714,0.2040930000,0,1,3.6244838784,-11.5935815691
2024-02-15,RUB_KZT,3,0.0100000000,True,0.2018260000,0.2046061429,0.2053440000,0,1,0.0000000000,25.0795430664
2024-02-16,RUB_KZT,3,0.0100000000,True,0.2037030000,0.2052817143,0.2065550000,1,1,0.0000000000,-3.0341579377
2024-02-17,RUB_KZT,3,0.0100000000,True,0.2040930000,0.2056041429,0.2059600000,0,1,28.8058870519,-46.2469836280
2024-02-20,RUB_KZT,3,0.0100000000,True,0.2040860000,0.2058024286,0.2040860000,1,1,90.9885414644,-7.6564416497
2024-02-21,RUB_KZT,3,0.0100000000,True,0.2040860000,0.2056874286,0.2040860000,1,1,52.1554329388,25.8367064589
2024-02-22,RUB_KZT,3,0.0100000000,True,0.2040860000,0.2055724286,0.2057500000,1,1,0.0000000000,72.3068060128
2024-02-23,RUB_KZT,3,0.0100000000,True,0.2040860000,0.2054574286,0.2057500000,1,1,0.0000000000,-14.2400024475
2024-02-27,RUB_KZT,3,0.0100000000,True,0.2012860000,0.2048080000,0.2012860000,0,0,224.2792757790,-53.5135346276
2024-02-28,RUB_KZT,3,0.0100000000,True,0.2012860000,0.2043707143,0.2012860000,0,0,159.9065297203,-9.1150884772
2024-02-29,RUB_KZT,3,0.0100000000,True,0.2012860000,0.2039334286,0.2012860000,0,0,164.8107339526,-35.5788373517
2024-03-01,RUB_KZT,3,0.0100000000,True,0.2012860000,0.2034961429,0.2026890000,1,1,0.0000000000,108.6085871757
2024-03-02,RUB_KZT,3,0.0100000000,True,0.2012860000,0.2030161429,0.2025440000,1,1,7.1538169314,16.1141302627
2024-03-05,RUB_KZT,3,0.0100000000,True,0.2005220000,0.2021425714,0.2005220000,0,1,99.8301603602,-19.8586853126
2024-03-06,RUB_KZT,3,0.0100000000,True,0.2005220000,0.2021560000,0.2005220000,1,1,27.8493350971,53.1272878371
2024-03-07,RUB_KZT,3,0.0100000000,True,0.2005220000,0.2021694286,0.2027830000,1,1,0.0000000000,81.4875217816
2024-03-08,RUB_KZT,3,0.0100000000,True,0.2005220000,0.2021828571,0.2027830000,0,1,0.0000000000,-29.6831722345
2024-03-12,RUB_KZT,3,0.0100000000,True,0.2024500000,0.2029775714,0.2024500000,1,1,7.8476276967,18.1582342314
2024-03-13,RUB_KZT,3,0.0100000000,True,0.2024500000,0.2032281429,0.2036850000,1,1,0.0000000000,38.2891289662
2024-03-14,RUB_KZT,3,0.0100000000,True,0.2024500000,0.2034787143,0.2036850000,1,1,3.1901840491,-13.3323878735
2024-03-15,RUB_KZT,3,0.0100000000,True,0.2024500000,0.2037292857,0.2045370000,1,1,0.0000000000,2.1737529845
2024-03-16,RUB_KZT,3,0.0100000000,True,0.2024500000,0.2040785714,0.2045370000,0,1,0.0000000000,-22.4633369501
2024-03-19,RUB_KZT,3,0.0100000000,True,0.2037580000,0.2047372857,0.2037580000,1,1,63.2028636359,-15.4693017742
2024-03-20,RUB_KZT,3,0.0100000000,True,0.2037580000,0.2048355714,0.2037580000,1,1,73.2722082022,-20.8180917237
2024-03-21,RUB_KZT,3,0.0100000000,True,0.2037580000,0.2049338571,0.2037580000,1,1,83.6107379937,-26.4545285343
2024-03-22,RUB_KZT,3,0.0100000000,True,0.2037580000,0.2050321429,0.2052250000,1,1,0.0000000000,62.1435663398
2024-03-23,RUB_KZT,3,0.0100000000,True,0.2037580000,0.2051085714,0.2052250000,1,1,0.0000000000,-5.6764361732
2024-03-26,RUB_KZT,3,0.0100000000,True,0.2051420000,0.2053362857,0.2051420000,1,1,21.7424083973,-12.3073369539
2024-03-27,RUB_KZT,3,0.0100000000,True,0.2051420000,0.2054620000,0.2052200000,1,1,0.0000000000,15.5746561408
2024-03-28,RUB_KZT,3,0.0100000000,True,0.2051420000,0.2055877143,0.2052200000,1,1,24.6927982579,-6.8236428803
2024-03-29,RUB_KZT,3,0.0100000000,True,0.2051420000,0.2057134286,0.2061050000,1,1,0.0000000000,23.9862110537
2024-03-30,RUB_KZT,3,0.0100000000,True,0.2051420000,0.2058535714,0.2061050000,1,1,0.0000000000,-12.2139523586
2024-04-02,RUB_KZT,3,0.0100000000,True,0.2061050000,0.2064378571,0.2064420000,1,1,6.1964467251,-6.4010961445
2024-04-03,RUB_KZT,3,0.0100000000,True,0.2061050000,0.2065631429,0.2064420000,1,1,36.3906639124,-30.6374667864
2024-04-04,RUB_KZT,3,0.0100000000,True,0.2061050000,0.2066884286,0.2065420000,1,1,0.0000000000,11.9227076780
2024-04-05,RUB_KZT,3,0.0100000000,True,0.2064420000,0.2068137143,0.2069820000,1,1,0.0000000000,13.1381173948
2024-04-06,RUB_KZT,3,0.0100000000,True,0.2064420000,0.2069062857,0.2069820000,1,1,0.0000000000,-3.6593516457
2024-04-09,RUB_KZT,3,0.0100000000,True,0.2069820000,0.2078112857,0.2079750000,1,1,0.0000000000,28.5492538216
2024-04-10,RUB_KZT,3,0.0100000000,True,0.2069820000,0.2080117143,0.2083850000,1,1,0.0000000000,1.7650104870
2024-04-11,RUB_KZT,3,0.0100000000,True,0.2069820000,0.2082121429,0.2083850000,1,1,26.8967728658,-35.2936736913
2024-04-12,RUB_KZT,3,0.0100000000,True,0.2072180000,0.2084125714,0.2083850000,0,1,57.6355126364,-56.6390291784
2024-04-13,RUB_KZT,3,0.0100000000,True,0.2079750000,0.2086608571,0.2083850000,1,1,0.0000000000,13.2203589420
2024-04-16,RUB_KZT,3,0.0100000000,True,0.2083850000,0.2090874286,0.2096110000,1,1,0.0000000000,6.2858189192
2024-04-17,RUB_KZT,3,0.0100000000,True,0.2083850000,0.2091542857,0.2088530000,1,1,41.5782572416,-27.2867602863
2024-04-18,RUB_KZT,3,0.0100000000,True,0.2083850000,0.2092211429,0.2088530000,1,1,62.4271405800,-45.1128949000
2024-04-19,RUB_KZT,3,0.0100000000,True,0.2088530000,0.2092880000,0.2088530000,1,1,36.1622243107,-15.4332785444
2024-04-20,RUB_KZT,3,0.0100000000,True,0.2088530000,0.2092737143,0.2088530000,1,1,0.0000000000,20.1035417730
2024-04-23,RUB_KZT,3,0.0100000000,True,0.2075730000,0.2086454286,0.2075730000,1,1,61.4298847053,-10.0923097148
2024-04-24,RUB_KZT,3,0.0100000000,True,0.2071350000,0.2084000000,0.2071350000,0,0,105.0474361547,-44.8176583493
2024-04-25,RUB_KZT,3,0.0100000000,True,0.2070130000,0.2081371429,0.2070130000,1,1,56.8214567043,-2.8278058423
2024-04-26,RUB_KZT,3,0.0100000000,True,0.2070130000,0.2078742857,0.2070130000,1,1,26.9784605898,14.4936500082
2024-04-27,RUB_KZT,3,0.0100000000,True,0.2070130000,0.2076110000,0.2070130000,1,1,5.8898785816,22.9274942079
2024-04-28,RUB_KZT,3,0.0100000000,True,0.2070130000,0.2072794286,0.2070130000,1,1,0.0000000000,12.8535944577
2024-05-03,RUB_KZT,3,0.0100000000,True,0.2068070000,0.2071004286,0.2068070000,1,1,68.9579001455,-55.1699210114
2024-05-04,RUB_KZT,3,0.0100000000,True,0.2067480000,0.2070625714,0.2067480000,1,1,2.8529014975,12.3427149005
2024-05-07,RUB_KZT,3,0.0100000000,True,0.2067480000,0.2074940000,0.2073670000,1,1,0.0000000000,35.9528468293
2024-05-08,RUB_KZT,3,0.0100000000,True,0.2067480000,0.2078017143,0.2089610000,1,1,0.0000000000,20.9196679252
2024-05-09,RUB_KZT,3,0.0100000000,True,0.2067480000,0.2081094286,0.2089610000,0,1,0.0000000000,-40.9194064112
2024-05-14,RUB_KZT,3,0.0100000000,True,0.2059850000,0.2079414286,0.2059850000,0,0,122.5658263843,-28.8336688216
2024-05-15,RUB_KZT,3,0.0100000000,True,0.2059850000,0.2075254286,0.2059850000,1,1,58.6869754490,15.6331960696
2024-05-16,RUB_KZT,3,0.0100000000,True,0.2059850000,0.2071094286,0.2059850000,1,1,48.0722775147,6.2492843673
2024-05-17,RUB_KZT,3,0.0100000000,True,0.2059850000,0.2066934286,0.2060490000,1,1,0.0000000000,34.2743635502
2024-05-18,RUB_KZT,3,0.0100000000,True,0.2044330000,0.2061065714,0.2044330000,1,1,78.4279467505,2.7932844728
2024-05-21,RUB_KZT,3,0.0100000000,True,0.2037510000,0.2049641429,0.2037510000,1,1,33.3605631185,25.9139403478
2024-05-22,RUB_KZT,3,0.0100000000,True,0.2024750000,0.2044535714,0.2024750000,1,1,62.6254595069,34.3633727532
2024-05-23,RUB_KZT,3,0.0100000000,True,0.2024750000,0.2039430000,0.2024750000,1,1,81.5130866713,-9.6105284320
2024-05-24,RUB_KZT,3,0.0100000000,True,0.2024750000,0.2034324286,0.2024750000,1,1,88.3105948237,-41.6143795026
2024-05-25,RUB_KZT,3,0.0100000000,True,0.2001200000,0.2028162857,0.2001200000,0,0,116.3106556365,16.8273328290
2024-05-28,RUB_KZT,3,0.0100000000,True,0.1997050000,0.2017327143,0.1997050000,1,1,20.7375574655,79.9431213437
2024-05-29,RUB_KZT,3,0.0100000000,True,0.1997050000,0.2017752857,0.2021310000,1,1,0.0000000000,102.6035327843
2024-05-30,RUB_KZT,3,0.0100000000,True,0.1997050000,0.2018178571,0.2027480000,0,1,0.0000000000,-15.5161124777
2024-05-31,RUB_KZT,3,0.0100000000,True,0.1997050000,0.2018604286,0.2027730000,0,1,0.0000000000,-43.9695602973
2024-06-01,RUB_KZT,3,0.0100000000,True,0.1997050000,0.2018194286,0.1998330000,0,0,144.9897175659,-47.2487428649
2024-06-04,RUB_KZT,3,0.0100000000,True,0.1978430000,0.2003722857,0.1978430000,0,1,99.5831519319,26.9141868779
2024-06-05,RUB_KZT,3,0.0100000000,True,0.1978430000,0.1997787143,0.1978430000,1,1,34.4537518826,62.6550376095
2024-06-06,RUB_KZT,3,0.0100000000,True,0.1978430000,0.1991851429,0.1978430000,1,1,12.1665556027,55.2823790644
2024-06-07,RUB_KZT,3,0.0100000000,True,0.1978430000,0.1985915714,0.1986180000,1,1,0.0000000000,37.6940180888
2024-06-08,RUB_KZT,3,0.0100000000,True,0.1978430000,0.1984622857,0.1986180000,1,1,0.0000000000,-7.8460391179
2024-06-11,RUB_KZT,3,0.0100000000,True,0.1952500000,0.1981917143,0.1952500000,0,0,184.8910158449,-37.1501763804
2024-06-12,RUB_KZT,3,0.0100000000,True,0.1952500000,0.1980061429,0.1952500000,0,0,171.4026830435,-32.7695461108
2024-06-14,RUB_KZT,3,0.0100000000,True,0.1952500000,0.1976350000,0.1973190000,1,1,0.0000000000,120.6770055911
2024-06-15,RUB_KZT,3,0.0100000000,True,0.1952500000,0.1974370000,0.1973190000,0,1,0.0000000000,5.9765900009
2024-06-18,RUB_KZT,3,0.0100000000,True,0.1804190000,0.1925534286,0.1804190000,0,0,866.8030089804,-259.0746612814
2024-06-19,RUB_KZT,3,0.0100000000,True,0.1804190000,0.1917054286,0.1804190000,0,0,611.2455441938,-23.9727915895
2024-06-20,RUB_KZT,3,0.0100000000,True,0.1804190000,0.1908574286,0.1857910000,1,1,0.0000000000,546.9228339479
2024-06-21,RUB_KZT,3,0.0100000000,True,0.1804190000,0.1900094286,0.1913830000,0,1,0.0000000000,222.0115392770
2024-06-22,RUB_KZT,3,0.0100000000,True,0.1804190000,0.1886480000,0.1880120000,0,0,176.1389465104,-144.9790085238
2024-06-25,RUB_KZT,3,0.0100000000,True,0.1832030000,0.1886928571,0.1832030000,0,0,255.7815458588,36.0828254533
2024-06-26,RUB_KZT,3,0.0100000000,True,0.1832030000,0.1876664286,0.1832030000,0,0,233.3404414117,4.6054359369
2024-06-27,RUB_KZT,3,0.0100000000,True,0.1832030000,0.1866400000,0.1832030000,0,0,250.2847168265,-67.8311187312
2024-06-28,RUB_KZT,3,0.0100000000,True,0.1832030000,0.1856135714,0.1841980000,1,1,0.0000000000,129.8704297330
2024-06-29,RUB_KZT,3,0.0100000000,True,0.1832030000,0.1852067143,0.1841980000,1,1,0.0000000000,54.4642395717
2024-07-02,RUB_KZT,3,0.0100000000,True,0.1841980000,0.1851154286,0.1851760000,1,1,0.0000000000,-2.6238455080
2024-07-03,RUB_KZT,3,0.0100000000,True,0.1841980000,0.1852864286,0.1853950000,1,1,0.0000000000,5.9598845031
2024-07-04,RUB_KZT,3,0.0100000000,True,0.1841980000,0.1854574286,0.1853950000,0,1,54.0763828908,-50.9859020399
2024-07-05,RUB_KZT,3,0.0100000000,True,0.1851640000,0.1856284286,0.1853950000,1,1,57.7033426109,-45.3902150148
2024-07-06,RUB_KZT,3,0.0100000000,True,0.1851240000,0.1856227143,0.1851240000,1,1,14.6174384422,12.2675873258
2024-07-09,RUB_KZT,3,0.0100000000,True,0.1827380000,0.1846734286,0.1827380000,0,0,128.8865841274,-24.3982814451
2024-07-10,RUB_KZT,3,0.0100000000,True,0.1827380000,0.1846184286,0.1827380000,0,0,110.2957093995,-8.5349783221
2024-07-11,RUB_KZT,3,0.0100000000,True,0.1827380000,0.1845634286,0.1838910000,1,1,0.0000000000,98.9052157059
2024-07-12,RUB_KZT,3,0.0100000000,True,0.1827380000,0.1845084286,0.1850100000,1,1,0.0000000000,33.4634345005
2024-07-13,RUB_KZT,3,0.0100000000,True,0.1827380000,0.1844688571,0.1848470000,0,1,8.8103345765,-29.3351878211
2024-07-16,RUB_KZT,3,0.0100000000,True,0.1848470000,0.1853405714,0.1850670000,1,1,0.0000000000,26.6305118608
2024-07-17,RUB_KZT,3,0.0100000000,True,0.1845180000,0.1852702857,0.1845180000,0,0,124.5417324520,-84.9955123480
2024-07-18,RUB_KZT,3,0.0100000000,True,0.1845180000,0.1852000000,0.1845180000,1,1,58.0295805383,-21.3282937365
2024-07-19,RUB_KZT,3,0.0100000000,True,0.1845180000,0.1851297143,0.1845180000,1,1,29.6649321597,3.3875861558
2024-07-20,RUB_KZT,3,0.0100000000,True,0.1834190000,0.1849257143,0.1834190000,1,1,59.5605848752,22.0474630740
2024-07-23,RUB_KZT,3,0.0100000000,True,0.1801560000,0.1835377143,0.1801560000,0,0,177.8986909753,6.4681139882
2024-07-24,RUB_KZT,3,0.0100000000,True,0.1801560000,0.1829270000,0.1801560000,0,0,235.7646905792,-86.3185861027
2024-07-25,RUB_KZT,3,0.0100000000,True,0.1801560000,0.1823162857,0.1801560000,0,0,162.3445767737,-44.5771633911
2024-07-26,RUB_KZT,3,0.0100000000,True,0.1801560000,0.1817055714,0.1802430000,1,1,0.0000000000,85.2792468821
2024-07-27,RUB_KZT,3,0.0100000000,True,0.1801560000,0.1815438571,0.1802430000,1,1,0.0000000000,71.6552552827
2024-07-30,RUB_KZT,3,0.0100000000,True,0.1802430000,0.1810797143,0.1809970000,0,1,70.7675259344,-66.6715053670
2024-07-31,RUB_KZT,3,0.0100000000,True,0.1802430000,0.1811215714,0.1805360000,0,0,102.4100348677,-70.8048500967
2024-08-01,RUB_KZT,3,0.0100000000,True,0.1802430000,0.1811634286,0.1805360000,1,1,33.3993960506,1.2380297506
2024-08-02,RUB_KZT,3,0.0100000000,True,0.1805360000,0.1812052857,0.1805360000,1,1,25.4700354150,11.4944612937
2024-08-03,RUB_KZT,3,0.0100000000,True,0.1789980000,0.1807354286,0.1789980000,1,1,85.1907652767,11.0342821551
2024-08-06,RUB_KZT,3,0.0100000000,True,0.1784860000,0.1800551429,0.1784860000,1,1,28.6036715494,58.7121723028
2024-08-07,RUB_KZT,3,0.0100000000,True,0.1784860000,0.1806092857,0.1792960000,1,1,0.0000000000,117.5623781407
2024-08-08,RUB_KZT,3,0.0100000000,True,0.1784860000,0.1811634286,0.1819980000,1,1,0.0000000000,103.0797764292
2024-08-09,RUB_KZT,3,0.0100000000,True,0.1784860000,0.1817175714,0.1844150000,0,1,0.0000000000,-15.4321108974
2024-08-10,RUB_KZT,3,0.0100000000,True,0.1784860000,0.1830825714,0.1844150000,0,1,0.0000000000,-72.7774665295
2024-08-13,RUB_KZT,3,0.0100000000,True,0.1844150000,0.1868594286,0.1850570000,0,0,185.4120592088,-90.6334479089
2024-08-14,RUB_KZT,3,0.0100000000,True,0.1844150000,0.1870537143,0.1850570000,0,0,432.9192321810,-340.9333911726
2024-08-15,RUB_KZT,3,0.0100000000,True,0.1844150000,0.1872480000,0.1850570000,0,0,142.3853406488,-25.7412629240
2024-08-16,RUB_KZT,3,0.0100000000,True,0.1850570000,0.1874422857,0.1857750000,1,1,0.0000000000,127.2544082140
2024-08-17,RUB_KZT,3,0.0100000000,True,0.1850570000,0.1872164286,0.1857750000,1,1,0.0000000000,76.9926326673
2024-08-20,RUB_KZT,3,0.0100000000,True,0.1857750000,0.1882764286,0.1894440000,1,1,0.0000000000,69.2826277472
2024-08-21,RUB_KZT,3,0.0100000000,True,0.1857750000,0.1890517143,0.1912020000,0,1,0.0000000000,-20.7501802228
2024-08-22,RUB_KZT,3,0.0100000000,True,0.1857750000,0.1898270000,0.1912020000,0,1,56.6329157371,-129.8023990265
2024-08-23,RUB_KZT,3,0.0100000000,True,0.1869720000,0.1906022857,0.1912020000,0,1,36.5288713569,-68.2423235818
2024-08-24,RUB_KZT,3,0.0100000000,True,0.1894440000,0.1910485714,0.1900960000,1,1,57.8445832157,-8.0308672439
2024-08-27,RUB_KZT,3,0.0100000000,True,0.1891460000,0.1904531429,0.1891460000,1,1,49.9747496002,18.7522690246
2024-08-28,RUB_KZT,3,0.0100000000,True,0.1891460000,0.1901857143,0.1893300000,1,1,0.0000000000,54.6683692631
2024-08-29,RUB_KZT,3,0.0100000000,True,0.1891460000,0.1899182857,0.1893300000,1,1,49.7172528327,-18.8351682077
2024-08-30,RUB_KZT,3,0.0100000000,True,0.1891460000,0.1896508571,0.1893300000,1,1,37.7799292810,-20.9407362100
2024-08-31,RUB_KZT,3,0.0100000000,True,0.1868680000,0.1891897143,0.1868680000,0,0,130.0375006602,-7.4150814602
2024-09-03,RUB_KZT,3,0.0100000000,True,0.1836400000,0.1868884286,0.1836400000,0,0,172.7422565661,1.0930891540
2024-09-04,RUB_KZT,3,0.0100000000,True,0.1836400000,0.1864114286,0.1842170000,1,1,0.0000000000,148.6726748820
2024-09-05,RUB_KZT,3,0.0100000000,True,0.1836400000,0.1859344286,0.1855040000,1,1,0.0000000000,92.3674321439
2024-09-06,RUB_KZT,3,0.0100000000,True,0.1836400000,0.1854574286,0.1859910000,0,1,0.0000000000,-2.5111654427
2024-09-07,RUB_KZT,3,0.0100000000,True,0.1836400000,0.1856315714,0.1859910000,0,1,0.0000000000,-19.3624699001
2024-09-10,RUB_KZT,3,0.0100000000,True,0.1859910000,0.1883182857,0.1902580000,0,1,0.0000000000,12.2816386847
2024-09-11,RUB_KZT,3,0.0100000000,True,0.1859910000,0.1889747143,0.1905860000,0,1,0.0000000000,-67.9078002121
2024-09-12,RUB_KZT,3,0.0100000000,True,0.1859910000,0.1896311429,0.1905860000,0,1,29.6099439190,-80.2008108975
2024-09-13,RUB_KZT,3,0.0100000000,True,0.1880870000,0.1902875714,0.1905860000,0,1,9.0166598517,-24.7219809416
2024-09-14,RUB_KZT,3,0.0100000000,True,0.1901250000,0.1905787143,0.1901250000,1,1,24.1885552979,-0.3822942301
2024-09-17,RUB_KZT,3,0.0100000000,True,0.1901250000,0.1909122857,0.1902360000,1,1,0.0000000000,41.2380854035
2024-09-18,RUB_KZT,3,0.0100000000,True,0.1901250000,0.1913022857,0.1907310000,1,1,0.0000000000,55.7382631527
2024-09-19,RUB_KZT,3,0.0100000000,True,0.1901250000,0.1916922857,0.1933160000,1,1,0.0000000000,50.1473343439
2024-09-20,RUB_KZT,3,0.0100000000,True,0.1901250000,0.1920822857,0.1933160000,0,1,11.3673941799,-75.6818506354
2024-09-21,RUB_KZT,3,0.0100000000,True,0.1902360000,0.1926311429,0.1933160000,0,1,0.0000000000,-35.5527736948
2024-09-24,RUB_KZT,3,0.0100000000,True,0.1925910000,0.1932891429,0.1925910000,1,1,70.9399021483,-35.0695922615
2024-09-25,RUB_KZT,3,0.0100000000,True,0.1925910000,0.1933498571,0.1925910000,1,1,34.7197069263,4.5439466134
2024-09-26,RUB_KZT,3,0.0100000000,True,0.1925910000,0.1934105714,0.1932560000,1,1,0.0000000000,42.3746966114
2024-09-27,RUB_KZT,3,0.0100000000,True,0.1925910000,0.1934712857,0.1937410000,1,1,0.0000000000,11.1275279683
2024-09-28,RUB_KZT,3,0.0100000000,True,0.1925910000,0.1935510000,0.1937410000,1,1,0.0000000000,-9.8165341435
2024-10-01,RUB_KZT,3,0.0100000000,True,0.1937410000,0.1947502857,0.1940150000,1,1,26.2177098059,11.5679272798
2024-10-02,RUB_KZT,3,0.0100000000,True,0.1937410000,0.1951408571,0.1964750000,1,1,0.0000000000,57.6945883779
2024-10-03,RUB_KZT,3,0.0100000000,True,0.1937410000,0.1955314286,0.1964750000,0,1,18.5936872908,-66.9749839266
2024-10-04,RUB_KZT,3,0.0100000000,True,0.1940150000,0.1959220000,0.1964750000,0,1,8.7974451812,-37.0555629281
2024-10-05,RUB_KZT,3,0.0100000000,True,0.1940150000,0.1966142857,0.1964750000,0,1,0.0000000000,7.0842112911
2024-10-08,RUB_KZT,3,0.0100000000,True,0.1964750000,0.1979064286,0.1984180000,0,1,47.8003320443,-74.0032266331
2024-10-09,RUB_KZT,3,0.0100000000,True,0.1957230000,0.1977990000,0.1957230000,0,0,135.8243707728,-31.2943948149
2024-10-10,RUB_KZT,3,0.0100000000,True,0.1957230000,0.1976915714,0.1957230000,0,0,179.5767227624,-81.4616708133
2024-10-11,RUB_KZT,3,0.0100000000,True,0.1957230000,0.1975841429,0.1957230000,0,0,156.2146366979,-63.0038992429
2024-10-12,RUB_KZT,3,0.0100000000,True,0.1957230000,0.1972718571,0.1957230000,1,1,0.0000000000,78.5138420295
2024-10-15,RUB_KZT,3,0.0100000000,True,0.1957230000,0.1975682857,0.1986970000,1,1,0.0000000000,19.4001639939
2024-10-16,RUB_KZT,3,0.0100000000,True,0.1957230000,0.1978770000,0.1978840000,0,0,125.2039741907,-127.1496940018
2024-10-17,RUB_KZT,3,0.0100000000,True,0.1957230000,0.1981857143,0.1978840000,0,1,82.6926739303,-68.0314279536
2024-10-18,RUB_KZT,3,0.0100000000,True,0.1971850000,0.1984944286,0.1978840000,1,1,40.9165714631,-10.2053961932
2024-10-19,RUB_KZT,3,0.0100000000,True,0.1978840000,0.1986268571,0.1978840000,1,1,0.0000000000,37.3996323328
2024-10-22,RUB_KZT,3,0.0100000000,True,0.1978840000,0.1986671429,0.1987880000,1,1,0.0000000000,27.9433654282
2024-10-23,RUB_KZT,3,0.0100000000,True,0.1978840000,0.1988645714,0.1987880000,0,1,86.9192294458,-83.7971570028
2024-10-24,RUB_KZT,3,0.0100000000,True,0.1978840000,0.1990620000,0.1987880000,1,1,40.0326674583,-26.3736926184
2024-10-25,RUB_KZT,3,0.0100000000,True,0.1981120000,0.1992594286,0.1992660000,1,1,0.0000000000,23.6590345967
2024-10-26,RUB_KZT,3,0.0100000000,True,0.1987880000,0.1995904286,0.1992660000,1,1,0.0000000000,16.2547159075
2024-10-29,RUB_KZT,3,0.0100000000,True,0.1973830000,0.1991085714,0.1973830000,0,0,151.9740157362,-66.3170129721
2024-10-30,RUB_KZT,3,0.0100000000,True,0.1973830000,0.1991514286,0.1973830000,0,0,106.9087191002,-18.3062421990
2024-10-31,RUB_KZT,3,0.0100000000,True,0.1973830000,0.1992351429,0.1986340000,1,1,0.0000000000,92.9626586245
2024-11-01,RUB_KZT,3,0.0100000000,True,0.1973830000,0.1993188571,0.1995660000,1,1,0.0000000000,34.3598770670
2024-11-02,RUB_KZT,3,0.0100000000,True,0.1973830000,0.1992364286,0.1998520000,0,1,0.0000000000,-16.5417253729
2024-11-03,RUB_KZT,3,0.0100000000,True,0.1973830000,0.1993592857,0.1998520000,0,1,0.0000000000,-24.7148902018
2024-11-06,RUB_KZT,3,0.0100000000,True,0.1987600000,0.1998390000,0.1987600000,1,1,80.6483810436,-26.8716316635
2024-11-07,RUB_KZT,3,0.0100000000,True,0.1987600000,0.1996830000,0.1987600000,0,0,106.6683922092,-61.0968384890
2024-11-08,RUB_KZT,3,0.0100000000,True,0.1987600000,0.1995270000,0.1987600000,1,1,25.9938377543,12.4795140507
2024-11-09,RUB_KZT,3,0.0100000000,True,0.1987600000,0.1994357143,0.1987600000,1,1,0.0000000000,33.8813079761
2024-11-12,RUB_KZT,3,0.0100000000,True,0.1987390000,0.1991791429,0.1987390000,1,1,23.7936279259,-1.6998337462
2024-11-13,RUB_KZT,3,0.0100000000,True,0.1987390000,0.1997112857,0.1987390000,1,1,4.8281238213,43.8776262018
2024-11-14,RUB_KZT,3,0.0100000000,True,0.1987390000,0.2002434286,0.2011870000,1,1,0.0000000000,75.1299846473
2024-11-15,RUB_KZT,3,0.0100000000,True,0.1987390000,0.2007755714,0.2024850000,0,1,0.0000000000,-20.4919636638
2024-11-16,RUB_KZT,3,0.0100000000,True,0.1987390000,0.2011048571,0.2015180000,0,1,47.7566239475,-68.6280220553
2024-11-19,RUB_KZT,3,0.0100000000,True,0.2009170000,0.2021062857,0.2009170000,1,1,29.8236385832,29.1077396335
2024-11-20,RUB_KZT,3,0.0100000000,True,0.2009170000,0.2027911429,0.2015430000,1,1,0.0000000000,92.4173921374
2024-11-21,RUB_KZT,3,0.0100000000,True,0.2009170000,0.2034760000,0.2033110000,1,1,0.0000000000,94.9989187914
2024-11-22,RUB_KZT,3,0.0100000000,True,0.2009170000,0.2041608571,0.2072790000,0,1,0.0000000000,41.6268404605
2024-11-23,RUB_KZT,3,0.0100000000,True,0.2009170000,0.2051258571,0.2072790000,0,1,0.0000000000,-104.9669157820
2024-11-26,RUB_KZT,3,0.0100000000,True,0.2072790000,0.2109827143,0.2107490000,1,1,0.0000000000,128.4329995890
2024-11-27,RUB_KZT,3,0.0100000000,True,0.2072790000,0.2113744286,0.2100210000,0,1,34.5434616534,29.5886581767
2024-11-28,RUB_KZT,3,0.0100000000,True,0.2072790000,0.2117661429,0.2100210000,0,0,305.9326375843,-230.5778004443
2024-11-29,RUB_KZT,3,0.0100000000,True,0.2082730000,0.2121578571,0.2100210000,0,0,426.2185977180,-339.9894283569
2024-11-30,RUB_KZT,3,0.0100000000,True,0.2096470000,0.2123541429,0.2096470000,1,1,17.8077430352,109.8703715290
2024-12-03,RUB_KZT,3,0.0100000000,True,0.1974550000,0.2055468571,0.1974550000,0,0,581.5489847219,-199.4748503643
2024-12-04,RUB_KZT,3,0.0100000000,True,0.1895010000,0.2026154286,0.1895010000,0,0,638.4124412125,9.4478773299
2024-12-05,RUB_KZT,3,0.0100000000,True,0.1895010000,0.1996840000,0.1895010000,0,0,488.7597307756,22.2852106328
2024-12-06,RUB_KZT,3,0.0100000000,True,0.1895010000,0.1967525714,0.1895010000,0,0,402.8259603454,-35.7011126375
2024-12-07,RUB_KZT,3,0.0100000000,True,0.1895010000,0.1943878571,0.1895010000,1,1,0.0000000000,251.3972433610
2024-12-10,RUB_KZT,3,0.0100000000,True,0.1895010000,0.1945811429,0.1961110000,0,1,0.0000000000,76.4279022780
2024-12-11,RUB_KZT,3,0.0100000000,True,0.1895010000,0.1957664286,0.1977980000,0,1,0.0000000000,-17.6011500586
2024-12-12,RUB_KZT,3,0.0100000000,True,0.1895010000,0.1969517143,0.1977980000,0,0,269.1507312970,-320.7530199570
2024-12-13,RUB_KZT,3,0.0100000000,True,0.1930940000,0.1981370000,0.1977980000,0,0,163.7567071624,-149.0887618163
2024-12-14,RUB_KZT,3,0.0100000000,True,0.1961110000,0.1986900000,0.1969650000,1,1,42.1136715235,44.8940560672
2024-12-17,RUB_KZT,3,0.0100000000,True,0.1958910000,0.1973234286,0.1958910000,1,1,54.5274541162,18.1645217714
2024-12-18,RUB_KZT,3,0.0100000000,True,0.1953050000,0.1969672857,0.1953050000,1,1,92.5282429272,-8.2102103975
2024-12-19,RUB_KZT,3,0.0100000000,True,0.1953050000,0.1966111429,0.1953050000,1,1,29.9145953617,36.6277743305
2024-12-20,RUB_KZT,3,0.0100000000,True,0.1953050000,0.1962550000,0.1953050000,0,0,130.3787553377,-83.0552087845
2024-12-21,RUB_KZT,3,0.0100000000,True,0.1939720000,0.1958274286,0.1939720000,1,1,68.2522208853,26.6780080421
2024-12-24,RUB_KZT,3,0.0100000000,True,0.1906990000,0.1937685714,0.1906990000,0,0,168.7356938115,-10.4985328595
2024-12-25,RUB_KZT,3,0.0100000000,True,0.1906990000,0.1937400000,0.1927050000,1,1,0.0000000000,156.9629400227
2024-12-26,RUB_KZT,3,0.0100000000,True,0.1906990000,0.1936764286,0.1927050000,0,1,19.8872022746,30.3304111792
2024-12-27,RUB_KZT,3,0.0100000000,True,0.1906990000,0.1936128571,0.1948600000,0,1,0.0000000000,46.8903334342
2024-12-28,RUB_KZT,3,0.0100000000,True,0.1906990000,0.1937397143,0.1948600000,0,1,12.5573409190,-70.4701005325
2024-12-29,RUB_KZT,3,0.0100000000,True,0.1927050000,0.1943341429,0.1948600000,0,1,0.0000000000,-27.0594315094
2025-01-10,RUB_KZT,3,0.0100000000,True,0.1940160000,0.1944634286,0.1942160000,1,1,0.0000000000,23.0083658771
2025-01-11,RUB_KZT,3,0.0100000000,True,0.1940160000,0.1944780000,0.1942160000,1,1,0.0000000000,13.4719608388
2025-01-14,RUB_KZT,3,0.0100000000,True,0.1932720000,0.1943548571,0.1932720000,1,1,86.6835588474,-31.2388826329
2025-01-15,RUB_KZT,3,0.0100000000,True,0.1932720000,0.1942327143,0.1932720000,0,0,124.7234470883,-76.2119666468
2025-01-16,RUB_KZT,3,0.0100000000,True,0.1932720000,0.1941105714,0.1932720000,1,1,31.8223313339,11.4147017826
2025-01-17,RUB_KZT,3,0.0100000000,True,0.1932720000,0.1939884286,0.1933610000,1,1,0.0000000000,36.9315106424
2025-01-18,RUB_KZT,3,0.0100000000,True,0.1923300000,0.1936124286,0.1923300000,1,1,53.3199559373,12.9861793111
2025-01-21,RUB_KZT,3,0.0100000000,True,0.1862850000,0.1910692857,0.1862850000,0,0,314.3035407893,-65.9820483968
2025-01-22,RUB_KZT,3,0.0100000000,True,0.1862850000,0.1903167143,0.1862850000,0,0,119.9700870340,92.9878540808
2025-01-23,RUB_KZT,3,0.0100000000,True,0.1862850000,0.1895641429,0.1880930000,1,1,0.0000000000,172.9832872251
2025-01-24,RUB_KZT,3,0.0100000000,True,0.1862850000,0.1888115714,0.1880930000,0,0,112.8574432296,-75.6536562151
2025-01-25,RUB_KZT,3,0.0100000000,True,0.1862850000,0.1881317143,0.1875710000,1,1,27.7522289506,2.0578287856
2025-01-28,RUB_KZT,3,0.0100000000,True,0.1875710000,0.1887062857,0.1895730000,1,1,0.0000000000,60.1615208518
2025-01-29,RUB_KZT,3,0.0100000000,True,0.1875710000,0.1887441429,0.1883580000,0,1,64.0914054217,-43.9143239260
2025-01-30,RUB_KZT,3,0.0100000000,True,0.1875710000,0.1887820000,0.1883580000,0,1,81.1483999389,-59.1687766842
2025-01-31,RUB_KZT,3,0.0100000000,True,0.1875710000,0.1888198571,0.1883580000,0,1,66.6589319805,-42.4819120870
2025-02-01,RUB_KZT,3,0.0100000000,True,0.1883580000,0.1895795714,0.1883580000,1,1,0.0000000000,64.4358154925
2025-02-04,RUB_KZT,3,0.0100000000,True,0.1878220000,0.1890231429,0.1878220000,0,0,262.6899408468,-204.5176629921
2025-02-05,RUB_KZT,3,0.0100000000,True,0.1878220000,0.1890822857,0.1878220000,1,1,57.3830370661,9.3232273780
2025-02-06,RUB_KZT,3,0.0100000000,True,0.1878220000,0.1891414286,0.1878220000,1,1,34.4350059160,35.4458870535
2025-02-07,RUB_KZT,3,0.0100000000,True,0.1878220000,0.1892005714,0.1887720000,1,1,0.0000000000,72.8629632650
2025-02-08,RUB_KZT,3,0.0100000000,True,0.1878220000,0.1886922857,0.1887720000,1,1,0.0000000000,-4.2245651651
2025-02-11,RUB_KZT,3,0.0100000000,True,0.1815870000,0.1872301429,0.1815870000,0,0,409.0191252357,-112.2072071728
2025-02-12,RUB_KZT,3,0.0100000000,True,0.1813890000,0.1861754286,0.1813890000,0,0,334.5802161264,-80.1701620898
2025-02-13,RUB_KZT,3,0.0100000000,True,0.1813890000,0.1851207143,0.1813890000,0,0,232.6220053955,-31.7784920264
2025-02-14,RUB_KZT,3,0.0100000000,True,0.1813890000,0.1840660000,0.1813890000,1,1,10.9038642634,134.6799517564
2025-02-15,RUB_KZT,3,0.0100000000,True,0.1813890000,0.1833918571,0.1813890000,1,1,0.0000000000,109.2118905420
2025-02-18,RUB_KZT,3,0.0100000000,True,0.1757520000,0.1813268571,0.1757520000,0,0,479.9254653002,-181.1724368307
2025-02-19,RUB_KZT,3,0.0100000000,True,0.1757520000,0.1806170000,0.1757520000,0,0,403.2500259369,-139.5217504443
2025-02-20,RUB_KZT,3,0.0100000000,True,0.1757520000,0.1799071429,0.1757520000,0,0,323.0921704658,-95.2078453170
2025-02-21,RUB_KZT,3,0.0100000000,True,0.1757520000,0.1791972857,0.1764200000,1,1,0.0000000000,192.2621595831
2025-02-22,RUB_KZT,3,0.0100000000,True,0.1755460000,0.1779021429,0.1755460000,1,1,49.5408683823,83.3122543292
2025-02-25,RUB_KZT,3,0.0100000000,True,0.1722680000,0.1749038571,0.1722680000,0,0,186.7316828638,-36.7140477993
2025-02-26,RUB_KZT,3,0.0100000000,True,0.1722680000,0.1748422857,0.1723070000,1,1,0.0000000000,147.2347323629
2025-02-27,RUB_KZT,3,0.0100000000,True,0.1722680000,0.1747807143,0.1749460000,1,1,0.0000000000,141.5324508670
2025-02-28,RUB_KZT,3,0.0100000000,True,0.1722680000,0.1747191429,0.1759890000,0,1,0.0000000000,-12.9841034673
2025-03-01,RUB_KZT,3,0.0100000000,True,0.1722680000,0.1751808571,0.1759890000,0,1,0.0000000000,-46.1319159138
2025-03-04,RUB_KZT,3,0.0100000000,True,0.1759890000,0.1779361429,0.1788080000,0,1,0.0000000000,-47.3123183036
2025-03-05,RUB_KZT,3,0.0100000000,True,0.1759890000,0.1784702857,0.1796690000,0,1,0.0000000000,-18.9227178274
2025-03-06,RUB_KZT,3,0.0100000000,True,0.1759890000,0.1790044286,0.1797280000,0,1,0.0000000000,-37.1259769311
2025-03-07,RUB_KZT,3,0.0100000000,True,0.1787780000,0.1795385714,0.1797280000,1,1,33.4385102950,-44.1369542558
2025-03-08,RUB_KZT,3,0.0100000000,True,0.1786180000,0.1795157143,0.1786180000,1,1,61.7599928781,-11.8254669309
2025-03-11,RUB_KZT,3,0.0100000000,True,0.1749390000,0.1781614286,0.1749390000,0,0,205.9702829502,-25.6268392229
2025-03-12,RUB_KZT,3,0.0100000000,True,0.1727700000,0.1771674286,0.1727700000,0,0,123.9860751462,125.7809400632
2025-03-13,RUB_KZT,3,0.0100000000,True,0.1727700000,0.1761734286,0.1727700000,0,0,255.9388183274,-64.4008258096
2025-03-14,RUB_KZT,3,0.0100000000,True,0.1727700000,0.1751794286,0.1727700000,0,0,243.4479136666,-108.5499275845
2025-03-15,RUB_KZT,3,0.0100000000,True,0.1668930000,0.1735044286,0.1668930000,0,0,340.1632227817,42.3290965813
2025-03-18,RUB_KZT,3,0.0100000000,True,0.1633170000,0.1691570000,0.1633170000,0,0,214.2690226672,133.8401603244
2025-03-19,RUB_KZT,3,0.0100000000,True,0.1633170000,0.1685222857,0.1668960000,1,1,0.0000000000,308.8781814359
2025-03-20,RUB_KZT,3,0.0100000000,True,0.1633170000,0.1678875714,0.1683270000,0,1,0.0000000000,59.0616339336
2025-03-21,RUB_KZT,3,0.0100000000,True,0.1633170000,0.1672528571,0.1683270000,0,1,21.1046756342,-85.5078281815
2025-03-22,RUB_KZT,3,0.0100000000,True,0.1633170000,0.1672400000,0.1668030000,0,1,90.5380598478,-64.9964123415
2025-03-25,RUB_KZT,3,0.0100000000,True,0.1668030000,0.1676788571,0.1670650000,1,1,0.0000000000,52.2342027958
2025-03-26,RUB_KZT,3,0.0100000000,True,0.1668030000,0.1676250000,0.1670650000,1,1,22.2769024953,11.1558538404
2025-03-27,RUB_KZT,3,0.0100000000,True,0.1668030000,0.1675711429,0.1670650000,1,1,23.8855880333,6.3341966482
2025-03-28,RUB_KZT,3,0.0100000000,True,0.1668030000,0.1675172857,0.1679500000,1,1,0.0000000000,26.9993459097
2025-03-29,RUB_KZT,3,0.0100000000,True,0.1670650000,0.1679498571,0.1679500000,1,1,0.0000000000,-0.0085059401
2025-04-01,RUB_KZT,3,0.0100000000,True,0.1677430000,0.1682452857,0.1677430000,0,0,122.9457519534,-94.2501466821
2025-04-02,RUB_KZT,3,0.0100000000,True,0.1677430000,0.1682562857,0.1677430000,1,1,29.9559576099,0.5518791911
2025-04-03,RUB_KZT,3,0.0100000000,True,0.1677430000,0.1682672857,0.1677430000,1,1,18.0307772872,13.1508458906
2025-04-04,RUB_KZT,3,0.0100000000,True,0.1677430000,0.1682782857,0.1680270000,1,1,0.0000000000,31.8095535626
2025-04-05,RUB_KZT,3,0.0100000000,True,0.1677430000,0.1684302857,0.1680270000,1,1,0.0000000000,23.9437766537
2025-04-08,RUB_KZT,3,0.0100000000,True,0.1633410000,0.1670322857,0.1633410000,0,0,442.0258053191,-231.2555485424
2025-04-09,RUB_KZT,3,0.0100000000,True,0.1630580000,0.1663224286,0.1630580000,0,0,111.1043726120,86.1235964224
2025-04-10,RUB_KZT,3,0.0100000000,True,0.1630580000,0.1656125714,0.1630580000,0,0,178.3530800691,-24.5409251196
2025-04-11,RUB_KZT,3,0.0100000000,True,0.1630580000,0.1649027143,0.1630580000,1,1,17.3257173643,94.7051898132
2025-04-12,RUB_KZT,3,0.0100000000,True,0.1607320000,0.1634508571,0.1607320000,0,0,142.6486280955,24.0351840134
2025-04-15,RUB_KZT,3,0.0100000000,True,0.1572260000,0.1608177143,0.1572260000,0,0,218.1270686609,5.3299032445
2025-04-16,RUB_KZT,3,0.0100000000,True,0.1550790000,0.1596778571,0.1550790000,0,0,235.3652316817,53.9121177013
2025-04-17,RUB_KZT,3,0.0100000000,True,0.1550790000,0.1585380000,0.1550790000,0,0,293.9133156001,-78.0254576190
2025-04-18,RUB_KZT,3,0.0100000000,True,0.1550790000,0.1573981429,0.1550790000,0,0,136.5550227062,10.9367781613
2025-04-19,RUB_KZT,3,0.0100000000,True,0.1547420000,0.1565424286,0.1547420000,1,1,21.7308597554,93.4844683824
2025-04-22,RUB_KZT,3,0.0100000000,True,0.1547420000,0.1564297143,0.1561980000,1,1,0.0000000000,107.8896227242
2025-04-23,RUB_KZT,3,0.0100000000,True,0.1547420000,0.1571077143,0.1589820000,1,1,0.0000000000,57.9038584993
2025-04-24,RUB_KZT,3,0.0100000000,True,0.1547420000,0.1577857143,0.1598250000,0,1,0.0000000000,-75.8171118153
2025-04-25,RUB_KZT,3,0.0100000000,True,0.1547420000,0.1584637143,0.1598250000,0,1,1.5014169623,-87.4197427802
2025-04-26,RUB_KZT,3,0.0100000000,True,0.1561980000,0.1592542857,0.1598250000,0,1,0.0000000000,-35.8366673245
2025-04-29,RUB_KZT,3,0.0100000000,True,0.1587790000,0.1595234286,0.1587790000,1,1,93.4013826150,-47.1762320626
2025-04-30,RUB_KZT,3,0.0100000000,True,0.1587790000,0.1594151429,0.1590670000,1,1,0.0000000000,39.9047948483
2025-05-01,RUB_KZT,3,0.0100000000,True,0.1587790000,0.1593068571,0.1590670000,1,1,0.0000000000,15.0562974601
2025-05-06,RUB_KZT,3,0.0100000000,True,0.1561420000,0.1580530000,0.1561420000,0,0,161.0606308838,-40.8090956831
2025-05-07,RUB_KZT,3,0.0100000000,True,0.1561420000,0.1577812857,0.1571650000,1,1,0.0000000000,103.8960803789
2025-05-08,RUB_KZT,3,0.0100000000,True,0.1561420000,0.1575095714,0.1571650000,1,1,0.0000000000,21.8762215811
2025-05-13,RUB_KZT,3,0.0100000000,True,0.1567570000,0.1572831429,0.1567910000,1,1,0.0000000000,33.4519547095
2025-05-14,RUB_KZT,3,0.0100000000,True,0.1567570000,0.1574295714,0.1572830000,1,1,0.0000000000,40.5623557745
2025-05-15,RUB_KZT,3,0.0100000000,True,0.1567570000,0.1575760000,0.1581900000,1,1,0.0000000000,18.5942021628
2025-05-16,RUB_KZT,3,0.0100000000,True,0.1567570000,0.1577224286,0.1581900000,0,1,29.3717224687,-59.1907845338
2025-05-17,RUB_KZT,3,0.0100000000,True,0.1567910000,0.1578751429,0.1578260000,1,1,23.0103040647,-19.9434272653
2025-05-20,RUB_KZT,3,0.0100000000,True,0.1558920000,0.1573824286,0.1558920000,0,0,122.5400124187,-28.1843044740
2025-05-21,RUB_KZT,3,0.0100000000,True,0.1558920000,0.1572408571,0.1558920000,1,1,84.7829543648,1.0084619955
2025-05-22,RUB_KZT,3,0.0100000000,True,0.1558920000,0.1570992857,0.1561640000,1,1,0.0000000000,76.8485807428
2025-05-23,RUB_KZT,3,0.0100000000,True,0.1558920000,0.1569577143,0.1571990000,1,1,0.0000000000,50.5686699967
2025-05-24,RUB_KZT,3,0.0100000000,True,0.1558920000,0.1566878571,0.1559370000,1,1,80.2804089085,-32.6217274563
2025-05-27,RUB_KZT,3,0.0100000000,True,0.1531170000,0.1559818571,0.1531170000,0,0,180.8422632217,2.8757923312
2025-05-28,RUB_KZT,3,0.0100000000,True,0.1531170000,0.1555784286,0.1531170000,0,0,171.8925511088,-13.9204021123
2025-05-29,RUB_KZT,3,0.0100000000,True,0.1531170000,0.1551750000,0.1531170000,0,0,148.6228261499,-16.2397293378
2025-05-30,RUB_KZT,3,0.0100000000,True,0.1531170000,0.1547715714,0.1543750000,1,1,0.0000000000,106.9040918367
2025-05-31,RUB_KZT,3,0.0100000000,True,0.1531170000,0.1546245714,0.1543750000,1,1,0.0000000000,16.1404766568
2025-06-03,RUB_KZT,3,0.0100000000,True,0.1532950000,0.1543108571,0.1532950000,0,0,104.1263201384,-38.6973974612
2025-06-04,RUB_KZT,3,0.0100000000,True,0.1532950000,0.1544255714,0.1532950000,1,1,58.8834199075,14.4128609344
2025-06-05,RUB_KZT,3,0.0100000000,True,0.1532950000,0.1545402857,0.1546450000,1,1,0.0000000000,80.5800059531
2025-06-06,RUB_KZT,3,0.0100000000,True,0.1532950000,0.1546550000,0.1551780000,1,1,0.0000000000,0.6466004979
2025-06-07,RUB_KZT,3,0.0100000000,True,0.1532950000,0.1546891429,0.1551470000,0,1,1.9977058604,-31.6025503683
2025-06-10,RUB_KZT,3,0.0100000000,True,0.1545730000,0.1551474286,0.1545730000,1,1,36.9971704255,0.0276234954
2025-06-11,RUB_KZT,3,0.0100000000,True,0.1545730000,0.1551775714,0.1553890000,1,1,0.0000000000,38.9599748859
2025-06-12,RUB_KZT,3,0.0100000000,True,0.1545730000,0.1552077143,0.1553890000,1,1,0.0000000000,-11.6801999901
2025-06-17,RUB_KZT,3,0.0100000000,True,0.1512770000,0.1537902857,0.1512770000,0,0,135.6312395261,28.1738025437
2025-06-18,RUB_KZT,3,0.0100000000,True,0.1510950000,0.1531768571,0.1510950000,0,0,163.4061391231,-27.9508840388
2025-06-19,RUB_KZT,3,0.0100000000,True,0.1510950000,0.1525634286,0.1510950000,1,1,67.7727673113,28.6719153813
2025-06-20,RUB_KZT,3,0.0100000000,True,0.1510950000,0.1519500000,0.1510950000,1,1,12.0309101846,44.2908851596
2025-06-21,RUB_KZT,3,0.0100000000,True,0.1501090000,0.1514860000,0.1501090000,1,1,65.2569575433,25.8109660299
2025-06-24,RUB_KZT,3,0.0100000000,True,0.1497520000,0.1506541429,0.1497520000,1,1,23.7827178917,36.1850558374
2025-06-25,RUB_KZT,3,0.0100000000,True,0.1497520000,0.1506954286,0.1505910000,1,1,0.0000000000,62.6049894394
2025-06-26,RUB_KZT,3,0.0100000000,True,0.1497520000,0.1507367143,0.1508420000,1,1,0.0000000000,9.6668078779
2025-06-27,RUB_KZT,3,0.0100000000,True,0.1497520000,0.1507780000,0.1513840000,1,1,0.0000000000,-4.2446510764
2025-06-28,RUB_KZT,3,0.0100000000,True,0.1497520000,0.1508914286,0.1509030000,0,1,31.7735031443,-32.6440960388
2025-07-01,RUB_KZT,3,0.0100000000,True,0.1509030000,0.1513442857,0.1509090000,1,1,0.0000000000,29.1577387414
2025-07-02,RUB_KZT,3,0.0100000000,True,0.1509030000,0.1513940000,0.1514640000,1,1,0.0000000000,32.0356156783
2025-07-03,RUB_KZT,3,0.0100000000,True,0.1509030000,0.1514437143,0.1517320000,1,1,0.0000000000,-1.3394886926
2025-07-04,RUB_KZT,3,0.0100000000,True,0.1509030000,0.1514934286,0.1517320000,1,1,16.4493163664,-32.2503380628
2025-07-05,RUB_KZT,3,0.0100000000,True,0.1509090000,0.1515822857,0.1515250000,1,1,13.6424748899,-9.8767666030
2025-07-08,RUB_KZT,3,0.0100000000,True,0.1501110000,0.1511072857,0.1501110000,1,1,93.3179343343,-27.6435569430
2025-07-09,RUB_KZT,3,0.0100000000,True,0.1501110000,0.1508968571,0.1501110000,1,1,23.5270660951,28.6193596761
2025-07-10,RUB_KZT,3,0.0100000000,True,0.1501110000,0.1506864286,0.1501110000,1,1,22.7976657317,15.4246519499
2025-07-11,RUB_KZT,3,0.0100000000,True,0.1501110000,0.1504760000,0.1502590000,1,1,0.0000000000,24.2563598182
2025-07-12,RUB_KZT,3,0.0100000000,True,0.1501110000,0.1503220000,0.1502590000,1,1,0.0000000000,4.1910033129
2025-07-15,RUB_KZT,3,0.0100000000,True,0.1482470000,0.1495255714,0.1482470000,0,0,146.2308985889,-61.6234776851
2025-07-16,RUB_KZT,3,0.0100000000,True,0.1470000000,0.1490600000,0.1470000000,0,0,114.7894853638,23.6817388971
2025-07-17,RUB_KZT,3,0.0100000000,True,0.1470000000,0.1485944286,0.1470000000,1,1,84.1163733499,23.3809958266
2025-07-18,RUB_KZT,3,0.0100000000,True,0.1470000000,0.1481288571,0.1470000000,0,0,101.0767604259,-25.1229142195
2025-07-19,RUB_KZT,3,0.0100000000,True,0.1467880000,0.1476061429,0.1467880000,1,1,14.4217687075,41.0648801879
2025-07-22,RUB_KZT,3,0.0100000000,True,0.1464100000,0.1470227143,0.1464100000,1,1,25.7514238221,15.9644913954
2025-07-23,RUB_KZT,3,0.0100000000,True,0.1464100000,0.1469934286,0.1464100000,1,1,73.3599110460,-33.9179399662
2025-07-24,RUB_KZT,3,0.0100000000,True,0.1464100000,0.1469641429,0.1464100000,1,1,71.8117027986,-34.3524027727
2025-07-25,RUB_KZT,3,0.0100000000,True,0.1464100000,0.1469348571,0.1467950000,1,1,0.0000000000,35.7203969884
2025-07-26,RUB_KZT,3,0.0100000000,True,0.1460500000,0.1468294286,0.1460500000,1,1,50.7510473790,2.3448004779
2025-07-29,RUB_KZT,3,0.0100000000,True,0.1460500000,0.1480381429,0.1470030000,1,1,0.0000000000,134.2993649320
2025-07-30,RUB_KZT,3,0.0100000000,True,0.1460500000,0.1482878571,0.1470030000,0,0,319.2603275579,-240.2855450066
2025-07-31,RUB_KZT,3,0.0100000000,True,0.1460500000,0.1485375714,0.1470030000,0,0,263.2833922823,-164.2970561561
2025-08-01,RUB_KZT,3,0.0100000000,True,0.1460500000,0.1487872857,0.1485430000,1,1,0.0000000000,119.9219211319
2025-08-02,RUB_KZT,3,0.0100000000,True,0.1466640000,0.1488750000,0.1466640000,0,0,126.4953582464,22.3005877414
2025-08-05,RUB_KZT,3,0.0100000000,True,0.1466640000,0.1481664286,0.1477410000,1,1,0.0000000000,101.4014163609
2025-08-06,RUB_KZT,3,0.0100000000,True,0.1466640000,0.1480760000,0.1479100000,1,1,0.0000000000,22.6235176531
2025-08-07,RUB_KZT,3,0.0100000000,True,0.1466640000,0.1479855714,0.1479100000,0,1,85.4643563361,-81.0503726715
2025-08-08,RUB_KZT,3,0.0100000000,True,0.1466640000,0.1478951429,0.1479100000,1,1,2.4333202655,-3.4387297564
2025-08-09,RUB_KZT,3,0.0100000000,True,0.1476720000,0.1480391429,0.1476720000,1,1,16.0908660672,8.7235615291
2025-08-12,RUB_KZT,3,0.0100000000,True,0.1467910000,0.1476645714,0.1467910000,1,1,59.6592448128,-0.5030706659
2025-08-13,RUB_KZT,3,0.0100000000,True,0.1467910000,0.1477820000,0.1467910000,1,1,26.7690321704,40.3973420308
2025-08-14,RUB_KZT,3,0.0100000000,True,0.1467910000,0.1478994286,0.1482740000,1,1,0.0000000000,74.9447501005
2025-08-15,RUB_KZT,3,0.0100000000,True,0.1467910000,0.1480168571,0.1487320000,0,1,0.0000000000,-17.3725386491
2025-08-16,RUB_KZT,3,0.0100000000,True,0.1467910000,0.1481632857,0.1486970000,0,1,2.3532259366,-38.3842922336
2025-08-19,RUB_KZT,3,0.0100000000,True,0.1486970000,0.1487857143,0.1487360000,1,1,0.0000000000,5.9625540086
2025-08-20,RUB_KZT,3,0.0100000000,True,0.1486970000,0.1489900000,0.1487360000,1,1,3.6292761610,13.4237197127
2025-08-21,RUB_KZT,3,0.0100000000,True,0.1486970000,0.1491942857,0.1490810000,1,1,0.0000000000,30.7173771496
2025-08-22,RUB_KZT,3,0.0100000000,True,0.1486970000,0.1493985714,0.1501620000,1,1,0.0000000000,21.2566576464
2025-08-23,RUB_KZT,3,0.0100000000,True,0.1487360000,0.1496068571,0.1501550000,1,1,0.4661632104,-37.1067789101
2025-08-26,RUB_KZT,3,0.0100000000,True,0.1493440000,0.1501287143,0.1493440000,1,1,54.0108554494,-1.7508785319
2025-08-27,RUB_KZT,3,0.0100000000,True,0.1493440000,0.1500172857,0.1493440000,1,1,59.5717490132,-14.7792492484
2025-08-28,RUB_KZT,3,0.0100000000,True,0.1493440000,0.1499058571,0.1493440000,1,1,88.4673838741,-51.4418096691
2025-08-29,RUB_KZT,3,0.0100000000,True,0.1493440000,0.1497944286,0.1493820000,1,1,0.0000000000,30.0697813480
2025-08-30,RUB_KZT,3,0.0100000000,True,0.1493410000,0.1496781429,0.1493410000,1,1,2.7446412553,19.7853107668
2025-09-02,RUB_KZT,3,0.0100000000,True,0.1493410000,0.1496410000,0.1496540000,1,1,0.0000000000,20.0479815024
2025-09-03,RUB_KZT,3,0.0100000000,True,0.1493410000,0.1498742857,0.1498450000,1,1,0.0000000000,14.6980326369
2025-09-04,RUB_KZT,3,0.0100000000,True,0.1493410000,0.1501075714,0.1505010000,1,1,0.0000000000,17.4922174859
2025-09-05,RUB_KZT,3,0.0100000000,True,0.1493410000,0.1503408571,0.1510150000,1,1,0.0000000000,-10.6519851081
2025-09-06,RUB_KZT,3,0.0100000000,True,0.1496540000,0.1508740000,0.1510150000,1,1,0.0000000000,-9.3455466151
2025-09-09,RUB_KZT,3,0.0100000000,True,0.1510150000,0.1541505714,0.1555560000,0,1,0.0000000000,69.9038231636
2025-09-10,RUB_KZT,3,0.0100000000,True,0.1510150000,0.1549457143,0.1565810000,0,1,0.0000000000,-39.3870664380
2025-09-11,RUB_KZT,3,0.0100000000,True,0.1510150000,0.1557408571,0.1565810000,0,0,103.0269703118,-158.6059626522
2025-09-12,RUB_KZT,3,0.0100000000,True,0.1530730000,0.1565360000,0.1565810000,0,0,162.5944750548,-168.2041191803
2025-09-13,RUB_KZT,3,0.0100000000,True,0.1535980000,0.1566110000,0.1535980000,0,0,190.5084269484,1.9155742572
2025-09-16,RUB_KZT,3,0.0100000000,True,0.1530650000,0.1548534286,0.1530650000,1,1,34.7009726689,81.0720552338
2025-09-17,RUB_KZT,3,0.0100000000,True,0.1530650000,0.1545438571,0.1537360000,1,1,0.0000000000,95.6917453853
2025-09-18,RUB_KZT,3,0.0100000000,True,0.1530650000,0.1542342857,0.1537360000,1,1,6.2405741328,26.0827683302
2025-09-19,RUB_KZT,3,0.0100000000,True,0.1530650000,0.1539247143,0.1544140000,1,1,0.0000000000,12.2601680042
2025-09-20,RUB_KZT,3,0.0100000000,True,0.1530650000,0.1541604286,0.1544140000,1,1,0.0000000000,-16.4485420105
2025-09-23,RUB_KZT,3,0.0100000000,True,0.1535940000,0.1543175714,0.1535940000,0,0,106.5392146759,-60.2931061457
2025-09-24,RUB_KZT,3,0.0100000000,True,0.1535940000,0.1543092857,0.1540290000,1,1,0.0000000000,46.3540292455
2025-09-25,RUB_KZT,3,0.0100000000,True,0.1535940000,0.1543010000,0.1540290000,1,1,5.2559859840,12.3784032508
2025-09-26,RUB_KZT,3,0.0100000000,True,0.1535940000,0.1542927143,0.1543560000,1,1,0.0000000000,17.0918171305
2025-09-27,RUB_KZT,3,0.0100000000,True,0.1522570000,0.1538654286,0.1522570000,0,0,135.9843478712,-31.8831483541
2025-09-30,RUB_KZT,3,0.0100000000,True,0.1475160000,0.1516854286,0.1475160000,0,0,311.3814143192,-37.6813668890
2025-10-01,RUB_KZT,3,0.0100000000,True,0.1475160000,0.1510247143,0.1475160000,0,0,200.0956632653,32.8896027424
2025-10-02,RUB_KZT,3,0.0100000000,True,0.1475160000,0.1503640000,0.1475160000,1,1,61.5108907289,128.6877178048
2025-10-03,RUB_KZT,3,0.0100000000,True,0.1475160000,0.1497032857,0.1497310000,1,1,0.0000000000,146.1080632833
2025-10-04,RUB_KZT,3,0.0100000000,True,0.1475160000,0.1496064286,0.1497310000,0,1,0.0000000000,-8.3266093417
2025-10-07,RUB_KZT,3,0.0100000000,True,0.1497310000,0.1503185714,0.1501550000,0,1,93.9444118249,-83.8504889615
2025-10-08,RUB_KZT,3,0.0100000000,True,0.1497310000,0.1503461429,0.1499240000,1,1,15.3841030935,12.7135191838
2025-10-09,RUB_KZT,3,0.0100000000,True,0.1497310000,0.1503737143,0.1499240000,1,1,42.2422954304,-12.3881833451
2025-10-10,RUB_KZT,3,0.0100000000,True,0.1499240000,0.1504012857,0.1499240000,1,1,54.3308810359,-22.7201705153
2025-10-11,RUB_KZT,3,0.0100000000,True,0.1499240000,0.1501745714,0.1499240000,1,1,0.0000000000,16.6853433433
2025-10-14,RUB_KZT,3,0.0100000000,True,0.1463690000,0.1487700000,0.1463690000,0,0,241.5462157982,-82.1402164415
2025-10-15,RUB_KZT,3,0.0100000000,True,0.1463690000,0.1488625714,0.1463690000,0,0,155.8317528214,11.8613716582
2025-10-16,RUB_KZT,3,0.0100000000,True,0.1463690000,0.1489551429,0.1465710000,1,1,0.0000000000,173.6189034858
2025-10-17,RUB_KZT,3,0.0100000000,True,0.1463690000,0.1490477143,0.1505720000,1,1,0.0000000000,166.1692228951
2025-10-18,RUB_KZT,3,0.0100000000,True,0.1463690000,0.1492912857,0.1505720000,0,1,0.0000000000,-85.7862720913
2025-10-21,RUB_KZT,3,0.0100000000,True,0.1505720000,0.1510155714,0.1509090000,1,1,51.9456548251,-45.1230667793
2025-10-22,RUB_KZT,3,0.0100000000,True,0.1504740000,0.1510015714,0.1504740000,1,1,46.0408811272,-11.1540939498
2025-10-23,RUB_KZT,3,0.0100000000,True,0.1504740000,0.1509875714,0.1504740000,1,1,75.3873246404,-41.6874425804
2025-10-24,RUB_KZT,3,0.0100000000,True,0.1504740000,0.1509735714,0.1504740000,1,1,28.8253185695,4.2770021243
2025-10-25,RUB_KZT,3,0.0100000000,True,0.1467760000,0.1502705714,0.1467760000,0,0,245.7567420285,-13.5374857162
2025-10-28,RUB_KZT,3,0.0100000000,True,0.1467760000,0.1495268571,0.1483150000,1,1,0.0000000000,183.9707725702
2025-10-29,RUB_KZT,3,0.0100000000,True,0.1467760000,0.1498540000,0.1483150000,0,1,0.6067797524,102.0993767267
2025-10-30,RUB_KZT,3,0.0100000000,True,0.1467760000,0.1501405714,0.1518510000,0,1,0.0000000000,121.5908139420
2025-10-31,RUB_KZT,3,0.0100000000,True,0.1467760000,0.1504271429,0.1524800000,0,1,0.0000000000,-94.6542702210
2025-11-01,RUB_KZT,3,0.0100000000,True,0.1483150000,0.1512420000,0.1524800000,0,1,18.5907674583,-100.6334219331
2025-11-02,RUB_KZT,3,0.0100000000,True,0.1483150000,0.1518357143,0.1524800000,0,1,0.0000000000,-42.4330808675
2025-11-06,RUB_KZT,3,0.0100000000,True,0.1524800000,0.1537470000,0.1541900000,0,1,77.0973305532,-106.7337899276
2025-11-07,RUB_KZT,3,0.0100000000,True,0.1524800000,0.1539912857,0.1541900000,0,1,53.6056405261,-66.8683478379
2025-11-08,RUB_KZT,3,0.0100000000,True,0.1524800000,0.1542101429,0.1540120000,0,1,11.5441987159,1.3061953494
2025-11-11,RUB_KZT,3,0.0100000000,True,0.1536280000,0.1543342857,0.1536280000,1,1,24.9331220944,20.8823148268
2025-11-12,RUB_KZT,3,0.0100000000,True,0.1536280000,0.1544112857,0.1536280000,0,0,113.0103485558,-62.9950253451
2025-11-13,RUB_KZT,3,0.0100000000,True,0.1536280000,0.1544882857,0.1536280000,1,1,72.2474248123,-16.6818011167
2025-11-14,RUB_KZT,3,0.0100000000,True,0.1536280000,0.1545652857,0.1547290000,1,1,0.0000000000,60.6401178605
2025-11-15,RUB_KZT,3,0.0100000000,True,0.1536280000,0.1547585714,0.1547290000,1,1,0.0000000000,1.9108103867
2025-11-18,RUB_KZT,3,0.0100000000,True,0.1546430000,0.1549980000,0.1546430000,1,1,46.4712129501,-23.6777248739
2025-11-19,RUB_KZT,3,0.0100000000,True,0.1525010000,0.1546797143,0.1525010000,0,0,138.5125741223,2.3735682396
2025-11-20,RUB_KZT,3,0.0100000000,True,0.1525010000,0.1543614286,0.1525010000,0,0,184.0873835776,-64.7552589933
2025-11-21,RUB_KZT,3,0.0100000000,True,0.1525010000,0.1540431429,0.1525010000,0,0,188.4449591456,-90.0304367422
2025-11-22,RUB_KZT,3,0.0100000000,True,0.1521620000,0.1535855714,0.1521620000,1,1,22.2293624304,70.6167525037
2025-11-25,RUB_KZT,3,0.0100000000,True,0.1508640000,0.1519990000,0.1508640000,1,1,85.3038209277,-10.7237547615
2025-11-26,RUB_KZT,3,0.0100000000,True,0.1508640000,0.1518350000,0.1508640000,1,1,65.2596226664,-1.3172193500
2025-11-27,RUB_KZT,3,0.0100000000,True,0.1508640000,0.1516710000,0.1508640000,1,1,49.1395629547,4.0877952938
2025-11-28,RUB_KZT,3,0.0100000000,True,0.1508640000,0.1515070000,0.1513530000,1,1,0.0000000000,42.4402832872
2025-11-29,RUB_KZT,3,0.0100000000,True,0.1508640000,0.1514275714,0.1513530000,1,1,0.0000000000,4.9245608226
2025-12-02,RUB_KZT,3,0.0100000000,True,0.1508680000,0.1518117143,0.1508680000,1,1,48.6788121842,13.5506200350
2025-12-03,RUB_KZT,3,0.0100000000,True,0.1508680000,0.1519461429,0.1522940000,1,1,0.0000000000,70.9555923480
2025-12-04,RUB_KZT,3,0.0100000000,True,0.1508680000,0.1520805714,0.1522940000,0,1,71.8402044382,-86.4955042628
2025-12-05,RUB_KZT,3,0.0100000000,True,0.1508680000,0.1522150000,0.1522940000,0,1,30.0485096856,-35.3447426338
2025-12-06,RUB_KZT,3,0.0100000000,True,0.1508680000,0.1524385714,0.1522940000,1,1,0.0000000000,9.4839138951
2025-12-09,RUB_KZT,3,0.0100000000,True,0.1511080000,0.1522212857,0.1511080000,0,0,134.6860698174,-62.3903734131
2025-12-10,RUB_KZT,3,0.0100000000,True,0.1511080000,0.1523678571,0.1513380000,1,1,0.0000000000,82.6852307620
2025-12-11,RUB_KZT,3,0.0100000000,True,0.1511080000,0.1525144286,0.1530500000,1,1,0.0000000000,77.1355590712
2025-12-12,RUB_KZT,3,0.0100000000,True,0.1511080000,0.1526610000,0.1533200000,0,1,0.0000000000,-25.4812951572
2025-12-13,RUB_KZT,3,0.0100000000,True,0.1511080000,0.1525067143,0.1520910000,0,1,80.1591442734,-53.3278628482
2025-12-16,RUB_KZT,3,0.0100000000,True,0.1520910000,0.1536024286,0.1528650000,1,1,0.0000000000,98.3987418354
2025-12-17,RUB_KZT,3,0.0100000000,True,0.1520910000,0.1541544286,0.1546940000,1,1,0.0000000000,83.6452499859
2025-12-18,RUB_KZT,3,0.0100000000,True,0.1520910000,0.1547064286,0.1556070000,0,1,0.0000000000,0.8033648985
2025-12-19,RUB_KZT,3,0.0100000000,True,0.1520910000,0.1552584286,0.1571840000,0,1,0.0000000000,-22.4510470561
2025-12-20,RUB_KZT,3,0.0100000000,True,0.1528650000,0.1554194286,0.1532180000,0,0,252.3157573290,-113.5360903583
2025-12-23,RUB_KZT,3,0.0100000000,True,0.1524160000,0.1547878571,0.1524160000,1,1,52.3437194063,101.4199157372
2025-12-24,RUB_KZT,3,0.0100000000,True,0.1515030000,0.1539762857,0.1515030000,1,1,70.9763674256,90.2921971287
2025-12-25,RUB_KZT,3,0.0100000000,True,0.1515030000,0.1531647143,0.1515030000,0,0,145.6976903013,-37.7558053748
2025-12-26,RUB_KZT,3,0.0100000000,True,0.1515030000,0.1523531429,0.1515030000,1,1,59.9018475751,-4.1257529499
2025-12-27,RUB_KZT,3,0.0100000000,True,0.1515030000,0.1523907143,0.1515030000,1,1,0.0000000000,58.2525181981
2025-12-30,RUB_KZT,3,0.0100000000,True,0.1515030000,0.1532748571,0.1549780000,0,1,0.0000000000,-13.4492284635
2025-12-31,RUB_KZT,3,0.0100000000,True,0.1515030000,0.1537712857,0.1549780000,0,1,0.0000000000,-78.4746176836
2026-01-13,RUB_KZT,3,0.0100000000,True,0.1538470000,0.1545844286,0.1538470000,1,1,42.9742866204,4.7500626103
2026-01-14,RUB_KZT,3,0.0100000000,True,0.1523300000,0.1542061429,0.1523300000,0,0,150.7804114779,-29.5615423881
2026-01-15,RUB_KZT,3,0.0100000000,True,0.1523300000,0.1538278571,0.1523300000,0,0,117.2333703134,-20.0966757832
2026-01-16,RUB_KZT,3,0.0100000000,True,0.1523300000,0.1534495714,0.1523300000,1,1,98.6044576755,-25.8996208154
2026-01-17,RUB_KZT,3,0.0100000000,True,0.1518250000,0.1530658571,0.1518250000,1,1,33.1517101031,48.0745449438
2026-01-20,RUB_KZT,3,0.0100000000,True,0.1500660000,0.1520664286,0.1500660000,0,0,115.8570722872,15.8765201298
2026-01-21,RUB_KZT,3,0.0100000000,True,0.1500660000,0.1517528571,0.1500660000,0,0,173.0099274432,-62.9406836303
2026-01-22,RUB_KZT,3,0.0100000000,True,0.1500660000,0.1514392857,0.1500660000,0,0,183.8091001858,-94.8706459449
2026-01-23,RUB_KZT,3,0.0100000000,True,0.1500660000,0.1511257143,0.1501350000,1,1,0.0000000000,70.1213748251
2026-01-24,RUB_KZT,3,0.0100000000,True,0.1500660000,0.1510090000,0.1501350000,1,1,0.0000000000,57.8773450589
2026-01-27,RUB_KZT,3,0.0100000000,True,0.1501350000,0.1509552857,0.1508730000,1,1,8.9399237127,-3.4920463676
2026-01-28,RUB_KZT,3,0.0100000000,True,0.1501350000,0.1510090000,0.1505110000,0,0,134.1784763828,-102.5766676158
2026-01-29,RUB_KZT,3,0.0100000000,True,0.1501350000,0.1510627143,0.1505110000,0,1,87.7221867323,-51.6530977201
2026-01-30,RUB_KZT,3,0.0100000000,True,0.1505110000,0.1511164286,0.1505110000,1,1,23.9936900572,16.1086768480
2026-01-31,RUB_KZT,3,0.0100000000,True,0.1505110000,0.1515054286,0.1505110000,1,1,0.0000000000,65.6364977021
2026-02-03,RUB_KZT,3,0.0100000000,True,0.1505110000,0.1519914286,0.1523880000,0,1,87.3603892514,-114.4519427787
2026-02-04,RUB_KZT,3,0.0100000000,True,0.1505110000,0.1527231429,0.1527690000,0,1,0.0000000000,21.9444709474
2026-02-05,RUB_KZT,3,0.0100000000,True,0.1505110000,0.1534548571,0.1535190000,0,1,0.0000000000,44.6943912775
2026-02-06,RUB_KZT,3,0.0100000000,True,0.1523880000,0.1541865714,0.1556330000,1,1,0.0000000000,43.2963404262
2026-02-07,RUB_KZT,3,0.0100000000,True,0.1523880000,0.1546515714,0.1556330000,0,1,0.0000000000,-63.4606271610
2026-02-10,RUB_KZT,3,0.0100000000,True,0.1556330000,0.1563955714,0.1560570000,1,1,59.1772514747,-37.7522564121
2026-02-11,RUB_KZT,3,0.0100000000,True,0.1556330000,0.1564730000,0.1561750000,1,1,0.0000000000,26.5860563803
2026-02-12,RUB_KZT,3,0.0100000000,True,0.1556330000,0.1565504286,0.1561750000,0,1,83.3084635557,-59.8255422945
2026-02-13,RUB_KZT,3,0.0100000000,True,0.1560570000,0.1566278571,0.1561750000,1,1,74.0434727342,-45.4671902006
2026-02-14,RUB_KZT,3,0.0100000000,True,0.1544760000,0.1562692857,0.1544760000,0,0,108.7882183448,6.0335410029
2026-02-17,RUB_KZT,3,0.0100000000,True,0.1544760000,0.1558618571,0.1554160000,1,1,0.0000000000,88.9157339879
2026-02-18,RUB_KZT,3,0.0100000000,True,0.1544760000,0.1559657143,0.1554160000,1,1,36.3501150766,-1.1083021910
2026-02-19,RUB_KZT,3,0.0100000000,True,0.1544760000,0.1560695714,0.1566330000,1,1,0.0000000000,41.8769285127
2026-02-20,RUB_KZT,3,0.0100000000,True,0.1544760000,0.1561734286,0.1569020000,0,1,0.0000000000,-29.4269923364
2026-02-21,RUB_KZT,3,0.0100000000,True,0.1554160000,0.1565200000,0.1569020000,1,1,0.0000000000,-24.4058267314
2026-02-25,RUB_KZT,3,0.0100000000,True,0.1538560000,0.1552237143,0.1538560000,1,1,15.2507284656,72.9730177458
2026-02-26,RUB_KZT,3,0.0100000000,True,0.1538560000,0.1548102857,0.1538560000,1,1,3.1837822033,58.4771037731
2026-02-27,RUB_KZT,3,0.0100000000,True,0.1538560000,0.1543968571,0.1540080000,1,1,0.0000000000,35.0303207504
2026-02-28,RUB_KZT,3,0.0100000000,True,0.1538560000,0.1541400000,0.1540080000,1,1,0.0000000000,8.5636434410
2026-03-03,RUB_KZT,3,0.0100000000,True,0.1540080000,0.1548821429,0.1544160000,1,1,44.3573344337,-14.3242557705
2026-03-04,RUB_KZT,3,0.0100000000,True,0.1540080000,0.1557997143,0.1561980000,1,1,0.0000000000,88.8136600287
2026-03-05,RUB_KZT,3,0.0100000000,True,0.1540080000,0.1567172857,0.1564330000,0,1,0.0000000000,33.1351906664
2026-03-06,RUB_KZT,3,0.0100000000,True,0.1544160000,0.1576348571,0.1604310000,0,1,0.0000000000,76.2431079420
2026-03-07,RUB_KZT,3,0.0100000000,True,0.1544160000,0.1583958571,0.1604310000,0,1,0.0000000000,-128.4846014190
2026-03-11,RUB_KZT,3,0.0100000000,True,0.1594400000,0.1609004286,0.1608410000,1,1,0.0000000000,90.7659839315
2026-03-12,RUB_KZT,3,0.0100000000,True,0.1594400000,0.1612911429,0.1615630000,1,1,0.0000000000,27.9087152071
2026-03-13,RUB_KZT,3,0.0100000000,True,0.1594400000,0.1616818571,0.1631660000,0,1,0.0000000000,7.3512974775
2026-03-14,RUB_KZT,3,0.0100000000,True,0.1594400000,0.1623312857,0.1631660000,0,1,0.0000000000,-51.4204197941
2026-03-17,RUB_KZT,3,0.0100000000,True,0.1631660000,0.1674730000,0.1684700000,0,1,0.0000000000,149.0389495620
2026-03-18,RUB_KZT,3,0.0100000000,True,0.1631660000,0.1690428571,0.1735330000,0,1,0.0000000000,33.8882785431
2026-03-19,RUB_KZT,3,0.0100000000,True,0.1631660000,0.1706127143,0.1741550000,0,1,0.0000000000,-171.1646008629
2026-03-20,RUB_KZT,3,0.0100000000,True,0.1649770000,0.1721825714,0.1741550000,0,1,95.4314605336,-212.0091796249
2026-03-21,RUB_KZT,3,0.0100000000,True,0.1684700000,0.1728647143,0.1697520000,0,0,252.8207631133,-74.6413586843
2026-03-24,RUB_KZT,3,0.0100000000,True,0.1673530000,0.1711005714,0.1673530000,0,0,141.3238135633,78.8174707607
2026-03-25,RUB_KZT,3,0.0100000000,True,0.1673530000,0.1702797143,0.1673530000,1,1,29.7879692350,142.5134107074
2026-03-26,RUB_KZT,3,0.0100000000,True,0.1673530000,0.1694588571,0.1684090000,1,1,0.0000000000,124.2695234916
2026-03-27,RUB_KZT,3,0.0100000000,True,0.1673530000,0.1686380000,0.1684090000,0,0,109.9359294343,-97.4276260392
2026-03-28,RUB_KZT,3,0.0100000000,True,0.1673530000,0.1684560000,0.1684090000,1,1,0.0000000000,2.7900460654
2026-03-31,RUB_KZT,3,0.0100000000,True,0.1683970000,0.1685602857,0.1683970000,1,1,4.8077493797,4.8816786194
2026-04-01,RUB_KZT,3,0.0100000000,True,0.1683970000,0.1686171429,0.1683970000,1,1,19.7356723760,-6.6931001762
2026-04-02,RUB_KZT,3,0.0100000000,True,0.1683970000,0.1686740000,0.1688070000,1,1,0.0000000000,16.4222108920
2026-04-03,RUB_KZT,3,0.0100000000,True,0.1683970000,0.1687308571,0.1688070000,1,1,16.7366491218,-21.2849542297
2026-04-04,RUB_KZT,3,0.0100000000,True,0.1673420000,0.1685685714,0.1673420000,1,1,86.7855006013,-14.1443075306
2026-04-07,RUB_KZT,3,0.0100000000,True,0.1637600000,0.1680691429,0.1637600000,0,0,214.0526586272,43.2645067846
2026-04-08,RUB_KZT,3,0.0100000000,True,0.1604190000,0.1668708571,0.1604190000,0,0,500.5003819484,-119.8617236939
2026-04-09,RUB_KZT,3,0.0100000000,True,0.1604190000,0.1656725714,0.1604190000,0,0,568.5813392910,-266.6360842557
2026-04-10,RUB_KZT,3,0.0100000000,True,0.1604190000,0.1644742857,0.1604190000,0,0,204.0180752320,43.4284126047
2026-04-11,RUB_KZT,3,0.0100000000,True,0.1604190000,0.1635908571,0.1604190000,1,1,0.0000000000,193.8896340697
2026-04-14,RUB_KZT,3,0.0100000000,True,0.1577340000,0.1600522857,0.1577340000,0,0,212.4623040743,-69.0845670076
2026-04-15,RUB_KZT,3,0.0100000000,True,0.1577340000,0.1601802857,0.1577340000,0,0,124.6517451870,28.4233301405
2026-04-16,RUB_KZT,3,0.0100000000,True,0.1577340000,0.1603082857,0.1604920000,1,1,0.0000000000,160.5834472507
2026-04-17,RUB_KZT,3,0.0100000000,True,0.1577340000,0.1604362857,0.1613150000,0,1,0.0000000000,-3.4726736203
2026-04-18,RUB_KZT,3,0.0100000000,True,0.1577340000,0.1603054286,0.1602420000,0,1,66.5158230791,-62.9779937940
2026-04-21,RUB_KZT,3,0.0100000000,True,0.1588740000,0.1609492857,0.1588740000,1,1,85.3708765492,43.9446320713
2026-04-22,RUB_KZT,3,0.0100000000,True,0.1588740000,0.1612145714,0.1613830000,1,1,0.0000000000,145.1836150933
2026-04-23,RUB_KZT,3,0.0100000000,True,0.1588740000,0.1614798571,0.1622010000,0,1,0.0000000000,5.9980944107
2026-04-24,RUB_KZT,3,0.0100000000,True,0.1588740000,0.1617451429,0.1631720000,0,1,0.0000000000,-28.1836681340
2026-04-25,RUB_KZT,3,0.0100000000,True,0.1588740000,0.1618428571,0.1609260000,0,0,137.6461647832,-82.1255185806
2026-04-28,RUB_KZT,3,0.0100000000,True,0.1609260000,0.1626261429,0.1620660000,1,1,0.0000000000,104.5430228666
2026-04-29,RUB_KZT,3,0.0100000000,True,0.1609260000,0.1624681429,0.1620660000,1,1,1.9741144246,22.7824883472
2026-04-30,RUB_KZT,3,0.0100000000,True,0.1609260000,0.1623101429,0.1620660000,0,0,104.4713238123,-90.3737201530
2026-05-01,RUB_KZT,3,0.0100000000,True,0.1609260000,0.1621521429,0.1620660000,1,1,0.0000000000,5.3124710920
2026-05-05,RUB_KZT,3,0.0100000000,True,0.1610260000,0.1620222857,0.1610260000,0,0,119.0432360124,-58.2459555828
2026-05-06,RUB_KZT,3,0.0100000000,True,0.1603250000,0.1617735714,0.1603250000,0,0,115.3542627438,-26.1123351422
2026-05-07,RUB_KZT,3,0.0100000000,True,0.1603250000,0.1615248571,0.1603250000,1,1,89.3243493849,-15.1767883581
2026-05-08,RUB_KZT,3,0.0100000000,True,0.1603250000,0.1612761429,0.1603250000,1,1,43.5333424416,15.5102207128
2026-05-09,RUB_KZT,3,0.0100000000,True,0.1603250000,0.1608988571,0.1603250000,1,1,0.0000000000,35.6657065841
2026-05-13,RUB_KZT,3,0.0100000000,True,0.1542640000,0.1585294286,0.1542640000,0,0,356.6918797274,-90.8709153596
2026-05-14,RUB_KZT,3,0.0100000000,True,0.1542640000,0.1576635714,0.1542640000,0,0,242.3226541004,-27.3638715348
2026-05-15,RUB_KZT,3,0.0100000000,True,0.1542640000,0.1567977143,0.1542640000,0,0,136.6990191941,25.2372483564
2026-05-16,RUB_KZT,3,0.0100000000,True,0.1538800000,0.1558770000,0.1538800000,1,1,24.8923922626,103.4790251288
2026-05-19,RUB_KZT,3,0.0100000000,True,0.1500520000,0.1527910000,0.1500520000,0,0,248.7652716402,-71.2738315738
2026-05-20,RUB_KZT,3,0.0100000000,True,0.1500520000,0.1523308571,0.1500520000,0,0,158.6531209214,-9.1998994669
2026-05-21,RUB_KZT,3,0.0100000000,True,0.1500520000,0.1518707143,0.1500520000,1,1,19.2893536071,100.6589251196
2026-05-22,RUB_KZT,3,0.0100000000,True,0.1500520000,0.1514105714,0.1510430000,1,1,0.0000000000,89.7276468712
2026-05-23,RUB_KZT,3,0.0100000000,True,0.1500520000,0.1511372857,0.1510430000,1,1,0.0000000000,6.2384152157
2026-05-26,RUB_KZT,3,0.0100000000,True,0.1484900000,0.1506780000,0.1484900000,0,0,228.7996736134,-85.5466624192
2026-05-27,RUB_KZT,3,0.0100000000,True,0.1462720000,0.1499964286,0.1462720000,0,0,356.8579622243,-112.5741089074
2026-05-28,RUB_KZT,3,0.0100000000,True,0.1462720000,0.1493148571,0.1462720000,0,0,149.3703279682,55.2428042755
2026-05-29,RUB_KZT,3,0.0100000000,True,0.1462720000,0.1486332857,0.1462720000,0,0,214.2833249707,-56.6302683594
2026-05-30,RUB_KZT,3,0.0100000000,True,0.1462720000,0.1479585714,0.1462720000,1,1,0.0000000000,113.9894371977
2026-06-02,RUB_KZT,3,0.0100000000,True,0.1462720000,0.1478597143,0.1483960000,1,1,0.0000000000,41.6417878723
2026-06-03,RUB_KZT,3,0.0100000000,True,0.1462720000,0.1485888571,0.1487250000,0,1,0.0000000000,12.9792466653
2026-06-04,RUB_KZT,3,0.0100000000,True,0.1462720000,0.1493180000,0.1513760000,0,1,0.0000000000,39.7138991950
2026-06-05,RUB_KZT,3,0.0100000000,True,0.1472440000,0.1500471429,0.1513760000,0,1,30.3615060888,-119.2863195377
2026-06-06,RUB_KZT,3,0.0100000000,True,0.1483960000,0.1504842857,0.1503040000,0,1,70.8170383680,-59.2563058316
2026-06-09,RUB_KZT,3,0.0100000000,True,0.1464460000,0.1494314286,0.1464460000,0,0,256.6797956142,-58.3927649567
2026-06-10,RUB_KZT,3,0.0100000000,True,0.1464460000,0.1488311429,0.1464460000,0,0,102.8600778547,57.9947745192
2026-06-11,RUB_KZT,3,0.0100000000,True,0.1464460000,0.1482308571,0.1471740000,1,1,0.0000000000,120.4106336063
2026-06-12,RUB_KZT,3,0.0100000000,True,0.1464460000,0.1476305714,0.1471740000,1,1,0.0000000000,30.9266179866
2026-06-16,RUB_KZT,3,0.0100000000,True,0.1468120000,0.1479461429,0.1468120000,1,1,84.4240926099,-7.8310350388
2026-06-17,RUB_KZT,3,0.0100000000,True,0.1468120000,0.1484317143,0.1493280000,1,1,0.0000000000,109.1218472756
2026-06-18,RUB_KZT,3,0.0100000000,True,0.1468120000,0.1489172857,0.1498990000,0,1,0.0000000000,-27.5800276472
2026-06-19,RUB_KZT,3,0.0100000000,True,0.1468120000,0.1494028571,0.1505730000,0,1,0.0000000000,-33.2083915014
2026-06-20,RUB_KZT,3,0.0100000000,True,0.1468120000,0.1498287143,0.1505730000,0,1,0.0000000000,-49.6757726204
2026-06-23,RUB_KZT,3,0.0100000000,True,0.1505730000,0.1521541429,0.1532210000,1,1,0.0000000000,73.0274467903
2026-06-24,RUB_KZT,3,0.0100000000,True,0.1505730000,0.1533234286,0.1537950000,0,1,0.0000000000,6.6805557626
2026-06-25,RUB_KZT,3,0.0100000000,True,0.1505730000,0.1544927143,0.1553010000,0,1,0.0000000000,45.1616303681
2026-06-26,RUB_KZT,3,0.0100000000,True,0.1510430000,0.1556620000,0.1587580000,0,1,0.0000000000,23.1912734001
2026-06-27,RUB_KZT,3,0.0100000000,True,0.1532210000,0.1569177143,0.1587580000,0,1,0.0000000000,-117.2771170331
2026-06-30,RUB_KZT,3,0.0100000000,True,0.1587580000,0.1603751429,0.1611080000,1,1,0.0000000000,33.8046686964
2026-07-01,RUB_KZT,3,0.0100000000,True,0.1587580000,0.1609474286,0.1626030000,0,1,0.0000000000,-9.9766383344
2026-07-02,RUB_KZT,3,0.0100000000,True,0.1587580000,0.1615197143,0.1626030000,0,1,12.5915188443,-79.7602769410
2026-07-03,RUB_KZT,3,0.0100000000,True,0.1598330000,0.1620920000,0.1627640000,0,1,0.0000000000,-31.5253066160
2026-07-04,RUB_KZT,3,0.0100000000,True,0.1611080000,0.1628557143,0.1627640000,0,1,0.0000000000,5.6316283476
2026-07-07,RUB_KZT,3,0.0100000000,True,0.1612730000,0.1627421429,0.1612730000,0,0,236.4707378057,-149.7373145072
2026-07-08,RUB_KZT,3,0.0100000000,True,0.1612730000,0.1629215714,0.1622000000,1,1,0.0000000000,101.1880387671
2026-07-09,RUB_KZT,3,0.0100000000,True,0.1612730000,0.1631010000,0.1622510000,1,1,0.0000000000,55.2418440108
2026-07-10,RUB_KZT,3,0.0100000000,True,0.1612730000,0.1632804286,0.1640200000,1,1,0.0000000000,63.0466603031
2026-07-11,RUB_KZT,3,0.0100000000,True,0.1612730000,0.1632377143,0.1640200000,0,1,0.0000000000,-47.9230990037
2026-07-14,RUB_KZT,3,0.0100000000,True,0.1624180000,0.1646224286,0.1624180000,0,0,149.3207180980,-15.6461929767
2026-07-15,RUB_KZT,3,0.0100000000,True,0.1624180000,0.1649022857,0.1659790000,1,1,0.0000000000,150.6519878439
2026-07-16,RUB_KZT,3,0.0100000000,True,0.1624180000,0.1651821429,0.1659790000,0,1,17.0213277839,-65.3737216493
2026-07-17,RUB_KZT,3,0.0100000000,True,0.1624180000,0.1654620000,0.1659790000,0,1,45.4608155358,-77.0569677630
2026-07-18,RUB_KZT,3,0.0100000000,True,0.1624180000,0.1657205714,0.1659790000,0,1,0.0000000000,-15.5942360807
2026-07-21,RUB_KZT,3,0.0100000000,True,0.1659790000,0.1666337143,0.1670370000,1,1,0.0000000000,-3.3778106986
2026-07-22,RUB_KZT,3,0.0100000000,True,0.1659790000,0.1668570000,0.1671150000,1,1,0.0000000000,-10.7876804689
2026-07-23,RUB_KZT,3,0.0100000000,True,0.1659790000,0.1670802857,0.1675420000,1,1,0.0000000000,-2.0777008829
2026-07-24,RUB_KZT,3,0.0100000000,True,0.1666900000,0.1673035714,0.1675420000,1,1,6.8592423818,-21.1249866581
2026-07-25,RUB_KZT,3,0.0100000000,True,0.1638780000,0.1669018571,0.1638780000,0,0,218.6914325960,-38.3544478235
2026-07-28,RUB_KZT,3,0.0100000000,True,0.1638780000,0.1666505714,0.1662400000,1,1,0.0000000000,166.3703523369
2026-07-29,RUB_KZT,3,0.0100000000,True,0.1638780000,0.1666334286,0.1664540000,0,1,0.0000000000,23.6104228786
2026-07-30,RUB_KZT,3,0.0100000000,True,0.1638780000,0.1666162857,0.1673560000,0,1,0.0000000000,9.7400871463
2026-07-31,RUB_KZT,3,0.0100000000,True,0.1638780000,0.1665991429,0.1674220000,0,1,0.0000000000,-45.4298341442
2026-08-01,RUB_KZT,3,0.0100000000,True,0.1662400000,0.1673405714,0.1674220000,1,1,0.0000000000,-4.8660388054
2026-08-04,RUB_KZT,3,0.0100000000,True,0.1674220000,0.1695324286,0.1706620000,1,1,0.0000000000,27.3946745966
2026-08-05,RUB_KZT,3,0.0100000000,True,0.1674220000,0.1707242857,0.1714680000,0,1,0.0000000000,3.6483218556
2026-08-06,RUB_KZT,3,0.0100000000,True,0.1674220000,0.1719161429,0.1732630000,0,1,0.0000000000,26.0675262773
2026-08-07,RUB_KZT,3,0.0100000000,True,0.1690680000,0.1731080000,0.1757650000,0,1,0.0000000000,-8.9539478245
2026-08-08,RUB_KZT,3,0.0100000000,True,0.1706620000,0.1740674286,0.1757650000,0,1,0.0000000000,-97.5237838867
2026-08-11,RUB_KZT,3,0.0100000000,True,0.1757650000,0.1768824286,0.1767380000,1,1,0.0000000000,62.0993605922
2026-08-12,RUB_KZT,3,0.0100000000,True,0.1757650000,0.1777364286,0.1782060000,1,1,0.0000000000,56.1746727699
2026-08-13,RUB_KZT,3,0.0100000000,True,0.1757650000,0.1785904286,0.1801540000,0,1,0.0000000000,21.5257096645
2026-08-14,RUB_KZT,3,0.0100000000,True,0.1757840000,0.1794444286,0.1817430000,0,1,0.0000000000,-39.5426837278
2026-08-15,RUB_KZT,3,0.0100000000,True,0.1767380000,0.1805054286,0.1817430000,0,1,0.0000000000,-68.5614520497
2026-08-18,RUB_KZT,3,0.0100000000,True,0.1803360000,0.1826241429,0.1803360000,0,0,156.9228921844,-32.1346966330
2026-08-19,RUB_KZT,3,0.0100000000,True,0.1803360000,0.1825122857,0.1803360000,0,0,230.0332643486,-113.4013678923
2026-08-20,RUB_KZT,3,0.0100000000,True,0.1803360000,0.1824004286,0.1803360000,0,0,252.6876780300,-143.1230972985
2026-08-21,RUB_KZT,3,0.0100000000,True,0.1803360000,0.1822885714,0.1809600000,1,1,0.0000000000,107.1143085532
2026-08-22,RUB_KZT,3,0.0100000000,True,0.1803360000,0.1821580000,0.1809600000,1,1,0.0000000000,65.7670813250
2026-08-25,RUB_KZT,3,0.0100000000,True,0.1809600000,0.1829635714,0.1838290000,1,1,0.0000000000,36.4319204838
2026-08-26,RUB_KZT,3,0.0100000000,True,0.1809600000,0.1835640000,0.1838290000,0,1,32.1545151880,-46.7411910832
2026-08-27,RUB_KZT,3,0.0100000000,True,0.1809600000,0.1841644286,0.1851630000,0,1,0.0000000000,18.2135374367
2026-08-28,RUB_KZT,3,0.0100000000,True,0.1822970000,0.1847648571,0.1851630000,0,0,114.9922324188,-138.1292360792
2026-08-29,RUB_KZT,3,0.0100000000,True,0.1838290000,0.1852730000,0.1851630000,1,1,0.0000000000,5.9371845871
2026-09-01,RUB_KZT,3,0.0100000000,False,,,,,,,
2026-09-02,RUB_KZT,3,0.0100000000,False,,,,,,,
