date,corridor,horizon_calendar_days,epsilon,has_full_window,window_min_rub_per_unit,window_mean_rub_per_unit,future_min_rub_per_unit,target_good_now,message_hit,future_regret_bps,moment_advantage_bps
2016-09-02,RUB_TJS,1,0.0050000000,False,,,,,,,
2016-09-03,RUB_TJS,1,0.0050000000,True,8.3076500000,8.3383033333,8.3536300000,0,1,0.0000000000,-18.3810375492
2016-09-06,RUB_TJS,1,0.0050000000,True,8.2502400000,8.2875166667,8.2586800000,1,1,0.0000000000,44.9792961703
2016-09-07,RUB_TJS,1,0.0050000000,True,8.1339700000,8.2142966667,8.1339700000,0,0,151.0047610514,-54.0318120156
2016-09-08,RUB_TJS,1,0.0050000000,True,8.1235600000,8.1720700000,8.1235600000,1,1,12.7981785032,46.6222144451
2016-09-09,RUB_TJS,1,0.0050000000,True,8.1235600000,8.1349800000,8.1474100000,1,1,0.0000000000,14.0381414582
2016-09-10,RUB_TJS,1,0.0050000000,True,8.1235600000,8.1394600000,8.1474100000,1,1,0.0000000000,-9.7672327157
2016-09-13,RUB_TJS,1,0.0050000000,True,8.1474100000,8.2043300000,8.2038200000,0,0,70.1303354249,-69.9996221507
2016-09-14,RUB_TJS,1,0.0050000000,True,8.2038200000,8.2422333333,8.2611200000,1,1,0.0000000000,46.6054912301
2016-09-15,RUB_TJS,1,0.0050000000,True,8.2038200000,8.2523300000,8.2920500000,0,1,0.0000000000,-10.6515372022
2016-09-16,RUB_TJS,1,0.0050000000,True,8.2611200000,8.2757966667,8.2742200000,1,1,21.5025235014,-19.6395996518
2016-09-17,RUB_TJS,1,0.0050000000,True,8.2742200000,8.2801633333,8.2742200000,1,1,0.0000000000,7.1777972174
2016-09-20,RUB_TJS,1,0.0050000000,True,8.2067600000,8.2414833333,8.2067600000,1,1,44.5322176219,-2.4105692948
2016-09-21,RUB_TJS,1,0.0050000000,True,8.1857600000,8.2119966667,8.1857600000,1,1,25.5886610550,6.3768494792
2016-09-22,RUB_TJS,1,0.0050000000,True,8.0803300000,8.1576166667,8.0803300000,0,0,128.7968374348,-34.4994555191
2016-09-23,RUB_TJS,1,0.0050000000,True,8.0803300000,8.1218466667,8.0994500000,1,1,0.0000000000,51.1172746428
2016-09-24,RUB_TJS,1,0.0050000000,True,8.0803300000,8.0930766667,8.0994500000,1,1,0.0000000000,-7.8750438132
2016-09-27,RUB_TJS,1,0.0050000000,True,8.0622900000,8.1060700000,8.0622900000,0,0,115.4666172989,-62.1756288806
2016-09-28,RUB_TJS,1,0.0050000000,True,8.0622900000,8.1097366667,8.1104500000,1,1,0.0000000000,58.5058043397
2016-09-29,RUB_TJS,1,0.0050000000,True,8.0251700000,8.0659700000,8.0251700000,0,0,105.1482963337,-55.1452584128
2016-09-30,RUB_TJS,1,0.0050000000,True,8.0251700000,8.0688000000,8.0707800000,1,1,0.0000000000,54.0724767004
2016-10-01,RUB_TJS,1,0.0050000000,True,8.0251700000,8.0555766667,8.0707800000,0,1,0.0000000000,-18.8730539879
2016-10-04,RUB_TJS,1,0.0050000000,True,7.9279100000,7.9804200000,7.9279100000,1,1,18.4575017910,47.4285814531
2016-10-05,RUB_TJS,1,0.0050000000,True,7.9161300000,7.9288700000,7.9161300000,1,1,14.8588972377,1.2107652162
2016-10-06,RUB_TJS,1,0.0050000000,True,7.9161300000,7.9238700000,7.9275700000,1,1,0.0000000000,9.7679542951
2016-10-07,RUB_TJS,1,0.0050000000,True,7.9115000000,7.9184000000,7.9115000000,1,1,20.2710288272,-11.5806223479
2016-10-08,RUB_TJS,1,0.0050000000,True,7.9115000000,7.9168566667,7.9115000000,1,1,0.0000000000,6.7661534018
2016-10-11,RUB_TJS,1,0.0050000000,True,7.8927200000,7.9122100000,7.8927200000,0,0,50.0352351933,-25.5301616110
2016-10-12,RUB_TJS,1,0.0050000000,True,7.8927200000,7.9293766667,7.9630000000,1,1,0.0000000000,46.2289385504
2016-10-13,RUB_TJS,1,0.0050000000,True,7.8927200000,7.9699833333,8.0542300000,0,1,0.0000000000,8.7620425806
2016-10-14,RUB_TJS,1,0.0050000000,True,7.9630000000,8.0139566667,8.0246400000,0,1,36.7384591699,-50.2539943856
2016-10-15,RUB_TJS,1,0.0050000000,True,8.0246400000,8.0345033333,8.0246400000,1,1,0.0000000000,12.2762203513
2016-10-18,RUB_TJS,1,0.0050000000,True,8.0012700000,8.0133333333,8.0012700000,1,1,15.9968255909,-0.9442595674
2016-10-19,RUB_TJS,1,0.0050000000,True,7.9725000000,7.9959533333,7.9725000000,1,1,35.9567918593,-6.6491967187
2016-10-20,RUB_TJS,1,0.0050000000,True,7.9464500000,7.9734066667,7.9464500000,1,1,32.6748196927,1.1371132874
2016-10-21,RUB_TJS,1,0.0050000000,True,7.9251100000,7.9480200000,7.9251100000,1,1,26.8547590433,1.9753347375
2016-10-22,RUB_TJS,1,0.0050000000,True,7.9251100000,7.9322233333,7.9251100000,1,1,0.0000000000,8.9676412708
2016-10-25,RUB_TJS,1,0.0050000000,True,7.8841200000,7.9090533333,7.8841200000,1,1,42.7005543115,-11.2234249695
2016-10-26,RUB_TJS,1,0.0050000000,True,7.8841200000,7.9043566667,7.9110200000,1,1,0.0000000000,25.6019148933
2016-10-27,RUB_TJS,1,0.0050000000,True,7.8841200000,7.9401966667,8.0254500000,1,1,0.0000000000,36.7455214166
2016-10-28,RUB_TJS,1,0.0050000000,True,7.9110200000,7.9730566667,7.9827000000,0,0,53.2680410444,-65.7129825157
2016-10-29,RUB_TJS,1,0.0050000000,True,7.9827000000,7.9969500000,7.9827000000,1,1,0.0000000000,17.8192936057
2016-11-01,RUB_TJS,1,0.0050000000,True,7.9827000000,8.0188133333,8.0410300000,0,1,0.0000000000,-17.3300787648
2016-11-02,RUB_TJS,1,0.0050000000,True,8.0327100000,8.0439200000,8.0580200000,1,1,0.0000000000,3.5927756616
2016-11-03,RUB_TJS,1,0.0050000000,True,8.0410300000,8.0518066667,8.0563700000,1,1,2.0476494226,-7.7166946383
2016-11-04,RUB_TJS,1,0.0050000000,True,8.0563700000,8.0569200000,8.0563700000,1,1,0.0000000000,0.6826429951
2016-11-08,RUB_TJS,1,0.0050000000,True,8.0563700000,8.0840900000,8.0832500000,0,1,36.2396997282,-35.3286517097
2016-11-09,RUB_TJS,1,0.0050000000,True,8.0832500000,8.1099766667,8.1340300000,1,1,0.0000000000,32.9552941583
2016-11-10,RUB_TJS,1,0.0050000000,True,8.0477300000,8.0883366667,8.0477300000,0,0,106.0974695200,-56.4928677136
2016-11-11,RUB_TJS,1,0.0050000000,True,8.0477300000,8.1579266667,8.2920200000,1,1,0.0000000000,135.0792562489
2016-11-12,RUB_TJS,1,0.0050000000,True,8.0477300000,8.2105900000,8.2920200000,0,1,0.0000000000,-99.1767948467
2016-11-15,RUB_TJS,1,0.0050000000,True,8.2920200000,8.3178500000,8.3196600000,0,1,26.6247256311,-28.8776546824
2016-11-16,RUB_TJS,1,0.0050000000,True,8.2067800000,8.2894366667,8.2067800000,0,0,135.6786214821,-36.4600569962
2016-11-17,RUB_TJS,1,0.0050000000,True,8.2067800000,8.2618000000,8.2589600000,1,1,0.0000000000,66.5956571207
2016-11-18,RUB_TJS,1,0.0050000000,True,8.2067800000,8.2407366667,8.2564700000,0,1,3.0149074460,-22.1137187978
2016-11-19,RUB_TJS,1,0.0050000000,True,8.2564700000,8.2573000000,8.2564700000,1,1,0.0000000000,1.0051711819
2016-11-22,RUB_TJS,1,0.0050000000,True,8.0695200000,8.1626900000,8.0695200000,0,0,113.4024660381,0.7473026662
2016-11-23,RUB_TJS,1,0.0050000000,True,8.0695200000,8.1164600000,8.1177800000,1,1,0.0000000000,57.8330947236
2016-11-24,RUB_TJS,1,0.0050000000,True,8.0695200000,8.1278700000,8.1963100000,0,1,0.0000000000,12.4140765047
2016-11-25,RUB_TJS,1,0.0050000000,True,8.1177800000,8.1696900000,8.1949800000,0,1,1.6226814262,-32.5838556910
2016-11-26,RUB_TJS,1,0.0050000000,True,8.1949800000,8.1954233333,8.1949800000,1,1,0.0000000000,0.5409523283
2016-11-29,RUB_TJS,1,0.0050000000,True,8.1949800000,8.2353800000,8.2627100000,0,1,0.0000000000,-15.8705487786
2016-11-30,RUB_TJS,1,0.0050000000,True,8.2484500000,8.2563866667,8.2580000000,1,1,5.7003089785,-7.6587175342
2016-12-01,RUB_TJS,1,0.0050000000,True,8.1018700000,8.2075266667,8.1018700000,0,0,189.0651489465,-61.4963988339
2016-12-02,RUB_TJS,1,0.0050000000,True,8.1018700000,8.1618733333,8.1257500000,1,1,0.0000000000,73.5166191422
2016-12-03,RUB_TJS,1,0.0050000000,True,8.1018700000,8.1177900000,8.1257500000,1,1,0.0000000000,-9.8056244372
2016-12-06,RUB_TJS,1,0.0050000000,True,8.0904500000,8.1060433333,8.0904500000,1,1,14.1694633254,5.0744033361
2016-12-07,RUB_TJS,1,0.0050000000,True,8.0904500000,8.1027033333,8.1157300000,1,1,0.0000000000,15.1225249515
2016-12-08,RUB_TJS,1,0.0050000000,True,8.0342300000,8.0801366667,8.0342300000,0,0,100.4222663889,-44.0504100384
2016-12-09,RUB_TJS,1,0.0050000000,True,8.0282600000,8.0594066667,8.0282600000,1,1,7.4307058673,31.2388587745
2016-12-10,RUB_TJS,1,0.0050000000,True,8.0282600000,8.0302500000,8.0282600000,1,1,0.0000000000,2.4781295726
2016-12-13,RUB_TJS,1,0.0050000000,True,7.7695900000,7.8758433333,7.7695900000,0,0,76.7464315272,58.6138288683
2016-12-14,RUB_TJS,1,0.0050000000,True,7.7069600000,7.7687433333,7.7069600000,0,0,80.6091441119,-1.0898373525
2016-12-15,RUB_TJS,1,0.0050000000,True,7.7069600000,7.7667233333,7.8236200000,1,1,0.0000000000,76.9479364314
2016-12-16,RUB_TJS,1,0.0050000000,True,7.7069600000,7.7873666667,7.8315200000,0,1,0.0000000000,-46.5540340980
2016-12-17,RUB_TJS,1,0.0050000000,True,7.8236200000,7.8288866667,7.8315200000,1,1,0.0000000000,-3.3636115139
2016-12-20,RUB_TJS,1,0.0050000000,True,7.8315200000,7.8401666667,7.8372500000,1,1,18.4417956298,-14.7488361217
2016-12-21,RUB_TJS,1,0.0050000000,True,7.7451500000,7.8113766667,7.7451500000,0,0,117.5157102300,-33.1226292591
2016-12-22,RUB_TJS,1,0.0050000000,True,7.7238700000,7.7687566667,7.7238700000,1,1,27.4752587103,30.3866727709
2016-12-23,RUB_TJS,1,0.0050000000,True,7.7238700000,7.7370366667,7.7420900000,1,1,0.0000000000,17.0177126385
2016-12-24,RUB_TJS,1,0.0050000000,True,7.7238700000,7.7360166667,7.7420900000,1,1,0.0000000000,-7.8507242099
2016-12-27,RUB_TJS,1,0.0050000000,True,7.7182900000,7.7266933333,7.7182900000,1,1,1.8264958483,9.0508747166
2016-12-28,RUB_TJS,1,0.0050000000,True,7.6988500000,7.7122800000,7.6988500000,1,1,25.1869261196,-7.7927668601
2016-12-29,RUB_TJS,1,0.0050000000,True,7.6440100000,7.6870500000,7.6440100000,0,0,71.2314176793,-15.3504920613
2016-12-30,RUB_TJS,1,0.0050000000,True,7.6440100000,7.6752700000,7.6829500000,1,1,0.0000000000,40.7282089099
2016-12-31,RUB_TJS,1,0.0050000000,True,7.6440100000,7.6699700000,7.6829500000,0,1,0.0000000000,-16.9231431153
2017-01-10,RUB_TJS,1,0.0050000000,True,7.6034600000,7.6307533333,7.6034600000,1,1,3.1423180841,32.6354846573
2017-01-11,RUB_TJS,1,0.0050000000,True,7.6034600000,7.6211433333,7.6541200000,1,1,0.0000000000,23.2029927268
2017-01-12,RUB_TJS,1,0.0050000000,True,7.5552800000,7.6042866667,7.5552800000,0,0,129.1330682038,-65.5332124074
2017-01-13,RUB_TJS,1,0.0050000000,True,7.5294900000,7.5796300000,7.5294900000,1,1,34.1350684554,32.1255786892
2017-01-14,RUB_TJS,1,0.0050000000,True,7.5294900000,7.5380866667,7.5294900000,1,1,0.0000000000,11.4043086088
2017-01-17,RUB_TJS,1,0.0050000000,True,7.5294900000,7.5440200000,7.5526400000,1,1,0.0000000000,-7.8340195281
2017-01-18,RUB_TJS,1,0.0050000000,True,7.5010100000,7.5345266667,7.5010100000,0,0,68.3602025252,-24.0404396118
2017-01-19,RUB_TJS,1,0.0050000000,True,7.5010100000,7.5182366667,7.5010600000,1,1,0.0000000000,22.9131742328
2017-01-20,RUB_TJS,1,0.0050000000,True,7.5010100000,7.5160100000,7.5459600000,1,1,0.0000000000,19.8908729499
2017-01-21,RUB_TJS,1,0.0050000000,True,7.5010600000,7.5309933333,7.5459600000,0,1,0.0000000000,-19.8734297114
2017-01-24,RUB_TJS,1,0.0050000000,True,7.4839600000,7.5222566667,7.4839600000,0,0,70.1752058221,-19.4002065869
2017-01-25,RUB_TJS,1,0.0050000000,True,7.4777400000,7.4995166667,7.4777400000,1,1,8.3111080230,20.7435590294
2017-01-26,RUB_TJS,1,0.0050000000,True,7.4777400000,7.4955666667,7.5250000000,1,1,0.0000000000,23.7829472533
2017-01-27,RUB_TJS,1,0.0050000000,True,7.4777400000,7.5428266667,7.6257400000,0,1,0.0000000000,23.6339338745
2017-01-28,RUB_TJS,1,0.0050000000,True,7.5250000000,7.5921600000,7.6257400000,0,1,0.0000000000,-44.2298370951
2017-01-31,RUB_TJS,1,0.0050000000,True,7.5770500000,7.6012300000,7.6009000000,1,1,0.0000000000,31.8106411725
2017-02-01,RUB_TJS,1,0.0050000000,True,7.5770500000,7.5912200000,7.5957100000,1,1,6.8281387730,-12.7515735284
2017-02-02,RUB_TJS,1,0.0050000000,True,7.5691900000,7.5886000000,7.5691900000,1,1,34.9144451276,-9.3693171336
2017-02-03,RUB_TJS,1,0.0050000000,True,7.4843800000,7.5497600000,7.4843800000,0,0,112.0463352089,-25.7359174331
2017-02-04,RUB_TJS,1,0.0050000000,True,7.4843800000,7.5126500000,7.4843800000,1,1,0.0000000000,37.6298642956
2017-02-07,RUB_TJS,1,0.0050000000,True,7.3991300000,7.4509000000,7.4691900000,1,1,0.0000000000,69.4815391429
2017-02-08,RUB_TJS,1,0.0050000000,True,7.3991300000,7.4561233333,7.5000500000,0,1,0.0000000000,-17.5247458800
2017-02-09,RUB_TJS,1,0.0050000000,True,7.4383700000,7.4692033333,7.4383700000,0,0,82.2394517370,-41.2984695824
2017-02-10,RUB_TJS,1,0.0050000000,True,7.4253200000,7.4545800000,7.4253200000,1,1,17.5441662622,21.7450211816
2017-02-11,RUB_TJS,1,0.0050000000,True,7.4253200000,7.4296700000,7.4253200000,1,1,0.0000000000,5.8549033806
2017-02-14,RUB_TJS,1,0.0050000000,True,7.2490600000,7.3305233333,7.2490600000,0,0,93.1095133514,18.1887877946
2017-02-15,RUB_TJS,1,0.0050000000,True,7.0876300000,7.2179600000,7.0876300000,0,0,222.6909419980,-43.0869664005
2017-02-16,RUB_TJS,1,0.0050000000,True,7.0876300000,7.1661433333,7.1617400000,1,1,0.0000000000,109.5614889087
2017-02-17,RUB_TJS,1,0.0050000000,True,7.0876300000,7.1422433333,7.1773600000,0,1,0.0000000000,-27.2976791139
2017-02-18,RUB_TJS,1,0.0050000000,True,7.1617400000,7.1721533333,7.1773600000,1,1,0.0000000000,-7.2595584961
2017-02-21,RUB_TJS,1,0.0050000000,True,7.0473800000,7.1562400000,7.0473800000,0,0,271.3977675256,-122.6062848647
2017-02-22,RUB_TJS,1,0.0050000000,True,7.0473800000,7.1496800000,7.1576800000,1,1,0.0000000000,143.0833268062
2017-02-23,RUB_TJS,1,0.0050000000,True,7.0473800000,7.1209133333,7.1576800000,0,1,0.0000000000,-51.6319535790
2017-02-28,RUB_TJS,1,0.0050000000,True,7.1576800000,7.1865633333,7.2137800000,1,1,0.0000000000,-2.3191428077
2017-03-01,RUB_TJS,1,0.0050000000,True,7.1882300000,7.2000766667,7.1982200000,1,1,21.5698288553,-19.0322047497
2017-03-02,RUB_TJS,1,0.0050000000,True,7.1982200000,7.2046033333,7.2018100000,1,1,0.0000000000,8.8600760347
2017-03-03,RUB_TJS,1,0.0050000000,True,7.1982200000,7.2198033333,7.2593800000,1,1,0.0000000000,24.9221931715
2017-03-04,RUB_TJS,1,0.0050000000,True,7.2018100000,7.2401900000,7.2593800000,0,1,0.0000000000,-26.5048292932
2017-03-07,RUB_TJS,1,0.0050000000,True,7.2018500000,7.2508133333,7.2018500000,0,0,122.5585328087,-55.7132900953
2017-03-08,RUB_TJS,1,0.0050000000,True,7.2018500000,7.2316366667,7.2018500000,1,1,0.0000000000,41.1893849756
2017-03-10,RUB_TJS,1,0.0050000000,True,7.2018500000,7.2526233333,7.2748600000,0,1,8.6524674640,-39.3466823729
2017-03-11,RUB_TJS,1,0.0050000000,True,7.2748600000,7.2769600000,7.2748600000,1,1,0.0000000000,2.8858204525
2017-03-14,RUB_TJS,1,0.0050000000,True,7.1982900000,7.2325566667,7.1982900000,1,1,36.3069103553,11.1117921878
2017-03-15,RUB_TJS,1,0.0050000000,True,7.1982900000,7.2149666667,7.2220900000,1,1,0.0000000000,23.1139899006
2017-03-16,RUB_TJS,1,0.0050000000,True,7.1377100000,7.1860300000,7.1377100000,0,0,116.8359851511,-50.1806978262
2017-03-17,RUB_TJS,1,0.0050000000,True,7.0694800000,7.1430933333,7.0694800000,0,0,95.5908827901,7.5364174625
2017-03-18,RUB_TJS,1,0.0050000000,True,7.0694800000,7.0922233333,7.0694800000,1,1,0.0000000000,32.0679880827
2017-03-21,RUB_TJS,1,0.0050000000,True,6.9944700000,7.0323700000,7.0331600000,1,1,0.0000000000,53.8936375646
2017-03-22,RUB_TJS,1,0.0050000000,True,6.9944700000,7.0340733333,7.0745900000,0,1,0.0000000000,1.2984415858
2017-03-23,RUB_TJS,1,0.0050000000,True,7.0064300000,7.0380600000,7.0064300000,0,0,96.3448058474,-51.9035075006
2017-03-24,RUB_TJS,1,0.0050000000,True,7.0064300000,7.0381600000,7.0334600000,1,1,0.0000000000,45.0828057333
2017-03-25,RUB_TJS,1,0.0050000000,True,7.0064300000,7.0244500000,7.0334600000,1,1,0.0000000000,-12.8266269957
2017-03-28,RUB_TJS,1,0.0050000000,True,6.7503200000,6.8922700000,6.8930300000,1,1,0.0000000000,205.9553673898
2017-03-29,RUB_TJS,1,0.0050000000,True,6.7503200000,6.8214700000,6.8210600000,0,0,104.4098168730,-104.9040749281
2017-03-30,RUB_TJS,1,0.0050000000,True,6.8210600000,6.8465000000,6.8254100000,1,1,0.0000000000,37.1576718031
2017-03-31,RUB_TJS,1,0.0050000000,True,6.7058800000,6.7841166667,6.7058800000,0,0,175.1250108052,-60.8676639307
2017-04-01,RUB_TJS,1,0.0050000000,True,6.7058800000,6.7457233333,6.7058800000,1,1,0.0000000000,59.0645826467
2017-04-04,RUB_TJS,1,0.0050000000,True,6.7058800000,6.7556100000,6.8052800000,0,1,0.0000000000,-0.0888150737
2017-04-05,RUB_TJS,1,0.0050000000,True,6.6319400000,6.7309633333,6.6319400000,0,0,254.7139867867,-110.4101493149
2017-04-06,RUB_TJS,1,0.0050000000,True,6.6318300000,6.6896833333,6.6318300000,1,1,0.1658639855,86.3169905900
2017-04-07,RUB_TJS,1,0.0050000000,True,6.6318300000,6.6706200000,6.7480900000,1,1,0.0000000000,58.1505167436
2017-04-08,RUB_TJS,1,0.0050000000,True,6.6318300000,6.7093366667,6.7480900000,0,1,0.0000000000,-57.7603051668
2017-04-11,RUB_TJS,1,0.0050000000,True,6.4283500000,6.5512733333,6.4283500000,0,0,75.6941849946,112.7923223068
2017-04-12,RUB_TJS,1,0.0050000000,True,6.4058200000,6.4371833333,6.4058200000,1,1,35.0478738712,13.7223578636
2017-04-13,RUB_TJS,1,0.0050000000,True,6.3740900000,6.4027533333,6.3740900000,1,1,49.5330808546,-4.7896061382
2017-04-14,RUB_TJS,1,0.0050000000,True,6.3270000000,6.3689700000,6.3270000000,0,0,73.8772122766,-8.0389764750
2017-04-15,RUB_TJS,1,0.0050000000,True,6.3270000000,6.3426966667,6.3270000000,1,1,0.0000000000,24.7476231193
2017-04-18,RUB_TJS,1,0.0050000000,True,6.3110800000,6.3230100000,6.3110800000,1,1,31.3854950679,-12.5573105214
2017-04-19,RUB_TJS,1,0.0050000000,True,6.3110800000,6.3238800000,6.3296100000,1,1,0.0000000000,20.2407382809
2017-04-20,RUB_TJS,1,0.0050000000,True,6.3110800000,6.3432900000,6.3891800000,1,1,0.0000000000,21.5660958272
2017-04-21,RUB_TJS,1,0.0050000000,True,6.3296100000,6.3599100000,6.3609400000,0,1,44.1997251603,-46.0226638427
2017-04-22,RUB_TJS,1,0.0050000000,True,6.3609400000,6.3703533333,6.3609400000,1,1,0.0000000000,14.7767837054
2017-04-25,RUB_TJS,1,0.0050000000,True,6.3532800000,6.3598833333,6.3532800000,1,1,19.0874772011,-8.7213339867
2017-04-26,RUB_TJS,1,0.0050000000,True,6.3532800000,6.3759200000,6.4090500000,1,1,0.0000000000,35.5086011117
2017-04-27,RUB_TJS,1,0.0050000000,True,6.3532800000,6.4059766667,6.4556000000,0,1,0.0000000000,-4.7976030717
2017-04-28,RUB_TJS,1,0.0050000000,True,6.4090500000,6.4491500000,6.4828000000,0,1,0.0000000000,-10.0013180031
2017-04-29,RUB_TJS,1,0.0050000000,True,6.4556000000,6.4737333333,6.4828000000,1,1,0.0000000000,-14.0053137808
2017-05-03,RUB_TJS,1,0.0050000000,True,6.4516300000,6.4716233333,6.4804400000,1,1,0.0000000000,30.8938457996
2017-05-04,RUB_TJS,1,0.0050000000,True,6.4516300000,6.4877133333,6.5310700000,1,1,0.0000000000,11.2109351317
2017-05-05,RUB_TJS,1,0.0050000000,True,6.4804400000,6.5507533333,6.6407500000,0,1,0.0000000000,30.0474347480
2017-05-06,RUB_TJS,1,0.0050000000,True,6.5310700000,6.6041900000,6.6407500000,0,1,0.0000000000,-55.3587949468
2017-05-11,RUB_TJS,1,0.0050000000,True,6.5052500000,6.5783466667,6.5052500000,0,0,127.1657176159,-16.2553508886
2017-05-12,RUB_TJS,1,0.0050000000,True,6.5052500000,6.5350000000,6.5107100000,1,1,0.0000000000,45.5241009946
2017-05-13,RUB_TJS,1,0.0050000000,True,6.5052500000,6.5088900000,6.5107100000,1,1,0.0000000000,-2.7961756920
2017-05-16,RUB_TJS,1,0.0050000000,True,6.3823400000,6.4436900000,6.3823400000,0,0,86.4862178123,8.7993059877
2017-05-17,RUB_TJS,1,0.0050000000,True,6.3823400000,6.4283866667,6.4648000000,1,1,0.0000000000,71.6302068534
2017-05-18,RUB_TJS,1,0.0050000000,True,6.3823400000,6.4650366667,6.5479700000,0,1,0.0000000000,0.3660716541
2017-05-19,RUB_TJS,1,0.0050000000,True,6.4648000000,6.5039800000,6.4991700000,0,0,74.5269144483,-67.6355093343
2017-05-20,RUB_TJS,1,0.0050000000,True,6.4991700000,6.5154366667,6.4991700000,1,1,0.0000000000,24.9663491472
2017-05-23,RUB_TJS,1,0.0050000000,True,6.4093900000,6.4508333333,6.4439400000,1,1,0.0000000000,64.2449295957
2017-05-24,RUB_TJS,1,0.0050000000,True,6.3875500000,6.4136266667,6.3875500000,0,0,87.5085739470,-47.2639505054
2017-05-25,RUB_TJS,1,0.0050000000,True,6.3607600000,6.3974166667,6.3607600000,1,1,41.9409632801,15.4228920528
2017-05-26,RUB_TJS,1,0.0050000000,True,6.3607600000,6.3980633333,6.4458800000,1,1,0.0000000000,58.3041013973
2017-05-27,RUB_TJS,1,0.0050000000,True,6.3607600000,6.4175066667,6.4458800000,0,1,0.0000000000,-44.2123940139
2017-05-30,RUB_TJS,1,0.0050000000,True,6.4114400000,6.4387966667,6.4114400000,0,0,73.7412661575,-31.4862145567
2017-05-31,RUB_TJS,1,0.0050000000,True,6.4114400000,6.4337733333,6.4308100000,1,1,0.0000000000,34.7126517772
2017-06-01,RUB_TJS,1,0.0050000000,True,6.4114400000,6.4179433333,6.4115800000,1,1,29.9029204719,-20.0479592891
2017-06-02,RUB_TJS,1,0.0050000000,True,6.4115800000,6.4244000000,6.4308100000,1,1,0.0000000000,19.9551709109
2017-06-03,RUB_TJS,1,0.0050000000,True,6.4115800000,6.4244000000,6.4308100000,1,1,0.0000000000,-9.9775854555
2017-06-06,RUB_TJS,1,0.0050000000,True,6.4226000000,6.4312400000,6.4403100000,1,1,0.0000000000,13.4344232216
2017-06-07,RUB_TJS,1,0.0050000000,True,6.4226000000,6.4311133333,6.4304300000,1,1,15.3408764485,-14.3002714926
2017-06-08,RUB_TJS,1,0.0050000000,True,6.4304300000,6.4451233333,6.4646300000,1,1,0.0000000000,22.7975983909
2017-06-09,RUB_TJS,1,0.0050000000,True,6.4304300000,6.4624400000,6.4922600000,0,1,0.0000000000,-3.3888128942
2017-06-10,RUB_TJS,1,0.0050000000,True,6.4646300000,6.4830500000,6.4922600000,1,1,0.0000000000,-14.2062763668
2017-06-14,RUB_TJS,1,0.0050000000,True,6.4596600000,6.4750933333,6.4733600000,1,1,0.0000000000,23.8349202688
2017-06-15,RUB_TJS,1,0.0050000000,True,6.4596600000,6.4918600000,6.5425600000,1,1,0.0000000000,28.4972257566
2017-06-16,RUB_TJS,1,0.0050000000,True,6.4733600000,6.5233100000,6.5540100000,0,1,0.0000000000,-29.5095587976
2017-06-17,RUB_TJS,1,0.0050000000,True,6.5425600000,6.5501933333,6.5540100000,1,1,0.0000000000,-5.8268000232
2017-06-20,RUB_TJS,1,0.0050000000,True,6.5540100000,6.5939433333,6.6491000000,1,1,0.0000000000,23.0868428250
2017-06-21,RUB_TJS,1,0.0050000000,True,6.5787200000,6.6794200000,6.8104400000,0,1,0.0000000000,45.3931628794
2017-06-22,RUB_TJS,1,0.0050000000,True,6.6491000000,6.7709533333,6.8533200000,0,1,0.0000000000,-58.3177356611
2017-06-23,RUB_TJS,1,0.0050000000,True,6.7752900000,6.8130166667,6.7752900000,0,0,113.8572254032,-59.1563697921
2017-06-24,RUB_TJS,1,0.0050000000,True,6.7752900000,6.8013000000,6.7752900000,1,1,0.0000000000,38.2426888977
2017-06-27,RUB_TJS,1,0.0050000000,True,6.6821300000,6.7175900000,6.6821300000,1,1,19.7450469356,33.1071113301
2017-06-28,RUB_TJS,1,0.0050000000,True,6.6821300000,6.7119600000,6.7584000000,1,1,0.0000000000,44.4430538919
2017-06-29,RUB_TJS,1,0.0050000000,True,6.6821300000,6.7144566667,6.7028400000,0,0,82.2088068182,-65.4458514141
2017-06-30,RUB_TJS,1,0.0050000000,True,6.7028400000,6.7327300000,6.7369500000,1,1,0.0000000000,44.3950670827
2017-07-01,RUB_TJS,1,0.0050000000,True,6.7028400000,6.7255800000,6.7369500000,0,1,0.0000000000,-16.9056051671
2017-07-04,RUB_TJS,1,0.0050000000,True,6.6896800000,6.7241966667,6.7459600000,1,1,0.0000000000,51.3320302450
2017-07-05,RUB_TJS,1,0.0050000000,True,6.6896800000,6.7314766667,6.7587900000,0,1,0.0000000000,-21.5158338215
2017-07-06,RUB_TJS,1,0.0050000000,True,6.7459600000,6.7809100000,6.8379800000,1,1,0.0000000000,32.6209903980
2017-07-07,RUB_TJS,1,0.0050000000,True,6.7587900000,6.8154566667,6.8496000000,0,1,0.0000000000,-33.0474309132
2017-07-08,RUB_TJS,1,0.0050000000,True,6.8379800000,6.8457266667,6.8496000000,1,1,0.0000000000,-5.6580309468
2017-07-11,RUB_TJS,1,0.0050000000,True,6.8446500000,6.8615800000,6.8904900000,1,1,0.0000000000,24.6736174467
2017-07-12,RUB_TJS,1,0.0050000000,True,6.8446500000,6.8707866667,6.8772200000,0,1,19.2584271946,-28.6769685761
2017-07-13,RUB_TJS,1,0.0050000000,True,6.8573600000,6.8750233333,6.8573600000,1,1,28.8779477754,-3.1951406710
2017-07-14,RUB_TJS,1,0.0050000000,True,6.8201100000,6.8515633333,6.8201100000,0,0,54.3211964954,-8.4603562496
2017-07-15,RUB_TJS,1,0.0050000000,True,6.8201100000,6.8325266667,6.8201100000,1,1,0.0000000000,18.1728769933
2017-07-18,RUB_TJS,1,0.0050000000,True,6.7273000000,6.7608600000,6.7351700000,1,1,0.0000000000,49.6386554373
2017-07-19,RUB_TJS,1,0.0050000000,True,6.7205700000,6.7276800000,6.7205700000,1,1,21.6772553625,-11.1331097793
2017-07-20,RUB_TJS,1,0.0050000000,True,6.7205700000,6.7292033333,6.7318700000,1,1,0.0000000000,12.8296514545
2017-07-21,RUB_TJS,1,0.0050000000,True,6.6854800000,6.7126400000,6.6854800000,0,0,68.9110158099,-28.6474472041
2017-07-22,RUB_TJS,1,0.0050000000,True,6.6854800000,6.7009433333,6.6854800000,1,1,0.0000000000,23.0763529314
2017-07-25,RUB_TJS,1,0.0050000000,True,6.6854800000,6.7582300000,6.8157600000,0,1,0.0000000000,-22.5206895888
2017-07-26,RUB_TJS,1,0.0050000000,True,6.7734500000,6.7990633333,6.8079800000,0,1,11.4147211756,-24.5573042169
2017-07-27,RUB_TJS,1,0.0050000000,True,6.7692400000,6.7976600000,6.7692400000,0,0,56.9038099407,-15.1816948774
2017-07-28,RUB_TJS,1,0.0050000000,True,6.7692400000,6.7863166667,6.7817300000,1,1,0.0000000000,25.1633802333
2017-07-29,RUB_TJS,1,0.0050000000,True,6.7692400000,6.7775666667,6.7817300000,1,1,0.0000000000,-6.1428142844
2017-08-01,RUB_TJS,1,0.0050000000,True,6.7817300000,6.8047700000,6.8188200000,1,1,0.0000000000,-13.2113208823
2017-08-02,RUB_TJS,1,0.0050000000,True,6.8137600000,6.8389633333,6.8843100000,1,1,0.0000000000,29.4537817379
2017-08-03,RUB_TJS,1,0.0050000000,True,6.8188200000,6.8662466667,6.8956100000,0,1,0.0000000000,-26.3074343382
2017-08-04,RUB_TJS,1,0.0050000000,True,6.8738200000,6.8845800000,6.8738200000,1,1,31.5998149547,-16.0213113944
2017-08-05,RUB_TJS,1,0.0050000000,True,6.8738200000,6.8810833333,6.8738200000,1,1,0.0000000000,10.5555084592
2017-08-08,RUB_TJS,1,0.0050000000,True,6.8091500000,6.8334266667,6.8091500000,1,1,11.9695305040,23.5850437165
2017-08-09,RUB_TJS,1,0.0050000000,True,6.8021700000,6.8095433333,6.8021700000,1,1,10.2509123753,0.5776207215
2017-08-10,RUB_TJS,1,0.0050000000,True,6.8021700000,6.8045733333,6.8024000000,1,1,0.0000000000,3.5319383238
2017-08-11,RUB_TJS,1,0.0050000000,True,6.8021700000,6.8108000000,6.8278300000,1,1,0.0000000000,12.3333529101
2017-08-12,RUB_TJS,1,0.0050000000,True,6.8024000000,6.8193533333,6.8278300000,1,1,0.0000000000,-12.4303086412
2017-08-15,RUB_TJS,1,0.0050000000,True,6.7876300000,6.8045700000,6.7982500000,1,1,0.0000000000,24.8950337788
2017-08-16,RUB_TJS,1,0.0050000000,True,6.7681900000,6.7846900000,6.7681900000,1,1,44.2172617953,-19.9861747552
2017-08-17,RUB_TJS,1,0.0050000000,True,6.7213800000,6.7626066667,6.7213800000,0,0,69.1617699858,-8.2561852382
2017-08-18,RUB_TJS,1,0.0050000000,True,6.7213800000,6.7412266667,6.7341100000,1,1,0.0000000000,29.4407348218
2017-08-19,RUB_TJS,1,0.0050000000,True,6.7213800000,6.7298666667,6.7341100000,1,1,0.0000000000,-6.3052264532
2017-08-22,RUB_TJS,1,0.0050000000,True,6.6976300000,6.7148900000,6.6976300000,1,1,22.7918360537,2.9188862364
2017-08-23,RUB_TJS,1,0.0050000000,True,6.6976300000,6.7074633333,6.7118300000,1,1,0.0000000000,14.6602863775
2017-08-24,RUB_TJS,1,0.0050000000,True,6.6976300000,6.7061466667,6.7089800000,1,1,4.2462338885,-8.4748121624
2017-08-25,RUB_TJS,1,0.0050000000,True,6.7089800000,6.7102300000,6.7098800000,1,1,0.0000000000,1.8628273547
2017-08-26,RUB_TJS,1,0.0050000000,True,6.7089800000,6.7095800000,6.7098800000,1,1,0.0000000000,-0.4471218765
2017-08-29,RUB_TJS,1,0.0050000000,True,6.6400500000,6.6638900000,6.6400500000,1,1,2.5445139376,33.2388439785
2017-08-30,RUB_TJS,1,0.0050000000,True,6.6400500000,6.6493833333,6.6663600000,1,1,0.0000000000,14.0363893394
2017-08-31,RUB_TJS,1,0.0050000000,True,6.6400500000,6.6493266667,6.6415700000,1,1,37.1867105887,-25.6166288516
2017-09-01,RUB_TJS,1,0.0050000000,True,6.5908000000,6.6329100000,6.5908000000,0,0,76.4427688032,-13.0561096110
2017-09-02,RUB_TJS,1,0.0050000000,True,6.5908000000,6.6077233333,6.5908000000,1,1,0.0000000000,25.6114435784
2017-09-05,RUB_TJS,1,0.0050000000,True,6.5586500000,6.5719633333,6.5664400000,1,1,0.0000000000,20.2577717770
2017-09-06,RUB_TJS,1,0.0050000000,True,6.5194700000,6.5481866667,6.5194700000,0,0,71.5303878510,-27.8754016379
2017-09-07,RUB_TJS,1,0.0050000000,True,6.4822600000,6.5227233333,6.4822600000,0,0,57.0751916950,4.9876917463
2017-09-08,RUB_TJS,1,0.0050000000,True,6.4658700000,6.4892000000,6.4658700000,1,1,25.2843915548,10.6946927202
2017-09-09,RUB_TJS,1,0.0050000000,True,6.4658700000,6.4713333333,6.4658700000,1,1,0.0000000000,8.4423611827
2017-09-12,RUB_TJS,1,0.0050000000,True,6.4658700000,6.4838733333,6.4963800000,1,1,0.0000000000,-8.4774430099
2017-09-13,RUB_TJS,1,0.0050000000,True,6.4893700000,6.5135933333,6.5550300000,1,1,0.0000000000,26.4267854200
2017-09-14,RUB_TJS,1,0.0050000000,True,6.4963800000,6.5393733333,6.5667100000,0,1,0.0000000000,-23.9421514396
2017-09-15,RUB_TJS,1,0.0050000000,True,6.5397700000,6.5538366667,6.5397700000,1,1,41.0251099866,-19.6424384495
2017-09-16,RUB_TJS,1,0.0050000000,True,6.5397700000,6.5487500000,6.5397700000,1,1,0.0000000000,13.7125405612
2017-09-19,RUB_TJS,1,0.0050000000,True,6.5397700000,6.5596600000,6.5984400000,1,1,0.0000000000,28.7972242464
2017-09-20,RUB_TJS,1,0.0050000000,True,6.5407700000,6.5838233333,6.6122600000,0,1,0.0000000000,-22.2008792257
2017-09-21,RUB_TJS,1,0.0050000000,True,6.5984400000,6.6096566667,6.6182700000,1,1,0.0000000000,-3.9386816360
2017-09-22,RUB_TJS,1,0.0050000000,True,6.5440100000,6.5915133333,6.5440100000,0,0,112.2045489229,-40.5926003841
2017-09-23,RUB_TJS,1,0.0050000000,True,6.5440100000,6.5687633333,6.5440100000,1,1,0.0000000000,37.6833995643
2017-09-26,RUB_TJS,1,0.0050000000,True,6.5368700000,6.5414433333,6.5368700000,1,1,10.0558573841,-3.0676206525
2017-09-27,RUB_TJS,1,0.0050000000,True,6.5368700000,6.5567900000,6.5900500000,1,1,0.0000000000,30.3807198339
2017-09-28,RUB_TJS,1,0.0050000000,True,6.5368700000,6.5862166667,6.6317300000,0,1,0.0000000000,-5.8202356942
2017-09-29,RUB_TJS,1,0.0050000000,True,6.5900500000,6.6061200000,6.5965800000,0,0,53.0027609689,-38.7670826446
2017-09-30,RUB_TJS,1,0.0050000000,True,6.5965800000,6.6082966667,6.5965800000,1,1,0.0000000000,17.7302370908
2017-10-03,RUB_TJS,1,0.0050000000,True,6.5734400000,6.5846100000,6.5838100000,1,1,0.0000000000,16.9637989190
2017-10-04,RUB_TJS,1,0.0050000000,True,6.5588200000,6.5720233333,6.5588200000,1,1,37.9567454103,-17.9346086720
2017-10-05,RUB_TJS,1,0.0050000000,True,6.5321700000,6.5582666667,6.5321700000,1,1,40.6323088604,-0.8437188688
2017-10-06,RUB_TJS,1,0.0050000000,True,6.5321700000,6.5515866667,6.5637700000,1,1,0.0000000000,29.6365867607
2017-10-07,RUB_TJS,1,0.0050000000,True,6.5321700000,6.5532366667,6.5637700000,1,1,0.0000000000,-16.0734822640
2017-10-10,RUB_TJS,1,0.0050000000,True,6.5637700000,6.5972766667,6.6013400000,0,1,38.2994905474,-44.6295264258
2017-10-11,RUB_TJS,1,0.0050000000,True,6.5856700000,6.6045766667,6.5856700000,1,1,23.7376047893,4.9006421305
2017-10-12,RUB_TJS,1,0.0050000000,True,6.5590600000,6.5820233333,6.5590600000,1,1,40.4059116233,-5.5403429644
2017-10-13,RUB_TJS,1,0.0050000000,True,6.5476800000,6.5641366667,6.5476800000,1,1,17.3500471104,7.7339441947
2017-10-14,RUB_TJS,1,0.0050000000,True,6.5476800000,6.5514733333,6.5476800000,1,1,0.0000000000,5.7900462084
2017-10-17,RUB_TJS,1,0.0050000000,True,6.4833700000,6.5153033333,6.5148600000,1,1,0.0000000000,49.0128113759
2017-10-18,RUB_TJS,1,0.0050000000,True,6.4833700000,6.4996800000,6.5008100000,1,1,21.5660812358,-23.3549959383
2017-10-19,RUB_TJS,1,0.0050000000,True,6.5008100000,6.5192600000,6.5421100000,1,1,0.0000000000,28.3007580615
2017-10-20,RUB_TJS,1,0.0050000000,True,6.5008100000,6.5261166667,6.5354300000,0,1,10.2107729769,-24.5066616952
2017-10-21,RUB_TJS,1,0.0050000000,True,6.5354300000,6.5376566667,6.5354300000,1,1,0.0000000000,3.4059094569
2017-10-24,RUB_TJS,1,0.0050000000,True,6.5233400000,6.5329433333,6.5400600000,1,1,0.0000000000,14.6998570833
2017-10-25,RUB_TJS,1,0.0050000000,True,6.5233400000,6.5358966667,6.5442900000,1,1,0.0000000000,-6.3699497493
2017-10-26,RUB_TJS,1,0.0050000000,True,6.5400600000,6.5507366667,6.5678600000,1,1,0.0000000000,9.8411323714
2017-10-27,RUB_TJS,1,0.0050000000,True,6.5442900000,6.5695933333,6.5966300000,1,1,0.0000000000,2.6384180046
2017-10-28,RUB_TJS,1,0.0050000000,True,6.5678600000,6.5870400000,6.5966300000,1,1,0.0000000000,-14.5588913989
2017-10-31,RUB_TJS,1,0.0050000000,True,6.5688500000,6.5903033333,6.6054300000,1,1,0.0000000000,32.5528769288
2017-11-01,RUB_TJS,1,0.0050000000,True,6.5688500000,6.5917933333,6.6011000000,0,1,6.5552129082,-20.6873395100
2017-11-02,RUB_TJS,1,0.0050000000,True,6.5986800000,6.6017366667,6.5986800000,1,1,3.6660556574,0.9643927027
2017-11-03,RUB_TJS,1,0.0050000000,True,6.5986800000,6.6106566667,6.6321900000,1,1,0.0000000000,18.1172117546
2017-11-04,RUB_TJS,1,0.0050000000,True,6.5986800000,6.6210200000,6.6321900000,0,1,0.0000000000,-16.8705123984
2017-11-08,RUB_TJS,1,0.0050000000,True,6.6321900000,6.6660300000,6.7250900000,1,1,0.0000000000,37.8336131101
2017-11-09,RUB_TJS,1,0.0050000000,True,6.6408100000,6.6984466667,6.7294400000,0,1,0.0000000000,-39.7753907125
2017-11-10,RUB_TJS,1,0.0050000000,True,6.7250900000,6.7277800000,6.7288100000,1,1,0.9361848831,-2.4673815137
2017-11-11,RUB_TJS,1,0.0050000000,True,6.7288100000,6.7290200000,6.7288100000,1,1,0.0000000000,0.3120811054
2017-11-14,RUB_TJS,1,0.0050000000,True,6.7206000000,6.7407766667,6.7729200000,1,1,0.0000000000,29.9322580533
2017-11-15,RUB_TJS,1,0.0050000000,True,6.7206000000,6.7748233333,6.8309500000,0,1,0.0000000000,2.8094213527
2017-11-16,RUB_TJS,1,0.0050000000,True,6.7729200000,6.8037400000,6.8073500000,0,1,34.5486352557,-39.9927098919
2017-11-17,RUB_TJS,1,0.0050000000,True,6.7572200000,6.7985066667,6.7572200000,0,0,73.6409909877,-13.0077585666
2017-11-18,RUB_TJS,1,0.0050000000,True,6.7572200000,6.7739300000,6.7572200000,1,1,0.0000000000,24.6681025638
2017-11-21,RUB_TJS,1,0.0050000000,True,6.7204800000,6.7410233333,6.7453700000,1,1,0.0000000000,30.4750960166
2017-11-22,RUB_TJS,1,0.0050000000,True,6.7018100000,6.7225533333,6.7018100000,0,0,64.5776288032,-33.9404769815
2017-11-23,RUB_TJS,1,0.0050000000,True,6.6286700000,6.6919500000,6.6286700000,0,0,109.1346964477,-14.7341208467
2017-11-24,RUB_TJS,1,0.0050000000,True,6.6286700000,6.6556800000,6.6365600000,1,1,0.0000000000,40.5818789365
2017-11-25,RUB_TJS,1,0.0050000000,True,6.6286700000,6.6339300000,6.6365600000,1,1,0.0000000000,-3.9644675177
2017-11-28,RUB_TJS,1,0.0050000000,True,6.6111500000,6.6222300000,6.6189800000,1,1,0.0000000000,16.7315239730
2017-11-29,RUB_TJS,1,0.0050000000,True,6.6111500000,6.6157933333,6.6172500000,1,1,2.6136957658,-4.8167566701
2017-11-30,RUB_TJS,1,0.0050000000,True,6.6172500000,6.6280466667,6.6479100000,1,1,0.0000000000,16.2893642873
2017-12-01,RUB_TJS,1,0.0050000000,True,6.6172500000,6.6331433333,6.6342700000,1,1,20.5177266239,-22.2619441863
2017-12-02,RUB_TJS,1,0.0050000000,True,6.6342700000,6.6388166667,6.6342700000,1,1,0.0000000000,6.8486100686
2017-12-05,RUB_TJS,1,0.0050000000,True,6.6342700000,6.6620766667,6.6582400000,0,0,53.0049060911,-47.4977021679
2017-12-06,RUB_TJS,1,0.0050000000,True,6.6582400000,6.6789800000,6.6849800000,1,1,0.0000000000,31.0526457633
2017-12-07,RUB_TJS,1,0.0050000000,True,6.6582400000,6.6899333333,6.7265800000,1,1,0.0000000000,7.4041594834
2017-12-08,RUB_TJS,1,0.0050000000,True,6.6849800000,6.7086900000,6.7145100000,0,1,17.9437396121,-26.6669051633
2017-12-09,RUB_TJS,1,0.0050000000,True,6.7145100000,6.7185333333,6.7145100000,1,1,0.0000000000,5.9884101689
2017-12-12,RUB_TJS,1,0.0050000000,True,6.6690500000,6.6985733333,6.6690500000,0,0,64.2267168840,-20.2829259166
2017-12-13,RUB_TJS,1,0.0050000000,True,6.6690500000,6.6956500000,6.7057400000,1,1,0.0000000000,39.7272856257
2017-12-14,RUB_TJS,1,0.0050000000,True,6.6524900000,6.6757600000,6.6524900000,0,0,79.4095804490,-44.9087444725
2017-12-15,RUB_TJS,1,0.0050000000,True,6.6524900000,6.6776600000,6.6747500000,1,1,0.0000000000,37.6928444994
2017-12-16,RUB_TJS,1,0.0050000000,True,6.6524900000,6.6673300000,6.6747500000,1,1,0.0000000000,-11.1288926752
2017-12-19,RUB_TJS,1,0.0050000000,True,6.6490900000,6.6582400000,6.6490900000,1,1,2.6913731717,11.0539722209
2017-12-20,RUB_TJS,1,0.0050000000,True,6.6490900000,6.6511500000,6.6534800000,1,1,0.0000000000,3.0972087534
2017-12-21,RUB_TJS,1,0.0050000000,True,6.6398600000,6.6474766667,6.6398600000,1,1,20.4704906305,-9.0309957212
2017-12-22,RUB_TJS,1,0.0050000000,True,6.6154500000,6.6362633333,6.6154500000,1,1,36.7628233125,-5.4197166176
2017-12-23,RUB_TJS,1,0.0050000000,True,6.6154500000,6.6235866667,6.6154500000,1,1,0.0000000000,12.2843816744
2017-12-26,RUB_TJS,1,0.0050000000,True,6.5421300000,6.5866133333,6.5421300000,0,0,91.0748743612,-23.7552530790
2017-12-27,RUB_TJS,1,0.0050000000,True,6.5109300000,6.5517733333,6.5109300000,1,1,47.6908896644,14.7186614108
2017-12-28,RUB_TJS,1,0.0050000000,True,6.5109300000,6.5302266667,6.5376200000,1,1,0.0000000000,29.5497655007
2017-12-29,RUB_TJS,1,0.0050000000,True,6.5109300000,6.5249633333,6.5263400000,1,1,17.2539853953,-19.3972992952
2017-12-30,RUB_TJS,1,0.0050000000,True,6.5263400000,6.5301000000,6.5263400000,1,1,0.0000000000,5.7579516393
2018-01-10,RUB_TJS,1,0.0050000000,True,6.4421000000,6.4799800000,6.4421000000,1,1,45.4299621417,13.0864601434
2018-01-11,RUB_TJS,1,0.0050000000,True,6.4421000000,6.4584666667,6.4618000000,1,1,0.0000000000,25.3414123063
2018-01-12,RUB_TJS,1,0.0050000000,True,6.4210900000,6.4416633333,6.4210900000,0,0,63.0010213872,-31.2600420492
2018-01-13,RUB_TJS,1,0.0050000000,True,6.4210900000,6.4346600000,6.4210900000,1,1,0.0000000000,21.0889153428
2018-01-16,RUB_TJS,1,0.0050000000,True,6.3860500000,6.3993800000,6.3910000000,1,1,0.0000000000,20.8301429201
2018-01-17,RUB_TJS,1,0.0050000000,True,6.3860500000,6.3990233333,6.4200200000,1,1,0.0000000000,12.5383717411
2018-01-18,RUB_TJS,1,0.0050000000,True,6.3910000000,6.4139233333,6.4307500000,1,1,0.0000000000,-9.5053625524
2018-01-19,RUB_TJS,1,0.0050000000,True,6.4160100000,6.4222600000,6.4160100000,1,1,22.9211211756,-13.2196454208
2018-01-20,RUB_TJS,1,0.0050000000,True,6.4160100000,6.4209233333,6.4160100000,1,1,0.0000000000,7.6520666550
2018-01-23,RUB_TJS,1,0.0050000000,True,6.3994900000,6.4112433333,6.3994900000,1,1,29.1980810909,-10.8975222175
2018-01-24,RUB_TJS,1,0.0050000000,True,6.3898100000,6.4025100000,6.3898100000,1,1,15.1262053695,4.7169000907
2018-01-25,RUB_TJS,1,0.0050000000,True,6.3447300000,6.3780100000,6.3447300000,0,0,70.5498285552,-18.5010685151
2018-01-26,RUB_TJS,1,0.0050000000,True,6.3298000000,6.3547800000,6.3298000000,1,1,23.5313401831,15.8148669191
2018-01-27,RUB_TJS,1,0.0050000000,True,6.3298000000,6.3347766667,6.3298000000,1,1,0.0000000000,7.8561043720
2018-01-30,RUB_TJS,1,0.0050000000,True,6.3298000000,6.3629800000,6.3771800000,0,1,7.4898620486,-29.8287909124
2018-01-31,RUB_TJS,1,0.0050000000,True,6.3736800000,6.3776066667,6.3736800000,1,1,5.4883192885,0.6690074960
2018-02-01,RUB_TJS,1,0.0050000000,True,6.3736800000,6.3756500000,6.3760900000,1,1,0.0000000000,3.0898810317
2018-02-02,RUB_TJS,1,0.0050000000,True,6.3498700000,6.3665466667,6.3498700000,1,1,41.1223806439,-14.9898113263
2018-02-03,RUB_TJS,1,0.0050000000,True,6.3498700000,6.3586100000,6.3498700000,1,1,0.0000000000,13.7451424132
2018-02-06,RUB_TJS,1,0.0050000000,True,6.3498700000,6.4195033333,6.4911600000,0,1,0.0000000000,3.1518533885
2018-02-07,RUB_TJS,1,0.0050000000,True,6.4174800000,6.4564100000,6.4605900000,0,1,47.0948181835,-53.8224802948
2018-02-08,RUB_TJS,1,0.0050000000,True,6.4605900000,6.4969033333,6.5389600000,1,1,0.0000000000,55.8932948056
2018-02-09,RUB_TJS,1,0.0050000000,True,6.4605900000,6.5320633333,6.5966400000,0,1,0.0000000000,-10.5581748289
2018-02-10,RUB_TJS,1,0.0050000000,True,6.5389600000,6.5774133333,6.5966400000,0,1,0.0000000000,-29.2313493045
2018-02-13,RUB_TJS,1,0.0050000000,True,6.5461900000,6.5748200000,6.5461900000,0,0,53.8468434111,-10.3576980054
2018-02-14,RUB_TJS,1,0.0050000000,True,6.5289500000,6.5522566667,6.5289500000,1,1,26.3359297546,9.2588965532
2018-02-15,RUB_TJS,1,0.0050000000,True,6.4163000000,6.4971466667,6.4163000000,0,0,172.5392291257,-48.9496927882
2018-02-16,RUB_TJS,1,0.0050000000,True,6.3924000000,6.4458833333,6.3924000000,1,1,37.2488817543,45.8949251848
2018-02-17,RUB_TJS,1,0.0050000000,True,6.3924000000,6.4003666667,6.3924000000,1,1,0.0000000000,12.4472035456
2018-02-20,RUB_TJS,1,0.0050000000,True,6.3847800000,6.3939066667,6.4045400000,1,1,0.0000000000,14.2740067106
2018-02-21,RUB_TJS,1,0.0050000000,True,6.3847800000,6.4054300000,6.4269700000,1,1,0.0000000000,1.3894461418
2018-02-22,RUB_TJS,1,0.0050000000,True,6.4045400000,6.4212066667,6.4321100000,1,1,0.0000000000,-8.9754677470
2018-02-23,RUB_TJS,1,0.0050000000,True,6.4269700000,6.4303966667,6.4321100000,1,1,0.0000000000,-2.6644286848
2018-02-27,RUB_TJS,1,0.0050000000,True,6.3053400000,6.3581466667,6.3053400000,0,1,49.9448476327,33.2748956195
2018-02-28,RUB_TJS,1,0.0050000000,True,6.3053400000,6.3450166667,6.3927200000,1,1,0.0000000000,62.5320133123
2018-03-01,RUB_TJS,1,0.0050000000,True,6.3053400000,6.3666766667,6.4019700000,0,1,0.0000000000,-40.9056949125
2018-03-02,RUB_TJS,1,0.0050000000,True,6.3927200000,6.4050900000,6.4205800000,1,1,0.0000000000,4.8711259327
2018-03-03,RUB_TJS,1,0.0050000000,True,6.4019700000,6.4143766667,6.4205800000,1,1,0.0000000000,-9.6709838784
2018-03-06,RUB_TJS,1,0.0050000000,True,6.4099900000,6.4352700000,6.4099900000,0,0,100.7684657248,-62.1108360644
2018-03-07,RUB_TJS,1,0.0050000000,True,6.4099900000,6.4399800000,6.4347100000,1,1,0.0000000000,46.5684676039
2018-03-08,RUB_TJS,1,0.0050000000,True,6.4099900000,6.4264700000,6.4347100000,1,1,0.0000000000,-12.8219691370
2018-03-13,RUB_TJS,1,0.0050000000,True,6.4149800000,6.4338800000,6.4519500000,1,1,0.0000000000,29.3757421649
2018-03-14,RUB_TJS,1,0.0050000000,True,6.4149800000,6.4420200000,6.4591300000,0,1,0.0000000000,-15.4144197007
2018-03-15,RUB_TJS,1,0.0050000000,True,6.4519500000,6.4573766667,6.4610500000,1,1,0.0000000000,-2.7152409157
2018-03-16,RUB_TJS,1,0.0050000000,True,6.4591300000,6.4808300000,6.5223100000,1,1,0.0000000000,30.5207820603
2018-03-17,RUB_TJS,1,0.0050000000,True,6.4610500000,6.5018900000,6.5223100000,0,1,0.0000000000,-31.4062526435
2018-03-20,RUB_TJS,1,0.0050000000,True,6.5223100000,6.5288500000,6.5390600000,1,1,0.0000000000,5.6212043469
2018-03-21,RUB_TJS,1,0.0050000000,True,6.5135100000,6.5259166667,6.5135100000,1,1,39.0728942692,-20.1402101876
2018-03-22,RUB_TJS,1,0.0050000000,True,6.4398900000,6.4974866667,6.4398900000,0,0,113.0266169853,-24.6608175674
2018-03-23,RUB_TJS,1,0.0050000000,True,6.4398900000,6.4743100000,6.4695300000,1,1,0.0000000000,53.1639665076
2018-03-24,RUB_TJS,1,0.0050000000,True,6.4398900000,6.4596500000,6.4695300000,1,1,0.0000000000,-15.2949463206
2018-03-27,RUB_TJS,1,0.0050000000,True,6.4593700000,6.4692066667,6.4787200000,1,1,0.0000000000,15.2053677885
2018-03-28,RUB_TJS,1,0.0050000000,True,6.4593700000,6.4868166667,6.5223600000,1,1,0.0000000000,12.4817257566
2018-03-29,RUB_TJS,1,0.0050000000,True,6.4787200000,6.5167100000,6.5490500000,0,1,0.0000000000,-8.6700190740
2018-03-30,RUB_TJS,1,0.0050000000,True,6.4872500000,6.5195533333,6.4872500000,0,0,94.3648315405,-45.2433857943
2018-03-31,RUB_TJS,1,0.0050000000,True,6.4872500000,6.5078500000,6.4872500000,1,1,0.0000000000,31.6540793042
2018-04-03,RUB_TJS,1,0.0050000000,True,6.4872500000,6.5018866667,6.5198300000,1,1,0.0000000000,5.0857033292
2018-04-04,RUB_TJS,1,0.0050000000,True,6.4985800000,6.5225600000,6.5492700000,1,1,0.0000000000,4.1854731884
2018-04-05,RUB_TJS,1,0.0050000000,True,6.5198300000,6.5312333333,6.5246000000,1,1,37.6683202861,-27.6160194348
2018-04-06,RUB_TJS,1,0.0050000000,True,6.5246000000,6.5424033333,6.5533400000,1,1,0.0000000000,27.2122222160
2018-04-07,RUB_TJS,1,0.0050000000,True,6.5246000000,6.5437600000,6.5533400000,1,1,0.0000000000,-14.6399012189
2018-04-10,RUB_TJS,1,0.0050000000,True,6.5533400000,6.7525800000,7.0674100000,0,1,0.0000000000,171.1790160205
2018-04-11,RUB_TJS,1,0.0050000000,True,6.6369900000,6.9817200000,7.2407600000,0,1,0.0000000000,-122.7347988748
2018-04-12,RUB_TJS,1,0.0050000000,True,7.0250000000,7.1110566667,7.0250000000,0,0,297.9797700794,-182.3967089748
2018-04-13,RUB_TJS,1,0.0050000000,True,6.9503200000,7.0720266667,6.9503200000,0,0,106.3060498221,66.4967326669
2018-04-14,RUB_TJS,1,0.0050000000,True,6.9503200000,6.9752133333,6.9503200000,1,1,0.0000000000,35.6882752451
2018-04-17,RUB_TJS,1,0.0050000000,True,6.9012900000,6.9637933333,6.9012900000,0,0,196.7109720914,-109.1024144887
2018-04-18,RUB_TJS,1,0.0050000000,True,6.9012900000,6.9641266667,6.9513200000,1,1,0.0000000000,90.2290691630
2018-04-19,RUB_TJS,1,0.0050000000,True,6.8688800000,6.9071633333,6.8688800000,0,0,118.5961802938,-63.9288004868
2018-04-20,RUB_TJS,1,0.0050000000,True,6.8688800000,6.9083600000,6.9048800000,1,1,0.0000000000,57.1481509360
2018-04-21,RUB_TJS,1,0.0050000000,True,6.8688800000,6.8928800000,6.9048800000,0,1,0.0000000000,-17.4092686947
2018-04-24,RUB_TJS,1,0.0050000000,True,6.9048800000,6.9337866667,6.9416900000,0,1,18.8359389716,-30.2912886465
2018-04-25,RUB_TJS,1,0.0050000000,True,6.9416900000,6.9492966667,6.9514100000,1,1,0.0000000000,10.9459518445
2018-04-26,RUB_TJS,1,0.0050000000,True,6.9416900000,6.9782100000,7.0415300000,1,1,0.0000000000,38.4052643873
2018-04-27,RUB_TJS,1,0.0050000000,True,6.9514100000,7.0161133333,7.0554000000,0,1,0.0000000000,-36.2261346976
2018-04-28,RUB_TJS,1,0.0050000000,True,6.9744100000,7.0237800000,6.9744100000,0,0,114.7915072143,-45.0184943150
2018-04-29,RUB_TJS,1,0.0050000000,True,6.9744100000,7.0014066667,6.9744100000,1,1,0.0000000000,38.5589181603
2018-05-04,RUB_TJS,1,0.0050000000,True,6.9744100000,7.0275833333,7.0383100000,0,1,44.8654390434,-60.4000901211
2018-05-05,RUB_TJS,1,0.0050000000,True,7.0383100000,7.0488833333,7.0383100000,1,1,0.0000000000,15.0000118222
2018-05-08,RUB_TJS,1,0.0050000000,True,6.9867100000,7.0147466667,7.0192200000,1,1,0.0000000000,39.9681813171
2018-05-09,RUB_TJS,1,0.0050000000,True,6.9867100000,7.0083833333,7.0192200000,1,1,0.0000000000,-15.4624342751
2018-05-11,RUB_TJS,1,0.0050000000,True,6.8801300000,6.9557466667,6.8801300000,0,0,125.9491754319,-17.4579867774
2018-05-12,RUB_TJS,1,0.0050000000,True,6.8801300000,6.9093833333,6.8801300000,1,1,0.0000000000,42.3385589163
2018-05-15,RUB_TJS,1,0.0050000000,True,6.8801300000,6.8947433333,6.9064600000,1,1,0.0000000000,-4.2012683092
2018-05-16,RUB_TJS,1,0.0050000000,True,6.8976400000,6.9153233333,6.9418700000,1,1,0.0000000000,12.8169470986
2018-05-17,RUB_TJS,1,0.0050000000,True,6.8853500000,6.9112266667,6.8853500000,0,0,81.4189836456,-44.3384869449
2018-05-18,RUB_TJS,1,0.0050000000,True,6.8853500000,6.9086200000,6.8986400000,1,1,0.0000000000,33.6825588902
2018-05-19,RUB_TJS,1,0.0050000000,True,6.8853500000,6.8942100000,6.8986400000,1,1,0.0000000000,-6.4256818403
2018-05-22,RUB_TJS,1,0.0050000000,True,6.8179900000,6.8936533333,6.8179900000,0,0,210.1278945713,-102.5242541932
2018-05-23,RUB_TJS,1,0.0050000000,True,6.8179900000,6.8791933333,6.8552600000,1,1,0.0000000000,88.9687647486
2018-05-24,RUB_TJS,1,0.0050000000,True,6.8179900000,6.8360800000,6.8349900000,0,1,29.5685356938,-28.0570151315
2018-05-25,RUB_TJS,1,0.0050000000,True,6.8349900000,6.8510233333,6.8628200000,1,1,0.0000000000,23.4028298449
2018-05-26,RUB_TJS,1,0.0050000000,True,6.8349900000,6.8535433333,6.8628200000,1,1,0.0000000000,-13.5355774604
2018-05-29,RUB_TJS,1,0.0050000000,True,6.8628200000,6.9208333333,6.9695100000,0,1,0.0000000000,-13.4906682721
2018-05-30,RUB_TJS,1,0.0050000000,True,6.9301700000,6.9533666667,6.9604200000,0,1,13.0425237929,-23.2165713491
2018-05-31,RUB_TJS,1,0.0050000000,True,6.8907500000,6.9402266667,6.8907500000,0,0,100.0945345252,-29.0960717902
2018-06-01,RUB_TJS,1,0.0050000000,True,6.8907500000,6.9206600000,6.9108100000,1,1,0.0000000000,43.2184213644
2018-06-02,RUB_TJS,1,0.0050000000,True,6.8907500000,6.9041233333,6.9108100000,1,1,0.0000000000,-9.6850336297
2018-06-05,RUB_TJS,1,0.0050000000,True,6.8684800000,6.8843300000,6.8737000000,1,1,0.0000000000,23.0233007424
2018-06-06,RUB_TJS,1,0.0050000000,True,6.8654900000,6.8692233333,6.8654900000,1,1,11.9440766981,-6.5169910038
2018-06-07,RUB_TJS,1,0.0050000000,True,6.8440300000,6.8610733333,6.8440300000,1,1,31.2577834940,-6.4372824077
2018-06-08,RUB_TJS,1,0.0050000000,True,6.8440300000,6.8827566667,6.9387500000,1,1,0.0000000000,56.2662150388
2018-06-09,RUB_TJS,1,0.0050000000,True,6.8440300000,6.8859500000,6.8750700000,0,0,91.7744550531,-76.6778730604
2018-06-10,RUB_TJS,1,0.0050000000,True,6.8750700000,6.8962966667,6.8750700000,1,1,0.0000000000,30.7798050065
2018-06-14,RUB_TJS,1,0.0050000000,True,6.8547200000,6.8968400000,6.8547200000,0,0,152.2972446855,-92.6366277890
2018-06-15,RUB_TJS,1,0.0050000000,True,6.8547200000,6.9047200000,6.8987100000,1,1,0.0000000000,72.4142325829
2018-06-16,RUB_TJS,1,0.0050000000,True,6.8547200000,6.8840466667,6.8987100000,0,1,0.0000000000,-21.3004560302
2018-06-19,RUB_TJS,1,0.0050000000,True,6.8987100000,6.9776666667,7.0493000000,0,1,0.0000000000,-10.4953900540
2018-06-20,RUB_TJS,1,0.0050000000,True,6.9849900000,7.0068966667,6.9864000000,0,0,89.2287177450,-60.5165672487
2018-06-21,RUB_TJS,1,0.0050000000,True,6.9864000000,7.0135833333,7.0050500000,1,1,0.0000000000,38.7581241163
2018-06-22,RUB_TJS,1,0.0050000000,True,6.9459700000,6.9791400000,6.9459700000,0,0,84.3391553237,-37.1249179698
2018-06-23,RUB_TJS,1,0.0050000000,True,6.9459700000,6.9656633333,6.9459700000,1,1,0.0000000000,28.2720142949
2018-06-26,RUB_TJS,1,0.0050000000,True,6.8715400000,6.9021466667,6.8715400000,1,1,25.2433977410,19.1486320198
2018-06-27,RUB_TJS,1,0.0050000000,True,6.8715400000,6.8891200000,6.9068900000,1,1,0.0000000000,25.5184987342
2018-06-28,RUB_TJS,1,0.0050000000,True,6.8715400000,6.8959766667,6.9095000000,0,1,0.0000000000,-15.8256529290
2018-06-29,RUB_TJS,1,0.0050000000,True,6.8399500000,6.8854466667,6.8399500000,0,0,100.6585136406,-34.9335845556
2018-06-30,RUB_TJS,1,0.0050000000,True,6.8399500000,6.8631333333,6.8399500000,1,1,0.0000000000,33.7795176159
2018-07-03,RUB_TJS,1,0.0050000000,True,6.8399500000,6.8775933333,6.9028900000,0,1,0.0000000000,-17.9520161607
2018-07-04,RUB_TJS,1,0.0050000000,True,6.8850400000,6.8926233333,6.8850400000,1,1,25.8587345300,-14.8951511930
2018-07-05,RUB_TJS,1,0.0050000000,True,6.8850400000,6.8915866667,6.8868300000,1,1,0.0000000000,9.4995056775
2018-07-06,RUB_TJS,1,0.0050000000,True,6.8720200000,6.8812966667,6.8720200000,1,1,21.5048142614,-8.0411201571
2018-07-07,RUB_TJS,1,0.0050000000,True,6.8720200000,6.8769566667,6.8720200000,1,1,0.0000000000,7.1785629981
2018-07-10,RUB_TJS,1,0.0050000000,True,6.7979800000,6.8368966667,6.7979800000,0,0,62.4352221779,-5.5483262630
2018-07-11,RUB_TJS,1,0.0050000000,True,6.7597000000,6.7994566667,6.7597000000,0,0,56.3108452805,2.1717421539
2018-07-12,RUB_TJS,1,0.0050000000,True,6.7597000000,6.7766066667,6.7721400000,1,1,0.0000000000,24.9485730813
2018-07-13,RUB_TJS,1,0.0050000000,True,6.7597000000,6.7711600000,6.7816400000,1,1,0.0000000000,-1.4473147880
2018-07-14,RUB_TJS,1,0.0050000000,True,6.7721400000,6.7784733333,6.7816400000,1,1,0.0000000000,-4.6716517289
2018-07-17,RUB_TJS,1,0.0050000000,True,6.6088700000,6.6728166667,6.6279400000,1,1,0.0000000000,95.8315953533
2018-07-18,RUB_TJS,1,0.0050000000,True,6.6088700000,6.6946266667,6.8470700000,1,1,0.0000000000,99.6122263228
2018-07-19,RUB_TJS,1,0.0050000000,True,6.6279400000,6.7306866667,6.7170500000,0,0,189.8914426171,-172.9145020369
2018-07-20,RUB_TJS,1,0.0050000000,True,6.7170500000,6.7691633333,6.7433700000,1,1,0.0000000000,76.9863730082
2018-07-21,RUB_TJS,1,0.0050000000,True,6.7170500000,6.7345966667,6.7433700000,1,1,0.0000000000,-13.0272587470
2018-07-24,RUB_TJS,1,0.0050000000,True,6.6797800000,6.7117966667,6.6797800000,1,1,48.3594150388,-0.6605285520
2018-07-25,RUB_TJS,1,0.0050000000,True,6.6797800000,6.6962633333,6.6967700000,1,1,0.0000000000,24.6157185176
2018-07-26,RUB_TJS,1,0.0050000000,True,6.6797800000,6.6862766667,6.6822800000,1,1,21.6372967864,-15.6938365797
2018-07-27,RUB_TJS,1,0.0050000000,True,6.6822800000,6.6891966667,6.6885400000,1,1,0.0000000000,10.3400557815
2018-07-28,RUB_TJS,1,0.0050000000,True,6.6822800000,6.6864533333,6.6885400000,1,1,0.0000000000,-3.1207376507
2018-07-31,RUB_TJS,1,0.0050000000,True,6.6223800000,6.6585066667,6.6223800000,0,0,63.3496383879,-9.1512010701
2018-08-01,RUB_TJS,1,0.0050000000,True,6.6223800000,6.6426866667,6.6410800000,1,1,0.0000000000,30.5699601466
2018-08-02,RUB_TJS,1,0.0050000000,True,6.6223800000,6.6550200000,6.7016000000,1,1,0.0000000000,20.9465936992
2018-08-03,RUB_TJS,1,0.0050000000,True,6.6410800000,6.6941500000,6.7397700000,0,1,0.0000000000,-11.1291202020
2018-08-04,RUB_TJS,1,0.0050000000,True,6.7016000000,6.7270466667,6.7397700000,0,1,0.0000000000,-18.9136986315
2018-08-07,RUB_TJS,1,0.0050000000,True,6.7397700000,6.7434233333,6.7490700000,1,1,0.0000000000,2.9559664799
2018-08-08,RUB_TJS,1,0.0050000000,True,6.7414300000,6.7471866667,6.7510600000,1,1,0.0000000000,-2.7912868376
2018-08-09,RUB_TJS,1,0.0050000000,True,6.7490700000,6.8456066667,7.0366900000,1,1,0.0000000000,138.1129113465
2018-08-10,RUB_TJS,1,0.0050000000,True,6.7510600000,6.9632333333,7.1019500000,0,1,0.0000000000,-105.4921803568
2018-08-11,RUB_TJS,1,0.0050000000,True,7.0366900000,7.0801966667,7.1019500000,0,1,0.0000000000,-30.7241936312
2018-08-14,RUB_TJS,1,0.0050000000,True,7.0863600000,7.1448533333,7.0863600000,0,0,220.6520614111,-141.9156726334
2018-08-15,RUB_TJS,1,0.0050000000,True,7.0456600000,7.1260900000,7.0456600000,0,0,57.4342821985,55.7528742971
2018-08-16,RUB_TJS,1,0.0050000000,True,7.0456600000,7.0764800000,7.0974200000,1,1,0.0000000000,43.5527267794
2018-08-17,RUB_TJS,1,0.0050000000,True,7.0456600000,7.0820600000,7.1031000000,0,1,0.0000000000,-21.6886047280
2018-08-18,RUB_TJS,1,0.0050000000,True,7.0974200000,7.1012066667,7.1031000000,1,1,0.0000000000,-2.6662135355
2018-08-21,RUB_TJS,1,0.0050000000,True,7.1031000000,7.1224933333,7.1288800000,1,1,9.2775558826,-18.2613953541
2018-08-22,RUB_TJS,1,0.0050000000,True,7.1288800000,7.1487133333,7.1817600000,1,1,0.0000000000,27.7439203512
2018-08-23,RUB_TJS,1,0.0050000000,True,7.1288800000,7.1937633333,7.2706500000,0,1,0.0000000000,16.6857495544
2018-08-24,RUB_TJS,1,0.0050000000,True,7.1817600000,7.2159000000,7.1952900000,0,0,103.6496049184,-75.8741113375
2018-08-25,RUB_TJS,1,0.0050000000,True,7.1952900000,7.2204100000,7.1952900000,1,1,0.0000000000,34.7902681427
2018-08-28,RUB_TJS,1,0.0050000000,True,7.1578400000,7.1705100000,7.1578400000,1,1,0.7822977202,16.8886174066
2018-08-29,RUB_TJS,1,0.0050000000,True,7.1578400000,7.1821633333,7.2302500000,1,1,0.0000000000,33.8663049063
2018-08-30,RUB_TJS,1,0.0050000000,True,7.1578400000,7.2052900000,7.2277800000,0,1,3.4162027592,-34.6412149962
2018-08-31,RUB_TJS,1,0.0050000000,True,7.2205200000,7.2261833333,7.2205200000,1,1,10.0445780032,-2.2095573735
2018-09-01,RUB_TJS,1,0.0050000000,True,7.2205200000,7.2229400000,7.2205200000,1,1,0.0000000000,3.3504362490
2018-09-04,RUB_TJS,1,0.0050000000,True,7.1953600000,7.2206166667,7.2459700000,1,1,0.0000000000,34.9785452304
2018-09-05,RUB_TJS,1,0.0050000000,True,7.1953600000,7.2376666667,7.2716700000,0,1,0.0000000000,-11.4723898126
2018-09-06,RUB_TJS,1,0.0050000000,True,7.2414300000,7.2530233333,7.2414300000,1,1,41.5860455714,-25.7088193567
2018-09-07,RUB_TJS,1,0.0050000000,True,7.2414300000,7.2790300000,7.3239900000,1,1,0.0000000000,51.6552342826
2018-09-08,RUB_TJS,1,0.0050000000,True,7.2414300000,7.2964700000,7.3239900000,0,1,0.0000000000,-37.7168685680
2018-09-11,RUB_TJS,1,0.0050000000,True,7.3239900000,7.3901400000,7.4322300000,0,1,0.0000000000,-32.5568933741
2018-09-12,RUB_TJS,1,0.0050000000,True,7.3817300000,7.4093866667,7.3817300000,0,0,67.9473051830,-30.8302621540
2018-09-13,RUB_TJS,1,0.0050000000,True,7.2843000000,7.3660866667,7.2843000000,0,0,131.9880299063,-21.2369661684
2018-09-14,RUB_TJS,1,0.0050000000,True,7.2467600000,7.3042633333,7.2467600000,0,0,51.5354941449,27.3310701193
2018-09-15,RUB_TJS,1,0.0050000000,True,7.2467600000,7.2592733333,7.2467600000,1,1,0.0000000000,17.2377216820
2018-09-18,RUB_TJS,1,0.0050000000,True,7.1885300000,7.2262000000,7.1885300000,0,0,75.6284074546,-23.6777282666
2018-09-19,RUB_TJS,1,0.0050000000,True,7.1097900000,7.1805433333,7.1097900000,0,0,109.5356074190,-11.1226494931
2018-09-20,RUB_TJS,1,0.0050000000,True,7.0527900000,7.1170366667,7.0527900000,0,0,80.1711442954,10.1821404133
2018-09-21,RUB_TJS,1,0.0050000000,True,7.0291500000,7.0639100000,7.0291500000,1,1,33.5186500661,15.7419899178
2018-09-22,RUB_TJS,1,0.0050000000,True,7.0291500000,7.0370300000,7.0291500000,1,1,0.0000000000,11.1979059347
2018-09-25,RUB_TJS,1,0.0050000000,True,6.9840200000,7.0109100000,6.9840200000,0,0,50.6299540142,-12.3379133379
2018-09-26,RUB_TJS,1,0.0050000000,True,6.9840200000,6.9960066667,6.9844400000,1,1,0.0000000000,17.1335838254
2018-09-27,RUB_TJS,1,0.0050000000,True,6.9840200000,6.9857900000,6.9889100000,1,1,0.0000000000,1.9324943922
2018-09-28,RUB_TJS,1,0.0050000000,True,6.9592100000,6.9775200000,6.9592100000,1,1,42.4958970712,-16.3238514544
2018-09-29,RUB_TJS,1,0.0050000000,True,6.9592100000,6.9691100000,6.9592100000,1,1,0.0000000000,14.2055441800
2018-10-02,RUB_TJS,1,0.0050000000,True,6.9201200000,6.9464000000,6.9201200000,0,0,57.1131357339,-19.3913393988
2018-10-03,RUB_TJS,1,0.0050000000,True,6.9201200000,6.9411866667,6.9435700000,1,1,0.0000000000,30.3502379036
2018-10-04,RUB_TJS,1,0.0050000000,True,6.9201200000,6.9634500000,7.0266600000,1,1,0.0000000000,28.5490669137
2018-10-05,RUB_TJS,1,0.0050000000,True,6.9435700000,7.0138866667,7.0714300000,0,1,0.0000000000,-18.2114909185
2018-10-06,RUB_TJS,1,0.0050000000,True,7.0266600000,7.0565066667,7.0714300000,0,1,0.0000000000,-21.1483302408
2018-10-09,RUB_TJS,1,0.0050000000,True,7.0454300000,7.0745933333,7.0454300000,0,0,86.5213059947,-45.6940281137
2018-10-10,RUB_TJS,1,0.0050000000,True,7.0235800000,7.0586433333,7.0235800000,1,1,31.0130112711,18.7193667527
2018-10-11,RUB_TJS,1,0.0050000000,True,7.0235800000,7.0543266667,7.0939700000,1,1,0.0000000000,43.5855441908
2018-10-12,RUB_TJS,1,0.0050000000,True,7.0037300000,7.0404266667,7.0037300000,0,0,127.2066276006,-76.0512620447
2018-10-13,RUB_TJS,1,0.0050000000,True,7.0037300000,7.0338100000,7.0037300000,1,1,0.0000000000,42.7648742289
2018-10-16,RUB_TJS,1,0.0050000000,True,6.9528400000,6.9800633333,6.9528400000,1,1,44.0745630490,-5.0954647498
2018-10-17,RUB_TJS,1,0.0050000000,True,6.9429500000,6.9598033333,6.9429500000,1,1,14.2244032654,10.0050719824
2018-10-18,RUB_TJS,1,0.0050000000,True,6.9429500000,6.9588466667,6.9807500000,1,1,0.0000000000,22.8438237371
2018-10-19,RUB_TJS,1,0.0050000000,True,6.9429500000,6.9688733333,6.9829200000,0,1,0.0000000000,-17.0424487555
2018-10-20,RUB_TJS,1,0.0050000000,True,6.9807500000,6.9821966667,6.9829200000,1,1,0.0000000000,-1.0359681457
2018-10-23,RUB_TJS,1,0.0050000000,True,6.9294400000,6.9472700000,6.9294500000,1,1,0.0000000000,25.6647575235
2018-10-24,RUB_TJS,1,0.0050000000,True,6.9294400000,6.9412766667,6.9649400000,1,1,0.0000000000,17.0381721326
2018-10-25,RUB_TJS,1,0.0050000000,True,6.9294500000,6.9592233333,6.9832800000,0,1,0.0000000000,-8.2145181910
2018-10-26,RUB_TJS,1,0.0050000000,True,6.9638700000,6.9706966667,6.9638700000,1,1,27.7949616799,-18.0517585760
2018-10-27,RUB_TJS,1,0.0050000000,True,6.9638700000,6.9703400000,6.9638700000,1,1,0.0000000000,9.2821870956
2018-10-30,RUB_TJS,1,0.0050000000,True,6.9638700000,6.9758633333,6.9809200000,1,1,2.6923297245,-9.9438110169
2018-10-31,RUB_TJS,1,0.0050000000,True,6.9598100000,6.9745100000,6.9598100000,1,1,30.2395672777,-9.1906098063
2018-11-01,RUB_TJS,1,0.0050000000,True,6.9598100000,6.9695966667,6.9680600000,1,1,0.0000000000,14.0419412123
2018-11-02,RUB_TJS,1,0.0050000000,True,6.9580800000,6.9619833333,6.9580800000,1,1,14.3224943528,-8.7283556649
2018-11-03,RUB_TJS,1,0.0050000000,True,6.9580800000,6.9614066667,6.9580800000,1,1,0.0000000000,4.7787276709
2018-11-07,RUB_TJS,1,0.0050000000,True,6.9580800000,6.9922900000,7.0161100000,0,1,0.0000000000,-14.8592235162
2018-11-08,RUB_TJS,1,0.0050000000,True,7.0026800000,7.0155400000,7.0278300000,1,1,0.0000000000,-0.8124820042
2018-11-09,RUB_TJS,1,0.0050000000,True,7.0161100000,7.0455333333,7.0926600000,1,1,0.0000000000,25.1270308375
2018-11-10,RUB_TJS,1,0.0050000000,True,7.0278300000,7.0710500000,7.0926600000,0,1,0.0000000000,-30.5612320660
2018-11-13,RUB_TJS,1,0.0050000000,True,7.0926600000,7.1456766667,7.1798900000,0,1,0.0000000000,-26.3142795434
2018-11-14,RUB_TJS,1,0.0050000000,True,7.1644800000,7.1876966667,7.2187200000,1,1,0.0000000000,10.8611520891
2018-11-15,RUB_TJS,1,0.0050000000,True,7.0683700000,7.1556600000,7.0683700000,0,0,208.2779218476,-88.1260428807
2018-11-16,RUB_TJS,1,0.0050000000,True,7.0034100000,7.0968333333,7.0034100000,0,0,91.9023763612,40.1070900167
2018-11-17,RUB_TJS,1,0.0050000000,True,7.0034100000,7.0250633333,7.0034100000,1,1,0.0000000000,30.8229724145
2018-11-20,RUB_TJS,1,0.0050000000,True,6.9588400000,6.9898266667,6.9588400000,0,0,69.0572451596,-24.8980899860
2018-11-21,RUB_TJS,1,0.0050000000,True,6.9588400000,6.9878033333,6.9973400000,1,1,0.0000000000,41.4484093952
2018-11-22,RUB_TJS,1,0.0050000000,True,6.9588400000,6.9724400000,6.9611400000,0,0,51.7339446132,-35.7120319429
2018-11-23,RUB_TJS,1,0.0050000000,True,6.9611400000,6.9764800000,6.9709600000,1,1,0.0000000000,21.9881659519
2018-11-24,RUB_TJS,1,0.0050000000,True,6.9611400000,6.9676866667,6.9709600000,1,1,0.0000000000,-4.6978767702
2018-11-27,RUB_TJS,1,0.0050000000,True,6.9709600000,7.0388666667,7.0891700000,0,1,0.0000000000,-25.0087608801
2018-11-28,RUB_TJS,1,0.0050000000,True,7.0564700000,7.0840600000,7.1065400000,1,1,0.0000000000,-7.2133776394
2018-11-29,RUB_TJS,1,0.0050000000,True,7.0693400000,7.0883500000,7.0693400000,0,0,52.3461487587,-25.6618253895
2018-11-30,RUB_TJS,1,0.0050000000,True,7.0630000000,7.0796266667,7.0630000000,1,1,8.9683053864,14.5299563819
2018-12-01,RUB_TJS,1,0.0050000000,True,7.0630000000,7.0651133333,7.0630000000,1,1,0.0000000000,2.9912235425
2018-12-04,RUB_TJS,1,0.0050000000,True,7.0367100000,7.0511666667,7.0537900000,1,1,0.0000000000,20.5025173139
2018-12-05,RUB_TJS,1,0.0050000000,True,7.0367100000,7.0614533333,7.0938600000,1,1,0.0000000000,10.8523457872
2018-12-06,RUB_TJS,1,0.0050000000,True,7.0537900000,7.0774433333,7.0846800000,0,1,12.9407684956,-23.1957585437
2018-12-07,RUB_TJS,1,0.0050000000,True,7.0846800000,7.0955433333,7.1080900000,1,1,0.0000000000,15.3100796134
2018-12-08,RUB_TJS,1,0.0050000000,True,7.0846800000,7.1002866667,7.1080900000,1,1,0.0000000000,-10.9901665942
2018-12-11,RUB_TJS,1,0.0050000000,True,7.0274700000,7.0663300000,7.0634300000,1,1,0.0000000000,54.9931859961
2018-12-12,RUB_TJS,1,0.0050000000,True,7.0274700000,7.0473733333,7.0512200000,0,1,17.2862193014,-22.7839024658
2018-12-13,RUB_TJS,1,0.0050000000,True,7.0297100000,7.0481200000,7.0297100000,1,1,30.5053593563,-4.3983360102
2018-12-14,RUB_TJS,1,0.0050000000,True,7.0297100000,7.0444466667,7.0524100000,1,1,0.0000000000,20.9195517604
2018-12-15,RUB_TJS,1,0.0050000000,True,7.0297100000,7.0448433333,7.0524100000,1,1,0.0000000000,-10.7407167323
2018-12-18,RUB_TJS,1,0.0050000000,True,7.0524100000,7.0688066667,7.0817400000,1,1,0.0000000000,-4.8994596919
2018-12-19,RUB_TJS,1,0.0050000000,True,7.0722700000,7.0915533333,7.1206500000,1,1,0.0000000000,13.8380589866
2018-12-20,RUB_TJS,1,0.0050000000,True,7.0817400000,7.1181000000,7.1519100000,0,1,0.0000000000,-3.5824166561
2018-12-21,RUB_TJS,1,0.0050000000,True,7.1206500000,7.1640500000,7.2195900000,1,1,0.0000000000,16.9457220427
2018-12-22,RUB_TJS,1,0.0050000000,True,7.1519100000,7.1970300000,7.2195900000,0,1,0.0000000000,-31.3462636671
2018-12-25,RUB_TJS,1,0.0050000000,True,7.2195900000,7.2571800000,7.2938800000,0,1,0.0000000000,-1.2263716761
2018-12-26,RUB_TJS,1,0.0050000000,True,7.2580700000,7.2874700000,7.3104600000,1,1,0.0000000000,-8.7959195715
2018-12-27,RUB_TJS,1,0.0050000000,True,7.2938800000,7.3037433333,7.3068900000,1,1,4.8834136292,-9.1961975663
2018-12-28,RUB_TJS,1,0.0050000000,True,7.3068900000,7.3298666667,7.3722500000,1,1,0.0000000000,31.3466365918
2018-12-29,RUB_TJS,1,0.0050000000,True,7.3068900000,7.3482900000,7.3657300000,0,1,8.8439757198,-32.6062253939
2018-12-30,RUB_TJS,1,0.0050000000,True,7.3657300000,7.3679033333,7.3657300000,1,1,0.0000000000,2.9497310632
2019-01-10,RUB_TJS,1,0.0050000000,True,7.0868100000,7.1873933333,7.0868100000,1,1,32.1113305315,108.1801561809
2019-01-11,RUB_TJS,1,0.0050000000,True,7.0868100000,7.0962800000,7.0923900000,1,1,0.0000000000,13.3450202078
2019-01-12,RUB_TJS,1,0.0050000000,True,7.0868100000,7.0905300000,7.0923900000,1,1,0.0000000000,-2.6232171643
2019-01-15,RUB_TJS,1,0.0050000000,True,7.0923900000,7.1092133333,7.1136800000,1,1,11.0790176885,-17.3812011080
2019-01-16,RUB_TJS,1,0.0050000000,True,7.0797100000,7.1049866667,7.0797100000,1,1,47.7530617065,-12.2355378570
2019-01-17,RUB_TJS,1,0.0050000000,True,7.0422700000,7.0785533333,7.0422700000,0,0,52.8835220652,-1.6340438677
2019-01-18,RUB_TJS,1,0.0050000000,True,7.0279200000,7.0499666667,7.0279200000,1,1,20.3769523179,10.9173093017
2019-01-19,RUB_TJS,1,0.0050000000,True,7.0279200000,7.0327033333,7.0279200000,1,1,0.0000000000,6.8015571063
2019-01-22,RUB_TJS,1,0.0050000000,True,7.0279200000,7.0382933333,7.0494800000,1,1,0.0000000000,1.1555831717
2019-01-23,RUB_TJS,1,0.0050000000,True,7.0263800000,7.0377800000,7.0263800000,1,1,32.7683744049,-16.6245605859
2019-01-24,RUB_TJS,1,0.0050000000,True,6.9914000000,7.0224200000,6.9914000000,0,1,49.7838147097,-5.6390816841
2019-01-25,RUB_TJS,1,0.0050000000,True,6.9901400000,7.0026400000,6.9901400000,1,1,1.8022141488,16.0510893035
2019-01-26,RUB_TJS,1,0.0050000000,True,6.9901400000,6.9905600000,6.9901400000,1,1,0.0000000000,0.6008102355
2019-01-29,RUB_TJS,1,0.0050000000,True,6.9878100000,7.0024933333,7.0295300000,1,1,0.0000000000,20.9687216173
2019-01-30,RUB_TJS,1,0.0050000000,True,6.9878100000,7.0089166667,7.0094100000,0,1,28.6221127159,-29.4101561107
2019-01-31,RUB_TJS,1,0.0050000000,True,6.9308300000,6.9899233333,6.9308300000,0,0,112.1064397717,-27.8782266091
2019-02-01,RUB_TJS,1,0.0050000000,True,6.9308300000,6.9677133333,6.9629000000,1,1,0.0000000000,52.9346308736
2019-02-02,RUB_TJS,1,0.0050000000,True,6.9308300000,6.9522100000,6.9629000000,1,1,0.0000000000,-15.3764054883
2019-02-05,RUB_TJS,1,0.0050000000,True,6.9488400000,6.9537666667,6.9495600000,1,1,0.0000000000,7.0848892447
2019-02-06,RUB_TJS,1,0.0050000000,True,6.9488400000,6.9540666667,6.9638000000,1,1,0.0000000000,6.4806204523
2019-02-07,RUB_TJS,1,0.0050000000,True,6.9495600000,6.9714700000,7.0010500000,1,1,0.0000000000,11.0019837997
2019-02-08,RUB_TJS,1,0.0050000000,True,6.9638000000,6.9889133333,7.0018900000,0,1,0.0000000000,-17.3655990392
2019-02-09,RUB_TJS,1,0.0050000000,True,7.0010500000,7.0016100000,7.0018900000,1,1,0.0000000000,-0.3999080212
2019-02-12,RUB_TJS,1,0.0050000000,True,6.9536000000,6.9734933333,6.9649900000,1,1,0.0000000000,28.5270701246
2019-02-13,RUB_TJS,1,0.0050000000,True,6.9536000000,6.9599066667,6.9611300000,1,1,5.5420036497,-7.3037377896
2019-02-14,RUB_TJS,1,0.0050000000,True,6.9611300000,6.9942100000,7.0565100000,1,1,0.0000000000,47.2962636238
2019-02-15,RUB_TJS,1,0.0050000000,True,6.9611300000,7.0285766667,7.0680900000,0,1,0.0000000000,-39.7425178071
2019-02-16,RUB_TJS,1,0.0050000000,True,7.0565100000,7.0642300000,7.0680900000,1,1,0.0000000000,-5.4641482511
2019-02-19,RUB_TJS,1,0.0050000000,True,7.0188800000,7.0357833333,7.0203800000,1,1,0.0000000000,24.0248065247
2019-02-20,RUB_TJS,1,0.0050000000,True,6.9760600000,7.0051066667,6.9760600000,0,0,63.1304858142,-21.8031417080
2019-02-21,RUB_TJS,1,0.0050000000,True,6.9464900000,6.9809766667,6.9464900000,1,1,42.3878234992,7.0429495777
2019-02-22,RUB_TJS,1,0.0050000000,True,6.9413100000,6.9546200000,6.9413100000,1,1,7.4570034651,11.6900707731
2019-02-23,RUB_TJS,1,0.0050000000,True,6.9413100000,6.9430366667,6.9413100000,1,1,0.0000000000,2.4869041452
2019-02-26,RUB_TJS,1,0.0050000000,True,6.9141200000,6.9367300000,6.9547600000,1,1,0.0000000000,32.5946086989
2019-02-27,RUB_TJS,1,0.0050000000,True,6.9141200000,6.9473500000,6.9731700000,0,1,0.0000000000,-10.6659373718
2019-02-28,RUB_TJS,1,0.0050000000,True,6.9547600000,6.9704833333,6.9835200000,1,1,0.0000000000,-3.8543477377
2019-03-01,RUB_TJS,1,0.0050000000,True,6.9730600000,6.9765833333,6.9730600000,1,1,14.9781199166,-9.9427847920
2019-03-02,RUB_TJS,1,0.0050000000,True,6.9730600000,6.9765466667,6.9730600000,1,1,0.0000000000,4.9976970459
2019-03-05,RUB_TJS,1,0.0050000000,True,6.9730600000,6.9760300000,6.9777700000,1,1,0.0000000000,-1.7631804909
2019-03-06,RUB_TJS,1,0.0050000000,True,6.9746000000,6.9765433333,6.9746000000,1,1,4.5429986944,-1.7582728409
2019-03-07,RUB_TJS,1,0.0050000000,True,6.9746000000,6.9806900000,6.9897000000,1,1,0.0000000000,8.7240659591
2019-03-08,RUB_TJS,1,0.0050000000,True,6.9746000000,6.9846666667,6.9897000000,1,1,0.0000000000,-7.2062613344
2019-03-12,RUB_TJS,1,0.0050000000,True,6.9742700000,6.9890966667,6.9742700000,1,1,41.4803264737,-20.3507463292
2019-03-13,RUB_TJS,1,0.0050000000,True,6.9553600000,6.9776500000,6.9553600000,1,1,27.1139488434,4.8440377491
2019-03-14,RUB_TJS,1,0.0050000000,True,6.9355400000,6.9550566667,6.9355400000,1,1,28.4960088335,-0.4361335182
2019-03-15,RUB_TJS,1,0.0050000000,True,6.9319300000,6.9409433333,6.9319300000,1,1,5.2050741543,7.7847247468
2019-03-16,RUB_TJS,1,0.0050000000,True,6.9319300000,6.9331333333,6.9319300000,1,1,0.0000000000,1.7356269892
2019-03-19,RUB_TJS,1,0.0050000000,True,6.8150100000,6.8670466667,6.8150100000,0,0,57.1766216335,18.7077025834
2019-03-20,RUB_TJS,1,0.0050000000,True,6.8096400000,6.8262833333,6.8096400000,1,1,7.8796656204,16.5145992085
2019-03-21,RUB_TJS,1,0.0050000000,True,6.7524700000,6.7923733333,6.7524700000,0,0,83.9545115454,-25.4206678863
2019-03-22,RUB_TJS,1,0.0050000000,True,6.7524700000,6.7725333333,6.7554900000,1,1,0.0000000000,29.6245619561
2019-03-23,RUB_TJS,1,0.0050000000,True,6.7524700000,6.7544833333,6.7554900000,1,1,0.0000000000,-1.4903681259
2019-03-26,RUB_TJS,1,0.0050000000,True,6.7554900000,6.7999966667,6.8047000000,0,0,51.3172899792,-58.5343424188
2019-03-27,RUB_TJS,1,0.0050000000,True,6.8047000000,6.8313933333,6.8496800000,1,1,0.0000000000,39.0745079823
2019-03-28,RUB_TJS,1,0.0050000000,True,6.8047000000,6.8402433333,6.8663500000,0,1,0.0000000000,-13.7958055098
2019-03-29,RUB_TJS,1,0.0050000000,True,6.8496800000,6.8584466667,6.8593100000,1,1,10.2529000124,-11.5235033783
2019-03-30,RUB_TJS,1,0.0050000000,True,6.8593100000,6.8616566667,6.8593100000,1,1,0.0000000000,3.4199709788
2019-04-02,RUB_TJS,1,0.0050000000,True,6.8593100000,6.9079966667,6.9359500000,0,1,0.0000000000,-30.0135253877
2019-04-03,RUB_TJS,1,0.0050000000,True,6.9047800000,6.9231533333,6.9047800000,1,1,44.9397703271,-18.4838700669
2019-04-04,RUB_TJS,1,0.0050000000,True,6.9047800000,6.9228066667,6.9276900000,1,1,0.0000000000,26.0395350248
2019-04-05,RUB_TJS,1,0.0050000000,True,6.9047800000,6.9216233333,6.9324000000,1,1,0.0000000000,-8.7648032470
2019-04-06,RUB_TJS,1,0.0050000000,True,6.9276900000,6.9308300000,6.9324000000,1,1,0.0000000000,-2.2652409596
2019-04-09,RUB_TJS,1,0.0050000000,True,6.8692000000,6.9105300000,6.8692000000,0,0,87.7201843004,-28.1599240579
2019-04-10,RUB_TJS,1,0.0050000000,True,6.8650400000,6.8880766667,6.8650400000,1,1,6.0560181681,27.4048440227
2019-04-11,RUB_TJS,1,0.0050000000,True,6.8291700000,6.8544700000,6.8291700000,0,0,52.2502418049,-15.4205941524
2019-04-12,RUB_TJS,1,0.0050000000,True,6.8291700000,6.8453000000,6.8416900000,1,1,0.0000000000,23.5636129899
2019-04-13,RUB_TJS,1,0.0050000000,True,6.8291700000,6.8375166667,6.8416900000,1,1,0.0000000000,-6.1035804910
2019-04-16,RUB_TJS,1,0.0050000000,True,6.8089200000,6.8212133333,6.8089200000,1,1,6.0325582010,11.9968881392
2019-04-17,RUB_TJS,1,0.0050000000,True,6.7735500000,6.7985000000,6.7735500000,0,0,51.9465642128,-15.3269103479
2019-04-18,RUB_TJS,1,0.0050000000,True,6.7735500000,6.7922066667,6.7941500000,1,1,0.0000000000,27.4677547110
2019-04-19,RUB_TJS,1,0.0050000000,True,6.7735500000,6.7811666667,6.7758000000,1,1,27.0085293966,-19.1461646226
2019-04-20,RUB_TJS,1,0.0050000000,True,6.7758000000,6.7819166667,6.7758000000,1,1,0.0000000000,9.0190826094
2019-04-23,RUB_TJS,1,0.0050000000,True,6.7576200000,6.7658600000,6.7576200000,1,1,9.6686063014,2.5126148043
2019-04-24,RUB_TJS,1,0.0050000000,True,6.7576200000,6.7688300000,6.7847100000,1,1,0.0000000000,16.5612077715
2019-04-25,RUB_TJS,1,0.0050000000,True,6.7576200000,6.8004100000,6.8589000000,1,1,0.0000000000,23.0868432933
2019-04-26,RUB_TJS,1,0.0050000000,True,6.7847100000,6.8322266667,6.8530700000,0,1,8.4999052326,-39.0404689930
2019-04-27,RUB_TJS,1,0.0050000000,True,6.8530700000,6.8550133333,6.8530700000,1,1,0.0000000000,2.8349081743
2019-04-30,RUB_TJS,1,0.0050000000,True,6.8530700000,6.8538766667,6.8538100000,1,1,1.3713118640,-1.2742180459
2019-05-01,RUB_TJS,1,0.0050000000,True,6.8538100000,6.8541233333,6.8538100000,1,1,0.0000000000,0.4571457473
2019-05-07,RUB_TJS,1,0.0050000000,True,6.8538100000,6.8969200000,6.9122000000,0,1,18.1233979566,-40.3513452382
2019-05-08,RUB_TJS,1,0.0050000000,True,6.9094500000,6.9154666667,6.9094500000,1,1,3.9784728451,4.7237111017
2019-05-09,RUB_TJS,1,0.0050000000,True,6.9094500000,6.9103666667,6.9094500000,1,1,0.0000000000,1.3265094472
2019-05-14,RUB_TJS,1,0.0050000000,True,6.9094500000,6.9209200000,6.9160600000,1,1,30.5452448737,-23.5951289713
2019-05-15,RUB_TJS,1,0.0050000000,True,6.8697300000,6.9076800000,6.8697300000,0,0,66.9890081925,-12.1314247331
2019-05-16,RUB_TJS,1,0.0050000000,True,6.8407700000,6.8755200000,6.8407700000,1,1,42.1559508161,8.4211812343
2019-05-17,RUB_TJS,1,0.0050000000,True,6.8407700000,6.8530000000,6.8485000000,1,1,0.0000000000,17.8461987451
2019-05-18,RUB_TJS,1,0.0050000000,True,6.8407700000,6.8459233333,6.8485000000,1,1,0.0000000000,-3.7637971406
2019-05-21,RUB_TJS,1,0.0050000000,True,6.8386900000,6.8436700000,6.8438200000,1,1,0.0000000000,7.2767973909
2019-05-22,RUB_TJS,1,0.0050000000,True,6.8273000000,6.8366033333,6.8273000000,1,1,24.1385658886,-10.5559242138
2019-05-23,RUB_TJS,1,0.0050000000,True,6.8273000000,6.8366900000,6.8389500000,1,1,0.0000000000,13.7347166538
2019-05-24,RUB_TJS,1,0.0050000000,True,6.8273000000,6.8380733333,6.8479700000,1,1,0.0000000000,-1.2820375330
2019-05-25,RUB_TJS,1,0.0050000000,True,6.8389500000,6.8449633333,6.8479700000,1,1,0.0000000000,-4.3925241382
2019-05-28,RUB_TJS,1,0.0050000000,True,6.8323900000,6.8426800000,6.8476800000,1,1,0.0000000000,15.0379675800
2019-05-29,RUB_TJS,1,0.0050000000,True,6.8323900000,6.8544166667,6.8831800000,1,1,0.0000000000,9.8282129527
2019-05-30,RUB_TJS,1,0.0050000000,True,6.8476800000,6.8778666667,6.9027400000,0,1,0.0000000000,-7.7252636476
2019-05-31,RUB_TJS,1,0.0050000000,True,6.8831800000,6.9052666667,6.9298800000,1,1,0.0000000000,3.6590428562
2019-06-01,RUB_TJS,1,0.0050000000,True,6.9027400000,6.9208333333,6.9298800000,1,1,0.0000000000,-13.0716435882
2019-06-04,RUB_TJS,1,0.0050000000,True,6.9045200000,6.9287066667,6.9045200000,0,0,67.8968658116,-33.2144719649
2019-06-05,RUB_TJS,1,0.0050000000,True,6.8990500000,6.9184300000,6.8990500000,1,1,7.9223465208,20.1057176267
2019-06-06,RUB_TJS,1,0.0050000000,True,6.8990500000,6.9045033333,6.9099400000,1,1,0.0000000000,7.8982268095
2019-06-07,RUB_TJS,1,0.0050000000,True,6.8970800000,6.9020233333,6.8970800000,1,1,18.6108707167,-11.4700665071
2019-06-08,RUB_TJS,1,0.0050000000,True,6.8970800000,6.9013666667,6.8970800000,1,1,0.0000000000,6.2113301230
2019-06-11,RUB_TJS,1,0.0050000000,True,6.8415500000,6.8669800000,6.8415500000,1,1,30.2522037040,6.8006605524
2019-06-12,RUB_TJS,1,0.0050000000,True,6.8415500000,6.8484700000,6.8415500000,1,1,0.0000000000,10.1044466866
2019-06-14,RUB_TJS,1,0.0050000000,True,6.8291000000,6.8414866667,6.8291000000,1,1,36.0529398977,-18.0126541697
2019-06-15,RUB_TJS,1,0.0050000000,True,6.8291000000,6.8373366667,6.8291000000,1,1,0.0000000000,12.0466009913
2019-06-18,RUB_TJS,1,0.0050000000,True,6.8170300000,6.8216366667,6.8187800000,1,1,0.0000000000,6.7530226129
2019-06-19,RUB_TJS,1,0.0050000000,True,6.7846700000,6.8068266667,6.7846700000,0,0,50.0236112618,-17.5608017050
2019-06-20,RUB_TJS,1,0.0050000000,True,6.7143000000,6.7725833333,6.7143000000,0,0,103.7191197214,-17.8464642985
2019-06-21,RUB_TJS,1,0.0050000000,True,6.6945400000,6.7311700000,6.6945400000,1,1,29.4297246176,25.0625077067
2019-06-22,RUB_TJS,1,0.0050000000,True,6.6945400000,6.7011266667,6.6945400000,1,1,0.0000000000,9.8291929019
2019-06-25,RUB_TJS,1,0.0050000000,True,6.6302100000,6.6653200000,6.6302100000,0,0,61.4581162937,-8.8367850306
2019-06-26,RUB_TJS,1,0.0050000000,True,6.6302100000,6.6527900000,6.6569500000,1,1,0.0000000000,33.9406474577
2019-06-27,RUB_TJS,1,0.0050000000,True,6.6302100000,6.6552966667,6.6787300000,1,1,0.0000000000,-2.4842368660
2019-06-28,RUB_TJS,1,0.0050000000,True,6.6569500000,6.6736533333,6.6852800000,1,1,0.0000000000,-7.6070278348
2019-06-29,RUB_TJS,1,0.0050000000,True,6.6787300000,6.6830966667,6.6852800000,1,1,0.0000000000,-3.2669486052
2019-07-02,RUB_TJS,1,0.0050000000,True,6.6782600000,6.6876800000,6.6995000000,1,1,0.0000000000,14.0856021819
2019-07-03,RUB_TJS,1,0.0050000000,True,6.6782600000,6.7011466667,6.7256800000,1,1,0.0000000000,2.4572908915
2019-07-04,RUB_TJS,1,0.0050000000,True,6.6995000000,6.7138766667,6.7164500000,1,1,13.7235194062,-17.5805036633
2019-07-05,RUB_TJS,1,0.0050000000,True,6.7164500000,6.7282933333,6.7427500000,1,1,0.0000000000,17.6022844822
2019-07-06,RUB_TJS,1,0.0050000000,True,6.7164500000,6.7339833333,6.7427500000,1,1,0.0000000000,-13.0185452394
2019-07-09,RUB_TJS,1,0.0050000000,True,6.7427500000,6.7592800000,6.7620400000,1,1,16.2556012432,-20.3719922832
2019-07-10,RUB_TJS,1,0.0050000000,True,6.7620400000,6.7668666667,6.7655100000,1,1,0.0000000000,7.1327941046
2019-07-11,RUB_TJS,1,0.0050000000,True,6.6766700000,6.7347400000,6.6766700000,0,0,131.3130865227,-45.6884749820
2019-07-12,RUB_TJS,1,0.0050000000,True,6.6766700000,6.7083833333,6.6829700000,1,1,0.0000000000,47.2741818073
2019-07-13,RUB_TJS,1,0.0050000000,True,6.6766700000,6.6808700000,6.6829700000,1,1,0.0000000000,-3.1433031925
2019-07-16,RUB_TJS,1,0.0050000000,True,6.6609700000,6.6688366667,6.6609700000,1,1,2.4014757068,9.3969412956
2019-07-17,RUB_TJS,1,0.0050000000,True,6.6609700000,6.6661733333,6.6749800000,1,1,0.0000000000,7.8055776127
2019-07-18,RUB_TJS,1,0.0050000000,True,6.6609700000,6.6661933333,6.6626300000,1,1,18.5019280957,-13.1809358464
2019-07-19,RUB_TJS,1,0.0050000000,True,6.6626300000,6.6680900000,6.6666600000,1,1,0.0000000000,8.1882518082
2019-07-20,RUB_TJS,1,0.0050000000,True,6.6626300000,6.6653166667,6.6666600000,1,1,0.0000000000,-2.0154081201
2019-07-23,RUB_TJS,1,0.0050000000,True,6.6666600000,6.6775433333,6.6875400000,1,1,0.0000000000,-1.3278336394
2019-07-24,RUB_TJS,1,0.0050000000,True,6.6784300000,6.6863666667,6.6931300000,1,1,0.0000000000,-1.7548145231
2019-07-25,RUB_TJS,1,0.0050000000,True,6.6875400000,6.6927166667,6.6974800000,1,1,0.0000000000,-0.6175867797
2019-07-26,RUB_TJS,1,0.0050000000,True,6.6859900000,6.6922000000,6.6859900000,1,1,17.1557063254,-7.8897821344
2019-07-27,RUB_TJS,1,0.0050000000,True,6.6859900000,6.6898200000,6.6859900000,1,1,0.0000000000,5.7251166698
2019-07-30,RUB_TJS,1,0.0050000000,True,6.6859900000,6.7131633333,6.7210100000,0,1,17.0516406263,-28.7892096572
2019-07-31,RUB_TJS,1,0.0050000000,True,6.7210100000,6.7249933333,6.7214800000,1,1,0.0000000000,5.9231781147
2019-08-01,RUB_TJS,1,0.0050000000,True,6.7210100000,6.7372466667,6.7692500000,1,1,0.0000000000,23.4022404800
2019-08-02,RUB_TJS,1,0.0050000000,True,6.7214800000,6.7795266667,6.8478500000,0,1,0.0000000000,15.1583837220
2019-08-03,RUB_TJS,1,0.0050000000,True,6.7692500000,6.8216500000,6.8478500000,0,1,0.0000000000,-38.4071302398
2019-08-06,RUB_TJS,1,0.0050000000,True,6.8478500000,6.8827666667,6.9089300000,0,1,0.0000000000,-12.7177540040
2019-08-07,RUB_TJS,1,0.0050000000,True,6.8915200000,6.8998566667,6.8991200000,1,1,14.1990148981,-13.1500316190
2019-08-08,RUB_TJS,1,0.0050000000,True,6.8991200000,6.9049066667,6.9066700000,1,1,0.0000000000,8.3805139534
2019-08-09,RUB_TJS,1,0.0050000000,True,6.8991200000,6.9056666667,6.9112100000,1,1,0.0000000000,-1.4529130666
2019-08-10,RUB_TJS,1,0.0050000000,True,6.9066700000,6.9096966667,6.9112100000,1,1,0.0000000000,-2.1901588541
2019-08-13,RUB_TJS,1,0.0050000000,True,6.9112100000,6.9327766667,6.9567000000,1,1,0.0000000000,3.3993113870
2019-08-14,RUB_TJS,1,0.0050000000,True,6.9144400000,6.9338533333,6.9144400000,0,0,60.7471933532,-32.9494518680
2019-08-15,RUB_TJS,1,0.0050000000,True,6.9144400000,6.9515966667,6.9836500000,1,1,0.0000000000,53.4505502093
2019-08-16,RUB_TJS,1,0.0050000000,True,6.9144400000,6.9655400000,6.9985300000,0,1,0.0000000000,-25.9994200019
2019-08-17,RUB_TJS,1,0.0050000000,True,6.9836500000,6.9935700000,6.9985300000,1,1,0.0000000000,-7.0922290046
2019-08-20,RUB_TJS,1,0.0050000000,True,6.8885000000,6.9834900000,6.8885000000,0,0,247.6696906890,-114.4843051254
2019-08-21,RUB_TJS,1,0.0050000000,True,6.8382900000,6.9300766667,6.8382900000,0,0,72.8895986064,59.9945262751
2019-08-22,RUB_TJS,1,0.0050000000,True,6.7718900000,6.8328933333,6.7718900000,0,0,97.1002984664,-7.8980695342
2019-08-23,RUB_TJS,1,0.0050000000,True,6.7668500000,6.7923433333,6.7668500000,1,1,7.4425308149,30.1123372739
2019-08-24,RUB_TJS,1,0.0050000000,True,6.7668500000,6.7685300000,6.7668500000,1,1,0.0000000000,2.4820751330
2019-08-27,RUB_TJS,1,0.0050000000,True,6.7668500000,6.8044400000,6.8380600000,0,1,0.0000000000,-5.8344257573
2019-08-28,RUB_TJS,1,0.0050000000,True,6.8084100000,6.8322233333,6.8502000000,1,1,0.0000000000,-8.5428511070
2019-08-29,RUB_TJS,1,0.0050000000,True,6.8380600000,6.8600200000,6.8918000000,1,1,0.0000000000,14.3148270705
2019-08-30,RUB_TJS,1,0.0050000000,True,6.8502000000,6.8690733333,6.8652200000,0,1,38.5675730578,-33.0854913957
2019-08-31,RUB_TJS,1,0.0050000000,True,6.8652200000,6.8740800000,6.8652200000,1,1,0.0000000000,12.8889975095
2019-09-03,RUB_TJS,1,0.0050000000,True,6.8652200000,6.8830100000,6.9047700000,1,1,0.0000000000,5.7678254136
2019-09-04,RUB_TJS,1,0.0050000000,True,6.8627700000,6.8821933333,6.8627700000,0,0,60.8275148919,-32.8044644682
2019-09-05,RUB_TJS,1,0.0050000000,True,6.8183500000,6.8619633333,6.8183500000,0,0,64.7260508512,-1.1755624848
2019-09-06,RUB_TJS,1,0.0050000000,True,6.8109500000,6.8306900000,6.8109500000,1,1,10.8530656244,18.0655248591
2019-09-07,RUB_TJS,1,0.0050000000,True,6.8109500000,6.8134166667,6.8109500000,1,1,0.0000000000,3.6203079708
2019-09-10,RUB_TJS,1,0.0050000000,True,6.7532800000,6.7768300000,6.7532800000,1,1,19.1834189050,15.5972630271
2019-09-11,RUB_TJS,1,0.0050000000,True,6.7525400000,6.7573600000,6.7525400000,1,1,1.0957638362,6.0378609398
2019-09-12,RUB_TJS,1,0.0050000000,True,6.7293800000,6.7450666667,6.7293800000,1,1,34.2982048237,-11.0797026963
2019-09-13,RUB_TJS,1,0.0050000000,True,6.6550800000,6.7123333333,6.6550800000,0,0,110.4113603333,-25.3960371456
2019-09-14,RUB_TJS,1,0.0050000000,True,6.6550800000,6.6798466667,6.6550800000,1,1,0.0000000000,37.0766993654
2019-09-17,RUB_TJS,1,0.0050000000,True,6.5886100000,6.6203200000,6.6172700000,1,1,0.0000000000,47.8979868043
2019-09-18,RUB_TJS,1,0.0050000000,True,6.5886100000,6.6183000000,6.6490200000,1,1,0.0000000000,1.5562908904
2019-09-19,RUB_TJS,1,0.0050000000,True,6.6172700000,6.6312433333,6.6274400000,1,1,32.4559107959,-26.8074413396
2019-09-20,RUB_TJS,1,0.0050000000,True,6.5891300000,6.6218633333,6.5891300000,0,0,57.8051253576,-8.4215973450
2019-09-21,RUB_TJS,1,0.0050000000,True,6.5891300000,6.6019000000,6.5891300000,1,1,0.0000000000,19.3429164331
2019-09-24,RUB_TJS,1,0.0050000000,True,6.5744100000,6.5875466667,6.5744100000,1,1,37.4141928445,-17.5381426773
2019-09-25,RUB_TJS,1,0.0050000000,True,6.5744100000,6.5991966667,6.6240800000,1,1,0.0000000000,37.5601272680
2019-09-26,RUB_TJS,1,0.0050000000,True,6.5744100000,6.6110133333,6.6345500000,0,1,0.0000000000,-19.7649982050
2019-09-27,RUB_TJS,1,0.0050000000,True,6.6240800000,6.6354233333,6.6476400000,1,1,0.0000000000,1.3161682224
2019-09-28,RUB_TJS,1,0.0050000000,True,6.6345500000,6.6432766667,6.6476400000,1,1,0.0000000000,-6.5680439823
2019-10-01,RUB_TJS,1,0.0050000000,True,6.6476400000,6.6777900000,6.7148600000,1,1,0.0000000000,10.3627098187
2019-10-02,RUB_TJS,1,0.0050000000,True,6.6708700000,6.7130233333,6.7533400000,0,1,0.0000000000,-2.7359753951
2019-10-03,RUB_TJS,1,0.0050000000,True,6.7148600000,6.7298966667,6.7214900000,0,1,47.1618488037,-34.8346111307
2019-10-04,RUB_TJS,1,0.0050000000,True,6.7091000000,6.7279766667,6.7091000000,1,1,18.4334128296,9.6413334767
2019-10-05,RUB_TJS,1,0.0050000000,True,6.7091000000,6.7132300000,6.7091000000,1,1,0.0000000000,6.1520311385
2019-10-08,RUB_TJS,1,0.0050000000,True,6.6886000000,6.6961633333,6.6907900000,1,1,0.0000000000,11.2950251612
2019-10-09,RUB_TJS,1,0.0050000000,True,6.6886000000,6.6991366667,6.7180200000,1,1,0.0000000000,12.4593168971
2019-10-10,RUB_TJS,1,0.0050000000,True,6.6812800000,6.6966966667,6.6812800000,0,0,54.6887326921,-31.8415696495
2019-10-11,RUB_TJS,1,0.0050000000,True,6.6278300000,6.6757100000,6.6278300000,0,0,79.9996407874,-8.3436817956
2019-10-12,RUB_TJS,1,0.0050000000,True,6.6278300000,6.6456466667,6.6278300000,1,1,0.0000000000,26.8095304495
2019-10-15,RUB_TJS,1,0.0050000000,True,6.6278300000,6.6336533333,6.6310400000,1,1,16.6363298299,-12.7179794342
2019-10-16,RUB_TJS,1,0.0050000000,True,6.6310400000,6.6378433333,6.6404000000,1,1,0.0000000000,10.2493129043
2019-10-17,RUB_TJS,1,0.0050000000,True,6.6062300000,6.6258900000,6.6062300000,0,0,51.4577435094,-21.8989448965
2019-10-18,RUB_TJS,1,0.0050000000,True,6.6000200000,6.6155500000,6.6000200000,1,1,9.4002176733,14.0880198925
2019-10-19,RUB_TJS,1,0.0050000000,True,6.6000200000,6.6020900000,6.6000200000,1,1,0.0000000000,3.1353707690
2019-10-22,RUB_TJS,1,0.0050000000,True,6.5669300000,6.5823300000,6.5669300000,1,1,19.9238910402,3.4790112316
2019-10-23,RUB_TJS,1,0.0050000000,True,6.5669300000,6.5770166667,6.5840800000,1,1,0.0000000000,15.3362340068
2019-10-24,RUB_TJS,1,0.0050000000,True,6.5669300000,6.5793500000,6.5870400000,1,1,0.0000000000,-7.1891600234
2019-10-25,RUB_TJS,1,0.0050000000,True,6.5840800000,6.5918400000,6.6044000000,1,1,0.0000000000,7.2817301391
2019-10-26,RUB_TJS,1,0.0050000000,True,6.5870400000,6.5986133333,6.6044000000,1,1,0.0000000000,-8.7695192525
2019-10-29,RUB_TJS,1,0.0050000000,True,6.5829900000,6.5929066667,6.5829900000,1,1,12.6529850576,2.3914591035
2019-10-30,RUB_TJS,1,0.0050000000,True,6.5829900000,6.5875333333,6.5882800000,1,1,0.0000000000,6.8968657970
2019-10-31,RUB_TJS,1,0.0050000000,True,6.5781100000,6.5831266667,6.5781100000,1,1,15.4365023952,-7.8280938440
2019-11-01,RUB_TJS,1,0.0050000000,True,6.5781100000,6.5914666667,6.6080100000,1,1,0.0000000000,20.2635731046
2019-11-02,RUB_TJS,1,0.0050000000,True,6.5781100000,6.5980433333,6.6080100000,1,1,0.0000000000,-15.1054883443
2019-11-06,RUB_TJS,1,0.0050000000,True,6.5271400000,6.5643500000,6.5579000000,1,1,0.0000000000,56.6849726172
2019-11-07,RUB_TJS,1,0.0050000000,True,6.5271400000,6.5528366667,6.5734700000,1,1,0.0000000000,-7.7269335265
2019-11-08,RUB_TJS,1,0.0050000000,True,6.5579000000,6.5694000000,6.5768300000,1,1,0.0000000000,-6.1953907511
2019-11-09,RUB_TJS,1,0.0050000000,True,6.5734700000,6.5757100000,6.5768300000,1,1,0.0000000000,-1.7032381294
2019-11-12,RUB_TJS,1,0.0050000000,True,6.5768300000,6.5860033333,6.5855000000,1,1,15.4343449045,-14.6927752339
2019-11-13,RUB_TJS,1,0.0050000000,True,6.5855000000,6.6010800000,6.6220600000,1,1,0.0000000000,23.6021984281
2019-11-14,RUB_TJS,1,0.0050000000,True,6.5855000000,6.6094166667,6.6206900000,0,1,2.0688426260,-19.1292726287
2019-11-15,RUB_TJS,1,0.0050000000,True,6.5878300000,6.6101933333,6.5878300000,1,1,49.6322890817,-15.8795153747
2019-11-16,RUB_TJS,1,0.0050000000,True,6.5878300000,6.5987833333,6.5878300000,1,1,0.0000000000,16.5990195162
2019-11-19,RUB_TJS,1,0.0050000000,True,6.5762600000,6.5868633333,6.5965000000,1,1,0.0000000000,16.0976974878
2019-11-20,RUB_TJS,1,0.0050000000,True,6.5762600000,6.5918033333,6.6026500000,1,1,0.0000000000,-7.1250103032
2019-11-21,RUB_TJS,1,0.0050000000,True,6.5840600000,6.5944033333,6.5840600000,1,1,28.1553618623,-12.5055539521
2019-11-22,RUB_TJS,1,0.0050000000,True,6.5714400000,6.5860500000,6.5714400000,1,1,19.1675045489,3.0215379476
2019-11-23,RUB_TJS,1,0.0050000000,True,6.5714400000,6.5756466667,6.5714400000,1,1,0.0000000000,6.3973429229
2019-11-26,RUB_TJS,1,0.0050000000,True,6.5714400000,6.5857000000,6.6035300000,1,1,0.0000000000,5.4208360539
2019-11-27,RUB_TJS,1,0.0050000000,True,6.5821300000,6.5950500000,6.5994900000,1,1,6.1179399503,-12.8581284448
2019-11-28,RUB_TJS,1,0.0050000000,True,6.5994900000,6.6050900000,6.6122500000,1,1,0.0000000000,8.4783099095
2019-11-29,RUB_TJS,1,0.0050000000,True,6.5994900000,6.6083066667,6.6131800000,1,1,0.0000000000,-5.9672371944
2019-11-30,RUB_TJS,1,0.0050000000,True,6.6122500000,6.6128700000,6.6131800000,1,1,0.0000000000,-0.4687828432
2019-12-03,RUB_TJS,1,0.0050000000,True,6.6131800000,6.6251300000,6.6151800000,0,1,47.9161369815,-33.0559551284
2019-12-04,RUB_TJS,1,0.0050000000,True,6.6151800000,6.6280166667,6.6218400000,1,1,0.0000000000,19.3672818163
2019-12-05,RUB_TJS,1,0.0050000000,True,6.5821000000,6.6063733333,6.5821000000,0,0,60.0135309823,-23.4117357380
2019-12-06,RUB_TJS,1,0.0050000000,True,6.5821000000,6.5954766667,6.5824900000,1,1,0.0000000000,20.2815768181
2019-12-07,RUB_TJS,1,0.0050000000,True,6.5821000000,6.5823600000,6.5824900000,1,1,0.0000000000,-0.1974975541
2019-12-10,RUB_TJS,1,0.0050000000,True,6.5660200000,6.5769766667,6.5660200000,1,1,24.9148489461,-8.2763458185
2019-12-11,RUB_TJS,1,0.0050000000,True,6.5571800000,6.5685400000,6.5571800000,1,1,13.4632547571,3.8364689870
2019-12-12,RUB_TJS,1,0.0050000000,True,6.5214700000,6.5482233333,6.5214700000,0,0,54.4593865046,-13.6780103713
2019-12-13,RUB_TJS,1,0.0050000000,True,6.4615600000,6.5134033333,6.4615600000,0,0,91.8657909950,-12.3847184856
2019-12-14,RUB_TJS,1,0.0050000000,True,6.4615600000,6.4815300000,6.4615600000,1,1,0.0000000000,30.8106265033
2019-12-17,RUB_TJS,1,0.0050000000,True,6.4593100000,6.4681866667,6.4593100000,1,1,37.6020445148,-23.9685929493
2019-12-18,RUB_TJS,1,0.0050000000,True,6.4593100000,6.4691766667,6.4645300000,1,1,0.0000000000,15.2518120544
2019-12-19,RUB_TJS,1,0.0050000000,True,6.4593100000,6.4611266667,6.4595400000,1,1,7.7190453134,-5.2673991842
2019-12-20,RUB_TJS,1,0.0050000000,True,6.4463500000,6.4568066667,6.4463500000,1,1,20.4194106701,-4.2332587523
2019-12-21,RUB_TJS,1,0.0050000000,True,6.4463500000,6.4507466667,6.4463500000,1,1,0.0000000000,6.8157484612
2019-12-24,RUB_TJS,1,0.0050000000,True,6.4131000000,6.4274433333,6.4131000000,1,1,15.2268141395,7.0997643957
2019-12-25,RUB_TJS,1,0.0050000000,True,6.3659300000,6.4006366667,6.3659300000,0,0,73.5525720790,-19.4720212729
2019-12-26,RUB_TJS,1,0.0050000000,True,6.3659300000,6.3833700000,6.3710800000,1,1,0.0000000000,27.3209918899
2019-12-27,RUB_TJS,1,0.0050000000,True,6.3659300000,6.3783266667,6.3979700000,1,1,0.0000000000,11.3613915457
2019-12-28,RUB_TJS,1,0.0050000000,True,6.3710800000,6.3890066667,6.3979700000,1,1,0.0000000000,-14.0293065902
2019-12-31,RUB_TJS,1,0.0050000000,True,6.3886200000,6.3921300000,6.3898000000,1,1,0.0000000000,5.4911273707
2020-01-01,RUB_TJS,1,0.0050000000,True,6.3886200000,6.3894066667,6.3898000000,1,1,0.0000000000,-0.6156022834
2020-01-10,RUB_TJS,1,0.0050000000,True,6.3169700000,6.3420233333,6.3169700000,1,1,3.6871172440,35.8297851317
2020-01-11,RUB_TJS,1,0.0050000000,True,6.3169700000,6.3177466667,6.3169700000,1,1,0.0000000000,1.2293412630
2020-01-14,RUB_TJS,1,0.0050000000,True,6.2844700000,6.3117533333,6.3338200000,1,1,0.0000000000,43.2262350768
2020-01-15,RUB_TJS,1,0.0050000000,True,6.2844700000,6.3193666667,6.3398100000,0,1,0.0000000000,-22.8714902865
2020-01-16,RUB_TJS,1,0.0050000000,True,6.3338200000,6.3414200000,6.3506300000,1,1,0.0000000000,2.5388635353
2020-01-17,RUB_TJS,1,0.0050000000,True,6.3398100000,6.3457833333,6.3469100000,1,1,5.8576865602,-7.6376176306
2020-01-18,RUB_TJS,1,0.0050000000,True,6.3469100000,6.3481500000,6.3469100000,1,1,0.0000000000,1.9533249844
2020-01-21,RUB_TJS,1,0.0050000000,True,6.3406900000,6.3559500000,6.3802500000,1,1,0.0000000000,24.0089994415
2020-01-22,RUB_TJS,1,0.0050000000,True,6.3406900000,6.3663000000,6.3779600000,0,1,3.5892010501,-21.9122567268
2020-01-23,RUB_TJS,1,0.0050000000,True,6.3779600000,6.3838500000,6.3933400000,1,1,0.0000000000,9.2264072621
2020-01-24,RUB_TJS,1,0.0050000000,True,6.3779600000,6.3831100000,6.3780300000,1,1,23.9467946332,-16.0266703848
2020-01-25,RUB_TJS,1,0.0050000000,True,6.3780300000,6.3831333333,6.3780300000,1,1,0.0000000000,7.9950285649
2020-01-28,RUB_TJS,1,0.0050000000,True,6.3780300000,6.4290833333,6.4793100000,0,1,0.0000000000,-1.2858235363
2020-01-29,RUB_TJS,1,0.0050000000,True,6.4299100000,6.4483266667,6.4357600000,0,0,67.2139471641,-48.0486410428
2020-01-30,RUB_TJS,1,0.0050000000,True,6.4357600000,6.4723233333,6.5019000000,1,1,0.0000000000,56.4918213295
2020-01-31,RUB_TJS,1,0.0050000000,True,6.4357600000,6.4833800000,6.5124800000,0,1,0.0000000000,-28.5653470875
2020-02-01,RUB_TJS,1,0.0050000000,True,6.5019000000,6.5089533333,6.5124800000,1,1,0.0000000000,-5.4181778330
2020-02-04,RUB_TJS,1,0.0050000000,True,6.5124800000,6.5491400000,6.5429800000,0,0,74.3026353315,-65.3826303912
2020-02-05,RUB_TJS,1,0.0050000000,True,6.5142800000,6.5497400000,6.5142800000,1,1,43.8638051775,10.3210203764
2020-02-06,RUB_TJS,1,0.0050000000,True,6.4774000000,6.5115533333,6.4774000000,0,0,56.6140847492,-4.1874289084
2020-02-07,RUB_TJS,1,0.0050000000,True,6.4774000000,6.5128766667,6.5469500000,1,1,0.0000000000,54.4715775876
2020-02-08,RUB_TJS,1,0.0050000000,True,6.4774000000,6.5237666667,6.5469500000,0,1,0.0000000000,-35.5367298033
2020-02-11,RUB_TJS,1,0.0050000000,True,6.5469500000,6.5742766667,6.5967600000,1,1,0.0000000000,-7.3670969126
2020-02-12,RUB_TJS,1,0.0050000000,True,6.5033800000,6.5597533333,6.5033800000,0,0,141.5543387966,-56.4147229113
2020-02-13,RUB_TJS,1,0.0050000000,True,6.5033800000,6.5534633333,6.5602500000,1,1,0.0000000000,76.4226955823
2020-02-14,RUB_TJS,1,0.0050000000,True,6.5033800000,6.5358433333,6.5439000000,0,1,24.9228306848,-37.3427963645
2020-02-15,RUB_TJS,1,0.0050000000,True,6.5439000000,6.5493500000,6.5439000000,1,1,0.0000000000,8.3214364784
2020-02-18,RUB_TJS,1,0.0050000000,True,6.5289400000,6.5495800000,6.5759000000,1,1,0.0000000000,31.5134710928
2020-02-19,RUB_TJS,1,0.0050000000,True,6.5289400000,6.5571866667,6.5667200000,0,1,13.9600663027,-28.5386619058
2020-02-20,RUB_TJS,1,0.0050000000,True,6.5667200000,6.5721533333,6.5738400000,1,1,0.0000000000,8.2672041533
2020-02-21,RUB_TJS,1,0.0050000000,True,6.5667200000,6.5915000000,6.6339400000,1,1,0.0000000000,26.7920807100
2020-02-22,RUB_TJS,1,0.0050000000,True,6.5738400000,6.6139066667,6.6339400000,0,1,0.0000000000,-30.2897127870
2020-02-26,RUB_TJS,1,0.0050000000,True,6.6339400000,6.6967966667,6.7566300000,0,1,0.0000000000,-4.5145962821
2020-02-27,RUB_TJS,1,0.0050000000,True,6.6998200000,6.7443033333,6.7764600000,0,1,0.0000000000,-18.2771534100
2020-02-28,RUB_TJS,1,0.0050000000,True,6.7566300000,6.8174033333,6.9191200000,1,1,0.0000000000,60.0570794061
2020-02-29,RUB_TJS,1,0.0050000000,True,6.7764600000,6.8715666667,6.9191200000,0,1,0.0000000000,-69.2030444295
2020-03-03,RUB_TJS,1,0.0050000000,True,6.8520000000,6.8781433333,6.8633100000,1,1,0.0000000000,38.0092883593
2020-03-04,RUB_TJS,1,0.0050000000,True,6.8157200000,6.8436766667,6.8157200000,0,0,69.3397209218,-28.6882830525
2020-03-05,RUB_TJS,1,0.0050000000,True,6.8157200000,6.8385533333,6.8366300000,1,1,0.0000000000,33.3891281099
2020-03-06,RUB_TJS,1,0.0050000000,True,6.8157200000,6.8755266667,6.9742300000,1,1,0.0000000000,56.5726358902
2020-03-07,RUB_TJS,1,0.0050000000,True,6.8366300000,6.9283633333,6.9742300000,0,1,0.0000000000,-66.2013010288
2020-03-11,RUB_TJS,1,0.0050000000,True,6.9742300000,7.2631433333,7.3827100000,0,0,66.9762085115,-233.1589215505
2020-03-12,RUB_TJS,1,0.0050000000,True,7.3827100000,7.4820333333,7.6309000000,1,1,0.0000000000,132.7491190006
2020-03-13,RUB_TJS,1,0.0050000000,True,7.3827100000,7.5208933333,7.5490700000,0,0,107.2350574637,-146.2680851743
2020-03-14,RUB_TJS,1,0.0050000000,True,7.5490700000,7.5763466667,7.5490700000,1,1,0.0000000000,36.0024004533
2020-03-17,RUB_TJS,1,0.0050000000,True,7.5490700000,7.5906600000,7.5928300000,0,1,48.8199337360,-51.9322430461
2020-03-18,RUB_TJS,1,0.0050000000,True,7.5928300000,7.7177266667,7.9302700000,1,1,0.0000000000,161.8309018459
2020-03-19,RUB_TJS,1,0.0050000000,True,7.5928300000,7.9171666667,8.2284000000,0,1,0.0000000000,-16.5505336505
2020-03-20,RUB_TJS,1,0.0050000000,True,7.9302700000,8.0553633333,8.0074200000,0,0,268.5576782850,-214.8092637245
2020-03-21,RUB_TJS,1,0.0050000000,True,8.0074200000,8.0810800000,8.0074200000,1,1,0.0000000000,91.1511827627
2020-03-24,RUB_TJS,1,0.0050000000,True,7.7303200000,8.0106666667,7.7303200000,0,0,679.9159900944,-354.0196404794
2020-03-25,RUB_TJS,1,0.0050000000,True,7.6304900000,7.8850233333,7.6304900000,0,0,129.1408376367,196.1989543891
2020-03-26,RUB_TJS,1,0.0050000000,True,7.6304900000,7.6916333333,7.7140900000,1,1,0.0000000000,79.4933022462
2020-03-27,RUB_TJS,1,0.0050000000,True,7.6245700000,7.6563833333,7.6245700000,0,0,116.0473886097,-75.3706602116
2020-03-28,RUB_TJS,1,0.0050000000,True,7.6245700000,7.6544100000,7.6245700000,1,1,0.0000000000,38.9840627821
2020-04-07,RUB_TJS,1,0.0050000000,True,7.3903000000,7.4994833333,7.3903000000,0,0,124.6462254696,21.2059052957
2020-04-08,RUB_TJS,1,0.0050000000,True,7.3903000000,7.4261866667,7.4046800000,1,1,0.0000000000,48.3244877586
2020-04-09,RUB_TJS,1,0.0050000000,True,7.2892000000,7.3613933333,7.2892000000,0,0,155.9554227867,-58.8022738449
2020-04-10,RUB_TJS,1,0.0050000000,True,7.2093400000,7.3010733333,7.2093400000,0,0,109.5593480766,16.2624490828
2020-04-11,RUB_TJS,1,0.0050000000,True,7.2093400000,7.2359600000,7.2093400000,1,1,0.0000000000,36.7884841818
2020-04-14,RUB_TJS,1,0.0050000000,True,7.1631700000,7.1853800000,7.1631700000,1,1,28.4814223450,2.4355009756
2020-04-15,RUB_TJS,1,0.0050000000,True,7.1631700000,7.1806566667,7.1951700000,1,1,0.0000000000,24.3524617294
2020-04-16,RUB_TJS,1,0.0050000000,True,7.1631700000,7.2163600000,7.2907400000,1,1,0.0000000000,29.3638343985
2020-04-17,RUB_TJS,1,0.0050000000,True,7.1951700000,7.2344966667,7.2175800000,0,0,100.3464668881,-77.7432569601
2020-04-18,RUB_TJS,1,0.0050000000,True,7.2175800000,7.2419666667,7.2175800000,1,1,0.0000000000,33.6740940536
2020-04-21,RUB_TJS,1,0.0050000000,True,7.2175800000,7.3156766667,7.4414400000,0,1,0.0000000000,37.8183289493
2020-04-22,RUB_TJS,1,0.0050000000,True,7.2880100000,7.4164566667,7.5199200000,0,1,0.0000000000,-33.6863470741
2020-04-23,RUB_TJS,1,0.0050000000,True,7.3314500000,7.4309366667,7.3314500000,0,0,250.6276662518,-119.7471292314
2020-04-24,RUB_TJS,1,0.0050000000,True,7.2929500000,7.3814400000,7.2929500000,0,0,52.5134864181,67.7239129492
2020-04-25,RUB_TJS,1,0.0050000000,True,7.2929500000,7.3057833333,7.2929500000,1,1,0.0000000000,17.5659922390
2020-04-28,RUB_TJS,1,0.0050000000,True,7.2714500000,7.2822300000,7.2822900000,1,1,0.0000000000,14.8031578239
2020-04-29,RUB_TJS,1,0.0050000000,True,7.1927200000,7.2488200000,7.1927200000,0,0,122.9970242877,-46.1730323004
2020-04-30,RUB_TJS,1,0.0050000000,True,7.0969800000,7.1906633333,7.0969800000,0,0,133.1068079948,-2.8601904599
2020-05-01,RUB_TJS,1,0.0050000000,True,7.0969800000,7.1288933333,7.0969800000,1,1,0.0000000000,44.7661815672
2020-05-07,RUB_TJS,1,0.0050000000,True,7.0969800000,7.1821433333,7.2309200000,0,1,0.0000000000,-50.6626851873
2020-05-08,RUB_TJS,1,0.0050000000,True,7.1965400000,7.2153300000,7.1965400000,1,1,47.5458171298,-21.6067733562
2020-05-09,RUB_TJS,1,0.0050000000,True,7.1965400000,7.2080000000,7.1965400000,1,1,0.0000000000,15.8990011099
2020-05-13,RUB_TJS,1,0.0050000000,True,7.1536900000,7.1722400000,7.1664900000,1,1,0.0000000000,25.8636074643
2020-05-14,RUB_TJS,1,0.0050000000,True,7.1536900000,7.1752700000,7.2056300000,1,1,0.0000000000,12.2364733313
2020-05-15,RUB_TJS,1,0.0050000000,True,7.1315700000,7.1678966667,7.1315700000,0,0,102.7807422807,-52.6421279325
2020-05-16,RUB_TJS,1,0.0050000000,True,7.1315700000,7.1562566667,7.1315700000,1,1,0.0000000000,34.4966199740
2020-05-19,RUB_TJS,1,0.0050000000,True,7.0643400000,7.1029833333,7.0643400000,0,0,68.4658036508,-14.1583700745
2020-05-20,RUB_TJS,1,0.0050000000,True,7.0505000000,7.0759600000,7.0505000000,1,1,19.5913560219,16.4218000102
2020-05-21,RUB_TJS,1,0.0050000000,True,6.9211000000,7.0119800000,6.9211000000,0,0,183.5330827601,-54.9345548618
2020-05-22,RUB_TJS,1,0.0050000000,True,6.9211000000,6.9953433333,7.0144300000,1,1,0.0000000000,106.1325081495
2020-05-23,RUB_TJS,1,0.0050000000,True,6.9211000000,6.9833200000,7.0144300000,0,1,0.0000000000,-44.5490110721
2020-05-26,RUB_TJS,1,0.0050000000,True,6.9422600000,6.9760266667,6.9422600000,1,1,41.7850672534,6.6465724519
2020-05-27,RUB_TJS,1,0.0050000000,True,6.9347200000,6.9494566667,6.9347200000,1,1,10.8610164413,10.3557256515
2020-05-28,RUB_TJS,1,0.0050000000,True,6.9299400000,6.9356400000,6.9299400000,1,1,6.8928521988,1.3264817666
2020-05-29,RUB_TJS,1,0.0050000000,True,6.9043200000,6.9229933333,6.9043200000,1,1,36.9700170564,-10.0341952277
2020-05-30,RUB_TJS,1,0.0050000000,True,6.9043200000,6.9128600000,6.9043200000,1,1,0.0000000000,12.3537869999
2020-06-02,RUB_TJS,1,0.0050000000,True,6.7153200000,6.8074700000,6.7153200000,0,0,128.5505757214,6.9041802608
2020-06-03,RUB_TJS,1,0.0050000000,True,6.6528400000,6.7236433333,6.6528400000,0,0,93.0409868778,12.3792011573
2020-06-04,RUB_TJS,1,0.0050000000,True,6.6528400000,6.6955300000,6.7184300000,1,1,0.0000000000,63.7589556017
2020-06-05,RUB_TJS,1,0.0050000000,True,6.6528400000,6.6808866667,6.6713900000,0,0,70.0163579884,-56.1951357754
2020-06-06,RUB_TJS,1,0.0050000000,True,6.6713900000,6.6870700000,6.6713900000,1,1,0.0000000000,23.4482366717
2020-06-09,RUB_TJS,1,0.0050000000,True,6.6451700000,6.6640300000,6.6755300000,1,1,0.0000000000,28.3011931219
2020-06-10,RUB_TJS,1,0.0050000000,True,6.6451700000,6.6619700000,6.6652100000,1,1,15.4594466657,-20.3543396323
2020-06-11,RUB_TJS,1,0.0050000000,True,6.6652100000,6.6865866667,6.7190200000,1,1,0.0000000000,31.9694752081
2020-06-12,RUB_TJS,1,0.0050000000,True,6.6652100000,6.7010833333,6.7190200000,0,1,0.0000000000,-26.7668163108
2020-06-16,RUB_TJS,1,0.0050000000,True,6.7190200000,6.7768533333,6.7704300000,0,0,103.3165670483,-94.8178505658
2020-06-17,RUB_TJS,1,0.0050000000,True,6.7409400000,6.7841600000,6.7409400000,1,1,43.5570561988,20.2383198509
2020-06-18,RUB_TJS,1,0.0050000000,True,6.7409400000,6.7551600000,6.7541100000,1,1,0.0000000000,21.0505746718
2020-06-19,RUB_TJS,1,0.0050000000,True,6.7409400000,6.7482500000,6.7497000000,1,1,6.5293576800,-8.6837328196
2020-06-20,RUB_TJS,1,0.0050000000,True,6.7497000000,6.7511700000,6.7497000000,1,1,0.0000000000,2.1774003617
2020-06-23,RUB_TJS,1,0.0050000000,True,6.6767800000,6.7230600000,6.6767800000,0,0,97.7649902858,-29.2128881789
2020-06-24,RUB_TJS,1,0.0050000000,True,6.6767800000,6.6992933333,6.6784000000,1,1,0.0000000000,33.6055345141
2020-06-25,RUB_TJS,1,0.0050000000,True,6.6767800000,6.6998166667,6.7442700000,1,1,0.0000000000,31.9660488222
2020-06-26,RUB_TJS,1,0.0050000000,True,6.6784000000,6.7097600000,6.7066100000,0,0,55.8399945435,-51.4325400610
2020-06-27,RUB_TJS,1,0.0050000000,True,6.7066100000,6.7191633333,6.7066100000,1,1,0.0000000000,18.6828816485
2020-06-30,RUB_TJS,1,0.0050000000,True,6.7066100000,6.7762266667,6.8339800000,0,1,0.0000000000,-17.5072852738
2020-07-01,RUB_TJS,1,0.0050000000,True,6.7880900000,6.8192366667,6.8356400000,0,1,0.0000000000,-21.6202106687
2020-07-02,RUB_TJS,1,0.0050000000,True,6.8339800000,6.8370733333,6.8416000000,1,1,0.0000000000,2.0964135727
2020-07-03,RUB_TJS,1,0.0050000000,True,6.8356400000,6.8389700000,6.8396700000,1,1,2.8209775491,-3.8456083299
2020-07-04,RUB_TJS,1,0.0050000000,True,6.8396700000,6.8403133333,6.8396700000,1,1,0.0000000000,0.9405027255
2020-07-07,RUB_TJS,1,0.0050000000,True,6.8396700000,6.9254500000,7.0103800000,0,1,0.0000000000,-1.2273570670
2020-07-08,RUB_TJS,1,0.0050000000,True,6.9112700000,6.9493166667,6.9112700000,0,0,141.3760737649,-87.8695507232
2020-07-09,RUB_TJS,1,0.0050000000,True,6.8765500000,6.9327333333,6.8765500000,0,0,50.2367871607,30.9594099489
2020-07-10,RUB_TJS,1,0.0050000000,True,6.8765500000,6.8994333333,6.9104800000,1,1,0.0000000000,33.1669750656
2020-07-11,RUB_TJS,1,0.0050000000,True,6.8765500000,6.8991700000,6.9104800000,1,1,0.0000000000,-16.3932762927
2020-07-14,RUB_TJS,1,0.0050000000,True,6.8637300000,6.8921466667,6.9022300000,1,1,0.0000000000,41.2305019626
2020-07-15,RUB_TJS,1,0.0050000000,True,6.8637300000,6.8782433333,6.8687700000,0,1,48.4770863909,-34.8732452521
2020-07-16,RUB_TJS,1,0.0050000000,True,6.8687700000,6.8938666667,6.9106000000,1,1,0.0000000000,36.4043400897
2020-07-17,RUB_TJS,1,0.0050000000,True,6.8687700000,6.9122733333,6.9574500000,0,1,0.0000000000,2.4208147633
2020-07-18,RUB_TJS,1,0.0050000000,True,6.9106000000,6.9418333333,6.9574500000,0,1,0.0000000000,-22.4964586685
2020-07-21,RUB_TJS,1,0.0050000000,True,6.8933300000,6.9441266667,6.8933300000,0,0,126.4323364272,-53.9640693958
2020-07-22,RUB_TJS,1,0.0050000000,True,6.8726300000,6.9158533333,6.8726300000,1,1,30.0290280605,32.5676850675
2020-07-23,RUB_TJS,1,0.0050000000,True,6.8726300000,6.8835200000,6.8846000000,1,1,0.0000000000,15.8203942169
2020-07-24,RUB_TJS,1,0.0050000000,True,6.8726300000,6.9011266667,6.9461500000,1,1,0.0000000000,23.9477805073
2020-07-25,RUB_TJS,1,0.0050000000,True,6.8846000000,6.9256333333,6.9461500000,0,1,0.0000000000,-29.6242461580
2020-07-28,RUB_TJS,1,0.0050000000,True,6.9398900000,6.9533533333,6.9740200000,1,1,0.0000000000,19.3623604151
2020-07-29,RUB_TJS,1,0.0050000000,True,6.9398900000,6.9722666667,7.0028900000,1,1,0.0000000000,-2.5147250057
2020-07-30,RUB_TJS,1,0.0050000000,True,6.9740200000,7.0303100000,7.1140200000,1,1,0.0000000000,39.0025475406
2020-07-31,RUB_TJS,1,0.0050000000,True,7.0028900000,7.0784300000,7.1183800000,0,1,0.0000000000,-50.2795111345
2020-08-01,RUB_TJS,1,0.0050000000,True,7.1140200000,7.1169266667,7.1183800000,1,1,0.0000000000,-2.0420799615
2020-08-04,RUB_TJS,1,0.0050000000,True,7.1139700000,7.1417433333,7.1139700000,0,0,109.7057089789,-71.6024985496
2020-08-05,RUB_TJS,1,0.0050000000,True,7.1060000000,7.1376166667,7.1060000000,1,1,11.2033084199,33.1296394455
2020-08-06,RUB_TJS,1,0.0050000000,True,7.0826400000,7.1008700000,7.0826400000,1,1,32.8736279201,-7.2244668611
2020-08-07,RUB_TJS,1,0.0050000000,True,7.0826400000,7.1097533333,7.1406200000,1,1,0.0000000000,38.1354064792
2020-08-08,RUB_TJS,1,0.0050000000,True,7.0826400000,7.1212933333,7.1406200000,0,1,0.0000000000,-27.1392649650
2020-08-11,RUB_TJS,1,0.0050000000,True,7.0935500000,7.1293700000,7.0935500000,0,0,84.4150216524,-34.4630731748
2020-08-12,RUB_TJS,1,0.0050000000,True,7.0935500000,7.1169333333,7.1033100000,1,1,0.0000000000,32.8559117223
2020-08-13,RUB_TJS,1,0.0050000000,True,7.0935500000,7.1109166667,7.1358900000,1,1,0.0000000000,10.6971675007
2020-08-14,RUB_TJS,1,0.0050000000,True,7.0979800000,7.1123933333,7.0979800000,0,0,53.1258189238,-33.0362306547
2020-08-15,RUB_TJS,1,0.0050000000,True,7.0979800000,7.1106166667,7.0979800000,1,1,0.0000000000,17.7715481780
2020-08-18,RUB_TJS,1,0.0050000000,True,7.0722200000,7.0975400000,7.1224200000,1,1,0.0000000000,35.6743322334
2020-08-19,RUB_TJS,1,0.0050000000,True,7.0722200000,7.0977266667,7.0985400000,0,1,33.5279301136,-34.7904822107
2020-08-20,RUB_TJS,1,0.0050000000,True,7.0985400000,7.1236833333,7.1500900000,1,1,0.0000000000,35.2954113158
2020-08-21,RUB_TJS,1,0.0050000000,True,7.0985400000,7.1435300000,7.1819600000,0,1,0.0000000000,-9.1831349487
2020-08-22,RUB_TJS,1,0.0050000000,True,7.1500900000,7.1713366667,7.1819600000,1,1,0.0000000000,-14.8136028569
2020-08-25,RUB_TJS,1,0.0050000000,True,7.1819600000,7.2061666667,7.2237100000,1,1,0.0000000000,-9.2467099938
2020-08-26,RUB_TJS,1,0.0050000000,True,7.2128300000,7.2532166667,7.3231100000,1,1,0.0000000000,40.6808013916
2020-08-27,RUB_TJS,1,0.0050000000,True,7.2237100000,7.2796133333,7.2920200000,0,1,42.4546401734,-59.7513421043
2020-08-28,RUB_TJS,1,0.0050000000,True,7.2341400000,7.2830900000,7.2341400000,0,0,79.3744394557,-12.2612792098
2020-08-29,RUB_TJS,1,0.0050000000,True,7.2341400000,7.2534333333,7.2341400000,1,1,0.0000000000,26.5988979931
2020-09-01,RUB_TJS,1,0.0050000000,True,7.1372400000,7.1748833333,7.1372400000,1,1,22.4093316763,30.1236024744
2020-09-02,RUB_TJS,1,0.0050000000,True,7.1372400000,7.1497000000,7.1585900000,1,1,0.0000000000,17.4273046422
2020-09-03,RUB_TJS,1,0.0050000000,True,7.1372400000,7.2040566667,7.3163400000,1,1,0.0000000000,63.1125888793
2020-09-04,RUB_TJS,1,0.0050000000,True,7.1585900000,7.2545233333,7.2886400000,0,1,37.8604602848,-85.2112038604
2020-09-05,RUB_TJS,1,0.0050000000,True,7.2886400000,7.2978733333,7.2886400000,1,1,0.0000000000,12.6520876858
2020-09-08,RUB_TJS,1,0.0050000000,True,7.2886400000,7.3235666667,7.3609000000,1,1,0.0000000000,3.2861947958
2020-09-09,RUB_TJS,1,0.0050000000,True,7.3211600000,7.3487233333,7.3641100000,0,1,0.0000000000,-16.5697715295
2020-09-10,RUB_TJS,1,0.0050000000,True,7.3132300000,7.3460800000,7.3132300000,0,0,69.0918522401,-24.5437022194
2020-09-11,RUB_TJS,1,0.0050000000,True,7.2567400000,7.3113600000,7.2567400000,0,0,77.2435708982,-2.5576636905
2020-09-12,RUB_TJS,1,0.0050000000,True,7.2567400000,7.2755700000,7.2567400000,1,1,0.0000000000,25.8811337119
2020-09-15,RUB_TJS,1,0.0050000000,True,7.2363000000,7.2595800000,7.2857000000,1,1,0.0000000000,32.0679708743
2020-09-16,RUB_TJS,1,0.0050000000,True,7.2363000000,7.2608166667,7.2604500000,0,1,34.6569306999,-34.2707087587
2020-09-17,RUB_TJS,1,0.0050000000,True,7.2604500000,7.2774666667,7.2862500000,1,1,0.0000000000,23.3826789542
2020-09-18,RUB_TJS,1,0.0050000000,True,7.2604500000,7.2724100000,7.2705300000,1,1,21.5748841997,-19.0308302200
2020-09-19,RUB_TJS,1,0.0050000000,True,7.2705300000,7.2757700000,7.2705300000,1,1,0.0000000000,7.2019868687
2020-09-22,RUB_TJS,1,0.0050000000,True,7.2705300000,7.3418633333,7.3870300000,0,1,0.0000000000,-35.6403619608
2020-09-23,RUB_TJS,1,0.0050000000,True,7.3680300000,7.3845833333,7.3986900000,1,1,0.0000000000,-3.3132088247
2020-09-24,RUB_TJS,1,0.0050000000,True,7.3870300000,7.4214033333,7.4784900000,1,1,0.0000000000,30.6051730558
2020-09-25,RUB_TJS,1,0.0050000000,True,7.3986900000,7.4391100000,7.4401500000,0,0,51.2670338531,-52.9364399774
2020-09-26,RUB_TJS,1,0.0050000000,True,7.4401500000,7.4529300000,7.4401500000,1,1,0.0000000000,17.1476184534
2020-09-29,RUB_TJS,1,0.0050000000,True,7.4401500000,7.5924266667,7.7176300000,0,1,0.0000000000,-35.6583402408
2020-09-30,RUB_TJS,1,0.0050000000,True,7.6195000000,7.6571033333,7.6341800000,0,0,108.1290499804,-79.0464279138
2020-10-01,RUB_TJS,1,0.0050000000,True,7.4844900000,7.6121000000,7.4844900000,0,0,196.0786882154,-29.0064502568
2020-10-02,RUB_TJS,1,0.0050000000,True,7.4844900000,7.5618933333,7.5670100000,1,1,0.0000000000,102.3597264883
2020-10-03,RUB_TJS,1,0.0050000000,True,7.4844900000,7.5395033333,7.5670100000,0,1,0.0000000000,-36.4833934684
2020-10-06,RUB_TJS,1,0.0050000000,True,7.5670100000,7.5817666667,7.6077400000,1,1,0.0000000000,14.7942651889
2020-10-07,RUB_TJS,1,0.0050000000,True,7.5670600000,7.5817833333,7.5670600000,0,0,53.4718589226,-34.2355690284
2020-10-08,RUB_TJS,1,0.0050000000,True,7.5463100000,7.5737033333,7.5463100000,1,1,27.4214820551,8.7715785012
2020-10-09,RUB_TJS,1,0.0050000000,True,7.4639900000,7.5257866667,7.4639900000,0,0,109.0864276713,-27.2706817803
2020-10-10,RUB_TJS,1,0.0050000000,True,7.4639900000,7.4914300000,7.4639900000,1,1,0.0000000000,36.6285208565
2020-10-13,RUB_TJS,1,0.0050000000,True,7.4635600000,7.4685300000,7.4780400000,1,1,0.0000000000,6.6545893235
2020-10-14,RUB_TJS,1,0.0050000000,True,7.4635600000,7.4729033333,7.4771100000,1,1,1.2436413820,-6.8737228859
2020-10-15,RUB_TJS,1,0.0050000000,True,7.4771100000,7.4990333333,7.5419500000,1,1,0.0000000000,29.2348791622
2020-10-16,RUB_TJS,1,0.0050000000,True,7.4771100000,7.5209300000,7.5437300000,0,1,0.0000000000,-27.9486712415
2020-10-17,RUB_TJS,1,0.0050000000,True,7.5419500000,7.5431366667,7.5437300000,1,1,0.0000000000,-0.7865870122
2020-10-20,RUB_TJS,1,0.0050000000,True,7.5366300000,7.5437133333,7.5366300000,1,1,18.7397858235,-9.3676235488
2020-10-21,RUB_TJS,1,0.0050000000,True,7.4643600000,7.5172566667,7.4643600000,0,0,95.8916651076,-25.7718130329
2020-10-22,RUB_TJS,1,0.0050000000,True,7.4582400000,7.4864100000,7.4582400000,1,1,8.1989614649,29.4533695055
2020-10-23,RUB_TJS,1,0.0050000000,True,7.4095600000,7.4440533333,7.4095600000,0,0,65.2700905307,-19.0577176592
2020-10-24,RUB_TJS,1,0.0050000000,True,7.4095600000,7.4257866667,7.4095600000,1,1,0.0000000000,21.8517813601
2020-10-27,RUB_TJS,1,0.0050000000,True,7.3966400000,7.4013133333,7.3977400000,1,1,0.0000000000,6.3141946880
2020-10-28,RUB_TJS,1,0.0050000000,True,7.3966400000,7.4363700000,7.5147300000,1,1,0.0000000000,51.9473883091
2020-10-29,RUB_TJS,1,0.0050000000,True,7.3977400000,7.5146033333,7.6313400000,0,1,0.0000000000,-0.1685606825
2020-10-30,RUB_TJS,1,0.0050000000,True,7.5147300000,7.6049100000,7.6686600000,0,1,0.0000000000,-34.7538629648
2020-10-31,RUB_TJS,1,0.0050000000,True,7.6313400000,7.6562200000,7.6686600000,1,1,0.0000000000,-16.2482269318
2020-11-03,RUB_TJS,1,0.0050000000,True,7.6686600000,7.7358533333,7.7520000000,0,1,44.8188624485,-65.9871179909
2020-11-04,RUB_TJS,1,0.0050000000,True,7.7520000000,7.7636333333,7.7520000000,1,1,0.0000000000,14.9843930462
2020-11-06,RUB_TJS,1,0.0050000000,True,6.8141700000,7.1641033333,6.8141700000,0,0,161.6629175847,332.1606658382
2020-11-07,RUB_TJS,1,0.0050000000,True,6.8141700000,6.8514933333,6.8141700000,1,1,0.0000000000,54.4747422460
2020-11-10,RUB_TJS,1,0.0050000000,True,6.7444500000,6.7844833333,6.7444500000,0,0,74.1446070027,-15.2504857899
2020-11-11,RUB_TJS,1,0.0050000000,True,6.7291400000,6.7561400000,6.7291400000,1,1,22.7001460460,17.3027793977
2020-11-12,RUB_TJS,1,0.0050000000,True,6.7291400000,6.7604466667,6.8077500000,1,1,0.0000000000,46.3085772439
2020-11-13,RUB_TJS,1,0.0050000000,True,6.7291400000,6.7877666667,6.8264100000,0,1,0.0000000000,-29.4402184322
2020-11-14,RUB_TJS,1,0.0050000000,True,6.8077500000,6.8201900000,6.8264100000,1,1,0.0000000000,-9.1199805284
2020-11-17,RUB_TJS,1,0.0050000000,True,6.7316700000,6.7833700000,6.7316700000,0,0,88.8688654202,-12.7665157584
2020-11-18,RUB_TJS,1,0.0050000000,True,6.7043500000,6.7426833333,6.7043500000,1,1,40.5842829491,16.3337543658
2020-11-19,RUB_TJS,1,0.0050000000,True,6.7043500000,6.7228500000,6.7325300000,1,1,0.0000000000,27.5180912857
2020-11-20,RUB_TJS,1,0.0050000000,True,6.7043500000,6.7157600000,6.7104000000,1,1,32.8702582833,-24.9711127259
2020-11-21,RUB_TJS,1,0.0050000000,True,6.7104000000,6.7177766667,6.7104000000,1,1,0.0000000000,10.9808155774
2020-11-24,RUB_TJS,1,0.0050000000,True,6.6881500000,6.6971733333,6.6929700000,1,1,0.0000000000,13.4733459688
2020-11-25,RUB_TJS,1,0.0050000000,True,6.6627900000,6.6813033333,6.6627900000,1,1,45.0920891622,-17.4616629191
2020-11-26,RUB_TJS,1,0.0050000000,True,6.6609400000,6.6722333333,6.6609400000,1,1,2.7766146014,14.1531820930
2020-11-27,RUB_TJS,1,0.0050000000,True,6.6609400000,6.6735666667,6.6969700000,1,1,0.0000000000,18.9204173680
2020-11-28,RUB_TJS,1,0.0050000000,True,6.6609400000,6.6849600000,6.6969700000,0,1,0.0000000000,-17.9657021134
2020-12-01,RUB_TJS,1,0.0050000000,True,6.6969700000,6.7210166667,6.7391000000,1,1,0.0000000000,-8.8726655937
2020-12-02,RUB_TJS,1,0.0050000000,True,6.6753600000,6.7138133333,6.6753600000,0,0,94.5823626300,-37.6636427187
2020-12-03,RUB_TJS,1,0.0050000000,True,6.6386800000,6.6843800000,6.6386800000,0,0,54.9483473550,13.4941460539
2020-12-04,RUB_TJS,1,0.0050000000,True,6.5565500000,6.6235300000,6.5565500000,0,0,123.7143528533,-22.8729997448
2020-12-05,RUB_TJS,1,0.0050000000,True,6.5565500000,6.5839266667,6.5565500000,1,1,0.0000000000,41.5810625675
2020-12-08,RUB_TJS,1,0.0050000000,True,6.5029200000,6.5381233333,6.5029200000,0,0,79.2994553693,-25.6597586361
2020-12-09,RUB_TJS,1,0.0050000000,True,6.4872300000,6.5150166667,6.4872300000,1,1,24.1276226680,18.5673610454
2020-12-10,RUB_TJS,1,0.0050000000,True,6.4872300000,6.4991766667,6.5073800000,1,1,0.0000000000,18.3818155428
2020-12-11,RUB_TJS,1,0.0050000000,True,6.4550400000,6.4832166667,6.4550400000,0,0,80.4317559448,-37.2705935582
2020-12-12,RUB_TJS,1,0.0050000000,True,6.4550400000,6.4724866667,6.4550400000,1,1,0.0000000000,26.9551218336
2020-12-15,RUB_TJS,1,0.0050000000,True,6.4380700000,6.4594500000,6.4852400000,1,1,0.0000000000,33.0987932409
2020-12-16,RUB_TJS,1,0.0050000000,True,6.4380700000,6.4687733333,6.4830100000,0,1,3.4385774466,-25.4556247655
2020-12-17,RUB_TJS,1,0.0050000000,True,6.4582400000,6.4754966667,6.4582400000,1,1,38.2075609940,-11.6027136142
2020-12-18,RUB_TJS,1,0.0050000000,True,6.4582400000,6.4745366667,6.4823600000,1,1,0.0000000000,25.1703982936
2020-12-19,RUB_TJS,1,0.0050000000,True,6.4582400000,6.4743200000,6.4823600000,1,1,0.0000000000,-12.4182925774
2020-12-22,RUB_TJS,1,0.0050000000,True,6.4823600000,6.5793566667,6.6534000000,0,1,0.0000000000,-34.8868962366
2020-12-23,RUB_TJS,1,0.0050000000,True,6.6023100000,6.6395300000,6.6628800000,0,1,0.0000000000,-20.8900328788
2020-12-24,RUB_TJS,1,0.0050000000,True,6.6068600000,6.6410466667,6.6068600000,0,0,84.0777561655,-32.8763437892
2020-12-25,RUB_TJS,1,0.0050000000,True,6.5055900000,6.5917766667,6.5055900000,0,0,153.2800755578,-22.8820454576
2020-12-26,RUB_TJS,1,0.0050000000,True,6.5055900000,6.5393466667,6.5055900000,1,1,0.0000000000,51.6208550905
2020-12-29,RUB_TJS,1,0.0050000000,True,6.5024700000,6.5052966667,6.5024700000,1,1,8.2362323539,-3.8942625727
2020-12-30,RUB_TJS,1,0.0050000000,True,6.5024700000,6.5107000000,6.5218000000,1,1,0.0000000000,12.6407298754
2020-12-31,RUB_TJS,1,0.0050000000,True,6.5024700000,6.5153566667,6.5218000000,1,1,0.0000000000,-9.8894560390
2021-01-01,RUB_TJS,1,0.0050000000,True,6.5218000000,6.5218000000,6.5218000000,1,1,0.0000000000,0.0000000000
2021-01-12,RUB_TJS,1,0.0050000000,True,6.5174500000,6.5261933333,6.5174500000,1,1,33.4590852580,-20.1291411328
2021-01-13,RUB_TJS,1,0.0050000000,True,6.4525100000,6.5030966667,6.4525100000,0,0,99.6401967027,-22.0715361758
2021-01-14,RUB_TJS,1,0.0050000000,True,6.4525100000,6.4820466667,6.4761800000,1,1,0.0000000000,45.5668837106
2021-01-15,RUB_TJS,1,0.0050000000,True,6.4525100000,6.4609533333,6.4541700000,1,1,33.9860843893,-23.5672135072
2021-01-16,RUB_TJS,1,0.0050000000,True,6.4541700000,6.4615066667,6.4541700000,1,1,0.0000000000,11.3544209503
2021-01-19,RUB_TJS,1,0.0050000000,True,6.4541700000,6.4719333333,6.4698800000,0,1,33.6889128509,-30.6193924536
2021-01-20,RUB_TJS,1,0.0050000000,True,6.4374700000,6.4663666667,6.4374700000,0,0,50.0936647975,-5.4332417483
2021-01-21,RUB_TJS,1,0.0050000000,True,6.4374700000,6.4486966667,6.4387400000,1,1,0.0000000000,17.4092025831
2021-01-22,RUB_TJS,1,0.0050000000,True,6.4374700000,6.4673366667,6.5258000000,1,1,0.0000000000,44.2170682316
2021-01-23,RUB_TJS,1,0.0050000000,True,6.4387400000,6.4967800000,6.5258000000,0,1,0.0000000000,-44.6682818258
2021-01-26,RUB_TJS,1,0.0050000000,True,6.5258000000,6.5775600000,6.6376000000,0,1,0.0000000000,12.5882546111
2021-01-27,RUB_TJS,1,0.0050000000,True,6.5692800000,6.5974066667,6.5853400000,0,0,78.7332770881,-60.9229283021
2021-01-28,RUB_TJS,1,0.0050000000,True,6.5853400000,6.6362666667,6.6858600000,1,1,0.0000000000,76.7399340995
2021-01-29,RUB_TJS,1,0.0050000000,True,6.5853400000,6.6543233333,6.6917700000,0,1,0.0000000000,-47.3927476723
2021-01-30,RUB_TJS,1,0.0050000000,True,6.6858600000,6.6898000000,6.6917700000,1,1,0.0000000000,-2.9447816078
2021-02-02,RUB_TJS,1,0.0050000000,True,6.6261800000,6.6597366667,6.6612600000,1,1,0.0000000000,50.3873776791
2021-02-03,RUB_TJS,1,0.0050000000,True,6.6261800000,6.6546866667,6.6766200000,0,1,0.0000000000,-9.8777503173
2021-02-04,RUB_TJS,1,0.0050000000,True,6.6458400000,6.6612400000,6.6458400000,1,1,46.1011709518,-23.0887942785
2021-02-05,RUB_TJS,1,0.0050000000,True,6.5915500000,6.6380033333,6.5915500000,0,0,81.6902001854,-11.8057588602
2021-02-06,RUB_TJS,1,0.0050000000,True,6.5915500000,6.6096466667,6.5915500000,1,1,0.0000000000,27.3791740759
2021-02-09,RUB_TJS,1,0.0050000000,True,6.5045400000,6.5376666667,6.5045400000,1,1,18.9813884187,31.7493499210
2021-02-10,RUB_TJS,1,0.0050000000,True,6.4811400000,6.5008633333,6.4811400000,1,1,35.9748729349,-5.6556590689
2021-02-11,RUB_TJS,1,0.0050000000,True,6.4728300000,6.4861700000,6.4728300000,1,1,12.8218183838,7.7549617108
2021-02-12,RUB_TJS,1,0.0050000000,True,6.4728300000,6.4808633333,6.4886200000,1,1,0.0000000000,12.3954678878
2021-02-13,RUB_TJS,1,0.0050000000,True,6.4728300000,6.4833566667,6.4886200000,1,1,0.0000000000,-8.1182227108
2021-02-16,RUB_TJS,1,0.0050000000,True,6.4317200000,6.4512633333,6.4317200000,1,1,2.6890704055,27.6121627857
2021-02-17,RUB_TJS,1,0.0050000000,True,6.4317200000,6.4462633333,6.4736200000,1,1,0.0000000000,22.5608737672
2021-02-18,RUB_TJS,1,0.0050000000,True,6.4317200000,6.4599033333,6.4743700000,0,1,0.0000000000,-21.2335478704
2021-02-19,RUB_TJS,1,0.0050000000,True,6.4736200000,6.4798600000,6.4915900000,1,1,0.0000000000,8.4724052680
2021-02-20,RUB_TJS,1,0.0050000000,True,6.4743700000,6.4861900000,6.4926100000,1,1,0.0000000000,-8.3253805393
2021-02-21,RUB_TJS,1,0.0050000000,True,6.4915900000,6.4922700000,6.4926100000,1,1,0.0000000000,-0.5236997229
2021-02-25,RUB_TJS,1,0.0050000000,True,6.4479800000,6.4710033333,6.4479800000,1,1,37.7602195160,-2.1892534955
2021-02-26,RUB_TJS,1,0.0050000000,True,6.4479800000,6.4842833333,6.5324500000,1,1,0.0000000000,55.9866549117
2021-02-27,RUB_TJS,1,0.0050000000,True,6.4479800000,6.5042933333,6.5324500000,0,1,0.0000000000,-43.2893555436
2021-03-02,RUB_TJS,1,0.0050000000,True,6.4980100000,6.5250133333,6.5445800000,1,1,0.0000000000,41.3843343360
2021-03-03,RUB_TJS,1,0.0050000000,True,6.4518400000,6.4981433333,6.4518400000,0,0,141.7050444796,-71.4614379595
2021-03-04,RUB_TJS,1,0.0050000000,True,6.4518400000,6.4905833333,6.4753300000,1,1,0.0000000000,59.6916045040
2021-03-05,RUB_TJS,1,0.0050000000,True,6.4518400000,6.4862533333,6.5315900000,1,1,0.0000000000,16.8407442201
2021-03-06,RUB_TJS,1,0.0050000000,True,6.4753300000,6.5128366667,6.5315900000,0,1,0.0000000000,-28.7944167698
2021-03-10,RUB_TJS,1,0.0050000000,True,6.4975300000,6.5154533333,6.4975300000,1,1,30.2428635435,-2.7421985475
2021-03-11,RUB_TJS,1,0.0050000000,True,6.4501600000,6.4883100000,6.4501600000,0,0,72.9046268351,-14.2101718321
2021-03-12,RUB_TJS,1,0.0050000000,True,6.4501600000,6.4662000000,6.4509100000,1,1,0.0000000000,24.8059138288
2021-03-13,RUB_TJS,1,0.0050000000,True,6.4501600000,6.4506600000,6.4509100000,1,1,0.0000000000,-0.3875572422
2021-03-16,RUB_TJS,1,0.0050000000,True,6.4029700000,6.4268433333,6.4029700000,1,1,36.8465685855,0.3008216060
2021-03-17,RUB_TJS,1,0.0050000000,True,6.4029700000,6.4149600000,6.4152600000,1,1,0.0000000000,18.6906855226
2021-03-18,RUB_TJS,1,0.0050000000,True,6.4029700000,6.4274366667,6.4640800000,1,1,0.0000000000,18.9448255940
2021-03-19,RUB_TJS,1,0.0050000000,True,6.4152600000,6.4609200000,6.5034200000,0,1,0.0000000000,-4.8909443237
2021-03-20,RUB_TJS,1,0.0050000000,True,6.4640800000,6.4903066667,6.5034200000,0,1,0.0000000000,-20.2044895670
2021-03-23,RUB_TJS,1,0.0050000000,True,6.5034200000,6.5528066667,6.6103900000,0,1,0.0000000000,12.5086349768
2021-03-24,RUB_TJS,1,0.0050000000,True,6.5446100000,6.6117100000,6.6801300000,0,1,0.0000000000,1.9964577999
2021-03-25,RUB_TJS,1,0.0050000000,True,6.6103900000,6.6574866667,6.6819400000,0,1,0.0000000000,-34.0118342958
2021-03-26,RUB_TJS,1,0.0050000000,True,6.6454000000,6.6691566667,6.6454000000,0,0,54.6847173126,-19.1678408115
2021-03-27,RUB_TJS,1,0.0050000000,True,6.6454000000,6.6575800000,6.6454000000,1,1,0.0000000000,18.2949359978
2021-03-30,RUB_TJS,1,0.0050000000,True,6.6405500000,6.6458633333,6.6405500000,1,1,16.6725799953,-8.6921237722
2021-03-31,RUB_TJS,1,0.0050000000,True,6.6336900000,6.6419600000,6.6336900000,1,1,10.3304696147,2.1228673464
2021-04-01,RUB_TJS,1,0.0050000000,True,6.6336900000,6.6409466667,6.6486000000,1,1,0.0000000000,10.9271569716
2021-04-02,RUB_TJS,1,0.0050000000,True,6.6336900000,6.6514066667,6.6719300000,1,1,0.0000000000,4.2196587990
2021-04-03,RUB_TJS,1,0.0050000000,True,6.6486000000,6.6641533333,6.6719300000,1,1,0.0000000000,-11.6693993636
2021-04-06,RUB_TJS,1,0.0050000000,True,6.6719300000,6.6964500000,6.6988400000,0,1,29.3812085292,-33.0473609151
2021-04-07,RUB_TJS,1,0.0050000000,True,6.6988400000,6.7461400000,6.8210000000,1,1,0.0000000000,70.1141689915
2021-04-08,RUB_TJS,1,0.0050000000,True,6.6988400000,6.7606366667,6.7620700000,0,0,86.3949567512,-89.2864626655
2021-04-09,RUB_TJS,1,0.0050000000,True,6.7620700000,6.7836000000,6.7677300000,1,1,0.0000000000,31.7383100419
2021-04-10,RUB_TJS,1,0.0050000000,True,6.7620700000,6.7658433333,6.7677300000,1,1,0.0000000000,-2.7885166323
2021-04-13,RUB_TJS,1,0.0050000000,True,6.7677300000,6.7803766667,6.7754300000,1,1,33.1569571504,-25.9474276994
2021-04-14,RUB_TJS,1,0.0050000000,True,6.6376600000,6.7370200000,6.6376600000,0,0,203.3376479426,-57.0133382415
2021-04-15,RUB_TJS,1,0.0050000000,True,6.6376600000,6.7215366667,6.7515200000,1,1,0.0000000000,124.7879329181
2021-04-16,RUB_TJS,1,0.0050000000,True,6.6263400000,6.6718400000,6.6263400000,0,0,185.4101002441,-119.4273243963
2021-04-17,RUB_TJS,1,0.0050000000,True,6.6263400000,6.6680666667,6.6263400000,1,1,0.0000000000,62.5768588596
2021-04-20,RUB_TJS,1,0.0050000000,True,6.6263400000,6.6601800000,6.6668600000,0,1,30.6250317765,-40.7796786273
2021-04-21,RUB_TJS,1,0.0050000000,True,6.6668600000,6.6972000000,6.7374000000,1,1,0.0000000000,45.3025144837
2021-04-22,RUB_TJS,1,0.0050000000,True,6.6668600000,6.7022466667,6.7024800000,0,0,51.8300828213,-52.4500739553
2021-04-23,RUB_TJS,1,0.0050000000,True,6.5856300000,6.6751700000,6.5856300000,0,0,174.3384538260,-40.9128157036
2021-04-24,RUB_TJS,1,0.0050000000,True,6.5856300000,6.6245800000,6.5856300000,1,1,0.0000000000,58.7961802861
2021-04-27,RUB_TJS,1,0.0050000000,True,6.5574500000,6.5718133333,6.5723600000,1,1,0.0000000000,21.8559666941
2021-04-28,RUB_TJS,1,0.0050000000,True,6.5574500000,6.5668400000,6.5707100000,1,1,2.5105137272,-8.4058694897
2021-04-29,RUB_TJS,1,0.0050000000,True,6.5219000000,6.5549900000,6.5219000000,0,0,74.2842097734,-23.9817299492
2021-04-30,RUB_TJS,1,0.0050000000,True,6.5219000000,6.5516966667,6.5624800000,1,1,0.0000000000,45.4793135010
2021-05-01,RUB_TJS,1,0.0050000000,True,6.5219000000,6.5489533333,6.5624800000,0,1,0.0000000000,-20.6547000386
2021-05-05,RUB_TJS,1,0.0050000000,True,6.5624800000,6.5749966667,6.5639400000,0,0,52.4810678677,-35.8529966302
2021-05-06,RUB_TJS,1,0.0050000000,True,6.5389700000,6.5671600000,6.5389700000,1,1,38.0411764885,4.9031849384
2021-05-07,RUB_TJS,1,0.0050000000,True,6.5004200000,6.5344433333,6.5004200000,0,0,58.9542389704,-6.9273944784
2021-05-08,RUB_TJS,1,0.0050000000,True,6.5004200000,6.5132700000,6.5004200000,1,1,0.0000000000,19.7289533522
2021-05-12,RUB_TJS,1,0.0050000000,True,6.4918900000,6.4981433333,6.4918900000,1,1,15.7333300524,-6.1196967544
2021-05-13,RUB_TJS,1,0.0050000000,True,6.4918900000,6.5045533333,6.5196500000,1,1,0.0000000000,19.4684134089
2021-05-14,RUB_TJS,1,0.0050000000,True,6.4881000000,6.4998800000,6.4881000000,1,1,48.3921682912,-30.4159461405
2021-05-15,RUB_TJS,1,0.0050000000,True,6.4881000000,6.4986166667,6.4881000000,1,1,0.0000000000,16.1829312392
2021-05-18,RUB_TJS,1,0.0050000000,True,6.4620100000,6.4752200000,6.4620100000,1,1,20.9094208214,-0.5096351939
2021-05-19,RUB_TJS,1,0.0050000000,True,6.4601300000,6.4658966667,6.4601300000,1,1,2.9093114991,6.0110250241
2021-05-20,RUB_TJS,1,0.0050000000,True,6.4533700000,6.4585033333,6.4533700000,1,1,10.4641857052,-2.5186433802
2021-05-21,RUB_TJS,1,0.0050000000,True,6.4515800000,6.4550266667,6.4515800000,1,1,2.7737445707,2.5664753257
2021-05-22,RUB_TJS,1,0.0050000000,True,6.4515800000,6.4521766667,6.4515800000,1,1,0.0000000000,0.9247525254
2021-05-25,RUB_TJS,1,0.0050000000,True,6.4354500000,6.4446333333,6.4354500000,1,1,17.7140224636,-3.4705879310
2021-05-26,RUB_TJS,1,0.0050000000,True,6.4354500000,6.4415200000,6.4422400000,1,1,0.0000000000,9.4232417193
2021-05-27,RUB_TJS,1,0.0050000000,True,6.4354500000,6.4395166667,6.4408600000,1,1,2.1421120604,-4.2290958690
2021-05-28,RUB_TJS,1,0.0050000000,True,6.4408600000,6.4450900000,6.4521700000,1,1,0.0000000000,6.5631356583
2021-05-29,RUB_TJS,1,0.0050000000,True,6.4408600000,6.4484000000,6.4521700000,1,1,0.0000000000,-5.8464115129
2021-06-01,RUB_TJS,1,0.0050000000,True,6.4218400000,6.4468000000,6.4218400000,0,0,68.8947001341,-30.3871688279
2021-06-02,RUB_TJS,1,0.0050000000,True,6.4218400000,6.4441966667,6.4443600000,1,1,0.0000000000,34.6927131854
2021-06-03,RUB_TJS,1,0.0050000000,True,6.4218400000,6.4300033333,6.4238100000,1,1,31.8883488818,-22.3276193221
2021-06-04,RUB_TJS,1,0.0050000000,True,6.4238100000,6.4309100000,6.4245600000,1,1,0.0000000000,11.0404281820
2021-06-05,RUB_TJS,1,0.0050000000,True,6.4238100000,6.4243100000,6.4245600000,1,1,0.0000000000,-0.3891468500
2021-06-08,RUB_TJS,1,0.0050000000,True,6.3854100000,6.4146566667,6.3854100000,0,0,75.5206714330,-30.1549004701
2021-06-09,RUB_TJS,1,0.0050000000,True,6.3593200000,6.3929100000,6.3593200000,1,1,40.8587702278,11.7317465755
2021-06-10,RUB_TJS,1,0.0050000000,True,6.3303300000,6.3583533333,6.3303300000,1,1,45.5866350490,-1.5203097657
2021-06-11,RUB_TJS,1,0.0050000000,True,6.2849400000,6.3248633333,6.2849400000,0,0,71.7024230964,-8.6431380072
2021-06-12,RUB_TJS,1,0.0050000000,True,6.2849400000,6.3000700000,6.2849400000,1,1,0.0000000000,24.0156061758
2021-06-16,RUB_TJS,1,0.0050000000,True,6.2849400000,6.2996866667,6.3158500000,1,1,0.0000000000,2.2487890932
2021-06-17,RUB_TJS,1,0.0050000000,True,6.2982700000,6.3238000000,6.3572800000,1,1,0.0000000000,12.5715550776
2021-06-18,RUB_TJS,1,0.0050000000,True,6.3158500000,6.3351933333,6.3324500000,0,1,39.0575843757,-34.8634453671
2021-06-19,RUB_TJS,1,0.0050000000,True,6.3324500000,6.3407266667,6.3324500000,1,1,0.0000000000,13.0531831788
2021-06-22,RUB_TJS,1,0.0050000000,True,6.3324500000,6.3886133333,6.4152700000,0,1,4.4405526852,-46.1863398630
2021-06-23,RUB_TJS,1,0.0050000000,True,6.3715100000,6.4016333333,6.3715100000,0,0,68.2122498352,-21.3018552557
2021-06-24,RUB_TJS,1,0.0050000000,True,6.3416000000,6.3761266667,6.3416000000,1,1,46.9433462397,7.2405504282
2021-06-25,RUB_TJS,1,0.0050000000,True,6.3278700000,6.3469933333,6.3278700000,1,1,21.6506875237,8.4974617903
2021-06-26,RUB_TJS,1,0.0050000000,True,6.3278700000,6.3324466667,6.3278700000,1,1,0.0000000000,7.2273276153
2021-06-29,RUB_TJS,1,0.0050000000,True,6.3278700000,6.3340433333,6.3456600000,1,1,0.0000000000,8.5937734349
2021-06-30,RUB_TJS,1,0.0050000000,True,6.3286000000,6.3502366667,6.3764500000,1,1,0.0000000000,7.2070804710
2021-07-01,RUB_TJS,1,0.0050000000,True,6.3456600000,6.3716000000,6.3926900000,1,1,0.0000000000,-7.6119028188
2021-07-02,RUB_TJS,1,0.0050000000,True,6.3764500000,6.4231933333,6.5004400000,1,1,0.0000000000,47.4893588755
2021-07-03,RUB_TJS,1,0.0050000000,True,6.3926900000,6.4645233333,6.5004400000,0,1,0.0000000000,-55.5596519877
2021-07-06,RUB_TJS,1,0.0050000000,True,6.4240200000,6.4520666667,6.4240200000,1,1,12.0029727570,31.5041175437
2021-07-07,RUB_TJS,1,0.0050000000,True,6.4240200000,6.4497433333,6.4934700000,1,1,0.0000000000,39.8827240154
2021-07-08,RUB_TJS,1,0.0050000000,True,6.4240200000,6.5035566667,6.5931800000,0,1,0.0000000000,15.5094622583
2021-07-09,RUB_TJS,1,0.0050000000,True,6.4934700000,6.5386733333,6.5293700000,0,0,96.7818260688,-83.3604370305
2021-07-10,RUB_TJS,1,0.0050000000,True,6.5293700000,6.5506400000,6.5293700000,1,1,0.0000000000,32.4701097908
2021-07-13,RUB_TJS,1,0.0050000000,True,6.4935500000,6.5222866667,6.4935500000,0,0,77.0025397543,-33.1989905381
2021-07-14,RUB_TJS,1,0.0050000000,True,6.4935500000,6.5122366667,6.4992200000,1,1,0.0000000000,28.6946983397
2021-07-15,RUB_TJS,1,0.0050000000,True,6.4935500000,6.5001400000,6.5076500000,1,1,0.0000000000,1.4153541308
2021-07-16,RUB_TJS,1,0.0050000000,True,6.4992200000,6.5032566667,6.5029000000,1,1,7.2991018263,-6.7555896353
2021-07-17,RUB_TJS,1,0.0050000000,True,6.5029000000,6.5044833333,6.5029000000,1,1,0.0000000000,2.4342184493
2021-07-20,RUB_TJS,1,0.0050000000,True,6.5029000000,6.5176933333,6.5314300000,1,1,0.0000000000,-1.6212279600
2021-07-21,RUB_TJS,1,0.0050000000,True,6.5187500000,6.5273133333,6.5317600000,1,1,0.0000000000,-6.3068317031
2021-07-22,RUB_TJS,1,0.0050000000,True,6.4616000000,6.5082633333,6.4616000000,0,0,107.4136220559,-36.1028210803
2021-07-23,RUB_TJS,1,0.0050000000,True,6.4616000000,6.4870833333,6.4678900000,1,1,0.0000000000,39.2831909564
2021-07-24,RUB_TJS,1,0.0050000000,True,6.4616000000,6.4657933333,6.4678900000,1,1,0.0000000000,-3.2427059737
2021-07-27,RUB_TJS,1,0.0050000000,True,6.4678900000,6.4799500000,6.4749800000,1,1,33.8618865996,-26.2810669835
2021-07-28,RUB_TJS,1,0.0050000000,True,6.4540800000,6.4753466667,6.4540800000,1,1,32.2780919787,0.5662502497
2021-07-29,RUB_TJS,1,0.0050000000,True,6.4174000000,6.4488200000,6.4174000000,0,0,56.8322673410,-8.1565309623
2021-07-30,RUB_TJS,1,0.0050000000,True,6.4128700000,6.4281166667,6.4128700000,1,1,7.0589335245,16.6715497281
2021-07-31,RUB_TJS,1,0.0050000000,True,6.4128700000,6.4143800000,6.4128700000,1,1,0.0000000000,2.3540856638
2021-08-03,RUB_TJS,1,0.0050000000,True,6.3895100000,6.4014833333,6.3895100000,1,1,19.6186545914,-0.9164542593
2021-08-04,RUB_TJS,1,0.0050000000,True,6.3819100000,6.3911633333,6.3819100000,1,1,11.8944958221,2.5869051487
2021-08-05,RUB_TJS,1,0.0050000000,True,6.3819100000,6.3956166667,6.4154300000,1,1,0.0000000000,21.4313449055
2021-08-06,RUB_TJS,1,0.0050000000,True,6.3819100000,6.4031600000,6.4121400000,0,1,5.1282610830,-19.1624135583
2021-08-07,RUB_TJS,1,0.0050000000,True,6.4121400000,6.4132366667,6.4121400000,1,1,0.0000000000,1.7100049845
2021-08-10,RUB_TJS,1,0.0050000000,True,6.4121400000,6.4367833333,6.4529800000,0,1,0.0000000000,-13.1224964850
2021-08-11,RUB_TJS,1,0.0050000000,True,6.4452300000,6.4765766667,6.5315200000,1,1,0.0000000000,36.4338567752
2021-08-12,RUB_TJS,1,0.0050000000,True,6.4504300000,6.4783100000,6.4504300000,0,0,124.1518053990,-82.1356187030
2021-08-13,RUB_TJS,1,0.0050000000,True,6.4421000000,6.4746833333,6.4421000000,1,1,12.9138677577,37.4587174148
2021-08-14,RUB_TJS,1,0.0050000000,True,6.4421000000,6.4448766667,6.4421000000,1,1,0.0000000000,4.3083317343
2021-08-17,RUB_TJS,1,0.0050000000,True,6.4350700000,6.4389066667,6.4395500000,1,1,0.0000000000,5.9585685354
2021-08-18,RUB_TJS,1,0.0050000000,True,6.4350700000,6.4377066667,6.4385000000,1,1,1.6305487185,-2.8633384974
2021-08-19,RUB_TJS,1,0.0050000000,True,6.4385000000,6.4589200000,6.4987100000,1,1,0.0000000000,31.6151926328
2021-08-20,RUB_TJS,1,0.0050000000,True,6.4385000000,6.4848833333,6.5174400000,0,1,0.0000000000,-21.3213807496
2021-08-21,RUB_TJS,1,0.0050000000,True,6.4987100000,6.5111966667,6.5174400000,1,1,0.0000000000,-9.5886112077
2021-08-24,RUB_TJS,1,0.0050000000,True,6.4808500000,6.4965566667,6.4808500000,1,1,16.2215122208,7.9683237325
2021-08-25,RUB_TJS,1,0.0050000000,True,6.4630000000,6.4784100000,6.4630000000,1,1,27.5426834443,-3.7663562510
2021-08-26,RUB_TJS,1,0.0050000000,True,6.4630000000,6.4761933333,6.4847300000,1,1,0.0000000000,20.3720498359
2021-08-27,RUB_TJS,1,0.0050000000,True,6.4630000000,6.4773633333,6.4843600000,1,1,0.5705711726,-11.3729403271
2021-08-28,RUB_TJS,1,0.0050000000,True,6.4843600000,6.4844833333,6.4843600000,1,1,0.0000000000,0.1901976256
2021-08-31,RUB_TJS,1,0.0050000000,True,6.4482400000,6.4657866667,6.4647600000,1,1,0.0000000000,27.1377135858
2021-09-01,RUB_TJS,1,0.0050000000,True,6.4482400000,6.4567000000,6.4571000000,1,1,11.8488544045,-12.4831570307
2021-09-02,RUB_TJS,1,0.0050000000,True,6.4269200000,6.4495933333,6.4269200000,1,1,46.7392482693,-11.6389767210
2021-09-03,RUB_TJS,1,0.0050000000,True,6.4248400000,6.4362866667,6.4248400000,1,1,3.2363869474,14.5529047287
2021-09-04,RUB_TJS,1,0.0050000000,True,6.4248400000,6.4255333333,6.4248400000,1,1,0.0000000000,1.0790284594
2021-09-07,RUB_TJS,1,0.0050000000,True,6.4248400000,6.4385033333,6.4570700000,1,1,0.0000000000,7.6156415233
2021-09-08,RUB_TJS,1,0.0050000000,True,6.4336000000,6.4566333333,6.4792300000,1,1,0.0000000000,-0.6763070537
2021-09-09,RUB_TJS,1,0.0050000000,True,6.4516100000,6.4626366667,6.4516100000,1,1,42.6285222164,-25.6757948639
2021-09-10,RUB_TJS,1,0.0050000000,True,6.4190600000,6.4499666667,6.4190600000,0,0,50.4525227036,-2.5478167846
2021-09-11,RUB_TJS,1,0.0050000000,True,6.4190600000,6.4299100000,6.4190600000,1,1,0.0000000000,16.8742641810
2021-09-14,RUB_TJS,1,0.0050000000,True,6.4152700000,6.4273266667,6.4152700000,0,0,50.2198475414,-31.6201966810
2021-09-15,RUB_TJS,1,0.0050000000,True,6.4152700000,6.4300300000,6.4271700000,1,1,0.0000000000,22.9547918128
2021-09-16,RUB_TJS,1,0.0050000000,True,6.3902000000,6.4108800000,6.3902000000,0,0,57.5214285603,-25.4099281222
2021-09-17,RUB_TJS,1,0.0050000000,True,6.3902000000,6.4054200000,6.3988900000,1,1,0.0000000000,23.7611272953
2021-09-18,RUB_TJS,1,0.0050000000,True,6.3902000000,6.3959933333,6.3988900000,1,1,0.0000000000,-4.5288769323
2021-09-21,RUB_TJS,1,0.0050000000,True,6.3988900000,6.4414233333,6.4559000000,0,1,20.9908678905,-43.5566259424
2021-09-22,RUB_TJS,1,0.0050000000,True,6.4297000000,6.4516933333,6.4297000000,1,1,40.5830325749,-6.5202520475
2021-09-23,RUB_TJS,1,0.0050000000,True,6.4159200000,6.4338400000,6.4159200000,1,1,21.4317930852,6.4347263842
2021-09-24,RUB_TJS,1,0.0050000000,True,6.4159200000,6.4288533333,6.4409400000,1,1,0.0000000000,20.1176363229
2021-09-25,RUB_TJS,1,0.0050000000,True,6.4159200000,6.4326000000,6.4409400000,1,1,0.0000000000,-12.9652084694
2021-09-28,RUB_TJS,1,0.0050000000,True,6.3943100000,6.4152000000,6.3943100000,1,1,25.0220346783,7.5601695972
2021-09-29,RUB_TJS,1,0.0050000000,True,6.3943100000,6.4079300000,6.4191300000,1,1,0.0000000000,21.2549138333
2021-09-30,RUB_TJS,1,0.0050000000,True,6.3943100000,6.4080133333,6.4106000000,1,1,13.2884051266,-17.3480704368
2021-10-01,RUB_TJS,1,0.0050000000,True,6.4106000000,6.4219566667,6.4361400000,1,1,0.0000000000,17.6841222327
2021-10-02,RUB_TJS,1,0.0050000000,True,6.4106000000,6.4276266667,6.4361400000,1,1,0.0000000000,-13.2449094741
2021-10-05,RUB_TJS,1,0.0050000000,True,6.4078200000,6.4277200000,6.4078200000,1,1,48.7327618338,-17.8601432545
2021-10-06,RUB_TJS,1,0.0050000000,True,6.4077900000,6.4182700000,6.4077900000,1,1,0.0468177945,16.2816459887
2021-10-07,RUB_TJS,1,0.0050000000,True,6.3898700000,6.4018266667,6.3898700000,1,1,27.9659601828,-9.3150496629
2021-10-08,RUB_TJS,1,0.0050000000,True,6.3579800000,6.3852133333,6.3579800000,0,1,49.9071186112,-7.2928912842
2021-10-09,RUB_TJS,1,0.0050000000,True,6.3579800000,6.3686100000,6.3579800000,1,1,0.0000000000,16.6912403177
2021-10-12,RUB_TJS,1,0.0050000000,True,6.3367800000,6.3482900000,6.3501100000,1,1,0.0000000000,18.1308667373
2021-10-13,RUB_TJS,1,0.0050000000,True,6.3367800000,6.3467866667,6.3534700000,1,1,0.0000000000,-5.2362455332
2021-10-14,RUB_TJS,1,0.0050000000,True,6.3470000000,6.3501933333,6.3470000000,1,1,10.1834115845,-5.1599478861
2021-10-15,RUB_TJS,1,0.0050000000,True,6.3013800000,6.3339500000,6.3013800000,0,0,71.8764770758,-20.6032570513
2021-10-16,RUB_TJS,1,0.0050000000,True,6.3013800000,6.3165866667,6.3013800000,1,1,0.0000000000,24.0741835253
2021-10-19,RUB_TJS,1,0.0050000000,True,6.2750300000,6.2898233333,6.2750300000,1,1,28.6506087658,-5.1458785011
2021-10-20,RUB_TJS,1,0.0050000000,True,6.2750300000,6.2877166667,6.2950600000,1,1,0.0000000000,20.1769057660
2021-10-21,RUB_TJS,1,0.0050000000,True,6.2750300000,6.2878566667,6.2934800000,1,1,2.5099045919,-11.4559439173
2021-10-22,RUB_TJS,1,0.0050000000,True,6.2863000000,6.2916133333,6.2863000000,1,1,11.4086324259,-2.9669125672
2021-10-23,RUB_TJS,1,0.0050000000,True,6.2863000000,6.2886933333,6.2863000000,1,1,0.0000000000,3.8057720523
2021-10-26,RUB_TJS,1,0.0050000000,True,6.1797100000,6.2297066667,6.1797100000,0,0,69.7400495894,10.5890486015
2021-10-27,RUB_TJS,1,0.0050000000,True,6.1797100000,6.2036500000,6.2081300000,1,1,0.0000000000,38.5901848106
2021-10-28,RUB_TJS,1,0.0050000000,True,6.1797100000,6.2206400000,6.2740800000,1,1,0.0000000000,20.1104709483
2021-10-29,RUB_TJS,1,0.0050000000,True,6.2081300000,6.2511466667,6.2712300000,0,1,4.5424986612,-36.6866025646
2021-10-30,RUB_TJS,1,0.0050000000,True,6.2712300000,6.2721800000,6.2712300000,1,1,0.0000000000,1.5146248992
2021-11-02,RUB_TJS,1,0.0050000000,True,6.2712300000,6.3220700000,6.3649400000,0,1,0.0000000000,-12.6066304233
2021-11-03,RUB_TJS,1,0.0050000000,True,6.3300400000,6.3469900000,6.3459900000,0,1,29.7724723250,-28.2811222327
2021-11-04,RUB_TJS,1,0.0050000000,True,6.3459900000,6.3523066667,6.3459900000,1,1,0.0000000000,9.9438943964
2021-11-09,RUB_TJS,1,0.0050000000,True,6.3253400000,6.3355033333,6.3253400000,1,1,15.5323132097,0.5103514533
2021-11-10,RUB_TJS,1,0.0050000000,True,6.2645100000,6.3083433333,6.2645100000,0,0,96.1687434984,-26.9431541192
2021-11-11,RUB_TJS,1,0.0050000000,True,6.2645100000,6.2995966667,6.3089400000,1,1,0.0000000000,55.6966874599
2021-11-12,RUB_TJS,1,0.0050000000,True,6.2645100000,6.3123066667,6.3634700000,0,1,0.0000000000,5.3334966827
2021-11-13,RUB_TJS,1,0.0050000000,True,6.3089400000,6.3452933333,6.3634700000,0,1,0.0000000000,-28.6459044709
2021-11-16,RUB_TJS,1,0.0050000000,True,6.3634700000,6.3990400000,6.4293600000,0,1,0.0000000000,-8.2043556533
2021-11-17,RUB_TJS,1,0.0050000000,True,6.4042900000,6.4279500000,6.4502000000,1,1,0.0000000000,-2.1935453761
2021-11-18,RUB_TJS,1,0.0050000000,True,6.4293600000,6.4376900000,6.4335100000,1,1,25.8751666615,-19.4324361689
2021-11-19,RUB_TJS,1,0.0050000000,True,6.4335100000,6.4418833333,6.4419400000,1,1,0.0000000000,12.9982691397
2021-11-20,RUB_TJS,1,0.0050000000,True,6.4335100000,6.4391300000,6.4419400000,1,1,0.0000000000,-4.3639435762
2021-11-23,RUB_TJS,1,0.0050000000,True,6.4419400000,6.5243466667,6.6252900000,0,1,0.0000000000,28.4115293281
2021-11-24,RUB_TJS,1,0.0050000000,True,6.5058100000,6.5738300000,6.5903900000,0,0,52.6769394245,-78.2800893847
2021-11-25,RUB_TJS,1,0.0050000000,True,6.5903900000,6.6087533333,6.6105800000,1,1,0.0000000000,27.7863802855
2021-11-26,RUB_TJS,1,0.0050000000,True,6.5903900000,6.6330000000,6.6980300000,1,1,0.0000000000,33.8006935022
2021-11-27,RUB_TJS,1,0.0050000000,True,6.6105800000,6.6688800000,6.6980300000,0,1,0.0000000000,-43.7104881179
2021-11-30,RUB_TJS,1,0.0050000000,True,6.6335300000,6.6566833333,6.6335300000,1,1,7.4715786271,27.3309280648
2021-12-01,RUB_TJS,1,0.0050000000,True,6.5522200000,6.6080800000,6.5522200000,0,0,122.5742553361,-38.5134562536
2021-12-02,RUB_TJS,1,0.0050000000,True,6.5522200000,6.5819566667,6.5601200000,1,1,0.0000000000,45.1790678253
2021-12-03,RUB_TJS,1,0.0050000000,True,6.5316700000,6.5480033333,6.5316700000,1,1,43.3681091200,-18.5043685072
2021-12-04,RUB_TJS,1,0.0050000000,True,6.5316700000,6.5411533333,6.5316700000,1,1,0.0000000000,14.4979529604
2021-12-07,RUB_TJS,1,0.0050000000,True,6.5223000000,6.5402766667,6.5668600000,1,1,0.0000000000,27.4860951346
2021-12-08,RUB_TJS,1,0.0050000000,True,6.5223000000,6.5433100000,6.5407700000,0,1,39.7297947573,-35.9909587044
2021-12-09,RUB_TJS,1,0.0050000000,True,6.5219100000,6.5431800000,6.5219100000,1,1,28.8345255987,3.6832243649
2021-12-10,RUB_TJS,1,0.0050000000,True,6.5195700000,6.5274166667,6.5195700000,1,1,3.5879059969,8.4362113649
2021-12-11,RUB_TJS,1,0.0050000000,True,6.5195700000,6.5203500000,6.5195700000,1,1,0.0000000000,1.1962548023
2021-12-14,RUB_TJS,1,0.0050000000,True,6.5022800000,6.5097866667,6.5075100000,1,1,0.0000000000,11.5313558662
2021-12-15,RUB_TJS,1,0.0050000000,True,6.5022800000,6.5170233333,6.5412800000,1,1,0.0000000000,14.5976665216
2021-12-16,RUB_TJS,1,0.0050000000,True,6.5075100000,6.5217500000,6.5164600000,0,1,37.9436440574,-29.9459500901
2021-12-17,RUB_TJS,1,0.0050000000,True,6.5164600000,6.5304866667,6.5337200000,1,1,0.0000000000,21.4787463517
2021-12-18,RUB_TJS,1,0.0050000000,True,6.5164600000,6.5279666667,6.5337200000,1,1,0.0000000000,-8.8133619963
2021-12-21,RUB_TJS,1,0.0050000000,True,6.5337200000,6.5519266667,6.5414800000,0,0,59.4172550140,-43.7326832107
2021-12-22,RUB_TJS,1,0.0050000000,True,6.5387800000,6.5536133333,6.5387800000,1,1,4.1275063136,18.5139597291
2021-12-23,RUB_TJS,1,0.0050000000,True,6.5005100000,6.5269233333,6.5005100000,0,0,58.5277375902,-18.1657820402
2021-12-24,RUB_TJS,1,0.0050000000,True,6.4826000000,6.5072966667,6.4826000000,1,1,27.5516844063,10.4293180630
2021-12-25,RUB_TJS,1,0.0050000000,True,6.4826000000,6.4885700000,6.4826000000,1,1,0.0000000000,9.2007946281
2021-12-28,RUB_TJS,1,0.0050000000,True,6.4826000000,6.4939400000,6.5098200000,1,1,0.0000000000,6.9911332719
2021-12-29,RUB_TJS,1,0.0050000000,True,6.4894000000,6.5076066667,6.5236000000,1,1,0.0000000000,-3.4011479899
2021-12-30,RUB_TJS,1,0.0050000000,True,6.5098200000,6.5379366667,6.5803900000,1,1,0.0000000000,21.9284269604
2021-12-31,RUB_TJS,1,0.0050000000,True,6.5236000000,6.5614600000,6.5803900000,0,1,0.0000000000,-28.8502863692
2022-01-11,RUB_TJS,1,0.0050000000,True,6.5803900000,6.6192266667,6.6255400000,0,1,39.4031645807,-49.1346421133
2022-01-12,RUB_TJS,1,0.0050000000,True,6.5982900000,6.6251933333,6.5982900000,1,1,41.1287230928,-0.5232551704
2022-01-13,RUB_TJS,1,0.0050000000,True,6.5982900000,6.6105300000,6.6077600000,1,1,0.0000000000,18.5159132475
2022-01-14,RUB_TJS,1,0.0050000000,True,6.5982900000,6.6380133333,6.7079900000,1,1,0.0000000000,45.5758851544
2022-01-15,RUB_TJS,1,0.0050000000,True,6.6077600000,6.6745800000,6.7079900000,0,1,0.0000000000,-50.0555840218
2022-01-18,RUB_TJS,1,0.0050000000,True,6.7079900000,6.7328266667,6.7582700000,1,1,0.0000000000,0.9010579014
2022-01-19,RUB_TJS,1,0.0050000000,True,6.7322200000,6.7653766667,6.8056400000,1,1,0.0000000000,10.5044656297
2022-01-20,RUB_TJS,1,0.0050000000,True,6.7582700000,6.7771933333,6.7676700000,0,0,55.7919607855,-41.9741112102
2022-01-21,RUB_TJS,1,0.0050000000,True,6.7676700000,6.7876900000,6.7897600000,1,1,0.0000000000,29.4945703177
2022-01-22,RUB_TJS,1,0.0050000000,True,6.7676700000,6.7823966667,6.7897600000,1,1,0.0000000000,-10.8565359639
2022-01-25,RUB_TJS,1,0.0050000000,True,6.7897600000,6.8672700000,6.9625700000,0,1,0.0000000000,25.9054908282
2022-01-26,RUB_TJS,1,0.0050000000,True,6.8494800000,6.9337700000,6.9892600000,0,1,0.0000000000,-41.5358455790
2022-01-27,RUB_TJS,1,0.0050000000,True,6.9625700000,6.9804600000,6.9895500000,1,1,0.0000000000,-12.6066190480
2022-01-28,RUB_TJS,1,0.0050000000,True,6.8895400000,6.9561166667,6.8895400000,0,0,143.0850340866,-48.0632153476
2022-01-29,RUB_TJS,1,0.0050000000,True,6.8895400000,6.9228766667,6.8895400000,1,1,0.0000000000,48.1543558723
2022-02-01,RUB_TJS,1,0.0050000000,True,6.8287000000,6.8590133333,6.8287000000,1,1,43.8852277366,0.3110262701
2022-02-02,RUB_TJS,1,0.0050000000,True,6.7715700000,6.8196900000,6.7715700000,0,0,83.6616046978,-13.2117442288
2022-02-03,RUB_TJS,1,0.0050000000,True,6.7715700000,6.7964900000,6.7892000000,1,1,0.0000000000,36.6659849422
2022-02-04,RUB_TJS,1,0.0050000000,True,6.7361300000,6.7656333333,6.7361300000,0,0,78.1682672480,-34.8329055176
2022-02-05,RUB_TJS,1,0.0050000000,True,6.7361300000,6.7538200000,6.7361300000,1,1,0.0000000000,26.1925843449
2022-02-08,RUB_TJS,1,0.0050000000,True,6.6670400000,6.7011766667,6.6670400000,1,1,49.7286712953,1.2186914437
2022-02-09,RUB_TJS,1,0.0050000000,True,6.6225300000,6.6633100000,6.6225300000,0,0,66.7612613694,-5.5978185016
2022-02-10,RUB_TJS,1,0.0050000000,True,6.6156800000,6.6350833333,6.6156800000,1,1,10.3434790027,18.9196317554
2022-02-11,RUB_TJS,1,0.0050000000,True,6.6156800000,6.6257133333,6.6389300000,1,1,0.0000000000,15.1430235939
2022-02-12,RUB_TJS,1,0.0050000000,True,6.6156800000,6.6311800000,6.6389300000,1,1,0.0000000000,-11.6872110243
2022-02-15,RUB_TJS,1,0.0050000000,True,6.6389300000,6.7246333333,6.7493100000,0,0,53.5688496034,-90.7509207441
2022-02-16,RUB_TJS,1,0.0050000000,True,6.6472400000,6.7274033333,6.6472400000,0,0,151.2302739095,-32.5633317659
2022-02-17,RUB_TJS,1,0.0050000000,True,6.6472400000,6.7030800000,6.7126900000,1,1,0.0000000000,83.3049881547
2022-02-18,RUB_TJS,1,0.0050000000,True,6.6472400000,6.6911433333,6.7135000000,0,1,0.0000000000,-32.2017711971
2022-02-19,RUB_TJS,1,0.0050000000,True,6.7126900000,6.7132300000,6.7135000000,1,1,0.0000000000,-0.4021908977
2022-02-22,RUB_TJS,1,0.0050000000,True,6.7135000000,6.8807666667,7.1262200000,0,1,0.0000000000,113.6307485116
2022-02-23,RUB_TJS,1,0.0050000000,True,6.8025800000,7.0183400000,7.1262200000,0,1,0.0000000000,-153.7115614234
2022-02-25,RUB_TJS,1,0.0050000000,True,7.1262200000,7.4077533333,7.3940000000,0,0,401.1922565636,-398.6183845214
2022-02-26,RUB_TJS,1,0.0050000000,True,7.3940000000,7.4970133333,7.3940000000,1,1,0.0000000000,137.4058291657
2022-03-01,RUB_TJS,1,0.0050000000,True,7.3940000000,7.9369200000,8.1298800000,0,0,189.4561041067,-440.9267070854
2022-03-02,RUB_TJS,1,0.0050000000,True,8.1298800000,8.5179366667,9.1370500000,1,1,0.0000000000,455.5759004235
2022-03-03,RUB_TJS,1,0.0050000000,True,8.1298800000,9.0566733333,9.9030900000,0,1,0.0000000000,-88.7485544729
2022-03-04,RUB_TJS,1,0.0050000000,True,9.1370500000,9.4680233333,9.3639300000,0,0,544.4361305411,-459.5116122443
2022-03-05,RUB_TJS,1,0.0050000000,True,9.3639300000,9.5436500000,9.3639300000,1,1,0.0000000000,188.3136954939
2022-03-06,RUB_TJS,1,0.0050000000,True,9.3639300000,9.3639300000,9.3639300000,1,1,0.0000000000,0.0000000000
2022-03-10,RUB_TJS,1,0.0050000000,True,8.9295900000,9.6551400000,10.6719000000,1,1,0.0000000000,751.4650227754
2022-03-11,RUB_TJS,1,0.0050000000,True,8.9295900000,9.9855300000,10.3551000000,0,0,296.8543558317,-687.3646166002
2022-03-12,RUB_TJS,1,0.0050000000,True,10.3551000000,10.4607000000,10.3551000000,1,1,0.0000000000,100.9492672574
2022-03-15,RUB_TJS,1,0.0050000000,True,9.5061400000,9.9174366667,9.8910700000,1,1,0.0000000000,414.7207393308
2022-03-16,RUB_TJS,1,0.0050000000,True,8.9126200000,9.4366100000,8.9126200000,0,0,989.2256348403,-481.5924362668
2022-03-17,RUB_TJS,1,0.0050000000,True,8.9126200000,9.3156300000,9.1432000000,1,1,0.0000000000,432.6170103364
2022-03-18,RUB_TJS,1,0.0050000000,True,8.9020900000,8.9859700000,8.9020900000,0,0,263.7041735935,-174.9727630962
2022-03-19,RUB_TJS,1,0.0050000000,True,8.9020900000,8.9824600000,8.9020900000,1,1,0.0000000000,89.4743756165
2022-03-22,RUB_TJS,1,0.0050000000,True,8.9020900000,8.9277100000,8.9164800000,0,0,53.6334187066,-41.2759823068
2022-03-23,RUB_TJS,1,0.0050000000,True,8.5233000000,8.8014466667,8.5233000000,0,0,440.9587639966,-130.6982109759
2022-03-24,RUB_TJS,1,0.0050000000,True,7.9353700000,8.4583833333,7.9353700000,0,0,689.7915126770,-76.7483147883
2022-03-25,RUB_TJS,1,0.0050000000,True,7.6351700000,8.0312800000,7.6351700000,0,0,378.3062415489,119.4205655885
2022-03-26,RUB_TJS,1,0.0050000000,True,7.6351700000,7.7352366667,7.6351700000,1,1,0.0000000000,129.3647123919
2022-03-29,RUB_TJS,1,0.0050000000,True,7.1320500000,7.5985700000,7.1320500000,0,0,1116.5736022590,-565.7906685074
2022-03-30,RUB_TJS,1,0.0050000000,True,7.1320500000,7.5402833333,7.4603100000,1,1,0.0000000000,541.4031745049
2022-03-31,RUB_TJS,1,0.0050000000,True,6.4359300000,7.0094300000,6.4359300000,0,0,1373.1064794895,-643.2477391172
2022-04-01,RUB_TJS,1,0.0050000000,True,6.4359300000,6.7787700000,6.4400700000,1,1,0.0000000000,505.7554689125
2022-04-02,RUB_TJS,1,0.0050000000,True,6.4359300000,6.4386900000,6.4400700000,1,1,0.0000000000,-2.1432931233
2022-04-05,RUB_TJS,1,0.0050000000,True,6.4400700000,6.5985633333,6.6681600000,0,1,28.8599857046,-134.7212448770
2022-04-06,RUB_TJS,1,0.0050000000,True,6.6077000000,6.6544400000,6.6077000000,0,0,90.6696899894,-20.6178130692
2022-04-07,RUB_TJS,1,0.0050000000,True,6.1003800000,6.4587466667,6.1003800000,0,0,767.7709339104,-230.6226595046
2022-04-08,RUB_TJS,1,0.0050000000,True,5.9880100000,6.2320300000,5.9880100000,0,0,184.2016398978,211.2473784626
2022-04-09,RUB_TJS,1,0.0050000000,True,5.9880100000,6.0254666667,5.9880100000,1,1,0.0000000000,62.1639264455
2022-04-12,RUB_TJS,1,0.0050000000,True,5.9880100000,6.2303233333,6.3701900000,0,1,0.0000000000,-164.4323435327
2022-04-13,RUB_TJS,1,0.0050000000,True,6.3327700000,6.3661500000,6.3954900000,0,1,0.0000000000,-6.3460647330
2022-04-14,RUB_TJS,1,0.0050000000,True,6.3701900000,6.4216066667,6.4991400000,1,1,0.0000000000,40.6699880923
2022-04-15,RUB_TJS,1,0.0050000000,True,6.3954900000,6.4324866667,6.4028300000,0,0,148.1888372923,-103.6198546337
2022-04-16,RUB_TJS,1,0.0050000000,True,6.4028300000,6.4349333333,6.4028300000,1,1,0.0000000000,49.8891467407
2022-04-19,RUB_TJS,1,0.0050000000,True,6.3185000000,6.3579166667,6.3185000000,0,0,53.3969731221,8.6453896061
2022-04-20,RUB_TJS,1,0.0050000000,True,6.1627700000,6.2778966667,6.1627700000,0,0,246.4667246973,-64.6766512563
2022-04-21,RUB_TJS,1,0.0050000000,True,5.9963200000,6.1591966667,5.9963200000,0,0,270.0895863386,-5.8016223977
2022-04-22,RUB_TJS,1,0.0050000000,True,5.8768700000,6.0119866667,5.8768700000,0,0,199.2055127145,26.0590509183
2022-04-23,RUB_TJS,1,0.0050000000,True,5.8768700000,5.9166866667,5.8768700000,1,1,0.0000000000,67.2955471700
2022-04-26,RUB_TJS,1,0.0050000000,True,5.8132200000,5.8518200000,5.8132200000,0,0,88.9116969603,-23.1551893257
2022-04-27,RUB_TJS,1,0.0050000000,True,5.8132200000,5.8370100000,5.8324400000,1,1,0.0000000000,40.7571684818
2022-04-28,RUB_TJS,1,0.0050000000,True,5.7859400000,5.8105333333,5.7859400000,0,0,79.7264952576,-37.7016452879
2022-04-29,RUB_TJS,1,0.0050000000,True,5.6841700000,5.7675166667,5.6841700000,0,0,175.8919034764,-31.9432684778
2022-04-30,RUB_TJS,1,0.0050000000,True,5.6841700000,5.7180933333,5.6841700000,1,1,0.0000000000,59.3263022406
2022-05-05,RUB_TJS,1,0.0050000000,True,5.3011400000,5.5136033333,5.3011400000,0,0,457.8525785258,-75.9878143815
2022-05-06,RUB_TJS,1,0.0050000000,True,5.3011400000,5.4165133333,5.3929000000,1,1,0.0000000000,213.0029526990
2022-05-07,RUB_TJS,1,0.0050000000,True,5.3011400000,5.3623133333,5.3929000000,0,1,0.0000000000,-57.0400585817
2022-05-12,RUB_TJS,1,0.0050000000,True,5.2654300000,5.3892166667,5.2654300000,0,0,442.6862117285,-222.8586096310
2022-05-13,RUB_TJS,1,0.0050000000,True,5.1044300000,5.2930600000,5.1044300000,0,0,305.7679999544,52.2004284856
2022-05-14,RUB_TJS,1,0.0050000000,True,5.1044300000,5.1580966667,5.1044300000,1,1,0.0000000000,104.0435457782
2022-05-17,RUB_TJS,1,0.0050000000,True,5.0775900000,5.0891600000,5.0854600000,1,1,0.0000000000,22.7345966721
2022-05-18,RUB_TJS,1,0.0050000000,True,5.0775900000,5.0834100000,5.0871800000,1,1,0.0000000000,-4.0327260638
2022-05-19,RUB_TJS,1,0.0050000000,True,4.9942500000,5.0556300000,4.9942500000,0,0,182.6748807787,-62.4056744659
2022-05-20,RUB_TJS,1,0.0050000000,True,4.7298200000,4.9370833333,4.7298200000,0,0,529.4688892226,-115.7903620559
2022-05-21,RUB_TJS,1,0.0050000000,True,4.7298200000,4.8179633333,4.7298200000,1,1,0.0000000000,182.9472896224
2022-05-24,RUB_TJS,1,0.0050000000,True,4.7298200000,4.7894466667,4.8278800000,0,1,0.0000000000,-44.2500664656
2022-05-25,RUB_TJS,1,0.0050000000,True,4.8106400000,4.8590266667,4.9385600000,1,1,0.0000000000,64.1006292069
2022-05-26,RUB_TJS,1,0.0050000000,True,4.8278800000,5.0697933333,5.4429400000,0,1,0.0000000000,258.8534180880
2022-05-27,RUB_TJS,1,0.0050000000,True,4.9385600000,5.4021066667,5.8248200000,0,1,0.0000000000,-75.5877953786
2022-05-28,RUB_TJS,1,0.0050000000,True,5.4429400000,5.6975266667,5.8248200000,0,1,0.0000000000,-223.4185828003
2022-05-31,RUB_TJS,1,0.0050000000,True,5.4041100000,5.5879333333,5.4041100000,0,0,236.2476444795,94.9605697992
2022-06-01,RUB_TJS,1,0.0050000000,True,5.3923900000,5.4437900000,5.3923900000,1,1,21.6871973368,72.8903943760
2022-06-02,RUB_TJS,1,0.0050000000,True,5.3923900000,5.3992733333,5.4013200000,1,1,0.0000000000,12.7486291365
2022-06-03,RUB_TJS,1,0.0050000000,True,5.3923900000,5.4097733333,5.4356100000,1,1,0.0000000000,15.6260397848
2022-06-04,RUB_TJS,1,0.0050000000,True,5.4013200000,5.4241800000,5.4356100000,0,1,0.0000000000,-21.0723095472
2022-06-07,RUB_TJS,1,0.0050000000,True,5.3470600000,5.3810466667,5.3470600000,1,1,25.0164631086,38.2391529777
2022-06-08,RUB_TJS,1,0.0050000000,True,5.3299300000,5.3458200000,5.3299300000,1,1,32.0362965817,-2.3195693084
2022-06-09,RUB_TJS,1,0.0050000000,True,5.1672100000,5.2814000000,5.1672100000,0,0,305.2948162546,-91.8885144091
2022-06-10,RUB_TJS,1,0.0050000000,True,5.1131000000,5.2034133333,5.1131000000,0,0,104.7180199760,69.5761243901
2022-06-11,RUB_TJS,1,0.0050000000,True,5.1131000000,5.1311366667,5.1131000000,1,1,0.0000000000,35.1514056989
2022-06-15,RUB_TJS,1,0.0050000000,True,5.1131000000,5.1241300000,5.1381900000,1,1,0.0000000000,5.9131989235
2022-06-16,RUB_TJS,1,0.0050000000,True,5.1211000000,5.1401433333,5.1611400000,1,1,0.0000000000,3.8001534328
2022-06-17,RUB_TJS,1,0.0050000000,True,5.1381900000,5.1669966667,5.2016600000,1,1,0.0000000000,11.3347599089
2022-06-18,RUB_TJS,1,0.0050000000,True,5.1611400000,5.1881533333,5.2016600000,0,1,0.0000000000,-26.0336690126
2022-06-21,RUB_TJS,1,0.0050000000,True,5.1596300000,5.1892566667,5.1596300000,0,0,89.9840199136,-33.1903670211
2022-06-22,RUB_TJS,1,0.0050000000,True,5.0253100000,5.1304733333,5.0253100000,0,0,260.3287445030,-56.8303639300
2022-06-23,RUB_TJS,1,0.0050000000,True,5.0253100000,5.0756900000,5.0421300000,1,1,0.0000000000,99.2574408603
2022-06-24,RUB_TJS,1,0.0050000000,True,5.0253100000,5.0384766667,5.0479900000,1,1,0.0000000000,-7.2508688142
2022-06-25,RUB_TJS,1,0.0050000000,True,5.0421300000,5.0460366667,5.0479900000,1,1,0.0000000000,-3.8710248505
2022-06-28,RUB_TJS,1,0.0050000000,True,5.0135700000,5.0374800000,5.0135700000,0,0,73.8683160162,-26.6006018882
2022-06-29,RUB_TJS,1,0.0050000000,True,4.8475400000,4.9706633333,4.8475400000,0,0,331.1612284261,-86.3198003754
2022-06-30,RUB_TJS,1,0.0050000000,True,4.8475400000,4.9449666667,4.9737900000,1,1,0.0000000000,197.0218875759
2022-07-01,RUB_TJS,1,0.0050000000,True,4.8475400000,4.9699733333,5.0885900000,0,1,0.0000000000,-7.6794509964
2022-07-02,RUB_TJS,1,0.0050000000,True,4.9737900000,5.0503233333,5.0885900000,0,1,0.0000000000,-75.7707262307
2022-07-05,RUB_TJS,1,0.0050000000,True,5.0885900000,5.3076000000,5.5963200000,0,1,0.0000000000,131.3399653327
2022-07-06,RUB_TJS,1,0.0050000000,True,5.2378900000,5.6170966667,6.0170800000,0,1,0.0000000000,36.9882661802
2022-07-07,RUB_TJS,1,0.0050000000,True,5.5963200000,5.8606200000,5.9684600000,0,0,80.8033132350,-266.9683412335
2022-07-08,RUB_TJS,1,0.0050000000,True,5.7915400000,5.9256933333,5.7915400000,0,0,296.4248734179,-72.1715827346
2022-07-09,RUB_TJS,1,0.0050000000,True,5.7915400000,5.8505133333,5.7915400000,1,1,0.0000000000,100.8002716571
2022-07-12,RUB_TJS,1,0.0050000000,True,5.5965200000,5.7391966667,5.5965200000,0,0,399.7063228082,-157.3971734720
2022-07-13,RUB_TJS,1,0.0050000000,True,5.5799200000,5.6686566667,5.5799200000,1,1,29.6612895156,127.2553109290
2022-07-14,RUB_TJS,1,0.0050000000,True,5.5542400000,5.5768933333,5.5542400000,1,1,46.0221651923,-5.4271553816
2022-07-15,RUB_TJS,1,0.0050000000,True,5.5439500000,5.5593700000,5.5439500000,1,1,18.5263870485,9.2276642857
2022-07-16,RUB_TJS,1,0.0050000000,True,5.5439500000,5.5473800000,5.5439500000,1,1,0.0000000000,6.1830990486
2022-07-19,RUB_TJS,1,0.0050000000,True,5.3408500000,5.4399533333,5.3408500000,0,0,173.3375528513,8.9951752037
2022-07-20,RUB_TJS,1,0.0050000000,True,5.2999400000,5.3586166667,5.2999400000,0,0,76.5982942790,33.1553230467
2022-07-21,RUB_TJS,1,0.0050000000,True,5.2999400000,5.3796366667,5.4981200000,1,1,0.0000000000,148.1450729944
2022-07-22,RUB_TJS,1,0.0050000000,True,5.2999400000,5.4619333333,5.5877400000,0,1,0.0000000000,-66.2524869094
2022-07-23,RUB_TJS,1,0.0050000000,True,5.4981200000,5.5578666667,5.5877400000,0,1,0.0000000000,-53.7496401497
2022-07-26,RUB_TJS,1,0.0050000000,True,5.5877400000,5.6425100000,5.7129400000,0,1,0.0000000000,27.7536061079
2022-07-27,RUB_TJS,1,0.0050000000,True,5.6268500000,5.7350533333,5.8653700000,0,1,0.0000000000,38.5581999819
2022-07-28,RUB_TJS,1,0.0050000000,True,5.7129400000,5.8141333333,5.8640900000,0,1,2.1823005198,-88.1243406871
2022-07-29,RUB_TJS,1,0.0050000000,True,5.8640900000,5.9004600000,5.9719200000,1,1,0.0000000000,61.6392620236
2022-07-30,RUB_TJS,1,0.0050000000,True,5.8640900000,5.9359766667,5.9719200000,0,1,0.0000000000,-60.5516755737
2022-08-02,RUB_TJS,1,0.0050000000,True,5.8604700000,5.9588133333,5.8604700000,0,0,303.7367328199,-143.0430219887
2022-08-03,RUB_TJS,1,0.0050000000,True,5.8604700000,5.9244400000,5.8688000000,1,1,0.0000000000,107.9764500949
2022-08-04,RUB_TJS,1,0.0050000000,True,5.8604700000,5.8669800000,5.8716700000,1,1,0.0000000000,-3.1021070466
2022-08-05,RUB_TJS,1,0.0050000000,True,5.8688000000,5.8746233333,5.8834000000,1,1,0.0000000000,5.0272726705
2022-08-06,RUB_TJS,1,0.0050000000,True,5.8716700000,5.8794900000,5.8834000000,1,1,0.0000000000,-6.6502366702
2022-08-09,RUB_TJS,1,0.0050000000,True,5.8787900000,5.8824966667,5.8853000000,1,1,0.0000000000,6.3011793745
2022-08-10,RUB_TJS,1,0.0050000000,True,5.8787900000,5.8854933333,5.8923900000,1,1,0.0000000000,0.3284912961
2022-08-11,RUB_TJS,1,0.0050000000,True,5.8853000000,5.8957000000,5.9094100000,1,1,0.0000000000,5.6142612412
2022-08-12,RUB_TJS,1,0.0050000000,True,5.8923900000,5.9126600000,5.9361800000,1,1,0.0000000000,5.4966800053
2022-08-13,RUB_TJS,1,0.0050000000,True,5.9094100000,5.9272566667,5.9361800000,1,1,0.0000000000,-15.0547442690
2022-08-16,RUB_TJS,1,0.0050000000,True,5.9361800000,5.9690900000,5.9873400000,0,1,0.0000000000,-24.5598575327
2022-08-17,RUB_TJS,1,0.0050000000,True,5.9222500000,5.9644466667,5.9222500000,0,0,108.7127171666,-38.3829961315
2022-08-18,RUB_TJS,1,0.0050000000,True,5.8446200000,5.9180700000,5.8446200000,0,0,131.0819367639,-7.0631134813
2022-08-19,RUB_TJS,1,0.0050000000,True,5.7664500000,5.8444400000,5.7664500000,0,0,133.7469330769,-0.3079850251
2022-08-20,RUB_TJS,1,0.0050000000,True,5.7664500000,5.7925066667,5.7664500000,1,1,0.0000000000,44.9834038459
2022-08-23,RUB_TJS,1,0.0050000000,True,5.7664500000,5.8121200000,5.8429700000,0,1,0.0000000000,-25.4984411884
2022-08-24,RUB_TJS,1,0.0050000000,True,5.8269400000,5.8409133333,5.8528300000,1,1,0.0000000000,-3.5211388173
2022-08-25,RUB_TJS,1,0.0050000000,True,5.8312100000,5.8423366667,5.8312100000,1,1,36.9393951302,-17.9608501393
2022-08-26,RUB_TJS,1,0.0050000000,True,5.8312100000,5.8489033333,5.8626700000,1,1,0.0000000000,30.2506851712
2022-08-27,RUB_TJS,1,0.0050000000,True,5.8312100000,5.8521833333,5.8626700000,0,1,0.0000000000,-17.9192381191
2022-08-30,RUB_TJS,1,0.0050000000,True,5.8626700000,5.8805966667,5.8899900000,1,1,0.0000000000,-14.5109991673
2022-08-31,RUB_TJS,1,0.0050000000,True,5.8774000000,5.8855066667,5.8774000000,1,1,21.3752485149,-7.6175826267
2022-09-01,RUB_TJS,1,0.0050000000,True,5.8774000000,5.8817733333,5.8779300000,1,1,0.0000000000,7.4353993013
2022-09-02,RUB_TJS,1,0.0050000000,True,5.8774000000,5.8821200000,5.8910300000,1,1,0.0000000000,7.1232820820
2022-09-03,RUB_TJS,1,0.0050000000,True,5.8779300000,5.8866633333,5.8910300000,1,1,0.0000000000,-7.4178977451
2022-09-06,RUB_TJS,1,0.0050000000,True,5.8910300000,5.9249766667,5.9395600000,0,1,8.0412627811,-32.6808600653
2022-09-07,RUB_TJS,1,0.0050000000,True,5.9395600000,5.9521433333,5.9725300000,1,1,0.0000000000,21.1408439425
2022-09-08,RUB_TJS,1,0.0050000000,True,5.9361500000,5.9494133333,5.9361500000,0,0,60.9122097336,-38.8553717341
2022-09-09,RUB_TJS,1,0.0050000000,True,5.9037900000,5.9374900000,5.9037900000,0,0,54.5134472680,2.2568459063
2022-09-10,RUB_TJS,1,0.0050000000,True,5.9037900000,5.9145766667,5.9037900000,1,1,0.0000000000,18.2374280943
2022-09-13,RUB_TJS,1,0.0050000000,True,5.8650000000,5.8904433333,5.8650000000,0,0,63.5997384177,-20.5360886815
2022-09-14,RUB_TJS,1,0.0050000000,True,5.8364400000,5.8679933333,5.8364400000,1,1,48.6956521739,5.1011191787
2022-09-15,RUB_TJS,1,0.0050000000,True,5.8267900000,5.8427433333,5.8267900000,1,1,16.5340515794,10.7883111986
2022-09-16,RUB_TJS,1,0.0050000000,True,5.8267900000,5.8420866667,5.8630300000,1,1,0.0000000000,26.1835668306
2022-09-17,RUB_TJS,1,0.0050000000,True,5.8267900000,5.8509500000,5.8630300000,0,1,0.0000000000,-20.6462198446
2022-09-20,RUB_TJS,1,0.0050000000,True,5.8628100000,5.8677800000,5.8628100000,1,1,24.9936197363,-16.5650382257
2022-09-21,RUB_TJS,1,0.0050000000,True,5.8628100000,5.8955866667,5.9464500000,1,1,0.0000000000,55.5952588264
2022-09-22,RUB_TJS,1,0.0050000000,True,5.8451800000,5.8848133333,5.8451800000,0,0,170.3032901984,-104.7385246997
2022-09-23,RUB_TJS,1,0.0050000000,True,5.6760500000,5.8225600000,5.6760500000,0,0,289.3495153272,-38.8488912094
2022-09-24,RUB_TJS,1,0.0050000000,True,5.6760500000,5.7324266667,5.6760500000,1,1,0.0000000000,98.3469478894
2022-09-27,RUB_TJS,1,0.0050000000,True,5.6698900000,5.6786233333,5.6899300000,1,1,0.0000000000,15.3793143526
2022-09-28,RUB_TJS,1,0.0050000000,True,5.6698900000,5.6926700000,5.7181900000,1,1,0.0000000000,4.8132071594
2022-09-29,RUB_TJS,1,0.0050000000,True,5.6168900000,5.6750033333,5.6168900000,0,0,177.1539595571,-76.0998084583
2022-09-30,RUB_TJS,1,0.0050000000,True,5.4108300000,5.5819700000,5.4108300000,0,0,366.8578163361,-62.5585590750
2022-10-01,RUB_TJS,1,0.0050000000,True,5.4108300000,5.4795166667,5.4108300000,1,1,0.0000000000,125.3516885613
2022-10-04,RUB_TJS,1,0.0050000000,True,5.4108300000,5.5987066667,5.7525700000,0,1,0.0000000000,-60.7521260863
2022-10-05,RUB_TJS,1,0.0050000000,True,5.6327200000,5.7326133333,5.8125500000,0,1,0.0000000000,-34.8125113386
2022-10-06,RUB_TJS,1,0.0050000000,True,5.7525700000,5.8202533333,5.8956400000,0,1,0.0000000000,13.2353918157
2022-10-07,RUB_TJS,1,0.0050000000,True,5.8125500000,5.9005600000,5.9934900000,0,1,0.0000000000,8.3381916293
2022-10-08,RUB_TJS,1,0.0050000000,True,5.8956400000,5.9608733333,5.9934900000,0,1,0.0000000000,-54.7179328309
2022-10-11,RUB_TJS,1,0.0050000000,True,5.9934900000,6.1077100000,6.2319200000,0,1,0.0000000000,16.3563757939
2022-10-12,RUB_TJS,1,0.0050000000,True,6.0977200000,6.1895333333,6.2389600000,0,1,0.0000000000,-68.4811994442
2022-10-13,RUB_TJS,1,0.0050000000,True,6.2131000000,6.2279933333,6.2131000000,1,1,41.4492158950,-17.6086679605
2022-10-14,RUB_TJS,1,0.0050000000,True,6.1704500000,6.2075033333,6.1704500000,0,0,68.6452817434,-9.0159704573
2022-10-15,RUB_TJS,1,0.0050000000,True,6.1704500000,6.1846666667,6.1704500000,1,1,0.0000000000,22.9869569904
2022-10-18,RUB_TJS,1,0.0050000000,True,6.0386800000,6.0844666667,6.0386800000,1,1,9.2484286771,66.0644044397
2022-10-19,RUB_TJS,1,0.0050000000,True,6.0280600000,6.0370033333,6.0280600000,1,1,17.5866248915,-2.7773161188
2022-10-20,RUB_TJS,1,0.0050000000,True,6.0199100000,6.0288833333,6.0199100000,1,1,13.5201043122,1.3656481438
2022-10-21,RUB_TJS,1,0.0050000000,True,5.9899600000,6.0126433333,5.9899600000,0,1,49.7515743591,-12.0856439736
2022-10-22,RUB_TJS,1,0.0050000000,True,5.9899600000,5.9999433333,5.9899600000,1,1,0.0000000000,16.6390460354
2022-10-25,RUB_TJS,1,0.0050000000,True,5.9870300000,5.9936233333,6.0038800000,1,1,0.0000000000,11.0005800609
2022-10-26,RUB_TJS,1,0.0050000000,True,5.9870300000,6.0014033333,6.0133000000,1,1,0.0000000000,-4.1268125622
2022-10-27,RUB_TJS,1,0.0050000000,True,6.0038800000,6.0079166667,6.0065700000,1,1,11.1918580480,-8.9603994729
2022-10-28,RUB_TJS,1,0.0050000000,True,6.0065700000,6.0145366667,6.0237400000,1,1,0.0000000000,13.2456864231
2022-10-29,RUB_TJS,1,0.0050000000,True,6.0065700000,6.0180166667,6.0237400000,1,1,0.0000000000,-9.5103314769
2022-11-01,RUB_TJS,1,0.0050000000,True,6.0135800000,6.0233433333,6.0135800000,1,1,31.7104584838,-15.5506105967
2022-11-02,RUB_TJS,1,0.0050000000,True,6.0135800000,6.0262166667,6.0323600000,1,1,0.0000000000,20.9694861065
2022-11-03,RUB_TJS,1,0.0050000000,True,6.0135800000,6.0416966667,6.0791500000,1,1,0.0000000000,15.4537163678
2022-11-04,RUB_TJS,1,0.0050000000,True,6.0323600000,6.0635533333,6.0791500000,0,1,0.0000000000,-25.7219913956
2022-11-08,RUB_TJS,1,0.0050000000,True,5.9705700000,6.0152266667,5.9705700000,1,1,42.3451790873,32.0298265291
2022-11-09,RUB_TJS,1,0.0050000000,True,5.9705700000,5.9818433333,5.9790000000,1,1,0.0000000000,18.8459187330
2022-11-10,RUB_TJS,1,0.0050000000,True,5.9705700000,5.9822366667,5.9971400000,1,1,0.0000000000,5.4104624190
2022-11-11,RUB_TJS,1,0.0050000000,True,5.8967200000,5.9576200000,5.8967200000,0,0,167.4464828235,-66.3352143977
2022-11-12,RUB_TJS,1,0.0050000000,True,5.8967200000,5.9301933333,5.8967200000,1,1,0.0000000000,56.4456021108
2022-11-15,RUB_TJS,1,0.0050000000,True,5.8967200000,5.9059166667,5.9064200000,1,1,13.8470668396,-14.7197019938
2022-11-16,RUB_TJS,1,0.0050000000,True,5.9064200000,5.9104266667,5.9102500000,1,1,0.0000000000,6.7789804233
2022-11-17,RUB_TJS,1,0.0050000000,True,5.9064200000,5.9103133333,5.9142700000,1,1,0.0000000000,0.1071573194
2022-11-18,RUB_TJS,1,0.0050000000,True,5.9102500000,5.9124300000,5.9127700000,1,1,2.5362386229,-3.1120875850
2022-11-19,RUB_TJS,1,0.0050000000,True,5.9127700000,5.9132700000,5.9127700000,1,1,0.0000000000,0.8455558430
2022-11-22,RUB_TJS,1,0.0050000000,True,5.9127700000,5.9341766667,5.9409000000,0,1,13.3807149605,-24.7436740733
2022-11-23,RUB_TJS,1,0.0050000000,True,5.9259800000,5.9385800000,5.9259800000,1,1,25.1140399603,-3.9066578206
2022-11-24,RUB_TJS,1,0.0050000000,True,5.9144600000,5.9271133333,5.9144600000,1,1,19.4398226116,1.9121168596
2022-11-25,RUB_TJS,1,0.0050000000,True,5.9144600000,5.9213366667,5.9235700000,1,1,0.0000000000,11.6133688283
2022-11-26,RUB_TJS,1,0.0050000000,True,5.9144600000,5.9205333333,5.9235700000,1,1,0.0000000000,-5.1290424286
2022-11-29,RUB_TJS,1,0.0050000000,True,5.9235700000,5.9518700000,5.9818000000,1,1,0.0000000000,2.7386350844
2022-11-30,RUB_TJS,1,0.0050000000,True,5.9502400000,5.9649500000,5.9628100000,0,1,31.7462971012,-28.2483507825
2022-12-01,RUB_TJS,1,0.0050000000,True,5.9628100000,5.9778766667,5.9890200000,1,1,0.0000000000,25.2040440223
2022-12-02,RUB_TJS,1,0.0050000000,True,5.9628100000,6.0007533333,6.0504300000,1,1,0.0000000000,19.5531005552
2022-12-03,RUB_TJS,1,0.0050000000,True,5.9890200000,6.0299600000,6.0504300000,0,1,0.0000000000,-33.9471571951
2022-12-06,RUB_TJS,1,0.0050000000,True,6.0504300000,6.1008866667,6.1616400000,0,1,0.0000000000,16.8773282135
2022-12-07,RUB_TJS,1,0.0050000000,True,6.0905900000,6.1395366667,6.1663800000,0,1,0.0000000000,-36.0016309591
2022-12-08,RUB_TJS,1,0.0050000000,True,6.1308000000,6.1529400000,6.1308000000,0,0,57.6999795666,-21.8432164136
2022-12-09,RUB_TJS,1,0.0050000000,True,6.1118000000,6.1363266667,6.1118000000,1,1,30.9910615254,9.0064740143
2022-12-10,RUB_TJS,1,0.0050000000,True,6.1118000000,6.1181333333,6.1118000000,1,1,0.0000000000,10.3517412718
2022-12-13,RUB_TJS,1,0.0050000000,True,6.1118000000,6.1514000000,6.1930700000,0,1,0.0000000000,3.3650876223
2022-12-14,RUB_TJS,1,0.0050000000,True,6.1493300000,6.1833300000,6.2075900000,0,1,0.0000000000,-15.7520300550
2022-12-15,RUB_TJS,1,0.0050000000,True,6.1930700000,6.2339833333,6.3012900000,1,1,0.0000000000,42.3378310818
2022-12-16,RUB_TJS,1,0.0050000000,True,6.2075900000,6.2801233333,6.3314900000,0,1,0.0000000000,-33.7042213078
2022-12-17,RUB_TJS,1,0.0050000000,True,6.3012900000,6.3214233333,6.3314900000,1,1,0.0000000000,-15.9246836287
2022-12-20,RUB_TJS,1,0.0050000000,True,6.3314900000,6.5312533333,6.7603000000,0,1,0.0000000000,44.8357027952
2022-12-21,RUB_TJS,1,0.0050000000,True,6.5019700000,6.7235966667,6.9085200000,0,1,0.0000000000,-54.5888386127
2022-12-22,RUB_TJS,1,0.0050000000,True,6.7603000000,6.9113133333,7.0651200000,0,1,0.0000000000,4.0416823816
2022-12-23,RUB_TJS,1,0.0050000000,True,6.7278000000,6.9004800000,6.7278000000,0,0,477.4441198451,-238.5920979410
2022-12-24,RUB_TJS,1,0.0050000000,True,6.7278000000,6.8402400000,6.7278000000,1,1,0.0000000000,164.3801971861
2022-12-27,RUB_TJS,1,0.0050000000,True,6.7071100000,6.7635700000,6.8558000000,1,1,0.0000000000,83.4766255099
2022-12-28,RUB_TJS,1,0.0050000000,True,6.7071100000,6.8497866667,6.9864500000,0,1,0.0000000000,-8.7788622127
2022-12-29,RUB_TJS,1,0.0050000000,True,6.8558000000,6.9660233333,7.0558200000,0,1,0.0000000000,-29.3232820064
2022-12-30,RUB_TJS,1,0.0050000000,True,6.8942100000,6.9788266667,6.8942100000,0,0,229.0449586299,-110.3241805690
2022-12-31,RUB_TJS,1,0.0050000000,True,6.8942100000,6.9480800000,6.8942100000,1,1,0.0000000000,77.5322103372
2023-01-10,RUB_TJS,1,0.0050000000,True,6.8075000000,6.8611666667,6.8075000000,0,0,107.9515649271,-30.0580562101
2023-01-11,RUB_TJS,1,0.0050000000,True,6.7467100000,6.8120000000,6.7467100000,0,0,89.2985677562,6.6059894304
2023-01-12,RUB_TJS,1,0.0050000000,True,6.6212200000,6.7251433333,6.6212200000,0,0,186.0017697515,-32.0687093162
2023-01-13,RUB_TJS,1,0.0050000000,True,6.5987400000,6.6555566667,6.5987400000,1,1,33.9514470143,51.5909763621
2023-01-14,RUB_TJS,1,0.0050000000,True,6.5987400000,6.6062333333,6.5987400000,1,1,0.0000000000,11.3428226877
2023-01-17,RUB_TJS,1,0.0050000000,True,6.5987400000,6.6545666667,6.6970700000,0,1,0.0000000000,-20.0213387298
2023-01-18,RUB_TJS,1,0.0050000000,True,6.6678900000,6.6923066667,6.7119600000,1,1,0.0000000000,-7.1176256119
2023-01-19,RUB_TJS,1,0.0050000000,True,6.6970700000,6.7061500000,6.7094200000,1,1,3.7842895369,-8.6636893001
2023-01-20,RUB_TJS,1,0.0050000000,True,6.6902100000,6.7038633333,6.6902100000,1,1,28.6313869157,-8.2887529032
2023-01-21,RUB_TJS,1,0.0050000000,True,6.6902100000,6.6966133333,6.6902100000,1,1,0.0000000000,9.5620472836
2023-01-24,RUB_TJS,1,0.0050000000,True,6.6848600000,6.6896100000,6.6937600000,1,1,0.0000000000,7.1005634110
2023-01-25,RUB_TJS,1,0.0050000000,True,6.6848600000,6.6974266667,6.7136600000,1,1,0.0000000000,5.4747395517
2023-01-26,RUB_TJS,1,0.0050000000,True,6.6937600000,6.7105233333,6.7241500000,1,1,0.0000000000,-4.6742504435
2023-01-27,RUB_TJS,1,0.0050000000,True,6.7136600000,6.7269033333,6.7429000000,1,1,0.0000000000,4.0930175400
2023-01-28,RUB_TJS,1,0.0050000000,True,6.7241500000,6.7366500000,6.7429000000,1,1,0.0000000000,-9.2776083068
2023-01-31,RUB_TJS,1,0.0050000000,True,6.7429000000,6.7869100000,6.8516700000,1,1,0.0000000000,30.5735599853
2023-02-01,RUB_TJS,1,0.0050000000,True,6.7661600000,6.8084766667,6.8076000000,0,0,64.3200854682,-63.4405248751
2023-02-02,RUB_TJS,1,0.0050000000,True,6.7967000000,6.8186566667,6.7967000000,1,1,16.0115165403,16.2153151378
2023-02-03,RUB_TJS,1,0.0050000000,True,6.7967000000,6.8102700000,6.8265100000,1,1,0.0000000000,19.9257885517
2023-02-04,RUB_TJS,1,0.0050000000,True,6.7967000000,6.8165733333,6.8265100000,1,1,0.0000000000,-14.5772167052
2023-02-07,RUB_TJS,1,0.0050000000,True,6.8265100000,6.8459933333,6.8672200000,1,1,0.0000000000,2.5465016521
2023-02-08,RUB_TJS,1,0.0050000000,True,6.8442500000,6.8788733333,6.9251500000,1,1,0.0000000000,16.9407587095
2023-02-09,RUB_TJS,1,0.0050000000,True,6.8672200000,6.9420833333,7.0338800000,0,1,0.0000000000,24.3922933797
2023-02-10,RUB_TJS,1,0.0050000000,True,6.9251500000,6.9903233333,7.0119400000,0,1,31.1918884030,-62.3099456058
2023-02-11,RUB_TJS,1,0.0050000000,True,7.0119400000,7.0192533333,7.0119400000,1,1,0.0000000000,10.4189619409
2023-02-14,RUB_TJS,1,0.0050000000,True,7.0119400000,7.0625166667,7.0918500000,0,1,0.0000000000,-30.0789850643
2023-02-15,RUB_TJS,1,0.0050000000,True,7.0837600000,7.0959500000,7.1122400000,1,1,0.0000000000,5.7779437566
2023-02-16,RUB_TJS,1,0.0050000000,True,7.0918500000,7.1152933333,7.1417900000,1,1,0.0000000000,4.2912262226
2023-02-17,RUB_TJS,1,0.0050000000,True,7.1066200000,7.1202166667,7.1066200000,1,1,49.2453572564,-30.2987034571
2023-02-18,RUB_TJS,1,0.0050000000,True,7.1066200000,7.1183433333,7.1066200000,1,1,0.0000000000,16.4691878213
2023-02-21,RUB_TJS,1,0.0050000000,True,6.9811900000,7.0315466667,7.0068300000,1,1,0.0000000000,71.6153487331
2023-02-22,RUB_TJS,1,0.0050000000,True,6.9290800000,6.9723666667,6.9290800000,0,0,110.9631602308,-49.4284580558
2023-02-23,RUB_TJS,1,0.0050000000,True,6.9290800000,6.9549966667,6.9290800000,1,1,0.0000000000,37.2633775525
2023-02-28,RUB_TJS,1,0.0050000000,True,6.8609300000,6.9018400000,6.8609300000,0,0,78.9240417554,-19.8063125196
2023-03-01,RUB_TJS,1,0.0050000000,True,6.8609300000,6.8902466667,6.8943000000,1,1,0.0000000000,42.5480655264
2023-03-02,RUB_TJS,1,0.0050000000,True,6.8609300000,6.8900500000,6.9149200000,1,1,0.0000000000,-6.1683151791
2023-03-03,RUB_TJS,1,0.0050000000,True,6.8943000000,6.9076700000,6.9137900000,1,1,1.6341476113,-10.4955795514
2023-03-04,RUB_TJS,1,0.0050000000,True,6.9137900000,6.9141666667,6.9137900000,1,1,0.0000000000,0.5447752200
2023-03-07,RUB_TJS,1,0.0050000000,True,6.9137900000,6.9143300000,6.9139700000,1,1,1.8220652097,-1.3016445556
2023-03-08,RUB_TJS,1,0.0050000000,True,6.9139700000,6.9143900000,6.9139700000,1,1,0.0000000000,0.6074288549
2023-03-10,RUB_TJS,1,0.0050000000,True,6.9139700000,6.9425466667,6.9584100000,0,1,0.0000000000,-18.3122043592
2023-03-11,RUB_TJS,1,0.0050000000,True,6.9552600000,6.9573600000,6.9584100000,1,1,0.0000000000,-1.5091931422
2023-03-14,RUB_TJS,1,0.0050000000,True,6.8897500000,6.9209333333,6.8897500000,1,1,35.9960894566,9.0931858901
2023-03-15,RUB_TJS,1,0.0050000000,True,6.8897500000,6.9150666667,6.9408100000,1,1,0.0000000000,36.6108786611
2023-03-16,RUB_TJS,1,0.0050000000,True,6.8897500000,6.9441066667,7.0017600000,0,1,0.0000000000,4.7474309150
2023-03-17,RUB_TJS,1,0.0050000000,True,6.9408100000,6.9874400000,7.0197500000,0,1,0.0000000000,-20.4939147957
2023-03-18,RUB_TJS,1,0.0050000000,True,7.0017600000,7.0137533333,7.0197500000,1,1,0.0000000000,-8.5498682113
2023-03-21,RUB_TJS,1,0.0050000000,True,7.0197500000,7.0461300000,7.0407700000,0,0,52.4168994344,-45.0460039767
2023-03-22,RUB_TJS,1,0.0050000000,True,7.0407700000,7.0567633333,7.0516500000,1,1,0.0000000000,22.6638369148
2023-03-23,RUB_TJS,1,0.0050000000,True,6.9920000000,7.0281400000,6.9920000000,0,0,84.5901313877,-33.4512402997
2023-03-24,RUB_TJS,1,0.0050000000,True,6.9920000000,7.0161800000,7.0048900000,1,1,0.0000000000,34.4631979225
2023-03-25,RUB_TJS,1,0.0050000000,True,6.9920000000,7.0005933333,7.0048900000,1,1,0.0000000000,-6.1375750055
2023-03-28,RUB_TJS,1,0.0050000000,True,7.0048900000,7.0129433333,7.0183400000,1,1,0.0000000000,-3.7882334712
2023-03-29,RUB_TJS,1,0.0050000000,True,7.0156000000,7.0291800000,7.0536000000,1,1,0.0000000000,15.4214289576
2023-03-30,RUB_TJS,1,0.0050000000,True,7.0183400000,7.0450866667,7.0633200000,0,1,0.0000000000,-12.0840718307
2023-03-31,RUB_TJS,1,0.0050000000,True,7.0536000000,7.0673200000,7.0850400000,1,1,0.0000000000,5.6598540890
2023-04-01,RUB_TJS,1,0.0050000000,True,7.0633200000,7.0778000000,7.0850400000,1,1,0.0000000000,-10.2291672554
2023-04-04,RUB_TJS,1,0.0050000000,True,7.0850400000,7.1661966667,7.2711900000,0,1,0.0000000000,33.2626465271
2023-04-05,RUB_TJS,1,0.0050000000,True,7.1423600000,7.2325166667,7.2840000000,0,1,0.0000000000,-53.4714748900
2023-04-06,RUB_TJS,1,0.0050000000,True,7.2711900000,7.3156000000,7.3916100000,1,1,0.0000000000,43.1953633332
2023-04-07,RUB_TJS,1,0.0050000000,True,7.2840000000,7.4084333333,7.5496900000,0,1,0.0000000000,22.7083548928
2023-04-08,RUB_TJS,1,0.0050000000,True,7.3916100000,7.4969966667,7.5496900000,0,1,0.0000000000,-70.2859233853
2023-04-11,RUB_TJS,1,0.0050000000,True,7.4899100000,7.5231933333,7.5299800000,1,1,0.0000000000,44.2409650512
2023-04-12,RUB_TJS,1,0.0050000000,True,7.4899100000,7.5139566667,7.5219800000,0,1,10.6241982050,-21.3247614328
2023-04-13,RUB_TJS,1,0.0050000000,True,7.4836500000,7.5118700000,7.4836500000,0,0,50.9573277249,-13.4586993651
2023-04-14,RUB_TJS,1,0.0050000000,True,7.4680900000,7.4912400000,7.4680900000,1,1,20.7919932119,10.1318339821
2023-04-15,RUB_TJS,1,0.0050000000,True,7.4680900000,7.4732766667,7.4680900000,1,1,0.0000000000,6.9402845606
2023-04-18,RUB_TJS,1,0.0050000000,True,7.4680900000,7.4748166667,7.4769600000,1,1,3.2622937669,-6.1316999971
2023-04-19,RUB_TJS,1,0.0050000000,True,7.4769600000,7.4793633333,7.4817300000,1,1,0.0000000000,3.2132859793
2023-04-20,RUB_TJS,1,0.0050000000,True,7.4769600000,7.4789466667,7.4781500000,1,1,4.7849895679,-3.7215579377
2023-04-21,RUB_TJS,1,0.0050000000,True,7.4658800000,7.4752533333,7.4658800000,1,1,16.4078013947,-3.8750080265
2023-04-22,RUB_TJS,1,0.0050000000,True,7.4658800000,7.4699700000,7.4658800000,1,1,0.0000000000,5.4752562594
2023-04-25,RUB_TJS,1,0.0050000000,True,7.4464700000,7.4613500000,7.4717000000,1,1,0.0000000000,19.9427717504
2023-04-26,RUB_TJS,1,0.0050000000,True,7.4464700000,7.4657033333,7.4789400000,1,1,0.0000000000,-8.0322863084
2023-04-27,RUB_TJS,1,0.0050000000,True,7.4717000000,7.4744500000,7.4727100000,1,1,8.3300574680,-6.0071309595
2023-04-28,RUB_TJS,1,0.0050000000,True,7.3762900000,7.4426466667,7.3762900000,0,0,129.0294953237,-40.3933367789
2023-04-29,RUB_TJS,1,0.0050000000,True,7.3762900000,7.4084300000,7.3762900000,1,1,0.0000000000,43.3830109753
2023-05-03,RUB_TJS,1,0.0050000000,True,7.2662100000,7.3229400000,7.2662100000,0,0,82.0466482491,-4.6156325192
2023-05-04,RUB_TJS,1,0.0050000000,True,7.2028300000,7.2651200000,7.2028300000,0,0,87.2256650991,-1.5003193340
2023-05-05,RUB_TJS,1,0.0050000000,True,7.0388600000,7.1693000000,7.0388600000,0,0,227.6466333372,-46.7688616741
2023-05-06,RUB_TJS,1,0.0050000000,True,7.0388600000,7.0935166667,7.0388600000,1,1,0.0000000000,77.0515799639
2023-05-11,RUB_TJS,1,0.0050000000,True,6.9531500000,7.0064500000,6.9531500000,0,0,105.5733748474,-29.8153843958
2023-05-12,RUB_TJS,1,0.0050000000,True,6.9531500000,7.0182466667,7.0742500000,1,1,0.0000000000,92.7534607409
2023-05-13,RUB_TJS,1,0.0050000000,True,6.9531500000,7.0338833333,7.0742500000,0,1,0.0000000000,-57.3888771731
2023-05-16,RUB_TJS,1,0.0050000000,True,7.0742500000,7.2168600000,7.3285900000,0,1,0.0000000000,-42.7886920350
2023-05-17,RUB_TJS,1,0.0050000000,True,7.2477400000,7.3254833333,7.4001200000,0,1,0.0000000000,-4.2409033306
2023-05-18,RUB_TJS,1,0.0050000000,True,7.3285900000,7.3540566667,7.3334600000,0,0,90.0796203305,-62.6366309388
2023-05-19,RUB_TJS,1,0.0050000000,True,7.3214600000,7.3516800000,7.3214600000,1,1,16.3633537239,24.7834508575
2023-05-20,RUB_TJS,1,0.0050000000,True,7.3214600000,7.3254600000,7.3214600000,1,1,0.0000000000,5.4604079471
2023-05-23,RUB_TJS,1,0.0050000000,True,7.3214600000,7.3304766667,7.3454900000,1,1,0.0000000000,8.1804593880
2023-05-24,RUB_TJS,1,0.0050000000,True,7.3244800000,7.3323900000,7.3272000000,1,1,24.8996322914,-17.8659345725
2023-05-25,RUB_TJS,1,0.0050000000,True,7.3272000000,7.3337800000,7.3286500000,1,1,0.0000000000,8.9721807854
2023-05-26,RUB_TJS,1,0.0050000000,True,7.3268500000,7.3275666667,7.3268500000,1,1,2.4561140183,-1.4784353150
2023-05-27,RUB_TJS,1,0.0050000000,True,7.3268500000,7.3274500000,7.3268500000,1,1,0.0000000000,0.8188387502
2023-05-30,RUB_TJS,1,0.0050000000,True,7.3268500000,7.3515200000,7.3929300000,1,1,0.0000000000,22.7708011404
2023-05-31,RUB_TJS,1,0.0050000000,True,7.3347800000,7.3830133333,7.4213300000,0,1,0.0000000000,-13.4317333844
2023-06-01,RUB_TJS,1,0.0050000000,True,7.3929300000,7.4110166667,7.4187900000,1,1,3.4225671140,-13.9162193221
2023-06-02,RUB_TJS,1,0.0050000000,True,7.4105300000,7.4168833333,7.4105300000,1,1,11.1338911062,-2.5707114174
2023-06-03,RUB_TJS,1,0.0050000000,True,7.4105300000,7.4132833333,7.4105300000,1,1,0.0000000000,3.7140538268
2023-06-06,RUB_TJS,1,0.0050000000,True,7.4105300000,7.4360833333,7.4452000000,0,1,9.8221809536,-22.1039301604
2023-06-07,RUB_TJS,1,0.0050000000,True,7.4452000000,7.4539900000,7.4642500000,1,1,0.0000000000,11.7923420879
2023-06-08,RUB_TJS,1,0.0050000000,True,7.4452000000,7.4773600000,7.5226300000,1,1,0.0000000000,17.5329260595
2023-06-09,RUB_TJS,1,0.0050000000,True,7.4642500000,7.5200000000,7.5731200000,0,1,0.0000000000,-3.4973404255
2023-06-10,RUB_TJS,1,0.0050000000,True,7.5226300000,7.5562900000,7.5731200000,0,1,0.0000000000,-22.2728349494
2023-06-14,RUB_TJS,1,0.0050000000,True,7.5731200000,7.6543433333,7.7263100000,0,1,0.0000000000,-12.0933517920
2023-06-15,RUB_TJS,1,0.0050000000,True,7.6636000000,7.6944100000,7.6933200000,0,1,42.6982608774,-41.4586693457
2023-06-16,RUB_TJS,1,0.0050000000,True,7.6648000000,7.6948100000,7.6648000000,1,1,37.0711214404,1.9363700988
2023-06-17,RUB_TJS,1,0.0050000000,True,7.6648000000,7.6743066667,7.6648000000,1,1,0.0000000000,12.3876554321
2023-06-20,RUB_TJS,1,0.0050000000,True,7.6648000000,7.6930100000,7.7183600000,1,1,0.0000000000,-3.7176605776
2023-06-21,RUB_TJS,1,0.0050000000,True,7.6958700000,7.7112166667,7.7194200000,1,1,0.0000000000,-9.2635619541
2023-06-22,RUB_TJS,1,0.0050000000,True,7.6608700000,7.6995500000,7.6608700000,0,0,75.8476673118,-25.8067029891
2023-06-23,RUB_TJS,1,0.0050000000,True,7.6608700000,7.6948633333,7.7043000000,1,1,0.0000000000,44.1766563755
2023-06-24,RUB_TJS,1,0.0050000000,True,7.6608700000,7.6898233333,7.7043000000,0,1,0.0000000000,-18.8257467553
2023-06-27,RUB_TJS,1,0.0050000000,True,7.7043000000,7.7516333333,7.7929900000,0,1,0.0000000000,-7.7102030110
2023-06-28,RUB_TJS,1,0.0050000000,True,7.7576100000,7.7985700000,7.8451100000,1,1,0.0000000000,7.1551579328
2023-06-29,RUB_TJS,1,0.0050000000,True,7.7929900000,7.8709533333,7.9747600000,0,1,0.0000000000,32.8338032750
2023-06-30,RUB_TJS,1,0.0050000000,True,7.8451100000,7.9727100000,8.0982600000,0,1,0.0000000000,-2.5712712490
2023-07-01,RUB_TJS,1,0.0050000000,True,7.9747600000,8.0570933333,8.0982600000,0,1,0.0000000000,-51.0936946657
2023-07-04,RUB_TJS,1,0.0050000000,True,8.0982600000,8.1614466667,8.2012200000,0,1,0.0000000000,-28.6877244802
2023-07-05,RUB_TJS,1,0.0050000000,True,8.1848600000,8.2196466667,8.2728600000,1,1,0.0000000000,22.4178330455
2023-07-06,RUB_TJS,1,0.0050000000,True,8.2012200000,8.3167866667,8.4762800000,0,1,0.0000000000,52.8168731834
2023-07-07,RUB_TJS,1,0.0050000000,True,8.2728600000,8.3816933333,8.3959400000,0,0,94.7821449976,-112.8491140215
2023-07-08,RUB_TJS,1,0.0050000000,True,8.3959400000,8.4227200000,8.3959400000,1,1,0.0000000000,31.7949545990
2023-07-11,RUB_TJS,1,0.0050000000,True,8.2868200000,8.3537500000,8.2868200000,0,0,109.4111230067,-29.6154421667
2023-07-12,RUB_TJS,1,0.0050000000,True,8.2868200000,8.3209366667,8.2975000000,1,1,0.0000000000,41.0009930773
2023-07-13,RUB_TJS,1,0.0050000000,True,8.2570900000,8.2804700000,8.2570900000,1,1,48.7014160892,-20.5664654301
2023-07-14,RUB_TJS,1,0.0050000000,True,8.2515200000,8.2687033333,8.2515200000,1,1,6.7457179224,14.0449268346
2023-07-15,RUB_TJS,1,0.0050000000,True,8.2515200000,8.2533766667,8.2515200000,1,1,0.0000000000,2.2495843116
2023-07-18,RUB_TJS,1,0.0050000000,True,8.2515200000,8.2784600000,8.3034800000,1,1,0.0000000000,-2.3192719419
2023-07-19,RUB_TJS,1,0.0050000000,True,8.2803800000,8.3115933333,8.3509200000,1,1,0.0000000000,9.7614657117
2023-07-20,RUB_TJS,1,0.0050000000,True,8.3034800000,8.3244233333,8.3188700000,0,1,38.3790049480,-31.8300326709
2023-07-21,RUB_TJS,1,0.0050000000,True,8.2777400000,8.3158433333,8.2777400000,1,1,49.4418112075,-3.6396388741
2023-07-22,RUB_TJS,1,0.0050000000,True,8.2777400000,8.2914500000,8.2777400000,1,1,0.0000000000,16.5351054399
2023-07-25,RUB_TJS,1,0.0050000000,True,8.2500300000,8.2715633333,8.2500300000,1,1,44.5159359569,-18.5656157703
2023-07-26,RUB_TJS,1,0.0050000000,True,8.2460400000,8.2609966667,8.2460400000,1,1,4.8363460497,13.2752343442
2023-07-27,RUB_TJS,1,0.0050000000,True,8.2442000000,8.2467566667,8.2442000000,1,1,2.2313740899,0.8690285110
2023-07-28,RUB_TJS,1,0.0050000000,True,8.2442000000,8.2739133333,8.3315000000,1,1,0.0000000000,35.9120674054
2023-07-29,RUB_TJS,1,0.0050000000,True,8.2442000000,8.3024000000,8.3315000000,0,1,0.0000000000,-35.0501059934
2023-08-01,RUB_TJS,1,0.0050000000,True,8.3315000000,8.3735500000,8.4012700000,0,1,0.0000000000,-17.1134106801
2023-08-02,RUB_TJS,1,0.0050000000,True,8.3878800000,8.4293200000,8.4988100000,1,1,0.0000000000,33.2767055943
2023-08-03,RUB_TJS,1,0.0050000000,True,8.4012700000,8.4940600000,8.5821000000,0,1,0.0000000000,-5.5921432154
2023-08-04,RUB_TJS,1,0.0050000000,True,8.4988100000,8.5853100000,8.6750200000,0,1,0.0000000000,3.7389447789
2023-08-05,RUB_TJS,1,0.0050000000,True,8.5821000000,8.6440466667,8.6750200000,0,1,0.0000000000,-35.8319830141
2023-08-08,RUB_TJS,1,0.0050000000,True,8.6750200000,8.7656600000,8.7874200000,0,0,53.3361103125,-78.5793653872
2023-08-09,RUB_TJS,1,0.0050000000,True,8.7874200000,8.8424200000,8.9053000000,1,1,0.0000000000,62.2001669226
2023-08-10,RUB_TJS,1,0.0050000000,True,8.7874200000,8.8617100000,8.8924100000,0,1,14.4745264056,-49.1891519808
2023-08-11,RUB_TJS,1,0.0050000000,True,8.8924100000,8.9241366667,8.9747000000,1,1,0.0000000000,35.5515248721
2023-08-12,RUB_TJS,1,0.0050000000,True,8.8924100000,8.9472700000,8.9747000000,0,1,0.0000000000,-30.6573960549
2023-08-15,RUB_TJS,1,0.0050000000,True,8.8881100000,9.0297300000,8.8881100000,0,0,366.6335008963,-217.7805980910
2023-08-16,RUB_TJS,1,0.0050000000,True,8.8230000000,8.9791633333,8.8230000000,0,0,73.2551689842,101.4051420530
2023-08-17,RUB_TJS,1,0.0050000000,True,8.5534700000,8.7548600000,8.5534700000,0,0,305.4856624731,-77.8310561220
2023-08-18,RUB_TJS,1,0.0050000000,True,8.5226400000,8.6330366667,8.5226400000,1,1,36.0438512089,92.1653292333
2023-08-19,RUB_TJS,1,0.0050000000,True,8.5226400000,8.5329166667,8.5226400000,1,1,0.0000000000,12.0435568143
2023-08-22,RUB_TJS,1,0.0050000000,True,8.5226400000,8.5665000000,8.5872200000,0,1,2.8173474092,-27.0121986809
2023-08-23,RUB_TJS,1,0.0050000000,True,8.5872200000,8.5981033333,8.6174500000,1,1,0.0000000000,12.6578303510
2023-08-24,RUB_TJS,1,0.0050000000,True,8.5872200000,8.6058800000,8.6129700000,1,1,5.1987536916,-13.4442962254
2023-08-25,RUB_TJS,1,0.0050000000,True,8.6129700000,8.6237366667,8.6407900000,1,1,0.0000000000,12.4849204966
2023-08-26,RUB_TJS,1,0.0050000000,True,8.6129700000,8.6315166667,8.6407900000,1,1,0.0000000000,-10.7435734546
2023-08-29,RUB_TJS,1,0.0050000000,True,8.6407900000,8.6939333333,8.7311200000,0,1,0.0000000000,-18.3537946001
2023-08-30,RUB_TJS,1,0.0050000000,True,8.7098900000,8.7309566667,8.7518600000,1,1,0.0000000000,-0.1870738105
2023-08-31,RUB_TJS,1,0.0050000000,True,8.7311200000,8.7568966667,8.7877100000,1,1,0.0000000000,5.7516570749
2023-09-01,RUB_TJS,1,0.0050000000,True,8.7518600000,8.7760166667,8.7884800000,1,1,0.0000000000,-13.3241922588
2023-09-02,RUB_TJS,1,0.0050000000,True,8.7877100000,8.7882233333,8.7884800000,1,1,0.0000000000,-0.2920575148
2023-09-05,RUB_TJS,1,0.0050000000,True,8.7884800000,8.8328800000,8.8972100000,1,1,0.0000000000,22.5634221228
2023-09-06,RUB_TJS,1,0.0050000000,True,8.8129500000,8.8787133333,8.9259800000,0,1,0.0000000000,-20.8325981167
2023-09-07,RUB_TJS,1,0.0050000000,True,8.8972100000,8.9274266667,8.9590900000,1,1,0.0000000000,1.6204744331
2023-09-08,RUB_TJS,1,0.0050000000,True,8.9259800000,8.9395633333,8.9336200000,1,1,28.4292266290,-21.8429759246
2023-09-09,RUB_TJS,1,0.0050000000,True,8.9336200000,8.9421100000,8.9336200000,1,1,0.0000000000,9.4944034462
2023-09-12,RUB_TJS,1,0.0050000000,True,8.6405900000,8.7931566667,8.6405900000,0,0,187.0132170998,-13.7644918567
2023-09-13,RUB_TJS,1,0.0050000000,True,8.6405900000,8.7337533333,8.7554100000,1,1,0.0000000000,106.6704425665
2023-09-14,RUB_TJS,1,0.0050000000,True,8.6405900000,8.7229733333,8.7729200000,0,1,0.0000000000,-37.1853328299
2023-09-15,RUB_TJS,1,0.0050000000,True,8.7554100000,8.7816266667,8.8165500000,1,1,0.0000000000,9.9146399604
2023-09-16,RUB_TJS,1,0.0050000000,True,8.7729200000,8.8020066667,8.8165500000,1,1,0.0000000000,-16.5227474644
2023-09-19,RUB_TJS,1,0.0050000000,True,8.7790400000,8.8043200000,8.7790400000,1,1,43.4710123313,-14.8222690679
2023-09-20,RUB_TJS,1,0.0050000000,True,8.7790400000,8.8036533333,8.8145500000,1,1,0.0000000000,27.9580901262
2023-09-21,RUB_TJS,1,0.0050000000,True,8.7652000000,8.7862633333,8.7652000000,0,0,55.9869760793,-32.1941940430
2023-09-22,RUB_TJS,1,0.0050000000,True,8.7625500000,8.7807666667,8.7625500000,1,1,3.0233194907,17.7281406711
2023-09-23,RUB_TJS,1,0.0050000000,True,8.7625500000,8.7634333333,8.7625500000,1,1,0.0000000000,1.0079763259
2023-09-26,RUB_TJS,1,0.0050000000,True,8.7625500000,8.7714466667,8.7800200000,1,1,0.0000000000,-0.3686203036
2023-09-27,RUB_TJS,1,0.0050000000,True,8.7717700000,8.7855366667,8.8048200000,1,1,0.0000000000,6.2792597379
2023-09-28,RUB_TJS,1,0.0050000000,True,8.7800200000,8.8122200000,8.8518200000,1,1,0.0000000000,8.3974299325
2023-09-29,RUB_TJS,1,0.0050000000,True,8.8048200000,8.8491200000,8.8907200000,0,1,0.0000000000,-3.0511508489
2023-09-30,RUB_TJS,1,0.0050000000,True,8.8518200000,8.8777533333,8.8907200000,1,1,0.0000000000,-14.6057974127
2023-10-03,RUB_TJS,1,0.0050000000,True,8.8907200000,8.9779700000,9.0564500000,0,1,0.0000000000,-9.7683552072
2023-10-04,RUB_TJS,1,0.0050000000,True,8.9867400000,9.0386200000,9.0726700000,0,1,0.0000000000,-19.7264626680
2023-10-05,RUB_TJS,1,0.0050000000,True,9.0564500000,9.0738633333,9.0924700000,1,1,0.0000000000,1.3151325841
2023-10-06,RUB_TJS,1,0.0050000000,True,9.0726700000,9.1098666667,9.1644600000,1,1,0.0000000000,19.0965107429
2023-10-07,RUB_TJS,1,0.0050000000,True,9.0924700000,9.1404633333,9.1644600000,0,1,0.0000000000,-26.2532278634
2023-10-10,RUB_TJS,1,0.0050000000,True,9.1095000000,9.1728866667,9.1095000000,0,0,146.2459571430,-78.2886957432
2023-10-11,RUB_TJS,1,0.0050000000,True,9.1095000000,9.1582066667,9.1204200000,1,1,0.0000000000,53.1836291093
2023-10-12,RUB_TJS,1,0.0050000000,True,8.8495700000,9.0264966667,8.8495700000,0,0,296.9709728280,-104.0529197559
2023-10-13,RUB_TJS,1,0.0050000000,True,8.8495700000,8.9493633333,8.8781000000,1,1,0.0000000000,111.5088633866
2023-10-14,RUB_TJS,1,0.0050000000,True,8.8495700000,8.8685900000,8.8781000000,1,1,0.0000000000,-10.7232378540
2023-10-17,RUB_TJS,1,0.0050000000,True,8.8760200000,8.8776800000,8.8789200000,1,1,0.0000000000,1.8698578908
2023-10-18,RUB_TJS,1,0.0050000000,True,8.8760200000,8.8798966667,8.8847500000,1,1,0.0000000000,1.0998626486
2023-10-19,RUB_TJS,1,0.0050000000,True,8.8789200000,8.8808833333,8.8789800000,1,1,6.4942738963,-4.3539212503
2023-10-20,RUB_TJS,1,0.0050000000,True,8.7505600000,8.8380966667,8.7505600000,0,0,144.6337304510,-46.2580744195
2023-10-21,RUB_TJS,1,0.0050000000,True,8.7505600000,8.7933666667,8.7505600000,1,1,0.0000000000,48.6806342660
2023-10-24,RUB_TJS,1,0.0050000000,True,8.5336900000,8.6409133333,8.5336900000,0,0,121.3174987758,2.8044874886
2023-10-25,RUB_TJS,1,0.0050000000,True,8.5017100000,8.5579633333,8.5017100000,1,1,37.4749961623,28.3634462873
2023-10-26,RUB_TJS,1,0.0050000000,True,8.5017100000,8.5244033333,8.5378100000,1,1,0.0000000000,26.6216090980
2023-10-27,RUB_TJS,1,0.0050000000,True,8.5017100000,8.5153066667,8.5064000000,1,1,36.7892937416,-26.4269206198
2023-10-28,RUB_TJS,1,0.0050000000,True,8.5064000000,8.5168700000,8.5064000000,1,1,0.0000000000,12.2932485761
2023-10-31,RUB_TJS,1,0.0050000000,True,8.3989800000,8.4718533333,8.3989800000,0,0,130.6670364199,-45.2400025811
2023-11-01,RUB_TJS,1,0.0050000000,True,8.3989800000,8.4752633333,8.5166300000,1,1,0.0000000000,90.0070361629
2023-11-02,RUB_TJS,1,0.0050000000,True,8.3989800000,8.4735833333,8.5051400000,0,1,13.4912518214,-50.8010188527
2023-11-03,RUB_TJS,1,0.0050000000,True,8.4925600000,8.5047766667,8.4925600000,1,1,14.7910557616,-0.4272109046
2023-11-04,RUB_TJS,1,0.0050000000,True,8.4925600000,8.4967533333,8.4925600000,1,1,0.0000000000,4.9352183932
2023-11-08,RUB_TJS,1,0.0050000000,True,8.4173100000,8.4490200000,8.4173100000,1,1,23.5623471796,14.0016238570
2023-11-09,RUB_TJS,1,0.0050000000,True,8.3917500000,8.4154166667,8.3917500000,1,1,30.3659957873,-2.2498390850
2023-11-10,RUB_TJS,1,0.0050000000,True,8.3917500000,8.4041333333,8.4033400000,1,1,0.0000000000,14.7348130285
2023-11-11,RUB_TJS,1,0.0050000000,True,8.3917500000,8.3994766667,8.4033400000,1,1,0.0000000000,-4.5994929049
2023-11-14,RUB_TJS,1,0.0050000000,True,8.3297900000,8.3813633333,8.3297900000,0,0,96.5050362860,-35.3124730304
2023-11-15,RUB_TJS,1,0.0050000000,True,8.1668600000,8.3025366667,8.1668600000,0,0,195.5991687666,-32.8253092127
2023-11-16,RUB_TJS,1,0.0050000000,True,8.1195700000,8.2054066667,8.1195700000,0,0,57.9047516426,46.9771557128
2023-11-17,RUB_TJS,1,0.0050000000,True,8.1195700000,8.1412400000,8.1372900000,1,1,0.0000000000,26.6175668571
2023-11-18,RUB_TJS,1,0.0050000000,True,8.1195700000,8.1313833333,8.1372900000,1,1,0.0000000000,-7.2640366645
2023-11-21,RUB_TJS,1,0.0050000000,True,8.0235700000,8.0803866667,8.0235700000,0,0,70.2077893148,0.1072555934
2023-11-22,RUB_TJS,1,0.0050000000,True,8.0235700000,8.0516200000,8.0509900000,1,1,0.0000000000,34.8377096783
2023-11-23,RUB_TJS,1,0.0050000000,True,8.0235700000,8.0400633333,8.0456300000,1,1,6.6575663366,-13.5902743718
2023-11-24,RUB_TJS,1,0.0050000000,True,8.0456300000,8.0681033333,8.1076900000,1,1,0.0000000000,27.8545432611
2023-11-25,RUB_TJS,1,0.0050000000,True,8.0456300000,8.0870033333,8.1076900000,0,1,0.0000000000,-25.5801386669
2023-11-28,RUB_TJS,1,0.0050000000,True,8.0904100000,8.0987700000,8.0904100000,1,1,9.6317581293,0.6914630246
2023-11-29,RUB_TJS,1,0.0050000000,True,8.0904100000,8.1015666667,8.1160800000,1,1,0.0000000000,13.7709990249
2023-11-30,RUB_TJS,1,0.0050000000,True,8.0883400000,8.0982766667,8.0883400000,1,1,34.1790618131,-21.9841011442
2023-12-01,RUB_TJS,1,0.0050000000,True,8.0883400000,8.1335766667,8.1963100000,1,1,0.0000000000,55.6171885021
2023-12-02,RUB_TJS,1,0.0050000000,True,8.0883400000,8.1603200000,8.1963100000,0,1,0.0000000000,-44.1036626015
2023-12-05,RUB_TJS,1,0.0050000000,True,8.1963100000,8.2780200000,8.3584100000,0,1,0.0000000000,-1.5945842122
2023-12-06,RUB_TJS,1,0.0050000000,True,8.2793400000,8.3673333333,8.4642500000,0,1,0.0000000000,10.6644888853
2023-12-07,RUB_TJS,1,0.0050000000,True,8.3584100000,8.4223666667,8.4444400000,0,1,23.4043181617,-49.7286985843
2023-12-08,RUB_TJS,1,0.0050000000,True,8.3585900000,8.4224266667,8.3585900000,0,0,101.6645271919,-26.1365687165
2023-12-09,RUB_TJS,1,0.0050000000,True,8.3585900000,8.3872066667,8.3585900000,1,1,0.0000000000,34.1194247429
2023-12-12,RUB_TJS,1,0.0050000000,True,8.2272400000,8.2966666667,8.2272400000,0,0,92.6402036567,-9.0437926878
2023-12-13,RUB_TJS,1,0.0050000000,True,8.1993400000,8.2435833333,8.1993400000,1,1,33.9117371075,19.8255208597
2023-12-14,RUB_TJS,1,0.0050000000,True,8.1794100000,8.2019966667,8.1794100000,1,1,24.3068344525,3.2390487032
2023-12-15,RUB_TJS,1,0.0050000000,True,8.1794100000,8.1889533333,8.1881100000,1,1,0.0000000000,11.6539110004
2023-12-16,RUB_TJS,1,0.0050000000,True,8.1794100000,8.1852100000,8.1881100000,1,1,0.0000000000,-3.5429756842
2023-12-19,RUB_TJS,1,0.0050000000,True,8.1881100000,8.2189766667,8.2200700000,0,1,34.7689043795,-36.2251099387
2023-12-20,RUB_TJS,1,0.0050000000,True,8.2200700000,8.2404500000,8.2525300000,1,1,0.0000000000,24.7316590720
2023-12-21,RUB_TJS,1,0.0050000000,True,8.2200700000,8.2812833333,8.3712500000,1,1,0.0000000000,34.7208665324
2023-12-22,RUB_TJS,1,0.0050000000,True,8.2525300000,8.3382966667,8.3911100000,0,1,0.0000000000,-39.5204616131
2023-12-23,RUB_TJS,1,0.0050000000,True,8.3712500000,8.3844900000,8.3911100000,1,1,0.0000000000,-7.8955309148
2023-12-26,RUB_TJS,1,0.0050000000,True,8.3682600000,8.3838466667,8.3682600000,1,1,28.4908432503,-9.9278215171
2023-12-27,RUB_TJS,1,0.0050000000,True,8.3666400000,8.3756900000,8.3666400000,1,1,1.9358863133,8.8709109339
2023-12-28,RUB_TJS,1,0.0050000000,True,8.2432600000,8.3260533333,8.2432600000,0,0,147.4666054713,-48.7465850167
2023-12-29,RUB_TJS,1,0.0050000000,True,8.1871200000,8.2656733333,8.1871200000,0,0,68.1041238539,27.1161615388
2023-12-30,RUB_TJS,1,0.0050000000,True,8.1871200000,8.2058333333,8.1871200000,1,1,0.0000000000,22.8049152026
2024-01-10,RUB_TJS,1,0.0050000000,True,8.1617400000,8.1993333333,8.1617400000,0,0,105.9504384699,-60.7447759980
2024-01-11,RUB_TJS,1,0.0050000000,True,8.1049700000,8.1719500000,8.1049700000,0,0,69.5562465847,12.4939579904
2024-01-12,RUB_TJS,1,0.0050000000,True,8.0475900000,8.1047666667,8.0475900000,0,0,70.7960671045,-0.2508811687
2024-01-13,RUB_TJS,1,0.0050000000,True,8.0475900000,8.0667166667,8.0475900000,1,1,0.0000000000,23.7105968351
2024-01-16,RUB_TJS,1,0.0050000000,True,8.0035200000,8.0190466667,8.0035200000,1,1,3.1351368906,16.2321872010
2024-01-17,RUB_TJS,1,0.0050000000,True,8.0035200000,8.0260133333,8.0684900000,1,1,0.0000000000,28.0255369623
2024-01-18,RUB_TJS,1,0.0050000000,True,8.0035200000,8.0563000000,8.0968900000,0,1,0.0000000000,-15.1310154786
2024-01-19,RUB_TJS,1,0.0050000000,True,8.0684900000,8.0839700000,8.0865300000,1,1,12.7950361188,-15.9822463468
2024-01-20,RUB_TJS,1,0.0050000000,True,8.0865300000,8.0899833333,8.0865300000,1,1,0.0000000000,4.2686532111
2024-01-23,RUB_TJS,1,0.0050000000,True,8.0271600000,8.0479633333,8.0271600000,1,1,3.7857089487,22.0718368084
2024-01-24,RUB_TJS,1,0.0050000000,True,8.0271600000,8.0390266667,8.0597200000,1,1,0.0000000000,14.7613226809
2024-01-25,RUB_TJS,1,0.0050000000,True,8.0271600000,8.0608166667,8.0955700000,1,1,0.0000000000,1.3604907691
2024-01-26,RUB_TJS,1,0.0050000000,True,8.0597200000,8.1097866667,8.1740700000,1,1,0.0000000000,17.5302597356
2024-01-27,RUB_TJS,1,0.0050000000,True,8.0955700000,8.1479033333,8.1740700000,0,1,0.0000000000,-32.1146012614
2024-01-30,RUB_TJS,1,0.0050000000,True,8.1511700000,8.1679533333,8.1511700000,1,1,33.5631194505,-13.0591670047
2024-01-31,RUB_TJS,1,0.0050000000,True,8.1511700000,8.1705866667,8.1819700000,1,1,0.0000000000,23.7641034344
2024-02-01,RUB_TJS,1,0.0050000000,True,8.1511700000,8.1890733333,8.2340800000,1,1,0.0000000000,8.6741601207
2024-02-02,RUB_TJS,1,0.0050000000,True,8.1819700000,8.2302766667,8.2747800000,0,1,0.0000000000,-4.6211488233
2024-02-03,RUB_TJS,1,0.0050000000,True,8.2340800000,8.2612133333,8.2747800000,1,1,0.0000000000,-16.4221236267
2024-02-06,RUB_TJS,1,0.0050000000,True,8.2747800000,8.2932266667,8.2789400000,0,0,56.4739681670,-39.4699610284
2024-02-07,RUB_TJS,1,0.0050000000,True,8.2789400000,8.3081733333,8.3196200000,1,1,0.0000000000,35.1862342785
2024-02-08,RUB_TJS,1,0.0050000000,True,8.2789400000,8.3088400000,8.3279600000,1,1,0.0000000000,-12.9741335734
2024-02-09,RUB_TJS,1,0.0050000000,True,8.2932000000,8.3135933333,8.2932000000,1,1,41.7389132513,-17.2809350790
2024-02-10,RUB_TJS,1,0.0050000000,True,8.2932000000,8.3047866667,8.2932000000,1,1,0.0000000000,13.9517932630
2024-02-13,RUB_TJS,1,0.0050000000,True,8.2932000000,8.3101633333,8.3235100000,1,1,0.0000000000,-4.3521005805
2024-02-14,RUB_TJS,1,0.0050000000,True,8.3137800000,8.3273666667,8.3448100000,1,1,0.0000000000,4.6313160223
2024-02-15,RUB_TJS,1,0.0050000000,True,8.3235100000,8.3503800000,8.3828200000,1,1,0.0000000000,6.6703551216
2024-02-16,RUB_TJS,1,0.0050000000,True,8.3448100000,8.3922266667,8.4490500000,1,1,0.0000000000,11.2087852727
2024-02-17,RUB_TJS,1,0.0050000000,True,8.3828200000,8.4269733333,8.4490500000,0,1,0.0000000000,-26.1976225549
2024-02-20,RUB_TJS,1,0.0050000000,True,8.4293100000,8.4378300000,8.4293100000,1,1,6.8997158313,3.1998748493
2024-02-21,RUB_TJS,1,0.0050000000,True,8.4293100000,8.4334666667,8.4359600000,1,1,0.0000000000,4.9287758296
2024-02-22,RUB_TJS,1,0.0050000000,True,8.4293100000,8.4428333333,8.4632300000,1,1,0.0000000000,8.1410269064
2024-02-23,RUB_TJS,1,0.0050000000,True,8.4359600000,8.4541400000,8.4632300000,1,1,0.0000000000,-10.7521285429
2024-02-27,RUB_TJS,1,0.0050000000,True,8.3981900000,8.4384966667,8.3981900000,0,0,66.0983407992,-18.4551039699
2024-02-28,RUB_TJS,1,0.0050000000,True,8.3839100000,8.4120566667,8.3839100000,1,1,17.0036638847,16.4842763383
2024-02-29,RUB_TJS,1,0.0050000000,True,8.2924700000,8.3581900000,8.2924700000,0,0,109.0660562912,-30.7722126441
2024-03-01,RUB_TJS,1,0.0050000000,True,8.2924700000,8.3372633333,8.3354100000,1,1,0.0000000000,53.7266625060
2024-03-02,RUB_TJS,1,0.0050000000,True,8.2924700000,8.3210966667,8.3354100000,0,1,0.0000000000,-17.2012583277
2024-03-05,RUB_TJS,1,0.0050000000,True,8.3178600000,8.3295033333,8.3178600000,1,1,20.8512292388,-6.8871653412
2024-03-06,RUB_TJS,1,0.0050000000,True,8.2440900000,8.2990633333,8.2440900000,0,0,88.6886771357,-22.6491423329
2024-03-07,RUB_TJS,1,0.0050000000,True,8.2440900000,8.2810166667,8.2811000000,1,1,0.0000000000,44.5919482511
2024-03-08,RUB_TJS,1,0.0050000000,True,8.2440900000,8.2687633333,8.2811000000,1,1,0.0000000000,-14.9196030523
2024-03-12,RUB_TJS,1,0.0050000000,True,8.2723500000,8.2830733333,8.2957700000,1,1,0.0000000000,12.9460804001
2024-03-13,RUB_TJS,1,0.0050000000,True,8.2723500000,8.3079866667,8.3558400000,1,1,0.0000000000,14.7047258943
2024-03-14,RUB_TJS,1,0.0050000000,True,8.2957700000,8.3385866667,8.3641500000,0,1,0.0000000000,-20.6909564211
2024-03-15,RUB_TJS,1,0.0050000000,True,8.3558400000,8.3693933333,8.3881900000,1,1,0.0000000000,6.2648905655
2024-03-16,RUB_TJS,1,0.0050000000,True,8.3641500000,8.3801766667,8.3881900000,1,1,0.0000000000,-9.5622486877
2024-03-19,RUB_TJS,1,0.0050000000,True,8.3881900000,8.4006433333,8.4167000000,1,1,0.0000000000,4.2893540296
2024-03-20,RUB_TJS,1,0.0050000000,True,8.3970400000,8.4250200000,8.4613200000,1,1,0.0000000000,9.8753474769
2024-03-21,RUB_TJS,1,0.0050000000,True,8.3915000000,8.4231733333,8.3915000000,0,0,82.5166758851,-45.2877616987
2024-03-22,RUB_TJS,1,0.0050000000,True,8.3915000000,8.4349100000,8.4519100000,1,1,0.0000000000,51.4646866416
2024-03-23,RUB_TJS,1,0.0050000000,True,8.3915000000,8.4317733333,8.4519100000,0,1,0.0000000000,-23.8818880330
2024-03-26,RUB_TJS,1,0.0050000000,True,8.4482000000,8.4552066667,8.4482000000,1,1,20.4476753320,-12.1857853268
2024-03-27,RUB_TJS,1,0.0050000000,True,8.4482000000,8.4545000000,8.4497900000,1,1,0.0000000000,7.4516529659
2024-03-28,RUB_TJS,1,0.0050000000,True,8.4222900000,8.4400933333,8.4222900000,1,1,32.5451875135,-11.4888144997
2024-03-29,RUB_TJS,1,0.0050000000,True,8.4222900000,8.4354933333,8.4344000000,1,1,0.0000000000,15.6521175604
2024-03-30,RUB_TJS,1,0.0050000000,True,8.4222900000,8.4303633333,8.4344000000,1,1,0.0000000000,-4.7882475607
2024-04-02,RUB_TJS,1,0.0050000000,True,8.4275900000,8.4354166667,8.4442600000,1,1,0.0000000000,9.2783403309
2024-04-03,RUB_TJS,1,0.0050000000,True,8.4275900000,8.4347900000,8.4325200000,1,1,13.9029352483,-11.2273097493
2024-04-04,RUB_TJS,1,0.0050000000,True,8.4267500000,8.4345100000,8.4267500000,1,1,6.8425571478,2.3593546039
2024-04-05,RUB_TJS,1,0.0050000000,True,8.4267500000,8.4318066667,8.4361500000,1,1,0.0000000000,5.9971330778
2024-04-06,RUB_TJS,1,0.0050000000,True,8.4267500000,8.4330166667,8.4361500000,1,1,0.0000000000,-3.7155545366
2024-04-09,RUB_TJS,1,0.0050000000,True,8.4361500000,8.4550666667,8.4747800000,1,1,0.0000000000,0.9422358192
2024-04-10,RUB_TJS,1,0.0050000000,True,8.4542700000,8.4823666667,8.5180500000,1,1,0.0000000000,8.9440447045
2024-04-11,RUB_TJS,1,0.0050000000,True,8.4747800000,8.5188500000,8.5637200000,0,1,0.0000000000,0.9390938918
2024-04-12,RUB_TJS,1,0.0050000000,True,8.5180500000,8.5419633333,8.5441200000,0,1,22.8872499334,-25.4703348840
2024-04-13,RUB_TJS,1,0.0050000000,True,8.5441200000,8.5506533333,8.5441200000,1,1,0.0000000000,7.6407416821
2024-04-16,RUB_TJS,1,0.0050000000,True,8.5441200000,8.5744266667,8.6125700000,1,1,0.0000000000,9.1395809555
2024-04-17,RUB_TJS,1,0.0050000000,True,8.5665900000,8.6045800000,8.6345800000,0,1,0.0000000000,-9.2857524714
2024-04-18,RUB_TJS,1,0.0050000000,True,8.6125700000,8.6202433333,8.6135800000,1,1,24.3208123615,-16.6313943961
2024-04-19,RUB_TJS,1,0.0050000000,True,8.5531000000,8.6004200000,8.5531000000,0,0,70.2147074735,-15.3015782950
2024-04-20,RUB_TJS,1,0.0050000000,True,8.5531000000,8.5732600000,8.5531000000,1,1,0.0000000000,23.5149756335
2024-04-23,RUB_TJS,1,0.0050000000,True,8.5340600000,8.5409866667,8.5340600000,1,1,2.0384732538,6.0726785664
2024-04-24,RUB_TJS,1,0.0050000000,True,8.4621600000,8.5106733333,8.4621600000,0,0,84.2506380316,-27.4792202105
2024-04-25,RUB_TJS,1,0.0050000000,True,8.4244400000,8.4735533333,8.4244400000,1,1,44.5749075886,13.4457563258
2024-04-26,RUB_TJS,1,0.0050000000,True,8.4136500000,8.4334166667,8.4136500000,1,1,12.8079729929,10.6441635952
2024-04-27,RUB_TJS,1,0.0050000000,True,8.3975300000,8.4118733333,8.3975300000,1,1,19.1593422593,-2.1120939371
2024-04-28,RUB_TJS,1,0.0050000000,True,8.3975300000,8.4029033333,8.3975300000,1,1,0.0000000000,6.3946151945
2024-05-03,RUB_TJS,1,0.0050000000,True,8.3975300000,8.4087366667,8.3977600000,1,1,39.3314134163,-26.3812915218
2024-05-04,RUB_TJS,1,0.0050000000,True,8.3977600000,8.4088133333,8.3977600000,1,1,0.0000000000,13.1449384059
2024-05-07,RUB_TJS,1,0.0050000000,True,8.3445300000,8.3706566667,8.3445300000,1,1,30.0489385496,1.1667742515
2024-05-08,RUB_TJS,1,0.0050000000,True,8.3445300000,8.3763600000,8.4148700000,1,1,0.0000000000,37.9997994356
2024-05-09,RUB_TJS,1,0.0050000000,True,8.3445300000,8.3914233333,8.4148700000,0,1,0.0000000000,-27.9412272928
2024-05-14,RUB_TJS,1,0.0050000000,True,8.3825700000,8.3996066667,8.3825700000,1,1,22.3891789206,-2.1112099694
2024-05-15,RUB_TJS,1,0.0050000000,True,8.3736100000,8.3858533333,8.3736100000,1,1,10.6888460222,3.9153240616
2024-05-16,RUB_TJS,1,0.0050000000,True,8.3424100000,8.3661966667,8.3424100000,1,1,37.2599153770,-8.8610555414
2024-05-17,RUB_TJS,1,0.0050000000,True,8.3424100000,8.3599666667,8.3638800000,1,1,0.0000000000,21.0008811837
2024-05-18,RUB_TJS,1,0.0050000000,True,8.3424100000,8.3567233333,8.3638800000,1,1,0.0000000000,-8.5639626696
2024-05-21,RUB_TJS,1,0.0050000000,True,8.3315500000,8.3462033333,8.3315500000,1,1,13.9395290525,3.6224055569
2024-05-22,RUB_TJS,1,0.0050000000,True,8.3180700000,8.3309333333,8.3180700000,1,1,16.1794624050,-0.7402131814
2024-05-23,RUB_TJS,1,0.0050000000,True,8.3180700000,8.3297633333,8.3396700000,1,1,0.0000000000,14.0380138851
2024-05-24,RUB_TJS,1,0.0050000000,True,8.2953500000,8.3176966667,8.2953500000,0,0,53.1435896145,-26.4175699282
2024-05-25,RUB_TJS,1,0.0050000000,True,8.2953500000,8.3101233333,8.2953500000,1,1,0.0000000000,17.7775139318
2024-05-28,RUB_TJS,1,0.0050000000,True,8.1893400000,8.2286533333,8.1893400000,1,1,14.5465275500,33.2780252419
2024-05-29,RUB_TJS,1,0.0050000000,True,8.1893400000,8.2220166667,8.2754400000,1,1,0.0000000000,39.7428854640
2024-05-30,RUB_TJS,1,0.0050000000,True,8.1893400000,8.2664566667,8.3345900000,0,1,0.0000000000,-10.8672115461
2024-05-31,RUB_TJS,1,0.0050000000,True,8.2754400000,8.3303500000,8.3810200000,0,1,0.0000000000,-5.0898221563
2024-06-01,RUB_TJS,1,0.0050000000,True,8.3345900000,8.3655433333,8.3810200000,0,1,0.0000000000,-18.5004918987
2024-06-04,RUB_TJS,1,0.0050000000,True,8.2457600000,8.3101166667,8.2457600000,0,0,69.6206571390,7.8779479630
2024-06-05,RUB_TJS,1,0.0050000000,True,8.2457600000,8.2655500000,8.2473200000,1,1,0.0000000000,23.9427503312
2024-06-06,RUB_TJS,1,0.0050000000,True,8.2457600000,8.2524400000,8.2642400000,1,1,0.0000000000,6.2042256593
2024-06-07,RUB_TJS,1,0.0050000000,True,8.2473200000,8.2594766667,8.2668700000,1,1,0.0000000000,-5.7671127670
2024-06-08,RUB_TJS,1,0.0050000000,True,8.2642400000,8.2659933333,8.2668700000,1,1,0.0000000000,-1.0605702561
2024-06-11,RUB_TJS,1,0.0050000000,True,8.2668700000,8.2835666667,8.2951800000,1,1,0.0000000000,-6.1366480622
2024-06-12,RUB_TJS,1,0.0050000000,True,8.2886500000,8.2930033333,8.2951800000,1,1,0.0000000000,-2.6247025103
2024-06-14,RUB_TJS,1,0.0050000000,True,8.2216900000,8.2655833333,8.2798800000,1,1,0.0000000000,53.1037333522
2024-06-15,RUB_TJS,1,0.0050000000,True,8.2216900000,8.2604833333,8.2798800000,0,1,0.0000000000,-23.4812732911
2024-06-18,RUB_TJS,1,0.0050000000,True,8.0935300000,8.2180900000,8.0935300000,0,0,226.2204650242,-76.3802781425
2024-06-19,RUB_TJS,1,0.0050000000,True,7.7061300000,8.0268400000,7.7061300000,0,0,478.6539371572,-83.0837540053
2024-06-20,RUB_TJS,1,0.0050000000,True,7.7061300000,7.9393266667,8.0183200000,1,1,0.0000000000,293.7234811684
2024-06-21,RUB_TJS,1,0.0050000000,True,7.7061300000,7.9976766667,8.2685800000,0,1,0.0000000000,-25.8116628037
2024-06-22,RUB_TJS,1,0.0050000000,True,8.0183200000,8.1851600000,8.2685800000,0,1,0.0000000000,-101.9161506922
2024-06-25,RUB_TJS,1,0.0050000000,True,8.1829600000,8.2175233333,8.1829600000,1,1,22.0338177034,20.0709297246
2024-06-26,RUB_TJS,1,0.0050000000,True,8.1829600000,8.2055300000,8.2326000000,1,1,0.0000000000,27.5058405734
2024-06-27,RUB_TJS,1,0.0050000000,True,7.9567000000,8.1240866667,7.9567000000,0,0,335.1310643053,-133.5698864201
2024-06-28,RUB_TJS,1,0.0050000000,True,7.9567000000,8.0767800000,8.0410400000,1,1,0.0000000000,148.6731098284
2024-06-29,RUB_TJS,1,0.0050000000,True,7.9567000000,8.0129266667,8.0410400000,0,1,0.0000000000,-35.0849751942
2024-07-02,RUB_TJS,1,0.0050000000,True,8.0410400000,8.1584500000,8.2480000000,0,1,0.0000000000,-34.1486434310
2024-07-03,RUB_TJS,1,0.0050000000,True,8.1863100000,8.2261400000,8.2441100000,0,1,4.7162948594,-26.5738244183
2024-07-04,RUB_TJS,1,0.0050000000,True,8.2441100000,8.2533733333,8.2680100000,1,1,0.0000000000,11.2236935847
2024-07-05,RUB_TJS,1,0.0050000000,True,8.2441100000,8.2604933333,8.2693600000,1,1,0.0000000000,-9.0995372351
2024-07-06,RUB_TJS,1,0.0050000000,True,8.2680100000,8.2689100000,8.2693600000,1,1,0.0000000000,-0.5442071567
2024-07-09,RUB_TJS,1,0.0050000000,True,8.2564600000,8.2612400000,8.2564600000,1,1,1.7437847395,4.0429765992
2024-07-10,RUB_TJS,1,0.0050000000,True,8.2425700000,8.2523100000,8.2425700000,1,1,16.8231905684,-5.0288949397
2024-07-11,RUB_TJS,1,0.0050000000,True,8.2425700000,8.2495766667,8.2497000000,1,1,0.0000000000,8.4933651141
2024-07-12,RUB_TJS,1,0.0050000000,True,8.2314100000,8.2412266667,8.2314100000,1,1,22.1705031698,-10.2816409208
2024-07-13,RUB_TJS,1,0.0050000000,True,8.2314100000,8.2375066667,8.2314100000,1,1,0.0000000000,7.4011068074
2024-07-16,RUB_TJS,1,0.0050000000,True,8.2314100000,8.2467233333,8.2712500000,1,1,0.0000000000,11.1721140154
2024-07-17,RUB_TJS,1,0.0050000000,True,8.2375100000,8.2569000000,8.2619400000,1,1,11.2558561282,-17.3794038925
2024-07-18,RUB_TJS,1,0.0050000000,True,8.2445500000,8.2592466667,8.2445500000,1,1,21.0483252118,-3.2609915190
2024-07-19,RUB_TJS,1,0.0050000000,True,8.2445500000,8.2548900000,8.2581800000,1,1,0.0000000000,12.5259088855
2024-07-20,RUB_TJS,1,0.0050000000,True,8.2445500000,8.2536366667,8.2581800000,1,1,0.0000000000,-5.5046442154
2024-07-23,RUB_TJS,1,0.0050000000,True,8.1864000000,8.2260733333,8.1864000000,0,0,57.3743811971,-9.1983943737
2024-07-24,RUB_TJS,1,0.0050000000,True,8.1203000000,8.1801133333,8.1203000000,0,0,80.7436724323,-7.6853050936
2024-07-25,RUB_TJS,1,0.0050000000,True,8.0133200000,8.1066733333,8.0133200000,0,0,131.7439010874,-16.8091967030
2024-07-26,RUB_TJS,1,0.0050000000,True,8.0133200000,8.0625166667,8.0539300000,1,1,0.0000000000,61.0189953096
2024-07-27,RUB_TJS,1,0.0050000000,True,8.0133200000,8.0403933333,8.0539300000,0,1,0.0000000000,-16.8358264397
2024-07-30,RUB_TJS,1,0.0050000000,True,8.0539300000,8.1038566667,8.1260200000,0,1,6.8866966238,-34.2594081748
2024-07-31,RUB_TJS,1,0.0050000000,True,8.1172200000,8.1249533333,8.1172200000,1,1,10.8294097233,-1.3128280532
2024-08-01,RUB_TJS,1,0.0050000000,True,8.0865100000,8.1099166667,8.0865100000,1,1,37.8331497730,-9.0054357320
2024-08-02,RUB_TJS,1,0.0050000000,True,8.0802500000,8.0946600000,8.0802500000,1,1,7.7412876507,10.0683660586
2024-08-03,RUB_TJS,1,0.0050000000,True,8.0802500000,8.0823366667,8.0802500000,1,1,0.0000000000,2.5817616275
2024-08-06,RUB_TJS,1,0.0050000000,True,8.0120600000,8.0422366667,8.0344000000,1,1,0.0000000000,37.5227289589
2024-08-07,RUB_TJS,1,0.0050000000,True,8.0120600000,8.0537233333,8.1147100000,1,1,0.0000000000,23.9930433832
2024-08-08,RUB_TJS,1,0.0050000000,True,8.0344000000,8.1083300000,8.1758800000,0,1,0.0000000000,-7.8684513334
2024-08-09,RUB_TJS,1,0.0050000000,True,8.1147100000,8.2003500000,8.3104600000,0,1,0.0000000000,29.8401897480
2024-08-10,RUB_TJS,1,0.0050000000,True,8.1758800000,8.2656000000,8.3104600000,0,1,0.0000000000,-54.2731320170
2024-08-13,RUB_TJS,1,0.0050000000,True,8.3104600000,8.5161766667,8.7458900000,0,1,0.0000000000,28.1777464300
2024-08-14,RUB_TJS,1,0.0050000000,True,8.4599600000,8.5660100000,8.4599600000,0,0,326.9307068806,-209.9927504171
2024-08-15,RUB_TJS,1,0.0050000000,True,8.3328000000,8.5128833333,8.3328000000,0,0,150.3080392815,62.1685171299
2024-08-16,RUB_TJS,1,0.0050000000,True,8.3328000000,8.3776433333,8.3401700000,1,1,0.0000000000,53.5273841928
2024-08-17,RUB_TJS,1,0.0050000000,True,8.3328000000,8.3377133333,8.3401700000,1,1,0.0000000000,-2.9464513452
2024-08-20,RUB_TJS,1,0.0050000000,True,8.3401700000,8.4137066667,8.5010600000,0,1,0.0000000000,16.4216167904
2024-08-21,RUB_TJS,1,0.0050000000,True,8.3998900000,8.4983233333,8.5940200000,0,1,0.0000000000,-3.2202430519
2024-08-22,RUB_TJS,1,0.0050000000,True,8.5010600000,8.5509433333,8.5577500000,0,1,42.2037649435,-50.3765081669
2024-08-23,RUB_TJS,1,0.0050000000,True,8.5577500000,8.5783900000,8.5834000000,1,1,0.0000000000,24.0604588973
2024-08-24,RUB_TJS,1,0.0050000000,True,8.5577500000,8.5748500000,8.5834000000,1,1,0.0000000000,-9.9710199012
2024-08-27,RUB_TJS,1,0.0050000000,True,8.5736400000,8.5860700000,8.5736400000,1,1,32.0072734291,-17.5866257787
2024-08-28,RUB_TJS,1,0.0050000000,True,8.5736400000,8.5832500000,8.5749400000,1,1,0.0000000000,11.1962252061
2024-08-29,RUB_TJS,1,0.0050000000,True,8.5665500000,8.5717100000,8.5665500000,1,1,9.7843250215,-3.7682096105
2024-08-30,RUB_TJS,1,0.0050000000,True,8.5530700000,8.5648533333,8.5530700000,1,1,15.7356228587,-1.9809640640
2024-08-31,RUB_TJS,1,0.0050000000,True,8.5530700000,8.5575633333,8.5530700000,1,1,0.0000000000,5.2507158385
2024-09-03,RUB_TJS,1,0.0050000000,True,8.2980700000,8.4271033333,8.2980700000,0,0,156.6990938498,-3.6390519320
2024-09-04,RUB_TJS,1,0.0050000000,True,8.2980700000,8.3563733333,8.3408800000,1,1,0.0000000000,69.7710968714
2024-09-05,RUB_TJS,1,0.0050000000,True,8.2980700000,8.3508600000,8.4136300000,0,1,0.0000000000,11.9508649409
2024-09-06,RUB_TJS,1,0.0050000000,True,8.3408800000,8.3939133333,8.4272300000,0,1,0.0000000000,-23.4892426020
2024-09-07,RUB_TJS,1,0.0050000000,True,8.4136300000,8.4226966667,8.4272300000,1,1,0.0000000000,-5.3822825548
2024-09-10,RUB_TJS,1,0.0050000000,True,8.4272300000,8.4862466667,8.5498800000,0,1,0.0000000000,5.4401749655
2024-09-11,RUB_TJS,1,0.0050000000,True,8.4816300000,8.5303000000,8.5593900000,0,1,0.0000000000,-22.9534717419
2024-09-12,RUB_TJS,1,0.0050000000,True,8.5447000000,8.5513233333,8.5447000000,1,1,17.1624379775,-9.4332378186
2024-09-13,RUB_TJS,1,0.0050000000,True,8.5282800000,8.5441233333,8.5282800000,1,1,19.2165904011,-0.6749278354
2024-09-14,RUB_TJS,1,0.0050000000,True,8.5282800000,8.5337533333,8.5282800000,1,1,0.0000000000,6.4137468234
2024-09-17,RUB_TJS,1,0.0050000000,True,8.5282800000,8.5516600000,8.5760400000,1,1,0.0000000000,1.1693636089
2024-09-18,RUB_TJS,1,0.0050000000,True,8.5506600000,8.5771933333,8.6048800000,1,1,0.0000000000,1.3446512029
2024-09-19,RUB_TJS,1,0.0050000000,True,8.5760400000,8.6273366667,8.7010900000,1,1,0.0000000000,26.0296630749
2024-09-20,RUB_TJS,1,0.0050000000,True,8.6048800000,8.6660800000,8.6922700000,0,1,10.1366610390,-40.3988885401
2024-09-21,RUB_TJS,1,0.0050000000,True,8.6922700000,8.6952100000,8.6922700000,1,1,0.0000000000,3.3811719326
2024-09-24,RUB_TJS,1,0.0050000000,True,8.6922700000,8.7093633333,8.7152000000,1,1,6.2151544271,-12.9247870778
2024-09-25,RUB_TJS,1,0.0050000000,True,8.6734600000,8.7030933333,8.6734600000,1,1,47.8933357812,-13.9107627633
2024-09-26,RUB_TJS,1,0.0050000000,True,8.6734600000,8.6895566667,8.6800100000,1,1,0.0000000000,18.5241517883
2024-09-27,RUB_TJS,1,0.0050000000,True,8.6734600000,8.6861300000,8.7049200000,1,1,0.0000000000,7.0457154107
2024-09-28,RUB_TJS,1,0.0050000000,True,8.6800100000,8.6966166667,8.7049200000,1,1,0.0000000000,-9.5477743260
2024-10-01,RUB_TJS,1,0.0050000000,True,8.7049200000,8.7437333333,8.7735200000,0,1,0.0000000000,-10.3235841288
2024-10-02,RUB_TJS,1,0.0050000000,True,8.7527600000,8.7990366667,8.8708300000,1,1,0.0000000000,28.9993866753
2024-10-03,RUB_TJS,1,0.0050000000,True,8.7735200000,8.8546900000,8.9197200000,0,1,0.0000000000,-18.2276285223
2024-10-04,RUB_TJS,1,0.0050000000,True,8.8708300000,8.9012400000,8.9131700000,0,1,7.3432798339,-20.7611523788
2024-10-05,RUB_TJS,1,0.0050000000,True,8.9131700000,8.9153533333,8.9131700000,1,1,0.0000000000,2.4489588373
2024-10-08,RUB_TJS,1,0.0050000000,True,8.9131700000,8.9865900000,9.0211700000,0,1,4.7199967204,-43.2199532860
2024-10-09,RUB_TJS,1,0.0050000000,True,9.0211700000,9.0486566667,9.0993700000,1,1,0.0000000000,30.3765162932
2024-10-10,RUB_TJS,1,0.0050000000,True,9.0211700000,9.0834966667,9.1299500000,0,1,0.0000000000,-17.4749151300
2024-10-11,RUB_TJS,1,0.0050000000,True,9.0100400000,9.0797866667,9.0100400000,0,0,131.3369733679,-55.2472598475
2024-10-12,RUB_TJS,1,0.0050000000,True,9.0100400000,9.0500100000,9.0100400000,1,1,0.0000000000,44.1656970545
2024-10-15,RUB_TJS,1,0.0050000000,True,9.0100400000,9.0428433333,9.1016800000,1,1,0.0000000000,28.7888801937
2024-10-16,RUB_TJS,1,0.0050000000,True,9.0168100000,9.0810433333,9.1246400000,0,1,0.0000000000,-22.7249952557
2024-10-17,RUB_TJS,1,0.0050000000,True,9.1016800000,9.1158700000,9.1212900000,1,1,3.6713777201,-9.6205847604
2024-10-18,RUB_TJS,1,0.0050000000,True,9.0465500000,9.0974933333,9.0465500000,0,0,81.9401641654,-26.1573884088
2024-10-19,RUB_TJS,1,0.0050000000,True,9.0465500000,9.0714633333,9.0465500000,1,1,0.0000000000,27.4634118200
2024-10-22,RUB_TJS,1,0.0050000000,True,9.0117600000,9.0388266667,9.0581700000,1,1,0.0000000000,29.9448896022
2024-10-23,RUB_TJS,1,0.0050000000,True,9.0117600000,9.0422733333,9.0568900000,0,1,1.4130889573,-17.5803872330
2024-10-24,RUB_TJS,1,0.0050000000,True,9.0568900000,9.0605133333,9.0664800000,1,1,0.0000000000,3.9990375821
2024-10-25,RUB_TJS,1,0.0050000000,True,9.0568900000,9.0648100000,9.0710600000,1,1,0.0000000000,-1.8422890276
2024-10-26,RUB_TJS,1,0.0050000000,True,9.0664800000,9.0695333333,9.0710600000,1,1,0.0000000000,-1.6832913123
2024-10-29,RUB_TJS,1,0.0050000000,True,9.0710600000,9.1090800000,9.1322600000,0,1,0.0000000000,-16.2914366764
2024-10-30,RUB_TJS,1,0.0050000000,True,9.1087700000,9.1216500000,9.1087700000,1,1,25.7220009067,-11.6316675163
2024-10-31,RUB_TJS,1,0.0050000000,True,9.1059100000,9.1156466667,9.1059100000,1,1,3.1398311737,7.5438056324
2024-11-01,RUB_TJS,1,0.0050000000,True,9.1059100000,9.1218766667,9.1509500000,1,1,0.0000000000,17.5037081185
2024-11-02,RUB_TJS,1,0.0050000000,True,9.1059100000,9.1393700000,9.1612500000,1,1,0.0000000000,-12.6704575917
2024-11-03,RUB_TJS,1,0.0050000000,True,9.1509500000,9.1578166667,9.1612500000,1,1,0.0000000000,-3.7490741061
2024-11-06,RUB_TJS,1,0.0050000000,True,9.1612500000,9.1968633333,9.2225300000,1,1,0.0000000000,-10.8152815869
2024-11-07,RUB_TJS,1,0.0050000000,True,9.2068100000,9.2125633333,9.2083500000,1,1,15.3753904840,-10.8185597277
2024-11-08,RUB_TJS,1,0.0050000000,True,9.1799500000,9.2036100000,9.1799500000,1,1,30.8415731374,-5.1501530378
2024-11-09,RUB_TJS,1,0.0050000000,True,9.1799500000,9.1894166667,9.1799500000,1,1,0.0000000000,10.3017057666
2024-11-12,RUB_TJS,1,0.0050000000,True,9.1799500000,9.1891900000,9.1938500000,1,1,0.0000000000,-4.9841172073
2024-11-13,RUB_TJS,1,0.0050000000,True,9.1937700000,9.2062400000,9.2311000000,1,1,0.0000000000,13.4582630911
2024-11-14,RUB_TJS,1,0.0050000000,True,9.1938500000,9.2396700000,9.2940600000,1,1,0.0000000000,9.2752230329
2024-11-15,RUB_TJS,1,0.0050000000,True,9.2311000000,9.3029133333,9.3835800000,0,1,0.0000000000,9.5167320345
2024-11-16,RUB_TJS,1,0.0050000000,True,9.2940600000,9.3537400000,9.3835800000,0,1,0.0000000000,-31.9016778315
2024-11-19,RUB_TJS,1,0.0050000000,True,9.3727000000,9.3797266667,9.3829000000,1,1,0.0000000000,7.4913341469
2024-11-20,RUB_TJS,1,0.0050000000,True,9.3727000000,9.3852066667,9.4000200000,1,1,0.0000000000,2.4577686444
2024-11-21,RUB_TJS,1,0.0050000000,True,9.3829000000,9.4087133333,9.4432200000,1,1,0.0000000000,9.2396622422
2024-11-22,RUB_TJS,1,0.0050000000,True,9.4000200000,9.4864533333,9.6161200000,1,1,0.0000000000,45.5737585104
2024-11-23,RUB_TJS,1,0.0050000000,True,9.4432200000,9.5584866667,9.6161200000,0,1,0.0000000000,-60.2954582071
2024-11-26,RUB_TJS,1,0.0050000000,True,9.6161200000,9.7280266667,9.8402500000,0,1,0.0000000000,0.3255199410
2024-11-27,RUB_TJS,1,0.0050000000,True,9.7277100000,9.8925966667,10.1098300000,0,1,0.0000000000,52.9149913117
2024-11-28,RUB_TJS,1,0.0050000000,True,9.8402500000,10.0654333333,10.2462200000,0,1,0.0000000000,-44.1080529734
2024-11-29,RUB_TJS,1,0.0050000000,True,9.9169700000,10.0910066667,9.9169700000,0,0,321.3380153852,-153.8135276890
2024-11-30,RUB_TJS,1,0.0050000000,True,9.9169700000,10.0267200000,9.9169700000,1,1,0.0000000000,109.4575294812
2024-12-03,RUB_TJS,1,0.0050000000,True,9.7299500000,9.8271833333,9.7299500000,0,0,106.4402016141,-7.5776205797
2024-12-04,RUB_TJS,1,0.0050000000,True,9.5516400000,9.7054066667,9.5516400000,0,0,183.2589067775,-25.2883100897
2024-12-05,RUB_TJS,1,0.0050000000,True,9.4649400000,9.5821766667,9.4649400000,0,0,90.7697526289,31.8681941786
2024-12-06,RUB_TJS,1,0.0050000000,True,9.1053700000,9.3739833333,9.1053700000,0,0,379.8967558167,-97.0309669137
2024-12-07,RUB_TJS,1,0.0050000000,True,9.1053700000,9.2252266667,9.1053700000,1,1,0.0000000000,129.9227336058
2024-12-10,RUB_TJS,1,0.0050000000,True,9.1053700000,9.1371533333,9.1831800000,1,1,0.0000000000,15.5883707033
2024-12-11,RUB_TJS,1,0.0050000000,True,9.1229100000,9.2509700000,9.4468200000,0,1,0.0000000000,73.2788021148
2024-12-12,RUB_TJS,1,0.0050000000,True,9.1831800000,9.3788400000,9.5065200000,0,1,0.0000000000,-72.4823112453
2024-12-13,RUB_TJS,1,0.0050000000,True,9.4468200000,9.4705833333,9.4584100000,0,0,50.6073726243,-37.9455682948
2024-12-14,RUB_TJS,1,0.0050000000,True,9.4584100000,9.4744466667,9.4584100000,1,1,0.0000000000,16.9262303445
2024-12-17,RUB_TJS,1,0.0050000000,True,9.4209400000,9.4367866667,9.4310100000,1,1,0.0000000000,16.7924392343
2024-12-18,RUB_TJS,1,0.0050000000,True,9.4209400000,9.4252033333,9.4236600000,1,1,7.7934388788,-6.1607866285
2024-12-19,RUB_TJS,1,0.0050000000,True,9.4236600000,9.4458033333,9.4827400000,1,1,0.0000000000,23.4425093895
2024-12-20,RUB_TJS,1,0.0050000000,True,9.3687100000,9.4250366667,9.3687100000,0,0,120.2500543092,-61.2234576629
2024-12-21,RUB_TJS,1,0.0050000000,True,9.3687100000,9.4067200000,9.3687100000,1,1,0.0000000000,40.4072833039
2024-12-24,RUB_TJS,1,0.0050000000,True,9.1382500000,9.2690333333,9.1382500000,0,0,174.0726483687,-33.5597743022
2024-12-25,RUB_TJS,1,0.0050000000,True,9.1144300000,9.1842733333,9.1144300000,1,1,26.0662599513,50.1110231185
2024-12-26,RUB_TJS,1,0.0050000000,True,9.0791400000,9.1106066667,9.0791400000,1,1,38.7188227898,-4.1965738103
2024-12-27,RUB_TJS,1,0.0050000000,True,9.0791400000,9.1307033333,9.1985400000,1,1,0.0000000000,56.4724659765
2024-12-28,RUB_TJS,1,0.0050000000,True,9.0791400000,9.1926466667,9.3002600000,0,1,0.0000000000,-6.4109211928
2024-12-29,RUB_TJS,1,0.0050000000,True,9.1985400000,9.2663533333,9.3002600000,0,1,0.0000000000,-36.5911653128
2025-01-10,RUB_TJS,1,0.0050000000,True,9.3002600000,9.3197200000,9.3085400000,0,1,44.7255506740,-32.8765241874
2025-01-11,RUB_TJS,1,0.0050000000,True,9.3085400000,9.3224800000,9.3085400000,1,1,0.0000000000,14.9531026079
2025-01-14,RUB_TJS,1,0.0050000000,True,9.3085400000,9.3812033333,9.4508800000,0,1,0.0000000000,-3.1836711779
2025-01-15,RUB_TJS,1,0.0050000000,True,9.3841900000,9.4089133333,9.3916700000,0,0,62.6502505587,-44.6030962130
2025-01-16,RUB_TJS,1,0.0050000000,True,9.3522400000,9.3982633333,9.3522400000,1,1,41.9840134928,7.0154805196
2025-01-17,RUB_TJS,1,0.0050000000,True,9.3522400000,9.3654433333,9.3524200000,1,1,0.0000000000,14.0979266687
2025-01-18,RUB_TJS,1,0.0050000000,True,9.3522400000,9.3523600000,9.3524200000,1,1,0.0000000000,-0.0641549299
2025-01-21,RUB_TJS,1,0.0050000000,True,9.1289500000,9.2667233333,9.1289500000,0,0,203.7279478044,-56.1974980729
2025-01-22,RUB_TJS,1,0.0050000000,True,8.9784100000,9.1420533333,8.9784100000,0,0,164.9039593820,14.3330309456
2025-01-23,RUB_TJS,1,0.0050000000,True,8.9784100000,9.0532900000,9.0525100000,1,1,0.0000000000,82.7102633407
2025-01-24,RUB_TJS,1,0.0050000000,True,8.9763000000,9.0024066667,8.9763000000,0,0,84.1865957618,-55.6554876807
2025-01-25,RUB_TJS,1,0.0050000000,True,8.9763000000,9.0017033333,8.9763000000,1,1,0.0000000000,28.2205849189
2025-01-28,RUB_TJS,1,0.0050000000,True,8.8714700000,8.9318000000,8.9476300000,1,1,0.0000000000,67.5451756645
2025-01-29,RUB_TJS,1,0.0050000000,True,8.8714700000,8.9306066667,8.9727200000,0,1,0.0000000000,-19.0617882622
2025-01-30,RUB_TJS,1,0.0050000000,True,8.9476300000,8.9690433333,8.9867800000,1,1,0.0000000000,-4.0992852080
2025-01-31,RUB_TJS,1,0.0050000000,True,8.9535800000,8.9710266667,8.9535800000,1,1,36.9431542777,-17.5602346517
2025-02-01,RUB_TJS,1,0.0050000000,True,8.9535800000,8.9646466667,8.9535800000,1,1,0.0000000000,12.3447884542
2025-02-04,RUB_TJS,1,0.0050000000,True,8.9535800000,9.0357333333,9.0056600000,0,0,155.5538065317,-124.2031637351
2025-02-05,RUB_TJS,1,0.0050000000,True,8.9623800000,9.0386666667,8.9623800000,1,1,48.0586653282,36.5171854256
2025-02-06,RUB_TJS,1,0.0050000000,True,8.8545500000,8.9408633333,8.8545500000,0,0,120.3140237303,-24.0655358040
2025-02-07,RUB_TJS,1,0.0050000000,True,8.8545500000,8.9022833333,8.8899200000,1,1,0.0000000000,53.6192025641
2025-02-08,RUB_TJS,1,0.0050000000,True,8.8545500000,8.8781300000,8.8899200000,1,1,0.0000000000,-13.2798235664
2025-02-11,RUB_TJS,1,0.0050000000,True,8.7531500000,8.8296833333,8.7531500000,0,0,104.9403231750,-18.4566830445
2025-02-12,RUB_TJS,1,0.0050000000,True,8.5919600000,8.7303633333,8.5919600000,0,0,184.1508485517,-26.1004792088
2025-02-13,RUB_TJS,1,0.0050000000,True,8.3195900000,8.5549000000,8.3195900000,0,0,317.0056657619,-43.3202024571
2025-02-14,RUB_TJS,1,0.0050000000,True,8.2536600000,8.3884033333,8.2536600000,0,0,79.2466936472,82.0338872594
2025-02-15,RUB_TJS,1,0.0050000000,True,8.2536600000,8.2756366667,8.2536600000,1,1,0.0000000000,26.5558621673
2025-02-18,RUB_TJS,1,0.0050000000,True,8.2536600000,8.3183333333,8.3451900000,0,1,13.1160881506,-45.4618312963
2025-02-19,RUB_TJS,1,0.0050000000,True,8.2571700000,8.3195033333,8.2571700000,0,0,105.4739316900,-30.8752405492
2025-02-20,RUB_TJS,1,0.0050000000,True,8.0821700000,8.2281766667,8.0821700000,0,0,211.9370195842,-35.2366441654
2025-02-21,RUB_TJS,1,0.0050000000,True,8.0499200000,8.1297533333,8.0499200000,1,1,39.9026499071,58.5298610946
2025-02-22,RUB_TJS,1,0.0050000000,True,8.0499200000,8.0606700000,8.0499200000,1,1,0.0000000000,13.3363603770
2025-02-25,RUB_TJS,1,0.0050000000,True,7.9195400000,8.0109833333,7.9195400000,0,0,178.5207149758,-65.5433477788
2025-02-26,RUB_TJS,1,0.0050000000,True,7.8513800000,7.9448033333,7.8513800000,0,0,86.0656048205,31.7985635055
2025-02-27,RUB_TJS,1,0.0050000000,True,7.8513800000,7.9286566667,8.0150500000,1,1,0.0000000000,97.4650182439
2025-02-28,RUB_TJS,1,0.0050000000,True,7.8513800000,7.9836166667,8.0844200000,0,1,0.0000000000,-39.3722978516
2025-03-01,RUB_TJS,1,0.0050000000,True,8.0150500000,8.0612966667,8.0844200000,0,1,0.0000000000,-28.6843845221
2025-03-04,RUB_TJS,1,0.0050000000,True,8.0844200000,8.1373566667,8.1552700000,0,1,20.9363734922,-43.0401846300
2025-03-05,RUB_TJS,1,0.0050000000,True,8.1552700000,8.1789166667,8.2091000000,1,1,0.0000000000,28.9117344392
2025-03-06,RUB_TJS,1,0.0050000000,True,8.1552700000,8.1845900000,8.1894000000,0,1,23.9977585850,-29.9465214507
2025-03-07,RUB_TJS,1,0.0050000000,True,8.1545200000,8.1843400000,8.1545200000,1,1,42.5916428554,-6.1825388486
2025-03-08,RUB_TJS,1,0.0050000000,True,8.1545200000,8.1661466667,8.1545200000,1,1,0.0000000000,14.2376412539
2025-03-11,RUB_TJS,1,0.0050000000,True,7.9063000000,8.0444566667,7.9063000000,0,0,205.9448377526,-34.9225988745
2025-03-12,RUB_TJS,1,0.0050000000,True,7.9063000000,7.9651300000,7.9165400000,1,1,0.0000000000,73.8594348115
2025-03-13,RUB_TJS,1,0.0050000000,True,7.9063000000,7.9130833333,7.9164100000,1,1,0.1642131537,-4.3682930168
2025-03-14,RUB_TJS,1,0.0050000000,True,7.8280700000,7.8870066667,7.8280700000,0,0,111.5909863183,-37.2807258521
2025-03-15,RUB_TJS,1,0.0050000000,True,7.8280700000,7.8575166667,7.8280700000,1,1,0.0000000000,37.4757928183
2025-03-18,RUB_TJS,1,0.0050000000,True,7.4572500000,7.6641466667,7.4572500000,0,0,324.2067075639,-56.0706040768
2025-03-19,RUB_TJS,1,0.0050000000,True,7.4572500000,7.5816200000,7.5804900000,1,1,0.0000000000,164.0414581580
2025-03-20,RUB_TJS,1,0.0050000000,True,7.4572500000,7.5867500000,7.7225100000,0,1,0.0000000000,8.2512274689
2025-03-21,RUB_TJS,1,0.0050000000,True,7.5804900000,7.6826300000,7.7448900000,0,1,0.0000000000,-51.9093070993
2025-03-22,RUB_TJS,1,0.0050000000,True,7.7225100000,7.7374300000,7.7448900000,1,1,0.0000000000,-9.6414442522
2025-03-25,RUB_TJS,1,0.0050000000,True,7.6747700000,7.7078800000,7.7039800000,1,1,0.0000000000,42.9560397930
2025-03-26,RUB_TJS,1,0.0050000000,True,7.6747700000,7.6946566667,7.7052200000,1,1,0.0000000000,-12.1166333174
2025-03-27,RUB_TJS,1,0.0050000000,True,7.6712000000,7.6934666667,7.6712000000,1,1,44.1518866431,-15.2770315939
2025-03-28,RUB_TJS,1,0.0050000000,True,7.6712000000,7.6835500000,7.6742300000,1,1,0.0000000000,16.0732994514
2025-03-29,RUB_TJS,1,0.0050000000,True,7.6712000000,7.6732200000,7.6742300000,1,1,0.0000000000,-1.3162661829
2025-04-01,RUB_TJS,1,0.0050000000,True,7.6742300000,7.7660700000,7.7833000000,0,0,73.1824280547,-96.0717583025
2025-04-02,RUB_TJS,1,0.0050000000,True,7.7501100000,7.7913633333,7.7501100000,1,1,42.6425809104,10.3490659957
2025-04-03,RUB_TJS,1,0.0050000000,True,7.7501100000,7.7639466667,7.7584300000,1,1,0.0000000000,17.8216920604
2025-04-04,RUB_TJS,1,0.0050000000,True,7.7487200000,7.7524200000,7.7487200000,1,1,12.5154187123,-7.7524179547
2025-04-05,RUB_TJS,1,0.0050000000,True,7.7487200000,7.7519566667,7.7487200000,1,1,0.0000000000,4.1752899376
2025-04-08,RUB_TJS,1,0.0050000000,True,7.7487200000,7.8351033333,7.8464300000,0,0,80.5672704471,-95.7953755981
2025-04-09,RUB_TJS,1,0.0050000000,True,7.8464300000,7.8883500000,7.9084600000,1,1,0.0000000000,53.1416582682
2025-04-10,RUB_TJS,1,0.0050000000,True,7.8130300000,7.8559733333,7.8130300000,0,0,120.6682464095,-66.8111568607
2025-04-11,RUB_TJS,1,0.0050000000,True,7.7082700000,7.8099200000,7.7082700000,0,0,134.0837037615,-3.9821150537
2025-04-12,RUB_TJS,1,0.0050000000,True,7.7082700000,7.7431900000,7.7082700000,1,1,0.0000000000,45.0976922948
2025-04-15,RUB_TJS,1,0.0050000000,True,7.5663100000,7.6252100000,7.5663100000,1,1,45.7042119181,31.6843732828
2025-04-16,RUB_TJS,1,0.0050000000,True,7.5663100000,7.5867433333,7.5928700000,1,1,0.0000000000,26.9329439992
2025-04-17,RUB_TJS,1,0.0050000000,True,7.5524200000,7.5705333333,7.5524200000,0,0,53.2736633183,-29.5047464732
2025-04-18,RUB_TJS,1,0.0050000000,True,7.5023400000,7.5492100000,7.5023400000,0,0,66.3098715379,-4.2521005509
2025-04-19,RUB_TJS,1,0.0050000000,True,7.5023400000,7.5190333333,7.5023400000,1,1,0.0000000000,22.2014354682
2025-04-22,RUB_TJS,1,0.0050000000,True,7.5023400000,7.5553033333,7.6245300000,1,1,0.0000000000,21.5257185791
2025-04-23,RUB_TJS,1,0.0050000000,True,7.5390400000,7.6314733333,7.7308500000,0,1,0.0000000000,9.0982868315
2025-04-24,RUB_TJS,1,0.0050000000,True,7.6245300000,7.7149266667,7.7894000000,0,1,0.0000000000,-20.6396431506
2025-04-25,RUB_TJS,1,0.0050000000,True,7.7308500000,7.7635866667,7.7705100000,0,1,24.2509050761,-33.2492370365
2025-04-26,RUB_TJS,1,0.0050000000,True,7.7705100000,7.7768066667,7.7705100000,1,1,0.0000000000,8.0967252197
2025-04-29,RUB_TJS,1,0.0050000000,True,7.6950000000,7.7469666667,7.6950000000,0,0,103.3903122544,-36.6896290591
2025-04-30,RUB_TJS,1,0.0050000000,True,7.6950000000,7.7238633333,7.7012000000,1,1,0.0000000000,37.3690368248
2025-05-01,RUB_TJS,1,0.0050000000,True,7.6950000000,7.6991333333,7.7012000000,1,1,0.0000000000,-2.6842848113
2025-05-06,RUB_TJS,1,0.0050000000,True,7.7012000000,7.7871633333,7.7749500000,0,0,139.9939634816,-126.0750063459
2025-05-07,RUB_TJS,1,0.0050000000,True,7.7591500000,7.8064800000,7.7591500000,1,1,20.3216740944,40.3895225505
2025-05-08,RUB_TJS,1,0.0050000000,True,7.7591500000,7.7644166667,7.7591500000,1,1,0.0000000000,6.7830809355
2025-05-13,RUB_TJS,1,0.0050000000,True,7.7335200000,7.7528900000,7.7335200000,1,1,41.8233324749,-16.9098233046
2025-05-14,RUB_TJS,1,0.0050000000,True,7.7155200000,7.7383466667,7.7155200000,1,1,23.2753002514,6.2373357961
2025-05-15,RUB_TJS,1,0.0050000000,True,7.7155200000,7.7243966667,7.7241500000,1,1,0.0000000000,11.4917281565
2025-05-16,RUB_TJS,1,0.0050000000,True,7.7155200000,7.7390933333,7.7776100000,1,1,0.0000000000,19.3088940651
2025-05-17,RUB_TJS,1,0.0050000000,True,7.7241500000,7.7597900000,7.7776100000,0,1,0.0000000000,-22.9645389888
2025-05-20,RUB_TJS,1,0.0050000000,True,7.7502000000,7.7683900000,7.7773600000,1,1,0.0000000000,23.4154052513
2025-05-21,RUB_TJS,1,0.0050000000,True,7.7328700000,7.7534766667,7.7328700000,0,0,57.2045012704,-30.8033858359
2025-05-22,RUB_TJS,1,0.0050000000,True,7.7328700000,7.7503700000,7.7408800000,1,1,0.0000000000,22.5795671691
2025-05-23,RUB_TJS,1,0.0050000000,True,7.7328700000,7.7437566667,7.7575200000,1,1,0.0000000000,3.7148205845
2025-05-24,RUB_TJS,1,0.0050000000,True,7.7408800000,7.7519733333,7.7575200000,1,1,0.0000000000,-7.1551673724
2025-05-27,RUB_TJS,1,0.0050000000,True,7.7575200000,7.7911600000,7.8257500000,1,1,0.0000000000,1.2193306260
2025-05-28,RUB_TJS,1,0.0050000000,True,7.7902100000,7.8266666667,7.8640400000,1,1,0.0000000000,1.1712095400
2025-05-29,RUB_TJS,1,0.0050000000,True,7.8257500000,7.8433600000,7.8402900000,1,1,30.2007619493,-26.3662511985
2025-05-30,RUB_TJS,1,0.0050000000,True,7.8402900000,7.8593100000,7.8736000000,1,1,0.0000000000,24.2005977624
2025-05-31,RUB_TJS,1,0.0050000000,True,7.8402900000,7.8624966667,7.8736000000,1,1,0.0000000000,-14.1218925795
2025-06-03,RUB_TJS,1,0.0050000000,True,7.8736000000,7.9357200000,7.9723100000,0,1,0.0000000000,-32.1709939363
2025-06-04,RUB_TJS,1,0.0050000000,True,7.9366800000,7.9567466667,7.9366800000,1,1,44.6921908456,-19.5599206376
2025-06-05,RUB_TJS,1,0.0050000000,True,7.9366800000,7.9711466667,8.0044500000,1,1,0.0000000000,43.2392830141
2025-06-06,RUB_TJS,1,0.0050000000,True,7.9366800000,7.9833133333,8.0088100000,0,1,0.0000000000,-26.4760579776
2025-06-07,RUB_TJS,1,0.0050000000,True,8.0044500000,8.0073566667,8.0088100000,1,1,0.0000000000,-1.8149976251
2025-06-10,RUB_TJS,1,0.0050000000,True,7.9152800000,7.9712466667,7.9152800000,0,0,93.0829260356,-23.0871457162
2025-06-11,RUB_TJS,1,0.0050000000,True,7.9152800000,7.9535800000,7.9558100000,1,1,0.0000000000,48.1544159988
2025-06-12,RUB_TJS,1,0.0050000000,True,7.9152800000,7.9423000000,7.9558100000,0,1,0.0000000000,-17.0101859663
2025-06-17,RUB_TJS,1,0.0050000000,True,7.7427400000,7.8246233333,7.7753200000,1,1,0.0000000000,104.6482748690
2025-06-18,RUB_TJS,1,0.0050000000,True,7.7427400000,7.7741233333,7.8043100000,1,1,0.0000000000,-1.5392946772
2025-06-19,RUB_TJS,1,0.0050000000,True,7.7753200000,7.8327266667,7.9185500000,1,1,0.0000000000,36.2794054688
2025-06-20,RUB_TJS,1,0.0050000000,True,7.8043100000,7.8810100000,7.9201700000,0,1,0.0000000000,-47.6334886011
2025-06-21,RUB_TJS,1,0.0050000000,True,7.9185500000,7.9196300000,7.9201700000,1,1,0.0000000000,-0.6818500359
2025-06-24,RUB_TJS,1,0.0050000000,True,7.9083100000,7.9142200000,7.9141800000,1,1,0.0000000000,7.4675710304
2025-06-25,RUB_TJS,1,0.0050000000,True,7.8946700000,7.9057200000,7.8946700000,1,1,24.6519538348,-10.7011126121
2025-06-26,RUB_TJS,1,0.0050000000,True,7.8946700000,7.9029533333,7.9000100000,1,1,0.0000000000,10.4813137367
2025-06-27,RUB_TJS,1,0.0050000000,True,7.8946700000,7.9068766667,7.9259500000,1,1,0.0000000000,8.6844236430
2025-06-28,RUB_TJS,1,0.0050000000,True,7.9000100000,7.9173033333,7.9259500000,1,1,0.0000000000,-10.9212269666
2025-07-01,RUB_TJS,1,0.0050000000,True,7.9259500000,7.9388100000,7.9584800000,1,1,0.0000000000,8.5781118329
2025-07-02,RUB_TJS,1,0.0050000000,True,7.9320000000,7.9557733333,7.9768400000,1,1,0.0000000000,-3.4021415056
2025-07-03,RUB_TJS,1,0.0050000000,True,7.9584800000,7.9985700000,8.0603900000,1,1,0.0000000000,27.1673561649
2025-07-04,RUB_TJS,1,0.0050000000,True,7.9768400000,8.0343266667,8.0657500000,0,1,0.0000000000,-32.4399721528
2025-07-05,RUB_TJS,1,0.0050000000,True,8.0603900000,8.0639633333,8.0657500000,1,1,0.0000000000,-2.2156185399
2025-07-08,RUB_TJS,1,0.0050000000,True,8.0657500000,8.0837566667,8.0977300000,1,1,0.0000000000,-4.9894294196
2025-07-09,RUB_TJS,1,0.0050000000,True,8.0877900000,8.0945733333,8.0982000000,1,1,0.0000000000,-3.8997320015
2025-07-10,RUB_TJS,1,0.0050000000,True,8.0594800000,8.0851366667,8.0594800000,1,1,47.8130942679,-16.1572201830
2025-07-11,RUB_TJS,1,0.0050000000,True,8.0400400000,8.0659066667,8.0400400000,1,1,24.1206628716,7.9676928240
2025-07-12,RUB_TJS,1,0.0050000000,True,8.0400400000,8.0465200000,8.0400400000,1,1,0.0000000000,8.0531708117
2025-07-15,RUB_TJS,1,0.0050000000,True,8.0400400000,8.0849033333,8.1243900000,0,1,0.0000000000,-6.6502547340
2025-07-16,RUB_TJS,1,0.0050000000,True,8.0902800000,8.1130233333,8.1244000000,1,1,0.0000000000,-14.0103956314
2025-07-17,RUB_TJS,1,0.0050000000,True,8.1243900000,8.1354600000,8.1575900000,1,1,0.0000000000,13.5948059483
2025-07-18,RUB_TJS,1,0.0050000000,True,8.1244000000,8.1462433333,8.1567400000,1,1,1.0419744067,-13.9287106981
2025-07-19,RUB_TJS,1,0.0050000000,True,8.1567400000,8.1570233333,8.1567400000,1,1,0.0000000000,0.3473489308
2025-07-22,RUB_TJS,1,0.0050000000,True,8.1501500000,8.1606666667,8.1501500000,1,1,30.5316992677,-17.6987174250
2025-07-23,RUB_TJS,1,0.0050000000,True,8.1501500000,8.1703200000,8.1857000000,1,1,0.0000000000,24.6869155676
2025-07-24,RUB_TJS,1,0.0050000000,True,8.1501500000,8.1882733333,8.2289700000,1,1,0.0000000000,3.1427057068
2025-07-25,RUB_TJS,1,0.0050000000,True,8.1857000000,8.2516433333,8.3402600000,0,1,0.0000000000,27.4773550157
2025-07-26,RUB_TJS,1,0.0050000000,True,8.2289700000,8.3031633333,8.3402600000,0,1,0.0000000000,-44.6777513309
2025-07-29,RUB_TJS,1,0.0050000000,True,8.3391700000,8.4318033333,8.6159800000,1,1,0.0000000000,109.8618286875
2025-07-30,RUB_TJS,1,0.0050000000,True,8.3391700000,8.5149133333,8.5895900000,0,1,30.6291333081,-118.6937115038
2025-07-31,RUB_TJS,1,0.0050000000,True,8.4302100000,8.5452600000,8.4302100000,0,0,185.5501834197,-51.8767129379
2025-08-01,RUB_TJS,1,0.0050000000,True,8.4302100000,8.4913500000,8.4542500000,1,1,0.0000000000,72.0026850854
2025-08-02,RUB_TJS,1,0.0050000000,True,8.4302100000,8.4462366667,8.4542500000,1,1,0.0000000000,-9.4874600956
2025-08-05,RUB_TJS,1,0.0050000000,True,8.3971200000,8.4398833333,8.4682800000,1,1,0.0000000000,50.6681569453
2025-08-06,RUB_TJS,1,0.0050000000,True,8.3971200000,8.4693133333,8.5425400000,0,1,0.0000000000,1.2200910424
2025-08-07,RUB_TJS,1,0.0050000000,True,8.4566100000,8.4891433333,8.4566100000,0,0,100.5906908250,-62.8999471089
2025-08-08,RUB_TJS,1,0.0050000000,True,8.4566100000,8.5018133333,8.5062900000,1,1,0.0000000000,53.1690494263
2025-08-09,RUB_TJS,1,0.0050000000,True,8.4566100000,8.4897300000,8.5062900000,0,1,0.0000000000,-19.5059206830
2025-08-12,RUB_TJS,1,0.0050000000,True,8.5001500000,8.5126000000,8.5313600000,1,1,0.0000000000,14.6253788502
2025-08-13,RUB_TJS,1,0.0050000000,True,8.5001500000,8.5139200000,8.5102500000,1,1,24.7440033008,-20.4841013305
2025-08-14,RUB_TJS,1,0.0050000000,True,8.5102500000,8.5231866667,8.5279500000,1,1,0.0000000000,15.1782040833
2025-08-15,RUB_TJS,1,0.0050000000,True,8.5102500000,8.5331033333,8.5611100000,1,1,0.0000000000,6.0392252760
2025-08-16,RUB_TJS,1,0.0050000000,True,8.5279500000,8.5500566667,8.5611100000,1,1,0.0000000000,-12.9277895624
2025-08-19,RUB_TJS,1,0.0050000000,True,8.5611100000,8.5819633333,8.5881700000,1,1,9.8178235374,-17.0668017303
2025-08-20,RUB_TJS,1,0.0050000000,True,8.5507700000,8.5785166667,8.5507700000,1,1,43.5482762917,-11.2529166853
2025-08-21,RUB_TJS,1,0.0050000000,True,8.5306700000,8.5565366667,8.5306700000,1,1,23.5066549562,6.7394868874
2025-08-22,RUB_TJS,1,0.0050000000,True,8.5306700000,8.5549066667,8.5832800000,1,1,0.0000000000,28.3307201481
2025-08-23,RUB_TJS,1,0.0050000000,True,8.5306700000,8.5657433333,8.5832800000,0,1,0.0000000000,-20.4730237461
2025-08-26,RUB_TJS,1,0.0050000000,True,8.3852400000,8.4709300000,8.3852400000,0,0,69.9053914666,31.4723412896
2025-08-27,RUB_TJS,1,0.0050000000,True,8.3752900000,8.4016000000,8.3752900000,1,1,11.8660885079,19.4724814321
2025-08-28,RUB_TJS,1,0.0050000000,True,8.3667800000,8.3757700000,8.3667800000,1,1,10.1608421917,0.5730816391
2025-08-29,RUB_TJS,1,0.0050000000,True,8.3667800000,8.3822400000,8.4046500000,1,1,0.0000000000,18.4437572773
2025-08-30,RUB_TJS,1,0.0050000000,True,8.3667800000,8.3920266667,8.4046500000,1,1,0.0000000000,-15.0420557926
2025-09-02,RUB_TJS,1,0.0050000000,True,8.4046500000,8.4881666667,8.5582400000,0,1,0.0000000000,-15.8377348858
2025-09-03,RUB_TJS,1,0.0050000000,True,8.5016100000,8.5517366667,8.5953600000,0,1,0.0000000000,-7.6046931598
2025-09-04,RUB_TJS,1,0.0050000000,True,8.5582400000,8.5813000000,8.5903000000,1,1,5.8868971166,-16.3844638924
2025-09-05,RUB_TJS,1,0.0050000000,True,8.5903000000,8.6010700000,8.6175500000,1,1,0.0000000000,12.5216978818
2025-09-06,RUB_TJS,1,0.0050000000,True,8.5903000000,8.6084666667,8.6175500000,1,1,0.0000000000,-10.5516274675
2025-09-09,RUB_TJS,1,0.0050000000,True,8.6175500000,8.7030400000,8.7934700000,0,1,0.0000000000,5.6761775196
2025-09-10,RUB_TJS,1,0.0050000000,True,8.6981000000,8.8207866667,8.9707900000,0,1,0.0000000000,30.9685152798
2025-09-11,RUB_TJS,1,0.0050000000,True,8.7934700000,8.9227766667,9.0040700000,0,1,0.0000000000,-53.8098566478
2025-09-12,RUB_TJS,1,0.0050000000,True,8.8690100000,8.9479566667,8.8690100000,0,0,149.9988338607,-62.7107790345
2025-09-13,RUB_TJS,1,0.0050000000,True,8.8690100000,8.9140300000,8.8690100000,1,1,0.0000000000,50.5046538995
2025-09-16,RUB_TJS,1,0.0050000000,True,8.7308900000,8.7829500000,8.7489500000,1,1,0.0000000000,59.2739341565
2025-09-17,RUB_TJS,1,0.0050000000,True,8.7308900000,8.7486600000,8.7661400000,1,1,0.0000000000,-0.3314793351
2025-09-18,RUB_TJS,1,0.0050000000,True,8.7489500000,8.7760533333,8.8130700000,1,1,0.0000000000,11.2958900280
2025-09-19,RUB_TJS,1,0.0050000000,True,8.7661400000,8.8136600000,8.8617700000,0,1,0.0000000000,0.6694154301
2025-09-20,RUB_TJS,1,0.0050000000,True,8.8130700000,8.8455366667,8.8617700000,0,1,0.0000000000,-18.3520050225
2025-09-23,RUB_TJS,1,0.0050000000,True,8.8440300000,8.8725933333,8.8440300000,0,0,76.2456827776,-44.3913804983
2025-09-24,RUB_TJS,1,0.0050000000,True,8.8440300000,8.8921233333,8.9203600000,1,1,0.0000000000,54.0853197043
2025-09-25,RUB_TJS,1,0.0050000000,True,8.8440300000,8.8850800000,8.8908500000,0,1,33.0816245084,-39.7070144557
2025-09-26,RUB_TJS,1,0.0050000000,True,8.8908500000,8.9008600000,8.8913700000,1,1,0.0000000000,11.2461043090
2025-09-27,RUB_TJS,1,0.0050000000,True,8.8908500000,8.8911966667,8.8913700000,1,1,0.0000000000,-0.1949493863
2025-09-30,RUB_TJS,1,0.0050000000,True,8.7897200000,8.8327966667,8.7897200000,1,1,31.2794166015,17.5444621352
2025-10-01,RUB_TJS,1,0.0050000000,True,8.6836300000,8.7635500000,8.6836300000,0,0,120.6978151750,-29.8623274814
2025-10-02,RUB_TJS,1,0.0050000000,True,8.6412800000,8.7048766667,8.6412800000,1,1,48.7699268624,24.4077744927
2025-10-03,RUB_TJS,1,0.0050000000,True,8.6412800000,8.7051133333,8.7904300000,1,1,0.0000000000,73.3285494273
2025-10-04,RUB_TJS,1,0.0050000000,True,8.6412800000,8.7407133333,8.7904300000,0,1,0.0000000000,-56.8794156388
2025-10-07,RUB_TJS,1,0.0050000000,True,8.7904300000,8.8322700000,8.7960200000,0,0,128.3225369121,-88.4144166788
2025-10-08,RUB_TJS,1,0.0050000000,True,8.7523900000,8.8195900000,8.7523900000,1,1,49.6019790769,26.7245983090
2025-10-09,RUB_TJS,1,0.0050000000,True,8.7401700000,8.7628600000,8.7401700000,1,1,13.9619006923,11.9481539132
2025-10-10,RUB_TJS,1,0.0050000000,True,8.7379800000,8.7435133333,8.7379800000,1,1,2.5056720865,3.8237870818
2025-10-11,RUB_TJS,1,0.0050000000,True,8.7379800000,8.7387100000,8.7379800000,1,1,0.0000000000,0.8353635720
2025-10-14,RUB_TJS,1,0.0050000000,True,8.6438300000,8.7027800000,8.6438300000,0,0,94.7684818593,-27.2901302802
2025-10-15,RUB_TJS,1,0.0050000000,True,8.5245200000,8.6316266667,8.5245200000,0,0,138.0290912709,-14.1379299692
2025-10-16,RUB_TJS,1,0.0050000000,True,8.5245200000,8.5784266667,8.5669300000,1,1,0.0000000000,62.8398059007
2025-10-17,RUB_TJS,1,0.0050000000,True,8.5245200000,8.6236333333,8.7794500000,1,1,0.0000000000,65.7534140675
2025-10-18,RUB_TJS,1,0.0050000000,True,8.5669300000,8.7086100000,8.7794500000,0,1,0.0000000000,-81.3447840700
2025-10-21,RUB_TJS,1,0.0050000000,True,8.7794500000,8.8130100000,8.8312700000,0,1,0.0000000000,-17.3606974235
2025-10-22,RUB_TJS,1,0.0050000000,True,8.8283100000,8.8414066667,8.8646400000,1,1,0.0000000000,11.4649931270
2025-10-23,RUB_TJS,1,0.0050000000,True,8.7866900000,8.8275333333,8.7866900000,0,0,87.9336329507,-42.0351476064
2025-10-24,RUB_TJS,1,0.0050000000,True,8.7545100000,8.8019466667,8.7545100000,1,1,36.6235749753,17.3332868790
2025-10-25,RUB_TJS,1,0.0050000000,True,8.7545100000,8.7652366667,8.7545100000,1,1,0.0000000000,12.2377376386
2025-10-28,RUB_TJS,1,0.0050000000,True,8.4780400000,8.6064366667,8.5867600000,1,1,0.0000000000,149.1867908166
2025-10-29,RUB_TJS,1,0.0050000000,True,8.4780400000,8.5374733333,8.5476200000,0,1,45.5818026823,-57.7298045245
2025-10-30,RUB_TJS,1,0.0050000000,True,8.5476200000,8.6014033333,8.6698300000,1,1,0.0000000000,62.5285563867
2025-10-31,RUB_TJS,1,0.0050000000,True,8.5476200000,8.6470666667,8.7237500000,0,1,0.0000000000,-26.3249194332
2025-11-01,RUB_TJS,1,0.0050000000,True,8.6698300000,8.7071066667,8.7277400000,0,1,0.0000000000,-19.1146542365
2025-11-02,RUB_TJS,1,0.0050000000,True,8.7237500000,8.7264100000,8.7277400000,1,1,0.0000000000,-1.5241089979
2025-11-06,RUB_TJS,1,0.0050000000,True,8.7277400000,8.7518433333,8.7731800000,1,1,0.0000000000,-3.1612387943
2025-11-07,RUB_TJS,1,0.0050000000,True,8.7546100000,8.7615700000,8.7569200000,1,1,18.5337585687,-13.2510497548
2025-11-08,RUB_TJS,1,0.0050000000,True,8.7569200000,8.7623400000,8.7569200000,1,1,0.0000000000,6.1855623041
2025-11-11,RUB_TJS,1,0.0050000000,True,8.7340100000,8.7526200000,8.7669300000,1,1,0.0000000000,21.2622049169
2025-11-12,RUB_TJS,1,0.0050000000,True,8.7340100000,8.7534066667,8.7592800000,1,1,8.7259736304,-15.4492231977
2025-11-13,RUB_TJS,1,0.0050000000,True,8.6860100000,8.7374066667,8.6860100000,0,0,83.6484277247,-25.0341253049
2025-11-14,RUB_TJS,1,0.0050000000,True,8.6860100000,8.7293500000,8.7427600000,1,1,0.0000000000,49.6485992657
2025-11-15,RUB_TJS,1,0.0050000000,True,8.6860100000,8.7238433333,8.7427600000,0,1,0.0000000000,-21.6838679282
2025-11-18,RUB_TJS,1,0.0050000000,True,8.7320800000,8.7395766667,8.7320800000,1,1,13.5065743050,-4.9354030497
2025-11-19,RUB_TJS,1,0.0050000000,True,8.7204300000,8.7321333333,8.7204300000,1,1,13.3416093302,0.0610770946
2025-11-20,RUB_TJS,1,0.0050000000,True,8.6968600000,8.7164566667,8.6968600000,1,1,27.0284836872,-4.5584272202
2025-11-21,RUB_TJS,1,0.0050000000,True,8.5055900000,8.6409600000,8.5055900000,0,0,219.9299517297,-64.6918860867
2025-11-22,RUB_TJS,1,0.0050000000,True,8.5055900000,8.5693466667,8.5055900000,1,1,0.0000000000,74.4008489173
2025-11-25,RUB_TJS,1,0.0050000000,True,8.4938100000,8.4991266667,8.4979800000,1,1,0.0000000000,6.2555446873
2025-11-26,RUB_TJS,1,0.0050000000,True,8.4584400000,8.4834100000,8.4584400000,1,1,46.5287044686,-17.1746974389
2025-11-27,RUB_TJS,1,0.0050000000,True,8.4266100000,8.4610100000,8.4266100000,1,1,37.6310525345,3.0374624306
2025-11-28,RUB_TJS,1,0.0050000000,True,8.4242500000,8.4364333333,8.4242500000,1,1,2.8006517449,11.6439411600
2025-11-29,RUB_TJS,1,0.0050000000,True,8.4242500000,8.4250366667,8.4242500000,1,1,0.0000000000,0.9337249175
2025-12-02,RUB_TJS,1,0.0050000000,True,8.3565900000,8.3877600000,8.3565900000,1,1,30.8382762060,6.3425753717
2025-12-03,RUB_TJS,1,0.0050000000,True,8.3565900000,8.3872166667,8.4226200000,1,1,0.0000000000,36.5158882665
2025-12-04,RUB_TJS,1,0.0050000000,True,8.3207200000,8.3666433333,8.3207200000,0,0,120.9837319029,-66.9045690566
2025-12-05,RUB_TJS,1,0.0050000000,True,8.2293700000,8.3242366667,8.2293700000,0,0,109.7861723505,4.2246115860
2025-12-06,RUB_TJS,1,0.0050000000,True,8.2293700000,8.2598200000,8.2293700000,1,1,0.0000000000,36.8652101378
2025-12-09,RUB_TJS,1,0.0050000000,True,8.2293700000,8.3029400000,8.3225100000,0,1,41.1992906494,-65.0372036893
2025-12-10,RUB_TJS,1,0.0050000000,True,8.3225100000,8.3730400000,8.4396700000,1,1,0.0000000000,60.3484516974
2025-12-11,RUB_TJS,1,0.0050000000,True,8.3225100000,8.4539533333,8.5996800000,0,1,0.0000000000,16.8954485199
2025-12-12,RUB_TJS,1,0.0050000000,True,8.4396700000,8.5569033333,8.6313600000,0,1,0.0000000000,-49.9908261205
2025-12-13,RUB_TJS,1,0.0050000000,True,8.5996800000,8.6208000000,8.6313600000,1,1,0.0000000000,-12.2494432071
2025-12-16,RUB_TJS,1,0.0050000000,True,8.6010400000,8.6159200000,8.6153600000,1,1,0.0000000000,17.2703553422
2025-12-17,RUB_TJS,1,0.0050000000,True,8.6010400000,8.6387866667,8.6999600000,1,1,0.0000000000,27.1180057693
2025-12-18,RUB_TJS,1,0.0050000000,True,8.6153600000,8.6593933333,8.6628600000,0,1,42.6438742247,-46.8470077580
2025-12-19,RUB_TJS,1,0.0050000000,True,8.6628600000,8.6997500000,8.7364300000,1,1,0.0000000000,42.4035173425
2025-12-20,RUB_TJS,1,0.0050000000,True,8.6628600000,8.7119066667,8.7364300000,0,1,0.0000000000,-28.1492149441
2025-12-23,RUB_TJS,1,0.0050000000,True,8.5051500000,8.6085633333,8.5051500000,0,0,91.9839098054,28.4058238134
2025-12-24,RUB_TJS,1,0.0050000000,True,8.4850700000,8.5247766667,8.4850700000,1,1,23.6092249990,23.0230860398
2025-12-25,RUB_TJS,1,0.0050000000,True,8.4206600000,8.4702933333,8.4206600000,0,0,75.9098039262,-17.4452832802
2025-12-26,RUB_TJS,1,0.0050000000,True,8.4016200000,8.4357833333,8.4016200000,1,1,22.6110542404,17.9275981088
2025-12-27,RUB_TJS,1,0.0050000000,True,8.4016200000,8.4079666667,8.4016200000,1,1,0.0000000000,7.5483965604
2025-12-30,RUB_TJS,1,0.0050000000,True,8.3750500000,8.4108666667,8.4559300000,1,1,0.0000000000,42.5838003218
2025-12-31,RUB_TJS,1,0.0050000000,True,8.3750500000,8.4289700000,8.4559300000,0,1,0.0000000000,-31.9849281703
2026-01-13,RUB_TJS,1,0.0050000000,True,8.4355400000,8.4433833333,8.4386800000,1,1,0.0000000000,9.2893251718
2026-01-14,RUB_TJS,1,0.0050000000,True,8.4080000000,8.4274066667,8.4080000000,1,1,36.3563969720,-13.3769898371
2026-01-15,RUB_TJS,1,0.0050000000,True,8.4049200000,8.4172000000,8.4049200000,1,1,3.6631779258,10.9300004752
2026-01-16,RUB_TJS,1,0.0050000000,True,8.3431500000,8.3853566667,8.3431500000,0,0,73.4926685798,-23.3303532706
2026-01-17,RUB_TJS,1,0.0050000000,True,8.3431500000,8.3637400000,8.3431500000,1,1,0.0000000000,24.6181732096
2026-01-20,RUB_TJS,1,0.0050000000,True,8.3351500000,8.3409833333,8.3446500000,1,1,0.0000000000,6.9935798937
2026-01-21,RUB_TJS,1,0.0050000000,True,8.3006800000,8.3268266667,8.3006800000,0,0,52.6924436615,-21.4047127998
2026-01-22,RUB_TJS,1,0.0050000000,True,8.1355600000,8.2602966667,8.1355600000,0,0,198.9234616923,-48.8884781781
2026-01-23,RUB_TJS,1,0.0050000000,True,8.1155000000,8.1839133333,8.1155000000,1,1,24.6571840168,59.0833887944
2026-01-24,RUB_TJS,1,0.0050000000,True,8.1155000000,8.1221866667,8.1155000000,1,1,0.0000000000,8.2325941783
2026-01-27,RUB_TJS,1,0.0050000000,True,8.1155000000,8.1405233333,8.1815100000,1,1,0.0000000000,19.6097138718
2026-01-28,RUB_TJS,1,0.0050000000,True,8.1245600000,8.1537700000,8.1552400000,0,1,32.1089872163,-34.0210724610
2026-01-29,RUB_TJS,1,0.0050000000,True,8.1070100000,8.1479200000,8.1070100000,0,0,59.1398904263,-8.9838879125
2026-01-30,RUB_TJS,1,0.0050000000,True,8.0815200000,8.1145900000,8.0815200000,1,1,31.4419249514,9.3411990008
2026-01-31,RUB_TJS,1,0.0050000000,True,8.0815200000,8.0900166667,8.0815200000,1,1,0.0000000000,10.5026565664
2026-02-03,RUB_TJS,1,0.0050000000,True,8.0815200000,8.1749466667,8.2241900000,0,1,0.0000000000,-54.0472435294
2026-02-04,RUB_TJS,1,0.0050000000,True,8.2165500000,8.2199566667,8.2165500000,1,1,9.2896686482,-5.1500677011
2026-02-05,RUB_TJS,1,0.0050000000,True,8.1635800000,8.2014400000,8.1635800000,0,0,64.4674467994,-18.4235939055
2026-02-06,RUB_TJS,1,0.0050000000,True,8.1635800000,8.1982800000,8.2147100000,1,1,0.0000000000,42.3259512971
2026-02-07,RUB_TJS,1,0.0050000000,True,8.1635800000,8.1976666667,8.2147100000,0,1,0.0000000000,-20.7904688326
2026-02-10,RUB_TJS,1,0.0050000000,True,8.2147100000,8.2390000000,8.2195100000,0,0,76.3873965021,-53.1375166889
2026-02-11,RUB_TJS,1,0.0050000000,True,8.2195100000,8.2459300000,8.2355000000,1,1,0.0000000000,32.0400488483
2026-02-12,RUB_TJS,1,0.0050000000,True,8.1906600000,8.2152233333,8.1906600000,0,0,54.4472102483,-24.6818203766
2026-02-13,RUB_TJS,1,0.0050000000,True,8.1720100000,8.1993900000,8.1720100000,1,1,22.7698378397,10.6471335063
2026-02-14,RUB_TJS,1,0.0050000000,True,8.1720100000,8.1782266667,8.1720100000,1,1,0.0000000000,7.6014849185
2026-02-17,RUB_TJS,1,0.0050000000,True,8.1112100000,8.1329200000,8.1155400000,1,1,0.0000000000,26.6939795301
2026-02-18,RUB_TJS,1,0.0050000000,True,8.0576000000,8.0947833333,8.0576000000,0,0,71.3938936904,-25.6420287140
2026-02-19,RUB_TJS,1,0.0050000000,True,8.0576000000,8.0921000000,8.1031600000,1,1,0.0000000000,42.6341740710
2026-02-20,RUB_TJS,1,0.0050000000,True,8.0576000000,8.0920433333,8.1153700000,0,1,0.0000000000,-13.7377745135
2026-02-21,RUB_TJS,1,0.0050000000,True,8.1031600000,8.1113000000,8.1153700000,1,1,0.0000000000,-5.0176913688
2026-02-25,RUB_TJS,1,0.0050000000,True,8.0682700000,8.0936666667,8.0682700000,1,1,35.9252892301,-4.5632387463
2026-02-26,RUB_TJS,1,0.0050000000,True,8.0682700000,8.0957666667,8.1216700000,1,1,0.0000000000,33.9642529223
2026-02-27,RUB_TJS,1,0.0050000000,True,8.0682700000,8.1048933333,8.1247400000,0,1,0.0000000000,-20.6994293160
2026-02-28,RUB_TJS,1,0.0050000000,True,8.1216700000,8.1237166667,8.1247400000,1,1,0.0000000000,-1.2596861453
2026-03-03,RUB_TJS,1,0.0050000000,True,8.0999800000,8.1191900000,8.1328500000,1,1,0.0000000000,23.6599956400
2026-03-04,RUB_TJS,1,0.0050000000,True,8.0999800000,8.1244333333,8.1404700000,1,1,0.0000000000,-10.3596968814
2026-03-05,RUB_TJS,1,0.0050000000,True,8.1328500000,8.1464866667,8.1661400000,1,1,0.0000000000,7.3855968994
2026-03-06,RUB_TJS,1,0.0050000000,True,8.1404700000,8.1910033333,8.2664000000,1,1,0.0000000000,30.3544417228
2026-03-07,RUB_TJS,1,0.0050000000,True,8.1661400000,8.2329800000,8.2664000000,0,1,0.0000000000,-40.5928351581
2026-03-11,RUB_TJS,1,0.0050000000,True,8.2011900000,8.2347000000,8.2365100000,1,1,0.0000000000,40.6936500419
2026-03-12,RUB_TJS,1,0.0050000000,True,8.2011900000,8.2214766667,8.2267300000,1,1,11.8739611802,-18.2854418286
2026-03-13,RUB_TJS,1,0.0050000000,True,8.2267300000,8.2695533333,8.3454200000,1,1,0.0000000000,51.7843365986
2026-03-14,RUB_TJS,1,0.0050000000,True,8.2267300000,8.3058566667,8.3454200000,0,1,0.0000000000,-47.6330557113
2026-03-17,RUB_TJS,1,0.0050000000,True,8.3454200000,8.4352000000,8.5232700000,0,1,0.0000000000,-2.0272192716
2026-03-18,RUB_TJS,1,0.0050000000,True,8.4369100000,8.5373066667,8.6517400000,0,1,0.0000000000,16.4415631472
2026-03-19,RUB_TJS,1,0.0050000000,True,8.5232700000,8.6683100000,8.8299200000,0,1,0.0000000000,19.1156061562
2026-03-20,RUB_TJS,1,0.0050000000,True,8.6517400000,8.7625666667,8.8060400000,0,1,27.0444126334,-76.8648455361
2026-03-21,RUB_TJS,1,0.0050000000,True,8.8060400000,8.8140000000,8.8060400000,1,1,0.0000000000,9.0310869072
2026-03-24,RUB_TJS,1,0.0050000000,True,8.4875700000,8.6998833333,8.4875700000,0,0,361.6495042039,-122.0207933823
2026-03-25,RUB_TJS,1,0.0050000000,True,8.4622900000,8.5853000000,8.4622900000,1,1,29.7847322614,113.8341117957
2026-03-26,RUB_TJS,1,0.0050000000,True,8.4622900000,8.5200633333,8.6103300000,1,1,0.0000000000,67.8085726280
2026-03-27,RUB_TJS,1,0.0050000000,True,8.4622900000,8.5264900000,8.5068500000,0,0,120.1812241807,-98.3288551327
2026-03-28,RUB_TJS,1,0.0050000000,True,8.5068500000,8.5413433333,8.5068500000,1,1,0.0000000000,40.3839677053
2026-03-31,RUB_TJS,1,0.0050000000,True,8.4652600000,8.4806900000,8.4652600000,1,1,5.5490226636,12.6522723976
2026-04-01,RUB_TJS,1,0.0050000000,True,8.4218700000,8.4523633333,8.4218700000,0,0,51.2565473476,-15.2580599745
2026-04-02,RUB_TJS,1,0.0050000000,True,8.3800000000,8.4223766667,8.3800000000,1,1,49.7157994602,0.6015720820
2026-04-03,RUB_TJS,1,0.0050000000,True,8.3278600000,8.3765766667,8.3278600000,0,0,62.2195704057,-4.0867928147
2026-04-04,RUB_TJS,1,0.0050000000,True,8.3278600000,8.3452400000,8.3278600000,1,1,0.0000000000,20.8262434633
2026-04-07,RUB_TJS,1,0.0050000000,True,8.2221300000,8.2647633333,8.2443000000,1,1,0.0000000000,51.5844575505
2026-04-08,RUB_TJS,1,0.0050000000,True,8.1976900000,8.2213733333,8.1976900000,0,0,56.5360309547,-27.8866628933
2026-04-09,RUB_TJS,1,0.0050000000,True,8.1590600000,8.2003500000,8.1590600000,1,1,47.1230310002,3.2437639857
2026-04-10,RUB_TJS,1,0.0050000000,True,8.0816900000,8.1461466667,8.0816900000,0,0,94.8271001807,-15.8520756644
2026-04-11,RUB_TJS,1,0.0050000000,True,8.0816900000,8.1074800000,8.0816900000,1,1,0.0000000000,31.8101308915
2026-04-14,RUB_TJS,1,0.0050000000,True,7.9843000000,8.0283400000,7.9843000000,1,1,43.3094775802,11.5964196833
2026-04-15,RUB_TJS,1,0.0050000000,True,7.9340500000,7.9791266667,7.9340500000,0,0,62.9360119234,-6.4835834164
2026-04-16,RUB_TJS,1,0.0050000000,True,7.9340500000,7.9807300000,8.0238400000,1,1,0.0000000000,58.4908899311
2026-04-17,RUB_TJS,1,0.0050000000,True,7.9340500000,7.9975400000,8.0347300000,0,1,0.0000000000,-32.8851121720
2026-04-18,RUB_TJS,1,0.0050000000,True,8.0238400000,8.0311000000,8.0347300000,1,1,0.0000000000,-4.5199287769
2026-04-21,RUB_TJS,1,0.0050000000,True,7.8915000000,7.9604733333,7.8915000000,0,0,80.0609413477,6.6369587738
2026-04-22,RUB_TJS,1,0.0050000000,True,7.8915000000,7.9292000000,7.9409100000,1,1,0.0000000000,47.5457801544
2026-04-23,RUB_TJS,1,0.0050000000,True,7.8915000000,7.9209800000,7.9305300000,0,1,13.0715497342,-25.1610280546
2026-04-24,RUB_TJS,1,0.0050000000,True,7.9305300000,7.9600333333,8.0086600000,1,1,0.0000000000,37.0643339014
2026-04-25,RUB_TJS,1,0.0050000000,True,7.9305300000,7.9826166667,8.0086600000,0,1,0.0000000000,-32.6250581994
2026-04-28,RUB_TJS,1,0.0050000000,True,7.9273500000,7.9584666667,7.9273500000,1,1,15.1648930207,23.9702790320
2026-04-29,RUB_TJS,1,0.0050000000,True,7.9273500000,7.9401933333,7.9538400000,1,1,0.0000000000,16.1750889357
2026-04-30,RUB_TJS,1,0.0050000000,True,7.9273500000,7.9460066667,7.9568300000,1,1,0.0000000000,-9.8582013103
2026-05-01,RUB_TJS,1,0.0050000000,True,7.9538400000,7.9558333333,7.9568300000,1,1,0.0000000000,-1.2527495548
2026-05-05,RUB_TJS,1,0.0050000000,True,7.9568300000,8.0081600000,8.0343800000,0,1,0.0000000000,-31.3555173723
2026-05-06,RUB_TJS,1,0.0050000000,True,8.0198500000,8.0291666667,8.0198500000,1,1,18.0847806551,-6.4929942916
2026-05-07,RUB_TJS,1,0.0050000000,True,7.9605800000,8.0049366667,7.9605800000,0,0,73.9041253889,-18.6301702991
2026-05-08,RUB_TJS,1,0.0050000000,True,7.9316200000,7.9706833333,7.9316200000,1,1,36.3792587977,12.6756175234
2026-05-09,RUB_TJS,1,0.0050000000,True,7.9316200000,7.9412733333,7.9316200000,1,1,0.0000000000,12.1559011107
2026-05-13,RUB_TJS,1,0.0050000000,True,7.8384500000,7.8851900000,7.8384500000,0,0,59.6664764441,-0.3931420803
2026-05-14,RUB_TJS,1,0.0050000000,True,7.8206300000,7.8481933333,7.8206300000,1,1,22.7340864584,12.4147468335
2026-05-15,RUB_TJS,1,0.0050000000,True,7.8206300000,7.8281300000,7.8253100000,1,1,0.0000000000,9.5808322039
2026-05-16,RUB_TJS,1,0.0050000000,True,7.8206300000,7.8237500000,7.8253100000,1,1,0.0000000000,-1.9939287426
2026-05-19,RUB_TJS,1,0.0050000000,True,7.6422000000,7.7365300000,7.6422000000,0,0,129.0092584938,-7.1737587782
2026-05-20,RUB_TJS,1,0.0050000000,True,7.6145500000,7.6662766667,7.6145500000,1,1,36.1806809557,31.4059454329
2026-05-21,RUB_TJS,1,0.0050000000,True,7.6145500000,7.6259800000,7.6211900000,1,1,0.0000000000,14.9882375773
2026-05-22,RUB_TJS,1,0.0050000000,True,7.6145500000,7.6365666667,7.6739600000,1,1,0.0000000000,20.1355757605
2026-05-23,RUB_TJS,1,0.0050000000,True,7.6211900000,7.6563700000,7.6739600000,0,1,0.0000000000,-22.9743337900
2026-05-26,RUB_TJS,1,0.0050000000,True,7.6739600000,7.7101533333,7.7462200000,1,1,0.0000000000,-0.1642855352
2026-05-27,RUB_TJS,1,0.0050000000,True,7.6633400000,7.7066133333,7.6633400000,0,0,106.9941210035,-51.3930892255
2026-05-28,RUB_TJS,1,0.0050000000,True,7.6633400000,7.7075500000,7.7130900000,1,1,0.0000000000,57.3593424629
2026-05-29,RUB_TJS,1,0.0050000000,True,7.6633400000,7.6839300000,7.6753600000,0,1,48.9168413697,-37.9493306160
2026-05-30,RUB_TJS,1,0.0050000000,True,7.6753600000,7.6879366667,7.6753600000,1,1,0.0000000000,16.3589623744
2026-06-02,RUB_TJS,1,0.0050000000,True,7.6753600000,7.7527133333,7.8442900000,0,1,0.0000000000,18.3462650066
2026-06-03,RUB_TJS,1,0.0050000000,True,7.7384900000,7.8314833333,7.9116700000,0,1,0.0000000000,-16.3527982140
2026-06-04,RUB_TJS,1,0.0050000000,True,7.8442900000,7.9206233333,8.0059100000,0,1,0.0000000000,11.3038241519
2026-06-05,RUB_TJS,1,0.0050000000,True,7.9116700000,7.9448000000,7.9168200000,0,0,111.2802916845,-76.9182358272
2026-06-06,RUB_TJS,1,0.0050000000,True,7.9168200000,7.9465166667,7.9168200000,1,1,0.0000000000,37.3706718457
2026-06-09,RUB_TJS,1,0.0050000000,True,7.6688200000,7.8069966667,7.6688200000,0,0,212.5367724479,-36.3178499286
2026-06-10,RUB_TJS,1,0.0050000000,True,7.6688200000,7.7284833333,7.6812800000,1,1,0.0000000000,77.1992779955
2026-06-11,RUB_TJS,1,0.0050000000,True,7.6688200000,7.6875966667,7.7126900000,1,1,0.0000000000,8.2166988469
2026-06-12,RUB_TJS,1,0.0050000000,True,7.6812800000,7.7022200000,7.7126900000,1,1,0.0000000000,-13.5934834372
2026-06-16,RUB_TJS,1,0.0050000000,True,7.7126900000,7.7489066667,7.7587000000,0,1,21.3881597308,-34.0994342428
2026-06-17,RUB_TJS,1,0.0050000000,True,7.7587000000,7.7892533333,7.8337300000,1,1,0.0000000000,39.2249834815
2026-06-18,RUB_TJS,1,0.0050000000,True,7.7587000000,7.8236433333,7.8785000000,0,1,0.0000000000,-12.8925440960
2026-06-19,RUB_TJS,1,0.0050000000,True,7.8337300000,7.8662400000,7.8864900000,0,1,0.0000000000,-15.5855910829
2026-06-20,RUB_TJS,1,0.0050000000,True,7.8785000000,7.8838266667,7.8864900000,1,1,0.0000000000,-3.3782241111
2026-06-23,RUB_TJS,1,0.0050000000,True,7.8864900000,7.9523233333,8.0306500000,0,1,0.0000000000,15.7102934698
2026-06-24,RUB_TJS,1,0.0050000000,True,7.9398300000,8.0044500000,8.0428700000,0,1,0.0000000000,-32.7317929402
2026-06-25,RUB_TJS,1,0.0050000000,True,8.0306500000,8.0730233333,8.1455500000,1,1,0.0000000000,37.3507322948
2026-06-26,RUB_TJS,1,0.0050000000,True,8.0428700000,8.1679033333,8.3152900000,0,1,0.0000000000,27.3672843827
2026-06-27,RUB_TJS,1,0.0050000000,True,8.1455500000,8.2587100000,8.3152900000,0,1,0.0000000000,-68.5094887700
2026-06-30,RUB_TJS,1,0.0050000000,True,8.3152900000,8.3821266667,8.4410500000,0,1,0.0000000000,-9.4407226806
2026-07-01,RUB_TJS,1,0.0050000000,True,8.3900400000,8.4217333333,8.4341100000,0,1,8.2217259701,-22.9366876178
2026-07-02,RUB_TJS,1,0.0050000000,True,8.3962000000,8.4237866667,8.3962000000,1,1,44.9484296505,-12.2549795500
2026-07-03,RUB_TJS,1,0.0050000000,True,8.3200200000,8.3834433333,8.3200200000,0,0,90.7315214025,-15.2165001414
2026-07-04,RUB_TJS,1,0.0050000000,True,8.3200200000,8.3454133333,8.3200200000,1,1,0.0000000000,30.4278917282
2026-07-07,RUB_TJS,1,0.0050000000,True,8.2049800000,8.3095666667,8.2049800000,0,0,236.4672703690,-113.2830833537
2026-07-08,RUB_TJS,1,0.0050000000,True,8.2049800000,8.2823200000,8.2382800000,1,1,0.0000000000,93.3796327599
2026-07-09,RUB_TJS,1,0.0050000000,True,8.2049800000,8.2191366667,8.2141500000,1,1,29.2900945343,-23.2911729172
2026-07-10,RUB_TJS,1,0.0050000000,True,8.2141500000,8.2454333333,8.2838700000,1,1,0.0000000000,37.9401931574
2026-07-11,RUB_TJS,1,0.0050000000,True,8.2141500000,8.2606300000,8.2838700000,0,1,0.0000000000,-28.1334474489
2026-07-14,RUB_TJS,1,0.0050000000,True,8.2791800000,8.3121633333,8.3734400000,1,1,0.0000000000,39.6808051173
2026-07-15,RUB_TJS,1,0.0050000000,True,8.2791800000,8.3587933333,8.4237600000,0,1,0.0000000000,-17.5224653638
2026-07-16,RUB_TJS,1,0.0050000000,True,8.3734400000,8.4198466667,8.4623400000,0,1,0.0000000000,-4.6477489297
2026-07-17,RUB_TJS,1,0.0050000000,True,8.4237600000,8.4538800000,8.4755400000,1,1,0.0000000000,-10.0072392795
2026-07-18,RUB_TJS,1,0.0050000000,True,8.4623400000,8.4711400000,8.4755400000,1,1,0.0000000000,-5.1941061061
2026-07-21,RUB_TJS,1,0.0050000000,True,8.4622800000,8.4752766667,8.4880100000,1,1,0.0000000000,15.3347992966
2026-07-22,RUB_TJS,1,0.0050000000,True,8.4622800000,8.4775566667,8.4823800000,1,1,6.6328856823,-12.3305968268
2026-07-23,RUB_TJS,1,0.0050000000,True,8.4764800000,8.4822900000,8.4764800000,1,1,6.9555950099,-0.1061034225
2026-07-24,RUB_TJS,1,0.0050000000,True,8.4230100000,8.4606233333,8.4230100000,0,0,63.0804296123,-18.7417239155
2026-07-25,RUB_TJS,1,0.0050000000,True,8.4230100000,8.4408333333,8.4230100000,1,1,0.0000000000,21.1156086484
2026-07-28,RUB_TJS,1,0.0050000000,True,8.4230100000,8.4555666667,8.5126800000,1,1,0.0000000000,29.0420117713
2026-07-29,RUB_TJS,1,0.0050000000,True,8.4310100000,8.5096200000,8.5851700000,0,1,0.0000000000,-3.5959302531
2026-07-30,RUB_TJS,1,0.0050000000,True,8.5126800000,8.5762466667,8.6308900000,0,1,0.0000000000,-10.4047069542
2026-07-31,RUB_TJS,1,0.0050000000,True,8.5851700000,8.6027400000,8.5921600000,0,1,44.8737036389,-32.7221327159
2026-08-01,RUB_TJS,1,0.0050000000,True,8.5921600000,8.6050700000,8.5921600000,1,1,0.0000000000,15.0027832429
2026-08-04,RUB_TJS,1,0.0050000000,True,8.5921600000,8.6733866667,8.7704300000,0,1,0.0000000000,18.2358601946
2026-08-05,RUB_TJS,1,0.0050000000,True,8.6575700000,8.7297133333,8.7611400000,0,1,10.5924110904,-46.6414704721
2026-08-06,RUB_TJS,1,0.0050000000,True,8.7611400000,8.7782300000,8.8031200000,1,1,0.0000000000,19.4686172497
2026-08-07,RUB_TJS,1,0.0050000000,True,8.7611400000,8.8164766667,8.8851700000,1,1,0.0000000000,15.1496648510
2026-08-08,RUB_TJS,1,0.0050000000,True,8.8031200000,8.8578200000,8.8851700000,0,1,0.0000000000,-30.8766716867
2026-08-11,RUB_TJS,1,0.0050000000,True,8.8851700000,8.9047733333,8.9020500000,1,1,28.0606243909,-25.0726950939
2026-08-12,RUB_TJS,1,0.0050000000,True,8.9020500000,8.9330200000,8.9699100000,1,1,0.0000000000,34.6691264544
2026-08-13,RUB_TJS,1,0.0050000000,True,8.9020500000,8.9731766667,9.0475700000,0,1,0.0000000000,3.6404796072
2026-08-14,RUB_TJS,1,0.0050000000,True,8.9699100000,9.0482800000,9.1273600000,0,1,0.0000000000,0.7846795192
2026-08-15,RUB_TJS,1,0.0050000000,True,9.0475700000,9.1007633333,9.1273600000,0,1,0.0000000000,-29.2246547817
2026-08-18,RUB_TJS,1,0.0050000000,True,9.1273600000,9.1695666667,9.1999100000,0,1,0.0000000000,-12.9377251560
2026-08-19,RUB_TJS,1,0.0050000000,True,9.1814300000,9.1924833333,9.1961100000,1,1,4.1304751894,-8.0790645981
2026-08-20,RUB_TJS,1,0.0050000000,True,9.0093100000,9.1351100000,9.0093100000,0,0,203.1293666561,-66.7753316599
2026-08-21,RUB_TJS,1,0.0050000000,True,8.9702600000,9.0585600000,8.9702600000,1,1,43.3440518752,54.3684647449
2026-08-22,RUB_TJS,1,0.0050000000,True,8.9702600000,8.9832766667,8.9702600000,1,1,0.0000000000,14.4898873203
2026-08-25,RUB_TJS,1,0.0050000000,True,8.9702600000,9.0338733333,9.1292200000,1,1,0.0000000000,35.1270514456
2026-08-26,RUB_TJS,1,0.0050000000,True,9.0021400000,9.0813366667,9.1126500000,0,1,18.1505101203,-52.7271866366
2026-08-27,RUB_TJS,1,0.0050000000,True,9.1126500000,9.1782366667,9.2928400000,1,1,0.0000000000,71.4588967888
2026-08-28,RUB_TJS,1,0.0050000000,True,9.1126500000,9.2201400000,9.2549300000,0,1,40.7948485070,-78.8491281043
2026-08-29,RUB_TJS,1,0.0050000000,True,9.2549300000,9.2675666667,9.2549300000,1,1,0.0000000000,13.6353663493
2026-09-01,RUB_TJS,1,0.0050000000,True,9.2549300000,9.3221666667,9.3807300000,0,1,0.0000000000,-9.3039887008
2026-09-02,RUB_TJS,1,0.0050000000,False,,,,,,,
