date,corridor,horizon_calendar_days,epsilon,has_full_window,window_min_rub_per_unit,window_mean_rub_per_unit,future_min_rub_per_unit,target_good_now,message_hit,future_regret_bps,moment_advantage_bps
2016-09-02,RUB_UZS,5,0.0050000000,False,,,,,,,
2016-09-03,RUB_UZS,5,0.0050000000,False,,,,,,,
2016-09-06,RUB_UZS,5,0.0050000000,False,,,,,,,
2016-09-07,RUB_UZS,5,0.0050000000,True,0.0214531000,0.0217136455,0.0214531000,0,0,112.4118541734,7.6658958904
2016-09-08,RUB_UZS,5,0.0050000000,True,0.0214531000,0.0217141273,0.0214531000,0,0,53.2733679525,67.2959455805
2016-09-09,RUB_UZS,5,0.0050000000,True,0.0214531000,0.0216918818,0.0215308000,1,1,0.0000000000,110.0788858169
2016-09-10,RUB_UZS,5,0.0050000000,True,0.0214531000,0.0216759727,0.0215308000,1,1,0.0000000000,66.9740311539
2016-09-13,RUB_UZS,5,0.0050000000,True,0.0214531000,0.0217092182,0.0217849000,0,1,20.7510696192,-55.7283165007
2016-09-14,RUB_UZS,5,0.0050000000,True,0.0214531000,0.0217379000,0.0218546000,0,1,0.0000000000,-21.6212237613
2016-09-15,RUB_UZS,5,0.0050000000,True,0.0215308000,0.0217746818,0.0218577000,0,1,0.0000000000,-36.7023419610
2016-09-16,RUB_UZS,5,0.0050000000,True,0.0215308000,0.0217762364,0.0215479000,0,0,183.7257188673,-80.3461321056
2016-09-17,RUB_UZS,5,0.0050000000,True,0.0215308000,0.0217782182,0.0215479000,0,0,153.3575524939,-48.3427144052
2016-09-20,RUB_UZS,5,0.0050000000,True,0.0213716000,0.0216913545,0.0213716000,0,0,222.3930239687,-76.6874443903
2016-09-21,RUB_UZS,5,0.0050000000,True,0.0213716000,0.0216508818,0.0213716000,0,0,81.8177177358,47.5647223271
2016-09-22,RUB_UZS,5,0.0050000000,True,0.0213716000,0.0216110091,0.0213716000,0,0,83.9805870289,27.0274704265
2016-09-23,RUB_UZS,5,0.0050000000,True,0.0213716000,0.0215646182,0.0213732000,1,1,0.0000000000,89.5068858585
2016-09-24,RUB_UZS,5,0.0050000000,True,0.0212461000,0.0215066727,0.0212461000,0,0,76.2749072837,45.2290916899
2016-09-27,RUB_UZS,5,0.0050000000,True,0.0209897000,0.0213088727,0.0209897000,0,0,243.0668538438,-95.6067809568
2016-09-28,RUB_UZS,5,0.0050000000,True,0.0209897000,0.0212642545,0.0209897000,0,0,179.4303145996,-51.2340812666
2016-09-29,RUB_UZS,5,0.0050000000,True,0.0207869000,0.0212111000,0.0207869000,0,0,216.1337845534,-16.5007943954
2016-09-30,RUB_UZS,5,0.0050000000,True,0.0205813000,0.0211358182,0.0205813000,0,0,194.5716232247,69.1329668723
2016-10-01,RUB_UZS,5,0.0050000000,True,0.0204848000,0.0210517636,0.0204848000,0,0,273.9556922960,-4.7674692770
2016-10-04,RUB_UZS,5,0.0050000000,True,0.0204608000,0.0207877273,0.0204608000,0,0,156.8776489039,0.3979620843
2016-10-05,RUB_UZS,5,0.0050000000,True,0.0204608000,0.0207163364,0.0204608000,0,0,58.5482938396,65.1835156883
2016-10-06,RUB_UZS,5,0.0050000000,True,0.0204608000,0.0206696727,0.0204608000,1,1,11.7160040615,89.4415357766
2016-10-07,RUB_UZS,5,0.0050000000,True,0.0203917000,0.0206087545,0.0203917000,1,1,37.8617630391,67.7161471096
2016-10-08,RUB_UZS,5,0.0050000000,True,0.0203917000,0.0205595909,0.0203917000,1,1,33.7718955271,48.0510091508
2016-10-11,RUB_UZS,5,0.0050000000,True,0.0203917000,0.0205336182,0.0203917000,1,1,41.3646930124,27.8656110733
2016-10-12,RUB_UZS,5,0.0050000000,True,0.0203917000,0.0205520455,0.0205210000,1,1,0.0000000000,78.0192194982
2016-10-13,RUB_UZS,5,0.0050000000,True,0.0203917000,0.0205640818,0.0206016000,0,1,0.0000000000,20.9500324706
2016-10-14,RUB_UZS,5,0.0050000000,True,0.0203917000,0.0205663091,0.0204853000,0,0,136.7402849398,-98.7006993786
2016-10-15,RUB_UZS,5,0.0050000000,True,0.0203857000,0.0205594818,0.0203857000,0,0,145.8851963746,-62.2672219807
2016-10-18,RUB_UZS,5,0.0050000000,True,0.0203321000,0.0205310455,0.0203321000,0,0,130.8150823237,-34.3648089479
2016-10-19,RUB_UZS,5,0.0050000000,True,0.0203321000,0.0205147727,0.0203321000,0,0,74.7853338736,14.3665872708
2016-10-20,RUB_UZS,5,0.0050000000,True,0.0202720000,0.0204695636,0.0202720000,0,0,55.7743908720,40.9699189750
2016-10-21,RUB_UZS,5,0.0050000000,True,0.0200933000,0.0204155455,0.0200933000,0,0,117.4497469519,40.8734876721
2016-10-22,RUB_UZS,5,0.0050000000,True,0.0200933000,0.0203701364,0.0200933000,0,0,122.2593648609,13.8125553674
2016-10-25,RUB_UZS,5,0.0050000000,True,0.0200933000,0.0203240636,0.0200933000,0,0,88.1511444357,25.6167453985
2016-10-26,RUB_UZS,5,0.0050000000,True,0.0200933000,0.0203262727,0.0201880000,1,1,0.0000000000,114.6165509037
2016-10-27,RUB_UZS,5,0.0050000000,True,0.0200933000,0.0203304818,0.0203784000,1,1,0.0000000000,70.0828536461
2016-10-28,RUB_UZS,5,0.0050000000,True,0.0200933000,0.0203333545,0.0203736000,0,1,36.1900663159,-56.1862305062
2016-10-29,RUB_UZS,5,0.0050000000,True,0.0200933000,0.0203420091,0.0203736000,0,1,17.8343949045,-33.4238908198
2016-11-01,RUB_UZS,5,0.0050000000,True,0.0201880000,0.0204100636,0.0203736000,0,1,2.3554351666,15.5137372072
2016-11-02,RUB_UZS,5,0.0050000000,True,0.0203736000,0.0204370909,0.0204372000,1,1,0.0000000000,31.0665100886
2016-11-03,RUB_UZS,5,0.0050000000,True,0.0203736000,0.0204463091,0.0204853000,1,1,0.0000000000,4.4551272646
2016-11-04,RUB_UZS,5,0.0050000000,True,0.0203736000,0.0204587545,0.0204853000,0,1,0.0000000000,-12.9751077889
2016-11-08,RUB_UZS,5,0.0050000000,True,0.0203583000,0.0205711000,0.0203583000,0,0,92.8025694681,10.7432271488
2016-11-09,RUB_UZS,5,0.0050000000,True,0.0203583000,0.0206134273,0.0203583000,0,0,91.7900023848,32.2737562498
2016-11-10,RUB_UZS,5,0.0050000000,True,0.0203583000,0.0206585182,0.0203583000,0,0,138.3459520730,7.0761037600
2016-11-11,RUB_UZS,5,0.0050000000,True,0.0203583000,0.0207063273,0.0209028000,1,1,0.0000000000,168.0777417179
2016-11-12,RUB_UZS,5,0.0050000000,True,0.0203583000,0.0207265545,0.0207078000,0,0,93.2889373672,-85.0336480957
2016-11-15,RUB_UZS,5,0.0050000000,True,0.0203583000,0.0207924182,0.0207067000,0,0,130.8784489045,-90.8416791785
2016-11-16,RUB_UZS,5,0.0050000000,True,0.0203583000,0.0208065636,0.0207067000,0,0,144.9227078891,-98.3518312840
2016-11-17,RUB_UZS,5,0.0050000000,True,0.0203826000,0.0208087727,0.0203826000,0,0,157.0422739258,48.5241146108
2016-11-18,RUB_UZS,5,0.0050000000,True,0.0201514000,0.0207404636,0.0201514000,0,0,268.1740692626,16.2791135992
2016-11-19,RUB_UZS,5,0.0050000000,True,0.0201514000,0.0206816545,0.0201514000,0,0,311.5940287026,-56.9806706163
2016-11-22,RUB_UZS,5,0.0050000000,True,0.0201514000,0.0205487455,0.0201514000,0,0,113.4300825214,80.8543056378
2016-11-23,RUB_UZS,5,0.0050000000,True,0.0201514000,0.0205281273,0.0202559000,1,1,0.0000000000,183.5176037844
2016-11-24,RUB_UZS,5,0.0050000000,True,0.0201514000,0.0205161909,0.0204713000,0,1,0.0000000000,126.8709724160
2016-11-25,RUB_UZS,5,0.0050000000,True,0.0201514000,0.0204990455,0.0204810000,0,1,0.0000000000,13.5349983037
2016-11-26,RUB_UZS,5,0.0050000000,True,0.0201514000,0.0204909545,0.0204810000,0,1,0.0000000000,4.8580193921
2016-11-29,RUB_UZS,5,0.0050000000,True,0.0202033000,0.0204547545,0.0202033000,0,0,180.8470309204,-58.9816192990
2016-11-30,RUB_UZS,5,0.0050000000,True,0.0202033000,0.0204647636,0.0202033000,0,0,197.7594379673,-71.4087717958
2016-12-01,RUB_UZS,5,0.0050000000,True,0.0202033000,0.0204485909,0.0202033000,0,0,244.8999299872,-128.0817304593
2016-12-02,RUB_UZS,5,0.0050000000,True,0.0202033000,0.0204300909,0.0202775000,1,1,0.0000000000,111.0082721120
2016-12-03,RUB_UZS,5,0.0050000000,True,0.0201169000,0.0203969909,0.0201169000,0,0,122.3116959639,15.1938632659
2016-12-06,RUB_UZS,5,0.0050000000,True,0.0199379000,0.0202309818,0.0199379000,0,0,175.1801078183,-30.8527694697
2016-12-07,RUB_UZS,5,0.0050000000,True,0.0199379000,0.0201607455,0.0199379000,0,0,167.4762667982,-57.9118196387
2016-12-08,RUB_UZS,5,0.0050000000,True,0.0192216000,0.0200715000,0.0192216000,0,0,445.0486904046,-22.6191365867
2016-12-09,RUB_UZS,5,0.0050000000,True,0.0190543000,0.0199522545,0.0190543000,0,0,456.3394672784,-6.5884557134
2016-12-10,RUB_UZS,5,0.0050000000,True,0.0190025000,0.0198283000,0.0190025000,0,0,469.1567316518,-55.2745318560
2016-12-13,RUB_UZS,5,0.0050000000,True,0.0190025000,0.0195520818,0.0190025000,0,0,113.9863486911,169.0264091850
2016-12-14,RUB_UZS,5,0.0050000000,True,0.0190025000,0.0194803182,0.0190025000,1,1,27.1854646983,218.6915931465
2016-12-15,RUB_UZS,5,0.0050000000,True,0.0190025000,0.0194111909,0.0192050000,1,1,0.0000000000,210.5439645640
2016-12-16,RUB_UZS,5,0.0050000000,True,0.0190025000,0.0193471364,0.0192050000,0,1,20.0067555278,53.5667716857
2016-12-17,RUB_UZS,5,0.0050000000,True,0.0190025000,0.0192679455,0.0190668000,0,0,134.8855258052,-30.9086122311
2016-12-20,RUB_UZS,5,0.0050000000,True,0.0189868000,0.0191543273,0.0189868000,0,0,113.6162457693,-26.4549762313
2016-12-21,RUB_UZS,5,0.0050000000,True,0.0189868000,0.0191529000,0.0189868000,0,0,128.1631337316,-41.9779772254
2016-12-22,RUB_UZS,5,0.0050000000,True,0.0189868000,0.0191311455,0.0189868000,1,1,41.9577485472,33.6338745102
2016-12-23,RUB_UZS,5,0.0050000000,True,0.0189868000,0.0191003455,0.0189868000,1,1,1.8956946668,57.5620241043
2016-12-24,RUB_UZS,5,0.0050000000,True,0.0189288000,0.0190641000,0.0189288000,1,1,30.5475382898,40.5474163480
2016-12-27,RUB_UZS,5,0.0050000000,True,0.0188059000,0.0189633273,0.0188059000,0,0,104.3453552373,-21.5535631933
2016-12-28,RUB_UZS,5,0.0050000000,True,0.0188059000,0.0189505000,0.0188059000,0,0,96.2677803114,-20.1577794781
2016-12-29,RUB_UZS,5,0.0050000000,True,0.0188059000,0.0189446182,0.0188059000,0,0,64.9275178564,8.3496968196
2016-12-30,RUB_UZS,5,0.0050000000,True,0.0188059000,0.0189390636,0.0189257000,1,1,0.0000000000,70.3116262348
2016-12-31,RUB_UZS,5,0.0050000000,True,0.0188059000,0.0189335091,0.0189257000,0,1,0.0000000000,4.1244815589
2017-01-10,RUB_UZS,5,0.0050000000,True,0.0183411000,0.0186723909,0.0183411000,0,0,201.0952317350,-24.1581761697
2017-01-11,RUB_UZS,5,0.0050000000,True,0.0183411000,0.0186192455,0.0183411000,0,0,76.1826435594,73.7653171181
2017-01-12,RUB_UZS,5,0.0050000000,True,0.0183411000,0.0185737818,0.0183411000,0,0,107.1214744575,18.3494231360
2017-01-13,RUB_UZS,5,0.0050000000,True,0.0182774000,0.0185148455,0.0182774000,1,1,37.6638595917,90.9245799317
2017-01-14,RUB_UZS,5,0.0050000000,True,0.0182102000,0.0184498000,0.0182102000,0,0,71.3697651722,58.9166278225
2017-01-17,RUB_UZS,5,0.0050000000,True,0.0182102000,0.0183402545,0.0182102000,0,0,116.9025703369,-46.5344983811
2017-01-18,RUB_UZS,5,0.0050000000,True,0.0182102000,0.0183223727,0.0182102000,1,1,36.7667173668,24.5452529223
2017-01-19,RUB_UZS,5,0.0050000000,True,0.0182102000,0.0183189364,0.0182341000,1,1,0.0000000000,59.3573564960
2017-01-20,RUB_UZS,5,0.0050000000,True,0.0181091000,0.0182978455,0.0181091000,0,0,68.5528762045,34.8376833239
2017-01-21,RUB_UZS,5,0.0050000000,True,0.0180883000,0.0182748636,0.0180883000,0,0,138.8540587690,-37.2841981161
2017-01-24,RUB_UZS,5,0.0050000000,True,0.0180883000,0.0182934273,0.0180883000,0,0,120.3799286678,-8.3487511908
2017-01-25,RUB_UZS,5,0.0050000000,True,0.0180883000,0.0183190091,0.0180883000,1,1,11.4859380091,114.5853958953
2017-01-26,RUB_UZS,5,0.0050000000,True,0.0180883000,0.0183390455,0.0182651000,1,1,0.0000000000,136.7276476668
2017-01-27,RUB_UZS,5,0.0050000000,True,0.0180883000,0.0183496182,0.0184545000,0,1,0.0000000000,46.0599130623
2017-01-28,RUB_UZS,5,0.0050000000,True,0.0180883000,0.0183680273,0.0184545000,0,1,20.0631638149,-67.2759929185
2017-01-31,RUB_UZS,5,0.0050000000,True,0.0180883000,0.0183946636,0.0182898000,0,0,89.2465252377,-32.5291969558
2017-02-01,RUB_UZS,5,0.0050000000,True,0.0182651000,0.0184129818,0.0182898000,0,0,91.8236336156,-25.1551770786
2017-02-02,RUB_UZS,5,0.0050000000,True,0.0181210000,0.0183998818,0.0181210000,0,0,228.8964978027,-79.1408245211
2017-02-03,RUB_UZS,5,0.0050000000,True,0.0179646000,0.0183519727,0.0179646000,0,0,275.8441502203,-66.6017079165
2017-02-04,RUB_UZS,5,0.0050000000,True,0.0179646000,0.0183153727,0.0179646000,0,0,177.8040219139,13.9624389050
2017-02-07,RUB_UZS,5,0.0050000000,True,0.0179135000,0.0181674455,0.0179135000,0,0,114.5080293582,25.5652092980
2017-02-08,RUB_UZS,5,0.0050000000,True,0.0179135000,0.0181099909,0.0179135000,1,1,28.4448303887,80.2821546520
2017-02-09,RUB_UZS,5,0.0050000000,True,0.0175448000,0.0180255000,0.0175448000,0,0,300.8458179004,-35.2278716263
2017-02-10,RUB_UZS,5,0.0050000000,True,0.0174472000,0.0179489000,0.0174472000,0,0,280.7611747404,-1.2814155742
2017-02-11,RUB_UZS,5,0.0050000000,True,0.0171516000,0.0178454273,0.0171516000,0,0,425.3216847629,-38.1457536614
2017-02-14,RUB_UZS,5,0.0050000000,True,0.0171516000,0.0176448636,0.0171516000,0,0,224.1119875975,56.7097816259
2017-02-15,RUB_UZS,5,0.0050000000,True,0.0171516000,0.0175857273,0.0171516000,0,0,169.4254665505,78.7725583247
2017-02-16,RUB_UZS,5,0.0050000000,True,0.0171516000,0.0175528091,0.0172922000,1,1,0.0000000000,228.5725827878
2017-02-17,RUB_UZS,5,0.0050000000,True,0.0171516000,0.0175182182,0.0174385000,0,1,0.0000000000,129.0189330173
2017-02-18,RUB_UZS,5,0.0050000000,True,0.0171516000,0.0174706909,0.0173907000,0,1,27.4106144450,18.4256645936
2017-02-21,RUB_UZS,5,0.0050000000,True,0.0171516000,0.0174040182,0.0173907000,0,0,112.7971300408,-106.3443029353
2017-02-22,RUB_UZS,5,0.0050000000,True,0.0172922000,0.0174257545,0.0173907000,0,0,81.1612388068,-61.5442242491
2017-02-23,RUB_UZS,5,0.0050000000,True,0.0172947000,0.0174259818,0.0172947000,0,0,55.2019182667,20.2466745059
2017-02-28,RUB_UZS,5,0.0050000000,True,0.0172947000,0.0174498909,0.0173385000,1,1,0.0000000000,88.9351743798
2017-03-01,RUB_UZS,5,0.0050000000,True,0.0172947000,0.0174761909,0.0174888000,1,1,0.0000000000,78.7877116971
2017-03-02,RUB_UZS,5,0.0050000000,True,0.0172947000,0.0174878182,0.0175133000,0,1,0.0000000000,-0.5614297745
2017-03-03,RUB_UZS,5,0.0050000000,True,0.0172947000,0.0175007818,0.0175186000,0,1,0.0000000000,-7.1529271939
2017-03-04,RUB_UZS,5,0.0050000000,True,0.0172947000,0.0175137455,0.0175186000,0,0,91.2895927602,-94.9280357454
2017-03-07,RUB_UZS,5,0.0050000000,True,0.0174888000,0.0176465727,0.0175333000,1,1,0.0000000000,72.5198763808
2017-03-08,RUB_UZS,5,0.0050000000,True,0.0175133000,0.0176816182,0.0175333000,1,1,0.0000000000,83.8826968737
2017-03-10,RUB_UZS,5,0.0050000000,True,0.0168344000,0.0175694455,0.0168344000,0,0,508.5586703051,-95.0255065742
2017-03-11,RUB_UZS,5,0.0050000000,True,0.0168344000,0.0174962545,0.0168344000,0,0,581.7850209519,-216.0722190931
2017-03-14,RUB_UZS,5,0.0050000000,True,0.0165527000,0.0172257182,0.0165527000,0,0,334.1897810219,58.4696561009
2017-03-15,RUB_UZS,5,0.0050000000,True,0.0165527000,0.0171365727,0.0165527000,0,0,167.3359311885,176.3320659748
2017-03-16,RUB_UZS,5,0.0050000000,True,0.0163764000,0.0170129364,0.0163764000,0,0,295.4091579802,81.1361194129
2017-03-17,RUB_UZS,5,0.0050000000,True,0.0163755000,0.0168766818,0.0163755000,0,0,165.2192713776,133.9610597732
2017-03-18,RUB_UZS,5,0.0050000000,True,0.0163755000,0.0167522182,0.0163755000,0,0,107.0520217246,119.0995602211
2017-03-21,RUB_UZS,5,0.0050000000,True,0.0161669000,0.0164778818,0.0161669000,0,0,127.9279939425,61.5866889334
2017-03-22,RUB_UZS,5,0.0050000000,True,0.0161669000,0.0164135182,0.0161669000,0,0,127.3854233459,23.1627256247
2017-03-23,RUB_UZS,5,0.0050000000,True,0.0160629000,0.0163600909,0.0160629000,0,0,267.9761529700,-88.6969954601
2017-03-24,RUB_UZS,5,0.0050000000,True,0.0160384000,0.0163133364,0.0160384000,0,0,269.2601715790,-103.5126307700
2017-03-25,RUB_UZS,5,0.0050000000,True,0.0160384000,0.0162729545,0.0160384000,0,0,79.4833888995,65.1722741302
2017-03-28,RUB_UZS,5,0.0050000000,True,0.0155482000,0.0160359909,0.0155482000,0,0,320.4278181399,-16.7804353729
2017-03-29,RUB_UZS,5,0.0050000000,True,0.0155482000,0.0159514182,0.0155482000,0,0,305.6414604948,-54.5292068645
2017-03-30,RUB_UZS,5,0.0050000000,True,0.0155482000,0.0158734636,0.0155482000,0,0,347.8287860446,-148.0687322066
2017-03-31,RUB_UZS,5,0.0050000000,True,0.0155482000,0.0158228455,0.0155749000,1,1,0.0000000000,173.5752620061
2017-04-01,RUB_UZS,5,0.0050000000,True,0.0154403000,0.0157567909,0.0154403000,0,0,86.4211006170,115.4365188574
2017-04-04,RUB_UZS,5,0.0050000000,True,0.0154403000,0.0156473091,0.0154403000,0,0,118.0182659507,14.4491878941
2017-04-05,RUB_UZS,5,0.0050000000,True,0.0154403000,0.0156135182,0.0154403000,0,0,108.7757285347,2.1892451005
2017-04-06,RUB_UZS,5,0.0050000000,True,0.0154403000,0.0156404727,0.0155903000,1,1,0.0000000000,127.9838089060
2017-04-07,RUB_UZS,5,0.0050000000,True,0.0154403000,0.0156435182,0.0156084000,0,1,0.0000000000,34.0193179051
2017-04-08,RUB_UZS,5,0.0050000000,True,0.0154403000,0.0156412091,0.0155495000,0,0,119.0203853388,-61.1147824540
2017-04-11,RUB_UZS,5,0.0050000000,True,0.0154202000,0.0155996000,0.0154202000,0,0,267.9129298756,-157.1194133183
2017-04-12,RUB_UZS,5,0.0050000000,True,0.0154202000,0.0155977727,0.0154202000,0,0,120.5761000487,-6.8133270776
2017-04-13,RUB_UZS,5,0.0050000000,True,0.0154202000,0.0155826364,0.0154202000,0,0,83.1537991575,21.2649277459
2017-04-14,RUB_UZS,5,0.0050000000,True,0.0152164000,0.0155353273,0.0152164000,0,0,190.3091879626,15.2731077439
2017-04-15,RUB_UZS,5,0.0050000000,True,0.0152164000,0.0154931909,0.0152164000,0,0,132.1643039649,47.1116050394
2017-04-18,RUB_UZS,5,0.0050000000,True,0.0152164000,0.0153758455,0.0152164000,0,0,134.4675112488,-31.1882332561
2017-04-19,RUB_UZS,5,0.0050000000,True,0.0152164000,0.0153513545,0.0152733000,1,1,0.0000000000,87.9105130788
2017-04-20,RUB_UZS,5,0.0050000000,True,0.0152164000,0.0153273273,0.0152473000,1,1,17.0231711549,35.2489848791
2017-04-21,RUB_UZS,5,0.0050000000,True,0.0150648000,0.0152950182,0.0150648000,0,0,178.6959951496,-28.6902687268
2017-04-22,RUB_UZS,5,0.0050000000,True,0.0150648000,0.0152749273,0.0150648000,0,0,140.9022192263,-3.3864169566
2017-04-25,RUB_UZS,5,0.0050000000,True,0.0150648000,0.0152811455,0.0150648000,0,0,119.6933227522,22.1485062400
2017-04-26,RUB_UZS,5,0.0050000000,True,0.0150648000,0.0152908636,0.0151992000,1,1,0.0000000000,147.8422944182
2017-04-27,RUB_UZS,5,0.0050000000,True,0.0150648000,0.0152946182,0.0153684000,0,1,0.0000000000,62.3867694400
2017-04-28,RUB_UZS,5,0.0050000000,True,0.0150648000,0.0152924545,0.0152563000,0,0,72.9418807423,-49.6620436698
2017-04-29,RUB_UZS,5,0.0050000000,True,0.0150648000,0.0152929818,0.0152563000,0,0,80.5581201805,-57.0315082141
2017-05-03,RUB_UZS,5,0.0050000000,True,0.0152563000,0.0154421909,0.0152859000,1,1,0.0000000000,120.3785849982
2017-05-04,RUB_UZS,5,0.0050000000,True,0.0152563000,0.0154698727,0.0154140000,1,1,0.0000000000,118.9232326058
2017-05-05,RUB_UZS,5,0.0050000000,True,0.0152563000,0.0154964818,0.0156729000,0,1,0.0000000000,53.2261574915
2017-05-06,RUB_UZS,5,0.0050000000,True,0.0152563000,0.0155119909,0.0155508000,0,0,77.9051738989,-103.7320688570
2017-05-11,RUB_UZS,5,0.0050000000,True,0.0150135000,0.0154200636,0.0150135000,0,0,345.5127710471,-84.7832841157
2017-05-12,RUB_UZS,5,0.0050000000,True,0.0148483000,0.0153451000,0.0148483000,0,0,210.2563426341,115.9327733283
2017-05-13,RUB_UZS,5,0.0050000000,True,0.0148483000,0.0152805273,0.0148483000,0,0,215.2238235507,69.1254109508
2017-05-16,RUB_UZS,5,0.0050000000,True,0.0148483000,0.0151292545,0.0148483000,0,0,110.0343024611,76.5104090930
2017-05-17,RUB_UZS,5,0.0050000000,True,0.0148483000,0.0150884364,0.0149626000,1,1,0.0000000000,159.1525840379
2017-05-18,RUB_UZS,5,0.0050000000,True,0.0148483000,0.0150648091,0.0149073000,0,1,36.9588173178,67.8462569903
2017-05-19,RUB_UZS,5,0.0050000000,True,0.0148033000,0.0150310273,0.0148033000,0,0,229.5542897875,-79.8832475613
2017-05-20,RUB_UZS,5,0.0050000000,True,0.0147297000,0.0149905545,0.0147297000,0,0,246.3944695334,-74.2103664065
2017-05-23,RUB_UZS,5,0.0050000000,True,0.0146763000,0.0149315727,0.0146763000,0,0,154.9576382041,16.2559749841
2017-05-24,RUB_UZS,5,0.0050000000,True,0.0146763000,0.0149218636,0.0146763000,0,0,85.7916815845,79.4563194337
2017-05-25,RUB_UZS,5,0.0050000000,True,0.0146763000,0.0148941000,0.0146763000,1,1,36.2532841809,110.3792777006
2017-05-26,RUB_UZS,5,0.0050000000,True,0.0145793000,0.0148466000,0.0145793000,0,0,66.0929525834,114.7063974243
2017-05-27,RUB_UZS,5,0.0050000000,True,0.0145793000,0.0148136818,0.0145793000,0,0,186.1225918496,-28.4319471250
2017-05-30,RUB_UZS,5,0.0050000000,True,0.0145793000,0.0147558545,0.0145793000,0,0,179.4459001596,-60.8880050076
2017-05-31,RUB_UZS,5,0.0050000000,True,0.0145793000,0.0147566636,0.0146991000,1,1,0.0000000000,120.1922336473
2017-06-01,RUB_UZS,5,0.0050000000,True,0.0145793000,0.0147606182,0.0146991000,0,1,27.5446583038,14.1716163649
2017-06-02,RUB_UZS,5,0.0050000000,True,0.0145793000,0.0147403909,0.0146333000,0,1,44.7646454545,28.0120855312
2017-06-03,RUB_UZS,5,0.0050000000,True,0.0145793000,0.0147181182,0.0146108000,0,0,86.7110851777,-13.9160576976
2017-06-06,RUB_UZS,5,0.0050000000,True,0.0146108000,0.0147054636,0.0146108000,0,0,74.0499191565,-9.7490048535
2017-06-07,RUB_UZS,5,0.0050000000,True,0.0146108000,0.0147031273,0.0146108000,1,1,15.3758892389,47.4914427605
2017-06-08,RUB_UZS,5,0.0050000000,True,0.0146108000,0.0147044818,0.0147136000,1,1,0.0000000000,63.7097038442
2017-06-09,RUB_UZS,5,0.0050000000,True,0.0145802000,0.0146900818,0.0145802000,0,0,90.6644193127,-16.0095648951
2017-06-10,RUB_UZS,5,0.0050000000,True,0.0145802000,0.0146789091,0.0145802000,0,0,90.9338045399,-23.9056655189
2017-06-14,RUB_UZS,5,0.0050000000,True,0.0145802000,0.0147229364,0.0146157000,1,1,0.0000000000,96.9482989745
2017-06-15,RUB_UZS,5,0.0050000000,True,0.0145802000,0.0147349000,0.0147367000,1,1,0.0000000000,80.8963752723
2017-06-16,RUB_UZS,5,0.0050000000,True,0.0145802000,0.0147523091,0.0148167000,0,1,0.0000000000,10.5807781093
2017-06-17,RUB_UZS,5,0.0050000000,True,0.0145802000,0.0148033000,0.0148167000,0,1,0.0000000000,-9.0520356947
2017-06-20,RUB_UZS,5,0.0050000000,True,0.0146157000,0.0149535364,0.0149055000,0,1,0.0000000000,72.4486576298
2017-06-21,RUB_UZS,5,0.0050000000,True,0.0147367000,0.0150048091,0.0151797000,0,1,0.0000000000,66.1848413448
2017-06-22,RUB_UZS,5,0.0050000000,True,0.0148167000,0.0150299364,0.0150131000,0,0,171.3922840739,-162.9838147261
2017-06-23,RUB_UZS,5,0.0050000000,True,0.0148167000,0.0150447636,0.0149798000,0,0,210.1768465631,-170.5818514929
2017-06-24,RUB_UZS,5,0.0050000000,True,0.0148167000,0.0150765091,0.0149798000,0,0,131.6890320626,-68.4448292829
2017-06-27,RUB_UZS,5,0.0050000000,True,0.0149260000,0.0151105455,0.0149260000,0,0,58.0159993606,64.4883765702
2017-06-28,RUB_UZS,5,0.0050000000,True,0.0149260000,0.0150862727,0.0149260000,1,1,35.9150322434,70.5758998246
2017-06-29,RUB_UZS,5,0.0050000000,True,0.0148969000,0.0150495000,0.0148969000,0,0,177.3716033997,-77.3447622845
2017-06-30,RUB_UZS,5,0.0050000000,True,0.0148969000,0.0150302818,0.0148969000,1,1,19.4961811604,69.3811463040
2017-07-01,RUB_UZS,5,0.0050000000,True,0.0148969000,0.0150089364,0.0148969000,0,0,73.9610471818,0.6904977217
2017-07-04,RUB_UZS,5,0.0050000000,True,0.0148969000,0.0150298727,0.0149449000,1,1,0.0000000000,88.4722909406
2017-07-05,RUB_UZS,5,0.0050000000,True,0.0148969000,0.0150280364,0.0149449000,1,1,15.6330378199,39.7499461612
2017-07-06,RUB_UZS,5,0.0050000000,True,0.0148969000,0.0150462364,0.0151115000,1,1,0.0000000000,67.3499745633
2017-07-07,RUB_UZS,5,0.0050000000,True,0.0148969000,0.0150575182,0.0151262000,0,1,0.0000000000,-35.8504087659
2017-07-08,RUB_UZS,5,0.0050000000,True,0.0148969000,0.0150660091,0.0151013000,0,1,29.3152511934,-52.8945048487
2017-07-11,RUB_UZS,5,0.0050000000,True,0.0149165000,0.0150616000,0.0149165000,0,0,138.6336290674,-42.8905295586
2017-07-12,RUB_UZS,5,0.0050000000,True,0.0149165000,0.0150590182,0.0149165000,0,0,142.4134284959,-48.4638621859
2017-07-13,RUB_UZS,5,0.0050000000,True,0.0147130000,0.0150227909,0.0147130000,0,0,257.1301808454,-52.2599904267
2017-07-14,RUB_UZS,5,0.0050000000,True,0.0146831000,0.0149807364,0.0146831000,0,0,205.7819045332,-7.2517372310
2017-07-15,RUB_UZS,5,0.0050000000,True,0.0146549000,0.0149361182,0.0146549000,0,0,175.3762611873,13.1347258902
2017-07-18,RUB_UZS,5,0.0050000000,True,0.0145786000,0.0147879727,0.0145786000,0,0,91.3477876708,50.6984484320
2017-07-19,RUB_UZS,5,0.0050000000,True,0.0145786000,0.0147404545,0.0145786000,0,0,71.1702569621,38.9096179346
2017-07-20,RUB_UZS,5,0.0050000000,True,0.0145786000,0.0147191909,0.0145786000,0,0,52.0644971989,43.6782901234
2017-07-21,RUB_UZS,5,0.0050000000,True,0.0145786000,0.0147085273,0.0145786000,1,1,26.3390138947,62.1593658101
2017-07-22,RUB_UZS,5,0.0050000000,True,0.0145786000,0.0146999273,0.0145786000,1,1,0.0000000000,82.5359680196
2017-07-25,RUB_UZS,5,0.0050000000,True,0.0145786000,0.0146680273,0.0146299000,0,0,86.5988602560,-61.1348244760
2017-07-26,RUB_UZS,5,0.0050000000,True,0.0145786000,0.0146657545,0.0146299000,0,0,114.3980755717,-90.9911959401
2017-07-27,RUB_UZS,5,0.0050000000,True,0.0145786000,0.0146784091,0.0146299000,0,0,129.5380484283,-97.7564449950
2017-07-28,RUB_UZS,5,0.0050000000,True,0.0145786000,0.0146805545,0.0146022000,0,0,67.8143641298,-14.5399511165
2017-07-29,RUB_UZS,5,0.0050000000,True,0.0145786000,0.0146990273,0.0146022000,1,1,18.9338272989,47.0284675609
2017-08-01,RUB_UZS,5,0.0050000000,True,0.0146022000,0.0147106364,0.0146022000,0,0,104.4299722830,-31.0412379416
2017-08-02,RUB_UZS,5,0.0050000000,True,0.0146022000,0.0147013818,0.0147201000,1,1,0.0000000000,67.4642828874
2017-08-03,RUB_UZS,5,0.0050000000,True,0.0146022000,0.0146971000,0.0146548000,0,0,85.9164648419,-57.6304168850
2017-08-04,RUB_UZS,5,0.0050000000,True,0.0146022000,0.0146982091,0.0146421000,0,0,122.0400728597,-84.9021185636
2017-08-05,RUB_UZS,5,0.0050000000,True,0.0145309000,0.0146892091,0.0145309000,0,0,128.5317355181,-21.0296612294
2017-08-08,RUB_UZS,5,0.0050000000,True,0.0145249000,0.0146629455,0.0145249000,0,0,88.6398995551,5.5551284499
2017-08-09,RUB_UZS,5,0.0050000000,True,0.0145249000,0.0146452636,0.0145249000,0,0,80.0431632075,2.1601771345
2017-08-10,RUB_UZS,5,0.0050000000,True,0.0144918000,0.0146151545,0.0144918000,1,1,26.9081749926,57.6487543751
2017-08-11,RUB_UZS,5,0.0050000000,True,0.0144250000,0.0145883273,0.0144250000,0,0,68.7784425366,43.4780983052
2017-08-12,RUB_UZS,5,0.0050000000,True,0.0143589000,0.0145554909,0.0143589000,0,0,156.5745545783,-21.8536709670
2017-08-15,RUB_UZS,5,0.0050000000,True,0.0142616000,0.0144484364,0.0142616000,0,0,158.8484522282,-30.0126846063
2017-08-16,RUB_UZS,5,0.0050000000,True,0.0142616000,0.0144264364,0.0142616000,0,0,113.2755632582,0.9956468806
2017-08-17,RUB_UZS,5,0.0050000000,True,0.0142359000,0.0144001636,0.0142359000,0,0,85.6611578881,28.6549774056
2017-08-18,RUB_UZS,5,0.0050000000,True,0.0141176000,0.0143574636,0.0141176000,0,0,100.9704380995,66.7692001816
2017-08-19,RUB_UZS,5,0.0050000000,True,0.0141176000,0.0143166909,0.0141176000,0,0,119.8832660317,19.4115450752
2017-08-22,RUB_UZS,5,0.0050000000,True,0.0141176000,0.0142186182,0.0141176000,0,0,83.0997688941,-12.1543584340
2017-08-23,RUB_UZS,5,0.0050000000,True,0.0141176000,0.0141989364,0.0141388000,1,1,0.0000000000,57.2834200769
2017-08-24,RUB_UZS,5,0.0050000000,True,0.0139987000,0.0141750364,0.0139987000,0,0,99.0890316010,25.5635066513
2017-08-25,RUB_UZS,5,0.0050000000,True,0.0139955000,0.0141483636,0.0139955000,0,0,102.5423429157,5.5579829341
2017-08-26,RUB_UZS,5,0.0050000000,True,0.0139955000,0.0141260545,0.0139955000,0,0,103.8720443489,-11.5711393389
2017-08-29,RUB_UZS,5,0.0050000000,True,0.0138889000,0.0140477000,0.0138889000,0,0,78.4358547579,34.8811549222
2017-08-30,RUB_UZS,5,0.0050000000,True,0.0138889000,0.0140249818,0.0138889000,0,0,76.1673395020,21.0209314807
2017-08-31,RUB_UZS,5,0.0050000000,True,0.0137237000,0.0139870909,0.0137237000,0,0,227.7210097198,-40.3293946366
2017-09-01,RUB_UZS,5,0.0050000000,True,0.0071420100,0.0133506918,0.0071420100,0,0,4899.5479443250,-488.3703336858
2017-09-02,RUB_UZS,5,0.0050000000,True,0.0070788500,0.0127085509,0.0070788500,0,0,4903.2320774143,-928.7833832139
2017-09-05,RUB_UZS,5,0.0050000000,True,0.0070366200,0.0107986509,0.0070366200,0,0,4872.6509614754,-2708.7171495160
2017-09-06,RUB_UZS,5,0.0050000000,True,0.0070366200,0.0101616618,0.0070366200,0,0,147.5635010312,2971.6121951420
2017-09-07,RUB_UZS,5,0.0050000000,True,0.0070366200,0.0095304791,0.0070366200,0,0,59.6565826370,2572.4090756861
2017-09-08,RUB_UZS,5,0.0050000000,True,0.0070366200,0.0089111991,0.0070366200,1,1,25.2889661292,2083.6018497256
2017-09-09,RUB_UZS,5,0.0050000000,True,0.0070366200,0.0082964291,0.0070366200,1,1,0.0000000000,1518.4955805740
2017-09-12,RUB_UZS,5,0.0050000000,True,0.0070366200,0.0070786264,0.0070768200,1,1,0.0000000000,26.7514665467
2017-09-13,RUB_UZS,5,0.0050000000,True,0.0070366200,0.0070814418,0.0071098200,0,1,0.0000000000,6.5266626493
2017-09-14,RUB_UZS,5,0.0050000000,True,0.0070366200,0.0070875027,0.0071098200,0,1,23.3076028250,-54.9238204558
2017-09-15,RUB_UZS,5,0.0050000000,True,0.0070366200,0.0071018164,0.0071098200,0,1,41.0693725014,-52.5550569777
2017-09-16,RUB_UZS,5,0.0050000000,True,0.0070366200,0.0071163445,0.0071098200,0,1,0.0000000000,9.1683945499
2017-09-19,RUB_UZS,5,0.0050000000,True,0.0071098200,0.0071446073,0.0071378900,1,1,0.0000000000,32.8601304888
2017-09-20,RUB_UZS,5,0.0050000000,True,0.0071098200,0.0071456491,0.0071378900,0,0,78.0920952952,-67.7627861023
2017-09-21,RUB_UZS,5,0.0050000000,True,0.0071098200,0.0071445209,0.0071267300,0,0,96.8535787884,-72.6558037545
2017-09-22,RUB_UZS,5,0.0050000000,True,0.0071080800,0.0071443627,0.0071080800,0,0,138.9520881658,-89.4093359558
2017-09-23,RUB_UZS,5,0.0050000000,True,0.0071080800,0.0071517473,0.0071080800,1,1,41.7630420194,19.3760660141
2017-09-26,RUB_UZS,5,0.0050000000,True,0.0071080800,0.0071697245,0.0071080800,1,1,26.1690845591,59.9668023255
2017-09-27,RUB_UZS,5,0.0050000000,True,0.0071080800,0.0071691491,0.0071901000,1,1,0.0000000000,85.1831788329
2017-09-28,RUB_UZS,5,0.0050000000,True,0.0071080800,0.0071653727,0.0071667000,0,1,33.8615362152,-35.8352226808
2017-09-29,RUB_UZS,5,0.0050000000,True,0.0071080800,0.0071698964,0.0071667000,0,0,104.7556323239,-101.3593958376
2017-09-30,RUB_UZS,5,0.0050000000,True,0.0071080800,0.0071726800,0.0071667000,0,1,32.5447490299,-24.2865985936
2017-10-03,RUB_UZS,5,0.0050000000,True,0.0071434400,0.0071819673,0.0071434400,1,1,32.4556629969,21.2577865472
2017-10-04,RUB_UZS,5,0.0050000000,True,0.0071434400,0.0071796636,0.0071434400,0,0,61.5082815663,-11.1235902416
2017-10-05,RUB_UZS,5,0.0050000000,True,0.0071434400,0.0071789218,0.0071434400,1,1,34.9724001222,14.5033174138
2017-10-06,RUB_UZS,5,0.0050000000,True,0.0071434400,0.0071809155,0.0071657100,1,1,0.0000000000,52.1875724379
2017-10-07,RUB_UZS,5,0.0050000000,True,0.0071434400,0.0071804991,0.0071657100,1,1,0.0000000000,20.5961879834
2017-10-10,RUB_UZS,5,0.0050000000,True,0.0071434400,0.0071742882,0.0071559400,0,0,108.4677257717,-83.8017886348
2017-10-11,RUB_UZS,5,0.0050000000,True,0.0071434400,0.0071731455,0.0071559400,0,0,77.7728323371,-54.2084998847
2017-10-12,RUB_UZS,5,0.0050000000,True,0.0070896100,0.0071682518,0.0070896100,0,0,133.4767699485,-24.0898091420
2017-10-13,RUB_UZS,5,0.0050000000,True,0.0070896100,0.0071636536,0.0070896100,0,0,104.1839690128,-0.8324853024
2017-10-14,RUB_UZS,5,0.0050000000,True,0.0070896100,0.0071582982,0.0070896100,0,0,92.6922249208,3.2943330360
2017-10-17,RUB_UZS,5,0.0050000000,True,0.0070896100,0.0071405573,0.0071068000,1,1,0.0000000000,71.3491549488
2017-10-18,RUB_UZS,5,0.0050000000,True,0.0070896100,0.0071361073,0.0071068000,1,1,11.7074459637,29.3959604664
2017-10-19,RUB_UZS,5,0.0050000000,True,0.0070896100,0.0071331245,0.0071314400,1,1,0.0000000000,36.9046485685
2017-10-20,RUB_UZS,5,0.0050000000,True,0.0070896100,0.0071313982,0.0071314400,0,1,17.3855590675,-17.4745791275
2017-10-21,RUB_UZS,5,0.0050000000,True,0.0070896100,0.0071299155,0.0071314400,0,1,7.1883271656,-9.3332740016
2017-10-24,RUB_UZS,5,0.0050000000,True,0.0071068000,0.0071474755,0.0071369500,1,1,0.0000000000,22.4351306240
2017-10-25,RUB_UZS,5,0.0050000000,True,0.0071314400,0.0071557473,0.0071396300,1,1,0.0000000000,26.2687767061
2017-10-26,RUB_UZS,5,0.0050000000,True,0.0071314400,0.0071582727,0.0071582600,1,1,0.0000000000,26.0436113334
2017-10-27,RUB_UZS,5,0.0050000000,True,0.0071314400,0.0071635391,0.0071716400,1,1,0.0000000000,7.3693894067
2017-10-28,RUB_UZS,5,0.0050000000,True,0.0071314400,0.0071692309,0.0071716400,0,1,36.3305959190,-39.8356410489
2017-10-31,RUB_UZS,5,0.0050000000,True,0.0071396300,0.0071921255,0.0071906600,1,1,0.0000000000,28.4831718731
2017-11-01,RUB_UZS,5,0.0050000000,True,0.0071582600,0.0072006200,0.0071906600,0,1,5.3374105219,8.4992681186
2017-11-02,RUB_UZS,5,0.0050000000,True,0.0071716400,0.0072074209,0.0071906600,1,1,11.8346811720,11.4339223348
2017-11-03,RUB_UZS,5,0.0050000000,True,0.0071716400,0.0072117800,0.0072330700,1,1,0.0000000000,29.2854191337
2017-11-04,RUB_UZS,5,0.0050000000,True,0.0071716400,0.0072250664,0.0072330700,0,1,0.0000000000,-11.0775956383
2017-11-08,RUB_UZS,5,0.0050000000,True,0.0071906600,0.0072819255,0.0073439400,0,1,0.0000000000,49.6921518509
2017-11-09,RUB_UZS,5,0.0050000000,True,0.0072330700,0.0072951200,0.0073358000,0,1,11.0839685509,-66.9214488590
2017-11-10,RUB_UZS,5,0.0050000000,True,0.0072330700,0.0073092591,0.0073358000,0,1,11.8863970874,-48.2551085578
2017-11-11,RUB_UZS,5,0.0050000000,True,0.0072330700,0.0073304773,0.0073358000,0,1,16.6167438531,-23.9175794705
2017-11-14,RUB_UZS,5,0.0050000000,True,0.0073358000,0.0073761664,0.0073886000,1,1,0.0000000000,54.7253975119
2017-11-15,RUB_UZS,5,0.0050000000,True,0.0073358000,0.0073803591,0.0073900600,0,1,0.0000000000,-11.1660001761
2017-11-16,RUB_UZS,5,0.0050000000,True,0.0073358000,0.0073804691,0.0073457400,0,0,161.6962232487,-116.5249905278
2017-11-17,RUB_UZS,5,0.0050000000,True,0.0073358000,0.0073810427,0.0073457400,0,0,119.1766854892,-72.2083243474
2017-11-18,RUB_UZS,5,0.0050000000,True,0.0073044300,0.0073770809,0.0073044300,0,0,115.8718603097,-17.5938031168
2017-11-21,RUB_UZS,5,0.0050000000,True,0.0072308500,0.0073441136,0.0072308500,0,0,156.4035754056,-2.2145131692
2017-11-22,RUB_UZS,5,0.0050000000,True,0.0072308500,0.0073234764,0.0072308500,0,0,167.8877176952,-42.1161137582
2017-11-23,RUB_UZS,5,0.0050000000,True,0.0072079800,0.0073028982,0.0072079800,0,0,132.0431573716,-2.0975483208
2017-11-24,RUB_UZS,5,0.0050000000,True,0.0072079800,0.0072869945,0.0072079800,1,1,31.6283701086,77.0476018670
2017-11-25,RUB_UZS,5,0.0050000000,True,0.0072050400,0.0072701745,0.0072050400,1,1,47.5449826368,42.2473288124
2017-11-28,RUB_UZS,5,0.0050000000,True,0.0072050400,0.0072340045,0.0072050400,1,1,4.0788126493,35.9752959665
2017-11-29,RUB_UZS,5,0.0050000000,True,0.0072050400,0.0072270700,0.0072050400,1,1,13.9706616106,16.5350550085
2017-11-30,RUB_UZS,5,0.0050000000,True,0.0072050400,0.0072321355,0.0072281500,1,1,0.0000000000,37.4653582137
2017-12-01,RUB_UZS,5,0.0050000000,True,0.0072050400,0.0072330291,0.0072281500,1,1,10.7795106379,-4.0382930225
2017-12-02,RUB_UZS,5,0.0050000000,True,0.0072050400,0.0072365691,0.0072281500,1,1,0.0000000000,11.6340917959
2017-12-05,RUB_UZS,5,0.0050000000,True,0.0072050400,0.0072643082,0.0072492900,0,0,51.1626183513,-30.6454759691
2017-12-06,RUB_UZS,5,0.0050000000,True,0.0072281500,0.0072749409,0.0072784000,1,1,0.0000000000,35.2592679603
2017-12-07,RUB_UZS,5,0.0050000000,True,0.0072281500,0.0072822418,0.0073162600,0,1,0.0000000000,5.2755981987
2017-12-08,RUB_UZS,5,0.0050000000,True,0.0072281500,0.0072861382,0.0072710100,0,0,71.9309528393,-51.5387126139
2017-12-09,RUB_UZS,5,0.0050000000,True,0.0072281500,0.0072934900,0.0072710100,0,0,69.6394427752,-39.0896539243
2017-12-12,RUB_UZS,5,0.0050000000,True,0.0072550900,0.0072978845,0.0072550900,0,0,83.6082916681,-25.1791521653
2017-12-13,RUB_UZS,5,0.0050000000,True,0.0072550900,0.0072979055,0.0072550900,1,1,21.8951699970,36.8536626200
2017-12-14,RUB_UZS,5,0.0050000000,True,0.0072533400,0.0072915100,0.0072533400,0,0,76.1798435358,-24.0142302486
2017-12-15,RUB_UZS,5,0.0050000000,True,0.0072345800,0.0072835627,0.0072345800,1,1,28.2698078177,39.0917581668
2017-12-16,RUB_UZS,5,0.0050000000,True,0.0072345800,0.0072767973,0.0072345800,0,0,60.5196307547,-2.5185905338
2017-12-19,RUB_UZS,5,0.0050000000,True,0.0072261700,0.0072559991,0.0072261700,1,1,37.4586052770,3.6646792203
2017-12-20,RUB_UZS,5,0.0050000000,True,0.0072261700,0.0072484673,0.0072261700,1,1,11.6247245866,19.1589093318
2017-12-21,RUB_UZS,5,0.0050000000,True,0.0071836300,0.0072419709,0.0071836300,0,0,88.2363492366,-7.7452546821
2017-12-22,RUB_UZS,5,0.0050000000,True,0.0071276900,0.0072282491,0.0071276900,0,0,138.9843874297,0.1370883984
2017-12-23,RUB_UZS,5,0.0050000000,True,0.0070756200,0.0072097936,0.0070756200,0,0,208.3399643241,-22.7140532203
2017-12-26,RUB_UZS,5,0.0050000000,True,0.0070756200,0.0071659509,0.0070756200,0,0,150.3557393685,-24.6709629097
2017-12-27,RUB_UZS,5,0.0050000000,True,0.0070756200,0.0071519509,0.0070756200,0,0,73.0531209971,33.9220855950
2017-12-28,RUB_UZS,5,0.0050000000,True,0.0070756200,0.0071397173,0.0070935800,1,1,0.0000000000,89.7756455597
2017-12-29,RUB_UZS,5,0.0050000000,True,0.0070756200,0.0071276636,0.0070935800,1,1,4.9879387695,42.8522415225
2017-12-30,RUB_UZS,5,0.0050000000,True,0.0070756200,0.0071156100,0.0070935800,1,1,0.0000000000,30.9601003990
2018-01-10,RUB_UZS,5,0.0050000000,True,0.0069569700,0.0070309955,0.0069569700,0,0,75.4650228892,30.0461786415
2018-01-11,RUB_UZS,5,0.0050000000,True,0.0069243000,0.0070156064,0.0069243000,0,0,92.0353374486,38.4661884342
2018-01-12,RUB_UZS,5,0.0050000000,True,0.0069218200,0.0069999918,0.0069218200,0,0,116.8390767671,-5.2259801343
2018-01-13,RUB_UZS,5,0.0050000000,True,0.0069218200,0.0069866645,0.0069218200,0,0,50.5248693037,42.5017478102
2018-01-16,RUB_UZS,5,0.0050000000,True,0.0069218200,0.0069560836,0.0069218200,1,1,3.5815894747,45.6918548211
2018-01-17,RUB_UZS,5,0.0050000000,True,0.0069218200,0.0069522609,0.0069465700,1,1,0.0000000000,43.7856252649
2018-01-18,RUB_UZS,5,0.0050000000,True,0.0069218200,0.0069474836,0.0069465700,1,1,0.5901845118,0.7249191074
2018-01-19,RUB_UZS,5,0.0050000000,True,0.0069098700,0.0069432018,0.0069098700,0,0,82.7125941873,-34.9956438751
2018-01-20,RUB_UZS,5,0.0050000000,True,0.0069070900,0.0069386673,0.0069070900,0,0,56.8338043092,-11.3894022614
2018-01-23,RUB_UZS,5,0.0050000000,True,0.0068384500,0.0069136273,0.0068384500,0,0,162.0606810433,-54.2012547025
2018-01-24,RUB_UZS,5,0.0050000000,True,0.0068384500,0.0069037609,0.0068384500,0,0,103.3593974995,-8.8489317483
2018-01-25,RUB_UZS,5,0.0050000000,True,0.0068384500,0.0068971755,0.0068384500,0,0,99.3761482766,-14.3747908399
2018-01-26,RUB_UZS,5,0.0050000000,True,0.0068384500,0.0068915936,0.0068384500,1,1,17.9542385870,59.2658803156
2018-01-27,RUB_UZS,5,0.0050000000,True,0.0068384500,0.0068848173,0.0068384500,1,1,0.0000000000,67.3471363008
2018-01-30,RUB_UZS,5,0.0050000000,True,0.0068384500,0.0068650864,0.0068545100,0,0,58.8102206507,-43.6609749331
2018-01-31,RUB_UZS,5,0.0050000000,True,0.0068384500,0.0068603064,0.0068545100,0,1,44.5304908956,-36.2427492968
2018-02-01,RUB_UZS,5,0.0050000000,True,0.0068384500,0.0068671755,0.0068545100,1,1,25.4946500525,-7.0692025953
2018-02-02,RUB_UZS,5,0.0050000000,True,0.0068384500,0.0068808773,0.0068545100,0,1,39.1921505258,-0.8759453902
2018-02-03,RUB_UZS,5,0.0050000000,True,0.0068384500,0.0068916218,0.0068545100,1,1,0.0000000000,53.8506307527
2018-02-06,RUB_UZS,5,0.0050000000,True,0.0068545100,0.0069495182,0.0069566400,0,1,0.0000000000,33.3953825445
2018-02-07,RUB_UZS,5,0.0050000000,True,0.0068545100,0.0069707400,0.0069566400,0,1,46.5434379190,-26.4390868114
2018-02-08,RUB_UZS,5,0.0050000000,True,0.0068545100,0.0069893855,0.0070446000,0,1,0.0000000000,46.8502628141
2018-02-09,RUB_UZS,5,0.0050000000,True,0.0068545100,0.0070076300,0.0070552000,0,1,0.0000000000,-52.7567808232
2018-02-10,RUB_UZS,5,0.0050000000,True,0.0068545100,0.0070238736,0.0070331900,0,0,101.7244460958,-116.1700336036
2018-02-13,RUB_UZS,5,0.0050000000,True,0.0068824100,0.0070153400,0.0068824100,0,0,288.1079448761,-101.5488914294
2018-02-14,RUB_UZS,5,0.0050000000,True,0.0068824100,0.0070085918,0.0068824100,0,0,244.9115545980,-66.5014927781
2018-02-15,RUB_UZS,5,0.0050000000,True,0.0068810000,0.0069937191,0.0068810000,0,0,216.3882960648,-56.4376529538
2018-02-16,RUB_UZS,5,0.0050000000,True,0.0068810000,0.0069756991,0.0068810000,1,1,43.8412454965,92.3191927717
2018-02-17,RUB_UZS,5,0.0050000000,True,0.0068810000,0.0069591645,0.0068810000,1,1,2.0487009638,110.2927584960
2018-02-20,RUB_UZS,5,0.0050000000,True,0.0068810000,0.0069194182,0.0069072500,1,1,0.0000000000,55.5222719724
2018-02-21,RUB_UZS,5,0.0050000000,True,0.0068810000,0.0069106445,0.0069235900,1,1,0.0000000000,4.9120533291
2018-02-22,RUB_UZS,5,0.0050000000,True,0.0068341900,0.0069036345,0.0068341900,0,0,129.1237638277,-28.9057226510
2018-02-23,RUB_UZS,5,0.0050000000,True,0.0068128300,0.0068973091,0.0068128300,0,0,178.5436260574,-57.0815495898
2018-02-27,RUB_UZS,5,0.0050000000,True,0.0068128300,0.0069081882,0.0068128300,1,1,31.2546183235,107.1166272120
2018-02-28,RUB_UZS,5,0.0050000000,True,0.0068128300,0.0069091273,0.0068987800,1,1,0.0000000000,139.3768980163
2018-03-01,RUB_UZS,5,0.0050000000,True,0.0068128300,0.0069137564,0.0069061200,0,1,0.0000000000,21.6616884493
2018-03-02,RUB_UZS,5,0.0050000000,True,0.0068128300,0.0069123855,0.0069216000,0,1,0.0000000000,9.0640989086
2018-03-03,RUB_UZS,5,0.0050000000,True,0.0068128300,0.0069143218,0.0069216000,0,1,17.7677273461,-28.3443298324
2018-03-06,RUB_UZS,5,0.0050000000,True,0.0068987800,0.0069407073,0.0069216000,0,0,94.4530310836,-67.5618858859
2018-03-07,RUB_UZS,5,0.0050000000,True,0.0069061200,0.0069460891,0.0069579800,1,1,0.0000000000,35.2559412766
2018-03-08,RUB_UZS,5,0.0050000000,True,0.0069216000,0.0069487000,0.0069348400,0,1,33.2567785478,-13.3550160462
2018-03-13,RUB_UZS,5,0.0050000000,True,0.0069348400,0.0069859045,0.0069945400,1,1,0.0000000000,73.0965405014
2018-03-14,RUB_UZS,5,0.0050000000,True,0.0069348400,0.0069954636,0.0069947000,0,1,0.0000000000,1.3203361659
2018-03-15,RUB_UZS,5,0.0050000000,True,0.0069348400,0.0070056682,0.0070047100,0,1,0.0000000000,15.6561537508
2018-03-16,RUB_UZS,5,0.0050000000,True,0.0069348400,0.0070175618,0.0070631300,0,1,0.0000000000,18.3137940424
2018-03-17,RUB_UZS,5,0.0050000000,True,0.0069348400,0.0070271336,0.0070631300,0,1,0.0000000000,-51.2248172571
2018-03-20,RUB_UZS,5,0.0050000000,True,0.0069826500,0.0070386382,0.0069826500,0,0,123.8715006443,-44.8834239888
2018-03-21,RUB_UZS,5,0.0050000000,True,0.0069826500,0.0070405409,0.0069826500,0,0,149.7571524699,-68.5587819634
2018-03-22,RUB_UZS,5,0.0050000000,True,0.0069826500,0.0070403364,0.0069826500,0,0,114.1397681244,-32.5746316356
2018-03-23,RUB_UZS,5,0.0050000000,True,0.0069826500,0.0070367718,0.0070024600,1,1,0.0000000000,76.9128509212
2018-03-24,RUB_UZS,5,0.0050000000,True,0.0069826500,0.0070375873,0.0070024600,1,1,18.7723696945,31.2000006200
2018-03-27,RUB_UZS,5,0.0050000000,True,0.0069826500,0.0070328091,0.0070239200,1,1,0.0000000000,43.1535827530
2018-03-28,RUB_UZS,5,0.0050000000,True,0.0069826500,0.0070303173,0.0070358600,0,1,0.0000000000,9.0995505311
2018-03-29,RUB_UZS,5,0.0050000000,True,0.0070024600,0.0070353791,0.0070358600,0,0,51.2436192927,-52.1946417050
2018-03-30,RUB_UZS,5,0.0050000000,True,0.0070024600,0.0070432864,0.0070358600,0,0,87.3921686586,-77.5257934216
2018-03-31,RUB_UZS,5,0.0050000000,True,0.0070024600,0.0070537418,0.0070358600,1,1,0.0000000000,25.3508260477
2018-04-03,RUB_UZS,5,0.0050000000,True,0.0070358600,0.0070850155,0.0071026100,1,1,0.0000000000,65.8932289491
2018-04-04,RUB_UZS,5,0.0050000000,True,0.0070358600,0.0070911073,0.0071078000,0,1,0.0000000000,-16.2213415061
2018-04-05,RUB_UZS,5,0.0050000000,True,0.0070358600,0.0071031382,0.0071078000,0,1,32.0307854554,-38.7178419986
2018-04-06,RUB_UZS,5,0.0050000000,True,0.0070358600,0.0071639455,0.0071391100,0,1,0.0000000000,78.3722529739
2018-04-07,RUB_UZS,5,0.0050000000,True,0.0070358600,0.0072437673,0.0071391100,0,1,0.0000000000,144.4790656394
2018-04-10,RUB_UZS,5,0.0050000000,True,0.0071078000,0.0073954082,0.0075888200,0,1,0.0000000000,223.3523529158
2018-04-11,RUB_UZS,5,0.0050000000,True,0.0071078000,0.0074370609,0.0075888200,0,0,150.4528381230,-359.9259091476
2018-04-12,RUB_UZS,5,0.0050000000,True,0.0071391100,0.0074903136,0.0075888200,0,0,410.7709220485,-565.5121857381
2018-04-13,RUB_UZS,5,0.0050000000,True,0.0071391100,0.0075294927,0.0075700800,0,0,126.6823264264,-182.9037861056
2018-04-14,RUB_UZS,5,0.0050000000,True,0.0071391100,0.0075732691,0.0075700800,0,1,24.6942212360,-20.5339449903
2018-04-17,RUB_UZS,5,0.0050000000,True,0.0075366300,0.0076320827,0.0075366300,0,0,204.0012581919,-80.5773141157
2018-04-18,RUB_UZS,5,0.0050000000,True,0.0075366300,0.0076028373,0.0075366300,1,1,44.1871155919,43.0855896979
2018-04-19,RUB_UZS,5,0.0050000000,True,0.0075366300,0.0076009855,0.0075366300,0,0,110.2530624028,-25.8710473427
2018-04-20,RUB_UZS,5,0.0050000000,True,0.0075366300,0.0076059055,0.0075922000,1,1,0.0000000000,91.0811407786
2018-04-21,RUB_UZS,5,0.0050000000,True,0.0075366300,0.0076117818,0.0075922000,0,1,0.0000000000,25.7256692974
2018-04-24,RUB_UZS,5,0.0050000000,True,0.0075366300,0.0076450327,0.0076429400,0,1,5.1001459426,-2.3639829831
2018-04-25,RUB_UZS,5,0.0050000000,True,0.0075366300,0.0076508373,0.0076534600,0,1,0.0000000000,10.3221025958
2018-04-26,RUB_UZS,5,0.0050000000,True,0.0075922000,0.0076642800,0.0076845000,0,1,0.0000000000,14.1174382982
2018-04-27,RUB_UZS,5,0.0050000000,True,0.0075922000,0.0076726709,0.0076845000,0,0,96.3238667705,-112.8278430481
2018-04-28,RUB_UZS,5,0.0050000000,True,0.0075922000,0.0076810618,0.0076845000,0,0,115.7630715802,-121.6474805567
2018-04-29,RUB_UZS,5,0.0050000000,True,0.0076429400,0.0077062000,0.0076845000,0,1,0.0000000000,28.1591445849
2018-05-04,RUB_UZS,5,0.0050000000,True,0.0076845000,0.0077620891,0.0077731800,0,0,121.4174605273,-137.3739824963
2018-05-05,RUB_UZS,5,0.0050000000,True,0.0076845000,0.0077742409,0.0077731800,0,0,76.9646146599,-76.1863333047
2018-05-08,RUB_UZS,5,0.0050000000,True,0.0076602000,0.0077765000,0.0076602000,0,0,145.3459202025,4.2692728091
2018-05-09,RUB_UZS,5,0.0050000000,True,0.0076602000,0.0077742909,0.0076602000,0,0,202.0549565947,-56.4412773103
2018-05-11,RUB_UZS,5,0.0050000000,True,0.0076602000,0.0077449100,0.0076602000,0,0,125.9997808699,-16.8368644697
2018-05-12,RUB_UZS,5,0.0050000000,True,0.0076602000,0.0077384927,0.0076602000,1,1,0.0000000000,101.1730966636
2018-05-15,RUB_UZS,5,0.0050000000,True,0.0076602000,0.0077124427,0.0077028500,1,1,0.0000000000,62.3832538848
2018-05-16,RUB_UZS,5,0.0050000000,True,0.0076602000,0.0077033100,0.0077028500,0,1,15.3214589866,-14.7469074982
2018-05-17,RUB_UZS,5,0.0050000000,True,0.0076602000,0.0077063564,0.0077028500,0,0,77.3295477967,-73.3467720625
2018-05-18,RUB_UZS,5,0.0050000000,True,0.0076602000,0.0077065573,0.0076624100,0,0,52.5000486833,4.8105432764
2018-05-19,RUB_UZS,5,0.0050000000,True,0.0076602000,0.0077102927,0.0076624100,0,0,71.6533790464,-9.6199625483
2018-05-22,RUB_UZS,5,0.0050000000,True,0.0076624100,0.0077157764,0.0076624100,0,0,165.6300616316,-98.0894634535
2018-05-23,RUB_UZS,5,0.0050000000,True,0.0076624100,0.0077109927,0.0076790000,1,1,0.0000000000,63.0045040775
2018-05-24,RUB_UZS,5,0.0050000000,True,0.0076624100,0.0077185445,0.0076790000,0,1,28.9432030218,22.3546620129
2018-05-25,RUB_UZS,5,0.0050000000,True,0.0076624100,0.0077303582,0.0077102600,1,1,0.0000000000,66.4370015079
2018-05-26,RUB_UZS,5,0.0050000000,True,0.0076624100,0.0077416218,0.0077102600,0,1,0.0000000000,40.5106564469
2018-05-29,RUB_UZS,5,0.0050000000,True,0.0076790000,0.0077555709,0.0077696400,0,1,20.9095392709,-39.1319881732
2018-05-30,RUB_UZS,5,0.0050000000,True,0.0076790000,0.0077625164,0.0077696400,0,0,99.4181705120,-109.6856127254
2018-05-31,RUB_UZS,5,0.0050000000,True,0.0077102600,0.0077697336,0.0077583900,0,0,106.1261654176,-92.5081437798
2018-06-01,RUB_UZS,5,0.0050000000,True,0.0077102600,0.0077781045,0.0077583900,0,1,14.4794353406,10.8825298054
2018-06-02,RUB_UZS,5,0.0050000000,True,0.0077102600,0.0077867527,0.0077583900,0,1,24.8145657644,11.6386478294
2018-06-05,RUB_UZS,5,0.0050000000,True,0.0077583900,0.0078025291,0.0077809600,1,1,0.0000000000,56.5702356182
2018-06-06,RUB_UZS,5,0.0050000000,True,0.0077583900,0.0078030891,0.0077809600,0,1,27.4020357995,0.9599927674
2018-06-07,RUB_UZS,5,0.0050000000,True,0.0077583900,0.0078101918,0.0077809600,0,1,31.2988844888,6.1481437250
2018-06-08,RUB_UZS,5,0.0050000000,True,0.0077583900,0.0078165627,0.0078477700,1,1,0.0000000000,45.5478047256
2018-06-09,RUB_UZS,5,0.0050000000,True,0.0077583900,0.0078321518,0.0078477700,0,0,51.8212875460,-72.1362189214
2018-06-10,RUB_UZS,5,0.0050000000,True,0.0077583900,0.0078423500,0.0078477700,0,1,0.0000000000,-6.9111937111
2018-06-14,RUB_UZS,5,0.0050000000,True,0.0078477700,0.0079019882,0.0078898700,0,0,74.5989832901,-59.7087936557
2018-06-15,RUB_UZS,5,0.0050000000,True,0.0078477700,0.0079244436,0.0079254400,0,1,0.0000000000,43.6291024962
2018-06-16,RUB_UZS,5,0.0050000000,True,0.0078477700,0.0079445745,0.0079254400,0,1,0.0000000000,24.0850474057
2018-06-19,RUB_UZS,5,0.0050000000,True,0.0078898700,0.0079983955,0.0080222800,0,1,5.6062331346,-35.4877995416
2018-06-20,RUB_UZS,5,0.0050000000,True,0.0078898700,0.0080050418,0.0080222800,0,0,139.3617727388,-163.1698931560
2018-06-21,RUB_UZS,5,0.0050000000,True,0.0079254400,0.0080136536,0.0079846000,0,0,104.8553699805,-69.3271336114
2018-06-22,RUB_UZS,5,0.0050000000,True,0.0079254400,0.0080171891,0.0079643300,0,0,156.2890104539,-91.7914100022
2018-06-23,RUB_UZS,5,0.0050000000,True,0.0079254400,0.0080258464,0.0079643300,0,0,72.2363218437,4.4435981886
2018-06-26,RUB_UZS,5,0.0050000000,True,0.0079643300,0.0080165218,0.0079643300,1,1,25.3863687599,39.8200353044
2018-06-27,RUB_UZS,5,0.0050000000,True,0.0079643300,0.0080077273,0.0079724700,1,1,0.0000000000,54.1942441959
2018-06-28,RUB_UZS,5,0.0050000000,True,0.0079643300,0.0080013936,0.0079724700,0,0,60.0947302407,-24.0912577389
2018-06-29,RUB_UZS,5,0.0050000000,True,0.0079643300,0.0080056264,0.0079724700,0,0,84.4488499907,-43.3990231189
2018-06-30,RUB_UZS,5,0.0050000000,True,0.0079643300,0.0080088909,0.0079724700,1,1,0.0000000000,45.4755964394
2018-07-03,RUB_UZS,5,0.0050000000,True,0.0079724700,0.0080253355,0.0080448100,0,1,0.0000000000,5.2651438303
2018-07-04,RUB_UZS,5,0.0050000000,True,0.0079724700,0.0080275300,0.0080448100,0,1,29.7812324944,-51.4604118577
2018-07-05,RUB_UZS,5,0.0050000000,True,0.0079724700,0.0080245973,0.0080081100,0,0,62.1479513389,-41.8621971060
2018-07-06,RUB_UZS,5,0.0050000000,True,0.0079724700,0.0080263673,0.0079919400,0,0,87.4916899019,-44.9926175138
2018-07-07,RUB_UZS,5,0.0050000000,True,0.0079476300,0.0080241091,0.0079476300,0,0,120.7983780848,-25.7983893992
2018-07-10,RUB_UZS,5,0.0050000000,True,0.0079476300,0.0080112009,0.0079476300,0,0,75.5234381146,3.8582343970
2018-07-11,RUB_UZS,5,0.0050000000,True,0.0079476300,0.0080034236,0.0079476300,0,0,55.4433591844,14.3484049894
2018-07-12,RUB_UZS,5,0.0050000000,True,0.0079476300,0.0079948164,0.0079678000,1,1,0.0000000000,59.0211975987
2018-07-13,RUB_UZS,5,0.0050000000,True,0.0079476300,0.0079916200,0.0079678000,1,1,9.2161275963,20.6090880197
2018-07-14,RUB_UZS,5,0.0050000000,True,0.0079476300,0.0079945291,0.0079678000,1,1,6.0707620061,27.3800878828
2018-07-17,RUB_UZS,5,0.0050000000,True,0.0079476300,0.0080294982,0.0080096500,1,1,0.0000000000,76.8393994508
2018-07-18,RUB_UZS,5,0.0050000000,True,0.0079678000,0.0080481082,0.0080768100,0,1,0.0000000000,47.7853688710
2018-07-19,RUB_UZS,5,0.0050000000,True,0.0079678000,0.0080607955,0.0081147100,0,1,0.0000000000,-19.8672023684
2018-07-20,RUB_UZS,5,0.0050000000,True,0.0079678000,0.0080703873,0.0080781500,0,0,57.4657470178,-67.4722605404
2018-07-21,RUB_UZS,5,0.0050000000,True,0.0079678000,0.0080818473,0.0080781500,0,0,91.0045459341,-87.2235330536
2018-07-24,RUB_UZS,5,0.0050000000,True,0.0080768100,0.0081090891,0.0080781500,1,1,45.0539822125,-6.9316159039
2018-07-25,RUB_UZS,5,0.0050000000,True,0.0080781500,0.0081097691,0.0080811700,1,1,0.0000000000,38.9888917362
2018-07-26,RUB_UZS,5,0.0050000000,True,0.0080597900,0.0081038555,0.0080597900,1,1,48.0447479225,6.3617306286
2018-07-27,RUB_UZS,5,0.0050000000,True,0.0080018900,0.0080901782,0.0080018900,0,0,98.1046061400,11.1347137427
2018-07-28,RUB_UZS,5,0.0050000000,True,0.0080018900,0.0080789445,0.0080018900,0,0,101.9260813256,-6.6165258536
2018-07-31,RUB_UZS,5,0.0050000000,True,0.0080018900,0.0080830445,0.0080018900,0,0,71.8381000001,28.7695376708
2018-08-01,RUB_UZS,5,0.0050000000,True,0.0080018900,0.0080871400,0.0080287700,1,1,0.0000000000,105.4142750095
2018-08-02,RUB_UZS,5,0.0050000000,True,0.0080018900,0.0080933264,0.0081028000,1,1,0.0000000000,79.7649331509
2018-08-03,RUB_UZS,5,0.0050000000,True,0.0080018900,0.0081005927,0.0081437500,0,1,0.0000000000,-2.7248286657
2018-08-04,RUB_UZS,5,0.0050000000,True,0.0080018900,0.0081084764,0.0081437500,0,1,0.0000000000,-43.5021757254
2018-08-07,RUB_UZS,5,0.0050000000,True,0.0080287700,0.0082506536,0.0081642200,0,1,0.0000000000,122.9401218790
2018-08-08,RUB_UZS,5,0.0050000000,True,0.0081028000,0.0083022745,0.0081710100,0,1,0.0000000000,166.2852085880
2018-08-09,RUB_UZS,5,0.0050000000,True,0.0081437500,0.0083625373,0.0085167200,1,1,0.0000000000,229.0300975422
2018-08-10,RUB_UZS,5,0.0050000000,True,0.0081437500,0.0084011982,0.0085690200,0,1,0.0000000000,-137.5063600235
2018-08-11,RUB_UZS,5,0.0050000000,True,0.0081437500,0.0084354573,0.0085206000,0,0,88.4070446456,-191.0302216736
2018-08-14,RUB_UZS,5,0.0050000000,True,0.0081710100,0.0085535727,0.0085206000,0,0,279.6014917251,-247.9867530102
2018-08-15,RUB_UZS,5,0.0050000000,True,0.0085167200,0.0085911909,0.0085206000,0,0,56.5058781518,25.8065608430
2018-08-16,RUB_UZS,5,0.0050000000,True,0.0085206000,0.0086009409,0.0085848100,1,1,0.0000000000,93.4094419902
2018-08-17,RUB_UZS,5,0.0050000000,True,0.0085206000,0.0086020173,0.0085848100,0,1,2.3640827126,17.6438528848
2018-08-18,RUB_UZS,5,0.0050000000,True,0.0085206000,0.0086081945,0.0085848100,0,1,0.0000000000,27.1654472155
2018-08-21,RUB_UZS,5,0.0050000000,True,0.0085206000,0.0086285364,0.0086084400,0,1,18.0079476158,5.2921647936
2018-08-22,RUB_UZS,5,0.0050000000,True,0.0085848100,0.0086436609,0.0086645500,1,1,0.0000000000,40.7476756219
2018-08-23,RUB_UZS,5,0.0050000000,True,0.0085848100,0.0086481645,0.0086363800,0,1,32.5117865325,-18.9467423513
2018-08-24,RUB_UZS,5,0.0050000000,True,0.0085848100,0.0086504400,0.0086098400,0,0,195.0660108665,-151.0790202579
2018-08-25,RUB_UZS,5,0.0050000000,True,0.0085848100,0.0086614727,0.0086098400,0,0,88.7881505289,-29.4375720274
2018-08-28,RUB_UZS,5,0.0050000000,True,0.0086098400,0.0086857964,0.0086098400,1,1,30.7304680896,56.8933020848
2018-08-29,RUB_UZS,5,0.0050000000,True,0.0086098400,0.0086884127,0.0086933300,1,1,0.0000000000,90.4339258955
2018-08-30,RUB_UZS,5,0.0050000000,True,0.0086098400,0.0086769427,0.0086549600,0,0,58.8203538410,-33.6838373214
2018-08-31,RUB_UZS,5,0.0050000000,True,0.0086098400,0.0086801818,0.0086549600,0,1,49.6199178673,-20.6656752058
2018-09-01,RUB_UZS,5,0.0050000000,True,0.0086098400,0.0086856191,0.0086549600,0,1,44.1372868625,-8.8777886875
2018-09-04,RUB_UZS,5,0.0050000000,True,0.0086549600,0.0087210064,0.0087196300,1,1,0.0000000000,75.7325025146
2018-09-05,RUB_UZS,5,0.0050000000,True,0.0086549600,0.0087296645,0.0087196300,0,1,3.4049480659,8.0925737957
2018-09-06,RUB_UZS,5,0.0050000000,True,0.0086549600,0.0087487900,0.0087196300,0,1,31.0399941464,2.2974605631
2018-09-07,RUB_UZS,5,0.0050000000,True,0.0086549600,0.0087675927,0.0088014100,0,1,0.0000000000,54.7045566151
2018-09-08,RUB_UZS,5,0.0050000000,True,0.0086549600,0.0087817518,0.0088014100,0,1,0.0000000000,-22.3852623317
2018-09-11,RUB_UZS,5,0.0050000000,True,0.0086849800,0.0087843991,0.0086849800,0,0,250.9064376719,-141.2742155799
2018-09-12,RUB_UZS,5,0.0050000000,True,0.0086849800,0.0087787809,0.0086849800,0,0,241.7709344551,-138.2641760468
2018-09-13,RUB_UZS,5,0.0050000000,True,0.0086739400,0.0087746273,0.0086739400,0,0,197.9188797027,-84.8500169393
2018-09-14,RUB_UZS,5,0.0050000000,True,0.0084289500,0.0087407673,0.0084289500,0,0,344.9006592173,12.2612493765
2018-09-15,RUB_UZS,5,0.0050000000,True,0.0083345500,0.0086983255,0.0083345500,0,0,403.4897029124,15.3425560071
2018-09-18,RUB_UZS,5,0.0050000000,True,0.0082420600,0.0085293955,0.0082420600,0,0,497.9052195427,-169.4663428667
2018-09-19,RUB_UZS,5,0.0050000000,True,0.0082420600,0.0084742118,0.0082420600,0,0,221.7239395180,53.4112424293
2018-09-20,RUB_UZS,5,0.0050000000,True,0.0082308300,0.0084288282,0.0082308300,0,0,124.4458309087,111.8520626883
2018-09-21,RUB_UZS,5,0.0050000000,True,0.0081473400,0.0083799518,0.0081473400,0,0,145.6024151761,133.9289540285
2018-09-22,RUB_UZS,5,0.0050000000,True,0.0081391800,0.0083303336,0.0081391800,0,0,124.8231631413,105.9665077258
2018-09-25,RUB_UZS,5,0.0050000000,True,0.0081186500,0.0082028918,0.0081186500,0,0,136.2924516726,-34.0589421846
2018-09-26,RUB_UZS,5,0.0050000000,True,0.0081186500,0.0081832645,0.0081186500,1,1,35.2139471288,43.9000172303
2018-09-27,RUB_UZS,5,0.0050000000,True,0.0081164100,0.0081695091,0.0081164100,1,1,27.9757911731,37.1247409992
2018-09-28,RUB_UZS,5,0.0050000000,True,0.0080727900,0.0081541209,0.0080727900,0,0,93.1681210891,6.6357969807
2018-09-29,RUB_UZS,5,0.0050000000,True,0.0079984400,0.0081319736,0.0079984400,0,0,148.0664888867,16.3842591718
2018-10-02,RUB_UZS,5,0.0050000000,True,0.0079984400,0.0081106418,0.0079984400,0,0,145.3475120158,-7.1118685148
2018-10-03,RUB_UZS,5,0.0050000000,True,0.0079984400,0.0081112127,0.0079984400,0,0,92.0995095871,47.3698922278
2018-10-04,RUB_UZS,5,0.0050000000,True,0.0079984400,0.0081147127,0.0080946600,1,1,0.0000000000,143.2863136140
2018-10-05,RUB_UZS,5,0.0050000000,True,0.0079984400,0.0081145364,0.0081167100,0,1,0.0000000000,24.4947619256
2018-10-06,RUB_UZS,5,0.0050000000,True,0.0079984400,0.0081119127,0.0080897900,0,0,68.3448203048,-41.3555641624
2018-10-09,RUB_UZS,5,0.0050000000,True,0.0079984400,0.0081103564,0.0080644300,0,0,149.9656171028,-94.7598760373
2018-10-10,RUB_UZS,5,0.0050000000,True,0.0080644300,0.0081163555,0.0080644300,0,0,64.4103337436,-0.4368283973
2018-10-11,RUB_UZS,5,0.0050000000,True,0.0080370000,0.0081111136,0.0080370000,0,0,65.2550931483,26.2894065101
2018-10-12,RUB_UZS,5,0.0050000000,True,0.0079837200,0.0080964100,0.0079837200,0,0,218.2710579806,-80.8506486208
2018-10-13,RUB_UZS,5,0.0050000000,True,0.0079681100,0.0080802873,0.0079681100,0,0,119.4380755986,19.6246398080
2018-10-16,RUB_UZS,5,0.0050000000,True,0.0079681100,0.0080434173,0.0079681100,0,0,85.7160632077,7.9782914521
2018-10-17,RUB_UZS,5,0.0050000000,True,0.0079681100,0.0080369145,0.0079681100,1,1,19.5522889079,66.1877703859
2018-10-18,RUB_UZS,5,0.0050000000,True,0.0079564100,0.0080182364,0.0079564100,1,1,14.6835322304,62.5154477407
2018-10-19,RUB_UZS,5,0.0050000000,True,0.0079393800,0.0080068682,0.0079393800,0,0,84.8102166900,-0.5268204400
2018-10-20,RUB_UZS,5,0.0050000000,True,0.0079393800,0.0079990382,0.0079393800,0,0,98.3754580171,-24.0301618081
2018-10-23,RUB_UZS,5,0.0050000000,True,0.0079393800,0.0079867818,0.0079393800,1,1,21.4041257301,38.0276047014
2018-10-24,RUB_UZS,5,0.0050000000,True,0.0079393800,0.0079877591,0.0079783000,1,1,0.0000000000,60.5665373210
2018-10-25,RUB_UZS,5,0.0050000000,True,0.0079393800,0.0079871464,0.0079788600,1,1,0.0000000000,11.0757500033
2018-10-26,RUB_UZS,5,0.0050000000,True,0.0079393800,0.0079841555,0.0079788600,0,1,17.2033916330,-10.5891543604
2018-10-27,RUB_UZS,5,0.0050000000,True,0.0079393800,0.0079792000,0.0079637500,1,1,18.9375424559,0.4261078805
2018-10-30,RUB_UZS,5,0.0050000000,True,0.0079617700,0.0079773800,0.0079617700,1,1,48.4716675729,-29.0446236734
2018-10-31,RUB_UZS,5,0.0050000000,True,0.0079617700,0.0079758773,0.0079617700,1,1,29.5415610567,-11.8892592607
2018-11-01,RUB_UZS,5,0.0050000000,True,0.0079617700,0.0079730736,0.0079617700,1,1,2.4862658923,11.6939047460
2018-11-02,RUB_UZS,5,0.0050000000,True,0.0079617700,0.0079749027,0.0079617700,1,1,10.9403562391,5.5332678324
2018-11-03,RUB_UZS,5,0.0050000000,True,0.0079617700,0.0079778409,0.0079617700,1,1,0.0000000000,20.1444341571
2018-11-07,RUB_UZS,5,0.0050000000,True,0.0079617700,0.0080148200,0.0080111800,1,1,0.0000000000,19.7633883231
2018-11-08,RUB_UZS,5,0.0050000000,True,0.0079617700,0.0080342982,0.0080261700,0,1,0.0000000000,28.7743637279
2018-11-09,RUB_UZS,5,0.0050000000,True,0.0079617700,0.0080543836,0.0081030400,0,1,0.0000000000,35.0289204456
2018-11-10,RUB_UZS,5,0.0050000000,True,0.0079617700,0.0080779455,0.0081030400,0,1,0.0000000000,-31.0655049551
2018-11-13,RUB_UZS,5,0.0050000000,True,0.0079653700,0.0080835936,0.0079653700,0,0,268.0350652127,-125.1378634143
2018-11-14,RUB_UZS,5,0.0050000000,True,0.0079653700,0.0080794291,0.0079653700,0,0,265.6088264157,-127.8319395205
2018-11-15,RUB_UZS,5,0.0050000000,True,0.0079653700,0.0080752709,0.0079653700,0,0,310.8886442564,-180.4014906114
2018-11-16,RUB_UZS,5,0.0050000000,True,0.0079235400,0.0080589527,0.0079235400,0,0,161.8716871681,6.2572984895
2018-11-17,RUB_UZS,5,0.0050000000,True,0.0079235400,0.0080466036,0.0079235400,0,0,52.5148235424,100.9539428493
2018-11-20,RUB_UZS,5,0.0050000000,True,0.0079235400,0.0079849818,0.0079235400,0,0,71.2868855438,5.7004740718
2018-11-21,RUB_UZS,5,0.0050000000,True,0.0079235400,0.0079588127,0.0079264800,1,1,0.0000000000,44.3190818548
2018-11-22,RUB_UZS,5,0.0050000000,True,0.0079235400,0.0079570636,0.0079264800,0,0,51.1095491515,-12.7388243950
2018-11-23,RUB_UZS,5,0.0050000000,True,0.0079235400,0.0079630545,0.0079330900,1,1,0.0000000000,45.9302962774
2018-11-24,RUB_UZS,5,0.0050000000,True,0.0079235400,0.0079741500,0.0079330900,1,1,0.0000000000,51.4913815266
2018-11-27,RUB_UZS,5,0.0050000000,True,0.0079264800,0.0079917545,0.0080169500,0,1,22.0544216502,-53.6996654506
2018-11-28,RUB_UZS,5,0.0050000000,True,0.0079264800,0.0079962773,0.0080169500,0,1,17.8303057922,-43.7612730015
2018-11-29,RUB_UZS,5,0.0050000000,True,0.0079330900,0.0080018509,0.0079877900,0,0,123.1913267766,-106.9366223905
2018-11-30,RUB_UZS,5,0.0050000000,True,0.0079330900,0.0080076127,0.0079877900,0,0,51.4379587226,-26.8210682244
2018-12-01,RUB_UZS,5,0.0050000000,True,0.0079330900,0.0080170391,0.0079877900,0,1,36.3729348443,0.1111269486
2018-12-04,RUB_UZS,5,0.0050000000,True,0.0079877900,0.0080283645,0.0079964700,1,1,0.0000000000,50.5389923749
2018-12-05,RUB_UZS,5,0.0050000000,True,0.0079877900,0.0080248373,0.0080263700,1,1,0.0000000000,35.3493432492
2018-12-06,RUB_UZS,5,0.0050000000,True,0.0079667100,0.0080191664,0.0079667100,0,0,87.1866593337,-21.9644231893
2018-12-07,RUB_UZS,5,0.0050000000,True,0.0079667100,0.0080195073,0.0079667100,0,0,74.3299897712,-8.5575423020
2018-12-08,RUB_UZS,5,0.0050000000,True,0.0079667100,0.0080173273,0.0079667100,0,0,101.7689989091,-39.0313706903
2018-12-11,RUB_UZS,5,0.0050000000,True,0.0079667100,0.0080169091,0.0079717300,1,1,0.0000000000,62.6165150931
2018-12-12,RUB_UZS,5,0.0050000000,True,0.0079667100,0.0080146964,0.0079717300,0,0,61.0545214258,-7.4907845429
2018-12-13,RUB_UZS,5,0.0050000000,True,0.0079667100,0.0080138291,0.0079717300,1,1,26.5733513325,26.0288691866
2018-12-14,RUB_UZS,5,0.0050000000,True,0.0079667100,0.0080111655,0.0080124400,1,1,0.0000000000,49.2256148861
2018-12-15,RUB_UZS,5,0.0050000000,True,0.0079667100,0.0080125073,0.0080124400,0,1,0.0000000000,0.0839596458
2018-12-18,RUB_UZS,5,0.0050000000,True,0.0079717300,0.0080482664,0.0080193200,0,1,0.0000000000,39.0597952603
2018-12-19,RUB_UZS,5,0.0050000000,True,0.0079717300,0.0080642373,0.0080633800,0,1,0.0000000000,55.6993441639
2018-12-20,RUB_UZS,5,0.0050000000,True,0.0080124400,0.0080867145,0.0080920800,0,1,0.0000000000,28.8554088603
2018-12-21,RUB_UZS,5,0.0050000000,True,0.0080124400,0.0081076955,0.0081686500,0,1,0.0000000000,19.2600408254
2018-12-22,RUB_UZS,5,0.0050000000,True,0.0080124400,0.0081304455,0.0081686500,0,1,0.0000000000,-46.9894862073
2018-12-25,RUB_UZS,5,0.0050000000,True,0.0080633800,0.0082108627,0.0082432300,0,1,0.0000000000,-9.8860168497
2018-12-26,RUB_UZS,5,0.0050000000,True,0.0080920800,0.0082353536,0.0082614800,0,1,0.0000000000,-9.5640867219
2018-12-27,RUB_UZS,5,0.0050000000,True,0.0081686500,0.0082572355,0.0082614800,0,1,1.4644141315,-6.6057768179
2018-12-28,RUB_UZS,5,0.0050000000,True,0.0081686500,0.0082721564,0.0083327800,0,1,0.0000000000,12.9063851879
2018-12-29,RUB_UZS,5,0.0050000000,True,0.0081686500,0.0082870773,0.0083327800,0,1,7.3630638020,-62.5585179993
2018-12-30,RUB_UZS,5,0.0050000000,True,0.0082189800,0.0083019982,0.0083327800,0,1,0.0000000000,-37.0776016902
2019-01-10,RUB_UZS,5,0.0050000000,True,0.0080196800,0.0081700582,0.0080196800,1,1,32.6499667535,151.9061175040
2019-01-11,RUB_UZS,5,0.0050000000,True,0.0080196800,0.0081431709,0.0080264200,1,1,0.0000000000,151.6496589222
2019-01-12,RUB_UZS,5,0.0050000000,True,0.0079895000,0.0081119636,0.0079895000,1,1,45.9980913035,105.4536733624
2019-01-15,RUB_UZS,5,0.0050000000,True,0.0079379700,0.0080063418,0.0079379700,0,0,153.6620006574,-69.3302672790
2019-01-16,RUB_UZS,5,0.0050000000,True,0.0079379700,0.0079965255,0.0079379700,0,0,123.2421967346,-50.6401757672
2019-01-17,RUB_UZS,5,0.0050000000,True,0.0079379700,0.0079902755,0.0079379700,0,0,64.4971525127,0.9704978882
2019-01-18,RUB_UZS,5,0.0050000000,True,0.0079379700,0.0079847073,0.0079379700,1,1,28.3774005849,30.2419010522
2019-01-19,RUB_UZS,5,0.0050000000,True,0.0079172100,0.0079747791,0.0079172100,1,1,26.1527821345,46.1568784407
2019-01-22,RUB_UZS,5,0.0050000000,True,0.0078778300,0.0079300864,0.0078778300,0,0,91.9389304144,-26.2842488818
2019-01-23,RUB_UZS,5,0.0050000000,True,0.0078778300,0.0079199427,0.0078778300,0,0,109.6523991327,-57.1055552858
2019-01-24,RUB_UZS,5,0.0050000000,True,0.0078716100,0.0079118564,0.0078716100,0,0,57.5960470923,-6.7665995407
2019-01-25,RUB_UZS,5,0.0050000000,True,0.0078716100,0.0079109927,0.0078716100,1,1,7.8955753044,41.9198050308
2019-01-26,RUB_UZS,5,0.0050000000,True,0.0078716100,0.0079062118,0.0078716100,1,1,8.0097284562,35.7842906722
2019-01-29,RUB_UZS,5,0.0050000000,True,0.0077970400,0.0078706727,0.0077970400,0,0,94.7328437257,-1.1908419518
2019-01-30,RUB_UZS,5,0.0050000000,True,0.0077970400,0.0078630218,0.0077970400,0,0,165.7696882248,-83.2354066052
2019-01-31,RUB_UZS,5,0.0050000000,True,0.0077970400,0.0078579345,0.0077970400,0,0,112.0301114214,-34.9270592504
2019-02-01,RUB_UZS,5,0.0050000000,True,0.0077970400,0.0078512527,0.0078044200,1,1,0.0000000000,69.0497798962
2019-02-02,RUB_UZS,5,0.0050000000,True,0.0077970400,0.0078474082,0.0078044200,1,1,36.5502582008,18.2967184649
2019-02-05,RUB_UZS,5,0.0050000000,True,0.0077970400,0.0078391136,0.0078044200,1,1,22.3092431861,21.9969210341
2019-02-06,RUB_UZS,5,0.0050000000,True,0.0077970400,0.0078370945,0.0078356300,1,1,0.0000000000,41.6921669951
2019-02-07,RUB_UZS,5,0.0050000000,True,0.0078044200,0.0078388727,0.0078166000,1,1,24.2864964272,4.1367265238
2019-02-08,RUB_UZS,5,0.0050000000,True,0.0078044200,0.0078385982,0.0078166000,0,0,55.7476572499,-27.8389294561
2019-02-09,RUB_UZS,5,0.0050000000,True,0.0078044200,0.0078376327,0.0078166000,0,0,59.2254777653,-32.5828902883
2019-02-12,RUB_UZS,5,0.0050000000,True,0.0078166000,0.0078704100,0.0078224300,1,1,0.0000000000,68.3700086781
2019-02-13,RUB_UZS,5,0.0050000000,True,0.0078166000,0.0078804064,0.0078224300,1,1,9.7062207935,63.9260988733
2019-02-14,RUB_UZS,5,0.0050000000,True,0.0078166000,0.0078831955,0.0078911000,1,1,0.0000000000,77.0822630186
2019-02-15,RUB_UZS,5,0.0050000000,True,0.0078166000,0.0078855527,0.0078891000,0,1,49.9576854242,-54.7295468306
2019-02-16,RUB_UZS,5,0.0050000000,True,0.0078166000,0.0078841218,0.0078474300,0,0,123.5402279755,-77.9645257084
2019-02-19,RUB_UZS,5,0.0050000000,True,0.0078066400,0.0078764382,0.0078066400,0,0,107.0319727288,-18.6147822701
2019-02-20,RUB_UZS,5,0.0050000000,True,0.0078066400,0.0078750027,0.0078066400,0,0,104.5239634432,-17.9012925017
2019-02-21,RUB_UZS,5,0.0050000000,True,0.0077784600,0.0078613436,0.0077784600,0,0,87.8886463466,17.6988018935
2019-02-22,RUB_UZS,5,0.0050000000,True,0.0077784600,0.0078489045,0.0077784600,1,1,42.9339477727,47.0187211997
2019-02-23,RUB_UZS,5,0.0050000000,True,0.0077784600,0.0078379673,0.0077784600,1,1,36.0974759948,39.9686189508
2019-02-26,RUB_UZS,5,0.0050000000,True,0.0077784600,0.0078186009,0.0078087600,1,1,0.0000000000,51.3402711785
2019-02-27,RUB_UZS,5,0.0050000000,True,0.0077784600,0.0078172091,0.0078252800,1,1,0.0000000000,10.8083215005
2019-02-28,RUB_UZS,5,0.0050000000,True,0.0077784600,0.0078192964,0.0078321200,0,1,0.0000000000,-7.6523974605
2019-03-01,RUB_UZS,5,0.0050000000,True,0.0077784600,0.0078223245,0.0078321200,0,1,20.8956593090,-33.4880691708
2019-03-02,RUB_UZS,5,0.0050000000,True,0.0077784600,0.0078258155,0.0078321200,0,1,0.0000000000,-8.0560875619
2019-03-05,RUB_UZS,5,0.0050000000,True,0.0078252800,0.0078432445,0.0078399500,1,1,0.0000000000,10.5626509623
2019-03-06,RUB_UZS,5,0.0050000000,True,0.0078321200,0.0078465700,0.0078450400,1,1,0.0000000000,8.4368074203
2019-03-07,RUB_UZS,5,0.0050000000,True,0.0078321200,0.0078497982,0.0078618600,1,1,0.0000000000,6.0615339503
2019-03-08,RUB_UZS,5,0.0050000000,True,0.0078321200,0.0078519727,0.0078560400,1,1,7.4028283383,-12.5920874546
2019-03-12,RUB_UZS,5,0.0050000000,True,0.0078145700,0.0078472800,0.0078145700,0,0,88.1021508036,-46.8315135945
2019-03-13,RUB_UZS,5,0.0050000000,True,0.0078145700,0.0078445100,0.0078145700,0,0,52.7874094327,-14.6981774515
2019-03-14,RUB_UZS,5,0.0050000000,True,0.0077248600,0.0078320555,0.0077248600,0,0,140.2597402597,-3.4404065065
2019-03-15,RUB_UZS,5,0.0050000000,True,0.0076791300,0.0078154436,0.0076791300,0,0,184.7094191451,-10.4873939570
2019-03-16,RUB_UZS,5,0.0050000000,True,0.0076747600,0.0077984345,0.0076747600,0,0,178.9093961664,-20.6906327820
2019-03-19,RUB_UZS,5,0.0050000000,True,0.0076082400,0.0077283955,0.0076082400,0,0,150.9671372685,4.5746294509
2019-03-20,RUB_UZS,5,0.0050000000,True,0.0076082400,0.0077081118,0.0076082400,0,0,92.3151450750,37.5991148876
2019-03-21,RUB_UZS,5,0.0050000000,True,0.0076082400,0.0076964564,0.0076082400,0,0,86.6737200903,28.1900690542
2019-03-22,RUB_UZS,5,0.0050000000,True,0.0076082400,0.0076827855,0.0076116300,1,1,0.0000000000,97.0292024768
2019-03-23,RUB_UZS,5,0.0050000000,True,0.0076082400,0.0076724673,0.0076116300,1,1,0.0000000000,79.2929713021
2019-03-26,RUB_UZS,5,0.0050000000,True,0.0076082400,0.0076673255,0.0076641900,0,1,40.5955222775,-36.6549530487
2019-03-27,RUB_UZS,5,0.0050000000,True,0.0076082400,0.0076712582,0.0077010700,0,1,0.0000000000,9.2138494764
2019-03-28,RUB_UZS,5,0.0050000000,True,0.0076116300,0.0076873891,0.0077180200,0,1,0.0000000000,-17.7965612630
2019-03-29,RUB_UZS,5,0.0050000000,True,0.0076116300,0.0077023509,0.0077180200,0,1,10.2770400054,-30.6517986362
2019-03-30,RUB_UZS,5,0.0050000000,True,0.0076116300,0.0077141464,0.0077180200,0,1,0.0000000000,-5.0214711791
2019-04-02,RUB_UZS,5,0.0050000000,True,0.0077010700,0.0077443409,0.0077413800,0,0,56.8993331347,-53.3797406317
2019-04-03,RUB_UZS,5,0.0050000000,True,0.0077180200,0.0077507000,0.0077413800,0,1,44.7904570478,-32.9131562311
2019-04-04,RUB_UZS,5,0.0050000000,True,0.0077180200,0.0077528218,0.0077493000,1,1,0.0000000000,14.7582627979
2019-04-05,RUB_UZS,5,0.0050000000,True,0.0076669000,0.0077481745,0.0076669000,0,0,121.6927467515,-17.0045918147
2019-04-06,RUB_UZS,5,0.0050000000,True,0.0076669000,0.0077462400,0.0076669000,0,0,133.9849852400,-31.9897137192
2019-04-09,RUB_UZS,5,0.0050000000,True,0.0076222200,0.0077112100,0.0076222200,0,0,163.9890054586,-49.3956201426
2019-04-10,RUB_UZS,5,0.0050000000,True,0.0076222200,0.0077016464,0.0076222200,0,0,58.2764872373,45.1155012783
2019-04-11,RUB_UZS,5,0.0050000000,True,0.0076042100,0.0076873609,0.0076042100,0,0,120.2197293919,-12.2006642071
2019-04-12,RUB_UZS,5,0.0050000000,True,0.0076042100,0.0076730255,0.0076042100,1,1,23.6282867721,66.2130666012
2019-04-13,RUB_UZS,5,0.0050000000,True,0.0075649000,0.0076542873,0.0075649000,0,0,93.3451018703,23.6563798589
2019-04-16,RUB_UZS,5,0.0050000000,True,0.0075644700,0.0076105664,0.0075644700,0,0,52.2605241044,8.3520244521
2019-04-17,RUB_UZS,5,0.0050000000,True,0.0075644700,0.0075985418,0.0075644700,0,0,64.1769107605,-19.4618680426
2019-04-18,RUB_UZS,5,0.0050000000,True,0.0075460800,0.0075916200,0.0075460800,1,1,24.8780552288,35.1967037339
2019-04-19,RUB_UZS,5,0.0050000000,True,0.0075460800,0.0075846173,0.0075460800,1,1,41.2677255241,9.5815945168
2019-04-20,RUB_UZS,5,0.0050000000,True,0.0075460800,0.0075799982,0.0075460800,1,1,24.3110224510,20.4857329061
2019-04-23,RUB_UZS,5,0.0050000000,True,0.0075460800,0.0075928455,0.0075591500,1,1,0.0000000000,61.5914742706
2019-04-24,RUB_UZS,5,0.0050000000,True,0.0075460800,0.0076019709,0.0075853700,1,1,0.0000000000,56.3286937072
2019-04-25,RUB_UZS,5,0.0050000000,True,0.0075460800,0.0076100236,0.0076644800,0,1,0.0000000000,32.3962677932
2019-04-26,RUB_UZS,5,0.0050000000,True,0.0075460800,0.0076180545,0.0076528100,0,1,15.2260818738,-60.9413522422
2019-04-27,RUB_UZS,5,0.0050000000,True,0.0075460800,0.0076260855,0.0076528100,0,1,16.2681598063,-51.3953661917
2019-04-30,RUB_UZS,5,0.0050000000,True,0.0075853700,0.0076523336,0.0076528100,0,1,17.1146879765,-17.7676043446
2019-05-01,RUB_UZS,5,0.0050000000,True,0.0076528100,0.0076584645,0.0076528100,1,1,0.0000000000,7.3833931345
2019-05-07,RUB_UZS,5,0.0050000000,True,0.0076528100,0.0076920727,0.0077212400,0,1,20.1503716638,-58.1862318704
2019-05-08,RUB_UZS,5,0.0050000000,True,0.0076528100,0.0076984236,0.0077226700,0,1,0.0000000000,-29.6377085935
2019-05-09,RUB_UZS,5,0.0050000000,True,0.0076528100,0.0077071682,0.0077226700,0,1,0.0000000000,-20.1135070834
2019-05-14,RUB_UZS,5,0.0050000000,True,0.0076351000,0.0076976873,0.0076351000,0,0,146.9867079623,-66.6599271375
2019-05-15,RUB_UZS,5,0.0050000000,True,0.0076351000,0.0076905100,0.0076351000,0,0,110.4608840497,-38.8400769260
2019-05-16,RUB_UZS,5,0.0050000000,True,0.0076267100,0.0076817864,0.0076267100,0,0,55.5201328937,16.2675230016
2019-05-17,RUB_UZS,5,0.0050000000,True,0.0076267100,0.0076741782,0.0076267100,1,1,10.9887231339,50.9216503609
2019-05-18,RUB_UZS,5,0.0050000000,True,0.0076155700,0.0076644418,0.0076155700,1,1,36.8276179661,27.0363043694
2019-05-21,RUB_UZS,5,0.0050000000,True,0.0076155700,0.0076380518,0.0076155700,1,1,14.6065603648,14.8490982410
2019-05-22,RUB_UZS,5,0.0050000000,True,0.0076155700,0.0076352636,0.0076155700,1,1,30.6454526651,-4.8673677994
2019-05-23,RUB_UZS,5,0.0050000000,True,0.0076155700,0.0076340027,0.0076212300,1,1,0.0000000000,24.1455602405
2019-05-24,RUB_UZS,5,0.0050000000,True,0.0076077200,0.0076307300,0.0076077200,1,1,22.0341739546,8.1381466780
2019-05-25,RUB_UZS,5,0.0050000000,True,0.0076077200,0.0076314118,0.0076077200,1,1,40.4523330130,-9.4454106133
2019-05-28,RUB_UZS,5,0.0050000000,True,0.0076077200,0.0076472209,0.0076077200,1,1,17.7267973805,33.9873914980
2019-05-29,RUB_UZS,5,0.0050000000,True,0.0076077200,0.0076555518,0.0076512200,1,1,0.0000000000,62.4799091141
2019-05-30,RUB_UZS,5,0.0050000000,True,0.0076077200,0.0076649045,0.0076688900,0,1,0.0000000000,17.8535105994
2019-05-31,RUB_UZS,5,0.0050000000,True,0.0076077200,0.0076664518,0.0076556400,0,1,17.2775981922,-3.1803262787
2019-06-01,RUB_UZS,5,0.0050000000,True,0.0076077200,0.0076675218,0.0076503900,0,0,73.7231760910,-51.7614201293
2019-06-04,RUB_UZS,5,0.0050000000,True,0.0076503900,0.0076774664,0.0076503900,0,0,99.6583585682,-65.0392121549
2019-06-05,RUB_UZS,5,0.0050000000,True,0.0076503900,0.0076779782,0.0076503900,1,1,6.8576892330,29.0938334145
2019-06-06,RUB_UZS,5,0.0050000000,True,0.0076131200,0.0076729082,0.0076131200,1,1,48.7164706636,29.3476492675
2019-06-07,RUB_UZS,5,0.0050000000,True,0.0075756900,0.0076609518,0.0075756900,0,0,114.2725158744,-3.0129178109
2019-06-08,RUB_UZS,5,0.0050000000,True,0.0075756900,0.0076489955,0.0075756900,0,0,105.9965912875,-10.2687280980
2019-06-11,RUB_UZS,5,0.0050000000,True,0.0075659200,0.0076154364,0.0075659200,0,0,61.9982346265,3.0416689547
2019-06-12,RUB_UZS,5,0.0050000000,True,0.0075659200,0.0076077573,0.0075659200,1,1,12.8965150369,42.1507568889
2019-06-14,RUB_UZS,5,0.0050000000,True,0.0075393700,0.0075870109,0.0075393700,0,0,65.7376344993,-2.9643965668
2019-06-15,RUB_UZS,5,0.0050000000,True,0.0074976800,0.0075725409,0.0074976800,0,0,90.1939222196,8.7433124104
2019-06-18,RUB_UZS,5,0.0050000000,True,0.0073980900,0.0075160727,0.0073980900,0,0,204.4877676752,-48.5057476825
2019-06-19,RUB_UZS,5,0.0050000000,True,0.0073980900,0.0074999273,0.0073980900,0,0,187.3896625315,-52.5908130018
2019-06-20,RUB_UZS,5,0.0050000000,True,0.0073723000,0.0074802036,0.0073723000,0,0,167.2250616191,-23.3634864583
2019-06-21,RUB_UZS,5,0.0050000000,True,0.0073042300,0.0074564136,0.0073042300,0,0,167.0631218592,37.6637318331
2019-06-22,RUB_UZS,5,0.0050000000,True,0.0073042300,0.0074356545,0.0073042300,0,0,126.8705841643,50.5194871883
2019-06-25,RUB_UZS,5,0.0050000000,True,0.0073042300,0.0073851973,0.0073042300,0,0,92.3321080260,17.4636807264
2019-06-26,RUB_UZS,5,0.0050000000,True,0.0073042300,0.0073734791,0.0073375700,1,1,0.0000000000,93.9164403334
2019-06-27,RUB_UZS,5,0.0050000000,True,0.0073042300,0.0073678382,0.0073652300,1,1,0.0000000000,41.0814964597
2019-06-28,RUB_UZS,5,0.0050000000,True,0.0073042300,0.0073658064,0.0073662800,0,1,0.0000000000,0.7824854577
2019-06-29,RUB_UZS,5,0.0050000000,True,0.0073042300,0.0073666218,0.0073662800,0,1,3.3926918703,-2.9296764127
2019-07-02,RUB_UZS,5,0.0050000000,True,0.0073375700,0.0073808382,0.0073757400,1,1,0.0000000000,19.7242934468
2019-07-03,RUB_UZS,5,0.0050000000,True,0.0073652300,0.0073880991,0.0073961200,1,1,0.0000000000,16.7283772957
2019-07-04,RUB_UZS,5,0.0050000000,True,0.0073662800,0.0073958764,0.0073961200,0,1,14.7696926986,-15.1214485123
2019-07-05,RUB_UZS,5,0.0050000000,True,0.0073662800,0.0074019436,0.0074174400,1,1,0.0000000000,7.8677123871
2019-07-06,RUB_UZS,5,0.0050000000,True,0.0073662800,0.0074083591,0.0074174400,0,1,0.0000000000,-12.2576524430
2019-07-09,RUB_UZS,5,0.0050000000,True,0.0073455500,0.0074047727,0.0073455500,0,0,141.2335352809,-62.1319173752
2019-07-10,RUB_UZS,5,0.0050000000,True,0.0073455500,0.0074007582,0.0073455500,0,0,121.0002797383,-46.9706175068
2019-07-11,RUB_UZS,5,0.0050000000,True,0.0073261500,0.0073943973,0.0073261500,0,0,152.1638315175,-60.7929566329
2019-07-12,RUB_UZS,5,0.0050000000,True,0.0073191700,0.0073854636,0.0073191700,1,1,35.9128996467,54.0435080705
2019-07-13,RUB_UZS,5,0.0050000000,True,0.0073191700,0.0073784700,0.0073191700,0,0,59.3923589890,21.1019357672
2019-07-16,RUB_UZS,5,0.0050000000,True,0.0073191700,0.0073495645,0.0073191700,1,1,9.5275144517,31.8584118960
2019-07-17,RUB_UZS,5,0.0050000000,True,0.0073191700,0.0073392073,0.0073254200,1,1,0.0000000000,27.3016852947
2019-07-18,RUB_UZS,5,0.0050000000,True,0.0073191700,0.0073385555,0.0073254200,1,1,20.5571547481,-2.6633926345
2019-07-19,RUB_UZS,5,0.0050000000,True,0.0073191700,0.0073346300,0.0073197200,1,1,20.7499993183,-0.4226525401
2019-07-20,RUB_UZS,5,0.0050000000,True,0.0073191700,0.0073322909,0.0073197200,1,1,7.7811238127,9.3707535286
2019-07-23,RUB_UZS,5,0.0050000000,True,0.0073197200,0.0073286691,0.0073197200,1,1,25.4279554888,-13.2505765651
2019-07-24,RUB_UZS,5,0.0050000000,True,0.0073197200,0.0073269527,0.0073216300,1,1,0.0000000000,9.8713988502
2019-07-25,RUB_UZS,5,0.0050000000,True,0.0073197200,0.0073282609,0.0073216300,1,1,21.1798281899,-12.1571693743
2019-07-26,RUB_UZS,5,0.0050000000,True,0.0073150500,0.0073273182,0.0073150500,1,1,13.7472150627,2.9999813897
2019-07-27,RUB_UZS,5,0.0050000000,True,0.0073150500,0.0073287664,0.0073150500,1,1,8.9870698192,9.7374691487
2019-07-30,RUB_UZS,5,0.0050000000,True,0.0073150500,0.0073561691,0.0073150500,1,1,46.6437076577,9.2970822511
2019-07-31,RUB_UZS,5,0.0050000000,True,0.0073150500,0.0073672173,0.0073413500,1,1,0.0000000000,70.8100097989
2019-08-01,RUB_UZS,5,0.0050000000,True,0.0073150500,0.0073836855,0.0073675500,1,1,0.0000000000,57.3364816338
2019-08-02,RUB_UZS,5,0.0050000000,True,0.0073150500,0.0073992255,0.0074587000,0,1,0.0000000000,42.8091490657
2019-08-03,RUB_UZS,5,0.0050000000,True,0.0073150500,0.0074136182,0.0074587000,0,1,0.0000000000,-60.8094685701
2019-08-06,RUB_UZS,5,0.0050000000,True,0.0073413500,0.0074605791,0.0074799500,0,1,35.0640198128,-61.2431133484
2019-08-07,RUB_UZS,5,0.0050000000,True,0.0073675500,0.0074748618,0.0074799500,0,1,16.8433528149,-23.6903132779
2019-08-08,RUB_UZS,5,0.0050000000,True,0.0074587000,0.0074885836,0.0074984600,1,1,0.0000000000,11.5290644839
2019-08-09,RUB_UZS,5,0.0050000000,True,0.0074587000,0.0075005000,0.0074984600,0,1,9.5927606633,-6.8795413639
2019-08-10,RUB_UZS,5,0.0050000000,True,0.0074587000,0.0075066491,0.0074984600,0,1,0.0000000000,10.9091164512
2019-08-13,RUB_UZS,5,0.0050000000,True,0.0073217200,0.0074744118,0.0073217200,0,0,261.7147858147,-58.9721076259
2019-08-14,RUB_UZS,5,0.0050000000,True,0.0073217200,0.0074600273,0.0073217200,0,0,353.1854678265,-173.9306339363
2019-08-15,RUB_UZS,5,0.0050000000,True,0.0072795800,0.0074394745,0.0072795800,0,0,327.8618824023,-116.7628896567
2019-08-16,RUB_UZS,5,0.0050000000,True,0.0072795800,0.0074213236,0.0072795800,0,0,241.1827082012,-51.4279736425
2019-08-17,RUB_UZS,5,0.0050000000,True,0.0071743700,0.0073918609,0.0071743700,0,0,201.2505258327,94.8893789447
2019-08-20,RUB_UZS,5,0.0050000000,True,0.0069700600,0.0072414564,0.0069700600,0,0,425.1893653205,-52.6463662131
2019-08-21,RUB_UZS,5,0.0050000000,True,0.0069700600,0.0071927991,0.0069700600,0,0,450.4028059407,-147.3708743302
2019-08-22,RUB_UZS,5,0.0050000000,True,0.0069700600,0.0071544064,0.0069700600,0,0,284.7776181044,-27.9039732285
2019-08-23,RUB_UZS,5,0.0050000000,True,0.0069700600,0.0071296155,0.0069911100,1,1,0.0000000000,223.7925110585
2019-08-24,RUB_UZS,5,0.0050000000,True,0.0069700600,0.0071062936,0.0069911100,1,1,0.0000000000,162.0867955332
2019-08-27,RUB_UZS,5,0.0050000000,True,0.0069700600,0.0070469664,0.0070490200,0,1,0.0000000000,13.9015331291
2019-08-28,RUB_UZS,5,0.0050000000,True,0.0069700600,0.0070377845,0.0070651800,0,1,0.0000000000,-15.9644764242
2019-08-29,RUB_UZS,5,0.0050000000,True,0.0069911100,0.0070502609,0.0070733700,0,1,0.0000000000,-21.1610479406
2019-08-30,RUB_UZS,5,0.0050000000,True,0.0069911100,0.0070635755,0.0070733700,0,1,38.5733358119,-52.6426675751
2019-08-31,RUB_UZS,5,0.0050000000,True,0.0069911100,0.0070711555,0.0070733700,0,1,0.0000000000,-3.1318013991
2019-09-03,RUB_UZS,5,0.0050000000,True,0.0070210700,0.0070704036,0.0070210700,0,0,121.3259606320,-52.1842394494
2019-09-04,RUB_UZS,5,0.0050000000,True,0.0070210700,0.0070663936,0.0070210700,0,0,163.2208160480,-100.7251609507
2019-09-05,RUB_UZS,5,0.0050000000,True,0.0069755100,0.0070550073,0.0069755100,0,0,139.9111455384,-27.6154602250
2019-09-06,RUB_UZS,5,0.0050000000,True,0.0069616300,0.0070448491,0.0069616300,0,0,92.8718110003,25.4925132921
2019-09-07,RUB_UZS,5,0.0050000000,True,0.0069608600,0.0070346209,0.0069608600,0,0,85.7561596737,19.2631689270
2019-09-10,RUB_UZS,5,0.0050000000,True,0.0068586300,0.0069740955,0.0068586300,0,0,167.5576409467,-2.0282851931
2019-09-11,RUB_UZS,5,0.0050000000,True,0.0068586300,0.0069544718,0.0068586300,0,0,147.9538556344,-10.2929194414
2019-09-12,RUB_UZS,5,0.0050000000,True,0.0067901300,0.0069329482,0.0067901300,0,0,245.2714176122,-40.2596665226
2019-09-13,RUB_UZS,5,0.0050000000,True,0.0067901300,0.0069147973,0.0067901300,0,0,209.1792594302,-29.5058936192
2019-09-14,RUB_UZS,5,0.0050000000,True,0.0067901300,0.0068996227,0.0067901300,0,0,99.8741731220,59.4129982074
2019-09-17,RUB_UZS,5,0.0050000000,True,0.0067901300,0.0068503964,0.0067924100,1,1,0.0000000000,87.9750023754
2019-09-18,RUB_UZS,5,0.0050000000,True,0.0067901300,0.0068350827,0.0067924100,1,1,42.5132047480,20.0037480427
2019-09-19,RUB_UZS,5,0.0050000000,True,0.0067901300,0.0068230364,0.0067924100,0,0,90.0768147764,-45.6008655171
2019-09-20,RUB_UZS,5,0.0050000000,True,0.0067556700,0.0068136764,0.0067556700,0,0,111.5795020419,-26.7456735411
2019-09-21,RUB_UZS,5,0.0050000000,True,0.0067556700,0.0068089564,0.0067556700,0,0,54.0897855106,24.3008807117
2019-09-24,RUB_UZS,5,0.0050000000,True,0.0067556700,0.0068091300,0.0067556700,0,0,69.1197158771,9.4578896276
2019-09-25,RUB_UZS,5,0.0050000000,True,0.0067556700,0.0068066891,0.0068067100,1,1,0.0000000000,74.9543430406
2019-09-26,RUB_UZS,5,0.0050000000,True,0.0067556700,0.0068084400,0.0068174800,0,1,0.0000000000,2.5409638625
2019-09-27,RUB_UZS,5,0.0050000000,True,0.0067556700,0.0068171191,0.0068273000,0,1,0.0000000000,-0.5294158516
2019-09-28,RUB_UZS,5,0.0050000000,True,0.0067556700,0.0068301609,0.0068273000,0,1,0.0000000000,4.1886408373
2019-10-01,RUB_UZS,5,0.0050000000,True,0.0068067100,0.0068628118,0.0068878800,0,1,0.0000000000,16.9781985730
2019-10-02,RUB_UZS,5,0.0050000000,True,0.0068174800,0.0068712682,0.0068997300,0,1,0.0000000000,-24.1757674744
2019-10-03,RUB_UZS,5,0.0050000000,True,0.0068273000,0.0068767773,0.0068780800,0,0,83.3204774599,-85.9308436629
2019-10-04,RUB_UZS,5,0.0050000000,True,0.0068273000,0.0068824564,0.0068780800,0,1,46.8709074781,-40.7029625522
2019-10-05,RUB_UZS,5,0.0050000000,True,0.0068273000,0.0068903600,0.0068780800,0,1,31.3780394305,-13.5987089209
2019-10-08,RUB_UZS,5,0.0050000000,True,0.0068033600,0.0068821345,0.0068033600,0,0,108.6349678980,5.8914068415
2019-10-09,RUB_UZS,5,0.0050000000,True,0.0068033600,0.0068700882,0.0068033600,0,0,125.4178296228,-28.6485670357
2019-10-10,RUB_UZS,5,0.0050000000,True,0.0068033600,0.0068621509,0.0068033600,0,0,160.3646966261,-75.9078189902
2019-10-11,RUB_UZS,5,0.0050000000,True,0.0068033600,0.0068536891,0.0068033600,0,0,95.7616237258,-22.5439305547
2019-10-12,RUB_UZS,5,0.0050000000,True,0.0068033600,0.0068461009,0.0068033600,1,1,0.0000000000,62.4310241091
2019-10-15,RUB_UZS,5,0.0050000000,True,0.0067811900,0.0068167909,0.0067811900,0,0,61.5110887038,-9.3432393542
2019-10-16,RUB_UZS,5,0.0050000000,True,0.0067811900,0.0068047682,0.0067811900,1,1,37.4045969750,-2.7654405434
2019-10-17,RUB_UZS,5,0.0050000000,True,0.0067632600,0.0067951427,0.0067632600,0,0,77.7552499465,-31.0770112930
2019-10-18,RUB_UZS,5,0.0050000000,True,0.0067408500,0.0067894600,0.0067408500,0,0,59.4880839499,12.1806447052
2019-10-19,RUB_UZS,5,0.0050000000,True,0.0067408500,0.0067853764,0.0067408500,0,0,60.6606615462,4.9906791531
2019-10-22,RUB_UZS,5,0.0050000000,True,0.0067408500,0.0067727945,0.0067408500,1,1,33.1349083134,14.0777125167
2019-10-23,RUB_UZS,5,0.0050000000,True,0.0067408500,0.0067681318,0.0067584400,1,1,0.0000000000,40.3092299540
2019-10-24,RUB_UZS,5,0.0050000000,True,0.0067408500,0.0067661873,0.0067598000,1,1,0.0000000000,11.4499827081
2019-10-25,RUB_UZS,5,0.0050000000,True,0.0067408500,0.0067628409,0.0067451800,1,1,29.0472931323,-2.9412061230
2019-10-26,RUB_UZS,5,0.0050000000,True,0.0067408500,0.0067601100,0.0067451800,1,1,29.2536404448,-7.1892321279
2019-10-29,RUB_UZS,5,0.0050000000,True,0.0067415200,0.0067594518,0.0067415200,1,1,27.0422201840,-0.5151036320
2019-10-30,RUB_UZS,5,0.0050000000,True,0.0067415200,0.0067603818,0.0067415200,1,1,5.4260968573,22.4866266295
2019-10-31,RUB_UZS,5,0.0050000000,True,0.0067415200,0.0067607309,0.0067415200,1,1,15.4473892727,12.9881061811
2019-11-01,RUB_UZS,5,0.0050000000,True,0.0066787800,0.0067528955,0.0066787800,0,0,93.0650654452,16.8452993564
2019-11-02,RUB_UZS,5,0.0050000000,True,0.0066787800,0.0067483236,0.0066787800,0,0,132.8030469797,-30.1502487621
2019-11-06,RUB_UZS,5,0.0050000000,True,0.0066787800,0.0067364636,0.0067146800,1,1,0.0000000000,85.6289582746
2019-11-07,RUB_UZS,5,0.0050000000,True,0.0066787800,0.0067364873,0.0067225200,0,1,0.0000000000,32.3718754959
2019-11-08,RUB_UZS,5,0.0050000000,True,0.0066787800,0.0067325091,0.0067225200,0,1,2.0226416890,12.8170505120
2019-11-09,RUB_UZS,5,0.0050000000,True,0.0066787800,0.0067318618,0.0067225200,0,1,0.0000000000,13.8770201084
2019-11-12,RUB_UZS,5,0.0050000000,True,0.0067146800,0.0067312218,0.0067249100,1,1,25.0230651252,-15.6853868486
2019-11-13,RUB_UZS,5,0.0050000000,True,0.0067225200,0.0067321655,0.0067250600,1,1,0.0000000000,10.7772968363
2019-11-14,RUB_UZS,5,0.0050000000,True,0.0067109700,0.0067309918,0.0067109700,0,0,74.8053330967,-45.3992259144
2019-11-15,RUB_UZS,5,0.0050000000,True,0.0067109700,0.0067300609,0.0067109700,0,0,71.0020476523,-42.9403110900
2019-11-16,RUB_UZS,5,0.0050000000,True,0.0067109700,0.0067315664,0.0067109700,1,1,20.9514859347,9.6654527117
2019-11-19,RUB_UZS,5,0.0050000000,True,0.0066992700,0.0067251091,0.0066992700,1,1,17.4341414132,21.0243294465
2019-11-20,RUB_UZS,5,0.0050000000,True,0.0066992700,0.0067194473,0.0066992700,1,1,19.3823857169,10.6664617436
2019-11-21,RUB_UZS,5,0.0050000000,True,0.0066992700,0.0067145336,0.0066992700,0,0,59.0733453231,-36.5570640728
2019-11-22,RUB_UZS,5,0.0050000000,True,0.0066992700,0.0067161764,0.0066992700,1,1,30.3141239709,-5.1571551670
2019-11-23,RUB_UZS,5,0.0050000000,True,0.0066992700,0.0067173264,0.0066992700,1,1,0.0000000000,26.8802834028
2019-11-26,RUB_UZS,5,0.0050000000,True,0.0066992700,0.0067245618,0.0067377100,1,1,0.0000000000,29.2239386196
2019-11-27,RUB_UZS,5,0.0050000000,True,0.0066992700,0.0067244955,0.0067377100,0,1,8.0378103344,-27.7114403311
2019-11-28,RUB_UZS,5,0.0050000000,True,0.0066992700,0.0067293318,0.0067383500,0,1,0.0000000000,-12.4502432701
2019-11-29,RUB_UZS,5,0.0050000000,True,0.0066992700,0.0067324773,0.0067338700,0,1,25.6695106055,-27.8095662477
2019-11-30,RUB_UZS,5,0.0050000000,True,0.0066992700,0.0067370482,0.0067338700,0,1,6.6485118761,-1.9323272547
2019-12-03,RUB_UZS,5,0.0050000000,True,0.0066994600,0.0067326109,0.0066994600,0,0,108.3445054069,-59.7525855159
2019-12-04,RUB_UZS,5,0.0050000000,True,0.0066994600,0.0067291336,0.0066994600,0,0,51.0998875832,-7.0385935134
2019-12-05,RUB_UZS,5,0.0050000000,True,0.0066994600,0.0067244873,0.0066994600,0,0,74.2123548977,-37.2708375468
2019-12-06,RUB_UZS,5,0.0050000000,True,0.0066749400,0.0067187227,0.0066749400,1,1,36.7784249162,28.4916167102
2019-12-07,RUB_UZS,5,0.0050000000,True,0.0066735200,0.0067128291,0.0066735200,1,1,38.7195385897,19.9157325891
2019-12-10,RUB_UZS,5,0.0050000000,True,0.0065673900,0.0066690918,0.0065673900,0,0,198.0570410248,-46.4803644383
2019-12-11,RUB_UZS,5,0.0050000000,True,0.0065673900,0.0066525318,0.0065673900,0,0,161.1250438206,-33.6836898050
2019-12-12,RUB_UZS,5,0.0050000000,True,0.0065673900,0.0066417736,0.0065673900,0,0,159.0315156020,-47.7980210927
2019-12-13,RUB_UZS,5,0.0050000000,True,0.0065600700,0.0066291018,0.0065600700,0,0,104.2362769396,-0.1028522718
2019-12-14,RUB_UZS,5,0.0050000000,True,0.0065600700,0.0066173691,0.0065600700,1,1,11.1459803666,75.5271320407
2019-12-17,RUB_UZS,5,0.0050000000,True,0.0065519300,0.0065799982,0.0065519300,1,1,44.5356802062,-1.8872621960
2019-12-18,RUB_UZS,5,0.0050000000,True,0.0065519300,0.0065689445,0.0065519300,1,1,12.4084041786,13.5098498596
2019-12-19,RUB_UZS,5,0.0050000000,True,0.0065304200,0.0065599673,0.0065304200,0,0,60.8486545720,-15.9036270137
2019-12-20,RUB_UZS,5,0.0050000000,True,0.0065267500,0.0065562727,0.0065267500,0,0,50.0034301133,-4.9986827327
2019-12-21,RUB_UZS,5,0.0050000000,True,0.0064794100,0.0065482745,0.0064794100,0,0,110.6849432152,-5.5823171739
2019-12-24,RUB_UZS,5,0.0050000000,True,0.0064794100,0.0065312645,0.0064794100,0,0,78.1113619032,1.2930810698
2019-12-25,RUB_UZS,5,0.0050000000,True,0.0064794100,0.0065265373,0.0064794100,0,0,72.5322710384,-0.3259420177
2019-12-26,RUB_UZS,5,0.0050000000,True,0.0064794100,0.0065210591,0.0064847900,1,1,0.0000000000,63.8685991470
2019-12-27,RUB_UZS,5,0.0050000000,True,0.0064794100,0.0065173573,0.0064992900,1,1,0.0000000000,49.9700589740
2019-12-28,RUB_UZS,5,0.0050000000,True,0.0064794100,0.0065136555,0.0064992900,0,1,29.3170103093,-7.2839981907
2019-12-31,RUB_UZS,5,0.0050000000,True,0.0064794100,0.0065067945,0.0065112100,1,1,0.0000000000,11.5333985146
2020-01-01,RUB_UZS,5,0.0050000000,True,0.0064847900,0.0065096855,0.0065112100,1,1,0.0000000000,-2.3419648540
2020-01-10,RUB_UZS,5,0.0050000000,True,0.0063886200,0.0064642782,0.0063886200,1,1,20.7126656545,96.5276865616
2020-01-11,RUB_UZS,5,0.0050000000,True,0.0063886200,0.0064571000,0.0063886200,0,0,85.0326147180,21.2014681513
2020-01-14,RUB_UZS,5,0.0050000000,True,0.0063886200,0.0064399755,0.0064302800,1,1,0.0000000000,79.7447985756
2020-01-15,RUB_UZS,5,0.0050000000,True,0.0063886200,0.0064343527,0.0064322500,0,1,0.0000000000,6.3296611879
2020-01-16,RUB_UZS,5,0.0050000000,True,0.0063886200,0.0064390055,0.0064465400,0,1,0.0000000000,10.4914564728
2020-01-17,RUB_UZS,5,0.0050000000,True,0.0063886200,0.0064429218,0.0064493600,0,1,0.0000000000,-5.6157468929
2020-01-18,RUB_UZS,5,0.0050000000,True,0.0063886200,0.0064459573,0.0064493600,0,1,0.0000000000,-5.2788548369
2020-01-21,RUB_UZS,5,0.0050000000,True,0.0064322500,0.0064577064,0.0064586800,1,1,0.0000000000,7.1950679928
2020-01-22,RUB_UZS,5,0.0050000000,True,0.0064465400,0.0064601091,0.0064586800,0,1,42.8737267767,-40.8366309604
2020-01-23,RUB_UZS,5,0.0050000000,True,0.0064493600,0.0064656145,0.0064586800,1,1,27.9767786561,-17.2999093386
2020-01-24,RUB_UZS,5,0.0050000000,True,0.0064493600,0.0064776545,0.0064586800,1,1,23.9566648492,5.3484566524
2020-01-25,RUB_UZS,5,0.0050000000,True,0.0064493600,0.0064844627,0.0064586800,1,1,0.0000000000,39.7607764238
2020-01-28,RUB_UZS,5,0.0050000000,True,0.0064586800,0.0065233518,0.0065242500,0,1,0.0000000000,24.9132940163
2020-01-29,RUB_UZS,5,0.0050000000,True,0.0064586800,0.0065347473,0.0065242500,0,0,87.4380868455,-72.0038974867
2020-01-30,RUB_UZS,5,0.0050000000,True,0.0064586800,0.0065564700,0.0066021500,0,1,0.0000000000,49.1422976083
2020-01-31,RUB_UZS,5,0.0050000000,True,0.0064586800,0.0065743691,0.0066021500,0,1,15.4860799197,-57.8320270206
2020-02-01,RUB_UZS,5,0.0050000000,True,0.0064586800,0.0065889036,0.0066021500,0,1,0.0000000000,-20.1040482111
2020-02-04,RUB_UZS,5,0.0050000000,True,0.0065242500,0.0066189955,0.0065816700,0,0,195.8398007490,-142.2338874548
2020-02-05,RUB_UZS,5,0.0050000000,True,0.0065816700,0.0066302873,0.0065816700,0,0,111.0348174537,-38.1321747200
2020-02-06,RUB_UZS,5,0.0050000000,True,0.0065816700,0.0066378700,0.0065816700,0,0,55.7371996325,29.0906570933
2020-02-07,RUB_UZS,5,0.0050000000,True,0.0065816700,0.0066480845,0.0066484600,1,1,0.0000000000,99.9002720264
2020-02-08,RUB_UZS,5,0.0050000000,True,0.0065816700,0.0066505755,0.0066295500,0,1,28.4426769508,3.1808594007
2020-02-11,RUB_UZS,5,0.0050000000,True,0.0065816700,0.0066523582,0.0066295500,0,0,98.9426207473,-65.3028850740
2020-02-12,RUB_UZS,5,0.0050000000,True,0.0065816700,0.0066555264,0.0066295500,0,0,126.5319435074,-88.6235485234
2020-02-13,RUB_UZS,5,0.0050000000,True,0.0066295500,0.0066610455,0.0066423800,1,1,0.0000000000,47.2830500263
2020-02-14,RUB_UZS,5,0.0050000000,True,0.0066295500,0.0066645100,0.0066423800,0,0,61.7476977400,-28.7192906905
2020-02-15,RUB_UZS,5,0.0050000000,True,0.0066295500,0.0066681445,0.0066423800,1,1,16.5779652840,22.0969196965
2020-02-18,RUB_UZS,5,0.0050000000,True,0.0066295500,0.0066801391,0.0066865700,1,1,0.0000000000,56.5244082425
2020-02-19,RUB_UZS,5,0.0050000000,True,0.0066423800,0.0066909345,0.0066884400,0,1,0.0000000000,6.5230730100
2020-02-20,RUB_UZS,5,0.0050000000,True,0.0066423800,0.0066968118,0.0066941100,0,1,0.0000000000,12.5011996889
2020-02-21,RUB_UZS,5,0.0050000000,True,0.0066423800,0.0067111273,0.0067483000,0,1,0.0000000000,25.3568022714
2020-02-22,RUB_UZS,5,0.0050000000,True,0.0066423800,0.0067319836,0.0067483000,0,1,0.0000000000,-24.2370815464
2020-02-26,RUB_UZS,5,0.0050000000,True,0.0066941100,0.0068578564,0.0068828300,0,1,0.0000000000,68.5000693299
2020-02-27,RUB_UZS,5,0.0050000000,True,0.0067483000,0.0068822636,0.0069048300,0,1,0.0000000000,-0.8229322012
2020-02-28,RUB_UZS,5,0.0050000000,True,0.0067483000,0.0069037382,0.0069625900,0,1,0.0000000000,-1.5814883952
2020-02-29,RUB_UZS,5,0.0050000000,True,0.0067483000,0.0069216655,0.0069455000,0,0,148.4924519765,-185.6844227716
2020-03-03,RUB_UZS,5,0.0050000000,True,0.0068828300,0.0070029100,0.0069455000,0,1,24.5454636852,57.5760648073
2020-03-04,RUB_UZS,5,0.0050000000,True,0.0069048300,0.0070239109,0.0069455000,0,0,55.8664016998,56.0811627607
2020-03-05,RUB_UZS,5,0.0050000000,True,0.0069455000,0.0070429118,0.0069734900,1,1,0.0000000000,138.3118526777
2020-03-06,RUB_UZS,5,0.0050000000,True,0.0069455000,0.0070914700,0.0071138400,1,1,0.0000000000,166.3688910762
2020-03-07,RUB_UZS,5,0.0050000000,True,0.0069455000,0.0071331927,0.0071138400,0,1,0.0000000000,27.1305262772
2020-03-11,RUB_UZS,5,0.0050000000,True,0.0069734900,0.0073964382,0.0075091400,0,0,99.1386187046,-254.0301339146
2020-03-12,RUB_UZS,5,0.0050000000,True,0.0071138400,0.0074691482,0.0076821900,0,1,0.0000000000,-53.5426760968
2020-03-13,RUB_UZS,5,0.0050000000,True,0.0071138400,0.0075278791,0.0076821900,0,0,140.8380208754,-350.7640145413
2020-03-14,RUB_UZS,5,0.0050000000,True,0.0071138400,0.0076184700,0.0076821900,0,1,0.0000000000,-83.6388408696
2020-03-17,RUB_UZS,5,0.0050000000,True,0.0075091400,0.0078914627,0.0077598800,0,1,17.2642249752,149.7348861123
2020-03-18,RUB_UZS,5,0.0050000000,True,0.0076821900,0.0079540564,0.0081103400,0,1,0.0000000000,244.1224386139
2020-03-19,RUB_UZS,5,0.0050000000,True,0.0076821900,0.0080180345,0.0081976700,0,1,0.0000000000,-115.1222958970
2020-03-20,RUB_UZS,5,0.0050000000,True,0.0076821900,0.0080714227,0.0081976700,0,0,263.5757798183,-431.3579953517
2020-03-21,RUB_UZS,5,0.0050000000,True,0.0076821900,0.0081149136,0.0081605900,0,1,45.2323648061,-101.9805845690
2020-03-24,RUB_UZS,5,0.0050000000,True,0.0081103400,0.0082377645,0.0081543000,0,0,401.8390501537,-313.1012705234
2020-03-25,RUB_UZS,5,0.0050000000,True,0.0081543000,0.0082417609,0.0081543000,0,0,139.2593954140,-33.6082194262
2020-03-26,RUB_UZS,5,0.0050000000,True,0.0081543000,0.0082176436,0.0081543000,1,1,7.7077760309,69.4282191931
2020-03-27,RUB_UZS,5,0.0050000000,True,0.0081543000,0.0082137009,0.0081543000,0,0,125.7306436203,-54.0914399012
2020-03-28,RUB_UZS,5,0.0050000000,True,0.0081543000,0.0082097582,0.0081543000,1,1,0.0000000000,67.5515412147
2020-04-07,RUB_UZS,5,0.0050000000,True,0.0076118800,0.0079397927,0.0076118800,0,0,425.2961324480,-12.8432480262
2020-04-08,RUB_UZS,5,0.0050000000,True,0.0076118800,0.0078904818,0.0076118800,0,0,251.9897805639,103.7095326590
2020-04-09,RUB_UZS,5,0.0050000000,True,0.0076118800,0.0078457918,0.0076118800,0,0,251.7525862974,47.5819637418
2020-04-10,RUB_UZS,5,0.0050000000,True,0.0075102400,0.0077872409,0.0075102400,0,0,340.9745658079,15.2568916637
2020-04-11,RUB_UZS,5,0.0050000000,True,0.0075102400,0.0077302373,0.0075102400,0,0,133.5281165757,153.1094952866
2020-04-14,RUB_UZS,5,0.0050000000,True,0.0072923200,0.0075532891,0.0072923200,0,0,483.3668506312,-144.8652471446
2020-04-15,RUB_UZS,5,0.0050000000,True,0.0072923200,0.0075063673,0.0072923200,0,0,290.1638296512,-5.1592563114
2020-04-16,RUB_UZS,5,0.0050000000,True,0.0072923200,0.0074707109,0.0072923200,0,0,312.1188852252,-75.6943905302
2020-04-17,RUB_UZS,5,0.0050000000,True,0.0072923200,0.0074634018,0.0072923200,0,0,121.3107247892,109.2421661972
2020-04-18,RUB_UZS,5,0.0050000000,True,0.0072923200,0.0074631445,0.0072923200,1,1,0.0000000000,228.8908440861
2020-04-21,RUB_UZS,5,0.0050000000,True,0.0072923200,0.0074046827,0.0073670200,0,1,21.8335288238,29.0933832903
2020-04-22,RUB_UZS,5,0.0050000000,True,0.0072923200,0.0073901155,0.0073670200,0,0,218.3634557882,-191.2886832744
2020-04-23,RUB_UZS,5,0.0050000000,True,0.0072923200,0.0073871200,0.0073489200,0,0,341.8692215191,-300.4283130638
2020-04-24,RUB_UZS,5,0.0050000000,True,0.0072923200,0.0073929345,0.0073489200,0,0,79.3632580109,-19.9859128396
2020-04-25,RUB_UZS,5,0.0050000000,True,0.0072693500,0.0073908464,0.0072693500,0,0,132.5773514935,32.2376659777
2020-04-28,RUB_UZS,5,0.0050000000,True,0.0071871000,0.0073321518,0.0071871000,0,0,220.1956205810,-22.8693870967
2020-04-29,RUB_UZS,5,0.0050000000,True,0.0071871000,0.0072937927,0.0071871000,0,0,229.9803705134,-85.6718514822
2020-04-30,RUB_UZS,5,0.0050000000,True,0.0071871000,0.0072737373,0.0071871000,0,0,113.1462923095,6.0316623529
2020-05-01,RUB_UZS,5,0.0050000000,True,0.0071871000,0.0072573809,0.0071871000,1,1,0.0000000000,96.8405957621
2020-05-07,RUB_UZS,5,0.0050000000,True,0.0071871000,0.0072440718,0.0072823800,0,1,27.8662910994,-80.9740478704
2020-05-08,RUB_UZS,5,0.0050000000,True,0.0071871000,0.0072504173,0.0072569000,0,0,82.1917059357,-91.8881283196
2020-05-09,RUB_UZS,5,0.0050000000,True,0.0071871000,0.0072569227,0.0072569000,0,1,34.9885614318,-35.0799831885
2020-05-13,RUB_UZS,5,0.0050000000,True,0.0072159300,0.0072638973,0.0072159300,0,0,56.4566137056,9.6329456001
2020-05-14,RUB_UZS,5,0.0050000000,True,0.0071936700,0.0072526818,0.0071936700,0,0,89.5344319750,-8.2427189942
2020-05-15,RUB_UZS,5,0.0050000000,True,0.0071364200,0.0072394127,0.0071364200,0,0,214.6453566179,-73.9663212260
2020-05-16,RUB_UZS,5,0.0050000000,True,0.0071276100,0.0072253427,0.0071276100,0,0,122.3958658136,13.0273782546
2020-05-19,RUB_UZS,5,0.0050000000,True,0.0070016900,0.0071688545,0.0070016900,0,0,266.8735151877,-34.6156479925
2020-05-20,RUB_UZS,5,0.0050000000,True,0.0070016900,0.0071543673,0.0070016900,0,0,188.7921394761,25.0857581714
2020-05-21,RUB_UZS,5,0.0050000000,True,0.0070016900,0.0071336391,0.0070016900,0,0,176.6651093424,8.4516343373
2020-05-22,RUB_UZS,5,0.0050000000,True,0.0070016900,0.0071152618,0.0070137800,1,1,0.0000000000,159.6172018458
2020-05-23,RUB_UZS,5,0.0050000000,True,0.0070016900,0.0070964273,0.0070087500,0,0,127.5477864015,-4.0481317744
2020-05-26,RUB_UZS,5,0.0050000000,True,0.0069782000,0.0070439564,0.0069782000,0,0,122.7892624859,-29.8037569795
2020-05-27,RUB_UZS,5,0.0050000000,True,0.0069782000,0.0070303736,0.0069782000,0,0,50.7287083427,23.6027801962
2020-05-28,RUB_UZS,5,0.0050000000,True,0.0068755700,0.0070189082,0.0068755700,0,0,190.0196183342,14.4725953881
2020-05-29,RUB_UZS,5,0.0050000000,True,0.0067975000,0.0069914718,0.0067975000,0,0,306.5124264878,-29.9910839427
2020-05-30,RUB_UZS,5,0.0050000000,True,0.0067338000,0.0069582445,0.0067338000,0,0,350.2335845920,-28.6788634908
2020-06-02,RUB_UZS,5,0.0050000000,True,0.0067338000,0.0068807427,0.0067338000,0,0,206.1938137493,7.5176873744
2020-06-03,RUB_UZS,5,0.0050000000,True,0.0067338000,0.0068583500,0.0067338000,0,0,93.7109231335,88.7239642188
2020-06-04,RUB_UZS,5,0.0050000000,True,0.0067309400,0.0068327591,0.0067309400,1,1,4.2472303900,144.8303527059
2020-06-05,RUB_UZS,5,0.0050000000,True,0.0067309400,0.0068136464,0.0067309400,0,0,102.5049076191,19.0740213724
2020-06-06,RUB_UZS,5,0.0050000000,True,0.0067309400,0.0067940300,0.0067309400,1,1,46.5661012388,46.5114225283
2020-06-09,RUB_UZS,5,0.0050000000,True,0.0067309400,0.0067735600,0.0067624200,1,1,0.0000000000,62.9211227183
2020-06-10,RUB_UZS,5,0.0050000000,True,0.0067309400,0.0067803691,0.0067624200,0,1,8.1856275746,18.3014976659
2020-06-11,RUB_UZS,5,0.0050000000,True,0.0067309400,0.0067909527,0.0068087000,1,1,0.0000000000,42.0157942760
2020-06-12,RUB_UZS,5,0.0050000000,True,0.0067309400,0.0068000064,0.0068087000,0,1,0.0000000000,-12.7847473940
2020-06-16,RUB_UZS,5,0.0050000000,True,0.0067624200,0.0068296636,0.0068300600,0,0,125.7902551225,-127.9804808702
2020-06-17,RUB_UZS,5,0.0050000000,True,0.0068087000,0.0068368027,0.0068300600,0,1,46.5752067176,-36.8845990344
2020-06-18,RUB_UZS,5,0.0050000000,True,0.0068087000,0.0068395509,0.0068380300,1,1,0.0000000000,13.8765091701
2020-06-19,RUB_UZS,5,0.0050000000,True,0.0067667000,0.0068357327,0.0067667000,0,0,104.3136692878,-3.3606824885
2020-06-20,RUB_UZS,5,0.0050000000,True,0.0067667000,0.0068319291,0.0067667000,0,0,108.5375569183,-13.2040437933
2020-06-23,RUB_UZS,5,0.0050000000,True,0.0067667000,0.0068162209,0.0067667000,0,0,105.6159369960,-33.3162484197
2020-06-24,RUB_UZS,5,0.0050000000,True,0.0067667000,0.0068130591,0.0067668600,1,1,0.0000000000,68.0444574023
2020-06-25,RUB_UZS,5,0.0050000000,True,0.0067667000,0.0068158518,0.0067952800,1,1,0.0000000000,71.8792301956
2020-06-26,RUB_UZS,5,0.0050000000,True,0.0067667000,0.0068234091,0.0067952800,0,1,42.7287806765,-1.5108416880
2020-06-27,RUB_UZS,5,0.0050000000,True,0.0067667000,0.0068300018,0.0067952800,1,1,0.0000000000,50.8372019600
2020-06-30,RUB_UZS,5,0.0050000000,True,0.0067668600,0.0068606991,0.0069134700,0,1,0.0000000000,-11.7348232071
2020-07-01,RUB_UZS,5,0.0050000000,True,0.0067952800,0.0068755155,0.0069134700,0,1,15.3233353745,-70.6340430410
2020-07-02,RUB_UZS,5,0.0050000000,True,0.0067952800,0.0068915100,0.0069245700,0,1,0.0000000000,-31.8652951240
2020-07-03,RUB_UZS,5,0.0050000000,True,0.0067952800,0.0069179673,0.0069298400,0,1,0.0000000000,-9.5443170117
2020-07-04,RUB_UZS,5,0.0050000000,True,0.0067952800,0.0069360873,0.0069298400,0,1,0.0000000000,9.0069119399
2020-07-07,RUB_UZS,5,0.0050000000,True,0.0069134700,0.0069681855,0.0069594900,0,0,58.4111148252,-46.2021937627
2020-07-08,RUB_UZS,5,0.0050000000,True,0.0069245700,0.0069752200,0.0069594900,0,0,178.9647926777,-159.2637938302
2020-07-09,RUB_UZS,5,0.0050000000,True,0.0069298400,0.0069761418,0.0069347100,0,0,85.6231950362,-26.4590117278
2020-07-10,RUB_UZS,5,0.0050000000,True,0.0069298400,0.0069790982,0.0069347100,1,1,35.6060573404,28.0955809868
2020-07-11,RUB_UZS,5,0.0050000000,True,0.0069298400,0.0069804400,0.0069347100,0,0,80.3049700680,-14.9131000338
2020-07-14,RUB_UZS,5,0.0050000000,True,0.0069347100,0.0069796564,0.0069446000,1,1,0.0000000000,64.3962414404
2020-07-15,RUB_UZS,5,0.0050000000,True,0.0069347100,0.0069818191,0.0069446000,1,1,25.5085919142,27.8710901210
2020-07-16,RUB_UZS,5,0.0050000000,True,0.0069347100,0.0069898900,0.0069711300,1,1,0.0000000000,64.7935804426
2020-07-17,RUB_UZS,5,0.0050000000,True,0.0069347100,0.0069870473,0.0069595800,0,1,16.5683325372,22.7811149774
2020-07-18,RUB_UZS,5,0.0050000000,True,0.0069329500,0.0069817836,0.0069329500,0,0,121.7373215225,-52.4312490088
2020-07-21,RUB_UZS,5,0.0050000000,True,0.0069329500,0.0069889545,0.0069329500,0,0,163.6146174877,-84.8702823286
2020-07-22,RUB_UZS,5,0.0050000000,True,0.0069329500,0.0069947509,0.0069329500,1,1,38.2638032755,50.2818607096
2020-07-23,RUB_UZS,5,0.0050000000,True,0.0069329500,0.0069980255,0.0069500800,1,1,0.0000000000,92.9911658198
2020-07-24,RUB_UZS,5,0.0050000000,True,0.0069329500,0.0070002945,0.0070071500,1,1,0.0000000000,71.7320465996
2020-07-25,RUB_UZS,5,0.0050000000,True,0.0069329500,0.0070055782,0.0070071500,0,1,1.7265094830,-3.9708616614
2020-07-28,RUB_UZS,5,0.0050000000,True,0.0069329500,0.0070553300,0.0070433500,0,1,0.0000000000,68.2887972639
2020-07-29,RUB_UZS,5,0.0050000000,True,0.0069500800,0.0070789900,0.0070765100,0,1,0.0000000000,50.3461652015
2020-07-30,RUB_UZS,5,0.0050000000,True,0.0070071500,0.0071070145,0.0071870900,0,1,0.0000000000,42.9217433839
2020-07-31,RUB_UZS,5,0.0050000000,True,0.0070071500,0.0071232664,0.0071871300,0,1,0.0000000000,-89.5988344469
2020-08-01,RUB_UZS,5,0.0050000000,True,0.0070071500,0.0071386282,0.0071773400,0,1,22.0624728042,-76.4598138349
2020-08-04,RUB_UZS,5,0.0050000000,True,0.0070765100,0.0071858827,0.0071538400,0,0,143.9858921105,-100.8467233291
2020-08-05,RUB_UZS,5,0.0050000000,True,0.0071538400,0.0071982373,0.0071538400,1,1,46.3189061559,15.4305454328
2020-08-06,RUB_UZS,5,0.0050000000,True,0.0071538400,0.0071999564,0.0071538400,1,1,32.7419350344,31.4118065362
2020-08-07,RUB_UZS,5,0.0050000000,True,0.0071416800,0.0071952718,0.0071416800,1,1,16.9978640842,57.5820055569
2020-08-08,RUB_UZS,5,0.0050000000,True,0.0071416800,0.0071920409,0.0071416800,0,0,98.0670815996,-28.3217116901
2020-08-11,RUB_UZS,5,0.0050000000,True,0.0071381200,0.0071767264,0.0071381200,0,0,94.1992783791,-40.7896788597
2020-08-12,RUB_UZS,5,0.0050000000,True,0.0071381200,0.0071731609,0.0071381200,1,1,4.9848214986,43.8870805909
2020-08-13,RUB_UZS,5,0.0050000000,True,0.0071139300,0.0071695327,0.0071139300,0,0,61.1092715926,16.5460256951
2020-08-14,RUB_UZS,5,0.0050000000,True,0.0071139300,0.0071643164,0.0071139300,0,0,111.2873384589,-41.4186572138
2020-08-15,RUB_UZS,5,0.0050000000,True,0.0071139300,0.0071584227,0.0071139300,1,1,33.8884748365,28.3620122005
2020-08-18,RUB_UZS,5,0.0050000000,True,0.0071139300,0.0071643636,0.0071475800,1,1,0.0000000000,70.3951375495
2020-08-19,RUB_UZS,5,0.0050000000,True,0.0071139300,0.0071698473,0.0071475800,0,1,10.4122554343,20.6660925451
2020-08-20,RUB_UZS,5,0.0050000000,True,0.0071139300,0.0071748500,0.0071894600,1,1,0.0000000000,38.0077632285
2020-08-21,RUB_UZS,5,0.0050000000,True,0.0071139300,0.0071862155,0.0072179900,0,1,0.0000000000,-4.5149571079
2020-08-22,RUB_UZS,5,0.0050000000,True,0.0071139300,0.0072064145,0.0072179900,0,1,0.0000000000,-16.0627097878
2020-08-25,RUB_UZS,5,0.0050000000,True,0.0071475800,0.0072455482,0.0072598200,0,1,0.0000000000,-4.7916570212
2020-08-26,RUB_UZS,5,0.0050000000,True,0.0071894600,0.0072557518,0.0072598200,0,1,4.5710257547,-10.1825172681
2020-08-27,RUB_UZS,5,0.0050000000,True,0.0071913500,0.0072559236,0.0071913500,0,0,229.5555486114,-143.8636469563
2020-08-28,RUB_UZS,5,0.0050000000,True,0.0071700100,0.0072515618,0.0071700100,0,0,202.1068857092,-91.4950233918
2020-08-29,RUB_UZS,5,0.0050000000,True,0.0071700100,0.0072492991,0.0071700100,0,0,123.7083013077,-14.5130018212
2020-09-01,RUB_UZS,5,0.0050000000,True,0.0071700100,0.0072732691,0.0071700100,1,1,29.6745395510,112.6303590383
2020-09-02,RUB_UZS,5,0.0050000000,True,0.0071700100,0.0072697864,0.0071931000,1,1,0.0000000000,137.2479996599
2020-09-03,RUB_UZS,5,0.0050000000,True,0.0071700100,0.0072737764,0.0073220000,1,1,0.0000000000,110.9140006554
2020-09-04,RUB_UZS,5,0.0050000000,True,0.0071700100,0.0072863545,0.0073220000,0,1,37.8512671059,-87.1017930153
2020-09-05,RUB_UZS,5,0.0050000000,True,0.0071700100,0.0072998782,0.0073220000,0,1,0.0000000000,-30.3043662248
2020-09-08,RUB_UZS,5,0.0050000000,True,0.0071931000,0.0073290973,0.0072934900,0,0,92.7898068407,-44.6204028352
2020-09-09,RUB_UZS,5,0.0050000000,True,0.0072934900,0.0073382236,0.0072934900,0,0,141.5077762369,-81.7041924687
2020-09-10,RUB_UZS,5,0.0050000000,True,0.0072764700,0.0073315555,0.0072764700,0,0,178.3202719010,-105.0589413557
2020-09-11,RUB_UZS,5,0.0050000000,True,0.0072764700,0.0073316091,0.0072764700,0,0,107.5913486441,-32.7362094641
2020-09-12,RUB_UZS,5,0.0050000000,True,0.0072764700,0.0073293555,0.0072764700,1,1,23.3358789825,48.9339816685
2020-09-15,RUB_UZS,5,0.0050000000,True,0.0072764700,0.0073162527,0.0072972100,1,1,0.0000000000,54.3758242856
2020-09-16,RUB_UZS,5,0.0050000000,True,0.0072764700,0.0073070500,0.0072972100,0,1,34.6598676151,-21.2671324269
2020-09-17,RUB_UZS,5,0.0050000000,True,0.0072764700,0.0073115718,0.0073073500,1,1,0.0000000000,19.6425864902
2020-09-18,RUB_UZS,5,0.0050000000,True,0.0072764700,0.0073238036,0.0073073500,0,1,21.5754149512,0.8924820982
2020-09-19,RUB_UZS,5,0.0050000000,True,0.0072764700,0.0073367736,0.0073073500,1,1,0.0000000000,40.1043262638
2020-09-22,RUB_UZS,5,0.0050000000,True,0.0072972100,0.0073901109,0.0074280400,0,1,0.0000000000,-20.6209231452
2020-09-23,RUB_UZS,5,0.0050000000,True,0.0073073500,0.0074068600,0.0074361600,0,1,0.0000000000,-28.5951131789
2020-09-24,RUB_UZS,5,0.0050000000,True,0.0073073500,0.0074376455,0.0074814500,0,1,0.0000000000,1.9972107497
2020-09-25,RUB_UZS,5,0.0050000000,True,0.0073073500,0.0074788382,0.0074814500,0,1,46.4453538681,-50.1706512023
2020-09-26,RUB_UZS,5,0.0050000000,True,0.0073073500,0.0075120645,0.0074814500,0,1,0.0000000000,40.7538370701
2020-09-29,RUB_UZS,5,0.0050000000,True,0.0074361600,0.0075627155,0.0074872400,0,0,227.8188256269,-131.0039311277
2020-09-30,RUB_UZS,5,0.0050000000,True,0.0074814500,0.0075780945,0.0074872400,0,0,352.0791910799,-240.6613607834
2020-10-01,RUB_UZS,5,0.0050000000,True,0.0074814500,0.0075865064,0.0074872400,0,0,241.8921807310,-113.7989375155
2020-10-02,RUB_UZS,5,0.0050000000,True,0.0074814500,0.0075959164,0.0075849600,1,1,0.0000000000,143.0720908890
2020-10-03,RUB_UZS,5,0.0050000000,True,0.0074814500,0.0076016391,0.0075444000,0,0,80.1148668105,-4.8554121641
2020-10-06,RUB_UZS,5,0.0050000000,True,0.0074416400,0.0075568145,0.0074416400,0,0,219.8086711728,-68.9119128599
2020-10-07,RUB_UZS,5,0.0050000000,True,0.0074416400,0.0075357964,0.0074416400,0,0,188.9528751635,-65.2401338774
2020-10-08,RUB_UZS,5,0.0050000000,True,0.0074412000,0.0075316109,0.0074412000,0,0,136.7902020041,-16.9805517883
2020-10-09,RUB_UZS,5,0.0050000000,True,0.0074412000,0.0075189882,0.0074412000,0,0,114.4624410152,-11.1342350585
2020-10-10,RUB_UZS,5,0.0050000000,True,0.0074412000,0.0075062809,0.0074412000,1,1,0.5912675163,86.1157607526
2020-10-13,RUB_UZS,5,0.0050000000,True,0.0074412000,0.0074876664,0.0074655500,1,1,0.0000000000,62.0572036463
2020-10-14,RUB_UZS,5,0.0050000000,True,0.0074412000,0.0074865445,0.0074655500,1,1,1.2455668535,26.8008095494
2020-10-15,RUB_UZS,5,0.0050000000,True,0.0074412000,0.0074850355,0.0075107600,1,1,0.0000000000,26.0325480938
2020-10-16,RUB_UZS,5,0.0050000000,True,0.0074412000,0.0074903673,0.0075002900,0,1,39.8523299205,-53.3121084972
2020-10-17,RUB_UZS,5,0.0050000000,True,0.0074341100,0.0074896827,0.0074341100,0,0,130.0441048000,-56.5808649984
2020-10-20,RUB_UZS,5,0.0050000000,True,0.0073795300,0.0074752782,0.0073795300,0,0,174.7226645506,-47.4655488649
2020-10-21,RUB_UZS,5,0.0050000000,True,0.0073795300,0.0074674582,0.0073795300,0,0,161.0071077252,-43.9665243279
2020-10-22,RUB_UZS,5,0.0050000000,True,0.0073780800,0.0074536200,0.0073780800,0,0,75.3688067570,26.1752007749
2020-10-23,RUB_UZS,5,0.0050000000,True,0.0073780800,0.0074397209,0.0073780800,0,0,72.2973272998,10.6333412067
2020-10-24,RUB_UZS,5,0.0050000000,True,0.0073780800,0.0074354418,0.0073780800,1,1,1.9648947833,75.1963629721
2020-10-27,RUB_UZS,5,0.0050000000,True,0.0073780800,0.0074702345,0.0073791700,1,1,0.0000000000,123.3623186713
2020-10-28,RUB_UZS,5,0.0050000000,True,0.0073780800,0.0074904809,0.0074849900,1,1,0.0000000000,148.6031543793
2020-10-29,RUB_UZS,5,0.0050000000,True,0.0073780800,0.0075218391,0.0076121900,0,1,0.0000000000,48.9894698141
2020-10-30,RUB_UZS,5,0.0050000000,True,0.0073780800,0.0075525145,0.0076568200,0,1,0.0000000000,-79.0140213386
2020-10-31,RUB_UZS,5,0.0050000000,True,0.0073780800,0.0075831900,0.0076568200,0,1,0.0000000000,-97.0963407220
2020-11-03,RUB_UZS,5,0.0050000000,True,0.0074498100,0.0076136509,0.0074498100,0,0,420.4069823512,-214.2192922378
2020-11-04,RUB_UZS,5,0.0050000000,True,0.0074498100,0.0076104527,0.0074498100,0,0,346.1855445668,-139.9486686851
2020-11-06,RUB_UZS,5,0.0050000000,True,0.0073735900,0.0075678718,0.0073735900,0,0,262.3269499210,-5.7587944443
2020-11-07,RUB_UZS,5,0.0050000000,True,0.0073425600,0.0075393027,0.0073425600,0,0,143.9634030935,118.7015968320
2020-11-10,RUB_UZS,5,0.0050000000,True,0.0073425600,0.0074671064,0.0073425600,0,0,113.7332150267,53.6705407486
2020-11-11,RUB_UZS,5,0.0050000000,True,0.0073425600,0.0074440373,0.0073425600,1,1,42.0826218979,94.6358409372
2020-11-12,RUB_UZS,5,0.0050000000,True,0.0073425600,0.0074305582,0.0074239600,1,1,0.0000000000,118.4274177861
2020-11-13,RUB_UZS,5,0.0050000000,True,0.0073384200,0.0074204318,0.0073384200,0,0,123.2171866104,-12.8539444225
2020-11-14,RUB_UZS,5,0.0050000000,True,0.0073281300,0.0074093700,0.0073281300,0,0,180.9813484832,-72.6512510510
2020-11-17,RUB_UZS,5,0.0050000000,True,0.0073152300,0.0073838591,0.0073152300,0,0,146.4582244516,-54.3088764252
2020-11-18,RUB_UZS,5,0.0050000000,True,0.0073152300,0.0073813745,0.0073152300,1,1,31.6008078033,58.1931524949
2020-11-19,RUB_UZS,5,0.0050000000,True,0.0073120400,0.0073706536,0.0073120400,1,1,21.9564882173,57.6931686952
2020-11-20,RUB_UZS,5,0.0050000000,True,0.0073120400,0.0073573909,0.0073120400,1,1,37.2103796658,24.5207972688
2020-11-21,RUB_UZS,5,0.0050000000,True,0.0072466400,0.0073377036,0.0072466400,0,0,93.7632856383,30.6276152286
2020-11-24,RUB_UZS,5,0.0050000000,True,0.0072446300,0.0073001282,0.0072446300,0,0,92.1904147133,-16.3172726357
2020-11-25,RUB_UZS,5,0.0050000000,True,0.0072446300,0.0072960991,0.0072446300,0,0,99.3261184780,-29.0715748602
2020-11-26,RUB_UZS,5,0.0050000000,True,0.0072446300,0.0072974755,0.0072446300,1,1,2.7736992592,69.6616999428
2020-11-27,RUB_UZS,5,0.0050000000,True,0.0072446300,0.0072978382,0.0072838100,1,1,0.0000000000,72.9095116835
2020-11-28,RUB_UZS,5,0.0050000000,True,0.0072446300,0.0072920527,0.0072515900,0,1,44.2350912503,11.3037132081
2020-12-01,RUB_UZS,5,0.0050000000,True,0.0071209500,0.0072474218,0.0071209500,0,0,317.5475117921,-147.7327862297
2020-12-02,RUB_UZS,5,0.0050000000,True,0.0071209500,0.0072359955,0.0071209500,0,0,270.8895210145,-115.0146458457
2020-12-03,RUB_UZS,5,0.0050000000,True,0.0071209500,0.0072288791,0.0071209500,0,0,180.1535939015,-31.4169165168
2020-12-04,RUB_UZS,5,0.0050000000,True,0.0070536500,0.0072079555,0.0070536500,0,0,219.2120070884,-5.2505117136
2020-12-05,RUB_UZS,5,0.0050000000,True,0.0070195500,0.0071839318,0.0070195500,0,0,142.3967307733,87.6704007998
2020-12-08,RUB_UZS,5,0.0050000000,True,0.0070017200,0.0071025200,0.0070017200,0,0,229.7264297725,-89.8695111031
2020-12-09,RUB_UZS,5,0.0050000000,True,0.0070017200,0.0070798045,0.0070017200,0,0,73.6214583939,36.9424682371
2020-12-10,RUB_UZS,5,0.0050000000,True,0.0070017200,0.0070640673,0.0070017200,1,1,25.4004886353,63.0193216012
2020-12-11,RUB_UZS,5,0.0050000000,True,0.0070017200,0.0070548400,0.0070017200,0,0,80.5122865178,-5.2588010501
2020-12-12,RUB_UZS,5,0.0050000000,True,0.0070017200,0.0070447918,0.0070017200,1,1,0.0000000000,61.1399446477
2020-12-15,RUB_UZS,5,0.0050000000,True,0.0069747900,0.0070127845,0.0069747900,0,0,90.6994685045,-36.8547677145
2020-12-16,RUB_UZS,5,0.0050000000,True,0.0069747900,0.0070116473,0.0069747900,0,0,63.6232183433,-11.1282370165
2020-12-17,RUB_UZS,5,0.0050000000,True,0.0069747900,0.0070181391,0.0069747900,0,0,50.8243443331,10.9987716246
2020-12-18,RUB_UZS,5,0.0050000000,True,0.0069747900,0.0070354927,0.0070070400,1,1,0.0000000000,86.2807050278
2020-12-19,RUB_UZS,5,0.0050000000,True,0.0069747900,0.0070539173,0.0070070400,1,1,0.0000000000,66.4556599048
2020-12-22,RUB_UZS,5,0.0050000000,True,0.0069747900,0.0070678091,0.0070343700,0,0,134.0680733132,-87.9351837203
2020-12-23,RUB_UZS,5,0.0050000000,True,0.0069747900,0.0070699864,0.0070343700,0,0,220.0035870150,-173.4425358928
2020-12-24,RUB_UZS,5,0.0050000000,True,0.0070070400,0.0070756236,0.0070343700,0,0,235.9949974946,-181.9858859855
2020-12-25,RUB_UZS,5,0.0050000000,True,0.0070070400,0.0070777455,0.0070303800,0,0,158.8634731595,-93.4260010892
2020-12-26,RUB_UZS,5,0.0050000000,True,0.0070070400,0.0070828045,0.0070303800,1,1,5.6721497448,68.3832867951
2020-12-29,RUB_UZS,5,0.0050000000,True,0.0070303800,0.0070668255,0.0070303800,1,1,9.1234652115,42.4878960696
2020-12-30,RUB_UZS,5,0.0050000000,True,0.0070303800,0.0070529064,0.0070512800,1,1,0.0000000000,31.9391219377
2020-12-31,RUB_UZS,5,0.0050000000,True,0.0070303800,0.0070444891,0.0070512800,1,1,16.1553175915,-25.8370889017
2021-01-01,RUB_UZS,5,0.0050000000,True,0.0070303800,0.0070460264,0.0070512800,1,1,0.0000000000,-7.4561690412
2021-01-12,RUB_UZS,5,0.0050000000,True,0.0070204300,0.0070543509,0.0070204300,0,0,154.2131636558,-107.7903437028
2021-01-13,RUB_UZS,5,0.0050000000,True,0.0070204300,0.0070517109,0.0070204300,0,0,99.6322139928,-55.8291334070
2021-01-14,RUB_UZS,5,0.0050000000,True,0.0070204300,0.0070527873,0.0070222400,1,1,0.0000000000,45.8787022436
2021-01-15,RUB_UZS,5,0.0050000000,True,0.0070204300,0.0070500182,0.0070208200,1,1,48.5607533862,-7.1798654291
2021-01-16,RUB_UZS,5,0.0050000000,True,0.0069856500,0.0070440518,0.0069856500,0,0,52.1058807446,30.9648746841
2021-01-19,RUB_UZS,5,0.0050000000,True,0.0069856500,0.0070328945,0.0069856500,0,0,109.6824066418,-42.9772611406
2021-01-20,RUB_UZS,5,0.0050000000,True,0.0069856500,0.0070384464,0.0069856500,0,0,50.0938636797,25.0429750057
2021-01-21,RUB_UZS,5,0.0050000000,True,0.0069856500,0.0070451382,0.0069870200,1,1,0.0000000000,84.4386302766
2021-01-22,RUB_UZS,5,0.0050000000,True,0.0069856500,0.0070604227,0.0070815000,1,1,0.0000000000,103.9636436912
2021-01-23,RUB_UZS,5,0.0050000000,True,0.0069856500,0.0070705636,0.0070815000,0,1,0.0000000000,-15.4674566255
2021-01-26,RUB_UZS,5,0.0050000000,True,0.0069856500,0.0071356873,0.0071337900,0,1,0.0000000000,9.8060249277
2021-01-27,RUB_UZS,5,0.0050000000,True,0.0069870200,0.0071633491,0.0071337900,0,0,78.6885793082,-37.7210558190
2021-01-28,RUB_UZS,5,0.0050000000,True,0.0070815000,0.0071807118,0.0071780100,0,1,0.0000000000,65.3442435373
2021-01-29,RUB_UZS,5,0.0050000000,True,0.0070815000,0.0071916045,0.0071780100,0,0,89.2901522641,-71.0209442450
2021-01-30,RUB_UZS,5,0.0050000000,True,0.0070815000,0.0072040064,0.0071780100,0,0,153.5268514238,-119.2720161900
2021-02-02,RUB_UZS,5,0.0050000000,True,0.0071337900,0.0072172427,0.0071807600,0,1,0.0000000000,54.3597170765
2021-02-03,RUB_UZS,5,0.0050000000,True,0.0071780100,0.0072215127,0.0071807600,1,1,28.5503213300,27.9619077544
2021-02-04,RUB_UZS,5,0.0050000000,True,0.0070452700,0.0072035664,0.0070452700,0,0,239.1963335698,-19.9257362799
2021-02-05,RUB_UZS,5,0.0050000000,True,0.0070452700,0.0071850245,0.0070452700,0,0,193.9832754320,0.5352040931
2021-02-06,RUB_UZS,5,0.0050000000,True,0.0070129900,0.0071598482,0.0070129900,0,0,233.6382221380,-29.2070692713
2021-02-09,RUB_UZS,5,0.0050000000,True,0.0070040000,0.0071032064,0.0070040000,0,0,58.5783085673,81.5636779651
2021-02-10,RUB_UZS,5,0.0050000000,True,0.0070040000,0.0070853136,0.0070040000,0,0,115.6792930255,-0.9263720282
2021-02-11,RUB_UZS,5,0.0050000000,True,0.0069533500,0.0070642873,0.0069533500,0,0,85.0421860006,72.6149302072
2021-02-12,RUB_UZS,5,0.0050000000,True,0.0069533500,0.0070436182,0.0069533500,0,0,72.3158195317,56.2469185517
2021-02-13,RUB_UZS,5,0.0050000000,True,0.0069533500,0.0070278473,0.0069533500,0,0,96.4948512341,9.6007674405
2021-02-16,RUB_UZS,5,0.0050000000,True,0.0069533500,0.0070060127,0.0069534000,1,1,0.0000000000,75.1679012339
2021-02-17,RUB_UZS,5,0.0050000000,True,0.0069533500,0.0070070536,0.0070072800,1,1,0.0000000000,76.5708943417
2021-02-18,RUB_UZS,5,0.0050000000,True,0.0069533500,0.0070089118,0.0070122300,0,1,0.0000000000,2.3282047544
2021-02-19,RUB_UZS,5,0.0050000000,True,0.0069533500,0.0070092155,0.0070244400,0,1,0.0000000000,-4.3008314898
2021-02-20,RUB_UZS,5,0.0050000000,True,0.0069533500,0.0070069173,0.0069958200,0,0,55.9049913648,-40.2926510673
2021-02-21,RUB_UZS,5,0.0050000000,True,0.0069533500,0.0070015255,0.0069617900,0,0,89.1886043585,-32.7279327959
2021-02-25,RUB_UZS,5,0.0050000000,True,0.0069617900,0.0070286700,0.0069617900,1,1,48.6433327330,46.7371494180
2021-02-26,RUB_UZS,5,0.0050000000,True,0.0069617900,0.0070337355,0.0070348000,1,1,0.0000000000,102.2862673901
2021-02-27,RUB_UZS,5,0.0050000000,True,0.0069617900,0.0070316736,0.0070017600,0,0,87.1965851897,-45.0481141112
2021-03-02,RUB_UZS,5,0.0050000000,True,0.0069617900,0.0070470309,0.0070017600,0,1,46.9665093535,17.3561167089
2021-03-03,RUB_UZS,5,0.0050000000,True,0.0069617900,0.0070568027,0.0070017600,0,0,125.6686415066,-48.2757901048
2021-03-04,RUB_UZS,5,0.0050000000,True,0.0070017600,0.0070696682,0.0070356300,1,1,0.0000000000,96.0556847531
2021-03-05,RUB_UZS,5,0.0050000000,True,0.0070017600,0.0070710973,0.0070790700,1,1,0.0000000000,50.1580891329
2021-03-06,RUB_UZS,5,0.0050000000,True,0.0070017600,0.0070701618,0.0070530600,0,0,70.7416683208,-46.8846154736
2021-03-10,RUB_UZS,5,0.0050000000,True,0.0069917400,0.0070503245,0.0069917400,0,0,123.3636621760,-40.7718174676
2021-03-11,RUB_UZS,5,0.0050000000,True,0.0069619100,0.0070436227,0.0069619100,0,0,129.2346867884,-13.3983222735
2021-03-12,RUB_UZS,5,0.0050000000,True,0.0069298800,0.0070278564,0.0069298800,0,0,96.4222169821,43.4077790693
2021-03-13,RUB_UZS,5,0.0050000000,True,0.0069298800,0.0070128555,0.0069298800,0,0,88.4758300509,30.1096389086
2021-03-16,RUB_UZS,5,0.0050000000,True,0.0069298800,0.0069961809,0.0069298800,1,1,46.0074893241,48.9851671022
2021-03-17,RUB_UZS,5,0.0050000000,True,0.0069298800,0.0069960373,0.0069383000,1,1,0.0000000000,94.5639226154
2021-03-18,RUB_UZS,5,0.0050000000,True,0.0069298800,0.0070055118,0.0069993100,1,1,0.0000000000,95.9413386576
2021-03-19,RUB_UZS,5,0.0050000000,True,0.0069298800,0.0070219864,0.0070514800,0,1,0.0000000000,32.2933746408
2021-03-20,RUB_UZS,5,0.0050000000,True,0.0069298800,0.0070459500,0.0070514800,0,1,0.0000000000,-7.8484803327
2021-03-23,RUB_UZS,5,0.0050000000,True,0.0069383000,0.0071195082,0.0071729600,0,1,0.0000000000,25.1958160031
2021-03-24,RUB_UZS,5,0.0050000000,True,0.0069993100,0.0071452673,0.0072216500,0,1,0.0000000000,-38.7567409528
2021-03-25,RUB_UZS,5,0.0050000000,True,0.0070514800,0.0071653673,0.0072204100,0,1,48.1438499092,-125.5661068696
2021-03-26,RUB_UZS,5,0.0050000000,True,0.0070514800,0.0071806009,0.0072190500,0,1,41.8243240447,-95.7706629010
2021-03-27,RUB_UZS,5,0.0050000000,True,0.0070514800,0.0071959900,0.0072190500,0,1,3.6002852534,-35.6587488309
2021-03-30,RUB_UZS,5,0.0050000000,True,0.0072190500,0.0072352455,0.0072190500,1,1,1.8835495491,20.5044246787
2021-03-31,RUB_UZS,5,0.0050000000,True,0.0072190500,0.0072360418,0.0072207600,1,1,0.0000000000,23.4822000878
2021-04-01,RUB_UZS,5,0.0050000000,True,0.0072190500,0.0072419973,0.0072296200,1,1,0.0000000000,29.3251597971
2021-04-02,RUB_UZS,5,0.0050000000,True,0.0072190500,0.0072485200,0.0072641000,1,1,0.0000000000,26.0742882685
2021-04-03,RUB_UZS,5,0.0050000000,True,0.0072190500,0.0072674200,0.0072641000,0,1,0.0000000000,4.5683337415
2021-04-06,RUB_UZS,5,0.0050000000,True,0.0072207600,0.0073067309,0.0072934000,0,1,29.3648016099,-11.1528548273
2021-04-07,RUB_UZS,5,0.0050000000,True,0.0072296200,0.0073201173,0.0073575100,0,1,0.0000000000,36.4984217218
2021-04-08,RUB_UZS,5,0.0050000000,True,0.0072641000,0.0073353791,0.0073575100,0,0,96.9641499149,-128.3790625186
2021-04-09,RUB_UZS,5,0.0050000000,True,0.0072641000,0.0073454382,0.0073680100,0,1,0.0000000000,-16.4344425520
2021-04-10,RUB_UZS,5,0.0050000000,True,0.0072131200,0.0073408036,0.0072131200,0,0,210.2195843925,-37.0618327149
2021-04-13,RUB_UZS,5,0.0050000000,True,0.0071904600,0.0073264536,0.0071904600,0,0,279.8783372761,-96.9723786741
2021-04-14,RUB_UZS,5,0.0050000000,True,0.0071904600,0.0073047182,0.0071904600,0,0,249.8932167192,-95.8720328953
2021-04-15,RUB_UZS,5,0.0050000000,True,0.0071904600,0.0072952545,0.0071904600,1,1,31.4149771527,112.5862640471
2021-04-16,RUB_UZS,5,0.0050000000,True,0.0071904600,0.0072819755,0.0071904600,0,0,195.1971811973,-70.9073324634
2021-04-17,RUB_UZS,5,0.0050000000,True,0.0071904600,0.0072748800,0.0071904600,1,1,0.0000000000,116.0431512272
2021-04-20,RUB_UZS,5,0.0050000000,True,0.0071274400,0.0072164255,0.0071274400,0,0,173.6700393332,-51.2505057906
2021-04-21,RUB_UZS,5,0.0050000000,True,0.0071274400,0.0072086364,0.0071274400,0,0,130.8512671111,-18.4551358850
2021-04-22,RUB_UZS,5,0.0050000000,True,0.0070940600,0.0071868591,0.0070940600,0,0,268.7257543251,-143.4575351857
2021-04-23,RUB_UZS,5,0.0050000000,True,0.0070940600,0.0071792018,0.0070940600,0,0,204.7945564856,-88.0016795992
2021-04-24,RUB_UZS,5,0.0050000000,True,0.0070940600,0.0071725282,0.0070940600,1,1,46.8330845296,62.8623278644
2021-04-27,RUB_UZS,5,0.0050000000,True,0.0070739000,0.0071408873,0.0070739000,1,1,28.4181413746,65.5762665602
2021-04-28,RUB_UZS,5,0.0050000000,True,0.0070739000,0.0071256118,0.0070739000,1,1,45.4952907519,27.2002161728
2021-04-29,RUB_UZS,5,0.0050000000,True,0.0070739000,0.0071146618,0.0070739000,0,0,60.6290527676,-3.3567046182
2021-04-30,RUB_UZS,5,0.0050000000,True,0.0070739000,0.0071168927,0.0071219300,1,1,0.0000000000,60.4094074763
2021-05-01,RUB_UZS,5,0.0050000000,True,0.0070739000,0.0071162373,0.0071202300,0,1,2.3869934133,-7.9996310614
2021-05-05,RUB_UZS,5,0.0050000000,True,0.0070650800,0.0071028018,0.0070650800,0,0,121.5048140515,-69.2377220667
2021-05-06,RUB_UZS,5,0.0050000000,True,0.0070650800,0.0071020000,0.0070650800,0,0,77.4553630992,-25.6688256829
2021-05-07,RUB_UZS,5,0.0050000000,True,0.0070426000,0.0070947882,0.0070426000,0,0,83.2893300947,-9.8125807331
2021-05-08,RUB_UZS,5,0.0050000000,True,0.0070229000,0.0070857855,0.0070229000,0,0,59.7020840528,29.2211141281
2021-05-12,RUB_UZS,5,0.0050000000,True,0.0070133600,0.0070468291,0.0070133600,1,1,41.5187572771,6.0014097895
2021-05-13,RUB_UZS,5,0.0050000000,True,0.0069997900,0.0070375600,0.0069997900,1,1,32.9066340116,20.8310835005
2021-05-14,RUB_UZS,5,0.0050000000,True,0.0069750600,0.0070293764,0.0069750600,0,0,102.7460918599,-25.7400307334
2021-05-15,RUB_UZS,5,0.0050000000,True,0.0069658500,0.0070203555,0.0069658500,0,0,67.7421378626,9.9645304155
2021-05-18,RUB_UZS,5,0.0050000000,True,0.0069430100,0.0069899836,0.0069430100,0,0,81.1167192159,-14.0291653694
2021-05-19,RUB_UZS,5,0.0050000000,True,0.0069430100,0.0069827209,0.0069430100,1,1,45.9494255247,10.9712377033
2021-05-20,RUB_UZS,5,0.0050000000,True,0.0069430100,0.0069739245,0.0069430100,1,1,32.7885326270,11.5781944613
2021-05-21,RUB_UZS,5,0.0050000000,True,0.0069384000,0.0069671100,0.0069384000,1,1,20.4957821838,20.7546601101
2021-05-22,RUB_UZS,5,0.0050000000,True,0.0069304700,0.0069595745,0.0069304700,1,1,18.0613307485,23.8010891993
2021-05-25,RUB_UZS,5,0.0050000000,True,0.0069235300,0.0069444873,0.0069235300,1,1,39.1039188802,-8.9606720098
2021-05-26,RUB_UZS,5,0.0050000000,True,0.0069235300,0.0069429882,0.0069235300,1,1,21.4314539375,6.6083676049
2021-05-27,RUB_UZS,5,0.0050000000,True,0.0069235300,0.0069406936,0.0069235300,1,1,10.0137508712,14.7299922735
2021-05-28,RUB_UZS,5,0.0050000000,True,0.0069235300,0.0069395400,0.0069274100,1,1,0.0000000000,23.0706934465
2021-05-29,RUB_UZS,5,0.0050000000,True,0.0069235300,0.0069410982,0.0069274100,1,1,31.5856424189,-11.9027536643
2021-06-01,RUB_UZS,5,0.0050000000,True,0.0069235300,0.0069425973,0.0069303200,1,1,0.0000000000,21.8754914489
2021-06-02,RUB_UZS,5,0.0050000000,True,0.0069235300,0.0069445855,0.0069439300,1,1,0.0000000000,20.5418374341
2021-06-03,RUB_UZS,5,0.0050000000,True,0.0069143400,0.0069437500,0.0069143400,0,0,65.8175470356,-23.6183618362
2021-06-04,RUB_UZS,5,0.0050000000,True,0.0069143400,0.0069405918,0.0069143400,1,1,42.6127567530,-4.8096501071
2021-06-05,RUB_UZS,5,0.0050000000,True,0.0068293300,0.0069296800,0.0068293300,0,0,176.9332339903,-32.6999226516
2021-06-08,RUB_UZS,5,0.0050000000,True,0.0067698900,0.0068898791,0.0067698900,0,0,208.9136490251,-35.5026681429
2021-06-09,RUB_UZS,5,0.0050000000,True,0.0067698900,0.0068725827,0.0067698900,0,0,209.3101283946,-61.1666303564
2021-06-10,RUB_UZS,5,0.0050000000,True,0.0067698900,0.0068567609,0.0067698900,0,0,87.0363564215,40.0056374352
2021-06-11,RUB_UZS,5,0.0050000000,True,0.0067698900,0.0068402609,0.0067698900,0,0,87.2831100373,15.7317231520
2021-06-12,RUB_UZS,5,0.0050000000,True,0.0067698900,0.0068250709,0.0067698900,1,1,0.0000000000,80.8503088479
2021-06-16,RUB_UZS,5,0.0050000000,True,0.0067698900,0.0067974191,0.0067852500,1,1,0.0000000000,39.1017392831
2021-06-17,RUB_UZS,5,0.0050000000,True,0.0067698900,0.0068062564,0.0068255700,1,1,0.0000000000,30.8633153294
2021-06-18,RUB_UZS,5,0.0050000000,True,0.0067698900,0.0068190882,0.0068255700,0,1,6.1202825872,-15.6352548868
2021-06-19,RUB_UZS,5,0.0050000000,True,0.0067698900,0.0068279582,0.0068255700,0,1,0.0000000000,3.4976515008
2021-06-22,RUB_UZS,5,0.0050000000,True,0.0067852500,0.0068454818,0.0068310100,0,0,138.1608296002,-118.6595538132
2021-06-23,RUB_UZS,5,0.0050000000,True,0.0068255700,0.0068496418,0.0068310100,0,0,115.8002268834,-89.6370692774
2021-06-24,RUB_UZS,5,0.0050000000,True,0.0068246700,0.0068491800,0.0068246700,0,0,62.3083352506,-26.6893263135
2021-06-25,RUB_UZS,5,0.0050000000,True,0.0068246700,0.0068501345,0.0068246700,1,1,24.3957341815,12.8093038119
2021-06-26,RUB_UZS,5,0.0050000000,True,0.0068246700,0.0068530164,0.0068246700,1,1,9.2812043900,32.1119379681
2021-06-29,RUB_UZS,5,0.0050000000,True,0.0068246700,0.0068645682,0.0068360700,1,1,0.0000000000,58.1219106015
2021-06-30,RUB_UZS,5,0.0050000000,True,0.0068246700,0.0068723618,0.0068572700,1,1,0.0000000000,52.8083636193
2021-07-01,RUB_UZS,5,0.0050000000,True,0.0068246700,0.0068787255,0.0068840100,1,1,0.0000000000,31.1910319539
2021-07-02,RUB_UZS,5,0.0050000000,True,0.0068246700,0.0068864573,0.0069113600,0,1,0.0000000000,3.5537470580
2021-07-03,RUB_UZS,5,0.0050000000,True,0.0068246700,0.0069004491,0.0069113600,0,0,60.1594376107,-76.4311255631
2021-07-06,RUB_UZS,5,0.0050000000,True,0.0068572700,0.0069545618,0.0069160600,0,1,0.0000000000,62.1201152729
2021-07-07,RUB_UZS,5,0.0050000000,True,0.0068840100,0.0069679836,0.0069849200,1,1,0.0000000000,74.5174487676
2021-07-08,RUB_UZS,5,0.0050000000,True,0.0069113600,0.0069809518,0.0070049100,0,1,0.0000000000,-5.6842991064
2021-07-09,RUB_UZS,5,0.0050000000,True,0.0069113600,0.0069827118,0.0069725500,0,0,147.8274508031,-135.2743522541
2021-07-10,RUB_UZS,5,0.0050000000,True,0.0069113600,0.0069833818,0.0069605600,0,0,63.3127334969,-30.8277312893
2021-07-13,RUB_UZS,5,0.0050000000,True,0.0069605600,0.0069932709,0.0069605600,0,0,94.0702979794,-47.7445981189
2021-07-14,RUB_UZS,5,0.0050000000,True,0.0069605600,0.0069913209,0.0069605600,1,1,17.1960043313,26.8488735319
2021-07-15,RUB_UZS,5,0.0050000000,True,0.0069605600,0.0069840018,0.0069624500,1,1,0.0000000000,33.5650230227
2021-07-16,RUB_UZS,5,0.0050000000,True,0.0069605600,0.0069861318,0.0069634700,1,1,0.0000000000,33.8983271403
2021-07-17,RUB_UZS,5,0.0050000000,True,0.0069605600,0.0069882945,0.0069634700,1,1,0.0000000000,35.5230382650
2021-07-20,RUB_UZS,5,0.0050000000,True,0.0069531900,0.0069763845,0.0069531900,0,0,62.1296447162,-29.0629830012
2021-07-21,RUB_UZS,5,0.0050000000,True,0.0069531900,0.0069763300,0.0069531900,0,0,106.9242523839,-74.5520925759
2021-07-22,RUB_UZS,5,0.0050000000,True,0.0069531900,0.0069768155,0.0069531900,0,0,107.4309616288,-74.3670888138
2021-07-23,RUB_UZS,5,0.0050000000,True,0.0069292200,0.0069737018,0.0069292200,1,1,34.4733855971,29.4130989776
2021-07-24,RUB_UZS,5,0.0050000000,True,0.0068986700,0.0069678109,0.0068986700,0,0,88.0608509244,11.2673968817
2021-07-27,RUB_UZS,5,0.0050000000,True,0.0068736100,0.0069362145,0.0068736100,0,0,135.1648083539,-45.5226036313
2021-07-28,RUB_UZS,5,0.0050000000,True,0.0068736100,0.0069230282,0.0068736100,0,0,80.2543432017,-8.9438003417
2021-07-29,RUB_UZS,5,0.0050000000,True,0.0068608000,0.0069146291,0.0068608000,0,0,54.8946391116,23.0801836212
2021-07-30,RUB_UZS,5,0.0050000000,True,0.0068399100,0.0069037155,0.0068399100,1,1,49.0280944075,43.6076120803
2021-07-31,RUB_UZS,5,0.0050000000,True,0.0068366000,0.0068925009,0.0068366000,0,0,68.3503664480,12.8413607886
2021-08-03,RUB_UZS,5,0.0050000000,True,0.0068366000,0.0068740927,0.0068366000,1,1,35.2728544776,19.3374279343
2021-08-04,RUB_UZS,5,0.0050000000,True,0.0068366000,0.0068730573,0.0068366000,1,1,4.8392449608,48.2278430282
2021-08-05,RUB_UZS,5,0.0050000000,True,0.0068366000,0.0068762527,0.0068799200,1,1,0.0000000000,57.6661865778
2021-08-06,RUB_UZS,5,0.0050000000,True,0.0068366000,0.0068799891,0.0068872800,0,1,0.0000000000,0.1004229922
2021-08-07,RUB_UZS,5,0.0050000000,True,0.0068366000,0.0068855518,0.0068872800,0,1,0.0000000000,-2.5098668397
2021-08-10,RUB_UZS,5,0.0050000000,True,0.0068366000,0.0068933691,0.0068845700,0,1,35.0135190685,-22.3271217426
2021-08-11,RUB_UZS,5,0.0050000000,True,0.0068799200,0.0068977300,0.0068845700,0,0,58.0237553702,-39.1723074113
2021-08-12,RUB_UZS,5,0.0050000000,True,0.0068699800,0.0068968264,0.0068699800,0,0,107.7922601529,-69.6170003885
2021-08-13,RUB_UZS,5,0.0050000000,True,0.0068699800,0.0068973118,0.0068699800,1,1,45.2529339058,-5.6517407375
2021-08-14,RUB_UZS,5,0.0050000000,True,0.0068699800,0.0068981473,0.0068699800,1,1,21.1923184745,19.6824918206
2021-08-17,RUB_UZS,5,0.0050000000,True,0.0068699800,0.0069194491,0.0068926200,1,1,0.0000000000,71.4928172159
2021-08-18,RUB_UZS,5,0.0050000000,True,0.0068699800,0.0069239509,0.0068964700,1,1,0.0000000000,45.2500451004
2021-08-19,RUB_UZS,5,0.0050000000,True,0.0068699800,0.0069293636,0.0069607500,1,1,0.0000000000,47.4699237763
2021-08-20,RUB_UZS,5,0.0050000000,True,0.0068699800,0.0069352309,0.0069491100,0,1,24.8048128227,-44.9287000210
2021-08-21,RUB_UZS,5,0.0050000000,True,0.0068699800,0.0069397609,0.0069344000,0,0,85.7262136922,-78.6757521251
2021-08-24,RUB_UZS,5,0.0050000000,True,0.0068964700,0.0069583055,0.0069344000,0,1,37.8551161872,-3.5131332916
2021-08-25,RUB_UZS,5,0.0050000000,True,0.0069344000,0.0069634573,0.0069344000,1,1,21.1681783710,20.6036630446
2021-08-26,RUB_UZS,5,0.0050000000,True,0.0069144100,0.0069587318,0.0069144100,1,1,28.8272958006,34.9658800160
2021-08-27,RUB_UZS,5,0.0050000000,True,0.0068785200,0.0069482009,0.0068785200,0,0,95.5524069530,4.7795236988
2021-08-28,RUB_UZS,5,0.0050000000,True,0.0068595300,0.0069359436,0.0068595300,0,0,134.6298219222,-24.7931132920
2021-08-31,RUB_UZS,5,0.0050000000,True,0.0068274700,0.0068976827,0.0068274700,0,0,125.7374092656,-24.2505684715
2021-09-01,RUB_UZS,5,0.0050000000,True,0.0068274700,0.0068880045,0.0068274700,0,0,74.2165465827,13.7696562073
2021-09-02,RUB_UZS,5,0.0050000000,True,0.0068274700,0.0068781645,0.0068274700,1,1,46.7378960366,27.0923228594
2021-09-03,RUB_UZS,5,0.0050000000,True,0.0068274700,0.0068687727,0.0068279400,1,1,0.0000000000,60.1311601252
2021-09-04,RUB_UZS,5,0.0050000000,True,0.0068274700,0.0068609245,0.0068279400,1,1,0.0000000000,48.0759484178
2021-09-07,RUB_UZS,5,0.0050000000,True,0.0068203400,0.0068372936,0.0068203400,1,1,23.8421212759,0.9559869715
2021-09-08,RUB_UZS,5,0.0050000000,True,0.0068203400,0.0068337309,0.0068203400,1,1,43.0521633384,-23.5582745696
2021-09-09,RUB_UZS,5,0.0050000000,True,0.0068203400,0.0068358445,0.0068203400,0,0,67.6733446826,-45.2986523312
2021-09-10,RUB_UZS,5,0.0050000000,True,0.0068203400,0.0068357418,0.0068203400,1,1,36.6812992572,-14.2020896582
2021-09-11,RUB_UZS,5,0.0050000000,True,0.0068171200,0.0068347582,0.0068171200,1,1,4.7211722583,21.0953795798
2021-09-14,RUB_UZS,5,0.0050000000,True,0.0067656400,0.0068200245,0.0067656400,0,0,124.1913258752,-45.0078358822
2021-09-15,RUB_UZS,5,0.0050000000,True,0.0067656400,0.0068133464,0.0067656400,0,0,89.6026108827,-19.7606809416
2021-09-16,RUB_UZS,5,0.0050000000,True,0.0067656400,0.0068155827,0.0067656400,0,0,75.5157603211,-2.2555264734
2021-09-17,RUB_UZS,5,0.0050000000,True,0.0067656400,0.0068183027,0.0067933500,1,1,0.0000000000,77.2372969919
2021-09-18,RUB_UZS,5,0.0050000000,True,0.0067656400,0.0068181673,0.0067933500,1,1,0.0000000000,36.3987443173
2021-09-21,RUB_UZS,5,0.0050000000,True,0.0067656400,0.0068178845,0.0068100200,0,0,87.3792767156,-76.5126692857
2021-09-22,RUB_UZS,5,0.0050000000,True,0.0067656400,0.0068201800,0.0068100200,0,0,58.7422959129,-44.1044078016
2021-09-23,RUB_UZS,5,0.0050000000,True,0.0067933500,0.0068253600,0.0068100200,1,1,12.9493976257,9.5379584374
2021-09-24,RUB_UZS,5,0.0050000000,True,0.0067933500,0.0068258055,0.0067982500,1,1,17.2833559960,23.1261418899
2021-09-25,RUB_UZS,5,0.0050000000,True,0.0067933500,0.0068278291,0.0067982500,0,0,64.4805820206,-21.2965334915
2021-09-28,RUB_UZS,5,0.0050000000,True,0.0067961900,0.0068208209,0.0067961900,1,1,38.7387836344,-2.6376457219
2021-09-29,RUB_UZS,5,0.0050000000,True,0.0067961900,0.0068209427,0.0067961900,1,1,3.0301915934,33.2691948607
2021-09-30,RUB_UZS,5,0.0050000000,True,0.0067961900,0.0068218882,0.0067961900,1,1,28.4934143826,9.2029972507
2021-10-01,RUB_UZS,5,0.0050000000,True,0.0067961900,0.0068177000,0.0067963000,1,1,0.0000000000,31.5502295496
2021-10-02,RUB_UZS,5,0.0050000000,True,0.0067896500,0.0068129073,0.0067896500,1,1,44.7788111475,-10.6896028101
2021-10-05,RUB_UZS,5,0.0050000000,True,0.0067418000,0.0067942109,0.0067418000,0,0,115.2714935444,-38.5756215987
2021-10-06,RUB_UZS,5,0.0050000000,True,0.0067418000,0.0067875009,0.0067418000,0,0,80.1906919942,-12.9636681113
2021-10-07,RUB_UZS,5,0.0050000000,True,0.0067073800,0.0067794273,0.0067073800,0,0,121.1697215615,-15.0790426115
2021-10-08,RUB_UZS,5,0.0050000000,True,0.0067073800,0.0067720627,0.0067073800,0,0,98.3173850528,-2.8311502780
2021-10-09,RUB_UZS,5,0.0050000000,True,0.0067073800,0.0067634745,0.0067073800,0,0,51.0546144946,32.0464656278
2021-10-12,RUB_UZS,5,0.0050000000,True,0.0066510700,0.0067247518,0.0066510700,0,0,83.9523032838,25.8326532361
2021-10-13,RUB_UZS,5,0.0050000000,True,0.0066510700,0.0067121536,0.0066510700,0,0,130.7429093747,-40.2648167794
2021-10-14,RUB_UZS,5,0.0050000000,True,0.0066484300,0.0067007400,0.0066484300,0,0,114.9170646414,-37.2794646561
2021-10-15,RUB_UZS,5,0.0050000000,True,0.0066320700,0.0066907645,0.0066320700,0,0,114.4016384401,-26.9856373256
2021-10-16,RUB_UZS,5,0.0050000000,True,0.0066320700,0.0066814436,0.0066320700,1,1,28.5668321037,45.4596910738
2021-10-19,RUB_UZS,5,0.0050000000,True,0.0066276000,0.0066553191,0.0066276000,1,1,31.3307051439,10.3512556122
2021-10-20,RUB_UZS,5,0.0050000000,True,0.0066276000,0.0066463991,0.0066276000,1,1,6.7399771112,21.5591792083
2021-10-21,RUB_UZS,5,0.0050000000,True,0.0065527800,0.0066322136,0.0065527800,0,0,130.2703459868,-10.6395300623
2021-10-22,RUB_UZS,5,0.0050000000,True,0.0065032800,0.0066187782,0.0065032800,0,0,214.4365079246,-40.8108829754
2021-10-23,RUB_UZS,5,0.0050000000,True,0.0065032800,0.0066081627,0.0065032800,0,0,187.5792141952,-29.4140346258
2021-10-26,RUB_UZS,5,0.0050000000,True,0.0065032800,0.0065969127,0.0065032800,0,0,75.5404576378,66.8990618752
2021-10-27,RUB_UZS,5,0.0050000000,True,0.0065032800,0.0065934464,0.0065343000,1,1,0.0000000000,136.7514933217
2021-10-28,RUB_UZS,5,0.0050000000,True,0.0065032800,0.0065947045,0.0066011400,1,1,0.0000000000,91.5955294710
2021-10-29,RUB_UZS,5,0.0050000000,True,0.0065032800,0.0066000509,0.0066011400,0,1,6.6610754003,-8.3167402565
2021-10-30,RUB_UZS,5,0.0050000000,True,0.0065032800,0.0066042327,0.0066011400,0,1,0.0000000000,4.6829471347
2021-11-02,RUB_UZS,5,0.0050000000,True,0.0065343000,0.0066348818,0.0066736000,0,1,0.0000000000,-37.3001094765
2021-11-03,RUB_UZS,5,0.0050000000,True,0.0066011400,0.0066475455,0.0066736000,0,1,19.1582628047,-58.4645050121
2021-11-04,RUB_UZS,5,0.0050000000,True,0.0066011400,0.0066533491,0.0066693800,0,1,6.3234236394,-30.4371660260
2021-11-09,RUB_UZS,5,0.0050000000,True,0.0066193300,0.0066682218,0.0066193300,0,0,75.0444569060,-1.7368675634
2021-11-10,RUB_UZS,5,0.0050000000,True,0.0066193300,0.0066698355,0.0066193300,0,0,70.9950709951,4.7609188669
2021-11-11,RUB_UZS,5,0.0050000000,True,0.0066193300,0.0066750645,0.0066443700,1,1,0.0000000000,83.4966389838
2021-11-12,RUB_UZS,5,0.0050000000,True,0.0066193300,0.0066835955,0.0066913500,1,1,0.0000000000,58.6891513890
2021-11-13,RUB_UZS,5,0.0050000000,True,0.0066193300,0.0066932700,0.0066913500,0,1,0.0000000000,2.8685530391
2021-11-16,RUB_UZS,5,0.0050000000,True,0.0066193300,0.0067164564,0.0067503900,0,1,0.0000000000,-21.8324002565
2021-11-17,RUB_UZS,5,0.0050000000,True,0.0066443700,0.0067289855,0.0067503900,0,1,25.1941650018,-57.1476126889
2021-11-18,RUB_UZS,5,0.0050000000,True,0.0066913500,0.0067466000,0.0067503900,0,1,43.7019359825,-49.5360626093
2021-11-19,RUB_UZS,5,0.0050000000,True,0.0066913500,0.0067707755,0.0067571500,0,1,0.0000000000,30.1080056226
2021-11-20,RUB_UZS,5,0.0050000000,True,0.0066913500,0.0067905309,0.0067571500,0,1,0.0000000000,49.1580254001
2021-11-23,RUB_UZS,5,0.0050000000,True,0.0067503900,0.0068637573,0.0069086600,0,1,0.0000000000,37.3370906181
2021-11-24,RUB_UZS,5,0.0050000000,True,0.0067503900,0.0068861582,0.0069086600,0,0,69.8836326840,-103.2822893462
2021-11-25,RUB_UZS,5,0.0050000000,True,0.0067571500,0.0069049909,0.0069425400,0,1,0.0000000000,-5.3136795651
2021-11-26,RUB_UZS,5,0.0050000000,True,0.0067571500,0.0069218718,0.0069428400,0,1,0.0000000000,-29.8592380227
2021-11-27,RUB_UZS,5,0.0050000000,True,0.0067571500,0.0069316509,0.0068647200,0,0,230.1453227315,-136.7337913466
2021-11-30,RUB_UZS,5,0.0050000000,True,0.0068532300,0.0069346500,0.0068532300,0,0,149.9378373134,-33.0225750398
2021-12-01,RUB_UZS,5,0.0050000000,True,0.0068532300,0.0069296109,0.0068532300,0,0,129.0682199215,-19.0906691337
2021-12-02,RUB_UZS,5,0.0050000000,True,0.0068368500,0.0069200027,0.0068368500,1,1,40.5988882285,79.8883027240
2021-12-03,RUB_UZS,5,0.0050000000,True,0.0068368500,0.0069070609,0.0068368500,0,0,61.4034705172,40.4961089225
2021-12-04,RUB_UZS,5,0.0050000000,True,0.0068368500,0.0068909118,0.0068368500,1,1,23.9011385872,54.6833556662
2021-12-07,RUB_UZS,5,0.0050000000,True,0.0068180600,0.0068486682,0.0068180600,1,1,27.4834170707,17.2561752219
2021-12-08,RUB_UZS,5,0.0050000000,True,0.0068180600,0.0068444264,0.0068180600,0,0,95.8880429746,-57.9210502932
2021-12-09,RUB_UZS,5,0.0050000000,True,0.0067925800,0.0068365618,0.0067925800,0,0,82.0728917079,-17.8864495684
2021-12-10,RUB_UZS,5,0.0050000000,True,0.0067862400,0.0068304718,0.0067862400,0,0,58.2770047553,6.5175851688
2021-12-11,RUB_UZS,5,0.0050000000,True,0.0067862400,0.0068265127,0.0067862400,1,1,46.6701671737,12.3822039311
2021-12-14,RUB_UZS,5,0.0050000000,True,0.0067862400,0.0068103855,0.0067862400,1,1,9.3337141410,26.1445621019
2021-12-15,RUB_UZS,5,0.0050000000,True,0.0067862400,0.0068061136,0.0067931500,1,1,0.0000000000,29.1996834397
2021-12-16,RUB_UZS,5,0.0050000000,True,0.0067862400,0.0068097109,0.0067931500,1,1,24.2742683944,0.0453897255
2021-12-17,RUB_UZS,5,0.0050000000,True,0.0067862400,0.0068106982,0.0068018000,1,1,0.0000000000,25.7656136709
2021-12-18,RUB_UZS,5,0.0050000000,True,0.0067862400,0.0068098455,0.0068018000,1,1,0.0000000000,11.8144451282
2021-12-21,RUB_UZS,5,0.0050000000,True,0.0067620200,0.0068016182,0.0067620200,0,0,150.8537503696,-94.0538214168
2021-12-22,RUB_UZS,5,0.0050000000,True,0.0067620200,0.0067982091,0.0067620200,0,0,97.9657105370,-45.1749992979
2021-12-23,RUB_UZS,5,0.0050000000,True,0.0067620200,0.0067971900,0.0067620200,0,0,68.5301703120,-16.9040441712
2021-12-24,RUB_UZS,5,0.0050000000,True,0.0067620200,0.0067969164,0.0067721800,1,1,0.0000000000,51.3414639366
2021-12-25,RUB_UZS,5,0.0050000000,True,0.0067620200,0.0067979464,0.0067721800,1,1,0.0000000000,37.9031581864
2021-12-28,RUB_UZS,5,0.0050000000,True,0.0067620200,0.0068042018,0.0067987900,1,1,0.0000000000,32.7177511436
2021-12-29,RUB_UZS,5,0.0050000000,True,0.0067620200,0.0068084164,0.0068131300,0,1,0.0000000000,14.1389173667
2021-12-30,RUB_UZS,5,0.0050000000,True,0.0067721800,0.0068168727,0.0068550400,0,1,0.0000000000,5.4903874877
2021-12-31,RUB_UZS,5,0.0050000000,True,0.0067721800,0.0068244055,0.0068550400,0,1,0.0000000000,-44.8896913564
2022-01-11,RUB_UZS,5,0.0050000000,True,0.0068550400,0.0069025018,0.0068892000,0,0,80.3598554934,-61.5837314323
2022-01-12,RUB_UZS,5,0.0050000000,True,0.0068550400,0.0069160200,0.0068892000,0,1,41.1266831944,-2.3568468570
2022-01-13,RUB_UZS,5,0.0050000000,True,0.0068550400,0.0069305455,0.0068929800,1,1,0.0000000000,59.6568550291
2022-01-14,RUB_UZS,5,0.0050000000,True,0.0068550400,0.0069475391,0.0070037400,0,1,0.0000000000,78.5300956140
2022-01-15,RUB_UZS,5,0.0050000000,True,0.0068550400,0.0069703255,0.0070037400,0,1,0.0000000000,-47.9382859128
2022-01-18,RUB_UZS,5,0.0050000000,True,0.0068892000,0.0070162164,0.0070419700,0,1,0.0000000000,1.9901946633
2022-01-19,RUB_UZS,5,0.0050000000,True,0.0068929800,0.0070333773,0.0070665600,0,1,0.0000000000,-12.2170714573
2022-01-20,RUB_UZS,5,0.0050000000,True,0.0070037400,0.0070568755,0.0070665600,0,0,55.0685436601,-69.1730295780
2022-01-21,RUB_UZS,5,0.0050000000,True,0.0070037400,0.0070806145,0.0070779700,0,1,0.0000000000,19.8493299760
2022-01-22,RUB_UZS,5,0.0050000000,True,0.0070037400,0.0071073145,0.0070779700,0,1,0.0000000000,41.2878102789
2022-01-25,RUB_UZS,5,0.0050000000,True,0.0070665600,0.0071648845,0.0071932900,0,1,0.0000000000,18.7365830801
2022-01-26,RUB_UZS,5,0.0050000000,True,0.0070665600,0.0071728482,0.0071932900,0,0,98.5289482124,-128.2918805044
2022-01-27,RUB_UZS,5,0.0050000000,True,0.0070779700,0.0071816255,0.0071631100,0,0,184.0782520994,-161.2650871137
2022-01-28,RUB_UZS,5,0.0050000000,True,0.0070779700,0.0071871255,0.0071384700,0,0,230.9359783885,-167.0967707661
2022-01-29,RUB_UZS,5,0.0050000000,True,0.0070734200,0.0071867118,0.0070734200,0,0,166.6414116489,-9.1532567113
2022-02-01,RUB_UZS,5,0.0050000000,True,0.0070188700,0.0071525509,0.0070188700,0,0,201.3650495385,-14.7626924202
2022-02-02,RUB_UZS,5,0.0050000000,True,0.0070188700,0.0071272264,0.0070188700,0,0,167.5429048522,-15.7756128261
2022-02-03,RUB_UZS,5,0.0050000000,True,0.0069732300,0.0070968636,0.0069732300,0,0,141.6429393419,33.0337985410
2022-02-04,RUB_UZS,5,0.0050000000,True,0.0069385500,0.0070737055,0.0069385500,0,0,200.8815400541,-10.0153243587
2022-02-05,RUB_UZS,5,0.0050000000,True,0.0069004400,0.0070470827,0.0069004400,0,0,168.7308640850,40.0346190964
2022-02-08,RUB_UZS,5,0.0050000000,True,0.0068965500,0.0069764045,0.0068965500,0,0,109.9633885588,4.5504033401
2022-02-09,RUB_UZS,5,0.0050000000,True,0.0068965500,0.0069615873,0.0068965500,0,0,60.5313790345,33.0919829412
2022-02-10,RUB_UZS,5,0.0050000000,True,0.0068965500,0.0069588609,0.0068965500,1,1,5.6373216780,83.9518275392
2022-02-11,RUB_UZS,5,0.0050000000,True,0.0068965500,0.0069593073,0.0069104300,1,1,0.0000000000,90.1774706417
2022-02-12,RUB_UZS,5,0.0050000000,True,0.0068965500,0.0069504945,0.0069104300,1,1,0.0000000000,57.6427262730
2022-02-15,RUB_UZS,5,0.0050000000,True,0.0068965500,0.0069515318,0.0069219300,0,0,182.7735859761,-142.8004422832
2022-02-16,RUB_UZS,5,0.0050000000,True,0.0068965500,0.0069586318,0.0069219300,0,0,145.0073891836,-93.6221135424
2022-02-17,RUB_UZS,5,0.0050000000,True,0.0069104300,0.0069754036,0.0069785400,1,1,0.0000000000,76.6602753780
2022-02-18,RUB_UZS,5,0.0050000000,True,0.0069104300,0.0070215400,0.0069785400,0,1,9.2197830201,52.0683496783
2022-02-19,RUB_UZS,5,0.0050000000,True,0.0069104300,0.0070676764,0.0069785400,0,1,0.0000000000,126.1183436398
2022-02-22,RUB_UZS,5,0.0050000000,True,0.0069219300,0.0072902673,0.0074179300,0,1,0.0000000000,286.9953389912
2022-02-23,RUB_UZS,5,0.0050000000,True,0.0069785400,0.0073616582,0.0074179300,0,1,0.0000000000,-76.4390532568
2022-02-25,RUB_UZS,5,0.0050000000,True,0.0069785400,0.0076439809,0.0077072300,0,0,388.8490531921,-490.6724589841
2022-02-26,RUB_UZS,5,0.0050000000,True,0.0069785400,0.0078728773,0.0077072300,0,1,0.0000000000,210.4024576899
2022-03-01,RUB_UZS,5,0.0050000000,True,0.0074179300,0.0086176418,0.0084384000,0,0,222.7752885929,-15.1180358769
2022-03-02,RUB_UZS,5,0.0050000000,True,0.0077072300,0.0088249464,0.0094964000,0,1,0.0000000000,438.0155388016
2022-03-03,RUB_UZS,5,0.0050000000,True,0.0077072300,0.0089776036,0.0096982800,0,1,0.0000000000,-577.8784457970
2022-03-04,RUB_UZS,5,0.0050000000,True,0.0077072300,0.0091586082,0.0096982800,0,0,551.4453007024,-1207.2705767421
2022-03-05,RUB_UZS,5,0.0050000000,True,0.0077072300,0.0094263691,0.0096982800,0,1,9.3331437860,-298.0690723875
2022-03-06,RUB_UZS,5,0.0050000000,True,0.0084384000,0.0097310664,0.0096982800,0,1,0.0000000000,33.6924674143
2022-03-10,RUB_UZS,5,0.0050000000,True,0.0096982800,0.0102611691,0.0105423000,0,0,103.5427970636,-381.4681403484
2022-03-11,RUB_UZS,5,0.0050000000,True,0.0096982800,0.0103027655,0.0101649000,0,0,808.3986653284,-733.9141600287
2022-03-12,RUB_UZS,5,0.0050000000,True,0.0096982800,0.0103167545,0.0098521600,0,0,797.7060021296,-377.4883397968
2022-03-15,RUB_UZS,5,0.0050000000,True,0.0091787300,0.0101818564,0.0091787300,0,0,1293.4274304469,-354.0058153353
2022-03-16,RUB_UZS,5,0.0050000000,True,0.0091787300,0.0100478682,0.0091787300,0,0,970.1718659308,-116.4742769950
2022-03-17,RUB_UZS,5,0.0050000000,True,0.0091105000,0.0098707409,0.0091105000,0,0,752.7892360660,18.8242293684
2022-03-18,RUB_UZS,5,0.0050000000,True,0.0090209600,0.0097175373,0.0090209600,0,0,251.2995082942,477.5255907992
2022-03-19,RUB_UZS,5,0.0050000000,True,0.0089424300,0.0095571945,0.0089424300,0,0,257.4430231633,395.9996248424
2022-03-22,RUB_UZS,5,0.0050000000,True,0.0083280900,0.0089737291,0.0083280900,0,0,858.8002853850,-152.4125675127
2022-03-23,RUB_UZS,5,0.0050000000,True,0.0083280900,0.0088351773,0.0083280900,0,0,768.0668132882,-210.2761739102
2022-03-24,RUB_UZS,5,0.0050000000,True,0.0081619000,0.0087359409,0.0081619000,0,0,872.8388145057,-236.3673164206
2022-03-25,RUB_UZS,5,0.0050000000,True,0.0075237900,0.0085854918,0.0075237900,0,0,977.6954347591,286.9862593777
2022-03-26,RUB_UZS,5,0.0050000000,True,0.0075237900,0.0084371264,0.0075237900,0,0,965.7676610123,129.2340056756
2022-03-29,RUB_UZS,5,0.0050000000,True,0.0073186700,0.0079659800,0.0073186700,0,0,1033.1295409157,-245.9458848754
2022-03-30,RUB_UZS,5,0.0050000000,True,0.0073186700,0.0078183655,0.0073186700,0,0,272.6285555551,376.7737083385
2022-03-31,RUB_UZS,5,0.0050000000,True,0.0073186700,0.0077266082,0.0073186700,0,0,302.1714097931,232.8294350961
2022-04-01,RUB_UZS,5,0.0050000000,True,0.0073061300,0.0076337027,0.0073061300,0,0,245.7998675610,187.9333429637
2022-04-02,RUB_UZS,5,0.0050000000,True,0.0072547800,0.0075361291,0.0072547800,0,0,87.2972821565,288.5554218696
2022-04-05,RUB_UZS,5,0.0050000000,True,0.0065874600,0.0071604445,0.0065874600,0,0,1012.7330052648,-236.4733830010
2022-04-06,RUB_UZS,5,0.0050000000,True,0.0065874600,0.0070732400,0.0065874600,0,0,983.6534526487,-329.2550514333
2022-04-07,RUB_UZS,5,0.0050000000,True,0.0065874600,0.0070266436,0.0065874600,0,0,919.8349226303,-324.6733083997
2022-04-08,RUB_UZS,5,0.0050000000,True,0.0065874600,0.0070002555,0.0065874600,0,0,177.2504484569,419.8781836663
2022-04-09,RUB_UZS,5,0.0050000000,True,0.0065874600,0.0069764445,0.0065874600,1,1,0.0000000000,557.5684618722
2022-04-12,RUB_UZS,5,0.0050000000,True,0.0065874600,0.0069181018,0.0070284000,0,1,0.0000000000,-86.1192613003
2022-04-13,RUB_UZS,5,0.0050000000,True,0.0065874600,0.0069013945,0.0070567500,0,1,0.0000000000,-184.0286824771
2022-04-14,RUB_UZS,5,0.0050000000,True,0.0065874600,0.0069309636,0.0070315900,0,1,35.6538066390,-181.4846682739
2022-04-15,RUB_UZS,5,0.0050000000,True,0.0065874600,0.0069691327,0.0070073200,0,0,227.9801416857,-289.3721222127
2022-04-16,RUB_UZS,5,0.0050000000,True,0.0065874600,0.0069926300,0.0068459300,0,0,318.3000989959,-112.0751419709
2022-04-19,RUB_UZS,5,0.0050000000,True,0.0065036700,0.0069073200,0.0065036700,0,0,750.7832510144,-179.9105876085
2022-04-20,RUB_UZS,5,0.0050000000,True,0.0065036700,0.0068570400,0.0065036700,0,0,718.7483945360,-219.1616207576
2022-04-21,RUB_UZS,5,0.0050000000,True,0.0065036700,0.0067974245,0.0065036700,0,0,499.9466836500,-71.3585773863
2022-04-22,RUB_UZS,5,0.0050000000,True,0.0064647900,0.0067423145,0.0064647900,0,0,275.2794537734,140.1959888066
2022-04-23,RUB_UZS,5,0.0050000000,True,0.0064647900,0.0066898727,0.0064647900,0,0,59.7816309868,278.3352312722
2022-04-26,RUB_UZS,5,0.0050000000,True,0.0063528600,0.0065126645,0.0063528600,0,0,248.9167356098,-3.6320841169
2022-04-27,RUB_UZS,5,0.0050000000,True,0.0063528600,0.0064678400,0.0063528600,0,0,173.1378745481,4.7156392242
2022-04-28,RUB_UZS,5,0.0050000000,True,0.0063528600,0.0064410282,0.0063528600,0,0,217.5499758244,-82.4586023886
2022-04-29,RUB_UZS,5,0.0050000000,True,0.0063528600,0.0064273182,0.0063528600,0,0,158.0814574974,-42.9134164539
2022-04-30,RUB_UZS,5,0.0050000000,True,0.0062090600,0.0064005355,0.0062090600,0,0,226.3547441625,74.4866658173
2022-05-05,RUB_UZS,5,0.0050000000,True,0.0059342400,0.0061926545,0.0059342400,0,0,442.6112809346,-26.4917967328
2022-05-06,RUB_UZS,5,0.0050000000,True,0.0059342400,0.0061653855,0.0060529000,1,1,0.0000000000,374.9083593387
2022-05-07,RUB_UZS,5,0.0050000000,True,0.0059342400,0.0061485109,0.0060529000,0,1,0.0000000000,155.5025444446
2022-05-12,RUB_UZS,5,0.0050000000,True,0.0056900200,0.0059218282,0.0056900200,0,0,773.7983279392,-414.4190115737
2022-05-13,RUB_UZS,5,0.0050000000,True,0.0056900200,0.0058889573,0.0056900200,0,0,326.9118307063,11.2707096009
2022-05-14,RUB_UZS,5,0.0050000000,True,0.0056900200,0.0058571736,0.0056900200,1,1,38.4978317615,247.8390523757
2022-05-17,RUB_UZS,5,0.0050000000,True,0.0053107100,0.0056816445,0.0053107100,0,0,666.6233159110,-14.7412504926
2022-05-18,RUB_UZS,5,0.0050000000,True,0.0053107100,0.0056037782,0.0053107100,0,0,668.7552272584,-156.2192780325
2022-05-19,RUB_UZS,5,0.0050000000,True,0.0052463500,0.0055459627,0.0052463500,0,0,801.1705544879,-283.6608907479
2022-05-20,RUB_UZS,5,0.0050000000,True,0.0051393300,0.0054939009,0.0051393300,0,0,833.1995590801,-204.8800893420
2022-05-21,RUB_UZS,5,0.0050000000,True,0.0050835200,0.0054367655,0.0050835200,0,0,427.7959067620,231.8574446504
2022-05-24,RUB_UZS,5,0.0050000000,True,0.0050835200,0.0054857827,0.0050835200,0,0,310.3681607213,436.4604636680
2022-05-25,RUB_UZS,5,0.0050000000,True,0.0050835200,0.0055138391,0.0050835200,0,0,108.5939217758,679.2165762083
2022-05-26,RUB_UZS,5,0.0050000000,True,0.0050835200,0.0055240136,0.0056087400,1,1,0.0000000000,797.4159105328
2022-05-27,RUB_UZS,5,0.0050000000,True,0.0050835200,0.0055498664,0.0055950900,0,1,24.3370168701,-106.0811783674
2022-05-28,RUB_UZS,5,0.0050000000,True,0.0050835200,0.0055757755,0.0055950900,0,0,693.3082719273,-782.1773832356
2022-05-31,RUB_UZS,5,0.0050000000,True,0.0050835200,0.0056833664,0.0055950900,0,0,215.6030204359,-61.6072132665
2022-06-01,RUB_UZS,5,0.0050000000,True,0.0055950900,0.0057335909,0.0055957100,1,1,0.0000000000,241.5605007175
2022-06-02,RUB_UZS,5,0.0050000000,True,0.0055493200,0.0057281891,0.0055493200,0,0,82.9027951770,231.2756943016
2022-06-03,RUB_UZS,5,0.0050000000,True,0.0055255800,0.0056839782,0.0055255800,0,0,146.8104873295,133.8291235204
2022-06-04,RUB_UZS,5,0.0050000000,True,0.0054520300,0.0056330809,0.0054520300,0,0,326.4022824739,-5.1642981098
2022-06-07,RUB_UZS,5,0.0050000000,True,0.0052424500,0.0054920309,0.0052424500,0,0,552.9866722409,-104.3131254310
2022-06-08,RUB_UZS,5,0.0050000000,True,0.0052424500,0.0054599164,0.0052424500,0,0,512.3986984172,-120.2649124828
2022-06-09,RUB_UZS,5,0.0050000000,True,0.0052424500,0.0054266927,0.0052424500,0,0,384.4072758220,-46.6900817876
2022-06-10,RUB_UZS,5,0.0050000000,True,0.0051939200,0.0053865045,0.0051939200,0,0,179.6207921466,181.1648809187
2022-06-11,RUB_UZS,5,0.0050000000,True,0.0051628500,0.0053434918,0.0051628500,0,0,151.8374042671,189.0932401880
2022-06-15,RUB_UZS,5,0.0050000000,True,0.0051628500,0.0052103318,0.0051628500,0,0,59.8199433183,31.4986046082
2022-06-16,RUB_UZS,5,0.0050000000,True,0.0051299100,0.0051958764,0.0051299100,0,0,63.8019698422,63.5626433829
2022-06-17,RUB_UZS,5,0.0050000000,True,0.0050061800,0.0051743973,0.0050061800,0,0,351.8201949225,-27.6993174611
2022-06-18,RUB_UZS,5,0.0050000000,True,0.0048897600,0.0051423345,0.0048897600,0,0,541.7026931357,-53.4299242933
2022-06-21,RUB_UZS,5,0.0050000000,True,0.0048897600,0.0050593773,0.0048897600,0,0,468.1368678983,-139.4098986311
2022-06-22,RUB_UZS,5,0.0050000000,True,0.0048897600,0.0050376273,0.0048897600,0,0,232.5525650296,62.4247706803
2022-06-23,RUB_UZS,5,0.0050000000,True,0.0048897600,0.0050134636,0.0049190900,1,1,0.0000000000,246.7428614948
2022-06-24,RUB_UZS,5,0.0050000000,True,0.0048897600,0.0049883864,0.0048939600,0,0,51.0866847323,138.9153898373
2022-06-25,RUB_UZS,5,0.0050000000,True,0.0047366100,0.0049490045,0.0047366100,0,0,379.7830855472,51.3326371419
2022-06-28,RUB_UZS,5,0.0050000000,True,0.0047366100,0.0048968155,0.0047366100,0,0,378.4737950773,-53.3296500490
2022-06-29,RUB_UZS,5,0.0050000000,True,0.0047366100,0.0049021345,0.0047366100,0,0,321.5187700758,16.6754816269
2022-06-30,RUB_UZS,5,0.0050000000,True,0.0047366100,0.0049164891,0.0048352800,1,1,0.0000000000,365.8689922483
2022-07-01,RUB_UZS,5,0.0050000000,True,0.0047366100,0.0049597455,0.0049482700,0,1,0.0000000000,250.9512951544
2022-07-02,RUB_UZS,5,0.0050000000,True,0.0047366100,0.0050387673,0.0049482700,0,1,0.0000000000,179.6020094381
2022-07-05,RUB_UZS,5,0.0050000000,True,0.0047366100,0.0052467445,0.0053994200,0,1,0.0000000000,323.5426157761
2022-07-06,RUB_UZS,5,0.0050000000,True,0.0048352800,0.0053265473,0.0056144400,0,1,0.0000000000,-136.8104393738
2022-07-07,RUB_UZS,5,0.0050000000,True,0.0049482700,0.0053976973,0.0056144400,0,0,307.9663860904,-732.0579634379
2022-07-08,RUB_UZS,5,0.0050000000,True,0.0049482700,0.0054381609,0.0053933700,0,0,700.0600066214,-664.1934597876
2022-07-09,RUB_UZS,5,0.0050000000,True,0.0049482700,0.0054755864,0.0053599500,0,0,453.2776198517,-253.5867889616
2022-07-12,RUB_UZS,5,0.0050000000,True,0.0052813500,0.0055179027,0.0052813500,0,0,599.1174685338,-181.2777021836
2022-07-13,RUB_UZS,5,0.0050000000,True,0.0052813500,0.0054714036,0.0052813500,0,0,207.6994532176,142.6208730882
2022-07-14,RUB_UZS,5,0.0050000000,True,0.0051559400,0.0054129109,0.0051559400,0,0,380.6192221942,97.8418266629
2022-07-15,RUB_UZS,5,0.0050000000,True,0.0050627800,0.0053627600,0.0050627800,0,0,496.8221253656,65.8243143456
2022-07-16,RUB_UZS,5,0.0050000000,True,0.0050202600,0.0053087436,0.0050202600,0,0,494.3622369281,51.6009780092
2022-07-19,RUB_UZS,5,0.0050000000,True,0.0050202600,0.0052253527,0.0050202600,0,0,263.1527907617,132.8383573236
2022-07-20,RUB_UZS,5,0.0050000000,True,0.0050202600,0.0052167545,0.0050202600,0,0,83.9854783340,295.1539009799
2022-07-21,RUB_UZS,5,0.0050000000,True,0.0050202600,0.0052134773,0.0051777000,1,1,0.0000000000,370.6111346031
2022-07-22,RUB_UZS,5,0.0050000000,True,0.0050202600,0.0052196082,0.0052653700,0,1,0.0000000000,80.2898998514
2022-07-23,RUB_UZS,5,0.0050000000,True,0.0050202600,0.0052389782,0.0052653700,0,1,0.0000000000,-50.3758887056
2022-07-26,RUB_UZS,5,0.0050000000,True,0.0050202600,0.0053519736,0.0053487900,0,1,0.0000000000,113.1613129634
2022-07-27,RUB_UZS,5,0.0050000000,True,0.0051777000,0.0054065500,0.0054944200,0,1,0.0000000000,106.8333780322
2022-07-28,RUB_UZS,5,0.0050000000,True,0.0052653700,0.0054527836,0.0055018200,0,1,0.0000000000,-76.3579969664
2022-07-29,RUB_UZS,5,0.0050000000,True,0.0052653700,0.0054739773,0.0054985000,0,1,6.0343668095,-50.8637977206
2022-07-30,RUB_UZS,5,0.0050000000,True,0.0052653700,0.0054949482,0.0054960500,0,0,221.5955591930,-228.6678855273
2022-08-02,RUB_UZS,5,0.0050000000,True,0.0054944200,0.0055547664,0.0054960500,0,0,334.5250928992,-236.7401754726
2022-08-03,RUB_UZS,5,0.0050000000,True,0.0054960500,0.0055578564,0.0054960500,1,1,4.4557606620,106.7972249602
2022-08-04,RUB_UZS,5,0.0050000000,True,0.0054960500,0.0055613936,0.0055067500,1,1,0.0000000000,117.4950752207
2022-08-05,RUB_UZS,5,0.0050000000,True,0.0054960500,0.0055551682,0.0055284100,1,1,0.0000000000,87.1588046185
2022-08-06,RUB_UZS,5,0.0050000000,True,0.0054960500,0.0055493227,0.0055284100,0,1,0.0000000000,37.6851884464
2022-08-09,RUB_UZS,5,0.0050000000,True,0.0054960500,0.0055407609,0.0055521200,0,1,0.0000000000,0.0557849209
2022-08-10,RUB_UZS,5,0.0050000000,True,0.0055067500,0.0055480127,0.0055563000,0,1,0.0000000000,-7.4031422226
2022-08-11,RUB_UZS,5,0.0050000000,True,0.0055284100,0.0055587645,0.0055595500,0,1,0.0000000000,4.4336208782
2022-08-12,RUB_UZS,5,0.0050000000,True,0.0055284100,0.0055667418,0.0055758200,0,1,0.0000000000,12.9192594460
2022-08-13,RUB_UZS,5,0.0050000000,True,0.0055284100,0.0055676409,0.0055383000,0,0,67.2905509862,-14.6904066599
2022-08-16,RUB_UZS,5,0.0050000000,True,0.0054076100,0.0055378073,0.0054076100,0,0,386.5052924256,-157.4860282737
2022-08-17,RUB_UZS,5,0.0050000000,True,0.0054076100,0.0055242900,0.0054076100,0,0,371.3391356372,-166.3019139111
2022-08-18,RUB_UZS,5,0.0050000000,True,0.0054076100,0.0055163636,0.0054076100,0,0,235.9749381579,-39.7659854977
2022-08-19,RUB_UZS,5,0.0050000000,True,0.0054076100,0.0055089882,0.0054076100,0,0,128.2615323109,56.4862018054
2022-08-20,RUB_UZS,5,0.0050000000,True,0.0054076100,0.0055030282,0.0054076100,1,1,0.0000000000,173.3921373208
2022-08-23,RUB_UZS,5,0.0050000000,True,0.0054076100,0.0054735200,0.0054820900,0,1,0.0000000000,2.1192943481
2022-08-24,RUB_UZS,5,0.0050000000,True,0.0054076100,0.0054705073,0.0054820900,0,1,22.9312299693,-44.2056395634
2022-08-25,RUB_UZS,5,0.0050000000,True,0.0054076100,0.0054744909,0.0054820900,0,0,51.1228145314,-65.3377483004
2022-08-26,RUB_UZS,5,0.0050000000,True,0.0054076100,0.0054863436,0.0055051600,0,1,0.0000000000,7.7531351398
2022-08-27,RUB_UZS,5,0.0050000000,True,0.0054076100,0.0054957700,0.0055051600,0,1,0.0000000000,-17.0858678584
2022-08-30,RUB_UZS,5,0.0050000000,True,0.0054820900,0.0055124409,0.0055111600,0,1,19.0702484203,-16.7785760639
2022-08-31,RUB_UZS,5,0.0050000000,True,0.0054820900,0.0055136391,0.0055111600,0,1,48.4471802947,-44.1648586159
2022-09-01,RUB_UZS,5,0.0050000000,True,0.0055051600,0.0055205291,0.0055111600,1,1,0.2540235516,16.7177651944
2022-09-02,RUB_UZS,5,0.0050000000,True,0.0055051600,0.0055238755,0.0055234400,1,1,0.0000000000,23.0190826171
2022-09-03,RUB_UZS,5,0.0050000000,True,0.0055051600,0.0055303645,0.0055234400,1,1,0.0000000000,12.5209566162
2022-09-06,RUB_UZS,5,0.0050000000,True,0.0055084500,0.0055286027,0.0055084500,0,0,88.9367888475,-52.9560074607
2022-09-07,RUB_UZS,5,0.0050000000,True,0.0055084500,0.0055283436,0.0055084500,0,0,60.4839073470,-24.6481849405
2022-09-08,RUB_UZS,5,0.0050000000,True,0.0055084500,0.0055290200,0.0055084500,0,0,122.1008008550,-85.9465149339
2022-09-09,RUB_UZS,5,0.0050000000,True,0.0054854800,0.0055255691,0.0054854800,0,0,77.9226417006,-5.4128525799
2022-09-10,RUB_UZS,5,0.0050000000,True,0.0054638800,0.0055201545,0.0054638800,0,0,80.9120532999,21.2032930567
2022-09-13,RUB_UZS,5,0.0050000000,True,0.0054613800,0.0055022173,0.0054613800,0,0,103.6857173921,-29.7747734426
2022-09-14,RUB_UZS,5,0.0050000000,True,0.0054613800,0.0054936500,0.0054613800,1,1,43.9341680218,14.8717155261
2022-09-15,RUB_UZS,5,0.0050000000,True,0.0054613800,0.0054899873,0.0054613800,1,1,4.5755031223,47.5543410765
2022-09-16,RUB_UZS,5,0.0050000000,True,0.0054613800,0.0054861527,0.0054662700,1,1,0.0000000000,45.1550084444
2022-09-17,RUB_UZS,5,0.0050000000,True,0.0054613800,0.0054907055,0.0054662700,1,1,29.2395527425,15.3085147529
2022-09-20,RUB_UZS,5,0.0050000000,True,0.0052769200,0.0054443845,0.0052769200,0,0,385.0940278084,-80.6068237448
2022-09-21,RUB_UZS,5,0.0050000000,True,0.0052769200,0.0054273882,0.0052769200,0,0,346.3970861300,-71.6400170382
2022-09-22,RUB_UZS,5,0.0050000000,True,0.0052582300,0.0054089200,0.0052582300,0,0,540.2507497486,-276.5986555542
2022-09-23,RUB_UZS,5,0.0050000000,True,0.0052582300,0.0053892182,0.0052582300,0,0,350.3842794119,-111.2254433937
2022-09-24,RUB_UZS,5,0.0050000000,True,0.0052582300,0.0053727809,0.0052582300,1,1,35.4183879991,178.4195386205
2022-09-27,RUB_UZS,5,0.0050000000,True,0.0050207600,0.0052658855,0.0050207600,0,0,451.6158479184,14.5378296044
2022-09-28,RUB_UZS,5,0.0050000000,True,0.0050207600,0.0052169973,0.0050207600,0,0,464.9440327561,-93.1239269123
2022-09-29,RUB_UZS,5,0.0050000000,True,0.0050207600,0.0051971609,0.0050207600,0,0,529.5303773090,-200.7424683092
2022-09-30,RUB_UZS,5,0.0050000000,True,0.0050207600,0.0052038855,0.0050207600,0,0,380.7091524618,-29.9479025637
2022-10-01,RUB_UZS,5,0.0050000000,True,0.0050207600,0.0052146445,0.0050207600,1,1,0.0000000000,371.8077881714
2022-10-04,RUB_UZS,5,0.0050000000,True,0.0050207600,0.0052814909,0.0053508900,0,1,0.0000000000,95.6754635399
2022-10-05,RUB_UZS,5,0.0050000000,True,0.0050207600,0.0053028300,0.0053952700,0,1,0.0000000000,-90.6308518282
2022-10-06,RUB_UZS,5,0.0050000000,True,0.0050207600,0.0053409236,0.0054636000,0,1,0.0000000000,-101.7546164981
2022-10-07,RUB_UZS,5,0.0050000000,True,0.0050207600,0.0054074845,0.0055362200,0,1,0.0000000000,-103.7736753083
2022-10-08,RUB_UZS,5,0.0050000000,True,0.0050207600,0.0054739636,0.0055362200,0,1,0.0000000000,-113.7317815244
2022-10-11,RUB_UZS,5,0.0050000000,True,0.0053952700,0.0056078491,0.0056764800,0,1,0.0000000000,-54.6571574841
2022-10-12,RUB_UZS,5,0.0050000000,True,0.0054636000,0.0056334136,0.0056764800,0,0,132.8888062257,-212.1562011085
2022-10-13,RUB_UZS,5,0.0050000000,True,0.0055362200,0.0056411364,0.0055485500,0,0,353.7533705492,-196.5803150558
2022-10-14,RUB_UZS,5,0.0050000000,True,0.0055362200,0.0056412309,0.0055372600,0,0,323.5186696468,-143.8676987646
2022-10-15,RUB_UZS,5,0.0050000000,True,0.0055201300,0.0056397682,0.0055201300,0,0,275.4347764812,-65.0945517587
2022-10-18,RUB_UZS,5,0.0050000000,True,0.0054951100,0.0056014891,0.0054951100,0,0,96.3134512620,94.5089601174
2022-10-19,RUB_UZS,5,0.0050000000,True,0.0054951100,0.0055781327,0.0054951100,0,0,76.1206806254,73.2731350634
2022-10-20,RUB_UZS,5,0.0050000000,True,0.0054951100,0.0055577145,0.0054951100,1,1,45.3250195195,67.6259011634
2022-10-21,RUB_UZS,5,0.0050000000,True,0.0054951100,0.0055433991,0.0054951100,1,1,38.5217788542,48.7770959039
2022-10-22,RUB_UZS,5,0.0050000000,True,0.0054951100,0.0055291518,0.0054951100,1,1,0.0000000000,61.5678847339
2022-10-25,RUB_UZS,5,0.0050000000,True,0.0054951100,0.0055068500,0.0055005100,1,1,0.0000000000,16.4522367597
2022-10-26,RUB_UZS,5,0.0050000000,True,0.0054951100,0.0055057682,0.0055005100,1,1,33.5205045832,-24.0508095229
2022-10-27,RUB_UZS,5,0.0050000000,True,0.0054951100,0.0055053400,0.0055005100,1,1,34.8747046973,-26.1927510381
2022-10-28,RUB_UZS,5,0.0050000000,True,0.0054951100,0.0055057509,0.0054996300,1,1,1.5998516501,9.5189723935
2022-10-29,RUB_UZS,5,0.0050000000,True,0.0054951100,0.0055094855,0.0054996300,1,1,15.6130009095,2.2787146927
2022-11-01,RUB_UZS,5,0.0050000000,True,0.0054996300,0.0055329891,0.0054996300,1,1,21.8083514011,38.5670214752
2022-11-02,RUB_UZS,5,0.0050000000,True,0.0054996300,0.0055393882,0.0055361900,1,1,0.0000000000,71.7735975765
2022-11-03,RUB_UZS,5,0.0050000000,True,0.0054996300,0.0055394109,0.0055007600,0,0,63.9970810250,5.8145336097
2022-11-04,RUB_UZS,5,0.0050000000,True,0.0054585200,0.0055348918,0.0054585200,0,0,235.4677423683,-99.8360647929
2022-11-08,RUB_UZS,5,0.0050000000,True,0.0053790700,0.0055063855,0.0053790700,0,0,221.2239763233,10.2162382054
2022-11-09,RUB_UZS,5,0.0050000000,True,0.0053790700,0.0054921018,0.0053790700,0,0,145.5522742428,61.1456584265
2022-11-10,RUB_UZS,5,0.0050000000,True,0.0053790700,0.0054738500,0.0053790700,0,0,171.4088377600,1.7720617116
2022-11-11,RUB_UZS,5,0.0050000000,True,0.0053790700,0.0054556318,0.0053790700,0,0,189.8178966470,-50.4399540425
2022-11-12,RUB_UZS,5,0.0050000000,True,0.0053790700,0.0054385645,0.0053790700,1,1,0.0000000000,109.3938390494
2022-11-15,RUB_UZS,5,0.0050000000,True,0.0053790700,0.0054042964,0.0053866100,1,1,5.1397377806,27.6009356865
2022-11-16,RUB_UZS,5,0.0050000000,True,0.0053790700,0.0053964536,0.0053866100,1,1,5.8258731852,12.4222995607
2022-11-17,RUB_UZS,5,0.0050000000,True,0.0053790700,0.0053904764,0.0053866100,1,1,29.2462067855,-22.1383706348
2022-11-18,RUB_UZS,5,0.0050000000,True,0.0053790700,0.0053936955,0.0053866100,1,1,23.4291365854,-10.3167587073
2022-11-19,RUB_UZS,5,0.0050000000,True,0.0053790700,0.0053954055,0.0053866100,1,1,0.0000000000,16.3017489965
2022-11-22,RUB_UZS,5,0.0050000000,True,0.0053808000,0.0053947982,0.0053808000,0,0,67.5600841732,-41.8955768503
2022-11-23,RUB_UZS,5,0.0050000000,True,0.0053808000,0.0053932482,0.0053808000,0,0,62.2035726422,-39.3674043286
2022-11-24,RUB_UZS,5,0.0050000000,True,0.0053808000,0.0053935018,0.0053808000,1,1,31.6420520649,-8.1175124544
2022-11-25,RUB_UZS,5,0.0050000000,True,0.0053808000,0.0053982018,0.0053853600,1,1,0.0000000000,32.2363238129
2022-11-26,RUB_UZS,5,0.0050000000,True,0.0053808000,0.0054020964,0.0053853600,1,1,0.0000000000,30.9812385966
2022-11-29,RUB_UZS,5,0.0050000000,True,0.0053808000,0.0054242109,0.0054294500,1,1,0.0000000000,40.8555446356
2022-11-30,RUB_UZS,5,0.0050000000,True,0.0053808000,0.0054336600,0.0054294500,0,1,16.2918259533,-8.5577676925
2022-12-01,RUB_UZS,5,0.0050000000,True,0.0053853600,0.0054466827,0.0054581100,0,1,0.0000000000,31.6389408666
2022-12-02,RUB_UZS,5,0.0050000000,True,0.0053853600,0.0054643391,0.0055018200,0,1,0.0000000000,11.3995321400
2022-12-03,RUB_UZS,5,0.0050000000,True,0.0053853600,0.0054817718,0.0055018200,0,1,0.0000000000,-36.5724486227
2022-12-06,RUB_UZS,5,0.0050000000,True,0.0054294500,0.0055180200,0.0055398400,0,1,0.0000000000,-10.9278328096
2022-12-07,RUB_UZS,5,0.0050000000,True,0.0054581100,0.0055280555,0.0055398400,0,0,71.2239989390,-93.2055509902
2022-12-08,RUB_UZS,5,0.0050000000,True,0.0055018200,0.0055389845,0.0055398400,0,0,66.8445362481,-68.8491802649
2022-12-09,RUB_UZS,5,0.0050000000,True,0.0055018200,0.0055486600,0.0055398400,0,1,8.8912614951,7.0107016829
2022-12-10,RUB_UZS,5,0.0050000000,True,0.0055018200,0.0055588973,0.0055398400,0,1,0.0000000000,34.2824696919
2022-12-13,RUB_UZS,5,0.0050000000,True,0.0055398400,0.0056145509,0.0056082500,0,1,0.0000000000,64.5125668596
2022-12-14,RUB_UZS,5,0.0050000000,True,0.0055398400,0.0056304991,0.0056144300,0,1,0.0000000000,39.5153085896
2022-12-15,RUB_UZS,5,0.0050000000,True,0.0055398400,0.0056618573,0.0057125400,0,1,0.0000000000,83.7662809971
2022-12-16,RUB_UZS,5,0.0050000000,True,0.0055398400,0.0057140536,0.0057525500,0,1,0.0000000000,2.6489712207
2022-12-17,RUB_UZS,5,0.0050000000,True,0.0055398400,0.0057789291,0.0057525500,0,1,0.0000000000,45.6470229936
2022-12-20,RUB_UZS,5,0.0050000000,True,0.0056144300,0.0059533136,0.0061140000,0,1,0.0000000000,106.8373686465
2022-12-21,RUB_UZS,5,0.0050000000,True,0.0057125400,0.0059990900,0.0061179700,0,1,0.0000000000,-191.5457177672
2022-12-22,RUB_UZS,5,0.0050000000,True,0.0057525500,0.0060350555,0.0061081600,0,0,232.3669898472,-361.9097572501
2022-12-23,RUB_UZS,5,0.0050000000,True,0.0057525500,0.0060800418,0.0061081600,0,0,468.9711345965,-540.5689494361
2022-12-24,RUB_UZS,5,0.0050000000,True,0.0057525500,0.0061375827,0.0061081600,0,1,16.0347304743,31.9551330617
2022-12-27,RUB_UZS,5,0.0050000000,True,0.0061081600,0.0062470964,0.0062474000,1,1,0.0000000000,222.4015055140
2022-12-28,RUB_UZS,5,0.0050000000,True,0.0061081600,0.0062482255,0.0062658900,0,1,0.0000000000,1.3211023697
2022-12-29,RUB_UZS,5,0.0050000000,True,0.0061081600,0.0062352418,0.0062658900,0,0,187.3150105708,-240.9821241897
2022-12-30,RUB_UZS,5,0.0050000000,True,0.0061081600,0.0062486891,0.0062658900,0,0,253.9068272068,-288.7660219060
2022-12-31,RUB_UZS,5,0.0050000000,True,0.0061081600,0.0062621364,0.0062658900,0,1,0.0000000000,-5.9941785769
2023-01-10,RUB_UZS,5,0.0050000000,True,0.0059798300,0.0061609309,0.0059798300,0,0,388.0570624874,-97.9058064425
2023-01-11,RUB_UZS,5,0.0050000000,True,0.0059798300,0.0061349255,0.0059798300,0,0,305.7818414675,-54.6453998552
2023-01-12,RUB_UZS,5,0.0050000000,True,0.0059798300,0.0061138582,0.0059798300,0,0,205.2372349156,14.2760619540
2023-01-13,RUB_UZS,5,0.0050000000,True,0.0059798300,0.0060945882,0.0059798300,1,1,10.8080116265,177.6792435972
2023-01-14,RUB_UZS,5,0.0050000000,True,0.0059798300,0.0060781300,0.0059798300,1,1,0.0000000000,161.7273733862
2023-01-17,RUB_UZS,5,0.0050000000,True,0.0059798300,0.0060427882,0.0060539200,0,1,0.0000000000,14.2950266636
2023-01-18,RUB_UZS,5,0.0050000000,True,0.0059798300,0.0060409291,0.0060846800,0,1,0.0000000000,-21.5048196981
2023-01-19,RUB_UZS,5,0.0050000000,True,0.0059798300,0.0060483573,0.0060680100,0,1,27.6752919135,-60.3349399303
2023-01-20,RUB_UZS,5,0.0050000000,True,0.0059798300,0.0060583336,0.0060680100,0,1,48.3151208616,-64.5992214781
2023-01-21,RUB_UZS,5,0.0050000000,True,0.0059798300,0.0060709209,0.0060680100,0,1,27.3966749279,-22.6639271292
2023-01-24,RUB_UZS,5,0.0050000000,True,0.0060680100,0.0060985382,0.0060895700,1,1,0.0000000000,50.0581957644
2023-01-25,RUB_UZS,5,0.0050000000,True,0.0060680100,0.0061022045,0.0061182900,1,1,0.0000000000,20.7048868330
2023-01-26,RUB_UZS,5,0.0050000000,True,0.0060680100,0.0061060391,0.0061213300,0,1,0.0000000000,-20.0635942687
2023-01-27,RUB_UZS,5,0.0050000000,True,0.0060680100,0.0061201227,0.0061251800,0,1,0.0000000000,-1.9726282970
2023-01-28,RUB_UZS,5,0.0050000000,True,0.0060680100,0.0061326136,0.0061251800,0,1,0.0000000000,12.1214816462
2023-01-31,RUB_UZS,5,0.0050000000,True,0.0061182900,0.0061715373,0.0062077000,1,1,0.0000000000,51.6682818529
2023-02-01,RUB_UZS,5,0.0050000000,True,0.0061213300,0.0061818164,0.0062077000,0,0,51.1250721200,-93.4735569040
2023-02-02,RUB_UZS,5,0.0050000000,True,0.0061251800,0.0061924491,0.0062077000,0,1,23.1112425427,-47.8500649031
2023-02-03,RUB_UZS,5,0.0050000000,True,0.0061251800,0.0062038064,0.0062313600,0,1,0.0000000000,-6.2762055026
2023-02-04,RUB_UZS,5,0.0050000000,True,0.0061251800,0.0062202609,0.0062313600,0,1,0.0000000000,-17.8434491275
2023-02-07,RUB_UZS,5,0.0050000000,True,0.0062077000,0.0062869309,0.0062501100,1,1,0.0000000000,77.3682895426
2023-02-08,RUB_UZS,5,0.0050000000,True,0.0062077000,0.0063043191,0.0063061800,0,1,0.0000000000,85.9872257850
2023-02-09,RUB_UZS,5,0.0050000000,True,0.0062313600,0.0063303491,0.0064111000,0,1,0.0000000000,38.1797126225
2023-02-10,RUB_UZS,5,0.0050000000,True,0.0062313600,0.0063565300,0.0064133500,0,1,0.0000000000,-85.8487256412
2023-02-11,RUB_UZS,5,0.0050000000,True,0.0062313600,0.0063838891,0.0064133500,0,1,0.0000000000,-46.1488422988
2023-02-14,RUB_UZS,5,0.0050000000,True,0.0063061800,0.0064770836,0.0065193500,0,1,0.0000000000,-26.1635708102
2023-02-15,RUB_UZS,5,0.0050000000,True,0.0064111000,0.0065023755,0.0065323100,0,1,0.0000000000,-26.1051450708
2023-02-16,RUB_UZS,5,0.0050000000,True,0.0064133500,0.0065130236,0.0065282300,0,1,6.2458762674,-29.6119969973
2023-02-17,RUB_UZS,5,0.0050000000,True,0.0064133500,0.0065311727,0.0065282300,0,0,72.8240968839,-68.8196049992
2023-02-18,RUB_UZS,5,0.0050000000,True,0.0064133500,0.0065490455,0.0065282300,0,0,85.2926391055,-53.9690031163
2023-02-21,RUB_UZS,5,0.0050000000,True,0.0065282300,0.0065856927,0.0066099500,1,1,0.0000000000,87.2538845227
2023-02-22,RUB_UZS,5,0.0050000000,True,0.0065282300,0.0065927509,0.0066099500,0,1,4.5970128490,-30.6990074222
2023-02-23,RUB_UZS,5,0.0050000000,True,0.0065282300,0.0065991055,0.0066099500,0,1,0.0000000000,-16.4333568076
2023-02-28,RUB_UZS,5,0.0050000000,True,0.0066099500,0.0066254555,0.0066160000,0,1,45.1698911529,-31.0386894843
2023-03-01,RUB_UZS,5,0.0050000000,True,0.0066099500,0.0066282055,0.0066382400,1,1,0.0000000000,18.4144179434
2023-03-02,RUB_UZS,5,0.0050000000,True,0.0066099500,0.0066304745,0.0066349100,1,1,5.0163898865,-11.7117628493
2023-03-03,RUB_UZS,5,0.0050000000,True,0.0066099500,0.0066340618,0.0066349100,0,1,22.0915543792,-23.4218224732
2023-03-04,RUB_UZS,5,0.0050000000,True,0.0066099500,0.0066376491,0.0066349100,1,1,7.9666275112,-3.8430912149
2023-03-07,RUB_UZS,5,0.0050000000,True,0.0066349100,0.0066476091,0.0066494100,1,1,0.0000000000,19.1032455962
2023-03-08,RUB_UZS,5,0.0050000000,True,0.0066349100,0.0066493427,0.0066494100,1,1,0.0000000000,-0.1011719955
2023-03-10,RUB_UZS,5,0.0050000000,True,0.0065841500,0.0066413882,0.0065841500,0,0,124.1354690554,-38.4284391804
2023-03-11,RUB_UZS,5,0.0050000000,True,0.0065841500,0.0066393364,0.0065841500,0,0,109.8942365610,-27.0714351243
2023-03-14,RUB_UZS,5,0.0050000000,True,0.0065841500,0.0066545391,0.0065841500,0,0,51.3738733634,54.6831124019
2023-03-15,RUB_UZS,5,0.0050000000,True,0.0065841500,0.0066599655,0.0066176300,1,1,0.0000000000,113.8376093133
2023-03-16,RUB_UZS,5,0.0050000000,True,0.0065841500,0.0066688791,0.0066735500,0,1,0.0000000000,76.8481332627
2023-03-17,RUB_UZS,5,0.0050000000,True,0.0065841500,0.0066754418,0.0067091000,0,1,0.0000000000,2.8339969598
2023-03-18,RUB_UZS,5,0.0050000000,True,0.0065841500,0.0066829500,0.0067091000,0,1,0.0000000000,-39.1294263761
2023-03-21,RUB_UZS,5,0.0050000000,True,0.0066176300,0.0067075800,0.0067083000,0,0,83.7551145905,-85.5450102720
2023-03-22,RUB_UZS,5,0.0050000000,True,0.0066735500,0.0067160791,0.0067083000,0,1,31.5030834386,-19.9832505086
2023-03-23,RUB_UZS,5,0.0050000000,True,0.0066986600,0.0067183618,0.0066986600,0,0,61.1878514518,-32.0586809717
2023-03-24,RUB_UZS,5,0.0050000000,True,0.0066986600,0.0067189464,0.0066986600,1,1,14.3702577404,15.8452874308
2023-03-25,RUB_UZS,5,0.0050000000,True,0.0066986600,0.0067233227,0.0066986600,1,1,18.5662005746,18.1498460921
2023-03-28,RUB_UZS,5,0.0050000000,True,0.0066986600,0.0067301918,0.0067155300,1,1,0.0000000000,46.8512919597
2023-03-29,RUB_UZS,5,0.0050000000,True,0.0066986600,0.0067322955,0.0067530400,1,1,0.0000000000,24.9030284821
2023-03-30,RUB_UZS,5,0.0050000000,True,0.0066986600,0.0067438155,0.0067530400,0,1,6.2155554635,-19.9064543581
2023-03-31,RUB_UZS,5,0.0050000000,True,0.0066986600,0.0067667764,0.0067630400,0,1,0.0000000000,20.2997156965
2023-04-01,RUB_UZS,5,0.0050000000,True,0.0066986600,0.0067916618,0.0067630400,0,1,0.0000000000,42.1425844632
2023-04-04,RUB_UZS,5,0.0050000000,True,0.0067530400,0.0069245464,0.0069636900,0,1,0.0000000000,129.2884167929
2023-04-05,RUB_UZS,5,0.0050000000,True,0.0067530400,0.0069688418,0.0069848600,0,1,0.0000000000,7.3926461760
2023-04-06,RUB_UZS,5,0.0050000000,True,0.0067630400,0.0070069655,0.0070980600,0,1,0.0000000000,31.5478286412
2023-04-07,RUB_UZS,5,0.0050000000,True,0.0067630400,0.0070469018,0.0071724000,0,1,0.0000000000,-72.5967001359
2023-04-08,RUB_UZS,5,0.0050000000,True,0.0067630400,0.0070856936,0.0071724000,0,0,99.5101104426,-224.1084243629
2023-04-11,RUB_UZS,5,0.0050000000,True,0.0069848600,0.0071635727,0.0071363700,0,0,50.2342312197,-12.3224444887
2023-04-12,RUB_UZS,5,0.0050000000,True,0.0070980600,0.0071773464,0.0071363700,0,0,91.5952315497,-34.8229486183
2023-04-13,RUB_UZS,5,0.0050000000,True,0.0071340800,0.0071806209,0.0071340800,0,0,77.4296741889,-12.7135118601
2023-04-14,RUB_UZS,5,0.0050000000,True,0.0071237700,0.0071696464,0.0071237700,1,1,30.6618824241,33.4275394082
2023-04-15,RUB_UZS,5,0.0050000000,True,0.0071237700,0.0071601627,0.0071237700,1,1,17.6560352112,33.2293108118
2023-04-18,RUB_UZS,5,0.0050000000,True,0.0071237700,0.0071425055,0.0071237700,1,1,14.4517583206,11.7962171665
2023-04-19,RUB_UZS,5,0.0050000000,True,0.0071237700,0.0071377827,0.0071378000,1,1,0.0000000000,19.6317649446
2023-04-20,RUB_UZS,5,0.0050000000,True,0.0071192400,0.0071353791,0.0071192400,1,1,29.3130275610,-6.7143021133
2023-04-21,RUB_UZS,5,0.0050000000,True,0.0071192400,0.0071355209,0.0071192400,1,1,42.1853582119,-19.4507045609
2023-04-22,RUB_UZS,5,0.0050000000,True,0.0071192400,0.0071375818,0.0071192400,1,1,26.0024097061,-0.3056803043
2023-04-25,RUB_UZS,5,0.0050000000,True,0.0070682700,0.0071295009,0.0070682700,0,0,71.5947207848,14.3921842801
2023-04-26,RUB_UZS,5,0.0050000000,True,0.0070682700,0.0071229645,0.0070682700,0,0,97.5913184915,-21.0101488642
2023-04-27,RUB_UZS,5,0.0050000000,True,0.0070682700,0.0071155891,0.0070682700,0,0,126.7907428929,-61.0643876927
2023-04-28,RUB_UZS,5,0.0050000000,True,0.0070018200,0.0071032273,0.0070018200,0,0,232.9123882831,-92.2999148914
2023-04-29,RUB_UZS,5,0.0050000000,True,0.0069336400,0.0070846673,0.0069336400,0,0,190.4709356038,23.1447322733
2023-05-03,RUB_UZS,5,0.0050000000,True,0.0067121400,0.0069430836,0.0067121400,0,0,413.7210039675,-84.5969409453
2023-05-04,RUB_UZS,5,0.0050000000,True,0.0067121400,0.0069015700,0.0067121400,0,0,319.4570240162,-46.4676877870
2023-05-05,RUB_UZS,5,0.0050000000,True,0.0067121400,0.0068691945,0.0067121400,0,0,215.7818246487,13.1377054396
2023-05-06,RUB_UZS,5,0.0050000000,True,0.0067080000,0.0068364427,0.0067080000,1,1,6.1679285593,181.8236943269
2023-05-11,RUB_UZS,5,0.0050000000,True,0.0066257000,0.0067286055,0.0066257000,0,0,122.6893261777,30.6236629338
2023-05-12,RUB_UZS,5,0.0050000000,True,0.0066257000,0.0067552491,0.0067338900,1,1,0.0000000000,191.7754462725
2023-05-13,RUB_UZS,5,0.0050000000,True,0.0066257000,0.0067879773,0.0067338900,0,1,0.0000000000,79.6809867714
2023-05-16,RUB_UZS,5,0.0050000000,True,0.0066257000,0.0068568282,0.0069558100,0,1,0.0000000000,-90.0734516662
2023-05-17,RUB_UZS,5,0.0050000000,True,0.0066257000,0.0068793564,0.0069558100,0,0,70.5331167330,-182.9584480155
2023-05-18,RUB_UZS,5,0.0050000000,True,0.0067338900,0.0069101427,0.0069558100,0,0,164.5044293461,-234.4485188242
2023-05-19,RUB_UZS,5,0.0050000000,True,0.0067338900,0.0069344636,0.0069558100,0,1,37.7390377763,-68.7816190805
2023-05-20,RUB_UZS,5,0.0050000000,True,0.0067338900,0.0069583073,0.0069558100,0,1,0.0000000000,3.5889083787
2023-05-23,RUB_UZS,5,0.0050000000,True,0.0069558100,0.0069897391,0.0069961700,1,1,0.0000000000,36.3233742760
2023-05-24,RUB_UZS,5,0.0050000000,True,0.0069558100,0.0069831055,0.0069961700,0,1,7.4984788800,-26.2269352421
2023-05-25,RUB_UZS,5,0.0050000000,True,0.0069558100,0.0069859255,0.0069991800,0,1,0.0000000000,-14.6645502034
2023-05-26,RUB_UZS,5,0.0050000000,True,0.0069558100,0.0069958800,0.0069991800,0,1,8.4367224404,-13.1648913360
2023-05-27,RUB_UZS,5,0.0050000000,True,0.0069558100,0.0070090900,0.0069991800,0,1,0.0000000000,14.1387826380
2023-05-30,RUB_UZS,5,0.0050000000,True,0.0069961700,0.0070416073,0.0070653100,1,1,0.0000000000,40.3704319572
2023-05-31,RUB_UZS,5,0.0050000000,True,0.0069991800,0.0070500064,0.0070885600,0,1,0.0000000000,-21.7072660283
2023-06-01,RUB_UZS,5,0.0050000000,True,0.0069991800,0.0070602064,0.0070885600,0,1,17.6873507278,-57.9496324277
2023-06-02,RUB_UZS,5,0.0050000000,True,0.0069991800,0.0070690645,0.0070885600,0,1,19.1350506537,-46.8031580879
2023-06-03,RUB_UZS,5,0.0050000000,True,0.0069991800,0.0070788355,0.0070885600,0,1,0.0000000000,-13.7374932883
2023-06-06,RUB_UZS,5,0.0050000000,True,0.0070885600,0.0071283209,0.0070966200,1,1,29.0419527657,15.4747649995
2023-06-07,RUB_UZS,5,0.0050000000,True,0.0070885600,0.0071397736,0.0071066600,1,1,0.0000000000,60.4411828182
2023-06-08,RUB_UZS,5,0.0050000000,True,0.0070885600,0.0071511327,0.0071678100,1,1,0.0000000000,62.1897662494
2023-06-09,RUB_UZS,5,0.0050000000,True,0.0070885600,0.0071712355,0.0072271000,0,1,0.0000000000,4.7766588716
2023-06-10,RUB_UZS,5,0.0050000000,True,0.0070885600,0.0071954509,0.0072271000,0,1,0.0000000000,-43.9848611421
2023-06-14,RUB_UZS,5,0.0050000000,True,0.0071678100,0.0072684991,0.0072992300,0,1,14.3097723706,-56.6704467810
2023-06-15,RUB_UZS,5,0.0050000000,True,0.0072271000,0.0072829473,0.0072992300,0,0,75.7315161395,-98.8373588015
2023-06-16,RUB_UZS,5,0.0050000000,True,0.0072271000,0.0072931509,0.0072992300,0,1,21.5175181853,-29.9172349250
2023-06-17,RUB_UZS,5,0.0050000000,True,0.0072271000,0.0073027036,0.0072992300,0,1,0.0000000000,4.7566443014
2023-06-20,RUB_UZS,5,0.0050000000,True,0.0072702300,0.0073164673,0.0072702300,0,0,77.1284363851,-14.0405565826
2023-06-21,RUB_UZS,5,0.0050000000,True,0.0072702300,0.0073135218,0.0072702300,0,0,94.1637803944,-35.3019823555
2023-06-22,RUB_UZS,5,0.0050000000,True,0.0072702300,0.0073195827,0.0072702300,0,0,84.4905607882,-17.2103700397
2023-06-23,RUB_UZS,5,0.0050000000,True,0.0072702300,0.0073290464,0.0073225300,1,1,0.0000000000,80.2510459317
2023-06-24,RUB_UZS,5,0.0050000000,True,0.0072702300,0.0073430118,0.0073225300,0,1,0.0000000000,27.8929391494
2023-06-27,RUB_UZS,5,0.0050000000,True,0.0072702300,0.0074337209,0.0074033300,0,1,0.0000000000,70.0603502981
2023-06-28,RUB_UZS,5,0.0050000000,True,0.0072702300,0.0074665727,0.0074528500,0,1,0.0000000000,84.7011468083
2023-06-29,RUB_UZS,5,0.0050000000,True,0.0073225300,0.0075104173,0.0075760100,0,1,0.0000000000,76.6498992490
2023-06-30,RUB_UZS,5,0.0050000000,True,0.0073225300,0.0075504509,0.0076935500,0,1,0.0000000000,-33.8510788519
2023-07-01,RUB_UZS,5,0.0050000000,True,0.0073225300,0.0075963636,0.0076935500,0,1,0.0000000000,-127.9380086166
2023-07-04,RUB_UZS,5,0.0050000000,True,0.0074528500,0.0077593845,0.0077629000,0,1,0.0000000000,8.8467653772
2023-07-05,RUB_UZS,5,0.0050000000,True,0.0075760100,0.0078033291,0.0078275700,0,1,0.0000000000,51.8100549626
2023-07-06,RUB_UZS,5,0.0050000000,True,0.0076935500,0.0078334855,0.0079077300,0,1,0.0000000000,7.5514974525
2023-07-07,RUB_UZS,5,0.0050000000,True,0.0076935500,0.0078460809,0.0078321000,0,0,244.3247283032,-232.1784506428
2023-07-08,RUB_UZS,5,0.0050000000,True,0.0076935500,0.0078584845,0.0078299900,0,0,133.8795197726,-98.9445917921
2023-07-11,RUB_UZS,5,0.0050000000,True,0.0077784500,0.0078704118,0.0077784500,0,0,163.4856020628,-47.4157930745
2023-07-12,RUB_UZS,5,0.0050000000,True,0.0077784500,0.0078661655,0.0077784500,0,0,68.5001468316,43.3063031058
2023-07-13,RUB_UZS,5,0.0050000000,True,0.0077784500,0.0078463264,0.0077784500,0,0,65.8238388555,20.8203978260
2023-07-14,RUB_UZS,5,0.0050000000,True,0.0077784500,0.0078362564,0.0077808600,1,1,0.0000000000,73.7678311606
2023-07-15,RUB_UZS,5,0.0050000000,True,0.0077784500,0.0078290555,0.0077808600,1,1,0.0000000000,61.5597307048
2023-07-18,RUB_UZS,5,0.0050000000,True,0.0077784500,0.0078062482,0.0077964900,1,1,17.3238992986,-4.8317938323
2023-07-19,RUB_UZS,5,0.0050000000,True,0.0077784500,0.0078032027,0.0077964900,0,1,37.0329194285,-28.5360684651
2023-07-20,RUB_UZS,5,0.0050000000,True,0.0077808600,0.0078046200,0.0077940400,0,0,80.1702424453,-67.1525327306
2023-07-21,RUB_UZS,5,0.0050000000,True,0.0077701000,0.0078036418,0.0077701000,0,0,79.3007337648,-36.6087814943
2023-07-22,RUB_UZS,5,0.0050000000,True,0.0077539300,0.0078011936,0.0077539300,0,0,54.5886674645,6.0293803524
2023-07-25,RUB_UZS,5,0.0050000000,True,0.0077439200,0.0078024018,0.0077439200,0,0,64.3055462892,10.7169796899
2023-07-26,RUB_UZS,5,0.0050000000,True,0.0077439200,0.0078011136,0.0077439200,1,1,33.6932600610,39.7553962284
2023-07-27,RUB_UZS,5,0.0050000000,True,0.0077439200,0.0078068918,0.0077439200,1,1,12.9095826246,67.8398259067
2023-07-28,RUB_UZS,5,0.0050000000,True,0.0077439200,0.0078162400,0.0078428600,1,1,0.0000000000,92.5253062854
2023-07-29,RUB_UZS,5,0.0050000000,True,0.0077439200,0.0078329909,0.0078428600,0,1,0.0000000000,-12.5993902248
2023-08-01,RUB_UZS,5,0.0050000000,True,0.0077439200,0.0079206918,0.0078993200,0,1,0.0000000000,31.4641937269
2023-08-02,RUB_UZS,5,0.0050000000,True,0.0077439200,0.0079557473,0.0079807500,0,1,0.0000000000,70.9264268873
2023-08-03,RUB_UZS,5,0.0050000000,True,0.0078428600,0.0080046518,0.0080462600,0,1,0.0000000000,29.8599098683
2023-08-04,RUB_UZS,5,0.0050000000,True,0.0078428600,0.0080397700,0.0081395400,0,1,0.0000000000,-8.0723702295
2023-08-05,RUB_UZS,5,0.0050000000,True,0.0078428600,0.0080858609,0.0081395400,0,1,0.0000000000,-66.3863644361
2023-08-08,RUB_UZS,5,0.0050000000,True,0.0079807500,0.0081736891,0.0081330300,0,0,179.7178656511,-132.3526107828
2023-08-09,RUB_UZS,5,0.0050000000,True,0.0080462600,0.0081875327,0.0081330300,0,0,116.8162971676,-50.8422672787
2023-08-10,RUB_UZS,5,0.0050000000,True,0.0081330300,0.0082188464,0.0081330300,0,0,259.6810006395,-159.4063577381
2023-08-11,RUB_UZS,5,0.0050000000,True,0.0080767200,0.0082131355,0.0080767200,0,0,313.3605181099,-152.0303009071
2023-08-12,RUB_UZS,5,0.0050000000,True,0.0080086600,0.0082012373,0.0080086600,0,0,152.9196375766,83.1670520668
2023-08-15,RUB_UZS,5,0.0050000000,True,0.0077410300,0.0080727045,0.0077410300,0,0,774.2848936502,-393.9267847038
2023-08-16,RUB_UZS,5,0.0050000000,True,0.0077410300,0.0080173564,0.0077410300,0,0,415.6266405174,-74.0439038395
2023-08-17,RUB_UZS,5,0.0050000000,True,0.0077410300,0.0079679500,0.0077410300,0,0,334.1757547455,-51.0921880785
2023-08-18,RUB_UZS,5,0.0050000000,True,0.0077410300,0.0079357091,0.0077410300,1,1,17.5636553552,228.1574196268
2023-08-19,RUB_UZS,5,0.0050000000,True,0.0077410300,0.0079064909,0.0077410300,1,1,0.0000000000,209.2722435191
2023-08-22,RUB_UZS,5,0.0050000000,True,0.0077410300,0.0078104264,0.0077783800,0,1,20.7196585298,20.3527475918
2023-08-23,RUB_UZS,5,0.0050000000,True,0.0077410300,0.0077969600,0.0078116300,1,1,0.0000000000,23.8298003324
2023-08-24,RUB_UZS,5,0.0050000000,True,0.0077410300,0.0078110618,0.0078226900,0,1,0.0000000000,-0.7274066336
2023-08-25,RUB_UZS,5,0.0050000000,True,0.0077410300,0.0078280482,0.0078605300,0,1,0.0000000000,6.8448503302
2023-08-26,RUB_UZS,5,0.0050000000,True,0.0077410300,0.0078459455,0.0078605300,0,1,0.0000000000,-18.5886398765
2023-08-29,RUB_UZS,5,0.0050000000,True,0.0078116300,0.0078997227,0.0079278800,0,1,0.0000000000,-12.7185131354
2023-08-30,RUB_UZS,5,0.0050000000,True,0.0078226900,0.0079140000,0.0079379000,0,1,0.0000000000,-17.5385392974
2023-08-31,RUB_UZS,5,0.0050000000,True,0.0078605300,0.0079286464,0.0079681300,0,1,0.0000000000,-11.6711427641
2023-09-01,RUB_UZS,5,0.0050000000,True,0.0078605300,0.0079457800,0.0079686800,0,1,0.0000000000,-28.1281384584
2023-09-02,RUB_UZS,5,0.0050000000,True,0.0078605300,0.0079644845,0.0079686800,0,1,0.0000000000,-5.2677037936
2023-09-05,RUB_UZS,5,0.0050000000,True,0.0079379000,0.0080122391,0.0080490000,0,1,0.0000000000,35.4945609915
2023-09-06,RUB_UZS,5,0.0050000000,True,0.0079681300,0.0080240773,0.0080662800,0,1,0.0000000000,-31.0599292924
2023-09-07,RUB_UZS,5,0.0050000000,True,0.0079448700,0.0080219627,0.0079448700,0,0,150.5154792544,-55.2449247571
2023-09-08,RUB_UZS,5,0.0050000000,True,0.0077858600,0.0080053427,0.0077858600,0,0,372.6611303733,-102.3032686012
2023-09-09,RUB_UZS,5,0.0050000000,True,0.0077858600,0.0079972882,0.0077858600,0,0,349.8460607924,-88.5697958751
2023-09-12,RUB_UZS,5,0.0050000000,True,0.0077858600,0.0079797155,0.0077858600,0,0,200.1417266739,43.6675402073
2023-09-13,RUB_UZS,5,0.0050000000,True,0.0077858600,0.0079692145,0.0078800800,1,1,0.0000000000,230.0785659725
2023-09-14,RUB_UZS,5,0.0050000000,True,0.0077858600,0.0079556627,0.0079066400,0,1,0.0000000000,95.0049415916
2023-09-15,RUB_UZS,5,0.0050000000,True,0.0077858600,0.0079415491,0.0079128700,0,1,0.0000000000,43.9575333596
2023-09-16,RUB_UZS,5,0.0050000000,True,0.0077858600,0.0079299236,0.0079128700,0,1,47.6683390414,-26.2882274689
2023-09-19,RUB_UZS,5,0.0050000000,True,0.0078787400,0.0079160955,0.0078787400,0,0,74.8661215368,-27.8856483999
2023-09-20,RUB_UZS,5,0.0050000000,True,0.0078787400,0.0079159736,0.0078787400,1,1,43.1322642733,3.9207259981
2023-09-21,RUB_UZS,5,0.0050000000,True,0.0078730000,0.0079129155,0.0078730000,0,0,84.6825788641,-34.5315776612
2023-09-22,RUB_UZS,5,0.0050000000,True,0.0078730000,0.0079068800,0.0078730000,1,1,20.6102980508,22.2843903031
2023-09-23,RUB_UZS,5,0.0050000000,True,0.0078730000,0.0079034473,0.0078730000,1,1,7.2854288884,31.2613874360
2023-09-26,RUB_UZS,5,0.0050000000,True,0.0078730000,0.0079182264,0.0078843800,1,1,0.0000000000,57.1167854509
2023-09-27,RUB_UZS,5,0.0050000000,True,0.0078730000,0.0079237645,0.0079130100,1,1,0.0000000000,49.7043358982
2023-09-28,RUB_UZS,5,0.0050000000,True,0.0078730000,0.0079418809,0.0079620600,0,1,0.0000000000,36.3527348513
2023-09-29,RUB_UZS,5,0.0050000000,True,0.0078730000,0.0079653245,0.0080011600,0,1,0.0000000000,4.0984462540
2023-09-30,RUB_UZS,5,0.0050000000,True,0.0078730000,0.0079892036,0.0080011600,0,1,0.0000000000,-14.9656513722
2023-10-03,RUB_UZS,5,0.0050000000,True,0.0079130100,0.0080805891,0.0081366200,0,1,0.0000000000,-9.8395166509
2023-10-04,RUB_UZS,5,0.0050000000,True,0.0079620600,0.0081101555,0.0081414100,0,1,0.0000000000,-32.6313664428
2023-10-05,RUB_UZS,5,0.0050000000,True,0.0080011600,0.0081422527,0.0081648800,0,1,0.0000000000,1.0350050544
2023-10-06,RUB_UZS,5,0.0050000000,True,0.0080011600,0.0081607655,0.0082048000,0,1,0.0000000000,-5.0418621604
2023-10-07,RUB_UZS,5,0.0050000000,True,0.0080011600,0.0081783873,0.0081950000,0,0,52.4869389578,-73.1840218332
2023-10-10,RUB_UZS,5,0.0050000000,True,0.0079399200,0.0081445509,0.0079399200,0,0,451.2376835960,-209.4395293406
2023-10-11,RUB_UZS,5,0.0050000000,True,0.0079399200,0.0081277955,0.0079399200,0,0,322.8354134165,-94.7422285479
2023-10-12,RUB_UZS,5,0.0050000000,True,0.0079399200,0.0081094109,0.0079399200,0,0,311.2629652227,-105.5429202794
2023-10-13,RUB_UZS,5,0.0050000000,True,0.0079399200,0.0080857964,0.0079571000,1,1,0.0000000000,180.4106325165
2023-10-14,RUB_UZS,5,0.0050000000,True,0.0079399200,0.0080627355,0.0079571000,1,1,0.0000000000,131.0168926427
2023-10-17,RUB_UZS,5,0.0050000000,True,0.0078411600,0.0079623391,0.0078411600,0,0,152.5748337551,-0.3904745670
2023-10-18,RUB_UZS,5,0.0050000000,True,0.0078411600,0.0079301718,0.0078411600,0,0,172.1129839268,-60.9169421871
2023-10-19,RUB_UZS,5,0.0050000000,True,0.0077566000,0.0079135064,0.0077566000,0,0,285.5131835528,-89.8004412939
2023-10-20,RUB_UZS,5,0.0050000000,True,0.0076544500,0.0078859927,0.0076544500,0,0,397.7173652604,-108.4166263958
2023-10-21,RUB_UZS,5,0.0050000000,True,0.0076353500,0.0078567427,0.0076353500,0,0,262.4739196752,19.8335720204
2023-10-24,RUB_UZS,5,0.0050000000,True,0.0076344600,0.0077697191,0.0076344600,0,0,157.4659000077,16.8848973246
2023-10-25,RUB_UZS,5,0.0050000000,True,0.0076344600,0.0077378909,0.0076344600,1,1,26.1155275689,107.8341760968
2023-10-26,RUB_UZS,5,0.0050000000,True,0.0076253800,0.0077064264,0.0076253800,1,1,13.0576856333,92.2299912859
2023-10-27,RUB_UZS,5,0.0050000000,True,0.0075309700,0.0076782273,0.0075309700,0,0,183.8882697584,8.0451808834
2023-10-28,RUB_UZS,5,0.0050000000,True,0.0075309700,0.0076585218,0.0075309700,0,0,135.5564113244,31.4183582068
2023-10-31,RUB_UZS,5,0.0050000000,True,0.0075309700,0.0076181736,0.0075309700,0,0,123.8102232282,-9.4594373669
2023-11-01,RUB_UZS,5,0.0050000000,True,0.0075309700,0.0076150418,0.0076009000,1,1,0.0000000000,110.4023066309
2023-11-02,RUB_UZS,5,0.0050000000,True,0.0075309700,0.0076085736,0.0076009000,0,1,30.8220974765,-20.8006972039
2023-11-03,RUB_UZS,5,0.0050000000,True,0.0075309700,0.0075992400,0.0075317900,0,0,98.3227679194,-9.6588606229
2023-11-04,RUB_UZS,5,0.0050000000,True,0.0075078700,0.0075877318,0.0075078700,0,0,122.3934007815,-17.3545693677
2023-11-08,RUB_UZS,5,0.0050000000,True,0.0074755200,0.0075453900,0.0074755200,0,0,74.7099958974,18.0242505689
2023-11-09,RUB_UZS,5,0.0050000000,True,0.0074755200,0.0075363873,0.0074755200,1,1,43.0881195332,37.8394470657
2023-11-10,RUB_UZS,5,0.0050000000,True,0.0074306600,0.0075209109,0.0074306600,0,0,60.0092033731,60.3529408067
2023-11-11,RUB_UZS,5,0.0050000000,True,0.0072788200,0.0074916309,0.0072788200,0,0,283.6486542407,0.4283567821
2023-11-14,RUB_UZS,5,0.0050000000,True,0.0072420300,0.0074039418,0.0072420300,0,0,353.6706382242,-139.9365153893
2023-11-15,RUB_UZS,5,0.0050000000,True,0.0072420300,0.0073817255,0.0072420300,0,0,253.8536280761,-66.2914731195
2023-11-16,RUB_UZS,5,0.0050000000,True,0.0072064700,0.0073572664,0.0072064700,0,0,99.3979793428,106.6243353973
2023-11-17,RUB_UZS,5,0.0050000000,True,0.0071570500,0.0073268791,0.0071570500,0,0,117.3427892456,115.8052287424
2023-11-18,RUB_UZS,5,0.0050000000,True,0.0071570500,0.0072990645,0.0071570500,0,0,146.5411255471,48.7384996160
2023-11-21,RUB_UZS,5,0.0050000000,True,0.0071570500,0.0072245964,0.0071570500,0,0,68.5772645970,25.0897942584
2023-11-22,RUB_UZS,5,0.0050000000,True,0.0071570500,0.0072190373,0.0071750300,1,1,0.0000000000,85.8663979496
2023-11-23,RUB_UZS,5,0.0050000000,True,0.0071570500,0.0072164891,0.0071750300,1,1,14.3625571475,43.1499175247
2023-11-24,RUB_UZS,5,0.0050000000,True,0.0071570500,0.0072105545,0.0071982100,1,1,0.0000000000,49.2674248986
2023-11-25,RUB_UZS,5,0.0050000000,True,0.0071570500,0.0072063782,0.0071982100,0,1,26.9616094945,-15.6692001126
2023-11-28,RUB_UZS,5,0.0050000000,True,0.0071750300,0.0072250773,0.0071982100,0,1,21.8879955642,15.3317013911
2023-11-29,RUB_UZS,5,0.0050000000,True,0.0071750300,0.0072363727,0.0072135000,1,1,0.0000000000,52.7373709330
2023-11-30,RUB_UZS,5,0.0050000000,True,0.0071982100,0.0072542536,0.0072135000,1,1,5.6113224016,50.5960202159
2023-12-01,RUB_UZS,5,0.0050000000,True,0.0071982100,0.0072765291,0.0073096000,1,1,0.0000000000,86.6197195416
2023-12-02,RUB_UZS,5,0.0050000000,True,0.0071982100,0.0073067236,0.0073096000,0,1,0.0000000000,-3.9365983709
2023-12-05,RUB_UZS,5,0.0050000000,True,0.0072135000,0.0073782855,0.0074472900,0,1,0.0000000000,8.8983471647
2023-12-06,RUB_UZS,5,0.0050000000,True,0.0072135000,0.0073991709,0.0074472900,0,1,20.6493628311,-85.8597425166
2023-12-07,RUB_UZS,5,0.0050000000,True,0.0073096000,0.0074152091,0.0073899200,0,0,211.7801640041,-181.5200454104
2023-12-08,RUB_UZS,5,0.0050000000,True,0.0073096000,0.0074160227,0.0073185500,0,0,271.0941072625,-143.5503593264
2023-12-09,RUB_UZS,5,0.0050000000,True,0.0072793400,0.0074132718,0.0072793400,0,0,225.5182757755,-45.8882159626
2023-12-12,RUB_UZS,5,0.0050000000,True,0.0072510800,0.0073790336,0.0072510800,0,0,187.8775412995,-14.7531020630
2023-12-13,RUB_UZS,5,0.0050000000,True,0.0072510800,0.0073525200,0.0072510800,0,0,92.1903929057,46.2018464418
2023-12-14,RUB_UZS,5,0.0050000000,True,0.0072510800,0.0073327391,0.0072510800,1,1,38.8222009138,72.8228432064
2023-12-15,RUB_UZS,5,0.0050000000,True,0.0072510800,0.0073168845,0.0072581600,1,1,0.0000000000,89.9351972083
2023-12-16,RUB_UZS,5,0.0050000000,True,0.0072510800,0.0073041718,0.0072581600,1,1,0.0000000000,62.9938880508
2023-12-19,RUB_UZS,5,0.0050000000,True,0.0072510800,0.0073142545,0.0072728900,0,1,43.8062722368,12.8031440475
2023-12-20,RUB_UZS,5,0.0050000000,True,0.0072510800,0.0073281791,0.0073074500,1,1,0.0000000000,75.4472430644
2023-12-21,RUB_UZS,5,0.0050000000,True,0.0072581600,0.0073455900,0.0074016500,0,1,0.0000000000,51.9223098485
2023-12-22,RUB_UZS,5,0.0050000000,True,0.0072581600,0.0073609473,0.0074270900,0,1,0.0000000000,-55.2955017400
2023-12-23,RUB_UZS,5,0.0050000000,True,0.0072581600,0.0073758973,0.0074226100,0,1,13.3198609891,-76.7536818633
2023-12-26,RUB_UZS,5,0.0050000000,True,0.0072688200,0.0073771409,0.0072688200,0,0,233.4936715664,-88.7323310152
2023-12-27,RUB_UZS,5,0.0050000000,True,0.0072688200,0.0073736291,0.0072688200,0,0,213.0982659427,-72.5028455212
2023-12-28,RUB_UZS,5,0.0050000000,True,0.0072688200,0.0073615536,0.0072688200,0,0,207.1912709950,-82.9395079522
2023-12-29,RUB_UZS,5,0.0050000000,True,0.0072688200,0.0073466727,0.0072688200,0,0,59.0264196565,47.2223665877
2023-12-30,RUB_UZS,5,0.0050000000,True,0.0072688200,0.0073317918,0.0072688200,1,1,0.0000000000,85.8887155329
2024-01-10,RUB_UZS,5,0.0050000000,True,0.0070982900,0.0072087082,0.0070982900,0,0,271.6241256058,-121.7580403701
2024-01-11,RUB_UZS,5,0.0050000000,True,0.0070696700,0.0071906036,0.0070696700,0,0,195.8698694062,-28.2401376342
2024-01-12,RUB_UZS,5,0.0050000000,True,0.0070630700,0.0071718991,0.0070630700,0,0,120.7928464227,31.3293461387
2024-01-13,RUB_UZS,5,0.0050000000,True,0.0070630700,0.0071580682,0.0070630700,1,1,49.6175839533,83.5116127701
2024-01-16,RUB_UZS,5,0.0050000000,True,0.0070630700,0.0071186036,0.0070630700,1,1,9.3356549881,68.7404986473
2024-01-17,RUB_UZS,5,0.0050000000,True,0.0070630700,0.0071114964,0.0071166800,1,1,0.0000000000,68.0958846917
2024-01-18,RUB_UZS,5,0.0050000000,True,0.0070630700,0.0071061436,0.0070905500,0,1,36.7165588449,-14.8271188644
2024-01-19,RUB_UZS,5,0.0050000000,True,0.0070630700,0.0071044836,0.0070800300,0,0,76.4168728231,-42.3202658705
2024-01-20,RUB_UZS,5,0.0050000000,True,0.0070630700,0.0071045982,0.0070800300,0,0,73.8847538039,-39.5966351113
2024-01-23,RUB_UZS,5,0.0050000000,True,0.0070800300,0.0071346182,0.0070800300,1,1,14.8366487790,61.7666996259
2024-01-24,RUB_UZS,5,0.0050000000,True,0.0070800300,0.0071432873,0.0070995500,1,1,0.0000000000,88.5548492062
2024-01-25,RUB_UZS,5,0.0050000000,True,0.0070800300,0.0071516491,0.0071371700,1,1,0.0000000000,72.8490593524
2024-01-26,RUB_UZS,5,0.0050000000,True,0.0070800300,0.0071565636,0.0071867900,0,1,0.0000000000,27.0990902185
2024-01-27,RUB_UZS,5,0.0050000000,True,0.0070800300,0.0071639327,0.0071867900,0,1,35.0108984420,-67.1520442175
2024-01-30,RUB_UZS,5,0.0050000000,True,0.0070995500,0.0072135345,0.0071867900,0,0,54.9918148821,-18.0153771547
2024-01-31,RUB_UZS,5,0.0050000000,True,0.0071371700,0.0072310382,0.0072137900,0,1,0.0000000000,61.1920179449
2024-02-01,RUB_UZS,5,0.0050000000,True,0.0071867900,0.0072485645,0.0072647500,1,1,0.0000000000,47.9743889104
2024-02-02,RUB_UZS,5,0.0050000000,True,0.0071867900,0.0072540382,0.0072722500,0,1,0.0000000000,-14.7666967189
2024-02-03,RUB_UZS,5,0.0050000000,True,0.0071867900,0.0072621673,0.0072722500,0,1,27.2075632638,-41.2035775947
2024-02-06,RUB_UZS,5,0.0050000000,True,0.0072137900,0.0072879027,0.0072722500,0,0,78.7316711142,-57.7083343468
2024-02-07,RUB_UZS,5,0.0050000000,True,0.0072647500,0.0072949836,0.0072916800,1,1,0.0000000000,31.1633822594
2024-02-08,RUB_UZS,5,0.0050000000,True,0.0072722500,0.0072990473,0.0072916800,1,1,13.3945813577,-3.3055372607
2024-02-09,RUB_UZS,5,0.0050000000,True,0.0072722500,0.0073010582,0.0072916800,0,1,45.6103611014,-32.9155275624
2024-02-10,RUB_UZS,5,0.0050000000,True,0.0072722500,0.0073041618,0.0072916800,1,1,0.0000000000,17.0886386317
2024-02-13,RUB_UZS,5,0.0050000000,True,0.0072916800,0.0073288182,0.0073142100,1,1,0.0000000000,26.4274284580
2024-02-14,RUB_UZS,5,0.0050000000,True,0.0072916800,0.0073382955,0.0073262300,1,1,0.0000000000,32.8215928272
2024-02-15,RUB_UZS,5,0.0050000000,True,0.0072916800,0.0073449945,0.0073541000,1,1,0.0000000000,25.5473919530
2024-02-16,RUB_UZS,5,0.0050000000,True,0.0072916800,0.0073548127,0.0073987800,0,1,0.0000000000,0.9690624346
2024-02-17,RUB_UZS,5,0.0050000000,True,0.0072916800,0.0073655336,0.0073987800,0,1,9.3576443042,-54.5464397013
2024-02-20,RUB_UZS,5,0.0050000000,True,0.0073262300,0.0073977118,0.0073996800,0,1,0.0000000000,-1.4439354282
2024-02-21,RUB_UZS,5,0.0050000000,True,0.0073541000,0.0074065182,0.0074096100,0,1,0.0000000000,9.2326537927
2024-02-22,RUB_UZS,5,0.0050000000,True,0.0073987800,0.0074121909,0.0074165000,1,1,0.0000000000,3.4819787058
2024-02-23,RUB_UZS,5,0.0050000000,True,0.0073746700,0.0074093691,0.0073746700,0,0,65.2422842209,-18.5318195415
2024-02-27,RUB_UZS,5,0.0050000000,True,0.0072761500,0.0073759982,0.0072761500,0,0,189.2402076451,-54.9102876430
2024-02-28,RUB_UZS,5,0.0050000000,True,0.0072761500,0.0073668118,0.0072761500,0,0,133.5924183726,-10.6670049570
2024-02-29,RUB_UZS,5,0.0050000000,True,0.0072761500,0.0073556055,0.0072761500,0,0,99.8431192199,8.2596253741
2024-03-01,RUB_UZS,5,0.0050000000,True,0.0072761500,0.0073424391,0.0072782700,1,1,0.0000000000,90.2821120997
2024-03-02,RUB_UZS,5,0.0050000000,True,0.0072120700,0.0073232545,0.0072120700,0,0,132.0232713421,20.0655942837
2024-03-05,RUB_UZS,5,0.0050000000,True,0.0072120700,0.0072820409,0.0072120700,0,0,120.2219777721,-24.4287159756
2024-03-06,RUB_UZS,5,0.0050000000,True,0.0072120700,0.0072733236,0.0072120700,0,0,90.9556804021,-6.8006923432
2024-03-07,RUB_UZS,5,0.0050000000,True,0.0072120700,0.0072707836,0.0072482100,1,1,0.0000000000,80.7528311941
2024-03-08,RUB_UZS,5,0.0050000000,True,0.0072120700,0.0072666400,0.0072482100,0,1,7.4858967360,17.8899739082
2024-03-12,RUB_UZS,5,0.0050000000,True,0.0072120700,0.0072696673,0.0072629800,0,1,0.0000000000,29.5161689281
2024-03-13,RUB_UZS,5,0.0050000000,True,0.0072482100,0.0072786073,0.0073037200,1,1,0.0000000000,21.4701413907
2024-03-14,RUB_UZS,5,0.0050000000,True,0.0072482100,0.0072844264,0.0073039800,0,1,0.0000000000,-26.4861437270
2024-03-15,RUB_UZS,5,0.0050000000,True,0.0072482100,0.0072925300,0.0073104100,0,1,0.0000000000,-15.7009981447
2024-03-16,RUB_UZS,5,0.0050000000,True,0.0072482100,0.0073038691,0.0073104100,0,1,0.0000000000,-8.9554029645
2024-03-19,RUB_UZS,5,0.0050000000,True,0.0073037200,0.0073311264,0.0073197600,1,1,0.0000000000,18.3823916925
2024-03-20,RUB_UZS,5,0.0050000000,True,0.0073039800,0.0073373745,0.0073197600,0,1,31.3505239160,-7.3670146072
2024-03-21,RUB_UZS,5,0.0050000000,True,0.0073104100,0.0073440873,0.0073197600,0,0,79.4348887356,-46.6807187873
2024-03-22,RUB_UZS,5,0.0050000000,True,0.0073104100,0.0073475855,0.0073488900,1,1,0.0000000000,37.8702020107
2024-03-23,RUB_UZS,5,0.0050000000,True,0.0073104100,0.0073515845,0.0073488900,0,1,31.9568121859,-28.3822547594
2024-03-26,RUB_UZS,5,0.0050000000,True,0.0073189700,0.0073506264,0.0073189700,0,0,79.7661097723,-36.9949920161
2024-03-27,RUB_UZS,5,0.0050000000,True,0.0073189700,0.0073452264,0.0073189700,1,1,40.7136315825,-4.9877787045
2024-03-28,RUB_UZS,5,0.0050000000,True,0.0073084400,0.0073441973,0.0073084400,0,0,62.4932013489,-13.8922293259
2024-03-29,RUB_UZS,5,0.0050000000,True,0.0073084400,0.0073391700,0.0073084400,1,1,19.0102644503,22.9044973750
2024-03-30,RUB_UZS,5,0.0050000000,True,0.0073084400,0.0073337673,0.0073084400,1,1,14.3872703400,20.1769052344
2024-04-02,RUB_UZS,5,0.0050000000,True,0.0072865300,0.0073123009,0.0072865300,1,1,29.9790379342,5.2800194343
2024-04-03,RUB_UZS,5,0.0050000000,True,0.0072865300,0.0073062873,0.0072865300,1,1,41.8468939409,-14.8676432602
2024-04-04,RUB_UZS,5,0.0050000000,True,0.0072865300,0.0073041109,0.0072865300,1,1,36.2230651632,-12.1973653193
2024-04-05,RUB_UZS,5,0.0050000000,True,0.0072865300,0.0073039091,0.0072882500,1,1,0.0000000000,23.7942322293
2024-04-06,RUB_UZS,5,0.0050000000,True,0.0072865300,0.0073071036,0.0072882500,1,1,0.0000000000,25.8017913826
2024-04-09,RUB_UZS,5,0.0050000000,True,0.0072865300,0.0073245800,0.0073167500,1,1,0.0000000000,35.7153584233
2024-04-10,RUB_UZS,5,0.0050000000,True,0.0072865300,0.0073299082,0.0073541100,1,1,0.0000000000,17.9513596784
2024-04-11,RUB_UZS,5,0.0050000000,True,0.0072882500,0.0073391709,0.0073716300,0,1,0.0000000000,-20.3552841242
2024-04-12,RUB_UZS,5,0.0050000000,True,0.0072882500,0.0073524218,0.0073716300,0,1,29.6339777698,-55.9246773852
2024-04-13,RUB_UZS,5,0.0050000000,True,0.0072882500,0.0073665455,0.0073716300,0,1,0.0000000000,-6.9022114720
2024-04-16,RUB_UZS,5,0.0050000000,True,0.0073541100,0.0073871764,0.0073592900,1,1,39.4265621066,-1.6835070701
2024-04-17,RUB_UZS,5,0.0050000000,True,0.0073592900,0.0073876473,0.0073592900,0,0,100.5110297134,-62.7570937826
2024-04-18,RUB_UZS,5,0.0050000000,True,0.0073484600,0.0073835491,0.0073484600,0,0,127.8277609923,-81.3442266739
2024-04-19,RUB_UZS,5,0.0050000000,True,0.0073394500,0.0073806236,0.0073394500,0,0,97.5878938663,-42.2137276894
2024-04-20,RUB_UZS,5,0.0050000000,True,0.0072810500,0.0073723891,0.0072810500,0,0,106.3146037186,17.7677693724
2024-04-23,RUB_UZS,5,0.0050000000,True,0.0072601700,0.0073366082,0.0072601700,0,0,120.1476227672,-16.1543561931
2024-04-24,RUB_UZS,5,0.0050000000,True,0.0072601700,0.0073199964,0.0072601700,0,0,108.0189932488,-26.5760191634
2024-04-25,RUB_UZS,5,0.0050000000,True,0.0072601700,0.0073062782,0.0072601700,1,1,28.6771825492,34.5294569826
2024-04-26,RUB_UZS,5,0.0050000000,True,0.0072601700,0.0072973318,0.0072608800,1,1,0.0000000000,50.9252136366
2024-04-27,RUB_UZS,5,0.0050000000,True,0.0072601700,0.0072883855,0.0072608800,1,1,25.4690620956,12.3010159127
2024-04-28,RUB_UZS,5,0.0050000000,True,0.0072601700,0.0072818336,0.0072608800,1,1,0.0000000000,28.7752198279
2024-05-03,RUB_UZS,5,0.0050000000,True,0.0072041300,0.0072464455,0.0072041300,0,0,114.0215335889,-56.2683397126
2024-05-04,RUB_UZS,5,0.0050000000,True,0.0072041300,0.0072444882,0.0072041300,1,1,45.2680640441,10.4882244646
2024-05-07,RUB_UZS,5,0.0050000000,True,0.0072041300,0.0072386164,0.0072044800,1,1,0.0000000000,47.6422038466
2024-05-08,RUB_UZS,5,0.0050000000,True,0.0072041300,0.0072366591,0.0072393500,1,1,0.0000000000,44.4667774243
2024-05-09,RUB_UZS,5,0.0050000000,True,0.0072041300,0.0072291791,0.0072049400,1,1,47.5318916754,-14.0692448797
2024-05-14,RUB_UZS,5,0.0050000000,True,0.0071436300,0.0072022391,0.0071436300,0,0,85.0943935689,-3.7500964031
2024-05-15,RUB_UZS,5,0.0050000000,True,0.0071436300,0.0071943973,0.0071436300,0,0,69.6163731927,0.9552888188
2024-05-16,RUB_UZS,5,0.0050000000,True,0.0071409700,0.0071854536,0.0071409700,0,0,53.5558582727,8.3970152324
2024-05-17,RUB_UZS,5,0.0050000000,True,0.0071256600,0.0071751182,0.0071256600,1,1,25.1552781989,43.8852448423
2024-05-18,RUB_UZS,5,0.0050000000,True,0.0070965200,0.0071621336,0.0070965200,0,0,79.0847032541,12.6270142709
2024-05-21,RUB_UZS,5,0.0050000000,True,0.0070560400,0.0071227209,0.0070560400,0,0,118.9334222101,-25.6209546071
2024-05-22,RUB_UZS,5,0.0050000000,True,0.0070560400,0.0071115045,0.0070560400,0,0,97.7032302973,-19.9050066761
2024-05-23,RUB_UZS,5,0.0050000000,True,0.0069805100,0.0070966755,0.0069805100,0,0,163.4744917227,0.2190526345
2024-05-24,RUB_UZS,5,0.0050000000,True,0.0069745700,0.0070804464,0.0069745700,0,0,166.1078509612,-16.8543559978
2024-05-25,RUB_UZS,5,0.0050000000,True,0.0069745700,0.0070716191,0.0069745700,0,0,115.4613635977,22.0304441017
2024-05-28,RUB_UZS,5,0.0050000000,True,0.0069745700,0.0070695109,0.0069745700,1,1,8.5094069058,125.8940119556
2024-05-29,RUB_UZS,5,0.0050000000,True,0.0069745700,0.0070740827,0.0070559900,1,1,0.0000000000,140.6722696203
2024-05-30,RUB_UZS,5,0.0050000000,True,0.0069745700,0.0070741736,0.0070933800,0,1,0.0000000000,25.7042550810
2024-05-31,RUB_UZS,5,0.0050000000,True,0.0069745700,0.0070723418,0.0070358900,0,0,94.3556936523,-43.2221498961
2024-06-01,RUB_UZS,5,0.0050000000,True,0.0069745700,0.0070678818,0.0070069800,0,0,195.6537252285,-111.6716207890
2024-06-04,RUB_UZS,5,0.0050000000,True,0.0070022200,0.0070690945,0.0070022200,0,0,128.5141921059,-34.3544061963
2024-06-05,RUB_UZS,5,0.0050000000,True,0.0070022200,0.0070650155,0.0070022200,1,1,47.8546424120,41.2248985623
2024-06-06,RUB_UZS,5,0.0050000000,True,0.0070022200,0.0070590118,0.0070022200,1,1,6.7932261830,73.7097762718
2024-06-07,RUB_UZS,5,0.0050000000,True,0.0070022200,0.0070498164,0.0070111200,1,1,0.0000000000,67.5143311276
2024-06-08,RUB_UZS,5,0.0050000000,True,0.0070022200,0.0070406209,0.0070111200,1,1,0.0000000000,41.9010048571
2024-06-11,RUB_UZS,5,0.0050000000,True,0.0069889800,0.0070255064,0.0069889800,0,0,68.0558259567,-16.1748289382
2024-06-12,RUB_UZS,5,0.0050000000,True,0.0069889800,0.0070303645,0.0069889800,0,0,80.4466863289,-21.7562751498
2024-06-14,RUB_UZS,5,0.0050000000,True,0.0068994700,0.0070253909,0.0068994700,0,0,128.0730521478,51.8275916060
2024-06-15,RUB_UZS,5,0.0050000000,True,0.0065437600,0.0069829036,0.0065437600,0,0,731.7694981318,-111.0087832699
2024-06-18,RUB_UZS,5,0.0050000000,True,0.0065437600,0.0069447073,0.0065437600,0,0,730.1151978422,-164.8056898268
2024-06-19,RUB_UZS,5,0.0050000000,True,0.0065437600,0.0069368227,0.0065437600,0,0,515.5613402189,53.8470258522
2024-06-20,RUB_UZS,5,0.0050000000,True,0.0065437600,0.0069306000,0.0067556300,1,1,0.0000000000,558.1623524659
2024-06-21,RUB_UZS,5,0.0050000000,True,0.0065437600,0.0069184518,0.0069205300,0,1,0.0000000000,235.3442973382
2024-06-22,RUB_UZS,5,0.0050000000,True,0.0065437600,0.0069108036,0.0069205300,0,0,55.1808970632,-69.6393157275
2024-06-25,RUB_UZS,5,0.0050000000,True,0.0065437600,0.0068557218,0.0067537500,0,0,240.9931031294,-94.5315220438
2024-06-26,RUB_UZS,5,0.0050000000,True,0.0067537500,0.0068817164,0.0067537500,0,0,249.8126837973,-65.4976665441
2024-06-27,RUB_UZS,5,0.0050000000,True,0.0067537500,0.0068995409,0.0067537500,0,0,318.9947665593,-111.2379677436
2024-06-28,RUB_UZS,5,0.0050000000,True,0.0067537500,0.0069025309,0.0068297000,1,1,0.0000000000,215.5454442007
2024-06-29,RUB_UZS,5,0.0050000000,True,0.0067537500,0.0069058836,0.0068297000,0,1,0.0000000000,110.3169997862
2024-07-02,RUB_UZS,5,0.0050000000,True,0.0067537500,0.0069227836,0.0069918200,0,1,0.0000000000,-41.7698503308
2024-07-03,RUB_UZS,5,0.0050000000,True,0.0067537500,0.0069244664,0.0069948000,0,1,0.0000000000,-97.2690642521
2024-07-04,RUB_UZS,5,0.0050000000,True,0.0068297000,0.0069464400,0.0069948000,0,1,1.4437213132,-71.0723766418
2024-07-05,RUB_UZS,5,0.0050000000,True,0.0068297000,0.0069595827,0.0069742700,0,1,40.3852882164,-61.7382886461
2024-07-06,RUB_UZS,5,0.0050000000,True,0.0068297000,0.0069710691,0.0069560500,0,0,55.3982958769,-34.0419938197
2024-07-09,RUB_UZS,5,0.0050000000,True,0.0069334300,0.0069764000,0.0069334300,0,0,88.6717957075,-27.3206811536
2024-07-10,RUB_UZS,5,0.0050000000,True,0.0069334300,0.0069707291,0.0069334300,0,0,58.5580999875,-5.0796825479
2024-07-11,RUB_UZS,5,0.0050000000,True,0.0069334300,0.0069658982,0.0069334300,1,1,32.5184551577,14.1377056643
2024-07-12,RUB_UZS,5,0.0050000000,True,0.0069334300,0.0069665800,0.0069334300,1,1,45.3266331658,2.2679707977
2024-07-13,RUB_UZS,5,0.0050000000,True,0.0069334300,0.0069669445,0.0069334300,1,1,0.0000000000,48.1050842818
2024-07-16,RUB_UZS,5,0.0050000000,True,0.0069334300,0.0069657364,0.0069809200,1,1,0.0000000000,23.4381015647
2024-07-17,RUB_UZS,5,0.0050000000,True,0.0069334300,0.0069683827,0.0069809200,0,1,30.5328249290,-48.6730910955
2024-07-18,RUB_UZS,5,0.0050000000,True,0.0069334300,0.0069680336,0.0069611600,0,0,53.7948594118,-44.1679320774
2024-07-19,RUB_UZS,5,0.0050000000,True,0.0069323200,0.0069679327,0.0069323200,0,0,69.6183311082,-18.6386310483
2024-07-20,RUB_UZS,5,0.0050000000,True,0.0068776400,0.0069628609,0.0068776400,0,0,153.9263238065,-32.0257595265
2024-07-23,RUB_UZS,5,0.0050000000,True,0.0067651300,0.0069106055,0.0067651300,0,0,281.6053646231,-73.1550162820
2024-07-24,RUB_UZS,5,0.0050000000,True,0.0067651300,0.0068900409,0.0067651300,0,0,241.1746716828,-61.3626123080
2024-07-25,RUB_UZS,5,0.0050000000,True,0.0067651300,0.0068799182,0.0067651300,0,0,163.5880912639,3.3113501614
2024-07-26,RUB_UZS,5,0.0050000000,True,0.0067651300,0.0068690445,0.0067726000,1,1,0.0000000000,151.2794752850
2024-07-27,RUB_UZS,5,0.0050000000,True,0.0067651300,0.0068582282,0.0067726000,1,1,0.0000000000,124.8546702561
2024-07-30,RUB_UZS,5,0.0050000000,True,0.0067651300,0.0068210127,0.0068153700,0,0,78.8986792478,-71.1877761687
2024-07-31,RUB_UZS,5,0.0050000000,True,0.0067651300,0.0068153518,0.0068153700,0,0,73.0895558258,-73.6545715575
2024-08-01,RUB_UZS,5,0.0050000000,True,0.0067515500,0.0068141173,0.0067515500,0,0,166.9487254922,-76.4042137653
2024-08-02,RUB_UZS,5,0.0050000000,True,0.0067515500,0.0068131409,0.0067515500,0,0,127.1910776146,-37.2648845046
2024-08-03,RUB_UZS,5,0.0050000000,True,0.0067515500,0.0068168255,0.0067515500,0,0,93.6412843323,2.1350914075
2024-08-06,RUB_UZS,5,0.0050000000,True,0.0067515500,0.0068395655,0.0067618600,1,1,0.0000000000,128.6857405348
2024-08-07,RUB_UZS,5,0.0050000000,True,0.0067515500,0.0068476218,0.0068131300,1,1,0.0000000000,125.2432164903
2024-08-08,RUB_UZS,5,0.0050000000,True,0.0067515500,0.0068727018,0.0068482600,0,1,0.0000000000,86.6788924615
2024-08-09,RUB_UZS,5,0.0050000000,True,0.0067515500,0.0069200209,0.0069548000,0,1,0.0000000000,103.7004223450
2024-08-10,RUB_UZS,5,0.0050000000,True,0.0067515500,0.0069488055,0.0069548000,0,1,0.0000000000,-8.6267279948
2024-08-13,RUB_UZS,5,0.0050000000,True,0.0068131300,0.0070180845,0.0070281300,0,0,121.2749897743,-137.2531976803
2024-08-14,RUB_UZS,5,0.0050000000,True,0.0068482600,0.0070376300,0.0070281300,0,0,419.5134053447,-423.7932372120
2024-08-15,RUB_UZS,5,0.0050000000,True,0.0069548000,0.0070581527,0.0070281300,0,0,145.6393718452,-104.6269124242
2024-08-16,RUB_UZS,5,0.0050000000,True,0.0069548000,0.0070781400,0.0070281300,0,1,9.1831933347,61.5274634297
2024-08-17,RUB_UZS,5,0.0050000000,True,0.0069548000,0.0071060809,0.0070281300,0,1,0.0000000000,109.6960618492
2024-08-20,RUB_UZS,5,0.0050000000,True,0.0070281300,0.0071302382,0.0071746600,0,1,0.0000000000,78.8587707513
2024-08-21,RUB_UZS,5,0.0050000000,True,0.0070281300,0.0071387618,0.0072193000,0,1,0.0000000000,-50.2862859589
2024-08-22,RUB_UZS,5,0.0050000000,True,0.0070281300,0.0071568109,0.0072193000,0,0,59.0045647639,-147.1871930769
2024-08-23,RUB_UZS,5,0.0050000000,True,0.0070281300,0.0071742955,0.0072204600,0,1,0.0000000000,-62.7302649294
2024-08-24,RUB_UZS,5,0.0050000000,True,0.0070281300,0.0071924282,0.0072204600,0,1,7.3348685813,-46.3429280616
2024-08-27,RUB_UZS,5,0.0050000000,True,0.0072159700,0.0072273909,0.0072159700,1,1,23.7241692048,-7.9407506544
2024-08-28,RUB_UZS,5,0.0050000000,True,0.0072159700,0.0072238055,0.0072159700,1,1,6.2184403764,4.6311526058
2024-08-29,RUB_UZS,5,0.0050000000,True,0.0071288100,0.0072155791,0.0071288100,0,0,136.6707298007,-16.6458006206
2024-08-30,RUB_UZS,5,0.0050000000,True,0.0070187500,0.0071967600,0.0070187500,0,0,273.3104489071,-26.6925672108
2024-08-31,RUB_UZS,5,0.0050000000,True,0.0070187500,0.0071794618,0.0070187500,0,0,282.3870818571,-60.2387517525
2024-09-03,RUB_UZS,5,0.0050000000,True,0.0070187500,0.0071383873,0.0070187500,0,0,154.3876186909,13.4165776685
2024-09-04,RUB_UZS,5,0.0050000000,True,0.0070187500,0.0071238982,0.0070354800,1,1,0.0000000000,147.5992204472
2024-09-05,RUB_UZS,5,0.0050000000,True,0.0070187500,0.0071148918,0.0070682100,1,1,0.0000000000,111.6135286539
2024-09-06,RUB_UZS,5,0.0050000000,True,0.0070187500,0.0071114209,0.0070682100,0,1,32.2939567994,28.5609716406
2024-09-07,RUB_UZS,5,0.0050000000,True,0.0070187500,0.0071087900,0.0070682100,0,1,0.0000000000,57.0842576585
2024-09-10,RUB_UZS,5,0.0050000000,True,0.0070354800,0.0071150327,0.0071367300,0,1,0.0000000000,-2.6244049730
2024-09-11,RUB_UZS,5,0.0050000000,True,0.0070682100,0.0071242373,0.0071367300,0,0,66.5318399394,-84.6304312513
2024-09-12,RUB_UZS,5,0.0050000000,True,0.0070682100,0.0071294600,0.0071367300,0,0,79.2908308161,-90.2031850940
2024-09-13,RUB_UZS,5,0.0050000000,True,0.0070682100,0.0071398482,0.0071367300,0,1,40.1229226793,-35.8996683530
2024-09-14,RUB_UZS,5,0.0050000000,True,0.0070682100,0.0071518064,0.0071367300,0,1,0.0000000000,21.0804975272
2024-09-17,RUB_UZS,5,0.0050000000,True,0.0071367300,0.0071934618,0.0071824800,1,1,0.0000000000,62.4203190574
2024-09-18,RUB_UZS,5,0.0050000000,True,0.0071367300,0.0072009291,0.0071997500,0,1,0.0000000000,25.6204313029
2024-09-19,RUB_UZS,5,0.0050000000,True,0.0071367300,0.0072131027,0.0072759100,0,1,0.0000000000,18.5117664029
2024-09-20,RUB_UZS,5,0.0050000000,True,0.0071367300,0.0072265691,0.0072759100,0,1,0.1649251034,-68.4431415084
2024-09-21,RUB_UZS,5,0.0050000000,True,0.0071367300,0.0072362636,0.0072433700,0,1,44.7229281286,-54.7884455690
2024-09-24,RUB_UZS,5,0.0050000000,True,0.0071997500,0.0072666382,0.0072432900,0,0,76.8557372602,-45.0714861017
2024-09-25,RUB_UZS,5,0.0050000000,True,0.0072432900,0.0072738700,0.0072432900,0,0,57.0635537265,-15.1088760179
2024-09-26,RUB_UZS,5,0.0050000000,True,0.0072432900,0.0072789055,0.0072432900,1,1,0.1104458284,48.8197775989
2024-09-27,RUB_UZS,5,0.0050000000,True,0.0072432900,0.0072849245,0.0072793000,1,1,0.0000000000,57.1516495398
2024-09-28,RUB_UZS,5,0.0050000000,True,0.0072432900,0.0072978427,0.0072793000,1,1,0.0000000000,25.4085049044
2024-10-01,RUB_UZS,5,0.0050000000,True,0.0072432900,0.0073415064,0.0073421200,0,1,0.0000000000,13.7388202595
2024-10-02,RUB_UZS,5,0.0050000000,True,0.0072432900,0.0073599300,0.0074180100,0,1,0.0000000000,24.1985997149
2024-10-03,RUB_UZS,5,0.0050000000,True,0.0072793000,0.0073850627,0.0074460300,0,1,0.0000000000,-44.6133959101
2024-10-04,RUB_UZS,5,0.0050000000,True,0.0072793000,0.0074061655,0.0074460300,0,1,3.1818914129,-57.0261975833
2024-10-05,RUB_UZS,5,0.0050000000,True,0.0072793000,0.0074336627,0.0074460300,0,1,0.0000000000,-16.6368493985
2024-10-08,RUB_UZS,5,0.0050000000,True,0.0074180100,0.0074977582,0.0075114300,0,1,11.0641976130,-29.3311916022
2024-10-09,RUB_UZS,5,0.0050000000,True,0.0074460300,0.0075073927,0.0075239900,0,1,0.0000000000,-5.3777294914
2024-10-10,RUB_UZS,5,0.0050000000,True,0.0074460300,0.0075138691,0.0075196400,0,0,81.9465639290,-90.3674368949
2024-10-11,RUB_UZS,5,0.0050000000,True,0.0074460300,0.0075257991,0.0075196400,0,0,118.6216394149,-111.7634261490
2024-10-12,RUB_UZS,5,0.0050000000,True,0.0074460300,0.0075400082,0.0075196400,0,1,5.7815068866,21.2442499158
2024-10-15,RUB_UZS,5,0.0050000000,True,0.0075196400,0.0075570773,0.0075307900,1,1,0.0000000000,49.5393541394
2024-10-16,RUB_UZS,5,0.0050000000,True,0.0075196400,0.0075524427,0.0075307900,0,0,61.3282373840,-32.8599284013
2024-10-17,RUB_UZS,5,0.0050000000,True,0.0074983600,0.0075423018,0.0074983600,0,0,136.7607036264,-79.5886763289
2024-10-18,RUB_UZS,5,0.0050000000,True,0.0074983600,0.0075440509,0.0074983600,0,0,138.1357526051,-78.6568007350
2024-10-19,RUB_UZS,5,0.0050000000,True,0.0074983600,0.0075454445,0.0074983600,1,1,43.0632111638,19.4217124866
2024-10-22,RUB_UZS,5,0.0050000000,True,0.0074983600,0.0075459464,0.0075393200,1,1,0.0000000000,63.0621546234
2024-10-23,RUB_UZS,5,0.0050000000,True,0.0074983600,0.0075405082,0.0075393200,0,1,5.1834558936,-3.6095951575
2024-10-24,RUB_UZS,5,0.0050000000,True,0.0074983600,0.0075393927,0.0075413900,0,1,0.0000000000,0.0964630380
2024-10-25,RUB_UZS,5,0.0050000000,True,0.0074983600,0.0075462864,0.0075425100,0,1,0.0000000000,6.4884413345
2024-10-26,RUB_UZS,5,0.0050000000,True,0.0074983600,0.0075517764,0.0075425100,0,1,0.0000000000,12.2704423306
2024-10-29,RUB_UZS,5,0.0050000000,True,0.0075393200,0.0075772382,0.0075911800,0,1,0.0000000000,-18.3204194572
2024-10-30,RUB_UZS,5,0.0050000000,True,0.0075413900,0.0075857509,0.0075911800,0,1,20.2981087526,-27.5109098087
2024-10-31,RUB_UZS,5,0.0050000000,True,0.0075425100,0.0075940755,0.0075951200,0,1,0.0000000000,3.8127808484
2024-11-01,RUB_UZS,5,0.0050000000,True,0.0075425100,0.0076053527,0.0076243800,0,1,0.0000000000,13.4546386468
2024-11-02,RUB_UZS,5,0.0050000000,True,0.0075425100,0.0076186473,0.0076329600,0,1,0.0000000000,-7.5245999290
2024-11-03,RUB_UZS,5,0.0050000000,True,0.0075911200,0.0076302118,0.0076329600,0,1,0.0000000000,-3.6017110451
2024-11-06,RUB_UZS,5,0.0050000000,True,0.0075951200,0.0076415391,0.0076378400,0,1,37.4613907672,-32.7432848190
2024-11-07,RUB_UZS,5,0.0050000000,True,0.0076243800,0.0076455300,0.0076378400,0,0,66.2136238010,-56.5297631426
2024-11-08,RUB_UZS,5,0.0050000000,True,0.0076329600,0.0076479073,0.0076378400,1,1,41.5660545626,-28.5211712105
2024-11-09,RUB_UZS,5,0.0050000000,True,0.0076329600,0.0076529836,0.0076378400,1,1,0.0000000000,19.7878854617
2024-11-12,RUB_UZS,5,0.0050000000,True,0.0076378400,0.0076914227,0.0076505300,1,1,0.0000000000,68.1313836605
2024-11-13,RUB_UZS,5,0.0050000000,True,0.0076378400,0.0077026445,0.0076888000,1,1,0.0000000000,67.6579908978
2024-11-14,RUB_UZS,5,0.0050000000,True,0.0076378400,0.0077145382,0.0077309300,0,1,0.0000000000,33.3632178772
2024-11-15,RUB_UZS,5,0.0050000000,True,0.0076378400,0.0077292782,0.0077999800,0,1,0.0000000000,-2.1370924205
2024-11-16,RUB_UZS,5,0.0050000000,True,0.0076378400,0.0077442745,0.0077999800,0,1,15.6294201754,-87.6976328084
2024-11-19,RUB_UZS,5,0.0050000000,True,0.0076888000,0.0078239418,0.0077999800,0,1,0.7307177058,29.8977404554
2024-11-20,RUB_UZS,5,0.0050000000,True,0.0077309300,0.0078509755,0.0078028000,0,1,0.0000000000,64.9542911460
2024-11-21,RUB_UZS,5,0.0050000000,True,0.0077999800,0.0078836436,0.0078313900,1,1,0.0000000000,102.5460308616
2024-11-22,RUB_UZS,5,0.0050000000,True,0.0077999800,0.0079187518,0.0079861700,1,1,0.0000000000,110.3227127048
2024-11-23,RUB_UZS,5,0.0050000000,True,0.0077999800,0.0079744473,0.0079861700,0,1,0.0000000000,-14.7003633880
2024-11-26,RUB_UZS,5,0.0050000000,True,0.0078028000,0.0081440145,0.0081983800,0,1,0.0000000000,65.9804143947
2024-11-27,RUB_UZS,5,0.0050000000,True,0.0078313900,0.0081960055,0.0083747000,0,1,0.0000000000,-2.8971984801
2024-11-28,RUB_UZS,5,0.0050000000,True,0.0079861700,0.0082421727,0.0083392300,0,0,101.6161731261,-221.6251451791
2024-11-29,RUB_UZS,5,0.0050000000,True,0.0079861700,0.0082680800,0.0082711500,0,0,301.8211749697,-315.0429120183
2024-11-30,RUB_UZS,5,0.0050000000,True,0.0079861700,0.0082809100,0.0081273000,0,0,295.4135670531,-113.2604991480
2024-12-03,RUB_UZS,5,0.0050000000,True,0.0077448600,0.0082157755,0.0077448600,0,0,712.7396654128,-150.2652380625
2024-12-04,RUB_UZS,5,0.0050000000,True,0.0077448600,0.0081539591,0.0077448600,0,0,636.2960410584,-143.7227091580
2024-12-05,RUB_UZS,5,0.0050000000,True,0.0077413000,0.0080823900,0.0077413000,0,0,474.9424778217,-55.5652474083
2024-12-06,RUB_UZS,5,0.0050000000,True,0.0077413000,0.0080281273,0.0077413000,0,0,405.6822533689,-50.4510278634
2024-12-07,RUB_UZS,5,0.0050000000,True,0.0077413000,0.0079960309,0.0077413000,1,1,4.5965969688,314.1194824614
2024-12-10,RUB_UZS,5,0.0050000000,True,0.0077413000,0.0079214918,0.0077778100,1,1,0.0000000000,227.4720751061
2024-12-11,RUB_UZS,5,0.0050000000,True,0.0077413000,0.0079138055,0.0080216400,1,1,0.0000000000,171.8458399395
2024-12-12,RUB_UZS,5,0.0050000000,True,0.0077413000,0.0079059355,0.0079820600,0,1,49.3415311582,-146.3514926472
2024-12-13,RUB_UZS,5,0.0050000000,True,0.0077413000,0.0079291227,0.0079820600,0,0,120.7849349910,-189.8410176066
2024-12-14,RUB_UZS,5,0.0050000000,True,0.0077413000,0.0079510255,0.0079820600,0,0,75.4592645550,-115.3619064345
2024-12-17,RUB_UZS,5,0.0050000000,True,0.0079490000,0.0080123827,0.0079490000,1,1,41.4178795950,37.8448313128
2024-12-18,RUB_UZS,5,0.0050000000,True,0.0079490000,0.0080057791,0.0079490000,0,0,63.6506365064,7.3185767963
2024-12-19,RUB_UZS,5,0.0050000000,True,0.0078813100,0.0079877482,0.0078813100,0,0,130.8323910346,2.4514816612
2024-12-20,RUB_UZS,5,0.0050000000,True,0.0077408900,0.0079603064,0.0077408900,0,0,373.1050006840,-101.2443902056
2024-12-21,RUB_UZS,5,0.0050000000,True,0.0077160400,0.0079306055,0.0077160400,0,0,293.0683104793,-23.1943772263
2024-12-24,RUB_UZS,5,0.0050000000,True,0.0076753900,0.0078670445,0.0076753900,0,0,261.2763614171,-18.1331813530
2024-12-25,RUB_UZS,5,0.0050000000,True,0.0076753900,0.0078564864,0.0076753900,0,0,84.6155932974,147.1349382994
2024-12-26,RUB_UZS,5,0.0050000000,True,0.0076753900,0.0078409182,0.0076753900,0,0,52.6824640619,159.2647428815
2024-12-27,RUB_UZS,5,0.0050000000,True,0.0076753900,0.0078337045,0.0077805200,1,1,0.0000000000,202.0940980553
2024-12-28,RUB_UZS,5,0.0050000000,True,0.0076753900,0.0078264909,0.0078696500,0,1,0.0000000000,58.7375742525
2024-12-29,RUB_UZS,5,0.0050000000,True,0.0076753900,0.0078192773,0.0078696500,0,1,0.0000000000,-64.4212060984
2025-01-10,RUB_UZS,5,0.0050000000,True,0.0078696500,0.0078879100,0.0078756700,1,1,19.4524915664,-3.9427427544
2025-01-11,RUB_UZS,5,0.0050000000,True,0.0078696500,0.0078930300,0.0078756700,1,1,0.0000000000,21.9940884553
2025-01-14,RUB_UZS,5,0.0050000000,True,0.0078696500,0.0079020827,0.0078981700,0,1,36.1682587260,-31.3300601648
2025-01-15,RUB_UZS,5,0.0050000000,True,0.0078756700,0.0079053127,0.0078981700,0,0,94.9599254567,-86.7483363317
2025-01-16,RUB_UZS,5,0.0050000000,True,0.0078628700,0.0079027536,0.0078628700,0,0,79.6117068321,-29.3775621823
2025-01-17,RUB_UZS,5,0.0050000000,True,0.0077015400,0.0078869236,0.0077015400,0,0,248.9564038252,-14.2595061838
2025-01-18,RUB_UZS,5,0.0050000000,True,0.0075690900,0.0078590527,0.0075690900,0,0,425.1516094510,-58.6931712103
2025-01-21,RUB_UZS,5,0.0050000000,True,0.0075690900,0.0077676127,0.0075690900,0,0,373.6294762599,-122.6339109220
2025-01-22,RUB_UZS,5,0.0050000000,True,0.0075690900,0.0077353327,0.0075690900,0,0,171.9785912947,43.6861974322
2025-01-23,RUB_UZS,5,0.0050000000,True,0.0074895200,0.0076981827,0.0074895200,0,0,105.1249225468,167.6924695687
2025-01-24,RUB_UZS,5,0.0050000000,True,0.0074895200,0.0076665464,0.0074895200,0,0,182.5455708514,49.2612473010
2025-01-25,RUB_UZS,5,0.0050000000,True,0.0074895200,0.0076346182,0.0074895200,0,0,107.4774564153,83.4726508916
2025-01-28,RUB_UZS,5,0.0050000000,True,0.0074895200,0.0075605700,0.0075488600,1,1,0.0000000000,93.9743961103
2025-01-29,RUB_UZS,5,0.0050000000,True,0.0074895200,0.0075587309,0.0075488600,0,1,11.0093976854,2.0518114874
2025-01-30,RUB_UZS,5,0.0050000000,True,0.0074895200,0.0075654536,0.0075488600,0,1,6.7646548768,15.1790453231
2025-01-31,RUB_UZS,5,0.0050000000,True,0.0074895200,0.0075670327,0.0075488600,0,1,11.2208793041,12.8091520442
2025-02-01,RUB_UZS,5,0.0050000000,True,0.0074895200,0.0075645309,0.0075433700,0,1,7.2726212965,20.7162998991
2025-02-04,RUB_UZS,5,0.0050000000,True,0.0074630700,0.0075505182,0.0074630700,0,0,311.1364412358,-201.5912213129
2025-02-05,RUB_UZS,5,0.0050000000,True,0.0074630700,0.0075456291,0.0074630700,0,0,164.9785326280,-56.4974882509
2025-02-06,RUB_UZS,5,0.0050000000,True,0.0074630700,0.0075376418,0.0074630700,0,0,106.4510954653,-7.5994348847
2025-02-07,RUB_UZS,5,0.0050000000,True,0.0073853600,0.0075227782,0.0073853600,0,0,104.1260500036,79.3698556239
2025-02-08,RUB_UZS,5,0.0050000000,True,0.0072456500,0.0074952136,0.0072456500,0,0,339.3780690889,-6.6393886523
2025-02-11,RUB_UZS,5,0.0050000000,True,0.0069448100,0.0073186745,0.0069448100,0,0,702.4183745053,-206.0556916541
2025-02-12,RUB_UZS,5,0.0050000000,True,0.0069448100,0.0072642600,0.0069448100,0,0,596.5179761041,-166.7065881452
2025-02-13,RUB_UZS,5,0.0050000000,True,0.0069448100,0.0072255400,0.0069448100,0,0,415.2008446447,-27.8318298702
2025-02-14,RUB_UZS,5,0.0050000000,True,0.0069448100,0.0071833673,0.0069448100,0,0,90.5925830801,243.7119892114
2025-02-15,RUB_UZS,5,0.0050000000,True,0.0069448100,0.0071353400,0.0069448100,1,1,0.0000000000,267.0230150210
2025-02-18,RUB_UZS,5,0.0050000000,True,0.0068188800,0.0069642027,0.0068188800,0,0,310.1681788792,-104.7460500275
2025-02-19,RUB_UZS,5,0.0050000000,True,0.0068188800,0.0069254055,0.0068188800,0,0,308.9838537070,-160.1127127969
2025-02-20,RUB_UZS,5,0.0050000000,True,0.0068188800,0.0069091191,0.0068188800,0,0,219.4670311781,-90.8522609974
2025-02-21,RUB_UZS,5,0.0050000000,True,0.0067156900,0.0068882900,0.0067156900,0,0,174.2124083362,77.7115946048
2025-02-22,RUB_UZS,5,0.0050000000,True,0.0066690300,0.0068632191,0.0066690300,0,0,219.7574968323,64.6039275765
2025-02-25,RUB_UZS,5,0.0050000000,True,0.0066690300,0.0068175655,0.0066690300,0,0,234.4654898487,-16.9922027618
2025-02-26,RUB_UZS,5,0.0050000000,True,0.0066690300,0.0068068155,0.0066690300,0,0,69.4790855444,133.8738432884
2025-02-27,RUB_UZS,5,0.0050000000,True,0.0066690300,0.0068149200,0.0068087800,1,1,0.0000000000,214.0744131993
2025-02-28,RUB_UZS,5,0.0050000000,True,0.0066690300,0.0068240855,0.0068536400,0,1,0.0000000000,22.4285798403
2025-03-01,RUB_UZS,5,0.0050000000,True,0.0066690300,0.0068367782,0.0068536400,0,1,0.0000000000,-24.6633980705
2025-03-04,RUB_UZS,5,0.0050000000,True,0.0066690300,0.0068712873,0.0068999600,0,1,34.5902820805,-76.5835063855
2025-03-05,RUB_UZS,5,0.0050000000,True,0.0068087800,0.0068922809,0.0068999600,0,1,28.5272482911,-39.7823177418
2025-03-06,RUB_UZS,5,0.0050000000,True,0.0068419800,0.0068952991,0.0068419800,0,0,167.4498814400,-91.6579661849
2025-03-07,RUB_UZS,5,0.0050000000,True,0.0066898100,0.0068804055,0.0066898100,0,0,365.2245297693,-91.5564436874
2025-03-08,RUB_UZS,5,0.0050000000,True,0.0066898100,0.0068662727,0.0066898100,0,0,304.5669829970,-49.0619497147
2025-03-11,RUB_UZS,5,0.0050000000,True,0.0066137500,0.0067966827,0.0066137500,0,0,333.5730300293,-66.6461486359
2025-03-12,RUB_UZS,5,0.0050000000,True,0.0066137500,0.0067653418,0.0066137500,0,0,113.6953067426,111.6452356906
2025-03-13,RUB_UZS,5,0.0050000000,True,0.0065085000,0.0067258055,0.0065085000,0,0,283.1814015150,41.0738233988
2025-03-14,RUB_UZS,5,0.0050000000,True,0.0062967900,0.0066709718,0.0062967900,0,0,607.7777413167,-49.9000486368
2025-03-15,RUB_UZS,5,0.0050000000,True,0.0062967900,0.0066259455,0.0062967900,0,0,479.2439992440,18.4056066098
2025-03-18,RUB_UZS,5,0.0050000000,True,0.0062967900,0.0065525527,0.0062967900,0,0,325.2823231159,67.2298707180
2025-03-19,RUB_UZS,5,0.0050000000,True,0.0062967900,0.0065388800,0.0064046700,1,1,0.0000000000,370.2315992953
2025-03-20,RUB_UZS,5,0.0050000000,True,0.0062967900,0.0065186245,0.0064814500,0,1,0.0000000000,174.8137887984
2025-03-21,RUB_UZS,5,0.0050000000,True,0.0062967900,0.0065085436,0.0064814500,0,0,72.6312516561,-31.2302794173
2025-03-22,RUB_UZS,5,0.0050000000,True,0.0062967900,0.0064993673,0.0064814500,0,0,101.3015098247,-74.4883697770
2025-03-25,RUB_UZS,5,0.0050000000,True,0.0064046700,0.0065026173,0.0064803000,0,1,1.7742943323,32.5519276923
2025-03-26,RUB_UZS,5,0.0050000000,True,0.0064803000,0.0065094927,0.0064803000,1,1,34.6924276395,10.1893151289
2025-03-27,RUB_UZS,5,0.0050000000,True,0.0064803000,0.0065178545,0.0064803000,0,1,49.9170097086,7.7395796721
2025-03-28,RUB_UZS,5,0.0050000000,True,0.0064803000,0.0065189864,0.0064803000,1,1,21.3883486624,38.0371460426
2025-03-29,RUB_UZS,5,0.0050000000,True,0.0064803000,0.0065184300,0.0064803000,1,1,0.0000000000,58.4956807084
2025-04-01,RUB_UZS,5,0.0050000000,True,0.0064803000,0.0065227236,0.0065228000,0,0,148.0927675450,-150.4377145297
2025-04-02,RUB_UZS,5,0.0050000000,True,0.0064803000,0.0065236318,0.0065228000,0,0,57.0559263928,-56.1009309510
2025-04-03,RUB_UZS,5,0.0050000000,True,0.0064803000,0.0065384300,0.0065228000,0,1,28.8306026299,-4.9400238284
2025-04-04,RUB_UZS,5,0.0050000000,True,0.0064803000,0.0065485127,0.0065228000,0,1,16.7132965600,22.5894457090
2025-04-05,RUB_UZS,5,0.0050000000,True,0.0064803000,0.0065632791,0.0065228000,0,1,0.0000000000,61.6751022597
2025-04-08,RUB_UZS,5,0.0050000000,True,0.0064776000,0.0065493664,0.0064776000,0,0,269.4469105314,-164.2962546134
2025-04-09,RUB_UZS,5,0.0050000000,True,0.0064776000,0.0065435427,0.0064776000,0,0,172.3659237075,-72.8462771835
2025-04-10,RUB_UZS,5,0.0050000000,True,0.0063763500,0.0065292364,0.0063763500,0,0,401.0098257795,-173.8237521860
2025-04-11,RUB_UZS,5,0.0050000000,True,0.0063456500,0.0065131318,0.0063456500,0,0,316.6268384317,-61.4269493310
2025-04-12,RUB_UZS,5,0.0050000000,True,0.0063456500,0.0064985473,0.0063456500,0,0,203.7019883908,32.2337775632
2025-04-15,RUB_UZS,5,0.0050000000,True,0.0062584400,0.0064128891,0.0062584400,0,0,184.9177037020,56.9775812292
2025-04-16,RUB_UZS,5,0.0050000000,True,0.0062584400,0.0063779536,0.0062584400,0,0,137.4327295076,50.6489043436
2025-04-17,RUB_UZS,5,0.0050000000,True,0.0062419600,0.0063496645,0.0062419600,0,0,189.2533757075,-20.0096468947
2025-04-18,RUB_UZS,5,0.0050000000,True,0.0062419600,0.0063344436,0.0062419600,0,0,110.7439011638,35.6521229962
2025-04-19,RUB_UZS,5,0.0050000000,True,0.0062419600,0.0063269536,0.0062419600,1,1,26.3324406721,108.2885070784
2025-04-22,RUB_UZS,5,0.0050000000,True,0.0062419600,0.0063283982,0.0063101700,1,1,0.0000000000,136.5877736115
2025-04-23,RUB_UZS,5,0.0050000000,True,0.0062419600,0.0063312636,0.0063938900,0,1,0.0000000000,33.3166293100
2025-04-24,RUB_UZS,5,0.0050000000,True,0.0062419600,0.0063366173,0.0063707500,0,1,38.2473757703,-92.4668869065
2025-04-25,RUB_UZS,5,0.0050000000,True,0.0062419600,0.0063403155,0.0062991200,0,0,200.0556963522,-137.8394278346
2025-04-26,RUB_UZS,5,0.0050000000,True,0.0062419600,0.0063441945,0.0062991200,0,0,148.2196284265,-78.3321731221
2025-04-29,RUB_UZS,5,0.0050000000,True,0.0062991200,0.0063526273,0.0062991200,0,0,112.4357414747,-28.5279247384
2025-04-30,RUB_UZS,5,0.0050000000,True,0.0062991200,0.0063440727,0.0063011100,1,1,0.0000000000,70.8578372368
2025-05-01,RUB_UZS,5,0.0050000000,True,0.0062991200,0.0063363255,0.0063011100,1,1,0.0000000000,55.5770924301
2025-05-06,RUB_UZS,5,0.0050000000,True,0.0062562200,0.0062846173,0.0062562200,0,0,136.0191344409,-92.0863192797
2025-05-07,RUB_UZS,5,0.0050000000,True,0.0062562200,0.0062805364,0.0062562200,1,1,2.6366798927,36.0898533565
2025-05-08,RUB_UZS,5,0.0050000000,True,0.0062562200,0.0062786155,0.0062562200,1,1,0.0000000000,35.6694158252
2025-05-13,RUB_UZS,5,0.0050000000,True,0.0061874000,0.0062414500,0.0061874000,0,0,147.4208516588,-61.7324499916
2025-05-14,RUB_UZS,5,0.0050000000,True,0.0061874000,0.0062390300,0.0061874000,0,0,94.3592567808,-11.7165649147
2025-05-15,RUB_UZS,5,0.0050000000,True,0.0061874000,0.0062362255,0.0061874000,1,1,23.4281909019,54.9939298947
2025-05-16,RUB_UZS,5,0.0050000000,True,0.0061874000,0.0062352645,0.0062253700,1,1,0.0000000000,76.7642577241
2025-05-17,RUB_UZS,5,0.0050000000,True,0.0061858000,0.0062288627,0.0061858000,0,0,70.3094901759,-1.1836393890
2025-05-20,RUB_UZS,5,0.0050000000,True,0.0061629400,0.0062047118,0.0061629400,0,0,100.2831960189,-33.2943453677
2025-05-21,RUB_UZS,5,0.0050000000,True,0.0061629400,0.0062024427,0.0061629400,0,0,132.4281700063,-69.6617036660
2025-05-22,RUB_UZS,5,0.0050000000,True,0.0061629400,0.0062006336,0.0061629400,1,1,36.9556080054,23.9227750478
2025-05-23,RUB_UZS,5,0.0050000000,True,0.0061528600,0.0061936573,0.0061528600,1,1,16.3558301720,49.5947246912
2025-05-24,RUB_UZS,5,0.0050000000,True,0.0061528600,0.0061888845,0.0061528600,1,1,39.0320820726,19.2515232221
2025-05-27,RUB_UZS,5,0.0050000000,True,0.0061177000,0.0061644791,0.0061177000,0,0,80.7458451561,-4.9005099155
2025-05-28,RUB_UZS,5,0.0050000000,True,0.0061177000,0.0061618818,0.0061177000,0,0,57.1441573512,14.6413359555
2025-05-29,RUB_UZS,5,0.0050000000,True,0.0061177000,0.0061640273,0.0061177000,0,0,96.1616292435,-21.2080944719
2025-05-30,RUB_UZS,5,0.0050000000,True,0.0061177000,0.0061610236,0.0061439300,1,1,0.0000000000,70.3188932890
2025-05-31,RUB_UZS,5,0.0050000000,True,0.0061056500,0.0061545400,0.0061056500,0,0,83.7714361815,-4.3707571971
2025-06-03,RUB_UZS,5,0.0050000000,True,0.0061056500,0.0061553455,0.0061056500,0,0,130.7515994401,-50.6787891677
2025-06-04,RUB_UZS,5,0.0050000000,True,0.0061056500,0.0061546864,0.0061056500,0,0,62.3053973597,17.4767047431
2025-06-05,RUB_UZS,5,0.0050000000,True,0.0061056500,0.0061616964,0.0061664900,1,1,0.0000000000,90.9593078411
2025-06-06,RUB_UZS,5,0.0050000000,True,0.0061056500,0.0061640509,0.0061698500,0,1,0.0000000000,-3.9569610068
2025-06-07,RUB_UZS,5,0.0050000000,True,0.0061056500,0.0061709636,0.0061698500,0,1,0.0000000000,1.8046393226
2025-06-10,RUB_UZS,5,0.0050000000,True,0.0061056500,0.0061902464,0.0061831300,0,1,18.8544927124,-7.3723016752
2025-06-11,RUB_UZS,5,0.0050000000,True,0.0061664900,0.0062018482,0.0062332700,1,1,0.0000000000,30.1816188811
2025-06-12,RUB_UZS,5,0.0050000000,True,0.0061524600,0.0062005727,0.0061524600,0,0,129.6430284586,-52.7326654576
2025-06-17,RUB_UZS,5,0.0050000000,True,0.0061524600,0.0062221673,0.0061905400,1,1,0.0000000000,112.0305348151
2025-06-18,RUB_UZS,5,0.0050000000,True,0.0061524600,0.0062237336,0.0062138100,0,1,0.0000000000,53.3339604537
2025-06-19,RUB_UZS,5,0.0050000000,True,0.0061524600,0.0062266109,0.0062196800,0,1,0.0000000000,20.5583892712
2025-06-20,RUB_UZS,5,0.0050000000,True,0.0061524600,0.0062341418,0.0062505000,0,1,0.0000000000,23.1977690011
2025-06-21,RUB_UZS,5,0.0050000000,True,0.0061524600,0.0062381755,0.0062505000,0,1,0.0000000000,-19.7566508739
2025-06-24,RUB_UZS,5,0.0050000000,True,0.0062138100,0.0062503173,0.0062343800,0,1,48.7476296585,-23.3631776365
2025-06-25,RUB_UZS,5,0.0050000000,True,0.0062196800,0.0062521873,0.0062343800,0,0,129.3992663206,-102.2405831501
2025-06-26,RUB_UZS,5,0.0050000000,True,0.0062057500,0.0062509209,0.0062057500,0,0,114.5175575535,-42.7442472840
2025-06-27,RUB_UZS,5,0.0050000000,True,0.0061771000,0.0062442482,0.0061771000,0,0,102.4984497851,5.0897749827
2025-06-28,RUB_UZS,5,0.0050000000,True,0.0061771000,0.0062401027,0.0061771000,0,0,91.8776205493,9.1708863185
2025-07-01,RUB_UZS,5,0.0050000000,True,0.0061771000,0.0062383800,0.0061771000,1,1,46.1668613786,52.3052459132
2025-07-02,RUB_UZS,5,0.0050000000,True,0.0061771000,0.0062384055,0.0062049000,1,1,0.0000000000,98.2710325453
2025-07-03,RUB_UZS,5,0.0050000000,True,0.0061771000,0.0062386864,0.0062441600,1,1,0.0000000000,54.1562144129
2025-07-04,RUB_UZS,5,0.0050000000,True,0.0061662700,0.0062324945,0.0061662700,0,0,144.5960676007,-38.9016859439
2025-07-05,RUB_UZS,5,0.0050000000,True,0.0061494800,0.0062247764,0.0061494800,0,0,204.5900553049,-85.3743705141
2025-07-08,RUB_UZS,5,0.0050000000,True,0.0061494800,0.0062128373,0.0061494800,0,0,151.6296827756,-50.4161398371
2025-07-09,RUB_UZS,5,0.0050000000,True,0.0061494800,0.0062091727,0.0061494800,1,1,27.2287784998,69.0957220183
2025-07-10,RUB_UZS,5,0.0050000000,True,0.0061494800,0.0062051591,0.0061567200,1,1,0.0000000000,89.7303197120
2025-07-11,RUB_UZS,5,0.0050000000,True,0.0061388700,0.0061925182,0.0061388700,1,1,28.9927104042,57.8087633611
2025-07-12,RUB_UZS,5,0.0050000000,True,0.0061009400,0.0061764291,0.0061009400,0,0,103.2509866836,19.1681807317
2025-07-15,RUB_UZS,5,0.0050000000,True,0.0061009400,0.0061594582,0.0061009400,0,0,179.7157063318,-86.2605388550
2025-07-16,RUB_UZS,5,0.0050000000,True,0.0061009400,0.0061628455,0.0061009400,0,0,61.7866154520,38.9032220949
2025-07-17,RUB_UZS,5,0.0050000000,True,0.0061009400,0.0061692555,0.0061281900,1,1,0.0000000000,110.7353311089
2025-07-18,RUB_UZS,5,0.0050000000,True,0.0061009400,0.0061720882,0.0061867400,1,1,0.0000000000,71.1237113357
2025-07-19,RUB_UZS,5,0.0050000000,True,0.0061009400,0.0061730373,0.0061750300,0,1,18.9275773671,-22.1977070076
2025-07-22,RUB_UZS,5,0.0050000000,True,0.0061009400,0.0061946009,0.0061750300,0,0,83.8253926706,-52.6734351219
2025-07-23,RUB_UZS,5,0.0050000000,True,0.0061281900,0.0062115173,0.0061750300,0,1,33.4422789816,25.3839312280
2025-07-24,RUB_UZS,5,0.0050000000,True,0.0061750300,0.0062294000,0.0061792100,1,1,0.0000000000,87.2796738049
2025-07-25,RUB_UZS,5,0.0050000000,True,0.0061750300,0.0062642455,0.0062870200,1,1,0.0000000000,135.7473221037
2025-07-26,RUB_UZS,5,0.0050000000,True,0.0061750300,0.0062969755,0.0062870200,0,1,0.0000000000,15.8098989226
2025-07-29,RUB_UZS,5,0.0050000000,True,0.0061750300,0.0063357609,0.0063288900,0,1,0.0000000000,17.1422331852
2025-07-30,RUB_UZS,5,0.0050000000,True,0.0061792100,0.0063497482,0.0063288900,0,0,367.0449494980,-346.9300071026
2025-07-31,RUB_UZS,5,0.0050000000,True,0.0062611100,0.0063571936,0.0062611100,0,0,436.3373083215,-298.2076282087
2025-08-01,RUB_UZS,5,0.0050000000,True,0.0062611100,0.0063622264,0.0062611100,0,0,184.1632463652,-25.7042667597
2025-08-02,RUB_UZS,5,0.0050000000,True,0.0062611100,0.0063727300,0.0062611100,0,0,107.0961890632,68.7931231984
2025-08-05,RUB_UZS,5,0.0050000000,True,0.0062611100,0.0063579118,0.0063348500,1,1,0.0000000000,152.2541063011
2025-08-06,RUB_UZS,5,0.0050000000,True,0.0062611100,0.0063386464,0.0063348500,0,1,11.8725147342,-5.8902739630
2025-08-07,RUB_UZS,5,0.0050000000,True,0.0062611100,0.0063302764,0.0062865100,0,0,181.2556227509,-114.1871732155
2025-08-08,RUB_UZS,5,0.0050000000,True,0.0062611100,0.0063316827,0.0062865100,0,0,98.8304148830,-27.7608235984
2025-08-09,RUB_UZS,5,0.0050000000,True,0.0062611100,0.0063348064,0.0062865100,0,0,76.3080420215,-0.0688835003
2025-08-12,RUB_UZS,5,0.0050000000,True,0.0062865100,0.0063502764,0.0063443600,1,1,0.0000000000,100.4151000443
2025-08-13,RUB_UZS,5,0.0050000000,True,0.0062865100,0.0063464155,0.0063600900,0,1,0.0000000000,3.2387645596
2025-08-14,RUB_UZS,5,0.0050000000,True,0.0062865100,0.0063519145,0.0063600900,0,1,4.9660157938,-17.8457289756
2025-08-15,RUB_UZS,5,0.0050000000,True,0.0062865100,0.0063604891,0.0063600900,0,1,34.9086624561,-34.4012996142
2025-08-16,RUB_UZS,5,0.0050000000,True,0.0062865100,0.0063660127,0.0063600900,0,1,0.0000000000,9.3036686015
2025-08-19,RUB_UZS,5,0.0050000000,True,0.0063600900,0.0064097991,0.0063956100,0,1,22.0601427513,0.0765872821
2025-08-20,RUB_UZS,5,0.0050000000,True,0.0063600900,0.0064226718,0.0063956100,0,0,52.1995840832,-10.1175678941
2025-08-21,RUB_UZS,5,0.0050000000,True,0.0063600900,0.0064360373,0.0064376700,0,1,0.0000000000,62.8139195194
2025-08-22,RUB_UZS,5,0.0050000000,True,0.0063600900,0.0064527391,0.0065048500,0,1,0.0000000000,23.3530144281
2025-08-23,RUB_UZS,5,0.0050000000,True,0.0063600900,0.0064664655,0.0065048500,0,1,0.0000000000,-59.3593915012
2025-08-26,RUB_UZS,5,0.0050000000,True,0.0063956100,0.0064792436,0.0064356000,0,0,143.6428211517,-77.3953974426
2025-08-27,RUB_UZS,5,0.0050000000,True,0.0064356000,0.0064828791,0.0064356000,0,0,165.3623806315,-93.9874216941
2025-08-28,RUB_UZS,5,0.0050000000,True,0.0064356000,0.0064833791,0.0064356000,0,0,115.9254685859,-42.7260363809
2025-08-29,RUB_UZS,5,0.0050000000,True,0.0064356000,0.0064800209,0.0064356000,0,0,50.6619132795,17.9797399644
2025-08-30,RUB_UZS,5,0.0050000000,True,0.0064356000,0.0064803118,0.0064356000,1,1,0.0000000000,68.9963993035
2025-09-02,RUB_UZS,5,0.0050000000,True,0.0064356000,0.0064899973,0.0064679100,1,1,0.0000000000,72.1529929204
2025-09-03,RUB_UZS,5,0.0050000000,True,0.0064356000,0.0064942100,0.0065080500,0,1,0.0000000000,40.4976124887
2025-09-04,RUB_UZS,5,0.0050000000,True,0.0064356000,0.0065040164,0.0065574200,0,1,0.0000000000,-6.2017623236
2025-09-05,RUB_UZS,5,0.0050000000,True,0.0064356000,0.0065273109,0.0065574200,0,1,18.7678374367,-65.0177255231
2025-09-06,RUB_UZS,5,0.0050000000,True,0.0064356000,0.0065671055,0.0065574200,0,1,0.0000000000,14.7484376678
2025-09-09,RUB_UZS,5,0.0050000000,True,0.0065080500,0.0066708800,0.0066918400,0,1,0.0000000000,141.8703379464
2025-09-10,RUB_UZS,5,0.0050000000,True,0.0065574200,0.0066955064,0.0067789400,0,1,0.0000000000,5.4758571454
2025-09-11,RUB_UZS,5,0.0050000000,True,0.0065574200,0.0067059718,0.0066848700,0,0,274.2043897145,-249.5808010472
2025-09-12,RUB_UZS,5,0.0050000000,True,0.0065574200,0.0067198691,0.0066848700,0,0,354.1683500906,-313.1770965235
2025-09-13,RUB_UZS,5,0.0050000000,True,0.0065574200,0.0067379227,0.0066848700,0,0,138.7680079776,-60.8752495205
2025-09-16,RUB_UZS,5,0.0050000000,True,0.0066848700,0.0067867800,0.0067102900,1,1,0.0000000000,150.1595749383
2025-09-17,RUB_UZS,5,0.0050000000,True,0.0066848700,0.0067790082,0.0067560100,1,1,0.0000000000,101.3690793330
2025-09-18,RUB_UZS,5,0.0050000000,True,0.0066848700,0.0067674518,0.0067872300,0,1,0.0000000000,16.9071291370
2025-09-19,RUB_UZS,5,0.0050000000,True,0.0066848700,0.0067693818,0.0067878500,0,1,0.0000000000,-26.3660438982
2025-09-20,RUB_UZS,5,0.0050000000,True,0.0066848700,0.0067804718,0.0067878500,0,1,0.0000000000,-10.8815168266
2025-09-23,RUB_UZS,5,0.0050000000,True,0.0067560100,0.0068145991,0.0068001700,0,1,4.4537864534,16.7274563874
2025-09-24,RUB_UZS,5,0.0050000000,True,0.0067872300,0.0068234700,0.0068423200,1,1,0.0000000000,34.1468490372
2025-09-25,RUB_UZS,5,0.0050000000,True,0.0067878500,0.0068270618,0.0068267400,0,0,107.5072490230,-108.1990815162
2025-09-26,RUB_UZS,5,0.0050000000,True,0.0067878500,0.0068322918,0.0068267400,0,1,22.7700546014,-14.6776251440
2025-09-27,RUB_UZS,5,0.0050000000,True,0.0067532600,0.0068291473,0.0067532600,0,0,146.3904318758,-35.7917706217
2025-09-30,RUB_UZS,5,0.0050000000,True,0.0067037300,0.0068154664,0.0067037300,0,0,180.1884940689,-16.5412544970
2025-10-01,RUB_UZS,5,0.0050000000,True,0.0067037300,0.0068034273,0.0067037300,0,0,206.9278842080,-61.6641077959
2025-10-02,RUB_UZS,5,0.0050000000,True,0.0067037300,0.0068070327,0.0067037300,0,0,73.3423561361,78.9958406653
2025-10-03,RUB_UZS,5,0.0050000000,True,0.0067037300,0.0068035155,0.0067685000,1,1,0.0000000000,146.6674915522
2025-10-04,RUB_UZS,5,0.0050000000,True,0.0067037300,0.0067962636,0.0067685000,0,1,0.0000000000,40.8513233876
2025-10-07,RUB_UZS,5,0.0050000000,True,0.0066969600,0.0067609836,0.0066969600,0,0,268.8470469254,-178.9626630445
2025-10-08,RUB_UZS,5,0.0050000000,True,0.0066969600,0.0067558655,0.0066969600,0,0,173.0619671602,-87.3826541570
2025-10-09,RUB_UZS,5,0.0050000000,True,0.0066597000,0.0067518627,0.0066597000,0,0,168.4721471784,-32.5203186353
2025-10-10,RUB_UZS,5,0.0050000000,True,0.0065812200,0.0067348373,0.0065812200,0,0,240.9504560546,-13.1743751384
2025-10-11,RUB_UZS,5,0.0050000000,True,0.0064701100,0.0067077109,0.0064701100,0,0,338.7357845948,16.0276869958
2025-10-14,RUB_UZS,5,0.0050000000,True,0.0064644500,0.0066456773,0.0064644500,0,0,293.1813745364,-21.1005239906
2025-10-15,RUB_UZS,5,0.0050000000,True,0.0064644500,0.0066352645,0.0064644500,0,0,177.4291088886,81.4504758391
2025-10-16,RUB_UZS,5,0.0050000000,True,0.0064644500,0.0066330400,0.0064644500,1,1,8.7479192780,245.6339777839
2025-10-17,RUB_UZS,5,0.0050000000,True,0.0064644500,0.0066374209,0.0066592800,1,1,0.0000000000,260.5995784507
2025-10-18,RUB_UZS,5,0.0050000000,True,0.0064644500,0.0066466364,0.0066592800,0,1,0.0000000000,-19.0226088384
2025-10-21,RUB_UZS,5,0.0050000000,True,0.0064644500,0.0066583791,0.0066756600,0,0,64.8585256666,-91.4049925064
2025-10-22,RUB_UZS,5,0.0050000000,True,0.0064644500,0.0066770655,0.0066756600,0,0,103.0221714862,-101.9677670049
2025-10-23,RUB_UZS,5,0.0050000000,True,0.0065183200,0.0066819627,0.0065183200,0,0,411.8805647858,-174.1513346854
2025-10-24,RUB_UZS,5,0.0050000000,True,0.0065183200,0.0066785691,0.0065183200,0,0,293.9516627381,-55.6420223929
2025-10-25,RUB_UZS,5,0.0050000000,True,0.0065183200,0.0066750127,0.0065183200,0,0,235.6920514226,-0.9696951208
2025-10-28,RUB_UZS,5,0.0050000000,True,0.0065183200,0.0066813709,0.0066201600,1,1,0.0000000000,244.0381043194
2025-10-29,RUB_UZS,5,0.0050000000,True,0.0065183200,0.0066748291,0.0066201600,0,1,2.7031312529,79.2216402681
2025-10-30,RUB_UZS,5,0.0050000000,True,0.0065183200,0.0066757964,0.0067139400,0,1,0.0000000000,83.3404145450
2025-10-31,RUB_UZS,5,0.0050000000,True,0.0065183200,0.0066804064,0.0067263700,0,1,0.0000000000,-50.1970008085
2025-11-01,RUB_UZS,5,0.0050000000,True,0.0065183200,0.0066911336,0.0067263700,0,1,39.8768009714,-92.9085667913
2025-11-02,RUB_UZS,5,0.0050000000,True,0.0065183200,0.0067022545,0.0067263700,0,1,0.0000000000,-35.9811081210
2025-11-06,RUB_UZS,5,0.0050000000,True,0.0067173600,0.0067486809,0.0067173600,0,0,112.3105954670,-66.6487147859
2025-11-07,RUB_UZS,5,0.0050000000,True,0.0067173600,0.0067503127,0.0067173600,0,0,118.6085887152,-70.6297243602
2025-11-08,RUB_UZS,5,0.0050000000,True,0.0067173600,0.0067551355,0.0067173600,0,0,57.0464334878,-1.1317988509
2025-11-11,RUB_UZS,5,0.0050000000,True,0.0067173600,0.0067634291,0.0067322600,1,1,0.0000000000,68.1149906207
2025-11-12,RUB_UZS,5,0.0050000000,True,0.0067173600,0.0067611909,0.0067322600,0,0,57.5816872808,-14.8776909931
2025-11-13,RUB_UZS,5,0.0050000000,True,0.0067173600,0.0067557927,0.0067322600,0,0,69.5634729815,-34.9733535073
2025-11-14,RUB_UZS,5,0.0050000000,True,0.0067173600,0.0067551636,0.0067386100,1,1,0.0000000000,33.9053760894
2025-11-15,RUB_UZS,5,0.0050000000,True,0.0067173600,0.0067572545,0.0067386100,0,1,44.9546759954,-17.4411877874
2025-11-18,RUB_UZS,5,0.0050000000,True,0.0066325500,0.0067389427,0.0066325500,0,0,157.3915095250,0.4937380924
2025-11-19,RUB_UZS,5,0.0050000000,True,0.0066325500,0.0067255909,0.0066325500,0,0,172.5149578158,-34.7762616330
2025-11-20,RUB_UZS,5,0.0050000000,True,0.0065924000,0.0067128764,0.0065924000,0,0,275.1183820384,-98.3537202045
2025-11-21,RUB_UZS,5,0.0050000000,True,0.0065865400,0.0066962855,0.0065865400,0,0,282.4440319977,-121.9997952732
2025-11-22,RUB_UZS,5,0.0050000000,True,0.0065841400,0.0066794764,0.0065841400,0,0,72.9885187447,70.2545545214
2025-11-25,RUB_UZS,5,0.0050000000,True,0.0065725400,0.0066316845,0.0065725400,1,1,30.1255991748,59.2376570165
2025-11-26,RUB_UZS,5,0.0050000000,True,0.0065725400,0.0066129245,0.0065725400,1,1,21.2554694878,39.8984523008
2025-11-27,RUB_UZS,5,0.0050000000,True,0.0065072500,0.0065883127,0.0065072500,0,0,116.7806273864,6.3335294566
2025-11-28,RUB_UZS,5,0.0050000000,True,0.0065072500,0.0065773473,0.0065072500,0,0,119.3317784823,-12.9120858616
2025-11-29,RUB_UZS,5,0.0050000000,True,0.0065072500,0.0065708800,0.0065072500,0,0,99.3375468236,-2.5262978475
2025-12-02,RUB_UZS,5,0.0050000000,True,0.0063606300,0.0065137145,0.0063606300,0,0,225.3179146337,9.9245145139
2025-12-03,RUB_UZS,5,0.0050000000,True,0.0063606300,0.0064933955,0.0063606300,0,0,232.3427923826,-28.5436880971
2025-12-04,RUB_UZS,5,0.0050000000,True,0.0063606300,0.0064818855,0.0063606300,0,0,306.0013015495,-122.6873662181
2025-12-05,RUB_UZS,5,0.0050000000,True,0.0063606300,0.0064667445,0.0063606300,0,0,155.9721484939,8.2491977486
2025-12-06,RUB_UZS,5,0.0050000000,True,0.0063606300,0.0064592345,0.0063606300,1,1,0.0000000000,152.6567037637
2025-12-09,RUB_UZS,5,0.0050000000,True,0.0063606300,0.0064814482,0.0064059900,0,0,82.4246852953,34.2796566368
2025-12-10,RUB_UZS,5,0.0050000000,True,0.0063606300,0.0064865891,0.0064899300,0,1,0.0000000000,124.2549663305
2025-12-11,RUB_UZS,5,0.0050000000,True,0.0063606300,0.0064962064,0.0065672000,0,1,0.0000000000,9.6615829071
2025-12-12,RUB_UZS,5,0.0050000000,True,0.0063606300,0.0065144636,0.0065614600,0,0,58.6198798512,-131.5324920352
2025-12-13,RUB_UZS,5,0.0050000000,True,0.0063606300,0.0065421509,0.0065614600,0,0,85.3737405484,-115.8779306111
2025-12-16,RUB_UZS,5,0.0050000000,True,0.0064899300,0.0066230000,0.0065614600,0,1,8.7404068705,84.2518496150
2025-12-17,RUB_UZS,5,0.0050000000,True,0.0065614600,0.0066447336,0.0066571900,1,1,0.0000000000,125.3227607318
2025-12-18,RUB_UZS,5,0.0050000000,True,0.0065614600,0.0066457818,0.0066116800,0,0,80.2827826364,-29.2037601431
2025-12-19,RUB_UZS,5,0.0050000000,True,0.0065203200,0.0066369055,0.0065203200,0,0,205.5972565001,-30.5632581230
2025-12-20,RUB_UZS,5,0.0050000000,True,0.0064997800,0.0066261618,0.0064997800,0,0,340.6449695348,-155.2002269791
2025-12-23,RUB_UZS,5,0.0050000000,True,0.0064435800,0.0065887745,0.0064435800,0,0,254.2470294993,-34.7643623066
2025-12-24,RUB_UZS,5,0.0050000000,True,0.0064435800,0.0065686282,0.0064435800,0,0,117.6936101296,73.5437910033
2025-12-25,RUB_UZS,5,0.0050000000,True,0.0064402900,0.0065489100,0.0064402900,0,0,91.5261747321,75.0201178517
2025-12-26,RUB_UZS,5,0.0050000000,True,0.0064402900,0.0065295918,0.0064402900,1,1,12.2669892373,124.6506986167
2025-12-27,RUB_UZS,5,0.0050000000,True,0.0064402900,0.0065102736,0.0064402900,1,1,5.1058573029,102.4436760862
2025-12-30,RUB_UZS,5,0.0050000000,True,0.0064402900,0.0064819555,0.0065165000,1,1,0.0000000000,64.2791435974
2025-12-31,RUB_UZS,5,0.0050000000,True,0.0064402900,0.0064834755,0.0065165000,0,1,0.0000000000,-50.9364856643
2026-01-13,RUB_UZS,5,0.0050000000,True,0.0065062800,0.0065235718,0.0065062800,1,1,8.9678937120,17.5545215121
2026-01-14,RUB_UZS,5,0.0050000000,True,0.0065062800,0.0065226427,0.0065062800,0,0,58.9470210211,-34.0617655393
2026-01-15,RUB_UZS,5,0.0050000000,True,0.0064520800,0.0065167864,0.0064520800,0,0,144.4706155505,-45.8410552329
2026-01-16,RUB_UZS,5,0.0050000000,True,0.0064460200,0.0065103791,0.0064460200,0,0,174.6336838608,-77.1244014976
2026-01-17,RUB_UZS,5,0.0050000000,True,0.0063946100,0.0064992982,0.0063946100,0,0,171.6341749817,-10.7424186220
2026-01-20,RUB_UZS,5,0.0050000000,True,0.0062650300,0.0064317245,0.0062650300,0,0,289.9065107686,-31.6485172858
2026-01-21,RUB_UZS,5,0.0050000000,True,0.0062650300,0.0064077164,0.0062650300,0,0,280.7779063670,-59.7773593429
2026-01-22,RUB_UZS,5,0.0050000000,True,0.0062650300,0.0063824627,0.0062650300,0,0,202.6394103784,-19.0322658296
2026-01-23,RUB_UZS,5,0.0050000000,True,0.0062650300,0.0063648000,0.0062825700,1,1,0.0000000000,156.7527652086
2026-01-24,RUB_UZS,5,0.0050000000,True,0.0062650300,0.0063430709,0.0062672600,1,1,24.3690082243,95.3811016115
2026-01-27,RUB_UZS,5,0.0050000000,True,0.0061948200,0.0062719155,0.0061948200,0,0,140.0331062584,-17.3544199271
2026-01-28,RUB_UZS,5,0.0050000000,True,0.0061948200,0.0062537527,0.0061948200,0,0,185.6308390856,-93.1237214949
2026-01-29,RUB_UZS,5,0.0050000000,True,0.0061948200,0.0062561645,0.0061948200,0,0,115.5848010135,-17.7352345272
2026-01-30,RUB_UZS,5,0.0050000000,True,0.0061948200,0.0062559236,0.0061948200,0,0,59.7076714971,38.1936189642
2026-01-31,RUB_UZS,5,0.0050000000,True,0.0061948200,0.0062548091,0.0061948200,1,1,0.0000000000,95.9087480324
2026-02-03,RUB_UZS,5,0.0050000000,True,0.0061948200,0.0062441436,0.0062341600,0,0,91.2333348168,-75.9373364831
2026-02-04,RUB_UZS,5,0.0050000000,True,0.0061948200,0.0062437509,0.0062341600,0,0,72.8671702824,-57.9284654941
2026-02-05,RUB_UZS,5,0.0050000000,True,0.0061948200,0.0062501664,0.0062341600,0,0,57.6526519422,-32.2289603055
2026-02-06,RUB_UZS,5,0.0050000000,True,0.0061948200,0.0062571891,0.0062629400,0,1,0.0000000000,36.8042112433
2026-02-07,RUB_UZS,5,0.0050000000,True,0.0061948200,0.0062671564,0.0062629400,0,1,0.0000000000,6.7277141206
2026-02-10,RUB_UZS,5,0.0050000000,True,0.0062341600,0.0062812227,0.0062720700,0,1,48.4403262146,-34.0336167900
2026-02-11,RUB_UZS,5,0.0050000000,True,0.0062341600,0.0062854264,0.0062879300,0,1,0.0000000000,21.2497336913
2026-02-12,RUB_UZS,5,0.0050000000,True,0.0062629400,0.0062900318,0.0062848200,0,1,31.1525491477,-22.9381698459
2026-02-13,RUB_UZS,5,0.0050000000,True,0.0062629400,0.0062954264,0.0062848200,1,1,4.9459838134,11.9076345324
2026-02-14,RUB_UZS,5,0.0050000000,True,0.0062629400,0.0062966809,0.0062767400,0,0,63.0249107503,-31.5548638973
2026-02-17,RUB_UZS,5,0.0050000000,True,0.0062767400,0.0062993436,0.0062767400,1,1,12.8563745660,23.0557931144
2026-02-18,RUB_UZS,5,0.0050000000,True,0.0062767400,0.0062975336,0.0062767400,0,0,72.0309761668,-39.2953258613
2026-02-19,RUB_UZS,5,0.0050000000,True,0.0062767400,0.0062972264,0.0062845500,1,1,0.0000000000,32.5323602065
2026-02-20,RUB_UZS,5,0.0050000000,True,0.0062767400,0.0062946164,0.0062845500,1,1,21.0390930166,-5.0577130991
2026-02-21,RUB_UZS,5,0.0050000000,True,0.0062767400,0.0062931427,0.0062845500,1,1,0.0000000000,13.6541115387
2026-02-25,RUB_UZS,5,0.0050000000,True,0.0062845500,0.0063112564,0.0063003400,1,1,0.0000000000,37.1025391573
2026-02-26,RUB_UZS,5,0.0050000000,True,0.0062845500,0.0063142364,0.0063305800,1,1,0.0000000000,22.0079877218
2026-02-27,RUB_UZS,5,0.0050000000,True,0.0062845500,0.0063207573,0.0063305800,0,1,37.6426154694,-53.3839946968
2026-02-28,RUB_UZS,5,0.0050000000,True,0.0062845500,0.0063301336,0.0063305800,0,1,28.0386492302,-28.8246104814
2026-03-03,RUB_UZS,5,0.0050000000,True,0.0063003400,0.0063801045,0.0063562800,1,1,0.0000000000,77.6234074249
2026-03-04,RUB_UZS,5,0.0050000000,True,0.0063305800,0.0063975609,0.0063876900,1,1,0.0000000000,64.5260118309
2026-03-05,RUB_UZS,5,0.0050000000,True,0.0063305800,0.0064100936,0.0064219000,0,1,0.0000000000,34.9505602173
2026-03-06,RUB_UZS,5,0.0050000000,True,0.0063305800,0.0064217218,0.0064762900,0,1,0.0000000000,-0.2774673572
2026-03-07,RUB_UZS,5,0.0050000000,True,0.0063305800,0.0064368955,0.0064762900,0,1,24.7521702432,-86.1666091149
2026-03-11,RUB_UZS,5,0.0050000000,True,0.0064219000,0.0065306309,0.0065152900,0,1,0.0000000000,83.2092792371
2026-03-12,RUB_UZS,5,0.0050000000,True,0.0064762900,0.0065562173,0.0065331800,0,1,0.0000000000,62.4251317868
2026-03-13,RUB_UZS,5,0.0050000000,True,0.0064762900,0.0065799355,0.0066402800,0,1,0.0000000000,71.0576188299
2026-03-14,RUB_UZS,5,0.0050000000,True,0.0064762900,0.0066102145,0.0066402800,0,1,0.0000000000,-45.4833263561
2026-03-17,RUB_UZS,5,0.0050000000,True,0.0065152900,0.0067262691,0.0067532600,0,1,0.0000000000,34.0740023917
2026-03-18,RUB_UZS,5,0.0050000000,True,0.0065331800,0.0067602955,0.0068254300,0,1,0.0000000000,10.4070222859
2026-03-19,RUB_UZS,5,0.0050000000,True,0.0066402800,0.0067768736,0.0067155400,0,0,161.0008453680,-71.6500944858
2026-03-20,RUB_UZS,5,0.0050000000,True,0.0066382700,0.0067766909,0.0066382700,0,0,460.1312073810,-268.2121604001
2026-03-21,RUB_UZS,5,0.0050000000,True,0.0066317600,0.0067759164,0.0066317600,0,0,374.2172962648,-167.7465161371
2026-03-24,RUB_UZS,5,0.0050000000,True,0.0066317600,0.0067716964,0.0066317600,0,0,124.7554180304,82.9280591166
2026-03-25,RUB_UZS,5,0.0050000000,True,0.0066317600,0.0067560782,0.0066317600,1,1,9.8067719451,174.3736212752
2026-03-26,RUB_UZS,5,0.0050000000,True,0.0066317600,0.0067287391,0.0066536300,1,1,0.0000000000,144.1266923845
2026-03-27,RUB_UZS,5,0.0050000000,True,0.0066317600,0.0067081436,0.0066536300,0,0,132.8447430823,-52.2743184065
2026-03-28,RUB_UZS,5,0.0050000000,True,0.0066317600,0.0066875482,0.0066536300,1,1,0.0000000000,50.7184111367
2026-03-31,RUB_UZS,5,0.0050000000,True,0.0065509400,0.0066393991,0.0065509400,0,0,160.3852369880,-27.5942277909
2026-04-01,RUB_UZS,5,0.0050000000,True,0.0065509400,0.0066320518,0.0065509400,0,0,168.2267677018,-46.7098006280
2026-04-02,RUB_UZS,5,0.0050000000,True,0.0064661600,0.0066068655,0.0064661600,0,0,295.4661767994,-85.0093676660
2026-04-03,RUB_UZS,5,0.0050000000,True,0.0064506100,0.0065884091,0.0064506100,0,0,243.8946924244,-35.6093690710
2026-04-04,RUB_UZS,5,0.0050000000,True,0.0064033800,0.0065656591,0.0064033800,0,0,225.2501167771,22.4182990699
2026-04-07,RUB_UZS,5,0.0050000000,True,0.0063307000,0.0064809291,0.0063307000,0,0,209.4906405038,22.7885395781
2026-04-08,RUB_UZS,5,0.0050000000,True,0.0063307000,0.0064507173,0.0063307000,0,0,185.8893965067,0.1662958129
2026-04-09,RUB_UZS,5,0.0050000000,True,0.0062880000,0.0064212745,0.0062880000,0,0,180.1860892216,27.8675912825
2026-04-10,RUB_UZS,5,0.0050000000,True,0.0062474900,0.0063936882,0.0062474900,0,0,209.1538093857,19.9230576405
2026-04-11,RUB_UZS,5,0.0050000000,True,0.0061716100,0.0063592036,0.0061716100,0,0,251.2992244144,44.8226507493
2026-04-14,RUB_UZS,5,0.0050000000,True,0.0061716100,0.0062981127,0.0061716100,0,0,185.0986005089,16.0567581284
2026-04-15,RUB_UZS,5,0.0050000000,True,0.0061716100,0.0062860473,0.0061716100,0,0,121.4567770417,61.3378663163
2026-04-16,RUB_UZS,5,0.0050000000,True,0.0061716100,0.0062713527,0.0062193100,1,1,0.0000000000,159.0449965268
2026-04-17,RUB_UZS,5,0.0050000000,True,0.0061716100,0.0062580709,0.0061846000,0,0,111.5856222589,5.8818590335
2026-04-18,RUB_UZS,5,0.0050000000,True,0.0061716100,0.0062487264,0.0061846000,0,0,137.2423317482,-35.1009711215
2026-04-21,RUB_UZS,5,0.0050000000,True,0.0061716100,0.0062422000,0.0061846000,0,0,55.8100496679,36.6697638653
2026-04-22,RUB_UZS,5,0.0050000000,True,0.0061846000,0.0062523464,0.0062279100,1,1,0.0000000000,108.3535039427
2026-04-23,RUB_UZS,5,0.0050000000,True,0.0061846000,0.0062470682,0.0061963300,0,0,50.7072195969,30.6674767436
2026-04-24,RUB_UZS,5,0.0050000000,True,0.0061846000,0.0062415036,0.0061963300,0,0,50.7870956140,21.6993166274
2026-04-25,RUB_UZS,5,0.0050000000,True,0.0061846000,0.0062399155,0.0061963300,0,0,138.2889664853,-69.3992503104
2026-04-28,RUB_UZS,5,0.0050000000,True,0.0061963300,0.0062511445,0.0062094500,1,1,0.0000000000,87.6872148068
2026-04-29,RUB_UZS,5,0.0050000000,True,0.0061963300,0.0062546100,0.0062531900,1,1,0.0000000000,72.2027432566
2026-04-30,RUB_UZS,5,0.0050000000,True,0.0061963300,0.0062602464,0.0062660300,0,1,0.0000000000,11.2717027837
2026-05-01,RUB_UZS,5,0.0050000000,True,0.0061963300,0.0062580736,0.0062593200,0,1,10.7085347501,-12.7137584162
2026-05-05,RUB_UZS,5,0.0050000000,True,0.0061189800,0.0062267364,0.0061189800,0,0,271.8300275359,-101.5357527145
2026-05-06,RUB_UZS,5,0.0050000000,True,0.0061189800,0.0062145355,0.0061189800,0,0,224.2096585572,-72.0641885176
2026-05-07,RUB_UZS,5,0.0050000000,True,0.0061189800,0.0062011673,0.0061189800,0,0,178.4387213791,-46.7375350447
2026-05-08,RUB_UZS,5,0.0050000000,True,0.0060752500,0.0061838236,0.0060752500,0,0,136.6204500438,39.4960105589
2026-05-09,RUB_UZS,5,0.0050000000,True,0.0060746700,0.0061664273,0.0060746700,0,0,72.4140297893,76.9445103766
2026-05-13,RUB_UZS,5,0.0050000000,True,0.0060746700,0.0061086745,0.0060746700,1,1,0.9546932225,54.7165268109
2026-05-14,RUB_UZS,5,0.0050000000,True,0.0060194800,0.0060959545,0.0060194800,0,0,90.8526718324,34.9158532857
2026-05-15,RUB_UZS,5,0.0050000000,True,0.0059135500,0.0060772791,0.0059135500,0,0,317.4335480448,-49.5960587625
2026-05-16,RUB_UZS,5,0.0050000000,True,0.0058752800,0.0060551245,0.0058752800,0,0,369.8458593130,-75.6309043715
2026-05-19,RUB_UZS,5,0.0050000000,True,0.0058752800,0.0060063882,0.0058752800,0,0,239.5555762292,-21.7964903125
2026-05-20,RUB_UZS,5,0.0050000000,True,0.0058752800,0.0059945245,0.0058752800,0,0,64.7157798615,135.0808472641
2026-05-21,RUB_UZS,5,0.0050000000,True,0.0058752800,0.0059814182,0.0058887700,1,1,0.0000000000,177.4465161804
2026-05-22,RUB_UZS,5,0.0050000000,True,0.0058752800,0.0059696409,0.0059441700,1,1,0.0000000000,135.4703077161
2026-05-23,RUB_UZS,5,0.0050000000,True,0.0058752800,0.0059520555,0.0059074800,0,0,61.7243450305,13.2482881009
2026-05-26,RUB_UZS,5,0.0050000000,True,0.0058752800,0.0059291345,0.0059074800,0,0,93.5228273173,-57.5386749684
2026-05-27,RUB_UZS,5,0.0050000000,True,0.0058887700,0.0059329800,0.0059074800,0,0,106.9938724279,-64.7061004756
2026-05-28,RUB_UZS,5,0.0050000000,True,0.0059074800,0.0059420191,0.0059175800,1,1,0.0000000000,58.1268595416
2026-05-29,RUB_UZS,5,0.0050000000,True,0.0059074800,0.0059543455,0.0059175800,0,1,48.9014001137,12.9073037568
2026-05-30,RUB_UZS,5,0.0050000000,True,0.0059074800,0.0059709609,0.0059175800,1,1,0.0000000000,89.4008684760
2026-06-02,RUB_UZS,5,0.0050000000,True,0.0059074800,0.0060345455,0.0060797600,0,1,0.0000000000,76.8002410365
2026-06-03,RUB_UZS,5,0.0050000000,True,0.0059175800,0.0060604782,0.0061269400,0,1,0.0000000000,-31.8156713107
2026-06-04,RUB_UZS,5,0.0050000000,True,0.0059175800,0.0060742873,0.0060985600,0,1,46.3200227193,-86.6813255756
2026-06-05,RUB_UZS,5,0.0050000000,True,0.0059175800,0.0060781582,0.0059601600,0,0,375.5688112209,-188.5140444758
2026-06-06,RUB_UZS,5,0.0050000000,True,0.0059175800,0.0060816164,0.0059556200,0,0,382.8999764240,-182.7205626255
2026-06-09,RUB_UZS,5,0.0050000000,True,0.0059556200,0.0060788645,0.0059556200,0,0,234.3831986567,-32.3998904700
2026-06-10,RUB_UZS,5,0.0050000000,True,0.0059556200,0.0060659691,0.0059556200,1,1,7.6172451746,174.4306463211
2026-06-11,RUB_UZS,5,0.0050000000,True,0.0059556200,0.0060527900,0.0059850900,1,1,0.0000000000,160.5375372349
2026-06-12,RUB_UZS,5,0.0050000000,True,0.0059556200,0.0060357682,0.0059850900,1,1,0.0000000000,83.9631017819
2026-06-16,RUB_UZS,5,0.0050000000,True,0.0059556200,0.0060214427,0.0060055000,0,0,69.8935310040,-43.7225328210
2026-06-17,RUB_UZS,5,0.0050000000,True,0.0059850900,0.0060336818,0.0060361400,1,1,0.0000000000,46.7074980601
2026-06-18,RUB_UZS,5,0.0050000000,True,0.0059850900,0.0060488627,0.0060699800,0,1,0.0000000000,21.0332550867
2026-06-19,RUB_UZS,5,0.0050000000,True,0.0059850900,0.0060692655,0.0060902500,0,1,0.0000000000,-1.1773178483
2026-06-20,RUB_UZS,5,0.0050000000,True,0.0059850900,0.0060904855,0.0060902500,0,1,0.0000000000,0.3865940527
2026-06-23,RUB_UZS,5,0.0050000000,True,0.0060361400,0.0061896691,0.0062095200,0,1,0.0000000000,60.7287568318
2026-06-24,RUB_UZS,5,0.0050000000,True,0.0060699800,0.0062242736,0.0062185100,0,1,0.0000000000,23.7033864923
2026-06-25,RUB_UZS,5,0.0050000000,True,0.0060902500,0.0062585309,0.0062958000,0,1,0.0000000000,63.9461715093
2026-06-26,RUB_UZS,5,0.0050000000,True,0.0060902500,0.0062973655,0.0064167900,0,1,0.0000000000,2.4858880380
2026-06-27,RUB_UZS,5,0.0050000000,True,0.0060902500,0.0063398918,0.0064167900,0,1,0.0000000000,-121.2925772608
2026-06-30,RUB_UZS,5,0.0050000000,True,0.0062185100,0.0064299500,0.0064495600,0,1,0.0000000000,-26.2210437095
2026-07-01,RUB_UZS,5,0.0050000000,True,0.0062958000,0.0064509545,0.0064495600,0,0,104.1361395519,-103.0474700714
2026-07-02,RUB_UZS,5,0.0050000000,True,0.0064167900,0.0064672245,0.0064495600,0,0,165.4152765155,-140.4241555356
2026-07-03,RUB_UZS,5,0.0050000000,True,0.0063325700,0.0064595682,0.0063325700,0,0,322.1581539788,-129.7328487339
2026-07-04,RUB_UZS,5,0.0050000000,True,0.0063325700,0.0064548018,0.0063325700,0,0,181.3922190041,8.1208042159
2026-07-07,RUB_UZS,5,0.0050000000,True,0.0063210700,0.0064218109,0.0063210700,0,0,237.3829495102,-82.4675339383
2026-07-08,RUB_UZS,5,0.0050000000,True,0.0063210700,0.0064027645,0.0063210700,1,1,18.1600835048,109.6316207729
2026-07-09,RUB_UZS,5,0.0050000000,True,0.0063210700,0.0063839191,0.0063210700,0,0,68.0194080787,30.6380620283
2026-07-10,RUB_UZS,5,0.0050000000,True,0.0063210700,0.0063814636,0.0063360700,1,1,0.0000000000,94.6391608651
2026-07-11,RUB_UZS,5,0.0050000000,True,0.0063210700,0.0063813745,0.0063360700,1,1,19.6265907226,51.4693898949
2026-07-14,RUB_UZS,5,0.0050000000,True,0.0063210700,0.0064042609,0.0064225500,1,1,0.0000000000,106.4774063063
2026-07-15,RUB_UZS,5,0.0050000000,True,0.0063210700,0.0064180700,0.0064485800,0,1,0.0000000000,-6.9802915830
2026-07-16,RUB_UZS,5,0.0050000000,True,0.0063360700,0.0064387091,0.0064761300,0,1,0.0000000000,-15.3305716279
2026-07-17,RUB_UZS,5,0.0050000000,True,0.0063360700,0.0064573436,0.0065162600,0,1,0.0000000000,-29.0930213634
2026-07-18,RUB_UZS,5,0.0050000000,True,0.0063360700,0.0064723064,0.0065131200,0,1,4.8187150298,-67.9103149545
2026-07-21,RUB_UZS,5,0.0050000000,True,0.0064485800,0.0065046782,0.0064787600,0,0,105.8933125639,-66.7547524537
2026-07-22,RUB_UZS,5,0.0050000000,True,0.0064761300,0.0065086473,0.0064787600,0,0,114.0610146319,-68.9278822355
2026-07-23,RUB_UZS,5,0.0050000000,True,0.0064787600,0.0065114936,0.0064787600,0,0,52.7550544132,-2.4976813726
2026-07-24,RUB_UZS,5,0.0050000000,True,0.0064787600,0.0065128127,0.0064922400,1,1,0.0000000000,52.2857461111
2026-07-25,RUB_UZS,5,0.0050000000,True,0.0064787600,0.0065198536,0.0064922400,1,1,0.0000000000,42.3531537727
2026-07-28,RUB_UZS,5,0.0050000000,True,0.0064787600,0.0065490718,0.0065307700,1,1,0.0000000000,63.5690359453
2026-07-29,RUB_UZS,5,0.0050000000,True,0.0064787600,0.0065609718,0.0065937100,0,1,0.0000000000,46.0325375855
2026-07-30,RUB_UZS,5,0.0050000000,True,0.0064922400,0.0065791082,0.0066440200,0,1,0.0000000000,-22.1942211289
2026-07-31,RUB_UZS,5,0.0050000000,True,0.0064922400,0.0066064927,0.0066440200,0,1,10.8401002521,-67.7171300630
2026-08-01,RUB_UZS,5,0.0050000000,True,0.0064922400,0.0066352327,0.0066440200,0,1,0.0000000000,-13.2433527028
2026-08-04,RUB_UZS,5,0.0050000000,True,0.0065937100,0.0067307645,0.0067934700,0,1,0.0000000000,78.0068075476
2026-08-05,RUB_UZS,5,0.0050000000,True,0.0066440200,0.0067563045,0.0068083800,0,1,0.0000000000,-55.0085542998
2026-08-06,RUB_UZS,5,0.0050000000,True,0.0066440200,0.0067808791,0.0068320000,0,1,0.0000000000,-40.5565542789
2026-08-07,RUB_UZS,5,0.0050000000,True,0.0066440200,0.0068043436,0.0068746500,0,1,0.0000000000,-40.6451600836
2026-08-08,RUB_UZS,5,0.0050000000,True,0.0066440200,0.0068349318,0.0068746500,0,1,0.0000000000,-58.1105750207
2026-08-11,RUB_UZS,5,0.0050000000,True,0.0068083800,0.0069314991,0.0069021300,0,1,28.0572993043,14.3534476144
2026-08-12,RUB_UZS,5,0.0050000000,True,0.0068320000,0.0069563791,0.0069804900,0,1,0.0000000000,77.9846673106
2026-08-13,RUB_UZS,5,0.0050000000,True,0.0068746500,0.0069852245,0.0070138700,0,1,0.0000000000,6.7779431051
2026-08-14,RUB_UZS,5,0.0050000000,True,0.0068746500,0.0070132036,0.0070820600,0,1,0.0000000000,-0.9501558359
2026-08-15,RUB_UZS,5,0.0050000000,True,0.0068746500,0.0070429536,0.0070820600,0,1,0.0000000000,-55.5255162187
2026-08-18,RUB_UZS,5,0.0050000000,True,0.0069804900,0.0070763355,0.0069992400,0,0,209.8946750031,-103.1106367459
2026-08-19,RUB_UZS,5,0.0050000000,True,0.0069992400,0.0070780400,0.0069992400,0,0,255.0393878386,-147.4702036157
2026-08-20,RUB_UZS,5,0.0050000000,True,0.0069992400,0.0070791791,0.0069992400,0,0,281.3979644261,-173.3547174255
2026-08-21,RUB_UZS,5,0.0050000000,True,0.0069992400,0.0070872627,0.0069992400,0,0,95.9523422079,28.5197939607
2026-08-22,RUB_UZS,5,0.0050000000,True,0.0069992400,0.0070939455,0.0069992400,1,1,0.0000000000,133.5018082001
2026-08-25,RUB_UZS,5,0.0050000000,True,0.0069992400,0.0071269409,0.0071555700,1,1,0.0000000000,141.0716187680
2026-08-26,RUB_UZS,5,0.0050000000,True,0.0069992400,0.0071316355,0.0071555700,0,1,21.4893919660,-55.1690361984
2026-08-27,RUB_UZS,5,0.0050000000,True,0.0069992400,0.0071535036,0.0072535400,0,1,0.0000000000,-2.8886036010
2026-08-28,RUB_UZS,5,0.0050000000,True,0.0069992400,0.0071844100,0.0072535400,0,1,22.1606267152,-118.6457899814
2026-08-29,RUB_UZS,5,0.0050000000,False,,,,,,,
2026-09-01,RUB_UZS,5,0.0050000000,False,,,,,,,
2026-09-02,RUB_UZS,5,0.0050000000,False,,,,,,,
