date,corridor,horizon_calendar_days,epsilon,has_full_window,window_min_rub_per_unit,window_mean_rub_per_unit,future_min_rub_per_unit,target_good_now,message_hit,future_regret_bps,moment_advantage_bps
2016-09-02,RUB_KGS,1,0.0000000000,False,,,,,,,
2016-09-03,RUB_KGS,1,0.0000000000,True,0.9450630000,0.9523356667,0.9559720000,0,1,0.0000000000,-38.1833156167
2016-09-06,RUB_KGS,1,0.0000000000,True,0.9379350000,0.9441536667,0.9385540000,1,1,0.0000000000,65.8649845488
2016-09-07,RUB_KGS,1,0.0000000000,True,0.9322910000,0.9362600000,0.9322910000,0,0,66.7303106694,-24.5017409694
2016-09-08,RUB_KGS,1,0.0000000000,True,0.9256720000,0.9321723333,0.9256720000,0,0,70.9971457410,-1.2730121076
2016-09-09,RUB_KGS,1,0.0000000000,True,0.9256720000,0.9289310000,0.9288300000,1,1,0.0000000000,35.0833377291
2016-09-10,RUB_KGS,1,0.0000000000,True,0.9256720000,0.9277773333,0.9288300000,0,1,0.0000000000,-11.3461132197
2016-09-13,RUB_KGS,1,0.0000000000,True,0.9288300000,0.9364060000,0.9406420000,0,1,0.0000000000,-35.6682891823
2016-09-14,RUB_KGS,1,0.0000000000,True,0.9397460000,0.9408956667,0.9422990000,0,1,0.0000000000,2.6960127000
2016-09-15,RUB_KGS,1,0.0000000000,True,0.9406420000,0.9440806667,0.9493010000,0,1,0.0000000000,18.8719749230
2016-09-16,RUB_KGS,1,0.0000000000,True,0.9422990000,0.9465653333,0.9480960000,0,0,12.6935503070,-28.9009809501
2016-09-17,RUB_KGS,1,0.0000000000,True,0.9480960000,0.9484976667,0.9480960000,1,1,0.0000000000,4.2347670509
2016-09-20,RUB_KGS,1,0.0000000000,True,0.9438970000,0.9456346667,0.9438970000,0,0,10.7311693906,7.6527087275
2016-09-21,RUB_KGS,1,0.0000000000,True,0.9366410000,0.9418163333,0.9366410000,0,0,76.8727943833,-22.0920639516
2016-09-22,RUB_KGS,1,0.0000000000,True,0.9276510000,0.9360630000,0.9276510000,0,0,95.9812777788,-6.1747980638
2016-09-23,RUB_KGS,1,0.0000000000,True,0.9276510000,0.9311653333,0.9292040000,1,1,0.0000000000,37.7412389350
2016-09-24,RUB_KGS,1,0.0000000000,True,0.9276510000,0.9286863333,0.9292040000,0,1,0.0000000000,-5.5741820256
2016-09-27,RUB_KGS,1,0.0000000000,True,0.9292040000,0.9304750000,0.9307470000,0,0,7.8048340587,-10.7364518122
2016-09-28,RUB_KGS,1,0.0000000000,True,0.9307470000,0.9321643333,0.9342720000,1,1,0.0000000000,15.2047582454
2016-09-29,RUB_KGS,1,0.0000000000,True,0.9267430000,0.9305873333,0.9267430000,0,0,80.5868098370,-39.5950657685
2016-09-30,RUB_KGS,1,0.0000000000,True,0.9267430000,0.9314023333,0.9331920000,1,1,0.0000000000,50.0249265713
2016-10-01,RUB_KGS,1,0.0000000000,True,0.9267430000,0.9310423333,0.9331920000,0,1,0.0000000000,-23.0888176585
2016-10-04,RUB_KGS,1,0.0000000000,True,0.9137720000,0.9215830000,0.9177850000,1,1,0.0000000000,84.7563377363
2016-10-05,RUB_KGS,1,0.0000000000,True,0.9137720000,0.9162376667,0.9171560000,0,0,6.8534569643,-16.8879035389
2016-10-06,RUB_KGS,1,0.0000000000,True,0.9154810000,0.9168073333,0.9154810000,0,0,18.2629781629,-3.8030527679
2016-10-07,RUB_KGS,1,0.0000000000,True,0.9121980000,0.9149450000,0.9121980000,0,0,35.8609299374,-5.8582756341
2016-10-08,RUB_KGS,1,0.0000000000,True,0.9121980000,0.9132923333,0.9121980000,1,1,0.0000000000,11.9822897159
2016-10-11,RUB_KGS,1,0.0000000000,True,0.9086140000,0.9111966667,0.9086140000,0,0,45.6189785468,-17.3544679341
2016-10-12,RUB_KGS,1,0.0000000000,True,0.9086140000,0.9118856667,0.9142650000,1,1,0.0000000000,35.8780358795
2016-10-13,RUB_KGS,1,0.0000000000,True,0.9086140000,0.9164453333,0.9264570000,0,1,0.0000000000,23.7911990386
2016-10-14,RUB_KGS,1,0.0000000000,True,0.9142650000,0.9203126667,0.9202160000,0,0,67.3641626109,-66.7635419557
2016-10-15,RUB_KGS,1,0.0000000000,True,0.9202160000,0.9222963333,0.9202160000,1,1,0.0000000000,22.5560186910
2016-10-18,RUB_KGS,1,0.0000000000,True,0.9195600000,0.9211246667,0.9195600000,0,0,43.7203198794,-26.8512333112
2016-10-19,RUB_KGS,1,0.0000000000,True,0.9155990000,0.9195856667,0.9155990000,0,0,43.0749488886,0.2791112084
2016-10-20,RUB_KGS,1,0.0000000000,True,0.9143170000,0.9164920000,0.9143170000,0,0,14.0017627804,9.7436747948
2016-10-21,RUB_KGS,1,0.0000000000,True,0.9143170000,0.9154253333,0.9163600000,1,1,0.0000000000,12.1073045826
2016-10-22,RUB_KGS,1,0.0000000000,True,0.9143170000,0.9156790000,0.9163600000,0,1,0.0000000000,-7.4371040507
2016-10-25,RUB_KGS,1,0.0000000000,True,0.9107130000,0.9130690000,0.9107130000,0,0,15.5788513530,10.2401899528
2016-10-26,RUB_KGS,1,0.0000000000,True,0.9107130000,0.9114906667,0.9116250000,1,1,0.0000000000,8.5318116258
2016-10-27,RUB_KGS,1,0.0000000000,True,0.9107130000,0.9149953333,0.9226480000,0,1,0.0000000000,36.8344319425
2016-10-28,RUB_KGS,1,0.0000000000,True,0.9116250000,0.9174580000,0.9181010000,0,0,49.2820664002,-56.5693470437
2016-10-29,RUB_KGS,1,0.0000000000,True,0.9181010000,0.9196166667,0.9181010000,1,1,0.0000000000,16.4815049749
2016-11-01,RUB_KGS,1,0.0000000000,True,0.9181010000,0.9197436667,0.9202650000,0,0,6.5156130377,-12.1918027160
2016-11-02,RUB_KGS,1,0.0000000000,True,0.9202650000,0.9211843333,0.9224230000,1,1,0.0000000000,9.9799063018
2016-11-03,RUB_KGS,1,0.0000000000,True,0.9202650000,0.9221293333,0.9237000000,0,1,0.0000000000,-3.1846581174
2016-11-04,RUB_KGS,1,0.0000000000,True,0.9224230000,0.9232743333,0.9237000000,0,1,0.0000000000,-4.6104029030
2016-11-08,RUB_KGS,1,0.0000000000,True,0.9237000000,0.9265090000,0.9270750000,0,0,18.0564887074,-24.2091550109
2016-11-09,RUB_KGS,1,0.0000000000,True,0.9270750000,0.9286176667,0.9300260000,1,1,0.0000000000,16.6125061157
2016-11-10,RUB_KGS,1,0.0000000000,True,0.9207420000,0.9259476667,0.9207420000,0,0,99.8251661781,-44.0449658242
2016-11-11,RUB_KGS,1,0.0000000000,True,0.9207420000,0.9327670000,0.9475330000,1,1,0.0000000000,128.9175110183
2016-11-12,RUB_KGS,1,0.0000000000,True,0.9207420000,0.9386026667,0.9475330000,0,1,0.0000000000,-95.1449814760
2016-11-15,RUB_KGS,1,0.0000000000,True,0.9475330000,0.9511540000,0.9510340000,0,0,40.4337649689,-39.3311703468
2016-11-16,RUB_KGS,1,0.0000000000,True,0.9336180000,0.9465156667,0.9336180000,0,0,183.1269965112,-47.7364875454
2016-11-17,RUB_KGS,1,0.0000000000,True,0.9336180000,0.9409120000,0.9380840000,1,1,0.0000000000,77.5205332698
2016-11-18,RUB_KGS,1,0.0000000000,True,0.9336180000,0.9374956667,0.9407850000,0,1,0.0000000000,-6.2755845627
2016-11-19,RUB_KGS,1,0.0000000000,True,0.9380840000,0.9398846667,0.9407850000,0,1,0.0000000000,-9.5791895034
2016-11-22,RUB_KGS,1,0.0000000000,True,0.9196160000,0.9301433333,0.9196160000,0,0,111.9642505771,1.2292012342
2016-11-23,RUB_KGS,1,0.0000000000,True,0.9196160000,0.9257243333,0.9275280000,1,1,0.0000000000,65.9843661162
2016-11-24,RUB_KGS,1,0.0000000000,True,0.9196160000,0.9276806667,0.9358980000,0,1,0.0000000000,1.6456812366
2016-11-25,RUB_KGS,1,0.0000000000,True,0.9275280000,0.9326263333,0.9344530000,0,0,15.4397167213,-35.0801446381
2016-11-26,RUB_KGS,1,0.0000000000,True,0.9344530000,0.9349346667,0.9344530000,1,1,0.0000000000,5.1518751399
2016-11-29,RUB_KGS,1,0.0000000000,True,0.9344530000,0.9372300000,0.9391550000,0,1,0.0000000000,-9.0906180980
2016-11-30,RUB_KGS,1,0.0000000000,True,0.9380820000,0.9401930000,0.9433420000,0,1,0.0000000000,11.0402864093
2016-12-01,RUB_KGS,1,0.0000000000,True,0.9208250000,0.9344406667,0.9208250000,0,0,238.6939201265,-95.2584112706
2016-12-02,RUB_KGS,1,0.0000000000,True,0.9208250000,0.9307893333,0.9282010000,1,1,0.0000000000,107.0525088384
2016-12-03,RUB_KGS,1,0.0000000000,True,0.9208250000,0.9257423333,0.9282010000,0,1,0.0000000000,-26.5588660920
2016-12-06,RUB_KGS,1,0.0000000000,True,0.9240270000,0.9258680000,0.9253760000,1,1,0.0000000000,19.8840439458
2016-12-07,RUB_KGS,1,0.0000000000,True,0.9240270000,0.9244770000,0.9240280000,0,0,14.5670516633,-9.7244171569
2016-12-08,RUB_KGS,1,0.0000000000,True,0.9145220000,0.9213086667,0.9145220000,0,0,102.8756704342,-29.5159855944
2016-12-09,RUB_KGS,1,0.0000000000,True,0.9137240000,0.9174246667,0.9137240000,0,0,8.7258699080,31.6392917275
2016-12-10,RUB_KGS,1,0.0000000000,True,0.9137240000,0.9139900000,0.9137240000,1,1,0.0000000000,2.9103163054
2016-12-13,RUB_KGS,1,0.0000000000,True,0.8820130000,0.8954236667,0.8820130000,0,0,95.6841625362,54.6072976256
2016-12-14,RUB_KGS,1,0.0000000000,True,0.8788980000,0.8838150000,0.8788980000,0,0,35.3169397730,20.3888822887
2016-12-15,RUB_KGS,1,0.0000000000,True,0.8788980000,0.8836576667,0.8900620000,1,1,0.0000000000,53.8632419116
2016-12-16,RUB_KGS,1,0.0000000000,True,0.8788980000,0.8869813333,0.8919840000,0,1,0.0000000000,-34.7320349470
2016-12-17,RUB_KGS,1,0.0000000000,True,0.8900620000,0.8913433333,0.8919840000,0,1,0.0000000000,-7.1876530929
2016-12-20,RUB_KGS,1,0.0000000000,True,0.8914370000,0.8922143333,0.8914370000,0,0,19.9838338062,-11.2939977427
2016-12-21,RUB_KGS,1,0.0000000000,True,0.8840390000,0.8895660000,0.8840390000,0,0,82.9895999381,-21.0327283192
2016-12-22,RUB_KGS,1,0.0000000000,True,0.8768960000,0.8841240000,0.8768960000,0,0,80.7996027325,0.9614036040
2016-12-23,RUB_KGS,1,0.0000000000,True,0.8766180000,0.8791843333,0.8766180000,0,0,3.1702733277,26.0279129936
2016-12-24,RUB_KGS,1,0.0000000000,True,0.8766180000,0.8767106667,0.8766180000,1,1,0.0000000000,1.0569811705
2016-12-27,RUB_KGS,1,0.0000000000,True,0.8755300000,0.8762786667,0.8766880000,1,1,0.0000000000,8.5437052749
2016-12-28,RUB_KGS,1,0.0000000000,True,0.8739780000,0.8753986667,0.8739780000,0,0,30.9117953023,-14.7285274976
2016-12-29,RUB_KGS,1,0.0000000000,True,0.8682830000,0.8729830000,0.8682830000,0,0,65.1618232953,-11.3977019026
2016-12-30,RUB_KGS,1,0.0000000000,True,0.8682830000,0.8720910000,0.8740120000,1,1,0.0000000000,43.6651679699
2016-12-31,RUB_KGS,1,0.0000000000,True,0.8682830000,0.8721023333,0.8740120000,0,1,0.0000000000,-21.8972773455
2017-01-10,RUB_KGS,1,0.0000000000,True,0.8633670000,0.8675626667,0.8653090000,1,1,0.0000000000,48.3615400693
2017-01-11,RUB_KGS,1,0.0000000000,True,0.8633670000,0.8648413333,0.8658480000,0,1,0.0000000000,-5.4075429636
2017-01-12,RUB_KGS,1,0.0000000000,True,0.8562180000,0.8624583333,0.8562180000,0,0,111.2204451590,-39.3023817576
2017-01-13,RUB_KGS,1,0.0000000000,True,0.8543020000,0.8587893333,0.8543020000,0,0,22.3774786328,29.9413748347
2017-01-14,RUB_KGS,1,0.0000000000,True,0.8543020000,0.8549406667,0.8543020000,1,1,0.0000000000,7.4703039821
2017-01-17,RUB_KGS,1,0.0000000000,True,0.8540830000,0.8554480000,0.8540830000,0,0,45.1769839818,-29.3530407459
2017-01-18,RUB_KGS,1,0.0000000000,True,0.8515540000,0.8545320000,0.8515540000,0,0,29.6107052827,5.2543380470
2017-01-19,RUB_KGS,1,0.0000000000,True,0.8515540000,0.8532120000,0.8539990000,1,1,0.0000000000,19.4324505516
2017-01-20,RUB_KGS,1,0.0000000000,True,0.8515540000,0.8547116667,0.8585820000,0,1,0.0000000000,8.3380945231
2017-01-21,RUB_KGS,1,0.0000000000,True,0.8539990000,0.8570543333,0.8585820000,0,1,0.0000000000,-17.8246186648
2017-01-24,RUB_KGS,1,0.0000000000,True,0.8520600000,0.8550080000,0.8520600000,0,0,27.1775388526,7.3215689210
2017-01-25,RUB_KGS,1,0.0000000000,True,0.8512200000,0.8525540000,0.8512200000,0,0,9.8584606718,5.7943543752
2017-01-26,RUB_KGS,1,0.0000000000,True,0.8512200000,0.8546076667,0.8605430000,1,1,0.0000000000,39.6400219516
2017-01-27,RUB_KGS,1,0.0000000000,True,0.8512200000,0.8602080000,0.8688610000,0,1,0.0000000000,-3.8944069341
2017-01-28,RUB_KGS,1,0.0000000000,True,0.8605430000,0.8660883333,0.8688610000,0,1,0.0000000000,-32.0136706610
2017-01-31,RUB_KGS,1,0.0000000000,True,0.8688610000,0.8695406667,0.8691130000,0,0,17.6305464436,-12.7346928762
2017-02-01,RUB_KGS,1,0.0000000000,True,0.8691130000,0.8708006667,0.8726410000,1,1,0.0000000000,19.3806313117
2017-02-02,RUB_KGS,1,0.0000000000,True,0.8669870000,0.8695803333,0.8669870000,0,0,64.7918216082,-35.1970548245
2017-02-03,RUB_KGS,1,0.0000000000,True,0.8557380000,0.8651220000,0.8557380000,0,0,129.7481969164,-21.5576531403
2017-02-04,RUB_KGS,1,0.0000000000,True,0.8557380000,0.8594876667,0.8557380000,1,1,0.0000000000,43.6267652474
2017-02-07,RUB_KGS,1,0.0000000000,True,0.8452340000,0.8511893333,0.8525960000,1,1,0.0000000000,69.9648491836
2017-02-08,RUB_KGS,1,0.0000000000,True,0.8452340000,0.8517883333,0.8575350000,0,1,0.0000000000,-9.4820113761
2017-02-09,RUB_KGS,1,0.0000000000,True,0.8501480000,0.8534263333,0.8501480000,0,0,86.1422565843,-48.1431906445
2017-02-10,RUB_KGS,1,0.0000000000,True,0.8473530000,0.8516786667,0.8473530000,0,0,32.8766285400,17.9723495090
2017-02-11,RUB_KGS,1,0.0000000000,True,0.8473530000,0.8482846667,0.8473530000,1,1,0.0000000000,10.9829483342
2017-02-14,RUB_KGS,1,0.0000000000,True,0.8316690000,0.8377723333,0.8316690000,0,0,31.4756770687,41.5069010395
2017-02-15,RUB_KGS,1,0.0000000000,True,0.8189710000,0.8283116667,0.8189710000,0,0,152.6809343621,-40.5322473224
2017-02-16,RUB_KGS,1,0.0000000000,True,0.8189710000,0.8255853333,0.8261160000,1,1,0.0000000000,80.1168948415
2017-02-17,RUB_KGS,1,0.0000000000,True,0.8189710000,0.8263616667,0.8339980000,0,1,0.0000000000,2.9728710391
2017-02-18,RUB_KGS,1,0.0000000000,True,0.8261160000,0.8313706667,0.8339980000,0,1,0.0000000000,-31.6024300432
2017-02-21,RUB_KGS,1,0.0000000000,True,0.8339980000,0.8367153333,0.8372730000,0,0,19.0970049173,-25.8112476326
2017-02-22,RUB_KGS,1,0.0000000000,True,0.8317290000,0.8359590000,0.8317290000,0,0,66.2149621450,-15.7184742314
2017-02-23,RUB_KGS,1,0.0000000000,True,0.8317290000,0.8335770000,0.8317290000,1,1,0.0000000000,22.1695176330
2017-02-28,RUB_KGS,1,0.0000000000,True,0.8317290000,0.8350876667,0.8369820000,0,1,0.0000000000,-17.5350851388
2017-03-01,RUB_KGS,1,0.0000000000,True,0.8365520000,0.8391420000,0.8438920000,0,1,0.0000000000,25.7405778760
2017-03-02,RUB_KGS,1,0.0000000000,True,0.8369820000,0.8416493333,0.8440740000,0,1,0.0000000000,-26.6460933057
2017-03-03,RUB_KGS,1,0.0000000000,True,0.8438920000,0.8464020000,0.8512400000,0,1,0.0000000000,27.5046609058
2017-03-04,RUB_KGS,1,0.0000000000,True,0.8440740000,0.8488513333,0.8512400000,0,1,0.0000000000,-28.1399883922
2017-03-07,RUB_KGS,1,0.0000000000,True,0.8411510000,0.8445973333,0.8414010000,1,1,0.0000000000,40.8044543514
2017-03-08,RUB_KGS,1,0.0000000000,True,0.8411510000,0.8413176667,0.8414010000,0,1,0.0000000000,-0.9905097282
2017-03-10,RUB_KGS,1,0.0000000000,True,0.8414010000,0.8486616667,0.8561300000,0,1,0.0000000000,2.4469900647
2017-03-11,RUB_KGS,1,0.0000000000,True,0.8484540000,0.8535713333,0.8561300000,0,1,0.0000000000,-29.9760145022
2017-03-14,RUB_KGS,1,0.0000000000,True,0.8513750000,0.8535230000,0.8513750000,0,0,19.7992178781,5.3777109697
2017-03-15,RUB_KGS,1,0.0000000000,True,0.8513750000,0.8526380000,0.8534750000,1,1,0.0000000000,14.8128514094
2017-03-16,RUB_KGS,1,0.0000000000,True,0.8407340000,0.8485280000,0.8407340000,0,0,149.2838103049,-58.3009635510
2017-03-17,RUB_KGS,1,0.0000000000,True,0.8358430000,0.8433506667,0.8358430000,0,0,58.1753562958,31.0270302745
2017-03-18,RUB_KGS,1,0.0000000000,True,0.8358430000,0.8374733333,0.8358430000,1,1,0.0000000000,19.4672865206
2017-03-21,RUB_KGS,1,0.0000000000,True,0.8239610000,0.8281646667,0.8239610000,0,0,8.8396852151,41.9562293167
2017-03-22,RUB_KGS,1,0.0000000000,True,0.8239610000,0.8273006667,0.8332510000,1,1,0.0000000000,40.3682337175
2017-03-23,RUB_KGS,1,0.0000000000,True,0.8239610000,0.8296600000,0.8317680000,0,0,17.7977584185,-43.2827905407
2017-03-24,RUB_KGS,1,0.0000000000,True,0.8285560000,0.8311916667,0.8285560000,0,0,38.6165373037,-6.9338199172
2017-03-25,RUB_KGS,1,0.0000000000,True,0.8285560000,0.8296266667,0.8285560000,1,1,0.0000000000,12.9054032336
2017-03-28,RUB_KGS,1,0.0000000000,True,0.8275640000,0.8283156667,0.8275640000,0,0,15.2384031891,-6.1731698905
2017-03-29,RUB_KGS,1,0.0000000000,True,0.8275640000,0.8289506667,0.8304610000,1,1,0.0000000000,16.7279757702
2017-03-30,RUB_KGS,1,0.0000000000,True,0.8220150000,0.8266800000,0.8220150000,0,0,101.7025483436,-45.7371655296
2017-03-31,RUB_KGS,1,0.0000000000,True,0.8156700000,0.8227153333,0.8156700000,0,0,77.1883724750,8.5124623908
2017-04-01,RUB_KGS,1,0.0000000000,True,0.8156700000,0.8177850000,0.8156700000,1,1,0.0000000000,25.8625433335
2017-04-04,RUB_KGS,1,0.0000000000,True,0.8156700000,0.8182450000,0.8225630000,0,1,0.0000000000,21.3016883696
2017-04-05,RUB_KGS,1,0.0000000000,True,0.8153890000,0.8181513333,0.8153890000,0,0,87.2152041850,-53.9223794783
2017-04-06,RUB_KGS,1,0.0000000000,True,0.8153890000,0.8205306667,0.8236400000,1,1,0.0000000000,62.6626995863
2017-04-07,RUB_KGS,1,0.0000000000,True,0.8153890000,0.8235246667,0.8315450000,0,1,0.0000000000,-1.4004842599
2017-04-08,RUB_KGS,1,0.0000000000,True,0.8236400000,0.8289100000,0.8315450000,0,1,0.0000000000,-31.7887346033
2017-04-11,RUB_KGS,1,0.0000000000,True,0.8315450000,0.8338070000,0.8317660000,0,0,75.6941212967,-51.6066667706
2017-04-12,RUB_KGS,1,0.0000000000,True,0.8290250000,0.8329670000,0.8290250000,0,0,32.9539798453,14.4183383015
2017-04-13,RUB_KGS,1,0.0000000000,True,0.8275130000,0.8294346667,0.8275130000,0,0,18.2382919695,4.9391071187
2017-04-14,RUB_KGS,1,0.0000000000,True,0.8248280000,0.8271220000,0.8248280000,0,0,32.4466201739,-4.7272349182
2017-04-15,RUB_KGS,1,0.0000000000,True,0.8248280000,0.8257230000,0.8248280000,1,1,0.0000000000,10.8389859553
2017-04-18,RUB_KGS,1,0.0000000000,True,0.8197520000,0.8221183333,0.8197520000,0,0,24.6174439476,4.1762033446
2017-04-19,RUB_KGS,1,0.0000000000,True,0.8197520000,0.8230356667,0.8275800000,1,1,0.0000000000,39.8970153987
2017-04-20,RUB_KGS,1,0.0000000000,True,0.8197520000,0.8264760000,0.8320960000,0,1,0.0000000000,-13.3579196492
2017-04-21,RUB_KGS,1,0.0000000000,True,0.8275800000,0.8316296667,0.8352130000,0,1,0.0000000000,-5.6074638992
2017-04-22,RUB_KGS,1,0.0000000000,True,0.8320960000,0.8341740000,0.8352130000,0,1,0.0000000000,-12.4554349572
2017-04-25,RUB_KGS,1,0.0000000000,True,0.8316550000,0.8353553333,0.8316550000,0,0,89.8834363285,-46.0003846666
2017-04-26,RUB_KGS,1,0.0000000000,True,0.8316550000,0.8365343333,0.8387500000,1,1,0.0000000000,58.3279506759
2017-04-27,RUB_KGS,1,0.0000000000,True,0.8316550000,0.8396770000,0.8486260000,0,1,0.0000000000,11.0399594130
2017-04-28,RUB_KGS,1,0.0000000000,True,0.8387500000,0.8449376667,0.8474370000,0,0,14.0108834752,-43.6521352857
2017-04-29,RUB_KGS,1,0.0000000000,True,0.8474370000,0.8478333333,0.8474370000,1,1,0.0000000000,4.6746609003
2017-05-03,RUB_KGS,1,0.0000000000,True,0.8401210000,0.8435426667,0.8430700000,1,1,0.0000000000,40.5630539139
2017-05-04,RUB_KGS,1,0.0000000000,True,0.8401210000,0.8451563333,0.8522780000,0,1,0.0000000000,24.6857681952
2017-05-05,RUB_KGS,1,0.0000000000,True,0.8430700000,0.8533396667,0.8646710000,0,1,0.0000000000,12.4413139121
2017-05-06,RUB_KGS,1,0.0000000000,True,0.8522780000,0.8605400000,0.8646710000,0,1,0.0000000000,-48.0047412090
2017-05-11,RUB_KGS,1,0.0000000000,True,0.8405610000,0.8546436667,0.8405610000,0,0,211.2265182561,-47.4505749180
2017-05-12,RUB_KGS,1,0.0000000000,True,0.8405610000,0.8476696667,0.8437490000,1,1,0.0000000000,83.8612840143
2017-05-13,RUB_KGS,1,0.0000000000,True,0.8405610000,0.8426863333,0.8437490000,0,1,0.0000000000,-12.6104651830
2017-05-16,RUB_KGS,1,0.0000000000,True,0.8301650000,0.8358760000,0.8301650000,0,0,42.5685546842,25.8650804665
2017-05-17,RUB_KGS,1,0.0000000000,True,0.8301650000,0.8335756667,0.8368480000,1,1,0.0000000000,40.9161015977
2017-05-18,RUB_KGS,1,0.0000000000,True,0.8301650000,0.8380843333,0.8472400000,0,1,0.0000000000,14.7518964877
2017-05-19,RUB_KGS,1,0.0000000000,True,0.8368480000,0.8423863333,0.8430710000,0,0,49.2068363156,-57.6180604386
2017-05-20,RUB_KGS,1,0.0000000000,True,0.8430710000,0.8444606667,0.8430710000,1,1,0.0000000000,16.4562628139
2017-05-23,RUB_KGS,1,0.0000000000,True,0.8329190000,0.8365583333,0.8329190000,0,0,9.1881226123,34.3470768127
2017-05-24,RUB_KGS,1,0.0000000000,True,0.8289040000,0.8318360000,0.8289040000,0,0,48.2039670124,-13.0193932458
2017-05-25,RUB_KGS,1,0.0000000000,True,0.8251670000,0.8289966667,0.8251670000,0,0,45.0836285022,1.1178171203
2017-05-26,RUB_KGS,1,0.0000000000,True,0.8251670000,0.8296750000,0.8349540000,1,1,0.0000000000,54.3345285805
2017-05-27,RUB_KGS,1,0.0000000000,True,0.8251670000,0.8316916667,0.8349540000,0,1,0.0000000000,-39.2252737894
2017-05-30,RUB_KGS,1,0.0000000000,True,0.8302750000,0.8329470000,0.8302750000,0,0,40.0306137628,-7.9837012439
2017-05-31,RUB_KGS,1,0.0000000000,True,0.8302750000,0.8321013333,0.8324170000,1,1,0.0000000000,21.9484485864
2017-06-01,RUB_KGS,1,0.0000000000,True,0.8296010000,0.8307643333,0.8296010000,0,0,33.8291985868,-19.8933271489
2017-06-02,RUB_KGS,1,0.0000000000,True,0.8296010000,0.8310713333,0.8311960000,1,1,0.0000000000,17.6920232278
2017-06-03,RUB_KGS,1,0.0000000000,True,0.8296010000,0.8306643333,0.8311960000,0,1,0.0000000000,-6.4004995199
2017-06-06,RUB_KGS,1,0.0000000000,True,0.8301350000,0.8307793333,0.8310070000,1,1,0.0000000000,7.7557698835
2017-06-07,RUB_KGS,1,0.0000000000,True,0.8297330000,0.8302916667,0.8297330000,0,0,15.3307974542,-8.6154463793
2017-06-08,RUB_KGS,1,0.0000000000,True,0.8297330000,0.8321023333,0.8355670000,1,1,0.0000000000,28.4740618842
2017-06-09,RUB_KGS,1,0.0000000000,True,0.8297330000,0.8337840000,0.8360520000,0,1,0.0000000000,-21.3844352974
2017-06-10,RUB_KGS,1,0.0000000000,True,0.8355670000,0.8358903333,0.8360520000,0,1,0.0000000000,-1.9340655134
2017-06-14,RUB_KGS,1,0.0000000000,True,0.8314040000,0.8335410000,0.8331670000,1,1,0.0000000000,25.6376111073
2017-06-15,RUB_KGS,1,0.0000000000,True,0.8314040000,0.8345926667,0.8392070000,0,1,0.0000000000,17.0821854014
2017-06-16,RUB_KGS,1,0.0000000000,True,0.8331670000,0.8387226667,0.8437940000,0,1,0.0000000000,-5.7746541566
2017-06-17,RUB_KGS,1,0.0000000000,True,0.8392070000,0.8422650000,0.8437940000,0,1,0.0000000000,-18.1534315210
2017-06-20,RUB_KGS,1,0.0000000000,True,0.8437940000,0.8482706667,0.8545380000,0,1,0.0000000000,21.1096143841
2017-06-21,RUB_KGS,1,0.0000000000,True,0.8464800000,0.8581266667,0.8733620000,0,1,0.0000000000,41.8197779660
2017-06-22,RUB_KGS,1,0.0000000000,True,0.8545380000,0.8678490000,0.8756470000,0,1,0.0000000000,-63.5248758713
2017-06-23,RUB_KGS,1,0.0000000000,True,0.8659660000,0.8716583333,0.8659660000,0,0,110.5582500711,-45.7595196895
2017-06-24,RUB_KGS,1,0.0000000000,True,0.8659660000,0.8691930000,0.8659660000,1,1,0.0000000000,37.1263919521
2017-06-27,RUB_KGS,1,0.0000000000,True,0.8545100000,0.8588536667,0.8545100000,0,0,18.3977058353,32.2367683125
2017-06-28,RUB_KGS,1,0.0000000000,True,0.8545100000,0.8582560000,0.8641730000,1,1,0.0000000000,43.6466508827
2017-06-29,RUB_KGS,1,0.0000000000,True,0.8545100000,0.8582486667,0.8560630000,0,0,93.8469496270,-69.0281682154
2017-06-30,RUB_KGS,1,0.0000000000,True,0.8560630000,0.8595223333,0.8583310000,1,1,0.0000000000,40.2471605353
2017-07-01,RUB_KGS,1,0.0000000000,True,0.8560630000,0.8575750000,0.8583310000,0,1,0.0000000000,-8.8155554908
2017-07-04,RUB_KGS,1,0.0000000000,True,0.8503170000,0.8544436667,0.8546830000,1,1,0.0000000000,48.2965329097
2017-07-05,RUB_KGS,1,0.0000000000,True,0.8503170000,0.8549073333,0.8597220000,0,1,0.0000000000,2.6240660781
2017-07-06,RUB_KGS,1,0.0000000000,True,0.8546830000,0.8612356667,0.8693020000,0,1,0.0000000000,17.5755223019
2017-07-07,RUB_KGS,1,0.0000000000,True,0.8597220000,0.8667656667,0.8712730000,0,1,0.0000000000,-29.2620419898
2017-07-08,RUB_KGS,1,0.0000000000,True,0.8693020000,0.8706160000,0.8712730000,0,1,0.0000000000,-7.5463809533
2017-07-11,RUB_KGS,1,0.0000000000,True,0.8701500000,0.8726746667,0.8766010000,1,1,0.0000000000,28.9302160714
2017-07-12,RUB_KGS,1,0.0000000000,True,0.8701500000,0.8739720000,0.8751650000,0,0,16.3814551888,-30.0810552283
2017-07-13,RUB_KGS,1,0.0000000000,True,0.8690770000,0.8736143333,0.8690770000,0,0,69.5640250696,-17.7500140222
2017-07-14,RUB_KGS,1,0.0000000000,True,0.8648270000,0.8696896667,0.8648270000,0,0,48.9024562841,7.0446584586
2017-07-15,RUB_KGS,1,0.0000000000,True,0.8648270000,0.8662436667,0.8648270000,1,1,0.0000000000,16.3541359225
2017-07-18,RUB_KGS,1,0.0000000000,True,0.8531810000,0.8585800000,0.8577320000,1,1,0.0000000000,62.8828996716
2017-07-19,RUB_KGS,1,0.0000000000,True,0.8531810000,0.8555993333,0.8558850000,0,0,21.5335326186,-24.9259972931
2017-07-20,RUB_KGS,1,0.0000000000,True,0.8536670000,0.8557613333,0.8536670000,0,0,25.9146964838,-1.4451069691
2017-07-21,RUB_KGS,1,0.0000000000,True,0.8515150000,0.8536890000,0.8515150000,0,0,25.2088929290,0.2577050893
2017-07-22,RUB_KGS,1,0.0000000000,True,0.8515150000,0.8522323333,0.8515150000,1,1,0.0000000000,8.4171100447
2017-07-25,RUB_KGS,1,0.0000000000,True,0.8515150000,0.8592976667,0.8643670000,0,1,0.0000000000,-31.5761748063
2017-07-26,RUB_KGS,1,0.0000000000,True,0.8620110000,0.8640440000,0.8657540000,0,1,0.0000000000,-3.7382355528
2017-07-27,RUB_KGS,1,0.0000000000,True,0.8587770000,0.8629660000,0.8587770000,0,0,80.5887122670,-32.3071824382
2017-07-28,RUB_KGS,1,0.0000000000,True,0.8587770000,0.8617870000,0.8608300000,1,1,0.0000000000,34.9274240619
2017-07-29,RUB_KGS,1,0.0000000000,True,0.8587770000,0.8601456667,0.8608300000,0,1,0.0000000000,-7.9560167522
2017-08-01,RUB_KGS,1,0.0000000000,True,0.8608300000,0.8649556667,0.8654430000,0,0,36.2770178012,-42.0638129045
2017-08-02,RUB_KGS,1,0.0000000000,True,0.8654430000,0.8700436667,0.8760940000,1,1,0.0000000000,52.8785719950
2017-08-03,RUB_KGS,1,0.0000000000,True,0.8654430000,0.8734400000,0.8787830000,0,1,0.0000000000,-30.3856017586
2017-08-04,RUB_KGS,1,0.0000000000,True,0.8726760000,0.8758510000,0.8726760000,0,0,69.4938340865,-33.4760136142
2017-08-05,RUB_KGS,1,0.0000000000,True,0.8726760000,0.8747116667,0.8726760000,1,1,0.0000000000,23.2724307248
2017-08-08,RUB_KGS,1,0.0000000000,True,0.8681420000,0.8699163333,0.8681420000,0,0,9.0801225874,11.3267597765
2017-08-09,RUB_KGS,1,0.0000000000,True,0.8671160000,0.8680630000,0.8671160000,0,0,11.8183430821,-0.9100721952
2017-08-10,RUB_KGS,1,0.0000000000,True,0.8666640000,0.8673073333,0.8666640000,0,0,5.2126820402,2.2060615191
2017-08-11,RUB_KGS,1,0.0000000000,True,0.8666640000,0.8681396667,0.8706390000,1,1,0.0000000000,16.9980329586
2017-08-12,RUB_KGS,1,0.0000000000,True,0.8666640000,0.8693140000,0.8706390000,0,1,0.0000000000,-15.2419033859
2017-08-15,RUB_KGS,1,0.0000000000,True,0.8651480000,0.8676353333,0.8671190000,1,1,0.0000000000,28.6679580438
2017-08-16,RUB_KGS,1,0.0000000000,True,0.8633970000,0.8652213333,0.8633970000,0,0,42.9237509500,-21.9327308928
2017-08-17,RUB_KGS,1,0.0000000000,True,0.8576870000,0.8627343333,0.8576870000,0,0,66.1341190669,-7.6810049289
2017-08-18,RUB_KGS,1,0.0000000000,True,0.8576870000,0.8603390000,0.8599330000,1,1,0.0000000000,30.8250584944
2017-08-19,RUB_KGS,1,0.0000000000,True,0.8576870000,0.8591843333,0.8599330000,0,1,0.0000000000,-8.7136908533
2017-08-22,RUB_KGS,1,0.0000000000,True,0.8555220000,0.8574403333,0.8555220000,0,0,15.6850662764,6.6982308973
2017-08-23,RUB_KGS,1,0.0000000000,True,0.8555220000,0.8564333333,0.8569120000,1,1,0.0000000000,10.6410306309
2017-08-24,RUB_KGS,1,0.0000000000,True,0.8555220000,0.8564980000,0.8570600000,0,1,0.0000000000,-4.8336365059
2017-08-25,RUB_KGS,1,0.0000000000,True,0.8569120000,0.8570613333,0.8572120000,0,1,0.0000000000,0.0155570352
2017-08-26,RUB_KGS,1,0.0000000000,True,0.8570600000,0.8571613333,0.8572120000,0,1,0.0000000000,-0.5910983697
2017-08-29,RUB_KGS,1,0.0000000000,True,0.8482900000,0.8513360000,0.8482900000,0,0,2.5456508263,33.2418692502
2017-08-30,RUB_KGS,1,0.0000000000,True,0.8482900000,0.8493213333,0.8511680000,1,1,0.0000000000,12.1430287084
2017-08-31,RUB_KGS,1,0.0000000000,True,0.8482900000,0.8493550000,0.8486070000,0,0,30.0880672206,-21.3456093153
2017-09-01,RUB_KGS,1,0.0000000000,True,0.8416310000,0.8471353333,0.8416310000,0,0,82.2053082287,-17.3722734581
2017-09-02,RUB_KGS,1,0.0000000000,True,0.8416310000,0.8439563333,0.8416310000,1,1,0.0000000000,27.5527683304
2017-09-05,RUB_KGS,1,0.0000000000,True,0.8376590000,0.8393143333,0.8386530000,1,1,0.0000000000,19.7224480459
2017-09-06,RUB_KGS,1,0.0000000000,True,0.8313570000,0.8358896667,0.8313570000,0,0,86.9966481966,-33.0585894709
2017-09-07,RUB_KGS,1,0.0000000000,True,0.8287320000,0.8329140000,0.8287320000,0,0,31.5748829925,18.6934065222
2017-09-08,RUB_KGS,1,0.0000000000,True,0.8269970000,0.8290286667,0.8269970000,0,0,20.9355979979,3.5784850222
2017-09-09,RUB_KGS,1,0.0000000000,True,0.8269970000,0.8275753333,0.8269970000,1,1,0.0000000000,6.9882862628
2017-09-12,RUB_KGS,1,0.0000000000,True,0.8269970000,0.8292140000,0.8311410000,0,1,0.0000000000,-3.4972877930
2017-09-13,RUB_KGS,1,0.0000000000,True,0.8295040000,0.8325820000,0.8371010000,0,1,0.0000000000,17.3076045362
2017-09-14,RUB_KGS,1,0.0000000000,True,0.8311410000,0.8356113333,0.8385920000,0,1,0.0000000000,-17.8272673819
2017-09-15,RUB_KGS,1,0.0000000000,True,0.8353940000,0.8370290000,0.8353940000,0,0,38.1353506830,-18.6731881452
2017-09-16,RUB_KGS,1,0.0000000000,True,0.8353940000,0.8364600000,0.8353940000,1,1,0.0000000000,12.7441838223
2017-09-19,RUB_KGS,1,0.0000000000,True,0.8353940000,0.8388560000,0.8442210000,0,1,0.0000000000,22.6856576099
2017-09-20,RUB_KGS,1,0.0000000000,True,0.8369530000,0.8420240000,0.8448980000,0,1,0.0000000000,-26.0918928677
2017-09-21,RUB_KGS,1,0.0000000000,True,0.8442210000,0.8452156667,0.8465280000,0,1,0.0000000000,3.7584095893
2017-09-22,RUB_KGS,1,0.0000000000,True,0.8383410000,0.8432556667,0.8383410000,0,0,96.7126899524,-38.8059453697
2017-09-23,RUB_KGS,1,0.0000000000,True,0.8383410000,0.8410700000,0.8383410000,1,1,0.0000000000,32.4467642408
2017-09-26,RUB_KGS,1,0.0000000000,True,0.8354190000,0.8370280000,0.8354190000,0,0,22.7510497728,-3.5363213656
2017-09-27,RUB_KGS,1,0.0000000000,True,0.8354190000,0.8398690000,0.8468640000,1,1,0.0000000000,52.9844535279
2017-09-28,RUB_KGS,1,0.0000000000,True,0.8354190000,0.8442423333,0.8504440000,0,1,0.0000000000,-31.0534850381
2017-09-29,RUB_KGS,1,0.0000000000,True,0.8440050000,0.8471043333,0.8440050000,0,0,75.7133920634,-39.4245022160
2017-09-30,RUB_KGS,1,0.0000000000,True,0.8440050000,0.8461513333,0.8440050000,1,1,0.0000000000,25.3658329046
2017-10-03,RUB_KGS,1,0.0000000000,True,0.8411670000,0.8427150000,0.8429730000,1,1,0.0000000000,18.3691995514
2017-10-04,RUB_KGS,1,0.0000000000,True,0.8408500000,0.8416633333,0.8408500000,0,0,25.1846737677,-15.5604576652
2017-10-05,RUB_KGS,1,0.0000000000,True,0.8381530000,0.8406586667,0.8381530000,0,0,32.0746863293,-2.2759931102
2017-10-06,RUB_KGS,1,0.0000000000,True,0.8381530000,0.8399340000,0.8407990000,1,1,0.0000000000,21.2040469846
2017-10-07,RUB_KGS,1,0.0000000000,True,0.8381530000,0.8399170000,0.8407990000,0,1,0.0000000000,-10.5010376025
2017-10-10,RUB_KGS,1,0.0000000000,True,0.8407990000,0.8462240000,0.8489960000,0,1,0.0000000000,-31.3510370777
2017-10-11,RUB_KGS,1,0.0000000000,True,0.8463030000,0.8480586667,0.8463030000,0,0,31.7198196458,-11.0526944677
2017-10-12,RUB_KGS,1,0.0000000000,True,0.8429070000,0.8460686667,0.8429070000,0,0,40.1274720756,-2.7696727531
2017-10-13,RUB_KGS,1,0.0000000000,True,0.8419490000,0.8437196667,0.8419490000,0,0,11.3654294009,9.6319512129
2017-10-14,RUB_KGS,1,0.0000000000,True,0.8419490000,0.8422683333,0.8419490000,1,1,0.0000000000,3.7913491544
2017-10-17,RUB_KGS,1,0.0000000000,True,0.8341770000,0.8373246667,0.8358480000,1,1,0.0000000000,37.5919495982
2017-10-18,RUB_KGS,1,0.0000000000,True,0.8341770000,0.8347623333,0.8342620000,0,0,18.9747418191,-13.0056978294
2017-10-19,RUB_KGS,1,0.0000000000,True,0.8342620000,0.8362400000,0.8386100000,1,1,0.0000000000,23.6534966038
2017-10-20,RUB_KGS,1,0.0000000000,True,0.8342620000,0.8372826667,0.8389760000,0,1,0.0000000000,-15.8528700781
2017-10-21,RUB_KGS,1,0.0000000000,True,0.8386100000,0.8388540000,0.8389760000,0,1,0.0000000000,-1.4543651219
2017-10-24,RUB_KGS,1,0.0000000000,True,0.8389760000,0.8397043333,0.8410280000,0,1,0.0000000000,7.0897970833
2017-10-25,RUB_KGS,1,0.0000000000,True,0.8391090000,0.8404056667,0.8410800000,0,1,0.0000000000,-7.4051539395
2017-10-26,RUB_KGS,1,0.0000000000,True,0.8410280000,0.8414663333,0.8422910000,0,1,0.0000000000,4.5911918045
2017-10-27,RUB_KGS,1,0.0000000000,True,0.8410800000,0.8430676667,0.8458320000,0,1,0.0000000000,9.2123882504
2017-10-28,RUB_KGS,1,0.0000000000,True,0.8422910000,0.8446516667,0.8458320000,0,1,0.0000000000,-13.9742023832
2017-10-31,RUB_KGS,1,0.0000000000,True,0.8430930000,0.8446973333,0.8451670000,1,1,0.0000000000,18.9929963079
2017-11-01,RUB_KGS,1,0.0000000000,True,0.8430930000,0.8439023333,0.8434470000,0,0,20.3510075524,-14.9859363663
2017-11-02,RUB_KGS,1,0.0000000000,True,0.8406210000,0.8430783333,0.8406210000,0,0,33.5053654824,-4.3728637315
2017-11-03,RUB_KGS,1,0.0000000000,True,0.8406210000,0.8452703333,0.8517430000,1,1,0.0000000000,55.0040992803
2017-11-04,RUB_KGS,1,0.0000000000,True,0.8406210000,0.8480356667,0.8517430000,0,1,0.0000000000,-43.7167147451
2017-11-08,RUB_KGS,1,0.0000000000,True,0.8436380000,0.8490856667,0.8518760000,1,1,0.0000000000,64.1592112614
2017-11-09,RUB_KGS,1,0.0000000000,True,0.8436380000,0.8489486667,0.8513320000,0,0,6.3859059300,-34.4818650205
2017-11-10,RUB_KGS,1,0.0000000000,True,0.8503920000,0.8512000000,0.8503920000,0,0,11.0415208168,-1.5507518797
2017-11-11,RUB_KGS,1,0.0000000000,True,0.8503920000,0.8507053333,0.8503920000,1,1,0.0000000000,3.6832181609
2017-11-14,RUB_KGS,1,0.0000000000,True,0.8486130000,0.8513423333,0.8550220000,1,1,0.0000000000,32.0591755686
2017-11-15,RUB_KGS,1,0.0000000000,True,0.8486130000,0.8558893333,0.8640330000,0,1,0.0000000000,10.1337088751
2017-11-16,RUB_KGS,1,0.0000000000,True,0.8550220000,0.8597903333,0.8603160000,0,0,43.0191902393,-49.3453636565
2017-11-17,RUB_KGS,1,0.0000000000,True,0.8551910000,0.8598466667,0.8551910000,0,0,59.5711343274,-5.4583375330
2017-11-18,RUB_KGS,1,0.0000000000,True,0.8551910000,0.8568993333,0.8551910000,1,1,0.0000000000,19.9362196571
2017-11-21,RUB_KGS,1,0.0000000000,True,0.8503030000,0.8528613333,0.8530900000,1,1,0.0000000000,29.9970608743
2017-11-22,RUB_KGS,1,0.0000000000,True,0.8465970000,0.8499966667,0.8465970000,0,0,76.1115474334,-36.3922995776
2017-11-23,RUB_KGS,1,0.0000000000,True,0.8387690000,0.8461520000,0.8387690000,0,0,92.4643011964,-5.2591023835
2017-11-24,RUB_KGS,1,0.0000000000,True,0.8387690000,0.8415200000,0.8391940000,1,1,0.0000000000,32.6908451374
2017-11-25,RUB_KGS,1,0.0000000000,True,0.8387690000,0.8390523333,0.8391940000,0,1,0.0000000000,-1.6884127609
2017-11-28,RUB_KGS,1,0.0000000000,True,0.8367160000,0.8379886667,0.8380560000,1,1,0.0000000000,15.1871584580
2017-11-29,RUB_KGS,1,0.0000000000,True,0.8367160000,0.8372200000,0.8368880000,0,0,13.9370161421,-9.9854279640
2017-11-30,RUB_KGS,1,0.0000000000,True,0.8368880000,0.8384743333,0.8404790000,1,1,0.0000000000,18.9192831583
2017-12-01,RUB_KGS,1,0.0000000000,True,0.8368880000,0.8389796667,0.8395720000,0,0,10.7914653430,-17.8709138362
2017-12-02,RUB_KGS,1,0.0000000000,True,0.8395720000,0.8398743333,0.8395720000,1,1,0.0000000000,3.5997448825
2017-12-05,RUB_KGS,1,0.0000000000,True,0.8395720000,0.8425670000,0.8414680000,0,0,61.3350561795,-48.5896077107
2017-12-06,RUB_KGS,1,0.0000000000,True,0.8414680000,0.8443253333,0.8448470000,1,1,0.0000000000,33.8416155542
2017-12-07,RUB_KGS,1,0.0000000000,True,0.8414680000,0.8451973333,0.8492770000,0,1,0.0000000000,4.1449886259
2017-12-08,RUB_KGS,1,0.0000000000,True,0.8448470000,0.8482140000,0.8505180000,0,1,0.0000000000,-12.5322147477
2017-12-09,RUB_KGS,1,0.0000000000,True,0.8492770000,0.8501043333,0.8505180000,0,1,0.0000000000,-4.8660693805
2017-12-12,RUB_KGS,1,0.0000000000,True,0.8435410000,0.8479710000,0.8435410000,0,0,74.2833474926,-22.2059480808
2017-12-13,RUB_KGS,1,0.0000000000,True,0.8435410000,0.8471153333,0.8479510000,1,1,0.0000000000,42.1941758423
2017-12-14,RUB_KGS,1,0.0000000000,True,0.8422980000,0.8445966667,0.8422980000,0,0,66.6665880458,-39.7152092320
2017-12-15,RUB_KGS,1,0.0000000000,True,0.8422980000,0.8448916667,0.8444260000,1,1,0.0000000000,30.6982157476
2017-12-16,RUB_KGS,1,0.0000000000,True,0.8422980000,0.8437166667,0.8444260000,0,1,0.0000000000,-8.4072457183
2017-12-19,RUB_KGS,1,0.0000000000,True,0.8421220000,0.8429816667,0.8421220000,0,0,3.2644940568,6.9356984830
2017-12-20,RUB_KGS,1,0.0000000000,True,0.8421220000,0.8433253333,0.8454570000,1,1,0.0000000000,14.2689100608
2017-12-21,RUB_KGS,1,0.0000000000,True,0.8421220000,0.8437923333,0.8437980000,0,0,19.6225236765,-19.7283928866
2017-12-22,RUB_KGS,1,0.0000000000,True,0.8396720000,0.8429756667,0.8396720000,0,0,48.8979589902,-9.7551253951
2017-12-23,RUB_KGS,1,0.0000000000,True,0.8396720000,0.8410473333,0.8396720000,1,1,0.0000000000,16.3526270024
2017-12-26,RUB_KGS,1,0.0000000000,True,0.8307090000,0.8363273333,0.8307090000,0,0,94.1091174468,-27.1863249716
2017-12-27,RUB_KGS,1,0.0000000000,True,0.8305660000,0.8332920000,0.8305660000,0,0,1.7214210993,30.9975374779
2017-12-28,RUB_KGS,1,0.0000000000,True,0.8305660000,0.8306350000,0.8306300000,1,1,0.0000000000,0.8306897735
2017-12-29,RUB_KGS,1,0.0000000000,True,0.8305660000,0.8319940000,0.8347860000,0,1,0.0000000000,16.3943489977
2017-12-30,RUB_KGS,1,0.0000000000,True,0.8306300000,0.8334006667,0.8347860000,0,1,0.0000000000,-16.6226568893
2018-01-10,RUB_KGS,1,0.0000000000,True,0.8224640000,0.8274050000,0.8224640000,0,0,30.3164376671,29.4897903687
2018-01-11,RUB_KGS,1,0.0000000000,True,0.8224640000,0.8237283333,0.8237560000,1,1,0.0000000000,15.3489115546
2018-01-12,RUB_KGS,1,0.0000000000,True,0.8152960000,0.8205053333,0.8152960000,0,0,102.7003141707,-39.6178615130
2018-01-13,RUB_KGS,1,0.0000000000,True,0.8152960000,0.8181160000,0.8152960000,1,1,0.0000000000,34.4694395416
2018-01-16,RUB_KGS,1,0.0000000000,True,0.8121530000,0.8132083333,0.8121530000,0,0,0.2831898505,12.6945739612
2018-01-17,RUB_KGS,1,0.0000000000,True,0.8121530000,0.8130653333,0.8148670000,1,1,0.0000000000,11.2209104967
2018-01-18,RUB_KGS,1,0.0000000000,True,0.8121530000,0.8149610000,0.8178630000,0,1,0.0000000000,1.1534294279
2018-01-19,RUB_KGS,1,0.0000000000,True,0.8148670000,0.8170280000,0.8183540000,0,1,0.0000000000,-10.2199679815
2018-01-20,RUB_KGS,1,0.0000000000,True,0.8178630000,0.8181903333,0.8183540000,0,1,0.0000000000,-2.0003495519
2018-01-23,RUB_KGS,1,0.0000000000,True,0.8183540000,0.8204470000,0.8211280000,0,0,8.8944697326,-17.2101305752
2018-01-24,RUB_KGS,1,0.0000000000,True,0.8211280000,0.8224616667,0.8243980000,1,1,0.0000000000,16.2155480397
2018-01-25,RUB_KGS,1,0.0000000000,True,0.8167170000,0.8207476667,0.8167170000,0,0,93.1710169117,-44.4757077185
2018-01-26,RUB_KGS,1,0.0000000000,True,0.8167170000,0.8194270000,0.8171660000,1,1,0.0000000000,33.0718904796
2018-01-27,RUB_KGS,1,0.0000000000,True,0.8167170000,0.8170163333,0.8171660000,0,1,0.0000000000,-1.8318687223
2018-01-30,RUB_KGS,1,0.0000000000,True,0.8171660000,0.8216380000,0.8229740000,0,0,21.8241603154,-38.1676602105
2018-01-31,RUB_KGS,1,0.0000000000,True,0.8208040000,0.8228506667,0.8208040000,0,0,26.3677831863,-1.4988543891
2018-02-01,RUB_KGS,1,0.0000000000,True,0.8208040000,0.8219036667,0.8219330000,1,1,0.0000000000,13.3795079796
2018-02-02,RUB_KGS,1,0.0000000000,True,0.8181140000,0.8202836667,0.8181140000,0,0,46.4636411970,-20.1068654705
2018-02-03,RUB_KGS,1,0.0000000000,True,0.8181140000,0.8193870000,0.8181140000,1,1,0.0000000000,15.5360043545
2018-02-06,RUB_KGS,1,0.0000000000,True,0.8181140000,0.8265056667,0.8353230000,0,1,0.0000000000,5.1501965907
2018-02-07,RUB_KGS,1,0.0000000000,True,0.8260800000,0.8311686667,0.8321030000,0,0,38.5479628838,-49.9818328089
2018-02-08,RUB_KGS,1,0.0000000000,True,0.8321030000,0.8355400000,0.8391940000,1,1,0.0000000000,41.1350743232
2018-02-09,RUB_KGS,1,0.0000000000,True,0.8321030000,0.8393740000,0.8468250000,0,1,0.0000000000,2.1444552726
2018-02-10,RUB_KGS,1,0.0000000000,True,0.8391940000,0.8442813333,0.8468250000,0,1,0.0000000000,-30.1281879184
2018-02-13,RUB_KGS,1,0.0000000000,True,0.8451140000,0.8457163333,0.8452100000,1,1,0.0000000000,7.1221674407
2018-02-14,RUB_KGS,1,0.0000000000,True,0.8450460000,0.8451233333,0.8450460000,0,0,1.9403461862,-1.0254913484
2018-02-15,RUB_KGS,1,0.0000000000,True,0.8304010000,0.8402190000,0.8304010000,0,0,173.3041751573,-57.4493078590
2018-02-16,RUB_KGS,1,0.0000000000,True,0.8276000000,0.8343490000,0.8276000000,0,0,33.7306915575,47.3183284213
2018-02-17,RUB_KGS,1,0.0000000000,True,0.8276000000,0.8285336667,0.8276000000,1,1,0.0000000000,11.2689043817
2018-02-20,RUB_KGS,1,0.0000000000,True,0.8261550000,0.8282090000,0.8308720000,1,1,0.0000000000,24.8005032546
2018-02-21,RUB_KGS,1,0.0000000000,True,0.8261550000,0.8299543333,0.8328360000,0,1,0.0000000000,-11.0568332475
2018-02-22,RUB_KGS,1,0.0000000000,True,0.8308720000,0.8326860000,0.8343500000,0,1,0.0000000000,-1.8013993270
2018-02-23,RUB_KGS,1,0.0000000000,True,0.8328360000,0.8338453333,0.8343500000,0,1,0.0000000000,-6.0522814783
2018-02-27,RUB_KGS,1,0.0000000000,True,0.8168990000,0.8241353333,0.8168990000,0,0,51.8536650117,36.1388865745
2018-02-28,RUB_KGS,1,0.0000000000,True,0.8168990000,0.8217546667,0.8272080000,1,1,0.0000000000,59.0890062890
2018-03-01,RUB_KGS,1,0.0000000000,True,0.8168990000,0.8242636667,0.8286840000,0,1,0.0000000000,-35.7207705787
2018-03-02,RUB_KGS,1,0.0000000000,True,0.8272080000,0.8294110000,0.8323410000,0,1,0.0000000000,8.7652563084
2018-03-03,RUB_KGS,1,0.0000000000,True,0.8286840000,0.8311220000,0.8323410000,0,1,0.0000000000,-14.6669201393
2018-03-06,RUB_KGS,1,0.0000000000,True,0.8300270000,0.8339216667,0.8300270000,0,0,111.6277518266,-65.6576457021
2018-03-07,RUB_KGS,1,0.0000000000,True,0.8300270000,0.8351366667,0.8359860000,1,1,0.0000000000,61.1835986924
2018-03-08,RUB_KGS,1,0.0000000000,True,0.8300270000,0.8339996667,0.8359860000,0,1,0.0000000000,-23.8169559620
2018-03-13,RUB_KGS,1,0.0000000000,True,0.8294830000,0.8334353333,0.8348370000,1,1,0.0000000000,47.4221955233
2018-03-14,RUB_KGS,1,0.0000000000,True,0.8294830000,0.8330586667,0.8348560000,0,1,0.0000000000,-21.3470359831
2018-03-15,RUB_KGS,1,0.0000000000,True,0.8348370000,0.8349423333,0.8351340000,0,1,0.0000000000,1.0340035460
2018-03-16,RUB_KGS,1,0.0000000000,True,0.8348560000,0.8370543333,0.8411730000,0,1,0.0000000000,22.9415613403
2018-03-17,RUB_KGS,1,0.0000000000,True,0.8351340000,0.8391600000,0.8411730000,0,1,0.0000000000,-23.9882739883
2018-03-20,RUB_KGS,1,0.0000000000,True,0.8411730000,0.8431956667,0.8451600000,0,1,0.0000000000,-0.6918125370
2018-03-21,RUB_KGS,1,0.0000000000,True,0.8418340000,0.8434160000,0.8418340000,0,0,39.3534951962,-20.6778149810
2018-03-22,RUB_KGS,1,0.0000000000,True,0.8322340000,0.8397426667,0.8322340000,0,0,114.0367340830,-24.9044548568
2018-03-23,RUB_KGS,1,0.0000000000,True,0.8322340000,0.8370570000,0.8371030000,1,1,0.0000000000,57.6185373278
2018-03-24,RUB_KGS,1,0.0000000000,True,0.8322340000,0.8354800000,0.8371030000,0,1,0.0000000000,-19.4259587303
2018-03-27,RUB_KGS,1,0.0000000000,True,0.8370620000,0.8375833333,0.8385850000,1,1,0.0000000000,6.2242562929
2018-03-28,RUB_KGS,1,0.0000000000,True,0.8370620000,0.8394656667,0.8427500000,0,1,0.0000000000,10.4908002988
2018-03-29,RUB_KGS,1,0.0000000000,True,0.8385850000,0.8416103333,0.8434960000,0,1,0.0000000000,-13.5415004014
2018-03-30,RUB_KGS,1,0.0000000000,True,0.8356850000,0.8406436667,0.8356850000,0,0,92.6026916547,-33.9303494029
2018-03-31,RUB_KGS,1,0.0000000000,True,0.8356850000,0.8382886667,0.8356850000,1,1,0.0000000000,31.0593089254
2018-04-03,RUB_KGS,1,0.0000000000,True,0.8356850000,0.8383293333,0.8405770000,0,1,0.0000000000,-4.7316329144
2018-04-04,RUB_KGS,1,0.0000000000,True,0.8387260000,0.8410660000,0.8438950000,0,1,0.0000000000,5.8140502648
2018-04-05,RUB_KGS,1,0.0000000000,True,0.8405770000,0.8416833333,0.8405780000,0,0,39.3058378116,-26.2767073919
2018-04-06,RUB_KGS,1,0.0000000000,True,0.8405780000,0.8431233333,0.8448970000,1,1,0.0000000000,30.1893356844
2018-04-07,RUB_KGS,1,0.0000000000,True,0.8405780000,0.8434573333,0.8448970000,0,1,0.0000000000,-17.0686365483
2018-04-10,RUB_KGS,1,0.0000000000,True,0.8448970000,0.8686116667,0.9058810000,0,1,0.0000000000,156.0497882636
2018-04-11,RUB_KGS,1,0.0000000000,True,0.8550570000,0.8963483333,0.9281070000,0,1,0.0000000000,-106.3500238932
2018-04-12,RUB_KGS,1,0.0000000000,True,0.8962580000,0.9100820000,0.8962580000,0,0,343.1608639952,-198.0590759953
2018-04-13,RUB_KGS,1,0.0000000000,True,0.8941940000,0.9061863333,0.8941940000,0,0,23.0290831435,109.5617200142
2018-04-14,RUB_KGS,1,0.0000000000,True,0.8941940000,0.8948820000,0.8941940000,1,1,0.0000000000,7.6881644731
2018-04-17,RUB_KGS,1,0.0000000000,True,0.8887410000,0.8956150000,0.8887410000,0,0,167.8153798498,-92.6179217633
2018-04-18,RUB_KGS,1,0.0000000000,True,0.8887410000,0.8958850000,0.8950040000,1,1,0.0000000000,79.7423776489
2018-04-19,RUB_KGS,1,0.0000000000,True,0.8874710000,0.8904053333,0.8874710000,0,0,84.1672215990,-51.6468904050
2018-04-20,RUB_KGS,1,0.0000000000,True,0.8874710000,0.8923456667,0.8945620000,1,1,0.0000000000,54.6275602466
2018-04-21,RUB_KGS,1,0.0000000000,True,0.8874710000,0.8921983333,0.8945620000,0,1,0.0000000000,-26.4926146840
2018-04-24,RUB_KGS,1,0.0000000000,True,0.8945620000,0.8990390000,0.9002100000,0,0,23.6605732841,-36.7725982966
2018-04-25,RUB_KGS,1,0.0000000000,True,0.9001370000,0.9008973333,0.9001370000,0,0,0.8109218960,7.6294302125
2018-04-26,RUB_KGS,1,0.0000000000,True,0.9001370000,0.9036440000,0.9105850000,1,1,0.0000000000,38.8095311871
2018-04-27,RUB_KGS,1,0.0000000000,True,0.9001370000,0.9072583333,0.9110530000,0,1,0.0000000000,-36.6672483949
2018-04-28,RUB_KGS,1,0.0000000000,True,0.8993540000,0.9069973333,0.8993540000,0,0,128.4118487069,-44.7153097106
2018-04-29,RUB_KGS,1,0.0000000000,True,0.8993540000,0.9032536667,0.8993540000,1,1,0.0000000000,43.1735492540
2018-05-04,RUB_KGS,1,0.0000000000,True,0.8993540000,0.9124656667,0.9172890000,0,0,37.6322014349,-90.8344679270
2018-05-05,RUB_KGS,1,0.0000000000,True,0.9172890000,0.9184440000,0.9172890000,1,1,0.0000000000,12.5756170218
2018-05-08,RUB_KGS,1,0.0000000000,True,0.9102290000,0.9139940000,0.9144640000,1,1,0.0000000000,41.1928305875
2018-05-09,RUB_KGS,1,0.0000000000,True,0.9102290000,0.9130523333,0.9144640000,0,1,0.0000000000,-15.4609611643
2018-05-11,RUB_KGS,1,0.0000000000,True,0.9012470000,0.9082460000,0.9012470000,0,0,85.5860166970,-8.5989919031
2018-05-12,RUB_KGS,1,0.0000000000,True,0.9012470000,0.9038403333,0.9012470000,1,1,0.0000000000,28.6923833524
2018-05-15,RUB_KGS,1,0.0000000000,True,0.9012470000,0.9024423333,0.9046810000,0,1,0.0000000000,11.5612188701
2018-05-16,RUB_KGS,1,0.0000000000,True,0.9013990000,0.9052056667,0.9095370000,0,1,0.0000000000,5.7961045317
2018-05-17,RUB_KGS,1,0.0000000000,True,0.9021740000,0.9054640000,0.9021740000,0,0,80.9532762274,-44.9824620305
2018-05-18,RUB_KGS,1,0.0000000000,True,0.9021740000,0.9053186667,0.9042450000,1,1,0.0000000000,34.7354669958
2018-05-19,RUB_KGS,1,0.0000000000,True,0.9021740000,0.9035546667,0.9042450000,0,1,0.0000000000,-7.6401944321
2018-05-22,RUB_KGS,1,0.0000000000,True,0.8943210000,0.9040396667,0.8943210000,0,0,210.5187110107,-105.2313707474
2018-05-23,RUB_KGS,1,0.0000000000,True,0.8943210000,0.9032323333,0.9018230000,1,1,0.0000000000,98.6604775368
2018-05-24,RUB_KGS,1,0.0000000000,True,0.8943210000,0.8986366667,0.8997660000,0,0,22.8093539420,-35.4574151214
2018-05-25,RUB_KGS,1,0.0000000000,True,0.8997660000,0.9019270000,0.9041920000,1,1,0.0000000000,23.9598104946
2018-05-26,RUB_KGS,1,0.0000000000,True,0.8997660000,0.9027166667,0.9041920000,0,1,0.0000000000,-16.3432601591
2018-05-29,RUB_KGS,1,0.0000000000,True,0.9041920000,0.9106933333,0.9171600000,0,1,0.0000000000,-0.3806623525
2018-05-30,RUB_KGS,1,0.0000000000,True,0.9107280000,0.9138883333,0.9137770000,0,0,36.8856033844,-35.7994138598
2018-05-31,RUB_KGS,1,0.0000000000,True,0.9060450000,0.9123273333,0.9060450000,0,0,84.6158307771,-15.8897647116
2018-06-01,RUB_KGS,1,0.0000000000,True,0.9060450000,0.9095320000,0.9087740000,1,1,0.0000000000,38.3383982092
2018-06-02,RUB_KGS,1,0.0000000000,True,0.9060450000,0.9078643333,0.9087740000,0,1,0.0000000000,-10.0198524523
2018-06-05,RUB_KGS,1,0.0000000000,True,0.9053950000,0.9066700000,0.9058410000,1,1,0.0000000000,14.0624482998
2018-06-06,RUB_KGS,1,0.0000000000,True,0.9053950000,0.9059206667,0.9065260000,0,1,0.0000000000,0.8794000358
2018-06-07,RUB_KGS,1,0.0000000000,True,0.9046830000,0.9056833333,0.9046830000,0,0,20.3303600779,-9.3042086086
2018-06-08,RUB_KGS,1,0.0000000000,True,0.9046830000,0.9091360000,0.9161990000,1,1,0.0000000000,48.9805705637
2018-06-09,RUB_KGS,1,0.0000000000,True,0.9046830000,0.9108656667,0.9117150000,0,0,48.9413326144,-58.5523588001
2018-06-10,RUB_KGS,1,0.0000000000,True,0.9117150000,0.9132096667,0.9117150000,1,1,0.0000000000,16.3671796437
2018-06-14,RUB_KGS,1,0.0000000000,True,0.9107700000,0.9155300000,0.9107700000,0,0,144.3017838882,-93.6615949232
2018-06-15,RUB_KGS,1,0.0000000000,True,0.9107700000,0.9175553333,0.9177910000,1,1,0.0000000000,73.9501268952
2018-06-16,RUB_KGS,1,0.0000000000,True,0.9107700000,0.9154506667,0.9177910000,0,1,0.0000000000,-25.5648219893
2018-06-19,RUB_KGS,1,0.0000000000,True,0.9177910000,0.9285540000,0.9383860000,0,1,0.0000000000,-10.0263420329
2018-06-20,RUB_KGS,1,0.0000000000,True,0.9294850000,0.9328773333,0.9307610000,0,0,81.2565404855,-59.0502788505
2018-06-21,RUB_KGS,1,0.0000000000,True,0.9307610000,0.9342216667,0.9335180000,1,1,0.0000000000,37.0433141314
2018-06-22,RUB_KGS,1,0.0000000000,True,0.9269270000,0.9304020000,0.9269270000,0,0,70.6038876594,-33.4908996326
2018-06-23,RUB_KGS,1,0.0000000000,True,0.9269270000,0.9291240000,0.9269270000,1,1,0.0000000000,23.6459288534
2018-06-26,RUB_KGS,1,0.0000000000,True,0.9220380000,0.9241066667,0.9220380000,0,0,14.2632032100,8.1339816471
2018-06-27,RUB_KGS,1,0.0000000000,True,0.9220380000,0.9239396667,0.9264260000,1,1,0.0000000000,20.5821520092
2018-06-28,RUB_KGS,1,0.0000000000,True,0.9220380000,0.9255176667,0.9280890000,0,1,0.0000000000,-9.8143273332
2018-06-29,RUB_KGS,1,0.0000000000,True,0.9208580000,0.9251243333,0.9208580000,0,0,77.9127863815,-32.0461429869
2018-06-30,RUB_KGS,1,0.0000000000,True,0.9208580000,0.9232683333,0.9208580000,1,1,0.0000000000,26.1065309652
2018-07-03,RUB_KGS,1,0.0000000000,True,0.9208580000,0.9249953333,0.9276510000,0,1,0.0000000000,-16.0180988300
2018-07-04,RUB_KGS,1,0.0000000000,True,0.9264770000,0.9272046667,0.9274860000,0,0,1.7786861654,-4.8137520159
2018-07-05,RUB_KGS,1,0.0000000000,True,0.9274860000,0.9277056667,0.9279800000,1,1,0.0000000000,2.3678487106
2018-07-06,RUB_KGS,1,0.0000000000,True,0.9238430000,0.9264363333,0.9238430000,0,0,44.5807021703,-16.6624150103
2018-07-07,RUB_KGS,1,0.0000000000,True,0.9238430000,0.9252220000,0.9238430000,1,1,0.0000000000,14.9045310207
2018-07-10,RUB_KGS,1,0.0000000000,True,0.9147990000,0.9195456667,0.9147990000,0,0,56.4785678183,-4.8864711087
2018-07-11,RUB_KGS,1,0.0000000000,True,0.9091950000,0.9146630000,0.9091950000,0,0,61.2593586132,-1.4868864270
2018-07-12,RUB_KGS,1,0.0000000000,True,0.9091950000,0.9114800000,0.9104460000,1,1,0.0000000000,25.0691183570
2018-07-13,RUB_KGS,1,0.0000000000,True,0.9091950000,0.9104543333,0.9117220000,0,1,0.0000000000,0.0915293939
2018-07-14,RUB_KGS,1,0.0000000000,True,0.9104460000,0.9112966667,0.9117220000,0,1,0.0000000000,-4.6673421389
2018-07-17,RUB_KGS,1,0.0000000000,True,0.9117220000,0.9132333333,0.9158080000,0,1,0.0000000000,11.6436106143
2018-07-18,RUB_KGS,1,0.0000000000,True,0.9121700000,0.9168256667,0.9224990000,0,1,0.0000000000,11.0998928549
2018-07-19,RUB_KGS,1,0.0000000000,True,0.9158080000,0.9220970000,0.9279840000,0,1,0.0000000000,-4.3596281085
2018-07-20,RUB_KGS,1,0.0000000000,True,0.9224990000,0.9272256667,0.9311940000,0,1,0.0000000000,-8.1785196484
2018-07-21,RUB_KGS,1,0.0000000000,True,0.9279840000,0.9301240000,0.9311940000,0,1,0.0000000000,-11.5038424984
2018-07-24,RUB_KGS,1,0.0000000000,True,0.9243260000,0.9273810000,0.9243260000,0,0,24.7889378960,8.1735554211
2018-07-25,RUB_KGS,1,0.0000000000,True,0.9243260000,0.9259890000,0.9270180000,1,1,0.0000000000,17.9591766209
2018-07-26,RUB_KGS,1,0.0000000000,True,0.9243260000,0.9252256667,0.9243330000,0,0,28.9638388899,-19.3718505431
2018-07-27,RUB_KGS,1,0.0000000000,True,0.9240290000,0.9251266667,0.9240290000,0,0,3.2888580198,8.5790053975
2018-07-28,RUB_KGS,1,0.0000000000,True,0.9240290000,0.9241303333,0.9240290000,1,1,0.0000000000,1.0965264279
2018-07-31,RUB_KGS,1,0.0000000000,True,0.9148890000,0.9200430000,0.9148890000,0,0,68.6270572106,-12.6950588179
2018-08-01,RUB_KGS,1,0.0000000000,True,0.9148890000,0.9177956667,0.9172870000,1,1,0.0000000000,31.6700848809
2018-08-02,RUB_KGS,1,0.0000000000,True,0.9148890000,0.9193070000,0.9257450000,0,1,0.0000000000,21.9730731954
2018-08-03,RUB_KGS,1,0.0000000000,True,0.9172870000,0.9244853333,0.9304240000,0,1,0.0000000000,-13.6255992523
2018-08-04,RUB_KGS,1,0.0000000000,True,0.9257450000,0.9288643333,0.9304240000,0,1,0.0000000000,-16.7911137364
2018-08-07,RUB_KGS,1,0.0000000000,True,0.9304240000,0.9311516667,0.9323920000,0,1,0.0000000000,5.5057267792
2018-08-08,RUB_KGS,1,0.0000000000,True,0.9306390000,0.9319730000,0.9328880000,0,1,0.0000000000,-4.4958383988
2018-08-09,RUB_KGS,1,0.0000000000,True,0.9323920000,0.9451436667,0.9701510000,0,1,0.0000000000,129.6698808753
2018-08-10,RUB_KGS,1,0.0000000000,True,0.9328880000,0.9598113333,0.9763950000,0,1,0.0000000000,-107.7260322688
2018-08-11,RUB_KGS,1,0.0000000000,True,0.9701510000,0.9743136667,0.9763950000,0,1,0.0000000000,-21.3620459667
2018-08-14,RUB_KGS,1,0.0000000000,True,0.9763950000,0.9801183333,0.9780730000,0,0,79.2585762871,-58.8568387151
2018-08-15,RUB_KGS,1,0.0000000000,True,0.9550680000,0.9730093333,0.9550680000,0,0,235.2073924952,-52.0412959382
2018-08-16,RUB_KGS,1,0.0000000000,True,0.9550680000,0.9652110000,0.9624920000,1,1,0.0000000000,105.0858309737
2018-08-17,RUB_KGS,1,0.0000000000,True,0.9550680000,0.9606273333,0.9643220000,0,1,0.0000000000,-19.4109266098
2018-08-18,RUB_KGS,1,0.0000000000,True,0.9624920000,0.9637120000,0.9643220000,0,1,0.0000000000,-6.3296918581
2018-08-21,RUB_KGS,1,0.0000000000,True,0.9643220000,0.9673583333,0.9689640000,0,1,0.0000000000,-14.7894179165
2018-08-22,RUB_KGS,1,0.0000000000,True,0.9687890000,0.9720936667,0.9785280000,0,1,0.0000000000,32.1951142568
2018-08-23,RUB_KGS,1,0.0000000000,True,0.9689640000,0.9809283333,0.9952930000,0,1,0.0000000000,24.4700173475
2018-08-24,RUB_KGS,1,0.0000000000,True,0.9785280000,0.9883063333,0.9910980000,0,0,42.1483924834,-70.6933309139
2018-08-25,RUB_KGS,1,0.0000000000,True,0.9910980000,0.9924963333,0.9910980000,1,1,0.0000000000,14.0890528899
2018-08-28,RUB_KGS,1,0.0000000000,True,0.9802340000,0.9845950000,0.9802340000,0,0,22.5863221956,21.7551378993
2018-08-29,RUB_KGS,1,0.0000000000,True,0.9802340000,0.9831940000,0.9868950000,1,1,0.0000000000,30.1059607768
2018-08-30,RUB_KGS,1,0.0000000000,True,0.9802340000,0.9843706667,0.9859830000,0,0,9.2411046768,-25.6441340525
2018-08-31,RUB_KGS,1,0.0000000000,True,0.9854410000,0.9861063333,0.9854410000,0,0,5.4970521804,1.2507102851
2018-09-01,RUB_KGS,1,0.0000000000,True,0.9854410000,0.9856216667,0.9854410000,1,1,0.0000000000,1.8330224748
2018-09-04,RUB_KGS,1,0.0000000000,True,0.9854410000,0.9881993333,0.9923500000,0,1,0.0000000000,14.0896000065
2018-09-05,RUB_KGS,1,0.0000000000,True,0.9868070000,0.9902176667,0.9914960000,0,0,8.6058346350,-21.5339859620
2018-09-06,RUB_KGS,1,0.0000000000,True,0.9855670000,0.9898043333,0.9855670000,0,0,59.7985266708,-17.0909199899
2018-09-07,RUB_KGS,1,0.0000000000,True,0.9855670000,0.9900933333,0.9932170000,1,1,0.0000000000,45.7162287730
2018-09-08,RUB_KGS,1,0.0000000000,True,0.9855670000,0.9906670000,0.9932170000,0,1,0.0000000000,-25.7402336002
2018-09-11,RUB_KGS,1,0.0000000000,True,0.9932170000,0.9996190000,1.0032200000,0,1,0.0000000000,-28.0206758775
2018-09-12,RUB_KGS,1,0.0000000000,True,0.9978170000,1.0011523333,0.9978170000,0,0,53.8565818066,-20.6528676788
2018-09-13,RUB_KGS,1,0.0000000000,True,0.9861640000,0.9957336667,0.9861640000,0,0,116.7849415274,-20.9225961025
2018-09-14,RUB_KGS,1,0.0000000000,True,0.9846090000,0.9895300000,0.9846090000,0,0,15.7681683777,34.0161490809
2018-09-15,RUB_KGS,1,0.0000000000,True,0.9846090000,0.9851273333,0.9846090000,1,1,0.0000000000,5.2615871654
2018-09-18,RUB_KGS,1,0.0000000000,True,0.9776610000,0.9814036667,0.9776610000,0,0,43.5871401642,-5.4751510676
2018-09-19,RUB_KGS,1,0.0000000000,True,0.9732720000,0.9776246667,0.9732720000,0,0,44.8928616361,-0.3716491060
2018-09-20,RUB_KGS,1,0.0000000000,True,0.9661700000,0.9723676667,0.9661700000,0,0,72.9703515564,-9.3003229574
2018-09-21,RUB_KGS,1,0.0000000000,True,0.9615340000,0.9669920000,0.9615340000,0,0,47.9832741650,8.5005873885
2018-09-22,RUB_KGS,1,0.0000000000,True,0.9615340000,0.9630793333,0.9615340000,1,1,0.0000000000,16.0457532401
2018-09-25,RUB_KGS,1,0.0000000000,True,0.9532860000,0.9576526667,0.9532860000,0,0,50.6398869474,-5.0679473908
2018-09-26,RUB_KGS,1,0.0000000000,True,0.9510920000,0.9541720000,0.9510920000,0,0,23.0151287232,9.2855376180
2018-09-27,RUB_KGS,1,0.0000000000,True,0.9500070000,0.9514616667,0.9500070000,0,0,11.4079395053,3.8852502378
2018-09-28,RUB_KGS,1,0.0000000000,True,0.9486640000,0.9499210000,0.9486640000,0,0,14.1367379398,-0.9053384439
2018-09-29,RUB_KGS,1,0.0000000000,True,0.9486640000,0.9491116667,0.9486640000,1,1,0.0000000000,4.7166912218
2018-10-02,RUB_KGS,1,0.0000000000,True,0.9486640000,0.9501556667,0.9486850000,0,0,46.5105055198,-31.1773474311
2018-10-03,RUB_KGS,1,0.0000000000,True,0.9486850000,0.9506826667,0.9502450000,1,1,0.0000000000,21.0129703287
2018-10-04,RUB_KGS,1,0.0000000000,True,0.9486850000,0.9526073333,0.9588920000,0,1,0.0000000000,24.7986053715
2018-10-05,RUB_KGS,1,0.0000000000,True,0.9502450000,0.9573183333,0.9628180000,0,1,0.0000000000,-16.4382798477
2018-10-06,RUB_KGS,1,0.0000000000,True,0.9588920000,0.9615093333,0.9628180000,0,1,0.0000000000,-13.6105456421
2018-10-09,RUB_KGS,1,0.0000000000,True,0.9575080000,0.9624600000,0.9575080000,0,0,98.7121711921,-47.7318537913
2018-10-10,RUB_KGS,1,0.0000000000,True,0.9550250000,0.9598623333,0.9550250000,0,0,25.9318982191,24.5278229135
2018-10-11,RUB_KGS,1,0.0000000000,True,0.9550250000,0.9582253333,0.9621430000,1,1,0.0000000000,33.3985464797
2018-10-12,RUB_KGS,1,0.0000000000,True,0.9527090000,0.9566256667,0.9527090000,0,0,98.0519527763,-57.6749456510
2018-10-13,RUB_KGS,1,0.0000000000,True,0.9527090000,0.9558536667,0.9527090000,1,1,0.0000000000,32.8990385906
2018-10-16,RUB_KGS,1,0.0000000000,True,0.9458790000,0.9491243333,0.9458790000,0,0,30.6286461106,3.5752253042
2018-10-17,RUB_KGS,1,0.0000000000,True,0.9440330000,0.9462323333,0.9440330000,0,0,19.5162383349,3.7341075853
2018-10-18,RUB_KGS,1,0.0000000000,True,0.9440330000,0.9458746667,0.9477120000,1,1,0.0000000000,19.4705147687
2018-10-19,RUB_KGS,1,0.0000000000,True,0.9440330000,0.9469190000,0.9490120000,0,1,0.0000000000,-8.3745283387
2018-10-20,RUB_KGS,1,0.0000000000,True,0.9477120000,0.9485786667,0.9490120000,0,1,0.0000000000,-4.5682382343
2018-10-23,RUB_KGS,1,0.0000000000,True,0.9414230000,0.9442870000,0.9424260000,1,1,0.0000000000,30.3297620321
2018-10-24,RUB_KGS,1,0.0000000000,True,0.9414230000,0.9434023333,0.9463580000,0,1,0.0000000000,10.3490663404
2018-10-25,RUB_KGS,1,0.0000000000,True,0.9424260000,0.9449310000,0.9460090000,0,0,3.6878221561,-15.1016317594
2018-10-26,RUB_KGS,1,0.0000000000,True,0.9437020000,0.9453563333,0.9437020000,0,0,24.3866601692,-6.9039222953
2018-10-27,RUB_KGS,1,0.0000000000,True,0.9437020000,0.9444710000,0.9437020000,1,1,0.0000000000,8.1421240038
2018-10-30,RUB_KGS,1,0.0000000000,True,0.9437020000,0.9448190000,0.9451670000,0,0,4.4522561623,-8.1391250599
2018-10-31,RUB_KGS,1,0.0000000000,True,0.9411220000,0.9439590000,0.9411220000,0,0,42.7966697949,-12.7971659786
2018-11-01,RUB_KGS,1,0.0000000000,True,0.9411220000,0.9427356667,0.9419180000,1,1,0.0000000000,17.1168517722
2018-11-02,RUB_KGS,1,0.0000000000,True,0.9409560000,0.9413320000,0.9409560000,0,0,10.2132032725,-6.2252212822
2018-11-03,RUB_KGS,1,0.0000000000,True,0.9409560000,0.9412766667,0.9409560000,1,1,0.0000000000,3.4067206595
2018-11-07,RUB_KGS,1,0.0000000000,True,0.9409560000,0.9454483333,0.9484370000,0,1,0.0000000000,-15.9042711659
2018-11-08,RUB_KGS,1,0.0000000000,True,0.9469520000,0.9486016667,0.9504160000,0,1,0.0000000000,1.7358884393
2018-11-09,RUB_KGS,1,0.0000000000,True,0.9484370000,0.9528136667,0.9595880000,0,1,0.0000000000,25.1640667063
2018-11-10,RUB_KGS,1,0.0000000000,True,0.9504160000,0.9565306667,0.9595880000,0,1,0.0000000000,-31.9627319842
2018-11-13,RUB_KGS,1,0.0000000000,True,0.9595880000,0.9662120000,0.9699920000,0,1,0.0000000000,-29.4345340360
2018-11-14,RUB_KGS,1,0.0000000000,True,0.9690560000,0.9710746667,0.9741760000,0,1,0.0000000000,11.1491598312
2018-11-15,RUB_KGS,1,0.0000000000,True,0.9543830000,0.9661836667,0.9543830000,0,0,203.1768386821,-82.7206421415
2018-11-16,RUB_KGS,1,0.0000000000,True,0.9454600000,0.9580063333,0.9454600000,0,0,93.4949595707,37.8216010402
2018-11-17,RUB_KGS,1,0.0000000000,True,0.9454600000,0.9484343333,0.9454600000,1,1,0.0000000000,31.3604561623
2018-11-20,RUB_KGS,1,0.0000000000,True,0.9396430000,0.9434796667,0.9396430000,0,0,60.2219739860,-19.6753931104
2018-11-21,RUB_KGS,1,0.0000000000,True,0.9396430000,0.9430413333,0.9441450000,1,1,0.0000000000,36.0358895545
2018-11-22,RUB_KGS,1,0.0000000000,True,0.9392510000,0.9410130000,0.9392510000,0,0,51.8352583554,-33.2832808898
2018-11-23,RUB_KGS,1,0.0000000000,True,0.9392510000,0.9411673333,0.9401060000,1,1,0.0000000000,20.3612393404
2018-11-24,RUB_KGS,1,0.0000000000,True,0.9392510000,0.9398210000,0.9401060000,0,1,0.0000000000,-3.0324923576
2018-11-27,RUB_KGS,1,0.0000000000,True,0.9401060000,0.9496603333,0.9563910000,0,1,0.0000000000,-29.7334380257
2018-11-28,RUB_KGS,1,0.0000000000,True,0.9524840000,0.9559840000,0.9590770000,0,1,0.0000000000,-4.2573934292
2018-11-29,RUB_KGS,1,0.0000000000,True,0.9546450000,0.9567043333,0.9546450000,0,0,46.2110967107,-24.8004172658
2018-11-30,RUB_KGS,1,0.0000000000,True,0.9525200000,0.9554140000,0.9525200000,0,0,22.2595834053,8.0488667740
2018-12-01,RUB_KGS,1,0.0000000000,True,0.9525200000,0.9532283333,0.9525200000,1,1,0.0000000000,7.4308883671
2018-12-04,RUB_KGS,1,0.0000000000,True,0.9497440000,0.9511803333,0.9512770000,1,1,0.0000000000,15.1005364913
2018-12-05,RUB_KGS,1,0.0000000000,True,0.9497440000,0.9527960000,0.9573670000,0,1,0.0000000000,15.9425522357
2018-12-06,RUB_KGS,1,0.0000000000,True,0.9512770000,0.9546956667,0.9554430000,0,0,20.0967862899,-27.9809935941
2018-12-07,RUB_KGS,1,0.0000000000,True,0.9554430000,0.9571960000,0.9587780000,1,1,0.0000000000,18.3139085412
2018-12-08,RUB_KGS,1,0.0000000000,True,0.9554430000,0.9576663333,0.9587780000,0,1,0.0000000000,-11.6080792231
2018-12-11,RUB_KGS,1,0.0000000000,True,0.9490200000,0.9535173333,0.9527540000,1,1,0.0000000000,47.1657218607
2018-12-12,RUB_KGS,1,0.0000000000,True,0.9490200000,0.9511286667,0.9516120000,0,0,11.9863049643,-17.0884696287
2018-12-13,RUB_KGS,1,0.0000000000,True,0.9492120000,0.9511926667,0.9492120000,0,0,25.2203629210,-4.4085004861
2018-12-14,RUB_KGS,1,0.0000000000,True,0.9492120000,0.9508653333,0.9517720000,1,1,0.0000000000,17.3876707392
2018-12-15,RUB_KGS,1,0.0000000000,True,0.9492120000,0.9509186667,0.9517720000,0,1,0.0000000000,-8.9737783393
2018-12-18,RUB_KGS,1,0.0000000000,True,0.9517720000,0.9539266667,0.9562380000,0,1,0.0000000000,1.6423344911
2018-12-19,RUB_KGS,1,0.0000000000,True,0.9537700000,0.9569370000,0.9608030000,0,1,0.0000000000,7.3045560993
2018-12-20,RUB_KGS,1,0.0000000000,True,0.9562380000,0.9607473333,0.9652010000,0,1,0.0000000000,-0.5794100565
2018-12-21,RUB_KGS,1,0.0000000000,True,0.9608030000,0.9667793333,0.9743340000,0,1,0.0000000000,16.3256834203
2018-12-22,RUB_KGS,1,0.0000000000,True,0.9652010000,0.9712896667,0.9743340000,0,1,0.0000000000,-31.3432072615
2018-12-25,RUB_KGS,1,0.0000000000,True,0.9743340000,0.9795196667,0.9841780000,0,1,0.0000000000,-5.3835910730
2018-12-26,RUB_KGS,1,0.0000000000,True,0.9800470000,0.9837126667,0.9869130000,0,1,0.0000000000,-4.7303785862
2018-12-27,RUB_KGS,1,0.0000000000,True,0.9841780000,0.9857166667,0.9860590000,0,0,8.6532450175,-12.1366856602
2018-12-28,RUB_KGS,1,0.0000000000,True,0.9860590000,0.9894243333,0.9953010000,1,1,0.0000000000,34.0130439485
2018-12-29,RUB_KGS,1,0.0000000000,True,0.9860590000,0.9919760000,0.9945680000,0,0,7.3646062849,-33.5189561038
2018-12-30,RUB_KGS,1,0.0000000000,True,0.9945680000,0.9948123333,0.9945680000,1,1,0.0000000000,2.4560746298
2019-01-10,RUB_KGS,1,0.0000000000,True,0.9572010000,0.9707476667,0.9572010000,0,0,34.0769245185,105.8325146631
2019-01-11,RUB_KGS,1,0.0000000000,True,0.9572010000,0.9586746667,0.9583490000,1,1,0.0000000000,15.3719162288
2019-01-12,RUB_KGS,1,0.0000000000,True,0.9572010000,0.9579663333,0.9583490000,0,1,0.0000000000,-3.9945732261
2019-01-15,RUB_KGS,1,0.0000000000,True,0.9583490000,0.9604520000,0.9610600000,0,0,9.2208822316,-15.5655878690
2019-01-16,RUB_KGS,1,0.0000000000,True,0.9564710000,0.9598260000,0.9564710000,0,0,47.7493600816,-12.8564969067
2019-01-17,RUB_KGS,1,0.0000000000,True,0.9513720000,0.9563010000,0.9513720000,0,0,53.3105551554,-1.7776829680
2019-01-18,RUB_KGS,1,0.0000000000,True,0.9497550000,0.9525326667,0.9497550000,0,0,16.9965060986,12.1850589201
2019-01-19,RUB_KGS,1,0.0000000000,True,0.9497550000,0.9502940000,0.9497550000,1,1,0.0000000000,5.6719288978
2019-01-22,RUB_KGS,1,0.0000000000,True,0.9497550000,0.9515466667,0.9541200000,0,1,0.0000000000,8.2146960738
2019-01-23,RUB_KGS,1,0.0000000000,True,0.9496320000,0.9515056667,0.9496320000,0,0,47.0381084140,-27.4757515895
2019-01-24,RUB_KGS,1,0.0000000000,True,0.9455820000,0.9497780000,0.9455820000,0,0,42.6480994743,1.5372013249
2019-01-25,RUB_KGS,1,0.0000000000,True,0.9435590000,0.9462576667,0.9435590000,0,0,21.3942312777,7.1404089020
2019-01-26,RUB_KGS,1,0.0000000000,True,0.9435590000,0.9442333333,0.9435590000,1,1,0.0000000000,7.1415963568
2019-01-29,RUB_KGS,1,0.0000000000,True,0.9435590000,0.9459606667,0.9497670000,0,1,0.0000000000,14.8491022530
2019-01-30,RUB_KGS,1,0.0000000000,True,0.9445560000,0.9469856667,0.9466340000,0,0,32.9870378735,-29.3703846978
2019-01-31,RUB_KGS,1,0.0000000000,True,0.9363570000,0.9442526667,0.9363570000,0,0,108.5636053638,-25.2192386360
2019-02-01,RUB_KGS,1,0.0000000000,True,0.9363570000,0.9412266667,0.9406890000,1,1,0.0000000000,51.7374490027
2019-02-02,RUB_KGS,1,0.0000000000,True,0.9363570000,0.9392450000,0.9406890000,0,1,0.0000000000,-15.3740504341
2019-02-05,RUB_KGS,1,0.0000000000,True,0.9387130000,0.9394516667,0.9387130000,0,0,2.5560384812,5.3080609079
2019-02-06,RUB_KGS,1,0.0000000000,True,0.9387130000,0.9395823333,0.9410810000,1,1,0.0000000000,9.2523380069
2019-02-07,RUB_KGS,1,0.0000000000,True,0.9387130000,0.9417890000,0.9455730000,0,1,0.0000000000,7.5176074471
2019-02-08,RUB_KGS,1,0.0000000000,True,0.9410810000,0.9443706667,0.9464580000,0,1,0.0000000000,-12.7315827966
2019-02-09,RUB_KGS,1,0.0000000000,True,0.9455730000,0.9461630000,0.9464580000,0,1,0.0000000000,-3.1178560142
2019-02-12,RUB_KGS,1,0.0000000000,True,0.9412020000,0.9429676667,0.9412020000,0,0,0.4355942089,18.2897752238
2019-02-13,RUB_KGS,1,0.0000000000,True,0.9409500000,0.9411316667,0.9409500000,0,0,2.6774273748,-0.7473272426
2019-02-14,RUB_KGS,1,0.0000000000,True,0.9409500000,0.9452083333,0.9534730000,1,1,0.0000000000,45.0517963412
2019-02-15,RUB_KGS,1,0.0000000000,True,0.9409500000,0.9501156667,0.9559240000,0,1,0.0000000000,-35.3360485583
2019-02-16,RUB_KGS,1,0.0000000000,True,0.9534730000,0.9551070000,0.9559240000,0,1,0.0000000000,-8.5540154140
2019-02-19,RUB_KGS,1,0.0000000000,True,0.9491350000,0.9516123333,0.9491350000,0,0,6.7700030955,19.2760567416
2019-02-20,RUB_KGS,1,0.0000000000,True,0.9436420000,0.9475183333,0.9436420000,0,0,57.8737482023,-17.0621148931
2019-02-21,RUB_KGS,1,0.0000000000,True,0.9399130000,0.9442300000,0.9399130000,0,0,39.5171050038,6.2272963155
2019-02-22,RUB_KGS,1,0.0000000000,True,0.9387430000,0.9407660000,0.9387430000,0,0,12.4479606091,9.0670793800
2019-02-23,RUB_KGS,1,0.0000000000,True,0.9387430000,0.9391330000,0.9387430000,1,1,0.0000000000,4.1527664346
2019-02-26,RUB_KGS,1,0.0000000000,True,0.9365410000,0.9391323333,0.9421130000,1,1,0.0000000000,27.5928454527
2019-02-27,RUB_KGS,1,0.0000000000,True,0.9365410000,0.9407393333,0.9435640000,0,1,0.0000000000,-14.6019903494
2019-02-28,RUB_KGS,1,0.0000000000,True,0.9421130000,0.9437143333,0.9454660000,0,1,0.0000000000,1.5929961856
2019-03-01,RUB_KGS,1,0.0000000000,True,0.9435640000,0.9444730000,0.9443890000,0,0,11.3912081450,-10.5137997592
2019-03-02,RUB_KGS,1,0.0000000000,True,0.9443890000,0.9447480000,0.9443890000,1,1,0.0000000000,3.7999551203
2019-03-05,RUB_KGS,1,0.0000000000,True,0.9439830000,0.9441413333,0.9440520000,1,1,0.0000000000,1.6770088094
2019-03-06,RUB_KGS,1,0.0000000000,True,0.9439830000,0.9440520000,0.9441210000,0,1,0.0000000000,0.0000000000
2019-03-07,RUB_KGS,1,0.0000000000,True,0.9440520000,0.9447243333,0.9460000000,0,1,0.0000000000,6.3863426827
2019-03-08,RUB_KGS,1,0.0000000000,True,0.9441210000,0.9453736667,0.9460000000,0,1,0.0000000000,-6.6252462430
2019-03-12,RUB_KGS,1,0.0000000000,True,0.9429020000,0.9454106667,0.9429020000,0,0,46.7418956435,-20.3015832273
2019-03-13,RUB_KGS,1,0.0000000000,True,0.9391320000,0.9431213333,0.9391320000,0,0,39.9829462659,2.3256109854
2019-03-14,RUB_KGS,1,0.0000000000,True,0.9369930000,0.9396756667,0.9369930000,0,0,22.7763509283,5.7856842095
2019-03-15,RUB_KGS,1,0.0000000000,True,0.9369930000,0.9377920000,0.9372510000,1,1,0.0000000000,8.5200129666
2019-03-16,RUB_KGS,1,0.0000000000,True,0.9369930000,0.9371650000,0.9372510000,0,1,0.0000000000,-0.9176612443
2019-03-19,RUB_KGS,1,0.0000000000,True,0.9194080000,0.9279396667,0.9194080000,0,0,83.6101643729,8.4021267187
2019-03-20,RUB_KGS,1,0.0000000000,True,0.9194080000,0.9220016667,0.9194370000,1,1,0.0000000000,28.1308240585
2019-03-21,RUB_KGS,1,0.0000000000,True,0.9118240000,0.9168896667,0.9118240000,0,0,82.8006704103,-27.7823322254
2019-03-22,RUB_KGS,1,0.0000000000,True,0.9118240000,0.9144963333,0.9122280000,1,1,0.0000000000,29.2219141393
2019-03-23,RUB_KGS,1,0.0000000000,True,0.9118240000,0.9120933333,0.9122280000,0,1,0.0000000000,-1.4764570877
2019-03-26,RUB_KGS,1,0.0000000000,True,0.9122280000,0.9189750000,0.9199760000,0,0,51.3127743395,-62.5261840638
2019-03-27,RUB_KGS,1,0.0000000000,True,0.9199760000,0.9234963333,0.9257920000,1,1,0.0000000000,38.1196243696
2019-03-28,RUB_KGS,1,0.0000000000,True,0.9199760000,0.9247173333,0.9283840000,0,1,0.0000000000,-11.6215694021
2019-03-29,RUB_KGS,1,0.0000000000,True,0.9257920000,0.9272023333,0.9274310000,0,0,10.2651489039,-12.7444315462
2019-03-30,RUB_KGS,1,0.0000000000,True,0.9274310000,0.9277486667,0.9274310000,1,1,0.0000000000,3.4240595334
2019-04-02,RUB_KGS,1,0.0000000000,True,0.9274310000,0.9333273333,0.9353360000,0,0,20.0487614902,-41.6538392033
2019-04-03,RUB_KGS,1,0.0000000000,True,0.9335800000,0.9353770000,0.9335800000,0,0,18.7740020698,0.4383259370
2019-04-04,RUB_KGS,1,0.0000000000,True,0.9335800000,0.9348380000,0.9355980000,1,1,0.0000000000,13.4568770204
2019-04-05,RUB_KGS,1,0.0000000000,True,0.9335800000,0.9353026667,0.9367300000,0,1,0.0000000000,-3.1576231295
2019-04-06,RUB_KGS,1,0.0000000000,True,0.9355980000,0.9363526667,0.9367300000,0,1,0.0000000000,-4.0298206730
2019-04-09,RUB_KGS,1,0.0000000000,True,0.9255120000,0.9319370000,0.9255120000,0,0,86.3032084399,-17.5119133590
2019-04-10,RUB_KGS,1,0.0000000000,True,0.9248850000,0.9279886667,0.9248850000,0,0,6.7746285299,26.6885443285
2019-04-11,RUB_KGS,1,0.0000000000,True,0.9200130000,0.9234700000,0.9200130000,0,0,52.6768192802,-15.3226417750
2019-04-12,RUB_KGS,1,0.0000000000,True,0.9200130000,0.9229603333,0.9239830000,1,1,0.0000000000,31.9334778201
2019-04-13,RUB_KGS,1,0.0000000000,True,0.9200130000,0.9226596667,0.9239830000,0,1,0.0000000000,-14.3425943622
2019-04-16,RUB_KGS,1,0.0000000000,True,0.9178130000,0.9200660000,0.9184020000,1,1,0.0000000000,24.4873737319
2019-04-17,RUB_KGS,1,0.0000000000,True,0.9171030000,0.9177726667,0.9171030000,0,0,14.1441329614,-6.8571810448
2019-04-18,RUB_KGS,1,0.0000000000,True,0.9171030000,0.9176736667,0.9175160000,1,1,0.0000000000,6.2186231053
2019-04-19,RUB_KGS,1,0.0000000000,True,0.9160400000,0.9168863333,0.9160400000,0,0,16.0869129258,-6.8674452195
2019-04-20,RUB_KGS,1,0.0000000000,True,0.9160400000,0.9165320000,0.9160400000,1,1,0.0000000000,5.3680613443
2019-04-23,RUB_KGS,1,0.0000000000,True,0.9136110000,0.9145290000,0.9136110000,0,0,3.5560476882,6.4842120917
2019-04-24,RUB_KGS,1,0.0000000000,True,0.9136110000,0.9147210000,0.9166160000,1,1,0.0000000000,12.1348476749
2019-04-25,RUB_KGS,1,0.0000000000,True,0.9136110000,0.9191766667,0.9273030000,0,1,0.0000000000,27.8582644613
2019-04-26,RUB_KGS,1,0.0000000000,True,0.9166160000,0.9234216667,0.9263460000,0,0,10.3202513094,-42.0320799635
2019-04-27,RUB_KGS,1,0.0000000000,True,0.9263460000,0.9266650000,0.9263460000,1,1,0.0000000000,3.4424522346
2019-04-30,RUB_KGS,1,0.0000000000,True,0.9256200000,0.9261496667,0.9256200000,0,0,9.3147958462,-3.5991303062
2019-05-01,RUB_KGS,1,0.0000000000,True,0.9256200000,0.9259076667,0.9256200000,1,1,0.0000000000,3.1068612673
2019-05-07,RUB_KGS,1,0.0000000000,True,0.9256200000,0.9309970000,0.9340010000,0,1,0.0000000000,-25.4888039381
2019-05-08,RUB_KGS,1,0.0000000000,True,0.9318840000,0.9330850000,0.9318840000,0,0,22.6659286232,-9.8168977103
2019-05-09,RUB_KGS,1,0.0000000000,True,0.9318840000,0.9325896667,0.9318840000,1,1,0.0000000000,7.5667433587
2019-05-14,RUB_KGS,1,0.0000000000,True,0.9318840000,0.9340203333,0.9328790000,0,0,47.1461584256,-35.0920269045
2019-05-15,RUB_KGS,1,0.0000000000,True,0.9284020000,0.9328596667,0.9284020000,0,0,47.9912185825,-0.2072480355
2019-05-16,RUB_KGS,1,0.0000000000,True,0.9242630000,0.9285146667,0.9242630000,0,0,44.5819806506,1.2134075068
2019-05-17,RUB_KGS,1,0.0000000000,True,0.9242630000,0.9259906667,0.9253070000,1,1,0.0000000000,18.6574954679
2019-05-18,RUB_KGS,1,0.0000000000,True,0.9242630000,0.9249590000,0.9253070000,0,1,0.0000000000,-3.7623289248
2019-05-21,RUB_KGS,1,0.0000000000,True,0.9232470000,0.9241646667,0.9239400000,1,1,0.0000000000,9.9296878551
2019-05-22,RUB_KGS,1,0.0000000000,True,0.9228600000,0.9233490000,0.9228600000,0,0,11.6890707189,-6.4006134192
2019-05-23,RUB_KGS,1,0.0000000000,True,0.9228600000,0.9233610000,0.9232830000,1,1,0.0000000000,5.4258302008
2019-05-24,RUB_KGS,1,0.0000000000,True,0.9228600000,0.9237113333,0.9249910000,0,1,0.0000000000,4.6370908083
2019-05-25,RUB_KGS,1,0.0000000000,True,0.9232830000,0.9244216667,0.9249910000,0,1,0.0000000000,-6.1588055956
2019-05-28,RUB_KGS,1,0.0000000000,True,0.9220570000,0.9233113333,0.9220570000,0,0,8.9826912533,4.6066079553
2019-05-29,RUB_KGS,1,0.0000000000,True,0.9220570000,0.9241083333,0.9273820000,1,1,0.0000000000,22.1979746242
2019-05-30,RUB_KGS,1,0.0000000000,True,0.9220570000,0.9269463333,0.9314000000,0,1,0.0000000000,-4.7000203895
2019-05-31,RUB_KGS,1,0.0000000000,True,0.9273820000,0.9309790000,0.9341550000,0,1,0.0000000000,-4.5221213368
2019-06-01,RUB_KGS,1,0.0000000000,True,0.9314000000,0.9332366667,0.9341550000,0,1,0.0000000000,-9.8403048887
2019-06-04,RUB_KGS,1,0.0000000000,True,0.9328760000,0.9351793333,0.9328760000,0,0,59.9995524807,-35.5831929562
2019-06-05,RUB_KGS,1,0.0000000000,True,0.9303740000,0.9339190000,0.9303740000,0,0,26.8202847967,11.1679920850
2019-06-06,RUB_KGS,1,0.0000000000,True,0.9303740000,0.9317213333,0.9319140000,1,1,0.0000000000,14.4606899631
2019-06-07,RUB_KGS,1,0.0000000000,True,0.9303740000,0.9315846667,0.9324660000,0,1,0.0000000000,-3.5351948687
2019-06-08,RUB_KGS,1,0.0000000000,True,0.9319140000,0.9322820000,0.9324660000,0,1,0.0000000000,-1.9736517491
2019-06-11,RUB_KGS,1,0.0000000000,True,0.9228870000,0.9270060000,0.9228870000,0,0,30.0108570595,14.4659257869
2019-06-12,RUB_KGS,1,0.0000000000,True,0.9228870000,0.9238130000,0.9228870000,1,1,0.0000000000,10.0236736223
2019-06-14,RUB_KGS,1,0.0000000000,True,0.9209920000,0.9225563333,0.9209920000,0,0,30.2882689789,-13.3722638076
2019-06-15,RUB_KGS,1,0.0000000000,True,0.9209920000,0.9219246667,0.9209920000,1,1,0.0000000000,10.1165171124
2019-06-18,RUB_KGS,1,0.0000000000,True,0.9209920000,0.9211703333,0.9210480000,0,0,4.5904862985,-3.2639638489
2019-06-19,RUB_KGS,1,0.0000000000,True,0.9160850000,0.9195346667,0.9160850000,0,0,53.8842709609,-16.4575995685
2019-06-20,RUB_KGS,1,0.0000000000,True,0.9074830000,0.9148720000,0.9074830000,0,0,93.8995835539,-13.2586853680
2019-06-21,RUB_KGS,1,0.0000000000,True,0.9050820000,0.9095500000,0.9050820000,0,0,26.4577959036,22.7255236106
2019-06-22,RUB_KGS,1,0.0000000000,True,0.9050820000,0.9058823333,0.9050820000,1,1,0.0000000000,8.8348486761
2019-06-25,RUB_KGS,1,0.0000000000,True,0.8989630000,0.9019910000,0.8989630000,0,0,32.8740209862,0.6984548626
2019-06-26,RUB_KGS,1,0.0000000000,True,0.8989630000,0.9011463333,0.9025480000,1,1,0.0000000000,24.2283994571
2019-06-27,RUB_KGS,1,0.0000000000,True,0.8989630000,0.9025310000,0.9060820000,0,1,0.0000000000,-0.1883591810
2019-06-28,RUB_KGS,1,0.0000000000,True,0.9025480000,0.9050930000,0.9066490000,0,1,0.0000000000,-10.9270539050
2019-06-29,RUB_KGS,1,0.0000000000,True,0.9060820000,0.9064600000,0.9066490000,0,1,0.0000000000,-2.0850340887
2019-07-02,RUB_KGS,1,0.0000000000,True,0.9053970000,0.9072556667,0.9097210000,1,1,0.0000000000,20.4866911826
2019-07-03,RUB_KGS,1,0.0000000000,True,0.9053970000,0.9082633333,0.9096720000,0,0,0.5386266778,-16.0489432213
2019-07-04,RUB_KGS,1,0.0000000000,True,0.9096720000,0.9101103333,0.9109380000,1,1,0.0000000000,4.8162658667
2019-07-05,RUB_KGS,1,0.0000000000,True,0.9096720000,0.9111730000,0.9129090000,0,1,0.0000000000,2.5790931031
2019-07-06,RUB_KGS,1,0.0000000000,True,0.9109380000,0.9122520000,0.9129090000,0,1,0.0000000000,-7.2019573539
2019-07-09,RUB_KGS,1,0.0000000000,True,0.9129090000,0.9140530000,0.9135530000,0,0,23.4138585143,-17.9858279553
2019-07-10,RUB_KGS,1,0.0000000000,True,0.9135530000,0.9144243333,0.9140230000,1,1,0.0000000000,9.5287636338
2019-07-11,RUB_KGS,1,0.0000000000,True,0.9024990000,0.9100250000,0.9024990000,0,0,126.0799782938,-43.9328589874
2019-07-12,RUB_KGS,1,0.0000000000,True,0.9024990000,0.9073293333,0.9054660000,1,1,0.0000000000,53.2368254379
2019-07-13,RUB_KGS,1,0.0000000000,True,0.9024990000,0.9044770000,0.9054660000,0,1,0.0000000000,-10.9344958468
2019-07-16,RUB_KGS,1,0.0000000000,True,0.9024840000,0.9035503333,0.9024840000,0,0,2.4038967499,9.3999559515
2019-07-17,RUB_KGS,1,0.0000000000,True,0.9024840000,0.9031896667,0.9043840000,1,1,0.0000000000,7.8130507103
2019-07-18,RUB_KGS,1,0.0000000000,True,0.9020620000,0.9029766667,0.9020620000,0,0,25.6749345411,-15.5854894737
2019-07-19,RUB_KGS,1,0.0000000000,True,0.9020620000,0.9031043333,0.9028670000,1,1,0.0000000000,11.5416712650
2019-07-20,RUB_KGS,1,0.0000000000,True,0.9020620000,0.9025986667,0.9028670000,0,1,0.0000000000,-2.9728975152
2019-07-23,RUB_KGS,1,0.0000000000,True,0.9028670000,0.9042643333,0.9057250000,0,1,0.0000000000,0.7003851750
2019-07-24,RUB_KGS,1,0.0000000000,True,0.9042010000,0.9047446667,0.9043080000,0,0,15.6449253361,-10.8354696021
2019-07-25,RUB_KGS,1,0.0000000000,True,0.9043080000,0.9051710000,0.9054800000,1,1,0.0000000000,9.5341101295
2019-07-26,RUB_KGS,1,0.0000000000,True,0.9043080000,0.9048156667,0.9046590000,0,0,9.0670141803,-7.3421952980
2019-07-27,RUB_KGS,1,0.0000000000,True,0.9046590000,0.9049326667,0.9046590000,1,1,0.0000000000,3.0241660706
2019-07-30,RUB_KGS,1,0.0000000000,True,0.9046590000,0.9077010000,0.9081400000,0,0,23.7722782719,-28.6768440268
2019-07-31,RUB_KGS,1,0.0000000000,True,0.9081400000,0.9090866667,0.9088160000,1,1,0.0000000000,10.4133819291
2019-08-01,RUB_KGS,1,0.0000000000,True,0.9081400000,0.9107130000,0.9151830000,0,1,0.0000000000,20.8298333284
2019-08-02,RUB_KGS,1,0.0000000000,True,0.9088160000,0.9169676667,0.9269040000,0,1,0.0000000000,19.4627000661
2019-08-03,RUB_KGS,1,0.0000000000,True,0.9151830000,0.9229970000,0.9269040000,0,1,0.0000000000,-42.3294983624
2019-08-06,RUB_KGS,1,0.0000000000,True,0.9269040000,0.9314653333,0.9348100000,0,1,0.0000000000,-13.0618566588
2019-08-07,RUB_KGS,1,0.0000000000,True,0.9326820000,0.9335760000,0.9332360000,0,0,16.8376461527,-13.2179918935
2019-08-08,RUB_KGS,1,0.0000000000,True,0.9332360000,0.9339360000,0.9337620000,1,1,0.0000000000,7.4951602679
2019-08-09,RUB_KGS,1,0.0000000000,True,0.9332360000,0.9341813333,0.9355460000,0,1,0.0000000000,4.4887787667
2019-08-10,RUB_KGS,1,0.0000000000,True,0.9337620000,0.9349513333,0.9355460000,0,1,0.0000000000,-6.3604023596
2019-08-13,RUB_KGS,1,0.0000000000,True,0.9355460000,0.9380393333,0.9405260000,0,1,0.0000000000,-0.0710702252
2019-08-14,RUB_KGS,1,0.0000000000,True,0.9348130000,0.9377950000,0.9348130000,0,0,60.7426057334,-29.1215031004
2019-08-15,RUB_KGS,1,0.0000000000,True,0.9348130000,0.9400480000,0.9448050000,1,1,0.0000000000,55.6886456862
2019-08-16,RUB_KGS,1,0.0000000000,True,0.9348130000,0.9419780000,0.9463160000,0,1,0.0000000000,-30.0113166125
2019-08-17,RUB_KGS,1,0.0000000000,True,0.9448050000,0.9458123333,0.9463160000,0,1,0.0000000000,-5.3252283663
2019-08-20,RUB_KGS,1,0.0000000000,True,0.9463160000,0.9516796667,0.9556220000,0,1,0.0000000000,-14.9349973853
2019-08-21,RUB_KGS,1,0.0000000000,True,0.9482670000,0.9523300000,0.9482670000,0,0,76.9655784400,-34.5678493799
2019-08-22,RUB_KGS,1,0.0000000000,True,0.9380530000,0.9473140000,0.9380530000,0,0,107.7122793475,-10.0600223368
2019-08-23,RUB_KGS,1,0.0000000000,True,0.9376770000,0.9413323333,0.9376770000,0,0,4.0083023027,34.8371474899
2019-08-24,RUB_KGS,1,0.0000000000,True,0.9376770000,0.9378023333,0.9376770000,1,1,0.0000000000,1.3364578961
2019-08-27,RUB_KGS,1,0.0000000000,True,0.9376770000,0.9427366667,0.9473270000,0,1,0.0000000000,-4.9784139084
2019-08-28,RUB_KGS,1,0.0000000000,True,0.9432060000,0.9475620000,0.9521530000,0,1,0.0000000000,2.4800487989
2019-08-29,RUB_KGS,1,0.0000000000,True,0.9473270000,0.9523713333,0.9576340000,0,1,0.0000000000,2.2925231545
2019-08-30,RUB_KGS,1,0.0000000000,True,0.9521530000,0.9548043333,0.9546260000,0,0,31.4107477387,-29.6360894885
2019-08-31,RUB_KGS,1,0.0000000000,True,0.9546260000,0.9556286667,0.9546260000,1,1,0.0000000000,10.4922204789
2019-09-03,RUB_KGS,1,0.0000000000,True,0.9546260000,0.9572643333,0.9606200000,0,1,0.0000000000,7.4935763128
2019-09-04,RUB_KGS,1,0.0000000000,True,0.9500840000,0.9557503333,0.9500840000,0,0,109.6791655389,-50.9512421480
2019-09-05,RUB_KGS,1,0.0000000000,True,0.9436110000,0.9514383333,0.9436110000,0,0,68.1308179066,14.2345886842
2019-09-06,RUB_KGS,1,0.0000000000,True,0.9428340000,0.9455096667,0.9428340000,0,0,8.2343253735,20.0808805410
2019-09-07,RUB_KGS,1,0.0000000000,True,0.9428340000,0.9430930000,0.9428340000,1,1,0.0000000000,2.7462827102
2019-09-10,RUB_KGS,1,0.0000000000,True,0.9348470000,0.9381330000,0.9348470000,0,0,19.9739943078,15.0831491910
2019-09-11,RUB_KGS,1,0.0000000000,True,0.9347440000,0.9354363333,0.9347440000,0,0,1.1017845701,6.3000902609
2019-09-12,RUB_KGS,1,0.0000000000,True,0.9312990000,0.9336300000,0.9312990000,0,0,36.8550105697,-11.9319216392
2019-09-13,RUB_KGS,1,0.0000000000,True,0.9210160000,0.9290196667,0.9210160000,0,0,110.4156667193,-24.5348232671
2019-09-14,RUB_KGS,1,0.0000000000,True,0.9210160000,0.9244436667,0.9210160000,1,1,0.0000000000,37.0781561956
2019-09-17,RUB_KGS,1,0.0000000000,True,0.9118170000,0.9172683333,0.9189720000,1,1,0.0000000000,59.4300831636
2019-09-18,RUB_KGS,1,0.0000000000,True,0.9118170000,0.9172476667,0.9209540000,0,1,0.0000000000,-18.7989939467
2019-09-19,RUB_KGS,1,0.0000000000,True,0.9179670000,0.9192976667,0.9179670000,0,0,32.4337589065,-18.0173777590
2019-09-20,RUB_KGS,1,0.0000000000,True,0.9126650000,0.9171953333,0.9126650000,0,0,57.7580675558,-8.4133296215
2019-09-21,RUB_KGS,1,0.0000000000,True,0.9126650000,0.9144323333,0.9126650000,1,1,0.0000000000,19.3271089496
2019-09-24,RUB_KGS,1,0.0000000000,True,0.9104170000,0.9122750000,0.9104170000,0,0,36.3997316532,-16.0916390343
2019-09-25,RUB_KGS,1,0.0000000000,True,0.9104170000,0.9138200000,0.9173000000,1,1,0.0000000000,37.2392812589
2019-09-26,RUB_KGS,1,0.0000000000,True,0.9104170000,0.9158703333,0.9198940000,0,1,0.0000000000,-15.6099244034
2019-09-27,RUB_KGS,1,0.0000000000,True,0.9173000000,0.9194723333,0.9212230000,0,1,0.0000000000,-4.5859636161
2019-09-28,RUB_KGS,1,0.0000000000,True,0.9198940000,0.9207800000,0.9212230000,0,1,0.0000000000,-4.8111383827
2019-10-01,RUB_KGS,1,0.0000000000,True,0.9212230000,0.9258923333,0.9319850000,0,1,0.0000000000,15.3725577164
2019-10-02,RUB_KGS,1,0.0000000000,True,0.9244690000,0.9312610000,0.9373290000,0,1,0.0000000000,-7.7744048124
2019-10-03,RUB_KGS,1,0.0000000000,True,0.9319850000,0.9340746667,0.9329100000,0,0,47.1445991749,-34.8401840824
2019-10-04,RUB_KGS,1,0.0000000000,True,0.9314600000,0.9338996667,0.9314600000,0,0,15.5427640394,10.5971412347
2019-10-05,RUB_KGS,1,0.0000000000,True,0.9314600000,0.9319433333,0.9314600000,1,1,0.0000000000,5.1862953041
2019-10-08,RUB_KGS,1,0.0000000000,True,0.9273370000,0.9291116667,0.9273370000,0,0,12.9343117891,6.1743565090
2019-10-09,RUB_KGS,1,0.0000000000,True,0.9273370000,0.9286800000,0.9301650000,1,1,0.0000000000,14.4613860533
2019-10-10,RUB_KGS,1,0.0000000000,True,0.9249590000,0.9274870000,0.9249590000,0,0,55.9685647170,-28.8737200629
2019-10-11,RUB_KGS,1,0.0000000000,True,0.9174810000,0.9242016667,0.9174810000,0,0,80.8468267242,-8.1944597229
2019-10-12,RUB_KGS,1,0.0000000000,True,0.9174810000,0.9199736667,0.9174810000,1,1,0.0000000000,27.0949784432
2019-10-15,RUB_KGS,1,0.0000000000,True,0.9174810000,0.9186600000,0.9184780000,0,0,16.7713563060,-14.8150567130
2019-10-16,RUB_KGS,1,0.0000000000,True,0.9184780000,0.9192860000,0.9193590000,1,1,0.0000000000,8.7894300577
2019-10-17,RUB_KGS,1,0.0000000000,True,0.9146350000,0.9174906667,0.9146350000,0,0,51.3836270706,-20.3635132346
2019-10-18,RUB_KGS,1,0.0000000000,True,0.9137750000,0.9159230000,0.9137750000,0,0,9.4026578909,14.0623174656
2019-10-19,RUB_KGS,1,0.0000000000,True,0.9137750000,0.9140616667,0.9137750000,1,1,0.0000000000,3.1361851954
2019-10-22,RUB_KGS,1,0.0000000000,True,0.9098440000,0.9116990000,0.9098440000,0,0,17.9269274738,2.4240456554
2019-10-23,RUB_KGS,1,0.0000000000,True,0.9098440000,0.9111803333,0.9122190000,1,1,0.0000000000,14.6659589156
2019-10-24,RUB_KGS,1,0.0000000000,True,0.9098440000,0.9115670000,0.9126380000,0,1,0.0000000000,-7.1525186849
2019-10-25,RUB_KGS,1,0.0000000000,True,0.9122190000,0.9131946667,0.9147270000,0,1,0.0000000000,6.0958160071
2019-10-26,RUB_KGS,1,0.0000000000,True,0.9126380000,0.9140306667,0.9147270000,0,1,0.0000000000,-7.6182710135
2019-10-29,RUB_KGS,1,0.0000000000,True,0.9121570000,0.9131910000,0.9121570000,0,0,5.8289296792,5.4972070465
2019-10-30,RUB_KGS,1,0.0000000000,True,0.9121570000,0.9125876667,0.9129170000,1,1,0.0000000000,4.7191813170
2019-10-31,RUB_KGS,1,0.0000000000,True,0.9116550000,0.9122430000,0.9116550000,0,0,13.8238196901,-7.3883822622
2019-11-01,RUB_KGS,1,0.0000000000,True,0.9116550000,0.9132993333,0.9153260000,1,1,0.0000000000,18.0043198688
2019-11-02,RUB_KGS,1,0.0000000000,True,0.9116550000,0.9141023333,0.9153260000,0,1,0.0000000000,-13.3865391439
2019-11-06,RUB_KGS,1,0.0000000000,True,0.9040080000,0.9093636667,0.9087570000,1,1,0.0000000000,58.8946629713
2019-11-07,RUB_KGS,1,0.0000000000,True,0.9040080000,0.9078550000,0.9108000000,0,1,0.0000000000,-9.9355073222
2019-11-08,RUB_KGS,1,0.0000000000,True,0.9087570000,0.9101176667,0.9107960000,0,0,0.0439174352,-7.4971990801
2019-11-09,RUB_KGS,1,0.0000000000,True,0.9107960000,0.9107973333,0.9107960000,1,1,0.0000000000,0.0146391879
2019-11-12,RUB_KGS,1,0.0000000000,True,0.9107960000,0.9121613333,0.9122820000,0,0,12.3055902852,-13.6452469665
2019-11-13,RUB_KGS,1,0.0000000000,True,0.9122820000,0.9143136667,0.9172530000,1,1,0.0000000000,22.2206748158
2019-11-14,RUB_KGS,1,0.0000000000,True,0.9122820000,0.9162640000,0.9192570000,0,1,0.0000000000,-10.7938323453
2019-11-15,RUB_KGS,1,0.0000000000,True,0.9126870000,0.9163990000,0.9126870000,0,0,71.4707638887,-31.1872885064
2019-11-16,RUB_KGS,1,0.0000000000,True,0.9126870000,0.9148770000,0.9126870000,1,1,0.0000000000,23.9376440767
2019-11-19,RUB_KGS,1,0.0000000000,True,0.9107740000,0.9115013333,0.9110430000,1,1,0.0000000000,7.9795092638
2019-11-20,RUB_KGS,1,0.0000000000,True,0.9107740000,0.9121356667,0.9145900000,0,1,0.0000000000,11.9792121567
2019-11-21,RUB_KGS,1,0.0000000000,True,0.9110430000,0.9125586667,0.9120430000,0,0,27.8485441564,-22.2597560851
2019-11-22,RUB_KGS,1,0.0000000000,True,0.9101440000,0.9122590000,0.9101440000,0,0,20.8213867109,2.3677486328
2019-11-23,RUB_KGS,1,0.0000000000,True,0.9101440000,0.9107770000,0.9101440000,1,1,0.0000000000,6.9501096317
2019-11-26,RUB_KGS,1,0.0000000000,True,0.9101440000,0.9119373333,0.9147580000,0,1,0.0000000000,11.2653939671
2019-11-27,RUB_KGS,1,0.0000000000,True,0.9109100000,0.9131856667,0.9138890000,0,0,9.4997802698,-17.2181122714
2019-11-28,RUB_KGS,1,0.0000000000,True,0.9138890000,0.9147893333,0.9157210000,1,1,0.0000000000,9.8419745457
2019-11-29,RUB_KGS,1,0.0000000000,True,0.9138890000,0.9150210000,0.9154530000,0,0,2.9266556080,-7.6500976480
2019-11-30,RUB_KGS,1,0.0000000000,True,0.9154530000,0.9155423333,0.9154530000,1,1,0.0000000000,0.9757422468
2019-12-03,RUB_KGS,1,0.0000000000,True,0.9154530000,0.9173806667,0.9162870000,0,0,44.7087251006,-32.9343471376
2019-12-04,RUB_KGS,1,0.0000000000,True,0.9162870000,0.9179193333,0.9170690000,1,1,0.0000000000,17.7829714884
2019-12-05,RUB_KGS,1,0.0000000000,True,0.9116210000,0.9149923333,0.9116210000,0,0,59.4066531526,-22.6960007315
2019-12-06,RUB_KGS,1,0.0000000000,True,0.9102640000,0.9129846667,0.9102640000,0,0,14.8855719647,14.9363589166
2019-12-07,RUB_KGS,1,0.0000000000,True,0.9102640000,0.9107163333,0.9102640000,1,1,0.0000000000,4.9667862185
2019-12-10,RUB_KGS,1,0.0000000000,True,0.9082690000,0.9096316667,0.9082690000,0,0,22.9908541877,-8.0288908148
2019-12-11,RUB_KGS,1,0.0000000000,True,0.9080910000,0.9089073333,0.9080910000,0,0,1.9597718297,7.0230848616
2019-12-12,RUB_KGS,1,0.0000000000,True,0.9032240000,0.9065280000,0.9032240000,0,0,53.5959501856,-17.2416075400
2019-12-13,RUB_KGS,1,0.0000000000,True,0.8936340000,0.9016496667,0.8936340000,0,0,106.1752123504,-17.4605879815
2019-12-14,RUB_KGS,1,0.0000000000,True,0.8936340000,0.8968306667,0.8936340000,1,1,0.0000000000,35.6440383395
2019-12-17,RUB_KGS,1,0.0000000000,True,0.8934700000,0.8946070000,0.8934700000,0,0,36.2098633125,-23.5857756534
2019-12-18,RUB_KGS,1,0.0000000000,True,0.8934700000,0.8947906667,0.8941850000,1,1,0.0000000000,14.7595042714
2019-12-19,RUB_KGS,1,0.0000000000,True,0.8933890000,0.8936813333,0.8933890000,0,0,8.9019610036,-5.6358642380
2019-12-20,RUB_KGS,1,0.0000000000,True,0.8916570000,0.8930770000,0.8916570000,0,0,19.3868516402,-3.4935397508
2019-12-21,RUB_KGS,1,0.0000000000,True,0.8916570000,0.8922343333,0.8916570000,1,1,0.0000000000,6.4706469115
2019-12-24,RUB_KGS,1,0.0000000000,True,0.8887390000,0.8899263333,0.8887390000,0,0,7.2409749231,6.1053742651
2019-12-25,RUB_KGS,1,0.0000000000,True,0.8822930000,0.8868050000,0.8822930000,0,0,72.5297303258,-21.8086276013
2019-12-26,RUB_KGS,1,0.0000000000,True,0.8822930000,0.8846856667,0.8830250000,1,1,0.0000000000,27.0453874954
2019-12-27,RUB_KGS,1,0.0000000000,True,0.8822930000,0.8842630000,0.8874710000,0,1,0.0000000000,14.0003596215
2019-12-28,RUB_KGS,1,0.0000000000,True,0.8830250000,0.8859890000,0.8874710000,0,1,0.0000000000,-16.7270699749
2019-12-31,RUB_KGS,1,0.0000000000,True,0.8863040000,0.8869180000,0.8869790000,1,1,0.0000000000,6.9228496885
2020-01-01,RUB_KGS,1,0.0000000000,True,0.8863040000,0.8867540000,0.8869790000,0,1,0.0000000000,-2.5373440661
2020-01-10,RUB_KGS,1,0.0000000000,True,0.8790360000,0.8818243333,0.8794580000,1,1,0.0000000000,31.6200543343
2020-01-11,RUB_KGS,1,0.0000000000,True,0.8790360000,0.8793173333,0.8794580000,0,1,0.0000000000,-1.5997258479
2020-01-14,RUB_KGS,1,0.0000000000,True,0.8749240000,0.8779443333,0.8794510000,1,1,0.0000000000,34.4023330257
2020-01-15,RUB_KGS,1,0.0000000000,True,0.8749240000,0.8776656667,0.8786220000,0,0,9.4263352933,-20.3418385969
2020-01-16,RUB_KGS,1,0.0000000000,True,0.8786220000,0.8800636667,0.8821180000,1,1,0.0000000000,16.3813905888
2020-01-17,RUB_KGS,1,0.0000000000,True,0.8786220000,0.8805520000,0.8809160000,0,0,13.6262948948,-17.7842989398
2020-01-18,RUB_KGS,1,0.0000000000,True,0.8809160000,0.8813166667,0.8809160000,1,1,0.0000000000,4.5462281813
2020-01-21,RUB_KGS,1,0.0000000000,True,0.8798720000,0.8819956667,0.8851990000,1,1,0.0000000000,24.0779716605
2020-01-22,RUB_KGS,1,0.0000000000,True,0.8798720000,0.8833656667,0.8850260000,0,0,1.9543628043,-20.7539573080
2020-01-23,RUB_KGS,1,0.0000000000,True,0.8850260000,0.8856853333,0.8868310000,1,1,0.0000000000,7.4443293630
2020-01-24,RUB_KGS,1,0.0000000000,True,0.8844530000,0.8854366667,0.8844530000,0,0,26.8145791024,-15.7474089997
2020-01-25,RUB_KGS,1,0.0000000000,True,0.8844530000,0.8852456667,0.8844530000,1,1,0.0000000000,8.9541999076
2020-01-28,RUB_KGS,1,0.0000000000,True,0.8844530000,0.8919670000,0.8992760000,0,1,0.0000000000,-2.2982913045
2020-01-29,RUB_KGS,1,0.0000000000,True,0.8921720000,0.8947830000,0.8929010000,0,0,70.8903606902,-50.2132919378
2020-01-30,RUB_KGS,1,0.0000000000,True,0.8929010000,0.8980906667,0.9020950000,1,1,0.0000000000,57.7855539456
2020-01-31,RUB_KGS,1,0.0000000000,True,0.8929010000,0.8995200000,0.9035640000,0,1,0.0000000000,-28.6263785130
2020-02-01,RUB_KGS,1,0.0000000000,True,0.9020950000,0.9030743333,0.9035640000,0,1,0.0000000000,-5.4222188428
2020-02-04,RUB_KGS,1,0.0000000000,True,0.9035640000,0.9086940000,0.9077950000,0,0,75.7387755637,-66.3479675226
2020-02-05,RUB_KGS,1,0.0000000000,True,0.9040750000,0.9088643333,0.9040750000,0,0,40.9784147302,11.7655990461
2020-02-06,RUB_KGS,1,0.0000000000,True,0.8988150000,0.9035616667,0.8988150000,0,0,58.1810137433,-5.6812207984
2020-02-07,RUB_KGS,1,0.0000000000,True,0.8988150000,0.9037420000,0.9083360000,1,1,0.0000000000,54.5177716649
2020-02-08,RUB_KGS,1,0.0000000000,True,0.8988150000,0.9051623333,0.9083360000,0,1,0.0000000000,-35.0618507840
2020-02-11,RUB_KGS,1,0.0000000000,True,0.9083360000,0.9120370000,0.9151630000,0,1,0.0000000000,-6.3045687839
2020-02-12,RUB_KGS,1,0.0000000000,True,0.9022540000,0.9100096667,0.9022540000,0,0,141.0568390549,-56.6294350719
2020-02-13,RUB_KGS,1,0.0000000000,True,0.9022540000,0.9092026667,0.9101910000,1,1,0.0000000000,76.4259380380
2020-02-14,RUB_KGS,1,0.0000000000,True,0.9022540000,0.9068393333,0.9080730000,0,0,23.2698411652,-36.9598730830
2020-02-15,RUB_KGS,1,0.0000000000,True,0.9080730000,0.9087790000,0.9080730000,1,1,0.0000000000,7.7686654291
2020-02-18,RUB_KGS,1,0.0000000000,True,0.9059970000,0.9088893333,0.9125980000,1,1,0.0000000000,31.8227228251
2020-02-19,RUB_KGS,1,0.0000000000,True,0.9059970000,0.9100453333,0.9115410000,0,0,11.5823177346,-28.0498846944
2020-02-20,RUB_KGS,1,0.0000000000,True,0.9115410000,0.9121150000,0.9122060000,1,1,0.0000000000,6.2930661156
2020-02-21,RUB_KGS,1,0.0000000000,True,0.9115410000,0.9146480000,0.9201970000,0,1,0.0000000000,26.6987956022
2020-02-22,RUB_KGS,1,0.0000000000,True,0.9122060000,0.9175333333,0.9201970000,0,1,0.0000000000,-29.0307345782
2020-02-26,RUB_KGS,1,0.0000000000,True,0.9201970000,0.9290066667,0.9377460000,0,1,0.0000000000,-0.7570810400
2020-02-27,RUB_KGS,1,0.0000000000,True,0.9290770000,0.9352506667,0.9389290000,0,1,0.0000000000,-26.6809040856
2020-02-28,RUB_KGS,1,0.0000000000,True,0.9377460000,0.9451233333,0.9586950000,0,1,0.0000000000,65.5399471674
2020-02-29,RUB_KGS,1,0.0000000000,True,0.9389290000,0.9521063333,0.9586950000,0,1,0.0000000000,-69.2009540951
2020-03-03,RUB_KGS,1,0.0000000000,True,0.9491990000,0.9529193333,0.9508640000,1,1,0.0000000000,39.0414298797
2020-03-04,RUB_KGS,1,0.0000000000,True,0.9456360000,0.9485663333,0.9456360000,0,0,54.9815746521,-24.2225196692
2020-03-05,RUB_KGS,1,0.0000000000,True,0.9456360000,0.9478890000,0.9471670000,1,1,0.0000000000,23.7686058178
2020-03-06,RUB_KGS,1,0.0000000000,True,0.9456360000,0.9530573333,0.9663690000,0,1,0.0000000000,61.8046063686
2020-03-07,RUB_KGS,1,0.0000000000,True,0.9471670000,0.9599683333,0.9663690000,0,1,0.0000000000,-66.6758104868
2020-03-11,RUB_KGS,1,0.0000000000,True,0.9663690000,1.0066230000,1.0228200000,0,0,76.2603329840,-238.9871878548
2020-03-12,RUB_KGS,1,0.0000000000,True,1.0165200000,1.0233400000,1.0165200000,0,0,61.5944154397,5.0814001212
2020-03-13,RUB_KGS,1,0.0000000000,True,1.0041800000,1.0145066667,1.0041800000,0,0,121.3945618384,-19.8454421197
2020-03-14,RUB_KGS,1,0.0000000000,True,1.0041800000,1.0082933333,1.0041800000,1,1,0.0000000000,40.7950067441
2020-03-17,RUB_KGS,1,0.0000000000,True,1.0041800000,1.0114400000,1.0134500000,0,0,31.8681210595,-51.9061931504
2020-03-18,RUB_KGS,1,0.0000000000,True,1.0134500000,1.0297233333,1.0590300000,1,1,0.0000000000,158.0359773013
2020-03-19,RUB_KGS,1,0.0000000000,True,1.0134500000,1.0573066667,1.0994400000,0,1,0.0000000000,-16.2992761482
2020-03-20,RUB_KGS,1,0.0000000000,True,1.0590300000,1.0767166667,1.0716800000,0,0,252.4921778360,-211.0428308283
2020-03-21,RUB_KGS,1,0.0000000000,True,1.0716800000,1.0809333333,1.0716800000,1,1,0.0000000000,85.6050326878
2020-03-24,RUB_KGS,1,0.0000000000,True,1.0716800000,1.0876333333,1.0817200000,0,0,250.3830554304,-201.0481473536
2020-03-25,RUB_KGS,1,0.0000000000,True,1.0673800000,1.0862000000,1.0673800000,0,0,132.5666531080,41.2447063156
2020-03-26,RUB_KGS,1,0.0000000000,True,0.9869010000,1.0453336667,0.9869010000,0,0,753.9863965973,-210.9023562174
2020-03-27,RUB_KGS,1,0.0000000000,True,0.9722640000,1.0088483333,0.9722640000,0,0,148.3127486952,217.5483926391
2020-03-28,RUB_KGS,1,0.0000000000,True,0.9722640000,0.9771430000,0.9722640000,1,1,0.0000000000,49.9312792498
2020-04-07,RUB_KGS,1,0.0000000000,True,0.8887700000,0.9203396667,0.8887700000,0,0,124.6131879976,221.1647221551
2020-04-08,RUB_KGS,1,0.0000000000,True,0.8887700000,0.8936656667,0.8922420000,1,1,0.0000000000,54.7818591367
2020-04-09,RUB_KGS,1,0.0000000000,True,0.8787560000,0.8865893333,0.8787560000,0,0,151.1473344676,-63.7574404986
2020-04-10,RUB_KGS,1,0.0000000000,True,0.8787560000,0.9062910000,0.9478750000,1,1,0.0000000000,303.8207374894
2020-04-11,RUB_KGS,1,0.0000000000,True,0.8787560000,0.9248353333,0.9478750000,0,1,0.0000000000,-249.1218256511
2020-04-14,RUB_KGS,1,0.0000000000,True,0.9365550000,0.9430483333,0.9365550000,0,0,86.3752560296,-17.6731839478
2020-04-15,RUB_KGS,1,0.0000000000,True,0.9341250000,0.9384650000,0.9341250000,0,0,25.9461537230,20.3523839461
2020-04-16,RUB_KGS,1,0.0000000000,True,0.9341250000,0.9359750000,0.9372450000,1,1,0.0000000000,19.7654851892
2020-04-17,RUB_KGS,1,0.0000000000,True,0.9239060000,0.9317586667,0.9239060000,0,0,142.3213780815,-58.8814843329
2020-04-18,RUB_KGS,1,0.0000000000,True,0.9239060000,0.9283523333,0.9239060000,1,1,0.0000000000,47.8948904816
2020-04-21,RUB_KGS,1,0.0000000000,True,0.9239060000,0.9371216667,0.9584660000,0,1,0.0000000000,86.7407825024
2020-04-22,RUB_KGS,1,0.0000000000,True,0.9289930000,0.9511643333,0.9660340000,0,1,0.0000000000,-76.7655641699
2020-04-23,RUB_KGS,1,0.0000000000,True,0.9340990000,0.9528663333,0.9340990000,0,0,330.5784268463,-138.1900714301
2020-04-24,RUB_KGS,1,0.0000000000,True,0.9286140000,0.9429156667,0.9286140000,0,0,58.7196860290,93.5042971323
2020-04-25,RUB_KGS,1,0.0000000000,True,0.9286140000,0.9304423333,0.9286140000,1,1,0.0000000000,19.6501520603
2020-04-28,RUB_KGS,1,0.0000000000,True,0.9265010000,0.9275160000,0.9274330000,1,1,0.0000000000,10.9432074487
2020-04-29,RUB_KGS,1,0.0000000000,True,0.9265010000,0.9274760000,0.9284940000,0,1,0.0000000000,0.4636238566
2020-04-30,RUB_KGS,1,0.0000000000,True,0.9094150000,0.9217806667,0.9094150000,0,0,205.4832879911,-72.8300514005
2020-05-01,RUB_KGS,1,0.0000000000,True,0.9094150000,0.9157746667,0.9094150000,1,1,0.0000000000,69.4457588548
2020-05-07,RUB_KGS,1,0.0000000000,True,0.9094150000,0.9287656667,0.9395160000,0,1,0.0000000000,-92.5996044212
2020-05-08,RUB_KGS,1,0.0000000000,True,0.9359340000,0.9376053333,0.9359340000,0,0,38.1260138199,-20.3781548455
2020-05-09,RUB_KGS,1,0.0000000000,True,0.9359340000,0.9371280000,0.9359340000,1,1,0.0000000000,12.7410556509
2020-05-13,RUB_KGS,1,0.0000000000,True,0.9359340000,0.9420246667,0.9490250000,0,1,0.0000000000,9.6565058098
2020-05-14,RUB_KGS,1,0.0000000000,True,0.9411150000,0.9502253333,0.9605360000,0,1,0.0000000000,12.6320914758
2020-05-15,RUB_KGS,1,0.0000000000,True,0.9490250000,0.9534276667,0.9507220000,0,0,102.1721205660,-74.5555597121
2020-05-16,RUB_KGS,1,0.0000000000,True,0.9507220000,0.9539933333,0.9507220000,1,1,0.0000000000,34.2909454294
2020-05-19,RUB_KGS,1,0.0000000000,True,0.9444080000,0.9492390000,0.9444080000,0,0,85.8609239891,-35.2703586768
2020-05-20,RUB_KGS,1,0.0000000000,True,0.9444080000,0.9489176667,0.9497580000,1,1,0.0000000000,47.5243198128
2020-05-21,RUB_KGS,1,0.0000000000,True,0.9366400000,0.9436020000,0.9366400000,0,0,138.1193946247,-65.2393699886
2020-05-22,RUB_KGS,1,0.0000000000,True,0.9366400000,0.9480286667,0.9576880000,1,1,0.0000000000,120.1299820048
2020-05-23,RUB_KGS,1,0.0000000000,True,0.9366400000,0.9506720000,0.9576880000,0,1,0.0000000000,-73.8004274871
2020-05-26,RUB_KGS,1,0.0000000000,True,0.9482280000,0.9534046667,0.9482280000,0,0,63.6069655391,-9.3699282641
2020-05-27,RUB_KGS,1,0.0000000000,True,0.9482280000,0.9538526667,0.9590320000,1,1,0.0000000000,58.9678769398
2020-05-28,RUB_KGS,1,0.0000000000,True,0.9482280000,0.9581323333,0.9671370000,0,1,0.0000000000,-9.3897954945
2020-05-29,RUB_KGS,1,0.0000000000,True,0.9590320000,0.9618796667,0.9594700000,0,0,79.2752216077,-54.6568714936
2020-05-30,RUB_KGS,1,0.0000000000,True,0.9594700000,0.9620256667,0.9594700000,1,1,0.0000000000,26.5654727854
2020-06-02,RUB_KGS,1,0.0000000000,True,0.9382940000,0.9474756667,0.9382940000,0,0,67.4208686061,29.6858987056
2020-06-03,RUB_KGS,1,0.0000000000,True,0.9291920000,0.9373830000,0.9291920000,0,0,97.0058425184,-9.7185462079
2020-06-04,RUB_KGS,1,0.0000000000,True,0.9291920000,0.9354900000,0.9389840000,1,1,0.0000000000,67.3230071941
2020-06-05,RUB_KGS,1,0.0000000000,True,0.9283710000,0.9321823333,0.9283710000,0,0,113.0264200455,-72.9649814575
2020-06-06,RUB_KGS,1,0.0000000000,True,0.9283710000,0.9319086667,0.9283710000,1,1,0.0000000000,37.9615169727
2020-06-09,RUB_KGS,1,0.0000000000,True,0.9198920000,0.9245000000,0.9252370000,1,1,0.0000000000,49.8431584640
2020-06-10,RUB_KGS,1,0.0000000000,True,0.9198920000,0.9235953333,0.9256570000,0,1,0.0000000000,-17.7747397309
2020-06-11,RUB_KGS,1,0.0000000000,True,0.9252370000,0.9268080000,0.9295300000,0,1,0.0000000000,12.4189691932
2020-06-12,RUB_KGS,1,0.0000000000,True,0.9256570000,0.9282390000,0.9295300000,0,1,0.0000000000,-13.9080560071
2020-06-16,RUB_KGS,1,0.0000000000,True,0.9295300000,0.9339276667,0.9312590000,0,0,103.4544322280,-75.6625334653
2020-06-17,RUB_KGS,1,0.0000000000,True,0.9276660000,0.9333063333,0.9276660000,0,0,38.5821774608,21.9363488729
2020-06-18,RUB_KGS,1,0.0000000000,True,0.9276660000,0.9300703333,0.9312860000,1,1,0.0000000000,25.8510915483
2020-06-19,RUB_KGS,1,0.0000000000,True,0.9276660000,0.9292903333,0.9289190000,0,0,25.4164671218,-21.4751686861
2020-06-20,RUB_KGS,1,0.0000000000,True,0.9289190000,0.9297080000,0.9289190000,1,1,0.0000000000,8.4865355574
2020-06-23,RUB_KGS,1,0.0000000000,True,0.9176000000,0.9245746667,0.9176000000,0,0,103.5908995314,-28.4491175041
2020-06-24,RUB_KGS,1,0.0000000000,True,0.9176000000,0.9208200000,0.9176550000,1,1,0.0000000000,34.9688321279
2020-06-25,RUB_KGS,1,0.0000000000,True,0.9176000000,0.9207583333,0.9270200000,0,1,0.0000000000,33.7041025966
2020-06-26,RUB_KGS,1,0.0000000000,True,0.9176550000,0.9215176667,0.9198780000,0,0,77.0425665034,-59.7094720195
2020-06-27,RUB_KGS,1,0.0000000000,True,0.9198780000,0.9222586667,0.9198780000,1,1,0.0000000000,25.8134377340
2020-06-30,RUB_KGS,1,0.0000000000,True,0.9198780000,0.9244753333,0.9266650000,0,0,2.3519689109,-26.0436009470
2020-07-01,RUB_KGS,1,0.0000000000,True,0.9266650000,0.9267386667,0.9266680000,1,1,0.0000000000,0.7949022666
2020-07-02,RUB_KGS,1,0.0000000000,True,0.9266650000,0.9270750000,0.9278920000,0,1,0.0000000000,4.3901518216
2020-07-03,RUB_KGS,1,0.0000000000,True,0.8945050000,0.9163550000,0.8945050000,0,0,359.8155819858,-125.9009881542
2020-07-04,RUB_KGS,1,0.0000000000,True,0.8945050000,0.9056340000,0.8945050000,1,1,0.0000000000,122.8862873965
2020-07-07,RUB_KGS,1,0.0000000000,True,0.8945050000,0.9112303333,0.9344190000,0,1,0.0000000000,70.9297429739
2020-07-08,RUB_KGS,1,0.0000000000,True,0.9047670000,0.9186153333,0.9166600000,0,0,190.0539265576,-172.0379150359
2020-07-09,RUB_KGS,1,0.0000000000,True,0.9080930000,0.9197240000,0.9080930000,0,0,93.4588615190,33.3143421287
2020-07-10,RUB_KGS,1,0.0000000000,True,0.9080930000,0.9133376667,0.9152600000,1,1,0.0000000000,57.4230852189
2020-07-11,RUB_KGS,1,0.0000000000,True,0.9080930000,0.9128710000,0.9152600000,0,1,0.0000000000,-26.1701817672
2020-07-14,RUB_KGS,1,0.0000000000,True,0.9090380000,0.9131213333,0.9150660000,1,1,0.0000000000,44.7184090906
2020-07-15,RUB_KGS,1,0.0000000000,True,0.9090380000,0.9124056667,0.9131130000,0,0,21.3427228200,-29.1573521573
2020-07-16,RUB_KGS,1,0.0000000000,True,0.9131130000,0.9151796667,0.9173600000,1,1,0.0000000000,22.5820867961
2020-07-17,RUB_KGS,1,0.0000000000,True,0.9131130000,0.9187116667,0.9256620000,0,1,0.0000000000,14.7126320010
2020-07-18,RUB_KGS,1,0.0000000000,True,0.9173600000,0.9228946667,0.9256620000,0,1,0.0000000000,-29.9853648882
2020-07-21,RUB_KGS,1,0.0000000000,True,0.9149130000,0.9227343333,0.9149130000,0,0,137.0700323837,-53.0344053525
2020-07-22,RUB_KGS,1,0.0000000000,True,0.9126090000,0.9183833333,0.9126090000,0,0,25.1827222916,37.7874162931
2020-07-23,RUB_KGS,1,0.0000000000,True,0.9126090000,0.9153790000,0.9186150000,1,1,0.0000000000,30.2606898345
2020-07-24,RUB_KGS,1,0.0000000000,True,0.9126090000,0.9222730000,0.9355950000,0,1,0.0000000000,39.6628763934
2020-07-25,RUB_KGS,1,0.0000000000,True,0.9186150000,0.9299350000,0.9355950000,0,1,0.0000000000,-60.8644690220
2020-07-28,RUB_KGS,1,0.0000000000,True,0.9334160000,0.9357680000,0.9382930000,1,1,0.0000000000,25.1344350309
2020-07-29,RUB_KGS,1,0.0000000000,True,0.9334160000,0.9380380000,0.9424050000,0,1,0.0000000000,-2.7184399779
2020-07-30,RUB_KGS,1,0.0000000000,True,0.9382930000,0.9452846667,0.9551560000,0,1,0.0000000000,30.4634864841
2020-07-31,RUB_KGS,1,0.0000000000,True,0.9424050000,0.9512826667,0.9562870000,0,1,0.0000000000,-40.7169547923
2020-08-01,RUB_KGS,1,0.0000000000,True,0.9551560000,0.9559100000,0.9562870000,0,1,0.0000000000,-3.9438859307
2020-08-04,RUB_KGS,1,0.0000000000,True,0.9546020000,0.9589053333,0.9546020000,0,0,116.2216421782,-72.1830031188
2020-08-05,RUB_KGS,1,0.0000000000,True,0.9534330000,0.9579540000,0.9534330000,0,0,12.2459412404,34.9912417506
2020-08-06,RUB_KGS,1,0.0000000000,True,0.9498010000,0.9526120000,0.9498010000,0,0,38.0939195518,-8.6184091739
2020-08-07,RUB_KGS,1,0.0000000000,True,0.9498010000,0.9525690000,0.9544730000,1,1,0.0000000000,29.0582624461
2020-08-08,RUB_KGS,1,0.0000000000,True,0.9498010000,0.9529156667,0.9544730000,0,1,0.0000000000,-16.3428243213
2020-08-11,RUB_KGS,1,0.0000000000,True,0.9445400000,0.9520566667,0.9445400000,0,0,131.8174552346,-53.5717411779
2020-08-12,RUB_KGS,1,0.0000000000,True,0.9433600000,0.9483523333,0.9433600000,0,0,12.4928536642,40.1995460899
2020-08-13,RUB_KGS,1,0.0000000000,True,0.9433600000,0.9443293333,0.9450880000,1,1,0.0000000000,10.2647805074
2020-08-14,RUB_KGS,1,0.0000000000,True,0.9410760000,0.9431746667,0.9410760000,0,0,42.4510733392,-20.2860975910
2020-08-15,RUB_KGS,1,0.0000000000,True,0.9410760000,0.9424133333,0.9410760000,1,1,0.0000000000,14.1905179610
2020-08-18,RUB_KGS,1,0.0000000000,True,0.9333910000,0.9392566667,0.9433030000,1,1,0.0000000000,62.4500935137
2020-08-19,RUB_KGS,1,0.0000000000,True,0.9333910000,0.9389850000,0.9402610000,0,0,32.2483867856,-45.9858251197
2020-08-20,RUB_KGS,1,0.0000000000,True,0.9402610000,0.9435203333,0.9469970000,1,1,0.0000000000,34.5443889038
2020-08-21,RUB_KGS,1,0.0000000000,True,0.9402610000,0.9467143333,0.9528850000,0,1,0.0000000000,-2.9857651534
2020-08-22,RUB_KGS,1,0.0000000000,True,0.9469970000,0.9509223333,0.9528850000,0,1,0.0000000000,-20.6396105956
2020-08-25,RUB_KGS,1,0.0000000000,True,0.9528850000,0.9544943333,0.9565160000,0,1,0.0000000000,4.3199138951
2020-08-26,RUB_KGS,1,0.0000000000,True,0.9540820000,0.9597790000,0.9687390000,0,1,0.0000000000,33.9974098204
2020-08-27,RUB_KGS,1,0.0000000000,True,0.9565160000,0.9624186667,0.9620010000,0,0,69.5543381654,-65.6713502370
2020-08-28,RUB_KGS,1,0.0000000000,True,0.9512400000,0.9606600000,0.9512400000,0,0,111.8605905815,-13.9591530823
2020-08-29,RUB_KGS,1,0.0000000000,True,0.9512400000,0.9548270000,0.9512400000,1,1,0.0000000000,37.5670147576
2020-09-01,RUB_KGS,1,0.0000000000,True,0.9374410000,0.9429706667,0.9374410000,0,0,29.6735589446,29.0535725395
2020-09-02,RUB_KGS,1,0.0000000000,True,0.9374410000,0.9404176667,0.9435810000,1,1,0.0000000000,31.6526025847
2020-09-03,RUB_KGS,1,0.0000000000,True,0.9374410000,0.9483180000,0.9639320000,0,1,0.0000000000,49.9515985144
2020-09-04,RUB_KGS,1,0.0000000000,True,0.9435810000,0.9542123333,0.9551240000,0,0,91.3757401974,-101.8606271071
2020-09-05,RUB_KGS,1,0.0000000000,True,0.9551240000,0.9580600000,0.9551240000,1,1,0.0000000000,30.6452623009
2020-09-08,RUB_KGS,1,0.0000000000,True,0.9551240000,0.9598126667,0.9645400000,0,1,0.0000000000,0.4028563907
2020-09-09,RUB_KGS,1,0.0000000000,True,0.9597740000,0.9634130000,0.9659250000,0,1,0.0000000000,-11.6979945257
2020-09-10,RUB_KGS,1,0.0000000000,True,0.9572550000,0.9625733333,0.9572550000,0,0,89.7585216243,-34.8198578810
2020-09-11,RUB_KGS,1,0.0000000000,True,0.9479700000,0.9570500000,0.9479700000,0,0,96.9960982183,-2.1419988506
2020-09-12,RUB_KGS,1,0.0000000000,True,0.9479700000,0.9510650000,0.9479700000,1,1,0.0000000000,32.5424655518
2020-09-15,RUB_KGS,1,0.0000000000,True,0.9463560000,0.9484830000,0.9511230000,1,1,0.0000000000,22.4252833208
2020-09-16,RUB_KGS,1,0.0000000000,True,0.9463560000,0.9486440000,0.9484530000,0,0,28.0720790056,-26.1320368863
2020-09-17,RUB_KGS,1,0.0000000000,True,0.9484530000,0.9512720000,0.9542400000,1,1,0.0000000000,29.6340058364
2020-09-18,RUB_KGS,1,0.0000000000,True,0.9484530000,0.9508736667,0.9499280000,0,0,45.1877934272,-35.4025298138
2020-09-19,RUB_KGS,1,0.0000000000,True,0.9499280000,0.9513653333,0.9499280000,1,1,0.0000000000,15.1081112899
2020-09-22,RUB_KGS,1,0.0000000000,True,0.9499280000,0.9581943333,0.9630190000,0,1,0.0000000000,-35.9182531866
2020-09-23,RUB_KGS,1,0.0000000000,True,0.9616360000,0.9625380000,0.9629590000,0,0,0.6230406669,-4.9972053051
2020-09-24,RUB_KGS,1,0.0000000000,True,0.9629590000,0.9660963333,0.9723110000,1,1,0.0000000000,32.4743322698
2020-09-25,RUB_KGS,1,0.0000000000,True,0.9629590000,0.9676830000,0.9677790000,0,0,46.6106009291,-47.8255792444
2020-09-26,RUB_KGS,1,0.0000000000,True,0.9677790000,0.9692896667,0.9677790000,1,1,0.0000000000,15.5852963115
2020-09-29,RUB_KGS,1,0.0000000000,True,0.9677790000,0.9863330000,1.0019800000,0,1,0.0000000000,-29.4728048235
2020-09-30,RUB_KGS,1,0.0000000000,True,0.9892400000,0.9935463333,0.9894190000,0,0,125.3617836683,-84.8844828240
2020-10-01,RUB_KGS,1,0.0000000000,True,0.9704900000,0.9872963333,0.9704900000,0,0,191.3142965720,-21.4997928687
2020-10-02,RUB_KGS,1,0.0000000000,True,0.9704900000,0.9806676667,0.9820940000,1,1,0.0000000000,103.7830348915
2020-10-03,RUB_KGS,1,0.0000000000,True,0.9704900000,0.9782260000,0.9820940000,0,1,0.0000000000,-39.5409649713
2020-10-06,RUB_KGS,1,0.0000000000,True,0.9820940000,0.9834783333,0.9857870000,0,1,0.0000000000,9.3986141027
2020-10-07,RUB_KGS,1,0.0000000000,True,0.9805160000,0.9829523333,0.9805160000,0,0,53.4699686646,-28.8382922604
2020-10-08,RUB_KGS,1,0.0000000000,True,0.9783010000,0.9815346667,0.9783010000,0,0,22.5901464127,10.3783055379
2020-10-09,RUB_KGS,1,0.0000000000,True,0.9671600000,0.9753256667,0.9671600000,0,0,113.8811061217,-30.5060497741
2020-10-10,RUB_KGS,1,0.0000000000,True,0.9671600000,0.9708736667,0.9671600000,1,1,0.0000000000,38.2507713843
2020-10-13,RUB_KGS,1,0.0000000000,True,0.9671040000,0.9682173333,0.9703880000,1,1,0.0000000000,11.4987957249
2020-10-14,RUB_KGS,1,0.0000000000,True,0.9671040000,0.9690860000,0.9697660000,0,0,6.4098072111,-13.4353401040
2020-10-15,RUB_KGS,1,0.0000000000,True,0.9697660000,0.9726810000,0.9778890000,1,1,0.0000000000,29.9687153342
2020-10-16,RUB_KGS,1,0.0000000000,True,0.9697660000,0.9740700000,0.9745550000,0,0,34.0938490974,-39.2066278604
2020-10-17,RUB_KGS,1,0.0000000000,True,0.9745550000,0.9756663333,0.9745550000,1,1,0.0000000000,11.3905061122
2020-10-20,RUB_KGS,1,0.0000000000,True,0.9505490000,0.9663850000,0.9505490000,0,0,241.2810006868,-79.3265623949
2020-10-21,RUB_KGS,1,0.0000000000,True,0.9482960000,0.9576320000,0.9482960000,0,0,23.7020921594,73.9636937780
2020-10-22,RUB_KGS,1,0.0000000000,True,0.9482960000,0.9508320000,0.9536510000,1,1,0.0000000000,26.6713783297
2020-10-23,RUB_KGS,1,0.0000000000,True,0.9467200000,0.9495556667,0.9467200000,0,0,72.6785794803,-43.1289441693
2020-10-24,RUB_KGS,1,0.0000000000,True,0.9467200000,0.9490303333,0.9467200000,1,1,0.0000000000,24.3441463585
2020-10-27,RUB_KGS,1,0.0000000000,True,0.9467200000,0.9474403333,0.9478330000,0,1,0.0000000000,-3.4584411824
2020-10-28,RUB_KGS,1,0.0000000000,True,0.9477680000,0.9505093333,0.9559270000,0,1,0.0000000000,28.1568338098
2020-10-29,RUB_KGS,1,0.0000000000,True,0.9478330000,0.9563890000,0.9654070000,0,1,0.0000000000,4.8306703653
2020-10-30,RUB_KGS,1,0.0000000000,True,0.9559270000,0.9641336667,0.9710670000,0,1,0.0000000000,-13.2070207416
2020-10-31,RUB_KGS,1,0.0000000000,True,0.9654070000,0.9691803333,0.9710670000,0,1,0.0000000000,-19.4666214509
2020-11-03,RUB_KGS,1,0.0000000000,True,0.9710670000,0.9778133333,0.9776770000,0,0,71.2808826277,-70.3883495146
2020-11-04,RUB_KGS,1,0.0000000000,True,0.9776770000,0.9800166667,0.9776770000,1,1,0.0000000000,23.8737436438
2020-11-06,RUB_KGS,1,0.0000000000,True,0.9202680000,0.9443173333,0.9202680000,0,0,157.6351834799,98.5932694942
2020-11-07,RUB_KGS,1,0.0000000000,True,0.9202680000,0.9251810000,0.9202680000,1,1,0.0000000000,53.1031225241
2020-11-10,RUB_KGS,1,0.0000000000,True,0.9111960000,0.9164206667,0.9111960000,0,0,71.9330397321,-15.0294879135
2020-11-11,RUB_KGS,1,0.0000000000,True,0.9089240000,0.9126393333,0.9089240000,0,0,24.9342622224,15.8149367512
2020-11-12,RUB_KGS,1,0.0000000000,True,0.9089240000,0.9121953333,0.9164660000,1,1,0.0000000000,35.8622020284
2020-11-13,RUB_KGS,1,0.0000000000,True,0.9089240000,0.9146753333,0.9186360000,0,1,0.0000000000,-19.5770739782
2020-11-14,RUB_KGS,1,0.0000000000,True,0.9164660000,0.9179126667,0.9186360000,0,1,0.0000000000,-7.8801977530
2020-11-17,RUB_KGS,1,0.0000000000,True,0.8989220000,0.9081130000,0.8989220000,0,0,86.6692178155,14.6677781289
2020-11-18,RUB_KGS,1,0.0000000000,True,0.8950760000,0.9002596667,0.8950760000,0,0,42.7845797522,14.8586759598
2020-11-19,RUB_KGS,1,0.0000000000,True,0.8950760000,0.8977750000,0.8993270000,1,1,0.0000000000,30.0632118292
2020-11-20,RUB_KGS,1,0.0000000000,True,0.8950760000,0.8968913333,0.8962710000,0,0,33.9809657666,-27.1567644389
2020-11-21,RUB_KGS,1,0.0000000000,True,0.8962710000,0.8972896667,0.8962710000,1,1,0.0000000000,11.3527069854
2020-11-24,RUB_KGS,1,0.0000000000,True,0.8931420000,0.8944000000,0.8937870000,1,1,0.0000000000,14.0652951699
2020-11-25,RUB_KGS,1,0.0000000000,True,0.8898280000,0.8922523333,0.8898280000,0,0,44.2946697591,-17.1999176616
2020-11-26,RUB_KGS,1,0.0000000000,True,0.8894760000,0.8910303333,0.8894760000,0,0,3.9558206755,13.4937418891
2020-11-27,RUB_KGS,1,0.0000000000,True,0.8894760000,0.8912006667,0.8942980000,1,1,0.0000000000,19.3521698443
2020-11-28,RUB_KGS,1,0.0000000000,True,0.8894760000,0.8926906667,0.8942980000,0,1,0.0000000000,-18.0054905171
2020-12-01,RUB_KGS,1,0.0000000000,True,0.8942980000,0.8974520000,0.8997450000,0,1,0.0000000000,-9.5938278593
2020-12-02,RUB_KGS,1,0.0000000000,True,0.8914040000,0.8964873333,0.8914040000,0,0,92.7040439236,-36.3381226431
2020-12-03,RUB_KGS,1,0.0000000000,True,0.8865120000,0.8925536667,0.8865120000,0,0,54.8797178384,12.8806447119
2020-12-04,RUB_KGS,1,0.0000000000,True,0.8753950000,0.8844370000,0.8753950000,0,0,125.4015738084,-23.4612527518
2020-12-05,RUB_KGS,1,0.0000000000,True,0.8753950000,0.8791006667,0.8753950000,1,1,0.0000000000,42.1529274994
2020-12-08,RUB_KGS,1,0.0000000000,True,0.8684120000,0.8730410000,0.8684120000,0,0,78.8743722267,-26.0583409027
2020-12-09,RUB_KGS,1,0.0000000000,True,0.8641770000,0.8693016667,0.8641770000,0,0,48.7671750275,10.2342685029
2020-12-10,RUB_KGS,1,0.0000000000,True,0.8641770000,0.8672010000,0.8690140000,1,1,0.0000000000,34.8708084977
2020-12-11,RUB_KGS,1,0.0000000000,True,0.8619820000,0.8650576667,0.8619820000,0,0,80.9192947409,-45.7349086169
2020-12-12,RUB_KGS,1,0.0000000000,True,0.8619820000,0.8643260000,0.8619820000,1,1,0.0000000000,27.1193970793
2020-12-15,RUB_KGS,1,0.0000000000,True,0.8597160000,0.8624293333,0.8655900000,1,1,0.0000000000,31.4615149145
2020-12-16,RUB_KGS,1,0.0000000000,True,0.8597160000,0.8698923333,0.8843710000,0,1,0.0000000000,49.4582279723
2020-12-17,RUB_KGS,1,0.0000000000,True,0.8655900000,0.8745553333,0.8737050000,0,0,120.6054924913,-112.2360849285
2020-12-18,RUB_KGS,1,0.0000000000,True,0.8737050000,0.8798450000,0.8814590000,1,1,0.0000000000,69.7850189522
2020-12-19,RUB_KGS,1,0.0000000000,True,0.8737050000,0.8788743333,0.8814590000,0,1,0.0000000000,-29.4088309174
2020-12-22,RUB_KGS,1,0.0000000000,True,0.8814590000,0.9136660000,0.9345460000,0,1,0.0000000000,-123.9730930121
2020-12-23,RUB_KGS,1,0.0000000000,True,0.9249930000,0.9300533333,0.9306210000,0,0,41.9990027243,-48.3054735212
2020-12-24,RUB_KGS,1,0.0000000000,True,0.9222330000,0.9291333333,0.9222330000,0,0,90.1333625611,-16.0113367296
2020-12-25,RUB_KGS,1,0.0000000000,True,0.8807460000,0.9112000000,0.8807460000,0,0,449.8537788173,-121.0820895522
2020-12-26,RUB_KGS,1,0.0000000000,True,0.8807460000,0.8945750000,0.8807460000,1,1,0.0000000000,154.5873738926
2020-12-29,RUB_KGS,1,0.0000000000,True,0.8807460000,0.8840156667,0.8902510000,0,1,0.0000000000,33.5476709123
2020-12-30,RUB_KGS,1,0.0000000000,True,0.8810500000,0.8876126667,0.8915370000,0,1,0.0000000000,-29.7239261269
2020-12-31,RUB_KGS,1,0.0000000000,True,0.8902510000,0.8917780000,0.8935460000,0,1,0.0000000000,2.7024663089
2021-01-01,RUB_KGS,1,0.0000000000,True,0.8915370000,0.8928763333,0.8935460000,0,1,0.0000000000,-7.5001054644
2021-01-12,RUB_KGS,1,0.0000000000,True,0.8924850000,0.8942273333,0.8924850000,0,0,46.4617783285,-27.1034733151
2021-01-13,RUB_KGS,1,0.0000000000,True,0.8835970000,0.8909110000,0.8835970000,0,0,99.5871079066,-17.6673090803
2021-01-14,RUB_KGS,1,0.0000000000,True,0.8801260000,0.8854026667,0.8801260000,0,0,39.2826141329,20.3937342256
2021-01-15,RUB_KGS,1,0.0000000000,True,0.8700790000,0.8779340000,0.8700790000,0,0,114.1541097525,-24.9677082788
2021-01-16,RUB_KGS,1,0.0000000000,True,0.8700790000,0.8734280000,0.8700790000,1,1,0.0000000000,38.3431719615
2021-01-19,RUB_KGS,1,0.0000000000,True,0.8700790000,0.8719433333,0.8704170000,0,0,56.1728437374,-38.8863190651
2021-01-20,RUB_KGS,1,0.0000000000,True,0.8647660000,0.8701723333,0.8647660000,0,0,64.9229047686,-2.8117035821
2021-01-21,RUB_KGS,1,0.0000000000,True,0.8647660000,0.8667036667,0.8649280000,1,1,0.0000000000,22.3567378470
2021-01-22,RUB_KGS,1,0.0000000000,True,0.8647660000,0.8697400000,0.8795260000,0,1,0.0000000000,55.3268792973
2021-01-23,RUB_KGS,1,0.0000000000,True,0.8649280000,0.8746600000,0.8795260000,0,1,0.0000000000,-55.6330459836
2021-01-26,RUB_KGS,1,0.0000000000,True,0.8795260000,0.8846886667,0.8917340000,0,1,0.0000000000,21.2805559470
2021-01-27,RUB_KGS,1,0.0000000000,True,0.8828060000,0.8864220000,0.8847260000,0,0,78.5884579931,-59.9263104932
2021-01-28,RUB_KGS,1,0.0000000000,True,0.8847260000,0.8915986667,0.8983360000,1,1,0.0000000000,77.0825139562
2021-01-29,RUB_KGS,1,0.0000000000,True,0.8847260000,0.8939940000,0.8989200000,0,1,0.0000000000,-48.5685586257
2021-01-30,RUB_KGS,1,0.0000000000,True,0.8983360000,0.8987253333,0.8989200000,0,1,0.0000000000,-2.1660307042
2021-02-02,RUB_KGS,1,0.0000000000,True,0.8901070000,0.8946240000,0.8948450000,1,1,0.0000000000,50.4904853883
2021-02-03,RUB_KGS,1,0.0000000000,True,0.8901070000,0.8939566667,0.8969180000,0,1,0.0000000000,-9.9370961307
2021-02-04,RUB_KGS,1,0.0000000000,True,0.8927930000,0.8948520000,0.8927930000,0,0,45.9908263632,-23.0876167232
2021-02-05,RUB_KGS,1,0.0000000000,True,0.8855080000,0.8917396667,0.8855080000,0,0,81.5978619904,-11.8121170641
2021-02-06,RUB_KGS,1,0.0000000000,True,0.8855080000,0.8879363333,0.8855080000,1,1,0.0000000000,27.3480568614
2021-02-09,RUB_KGS,1,0.0000000000,True,0.8738180000,0.8782516667,0.8738180000,0,0,18.4024061346,32.1396107038
2021-02-10,RUB_KGS,1,0.0000000000,True,0.8718870000,0.8737113333,0.8718870000,0,0,22.0984232415,-1.2208456340
2021-02-11,RUB_KGS,1,0.0000000000,True,0.8718870000,0.8738023333,0.8757020000,1,1,0.0000000000,21.9195264223
2021-02-12,RUB_KGS,1,0.0000000000,True,0.8718870000,0.8751770000,0.8779420000,0,1,0.0000000000,-5.9987865312
2021-02-13,RUB_KGS,1,0.0000000000,True,0.8757020000,0.8771953333,0.8779420000,0,1,0.0000000000,-8.5119771879
2021-02-16,RUB_KGS,1,0.0000000000,True,0.8671790000,0.8708453333,0.8674150000,1,1,0.0000000000,42.1008552609
2021-02-17,RUB_KGS,1,0.0000000000,True,0.8671790000,0.8695116667,0.8739410000,0,1,0.0000000000,24.1131516349
2021-02-18,RUB_KGS,1,0.0000000000,True,0.8674150000,0.8716860000,0.8737020000,0,0,2.7347383862,-25.8694071030
2021-02-19,RUB_KGS,1,0.0000000000,True,0.8737020000,0.8741036667,0.8746680000,1,1,0.0000000000,4.5951834088
2021-02-20,RUB_KGS,1,0.0000000000,True,0.8734750000,0.8739483333,0.8734750000,0,0,13.6394609155,-8.2346591808
2021-02-21,RUB_KGS,1,0.0000000000,True,0.8734750000,0.8738726667,0.8734750000,1,1,0.0000000000,4.5506248431
2021-02-25,RUB_KGS,1,0.0000000000,True,0.8680330000,0.8708453333,0.8680330000,0,0,34.3846581281,-2.0975787511
2021-02-26,RUB_KGS,1,0.0000000000,True,0.8680330000,0.8726083333,0.8787640000,1,1,0.0000000000,52.4328402395
2021-02-27,RUB_KGS,1,0.0000000000,True,0.8680330000,0.8751870000,0.8787640000,0,1,0.0000000000,-40.8712652267
2021-03-02,RUB_KGS,1,0.0000000000,True,0.8734050000,0.8771620000,0.8793170000,1,1,0.0000000000,42.8313128020
2021-03-03,RUB_KGS,1,0.0000000000,True,0.8665720000,0.8730980000,0.8665720000,0,0,144.9420402426,-71.2291174645
2021-03-04,RUB_KGS,1,0.0000000000,True,0.8665720000,0.8719110000,0.8698440000,1,1,0.0000000000,61.2333139506
2021-03-05,RUB_KGS,1,0.0000000000,True,0.8665720000,0.8712723333,0.8774010000,0,1,0.0000000000,16.3936495937
2021-03-06,RUB_KGS,1,0.0000000000,True,0.8698440000,0.8748820000,0.8774010000,0,1,0.0000000000,-28.7924542967
2021-03-10,RUB_KGS,1,0.0000000000,True,0.8728250000,0.8752333333,0.8728250000,0,0,30.2578945805,-2.7497429257
2021-03-11,RUB_KGS,1,0.0000000000,True,0.8664630000,0.8715873333,0.8664630000,0,0,72.8897545327,-14.2001451757
2021-03-12,RUB_KGS,1,0.0000000000,True,0.8664630000,0.8686176667,0.8665650000,1,1,0.0000000000,24.8056970213
2021-03-13,RUB_KGS,1,0.0000000000,True,0.8664630000,0.8665310000,0.8665650000,0,1,0.0000000000,-0.3923691132
2021-03-16,RUB_KGS,1,0.0000000000,True,0.8601240000,0.8633313333,0.8601240000,0,0,36.8467691025,0.3050200116
2021-03-17,RUB_KGS,1,0.0000000000,True,0.8601240000,0.8617343333,0.8617740000,1,1,0.0000000000,18.6871205085
2021-03-18,RUB_KGS,1,0.0000000000,True,0.8601240000,0.8634170000,0.8683530000,0,1,0.0000000000,19.0290439035
2021-03-19,RUB_KGS,1,0.0000000000,True,0.8617740000,0.8680423333,0.8740000000,0,1,0.0000000000,-3.5789345143
2021-03-20,RUB_KGS,1,0.0000000000,True,0.8683530000,0.8721176667,0.8740000000,0,1,0.0000000000,-21.5834789877
2021-03-23,RUB_KGS,1,0.0000000000,True,0.8740000000,0.8806373333,0.8883770000,0,1,0.0000000000,12.5174494836
2021-03-24,RUB_KGS,1,0.0000000000,True,0.8795350000,0.8885536667,0.8977490000,0,1,0.0000000000,1.9882498187
2021-03-25,RUB_KGS,1,0.0000000000,True,0.8883770000,0.8947056667,0.8979910000,0,1,0.0000000000,-34.0149106764
2021-03-26,RUB_KGS,1,0.0000000000,True,0.8930810000,0.8962736667,0.8930810000,0,0,54.6776081275,-19.1608143495
2021-03-27,RUB_KGS,1,0.0000000000,True,0.8930810000,0.8947176667,0.8930810000,1,1,0.0000000000,18.2925488972
2021-03-30,RUB_KGS,1,0.0000000000,True,0.8926480000,0.8932186667,0.8926480000,0,0,14.3076559943,-7.9301223739
2021-03-31,RUB_KGS,1,0.0000000000,True,0.8918820000,0.8928190000,0.8918820000,0,0,8.5812100626,1.9152818208
2021-04-01,RUB_KGS,1,0.0000000000,True,0.8918820000,0.8927500000,0.8937200000,1,1,0.0000000000,9.7227667320
2021-04-02,RUB_KGS,1,0.0000000000,True,0.8918820000,0.8941360000,0.8968060000,0,1,0.0000000000,4.6525360795
2021-04-03,RUB_KGS,1,0.0000000000,True,0.8937200000,0.8957773333,0.8968060000,0,1,0.0000000000,-11.4835085505
2021-04-06,RUB_KGS,1,0.0000000000,True,0.8968060000,0.9001080000,0.9004370000,0,0,29.2775509617,-33.0293698090
2021-04-07,RUB_KGS,1,0.0000000000,True,0.9004370000,0.9067916667,0.9168570000,1,1,0.0000000000,70.0785737260
2021-04-08,RUB_KGS,1,0.0000000000,True,0.9004370000,0.9087846667,0.9090600000,0,0,85.0405243130,-88.8255890468
2021-04-09,RUB_KGS,1,0.0000000000,True,0.9090600000,0.9118836667,0.9097340000,1,1,0.0000000000,30.9652071847
2021-04-10,RUB_KGS,1,0.0000000000,True,0.9090600000,0.9095093333,0.9097340000,0,1,0.0000000000,-2.4701963843
2021-04-13,RUB_KGS,1,0.0000000000,True,0.9097340000,0.9114476667,0.9107160000,0,0,34.7633694535,-26.8291139773
2021-04-14,RUB_KGS,1,0.0000000000,True,0.8922890000,0.9056326667,0.8922890000,0,0,202.3353054081,-56.1301896501
2021-04-15,RUB_KGS,1,0.0000000000,True,0.8922890000,0.9035020000,0.9075010000,1,1,0.0000000000,124.1059787361
2021-04-16,RUB_KGS,1,0.0000000000,True,0.8908850000,0.8968916667,0.8908850000,0,0,183.0962169739,-118.2900201622
2021-04-17,RUB_KGS,1,0.0000000000,True,0.8908850000,0.8964236667,0.8908850000,1,1,0.0000000000,61.7862610351
2021-04-20,RUB_KGS,1,0.0000000000,True,0.8908850000,0.8953180000,0.8961930000,0,0,29.8483884318,-39.7400700086
2021-04-21,RUB_KGS,1,0.0000000000,True,0.8961930000,0.9002240000,0.9056030000,1,1,0.0000000000,44.7777442059
2021-04-22,RUB_KGS,1,0.0000000000,True,0.8961930000,0.9009323333,0.9010010000,0,0,50.8169694668,-51.8425912120
2021-04-23,RUB_KGS,1,0.0000000000,True,0.8852030000,0.8972690000,0.8852030000,0,0,175.3383181595,-41.5928779441
2021-04-24,RUB_KGS,1,0.0000000000,True,0.8852030000,0.8904690000,0.8852030000,1,1,0.0000000000,59.1373759221
2021-04-27,RUB_KGS,1,0.0000000000,True,0.8814210000,0.8834256667,0.8836530000,1,1,0.0000000000,22.6919676698
2021-04-28,RUB_KGS,1,0.0000000000,True,0.8814210000,0.8828483333,0.8834710000,0,0,2.0596320049,-9.1144383048
2021-04-29,RUB_KGS,1,0.0000000000,True,0.8768690000,0.8813310000,0.8768690000,0,0,74.7279763569,-24.2814561158
2021-04-30,RUB_KGS,1,0.0000000000,True,0.8768690000,0.8808883333,0.8823250000,1,1,0.0000000000,45.6281821570
2021-05-01,RUB_KGS,1,0.0000000000,True,0.8768690000,0.8805063333,0.8823250000,0,1,0.0000000000,-20.6547823430
2021-05-05,RUB_KGS,1,0.0000000000,True,0.8823250000,0.8840433333,0.8826090000,0,0,51.7022168720,-35.6619019430
2021-05-06,RUB_KGS,1,0.0000000000,True,0.8792530000,0.8830193333,0.8792530000,0,0,38.0236322086,4.6469348727
2021-05-07,RUB_KGS,1,0.0000000000,True,0.8739800000,0.8786140000,0.8739800000,0,0,59.9713620539,-7.2728183252
2021-05-08,RUB_KGS,1,0.0000000000,True,0.8739800000,0.8757376667,0.8739800000,1,1,0.0000000000,20.0706984930
2021-05-12,RUB_KGS,1,0.0000000000,True,0.8734770000,0.8741940000,0.8734770000,0,0,18.8315954864,-10.6498099964
2021-05-13,RUB_KGS,1,0.0000000000,True,0.8734770000,0.8755413333,0.8780220000,1,1,0.0000000000,23.5777941571
2021-05-14,RUB_KGS,1,0.0000000000,True,0.8734770000,0.8750906667,0.8737730000,0,0,48.3928648713,-33.4974814038
2021-05-15,RUB_KGS,1,0.0000000000,True,0.8737730000,0.8751893333,0.8737730000,1,1,0.0000000000,16.1831649380
2021-05-18,RUB_KGS,1,0.0000000000,True,0.8724750000,0.8734190000,0.8740090000,1,1,0.0000000000,10.8081001215
2021-05-19,RUB_KGS,1,0.0000000000,True,0.8724750000,0.8735723333,0.8742330000,0,1,0.0000000000,-4.9986320537
2021-05-20,RUB_KGS,1,0.0000000000,True,0.8740090000,0.8747970000,0.8761490000,0,1,0.0000000000,6.4472100384
2021-05-21,RUB_KGS,1,0.0000000000,True,0.8742330000,0.8754726667,0.8760360000,0,0,1.2897349652,-7.7253506487
2021-05-22,RUB_KGS,1,0.0000000000,True,0.8760360000,0.8760736667,0.8760360000,1,1,0.0000000000,0.4299486230
2021-05-25,RUB_KGS,1,0.0000000000,True,0.8760360000,0.8769123333,0.8773790000,0,1,0.0000000000,-4.6716946620
2021-05-26,RUB_KGS,1,0.0000000000,True,0.8773220000,0.8789876667,0.8822620000,0,1,0.0000000000,18.3013565226
2021-05-27,RUB_KGS,1,0.0000000000,True,0.8773790000,0.8814156667,0.8846060000,0,1,0.0000000000,-9.6019774250
2021-05-28,RUB_KGS,1,0.0000000000,True,0.8822320000,0.8830333333,0.8822320000,0,0,26.8368064426,-17.8098222038
2021-05-29,RUB_KGS,1,0.0000000000,True,0.8822320000,0.8830233333,0.8822320000,1,1,0.0000000000,8.9616355929
2021-06-01,RUB_KGS,1,0.0000000000,True,0.8756330000,0.8780213333,0.8756330000,0,0,6.4597197669,20.7550006378
2021-06-02,RUB_KGS,1,0.0000000000,True,0.8708370000,0.8742230000,0.8708370000,0,0,54.7718050827,-16.1286079181
2021-06-03,RUB_KGS,1,0.0000000000,True,0.8669550000,0.8711416667,0.8669550000,0,0,44.5778027346,3.4973263055
2021-06-04,RUB_KGS,1,0.0000000000,True,0.8650750000,0.8676223333,0.8650750000,0,0,21.6850932286,7.6915186216
2021-06-05,RUB_KGS,1,0.0000000000,True,0.8650750000,0.8657016667,0.8650750000,1,1,0.0000000000,7.2388293889
2021-06-08,RUB_KGS,1,0.0000000000,True,0.8602360000,0.8621156667,0.8602360000,0,0,9.2911330072,12.5234548960
2021-06-09,RUB_KGS,1,0.0000000000,True,0.8514600000,0.8575773333,0.8514600000,0,0,102.0185158491,-31.0020631764
2021-06-10,RUB_KGS,1,0.0000000000,True,0.8514600000,0.8551906667,0.8538760000,1,1,0.0000000000,43.6238000727
2021-06-11,RUB_KGS,1,0.0000000000,True,0.8482800000,0.8512053333,0.8482800000,0,0,65.5364479152,-31.3751166973
2021-06-12,RUB_KGS,1,0.0000000000,True,0.8482800000,0.8501453333,0.8482800000,1,1,0.0000000000,21.9413464992
2021-06-16,RUB_KGS,1,0.0000000000,True,0.8477350000,0.8492203333,0.8516460000,1,1,0.0000000000,17.4905530995
2021-06-17,RUB_KGS,1,0.0000000000,True,0.8477350000,0.8521296667,0.8570080000,0,1,0.0000000000,5.6759749788
2021-06-18,RUB_KGS,1,0.0000000000,True,0.8516460000,0.8538866667,0.8530060000,0,0,46.6973470493,-36.5544217422
2021-06-19,RUB_KGS,1,0.0000000000,True,0.8530060000,0.8543400000,0.8530060000,1,1,0.0000000000,15.6143923965
2021-06-22,RUB_KGS,1,0.0000000000,True,0.8530060000,0.8612136667,0.8653970000,0,1,0.0000000000,-46.7286283195
2021-06-23,RUB_KGS,1,0.0000000000,True,0.8590340000,0.8632230000,0.8590340000,0,0,73.5269477477,-25.1846857649
2021-06-24,RUB_KGS,1,0.0000000000,True,0.8541570000,0.8595293333,0.8541570000,0,0,56.7730730099,5.7628438510
2021-06-25,RUB_KGS,1,0.0000000000,True,0.8521630000,0.8551180000,0.8521630000,0,0,23.3446544371,11.2382150767
2021-06-26,RUB_KGS,1,0.0000000000,True,0.8521630000,0.8528276667,0.8521630000,1,1,0.0000000000,7.7936808648
2021-06-29,RUB_KGS,1,0.0000000000,True,0.8521630000,0.8530500000,0.8547060000,0,1,0.0000000000,9.0147119161
2021-06-30,RUB_KGS,1,0.0000000000,True,0.8522810000,0.8552253333,0.8586890000,0,1,0.0000000000,6.0724736872
2021-07-01,RUB_KGS,1,0.0000000000,True,0.8547060000,0.8579653333,0.8605010000,0,1,0.0000000000,-8.4346842297
2021-07-02,RUB_KGS,1,0.0000000000,True,0.8586890000,0.8624156667,0.8680570000,0,1,0.0000000000,22.2012046009
2021-07-03,RUB_KGS,1,0.0000000000,True,0.8605010000,0.8655383333,0.8680570000,0,1,0.0000000000,-29.0994236727
2021-07-06,RUB_KGS,1,0.0000000000,True,0.8639080000,0.8656370000,0.8639080000,0,0,12.0007491797,7.9825608194
2021-07-07,RUB_KGS,1,0.0000000000,True,0.8639080000,0.8673380000,0.8731600000,1,1,0.0000000000,39.5462899124
2021-07-08,RUB_KGS,1,0.0000000000,True,0.8639080000,0.8745066667,0.8864520000,0,1,0.0000000000,15.3991583826
2021-07-09,RUB_KGS,1,0.0000000000,True,0.8731600000,0.8791730000,0.8779070000,0,0,96.3955183135,-82.7937163675
2021-07-10,RUB_KGS,1,0.0000000000,True,0.8779070000,0.8807553333,0.8779070000,1,1,0.0000000000,32.3396660291
2021-07-13,RUB_KGS,1,0.0000000000,True,0.8732760000,0.8772830000,0.8732760000,0,0,83.9137652640,-38.5622427426
2021-07-14,RUB_KGS,1,0.0000000000,True,0.8732760000,0.8761413333,0.8744820000,1,1,0.0000000000,32.7040081813
2021-07-15,RUB_KGS,1,0.0000000000,True,0.8732760000,0.8745080000,0.8757660000,0,1,0.0000000000,0.2973100303
2021-07-16,RUB_KGS,1,0.0000000000,True,0.8744820000,0.8749836667,0.8747030000,0,0,12.1379455243,-8.9411192818
2021-07-17,RUB_KGS,1,0.0000000000,True,0.8747030000,0.8750573333,0.8747030000,1,1,0.0000000000,4.0492584867
2021-07-20,RUB_KGS,1,0.0000000000,True,0.8747030000,0.8765633333,0.8783470000,0,1,0.0000000000,-0.8746278078
2021-07-21,RUB_KGS,1,0.0000000000,True,0.8766400000,0.8777923333,0.8783900000,0,1,0.0000000000,-6.3188825603
2021-07-22,RUB_KGS,1,0.0000000000,True,0.8698030000,0.8755133333,0.8698030000,0,0,97.7583988889,-32.8569144197
2021-07-23,RUB_KGS,1,0.0000000000,True,0.8698030000,0.8740273333,0.8738890000,1,1,0.0000000000,48.3318218118
2021-07-24,RUB_KGS,1,0.0000000000,True,0.8698030000,0.8725270000,0.8738890000,0,1,0.0000000000,-15.6098321313
2021-07-27,RUB_KGS,1,0.0000000000,True,0.8738890000,0.8758536667,0.8745800000,0,0,51.3256860488,-36.9734518057
2021-07-28,RUB_KGS,1,0.0000000000,True,0.8702510000,0.8746410000,0.8702510000,0,0,49.4980447758,0.6974290023
2021-07-29,RUB_KGS,1,0.0000000000,True,0.8641880000,0.8696730000,0.8641880000,0,0,69.6695551054,-6.6461762065
2021-07-30,RUB_KGS,1,0.0000000000,True,0.8623520000,0.8655970000,0.8623520000,0,0,21.2453771633,16.2777828481
2021-07-31,RUB_KGS,1,0.0000000000,True,0.8623520000,0.8629640000,0.8623520000,1,1,0.0000000000,7.0918369712
2021-08-03,RUB_KGS,1,0.0000000000,True,0.8598250000,0.8611183333,0.8598250000,0,0,15.7110376717,-0.6928974144
2021-08-04,RUB_KGS,1,0.0000000000,True,0.8590060000,0.8600030000,0.8590060000,0,0,9.5251940802,2.0697602218
2021-08-05,RUB_KGS,1,0.0000000000,True,0.8590060000,0.8607663333,0.8634680000,1,1,0.0000000000,20.4507688691
2021-08-06,RUB_KGS,1,0.0000000000,True,0.8590060000,0.8618296667,0.8630150000,0,0,5.2462859075,-19.0099435735
2021-08-07,RUB_KGS,1,0.0000000000,True,0.8630150000,0.8631660000,0.8630150000,1,1,0.0000000000,1.7493738169
2021-08-10,RUB_KGS,1,0.0000000000,True,0.8630150000,0.8658846667,0.8677800000,0,1,0.0000000000,-11.2524608743
2021-08-11,RUB_KGS,1,0.0000000000,True,0.8668590000,0.8689140000,0.8721030000,0,1,0.0000000000,13.0507737244
2021-08-12,RUB_KGS,1,0.0000000000,True,0.8672580000,0.8690470000,0.8672580000,0,0,55.5553644466,-35.1649565559
2021-08-13,RUB_KGS,1,0.0000000000,True,0.8648860000,0.8680823333,0.8648860000,0,0,27.3505692654,9.4960270666
2021-08-14,RUB_KGS,1,0.0000000000,True,0.8648860000,0.8656766667,0.8648860000,1,1,0.0000000000,9.1335102020
2021-08-17,RUB_KGS,1,0.0000000000,True,0.8648860000,0.8656533333,0.8667980000,0,1,0.0000000000,4.3589427638
2021-08-18,RUB_KGS,1,0.0000000000,True,0.8652760000,0.8663293333,0.8669140000,0,1,0.0000000000,-5.4097979675
2021-08-19,RUB_KGS,1,0.0000000000,True,0.8667980000,0.8699703333,0.8761990000,0,1,0.0000000000,35.1314661688
2021-08-20,RUB_KGS,1,0.0000000000,True,0.8669140000,0.8738670000,0.8784880000,0,1,0.0000000000,-26.6859831073
2021-08-21,RUB_KGS,1,0.0000000000,True,0.8761990000,0.8777250000,0.8784880000,0,1,0.0000000000,-8.6929277393
2021-08-24,RUB_KGS,1,0.0000000000,True,0.8739550000,0.8757336667,0.8739550000,0,0,9.1796816948,11.1411346144
2021-08-25,RUB_KGS,1,0.0000000000,True,0.8709980000,0.8732370000,0.8709980000,0,0,33.8346940060,-8.2222810073
2021-08-26,RUB_KGS,1,0.0000000000,True,0.8709980000,0.8727576667,0.8733200000,1,1,0.0000000000,20.1621450475
2021-08-27,RUB_KGS,1,0.0000000000,True,0.8709980000,0.8725170000,0.8732330000,0,0,0.9961984152,-9.2032590769
2021-08-28,RUB_KGS,1,0.0000000000,True,0.8732330000,0.8732620000,0.8732330000,1,1,0.0000000000,0.3320881935
2021-08-31,RUB_KGS,1,0.0000000000,True,0.8648710000,0.8688240000,0.8648710000,0,0,40.2709450371,5.2484737991
2021-09-01,RUB_KGS,1,0.0000000000,True,0.8638450000,0.8656946667,0.8638450000,0,0,11.8630408466,9.5145170507
2021-09-02,RUB_KGS,1,0.0000000000,True,0.8597570000,0.8628243333,0.8597570000,0,0,47.3233045280,-11.8293681255
2021-09-03,RUB_KGS,1,0.0000000000,True,0.8597570000,0.8611410000,0.8598210000,1,1,0.0000000000,16.0717002210
2021-09-04,RUB_KGS,1,0.0000000000,True,0.8597570000,0.8597996667,0.8598210000,0,1,0.0000000000,-0.2481198140
2021-09-07,RUB_KGS,1,0.0000000000,True,0.8598210000,0.8612296667,0.8633320000,0,1,0.0000000000,8.0543749654
2021-09-08,RUB_KGS,1,0.0000000000,True,0.8605360000,0.8633876667,0.8662950000,0,1,0.0000000000,0.6447470680
2021-09-09,RUB_KGS,1,0.0000000000,True,0.8620940000,0.8639070000,0.8620940000,0,0,48.4938733341,-27.6418642284
2021-09-10,RUB_KGS,1,0.0000000000,True,0.8577440000,0.8620443333,0.8577440000,0,0,50.4585346842,-0.5761497959
2021-09-11,RUB_KGS,1,0.0000000000,True,0.8577440000,0.8591940000,0.8577440000,1,1,0.0000000000,16.8762817245
2021-09-14,RUB_KGS,1,0.0000000000,True,0.8572380000,0.8588486667,0.8572380000,0,0,50.2110116022,-31.6159695965
2021-09-15,RUB_KGS,1,0.0000000000,True,0.8572380000,0.8592126667,0.8588360000,1,1,0.0000000000,22.9822806771
2021-09-16,RUB_KGS,1,0.0000000000,True,0.8539280000,0.8566673333,0.8539280000,0,0,57.1471153981,-25.3151553968
2021-09-17,RUB_KGS,1,0.0000000000,True,0.8539280000,0.8560643333,0.8554290000,1,1,0.0000000000,24.9552895752
2021-09-18,RUB_KGS,1,0.0000000000,True,0.8539280000,0.8549286667,0.8554290000,0,1,0.0000000000,-5.8523401173
2021-09-21,RUB_KGS,1,0.0000000000,True,0.8554290000,0.8610556667,0.8630250000,0,0,19.5209277529,-42.4749929060
2021-09-22,RUB_KGS,1,0.0000000000,True,0.8591650000,0.8623010000,0.8591650000,0,0,44.7263984241,-8.3961400949
2021-09-23,RUB_KGS,1,0.0000000000,True,0.8573250000,0.8598383333,0.8573250000,0,0,21.4161424173,7.8309294577
2021-09-24,RUB_KGS,1,0.0000000000,True,0.8573250000,0.8590530000,0.8606690000,1,1,0.0000000000,20.1151733362
2021-09-25,RUB_KGS,1,0.0000000000,True,0.8573250000,0.8595543333,0.8606690000,0,1,0.0000000000,-12.9679605284
2021-09-28,RUB_KGS,1,0.0000000000,True,0.8547820000,0.8573436667,0.8547820000,0,0,20.9904503958,8.9073576485
2021-09-29,RUB_KGS,1,0.0000000000,True,0.8547820000,0.8563716667,0.8577530000,1,1,0.0000000000,18.5628124860
2021-09-30,RUB_KGS,1,0.0000000000,True,0.8547820000,0.8562223333,0.8561320000,0,0,18.8982142878,-17.8769766575
2021-10-01,RUB_KGS,1,0.0000000000,True,0.8561320000,0.8578443333,0.8596480000,1,1,0.0000000000,19.9608864545
2021-10-02,RUB_KGS,1,0.0000000000,True,0.8561320000,0.8584760000,0.8596480000,0,1,0.0000000000,-13.6520997675
2021-10-05,RUB_KGS,1,0.0000000000,True,0.8554880000,0.8582763333,0.8554880000,0,0,48.9128095727,-16.5059504922
2021-10-06,RUB_KGS,1,0.0000000000,True,0.8554830000,0.8568880000,0.8554830000,0,0,0.0584461734,16.3381912222
2021-10-07,RUB_KGS,1,0.0000000000,True,0.8521490000,0.8543733333,0.8521490000,0,0,38.9721362084,-12.9880770311
2021-10-08,RUB_KGS,1,0.0000000000,True,0.8487260000,0.8521193333,0.8487260000,0,0,40.1690314722,-0.3481515500
2021-10-09,RUB_KGS,1,0.0000000000,True,0.8487260000,0.8498670000,0.8487260000,1,1,0.0000000000,13.4256301280
2021-10-12,RUB_KGS,1,0.0000000000,True,0.8445090000,0.8468686667,0.8473710000,1,1,0.0000000000,27.8634310082
2021-10-13,RUB_KGS,1,0.0000000000,True,0.8445090000,0.8463290000,0.8471070000,0,0,3.1155184683,-12.3119968712
2021-10-14,RUB_KGS,1,0.0000000000,True,0.8462450000,0.8469076667,0.8462450000,0,0,10.1758101397,-2.3536607493
2021-10-15,RUB_KGS,1,0.0000000000,True,0.8397910000,0.8443810000,0.8397910000,0,0,76.2663294909,-22.0753427659
2021-10-16,RUB_KGS,1,0.0000000000,True,0.8397910000,0.8419423333,0.8397910000,1,1,0.0000000000,25.5520271182
2021-10-19,RUB_KGS,1,0.0000000000,True,0.8366500000,0.8384856667,0.8366500000,0,0,28.1997006017,-6.3248944426
2021-10-20,RUB_KGS,1,0.0000000000,True,0.8366500000,0.8377933333,0.8377140000,1,1,0.0000000000,13.6469614623
2021-10-21,RUB_KGS,1,0.0000000000,True,0.8366500000,0.8371050000,0.8369510000,0,0,9.1081204325,-7.2750730195
2021-10-22,RUB_KGS,1,0.0000000000,True,0.8353720000,0.8366790000,0.8353720000,0,0,18.8660984932,-3.2509480936
2021-10-23,RUB_KGS,1,0.0000000000,True,0.8353720000,0.8358983333,0.8353720000,1,1,0.0000000000,6.2966190067
2021-10-26,RUB_KGS,1,0.0000000000,True,0.8199910000,0.8274503333,0.8199910000,0,0,84.6082409902,5.5874451276
2021-10-27,RUB_KGS,1,0.0000000000,True,0.8199910000,0.8233523333,0.8230780000,1,1,0.0000000000,40.8249688165
2021-10-28,RUB_KGS,1,0.0000000000,True,0.8199910000,0.8248403333,0.8314520000,0,1,0.0000000000,21.3657511898
2021-10-29,RUB_KGS,1,0.0000000000,True,0.8230780000,0.8286310000,0.8313630000,0,0,1.0704165725,-34.0441040704
2021-10-30,RUB_KGS,1,0.0000000000,True,0.8313630000,0.8313926667,0.8313630000,1,1,0.0000000000,0.3568309880
2021-11-02,RUB_KGS,1,0.0000000000,True,0.8313630000,0.8373626667,0.8427120000,0,1,0.0000000000,-7.7664476722
2021-11-03,RUB_KGS,1,0.0000000000,True,0.8380130000,0.8411563333,0.8427440000,0,1,0.0000000000,-18.4943821382
2021-11-04,RUB_KGS,1,0.0000000000,True,0.8427120000,0.8427333333,0.8427440000,0,1,0.0000000000,-0.1265722649
2021-11-09,RUB_KGS,1,0.0000000000,True,0.8403760000,0.8416013333,0.8403760000,0,0,15.5402740221,-0.9822544641
2021-11-10,RUB_KGS,1,0.0000000000,True,0.8334020000,0.8384873333,0.8334020000,0,0,82.9866631127,-22.5246893016
2021-11-11,RUB_KGS,1,0.0000000000,True,0.8334020000,0.8376983333,0.8393170000,1,1,0.0000000000,51.2873568250
2021-11-12,RUB_KGS,1,0.0000000000,True,0.8334020000,0.8397616667,0.8465660000,0,1,0.0000000000,5.2951531883
2021-11-13,RUB_KGS,1,0.0000000000,True,0.8393170000,0.8441496667,0.8465660000,0,1,0.0000000000,-28.6244658826
2021-11-16,RUB_KGS,1,0.0000000000,True,0.8465660000,0.8513860000,0.8554220000,0,1,0.0000000000,-9.2085141170
2021-11-17,RUB_KGS,1,0.0000000000,True,0.8521700000,0.8553906667,0.8585800000,0,1,0.0000000000,-0.3663043631
2021-11-18,RUB_KGS,1,0.0000000000,True,0.8554220000,0.8566650000,0.8559930000,0,0,30.1311467772,-22.3541290936
2021-11-19,RUB_KGS,1,0.0000000000,True,0.8559930000,0.8574456667,0.8577640000,1,1,0.0000000000,16.9417926189
2021-11-20,RUB_KGS,1,0.0000000000,True,0.8559930000,0.8571736667,0.8577640000,0,1,0.0000000000,-6.8869746737
2021-11-23,RUB_KGS,1,0.0000000000,True,0.8577640000,0.8687170000,0.8823020000,0,1,0.0000000000,30.2975537488
2021-11-24,RUB_KGS,1,0.0000000000,True,0.8660850000,0.8750470000,0.8767540000,0,0,62.8809636610,-82.9098322719
2021-11-25,RUB_KGS,1,0.0000000000,True,0.8767540000,0.8794986667,0.8794400000,1,1,0.0000000000,31.2071725710
2021-11-26,RUB_KGS,1,0.0000000000,True,0.8767540000,0.8824226667,0.8910740000,0,1,0.0000000000,33.8008845345
2021-11-27,RUB_KGS,1,0.0000000000,True,0.8794400000,0.8871960000,0.8910740000,0,1,0.0000000000,-43.7107471179
2021-11-30,RUB_KGS,1,0.0000000000,True,0.8828840000,0.8860526667,0.8828840000,0,0,14.8835105180,20.9092160812
2021-12-01,RUB_KGS,1,0.0000000000,True,0.8721770000,0.8797536667,0.8721770000,0,0,121.2730098178,-35.5819299418
2021-12-02,RUB_KGS,1,0.0000000000,True,0.8721770000,0.8760686667,0.8731450000,1,1,0.0000000000,44.4219364844
2021-12-03,RUB_KGS,1,0.0000000000,True,0.8694330000,0.8715850000,0.8694330000,0,0,42.5129846704,-17.8984264300
2021-12-04,RUB_KGS,1,0.0000000000,True,0.8694330000,0.8706703333,0.8694330000,1,1,0.0000000000,14.2112724640
2021-12-07,RUB_KGS,1,0.0000000000,True,0.8685200000,0.8706746667,0.8740710000,1,1,0.0000000000,24.7470926760
2021-12-08,RUB_KGS,1,0.0000000000,True,0.8685200000,0.8710530000,0.8705680000,0,0,40.0768358634,-34.6477194843
2021-12-09,RUB_KGS,1,0.0000000000,True,0.8676520000,0.8707636667,0.8676520000,0,0,33.4953731357,2.2470697177
2021-12-10,RUB_KGS,1,0.0000000000,True,0.8676520000,0.8688986667,0.8684760000,1,1,0.0000000000,14.3476646299
2021-12-11,RUB_KGS,1,0.0000000000,True,0.8676520000,0.8682013333,0.8684760000,0,1,0.0000000000,-3.1636287128
2021-12-14,RUB_KGS,1,0.0000000000,True,0.8655820000,0.8667263333,0.8661210000,1,1,0.0000000000,13.2029371824
2021-12-15,RUB_KGS,1,0.0000000000,True,0.8655820000,0.8674456667,0.8706340000,0,1,0.0000000000,15.2708892046
2021-12-16,RUB_KGS,1,0.0000000000,True,0.8661210000,0.8680426667,0.8673730000,0,0,37.4554634898,-29.8526032515
2021-12-17,RUB_KGS,1,0.0000000000,True,0.8673730000,0.8691096667,0.8693220000,1,1,0.0000000000,19.9821349741
2021-12-18,RUB_KGS,1,0.0000000000,True,0.8673730000,0.8686723333,0.8693220000,0,1,0.0000000000,-7.4788460705
2021-12-21,RUB_KGS,1,0.0000000000,True,0.8693220000,0.8718086667,0.8702620000,0,0,63.7101212319,-46.2639738230
2021-12-22,RUB_KGS,1,0.0000000000,True,0.8699310000,0.8720116667,0.8699310000,0,0,3.8034522937,20.0647162595
2021-12-23,RUB_KGS,1,0.0000000000,True,0.8648160000,0.8683363333,0.8648160000,0,0,58.7977667194,-18.3646198535
2021-12-24,RUB_KGS,1,0.0000000000,True,0.8628850000,0.8658773333,0.8628850000,0,0,22.3284490574,12.2573174337
2021-12-25,RUB_KGS,1,0.0000000000,True,0.8628850000,0.8635286667,0.8628850000,1,1,0.0000000000,7.4539119720
2021-12-28,RUB_KGS,1,0.0000000000,True,0.8628850000,0.8642370000,0.8664190000,0,1,0.0000000000,9.6038470929
2021-12-29,RUB_KGS,1,0.0000000000,True,0.8634070000,0.8660260000,0.8682520000,0,1,0.0000000000,-4.5379699917
2021-12-30,RUB_KGS,1,0.0000000000,True,0.8664190000,0.8701923333,0.8759060000,0,1,0.0000000000,22.2977525658
2021-12-31,RUB_KGS,1,0.0000000000,True,0.8682520000,0.8733546667,0.8759060000,0,1,0.0000000000,-29.2130268574
2022-01-11,RUB_KGS,1,0.0000000000,True,0.8759060000,0.8812726667,0.8822110000,0,0,39.4038168637,-50.2492985523
2022-01-12,RUB_KGS,1,0.0000000000,True,0.8787030000,0.8822050000,0.8787030000,0,0,39.7637299920,-0.0680114032
2022-01-13,RUB_KGS,1,0.0000000000,True,0.8787030000,0.8800350000,0.8791910000,1,1,0.0000000000,15.1357616458
2022-01-14,RUB_KGS,1,0.0000000000,True,0.8787030000,0.8836956667,0.8931930000,0,1,0.0000000000,50.9753169172
2022-01-15,RUB_KGS,1,0.0000000000,True,0.8791910000,0.8885256667,0.8931930000,0,1,0.0000000000,-52.5289646482
2022-01-18,RUB_KGS,1,0.0000000000,True,0.8931930000,0.8966383333,0.9000970000,0,1,0.0000000000,0.1487035836
2022-01-19,RUB_KGS,1,0.0000000000,True,0.8966250000,0.9010123333,0.9063150000,0,1,0.0000000000,10.1589434403
2022-01-20,RUB_KGS,1,0.0000000000,True,0.9000970000,0.9025240000,0.9011600000,0,0,56.8786790465,-42.0044231511
2022-01-21,RUB_KGS,1,0.0000000000,True,0.9011600000,0.9039150000,0.9042700000,1,1,0.0000000000,30.4785295078
2022-01-22,RUB_KGS,1,0.0000000000,True,0.9011600000,0.9032333333,0.9042700000,0,1,0.0000000000,-11.4772853083
2022-01-25,RUB_KGS,1,0.0000000000,True,0.9042700000,0.9144980000,0.9271550000,0,1,0.0000000000,26.5610203631
2022-01-26,RUB_KGS,1,0.0000000000,True,0.9120690000,0.9233110000,0.9307090000,0,1,0.0000000000,-41.6327759552
2022-01-27,RUB_KGS,1,0.0000000000,True,0.9271550000,0.9295376667,0.9307490000,0,1,0.0000000000,-12.6012465695
2022-01-28,RUB_KGS,1,0.0000000000,True,0.9173860000,0.9262813333,0.9173860000,0,0,143.5725421139,-48.2322865191
2022-01-29,RUB_KGS,1,0.0000000000,True,0.9173860000,0.9218403333,0.9173860000,1,1,0.0000000000,48.3200091411
2022-02-01,RUB_KGS,1,0.0000000000,True,0.9092900000,0.9133183333,0.9092900000,0,0,43.6777808315,0.4306640073
2022-02-02,RUB_KGS,1,0.0000000000,True,0.9016940000,0.9080876667,0.9016940000,0,0,83.5377052426,-13.2402781963
2022-02-03,RUB_KGS,1,0.0000000000,True,0.9016940000,0.9048853333,0.9036720000,1,1,0.0000000000,35.2678203058
2022-02-04,RUB_KGS,1,0.0000000000,True,0.8967740000,0.9007133333,0.8967740000,0,0,76.3330057809,-32.8480389617
2022-02-05,RUB_KGS,1,0.0000000000,True,0.8967740000,0.8990733333,0.8967740000,1,1,0.0000000000,25.5744803909
2022-02-08,RUB_KGS,1,0.0000000000,True,0.8877450000,0.8922310000,0.8877450000,0,0,49.6427826859,0.6388480113
2022-02-09,RUB_KGS,1,0.0000000000,True,0.8818990000,0.8872726667,0.8818990000,0,0,65.8522436060,-5.3234293254
2022-02-10,RUB_KGS,1,0.0000000000,True,0.8808980000,0.8835140000,0.8808980000,0,0,11.3505061237,18.2792802378
2022-02-11,RUB_KGS,1,0.0000000000,True,0.8808980000,0.8822636667,0.8839940000,1,1,0.0000000000,15.4791216987
2022-02-12,RUB_KGS,1,0.0000000000,True,0.8808980000,0.8829620000,0.8839940000,0,1,0.0000000000,-11.6879322100
2022-02-15,RUB_KGS,1,0.0000000000,True,0.8839940000,0.8949493333,0.8979580000,0,0,54.6906841984,-88.7945984279
2022-02-16,RUB_KGS,1,0.0000000000,True,0.8843730000,0.8950756667,0.8843730000,0,0,151.2876994247,-32.2021192249
2022-02-17,RUB_KGS,1,0.0000000000,True,0.8843730000,0.8917900000,0.8930390000,1,1,0.0000000000,83.1698045504
2022-02-18,RUB_KGS,1,0.0000000000,True,0.8843730000,0.8901813333,0.8931320000,0,1,0.0000000000,-32.1020735850
2022-02-19,RUB_KGS,1,0.0000000000,True,0.8930390000,0.8931010000,0.8931320000,0,1,0.0000000000,-0.3471051986
2022-02-22,RUB_KGS,1,0.0000000000,True,0.8931320000,0.9153840000,0.9480380000,0,1,0.0000000000,113.6353705112
2022-02-23,RUB_KGS,1,0.0000000000,True,0.9049820000,0.9336860000,0.9480380000,0,1,0.0000000000,-153.7133468854
2022-02-25,RUB_KGS,1,0.0000000000,True,0.9480380000,0.9859146667,0.9849260000,0,0,388.9029840551,-394.2058541916
2022-02-26,RUB_KGS,1,0.0000000000,True,0.9849260000,0.9982106667,0.9849260000,1,1,0.0000000000,133.0847997350
2022-03-01,RUB_KGS,1,0.0000000000,True,0.9849260000,1.0549920000,1.0793600000,0,0,193.7875332746,-433.1596827275
2022-03-02,RUB_KGS,1,0.0000000000,True,1.0793600000,1.0891366667,1.0873600000,1,1,0.0000000000,89.7652881028
2022-03-03,RUB_KGS,1,0.0000000000,True,1.0793600000,1.1115800000,1.1680200000,0,1,0.0000000000,217.8880512424
2022-03-04,RUB_KGS,1,0.0000000000,True,1.0873600000,1.1166766667,1.0946500000,0,0,628.1570521053,-459.7869272812
2022-03-05,RUB_KGS,1,0.0000000000,True,1.0833300000,1.1153333333,1.0833300000,0,0,103.4120495135,185.4453078302
2022-03-06,RUB_KGS,1,0.0000000000,True,1.0833300000,1.0871033333,1.0833300000,1,1,0.0000000000,34.7099785056
2022-03-10,RUB_KGS,1,0.0000000000,True,1.0833300000,1.1681266667,1.2328100000,0,1,0.0000000000,-172.1845233679
2022-03-11,RUB_KGS,1,0.0000000000,True,1.1882400000,1.2054400000,1.1952700000,0,0,304.5075883551,-227.0540217680
2022-03-12,RUB_KGS,1,0.0000000000,True,1.1952700000,1.2077833333,1.1952700000,1,1,0.0000000000,103.6057791822
2022-03-15,RUB_KGS,1,0.0000000000,True,1.0823500000,1.1269033333,1.0823500000,0,0,188.0172968661,211.3165577645
2022-03-16,RUB_KGS,1,0.0000000000,True,1.0391500000,1.0748633333,1.0391500000,0,0,399.1315193791,-69.6522658695
2022-03-17,RUB_KGS,1,0.0000000000,True,1.0040600000,1.0418533333,1.0040600000,0,0,337.6798344801,25.9473502348
2022-03-18,RUB_KGS,1,0.0000000000,True,1.0040600000,1.0176666667,1.0097900000,1,1,0.0000000000,133.7045528988
2022-03-19,RUB_KGS,1,0.0000000000,True,1.0040600000,1.0078800000,1.0097900000,0,1,0.0000000000,-18.9506687304
2022-03-22,RUB_KGS,1,0.0000000000,True,1.0097900000,1.0175500000,1.0259900000,0,1,0.0000000000,6.6827182939
2022-03-23,RUB_KGS,1,0.0000000000,True,1.0168700000,1.0206733333,1.0191600000,0,0,66.5698496087,-52.0897969314
2022-03-24,RUB_KGS,1,0.0000000000,True,0.9717470000,1.0056323333,0.9717470000,0,0,465.2164527650,-134.5190107584
2022-03-25,RUB_KGS,1,0.0000000000,True,0.9651090000,0.9853386667,0.9651090000,0,0,68.3099613377,137.9390368658
2022-03-26,RUB_KGS,1,0.0000000000,True,0.9651090000,0.9673216667,0.9651090000,1,1,0.0000000000,22.8741559598
2022-03-29,RUB_KGS,1,0.0000000000,True,0.9037410000,0.9397510000,0.9037410000,0,0,490.9706724411,-113.3491744090
2022-03-30,RUB_KGS,1,0.0000000000,True,0.8807060000,0.9116166667,0.8807060000,0,0,254.8849725751,86.3923067079
2022-03-31,RUB_KGS,1,0.0000000000,True,0.8736320000,0.8860263333,0.8736320000,0,0,80.3219235477,60.0471242578
2022-04-01,RUB_KGS,1,0.0000000000,True,0.8736320000,0.9081456667,0.9700990000,1,1,0.0000000000,380.0454919677
2022-04-02,RUB_KGS,1,0.0000000000,True,0.8736320000,0.9379433333,0.9700990000,0,1,0.0000000000,-342.8316564967
2022-04-05,RUB_KGS,1,0.0000000000,True,0.9700990000,0.9724530000,0.9726020000,0,0,21.0945788164,-22.6746176936
2022-04-06,RUB_KGS,1,0.0000000000,True,0.9080940000,0.9517846667,0.9080940000,0,0,663.2517720506,-218.7189399283
2022-04-07,RUB_KGS,1,0.0000000000,True,0.8383730000,0.9063563333,0.8383730000,0,0,767.7729398058,-19.1720033585
2022-04-08,RUB_KGS,1,0.0000000000,True,0.8077540000,0.8514070000,0.8077540000,0,0,365.2192997628,153.0877711835
2022-04-09,RUB_KGS,1,0.0000000000,True,0.8077540000,0.8179603333,0.8077540000,1,1,0.0000000000,124.7778519007
2022-04-12,RUB_KGS,1,0.0000000000,True,0.8077540000,0.8841246667,0.9256850000,0,1,0.0000000000,-393.7265257464
2022-04-13,RUB_KGS,1,0.0000000000,True,0.9189350000,0.9336146667,0.9562240000,0,1,0.0000000000,84.9351124161
2022-04-14,RUB_KGS,1,0.0000000000,True,0.9256850000,0.9600546667,0.9982550000,0,1,0.0000000000,39.9005056656
2022-04-15,RUB_KGS,1,0.0000000000,True,0.9562240000,0.9792763333,0.9833500000,0,0,149.3105469043,-193.8029749179
2022-04-16,RUB_KGS,1,0.0000000000,True,0.9833500000,0.9883183333,0.9833500000,1,1,0.0000000000,50.2705774624
2022-04-19,RUB_KGS,1,0.0000000000,True,0.9754910000,0.9821593333,0.9754910000,0,0,122.9804067689,-55.7716704486
2022-04-20,RUB_KGS,1,0.0000000000,True,0.9336630000,0.9655970000,0.9336630000,0,0,428.7891943647,-102.4651070788
2022-04-21,RUB_KGS,1,0.0000000000,True,0.9332400000,0.9474646667,0.9332400000,0,0,4.5305426048,145.6694603211
2022-04-22,RUB_KGS,1,0.0000000000,True,0.9089830000,0.9252953333,0.9089830000,0,0,259.9224208135,-85.8608746901
2022-04-23,RUB_KGS,1,0.0000000000,True,0.9089830000,0.9170686667,0.9089830000,1,1,0.0000000000,88.1686067855
2022-04-26,RUB_KGS,1,0.0000000000,True,0.8635520000,0.8851490000,0.8635520000,0,0,219.2744010728,25.2725812264
2022-04-27,RUB_KGS,1,0.0000000000,True,0.8635520000,0.8708993333,0.8662340000,1,1,0.0000000000,84.3648978948
2022-04-28,RUB_KGS,1,0.0000000000,True,0.8635520000,0.8680923333,0.8744910000,0,1,0.0000000000,21.4070930243
2022-04-29,RUB_KGS,1,0.0000000000,True,0.8650730000,0.8685993333,0.8650730000,0,0,107.6969345596,-67.8295094248
2022-04-30,RUB_KGS,1,0.0000000000,True,0.8650730000,0.8682123333,0.8650730000,1,1,0.0000000000,36.1585894695
2022-05-05,RUB_KGS,1,0.0000000000,True,0.8077780000,0.8397960000,0.8077780000,0,0,457.8535846632,-80.2694940200
2022-05-06,RUB_KGS,1,0.0000000000,True,0.8077780000,0.8253583333,0.8217600000,1,1,0.0000000000,213.0024332866
2022-05-07,RUB_KGS,1,0.0000000000,True,0.8077780000,0.8170993333,0.8217600000,0,1,0.0000000000,-57.0391686364
2022-05-12,RUB_KGS,1,0.0000000000,True,0.7957950000,0.8167906667,0.7957950000,0,0,444.5394366349,-196.2110242853
2022-05-13,RUB_KGS,1,0.0000000000,True,0.7680940000,0.7989020000,0.7680940000,0,0,348.0921594129,38.8908777297
2022-05-14,RUB_KGS,1,0.0000000000,True,0.7680940000,0.7773276667,0.7680940000,1,1,0.0000000000,118.7873153449
2022-05-17,RUB_KGS,1,0.0000000000,True,0.7680940000,0.7701590000,0.7722690000,0,1,0.0000000000,0.5842949313
2022-05-18,RUB_KGS,1,0.0000000000,True,0.7701140000,0.7780633333,0.7918070000,0,1,0.0000000000,74.4712298485
2022-05-19,RUB_KGS,1,0.0000000000,True,0.7722690000,0.7813393333,0.7799420000,0,0,149.8471218365,-133.9708142173
2022-05-20,RUB_KGS,1,0.0000000000,True,0.7372790000,0.7696760000,0.7372790000,0,0,547.0022129851,-133.3807991934
2022-05-21,RUB_KGS,1,0.0000000000,True,0.7372790000,0.7515000000,0.7372790000,1,1,0.0000000000,189.2348636061
2022-05-24,RUB_KGS,1,0.0000000000,True,0.7165910000,0.7286850000,0.7165910000,0,0,212.9789602355,-48.0317283874
2022-05-25,RUB_KGS,1,0.0000000000,True,0.7081710000,0.7189823333,0.7081710000,0,0,117.5007779891,33.2599734718
2022-05-26,RUB_KGS,1,0.0000000000,True,0.7081710000,0.7350863333,0.7804970000,1,1,0.0000000000,366.1520030074
2022-05-27,RUB_KGS,1,0.0000000000,True,0.7081710000,0.7702513333,0.8220860000,0,1,0.0000000000,-133.0171883290
2022-05-28,RUB_KGS,1,0.0000000000,True,0.7804970000,0.8082230000,0.8220860000,0,1,0.0000000000,-171.5244431302
2022-05-31,RUB_KGS,1,0.0000000000,True,0.7558200000,0.7806980000,0.7558200000,0,0,109.5018503300,211.4774214869
2022-06-01,RUB_KGS,1,0.0000000000,True,0.7558200000,0.7642643333,0.7727850000,1,1,0.0000000000,110.4896953192
2022-06-02,RUB_KGS,1,0.0000000000,True,0.7558200000,0.7677110000,0.7745280000,0,1,0.0000000000,-66.0925791085
2022-06-03,RUB_KGS,1,0.0000000000,True,0.7727850000,0.7755860000,0.7794450000,0,1,0.0000000000,13.6412983215
2022-06-04,RUB_KGS,1,0.0000000000,True,0.7745280000,0.7778060000,0.7794450000,0,1,0.0000000000,-21.0720925269
2022-06-07,RUB_KGS,1,0.0000000000,True,0.7667480000,0.7716216667,0.7667480000,0,0,25.0301819241,38.2268512419
2022-06-08,RUB_KGS,1,0.0000000000,True,0.7574980000,0.7643060000,0.7574980000,0,0,120.6393756488,-31.9505538358
2022-06-09,RUB_KGS,1,0.0000000000,True,0.7343700000,0.7528720000,0.7343700000,0,0,305.3209381411,-61.4447077325
2022-06-10,RUB_KGS,1,0.0000000000,True,0.7267550000,0.7395410000,0.7267550000,0,0,103.6943230252,69.9217487604
2022-06-11,RUB_KGS,1,0.0000000000,True,0.7267550000,0.7292933333,0.7267550000,1,1,0.0000000000,34.8053823793
2022-06-15,RUB_KGS,1,0.0000000000,True,0.7127260000,0.7192060000,0.7127260000,0,0,75.3477400552,14.8636134849
2022-06-16,RUB_KGS,1,0.0000000000,True,0.7127260000,0.7153963333,0.7153260000,1,1,0.0000000000,37.3266287359
2022-06-17,RUB_KGS,1,0.0000000000,True,0.7127260000,0.7137923333,0.7133250000,0,0,27.9732597445,-21.4861745503
2022-06-18,RUB_KGS,1,0.0000000000,True,0.7133250000,0.7139920000,0.7133250000,1,1,0.0000000000,9.3418413652
2022-06-21,RUB_KGS,1,0.0000000000,True,0.6881090000,0.7026696667,0.6881090000,0,0,261.3452216679,-55.5785103384
2022-06-22,RUB_KGS,1,0.0000000000,True,0.6701740000,0.6882860000,0.6701740000,0,0,260.6418459866,2.5716054082
2022-06-23,RUB_KGS,1,0.0000000000,True,0.6701740000,0.6764713333,0.6711310000,1,1,0.0000000000,93.0909119578
2022-06-24,RUB_KGS,1,0.0000000000,True,0.6701740000,0.6706760000,0.6707230000,0,0,6.0792900343,-6.7841998223
2022-06-25,RUB_KGS,1,0.0000000000,True,0.6707230000,0.6708590000,0.6707230000,1,1,0.0000000000,2.0272516281
2022-06-28,RUB_KGS,1,0.0000000000,True,0.6662880000,0.6694183333,0.6662880000,0,0,73.8330621950,-27.2724330327
2022-06-29,RUB_KGS,1,0.0000000000,True,0.6434970000,0.6603430000,0.6434970000,0,0,342.0592896765,-90.0289697930
2022-06-30,RUB_KGS,1,0.0000000000,True,0.6434970000,0.6567723333,0.6605320000,1,1,0.0000000000,202.1299110752
2022-07-01,RUB_KGS,1,0.0000000000,True,0.6434970000,0.6601170000,0.6763220000,0,1,0.0000000000,-6.2867643160
2022-07-02,RUB_KGS,1,0.0000000000,True,0.6605320000,0.6710586667,0.6763220000,0,1,0.0000000000,-78.4332815412
2022-07-05,RUB_KGS,1,0.0000000000,True,0.6763220000,0.7017406667,0.7359970000,0,1,0.0000000000,125.9392121116
2022-07-06,RUB_KGS,1,0.0000000000,True,0.6929030000,0.7400776667,0.7913330000,0,1,0.0000000000,55.1383571004
2022-07-07,RUB_KGS,1,0.0000000000,True,0.7359970000,0.7646190000,0.7665270000,0,0,313.4710671740,-349.3766176357
2022-07-08,RUB_KGS,1,0.0000000000,True,0.7413170000,0.7663923333,0.7413170000,0,0,328.8860014063,-1.7571504934
2022-07-09,RUB_KGS,1,0.0000000000,True,0.7413170000,0.7497203333,0.7413170000,1,1,0.0000000000,112.0862401580
2022-07-12,RUB_KGS,1,0.0000000000,True,0.7179830000,0.7336926667,0.7179830000,0,0,320.7833071350,-110.2005471864
2022-07-13,RUB_KGS,1,0.0000000000,True,0.7179830000,0.7275450000,0.7228740000,1,1,0.0000000000,131.4282965315
2022-07-14,RUB_KGS,1,0.0000000000,True,0.7179830000,0.7197300000,0.7183330000,0,0,62.8186931609,-43.6830478096
2022-07-15,RUB_KGS,1,0.0000000000,True,0.7142490000,0.7184853333,0.7142490000,0,0,56.8538546886,2.1202010155
2022-07-16,RUB_KGS,1,0.0000000000,True,0.7142490000,0.7156103333,0.7142490000,1,1,0.0000000000,19.0233884269
2022-07-19,RUB_KGS,1,0.0000000000,True,0.6963190000,0.7056240000,0.6963190000,0,0,141.3697218195,-9.6368604242
2022-07-20,RUB_KGS,1,0.0000000000,True,0.6896780000,0.6974336667,0.6896780000,0,0,95.3729540627,15.9824040614
2022-07-21,RUB_KGS,1,0.0000000000,True,0.6896780000,0.6982713333,0.7088170000,1,1,0.0000000000,123.0658187314
2022-07-22,RUB_KGS,1,0.0000000000,True,0.6896780000,0.7060186667,0.7195610000,0,1,0.0000000000,-39.6354015191
2022-07-23,RUB_KGS,1,0.0000000000,True,0.7088170000,0.7159796667,0.7195610000,0,1,0.0000000000,-50.0200424686
2022-07-26,RUB_KGS,1,0.0000000000,True,0.7184890000,0.7208693333,0.7245580000,1,1,0.0000000000,33.0203162108
2022-07-27,RUB_KGS,1,0.0000000000,True,0.7184890000,0.7247166667,0.7311030000,0,1,0.0000000000,2.1893613596
2022-07-28,RUB_KGS,1,0.0000000000,True,0.7245580000,0.7267946667,0.7247230000,0,0,87.2654058320,-59.2785490996
2022-07-29,RUB_KGS,1,0.0000000000,True,0.7247230000,0.7309856667,0.7371310000,1,1,0.0000000000,85.6742745070
2022-07-30,RUB_KGS,1,0.0000000000,True,0.7247230000,0.7329950000,0.7371310000,0,1,0.0000000000,-56.4260329197
2022-08-02,RUB_KGS,1,0.0000000000,True,0.7236010000,0.7361563333,0.7236010000,0,0,322.7872901836,-157.3125998146
2022-08-03,RUB_KGS,1,0.0000000000,True,0.7236010000,0.7319630000,0.7245510000,1,1,0.0000000000,114.2407471416
2022-08-04,RUB_KGS,1,0.0000000000,True,0.7236010000,0.7246650000,0.7258430000,0,1,0.0000000000,1.5731406926
2022-08-05,RUB_KGS,1,0.0000000000,True,0.7245510000,0.7259253333,0.7273820000,0,1,0.0000000000,1.1341845993
2022-08-06,RUB_KGS,1,0.0000000000,True,0.7258430000,0.7268690000,0.7273820000,0,1,0.0000000000,-7.0576678879
2022-08-09,RUB_KGS,1,0.0000000000,True,0.7267040000,0.7276910000,0.7289870000,1,1,0.0000000000,13.5634493212
2022-08-10,RUB_KGS,1,0.0000000000,True,0.7267040000,0.7302910000,0.7351820000,0,1,0.0000000000,17.8558958004
2022-08-11,RUB_KGS,1,0.0000000000,True,0.7289870000,0.7337136667,0.7369720000,0,1,0.0000000000,-20.0123481413
2022-08-12,RUB_KGS,1,0.0000000000,True,0.7351820000,0.7382630000,0.7426350000,0,1,0.0000000000,17.4869931176
2022-08-13,RUB_KGS,1,0.0000000000,True,0.7369720000,0.7407473333,0.7426350000,0,1,0.0000000000,-25.4832731989
2022-08-16,RUB_KGS,1,0.0000000000,True,0.7426350000,0.7480273333,0.7563820000,0,1,0.0000000000,39.6019396796
2022-08-17,RUB_KGS,1,0.0000000000,True,0.7450650000,0.7505613333,0.7502370000,0,0,81.2420179222,-77.5508463887
2022-08-18,RUB_KGS,1,0.0000000000,True,0.7383750000,0.7483313333,0.7383750000,0,0,158.1100372282,-25.4655469012
2022-08-19,RUB_KGS,1,0.0000000000,True,0.7302060000,0.7396060000,0.7302060000,0,0,110.6348400203,16.6439969389
2022-08-20,RUB_KGS,1,0.0000000000,True,0.7302060000,0.7329290000,0.7302060000,1,1,0.0000000000,37.1523026105
2022-08-23,RUB_KGS,1,0.0000000000,True,0.7302060000,0.7385606667,0.7456380000,0,1,0.0000000000,-17.2949006220
2022-08-24,RUB_KGS,1,0.0000000000,True,0.7398380000,0.7442326667,0.7472220000,0,1,0.0000000000,-18.8829837264
2022-08-25,RUB_KGS,1,0.0000000000,True,0.7435820000,0.7454806667,0.7435820000,0,0,48.7137691342,-23.3585310954
2022-08-26,RUB_KGS,1,0.0000000000,True,0.7435820000,0.7451976667,0.7447890000,1,1,0.0000000000,21.6810483840
2022-08-27,RUB_KGS,1,0.0000000000,True,0.7435820000,0.7443866667,0.7447890000,0,1,0.0000000000,-5.4048970965
2022-08-30,RUB_KGS,1,0.0000000000,True,0.7447890000,0.7469496667,0.7480600000,0,1,0.0000000000,-14.0616346751
2022-08-31,RUB_KGS,1,0.0000000000,True,0.7464600000,0.7475066667,0.7464600000,0,0,21.3886586637,-7.4023866008
2022-09-01,RUB_KGS,1,0.0000000000,True,0.7456690000,0.7467296667,0.7456690000,0,0,10.5966830105,3.6113024392
2022-09-02,RUB_KGS,1,0.0000000000,True,0.7456690000,0.7461343333,0.7462740000,1,1,0.0000000000,6.2365892111
2022-09-03,RUB_KGS,1,0.0000000000,True,0.7456690000,0.7460723333,0.7462740000,0,1,0.0000000000,-2.7030444322
2022-09-06,RUB_KGS,1,0.0000000000,True,0.7462740000,0.7497516667,0.7508130000,0,0,18.0145924847,-32.2284489753
2022-09-07,RUB_KGS,1,0.0000000000,True,0.7508130000,0.7517280000,0.7522030000,1,1,0.0000000000,12.1719558138
2022-09-08,RUB_KGS,1,0.0000000000,True,0.7424920000,0.7485026667,0.7424920000,0,0,129.1007879522,-49.4364749536
2022-09-09,RUB_KGS,1,0.0000000000,True,0.7367740000,0.7438230000,0.7367740000,0,0,77.0109307575,17.8940419966
2022-09-10,RUB_KGS,1,0.0000000000,True,0.7367740000,0.7386800000,0.7367740000,1,1,0.0000000000,25.8027833433
2022-09-13,RUB_KGS,1,0.0000000000,True,0.7336210000,0.7359480000,0.7336210000,0,0,51.9086743626,-20.3954627229
2022-09-14,RUB_KGS,1,0.0000000000,True,0.7313500000,0.7341400000,0.7313500000,0,0,30.9560386085,7.0694962814
2022-09-15,RUB_KGS,1,0.0000000000,True,0.7313500000,0.7337240000,0.7362010000,1,1,0.0000000000,32.3554906205
2022-09-16,RUB_KGS,1,0.0000000000,True,0.7313500000,0.7360710000,0.7406620000,0,1,0.0000000000,-1.7661339735
2022-09-17,RUB_KGS,1,0.0000000000,True,0.7362010000,0.7391750000,0.7406620000,0,1,0.0000000000,-20.1170223560
2022-09-20,RUB_KGS,1,0.0000000000,True,0.7397320000,0.7409120000,0.7397320000,0,0,35.1589967966,-19.3005377157
2022-09-21,RUB_KGS,1,0.0000000000,True,0.7397320000,0.7439140000,0.7496680000,1,1,0.0000000000,56.2161755257
2022-09-22,RUB_KGS,1,0.0000000000,True,0.7337940000,0.7410646667,0.7337940000,0,0,211.7470667015,-116.0942319923
2022-09-23,RUB_KGS,1,0.0000000000,True,0.7123170000,0.7319263333,0.7123170000,0,0,292.6843228481,-25.5171399307
2022-09-24,RUB_KGS,1,0.0000000000,True,0.7123170000,0.7194760000,0.7123170000,1,1,0.0000000000,99.5029716071
2022-09-27,RUB_KGS,1,0.0000000000,True,0.7118660000,0.7156003333,0.7226180000,1,1,0.0000000000,52.1846226082
2022-09-28,RUB_KGS,1,0.0000000000,True,0.7118660000,0.7208870000,0.7281770000,0,1,0.0000000000,-24.0120851118
2022-09-29,RUB_KGS,1,0.0000000000,True,0.7160250000,0.7222733333,0.7160250000,0,0,166.8825024685,-81.7372924378
2022-09-30,RUB_KGS,1,0.0000000000,True,0.6897070000,0.7113030000,0.6897070000,0,0,367.5569987081,-66.3852113656
2022-10-01,RUB_KGS,1,0.0000000000,True,0.6897070000,0.6984796667,0.6897070000,1,1,0.0000000000,125.5965933630
2022-10-04,RUB_KGS,1,0.0000000000,True,0.6897070000,0.7134010000,0.7324980000,0,1,0.0000000000,-64.4378126748
2022-10-05,RUB_KGS,1,0.0000000000,True,0.7179980000,0.7300010000,0.7395070000,0,1,0.0000000000,-34.2054325953
2022-10-06,RUB_KGS,1,0.0000000000,True,0.7324980000,0.7402346667,0.7486990000,0,1,0.0000000000,9.8302160036
2022-10-07,RUB_KGS,1,0.0000000000,True,0.7395070000,0.7471363333,0.7532030000,0,1,0.0000000000,-20.9154152589
2022-10-08,RUB_KGS,1,0.0000000000,True,0.7486990000,0.7517016667,0.7532030000,0,1,0.0000000000,-19.9724624796
2022-10-11,RUB_KGS,1,0.0000000000,True,0.7532030000,0.7640413333,0.7733370000,0,1,0.0000000000,-20.1908797255
2022-10-12,RUB_KGS,1,0.0000000000,True,0.7650330000,0.7679846667,0.7650330000,0,0,107.3788012212,-69.6932317225
2022-10-13,RUB_KGS,1,0.0000000000,True,0.7596060000,0.7659920000,0.7596060000,0,0,70.9381163950,12.5197129996
2022-10-14,RUB_KGS,1,0.0000000000,True,0.7544670000,0.7597020000,0.7544670000,0,0,67.6534940482,1.2636533799
2022-10-15,RUB_KGS,1,0.0000000000,True,0.7544670000,0.7561800000,0.7544670000,1,1,0.0000000000,22.6533365072
2022-10-18,RUB_KGS,1,0.0000000000,True,0.7466770000,0.7507773333,0.7511880000,1,1,0.0000000000,54.6145062096
2022-10-19,RUB_KGS,1,0.0000000000,True,0.7466770000,0.7488673333,0.7487370000,0,0,32.6283167463,-30.9890225327
2022-10-20,RUB_KGS,1,0.0000000000,True,0.7467460000,0.7488903333,0.7467460000,0,0,26.5914466628,2.0474737957
2022-10-21,RUB_KGS,1,0.0000000000,True,0.7407490000,0.7454106667,0.7407490000,0,0,80.3084315149,-17.9140625838
2022-10-22,RUB_KGS,1,0.0000000000,True,0.7407490000,0.7427480000,0.7407490000,1,1,0.0000000000,26.9135696091
2022-10-25,RUB_KGS,1,0.0000000000,True,0.7401950000,0.7409890000,0.7420230000,1,1,0.0000000000,10.7154087308
2022-10-26,RUB_KGS,1,0.0000000000,True,0.7401950000,0.7416073333,0.7426040000,0,1,0.0000000000,-5.6049427774
2022-10-27,RUB_KGS,1,0.0000000000,True,0.7398780000,0.7415016667,0.7398780000,0,0,36.7086630290,-14.8662286666
2022-10-28,RUB_KGS,1,0.0000000000,True,0.7391680000,0.7405500000,0.7391680000,0,0,9.5961766670,9.0743366417
2022-10-29,RUB_KGS,1,0.0000000000,True,0.7391680000,0.7394046667,0.7391680000,1,1,0.0000000000,3.2007732347
2022-11-01,RUB_KGS,1,0.0000000000,True,0.7356970000,0.7376083333,0.7356970000,0,0,30.6656187327,-4.7676612475
2022-11-02,RUB_KGS,1,0.0000000000,True,0.7356970000,0.7371606667,0.7378250000,1,1,0.0000000000,19.8554634404
2022-11-03,RUB_KGS,1,0.0000000000,True,0.7356970000,0.7383790000,0.7416150000,0,1,0.0000000000,7.5029219412
2022-11-04,RUB_KGS,1,0.0000000000,True,0.7378250000,0.7403516667,0.7416150000,0,1,0.0000000000,-17.0639628465
2022-11-08,RUB_KGS,1,0.0000000000,True,0.7259380000,0.7321926667,0.7259380000,0,0,42.3442268784,43.2627477831
2022-11-09,RUB_KGS,1,0.0000000000,True,0.7256190000,0.7268606667,0.7256190000,0,0,4.3943146660,12.6938587955
2022-11-10,RUB_KGS,1,0.0000000000,True,0.7256190000,0.7262546667,0.7272070000,1,1,0.0000000000,8.7526689444
2022-11-11,RUB_KGS,1,0.0000000000,True,0.7143230000,0.7223830000,0.7143230000,0,0,177.1710118302,-66.7789801255
2022-11-12,RUB_KGS,1,0.0000000000,True,0.7143230000,0.7186176667,0.7143230000,1,1,0.0000000000,59.7628873583
2022-11-15,RUB_KGS,1,0.0000000000,True,0.7143230000,0.7149506667,0.7147550000,0,0,14.2363371679,-11.5159460886
2022-11-16,RUB_KGS,1,0.0000000000,True,0.7147550000,0.7151246667,0.7148450000,1,1,0.0000000000,5.1692618630
2022-11-17,RUB_KGS,1,0.0000000000,True,0.7147550000,0.7148970000,0.7150910000,0,1,0.0000000000,0.7273775103
2022-11-18,RUB_KGS,1,0.0000000000,True,0.7148450000,0.7149673333,0.7149660000,0,0,1.7480292718,-1.7296827547
2022-11-19,RUB_KGS,1,0.0000000000,True,0.7149660000,0.7150076667,0.7149660000,1,1,0.0000000000,0.5827443342
2022-11-22,RUB_KGS,1,0.0000000000,True,0.7149660000,0.7176373333,0.7184130000,0,0,15.5656516101,-26.4153853014
2022-11-23,RUB_KGS,1,0.0000000000,True,0.7166000000,0.7181820000,0.7166000000,0,0,25.2361803030,-3.2164548819
2022-11-24,RUB_KGS,1,0.0000000000,True,0.7151900000,0.7167343333,0.7151900000,0,0,19.6762489534,1.8742416414
2022-11-25,RUB_KGS,1,0.0000000000,True,0.7151900000,0.7159833333,0.7161600000,1,1,0.0000000000,11.0803324100
2022-11-26,RUB_KGS,1,0.0000000000,True,0.7151900000,0.7158366667,0.7161600000,0,1,0.0000000000,-4.5168590600
2022-11-29,RUB_KGS,1,0.0000000000,True,0.7161600000,0.7196330000,0.7232210000,0,1,0.0000000000,1.5980367771
2022-11-30,RUB_KGS,1,0.0000000000,True,0.7195180000,0.7212193333,0.7209190000,0,0,31.8298279502,-27.7539241414
2022-12-01,RUB_KGS,1,0.0000000000,True,0.7209190000,0.7227373333,0.7240720000,1,1,0.0000000000,25.1589789190
2022-12-02,RUB_KGS,1,0.0000000000,True,0.7209190000,0.7254960000,0.7314970000,0,1,0.0000000000,19.6279510845
2022-12-03,RUB_KGS,1,0.0000000000,True,0.7240720000,0.7290220000,0.7314970000,0,1,0.0000000000,-33.9495927421
2022-12-06,RUB_KGS,1,0.0000000000,True,0.7314970000,0.7362353333,0.7408570000,0,1,0.0000000000,-1.5846382452
2022-12-07,RUB_KGS,1,0.0000000000,True,0.7363520000,0.7393606667,0.7408730000,0,1,0.0000000000,-20.2382058012
2022-12-08,RUB_KGS,1,0.0000000000,True,0.7365850000,0.7394383333,0.7365850000,0,0,57.8776659427,-19.4021137665
2022-12-09,RUB_KGS,1,0.0000000000,True,0.7343300000,0.7372626667,0.7343300000,0,0,30.6142536164,9.1916585134
2022-12-10,RUB_KGS,1,0.0000000000,True,0.7343300000,0.7350816667,0.7343300000,1,1,0.0000000000,10.2256211895
2022-12-13,RUB_KGS,1,0.0000000000,True,0.7343300000,0.7391043333,0.7441080000,0,1,0.0000000000,3.1028546714
2022-12-14,RUB_KGS,1,0.0000000000,True,0.7388750000,0.7429406667,0.7458390000,0,1,0.0000000000,-15.7123359335
2022-12-15,RUB_KGS,1,0.0000000000,True,0.7441080000,0.7489600000,0.7569330000,0,1,0.0000000000,41.6711172826
2022-12-16,RUB_KGS,1,0.0000000000,True,0.7458390000,0.7544370000,0.7605390000,0,1,0.0000000000,-33.0842734383
2022-12-17,RUB_KGS,1,0.0000000000,True,0.7569330000,0.7593370000,0.7605390000,0,1,0.0000000000,-15.8295987157
2022-12-20,RUB_KGS,1,0.0000000000,True,0.7605390000,0.7823383333,0.8054590000,0,1,0.0000000000,16.8895384137
2022-12-21,RUB_KGS,1,0.0000000000,True,0.7810170000,0.8032016667,0.8231290000,0,1,0.0000000000,-28.1041913509
2022-12-22,RUB_KGS,1,0.0000000000,True,0.8054590000,0.8234826667,0.8418600000,0,1,0.0000000000,4.2947675887
2022-12-23,RUB_KGS,1,0.0000000000,True,0.8015410000,0.8221766667,0.8015410000,0,0,478.9276126672,-239.4051562316
2022-12-24,RUB_KGS,1,0.0000000000,True,0.8015410000,0.8149806667,0.8015410000,1,1,0.0000000000,164.9077974038
2022-12-27,RUB_KGS,1,0.0000000000,True,0.7988880000,0.8055530000,0.8162300000,1,1,0.0000000000,82.7381935143
2022-12-28,RUB_KGS,1,0.0000000000,True,0.7988880000,0.8158630000,0.8324710000,0,1,0.0000000000,-4.4983042496
2022-12-29,RUB_KGS,1,0.0000000000,True,0.8162300000,0.8295926667,0.8400770000,0,1,0.0000000000,-34.6957422478
2022-12-30,RUB_KGS,1,0.0000000000,True,0.8209330000,0.8311603333,0.8209330000,0,0,227.8838725498,-107.2797426570
2022-12-31,RUB_KGS,1,0.0000000000,True,0.8209330000,0.8273143333,0.8209330000,1,1,0.0000000000,77.1331170780
2023-01-10,RUB_KGS,1,0.0000000000,True,0.8124350000,0.8179550000,0.8124350000,0,0,98.2575195278,-31.0775042637
2023-01-11,RUB_KGS,1,0.0000000000,True,0.8055580000,0.8128300000,0.8055580000,0,0,84.6467717417,4.8595647306
2023-01-12,RUB_KGS,1,0.0000000000,True,0.7910540000,0.8030156667,0.7910540000,0,0,180.0491088165,-31.6598223281
2023-01-13,RUB_KGS,1,0.0000000000,True,0.7886830000,0.7950983333,0.7886830000,0,0,29.9726693753,50.8658258203
2023-01-14,RUB_KGS,1,0.0000000000,True,0.7886830000,0.7894733333,0.7886830000,1,1,0.0000000000,10.0108933382
2023-01-17,RUB_KGS,1,0.0000000000,True,0.7886830000,0.7957046667,0.8014050000,0,1,0.0000000000,-16.6058261147
2023-01-18,RUB_KGS,1,0.0000000000,True,0.7970260000,0.8007563333,0.8038380000,0,1,0.0000000000,-8.1006748203
2023-01-19,RUB_KGS,1,0.0000000000,True,0.8014050000,0.8022740000,0.8015790000,0,0,28.1026774051,-19.4945866375
2023-01-20,RUB_KGS,1,0.0000000000,True,0.7976960000,0.8010376667,0.7976960000,0,0,48.4418878239,-6.7579011058
2023-01-21,RUB_KGS,1,0.0000000000,True,0.7976960000,0.7989903333,0.7976960000,1,1,0.0000000000,16.1996119269
2023-01-24,RUB_KGS,1,0.0000000000,True,0.7967210000,0.7978016667,0.7989880000,1,1,0.0000000000,13.5455553908
2023-01-25,RUB_KGS,1,0.0000000000,True,0.7967210000,0.7988980000,0.8009850000,0,1,0.0000000000,-1.1265518251
2023-01-26,RUB_KGS,1,0.0000000000,True,0.7989880000,0.8008746667,0.8026510000,0,1,0.0000000000,-1.3776604246
2023-01-27,RUB_KGS,1,0.0000000000,True,0.8009850000,0.8028263333,0.8048430000,0,1,0.0000000000,2.1839509500
2023-01-28,RUB_KGS,1,0.0000000000,True,0.8026510000,0.8041123333,0.8048430000,0,1,0.0000000000,-9.0866242983
2023-01-31,RUB_KGS,1,0.0000000000,True,0.8048430000,0.8103976667,0.8185420000,0,1,0.0000000000,31.9555049723
2023-02-01,RUB_KGS,1,0.0000000000,True,0.8078080000,0.8134330000,0.8139490000,0,0,56.1119649328,-62.8078772314
2023-02-02,RUB_KGS,1,0.0000000000,True,0.8123510000,0.8149473333,0.8123510000,0,0,19.6326796888,12.2502803862
2023-02-03,RUB_KGS,1,0.0000000000,True,0.8123510000,0.8141180000,0.8160540000,1,1,0.0000000000,21.7044703593
2023-02-04,RUB_KGS,1,0.0000000000,True,0.8123510000,0.8148196667,0.8160540000,0,1,0.0000000000,-15.1485461609
2023-02-07,RUB_KGS,1,0.0000000000,True,0.8160540000,0.8172230000,0.8170750000,0,0,17.8977203313,-16.1155523033
2023-02-08,RUB_KGS,1,0.0000000000,True,0.8170750000,0.8201706667,0.8248970000,1,1,0.0000000000,37.7441768217
2023-02-09,RUB_KGS,1,0.0000000000,True,0.8170750000,0.8273550000,0.8400930000,0,1,0.0000000000,29.7091333225
2023-02-10,RUB_KGS,1,0.0000000000,True,0.8248970000,0.8346476667,0.8389530000,0,0,13.5699261867,-65.2411017343
2023-02-11,RUB_KGS,1,0.0000000000,True,0.8389530000,0.8393330000,0.8389530000,1,1,0.0000000000,4.5274044986
2023-02-14,RUB_KGS,1,0.0000000000,True,0.8389530000,0.8456146667,0.8493180000,0,1,0.0000000000,-34.9844137046
2023-02-15,RUB_KGS,1,0.0000000000,True,0.8485730000,0.8503823333,0.8532560000,0,1,0.0000000000,12.5159389090
2023-02-16,RUB_KGS,1,0.0000000000,True,0.8493180000,0.8526000000,0.8552260000,0,1,0.0000000000,-7.6941121276
2023-02-17,RUB_KGS,1,0.0000000000,True,0.8532560000,0.8545500000,0.8551680000,0,0,0.6781833106,-7.9105962202
2023-02-18,RUB_KGS,1,0.0000000000,True,0.8551680000,0.8551873333,0.8551680000,1,1,0.0000000000,0.2260713247
2023-02-21,RUB_KGS,1,0.0000000000,True,0.8469820000,0.8528300000,0.8563400000,1,1,0.0000000000,68.5716965867
2023-02-22,RUB_KGS,1,0.0000000000,True,0.8469820000,0.8526390000,0.8545950000,0,0,20.3774201836,-43.4064123269
2023-02-23,RUB_KGS,1,0.0000000000,True,0.8545950000,0.8551766667,0.8545950000,1,1,0.0000000000,6.8017134861
2023-02-28,RUB_KGS,1,0.0000000000,True,0.8545950000,0.8580676667,0.8567060000,0,0,71.8042141518,-56.3397680758
2023-03-01,RUB_KGS,1,0.0000000000,True,0.8567060000,0.8601496667,0.8608410000,1,1,0.0000000000,40.0356682112
2023-03-02,RUB_KGS,1,0.0000000000,True,0.8567060000,0.8602980000,0.8633470000,0,1,0.0000000000,-6.3117663879
2023-03-03,RUB_KGS,1,0.0000000000,True,0.8608410000,0.8624560000,0.8631800000,0,0,1.9343323137,-10.3309618114
2023-03-04,RUB_KGS,1,0.0000000000,True,0.8631800000,0.8632356667,0.8631800000,1,1,0.0000000000,0.6448605962
2023-03-07,RUB_KGS,1,0.0000000000,True,0.8631630000,0.8632263333,0.8631630000,0,0,2.0038548143,-1.2704277248
2023-03-08,RUB_KGS,1,0.0000000000,True,0.8631630000,0.8632206667,0.8631630000,1,1,0.0000000000,0.6680408486
2023-03-10,RUB_KGS,1,0.0000000000,True,0.8631630000,0.8667013333,0.8686870000,0,1,0.0000000000,-17.9146680287
2023-03-11,RUB_KGS,1,0.0000000000,True,0.8682540000,0.8685426667,0.8686870000,0,1,0.0000000000,-1.6617874846
2023-03-14,RUB_KGS,1,0.0000000000,True,0.8601330000,0.8640063333,0.8601330000,0,0,35.5190402213,9.3440673081
2023-03-15,RUB_KGS,1,0.0000000000,True,0.8601330000,0.8632706667,0.8664800000,1,1,0.0000000000,36.3462676055
2023-03-16,RUB_KGS,1,0.0000000000,True,0.8601330000,0.8668880000,0.8740510000,0,1,0.0000000000,4.7064903425
2023-03-17,RUB_KGS,1,0.0000000000,True,0.8664800000,0.8722703333,0.8762800000,0,1,0.0000000000,-20.4141605947
2023-03-18,RUB_KGS,1,0.0000000000,True,0.8740510000,0.8755370000,0.8762800000,0,1,0.0000000000,-8.4862204567
2023-03-21,RUB_KGS,1,0.0000000000,True,0.8762800000,0.8796000000,0.8789440000,0,0,52.4233342689,-45.2023647112
2023-03-22,RUB_KGS,1,0.0000000000,True,0.8789440000,0.8809410000,0.8803030000,1,1,0.0000000000,22.6689415069
2023-03-23,RUB_KGS,1,0.0000000000,True,0.8728800000,0.8773756667,0.8728800000,0,0,84.3232387030,-33.3646514777
2023-03-24,RUB_KGS,1,0.0000000000,True,0.8728800000,0.8758910000,0.8744900000,1,1,0.0000000000,34.3764235504
2023-03-25,RUB_KGS,1,0.0000000000,True,0.8728800000,0.8739533333,0.8744900000,0,1,0.0000000000,-6.1406787548
2023-03-28,RUB_KGS,1,0.0000000000,True,0.8744900000,0.8754976667,0.8761600000,0,1,0.0000000000,-3.9444232290
2023-03-29,RUB_KGS,1,0.0000000000,True,0.8758430000,0.8775193333,0.8805550000,0,1,0.0000000000,15.4906368635
2023-03-30,RUB_KGS,1,0.0000000000,True,0.8761600000,0.8795023333,0.8817920000,0,1,0.0000000000,-11.9688899821
2023-03-31,RUB_KGS,1,0.0000000000,True,0.8805550000,0.8822836667,0.8845040000,0,1,0.0000000000,5.5726597379
2023-04-01,RUB_KGS,1,0.0000000000,True,0.8817920000,0.8836000000,0.8845040000,0,1,0.0000000000,-10.2308736985
2023-04-04,RUB_KGS,1,0.0000000000,True,0.8845040000,0.8946490000,0.9077590000,0,1,0.0000000000,33.1414890085
2023-04-05,RUB_KGS,1,0.0000000000,True,0.8916840000,0.9029336667,0.9093580000,0,1,0.0000000000,-53.4406181923
2023-04-06,RUB_KGS,1,0.0000000000,True,0.9077590000,0.9133060000,0.9228010000,0,1,0.0000000000,43.2275710441
2023-04-07,RUB_KGS,1,0.0000000000,True,0.9093580000,0.9249070000,0.9425620000,0,1,0.0000000000,22.7698568613
2023-04-08,RUB_KGS,1,0.0000000000,True,0.9228010000,0.9359750000,0.9425620000,0,1,0.0000000000,-70.3758113197
2023-04-11,RUB_KGS,1,0.0000000000,True,0.9350730000,0.9392310000,0.9400580000,1,1,0.0000000000,44.2702593931
2023-04-12,RUB_KGS,1,0.0000000000,True,0.9350730000,0.9380666667,0.9390690000,0,0,10.5206274506,-21.2280577073
2023-04-13,RUB_KGS,1,0.0000000000,True,0.9332910000,0.9374726667,0.9332910000,0,0,61.5290250237,-17.0280520179
2023-04-14,RUB_KGS,1,0.0000000000,True,0.9312670000,0.9345423333,0.9312670000,0,0,21.6866979324,13.3897982863
2023-04-15,RUB_KGS,1,0.0000000000,True,0.9312670000,0.9319416667,0.9312670000,1,1,0.0000000000,7.2393658401
2023-04-18,RUB_KGS,1,0.0000000000,True,0.9312670000,0.9321410000,0.9324580000,0,0,2.5731801719,-5.9754908324
2023-04-19,RUB_KGS,1,0.0000000000,True,0.9324580000,0.9327140000,0.9329860000,1,1,0.0000000000,2.7446784330
2023-04-20,RUB_KGS,1,0.0000000000,True,0.9324580000,0.9326723333,0.9325730000,0,0,4.4266473452,-3.3630960784
2023-04-21,RUB_KGS,1,0.0000000000,True,0.9310590000,0.9322060000,0.9310590000,0,0,16.2346540164,-3.9368980676
2023-04-22,RUB_KGS,1,0.0000000000,True,0.9310590000,0.9315636667,0.9310590000,1,1,0.0000000000,5.4174146623
2023-04-25,RUB_KGS,1,0.0000000000,True,0.9286390000,0.9304946667,0.9317860000,1,1,0.0000000000,19.9427974511
2023-04-26,RUB_KGS,1,0.0000000000,True,0.9286390000,0.9310320000,0.9326710000,0,1,0.0000000000,-8.0985401146
2023-04-27,RUB_KGS,1,0.0000000000,True,0.9317860000,0.9321196667,0.9319020000,0,0,8.2451368167,-5.9148342541
2023-04-28,RUB_KGS,1,0.0000000000,True,0.9198960000,0.9281563333,0.9198960000,0,0,128.8332893373,-40.3559888797
2023-04-29,RUB_KGS,1,0.0000000000,True,0.9198960000,0.9238980000,0.9198960000,1,1,0.0000000000,43.3164699999
2023-05-03,RUB_KGS,1,0.0000000000,True,0.9061600000,0.9132286667,0.9061600000,0,0,81.7617635148,-4.3946642060
2023-05-04,RUB_KGS,1,0.0000000000,True,0.9004410000,0.9067436667,0.9004410000,0,0,63.1124746182,6.4369533323
2023-05-05,RUB_KGS,1,0.0000000000,True,0.8799020000,0.8955010000,0.8799020000,0,0,228.0993424333,-55.1646508491
2023-05-06,RUB_KGS,1,0.0000000000,True,0.8799020000,0.8867483333,0.8799020000,1,1,0.0000000000,77.2071745272
2023-05-11,RUB_KGS,1,0.0000000000,True,0.8691980000,0.8758660000,0.8691980000,0,0,105.8625062322,-30.0502588295
2023-05-12,RUB_KGS,1,0.0000000000,True,0.8691980000,0.8773500000,0.8843540000,1,1,0.0000000000,92.9161680059
2023-05-13,RUB_KGS,1,0.0000000000,True,0.8691980000,0.8793020000,0.8843540000,0,1,0.0000000000,-57.4546629031
2023-05-16,RUB_KGS,1,0.0000000000,True,0.8843540000,0.9013693333,0.9142460000,0,1,0.0000000000,-45.9153258672
2023-05-17,RUB_KGS,1,0.0000000000,True,0.9055080000,0.9141943333,0.9228290000,0,1,0.0000000000,-0.5651606533
2023-05-18,RUB_KGS,1,0.0000000000,True,0.9142460000,0.9171950000,0.9145100000,0,0,90.1467119044,-61.4264142303
2023-05-19,RUB_KGS,1,0.0000000000,True,0.9130400000,0.9167930000,0.9130400000,0,0,16.0741818023,24.9020225940
2023-05-20,RUB_KGS,1,0.0000000000,True,0.9130400000,0.9135300000,0.9130400000,1,1,0.0000000000,5.3638085230
2023-05-23,RUB_KGS,1,0.0000000000,True,0.9130400000,0.9141286667,0.9159790000,0,1,0.0000000000,8.3321603888
2023-05-24,RUB_KGS,1,0.0000000000,True,0.9133670000,0.9143483333,0.9136990000,0,0,24.8914003487,-17.8341952101
2023-05-25,RUB_KGS,1,0.0000000000,True,0.9131650000,0.9142810000,0.9131650000,0,0,5.8443754453,6.3656578229
2023-05-26,RUB_KGS,1,0.0000000000,True,0.9129660000,0.9132766667,0.9129660000,0,0,2.1792337639,1.2227035984
2023-05-27,RUB_KGS,1,0.0000000000,True,0.9129660000,0.9130323333,0.9129660000,1,1,0.0000000000,0.7265168046
2023-05-30,RUB_KGS,1,0.0000000000,True,0.9129660000,0.9160460000,0.9211920000,0,1,0.0000000000,22.5534525559
2023-05-31,RUB_KGS,1,0.0000000000,True,0.9139800000,0.9199563333,0.9246970000,0,1,0.0000000000,-13.4317969440
2023-06-01,RUB_KGS,1,0.0000000000,True,0.9211920000,0.9234313333,0.9244050000,0,0,3.1577911467,-13.7061264978
2023-06-02,RUB_KGS,1,0.0000000000,True,0.9233430000,0.9241483333,0.9233430000,0,0,11.4884709624,-2.7773319218
2023-06-03,RUB_KGS,1,0.0000000000,True,0.9233430000,0.9236970000,0.9233430000,1,1,0.0000000000,3.8324255681
2023-06-06,RUB_KGS,1,0.0000000000,True,0.9233430000,0.9275590000,0.9296210000,0,0,0.9895526899,-23.2222424665
2023-06-07,RUB_KGS,1,0.0000000000,True,0.9296210000,0.9305033333,0.9321760000,1,1,0.0000000000,9.4823231871
2023-06-08,RUB_KGS,1,0.0000000000,True,0.9296210000,0.9332986667,0.9380990000,0,1,0.0000000000,12.0290182207
2023-06-09,RUB_KGS,1,0.0000000000,True,0.9321760000,0.9379643333,0.9436180000,0,1,0.0000000000,-1.4357333417
2023-06-10,RUB_KGS,1,0.0000000000,True,0.9380990000,0.9417783333,0.9436180000,0,1,0.0000000000,-19.5339667685
2023-06-14,RUB_KGS,1,0.0000000000,True,0.9436180000,0.9537500000,0.9627230000,0,1,0.0000000000,-12.1520314548
2023-06-15,RUB_KGS,1,0.0000000000,True,0.9549090000,0.9587336667,0.9585690000,0,0,43.1484445682,-41.6104437764
2023-06-16,RUB_KGS,1,0.0000000000,True,0.9550150000,0.9587690000,0.9550150000,0,0,37.0760998947,2.0860082043
2023-06-17,RUB_KGS,1,0.0000000000,True,0.9550150000,0.9561996667,0.9550150000,1,1,0.0000000000,12.3893231504
2023-06-20,RUB_KGS,1,0.0000000000,True,0.9550150000,0.9598476667,0.9644220000,0,1,0.0000000000,-2.6913992950
2023-06-21,RUB_KGS,1,0.0000000000,True,0.9601060000,0.9631690000,0.9649790000,0,1,0.0000000000,-13.0091396214
2023-06-22,RUB_KGS,1,0.0000000000,True,0.9577060000,0.9623690000,0.9577060000,0,0,75.3695158133,-27.1205743327
2023-06-23,RUB_KGS,1,0.0000000000,True,0.9577060000,0.9619366667,0.9631250000,1,1,0.0000000000,43.9807194514
2023-06-24,RUB_KGS,1,0.0000000000,True,0.9577060000,0.9613186667,0.9631250000,0,1,0.0000000000,-18.7901618471
2023-06-27,RUB_KGS,1,0.0000000000,True,0.9631250000,0.9689320000,0.9741200000,0,1,0.0000000000,-6.3884772100
2023-06-28,RUB_KGS,1,0.0000000000,True,0.9695510000,0.9747686667,0.9806350000,0,1,0.0000000000,6.6545703493
2023-06-29,RUB_KGS,1,0.0000000000,True,0.9741200000,0.9841823333,0.9977920000,0,1,0.0000000000,36.0434567172
2023-06-30,RUB_KGS,1,0.0000000000,True,0.9806350000,0.9973323333,1.0135700000,0,1,0.0000000000,-4.6089618405
2023-07-01,RUB_KGS,1,0.0000000000,True,0.9977920000,1.0083106667,1.0135700000,0,1,0.0000000000,-52.1598502049
2023-07-04,RUB_KGS,1,0.0000000000,True,1.0135700000,1.0202800000,1.0241900000,0,1,0.0000000000,-27.4434468969
2023-07-05,RUB_KGS,1,0.0000000000,True,1.0230800000,1.0262833333,1.0315800000,0,1,0.0000000000,20.3972262371
2023-07-06,RUB_KGS,1,0.0000000000,True,1.0241900000,1.0375400000,1.0568500000,0,1,0.0000000000,57.4435684407
2023-07-07,RUB_KGS,1,0.0000000000,True,1.0315800000,1.0444766667,1.0450000000,0,0,112.1256564318,-118.4644303527
2023-07-08,RUB_KGS,1,0.0000000000,True,1.0450000000,1.0489500000,1.0450000000,1,1,0.0000000000,37.6567043234
2023-07-11,RUB_KGS,1,0.0000000000,True,1.0315100000,1.0397700000,1.0315100000,0,0,108.2662063675,-29.1410600421
2023-07-12,RUB_KGS,1,0.0000000000,True,1.0314200000,1.0352433333,1.0314200000,0,0,0.8725072951,36.0623750294
2023-07-13,RUB_KGS,1,0.0000000000,True,1.0262400000,1.0297233333,1.0262400000,0,0,50.2220240057,-16.4769177481
2023-07-14,RUB_KGS,1,0.0000000000,True,1.0255900000,1.0277500000,1.0255900000,0,0,6.3338010602,14.6922889808
2023-07-15,RUB_KGS,1,0.0000000000,True,1.0255900000,1.0258066667,1.0255900000,1,1,0.0000000000,2.1121588863
2023-07-18,RUB_KGS,1,0.0000000000,True,1.0255900000,1.0289133333,1.0321000000,0,1,0.0000000000,-1.3282621795
2023-07-19,RUB_KGS,1,0.0000000000,True,1.0290500000,1.0330333333,1.0379500000,0,1,0.0000000000,9.0348810945
2023-07-20,RUB_KGS,1,0.0000000000,True,1.0321000000,1.0346700000,1.0339600000,0,0,38.4411580519,-31.7009287986
2023-07-21,RUB_KGS,1,0.0000000000,True,1.0286200000,1.0335100000,1.0286200000,0,0,51.6460984951,-4.3540943000
2023-07-22,RUB_KGS,1,0.0000000000,True,1.0286200000,1.0304000000,1.0286200000,1,1,0.0000000000,17.2748447205
2023-07-25,RUB_KGS,1,0.0000000000,True,1.0255200000,1.0280200000,1.0255200000,0,0,42.7217647973,-18.4821306978
2023-07-26,RUB_KGS,1,0.0000000000,True,1.0255200000,1.0276100000,1.0273900000,1,1,0.0000000000,20.3384552505
2023-07-27,RUB_KGS,1,0.0000000000,True,1.0255200000,1.0268533333,1.0276500000,0,1,0.0000000000,-5.2263224868
2023-07-28,RUB_KGS,1,0.0000000000,True,1.0273900000,1.0310466667,1.0381000000,0,1,0.0000000000,32.9438693367
2023-07-29,RUB_KGS,1,0.0000000000,True,1.0276500000,1.0346166667,1.0381000000,0,1,0.0000000000,-33.6678641043
2023-08-01,RUB_KGS,1,0.0000000000,True,1.0381000000,1.0426300000,1.0454900000,0,1,0.0000000000,-16.0171873052
2023-08-02,RUB_KGS,1,0.0000000000,True,1.0443000000,1.0492400000,1.0579300000,0,1,0.0000000000,35.7401547787
2023-08-03,RUB_KGS,1,0.0000000000,True,1.0454900000,1.0572933333,1.0684600000,0,1,0.0000000000,-6.0216653846
2023-08-04,RUB_KGS,1,0.0000000000,True,1.0579300000,1.0685966667,1.0794000000,0,1,0.0000000000,1.2789359253
2023-08-05,RUB_KGS,1,0.0000000000,True,1.0684600000,1.0757533333,1.0794000000,0,1,0.0000000000,-33.8987252344
2023-08-08,RUB_KGS,1,0.0000000000,True,1.0794000000,1.0905833333,1.0933800000,0,0,50.8658107137,-76.9007411936
2023-08-09,RUB_KGS,1,0.0000000000,True,1.0933800000,1.1002666667,1.1084500000,1,1,0.0000000000,62.5908870577
2023-08-10,RUB_KGS,1,0.0000000000,True,1.0933800000,1.1029700000,1.1070800000,0,0,12.3596012450,-49.6840349239
2023-08-11,RUB_KGS,1,0.0000000000,True,1.1070800000,1.1104200000,1.1157300000,1,1,0.0000000000,30.0787089570
2023-08-12,RUB_KGS,1,0.0000000000,True,1.1070800000,1.1128466667,1.1157300000,0,1,0.0000000000,-25.9095293152
2023-08-15,RUB_KGS,1,0.0000000000,True,1.1036800000,1.1213600000,1.1036800000,0,0,358.0944726428,-207.8725832917
2023-08-16,RUB_KGS,1,0.0000000000,True,1.0955500000,1.1146333333,1.0955500000,0,0,73.6626558423,98.2684888902
2023-08-17,RUB_KGS,1,0.0000000000,True,1.0620400000,1.0870900000,1.0620400000,0,0,305.8737620373,-77.8224434039
2023-08-18,RUB_KGS,1,0.0000000000,True,1.0581700000,1.0719200000,1.0581700000,0,0,36.4393054876,92.1710575416
2023-08-19,RUB_KGS,1,0.0000000000,True,1.0581700000,1.0594600000,1.0581700000,1,1,0.0000000000,12.1760141959
2023-08-22,RUB_KGS,1,0.0000000000,True,1.0581700000,1.0641366667,1.0677100000,0,1,0.0000000000,-22.4908454741
2023-08-23,RUB_KGS,1,0.0000000000,True,1.0665300000,1.0684533333,1.0711200000,0,1,0.0000000000,6.9570968628
2023-08-24,RUB_KGS,1,0.0000000000,True,1.0677100000,1.0696000000,1.0699700000,0,0,10.7364254239,-14.2109199701
2023-08-25,RUB_KGS,1,0.0000000000,True,1.0699700000,1.0715600000,1.0735900000,1,1,0.0000000000,14.8381798499
2023-08-26,RUB_KGS,1,0.0000000000,True,1.0699700000,1.0723833333,1.0735900000,0,1,0.0000000000,-11.2521952660
2023-08-29,RUB_KGS,1,0.0000000000,True,1.0735900000,1.0799900000,1.0845300000,0,1,0.0000000000,-17.2223816887
2023-08-30,RUB_KGS,1,0.0000000000,True,1.0818500000,1.0844466667,1.0869600000,0,1,0.0000000000,-0.7684410483
2023-08-31,RUB_KGS,1,0.0000000000,True,1.0845300000,1.0876833333,1.0915600000,0,1,0.0000000000,6.6502198863
2023-09-01,RUB_KGS,1,0.0000000000,True,1.0869600000,1.0900333333,1.0915800000,0,1,0.0000000000,-14.0056878995
2023-09-02,RUB_KGS,1,0.0000000000,True,1.0915600000,1.0915733333,1.0915800000,0,1,0.0000000000,-0.0610739239
2023-09-05,RUB_KGS,1,0.0000000000,True,1.0915800000,1.0971233333,1.1050000000,0,1,0.0000000000,21.2677395735
2023-09-06,RUB_KGS,1,0.0000000000,True,1.0947900000,1.1027500000,1.1084600000,0,1,0.0000000000,-20.4035366130
2023-09-07,RUB_KGS,1,0.0000000000,True,1.1050000000,1.1081666667,1.1110400000,0,1,0.0000000000,-2.6470145887
2023-09-08,RUB_KGS,1,0.0000000000,True,1.1080100000,1.1091700000,1.1080100000,0,0,27.2717453917,-16.8594534652
2023-09-09,RUB_KGS,1,0.0000000000,True,1.1080100000,1.1090200000,1.1080100000,1,1,0.0000000000,9.1071396368
2023-09-12,RUB_KGS,1,0.0000000000,True,1.0714300000,1.0904300000,1.0714300000,0,0,187.0220268352,-13.0223856644
2023-09-13,RUB_KGS,1,0.0000000000,True,1.0714300000,1.0830466667,1.0858600000,1,1,0.0000000000,107.2591516524
2023-09-14,RUB_KGS,1,0.0000000000,True,1.0714300000,1.0805766667,1.0844400000,0,0,13.0771922716,-48.8936462938
2023-09-15,RUB_KGS,1,0.0000000000,True,1.0844400000,1.0865400000,1.0893200000,1,1,0.0000000000,19.3274062621
2023-09-16,RUB_KGS,1,0.0000000000,True,1.0844400000,1.0876933333,1.0893200000,0,1,0.0000000000,-14.9551957047
2023-09-19,RUB_KGS,1,0.0000000000,True,1.0847000000,1.0878300000,1.0847000000,0,0,43.7827567533,-15.0758850188
2023-09-20,RUB_KGS,1,0.0000000000,True,1.0847000000,1.0877700000,1.0891400000,1,1,0.0000000000,28.2228779981
2023-09-21,RUB_KGS,1,0.0000000000,True,1.0830400000,1.0856266667,1.0830400000,0,0,56.0074921498,-32.3622608140
2023-09-22,RUB_KGS,1,0.0000000000,True,1.0826500000,1.0849433333,1.0826500000,0,0,3.6009750332,17.5431589361
2023-09-23,RUB_KGS,1,0.0000000000,True,1.0826500000,1.0827800000,1.0826500000,1,1,0.0000000000,1.2006132363
2023-09-26,RUB_KGS,1,0.0000000000,True,1.0826500000,1.0837766667,1.0848600000,0,1,0.0000000000,-0.3998363747
2023-09-27,RUB_KGS,1,0.0000000000,True,1.0838200000,1.0854966667,1.0878100000,0,1,0.0000000000,5.8652107023
2023-09-28,RUB_KGS,1,0.0000000000,True,1.0848600000,1.0887133333,1.0934700000,0,1,0.0000000000,8.2972560882
2023-09-29,RUB_KGS,1,0.0000000000,True,1.0878100000,1.0931366667,1.0981300000,0,1,0.0000000000,-3.0493289952
2023-09-30,RUB_KGS,1,0.0000000000,True,1.0934700000,1.0965766667,1.0981300000,0,1,0.0000000000,-14.1652962401
2023-10-03,RUB_KGS,1,0.0000000000,True,1.0981300000,1.1090866667,1.1190100000,0,1,0.0000000000,-9.3169755294
2023-10-04,RUB_KGS,1,0.0000000000,True,1.1101200000,1.1167533333,1.1211300000,0,1,0.0000000000,-20.2073868894
2023-10-05,RUB_KGS,1,0.0000000000,True,1.1190100000,1.1212533333,1.1236200000,0,1,0.0000000000,1.0999595691
2023-10-06,RUB_KGS,1,0.0000000000,True,1.1211300000,1.1249600000,1.1301300000,0,1,0.0000000000,11.9115346323
2023-10-07,RUB_KGS,1,0.0000000000,True,1.1236200000,1.1279600000,1.1301300000,0,1,0.0000000000,-19.2382708607
2023-10-10,RUB_KGS,1,0.0000000000,True,1.1238700000,1.1313000000,1.1238700000,0,0,140.6263707343,-76.0187395032
2023-10-11,RUB_KGS,1,0.0000000000,True,1.1238700000,1.1293866667,1.1243900000,1,1,0.0000000000,48.8465715905
2023-10-12,RUB_KGS,1,0.0000000000,True,1.0877500000,1.1120033333,1.0877500000,0,0,325.8655804481,-111.3905533856
2023-10-13,RUB_KGS,1,0.0000000000,True,1.0877500000,1.1011333333,1.0912600000,1,1,0.0000000000,121.5414421505
2023-10-14,RUB_KGS,1,0.0000000000,True,1.0877500000,1.0900900000,1.0912600000,0,1,0.0000000000,-10.7330587383
2023-10-17,RUB_KGS,1,0.0000000000,True,1.0898500000,1.0906633333,1.0898500000,0,0,9.4419184512,-1.9865586386
2023-10-18,RUB_KGS,1,0.0000000000,True,1.0898500000,1.0902933333,1.0901500000,1,1,0.0000000000,4.0661840239
2023-10-19,RUB_KGS,1,0.0000000000,True,1.0894200000,1.0898066667,1.0894200000,0,0,6.6963261936,-3.1504058824
2023-10-20,RUB_KGS,1,0.0000000000,True,1.0737300000,1.0844333333,1.0737300000,0,0,144.0215894696,-45.9840777057
2023-10-21,RUB_KGS,1,0.0000000000,True,1.0737300000,1.0789600000,1.0737300000,1,1,0.0000000000,48.4726032476
2023-10-24,RUB_KGS,1,0.0000000000,True,1.0470500000,1.0603666667,1.0470500000,0,0,125.1508978422,0.4400993367
2023-10-25,RUB_KGS,1,0.0000000000,True,1.0428900000,1.0500866667,1.0428900000,0,0,39.7306718877,28.9182480176
2023-10-26,RUB_KGS,1,0.0000000000,True,1.0428900000,1.0458100000,1.0474900000,1,1,0.0000000000,27.9209416624
2023-10-27,RUB_KGS,1,0.0000000000,True,1.0428900000,1.0446700000,1.0436300000,0,0,36.8499937947,-26.9941704079
2023-10-28,RUB_KGS,1,0.0000000000,True,1.0436300000,1.0449166667,1.0436300000,1,1,0.0000000000,12.3135816253
2023-10-31,RUB_KGS,1,0.0000000000,True,1.0302700000,1.0392766667,1.0302700000,0,0,130.8516854578,-44.7747311431
2023-11-01,RUB_KGS,1,0.0000000000,True,1.0302700000,1.0395133333,1.0443400000,1,1,0.0000000000,88.9198150417
2023-11-02,RUB_KGS,1,0.0000000000,True,1.0302700000,1.0392500000,1.0431400000,0,0,11.4905107532,-48.9776280972
2023-11-03,RUB_KGS,1,0.0000000000,True,1.0415900000,1.0430233333,1.0415900000,0,0,14.8589834538,-1.1185432093
2023-11-04,RUB_KGS,1,0.0000000000,True,1.0415900000,1.0421066667,1.0415900000,1,1,0.0000000000,4.9579057806
2023-11-08,RUB_KGS,1,0.0000000000,True,1.0322100000,1.0361500000,1.0322100000,0,0,23.5828541053,14.4766684360
2023-11-09,RUB_KGS,1,0.0000000000,True,1.0291800000,1.0320133333,1.0291800000,0,0,29.3544918185,-1.9056601336
2023-11-10,RUB_KGS,1,0.0000000000,True,1.0291800000,1.0306633333,1.0306000000,1,1,0.0000000000,14.3920258474
2023-11-11,RUB_KGS,1,0.0000000000,True,1.0291800000,1.0301266667,1.0306000000,0,1,0.0000000000,-4.5949041865
2023-11-14,RUB_KGS,1,0.0000000000,True,1.0216900000,1.0278733333,1.0216900000,0,0,93.4715367535,-33.6293058159
2023-11-15,RUB_KGS,1,0.0000000000,True,1.0016500000,1.0182233333,1.0016500000,0,0,196.1456018949,-34.0462308531
2023-11-16,RUB_KGS,1,0.0000000000,True,0.9963470000,1.0065623333,0.9963470000,0,0,52.9426446364,48.8030713117
2023-11-17,RUB_KGS,1,0.0000000000,True,0.9963470000,0.9993243333,0.9999760000,1,1,0.0000000000,29.7934637837
2023-11-18,RUB_KGS,1,0.0000000000,True,0.9963470000,0.9987663333,0.9999760000,0,1,0.0000000000,-12.1116083542
2023-11-21,RUB_KGS,1,0.0000000000,True,0.9871940000,0.9933953333,0.9871940000,0,0,58.6294682060,3.8185536071
2023-11-22,RUB_KGS,1,0.0000000000,True,0.9871940000,0.9905293333,0.9913780000,1,1,0.0000000000,33.6722318168
2023-11-23,RUB_KGS,1,0.0000000000,True,0.9871940000,0.9902413333,0.9921520000,0,1,0.0000000000,-11.4786833109
2023-11-24,RUB_KGS,1,0.0000000000,True,0.9913780000,0.9952100000,1.0021000000,0,1,0.0000000000,30.7271832076
2023-11-25,RUB_KGS,1,0.0000000000,True,0.9921520000,0.9987840000,1.0021000000,0,1,0.0000000000,-33.2003716519
2023-11-28,RUB_KGS,1,0.0000000000,True,0.9965250000,0.9989956667,0.9965250000,0,0,18.4001394284,6.3430371904
2023-11-29,RUB_KGS,1,0.0000000000,True,0.9965250000,0.9977223333,0.9982800000,1,1,0.0000000000,12.0006668522
2023-11-30,RUB_KGS,1,0.0000000000,True,0.9934680000,0.9960910000,0.9934680000,0,0,48.2029090035,-21.9759038080
2023-12-01,RUB_KGS,1,0.0000000000,True,0.9934680000,0.9994026667,1.0064600000,1,1,0.0000000000,59.3821375969
2023-12-02,RUB_KGS,1,0.0000000000,True,0.9934680000,1.0021293333,1.0064600000,0,1,0.0000000000,-43.2146482756
2023-12-05,RUB_KGS,1,0.0000000000,True,1.0064600000,1.0157400000,1.0253900000,0,1,0.0000000000,3.6426644614
2023-12-06,RUB_KGS,1,0.0000000000,True,1.0153700000,1.0265100000,1.0387700000,0,1,0.0000000000,10.9107558621
2023-12-07,RUB_KGS,1,0.0000000000,True,1.0253900000,1.0334966667,1.0363300000,0,0,23.4893190985,-51.0241929501
2023-12-08,RUB_KGS,1,0.0000000000,True,1.0259800000,1.0336933333,1.0259800000,0,0,99.8716625013,-25.5072426380
2023-12-09,RUB_KGS,1,0.0000000000,True,1.0259800000,1.0294300000,1.0259800000,1,1,0.0000000000,33.5136920432
2023-12-12,RUB_KGS,1,0.0000000000,True,1.0100300000,1.0182166667,1.0100300000,0,0,84.5244639912,-4.1575957966
2023-12-13,RUB_KGS,1,0.0000000000,True,1.0077600000,1.0121433333,1.0077600000,0,0,22.4745799630,20.8797831664
2023-12-14,RUB_KGS,1,0.0000000000,True,1.0066800000,1.0081566667,1.0066800000,0,0,10.7168373422,3.9345736608
2023-12-15,RUB_KGS,1,0.0000000000,True,1.0066800000,1.0072966667,1.0074500000,1,1,0.0000000000,6.1219964989
2023-12-16,RUB_KGS,1,0.0000000000,True,1.0066800000,1.0071933333,1.0074500000,0,1,0.0000000000,-2.5483356390
2023-12-19,RUB_KGS,1,0.0000000000,True,1.0074500000,1.0116033333,1.0120200000,0,0,32.6984064451,-36.9380620204
2023-12-20,RUB_KGS,1,0.0000000000,True,1.0120200000,1.0148966667,1.0173300000,1,1,0.0000000000,28.3444291537
2023-12-21,RUB_KGS,1,0.0000000000,True,1.0120200000,1.0203633333,1.0317400000,0,1,0.0000000000,29.7279727156
2023-12-22,RUB_KGS,1,0.0000000000,True,1.0173300000,1.0264966667,1.0304200000,0,0,12.7939209491,-51.0798866046
2023-12-23,RUB_KGS,1,0.0000000000,True,1.0304200000,1.0308600000,1.0304200000,1,1,0.0000000000,4.2682808529
2023-12-26,RUB_KGS,1,0.0000000000,True,1.0303400000,1.0307400000,1.0303400000,0,0,10.8583948966,-6.9852727167
2023-12-27,RUB_KGS,1,0.0000000000,True,1.0300600000,1.0306200000,1.0300600000,0,0,2.7175495468,2.7168112398
2023-12-28,RUB_KGS,1,0.0000000000,True,1.0139400000,1.0247800000,1.0139400000,0,0,156.4957381123,-51.5232537715
2023-12-29,RUB_KGS,1,0.0000000000,True,1.0067700000,1.0169233333,1.0067700000,0,0,70.7142434464,29.3368559413
2023-12-30,RUB_KGS,1,0.0000000000,True,1.0067700000,1.0091600000,1.0067700000,1,1,0.0000000000,23.6830631416
2024-01-10,RUB_KGS,1,0.0000000000,True,1.0008600000,1.0067333333,1.0008600000,0,0,115.6463256861,-57.9762929607
2024-01-11,RUB_KGS,1,0.0000000000,True,0.9939740000,1.0024680000,0.9939740000,0,0,68.8008312851,16.0404122625
2024-01-12,RUB_KGS,1,0.0000000000,True,0.9867040000,0.9938460000,0.9867040000,0,0,73.1407461362,-1.2879258960
2024-01-13,RUB_KGS,1,0.0000000000,True,0.9867040000,0.9891273333,0.9867040000,1,1,0.0000000000,24.4997105192
2024-01-16,RUB_KGS,1,0.0000000000,True,0.9812950000,0.9832023333,0.9812950000,0,0,3.1886455693,16.2157195857
2024-01-17,RUB_KGS,1,0.0000000000,True,0.9812950000,0.9841273333,0.9894790000,1,1,0.0000000000,28.7801510780
2024-01-18,RUB_KGS,1,0.0000000000,True,0.9812950000,0.9878650000,0.9928210000,0,1,0.0000000000,-16.3382648439
2024-01-19,RUB_KGS,1,0.0000000000,True,0.9894790000,0.9913833333,0.9918500000,0,0,9.7802121430,-14.5016223123
2024-01-20,RUB_KGS,1,0.0000000000,True,0.9918500000,0.9921736667,0.9918500000,1,1,0.0000000000,3.2621977134
2024-01-23,RUB_KGS,1,0.0000000000,True,0.9846490000,0.9871836667,0.9846490000,0,0,4.0911545786,21.5934150720
2024-01-24,RUB_KGS,1,0.0000000000,True,0.9846490000,0.9860483333,0.9884440000,1,1,0.0000000000,14.1913259830
2024-01-25,RUB_KGS,1,0.0000000000,True,0.9846490000,0.9885536667,0.9925680000,0,1,0.0000000000,1.1093648263
2024-01-26,RUB_KGS,1,0.0000000000,True,0.9884440000,0.9944006667,1.0021900000,0,1,0.0000000000,18.4298616051
2024-01-27,RUB_KGS,1,0.0000000000,True,0.9925680000,0.9989826667,1.0021900000,0,1,0.0000000000,-32.1059958331
2024-01-30,RUB_KGS,1,0.0000000000,True,0.9996500000,1.0016933333,0.9996500000,0,0,35.7840596467,-15.4405207183
2024-01-31,RUB_KGS,1,0.0000000000,True,0.9996500000,1.0022600000,1.0038900000,1,1,0.0000000000,26.0411470078
2024-02-01,RUB_KGS,1,0.0000000000,True,0.9996500000,1.0045766667,1.0101900000,0,1,0.0000000000,6.8353833953
2024-02-02,RUB_KGS,1,0.0000000000,True,1.0038900000,1.0097033333,1.0150300000,0,1,0.0000000000,-4.8198975937
2024-02-03,RUB_KGS,1,0.0000000000,True,1.0101900000,1.0134166667,1.0150300000,0,1,0.0000000000,-15.9197434422
2024-02-06,RUB_KGS,1,0.0000000000,True,1.0140200000,1.0164433333,1.0140200000,0,0,61.3557062767,-37.7459966616
2024-02-07,RUB_KGS,1,0.0000000000,True,1.0140200000,1.0178500000,1.0192500000,1,1,0.0000000000,37.6283342339
2024-02-08,RUB_KGS,1,0.0000000000,True,1.0140200000,1.0178966667,1.0204200000,0,1,0.0000000000,-13.2953901673
2024-02-09,RUB_KGS,1,0.0000000000,True,1.0163300000,1.0186666667,1.0163300000,0,0,40.0815350542,-17.2120418848
2024-02-10,RUB_KGS,1,0.0000000000,True,1.0163300000,1.0176933333,1.0163300000,1,1,0.0000000000,13.3963079906
2024-02-13,RUB_KGS,1,0.0000000000,True,1.0163300000,1.0181966667,1.0198600000,0,1,0.0000000000,-1.9969946867
2024-02-14,RUB_KGS,1,0.0000000000,True,1.0184000000,1.0202133333,1.0223800000,0,1,0.0000000000,3.4633279314
2024-02-15,RUB_KGS,1,0.0000000000,True,1.0198600000,1.0230033333,1.0267700000,0,1,0.0000000000,6.0931701102
2024-02-16,RUB_KGS,1,0.0000000000,True,1.0223800000,1.0280100000,1.0348800000,0,1,0.0000000000,12.0621394734
2024-02-17,RUB_KGS,1,0.0000000000,True,1.0267700000,1.0321766667,1.0348800000,0,1,0.0000000000,-26.1906069051
2024-02-20,RUB_KGS,1,0.0000000000,True,1.0326400000,1.0336133333,1.0326400000,0,0,6.5807300739,2.8379406870
2024-02-21,RUB_KGS,1,0.0000000000,True,1.0326400000,1.0332000000,1.0336400000,1,1,0.0000000000,5.4200542005
2024-02-22,RUB_KGS,1,0.0000000000,True,1.0326400000,1.0344766667,1.0371500000,0,1,0.0000000000,8.0878254061
2024-02-23,RUB_KGS,1,0.0000000000,True,1.0336400000,1.0359800000,1.0371500000,0,1,0.0000000000,-11.2936543177
2024-02-27,RUB_KGS,1,0.0000000000,True,1.0292100000,1.0340566667,1.0292100000,0,0,63.7182494859,-16.9558728245
2024-02-28,RUB_KGS,1,0.0000000000,True,1.0272700000,1.0307633333,1.0272700000,0,0,18.8494087698,15.0697379612
2024-02-29,RUB_KGS,1,0.0000000000,True,1.0159000000,1.0241266667,1.0159000000,0,0,110.6817097745,-30.6928179457
2024-03-01,RUB_KGS,1,0.0000000000,True,1.0159000000,1.0216000000,1.0216300000,1,1,0.0000000000,55.7948316366
2024-03-02,RUB_KGS,1,0.0000000000,True,1.0159000000,1.0197200000,1.0216300000,0,1,0.0000000000,-18.7306319382
2024-03-05,RUB_KGS,1,0.0000000000,True,1.0193500000,1.0208300000,1.0193500000,0,0,21.1451674482,-6.6612462408
2024-03-06,RUB_KGS,1,0.0000000000,True,1.0101900000,1.0170166667,1.0101900000,0,0,89.8611860499,-22.9429212894
2024-03-07,RUB_KGS,1,0.0000000000,True,1.0101900000,1.0147633333,1.0147500000,1,1,0.0000000000,45.0679797260
2024-03-08,RUB_KGS,1,0.0000000000,True,1.0101900000,1.0132300000,1.0147500000,0,1,0.0000000000,-15.0015297613
2024-03-12,RUB_KGS,1,0.0000000000,True,1.0133600000,1.0147800000,1.0162300000,1,1,0.0000000000,13.9931807880
2024-03-13,RUB_KGS,1,0.0000000000,True,1.0133600000,1.0175300000,1.0230000000,0,1,0.0000000000,12.7760360874
2024-03-14,RUB_KGS,1,0.0000000000,True,1.0162300000,1.0209933333,1.0237500000,0,1,0.0000000000,-19.6540623837
2024-03-15,RUB_KGS,1,0.0000000000,True,1.0230000000,1.0243733333,1.0263700000,0,1,0.0000000000,6.0850210861
2024-03-16,RUB_KGS,1,0.0000000000,True,1.0237500000,1.0254966667,1.0263700000,0,1,0.0000000000,-8.5161986550
2024-03-19,RUB_KGS,1,0.0000000000,True,1.0263700000,1.0281066667,1.0303200000,0,1,0.0000000000,4.6363542045
2024-03-20,RUB_KGS,1,0.0000000000,True,1.0276300000,1.0311433333,1.0354800000,0,1,0.0000000000,7.9846642723
2024-03-21,RUB_KGS,1,0.0000000000,True,1.0272600000,1.0310200000,1.0272600000,0,0,79.3834743307,-43.2581327229
2024-03-22,RUB_KGS,1,0.0000000000,True,1.0272600000,1.0324633333,1.0346500000,1,1,0.0000000000,50.3972699595
2024-03-23,RUB_KGS,1,0.0000000000,True,1.0272600000,1.0321866667,1.0346500000,0,1,0.0000000000,-23.8651923425
2024-03-26,RUB_KGS,1,0.0000000000,True,1.0342400000,1.0351266667,1.0342400000,0,0,21.7078794779,-13.1706908655
2024-03-27,RUB_KGS,1,0.0000000000,True,1.0342400000,1.0350533333,1.0344300000,1,1,0.0000000000,7.8578881604
2024-03-28,RUB_KGS,1,0.0000000000,True,1.0312000000,1.0332900000,1.0312000000,0,0,31.2249258045,-11.0327207270
2024-03-29,RUB_KGS,1,0.0000000000,True,1.0312000000,1.0326633333,1.0323600000,1,1,0.0000000000,14.1704782779
2024-03-30,RUB_KGS,1,0.0000000000,True,1.0312000000,1.0319733333,1.0323600000,0,1,0.0000000000,-3.7468668441
2024-04-02,RUB_KGS,1,0.0000000000,True,1.0322600000,1.0333866667,1.0355400000,1,1,0.0000000000,10.9026630884
2024-04-03,RUB_KGS,1,0.0000000000,True,1.0322600000,1.0339366667,1.0340100000,0,0,14.7749000521,-15.5070749014
2024-04-04,RUB_KGS,1,0.0000000000,True,1.0330800000,1.0342100000,1.0330800000,0,0,8.9941103084,1.9338432233
2024-04-05,RUB_KGS,1,0.0000000000,True,1.0330800000,1.0338566667,1.0344800000,1,1,0.0000000000,7.5123244034
2024-04-06,RUB_KGS,1,0.0000000000,True,1.0330800000,1.0340133333,1.0344800000,0,1,0.0000000000,-4.5131590824
2024-04-09,RUB_KGS,1,0.0000000000,True,1.0344800000,1.0378166667,1.0406900000,0,1,0.0000000000,-4.4645007949
2024-04-10,RUB_KGS,1,0.0000000000,True,1.0382800000,1.0416566667,1.0460000000,0,1,0.0000000000,9.2800890889
2024-04-11,RUB_KGS,1,0.0000000000,True,1.0406900000,1.0461000000,1.0516100000,0,1,0.0000000000,0.9559315553
2024-04-12,RUB_KGS,1,0.0000000000,True,1.0460000000,1.0487033333,1.0485000000,0,0,29.5737012771,-27.7167676909
2024-04-13,RUB_KGS,1,0.0000000000,True,1.0485000000,1.0495366667,1.0485000000,1,1,0.0000000000,9.8773744605
2024-04-16,RUB_KGS,1,0.0000000000,True,1.0485000000,1.0514666667,1.0557500000,0,1,0.0000000000,12.5221912250
2024-04-17,RUB_KGS,1,0.0000000000,True,1.0501500000,1.0552200000,1.0597600000,0,1,0.0000000000,-5.0226493054
2024-04-18,RUB_KGS,1,0.0000000000,True,1.0557500000,1.0575500000,1.0571400000,0,0,24.7225786971,-20.8973570990
2024-04-19,RUB_KGS,1,0.0000000000,True,1.0497000000,1.0555333333,1.0497000000,0,0,70.3785685907,-15.2213730815
2024-04-20,RUB_KGS,1,0.0000000000,True,1.0497000000,1.0521800000,1.0497000000,1,1,0.0000000000,23.5701115779
2024-04-23,RUB_KGS,1,0.0000000000,True,1.0488800000,1.0495233333,1.0499900000,1,1,0.0000000000,6.1297668465
2024-04-24,RUB_KGS,1,0.0000000000,True,1.0411300000,1.0466666667,1.0411300000,0,0,84.3817560167,-31.7515923567
2024-04-25,RUB_KGS,1,0.0000000000,True,1.0370400000,1.0427200000,1.0370400000,0,0,39.2842392401,15.2485806353
2024-04-26,RUB_KGS,1,0.0000000000,True,1.0361100000,1.0380933333,1.0361100000,0,0,8.9678315205,10.1468076088
2024-04-27,RUB_KGS,1,0.0000000000,True,1.0334700000,1.0355400000,1.0334700000,0,0,25.4799200857,-5.5043745292
2024-04-28,RUB_KGS,1,0.0000000000,True,1.0334700000,1.0343500000,1.0334700000,1,1,0.0000000000,8.5077584957
2024-05-03,RUB_KGS,1,0.0000000000,True,1.0334700000,1.0351433333,1.0339400000,0,0,39.3056010481,-27.7900322983
2024-05-04,RUB_KGS,1,0.0000000000,True,1.0339400000,1.0353000000,1.0339400000,1,1,0.0000000000,13.1362889984
2024-05-07,RUB_KGS,1,0.0000000000,True,1.0288800000,1.0308566667,1.0288800000,0,0,8.4486525856,10.7354077676
2024-05-08,RUB_KGS,1,0.0000000000,True,1.0288800000,1.0325033333,1.0388800000,1,1,0.0000000000,35.0927034941
2024-05-09,RUB_KGS,1,0.0000000000,True,1.0288800000,1.0355466667,1.0388800000,0,1,0.0000000000,-32.1891175032
2024-05-14,RUB_KGS,1,0.0000000000,True,1.0342400000,1.0368033333,1.0342400000,0,0,29.4035419217,-4.6939149501
2024-05-15,RUB_KGS,1,0.0000000000,True,1.0331900000,1.0349066667,1.0331900000,0,0,10.1523824257,6.4418047360
2024-05-16,RUB_KGS,1,0.0000000000,True,1.0301600000,1.0325300000,1.0301600000,0,0,29.3266485351,-6.3920660901
2024-05-17,RUB_KGS,1,0.0000000000,True,1.0301600000,1.0316133333,1.0314900000,1,1,0.0000000000,14.0879657753
2024-05-18,RUB_KGS,1,0.0000000000,True,1.0301600000,1.0310466667,1.0314900000,0,1,0.0000000000,-4.2998377054
2024-05-21,RUB_KGS,1,0.0000000000,True,1.0256200000,1.0283266667,1.0256200000,0,0,21.8899277146,4.4408715778
2024-05-22,RUB_KGS,1,0.0000000000,True,1.0246300000,1.0260400000,1.0246300000,0,0,9.6526978803,4.0934076644
2024-05-23,RUB_KGS,1,0.0000000000,True,1.0246300000,1.0252866667,1.0256100000,1,1,0.0000000000,6.4047128283
2024-05-24,RUB_KGS,1,0.0000000000,True,1.0198600000,1.0233666667,1.0198600000,0,0,56.0641959419,-21.9211100616
2024-05-25,RUB_KGS,1,0.0000000000,True,1.0198600000,1.0217766667,1.0198600000,1,1,0.0000000000,18.7581761181
2024-05-28,RUB_KGS,1,0.0000000000,True,1.0061100000,1.0115800000,1.0061100000,0,0,26.3687460967,27.7783269736
2024-05-29,RUB_KGS,1,0.0000000000,True,1.0061100000,1.0108866667,1.0177800000,1,1,0.0000000000,47.2522472021
2024-05-30,RUB_KGS,1,0.0000000000,True,1.0061100000,1.0158966667,1.0238000000,0,1,0.0000000000,-18.5386308975
2024-05-31,RUB_KGS,1,0.0000000000,True,1.0177800000,1.0233300000,1.0284100000,0,1,0.0000000000,-4.5928488366
2024-06-01,RUB_KGS,1,0.0000000000,True,1.0238000000,1.0268733333,1.0284100000,0,1,0.0000000000,-14.9645201291
2024-06-04,RUB_KGS,1,0.0000000000,True,1.0138100000,1.0204400000,1.0138100000,0,0,51.9085467569,13.1315902944
2024-06-05,RUB_KGS,1,0.0000000000,True,1.0138100000,1.0164133333,1.0163300000,1,1,0.0000000000,25.6129396177
2024-06-06,RUB_KGS,1,0.0000000000,True,1.0138100000,1.0156166667,1.0167100000,0,1,0.0000000000,-7.0236473735
2024-06-07,RUB_KGS,1,0.0000000000,True,1.0163300000,1.0165866667,1.0167200000,0,1,0.0000000000,-1.2132102198
2024-06-08,RUB_KGS,1,0.0000000000,True,1.0167100000,1.0167166667,1.0167200000,0,1,0.0000000000,-0.0327852729
2024-06-11,RUB_KGS,1,0.0000000000,True,1.0167200000,1.0209566667,1.0233500000,0,1,0.0000000000,-18.0549615230
2024-06-12,RUB_KGS,1,0.0000000000,True,1.0228000000,1.0231666667,1.0233500000,0,1,0.0000000000,-1.7918227724
2024-06-14,RUB_KGS,1,0.0000000000,True,1.0125100000,1.0165300000,1.0137300000,1,1,0.0000000000,39.5462996665
2024-06-15,RUB_KGS,1,0.0000000000,True,1.0125100000,1.0133233333,1.0137300000,0,1,0.0000000000,-4.0131974987
2024-06-18,RUB_KGS,1,0.0000000000,True,0.9935370000,1.0069356667,0.9935370000,0,0,197.3577757168,-65.5884338192
2024-06-19,RUB_KGS,1,0.0000000000,True,0.9464860000,0.9845210000,0.9464860000,0,0,473.5706873524,-91.5775285647
2024-06-20,RUB_KGS,1,0.0000000000,True,0.9464860000,0.9743330000,0.9829760000,1,1,0.0000000000,285.8057768751
2024-06-21,RUB_KGS,1,0.0000000000,True,0.9464860000,0.9811006667,1.0138400000,0,1,0.0000000000,-19.1145862708
2024-06-22,RUB_KGS,1,0.0000000000,True,0.9829760000,1.0035520000,1.0138400000,0,1,0.0000000000,-102.5158636523
2024-06-25,RUB_KGS,1,0.0000000000,True,1.0078400000,1.0098833333,1.0079700000,1,1,0.0000000000,20.2333602891
2024-06-26,RUB_KGS,1,0.0000000000,True,1.0078400000,1.0104166667,1.0154400000,0,1,0.0000000000,24.2144329897
2024-06-27,RUB_KGS,1,0.0000000000,True,0.9828110000,1.0020736667,0.9828110000,0,0,321.3286851020,-133.3867337099
2024-06-28,RUB_KGS,1,0.0000000000,True,0.9828110000,0.9967276667,0.9919320000,1,1,0.0000000000,139.6235615011
2024-06-29,RUB_KGS,1,0.0000000000,True,0.9828110000,0.9888916667,0.9919320000,0,1,0.0000000000,-30.7448574583
2024-07-02,RUB_KGS,1,0.0000000000,True,0.9919320000,1.0081773333,1.0216300000,0,1,0.0000000000,-27.7001532799
2024-07-03,RUB_KGS,1,0.0000000000,True,1.0109700000,1.0181866667,1.0219600000,0,1,0.0000000000,-33.8182913415
2024-07-04,RUB_KGS,1,0.0000000000,True,1.0216300000,1.0226600000,1.0243900000,0,1,0.0000000000,6.8448946864
2024-07-05,RUB_KGS,1,0.0000000000,True,1.0219600000,1.0241233333,1.0260200000,0,1,0.0000000000,-2.6038530516
2024-07-06,RUB_KGS,1,0.0000000000,True,1.0243900000,1.0254766667,1.0260200000,0,1,0.0000000000,-5.2983490604
2024-07-09,RUB_KGS,1,0.0000000000,True,1.0260200000,1.0272000000,1.0275700000,0,0,4.2801140067,-7.8855140187
2024-07-10,RUB_KGS,1,0.0000000000,True,1.0275700000,1.0277533333,1.0276800000,1,1,0.0000000000,1.7838262099
2024-07-11,RUB_KGS,1,0.0000000000,True,1.0275700000,1.0288800000,1.0313900000,0,1,0.0000000000,11.6631677164
2024-07-12,RUB_KGS,1,0.0000000000,True,1.0276800000,1.0292366667,1.0286400000,0,0,26.6630469560,-20.9216539118
2024-07-13,RUB_KGS,1,0.0000000000,True,1.0286400000,1.0295566667,1.0286400000,1,1,0.0000000000,8.9035086299
2024-07-16,RUB_KGS,1,0.0000000000,True,1.0286400000,1.0312733333,1.0357800000,0,1,0.0000000000,18.1652455540
2024-07-17,RUB_KGS,1,0.0000000000,True,1.0294000000,1.0340033333,1.0368300000,0,1,0.0000000000,-17.1824075358
2024-07-18,RUB_KGS,1,0.0000000000,True,1.0357800000,1.0362833333,1.0362400000,0,0,5.6904217663,-5.2752625569
2024-07-19,RUB_KGS,1,0.0000000000,True,1.0362400000,1.0376600000,1.0399100000,1,1,0.0000000000,13.6846365862
2024-07-20,RUB_KGS,1,0.0000000000,True,1.0362400000,1.0386866667,1.0399100000,0,1,0.0000000000,-11.7776936259
2024-07-23,RUB_KGS,1,0.0000000000,True,1.0347600000,1.0374200000,1.0347600000,0,0,27.2747424320,-1.6386805730
2024-07-24,RUB_KGS,1,0.0000000000,True,1.0275800000,1.0333100000,1.0275800000,0,0,69.3880706637,-14.0325749291
2024-07-25,RUB_KGS,1,0.0000000000,True,1.0143700000,1.0255700000,1.0143700000,0,0,128.5544677787,-19.5988572209
2024-07-26,RUB_KGS,1,0.0000000000,True,1.0143700000,1.0200300000,1.0181400000,1,1,0.0000000000,55.4885640618
2024-07-27,RUB_KGS,1,0.0000000000,True,1.0143700000,1.0168833333,1.0181400000,0,1,0.0000000000,-12.3580220609
2024-07-30,RUB_KGS,1,0.0000000000,True,1.0181400000,1.0251866667,1.0273700000,0,0,26.0181544585,-47.4385152623
2024-07-31,RUB_KGS,1,0.0000000000,True,1.0247400000,1.0273866667,1.0247400000,0,0,25.5993459026,0.1622238949
2024-08-01,RUB_KGS,1,0.0000000000,True,1.0208700000,1.0243266667,1.0208700000,0,0,37.7656771474,-4.0351710717
2024-08-02,RUB_KGS,1,0.0000000000,True,1.0199000000,1.0218366667,1.0199000000,0,0,9.5016995308,9.4600898382
2024-08-03,RUB_KGS,1,0.0000000000,True,1.0199000000,1.0202233333,1.0199000000,1,1,0.0000000000,3.1692407218
2024-08-06,RUB_KGS,1,0.0000000000,True,1.0052600000,1.0106700000,1.0068500000,1,1,0.0000000000,53.5288472004
2024-08-07,RUB_KGS,1,0.0000000000,True,1.0052600000,1.0088233333,1.0143600000,0,1,0.0000000000,19.5607423830
2024-08-08,RUB_KGS,1,0.0000000000,True,1.0068500000,1.0125833333,1.0165400000,0,1,0.0000000000,-17.5458809974
2024-08-09,RUB_KGS,1,0.0000000000,True,1.0143600000,1.0204166667,1.0303500000,0,1,0.0000000000,37.9910167415
2024-08-10,RUB_KGS,1,0.0000000000,True,1.0165400000,1.0257466667,1.0303500000,0,1,0.0000000000,-44.8778775786
2024-08-13,RUB_KGS,1,0.0000000000,True,1.0303500000,1.0550500000,1.0815500000,0,1,0.0000000000,17.0608028056
2024-08-14,RUB_KGS,1,0.0000000000,True,1.0502400000,1.0616800000,1.0502400000,0,0,289.4919328741,-187.1562052596
2024-08-15,RUB_KGS,1,0.0000000000,True,1.0361300000,1.0559733333,1.0361300000,0,0,134.3502437538,54.2943003611
2024-08-16,RUB_KGS,1,0.0000000000,True,1.0361300000,1.0412600000,1.0374100000,1,1,0.0000000000,49.2672339281
2024-08-17,RUB_KGS,1,0.0000000000,True,1.0361300000,1.0369833333,1.0374100000,0,1,0.0000000000,-4.1144987865
2024-08-20,RUB_KGS,1,0.0000000000,True,1.0374100000,1.0469566667,1.0586200000,0,1,0.0000000000,20.2173283199
2024-08-21,RUB_KGS,1,0.0000000000,True,1.0448400000,1.0581500000,1.0709900000,0,1,0.0000000000,-4.4417143127
2024-08-22,RUB_KGS,1,0.0000000000,True,1.0586200000,1.0657833333,1.0677400000,0,0,30.3457548623,-48.8529563545
2024-08-23,RUB_KGS,1,0.0000000000,True,1.0677400000,1.0707000000,1.0733700000,1,1,0.0000000000,27.6454655833
2024-08-24,RUB_KGS,1,0.0000000000,True,1.0677400000,1.0714933333,1.0733700000,0,1,0.0000000000,-17.5144969015
2024-08-27,RUB_KGS,1,0.0000000000,True,1.0733700000,1.0749766667,1.0745200000,0,0,23.3974597044,-19.1942150682
2024-08-28,RUB_KGS,1,0.0000000000,True,1.0745200000,1.0753733333,1.0745600000,1,1,0.0000000000,7.9352286958
2024-08-29,RUB_KGS,1,0.0000000000,True,1.0745200000,1.0747666667,1.0752200000,0,1,0.0000000000,1.9228979934
2024-08-30,RUB_KGS,1,0.0000000000,True,1.0738600000,1.0745466667,1.0738600000,0,0,12.6485742453,-6.2662083856
2024-08-31,RUB_KGS,1,0.0000000000,True,1.0738600000,1.0743133333,1.0738600000,1,1,0.0000000000,4.2197496696
2024-09-03,RUB_KGS,1,0.0000000000,True,1.0473300000,1.0611333333,1.0473300000,0,0,140.0852938684,-10.1463843689
2024-09-04,RUB_KGS,1,0.0000000000,True,1.0473300000,1.0545266667,1.0540400000,1,1,0.0000000000,68.2454687411
2024-09-05,RUB_KGS,1,0.0000000000,True,1.0473300000,1.0554533333,1.0649900000,0,1,0.0000000000,13.3907704746
2024-09-06,RUB_KGS,1,0.0000000000,True,1.0540400000,1.0619366667,1.0667800000,0,1,0.0000000000,-28.7524993644
2024-09-07,RUB_KGS,1,0.0000000000,True,1.0649900000,1.0661833333,1.0667800000,0,1,0.0000000000,-5.5962858170
2024-09-10,RUB_KGS,1,0.0000000000,True,1.0667800000,1.0741133333,1.0821000000,0,1,0.0000000000,6.0825362935
2024-09-11,RUB_KGS,1,0.0000000000,True,1.0734600000,1.0798233333,1.0839100000,0,1,0.0000000000,-21.0836957897
2024-09-12,RUB_KGS,1,0.0000000000,True,1.0800100000,1.0820066667,1.0800100000,0,0,35.9808471183,-17.5907727001
2024-09-13,RUB_KGS,1,0.0000000000,True,1.0755100000,1.0798100000,1.0755100000,0,0,41.6662808678,-1.8521776979
2024-09-14,RUB_KGS,1,0.0000000000,True,1.0755100000,1.0770100000,1.0755100000,1,1,0.0000000000,13.9274472846
2024-09-17,RUB_KGS,1,0.0000000000,True,1.0755100000,1.0777533333,1.0812900000,0,1,0.0000000000,12.0002721711
2024-09-18,RUB_KGS,1,0.0000000000,True,1.0764600000,1.0814633333,1.0866400000,0,1,0.0000000000,1.6027666218
2024-09-19,RUB_KGS,1,0.0000000000,True,1.0812900000,1.0892866667,1.0999300000,0,1,0.0000000000,24.2972465161
2024-09-20,RUB_KGS,1,0.0000000000,True,1.0866400000,1.0952166667,1.0990800000,0,0,7.7277644941,-43.0356246100
2024-09-21,RUB_KGS,1,0.0000000000,True,1.0990800000,1.0993633333,1.0990800000,1,1,0.0000000000,2.5772492564
2024-09-24,RUB_KGS,1,0.0000000000,True,1.0990800000,1.1015266667,1.1025900000,0,0,2.9014153467,-12.5583281385
2024-09-25,RUB_KGS,1,0.0000000000,True,1.0972400000,1.1009133333,1.0972400000,0,0,48.5221161084,-15.2297789108
2024-09-26,RUB_KGS,1,0.0000000000,True,1.0972400000,1.0991033333,1.0974800000,1,1,0.0000000000,16.9532133770
2024-09-27,RUB_KGS,1,0.0000000000,True,1.0972400000,1.0986066667,1.1011000000,0,1,0.0000000000,10.2554144340
2024-09-28,RUB_KGS,1,0.0000000000,True,1.0974800000,1.0998933333,1.1011000000,0,1,0.0000000000,-10.9707608010
2024-10-01,RUB_KGS,1,0.0000000000,True,1.1011000000,1.1054733333,1.1082200000,0,1,0.0000000000,-14.7146621960
2024-10-02,RUB_KGS,1,0.0000000000,True,1.1071000000,1.1116833333,1.1197300000,0,1,0.0000000000,31.1539557128
2024-10-03,RUB_KGS,1,0.0000000000,True,1.1082200000,1.1176833333,1.1251000000,0,1,0.0000000000,-18.3116863751
2024-10-04,RUB_KGS,1,0.0000000000,True,1.1197300000,1.1216333333,1.1200700000,0,0,44.7071371434,-30.9073077952
2024-10-05,RUB_KGS,1,0.0000000000,True,1.1200700000,1.1217466667,1.1200700000,1,1,0.0000000000,14.9469280051
2024-10-08,RUB_KGS,1,0.0000000000,True,1.1200700000,1.1280400000,1.1298700000,0,0,38.0010227653,-54.4306939470
2024-10-09,RUB_KGS,1,0.0000000000,True,1.1298700000,1.1339800000,1.1378900000,1,1,0.0000000000,36.2440254678
2024-10-10,RUB_KGS,1,0.0000000000,True,1.1298700000,1.1363566667,1.1413100000,0,1,0.0000000000,-13.4934160930
2024-10-11,RUB_KGS,1,0.0000000000,True,1.1236100000,1.1342700000,1.1236100000,0,0,155.0849462460,-62.0663510452
2024-10-12,RUB_KGS,1,0.0000000000,True,1.1236100000,1.1295100000,1.1236100000,1,1,0.0000000000,52.2350399731
2024-10-15,RUB_KGS,1,0.0000000000,True,1.1236100000,1.1274166667,1.1346400000,0,1,0.0000000000,30.3052701604
2024-10-16,RUB_KGS,1,0.0000000000,True,1.1240000000,1.1320500000,1.1375100000,0,1,0.0000000000,-22.8788481074
2024-10-17,RUB_KGS,1,0.0000000000,True,1.1346400000,1.1361333333,1.1362500000,0,0,11.0768256982,-12.1171224035
2024-10-18,RUB_KGS,1,0.0000000000,True,1.1276900000,1.1338166667,1.1276900000,0,0,75.3355335534,-21.4614355642
2024-10-19,RUB_KGS,1,0.0000000000,True,1.1276900000,1.1305433333,1.1276900000,1,1,0.0000000000,25.2386020881
2024-10-22,RUB_KGS,1,0.0000000000,True,1.1238900000,1.1271033333,1.1297300000,1,1,0.0000000000,28.5096604570
2024-10-23,RUB_KGS,1,0.0000000000,True,1.1238900000,1.1279633333,1.1302700000,0,1,0.0000000000,-15.6624476564
2024-10-24,RUB_KGS,1,0.0000000000,True,1.1275100000,1.1291700000,1.1275100000,0,0,24.4189441461,-9.7416686593
2024-10-25,RUB_KGS,1,0.0000000000,True,1.1266400000,1.1281400000,1.1266400000,0,0,7.7161178171,5.5844132820
2024-10-26,RUB_KGS,1,0.0000000000,True,1.1266400000,1.1269300000,1.1266400000,1,1,0.0000000000,2.5733630305
2024-10-29,RUB_KGS,1,0.0000000000,True,1.1266400000,1.1314000000,1.1343400000,0,1,0.0000000000,-16.0862648047
2024-10-30,RUB_KGS,1,0.0000000000,True,1.1311500000,1.1329033333,1.1311500000,0,0,28.1220797997,-12.6812820158
2024-10-31,RUB_KGS,1,0.0000000000,True,1.1308000000,1.1320966667,1.1308000000,0,0,3.0941961720,8.3620656658
2024-11-01,RUB_KGS,1,0.0000000000,True,1.1308000000,1.1325400000,1.1356700000,1,1,0.0000000000,15.3636957635
2024-11-02,RUB_KGS,1,0.0000000000,True,1.1308000000,1.1344733333,1.1369500000,0,1,0.0000000000,-10.5482132678
2024-11-03,RUB_KGS,1,0.0000000000,True,1.1356700000,1.1365233333,1.1369500000,0,1,0.0000000000,-3.7541390850
2024-11-06,RUB_KGS,1,0.0000000000,True,1.1369500000,1.1381133333,1.1394800000,0,1,0.0000000000,1.7865824727
2024-11-07,RUB_KGS,1,0.0000000000,True,1.1377300000,1.1383733333,1.1377300000,0,0,15.3578825429,-9.7214739160
2024-11-08,RUB_KGS,1,0.0000000000,True,1.1349600000,1.1373900000,1.1349600000,0,0,24.3467254973,-2.9893000642
2024-11-09,RUB_KGS,1,0.0000000000,True,1.1349600000,1.1358833333,1.1349600000,1,1,0.0000000000,8.1287690931
2024-11-12,RUB_KGS,1,0.0000000000,True,1.1349600000,1.1359033333,1.1363800000,0,1,0.0000000000,-4.1083308145
2024-11-13,RUB_KGS,1,0.0000000000,True,1.1363700000,1.1379600000,1.1411300000,0,1,0.0000000000,13.8844950613
2024-11-14,RUB_KGS,1,0.0000000000,True,1.1363800000,1.1412866667,1.1463500000,0,1,0.0000000000,1.3727196790
2024-11-15,RUB_KGS,1,0.0000000000,True,1.1411300000,1.1478400000,1.1560400000,0,1,0.0000000000,12.9809032618
2024-11-16,RUB_KGS,1,0.0000000000,True,1.1463500000,1.1528100000,1.1560400000,0,1,0.0000000000,-28.0184939409
2024-11-19,RUB_KGS,1,0.0000000000,True,1.1554100000,1.1559733333,1.1564700000,1,1,0.0000000000,4.8732381370
2024-11-20,RUB_KGS,1,0.0000000000,True,1.1554100000,1.1568266667,1.1586000000,0,1,0.0000000000,3.0831469998
2024-11-21,RUB_KGS,1,0.0000000000,True,1.1564700000,1.1596666667,1.1639300000,0,1,0.0000000000,9.1980454153
2024-11-22,RUB_KGS,1,0.0000000000,True,1.1586000000,1.1694600000,1.1858500000,0,1,0.0000000000,47.2867819335
2024-11-23,RUB_KGS,1,0.0000000000,True,1.1639300000,1.1785433333,1.1858500000,0,1,0.0000000000,-61.9974375147
2024-11-26,RUB_KGS,1,0.0000000000,True,1.1858500000,1.1973700000,1.2103700000,0,1,0.0000000000,12.3604232610
2024-11-27,RUB_KGS,1,0.0000000000,True,1.1958900000,1.2168733333,1.2443600000,0,1,0.0000000000,53.4429768094
2024-11-28,RUB_KGS,1,0.0000000000,True,1.2103700000,1.2390500000,1.2624200000,0,1,0.0000000000,-42.8554134216
2024-11-29,RUB_KGS,1,0.0000000000,True,1.2412500000,1.2493433333,1.2412500000,0,0,167.6937944583,-104.6683190903
2024-11-30,RUB_KGS,1,0.0000000000,True,1.2412500000,1.2483066667,1.2412500000,1,1,0.0000000000,56.5299125215
2024-12-03,RUB_KGS,1,0.0000000000,True,1.2233600000,1.2331200000,1.2233600000,0,0,92.2453938044,-13.2185026599
2024-12-04,RUB_KGS,1,0.0000000000,True,1.2008800000,1.2196633333,1.2008800000,0,0,183.7562123986,-30.3089103824
2024-12-05,RUB_KGS,1,0.0000000000,True,1.1910600000,1.2051000000,1.1910600000,0,0,81.7733661981,35.0178408431
2024-12-06,RUB_KGS,1,0.0000000000,True,1.1454100000,1.1791166667,1.1454100000,0,0,383.2720433899,-101.2905140854
2024-12-07,RUB_KGS,1,0.0000000000,True,1.1454100000,1.1606266667,1.1454100000,1,1,0.0000000000,131.1073328202
2024-12-10,RUB_KGS,1,0.0000000000,True,1.1448800000,1.1475800000,1.1524500000,1,1,0.0000000000,23.5277714843
2024-12-11,RUB_KGS,1,0.0000000000,True,1.1448800000,1.1623600000,1.1897500000,0,1,0.0000000000,85.2575794074
2024-12-12,RUB_KGS,1,0.0000000000,True,1.1524500000,1.1799266667,1.1975800000,0,1,0.0000000000,-83.2537615332
2024-12-13,RUB_KGS,1,0.0000000000,True,1.1894300000,1.1922533333,1.1894300000,0,0,68.0539087159,-44.6773057180
2024-12-14,RUB_KGS,1,0.0000000000,True,1.1894300000,1.1921466667,1.1894300000,1,1,0.0000000000,22.7880238449
2024-12-17,RUB_KGS,1,0.0000000000,True,1.1829300000,1.1854133333,1.1838800000,1,1,0.0000000000,20.9490922997
2024-12-18,RUB_KGS,1,0.0000000000,True,1.1813400000,1.1827166667,1.1813400000,0,0,21.4548771835,-9.8361117766
2024-12-19,RUB_KGS,1,0.0000000000,True,1.1813400000,1.1846533333,1.1887400000,1,1,0.0000000000,27.9688009994
2024-12-20,RUB_KGS,1,0.0000000000,True,1.1763700000,1.1821500000,1.1763700000,0,0,104.0597607551,-55.7458867318
2024-12-21,RUB_KGS,1,0.0000000000,True,1.1763700000,1.1804933333,1.1763700000,1,1,0.0000000000,34.9288997820
2024-12-24,RUB_KGS,1,0.0000000000,True,1.1479600000,1.1641033333,1.1479600000,0,0,171.4070446412,-33.3017401090
2024-12-25,RUB_KGS,1,0.0000000000,True,1.1449700000,1.1536366667,1.1449700000,0,0,26.0462037005,49.2067115296
2024-12-26,RUB_KGS,1,0.0000000000,True,1.1405700000,1.1445000000,1.1405700000,0,0,38.4289544704,-4.1065967671
2024-12-27,RUB_KGS,1,0.0000000000,True,1.1405700000,1.1470133333,1.1555000000,1,1,0.0000000000,56.1748773627
2024-12-28,RUB_KGS,1,0.0000000000,True,1.1405700000,1.1549366667,1.1687400000,0,1,0.0000000000,-4.8776123366
2024-12-29,RUB_KGS,1,0.0000000000,True,1.1555000000,1.1643266667,1.1687400000,0,1,0.0000000000,-37.9045972207
2025-01-10,RUB_KGS,1,0.0000000000,True,1.1687400000,1.1719766667,1.1714300000,0,0,36.8272436552,-32.2816438325
2025-01-11,RUB_KGS,1,0.0000000000,True,1.1714300000,1.1728733333,1.1714300000,1,1,0.0000000000,12.3059608597
2025-01-14,RUB_KGS,1,0.0000000000,True,1.1714300000,1.1763066667,1.1828200000,0,1,0.0000000000,13.9136052957
2025-01-15,RUB_KGS,1,0.0000000000,True,1.1746700000,1.1777066667,1.1756300000,0,0,60.7869329230,-43.4177157866
2025-01-16,RUB_KGS,1,0.0000000000,True,1.1706900000,1.1763800000,1.1706900000,0,0,42.0200233067,6.3754909128
2025-01-17,RUB_KGS,1,0.0000000000,True,1.1706900000,1.1724766667,1.1711100000,1,1,0.0000000000,15.2383984898
2025-01-18,RUB_KGS,1,0.0000000000,True,1.1706900000,1.1709700000,1.1711100000,0,1,0.0000000000,-1.1955899810
2025-01-21,RUB_KGS,1,0.0000000000,True,1.1426900000,1.1599100000,1.1426900000,0,0,199.3258600431,-51.9005784932
2025-01-22,RUB_KGS,1,0.0000000000,True,1.1238500000,1.1441566667,1.1238500000,0,0,164.8741128390,12.8187573380
2025-01-23,RUB_KGS,1,0.0000000000,True,1.1238500000,1.1332533333,1.1332200000,1,1,0.0000000000,82.9764453961
2025-01-24,RUB_KGS,1,0.0000000000,True,1.1236500000,1.1269066667,1.1236500000,0,0,84.4496214327,-56.0235689439
2025-01-25,RUB_KGS,1,0.0000000000,True,1.1236500000,1.1268400000,1.1236500000,1,1,0.0000000000,28.3092541976
2025-01-28,RUB_KGS,1,0.0000000000,True,1.1107100000,1.1182033333,1.1202500000,1,1,0.0000000000,67.0122607397
2025-01-29,RUB_KGS,1,0.0000000000,True,1.1107100000,1.1172466667,1.1207800000,0,1,0.0000000000,-26.8815600255
2025-01-30,RUB_KGS,1,0.0000000000,True,1.1202500000,1.1205800000,1.1207100000,0,0,0.6245650351,-1.7847900195
2025-01-31,RUB_KGS,1,0.0000000000,True,1.1184800000,1.1199900000,1.1184800000,0,0,19.8981003114,-6.4286288270
2025-02-01,RUB_KGS,1,0.0000000000,True,1.1184800000,1.1192233333,1.1184800000,1,1,0.0000000000,6.6415103331
2025-02-04,RUB_KGS,1,0.0000000000,True,1.1184800000,1.1293600000,1.1267400000,0,0,141.0496473759,-119.5367287667
2025-02-05,RUB_KGS,1,0.0000000000,True,1.1212800000,1.1302933333,1.1212800000,0,0,48.4583843655,31.4372670221
2025-02-06,RUB_KGS,1,0.0000000000,True,1.1081800000,1.1187333333,1.1081800000,0,0,116.8307648402,-22.7638400572
2025-02-07,RUB_KGS,1,0.0000000000,True,1.1081800000,1.1139400000,1.1123600000,1,1,0.0000000000,51.7083505395
2025-02-08,RUB_KGS,1,0.0000000000,True,1.1081800000,1.1109666667,1.1123600000,0,1,0.0000000000,-12.5416304120
2025-02-11,RUB_KGS,1,0.0000000000,True,1.0955100000,1.1048600000,1.0955100000,0,0,101.2008565930,-16.7442028854
2025-02-12,RUB_KGS,1,0.0000000000,True,1.0754500000,1.0925566667,1.0754500000,0,0,183.1110624275,-27.0313973036
2025-02-13,RUB_KGS,1,0.0000000000,True,1.0409500000,1.0706366667,1.0409500000,0,0,320.7959458831,-44.9576731602
2025-02-14,RUB_KGS,1,0.0000000000,True,1.0327000000,1.0497000000,1.0327000000,0,0,79.2545271147,83.3571496618
2025-02-15,RUB_KGS,1,0.0000000000,True,1.0327000000,1.0354500000,1.0327000000,1,1,0.0000000000,26.5585011348
2025-02-18,RUB_KGS,1,0.0000000000,True,1.0327000000,1.0409166667,1.0444800000,0,0,10.4249356810,-44.7041870147
2025-02-19,RUB_KGS,1,0.0000000000,True,1.0340400000,1.0413633333,1.0340400000,0,0,99.9540441176,-29.9287152419
2025-02-20,RUB_KGS,1,0.0000000000,True,1.0121200000,1.0302133333,1.0121200000,0,0,211.9840625121,-37.1444102192
2025-02-21,RUB_KGS,1,0.0000000000,True,1.0082100000,1.0181233333,1.0082100000,0,0,38.6317827926,58.9646964841
2025-02-22,RUB_KGS,1,0.0000000000,True,1.0082100000,1.0095133333,1.0082100000,1,1,0.0000000000,12.9105113355
2025-02-25,RUB_KGS,1,0.0000000000,True,0.9906500000,1.0025033333,0.9906500000,0,0,178.4563525504,-61.3131793410
2025-02-26,RUB_KGS,1,0.0000000000,True,0.9825900000,0.9939633333,0.9825900000,0,0,81.3607227578,33.3345629785
2025-02-27,RUB_KGS,1,0.0000000000,True,0.9825900000,0.9920200000,1.0028200000,1,1,0.0000000000,95.0585673676
2025-02-28,RUB_KGS,1,0.0000000000,True,0.9825900000,0.9982166667,1.0092400000,0,1,0.0000000000,-46.1155727714
2025-03-01,RUB_KGS,1,0.0000000000,True,1.0028200000,1.0071000000,1.0092400000,0,1,0.0000000000,-21.2491311687
2025-03-04,RUB_KGS,1,0.0000000000,True,1.0092400000,1.0167933333,1.0205600000,0,0,0.1959669992,-37.2412617444
2025-03-05,RUB_KGS,1,0.0000000000,True,1.0205600000,1.0226233333,1.0267300000,1,1,0.0000000000,20.1768653822
2025-03-06,RUB_KGS,1,0.0000000000,True,1.0205600000,1.0238833333,1.0243600000,0,0,23.0829916336,-27.8026467859
2025-03-07,RUB_KGS,1,0.0000000000,True,1.0192800000,1.0234566667,1.0192800000,0,0,49.5919403335,-8.8262978078
2025-03-08,RUB_KGS,1,0.0000000000,True,1.0192800000,1.0209733333,1.0192800000,1,1,0.0000000000,16.5854805219
2025-03-11,RUB_KGS,1,0.0000000000,True,0.9899100000,1.0066366667,0.9899100000,0,0,205.8928288745,-40.5641227719
2025-03-12,RUB_KGS,1,0.0000000000,True,0.9899100000,0.9970466667,0.9905100000,1,1,0.0000000000,71.5780605388
2025-03-13,RUB_KGS,1,0.0000000000,True,0.9899100000,0.9903066667,0.9905000000,0,0,0.1009580923,-2.0532360346
2025-03-14,RUB_KGS,1,0.0000000000,True,0.9785000000,0.9865033333,0.9785000000,0,0,121.1509338718,-40.5134633774
2025-03-15,RUB_KGS,1,0.0000000000,True,0.9785000000,0.9825000000,0.9785000000,1,1,0.0000000000,40.7124681934
2025-03-18,RUB_KGS,1,0.0000000000,True,0.9366400000,0.9599266667,0.9366400000,0,0,290.2637253276,-49.1009729910
2025-03-19,RUB_KGS,1,0.0000000000,True,0.9366400000,0.9563433333,0.9677500000,1,1,0.0000000000,206.0278212497
2025-03-20,RUB_KGS,1,0.0000000000,True,0.9366400000,0.9622733333,0.9824300000,0,1,0.0000000000,-56.9138359856
2025-03-21,RUB_KGS,1,0.0000000000,True,0.9677500000,0.9784833333,0.9852700000,0,1,0.0000000000,-40.3345313325
2025-03-22,RUB_KGS,1,0.0000000000,True,0.9824300000,0.9843233333,0.9852700000,0,1,0.0000000000,-9.6174360051
2025-03-25,RUB_KGS,1,0.0000000000,True,0.9675100000,0.9754966667,0.9737100000,1,1,0.0000000000,81.8728237582
2025-03-26,RUB_KGS,1,0.0000000000,True,0.9675100000,0.9717313333,0.9739740000,0,1,0.0000000000,-20.3622812067
2025-03-27,RUB_KGS,1,0.0000000000,True,0.9691870000,0.9722903333,0.9691870000,0,0,49.1491559323,-17.3165011411
2025-03-28,RUB_KGS,1,0.0000000000,True,0.9685340000,0.9705650000,0.9685340000,0,0,6.7376058490,14.1979156471
2025-03-29,RUB_KGS,1,0.0000000000,True,0.9685340000,0.9687516667,0.9685340000,1,1,0.0000000000,2.2468778548
2025-04-01,RUB_KGS,1,0.0000000000,True,0.9685340000,0.9787293333,0.9793160000,0,0,91.2845605451,-98.1749125056
2025-04-02,RUB_KGS,1,0.0000000000,True,0.9744350000,0.9806963333,0.9744350000,0,0,49.8409093694,14.0750330802
2025-04-03,RUB_KGS,1,0.0000000000,True,0.9731450000,0.9756320000,0.9731450000,0,0,13.2384407375,12.2689702675
2025-04-04,RUB_KGS,1,0.0000000000,True,0.9712870000,0.9729556667,0.9712870000,0,0,19.0927354094,-1.9459605388
2025-04-05,RUB_KGS,1,0.0000000000,True,0.9712870000,0.9719063333,0.9712870000,1,1,0.0000000000,6.3723561838
2025-04-08,RUB_KGS,1,0.0000000000,True,0.9712870000,0.9818590000,0.9817020000,0,0,109.6728955015,-109.2723089568
2025-04-09,RUB_KGS,1,0.0000000000,True,0.9817020000,0.9864760000,0.9851380000,1,1,0.0000000000,48.3944870428
2025-04-10,RUB_KGS,1,0.0000000000,True,0.9721660000,0.9796686667,0.9721660000,0,0,131.6769833262,-55.8283991254
2025-04-11,RUB_KGS,1,0.0000000000,True,0.9605950000,0.9726330000,0.9605950000,0,0,119.0228829233,4.8013999114
2025-04-12,RUB_KGS,1,0.0000000000,True,0.9605950000,0.9644520000,0.9605950000,1,1,0.0000000000,39.9916221854
2025-04-15,RUB_KGS,1,0.0000000000,True,0.9411210000,0.9493890000,0.9411210000,0,0,56.3156465575,30.9462190946
2025-04-16,RUB_KGS,1,0.0000000000,True,0.9411210000,0.9441126667,0.9447660000,1,1,0.0000000000,31.6876022565
2025-04-17,RUB_KGS,1,0.0000000000,True,0.9402350000,0.9420406667,0.9402350000,0,0,47.9589655005,-28.9301028052
2025-04-18,RUB_KGS,1,0.0000000000,True,0.9315400000,0.9388470000,0.9315400000,0,0,92.4768807798,-14.7840915506
2025-04-19,RUB_KGS,1,0.0000000000,True,0.9315400000,0.9344383333,0.9315400000,1,1,0.0000000000,31.0168496940
2025-04-22,RUB_KGS,1,0.0000000000,True,0.9296850000,0.9329723333,0.9376920000,1,1,0.0000000000,35.2350569881
2025-04-23,RUB_KGS,1,0.0000000000,True,0.9296850000,0.9380560000,0.9467910000,0,1,0.0000000000,3.8803653513
2025-04-24,RUB_KGS,1,0.0000000000,True,0.9376920000,0.9444626667,0.9489050000,0,1,0.0000000000,-24.6524655289
2025-04-25,RUB_KGS,1,0.0000000000,True,0.9451680000,0.9469546667,0.9451680000,0,0,39.3822353133,-20.5958468973
2025-04-26,RUB_KGS,1,0.0000000000,True,0.9451680000,0.9464136667,0.9451680000,1,1,0.0000000000,13.1619682866
2025-04-29,RUB_KGS,1,0.0000000000,True,0.9326660000,0.9405880000,0.9326660000,0,0,119.3308825866,-35.5309657363
2025-04-30,RUB_KGS,1,0.0000000000,True,0.9318850000,0.9361603333,0.9318850000,0,0,8.3738444416,37.3262272381
2025-05-01,RUB_KGS,1,0.0000000000,True,0.9318850000,0.9321453333,0.9318850000,1,1,0.0000000000,2.7928406014
2025-05-06,RUB_KGS,1,0.0000000000,True,0.9258360000,0.9314710000,0.9258360000,0,0,115.8972212851,-56.0511277324
2025-05-07,RUB_KGS,1,0.0000000000,True,0.9246560000,0.9290613333,0.9246560000,0,0,12.7452378175,34.7160431461
2025-05-08,RUB_KGS,1,0.0000000000,True,0.9246560000,0.9250493333,0.9246560000,1,1,0.0000000000,4.2520254776
2025-05-13,RUB_KGS,1,0.0000000000,True,0.9210980000,0.9235733333,0.9210980000,0,0,41.8177533012,-15.0791130103
2025-05-14,RUB_KGS,1,0.0000000000,True,0.9173660000,0.9211433333,0.9173660000,0,0,40.5168613980,0.4921420119
2025-05-15,RUB_KGS,1,0.0000000000,True,0.9173660000,0.9189520000,0.9183920000,1,1,0.0000000000,17.2587904482
2025-05-16,RUB_KGS,1,0.0000000000,True,0.9173660000,0.9197863333,0.9236010000,0,1,0.0000000000,15.1593177981
2025-05-17,RUB_KGS,1,0.0000000000,True,0.9183920000,0.9218646667,0.9236010000,0,1,0.0000000000,-18.8350133823
2025-05-20,RUB_KGS,1,0.0000000000,True,0.9183250000,0.9204883333,0.9183250000,0,0,13.2022676580,10.3133662748
2025-05-21,RUB_KGS,1,0.0000000000,True,0.9119840000,0.9166160000,0.9119840000,0,0,69.0496283995,-18.6446669052
2025-05-22,RUB_KGS,1,0.0000000000,True,0.9117860000,0.9140316667,0.9117860000,0,0,2.1710907209,22.4025790500
2025-05-23,RUB_KGS,1,0.0000000000,True,0.9115010000,0.9117570000,0.9115010000,0,0,3.1257334506,-0.3180672043
2025-05-24,RUB_KGS,1,0.0000000000,True,0.9115010000,0.9115960000,0.9115010000,1,1,0.0000000000,1.0421283112
2025-05-27,RUB_KGS,1,0.0000000000,True,0.9104360000,0.9109480000,0.9104360000,0,0,5.1706705514,0.4500805754
2025-05-28,RUB_KGS,1,0.0000000000,True,0.9102770000,0.9105400000,0.9102770000,0,0,1.7464160029,1.1421793661
2025-05-29,RUB_KGS,1,0.0000000000,True,0.8976210000,0.9061113333,0.8976210000,0,0,139.0346015554,-45.9730114107
2025-05-30,RUB_KGS,1,0.0000000000,True,0.8976210000,0.9022976667,0.8989950000,1,1,0.0000000000,51.8306412555
2025-05-31,RUB_KGS,1,0.0000000000,True,0.8976210000,0.8985370000,0.8989950000,0,1,0.0000000000,-5.0971746294
2025-06-03,RUB_KGS,1,0.0000000000,True,0.8989950000,0.9018506667,0.9017140000,0,0,34.5805846981,-33.1799204007
2025-06-04,RUB_KGS,1,0.0000000000,True,0.8976840000,0.9014136667,0.8976840000,0,0,44.6926630839,-3.3318036373
2025-06-05,RUB_KGS,1,0.0000000000,True,0.8976840000,0.9014086667,0.9048280000,1,1,0.0000000000,41.3205109336
2025-06-06,RUB_KGS,1,0.0000000000,True,0.8976840000,0.9026110000,0.9053210000,0,1,0.0000000000,-24.5620760217
2025-06-07,RUB_KGS,1,0.0000000000,True,0.9048280000,0.9051566667,0.9053210000,0,1,0.0000000000,-1.8155236478
2025-06-10,RUB_KGS,1,0.0000000000,True,0.8988030000,0.9030873333,0.8988030000,0,0,69.9893275942,-22.7072907677
2025-06-11,RUB_KGS,1,0.0000000000,True,0.8988030000,0.9024486667,0.9034050000,1,1,0.0000000000,40.3974962934
2025-06-12,RUB_KGS,1,0.0000000000,True,0.8988030000,0.9018710000,0.9034050000,0,1,0.0000000000,-17.0090844478
2025-06-17,RUB_KGS,1,0.0000000000,True,0.8977320000,0.9004113333,0.9000970000,1,1,0.0000000000,29.7567704242
2025-06-18,RUB_KGS,1,0.0000000000,True,0.8977320000,0.8993236667,0.9001420000,0,1,0.0000000000,-8.5990546229
2025-06-19,RUB_KGS,1,0.0000000000,True,0.8974720000,0.8992370000,0.8974720000,0,0,29.6619866643,-10.0640876654
2025-06-20,RUB_KGS,1,0.0000000000,True,0.8974720000,0.8984293333,0.8976740000,1,1,0.0000000000,10.6556330900
2025-06-21,RUB_KGS,1,0.0000000000,True,0.8974720000,0.8976066667,0.8976740000,0,1,0.0000000000,-0.7501429728
2025-06-24,RUB_KGS,1,0.0000000000,True,0.8956540000,0.8972000000,0.8982720000,1,1,0.0000000000,17.2313865359
2025-06-25,RUB_KGS,1,0.0000000000,True,0.8956540000,0.8967800000,0.8964140000,0,0,20.6841580279,-16.6373023484
2025-06-26,RUB_KGS,1,0.0000000000,True,0.8959900000,0.8968920000,0.8959900000,0,0,4.7299573635,5.3295157053
2025-06-27,RUB_KGS,1,0.0000000000,True,0.8959900000,0.8967583333,0.8978710000,1,1,0.0000000000,8.5678973339
2025-06-28,RUB_KGS,1,0.0000000000,True,0.8959900000,0.8972440000,0.8978710000,0,1,0.0000000000,-6.9880656767
2025-07-01,RUB_KGS,1,0.0000000000,True,0.8967190000,0.8975946667,0.8967190000,0,0,16.4218420519,-6.6771044391
2025-07-02,RUB_KGS,1,0.0000000000,True,0.8967190000,0.8981100000,0.8994170000,1,1,0.0000000000,15.4880805247
2025-07-03,RUB_KGS,1,0.0000000000,True,0.8967190000,0.8990096667,0.9008930000,0,1,0.0000000000,-4.5309116068
2025-07-04,RUB_KGS,1,0.0000000000,True,0.8994170000,0.9006003333,0.9014910000,0,1,0.0000000000,-3.2496841921
2025-07-05,RUB_KGS,1,0.0000000000,True,0.9008930000,0.9012916667,0.9014910000,0,1,0.0000000000,-2.2116407008
2025-07-08,RUB_KGS,1,0.0000000000,True,0.8938620000,0.8985023333,0.8938620000,0,0,69.8991505898,-18.3824415963
2025-07-09,RUB_KGS,1,0.0000000000,True,0.8938620000,0.8959763333,0.8939130000,1,1,0.0000000000,23.5980935508
2025-07-10,RUB_KGS,1,0.0000000000,True,0.8908280000,0.8928676667,0.8908280000,0,0,34.5111884490,-11.7075953398
2025-07-11,RUB_KGS,1,0.0000000000,True,0.8906290000,0.8917900000,0.8906290000,0,0,2.2338767978,10.7872929726
2025-07-12,RUB_KGS,1,0.0000000000,True,0.8906290000,0.8906953333,0.8906290000,1,1,0.0000000000,0.7447365092
2025-07-15,RUB_KGS,1,0.0000000000,True,0.8906290000,0.8927853333,0.8914630000,0,0,53.5668062089,-38.9642004274
2025-07-16,RUB_KGS,1,0.0000000000,True,0.8914630000,0.8930636667,0.8914640000,1,1,0.0000000000,17.9233208831
2025-07-17,RUB_KGS,1,0.0000000000,True,0.8914630000,0.8923293333,0.8940610000,0,1,0.0000000000,9.6974659580
2025-07-18,RUB_KGS,1,0.0000000000,True,0.8914640000,0.8936803333,0.8955160000,0,1,0.0000000000,-4.2595394848
2025-07-19,RUB_KGS,1,0.0000000000,True,0.8940610000,0.8950310000,0.8955160000,0,1,0.0000000000,-5.4188067229
2025-07-22,RUB_KGS,1,0.0000000000,True,0.8929470000,0.8947150000,0.8929470000,0,0,30.5353909088,-10.8079108990
2025-07-23,RUB_KGS,1,0.0000000000,True,0.8929470000,0.8954983333,0.8978660000,1,1,0.0000000000,28.4906541795
2025-07-24,RUB_KGS,1,0.0000000000,True,0.8929470000,0.8980443333,0.9033200000,0,1,0.0000000000,1.9857965438
2025-07-25,RUB_KGS,1,0.0000000000,True,0.8978660000,0.9041476667,0.9112570000,0,1,0.0000000000,9.1541094135
2025-07-26,RUB_KGS,1,0.0000000000,True,0.9033200000,0.9086113333,0.9112570000,0,1,0.0000000000,-29.1176938874
2025-07-29,RUB_KGS,1,0.0000000000,True,0.9112570000,0.9214786667,0.9416300000,0,1,0.0000000000,107.7579658202
2025-07-30,RUB_KGS,1,0.0000000000,True,0.9115490000,0.9296556667,0.9357880000,0,0,62.0413538226,-128.8039621838
2025-07-31,RUB_KGS,1,0.0000000000,True,0.9184250000,0.9319476667,0.9184250000,0,0,185.5441617118,-41.2076071510
2025-08-01,RUB_KGS,1,0.0000000000,True,0.9184250000,0.9242606667,0.9185690000,1,1,0.0000000000,63.1387537859
2025-08-02,RUB_KGS,1,0.0000000000,True,0.9184250000,0.9185210000,0.9185690000,0,1,0.0000000000,-0.5225792334
2025-08-05,RUB_KGS,1,0.0000000000,True,0.9110760000,0.9150046667,0.9153690000,1,1,0.0000000000,42.9360287416
2025-08-06,RUB_KGS,1,0.0000000000,True,0.9110760000,0.9144806667,0.9169970000,0,1,0.0000000000,-9.7140745093
2025-08-07,RUB_KGS,1,0.0000000000,True,0.9077720000,0.9133793333,0.9077720000,0,0,100.6001110145,-39.6074942211
2025-08-08,RUB_KGS,1,0.0000000000,True,0.9077720000,0.9123523333,0.9122880000,1,1,0.0000000000,50.2035580552
2025-08-09,RUB_KGS,1,0.0000000000,True,0.9077720000,0.9107826667,0.9122880000,0,1,0.0000000000,-16.5279093293
2025-08-12,RUB_KGS,1,0.0000000000,True,0.9112350000,0.9126356667,0.9143840000,1,1,0.0000000000,15.3474898892
2025-08-13,RUB_KGS,1,0.0000000000,True,0.9112350000,0.9123106667,0.9113130000,0,0,33.5854520639,-22.7261766094
2025-08-14,RUB_KGS,1,0.0000000000,True,0.9113130000,0.9128550000,0.9128680000,1,1,0.0000000000,16.8920584321
2025-08-15,RUB_KGS,1,0.0000000000,True,0.9113130000,0.9131306667,0.9152110000,0,1,0.0000000000,2.8765507091
2025-08-16,RUB_KGS,1,0.0000000000,True,0.9128680000,0.9144300000,0.9152110000,0,1,0.0000000000,-8.5408396487
2025-08-19,RUB_KGS,1,0.0000000000,True,0.9152110000,0.9178860000,0.9187720000,0,0,9.8186859488,-19.4904378104
2025-08-20,RUB_KGS,1,0.0000000000,True,0.9160840000,0.9181770000,0.9160840000,0,0,29.2564422947,-6.4802320250
2025-08-21,RUB_KGS,1,0.0000000000,True,0.9160840000,0.9175330000,0.9177430000,1,1,0.0000000000,15.7923475232
2025-08-22,RUB_KGS,1,0.0000000000,True,0.9160840000,0.9191493333,0.9236210000,0,1,0.0000000000,15.3003791912
2025-08-23,RUB_KGS,1,0.0000000000,True,0.9177430000,0.9216616667,0.9236210000,0,1,0.0000000000,-21.2587048393
2025-08-26,RUB_KGS,1,0.0000000000,True,0.9218870000,0.9229930000,0.9218870000,0,0,17.1526772362,-5.1788041729
2025-08-27,RUB_KGS,1,0.0000000000,True,0.9209170000,0.9220916667,0.9209170000,0,0,10.5218969353,2.2195913277
2025-08-28,RUB_KGS,1,0.0000000000,True,0.9191300000,0.9206446667,0.9191300000,0,0,19.4045717475,-2.9580721335
2025-08-29,RUB_KGS,1,0.0000000000,True,0.9191300000,0.9197546667,0.9192170000,1,1,0.0000000000,6.7916661834
2025-08-30,RUB_KGS,1,0.0000000000,True,0.9191300000,0.9191880000,0.9192170000,0,1,0.0000000000,-0.3154958507
2025-09-02,RUB_KGS,1,0.0000000000,True,0.9192170000,0.9206240000,0.9223250000,0,1,0.0000000000,3.1934861572
2025-09-03,RUB_KGS,1,0.0000000000,True,0.9203300000,0.9224356667,0.9246520000,0,1,0.0000000000,1.1997223293
2025-09-04,RUB_KGS,1,0.0000000000,True,0.9223250000,0.9255416667,0.9296480000,0,1,0.0000000000,9.6123891415
2025-09-05,RUB_KGS,1,0.0000000000,True,0.9246520000,0.9289656667,0.9325970000,0,1,0.0000000000,-7.3450866681
2025-09-06,RUB_KGS,1,0.0000000000,True,0.9296480000,0.9316140000,0.9325970000,0,1,0.0000000000,-10.5515803756
2025-09-09,RUB_KGS,1,0.0000000000,True,0.9325970000,0.9420156667,0.9518870000,0,1,0.0000000000,4.8052987088
2025-09-10,RUB_KGS,1,0.0000000000,True,0.9415630000,0.9548440000,0.9710820000,0,1,0.0000000000,30.9684094994
2025-09-11,RUB_KGS,1,0.0000000000,True,0.9518870000,0.9675180000,0.9795850000,0,1,0.0000000000,-36.8365239716
2025-09-12,RUB_KGS,1,0.0000000000,True,0.9648920000,0.9718530000,0.9648920000,0,0,149.9920884865,-79.5593572279
2025-09-13,RUB_KGS,1,0.0000000000,True,0.9648920000,0.9697896667,0.9648920000,1,1,0.0000000000,50.5023597900
2025-09-16,RUB_KGS,1,0.0000000000,True,0.9472520000,0.9540263333,0.9472520000,0,0,28.2440377500,42.8849098854
2025-09-17,RUB_KGS,1,0.0000000000,True,0.9472520000,0.9487620000,0.9490990000,1,1,0.0000000000,15.9154772219
2025-09-18,RUB_KGS,1,0.0000000000,True,0.9472520000,0.9491456667,0.9510860000,0,1,0.0000000000,0.4916702283
2025-09-19,RUB_KGS,1,0.0000000000,True,0.9490990000,0.9520166667,0.9558650000,0,1,0.0000000000,9.7757392203
2025-09-20,RUB_KGS,1,0.0000000000,True,0.9510860000,0.9542720000,0.9558650000,0,1,0.0000000000,-16.6933536769
2025-09-23,RUB_KGS,1,0.0000000000,True,0.9531230000,0.9565833333,0.9531230000,0,0,79.5098057583,-43.6832476697
2025-09-24,RUB_KGS,1,0.0000000000,True,0.9531230000,0.9581120000,0.9604510000,1,1,0.0000000000,52.0711566080
2025-09-25,RUB_KGS,1,0.0000000000,True,0.9531230000,0.9565426667,0.9560540000,0,0,45.7805760002,-40.8589545404
2025-09-26,RUB_KGS,1,0.0000000000,True,0.9560540000,0.9575383333,0.9561100000,1,1,0.0000000000,15.5015552032
2025-09-27,RUB_KGS,1,0.0000000000,True,0.9560540000,0.9560913333,0.9561100000,0,1,0.0000000000,-0.1952393670
2025-09-30,RUB_KGS,1,0.0000000000,True,0.9450720000,0.9497676667,0.9450720000,0,0,32.1583426588,17.3375734346
2025-10-01,RUB_KGS,1,0.0000000000,True,0.9319230000,0.9417053333,0.9319230000,0,0,139.1322565900,-35.7507443942
2025-10-02,RUB_KGS,1,0.0000000000,True,0.9263410000,0.9344453333,0.9263410000,0,0,59.8976524885,26.9928399592
2025-10-03,RUB_KGS,1,0.0000000000,True,0.9263410000,0.9316250000,0.9366110000,1,1,0.0000000000,56.7181000939
2025-10-04,RUB_KGS,1,0.0000000000,True,0.9263410000,0.9331876667,0.9366110000,0,1,0.0000000000,-36.6842967992
2025-10-07,RUB_KGS,1,0.0000000000,True,0.9366110000,0.9408863333,0.9369340000,0,0,128.3302111232,-87.4459153585
2025-10-08,RUB_KGS,1,0.0000000000,True,0.9325080000,0.9395186667,0.9325080000,0,0,47.2391865382,27.5105408585
2025-10-09,RUB_KGS,1,0.0000000000,True,0.9309660000,0.9334693333,0.9309660000,0,0,16.5360511652,10.2984993615
2025-10-10,RUB_KGS,1,0.0000000000,True,0.9284140000,0.9306293333,0.9284140000,0,0,27.4123867037,-3.6176236296
2025-10-11,RUB_KGS,1,0.0000000000,True,0.9284140000,0.9292646667,0.9284140000,1,1,0.0000000000,9.1541914503
2025-10-14,RUB_KGS,1,0.0000000000,True,0.9143380000,0.9224450000,0.9143380000,0,0,110.8067096194,-23.1775336199
2025-10-15,RUB_KGS,1,0.0000000000,True,0.9015320000,0.9134843333,0.9015320000,0,0,140.0576154551,-9.3451703058
2025-10-16,RUB_KGS,1,0.0000000000,True,0.9015320000,0.9067343333,0.9043330000,1,1,0.0000000000,57.3743944845
2025-10-17,RUB_KGS,1,0.0000000000,True,0.9015320000,0.9106396667,0.9260540000,0,1,0.0000000000,69.2553476146
2025-10-18,RUB_KGS,1,0.0000000000,True,0.9043330000,0.9188136667,0.9260540000,0,1,0.0000000000,-78.8008885371
2025-10-21,RUB_KGS,1,0.0000000000,True,0.9260540000,0.9288703333,0.9302170000,0,0,1.3220972978,-15.8220863981
2025-10-22,RUB_KGS,1,0.0000000000,True,0.9302170000,0.9314296667,0.9337320000,1,1,0.0000000000,13.0194120937
2025-10-23,RUB_KGS,1,0.0000000000,True,0.9293200000,0.9310896667,0.9293200000,0,0,47.2512455394,-28.3789352189
2025-10-24,RUB_KGS,1,0.0000000000,True,0.9259150000,0.9296556667,0.9259150000,0,0,36.6396935394,3.6106558450
2025-10-25,RUB_KGS,1,0.0000000000,True,0.9259150000,0.9270500000,0.9259150000,1,1,0.0000000000,12.2431368319
2025-10-28,RUB_KGS,1,0.0000000000,True,0.9032000000,0.9139450000,0.9127200000,1,1,0.0000000000,117.5672496704
2025-10-29,RUB_KGS,1,0.0000000000,True,0.9032000000,0.9082283333,0.9087650000,0,0,43.3320185818,-49.4552581308
2025-10-30,RUB_KGS,1,0.0000000000,True,0.9087650000,0.9140176667,0.9205680000,1,1,0.0000000000,57.4678899350
2025-10-31,RUB_KGS,1,0.0000000000,True,0.9087650000,0.9184326667,0.9259650000,0,1,0.0000000000,-23.2497537471
2025-11-01,RUB_KGS,1,0.0000000000,True,0.9205680000,0.9238246667,0.9249410000,0,0,11.0587333215,-23.1681769340
2025-11-02,RUB_KGS,1,0.0000000000,True,0.9249410000,0.9252823333,0.9249410000,1,1,0.0000000000,3.6889641252
2025-11-06,RUB_KGS,1,0.0000000000,True,0.9249410000,0.9279630000,0.9305490000,0,1,0.0000000000,-4.6984631930
2025-11-07,RUB_KGS,1,0.0000000000,True,0.9283990000,0.9292573333,0.9288240000,0,0,18.5374440250,-13.8999889518
2025-11-08,RUB_KGS,1,0.0000000000,True,0.9288240000,0.9293990000,0.9288240000,1,1,0.0000000000,6.1867938313
2025-11-11,RUB_KGS,1,0.0000000000,True,0.9263950000,0.9285120000,0.9303170000,1,1,0.0000000000,22.7999207334
2025-11-12,RUB_KGS,1,0.0000000000,True,0.9263950000,0.9287390000,0.9295050000,0,0,8.7282076969,-16.9907799716
2025-11-13,RUB_KGS,1,0.0000000000,True,0.9216810000,0.9271676667,0.9216810000,0,0,84.1738344603,-25.2093921883
2025-11-14,RUB_KGS,1,0.0000000000,True,0.9216810000,0.9262963333,0.9277030000,1,1,0.0000000000,49.8256677399
2025-11-15,RUB_KGS,1,0.0000000000,True,0.9216810000,0.9256956667,0.9277030000,0,1,0.0000000000,-21.6845925245
2025-11-18,RUB_KGS,1,0.0000000000,True,0.9268820000,0.9274390000,0.9268820000,0,0,9.1621287182,-3.1592374269
2025-11-19,RUB_KGS,1,0.0000000000,True,0.9256120000,0.9267420000,0.9256120000,0,0,13.7018520157,-1.5106685572
2025-11-20,RUB_KGS,1,0.0000000000,True,0.9231800000,0.9252246667,0.9231800000,0,0,26.2745081092,-4.1863705896
2025-11-21,RUB_KGS,1,0.0000000000,True,0.9036550000,0.9174823333,0.9036550000,0,0,211.4972161442,-62.1011049441
2025-11-22,RUB_KGS,1,0.0000000000,True,0.9036550000,0.9101633333,0.9036550000,1,1,0.0000000000,71.5073118744
2025-11-25,RUB_KGS,1,0.0000000000,True,0.9024610000,0.9030163333,0.9029330000,1,1,0.0000000000,6.1497595651
2025-11-26,RUB_KGS,1,0.0000000000,True,0.8987320000,0.9013753333,0.8987320000,0,0,46.5261542108,-17.2809994801
2025-11-27,RUB_KGS,1,0.0000000000,True,0.8948000000,0.8988216667,0.8948000000,0,0,43.7505285224,0.9976024165
2025-11-28,RUB_KGS,1,0.0000000000,True,0.8945500000,0.8960273333,0.8945500000,0,0,2.7939204291,13.6974988114
2025-11-29,RUB_KGS,1,0.0000000000,True,0.8945500000,0.8946333333,0.8945500000,1,1,0.0000000000,0.9314803085
2025-12-02,RUB_KGS,1,0.0000000000,True,0.8857990000,0.8896293333,0.8857990000,0,0,30.8371382686,12.2560407181
2025-12-03,RUB_KGS,1,0.0000000000,True,0.8857990000,0.8885896667,0.8914310000,1,1,0.0000000000,31.4055719006
2025-12-04,RUB_KGS,1,0.0000000000,True,0.8801690000,0.8857996667,0.8801690000,0,0,126.3361942764,-63.5734415494
2025-12-05,RUB_KGS,1,0.0000000000,True,0.8701400000,0.8805800000,0.8701400000,0,0,113.9440266585,4.6673783188
2025-12-06,RUB_KGS,1,0.0000000000,True,0.8701400000,0.8734830000,0.8701400000,1,1,0.0000000000,38.2720671152
2025-12-09,RUB_KGS,1,0.0000000000,True,0.8701400000,0.8773600000,0.8783120000,0,0,60.1610632529,-71.4415975198
2025-12-10,RUB_KGS,1,0.0000000000,True,0.8783120000,0.8842440000,0.8907920000,1,1,0.0000000000,67.0855555706
2025-12-11,RUB_KGS,1,0.0000000000,True,0.8783120000,0.8921210000,0.9072590000,0,1,0.0000000000,14.8970823465
2025-12-12,RUB_KGS,1,0.0000000000,True,0.8907920000,0.9032556667,0.9117160000,0,1,0.0000000000,-44.3211538114
2025-12-13,RUB_KGS,1,0.0000000000,True,0.9072590000,0.9102303333,0.9117160000,0,1,0.0000000000,-16.3218760380
2025-12-16,RUB_KGS,1,0.0000000000,True,0.9082930000,0.9095073333,0.9082930000,0,0,2.4215393726,10.9326587801
2025-12-17,RUB_KGS,1,0.0000000000,True,0.9082930000,0.9119893333,0.9191620000,1,1,0.0000000000,40.5304448005
2025-12-18,RUB_KGS,1,0.0000000000,True,0.9082930000,0.9142026667,0.9151530000,0,0,43.6158152752,-54.2476358269
2025-12-19,RUB_KGS,1,0.0000000000,True,0.9151530000,0.9191266667,0.9230650000,1,1,0.0000000000,43.2330690728
2025-12-20,RUB_KGS,1,0.0000000000,True,0.9151530000,0.9204276667,0.9230650000,0,1,0.0000000000,-28.6533470130
2025-12-23,RUB_KGS,1,0.0000000000,True,0.8986280000,0.9095546667,0.8986280000,0,0,91.9875056645,28.4058425662
2025-12-24,RUB_KGS,1,0.0000000000,True,0.8969330000,0.9008440000,0.8969330000,0,0,18.8620875379,24.5991536825
2025-12-25,RUB_KGS,1,0.0000000000,True,0.8906160000,0.8953923333,0.8906160000,0,0,70.4288949119,-17.2066099888
2025-12-26,RUB_KGS,1,0.0000000000,True,0.8886740000,0.8920743333,0.8886740000,0,0,21.8051326273,16.3476660951
2025-12-27,RUB_KGS,1,0.0000000000,True,0.8886740000,0.8893213333,0.8886740000,1,1,0.0000000000,7.2789587866
2025-12-30,RUB_KGS,1,0.0000000000,True,0.8860000000,0.8898450000,0.8948610000,1,1,0.0000000000,43.2097724885
2025-12-31,RUB_KGS,1,0.0000000000,True,0.8860000000,0.8919073333,0.8948610000,0,1,0.0000000000,-33.1162953401
2026-01-13,RUB_KGS,1,0.0000000000,True,0.8948610000,0.8991823333,0.9016990000,0,1,0.0000000000,-20.0700858966
2026-01-14,RUB_KGS,1,0.0000000000,True,0.8984860000,0.9003906667,0.8984860000,0,0,35.6327333179,-14.5307296240
2026-01-15,RUB_KGS,1,0.0000000000,True,0.8979870000,0.8993906667,0.8979870000,0,0,5.5537871486,10.0586619385
2026-01-16,RUB_KGS,1,0.0000000000,True,0.8900310000,0.8955013333,0.8900310000,0,0,88.5981645614,-27.7572637152
2026-01-17,RUB_KGS,1,0.0000000000,True,0.8900310000,0.8926830000,0.8900310000,1,1,0.0000000000,29.7081942862
2026-01-20,RUB_KGS,1,0.0000000000,True,0.8891780000,0.8897143333,0.8899340000,1,1,0.0000000000,6.0281521072
2026-01-21,RUB_KGS,1,0.0000000000,True,0.8864030000,0.8885050000,0.8864030000,0,0,39.6770996501,-16.0831959302
2026-01-22,RUB_KGS,1,0.0000000000,True,0.8695050000,0.8819473333,0.8695050000,0,0,190.6356363866,-50.5207793965
2026-01-23,RUB_KGS,1,0.0000000000,True,0.8682100000,0.8747060000,0.8682100000,0,0,14.8935313770,59.4599785528
2026-01-24,RUB_KGS,1,0.0000000000,True,0.8682100000,0.8686416667,0.8682100000,1,1,0.0000000000,4.9694446310
2026-01-27,RUB_KGS,1,0.0000000000,True,0.8682100000,0.8709276667,0.8753890000,0,1,0.0000000000,20.0207977471
2026-01-28,RUB_KGS,1,0.0000000000,True,0.8691840000,0.8722283333,0.8721120000,0,0,37.4347861351,-36.2366887875
2026-01-29,RUB_KGS,1,0.0000000000,True,0.8693550000,0.8722853333,0.8693550000,0,0,31.6129121030,1.9871173653
2026-01-30,RUB_KGS,1,0.0000000000,True,0.8660110000,0.8691593333,0.8660110000,0,0,38.4652989860,-2.2512174599
2026-01-31,RUB_KGS,1,0.0000000000,True,0.8660110000,0.8671256667,0.8660110000,1,1,0.0000000000,12.8547303986
2026-02-03,RUB_KGS,1,0.0000000000,True,0.8660110000,0.8756876667,0.8802940000,0,0,5.2681894459,-57.9011618678
2026-02-04,RUB_KGS,1,0.0000000000,True,0.8794760000,0.8801760000,0.8794760000,0,0,9.2923500558,-1.3406409627
2026-02-05,RUB_KGS,1,0.0000000000,True,0.8753840000,0.8783846667,0.8753840000,0,0,46.5277051335,-12.4243213110
2026-02-06,RUB_KGS,1,0.0000000000,True,0.8753840000,0.8786603333,0.8811210000,1,1,0.0000000000,37.2878256710
2026-02-07,RUB_KGS,1,0.0000000000,True,0.8753840000,0.8792086667,0.8811210000,0,1,0.0000000000,-21.7506196860
2026-02-10,RUB_KGS,1,0.0000000000,True,0.8811210000,0.8839843333,0.8828940000,0,0,56.8057679703,-44.7255286953
2026-02-11,RUB_KGS,1,0.0000000000,True,0.8828940000,0.8855500000,0.8858180000,1,1,0.0000000000,29.9926599289
2026-02-12,RUB_KGS,1,0.0000000000,True,0.8826530000,0.8837883333,0.8826530000,0,0,35.7296871366,-22.9655290765
2026-02-13,RUB_KGS,1,0.0000000000,True,0.8826530000,0.8837323333,0.8827260000,1,1,0.0000000000,12.2133511768
2026-02-14,RUB_KGS,1,0.0000000000,True,0.8826530000,0.8827016667,0.8827260000,0,1,0.0000000000,-0.2756688273
2026-02-17,RUB_KGS,1,0.0000000000,True,0.8761590000,0.8788006667,0.8775170000,1,1,0.0000000000,30.0599074041
2026-02-18,RUB_KGS,1,0.0000000000,True,0.8708110000,0.8748290000,0.8708110000,0,0,76.4201719169,-30.7260047392
2026-02-19,RUB_KGS,1,0.0000000000,True,0.8708110000,0.8749066667,0.8763920000,1,1,0.0000000000,46.8126123929
2026-02-20,RUB_KGS,1,0.0000000000,True,0.8708110000,0.8749563333,0.8776660000,0,1,0.0000000000,-16.4084379068
2026-02-21,RUB_KGS,1,0.0000000000,True,0.8763920000,0.8772413333,0.8776660000,0,1,0.0000000000,-4.8409331678
2026-02-25,RUB_KGS,1,0.0000000000,True,0.8744170000,0.8761343333,0.8744170000,0,0,21.7158115757,-2.1191575265
2026-02-26,RUB_KGS,1,0.0000000000,True,0.8744170000,0.8775443333,0.8818960000,1,1,0.0000000000,35.6373258255
2026-02-27,RUB_KGS,1,0.0000000000,True,0.8744170000,0.8799816667,0.8836320000,0,1,0.0000000000,-21.7542410921
2026-02-28,RUB_KGS,1,0.0000000000,True,0.8818960000,0.8830533333,0.8836320000,0,1,0.0000000000,-6.5530205801
2026-03-03,RUB_KGS,1,0.0000000000,True,0.8825340000,0.8845473333,0.8874760000,1,1,0.0000000000,22.7611712507
2026-03-04,RUB_KGS,1,0.0000000000,True,0.8825340000,0.8865573333,0.8896620000,0,1,0.0000000000,-10.3621799981
2026-03-05,RUB_KGS,1,0.0000000000,True,0.8874760000,0.8904386667,0.8941780000,0,1,0.0000000000,8.7222926827
2026-03-06,RUB_KGS,1,0.0000000000,True,0.8896620000,0.8963096667,0.9050890000,0,1,0.0000000000,23.7827030762
2026-03-07,RUB_KGS,1,0.0000000000,True,0.8941780000,0.9014520000,0.9050890000,0,1,0.0000000000,-40.3460195329
2026-03-11,RUB_KGS,1,0.0000000000,True,0.9003960000,0.9032120000,0.9041510000,1,1,0.0000000000,31.1776194293
2026-03-12,RUB_KGS,1,0.0000000000,True,0.9003960000,0.9028960000,0.9041410000,0,0,0.1106009947,-13.8997182400
2026-03-13,RUB_KGS,1,0.0000000000,True,0.9041410000,0.9085603333,0.9173890000,1,1,0.0000000000,48.6410552079
2026-03-14,RUB_KGS,1,0.0000000000,True,0.9041410000,0.9129730000,0.9173890000,0,1,0.0000000000,-48.3694479464
2026-03-17,RUB_KGS,1,0.0000000000,True,0.9173890000,0.9269590000,0.9366530000,0,1,0.0000000000,1.3377074930
2026-03-18,RUB_KGS,1,0.0000000000,True,0.9268350000,0.9380136667,0.9505530000,0,1,0.0000000000,14.5058298724
2026-03-19,RUB_KGS,1,0.0000000000,True,0.9366530000,0.9524533333,0.9701540000,0,1,0.0000000000,19.9519836492
2026-03-20,RUB_KGS,1,0.0000000000,True,0.9505530000,0.9604193333,0.9605510000,0,0,98.9842849692,-101.3585038202
2026-03-21,RUB_KGS,1,0.0000000000,True,0.9605510000,0.9637520000,0.9605510000,1,1,0.0000000000,33.2139388556
2026-03-24,RUB_KGS,1,0.0000000000,True,0.9258070000,0.9408740000,0.9258070000,0,0,111.6885835619,48.9969964097
2026-03-25,RUB_KGS,1,0.0000000000,True,0.9230410000,0.9283706667,0.9230410000,0,0,29.8766373553,27.6146883860
2026-03-26,RUB_KGS,1,0.0000000000,True,0.9230410000,0.9293430000,0.9391810000,1,1,0.0000000000,67.8113462952
2026-03-27,RUB_KGS,1,0.0000000000,True,0.9230410000,0.9300386667,0.9278940000,0,0,120.1791773897,-98.3005724493
2026-03-28,RUB_KGS,1,0.0000000000,True,0.9278940000,0.9316563333,0.9278940000,1,1,0.0000000000,40.3832743762
2026-03-31,RUB_KGS,1,0.0000000000,True,0.9278940000,0.9288746667,0.9291070000,0,0,5.5506371938,-8.0563434464
2026-04-01,RUB_KGS,1,0.0000000000,True,0.9219370000,0.9268890000,0.9219370000,0,0,77.1708748293,-23.9295104376
2026-04-02,RUB_KGS,1,0.0000000000,True,0.9186310000,0.9232250000,0.9186310000,0,0,35.8592832265,13.9510953451
2026-04-03,RUB_KGS,1,0.0000000000,True,0.9117130000,0.9174270000,0.9117130000,0,0,75.3077133256,-13.1236599751
2026-04-04,RUB_KGS,1,0.0000000000,True,0.9117130000,0.9140190000,0.9117130000,1,1,0.0000000000,25.2292348409
2026-04-07,RUB_KGS,1,0.0000000000,True,0.9002600000,0.9041610000,0.9005100000,1,1,0.0000000000,43.1449708625
2026-04-08,RUB_KGS,1,0.0000000000,True,0.8954180000,0.8987293333,0.8954180000,0,0,56.5457351945,-19.8131584296
2026-04-09,RUB_KGS,1,0.0000000000,True,0.8900850000,0.8953376667,0.8900850000,0,0,59.5587759013,-0.8972406314
2026-04-10,RUB_KGS,1,0.0000000000,True,0.8801880000,0.8885636667,0.8801880000,0,0,111.1916277659,-17.1212642426
2026-04-11,RUB_KGS,1,0.0000000000,True,0.8801880000,0.8834870000,0.8801880000,1,1,0.0000000000,37.3406739431
2026-04-14,RUB_KGS,1,0.0000000000,True,0.8673890000,0.8731636667,0.8673890000,0,0,51.8973201485,14.3119407549
2026-04-15,RUB_KGS,1,0.0000000000,True,0.8603160000,0.8665396667,0.8603160000,0,0,81.5435750280,-9.8014362874
2026-04-16,RUB_KGS,1,0.0000000000,True,0.8603160000,0.8659193333,0.8700530000,1,1,0.0000000000,64.7096457792
2026-04-17,RUB_KGS,1,0.0000000000,True,0.8603160000,0.8666830000,0.8696800000,0,0,4.2870951540,-38.8838825730
2026-04-18,RUB_KGS,1,0.0000000000,True,0.8696800000,0.8698043333,0.8696800000,1,1,0.0000000000,1.4294402611
2026-04-21,RUB_KGS,1,0.0000000000,True,0.8529560000,0.8609930000,0.8529560000,0,0,85.8611042340,7.5494225853
2026-04-22,RUB_KGS,1,0.0000000000,True,0.8529560000,0.8570493333,0.8578490000,1,1,0.0000000000,47.7607667859
2026-04-23,RUB_KGS,1,0.0000000000,True,0.8529560000,0.8556300000,0.8560850000,0,0,20.5630594662,-25.9341070322
2026-04-24,RUB_KGS,1,0.0000000000,True,0.8560850000,0.8593530000,0.8641250000,1,1,0.0000000000,38.0286098960
2026-04-25,RUB_KGS,1,0.0000000000,True,0.8560850000,0.8614450000,0.8641250000,0,1,0.0000000000,-31.1105177928
2026-04-28,RUB_KGS,1,0.0000000000,True,0.8543410000,0.8580310000,0.8543410000,0,0,15.0299137358,28.0176357264
2026-04-29,RUB_KGS,1,0.0000000000,True,0.8543410000,0.8554793333,0.8564700000,1,1,0.0000000000,13.3063802827
2026-04-30,RUB_KGS,1,0.0000000000,True,0.8543410000,0.8554873333,0.8556510000,0,0,9.5625065677,-11.4866302326
2026-05-01,RUB_KGS,1,0.0000000000,True,0.8556510000,0.8559240000,0.8556510000,1,1,0.0000000000,3.1895355195
2026-05-05,RUB_KGS,1,0.0000000000,True,0.8556510000,0.8601530000,0.8618660000,0,0,12.4689724222,-32.4244640198
2026-05-06,RUB_KGS,1,0.0000000000,True,0.8604920000,0.8617666667,0.8604920000,0,0,15.9421534206,-1.1526708699
2026-05-07,RUB_KGS,1,0.0000000000,True,0.8535860000,0.8586480000,0.8535860000,0,0,80.2564114483,-21.4756221409
2026-05-08,RUB_KGS,1,0.0000000000,True,0.8498730000,0.8546503333,0.8498730000,0,0,43.4988390156,12.4534361226
2026-05-09,RUB_KGS,1,0.0000000000,True,0.8498730000,0.8511106667,0.8498730000,1,1,0.0000000000,14.5417830505
2026-05-13,RUB_KGS,1,0.0000000000,True,0.8386740000,0.8441060000,0.8386740000,0,0,60.4073854162,3.9686958747
2026-05-14,RUB_KGS,1,0.0000000000,True,0.8363460000,0.8395970000,0.8363460000,0,0,27.7581038640,10.9933694380
2026-05-15,RUB_KGS,1,0.0000000000,True,0.8362210000,0.8370803333,0.8362210000,0,0,1.4945967339,8.7725550833
2026-05-16,RUB_KGS,1,0.0000000000,True,0.8362210000,0.8362626667,0.8362210000,1,1,0.0000000000,0.4982485567
2026-05-19,RUB_KGS,1,0.0000000000,True,0.8152380000,0.8262616667,0.8152380000,0,0,146.1092725238,-12.8813108035
2026-05-20,RUB_KGS,1,0.0000000000,True,0.8113310000,0.8179650000,0.8113310000,0,0,47.9246551314,33.3388347912
2026-05-21,RUB_KGS,1,0.0000000000,True,0.8094930000,0.8120206667,0.8094930000,0,0,22.6541325304,8.4932156899
2026-05-22,RUB_KGS,1,0.0000000000,True,0.8094930000,0.8117020000,0.8142820000,1,1,0.0000000000,27.2144210560
2026-05-23,RUB_KGS,1,0.0000000000,True,0.8094930000,0.8126856667,0.8142820000,0,1,0.0000000000,-19.6426908805
2026-05-26,RUB_KGS,1,0.0000000000,True,0.8142820000,0.8173163333,0.8195310000,0,1,0.0000000000,-10.0287567156
2026-05-27,RUB_KGS,1,0.0000000000,True,0.8107630000,0.8161433333,0.8107630000,0,0,106.9880211975,-41.5082318057
2026-05-28,RUB_KGS,1,0.0000000000,True,0.8107630000,0.8154783333,0.8161410000,1,1,0.0000000000,57.8229137500
2026-05-29,RUB_KGS,1,0.0000000000,True,0.8107630000,0.8130176667,0.8121490000,0,0,48.9131167286,-38.4165493739
2026-05-30,RUB_KGS,1,0.0000000000,True,0.8121490000,0.8134796667,0.8121490000,1,1,0.0000000000,16.3577126902
2026-06-02,RUB_KGS,1,0.0000000000,True,0.8121490000,0.8200316667,0.8297280000,0,1,0.0000000000,22.1170320658
2026-06-03,RUB_KGS,1,0.0000000000,True,0.8182180000,0.8288793333,0.8386920000,0,1,0.0000000000,-10.2387239317
2026-06-04,RUB_KGS,1,0.0000000000,True,0.8297280000,0.8393326667,0.8495780000,0,1,0.0000000000,7.6330481597
2026-06-05,RUB_KGS,1,0.0000000000,True,0.8386920000,0.8427983333,0.8401250000,0,0,111.2670055016,-80.4423359483
2026-06-06,RUB_KGS,1,0.0000000000,True,0.8401250000,0.8432760000,0.8401250000,1,1,0.0000000000,37.3661766729
2026-06-09,RUB_KGS,1,0.0000000000,True,0.8202640000,0.8327260000,0.8202640000,0,0,209.1815480986,-60.8003112669
2026-06-10,RUB_KGS,1,0.0000000000,True,0.8202640000,0.8263263333,0.8209260000,1,1,0.0000000000,73.3648812677
2026-06-11,RUB_KGS,1,0.0000000000,True,0.8202640000,0.8211540000,0.8222720000,0,1,0.0000000000,2.7765802761
2026-06-12,RUB_KGS,1,0.0000000000,True,0.8209260000,0.8218233333,0.8222720000,0,1,0.0000000000,-5.4594053061
2026-06-16,RUB_KGS,1,0.0000000000,True,0.8222720000,0.8252250000,0.8249150000,0,0,43.1267562113,-39.5407313157
2026-06-17,RUB_KGS,1,0.0000000000,True,0.8249150000,0.8284276667,0.8318800000,1,1,0.0000000000,42.4016097966
2026-06-18,RUB_KGS,1,0.0000000000,True,0.8249150000,0.8318880000,0.8388690000,0,1,0.0000000000,0.0961667917
2026-06-19,RUB_KGS,1,0.0000000000,True,0.8318800000,0.8368440000,0.8397830000,0,1,0.0000000000,-24.1980584195
2026-06-20,RUB_KGS,1,0.0000000000,True,0.8388690000,0.8394783333,0.8397830000,0,1,0.0000000000,-3.6292379990
2026-06-23,RUB_KGS,1,0.0000000000,True,0.8397830000,0.8455273333,0.8532880000,0,1,0.0000000000,23.8470508740
2026-06-24,RUB_KGS,1,0.0000000000,True,0.8435110000,0.8506150000,0.8550460000,0,1,0.0000000000,-31.4243224020
2026-06-25,RUB_KGS,1,0.0000000000,True,0.8532880000,0.8577416667,0.8648910000,0,1,0.0000000000,31.4274888515
2026-06-26,RUB_KGS,1,0.0000000000,True,0.8550460000,0.8670463333,0.8812020000,0,1,0.0000000000,24.8583409037
2026-06-27,RUB_KGS,1,0.0000000000,True,0.8648910000,0.8757650000,0.8812020000,0,1,0.0000000000,-62.0828646954
2026-06-30,RUB_KGS,1,0.0000000000,True,0.8812020000,0.8884490000,0.8950210000,0,1,0.0000000000,-7.5975098177
2026-07-01,RUB_KGS,1,0.0000000000,True,0.8891240000,0.8930386667,0.8949710000,0,0,0.5586461100,-22.1976204091
2026-07-02,RUB_KGS,1,0.0000000000,True,0.8911300000,0.8937073333,0.8911300000,0,0,42.9175917432,-14.1396027484
2026-07-03,RUB_KGS,1,0.0000000000,True,0.8831150000,0.8897386667,0.8831150000,0,0,89.9419837734,-15.6375505017
2026-07-04,RUB_KGS,1,0.0000000000,True,0.8831150000,0.8857866667,0.8831150000,1,1,0.0000000000,30.1615136828
2026-07-07,RUB_KGS,1,0.0000000000,True,0.8705070000,0.8817370000,0.8705070000,0,0,236.4542406871,-111.7339977794
2026-07-08,RUB_KGS,1,0.0000000000,True,0.8705070000,0.8785893333,0.8736720000,1,1,0.0000000000,91.9921631949
2026-07-09,RUB_KGS,1,0.0000000000,True,0.8682870000,0.8708220000,0.8682870000,0,0,61.6364035931,-32.7276986571
2026-07-10,RUB_KGS,1,0.0000000000,True,0.8682870000,0.8728800000,0.8766810000,1,1,0.0000000000,52.6189166896
2026-07-11,RUB_KGS,1,0.0000000000,True,0.8682870000,0.8738830000,0.8766810000,0,1,0.0000000000,-32.0180161417
2026-07-14,RUB_KGS,1,0.0000000000,True,0.8761730000,0.8796586667,0.8861220000,1,1,0.0000000000,39.6252182665
2026-07-15,RUB_KGS,1,0.0000000000,True,0.8761730000,0.8845796667,0.8914440000,0,1,0.0000000000,-17.4357764648
2026-07-16,RUB_KGS,1,0.0000000000,True,0.8861220000,0.8910473333,0.8955760000,0,1,0.0000000000,-4.4516901833
2026-07-17,RUB_KGS,1,0.0000000000,True,0.8914440000,0.8945056667,0.8964970000,0,1,0.0000000000,-11.9656406127
2026-07-18,RUB_KGS,1,0.0000000000,True,0.8955760000,0.8961900000,0.8964970000,0,1,0.0000000000,-3.4256128723
2026-07-21,RUB_KGS,1,0.0000000000,True,0.8955510000,0.8967736667,0.8982730000,1,1,0.0000000000,13.6340607682
2026-07-22,RUB_KGS,1,0.0000000000,True,0.8955510000,0.8970670000,0.8973770000,0,0,9.9746958887,-13.4438118892
2026-07-23,RUB_KGS,1,0.0000000000,True,0.8965680000,0.8974060000,0.8965680000,0,0,9.0151630808,0.3231536228
2026-07-24,RUB_KGS,1,0.0000000000,True,0.8922900000,0.8954116667,0.8922900000,0,0,47.7152876302,-12.9139855597
2026-07-25,RUB_KGS,1,0.0000000000,True,0.8922900000,0.8937160000,0.8922900000,1,1,0.0000000000,15.9558517471
2026-07-28,RUB_KGS,1,0.0000000000,True,0.8921350000,0.8947816667,0.8999200000,1,1,0.0000000000,29.5789103115
2026-07-29,RUB_KGS,1,0.0000000000,True,0.8921350000,0.8998370000,0.9074560000,0,1,0.0000000000,-0.9223892772
2026-07-30,RUB_KGS,1,0.0000000000,True,0.8999200000,0.9068510000,0.9131770000,0,1,0.0000000000,-6.6714377555
2026-07-31,RUB_KGS,1,0.0000000000,True,0.9074560000,0.9097696667,0.9086760000,0,0,49.2894586701,-37.4527032300
2026-08-01,RUB_KGS,1,0.0000000000,True,0.9086760000,0.9101763333,0.9086760000,1,1,0.0000000000,16.4839853376
2026-08-04,RUB_KGS,1,0.0000000000,True,0.9086760000,0.9173300000,0.9277200000,0,1,0.0000000000,18.9244873710
2026-08-05,RUB_KGS,1,0.0000000000,True,0.9155940000,0.9229163333,0.9254350000,0,0,24.6302763765,-52.0487772637
2026-08-06,RUB_KGS,1,0.0000000000,True,0.9254350000,0.9280203333,0.9309060000,1,1,0.0000000000,27.8585849951
2026-08-07,RUB_KGS,1,0.0000000000,True,0.9254350000,0.9319746667,0.9395830000,0,1,0.0000000000,11.4666922277
2026-08-08,RUB_KGS,1,0.0000000000,True,0.9309060000,0.9366906667,0.9395830000,0,1,0.0000000000,-30.8782123732
2026-08-11,RUB_KGS,1,0.0000000000,True,0.9395830000,0.9420496667,0.9419580000,0,0,28.0539652427,-27.1570961050
2026-08-12,RUB_KGS,1,0.0000000000,True,0.9419580000,0.9452176667,0.9490870000,1,1,0.0000000000,34.4858838511
2026-08-13,RUB_KGS,1,0.0000000000,True,0.9419580000,0.9497910000,0.9583280000,0,1,0.0000000000,7.4121569903
2026-08-14,RUB_KGS,1,0.0000000000,True,0.9490870000,0.9580650000,0.9667800000,0,1,0.0000000000,-2.7451164587
2026-08-15,RUB_KGS,1,0.0000000000,True,0.9583280000,0.9639626667,0.9667800000,0,1,0.0000000000,-29.2265813890
2026-08-18,RUB_KGS,1,0.0000000000,True,0.9667800000,0.9709283333,0.9738650000,0,1,0.0000000000,-12.4794655287
2026-08-19,RUB_KGS,1,0.0000000000,True,0.9721400000,0.9731560000,0.9734630000,0,0,4.1278822013,-7.2855739470
2026-08-20,RUB_KGS,1,0.0000000000,True,0.9531830000,0.9668370000,0.9531830000,0,0,208.3284110439,-68.5327516427
2026-08-21,RUB_KGS,1,0.0000000000,True,0.9482120000,0.9582860000,0.9482120000,0,0,52.1515805464,53.2513258046
2026-08-22,RUB_KGS,1,0.0000000000,True,0.9482120000,0.9498690000,0.9482120000,1,1,0.0000000000,17.4445107694
2026-08-25,RUB_KGS,1,0.0000000000,True,0.9482120000,0.9554886667,0.9658490000,0,1,0.0000000000,32.2731893558
2026-08-26,RUB_KGS,1,0.0000000000,True,0.9524050000,0.9606760000,0.9637740000,0,0,21.4836894794,-53.8474990528
2026-08-27,RUB_KGS,1,0.0000000000,True,0.9637740000,0.9708390000,0.9828940000,1,1,0.0000000000,72.7721074246
2026-08-28,RUB_KGS,1,0.0000000000,True,0.9637740000,0.9751736667,0.9788530000,0,0,41.1132838333,-79.1688044625
2026-08-29,RUB_KGS,1,0.0000000000,True,0.9788530000,0.9802000000,0.9788530000,1,1,0.0000000000,13.7420934503
2026-09-01,RUB_KGS,1,0.0000000000,True,0.9788530000,0.9862130000,0.9920300000,0,1,0.0000000000,-15.6457073675
2026-09-02,RUB_KGS,1,0.0000000000,False,,,,,,,
