date,corridor,horizon_calendar_days,epsilon,has_full_window,window_min_rub_per_unit,window_mean_rub_per_unit,future_min_rub_per_unit,target_good_now,message_hit,future_regret_bps,moment_advantage_bps
2016-09-02,RUB_KZT,10,0.0100000000,False,,,,,,,
2016-09-03,RUB_KZT,10,0.0100000000,False,,,,,,,
2016-09-06,RUB_KZT,10,0.0100000000,False,,,,,,,
2016-09-07,RUB_KZT,10,0.0100000000,False,,,,,,,
2016-09-08,RUB_KZT,10,0.0100000000,False,,,,,,,
2016-09-09,RUB_KZT,10,0.0100000000,False,,,,,,,
2016-09-10,RUB_KZT,10,0.0100000000,False,,,,,,,
2016-09-13,RUB_KZT,10,0.0100000000,True,0.1888040000,0.1910805714,0.1888040000,0,0,194.8014852899,-77.1626628707
2016-09-14,RUB_KZT,10,0.0100000000,True,0.1888040000,0.1909219524,0.1888040000,0,0,168.8649132764,-58.9270958639
2016-09-15,RUB_KZT,10,0.0100000000,True,0.1888040000,0.1907633333,0.1888040000,0,0,158.3081822968,-56.4923378008
2016-09-16,RUB_KZT,10,0.0100000000,True,0.1888040000,0.1906047143,0.1888040000,0,0,166.6631945168,-73.4129646021
2016-09-17,RUB_KZT,10,0.0100000000,True,0.1888040000,0.1905797143,0.1888040000,0,0,132.0232059792,-39.3686031642
2016-09-20,RUB_KZT,10,0.0100000000,True,0.1885850000,0.1903757619,0.1885850000,0,0,138.9854792071,-45.5540183562
2016-09-21,RUB_KZT,10,0.0100000000,True,0.1885850000,0.1903242857,0.1885850000,0,0,110.3367262925,-19.1627823189
2016-09-22,RUB_KZT,10,0.0100000000,True,0.1885850000,0.1902728095,0.1885850000,1,1,83.8679146072,4.8777081729
2016-09-23,RUB_KZT,10,0.0100000000,True,0.1885850000,0.1902213333,0.1885850000,1,1,11.5993305227,74.5096939705
2016-09-24,RUB_KZT,10,0.0100000000,True,0.1867930000,0.1899469524,0.1867930000,0,0,127.1676911612,39.3769087409
2016-09-27,RUB_KZT,10,0.0100000000,True,0.1867930000,0.1893006190,0.1867930000,0,0,151.5806567265,-19.4072768610
2016-09-28,RUB_KZT,10,0.0100000000,True,0.1867930000,0.1891438095,0.1867930000,0,0,118.0796190980,6.2814386635
2016-09-29,RUB_KZT,10,0.0100000000,True,0.1867930000,0.1889870000,0.1867930000,0,0,147.1131225538,-31.4836470233
2016-09-30,RUB_KZT,10,0.0100000000,True,0.1867930000,0.1888301905,0.1867930000,1,1,95.0234642204,12.9847073486
2016-10-01,RUB_KZT,10,0.0100000000,True,0.1867930000,0.1886623810,0.1867930000,0,0,113.9479004583,-15.0331532014
2016-10-04,RUB_KZT,10,0.0100000000,True,0.1867930000,0.1886008571,0.1869820000,1,1,0.0000000000,95.8562527363
2016-10-05,RUB_KZT,10,0.0100000000,True,0.1867930000,0.1886559524,0.1874500000,1,1,0.0000000000,88.7304301733
2016-10-06,RUB_KZT,10,0.0100000000,True,0.1867930000,0.1887110476,0.1874500000,1,1,23.2586607908,43.6671636051
2016-10-07,RUB_KZT,10,0.0100000000,True,0.1867930000,0.1887661429,0.1877190000,1,1,0.0000000000,69.7234597911
2016-10-08,RUB_KZT,10,0.0100000000,True,0.1867930000,0.1887857143,0.1877190000,1,1,16.9115652770,39.6594778661
2016-10-11,RUB_KZT,10,0.0100000000,True,0.1867930000,0.1887529524,0.1882690000,1,1,0.0000000000,54.7780772650
2016-10-12,RUB_KZT,10,0.0100000000,True,0.1867930000,0.1887276190,0.1884140000,1,1,0.0000000000,24.3005793181
2016-10-13,RUB_KZT,10,0.0100000000,True,0.1867930000,0.1887022857,0.1884140000,0,1,37.7522101434,-22.5601022321
2016-10-14,RUB_KZT,10,0.0100000000,True,0.1867930000,0.1886769524,0.1884140000,0,0,134.5662463871,-122.2750097420
2016-10-15,RUB_KZT,10,0.0100000000,True,0.1869820000,0.1887673333,0.1884140000,0,0,102.0193742251,-84.1600418151
2016-10-18,RUB_KZT,10,0.0100000000,True,0.1877190000,0.1889022857,0.1879110000,0,0,114.0578391090,-62.2922206190
2016-10-19,RUB_KZT,10,0.0100000000,True,0.1877190000,0.1889203333,0.1879110000,1,1,74.8436575678,-21.5787607122
2016-10-20,RUB_KZT,10,0.0100000000,True,0.1877190000,0.1889383810,0.1879110000,1,1,35.0529240820,19.3915577414
2016-10-21,RUB_KZT,10,0.0100000000,True,0.1877190000,0.1889564286,0.1879110000,1,1,36.7436533690,18.6513141730
2016-10-22,RUB_KZT,10,0.0100000000,True,0.1879110000,0.1890014286,0.1879110000,1,1,26.6965299818,31.0806418697
2016-10-25,RUB_KZT,10,0.0100000000,True,0.1876330000,0.1887596190,0.1876330000,1,1,56.0705068074,3.6352609719
2016-10-26,RUB_KZT,10,0.0100000000,True,0.1876330000,0.1886299524,0.1876330000,1,1,15.9631357984,36.9481289771
2016-10-27,RUB_KZT,10,0.0100000000,True,0.1876330000,0.1885002857,0.1876330000,1,1,14.7942376976,31.2617942224
2016-10-28,RUB_KZT,10,0.0100000000,True,0.1876330000,0.1883706190,0.1876330000,1,1,88.5325050579,-49.8156749245
2016-10-29,RUB_KZT,10,0.0100000000,True,0.1876330000,0.1882660476,0.1876330000,1,1,41.5569802989,-7.9649189458
2016-11-01,RUB_KZT,10,0.0100000000,True,0.1872620000,0.1880916667,0.1872620000,1,1,74.3120044100,-30.4284258562
2016-11-02,RUB_KZT,10,0.0100000000,True,0.1872620000,0.1882091905,0.1872620000,1,1,40.8445460831,9.5208143522
2016-11-03,RUB_KZT,10,0.0100000000,True,0.1872620000,0.1883267143,0.1872620000,1,1,20.1449584310,36.4639869770
2016-11-04,RUB_KZT,10,0.0100000000,True,0.1872620000,0.1884442381,0.1872620000,1,1,19.7726412731,43.0492385142
2016-11-08,RUB_KZT,10,0.0100000000,True,0.1872620000,0.1887880952,0.1872620000,1,1,33.0524847911,47.9423894263
2016-11-09,RUB_KZT,10,0.0100000000,True,0.1872620000,0.1889071429,0.1872620000,1,1,11.1483909511,76.0237456044
2016-11-10,RUB_KZT,10,0.0100000000,True,0.1872620000,0.1890261905,0.1881090000,1,1,0.0000000000,93.3304782658
2016-11-11,RUB_KZT,10,0.0100000000,True,0.1872620000,0.1891452381,0.1891970000,1,1,0.0000000000,54.7853123702
2016-11-12,RUB_KZT,10,0.0100000000,True,0.1872620000,0.1892043333,0.1891970000,0,1,88.2744313241,-88.6695688788
2016-11-15,RUB_KZT,10,0.0100000000,True,0.1872620000,0.1896485238,0.1891970000,0,0,118.8679343824,-96.2030261996
2016-11-16,RUB_KZT,10,0.0100000000,True,0.1872620000,0.1898133333,0.1891970000,0,1,67.2518611073,-35.0168586682
2016-11-17,RUB_KZT,10,0.0100000000,True,0.1872620000,0.1899781429,0.1892090000,0,1,0.0000000000,41.1175120145
2016-11-18,RUB_KZT,10,0.0100000000,True,0.1872620000,0.1901429524,0.1892090000,0,1,37.2794431252,11.8832898155
2016-11-19,RUB_KZT,10,0.0100000000,True,0.1872620000,0.1902720476,0.1892090000,0,1,89.4110498858,-33.8437720627
2016-11-22,RUB_KZT,10,0.0100000000,True,0.1874640000,0.1905697143,0.1874640000,0,0,128.5379531871,34.8803737365
2016-11-23,RUB_KZT,10,0.0100000000,True,0.1874640000,0.1905410476,0.1874640000,1,1,92.2260569000,69.9086960890
2016-11-24,RUB_KZT,10,0.0100000000,True,0.1874640000,0.1905123810,0.1874640000,0,0,191.8579403655,-32.4713304472
2016-11-25,RUB_KZT,10,0.0100000000,True,0.1874640000,0.1904837143,0.1874640000,0,0,251.0257890385,-94.8787522893
2016-11-26,RUB_KZT,10,0.0100000000,True,0.1874640000,0.1904620476,0.1874640000,0,0,189.9588684103,-33.1799636123
2016-11-29,RUB_KZT,10,0.0100000000,True,0.1874640000,0.1904549048,0.1874640000,0,0,164.2234278099,-7.3033161456
2016-11-30,RUB_KZT,10,0.0100000000,True,0.1874640000,0.1903758095,0.1874640000,0,0,170.1545286274,-17.5017234082
2016-12-01,RUB_KZT,10,0.0100000000,True,0.1874640000,0.1902967143,0.1874640000,0,0,181.0182275299,-32.7533618552
2016-12-02,RUB_KZT,10,0.0100000000,True,0.1874640000,0.1902176190,0.1890630000,1,1,0.0000000000,144.7615137549
2016-12-03,RUB_KZT,10,0.0100000000,True,0.1863900000,0.1900502381,0.1863900000,0,0,204.4355686357,-12.0895352231
2016-12-06,RUB_KZT,10,0.0100000000,True,0.1830270000,0.1890362857,0.1830270000,0,0,418.3375388707,-104.8324811412
2016-12-07,RUB_KZT,10,0.0100000000,True,0.1830270000,0.1887105238,0.1830270000,0,0,385.0154447456,-87.1957831105
2016-12-08,RUB_KZT,10,0.0100000000,True,0.1830270000,0.1883847619,0.1830270000,0,0,368.1659588576,-86.9623465653
2016-12-09,RUB_KZT,10,0.0100000000,True,0.1830270000,0.1880590000,0.1830270000,0,0,319.2586598118,-53.3875007312
2016-12-10,RUB_KZT,10,0.0100000000,True,0.1830270000,0.1877629524,0.1830270000,0,0,329.0798129508,-79.4644310886
2016-12-13,RUB_KZT,10,0.0100000000,True,0.1830270000,0.1869111429,0.1830270000,0,0,180.4281345566,27.8818506578
2016-12-14,RUB_KZT,10,0.0100000000,True,0.1830270000,0.1866207619,0.1830270000,1,1,70.0419926431,123.3925894021
2016-12-15,RUB_KZT,10,0.0100000000,True,0.1830270000,0.1863303810,0.1832700000,1,1,0.0000000000,177.2862232931
2016-12-16,RUB_KZT,10,0.0100000000,True,0.1830270000,0.1860400000,0.1832700000,1,1,39.2949731783,110.0301010535
2016-12-17,RUB_KZT,10,0.0100000000,True,0.1829910000,0.1856577619,0.1829910000,1,1,68.4927789507,75.6640546751
2016-12-20,RUB_KZT,10,0.0100000000,True,0.1807530000,0.1844852857,0.1807530000,0,0,196.5538000944,5.8696125204
2016-12-21,RUB_KZT,10,0.0100000000,True,0.1807530000,0.1841225238,0.1807530000,0,0,200.0618077130,-17.4055940493
2016-12-22,RUB_KZT,10,0.0100000000,True,0.1807530000,0.1837597619,0.1807530000,0,0,149.2708128965,14.5713023344
2016-12-23,RUB_KZT,10,0.0100000000,True,0.1807530000,0.1833970000,0.1807530000,0,0,137.3383532493,6.9248679095
2016-12-24,RUB_KZT,10,0.0100000000,True,0.1807530000,0.1831706667,0.1807530000,0,0,186.1745447438,-55.2126250200
2016-12-27,RUB_KZT,10,0.0100000000,True,0.1807530000,0.1828646190,0.1807530000,0,0,122.3010967753,-6.9111757670
2016-12-28,RUB_KZT,10,0.0100000000,True,0.1807530000,0.1827400476,0.1807530000,1,1,88.5028541348,20.4141141424
2016-12-29,RUB_KZT,10,0.0100000000,True,0.1807530000,0.1826154762,0.1807530000,1,1,52.1188772702,50.1313585011
2016-12-30,RUB_KZT,10,0.0100000000,True,0.1807530000,0.1824909048,0.1816370000,1,1,0.0000000000,95.2324042764
2016-12-31,RUB_KZT,10,0.0100000000,True,0.1807530000,0.1823188571,0.1807640000,1,1,48.0628946745,37.3991562663
2017-01-10,RUB_KZT,10,0.0100000000,True,0.1786800000,0.1803861905,0.1786800000,0,0,115.2884423890,-20.9444815488
2017-01-11,RUB_KZT,10,0.0100000000,True,0.1786800000,0.1802901429,0.1786800000,1,1,74.4913093472,14.9283179256
2017-01-12,RUB_KZT,10,0.0100000000,True,0.1786800000,0.1801940952,0.1786800000,1,1,76.1450922239,7.9411724289
2017-01-13,RUB_KZT,10,0.0100000000,True,0.1786800000,0.1800980476,0.1786800000,1,1,22.5035318819,56.3608341382
2017-01-14,RUB_KZT,10,0.0100000000,True,0.1786800000,0.1800055714,0.1786800000,1,1,2.1262547701,71.5295320224
2017-01-17,RUB_KZT,10,0.0100000000,True,0.1786800000,0.1798657143,0.1787130000,1,1,0.0000000000,65.9221959239
2017-01-18,RUB_KZT,10,0.0100000000,True,0.1786800000,0.1799512857,0.1789900000,1,1,0.0000000000,68.8122737979
2017-01-19,RUB_KZT,10,0.0100000000,True,0.1786800000,0.1800368571,0.1792840000,1,1,0.0000000000,58.1468239043
2017-01-20,RUB_KZT,10,0.0100000000,True,0.1786800000,0.1801224286,0.1796200000,1,1,0.0000000000,46.5477052513
2017-01-21,RUB_KZT,10,0.0100000000,True,0.1786800000,0.1802836667,0.1796200000,1,1,0.0000000000,36.8123568229
2017-01-24,RUB_KZT,10,0.0100000000,True,0.1786800000,0.1810911905,0.1800700000,1,1,0.0000000000,77.0987518785
2017-01-25,RUB_KZT,10,0.0100000000,True,0.1786800000,0.1813117619,0.1803320000,1,1,0.0000000000,68.4876641050
2017-01-26,RUB_KZT,10,0.0100000000,True,0.1786800000,0.1815323333,0.1815720000,1,1,0.0000000000,66.1222885914
2017-01-27,RUB_KZT,10,0.0100000000,True,0.1786800000,0.1817529048,0.1833500000,0,1,0.0000000000,9.9533353892
2017-01-28,RUB_KZT,10,0.0100000000,True,0.1787130000,0.1819300952,0.1824010000,0,1,56.3145327475,-82.6638803182
2017-01-31,RUB_KZT,10,0.0100000000,True,0.1796200000,0.1824670952,0.1819860000,0,0,117.5128970948,-92.2305887376
2017-02-01,RUB_KZT,10,0.0100000000,True,0.1796200000,0.1825843810,0.1819860000,0,0,202.2687261431,-172.9950300865
2017-02-02,RUB_KZT,10,0.0100000000,True,0.1796200000,0.1827016667,0.1819860000,0,0,207.2773060407,-171.6641884310
2017-02-03,RUB_KZT,10,0.0100000000,True,0.1796950000,0.1828189524,0.1819860000,0,0,137.9706500770,-93.7018616909
2017-02-04,RUB_KZT,10,0.0100000000,True,0.1800700000,0.1828530952,0.1804120000,0,0,160.2399781838,-27.1750806984
2017-02-07,RUB_KZT,10,0.0100000000,True,0.1776180000,0.1825592381,0.1776180000,0,0,262.2244395590,8.6677670705
2017-02-08,RUB_KZT,10,0.0100000000,True,0.1776180000,0.1824448571,0.1776180000,0,0,293.6740403952,-29.9894919326
2017-02-09,RUB_KZT,10,0.0100000000,True,0.1776180000,0.1823304762,0.1776180000,0,0,309.2434774069,-52.4061489603
2017-02-10,RUB_KZT,10,0.0100000000,True,0.1776180000,0.1822160952,0.1776180000,0,0,240.0184629587,12.6276022870
2017-02-11,RUB_KZT,10,0.0100000000,True,0.1776180000,0.1821120000,0.1776180000,0,0,245.2178402157,1.5924266386
2017-02-14,RUB_KZT,10,0.0100000000,True,0.1776180000,0.1818164286,0.1776180000,0,0,154.8677471565,77.2443162845
2017-02-15,RUB_KZT,10,0.0100000000,True,0.1776180000,0.1818321429,0.1776180000,1,1,81.4733327005,151.5212224776
2017-02-16,RUB_KZT,10,0.0100000000,True,0.1776180000,0.1818478571,0.1791080000,1,1,0.0000000000,232.6041785323
2017-02-17,RUB_KZT,10,0.0100000000,True,0.1776180000,0.1818635714,0.1810320000,1,1,0.0000000000,151.5186030345
2017-02-18,RUB_KZT,10,0.0100000000,True,0.1776180000,0.1819985714,0.1810320000,0,1,0.0000000000,53.1087371172
2017-02-21,RUB_KZT,10,0.0100000000,True,0.1776180000,0.1823893333,0.1825460000,0,1,0.0000000000,23.3200771975
2017-02-22,RUB_KZT,10,0.0100000000,True,0.1776180000,0.1825530000,0.1836800000,0,1,0.0000000000,0.3834502857
2017-02-23,RUB_KZT,10,0.0100000000,True,0.1776180000,0.1827166667,0.1836800000,0,1,0.0000000000,-52.7227948554
2017-02-28,RUB_KZT,10,0.0100000000,True,0.1810320000,0.1840130476,0.1844210000,0,1,43.9979269688,-66.4600905629
2017-03-01,RUB_KZT,10,0.0100000000,True,0.1810320000,0.1842727143,0.1844210000,0,1,51.5705831899,-59.9267080081
2017-03-02,RUB_KZT,10,0.0100000000,True,0.1810320000,0.1845323810,0.1844210000,0,1,80.8928331316,-75.4674621566
2017-03-03,RUB_KZT,10,0.0100000000,True,0.1819640000,0.1847920476,0.1844210000,0,1,40.3417437138,-20.3446190351
2017-03-04,RUB_KZT,10,0.0100000000,True,0.1825460000,0.1849907143,0.1844210000,0,1,59.2388960759,-28.6114747072
2017-03-07,RUB_KZT,10,0.0100000000,True,0.1835170000,0.1851920952,0.1835170000,1,1,49.0182788294,41.6375891802
2017-03-08,RUB_KZT,10,0.0100000000,True,0.1835170000,0.1851965238,0.1835170000,1,1,82.5209139448,8.2357814492
2017-03-10,RUB_KZT,10,0.0100000000,True,0.1835170000,0.1852053810,0.1835170000,0,0,106.5269309354,-15.5297349429
2017-03-11,RUB_KZT,10,0.0100000000,True,0.1814930000,0.1850271429,0.1814930000,0,0,267.6890902754,-78.7915286560
2017-03-14,RUB_KZT,10,0.0100000000,True,0.1813270000,0.1845371905,0.1813270000,0,0,258.3594790906,-86.6388785742
2017-03-15,RUB_KZT,10,0.0100000000,True,0.1813270000,0.1843378571,0.1813270000,0,0,210.3939014383,-48.0716696439
2017-03-16,RUB_KZT,10,0.0100000000,True,0.1813270000,0.1841385238,0.1813270000,0,0,219.3706376690,-68.1810717552
2017-03-17,RUB_KZT,10,0.0100000000,True,0.1813270000,0.1839391905,0.1813270000,0,0,119.3349934883,22.9527201407
2017-03-18,RUB_KZT,10,0.0100000000,True,0.1801540000,0.1837360000,0.1801540000,0,0,196.9277314948,-2.0137588714
2017-03-21,RUB_KZT,10,0.0100000000,True,0.1791000000,0.1830334762,0.1791000000,0,0,131.8508151830,84.1636307488
2017-03-22,RUB_KZT,10,0.0100000000,True,0.1784320000,0.1826500000,0.1784320000,0,0,159.6563115256,72.4336162059
2017-03-23,RUB_KZT,10,0.0100000000,True,0.1784320000,0.1822665238,0.1784320000,0,0,228.5795647460,-18.6252627954
2017-03-24,RUB_KZT,10,0.0100000000,True,0.1784320000,0.1818830476,0.1784320000,0,0,209.3850138273,-20.0652224454
2017-03-25,RUB_KZT,10,0.0100000000,True,0.1784320000,0.1815417143,0.1784320000,0,0,160.0361763376,11.4416836115
2017-03-28,RUB_KZT,10,0.0100000000,True,0.1784320000,0.1808971429,0.1784320000,1,1,95.5848884843,41.0809615567
2017-03-29,RUB_KZT,10,0.0100000000,True,0.1784320000,0.1807923333,0.1784320000,0,0,129.3902229893,1.1799910394
2017-03-30,RUB_KZT,10,0.0100000000,True,0.1784320000,0.1806875238,0.1784320000,0,0,139.5359118465,-14.9139345537
2017-03-31,RUB_KZT,10,0.0100000000,True,0.1784320000,0.1805827143,0.1784320000,1,1,37.2975991066,82.1072100715
2017-04-01,RUB_KZT,10,0.0100000000,True,0.1784320000,0.1806929524,0.1784320000,1,1,0.0000000000,125.1267606822
2017-04-04,RUB_KZT,10,0.0100000000,True,0.1784320000,0.1807084286,0.1791680000,1,1,0.0000000000,96.3114219512
2017-04-05,RUB_KZT,10,0.0100000000,True,0.1784320000,0.1806986190,0.1791680000,0,1,96.0172466212,-11.4212800003
2017-04-06,RUB_KZT,10,0.0100000000,True,0.1784320000,0.1806888095,0.1805260000,1,1,0.0000000000,84.1673332077
2017-04-07,RUB_KZT,10,0.0100000000,True,0.1784320000,0.1806790000,0.1811280000,0,1,0.0000000000,8.4680566087
2017-04-08,RUB_KZT,10,0.0100000000,True,0.1784320000,0.1807181905,0.1809770000,0,1,32.7693697266,-47.2453559633
2017-04-11,RUB_KZT,10,0.0100000000,True,0.1784320000,0.1807260476,0.1800640000,0,0,203.6908077994,-170.5317203334
2017-04-12,RUB_KZT,10,0.0100000000,True,0.1784320000,0.1807842381,0.1796540000,0,0,179.0848958618,-118.6918686811
2017-04-13,RUB_KZT,10,0.0100000000,True,0.1784320000,0.1808424286,0.1796540000,0,0,127.7619945159,-62.8487151798
2017-04-14,RUB_KZT,10,0.0100000000,True,0.1789680000,0.1809006190,0.1796540000,0,0,106.9951596117,-38.4952221859
2017-04-15,RUB_KZT,10,0.0100000000,True,0.1791680000,0.1809389524,0.1796540000,0,1,81.3789143589,-10.4481437833
2017-04-18,RUB_KZT,10,0.0100000000,True,0.1788970000,0.1809327143,0.1788970000,0,0,114.9317316565,-2.4476344403
2017-04-19,RUB_KZT,10,0.0100000000,True,0.1788970000,0.1809162381,0.1788970000,1,1,64.8102896748,47.1067773800
2017-04-20,RUB_KZT,10,0.0100000000,True,0.1788970000,0.1808997619,0.1788970000,1,1,81.6654654322,29.2848315102
2017-04-21,RUB_KZT,10,0.0100000000,True,0.1788970000,0.1808832857,0.1788970000,1,1,92.0474747866,17.9278982580
2017-04-22,RUB_KZT,10,0.0100000000,True,0.1788970000,0.1807603333,0.1788970000,1,1,42.1365513710,61.2044309131
2017-04-25,RUB_KZT,10,0.0100000000,True,0.1788970000,0.1806272857,0.1788970000,1,1,48.7281182380,47.2954964089
2017-04-26,RUB_KZT,10,0.0100000000,True,0.1788970000,0.1807665714,0.1801590000,1,1,0.0000000000,103.4246218090
2017-04-27,RUB_KZT,10,0.0100000000,True,0.1788970000,0.1809058571,0.1805730000,1,1,0.0000000000,41.2842986210
2017-04-28,RUB_KZT,10,0.0100000000,True,0.1788970000,0.1810451429,0.1805730000,0,1,46.2483187441,-20.2632966048
2017-04-29,RUB_KZT,10,0.0100000000,True,0.1788970000,0.1811916190,0.1805730000,0,1,36.0323573880,-1.8974913167
2017-05-03,RUB_KZT,10,0.0100000000,True,0.1788970000,0.1815650000,0.1809110000,1,1,0.0000000000,54.6360807424
2017-05-04,RUB_KZT,10,0.0100000000,True,0.1788970000,0.1816304286,0.1809590000,0,1,0.0000000000,39.6094738688
2017-05-05,RUB_KZT,10,0.0100000000,True,0.1788970000,0.1816958571,0.1809590000,0,1,69.6380358672,-29.2875613958
2017-05-06,RUB_KZT,10,0.0100000000,True,0.1788970000,0.1817348095,0.1805910000,0,0,188.0979935127,-127.5589680516
2017-05-11,RUB_KZT,10,0.0100000000,True,0.1803160000,0.1821050476,0.1803160000,0,0,116.8552135403,-18.8326674871
2017-05-12,RUB_KZT,10,0.0100000000,True,0.1803160000,0.1821933333,0.1803160000,1,1,35.5329107698,67.7485455011
2017-05-13,RUB_KZT,10,0.0100000000,True,0.1803160000,0.1822255238,0.1803160000,1,1,39.3309322315,65.7165793512
2017-05-16,RUB_KZT,10,0.0100000000,True,0.1803160000,0.1821737143,0.1803160000,1,1,15.2277799004,86.8793992547
2017-05-17,RUB_KZT,10,0.0100000000,True,0.1803160000,0.1820890476,0.1805070000,1,1,0.0000000000,97.3725571215
2017-05-18,RUB_KZT,10,0.0100000000,True,0.1803160000,0.1820043810,0.1805070000,1,1,26.7967644979,55.6239881196
2017-05-19,RUB_KZT,10,0.0100000000,True,0.1803160000,0.1819197143,0.1805070000,0,0,148.4497372112,-71.8605852817
2017-05-20,RUB_KZT,10,0.0100000000,True,0.1803160000,0.1818489048,0.1805070000,0,0,140.5396547957,-67.6987986101
2017-05-23,RUB_KZT,10,0.0100000000,True,0.1803160000,0.1816916667,0.1805070000,1,1,76.6896460732,-11.5763885704
2017-05-24,RUB_KZT,10,0.0100000000,True,0.1803160000,0.1816710000,0.1805070000,1,1,40.7733136180,23.3939373923
2017-05-25,RUB_KZT,10,0.0100000000,True,0.1803160000,0.1816503333,0.1805070000,1,1,20.1248403558,42.9029398973
2017-05-26,RUB_KZT,10,0.0100000000,True,0.1803160000,0.1816296667,0.1805940000,1,1,0.0000000000,61.8107541169
2017-05-27,RUB_KZT,10,0.0100000000,True,0.1803160000,0.1816504286,0.1805940000,0,1,92.2232889864,-34.3831519410
2017-05-30,RUB_KZT,10,0.0100000000,True,0.1805070000,0.1815919048,0.1805940000,0,0,108.0157312972,-53.6419968375
2017-05-31,RUB_KZT,10,0.0100000000,True,0.1805070000,0.1814750476,0.1805940000,1,1,54.3011344862,-5.7832954078
2017-06-01,RUB_KZT,10,0.0100000000,True,0.1805070000,0.1813581905,0.1805940000,1,1,51.6165283065,-9.5286307917
2017-06-02,RUB_KZT,10,0.0100000000,True,0.1805070000,0.1812413333,0.1805940000,1,1,25.0211271106,10.7223517814
2017-06-03,RUB_KZT,10,0.0100000000,True,0.1805070000,0.1811805714,0.1805940000,1,1,0.0000000000,32.3749629415
2017-06-06,RUB_KZT,10,0.0100000000,True,0.1801050000,0.1811030476,0.1801050000,1,1,50.9316289835,4.1991352463
2017-06-07,RUB_KZT,10,0.0100000000,True,0.1801050000,0.1810080000,0.1801050000,1,1,53.2393728358,-3.3700167948
2017-06-08,RUB_KZT,10,0.0100000000,True,0.1801050000,0.1809129524,0.1801050000,1,1,44.8274337261,-0.1684577587
2017-06-09,RUB_KZT,10,0.0100000000,True,0.1801050000,0.1808179048,0.1801050000,1,1,67.0633848258,-27.8233086905
2017-06-10,RUB_KZT,10,0.0100000000,True,0.1801050000,0.1807436667,0.1801050000,1,1,28.8441309667,6.5101405121
2017-06-14,RUB_KZT,10,0.0100000000,True,0.1801050000,0.1810752381,0.1801450000,1,1,0.0000000000,53.5820416664
2017-06-15,RUB_KZT,10,0.0100000000,True,0.1801050000,0.1811872857,0.1802790000,1,1,0.0000000000,57.5253230477
2017-06-16,RUB_KZT,10,0.0100000000,True,0.1801050000,0.1812993333,0.1802790000,1,1,25.8373629292,30.5204284627
2017-06-17,RUB_KZT,10,0.0100000000,True,0.1801050000,0.1813402857,0.1802790000,1,1,0.0000000000,58.5245418637
2017-06-20,RUB_KZT,10,0.0100000000,True,0.1801050000,0.1816827619,0.1817740000,1,1,0.0000000000,37.1946076599
2017-06-21,RUB_KZT,10,0.0100000000,True,0.1801050000,0.1818300476,0.1818870000,1,1,0.0000000000,3.0824178832
2017-06-22,RUB_KZT,10,0.0100000000,True,0.1801050000,0.1819773333,0.1818870000,0,1,89.1441399716,-84.9373182008
2017-06-23,RUB_KZT,10,0.0100000000,True,0.1801050000,0.1821246190,0.1818870000,0,1,86.3351701359,-73.9263565476
2017-06-24,RUB_KZT,10,0.0100000000,True,0.1801050000,0.1822935238,0.1818870000,0,1,57.9402777854,-35.8474715294
2017-06-27,RUB_KZT,10,0.0100000000,True,0.1802790000,0.1828605238,0.1826040000,1,1,0.0000000000,53.2385989738
2017-06-28,RUB_KZT,10,0.0100000000,True,0.1802790000,0.1831339048,0.1836370000,0,1,0.0000000000,28.9353717758
2017-06-29,RUB_KZT,10,0.0100000000,True,0.1802790000,0.1834072857,0.1836370000,0,1,27.4244876237,-40.0591657443
2017-06-30,RUB_KZT,10,0.0100000000,True,0.1810070000,0.1836806667,0.1836370000,0,1,6.2584352823,-3.8835515260
2017-07-01,RUB_KZT,10,0.0100000000,True,0.1817740000,0.1838522857,0.1836370000,0,1,4.4633380325,7.2496087698
2017-07-04,RUB_KZT,10,0.0100000000,True,0.1818870000,0.1840741905,0.1835230000,0,1,35.2929039544,-5.3679184221
2017-07-05,RUB_KZT,10,0.0100000000,True,0.1818870000,0.1840549524,0.1825430000,1,1,59.5740509810,22.7080214656
2017-07-06,RUB_KZT,10,0.0100000000,True,0.1818870000,0.1840357143,0.1825430000,1,1,61.1977110749,20.0349311081
2017-07-07,RUB_KZT,10,0.0100000000,True,0.1818870000,0.1840164762,0.1825430000,0,0,164.6560595693,-85.9990280373
2017-07-08,RUB_KZT,10,0.0100000000,True,0.1811910000,0.1839833333,0.1811910000,0,0,259.5957423933,-110.6984328291
2017-07-11,RUB_KZT,10,0.0100000000,True,0.1811910000,0.1837255238,0.1811910000,0,0,185.2543997920,-48.1956002691
2017-07-12,RUB_KZT,10,0.0100000000,True,0.1811910000,0.1836076667,0.1811910000,0,0,227.9186913821,-98.5434522524
2017-07-13,RUB_KZT,10,0.0100000000,True,0.1811910000,0.1834898095,0.1811910000,0,0,178.7108104592,-54.4003222185
2017-07-14,RUB_KZT,10,0.0100000000,True,0.1811910000,0.1833719524,0.1811910000,0,0,127.0685418176,-8.2372258727
2017-07-15,RUB_KZT,10,0.0100000000,True,0.1811910000,0.1832844286,0.1811910000,1,1,74.0647409104,40.4523492371
2017-07-18,RUB_KZT,10,0.0100000000,True,0.1811910000,0.1830698571,0.1812440000,1,1,0.0000000000,102.6306117337
2017-07-19,RUB_KZT,10,0.0100000000,True,0.1811910000,0.1828844762,0.1812440000,1,1,46.9524818917,42.9493091397
2017-07-20,RUB_KZT,10,0.0100000000,True,0.1811910000,0.1826990952,0.1812440000,1,1,20.7025657967,59.0640712637
2017-07-21,RUB_KZT,10,0.0100000000,True,0.1811910000,0.1825137143,0.1812440000,1,1,6.6716290354,62.9385189058
2017-07-22,RUB_KZT,10,0.0100000000,True,0.1811910000,0.1823981429,0.1812440000,1,1,0.0000000000,63.2760201976
2017-07-25,RUB_KZT,10,0.0100000000,True,0.1800920000,0.1818565714,0.1800920000,0,0,123.0153289275,-26.3080166788
2017-07-26,RUB_KZT,10,0.0100000000,True,0.1800920000,0.1818020000,0.1800920000,0,0,152.6650773168,-59.5152968614
2017-07-27,RUB_KZT,10,0.0100000000,True,0.1800920000,0.1817474286,0.1800920000,0,0,173.1372602515,-83.4989215803
2017-07-28,RUB_KZT,10,0.0100000000,True,0.1800920000,0.1816928571,0.1800920000,0,0,118.3003380010,-30.5539175217
2017-07-29,RUB_KZT,10,0.0100000000,True,0.1800920000,0.1816822381,0.1800920000,0,0,111.7352177327,-24.4802083806
2017-08-01,RUB_KZT,10,0.0100000000,True,0.1800920000,0.1814869524,0.1800920000,0,0,114.8289641242,-38.4075885293
2017-08-02,RUB_KZT,10,0.0100000000,True,0.1800920000,0.1814527619,0.1800920000,1,1,61.8060614087,13.2685720644
2017-08-03,RUB_KZT,10,0.0100000000,True,0.1800920000,0.1814185714,0.1801800000,1,1,0.0000000000,73.1221405904
2017-08-04,RUB_KZT,10,0.0100000000,True,0.1800920000,0.1813843810,0.1801800000,1,1,31.5904199700,34.9192664250
2017-08-05,RUB_KZT,10,0.0100000000,True,0.1797840000,0.1812629048,0.1797840000,1,1,88.9209854628,-7.3978312480
2017-08-08,RUB_KZT,10,0.0100000000,True,0.1780670000,0.1807299524,0.1780670000,0,0,160.3045842359,-13.1714536474
2017-08-09,RUB_KZT,10,0.0100000000,True,0.1780670000,0.1805474286,0.1780670000,0,0,133.6443575153,3.7900607043
2017-08-10,RUB_KZT,10,0.0100000000,True,0.1780670000,0.1803649048,0.1780670000,0,0,117.2716172716,10.2517040191
2017-08-11,RUB_KZT,10,0.0100000000,True,0.1780670000,0.1801823810,0.1780670000,0,0,125.1635944189,-7.8597611415
2017-08-12,RUB_KZT,10,0.0100000000,True,0.1776620000,0.1799670476,0.1776620000,0,0,158.6475078382,-31.0585959123
2017-08-15,RUB_KZT,10,0.0100000000,True,0.1773280000,0.1795339524,0.1773280000,0,0,136.6083744938,-13.9275950722
2017-08-16,RUB_KZT,10,0.0100000000,True,0.1773280000,0.1793632857,0.1773280000,0,0,143.7353402181,-30.7038468615
2017-08-17,RUB_KZT,10,0.0100000000,True,0.1773280000,0.1791926190,0.1773280000,0,0,105.7894032049,-1.7512413484
2017-08-18,RUB_KZT,10,0.0100000000,True,0.1773280000,0.1790219524,0.1773280000,1,1,41.5012326821,53.3427531234
2017-08-19,RUB_KZT,10,0.0100000000,True,0.1753060000,0.1787523333,0.1753060000,0,0,167.5883652843,25.6406909374
2017-08-22,RUB_KZT,10,0.0100000000,True,0.1732910000,0.1778972381,0.1732910000,0,0,246.0289763709,13.2232573005
2017-08-23,RUB_KZT,10,0.0100000000,True,0.1717550000,0.1774795714,0.1717550000,0,0,314.2763692141,8.5402183108
2017-08-24,RUB_KZT,10,0.0100000000,True,0.1717550000,0.1770619048,0.1717550000,0,0,314.7679277308,-15.5366699836
2017-08-25,RUB_KZT,10,0.0100000000,True,0.1717550000,0.1766442381,0.1717550000,0,0,366.8078185030,-93.4512171222
2017-08-26,RUB_KZT,10,0.0100000000,True,0.1707220000,0.1762127143,0.1707220000,0,0,398.7897397828,-90.8155646301
2017-08-29,RUB_KZT,10,0.0100000000,True,0.1679810000,0.1748350952,0.1679810000,0,0,417.8408040797,-26.9342240048
2017-08-30,RUB_KZT,10,0.0100000000,True,0.1679810000,0.1744469048,0.1679810000,0,0,379.0950744559,-8.7760363707
2017-08-31,RUB_KZT,10,0.0100000000,True,0.1679810000,0.1740587143,0.1679810000,0,0,408.4848830902,-61.8346354391
2017-09-01,RUB_KZT,10,0.0100000000,True,0.1679810000,0.1736705238,0.1679810000,0,0,306.4209912806,21.8530929255
2017-09-02,RUB_KZT,10,0.0100000000,True,0.1679810000,0.1732880476,0.1679810000,0,0,219.7315944223,88.4681684693
2017-09-05,RUB_KZT,10,0.0100000000,True,0.1679810000,0.1721857619,0.1679810000,0,0,160.5534143227,85.0106239081
2017-09-06,RUB_KZT,10,0.0100000000,True,0.1679810000,0.1717932857,0.1679810000,0,0,109.6306589026,113.5251419272
2017-09-07,RUB_KZT,10,0.0100000000,True,0.1679810000,0.1714008095,0.1685650000,1,1,0.0000000000,199.5212002388
2017-09-08,RUB_KZT,10,0.0100000000,True,0.1679810000,0.1710083333,0.1685650000,0,0,110.6476348041,32.5910043370
2017-09-09,RUB_KZT,10,0.0100000000,True,0.1679810000,0.1707278571,0.1685650000,0,1,92.6872847386,34.3152636401
2017-09-12,RUB_KZT,10,0.0100000000,True,0.1679810000,0.1701767619,0.1685650000,1,1,62.7837057124,32.1290579655
2017-09-13,RUB_KZT,10,0.0100000000,True,0.1679810000,0.1700620000,0.1693450000,1,1,0.0000000000,88.0267196669
2017-09-14,RUB_KZT,10,0.0100000000,True,0.1679810000,0.1699472381,0.1693450000,0,1,68.7321498736,-33.5258113723
2017-09-15,RUB_KZT,10,0.0100000000,True,0.1679810000,0.1698324762,0.1693450000,0,1,81.1222397938,-52.8475960344
2017-09-16,RUB_KZT,10,0.0100000000,True,0.1679810000,0.1697316667,0.1686050000,1,1,56.9672880386,9.4659216999
2017-09-19,RUB_KZT,10,0.0100000000,True,0.1685650000,0.1698791429,0.1686050000,1,1,47.8703310195,27.2630794666
2017-09-20,RUB_KZT,10,0.0100000000,True,0.1685650000,0.1698759524,0.1686050000,0,0,103.4237851227,-28.9062467150
2017-09-21,RUB_KZT,10,0.0100000000,True,0.1685650000,0.1698727619,0.1686050000,1,1,88.7634835259,-14.2599727303
2017-09-22,RUB_KZT,10,0.0100000000,True,0.1685650000,0.1698695714,0.1686050000,0,0,138.3860420773,-64.8396626992
2017-09-23,RUB_KZT,10,0.0100000000,True,0.1685650000,0.1698577619,0.1686050000,1,1,43.6977767280,30.1877228931
2017-09-26,RUB_KZT,10,0.0100000000,True,0.1668730000,0.1695872381,0.1668730000,0,0,102.7253047063,57.9193402918
2017-09-27,RUB_KZT,10,0.0100000000,True,0.1668730000,0.1695203810,0.1668730000,0,0,137.5295508274,18.8992586367
2017-09-28,RUB_KZT,10,0.0100000000,True,0.1668730000,0.1694535238,0.1668730000,0,0,222.6479876723,-71.9652305282
2017-09-29,RUB_KZT,10,0.0100000000,True,0.1668730000,0.1693866667,0.1668730000,0,0,269.7391821527,-124.7048173804
2017-09-30,RUB_KZT,10,0.0100000000,True,0.1668730000,0.1694524286,0.1668730000,0,0,188.2698809349,-36.7401891976
2017-10-03,RUB_KZT,10,0.0100000000,True,0.1668730000,0.1697363810,0.1668730000,0,0,148.1267194861,20.8783143833
2017-10-04,RUB_KZT,10,0.0100000000,True,0.1668730000,0.1698817619,0.1668730000,0,0,141.1421346788,36.4819564980
2017-10-05,RUB_KZT,10,0.0100000000,True,0.1668730000,0.1700271429,0.1668730000,1,1,66.8468296864,119.4599181643
2017-10-06,RUB_KZT,10,0.0100000000,True,0.1668730000,0.1701725238,0.1681670000,1,1,0.0000000000,193.8928644684
2017-10-07,RUB_KZT,10,0.0100000000,True,0.1668730000,0.1703039524,0.1681670000,1,1,0.0000000000,125.4787308854
2017-10-10,RUB_KZT,10,0.0100000000,True,0.1668730000,0.1705136190,0.1713650000,0,1,0.0000000000,-16.6192562192
2017-10-11,RUB_KZT,10,0.0100000000,True,0.1668730000,0.1705795238,0.1713650000,0,1,46.6404906835,-93.1223252944
2017-10-12,RUB_KZT,10,0.0100000000,True,0.1668730000,0.1706454286,0.1713650000,0,1,76.7270832127,-119.8140170345
2017-10-13,RUB_KZT,10,0.0100000000,True,0.1668730000,0.1707113333,0.1713650000,0,1,69.1361745036,-108.1748136230
2017-10-14,RUB_KZT,10,0.0100000000,True,0.1668730000,0.1707872857,0.1709770000,0,1,82.4255501804,-94.3111355730
2017-10-17,RUB_KZT,10,0.0100000000,True,0.1681670000,0.1714371429,0.1709770000,0,1,22.6417296414,4.2081229272
2017-10-18,RUB_KZT,10,0.0100000000,True,0.1681670000,0.1716955238,0.1709770000,0,1,52.7102738491,-10.9191076341
2017-10-19,RUB_KZT,10,0.0100000000,True,0.1681670000,0.1719539048,0.1709770000,0,1,39.2657193958,17.6154628372
2017-10-20,RUB_KZT,10,0.0100000000,True,0.1707970000,0.1722122857,0.1709770000,1,1,73.3855469952,-1.6673773067
2017-10-21,RUB_KZT,10,0.0100000000,True,0.1709770000,0.1723484286,0.1709770000,1,1,28.1116768440,51.6064218746
2017-10-24,RUB_KZT,10,0.0100000000,True,0.1709770000,0.1724990000,0.1720780000,1,1,0.0000000000,88.2323955501
2017-10-25,RUB_KZT,10,0.0100000000,True,0.1709770000,0.1726162381,0.1727140000,1,1,0.0000000000,31.1811971560
2017-10-26,RUB_KZT,10,0.0100000000,True,0.1709770000,0.1727334762,0.1729860000,0,1,0.0000000000,1.1275284274
2017-10-27,RUB_KZT,10,0.0100000000,True,0.1709770000,0.1728507143,0.1734330000,0,1,0.0000000000,-7.8267373580
2017-10-28,RUB_KZT,10,0.0100000000,True,0.1709770000,0.1730171429,0.1734330000,0,1,9.2169615134,-33.2832419579
2017-10-31,RUB_KZT,10,0.0100000000,True,0.1709770000,0.1737518571,0.1734330000,0,1,12.8414797070,5.5168988944
2017-11-01,RUB_KZT,10,0.0100000000,True,0.1709770000,0.1740780952,0.1734330000,0,1,11.8636942162,25.2240373779
2017-11-02,RUB_KZT,10,0.0100000000,True,0.1709770000,0.1744043333,0.1734330000,0,1,4.2073472963,51.5086589974
2017-11-03,RUB_KZT,10,0.0100000000,True,0.1709770000,0.1747305714,0.1748600000,0,1,0.0000000000,74.2612708219
2017-11-04,RUB_KZT,10,0.0100000000,True,0.1720780000,0.1750633333,0.1748600000,0,1,0.0000000000,11.6148441516
2017-11-08,RUB_KZT,10,0.0100000000,True,0.1734330000,0.1764409048,0.1777620000,0,1,0.0000000000,55.2538972309
2017-11-09,RUB_KZT,10,0.0100000000,True,0.1734330000,0.1767224286,0.1779650000,0,1,0.0000000000,-58.8250986010
2017-11-10,RUB_KZT,10,0.0100000000,True,0.1734330000,0.1770039524,0.1779650000,0,1,0.6180608621,-54.9167182977
2017-11-11,RUB_KZT,10,0.0100000000,True,0.1734330000,0.1772707619,0.1779650000,0,1,19.3483259492,-58.6243373736
2017-11-14,RUB_KZT,10,0.0100000000,True,0.1748600000,0.1779963810,0.1771390000,0,1,46.4136206557,1.7630106979
2017-11-15,RUB_KZT,10,0.0100000000,True,0.1748600000,0.1781037143,0.1771140000,0,0,117.1231997679,-62.2831319793
2017-11-16,RUB_KZT,10,0.0100000000,True,0.1748600000,0.1782110476,0.1771140000,0,0,216.8041140307,-158.6855819959
2017-11-17,RUB_KZT,10,0.0100000000,True,0.1748600000,0.1783183810,0.1771140000,0,0,189.9270533889,-124.7554534613
2017-11-18,RUB_KZT,10,0.0100000000,True,0.1754660000,0.1783744762,0.1760380000,0,0,193.1422523049,-63.3792364058
2017-11-21,RUB_KZT,10,0.0100000000,True,0.1760380000,0.1782765238,0.1760380000,0,0,179.6841441713,-55.1096784637
2017-11-22,RUB_KZT,10,0.0100000000,True,0.1760380000,0.1781972381,0.1760380000,0,0,218.9699909434,-99.9881885829
2017-11-23,RUB_KZT,10,0.0100000000,True,0.1760380000,0.1781179524,0.1760380000,0,0,148.8544919361,-32.5653653264
2017-11-24,RUB_KZT,10,0.0100000000,True,0.1760380000,0.1780386667,0.1760380000,1,1,62.1545791723,50.5320941518
2017-11-25,RUB_KZT,10,0.0100000000,True,0.1760380000,0.1779988571,0.1760380000,1,1,60.7518321533,49.7113946157
2017-11-28,RUB_KZT,10,0.0100000000,True,0.1760380000,0.1774834762,0.1761200000,1,1,0.0000000000,81.4428600060
2017-11-29,RUB_KZT,10,0.0100000000,True,0.1760380000,0.1773760952,0.1761200000,1,1,3.4056079010,67.4327189630
2017-11-30,RUB_KZT,10,0.0100000000,True,0.1760380000,0.1772687143,0.1762010000,1,1,0.0000000000,64.8007343170
2017-12-01,RUB_KZT,10,0.0100000000,True,0.1760380000,0.1771613333,0.1762010000,1,1,36.5287508411,17.7427730656
2017-12-02,RUB_KZT,10,0.0100000000,True,0.1760380000,0.1770406667,0.1762010000,1,1,25.1351580854,22.3489141854
2017-12-05,RUB_KZT,10,0.0100000000,True,0.1752640000,0.1766312381,0.1752640000,0,0,105.2904944984,-28.1808535189
2017-12-06,RUB_KZT,10,0.0100000000,True,0.1752640000,0.1765613810,0.1752640000,1,1,53.1779047792,20.4110859599
2017-12-07,RUB_KZT,10,0.0100000000,True,0.1752640000,0.1764915238,0.1752640000,1,1,79.5272515269,-10.0557911590
2017-12-08,RUB_KZT,10,0.0100000000,True,0.1752640000,0.1764216667,0.1752640000,0,0,103.7820013326,-38.5629127186
2017-12-09,RUB_KZT,10,0.0100000000,True,0.1748690000,0.1763660000,0.1748690000,0,0,134.3300423131,-50.1230395881
2017-12-12,RUB_KZT,10,0.0100000000,True,0.1746240000,0.1761704286,0.1746240000,0,0,118.8852737304,-31.4792575047
2017-12-13,RUB_KZT,10,0.0100000000,True,0.1746240000,0.1761106190,0.1746240000,1,1,58.7511955185,25.8144029064
2017-12-14,RUB_KZT,10,0.0100000000,True,0.1746240000,0.1760508095,0.1746240000,1,1,94.9528639009,-14.0408599574
2017-12-15,RUB_KZT,10,0.0100000000,True,0.1746240000,0.1759910000,0.1746240000,1,1,36.5163410626,41.3089305703
2017-12-16,RUB_KZT,10,0.0100000000,True,0.1746010000,0.1758706190,0.1746010000,1,1,59.5512590594,12.7149747257
2017-12-19,RUB_KZT,10,0.0100000000,True,0.1732540000,0.1754263810,0.1732540000,1,1,92.3548484866,31.7729265892
2017-12-20,RUB_KZT,10,0.0100000000,True,0.1731840000,0.1752327619,0.1731840000,1,1,82.4628916987,34.7401877448
2017-12-21,RUB_KZT,10,0.0100000000,True,0.1731840000,0.1750391429,0.1731840000,0,0,100.5470353201,5.4926489912
2017-12-22,RUB_KZT,10,0.0100000000,True,0.1731840000,0.1748455238,0.1731840000,0,0,130.4474192611,-35.8874609315
2017-12-23,RUB_KZT,10,0.0100000000,True,0.1731840000,0.1746769048,0.1731840000,0,0,125.7205411970,-40.7664218155
2017-12-26,RUB_KZT,10,0.0100000000,True,0.1731840000,0.1743118571,0.1731840000,1,1,81.1564653123,-16.5876757831
2017-12-27,RUB_KZT,10,0.0100000000,True,0.1731840000,0.1741945714,0.1731840000,1,1,33.6080290963,24.4882159687
2017-12-28,RUB_KZT,10,0.0100000000,True,0.1731840000,0.1740772857,0.1731840000,1,1,4.0403107576,47.2942642061
2017-12-29,RUB_KZT,10,0.0100000000,True,0.1731840000,0.1739600000,0.1731840000,1,1,25.1697663301,19.4872384456
2017-12-30,RUB_KZT,10,0.0100000000,True,0.1731840000,0.1738797619,0.1731840000,1,1,0.0000000000,40.0139669586
2018-01-10,RUB_KZT,10,0.0100000000,True,0.1709830000,0.1728482857,0.1709830000,1,1,97.7581643704,10.2567238982
2018-01-11,RUB_KZT,10,0.0100000000,True,0.1709830000,0.1729043810,0.1709830000,1,1,69.9239780007,41.4900390857
2018-01-12,RUB_KZT,10,0.0100000000,True,0.1709830000,0.1729604762,0.1709830000,1,1,86.7351967486,27.8373534278
2018-01-13,RUB_KZT,10,0.0100000000,True,0.1709830000,0.1730329048,0.1709830000,1,1,43.9043421045,74.8935448832
2018-01-16,RUB_KZT,10,0.0100000000,True,0.1709830000,0.1733080476,0.1720980000,1,1,0.0000000000,134.1569333329
2018-01-17,RUB_KZT,10,0.0100000000,True,0.1709830000,0.1733560952,0.1732330000,1,1,0.0000000000,72.5728874065
2018-01-18,RUB_KZT,10,0.0100000000,True,0.1709830000,0.1734041429,0.1741930000,0,1,0.0000000000,9.8695944816
2018-01-19,RUB_KZT,10,0.0100000000,True,0.1709830000,0.1734521905,0.1741930000,0,1,31.8741058655,-74.8223196402
2018-01-20,RUB_KZT,10,0.0100000000,True,0.1709830000,0.1735208571,0.1741930000,0,1,9.6924788658,-48.4750289385
2018-01-23,RUB_KZT,10,0.0100000000,True,0.1709830000,0.1737868095,0.1741600000,0,1,31.1954437480,-52.8343019074
2018-01-24,RUB_KZT,10,0.0100000000,True,0.1709830000,0.1739022381,0.1741600000,0,1,28.2844939137,-43.2289953825
2018-01-25,RUB_KZT,10,0.0100000000,True,0.1709830000,0.1740176667,0.1741600000,0,1,97.6250447756,-106.8473890582
2018-01-26,RUB_KZT,10,0.0100000000,True,0.1709830000,0.1741330952,0.1741600000,0,1,36.5562732052,-38.2411373894
2018-01-27,RUB_KZT,10,0.0100000000,True,0.1720980000,0.1743609048,0.1741600000,0,1,1.8944504085,9.6297253180
2018-01-30,RUB_KZT,10,0.0100000000,True,0.1741600000,0.1747983810,0.1741600000,1,1,26.6856023731,9.8617018900
2018-01-31,RUB_KZT,10,0.0100000000,True,0.1741600000,0.1749550000,0.1741600000,1,1,15.1927762649,30.2935040439
2018-02-01,RUB_KZT,10,0.0100000000,True,0.1741600000,0.1751116190,0.1741610000,1,1,0.0000000000,54.3435697068
2018-02-02,RUB_KZT,10,0.0100000000,True,0.1741600000,0.1752682381,0.1741610000,1,1,10.0953899631,53.1321650379
2018-02-03,RUB_KZT,10,0.0100000000,True,0.1741600000,0.1754099048,0.1741610000,1,1,0.0000000000,71.1992155517
2018-02-06,RUB_KZT,10,0.0100000000,True,0.1741600000,0.1758274286,0.1758090000,1,1,0.0000000000,3.4368114190
2018-02-07,RUB_KZT,10,0.0100000000,True,0.1741600000,0.1759287143,0.1758090000,0,1,35.7628655634,-29.0620957677
2018-02-08,RUB_KZT,10,0.0100000000,True,0.1741600000,0.1760300000,0.1763200000,1,1,0.0000000000,12.5546781799
2018-02-09,RUB_KZT,10,0.0100000000,True,0.1741600000,0.1761312857,0.1763200000,0,1,39.4872866754,-50.4007156999
2018-02-10,RUB_KZT,10,0.0100000000,True,0.1741600000,0.1762178571,0.1763200000,0,1,74.9221788788,-81.3279017450
2018-02-13,RUB_KZT,10,0.0100000000,True,0.1741610000,0.1766339524,0.1763200000,0,1,76.5420981540,-59.2212088869
2018-02-14,RUB_KZT,10,0.0100000000,True,0.1741610000,0.1767923810,0.1763200000,0,0,138.6473078708,-113.5014437166
2018-02-15,RUB_KZT,10,0.0100000000,True,0.1741610000,0.1769508095,0.1763200000,0,0,122.6822026777,-88.1143454719
2018-02-16,RUB_KZT,10,0.0100000000,True,0.1757670000,0.1771092381,0.1763200000,1,1,26.5287998688,18.0813885646
2018-02-17,RUB_KZT,10,0.0100000000,True,0.1752560000,0.1770849048,0.1752560000,1,1,60.3448275862,43.1942385452
2018-02-20,RUB_KZT,10,0.0100000000,True,0.1745500000,0.1769286667,0.1745500000,0,0,107.3428396545,27.3933374279
2018-02-21,RUB_KZT,10,0.0100000000,True,0.1745500000,0.1768425238,0.1745500000,0,0,131.7277250113,-2.1191843268
2018-02-22,RUB_KZT,10,0.0100000000,True,0.1745500000,0.1767563810,0.1745500000,0,0,154.6601087472,-30.3026710964
2018-02-23,RUB_KZT,10,0.0100000000,True,0.1745500000,0.1766702381,0.1745500000,0,0,165.5323176778,-46.2874739729
2018-02-27,RUB_KZT,10,0.0100000000,True,0.1745500000,0.1765730952,0.1745500000,1,1,40.2839275118,74.5920683057
2018-02-28,RUB_KZT,10,0.0100000000,True,0.1745500000,0.1766300000,0.1754740000,1,1,0.0000000000,117.7602898715
2018-03-01,RUB_KZT,10,0.0100000000,True,0.1745500000,0.1766869048,0.1754740000,1,1,27.7899331109,40.9710477910
2018-03-02,RUB_KZT,10,0.0100000000,True,0.1745500000,0.1767438095,0.1758420000,1,1,0.0000000000,71.8446392680
2018-03-03,RUB_KZT,10,0.0100000000,True,0.1745500000,0.1767447619,0.1758420000,1,1,0.0000000000,51.0771518790
2018-03-06,RUB_KZT,10,0.0100000000,True,0.1745500000,0.1767137619,0.1764640000,0,1,72.7397514585,-59.0354754487
2018-03-07,RUB_KZT,10,0.0100000000,True,0.1745500000,0.1767467143,0.1764640000,0,1,27.5217433075,-11.5581053436
2018-03-08,RUB_KZT,10,0.0100000000,True,0.1745500000,0.1767796667,0.1764640000,0,1,59.2062642594,-41.5960357432
2018-03-13,RUB_KZT,10,0.0100000000,True,0.1758420000,0.1775122381,0.1768430000,1,1,0.0000000000,59.0515959061
2018-03-14,RUB_KZT,10,0.0100000000,True,0.1758420000,0.1776143810,0.1768430000,1,1,12.1993233894,31.2689180574
2018-03-15,RUB_KZT,10,0.0100000000,True,0.1758420000,0.1777165238,0.1771070000,1,1,0.0000000000,49.1526500068
2018-03-16,RUB_KZT,10,0.0100000000,True,0.1764640000,0.1778186667,0.1771520000,1,1,0.0000000000,40.0220449297
2018-03-17,RUB_KZT,10,0.0100000000,True,0.1764640000,0.1778515238,0.1771520000,1,1,57.6944662701,-18.4691243257
2018-03-20,RUB_KZT,10,0.0100000000,True,0.1764640000,0.1782694286,0.1771520000,0,0,140.9689178284,-79.4062919209
2018-03-21,RUB_KZT,10,0.0100000000,True,0.1764640000,0.1783796190,0.1771520000,0,0,152.8062656683,-85.2889450322
2018-03-22,RUB_KZT,10,0.0100000000,True,0.1764640000,0.1784898095,0.1771520000,0,0,114.1202140661,-39.6207760027
2018-03-23,RUB_KZT,10,0.0100000000,True,0.1764640000,0.1786000000,0.1779870000,1,1,0.0000000000,81.0750279955
2018-03-24,RUB_KZT,10,0.0100000000,True,0.1768430000,0.1787384762,0.1779870000,1,1,0.0000000000,42.0433365268
2018-03-27,RUB_KZT,10,0.0100000000,True,0.1771520000,0.1791784286,0.1793580000,1,1,0.0000000000,40.8212404395
2018-03-28,RUB_KZT,10,0.0100000000,True,0.1771520000,0.1793109524,0.1793720000,0,1,0.0000000000,-2.6238006336
2018-03-29,RUB_KZT,10,0.0100000000,True,0.1771520000,0.1794434762,0.1793720000,0,1,51.3042368980,-47.5650509923
2018-03-30,RUB_KZT,10,0.0100000000,True,0.1771520000,0.1795760000,0.1793720000,0,1,95.5262780091,-84.9779480554
2018-03-31,RUB_KZT,10,0.0100000000,True,0.1771520000,0.1797206190,0.1793720000,0,1,25.4130312686,-6.0305240965
2018-04-03,RUB_KZT,10,0.0100000000,True,0.1779870000,0.1814530476,0.1795890000,1,1,0.0000000000,114.6879397373
2018-04-04,RUB_KZT,10,0.0100000000,True,0.1779870000,0.1819274286,0.1801470000,1,1,0.0000000000,128.5363394509
2018-04-05,RUB_KZT,10,0.0100000000,True,0.1779870000,0.1824018095,0.1801470000,0,1,20.2202623648,103.6069504323
2018-04-06,RUB_KZT,10,0.0100000000,True,0.1784470000,0.1828761905,0.1809630000,1,1,0.0000000000,149.2370586397
2018-04-07,RUB_KZT,10,0.0100000000,True,0.1793580000,0.1833710952,0.1809630000,1,1,0.0000000000,131.3236001000
2018-04-10,RUB_KZT,10,0.0100000000,True,0.1793720000,0.1843397619,0.1862770000,0,1,0.0000000000,87.7597913790
2018-04-11,RUB_KZT,10,0.0100000000,True,0.1793720000,0.1847290476,0.1862770000,0,0,229.1681965528,-320.3043840271
2018-04-12,RUB_KZT,10,0.0100000000,True,0.1793720000,0.1851183333,0.1862770000,0,0,371.1916798478,-450.5046321722
2018-04-13,RUB_KZT,10,0.0100000000,True,0.1793720000,0.1855076190,0.1862770000,0,0,119.3463005299,-162.7631774847
2018-04-14,RUB_KZT,10,0.0100000000,True,0.1795890000,0.1859552857,0.1862770000,0,1,88.9603030609,-107.2147144436
2018-04-17,RUB_KZT,10,0.0100000000,True,0.1809630000,0.1873251905,0.1862770000,0,0,135.7233636941,-80.8652333388
2018-04-18,RUB_KZT,10,0.0100000000,True,0.1809630000,0.1878223810,0.1869570000,0,1,0.0000000000,82.2788500787
2018-04-19,RUB_KZT,10,0.0100000000,True,0.1809630000,0.1882310952,0.1869570000,0,1,48.3325792457,19.4492433693
2018-04-20,RUB_KZT,10,0.0100000000,True,0.1827220000,0.1886398095,0.1880040000,0,1,0.0000000000,89.2075499894
2018-04-21,RUB_KZT,10,0.0100000000,True,0.1862770000,0.1889647619,0.1880040000,1,1,0.0000000000,50.8434427180
2018-04-24,RUB_KZT,10,0.0100000000,True,0.1862770000,0.1889096667,0.1891280000,0,1,0.0000000000,7.2344983228
2018-04-25,RUB_KZT,10,0.0100000000,True,0.1862770000,0.1891087619,0.1891280000,0,1,6.9217315953,-7.9445338082
2018-04-26,RUB_KZT,10,0.0100000000,True,0.1862770000,0.1893078571,0.1895460000,0,1,0.0000000000,9.5007753810
2018-04-27,RUB_KZT,10,0.0100000000,True,0.1862770000,0.1895069524,0.1895460000,0,1,56.8119226351,-59.2087838969
2018-04-28,RUB_KZT,10,0.0100000000,True,0.1862770000,0.1895754286,0.1895460000,0,1,97.0721615013,-96.4561410912
2018-04-29,RUB_KZT,10,0.0100000000,True,0.1869570000,0.1898081429,0.1895460000,0,1,0.0000000000,13.8109384138
2018-05-04,RUB_KZT,10,0.0100000000,True,0.1887730000,0.1903189048,0.1890560000,0,0,172.8851971598,-108.4020129622
2018-05-05,RUB_KZT,10,0.0100000000,True,0.1883330000,0.1902979524,0.1883330000,0,0,197.6266069849,-96.2725870734
2018-05-08,RUB_KZT,10,0.0100000000,True,0.1883330000,0.1901800000,0.1883330000,0,0,102.2188587225,-5.1530129351
2018-05-09,RUB_KZT,10,0.0100000000,True,0.1883330000,0.1900371429,0.1883330000,0,0,148.0927371262,-59.2966788447
2018-05-11,RUB_KZT,10,0.0100000000,True,0.1883330000,0.1899283810,0.1883330000,0,0,151.3899638128,-68.4267954638
2018-05-12,RUB_KZT,10,0.0100000000,True,0.1883330000,0.1899470952,0.1883330000,1,1,38.2426371022,46.9128120637
2018-05-15,RUB_KZT,10,0.0100000000,True,0.1871450000,0.1895988571,0.1871450000,1,1,63.0797576633,66.7650196806
2018-05-16,RUB_KZT,10,0.0100000000,True,0.1871450000,0.1894079524,0.1871450000,1,1,83.1942346925,36.5851788292
2018-05-17,RUB_KZT,10,0.0100000000,True,0.1871450000,0.1892170476,0.1871450000,0,0,111.7510303286,-2.2700058738
2018-05-18,RUB_KZT,10,0.0100000000,True,0.1871450000,0.1890261429,0.1871450000,1,1,75.2529645107,24.4486212414
2018-05-19,RUB_KZT,10,0.0100000000,True,0.1871450000,0.1889522381,0.1871450000,1,1,66.8244835566,29.0146388720
2018-05-22,RUB_KZT,10,0.0100000000,True,0.1871450000,0.1886688571,0.1871450000,0,0,147.0998583756,-67.3212779458
2018-05-23,RUB_KZT,10,0.0100000000,True,0.1871450000,0.1886214286,0.1880600000,1,1,0.0000000000,78.2746998902
2018-05-24,RUB_KZT,10,0.0100000000,True,0.1871450000,0.1885740000,0.1880600000,1,1,29.3192940041,-2.0681536161
2018-05-25,RUB_KZT,10,0.0100000000,True,0.1871450000,0.1885265714,0.1880600000,1,1,18.2056548993,6.5545895008
2018-05-26,RUB_KZT,10,0.0100000000,True,0.1871450000,0.1884797143,0.1873490000,1,1,41.0374174069,19.0319837375
2018-05-29,RUB_KZT,10,0.0100000000,True,0.1854310000,0.1881381905,0.1854310000,0,0,174.5917361678,-31.2434983201
2018-05-30,RUB_KZT,10,0.0100000000,True,0.1854310000,0.1880970000,0.1854310000,0,0,229.8293403866,-90.1662440124
2018-05-31,RUB_KZT,10,0.0100000000,True,0.1854310000,0.1880021905,0.1854310000,0,0,216.3234510449,-81.3187080394
2018-06-01,RUB_KZT,10,0.0100000000,True,0.1854310000,0.1879073810,0.1854310000,0,0,151.3694955944,-19.8831491198
2018-06-02,RUB_KZT,10,0.0100000000,True,0.1854310000,0.1877394762,0.1854310000,0,0,139.7958098479,-17.0727976890
2018-06-05,RUB_KZT,10,0.0100000000,True,0.1853540000,0.1875214762,0.1853540000,0,0,106.4857565293,9.1976766598
2018-06-06,RUB_KZT,10,0.0100000000,True,0.1853540000,0.1874340952,0.1853540000,1,1,91.0417680172,20.1188176365
2018-06-07,RUB_KZT,10,0.0100000000,True,0.1853540000,0.1873467143,0.1853540000,1,1,81.6036044713,24.9651715269
2018-06-08,RUB_KZT,10,0.0100000000,True,0.1853540000,0.1872593333,0.1853540000,1,1,4.1524879874,97.6364328970
2018-06-09,RUB_KZT,10,0.0100000000,True,0.1853540000,0.1871793810,0.1853540000,0,0,116.5090994406,-19.2125353652
2018-06-10,RUB_KZT,10,0.0100000000,True,0.1853540000,0.1871022381,0.1853540000,1,1,56.8093426961,36.8375120605
2018-06-14,RUB_KZT,10,0.0100000000,True,0.1853540000,0.1866657619,0.1853540000,0,0,131.0857434936,-61.6201966285
2018-06-15,RUB_KZT,10,0.0100000000,True,0.1853540000,0.1865553810,0.1857420000,1,1,0.0000000000,64.3980863081
2018-06-16,RUB_KZT,10,0.0100000000,True,0.1853540000,0.1864749048,0.1856590000,1,1,33.6579238375,10.1303047799
2018-06-19,RUB_KZT,10,0.0100000000,True,0.1851940000,0.1863027619,0.1851940000,0,1,99.0660101472,-39.9477757404
2018-06-20,RUB_KZT,10,0.0100000000,True,0.1838430000,0.1861267619,0.1838430000,0,0,230.1074011681,-109.9378764396
2018-06-21,RUB_KZT,10,0.0100000000,True,0.1838430000,0.1860043810,0.1838430000,0,0,135.3258390792,-19.3876641922
2018-06-22,RUB_KZT,10,0.0100000000,True,0.1838430000,0.1858820000,0.1838430000,0,0,164.4580214748,-55.6804854693
2018-06-23,RUB_KZT,10,0.0100000000,True,0.1838430000,0.1857988571,0.1838430000,0,0,102.2385890106,3.0601449186
2018-06-26,RUB_KZT,10,0.0100000000,True,0.1838430000,0.1854798571,0.1838430000,1,1,97.8137337807,-9.6583456502
2018-06-27,RUB_KZT,10,0.0100000000,True,0.1836020000,0.1853520476,0.1836020000,1,1,88.8538607704,5.6135133323
2018-06-28,RUB_KZT,10,0.0100000000,True,0.1836020000,0.1852242381,0.1836020000,1,1,92.1698775026,-4.6301664212
2018-06-29,RUB_KZT,10,0.0100000000,True,0.1836020000,0.1850964286,0.1836020000,1,1,85.9639081180,-5.2713836417
2018-06-30,RUB_KZT,10,0.0100000000,True,0.1829250000,0.1849001429,0.1829250000,1,1,49.9339110001,57.1737177055
2018-07-03,RUB_KZT,10,0.0100000000,True,0.1805330000,0.1840368571,0.1805330000,0,0,223.8624118007,-34.2400357692
2018-07-04,RUB_KZT,10,0.0100000000,True,0.1805330000,0.1838177619,0.1805330000,0,0,213.3691839821,-35.4284639574
2018-07-05,RUB_KZT,10,0.0100000000,True,0.1805330000,0.1835986667,0.1805330000,0,0,201.6304111849,-35.3669961292
2018-07-06,RUB_KZT,10,0.0100000000,True,0.1805330000,0.1833795714,0.1805330000,0,0,197.3209098264,-42.9398195936
2018-07-07,RUB_KZT,10,0.0100000000,True,0.1805330000,0.1831956667,0.1805330000,0,0,167.1550418841,-22.1802917463
2018-07-10,RUB_KZT,10,0.0100000000,True,0.1805330000,0.1827916190,0.1805330000,0,0,130.7639743064,-7.2968855507
2018-07-11,RUB_KZT,10,0.0100000000,True,0.1805330000,0.1827574762,0.1805330000,1,1,79.0235806804,43.0338723685
2018-07-12,RUB_KZT,10,0.0100000000,True,0.1805330000,0.1827233333,0.1805330000,1,1,15.9825684928,104.0553113085
2018-07-13,RUB_KZT,10,0.0100000000,True,0.1805330000,0.1826891905,0.1811410000,1,1,0.0000000000,118.0250714654
2018-07-14,RUB_KZT,10,0.0100000000,True,0.1805330000,0.1826031905,0.1811410000,1,1,0.0000000000,80.0747496458
2018-07-17,RUB_KZT,10,0.0100000000,True,0.1805330000,0.1822982381,0.1818650000,1,1,0.0000000000,27.4954986113
2018-07-18,RUB_KZT,10,0.0100000000,True,0.1805330000,0.1822067619,0.1816810000,1,1,13.9061417877,14.9699112102
2018-07-19,RUB_KZT,10,0.0100000000,True,0.1805330000,0.1821152857,0.1816810000,1,1,33.0802484036,-9.2641474357
2018-07-20,RUB_KZT,10,0.0100000000,True,0.1805330000,0.1820238095,0.1816810000,0,1,74.7340875940,-56.3217789405
2018-07-21,RUB_KZT,10,0.0100000000,True,0.1805330000,0.1819320000,0.1809970000,0,0,116.2587508055,-65.6289162984
2018-07-24,RUB_KZT,10,0.0100000000,True,0.1795040000,0.1817529524,0.1795040000,0,0,183.5820650658,-60.9644907845
2018-07-25,RUB_KZT,10,0.0100000000,True,0.1795040000,0.1817651905,0.1795040000,0,0,160.6599610820,-36.8502639067
2018-07-26,RUB_KZT,10,0.0100000000,True,0.1795040000,0.1817774286,0.1795040000,0,0,146.8876934900,-22.1463925271
2018-07-27,RUB_KZT,10,0.0100000000,True,0.1795040000,0.1817896667,0.1795040000,0,0,129.8215709455,-4.1439832480
2018-07-28,RUB_KZT,10,0.0100000000,True,0.1795040000,0.1818012381,0.1795040000,0,0,119.8254082705,6.6137115730
2018-07-31,RUB_KZT,10,0.0100000000,True,0.1795040000,0.1819586667,0.1795040000,1,1,82.4875550423,52.8508305916
2018-08-01,RUB_KZT,10,0.0100000000,True,0.1795040000,0.1821563333,0.1795040000,1,1,4.0094444692,141.6548788678
2018-08-02,RUB_KZT,10,0.0100000000,True,0.1795040000,0.1823540000,0.1804860000,1,1,0.0000000000,156.2894150937
2018-08-03,RUB_KZT,10,0.0100000000,True,0.1795040000,0.1825516667,0.1813980000,1,1,0.0000000000,113.1551798121
2018-08-04,RUB_KZT,10,0.0100000000,True,0.1795040000,0.1827808571,0.1813980000,0,1,0.0000000000,75.6565629724
2018-08-07,RUB_KZT,10,0.0100000000,True,0.1795040000,0.1831135238,0.1820130000,0,1,1.4831905076,58.6261346071
2018-08-08,RUB_KZT,10,0.0100000000,True,0.1795040000,0.1833023810,0.1823460000,0,1,0.0000000000,70.3417460091
2018-08-09,RUB_KZT,10,0.0100000000,True,0.1795040000,0.1834912381,0.1838350000,0,1,0.0000000000,62.4137755637
2018-08-10,RUB_KZT,10,0.0100000000,True,0.1795040000,0.1836800952,0.1838350000,0,0,127.7562374472,-137.9520605442
2018-08-11,RUB_KZT,10,0.0100000000,True,0.1795040000,0.1839197143,0.1838350000,0,0,183.7919231940,-182.5408291506
2018-08-14,RUB_KZT,10,0.0100000000,True,0.1813980000,0.1849657619,0.1838350000,0,0,204.5568379211,-146.4183461495
2018-08-15,RUB_KZT,10,0.0100000000,True,0.1813980000,0.1852791905,0.1838350000,0,1,21.9280391231,56.1417865394
2018-08-16,RUB_KZT,10,0.0100000000,True,0.1813980000,0.1855926190,0.1853920000,0,1,0.0000000000,94.7030682922
2018-08-17,RUB_KZT,10,0.0100000000,True,0.1820130000,0.1859060476,0.1856470000,0,1,0.0000000000,27.6509358158
2018-08-18,RUB_KZT,10,0.0100000000,True,0.1820130000,0.1861133810,0.1856470000,0,1,0.0000000000,25.0589694301
2018-08-21,RUB_KZT,10,0.0100000000,True,0.1838350000,0.1866128571,0.1859710000,0,1,3.1177934623,31.2870802042
2018-08-22,RUB_KZT,10,0.0100000000,True,0.1838350000,0.1866056667,0.1863840000,0,1,0.0000000000,34.0111143463
2018-08-23,RUB_KZT,10,0.0100000000,True,0.1838350000,0.1865984762,0.1863940000,0,1,0.0000000000,11.4939947450
2018-08-24,RUB_KZT,10,0.0100000000,True,0.1838350000,0.1865912857,0.1863940000,0,0,147.1629893539,-138.6299620484
2018-08-25,RUB_KZT,10,0.0100000000,True,0.1838350000,0.1864749048,0.1852300000,0,0,146.2921587403,-80.7130181950
2018-08-28,RUB_KZT,10,0.0100000000,True,0.1830610000,0.1864619048,0.1830610000,0,0,178.8147687157,3.6417498787
2018-08-29,RUB_KZT,10,0.0100000000,True,0.1830610000,0.1863689048,0.1830610000,0,0,179.3943295512,-1.9367629027
2018-08-30,RUB_KZT,10,0.0100000000,True,0.1830610000,0.1862759048,0.1830610000,0,0,232.9961371833,-61.8488601394
2018-08-31,RUB_KZT,10,0.0100000000,True,0.1830610000,0.1861829048,0.1830610000,0,0,222.6150863381,-56.1864280414
2018-09-01,RUB_KZT,10,0.0100000000,True,0.1830610000,0.1861091905,0.1830610000,0,0,217.2333080384,-54.6351054028
2018-09-04,RUB_KZT,10,0.0100000000,True,0.1830610000,0.1856260000,0.1830610000,0,0,117.0976623657,21.3332184069
2018-09-05,RUB_KZT,10,0.0100000000,True,0.1826320000,0.1853713333,0.1826320000,0,0,156.5194894791,-8.8830707373
2018-09-06,RUB_KZT,10,0.0100000000,True,0.1826320000,0.1851166667,0.1826320000,0,0,106.3945047563,28.1264067705
2018-09-07,RUB_KZT,10,0.0100000000,True,0.1826320000,0.1848620000,0.1826320000,1,1,23.4348113470,97.4240244074
2018-09-08,RUB_KZT,10,0.0100000000,True,0.1826320000,0.1847185238,0.1826320000,1,1,57.8135377312,55.4640535445
2018-09-11,RUB_KZT,10,0.0100000000,True,0.1826320000,0.1844439524,0.1826320000,0,0,100.2271236604,-2.0086112106
2018-09-12,RUB_KZT,10,0.0100000000,True,0.1826320000,0.1844570000,0.1826320000,1,1,78.6614515428,20.4383677497
2018-09-13,RUB_KZT,10,0.0100000000,True,0.1826320000,0.1844700476,0.1826320000,1,1,87.2774641772,12.4707301818
2018-09-14,RUB_KZT,10,0.0100000000,True,0.1826320000,0.1844830952,0.1826320000,1,1,23.7072968219,76.8143680735
2018-09-15,RUB_KZT,10,0.0100000000,True,0.1826320000,0.1844892381,0.1826320000,1,1,0.0000000000,100.6691834393
2018-09-18,RUB_KZT,10,0.0100000000,True,0.1820270000,0.1842781905,0.1820270000,1,1,73.8353482640,48.6867422494
2018-09-19,RUB_KZT,10,0.0100000000,True,0.1806260000,0.1841320952,0.1806260000,0,0,175.0397075782,15.6461174095
2018-09-20,RUB_KZT,10,0.0100000000,True,0.1806260000,0.1839860000,0.1806260000,0,0,273.7601636961,-93.7027817334
2018-09-21,RUB_KZT,10,0.0100000000,True,0.1806260000,0.1838399048,0.1806260000,0,0,275.4358195777,-103.4647641141
2018-09-22,RUB_KZT,10,0.0100000000,True,0.1801600000,0.1836341429,0.1801600000,0,0,386.3393810032,-205.0739086024
2018-09-25,RUB_KZT,10,0.0100000000,True,0.1797720000,0.1830935238,0.1797720000,0,0,301.4150917948,-123.7332781269
2018-09-26,RUB_KZT,10,0.0100000000,True,0.1783950000,0.1828917619,0.1783950000,0,0,311.8330373581,-68.0860680803
2018-09-27,RUB_KZT,10,0.0100000000,True,0.1783950000,0.1826900000,0.1783950000,0,0,230.1242627206,5.0905906180
2018-09-28,RUB_KZT,10,0.0100000000,True,0.1783950000,0.1824882381,0.1783950000,0,0,199.5308388316,25.2749492270
2018-09-29,RUB_KZT,10,0.0100000000,True,0.1783950000,0.1822897619,0.1783950000,0,0,123.5148871148,91.2701781700
2018-10-02,RUB_KZT,10,0.0100000000,True,0.1782730000,0.1814450952,0.1782730000,0,0,104.7402309059,70.8255704795
2018-10-03,RUB_KZT,10,0.0100000000,True,0.1779840000,0.1809967143,0.1779840000,0,0,121.9877679235,45.0126561098
2018-10-04,RUB_KZT,10,0.0100000000,True,0.1779840000,0.1805483333,0.1779840000,0,1,99.4593151325,42.9986430226
2018-10-05,RUB_KZT,10,0.0100000000,True,0.1779840000,0.1800999524,0.1779840000,0,0,116.3378295082,1.1633751523
2018-10-06,RUB_KZT,10,0.0100000000,True,0.1779840000,0.1797496667,0.1779840000,1,1,23.0387622971,75.3640711434
2018-10-09,RUB_KZT,10,0.0100000000,True,0.1779840000,0.1793056190,0.1779840000,1,1,68.5776143472,5.1654291768
2018-10-10,RUB_KZT,10,0.0100000000,True,0.1779840000,0.1792490000,0.1779840000,1,1,16.2110919769,54.4493972072
2018-10-11,RUB_KZT,10,0.0100000000,True,0.1779840000,0.1791923810,0.1779840000,1,1,77.1598055394,-9.8005867596
2018-10-12,RUB_KZT,10,0.0100000000,True,0.1779840000,0.1791357619,0.1779840000,0,0,107.4384299427,-43.6115093341
2018-10-13,RUB_KZT,10,0.0100000000,True,0.1779840000,0.1790796190,0.1779840000,1,1,0.0000000000,61.1805549646
2018-10-16,RUB_KZT,10,0.0100000000,True,0.1779840000,0.1789796190,0.1787450000,1,1,0.0000000000,54.5659362119
2018-10-17,RUB_KZT,10,0.0100000000,True,0.1779840000,0.1789631905,0.1780500000,1,1,50.6825662031,0.3459077911
2018-10-18,RUB_KZT,10,0.0100000000,True,0.1779840000,0.1789467619,0.1780500000,0,0,118.3248049195,-69.0282451658
2018-10-19,RUB_KZT,10,0.0100000000,True,0.1779840000,0.1789303333,0.1780500000,0,0,124.6276976322,-76.3798200790
2018-10-20,RUB_KZT,10,0.0100000000,True,0.1779840000,0.1789030476,0.1780500000,1,1,77.2973244091,-29.8459074934
2018-10-23,RUB_KZT,10,0.0100000000,True,0.1772070000,0.1786999048,0.1772070000,0,1,99.1166660148,-15.7300161111
2018-10-24,RUB_KZT,10,0.0100000000,True,0.1768700000,0.1786468571,0.1768700000,0,0,192.9581369559,-95.3357301876
2018-10-25,RUB_KZT,10,0.0100000000,True,0.1768700000,0.1785938095,0.1768700000,0,0,110.0437267247,-13.6729529899
2018-10-26,RUB_KZT,10,0.0100000000,True,0.1768700000,0.1785407619,0.1768700000,0,0,104.8980391060,-11.4392978421
2018-10-27,RUB_KZT,10,0.0100000000,True,0.1768700000,0.1784868095,0.1768700000,1,1,66.2735186745,24.4729302392
2018-10-30,RUB_KZT,10,0.0100000000,True,0.1768700000,0.1782599048,0.1768700000,0,1,99.0819525302,-21.3225311998
2018-10-31,RUB_KZT,10,0.0100000000,True,0.1768700000,0.1782650000,0.1768700000,1,1,81.9819213602,-3.7584494993
2018-11-01,RUB_KZT,10,0.0100000000,True,0.1768700000,0.1782700952,0.1768700000,1,1,49.6756735470,29.0062804647
2018-11-02,RUB_KZT,10,0.0100000000,True,0.1768700000,0.1782751905,0.1768700000,1,1,19.0173074427,59.9180667449
2018-11-03,RUB_KZT,10,0.0100000000,True,0.1768700000,0.1783455238,0.1768700000,1,1,0.0000000000,82.7339973556
2018-11-07,RUB_KZT,10,0.0100000000,True,0.1768700000,0.1786334286,0.1779630000,1,1,19.7963166513,17.7698303149
2018-11-08,RUB_KZT,10,0.0100000000,True,0.1768700000,0.1786971429,0.1783920000,1,1,0.0000000000,41.0830775134
2018-11-09,RUB_KZT,10,0.0100000000,True,0.1768700000,0.1787608571,0.1793880000,1,1,0.0000000000,20.6341113347
2018-11-10,RUB_KZT,10,0.0100000000,True,0.1768700000,0.1788100476,0.1793880000,0,1,8.6886779842,-41.0464842846
2018-11-13,RUB_KZT,10,0.0100000000,True,0.1768700000,0.1789904762,0.1786290000,0,0,101.3532234647,-81.9889326381
2018-11-14,RUB_KZT,10,0.0100000000,True,0.1768700000,0.1791227143,0.1786290000,0,0,119.0937150823,-92.6340202527
2018-11-15,RUB_KZT,10,0.0100000000,True,0.1768700000,0.1792549524,0.1786290000,0,0,126.9579828217,-93.2218383287
2018-11-16,RUB_KZT,10,0.0100000000,True,0.1768700000,0.1793871905,0.1786290000,0,0,127.3399545688,-86.1716781285
2018-11-17,RUB_KZT,10,0.0100000000,True,0.1779630000,0.1794901905,0.1786290000,1,1,42.3105224430,5.6933738785
2018-11-20,RUB_KZT,10,0.0100000000,True,0.1786290000,0.1796820000,0.1786290000,1,1,58.1055584311,0.5008848967
2018-11-21,RUB_KZT,10,0.0100000000,True,0.1781690000,0.1796165238,0.1781690000,1,1,62.1363988778,18.5686596339
2018-11-22,RUB_KZT,10,0.0100000000,True,0.1781690000,0.1795510476,0.1781690000,1,1,55.8132266184,21.2779387318
2018-11-23,RUB_KZT,10,0.0100000000,True,0.1781690000,0.1794855714,0.1781690000,1,1,25.7516976527,47.7236928715
2018-11-24,RUB_KZT,10,0.0100000000,True,0.1775460000,0.1793469048,0.1775460000,0,0,116.9515772598,-16.7326689297
2018-11-27,RUB_KZT,10,0.0100000000,True,0.1775460000,0.1791742857,0.1775460000,1,1,83.0573134562,7.8853789606
2018-11-28,RUB_KZT,10,0.0100000000,True,0.1775460000,0.1792280000,0.1775460000,0,0,100.9718048362,-7.1975360993
2018-11-29,RUB_KZT,10,0.0100000000,True,0.1775460000,0.1792817143,0.1775460000,0,0,110.5658632771,-13.9046926943
2018-11-30,RUB_KZT,10,0.0100000000,True,0.1775460000,0.1793354286,0.1775460000,0,0,125.9655972104,-26.5185430653
2018-12-01,RUB_KZT,10,0.0100000000,True,0.1775460000,0.1793110952,0.1775460000,1,1,34.9668011831,63.6935063376
2018-12-04,RUB_KZT,10,0.0100000000,True,0.1775460000,0.1793462857,0.1789670000,1,1,0.0000000000,100.3804292414
2018-12-05,RUB_KZT,10,0.0100000000,True,0.1775460000,0.1793099048,0.1788830000,1,1,4.6936027312,19.1235817319
2018-12-06,RUB_KZT,10,0.0100000000,True,0.1775460000,0.1792735238,0.1788830000,0,1,63.8219872023,-42.3083216282
2018-12-07,RUB_KZT,10,0.0100000000,True,0.1775460000,0.1792371429,0.1788830000,0,1,62.9940505619,-43.5097954824
2018-12-08,RUB_KZT,10,0.0100000000,True,0.1775460000,0.1792632381,0.1788830000,0,1,90.4628952558,-69.8839270156
2018-12-11,RUB_KZT,10,0.0100000000,True,0.1775460000,0.1794140952,0.1788830000,1,1,15.5724986325,14.0510274714
2018-12-12,RUB_KZT,10,0.0100000000,True,0.1775460000,0.1796618095,0.1788830000,0,1,26.4833461568,16.9100781415
2018-12-13,RUB_KZT,10,0.0100000000,True,0.1775460000,0.1799095238,0.1788830000,0,1,30.6521097011,26.4868584738
2018-12-14,RUB_KZT,10,0.0100000000,True,0.1775460000,0.1801572381,0.1788830000,1,1,8.1551033631,62.6251882615
2018-12-15,RUB_KZT,10,0.0100000000,True,0.1788830000,0.1804763333,0.1788830000,1,1,0.0000000000,88.2848905397
2018-12-18,RUB_KZT,10,0.0100000000,True,0.1788830000,0.1810669048,0.1799160000,1,1,0.0000000000,82.0638516939
2018-12-19,RUB_KZT,10,0.0100000000,True,0.1788830000,0.1811490952,0.1802010000,1,1,0.0000000000,68.0707367859
2018-12-20,RUB_KZT,10,0.0100000000,True,0.1788830000,0.1811516667,0.1805700000,1,1,0.0000000000,52.4790461032
2018-12-21,RUB_KZT,10,0.0100000000,True,0.1788830000,0.1811542381,0.1805700000,0,1,64.9243466300,-32.8869978989
2018-12-22,RUB_KZT,10,0.0100000000,True,0.1788830000,0.1812212857,0.1805700000,0,0,152.7504349106,-118.6237189103
2018-12-25,RUB_KZT,10,0.0100000000,True,0.1788830000,0.1814065238,0.1805700000,0,0,199.5690567553,-156.5807078393
2018-12-26,RUB_KZT,10,0.0100000000,True,0.1788830000,0.1814868571,0.1805700000,0,0,234.5503415230,-188.4512691986
2018-12-27,RUB_KZT,10,0.0100000000,True,0.1788830000,0.1815671905,0.1805700000,0,0,178.6199919501,-125.9483895638
2018-12-28,RUB_KZT,10,0.0100000000,True,0.1795810000,0.1816475238,0.1805700000,0,0,114.2578713107,-55.5733526836
2018-12-29,RUB_KZT,10,0.0100000000,True,0.1799160000,0.1816946190,0.1805700000,0,1,91.7461397482,-30.1264261567
2018-12-30,RUB_KZT,10,0.0100000000,True,0.1802010000,0.1817257619,0.1805700000,1,1,0.0000000000,63.5992328577
2019-01-10,RUB_KZT,10,0.0100000000,True,0.1747940000,0.1787348095,0.1747940000,0,0,211.9510132770,8.7173575323
2019-01-11,RUB_KZT,10,0.0100000000,True,0.1747940000,0.1784597619,0.1747940000,0,0,191.6289300765,14.0514535089
2019-01-12,RUB_KZT,10,0.0100000000,True,0.1747940000,0.1782041905,0.1747940000,0,0,173.7639486185,17.9115022681
2019-01-15,RUB_KZT,10,0.0100000000,True,0.1747940000,0.1774367619,0.1747940000,0,0,146.3997609800,2.5790543217
2019-01-16,RUB_KZT,10,0.0100000000,True,0.1739790000,0.1771229048,0.1739790000,0,0,199.5808970156,-22.5321077831
2019-01-17,RUB_KZT,10,0.0100000000,True,0.1739790000,0.1768090476,0.1739790000,0,0,157.7774257784,2.3215791047
2019-01-18,RUB_KZT,10,0.0100000000,True,0.1739790000,0.1764951905,0.1739790000,0,0,115.8965793465,26.9803655786
2019-01-19,RUB_KZT,10,0.0100000000,True,0.1737150000,0.1761687619,0.1737150000,1,1,61.7298076593,78.0366445162
2019-01-22,RUB_KZT,10,0.0100000000,True,0.1718670000,0.1753181905,0.1718670000,0,0,190.4076984983,6.5703664792
2019-01-23,RUB_KZT,10,0.0100000000,True,0.1718040000,0.1750286190,0.1718040000,0,0,217.6215366745,-34.1304728125
2019-01-24,RUB_KZT,10,0.0100000000,True,0.1718040000,0.1747390476,0.1718040000,0,0,191.9322242901,-24.4337134012
2019-01-25,RUB_KZT,10,0.0100000000,True,0.1718040000,0.1744494762,0.1718040000,0,0,171.5083351449,-20.2077883650
2019-01-26,RUB_KZT,10,0.0100000000,True,0.1718040000,0.1741849048,0.1718040000,0,0,125.0150880279,11.8210451236
2019-01-29,RUB_KZT,10,0.0100000000,True,0.1718040000,0.1737766190,0.1718040000,0,0,110.0077713496,3.5458767674
2019-01-30,RUB_KZT,10,0.0100000000,True,0.1718040000,0.1737824762,0.1718040000,0,0,138.9016438608,-25.4066934252
2019-01-31,RUB_KZT,10,0.0100000000,True,0.1718040000,0.1737883333,0.1718040000,1,1,92.3272108647,22.0574837206
2019-02-01,RUB_KZT,10,0.0100000000,True,0.1718040000,0.1737941905,0.1718040000,1,1,3.6656251636,110.8892346119
2019-02-02,RUB_KZT,10,0.0100000000,True,0.1718040000,0.1737805714,0.1718040000,1,1,0.0000000000,113.7394941404
2019-02-05,RUB_KZT,10,0.0100000000,True,0.1718040000,0.1738613810,0.1732430000,1,1,0.0000000000,116.5515275032
2019-02-06,RUB_KZT,10,0.0100000000,True,0.1718040000,0.1739825238,0.1740580000,1,1,0.0000000000,42.5056375394
2019-02-07,RUB_KZT,10,0.0100000000,True,0.1718040000,0.1741036667,0.1744340000,0,1,0.0000000000,2.6229583524
2019-02-08,RUB_KZT,10,0.0100000000,True,0.1718040000,0.1742248095,0.1749170000,0,1,0.0000000000,-12.0069281041
2019-02-09,RUB_KZT,10,0.0100000000,True,0.1718040000,0.1743241429,0.1749170000,0,1,0.0000000000,-34.0088947601
2019-02-12,RUB_KZT,10,0.0100000000,True,0.1718040000,0.1745754762,0.1742350000,0,1,38.9899209339,-19.5631034196
2019-02-13,RUB_KZT,10,0.0100000000,True,0.1718040000,0.1746732857,0.1738580000,0,0,100.4993651173,-54.3708948870
2019-02-14,RUB_KZT,10,0.0100000000,True,0.1718040000,0.1747710952,0.1738580000,0,1,84.4649507525,-32.4942039833
2019-02-15,RUB_KZT,10,0.0100000000,True,0.1718350000,0.1748689048,0.1738580000,0,0,140.1357689319,-83.4965621866
2019-02-16,RUB_KZT,10,0.0100000000,True,0.1732430000,0.1749514286,0.1735680000,0,0,167.4002821162,-89.8290137671
2019-02-19,RUB_KZT,10,0.0100000000,True,0.1734650000,0.1750506667,0.1734650000,0,0,132.8775149174,-42.8637803912
2019-02-20,RUB_KZT,10,0.0100000000,True,0.1734650000,0.1750259524,0.1734650000,0,0,114.3772225768,-25.4846560170
2019-02-21,RUB_KZT,10,0.0100000000,True,0.1734650000,0.1750012381,0.1734650000,1,1,91.5078227193,-3.7577965435
2019-02-22,RUB_KZT,10,0.0100000000,True,0.1734650000,0.1749765238,0.1734650000,1,1,44.1931873619,42.3784741735
2019-02-23,RUB_KZT,10,0.0100000000,True,0.1734650000,0.1749571429,0.1734650000,1,1,22.6046543731,62.8235486242
2019-02-26,RUB_KZT,10,0.0100000000,True,0.1734650000,0.1747192381,0.1734650000,1,1,5.9342735988,65.8907460786
2019-02-27,RUB_KZT,10,0.0100000000,True,0.1734650000,0.1745909524,0.1738290000,1,1,0.0000000000,64.4908779978
2019-02-28,RUB_KZT,10,0.0100000000,True,0.1734650000,0.1744626667,0.1738290000,1,1,45.0703257433,-8.7888908420
2019-03-01,RUB_KZT,10,0.0100000000,True,0.1734650000,0.1743343810,0.1738290000,0,0,108.6276161103,-80.5130370700
2019-03-02,RUB_KZT,10,0.0100000000,True,0.1734650000,0.1742654286,0.1738290000,1,1,32.6265209463,-7.6074428335
2019-03-05,RUB_KZT,10,0.0100000000,True,0.1733290000,0.1740797143,0.1733290000,1,1,67.6752048593,-24.7177401486
2019-03-06,RUB_KZT,10,0.0100000000,True,0.1724850000,0.1740143333,0.1724850000,0,0,103.6765887132,-15.9565399785
2019-03-07,RUB_KZT,10,0.0100000000,True,0.1724850000,0.1739489524,0.1724850000,1,1,96.9719935237,-12.9375667957
2019-03-08,RUB_KZT,10,0.0100000000,True,0.1724850000,0.1738835714,0.1724850000,1,1,77.3173636160,3.1383889877
2019-03-12,RUB_KZT,10,0.0100000000,True,0.1684600000,0.1731020000,0.1684600000,0,0,337.9924635653,-72.2695289483
2019-03-13,RUB_KZT,10,0.0100000000,True,0.1684600000,0.1728228571,0.1684600000,0,0,318.2238774232,-67.9390953578
2019-03-14,RUB_KZT,10,0.0100000000,True,0.1684600000,0.1725437143,0.1684600000,0,0,293.1753751124,-58.2047116838
2019-03-15,RUB_KZT,10,0.0100000000,True,0.1684600000,0.1722645714,0.1684600000,0,0,280.9108689256,-61.7903357958
2019-03-16,RUB_KZT,10,0.0100000000,True,0.1684600000,0.1720718095,0.1684600000,0,0,233.3536249529,-24.0126768780
2019-03-19,RUB_KZT,10,0.0100000000,True,0.1684600000,0.1714833810,0.1684600000,0,0,198.1206179269,-22.2539960141
2019-03-20,RUB_KZT,10,0.0100000000,True,0.1684600000,0.1713247619,0.1684600000,0,0,143.0619349931,24.5009477962
2019-03-21,RUB_KZT,10,0.0100000000,True,0.1684600000,0.1711661429,0.1684600000,1,1,75.6433217080,83.0855234221
2019-03-22,RUB_KZT,10,0.0100000000,True,0.1684600000,0.1710075238,0.1685360000,1,1,0.0000000000,148.9714459793
2019-03-23,RUB_KZT,10,0.0100000000,True,0.1684600000,0.1709041905,0.1685360000,1,1,0.0000000000,138.5683095067
2019-03-26,RUB_KZT,10,0.0100000000,True,0.1684600000,0.1707179524,0.1695870000,0,1,51.3310884537,14.9927044803
2019-03-27,RUB_KZT,10,0.0100000000,True,0.1684600000,0.1706990476,0.1698230000,1,1,0.0000000000,65.1466797594
2019-03-28,RUB_KZT,10,0.0100000000,True,0.1684600000,0.1706801429,0.1698230000,0,1,41.3421842747,8.9139166745
2019-03-29,RUB_KZT,10,0.0100000000,True,0.1684600000,0.1706612381,0.1704980000,1,1,0.0000000000,49.1170757106
2019-03-30,RUB_KZT,10,0.0100000000,True,0.1684600000,0.1706517619,0.1704980000,0,1,0.0000000000,9.0102734977
2019-04-02,RUB_KZT,10,0.0100000000,True,0.1685360000,0.1707668571,0.1702870000,0,0,110.1154004751,-82.9284371005
2019-04-03,RUB_KZT,10,0.0100000000,True,0.1685360000,0.1708319524,0.1699030000,0,0,144.6089236409,-91.5547470628
2019-04-04,RUB_KZT,10,0.0100000000,True,0.1685360000,0.1708970476,0.1699030000,0,0,113.0663501042,-55.5277223436
2019-04-05,RUB_KZT,10,0.0100000000,True,0.1695870000,0.1709621429,0.1699030000,0,0,163.1532934617,-102.8799191133
2019-04-06,RUB_KZT,10,0.0100000000,True,0.1692130000,0.1709026667,0.1692130000,0,0,167.0656873228,-69.3572169734
2019-04-09,RUB_KZT,10,0.0100000000,True,0.1685960000,0.1707409048,0.1685960000,0,0,178.8356459637,-54.1812308764
2019-04-10,RUB_KZT,10,0.0100000000,True,0.1685960000,0.1706543333,0.1685960000,0,0,108.3066380352,12.4423054010
2019-04-11,RUB_KZT,10,0.0100000000,True,0.1685960000,0.1705677619,0.1685960000,0,0,128.8664320802,-13.4397082238
2019-04-12,RUB_KZT,10,0.0100000000,True,0.1685960000,0.1704811905,0.1685960000,0,1,99.3029415046,11.3907273669
2019-04-13,RUB_KZT,10,0.0100000000,True,0.1685960000,0.1703302857,0.1685960000,1,1,76.9262461522,25.0857158193
2019-04-16,RUB_KZT,10,0.0100000000,True,0.1685960000,0.1698974762,0.1685960000,1,1,36.4629195156,40.2876020188
2019-04-17,RUB_KZT,10,0.0100000000,True,0.1685960000,0.1697862381,0.1685960000,1,1,27.8587778810,42.3613894334
2019-04-18,RUB_KZT,10,0.0100000000,True,0.1685960000,0.1696750000,0.1686800000,1,1,0.0000000000,63.5921614852
2019-04-19,RUB_KZT,10,0.0100000000,True,0.1685960000,0.1695637619,0.1686800000,1,1,11.7244401284,40.4427158880
2019-04-20,RUB_KZT,10,0.0100000000,True,0.1685960000,0.1694540000,0.1686800000,1,1,0.0000000000,45.6761126913
2019-04-23,RUB_KZT,10,0.0100000000,True,0.1685960000,0.1693181905,0.1687990000,1,1,12.7208396938,17.9656110980
2019-04-24,RUB_KZT,10,0.0100000000,True,0.1685960000,0.1693017619,0.1687990000,1,1,7.3997774147,22.3129340482
2019-04-25,RUB_KZT,10,0.0100000000,True,0.1685960000,0.1692853333,0.1693610000,1,1,0.0000000000,28.7286159856
2019-04-26,RUB_KZT,10,0.0100000000,True,0.1685960000,0.1692689048,0.1693610000,1,1,46.4293480497,-52.1120662614
2019-04-27,RUB_KZT,10,0.0100000000,True,0.1685960000,0.1693883810,0.1693610000,1,1,23.0336019605,-21.4665873524
2019-04-30,RUB_KZT,10,0.0100000000,True,0.1686800000,0.1697505714,0.1695580000,1,1,0.0000000000,22.9496387136
2019-05-01,RUB_KZT,10,0.0100000000,True,0.1686800000,0.1698831905,0.1695580000,1,1,0.0000000000,19.1420042959
2019-05-07,RUB_KZT,10,0.0100000000,True,0.1693610000,0.1705542857,0.1704080000,0,1,76.5190249357,-68.4658424632
2019-05-08,RUB_KZT,10,0.0100000000,True,0.1693610000,0.1705813810,0.1703210000,0,1,52.3312521537,-37.2619241368
2019-05-09,RUB_KZT,10,0.0100000000,True,0.1693610000,0.1706084762,0.1703210000,0,1,66.7191555128,-50.2040595315
2019-05-14,RUB_KZT,10,0.0100000000,True,0.1695580000,0.1707765238,0.1698840000,0,0,148.1112051868,-97.2894958519
2019-05-15,RUB_KZT,10,0.0100000000,True,0.1695580000,0.1708132857,0.1698840000,0,0,117.2199954625,-63.5614660285
2019-05-16,RUB_KZT,10,0.0100000000,True,0.1695580000,0.1708500476,0.1698840000,1,1,45.8204914863,10.7724651888
2019-05-17,RUB_KZT,10,0.0100000000,True,0.1698840000,0.1708868095,0.1698840000,1,1,30.7497300596,28.0191037064
2019-05-18,RUB_KZT,10,0.0100000000,True,0.1696300000,0.1707871905,0.1696300000,1,1,40.5704522637,27.2965715339
2019-05-21,RUB_KZT,10,0.0100000000,True,0.1695640000,0.1705936667,0.1695640000,1,1,38.1872231426,22.2556132408
2019-05-22,RUB_KZT,10,0.0100000000,True,0.1695640000,0.1705680952,0.1695640000,1,1,42.9839808334,15.9522938751
2019-05-23,RUB_KZT,10,0.0100000000,True,0.1695640000,0.1705425238,0.1695640000,1,1,18.8363824727,38.6134668829
2019-05-24,RUB_KZT,10,0.0100000000,True,0.1695640000,0.1705169524,0.1695640000,1,1,60.7851067696,-4.9289890462
2019-05-25,RUB_KZT,10,0.0100000000,True,0.1695640000,0.1704333333,0.1695640000,1,1,44.9715258616,6.0629767260
2019-05-28,RUB_KZT,10,0.0100000000,True,0.1693870000,0.1702233333,0.1693870000,1,1,14.3252962330,34.8561693462
2019-05-29,RUB_KZT,10,0.0100000000,True,0.1693870000,0.1701872857,0.1693870000,1,1,10.4385364818,36.6235181242
2019-05-30,RUB_KZT,10,0.0100000000,True,0.1693870000,0.1701512381,0.1693870000,1,1,34.5933225474,10.3577321688
2019-05-31,RUB_KZT,10,0.0100000000,True,0.1693870000,0.1701151905,0.1693870000,1,1,67.8417299934,-25.2070095921
2019-06-01,RUB_KZT,10,0.0100000000,True,0.1690040000,0.1700575714,0.1690040000,0,0,112.5620144154,-51.1843468136
2019-06-04,RUB_KZT,10,0.0100000000,True,0.1679550000,0.1697385238,0.1679550000,0,0,159.7708018420,-55.5840930686
2019-06-05,RUB_KZT,10,0.0100000000,True,0.1677410000,0.1696152381,0.1677410000,0,0,110.4272053014,0.0729943401
2019-06-06,RUB_KZT,10,0.0100000000,True,0.1677410000,0.1694919524,0.1677410000,1,1,97.1739271609,6.1921748778
2019-06-07,RUB_KZT,10,0.0100000000,True,0.1677410000,0.1693686667,0.1677410000,0,0,107.3943454312,-11.4149409769
2019-06-08,RUB_KZT,10,0.0100000000,True,0.1676600000,0.1692748571,0.1676600000,0,0,112.2879856573,-17.0812642836
2019-06-11,RUB_KZT,10,0.0100000000,True,0.1667770000,0.1688796190,0.1667770000,0,0,131.7720290644,-7.3650659021
2019-06-12,RUB_KZT,10,0.0100000000,True,0.1667360000,0.1686800000,0.1667360000,1,1,72.5789646036,42.9807920323
2019-06-14,RUB_KZT,10,0.0100000000,True,0.1667360000,0.1682807619,0.1667360000,1,1,85.3298131069,6.5225462209
2019-06-15,RUB_KZT,10,0.0100000000,True,0.1663720000,0.1680755238,0.1663720000,1,1,81.6139166930,19.9031841128
2019-06-18,RUB_KZT,10,0.0100000000,True,0.1650970000,0.1674995714,0.1650970000,0,0,152.8689013480,-9.5778496661
2019-06-19,RUB_KZT,10,0.0100000000,True,0.1650970000,0.1673183810,0.1650970000,0,0,145.1688961314,-12.5879204915
2019-06-20,RUB_KZT,10,0.0100000000,True,0.1650970000,0.1671371905,0.1650970000,0,0,142.1090657225,-20.3311736210
2019-06-21,RUB_KZT,10,0.0100000000,True,0.1650970000,0.1669560000,0.1650970000,0,0,100.7333145458,10.7213876710
2019-06-22,RUB_KZT,10,0.0100000000,True,0.1650970000,0.1667884286,0.1650970000,1,1,98.2991075713,3.1434177945
2019-06-25,RUB_KZT,10,0.0100000000,True,0.1650970000,0.1664080476,0.1650970000,1,1,76.6354915491,2.1662184950
2019-06-26,RUB_KZT,10,0.0100000000,True,0.1650970000,0.1663007143,0.1651910000,1,1,0.0000000000,72.3817868663
2019-06-27,RUB_KZT,10,0.0100000000,True,0.1650970000,0.1661933810,0.1651910000,1,1,30.1766541333,30.2286980084
2019-06-28,RUB_KZT,10,0.0100000000,True,0.1650970000,0.1660860476,0.1651910000,1,1,29.5147271849,24.4480270841
2019-06-29,RUB_KZT,10,0.0100000000,True,0.1650970000,0.1660179524,0.1651910000,1,1,34.2666159907,15.5978541621
2019-07-02,RUB_KZT,10,0.0100000000,True,0.1643390000,0.1657415238,0.1643390000,1,1,69.2509895157,15.4773410807
2019-07-03,RUB_KZT,10,0.0100000000,True,0.1642780000,0.1656244762,0.1642780000,1,1,68.8562844206,12.5269039485
2019-07-04,RUB_KZT,10,0.0100000000,True,0.1642780000,0.1655074286,0.1642780000,1,1,55.2693548680,19.1186929892
2019-07-05,RUB_KZT,10,0.0100000000,True,0.1642780000,0.1653903810,0.1642780000,1,1,72.9371242107,-5.7209522751
2019-07-06,RUB_KZT,10,0.0100000000,True,0.1640180000,0.1652782857,0.1640180000,1,1,88.7683020419,-12.6280524276
2019-07-09,RUB_KZT,10,0.0100000000,True,0.1634270000,0.1650330952,0.1634270000,0,0,168.6217890874,-72.5251356510
2019-07-10,RUB_KZT,10,0.0100000000,True,0.1633090000,0.1649164286,0.1633090000,0,0,143.1071945920,-46.3005071833
2019-07-11,RUB_KZT,10,0.0100000000,True,0.1633090000,0.1647997619,0.1633090000,0,0,159.6779927572,-70.3422190566
2019-07-12,RUB_KZT,10,0.0100000000,True,0.1633090000,0.1646830952,0.1633090000,1,1,62.6753235690,20.8943873442
2019-07-13,RUB_KZT,10,0.0100000000,True,0.1633090000,0.1646037619,0.1633090000,1,1,58.9853784439,19.7906719137
2019-07-16,RUB_KZT,10,0.0100000000,True,0.1633090000,0.1644262857,0.1633090000,1,1,43.2269628943,24.8309272761
2019-07-17,RUB_KZT,10,0.0100000000,True,0.1633090000,0.1643513333,0.1633090000,1,1,44.1981540412,19.3082299302
2019-07-18,RUB_KZT,10,0.0100000000,True,0.1633090000,0.1642763810,0.1633090000,1,1,33.5046198538,25.4681135508
2019-07-19,RUB_KZT,10,0.0100000000,True,0.1633090000,0.1642014286,0.1633090000,1,1,7.2203491467,47.1633272723
2019-07-20,RUB_KZT,10,0.0100000000,True,0.1633090000,0.1641337143,0.1633090000,1,1,0.0000000000,50.2464889254
2019-07-23,RUB_KZT,10,0.0100000000,True,0.1633090000,0.1641070952,0.1639130000,1,1,0.0000000000,17.5553188409
2019-07-24,RUB_KZT,10,0.0100000000,True,0.1633090000,0.1642574286,0.1639130000,1,1,14.0730090652,6.9055367794
2019-07-25,RUB_KZT,10,0.0100000000,True,0.1633090000,0.1644077619,0.1639130000,1,1,13.0995320725,17.0163440899
2019-07-26,RUB_KZT,10,0.0100000000,True,0.1633090000,0.1645580952,0.1639130000,1,1,11.0302631419,28.2025164076
2019-07-27,RUB_KZT,10,0.0100000000,True,0.1633090000,0.1647593810,0.1639130000,1,1,0.0000000000,51.3707290892
2019-07-30,RUB_KZT,10,0.0100000000,True,0.1633090000,0.1653753810,0.1647470000,1,1,3.7012766371,34.3086709227
2019-07-31,RUB_KZT,10,0.0100000000,True,0.1633090000,0.1656155714,0.1649660000,1,1,0.0000000000,52.4450340677
2019-08-01,RUB_KZT,10,0.0100000000,True,0.1633090000,0.1658557619,0.1657060000,0,1,0.0000000000,53.6467286119
2019-08-02,RUB_KZT,10,0.0100000000,True,0.1638190000,0.1660959524,0.1674350000,0,1,0.0000000000,23.4775366505
2019-08-03,RUB_KZT,10,0.0100000000,True,0.1639130000,0.1663339048,0.1674350000,0,1,0.0000000000,-66.1978830877
2019-08-06,RUB_KZT,10,0.0100000000,True,0.1639130000,0.1670844286,0.1679150000,0,1,19.6142530239,-69.4601788146
2019-08-07,RUB_KZT,10,0.0100000000,True,0.1639130000,0.1674012381,0.1679150000,0,1,28.2083259101,-59.0653878079
2019-08-08,RUB_KZT,10,0.0100000000,True,0.1639130000,0.1677180476,0.1679150000,0,1,2.0839535576,-13.8298998972
2019-08-09,RUB_KZT,10,0.0100000000,True,0.1647470000,0.1680348571,0.1683530000,0,1,0.0000000000,7.1328737915
2019-08-10,RUB_KZT,10,0.0100000000,True,0.1647470000,0.1683759048,0.1683530000,0,1,0.0000000000,1.3603348969
2019-08-13,RUB_KZT,10,0.0100000000,True,0.1674350000,0.1692670952,0.1687260000,1,1,5.3312482229,26.6499072050
2019-08-14,RUB_KZT,10,0.0100000000,True,0.1674350000,0.1693767619,0.1687260000,0,1,29.0749211077,9.3732990864
2019-08-15,RUB_KZT,10,0.0100000000,True,0.1674350000,0.1694864286,0.1697380000,1,1,0.0000000000,44.8666349181
2019-08-16,RUB_KZT,10,0.0100000000,True,0.1679150000,0.1695960952,0.1697380000,0,1,26.1483226879,-34.6060303500
2019-08-17,RUB_KZT,10,0.0100000000,True,0.1679150000,0.1696954286,0.1697380000,0,1,48.5442585275,-51.3019965181
2019-08-20,RUB_KZT,10,0.0100000000,True,0.1683530000,0.1701770476,0.1697380000,0,0,129.7900796651,-105.3580612684
2019-08-21,RUB_KZT,10,0.0100000000,True,0.1683530000,0.1703357619,0.1697380000,0,0,165.9308698625,-133.0453493674
2019-08-22,RUB_KZT,10,0.0100000000,True,0.1683530000,0.1704944762,0.1697380000,0,0,105.2791120645,-61.5576429791
2019-08-23,RUB_KZT,10,0.0100000000,True,0.1687260000,0.1706531905,0.1697380000,1,1,14.7069204885,38.9790823327
2019-08-24,RUB_KZT,10,0.0100000000,True,0.1687260000,0.1707851905,0.1697380000,1,1,0.0000000000,61.3162343451
2019-08-27,RUB_KZT,10,0.0100000000,True,0.1697380000,0.1710502857,0.1702720000,1,1,3.4638439274,42.0511261517
2019-08-28,RUB_KZT,10,0.0100000000,True,0.1697380000,0.1710253810,0.1700430000,1,1,44.7871294085,12.7104498274
2019-08-29,RUB_KZT,10,0.0100000000,True,0.1697380000,0.1710004762,0.1700430000,1,1,70.7716563020,-14.8843918563
2019-08-30,RUB_KZT,10,0.0100000000,True,0.1697380000,0.1709755714,0.1700430000,0,0,131.3361113368,-77.8139567139
2019-08-31,RUB_KZT,10,0.0100000000,True,0.1695300000,0.1708593810,0.1695300000,0,0,125.5780902345,-48.3800797481
2019-09-03,RUB_KZT,10,0.0100000000,True,0.1683980000,0.1705261429,0.1683980000,0,0,185.9104366273,-62.2694635008
2019-09-04,RUB_KZT,10,0.0100000000,True,0.1666930000,0.1703811429,0.1666930000,0,0,318.2845161553,-105.1675738764
2019-09-05,RUB_KZT,10,0.0100000000,True,0.1666930000,0.1702361429,0.1666930000,0,0,266.0453491699,-59.4971858419
2019-09-06,RUB_KZT,10,0.0100000000,True,0.1666930000,0.1700911429,0.1666930000,0,0,210.1931028002,-10.6329547688
2019-09-07,RUB_KZT,10,0.0100000000,True,0.1655590000,0.1698639048,0.1655590000,0,0,263.6980057985,-10.5434546760
2019-09-10,RUB_KZT,10,0.0100000000,True,0.1655590000,0.1691135238,0.1655590000,0,0,234.2358284669,-24.6270186496
2019-09-11,RUB_KZT,10,0.0100000000,True,0.1651650000,0.1688030000,0.1651650000,0,0,254.4298046343,-39.9282003282
2019-09-12,RUB_KZT,10,0.0100000000,True,0.1651650000,0.1684924762,0.1651650000,0,0,241.9931348627,-45.6117582755
2019-09-13,RUB_KZT,10,0.0100000000,True,0.1651650000,0.1681819524,0.1651650000,0,0,191.9856530363,-12.8460643957
2019-09-14,RUB_KZT,10,0.0100000000,True,0.1651650000,0.1678910476,0.1651650000,1,1,91.6655168483,71.3586362131
2019-09-17,RUB_KZT,10,0.0100000000,True,0.1647320000,0.1670528095,0.1647320000,1,1,49.9519808648,89.4213948312
2019-09-18,RUB_KZT,10,0.0100000000,True,0.1647320000,0.1668648095,0.1647320000,1,1,96.9076131390,31.2114654549
2019-09-19,RUB_KZT,10,0.0100000000,True,0.1647320000,0.1666768095,0.1647320000,0,0,107.8497309762,8.9280280943
2019-09-20,RUB_KZT,10,0.0100000000,True,0.1647320000,0.1664888095,0.1647320000,1,1,60.7581800300,45.0366319487
2019-09-21,RUB_KZT,10,0.0100000000,True,0.1647320000,0.1663446667,0.1647320000,1,1,26.2162080344,70.9170116665
2019-09-24,RUB_KZT,10,0.0100000000,True,0.1647320000,0.1661451429,0.1647320000,1,1,45.1416796089,40.0940313805
2019-09-25,RUB_KZT,10,0.0100000000,True,0.1647320000,0.1661684762,0.1655060000,1,1,0.0000000000,86.4469737828
2019-09-26,RUB_KZT,10,0.0100000000,True,0.1647320000,0.1661918095,0.1658530000,1,1,0.0000000000,41.2661445696
2019-09-27,RUB_KZT,10,0.0100000000,True,0.1647320000,0.1662151429,0.1660950000,1,1,0.0000000000,21.7875971417
2019-09-28,RUB_KZT,10,0.0100000000,True,0.1647320000,0.1662634286,0.1660950000,1,1,0.0000000000,10.1302236382
2019-10-01,RUB_KZT,10,0.0100000000,True,0.1647320000,0.1662893810,0.1658640000,0,1,38.3776868885,-12.8462230357
2019-10-02,RUB_KZT,10,0.0100000000,True,0.1647320000,0.1662736667,0.1648350000,0,0,152.4022319668,-66.8977448824
2019-10-03,RUB_KZT,10,0.0100000000,True,0.1647320000,0.1662579524,0.1648350000,0,0,201.4575803690,-118.2528469100
2019-10-04,RUB_KZT,10,0.0100000000,True,0.1647320000,0.1662422381,0.1648350000,0,0,149.4597695654,-65.7932615257
2019-10-05,RUB_KZT,10,0.0100000000,True,0.1647320000,0.1662282381,0.1648350000,0,0,140.4449016946,-57.4368059063
2019-10-08,RUB_KZT,10,0.0100000000,True,0.1640220000,0.1661296190,0.1640220000,0,0,153.1460680903,-26.6888562631
2019-10-09,RUB_KZT,10,0.0100000000,True,0.1639220000,0.1660261429,0.1639220000,0,0,155.3078530761,-29.0229679835
2019-10-10,RUB_KZT,10,0.0100000000,True,0.1639220000,0.1659226667,0.1639220000,0,0,171.5991941673,-51.9117339805
2019-10-11,RUB_KZT,10,0.0100000000,True,0.1639220000,0.1658191905,0.1639220000,0,0,117.0838759466,-2.7023123006
2019-10-12,RUB_KZT,10,0.0100000000,True,0.1635200000,0.1656771429,0.1635200000,1,1,79.7767464434,50.8303585286
2019-10-15,RUB_KZT,10,0.0100000000,True,0.1632030000,0.1651210476,0.1632030000,0,0,119.9866815994,-3.8730605138
2019-10-16,RUB_KZT,10,0.0100000000,True,0.1632030000,0.1649921429,0.1632030000,0,0,107.5901029228,0.8571836754
2019-10-17,RUB_KZT,10,0.0100000000,True,0.1632030000,0.1648632381,0.1632030000,0,0,110.1078657132,-9.5086028015
2019-10-18,RUB_KZT,10,0.0100000000,True,0.1632030000,0.1647343333,0.1632030000,1,1,49.9323261514,43.2413400971
2019-10-19,RUB_KZT,10,0.0100000000,True,0.1632030000,0.1646425238,0.1632030000,1,1,43.8623247642,43.7629230197
2019-10-22,RUB_KZT,10,0.0100000000,True,0.1632030000,0.1643465714,0.1632030000,1,1,19.3860078278,50.2944126784
2019-10-23,RUB_KZT,10,0.0100000000,True,0.1632030000,0.1643254762,0.1639360000,1,1,0.0000000000,68.3081051398
2019-10-24,RUB_KZT,10,0.0100000000,True,0.1632030000,0.1643043810,0.1640830000,1,1,0.0000000000,22.4206409011
2019-10-25,RUB_KZT,10,0.0100000000,True,0.1632030000,0.1642832857,0.1640830000,1,1,2.8026735068,9.3914431779
2019-10-26,RUB_KZT,10,0.0100000000,True,0.1632030000,0.1642455238,0.1640830000,1,1,23.8940635716,-14.0324183655
2019-10-29,RUB_KZT,10,0.0100000000,True,0.1628530000,0.1640646667,0.1628530000,0,0,108.8402320143,-35.3722312747
2019-10-30,RUB_KZT,10,0.0100000000,True,0.1628530000,0.1640677619,0.1628530000,0,0,100.9038799365,-27.1374516279
2019-10-31,RUB_KZT,10,0.0100000000,True,0.1628530000,0.1640708571,0.1628530000,1,1,90.7846298944,-16.7088087377
2019-11-01,RUB_KZT,10,0.0100000000,True,0.1628530000,0.1640739524,0.1628530000,1,1,74.9620618833,-0.5514354300
2019-11-02,RUB_KZT,10,0.0100000000,True,0.1628530000,0.1641125238,0.1628530000,1,1,93.6176942917,-17.0295468005
2019-11-06,RUB_KZT,10,0.0100000000,True,0.1628530000,0.1642623810,0.1634760000,1,1,0.0000000000,85.8005919681
2019-11-07,RUB_KZT,10,0.0100000000,True,0.1628530000,0.1642655714,0.1638930000,1,1,0.0000000000,48.0667629683
2019-11-08,RUB_KZT,10,0.0100000000,True,0.1628530000,0.1642687619,0.1639870000,1,1,0.0000000000,22.8748241848
2019-11-09,RUB_KZT,10,0.0100000000,True,0.1628530000,0.1642626190,0.1639870000,1,1,0.0000000000,16.7791704051
2019-11-12,RUB_KZT,10,0.0100000000,True,0.1628530000,0.1643660000,0.1641570000,1,1,10.5275969087,2.1902339900
2019-11-13,RUB_KZT,10,0.0100000000,True,0.1628530000,0.1644010000,0.1645160000,1,1,0.0000000000,14.8417588701
2019-11-14,RUB_KZT,10,0.0100000000,True,0.1628530000,0.1644360000,0.1645160000,0,1,22.1976928955,-27.1230144251
2019-11-15,RUB_KZT,10,0.0100000000,True,0.1628530000,0.1644710000,0.1645160000,0,1,47.9707698915,-50.9512315241
2019-11-16,RUB_KZT,10,0.0100000000,True,0.1628530000,0.1645054762,0.1645160000,0,1,1.6409084555,-2.2810067113
2019-11-19,RUB_KZT,10,0.0100000000,True,0.1639870000,0.1648246190,0.1646710000,1,1,0.0000000000,18.7240868144
2019-11-20,RUB_KZT,10,0.0100000000,True,0.1639870000,0.1649145238,0.1651160000,1,1,0.0000000000,14.7666684473
2019-11-21,RUB_KZT,10,0.0100000000,True,0.1639870000,0.1650044286,0.1651160000,1,1,4.1166214645,-10.8828247900
2019-11-22,RUB_KZT,10,0.0100000000,True,0.1641570000,0.1650943333,0.1651160000,1,1,8.5321650520,-9.8529527563
2019-11-23,RUB_KZT,10,0.0100000000,True,0.1641570000,0.1652031905,0.1651160000,1,1,0.6661539300,4.6119252280
2019-11-26,RUB_KZT,10,0.0100000000,True,0.1645160000,0.1653146190,0.1654160000,1,1,0.0000000000,12.0146087964
2019-11-27,RUB_KZT,10,0.0100000000,True,0.1645160000,0.1653608095,0.1654160000,1,1,6.5247335734,-9.8687516504
2019-11-28,RUB_KZT,10,0.0100000000,True,0.1645160000,0.1654070000,0.1654160000,1,1,8.8184486778,-9.3708246930
2019-11-29,RUB_KZT,10,0.0100000000,True,0.1645160000,0.1654531905,0.1654160000,1,1,25.4465200979,-23.2579089410
2019-11-30,RUB_KZT,10,0.0100000000,True,0.1646710000,0.1654850476,0.1651850000,1,1,41.5975885456,-23.5642063475
2019-12-03,RUB_KZT,10,0.0100000000,True,0.1643610000,0.1654069524,0.1643610000,0,0,135.3411437077,-73.0953325507
2019-12-04,RUB_KZT,10,0.0100000000,True,0.1626370000,0.1652883810,0.1626370000,0,0,180.0518056503,-20.0025582993
2019-12-05,RUB_KZT,10,0.0100000000,True,0.1626370000,0.1651698095,0.1626370000,0,0,182.0673335225,-29.2541644011
2019-12-06,RUB_KZT,10,0.0100000000,True,0.1626370000,0.1650512381,0.1626370000,0,0,168.0006770808,-22.0999193324
2019-12-07,RUB_KZT,10,0.0100000000,True,0.1626370000,0.1649577143,0.1626370000,0,0,173.7627860047,-33.6623065305
2019-12-10,RUB_KZT,10,0.0100000000,True,0.1625380000,0.1645312381,0.1625380000,0,0,160.2445742652,-39.7348194987
2019-12-11,RUB_KZT,10,0.0100000000,True,0.1625380000,0.1643840000,0.1625380000,0,0,123.6533331713,-11.4974693401
2019-12-12,RUB_KZT,10,0.0100000000,True,0.1625380000,0.1642367619,0.1625380000,0,0,121.5524681229,-18.3416971782
2019-12-13,RUB_KZT,10,0.0100000000,True,0.1625380000,0.1640895238,0.1625380000,0,0,110.9143896666,-16.5443950457
2019-12-14,RUB_KZT,10,0.0100000000,True,0.1625380000,0.1639046667,0.1625380000,1,1,6.0871757349,77.3417067645
2019-12-17,RUB_KZT,10,0.0100000000,True,0.1625380000,0.1635547143,0.1625380000,1,1,37.6336177307,24.6226033577
2019-12-18,RUB_KZT,10,0.0100000000,True,0.1625380000,0.1634337619,0.1627120000,1,1,0.0000000000,54.8088653362
2019-12-19,RUB_KZT,10,0.0100000000,True,0.1625380000,0.1633128095,0.1627180000,1,1,0.0000000000,36.7888793023
2019-12-20,RUB_KZT,10,0.0100000000,True,0.1625380000,0.1631918571,0.1627340000,1,1,0.0000000000,29.0368129362
2019-12-21,RUB_KZT,10,0.0100000000,True,0.1621740000,0.1630484762,0.1621740000,1,1,37.4117690422,16.2820405734
2019-12-24,RUB_KZT,10,0.0100000000,True,0.1616650000,0.1626448095,0.1616650000,1,1,65.6900217533,-5.4837579171
2019-12-25,RUB_KZT,10,0.0100000000,True,0.1616650000,0.1625985238,0.1616650000,1,1,94.1170703611,-37.0529926325
2019-12-26,RUB_KZT,10,0.0100000000,True,0.1616650000,0.1625522381,0.1616650000,1,1,83.3011292885,-28.9606535276
2019-12-27,RUB_KZT,10,0.0100000000,True,0.1616650000,0.1625059524,0.1616650000,1,1,88.8943383502,-37.4784806417
2019-12-28,RUB_KZT,10,0.0100000000,True,0.1616650000,0.1624351429,0.1616650000,1,1,80.2586931578,-33.1121168361
2019-12-31,RUB_KZT,10,0.0100000000,True,0.1616650000,0.1623344762,0.1616650000,1,1,31.3860421523,9.8855273533
2020-01-01,RUB_KZT,10,0.0100000000,True,0.1616650000,0.1623063333,0.1616650000,1,1,0.0000000000,39.5137589620
2020-01-10,RUB_KZT,10,0.0100000000,True,0.1610980000,0.1621415714,0.1610980000,1,1,87.7408874997,-23.5860901100
2020-01-11,RUB_KZT,10,0.0100000000,True,0.1610980000,0.1622009048,0.1610980000,1,1,67.4509223636,0.5489958221
2020-01-14,RUB_KZT,10,0.0100000000,True,0.1610980000,0.1625260476,0.1617750000,1,1,0.0000000000,87.8657692086
2020-01-15,RUB_KZT,10,0.0100000000,True,0.1610980000,0.1626016190,0.1620600000,1,1,0.0000000000,50.8370736073
2020-01-16,RUB_KZT,10,0.0100000000,True,0.1610980000,0.1626771905,0.1631760000,1,1,0.0000000000,37.9395829485
2020-01-17,RUB_KZT,10,0.0100000000,True,0.1610980000,0.1627527619,0.1632520000,0,1,0.0000000000,-26.0049716075
2020-01-18,RUB_KZT,10,0.0100000000,True,0.1610980000,0.1628554286,0.1632520000,0,1,17.3051640322,-41.7285094229
2020-01-21,RUB_KZT,10,0.0100000000,True,0.1610980000,0.1633323333,0.1632520000,0,1,10.2802594542,-5.3673798003
2020-01-22,RUB_KZT,10,0.0100000000,True,0.1610980000,0.1635392381,0.1632520000,0,1,45.4883596141,-28.0520999184
2020-01-23,RUB_KZT,10,0.0100000000,True,0.1610980000,0.1637461429,0.1632520000,0,1,40.8123425309,-10.6785503344
2020-01-24,RUB_KZT,10,0.0100000000,True,0.1610980000,0.1639530476,0.1632520000,0,1,39.7793830535,2.9915649486
2020-01-25,RUB_KZT,10,0.0100000000,True,0.1617750000,0.1642698571,0.1632520000,1,1,0.0000000000,61.9625024676
2020-01-28,RUB_KZT,10,0.0100000000,True,0.1632520000,0.1648991429,0.1648370000,1,1,0.0000000000,65.3819564166
2020-01-29,RUB_KZT,10,0.0100000000,True,0.1632520000,0.1650913810,0.1648370000,0,1,6.2446950406,9.1695248721
2020-01-30,RUB_KZT,10,0.0100000000,True,0.1632520000,0.1652836190,0.1660920000,1,1,0.0000000000,27.0213739385
2020-01-31,RUB_KZT,10,0.0100000000,True,0.1632520000,0.1654758571,0.1664310000,0,1,0.0000000000,-37.2346073791
2020-02-01,RUB_KZT,10,0.0100000000,True,0.1632520000,0.1657111429,0.1664310000,0,1,6.3649519326,-49.8371520839
2020-02-04,RUB_KZT,10,0.0100000000,True,0.1632520000,0.1663560476,0.1664310000,0,1,78.6880555108,-83.8534216770
2020-02-05,RUB_KZT,10,0.0100000000,True,0.1632520000,0.1665741905,0.1664310000,0,1,46.4095402704,-37.9896502574
2020-02-06,RUB_KZT,10,0.0100000000,True,0.1632520000,0.1667923333,0.1664310000,0,1,9.4244483396,12.2507629248
2020-02-07,RUB_KZT,10,0.0100000000,True,0.1638210000,0.1670104762,0.1675490000,0,1,0.0000000000,34.6969964815
2020-02-08,RUB_KZT,10,0.0100000000,True,0.1648370000,0.1672066190,0.1675490000,0,1,1.3725443391,-21.8520627031
2020-02-11,RUB_KZT,10,0.0100000000,True,0.1664310000,0.1677482857,0.1675490000,0,1,48.2296969013,-36.5258150392
2020-02-12,RUB_KZT,10,0.0100000000,True,0.1664310000,0.1679501905,0.1675490000,0,1,87.7348667708,-64.4125213995
2020-02-13,RUB_KZT,10,0.0100000000,True,0.1664310000,0.1681520952,0.1678330000,1,1,0.0000000000,35.8660555042
2020-02-14,RUB_KZT,10,0.0100000000,True,0.1664310000,0.1683540000,0.1678330000,0,1,56.4031163907,-25.6008173254
2020-02-15,RUB_KZT,10,0.0100000000,True,0.1664310000,0.1684980952,0.1678330000,1,1,0.0000000000,39.4719736835
2020-02-18,RUB_KZT,10,0.0100000000,True,0.1675490000,0.1693442857,0.1687660000,1,1,0.0000000000,82.9248951839
2020-02-19,RUB_KZT,10,0.0100000000,True,0.1675490000,0.1697237619,0.1687660000,1,1,16.9178714242,39.5797204365
2020-02-20,RUB_KZT,10,0.0100000000,True,0.1675490000,0.1701032381,0.1694260000,1,1,0.0000000000,78.6133238974
2020-02-21,RUB_KZT,10,0.0100000000,True,0.1675490000,0.1704827143,0.1707770000,0,1,0.0000000000,61.9836615191
2020-02-22,RUB_KZT,10,0.0100000000,True,0.1675490000,0.1707548571,0.1707770000,0,1,0.0000000000,-1.2967629450
2020-02-26,RUB_KZT,10,0.0100000000,True,0.1678330000,0.1719800000,0.1726680000,0,1,0.0000000000,-8.5475055239
2020-02-27,RUB_KZT,10,0.0100000000,True,0.1678330000,0.1723918571,0.1726680000,0,1,30.7734943794,-46.9362573473
2020-02-28,RUB_KZT,10,0.0100000000,True,0.1679400000,0.1728037143,0.1737950000,0,1,0.0000000000,7.8536671665
2020-02-29,RUB_KZT,10,0.0100000000,True,0.1687660000,0.1732104762,0.1737950000,0,1,99.4639428965,-134.5486636132
2020-03-03,RUB_KZT,10,0.0100000000,True,0.1707770000,0.1751185238,0.1737950000,0,1,16.1423745950,59.5324690298
2020-03-04,RUB_KZT,10,0.0100000000,True,0.1707770000,0.1755602857,0.1737950000,0,1,50.6071136198,50.1984666236
2020-03-05,RUB_KZT,10,0.0100000000,True,0.1707770000,0.1760020476,0.1737950000,0,1,10.1166286335,115.3990903244
2020-03-06,RUB_KZT,10,0.0100000000,True,0.1707770000,0.1764438095,0.1764820000,0,1,0.0000000000,150.1219867650
2020-03-07,RUB_KZT,10,0.0100000000,True,0.1701760000,0.1764151905,0.1701760000,0,0,357.3168935076,-3.7870618527
2020-03-11,RUB_KZT,10,0.0100000000,True,0.1694390000,0.1764463810,0.1694390000,0,0,681.6656950845,-305.3402976326
2020-03-12,RUB_KZT,10,0.0100000000,True,0.1694390000,0.1763897619,0.1694390000,0,0,610.0926582727,-230.0722021173
2020-03-13,RUB_KZT,10,0.0100000000,True,0.1694390000,0.1763331429,0.1694390000,0,0,842.6696067146,-493.2627526468
2020-03-14,RUB_KZT,10,0.0100000000,True,0.1694390000,0.1766385238,0.1694390000,0,0,589.5453586146,-193.3596430051
2020-03-17,RUB_KZT,10,0.0100000000,True,0.1694390000,0.1768080952,0.1694390000,1,1,43.3081045506,375.1013339725
2020-03-18,RUB_KZT,10,0.0100000000,True,0.1694390000,0.1767031429,0.1735960000,1,1,0.0000000000,411.0930196084
2020-03-19,RUB_KZT,10,0.0100000000,True,0.1694390000,0.1765981905,0.1735960000,0,1,83.2319354710,87.4975259953
2020-03-20,RUB_KZT,10,0.0100000000,True,0.1694390000,0.1764932381,0.1735960000,0,1,99.9155964140,64.8884970097
2020-03-21,RUB_KZT,10,0.0100000000,True,0.1694390000,0.1763882857,0.1735960000,0,1,43.3605579517,115.4433643958
2020-03-24,RUB_KZT,10,0.0100000000,True,0.1694390000,0.1752226190,0.1735960000,0,0,381.9069306163,-300.5537173799
2020-03-25,RUB_KZT,10,0.0100000000,True,0.1694390000,0.1749475714,0.1735960000,0,0,134.0122986690,-57.5274388327
2020-03-26,RUB_KZT,10,0.0100000000,True,0.1694390000,0.1746725238,0.1742780000,0,1,0.0000000000,61.6309758424
2020-03-27,RUB_KZT,10,0.0100000000,True,0.1694390000,0.1743974762,0.1742780000,0,0,123.4302035635,-118.0363302549
2020-03-28,RUB_KZT,10,0.0100000000,True,0.1694390000,0.1745795238,0.1739990000,0,1,16.0089053122,17.2714304028
2020-04-07,RUB_KZT,10,0.0100000000,True,0.1713860000,0.1733900952,0.1713860000,0,0,150.1732768579,-35.1176208231
2020-04-08,RUB_KZT,10,0.0100000000,True,0.1713860000,0.1733427143,0.1713860000,1,1,73.5566675934,39.6159878160
2020-04-09,RUB_KZT,10,0.0100000000,True,0.1713860000,0.1732953333,0.1713860000,0,0,138.2143761364,-28.4293095025
2020-04-10,RUB_KZT,10,0.0100000000,True,0.1713860000,0.1732479524,0.1713860000,1,1,62.6786573663,45.0771492661
2020-04-11,RUB_KZT,10,0.0100000000,True,0.1713860000,0.1732538571,0.1713860000,1,1,0.0000000000,107.8104218665
2020-04-14,RUB_KZT,10,0.0100000000,True,0.1713860000,0.1734223333,0.1721310000,1,1,0.0000000000,92.6255172825
2020-04-15,RUB_KZT,10,0.0100000000,True,0.1713860000,0.1733474286,0.1727050000,1,1,0.0000000000,70.1728650637
2020-04-16,RUB_KZT,10,0.0100000000,True,0.1713860000,0.1732725238,0.1727050000,1,1,10.5271073013,22.2495639267
2020-04-17,RUB_KZT,10,0.0100000000,True,0.1713860000,0.1731976190,0.1727050000,0,0,103.4324680534,-75.7736139560
2020-04-18,RUB_KZT,10,0.0100000000,True,0.1713860000,0.1731402381,0.1727050000,0,1,33.3558398689,-8.2454492573
2020-04-21,RUB_KZT,10,0.0100000000,True,0.1712980000,0.1729871905,0.1712980000,0,0,177.9796103256,-81.7869531215
2020-04-22,RUB_KZT,10,0.0100000000,True,0.1712980000,0.1729830000,0.1712980000,0,0,292.9709635741,-201.4648838325
2020-04-23,RUB_KZT,10,0.0100000000,True,0.1712980000,0.1729788095,0.1712980000,0,0,269.6469652646,-177.2581557609
2020-04-24,RUB_KZT,10,0.0100000000,True,0.1712980000,0.1729746190,0.1712980000,0,0,147.3032744925,-51.1277872586
2020-04-25,RUB_KZT,10,0.0100000000,True,0.1712980000,0.1729499524,0.1712980000,1,1,81.4683998726,14.1631944722
2020-04-28,RUB_KZT,10,0.0100000000,True,0.1712980000,0.1730995238,0.1712980000,1,1,86.5770802227,17.6501819762
2020-04-29,RUB_KZT,10,0.0100000000,True,0.1712980000,0.1731846190,0.1712980000,1,1,89.9608337720,19.1482967392
2020-04-30,RUB_KZT,10,0.0100000000,True,0.1712980000,0.1732697143,0.1712980000,1,1,14.4567637835,99.4815679601
2020-05-01,RUB_KZT,10,0.0100000000,True,0.1712980000,0.1733548095,0.1712980000,1,1,0.0000000000,118.6473873704
2020-05-07,RUB_KZT,10,0.0100000000,True,0.1712980000,0.1734017143,0.1741080000,0,1,91.8496261140,-133.8098486421
2020-05-08,RUB_KZT,10,0.0100000000,True,0.1712980000,0.1734685238,0.1741080000,0,1,87.7317832723,-125.6986652443
2020-05-09,RUB_KZT,10,0.0100000000,True,0.1712980000,0.1735649524,0.1741080000,0,1,54.9494487919,-86.7137978262
2020-05-13,RUB_KZT,10,0.0100000000,True,0.1712980000,0.1738459048,0.1717480000,0,0,166.0482799689,-46.1382877666
2020-05-14,RUB_KZT,10,0.0100000000,True,0.1712980000,0.1739127619,0.1717480000,0,0,156.8616213428,-32.9037437489
2020-05-15,RUB_KZT,10,0.0100000000,True,0.1712980000,0.1739796190,0.1717480000,0,0,171.7882689557,-44.2799539738
2020-05-16,RUB_KZT,10,0.0100000000,True,0.1712980000,0.1740486667,0.1717480000,0,0,135.5480506352,-3.4090082084
2020-05-19,RUB_KZT,10,0.0100000000,True,0.1717480000,0.1737555714,0.1717480000,0,0,175.6674045727,-61.2025595890
2020-05-20,RUB_KZT,10,0.0100000000,True,0.1716430000,0.1735923810,0.1716430000,0,0,154.0764875609,-42.4338351475
2020-05-21,RUB_KZT,10,0.0100000000,True,0.1716430000,0.1734291905,0.1716430000,0,0,142.0317489490,-39.6017257489
2020-05-22,RUB_KZT,10,0.0100000000,True,0.1716430000,0.1732660000,0.1716430000,1,1,6.1136083098,87.6109565639
2020-05-23,RUB_KZT,10,0.0100000000,True,0.1705790000,0.1730521429,0.1705790000,0,0,122.9285126982,20.2333730956
2020-05-26,RUB_KZT,10,0.0100000000,True,0.1705790000,0.1726232381,0.1705790000,0,0,125.5586171765,-7.2274107553
2020-05-27,RUB_KZT,10,0.0100000000,True,0.1705790000,0.1724925238,0.1705790000,1,1,88.7243907824,22.4081485381
2020-05-28,RUB_KZT,10,0.0100000000,True,0.1705790000,0.1723618095,0.1705790000,1,1,95.9176919370,7.5892405731
2020-05-29,RUB_KZT,10,0.0100000000,True,0.1705790000,0.1722310952,0.1705790000,1,1,92.8114672691,3.1408520059
2020-05-30,RUB_KZT,10,0.0100000000,True,0.1705790000,0.1720888095,0.1705790000,1,1,61.9891285983,25.9057823134
2020-06-02,RUB_KZT,10,0.0100000000,True,0.1705790000,0.1718855714,0.1711930000,1,1,0.0000000000,76.0140259425
2020-06-03,RUB_KZT,10,0.0100000000,True,0.1705790000,0.1718852381,0.1711930000,1,1,16.1544293462,24.1578683452
2020-06-04,RUB_KZT,10,0.0100000000,True,0.1705790000,0.1718849048,0.1713630000,1,1,0.0000000000,40.2539573131
2020-06-05,RUB_KZT,10,0.0100000000,True,0.1705790000,0.1718845714,0.1713630000,1,1,49.3574817232,-19.1075073637
2020-06-06,RUB_KZT,10,0.0100000000,True,0.1705790000,0.1719159048,0.1713630000,1,1,0.0000000000,32.1613502061
2020-06-09,RUB_KZT,10,0.0100000000,True,0.1705790000,0.1718883810,0.1715650000,1,1,15.4803266000,3.3382682450
2020-06-10,RUB_KZT,10,0.0100000000,True,0.1705790000,0.1719172857,0.1715650000,1,1,5.8252992748,14.6748311688
2020-06-11,RUB_KZT,10,0.0100000000,True,0.1705790000,0.1719461905,0.1716400000,1,1,0.0000000000,22.1691725263
2020-06-12,RUB_KZT,10,0.0100000000,True,0.1705790000,0.1719750952,0.1716400000,0,1,61.0903616202,-41.8609892850
2020-06-16,RUB_KZT,10,0.0100000000,True,0.1712570000,0.1720466667,0.1712570000,0,0,123.9288144586,-79.0095710466
2020-06-17,RUB_KZT,10,0.0100000000,True,0.1712570000,0.1720618095,0.1712570000,1,1,74.7047164234,-28.1404965768
2020-06-18,RUB_KZT,10,0.0100000000,True,0.1712570000,0.1720769524,0.1712570000,1,1,28.7045123726,19.0003586435
2020-06-19,RUB_KZT,10,0.0100000000,True,0.1712570000,0.1720920952,0.1712570000,1,1,22.3141458867,26.2705406352
2020-06-20,RUB_KZT,10,0.0100000000,True,0.1712570000,0.1721403810,0.1712570000,1,1,57.6487663280,-6.3680030805
2020-06-23,RUB_KZT,10,0.0100000000,True,0.1712570000,0.1723734762,0.1712570000,1,1,68.3155971815,-3.5692155710
2020-06-24,RUB_KZT,10,0.0100000000,True,0.1712570000,0.1724043810,0.1712570000,1,1,17.4287113246,49.2087815689
2020-06-25,RUB_KZT,10,0.0100000000,True,0.1712570000,0.1724352857,0.1716810000,1,1,0.0000000000,68.3320533500
2020-06-26,RUB_KZT,10,0.0100000000,True,0.1712570000,0.1724661905,0.1716810000,1,1,1.6888940656,43.8457226951
2020-06-27,RUB_KZT,10,0.0100000000,True,0.1712570000,0.1725545238,0.1716810000,1,1,0.0000000000,50.6230604819
2020-06-30,RUB_KZT,10,0.0100000000,True,0.1712570000,0.1728362381,0.1722880000,1,1,32.2254042639,-0.5069483610
2020-07-01,RUB_KZT,10,0.0100000000,True,0.1712570000,0.1728376190,0.1722790000,0,0,104.5382225056,-72.9806947892
2020-07-02,RUB_KZT,10,0.0100000000,True,0.1712570000,0.1728390000,0.1722790000,0,1,61.7251902232,-29.5072292712
2020-07-03,RUB_KZT,10,0.0100000000,True,0.1712570000,0.1728403810,0.1722790000,0,1,63.0436287290,-30.7578035115
2020-07-04,RUB_KZT,10,0.0100000000,True,0.1712570000,0.1728071429,0.1717370000,0,1,92.7058334872,-31.0668375150
2020-07-07,RUB_KZT,10,0.0100000000,True,0.1714880000,0.1728829524,0.1714880000,0,0,215.2789268577,-137.5524646182
2020-07-08,RUB_KZT,10,0.0100000000,True,0.1714880000,0.1729492857,0.1714880000,0,0,259.0202671999,-179.1689553915
2020-07-09,RUB_KZT,10,0.0100000000,True,0.1714880000,0.1730156190,0.1714880000,0,0,116.8768298024,-28.9211433705
2020-07-10,RUB_KZT,10,0.0100000000,True,0.1714880000,0.1730819524,0.1714880000,1,1,46.4338781575,45.8714712904
2020-07-11,RUB_KZT,10,0.0100000000,True,0.1714880000,0.1731004286,0.1714880000,1,1,45.9138954835,47.4538727725
2020-07-14,RUB_KZT,10,0.0100000000,True,0.1714880000,0.1728246190,0.1714880000,1,1,14.4989140372,62.9319511082
2020-07-15,RUB_KZT,10,0.0100000000,True,0.1714880000,0.1727968571,0.1714880000,1,1,37.6446530650,38.2447432080
2020-07-16,RUB_KZT,10,0.0100000000,True,0.1714880000,0.1727690952,0.1715530000,1,1,0.0000000000,74.1507175418
2020-07-17,RUB_KZT,10,0.0100000000,True,0.1714880000,0.1727413333,0.1715530000,1,1,54.3796487933,14.4918027725
2020-07-18,RUB_KZT,10,0.0100000000,True,0.1714880000,0.1726149048,0.1715530000,1,1,87.8814842206,-26.5965003850
2020-07-21,RUB_KZT,10,0.0100000000,True,0.1714880000,0.1725701905,0.1715530000,0,1,96.9792129675,-38.4081121995
2020-07-22,RUB_KZT,10,0.0100000000,True,0.1714880000,0.1726562381,0.1715530000,1,1,12.5168832379,51.4454678868
2020-07-23,RUB_KZT,10,0.0100000000,True,0.1714880000,0.1727422857,0.1717070000,1,1,0.0000000000,68.8473994290
2020-07-24,RUB_KZT,10,0.0100000000,True,0.1714880000,0.1728283333,0.1726060000,1,1,0.0000000000,64.8813369721
2020-07-25,RUB_KZT,10,0.0100000000,True,0.1714880000,0.1730298571,0.1726060000,1,1,8.9719323227,15.5381936561
2020-07-28,RUB_KZT,10,0.0100000000,True,0.1715530000,0.1734200000,0.1730260000,1,1,0.0000000000,46.9380694268
2020-07-29,RUB_KZT,10,0.0100000000,True,0.1715530000,0.1735336667,0.1730260000,1,1,13.9091690859,15.3668548466
2020-07-30,RUB_KZT,10,0.0100000000,True,0.1715530000,0.1736473333,0.1740860000,1,1,0.0000000000,35.7813345824
2020-07-31,RUB_KZT,10,0.0100000000,True,0.1715530000,0.1737610000,0.1740860000,0,1,30.5806894972,-49.4357191775
2020-08-01,RUB_KZT,10,0.0100000000,True,0.1715530000,0.1738787143,0.1740860000,0,1,0.0000000000,-11.9212817473
2020-08-04,RUB_KZT,10,0.0100000000,True,0.1726060000,0.1743420476,0.1744610000,0,1,85.6969125244,-93.3195636492
2020-08-05,RUB_KZT,10,0.0100000000,True,0.1726060000,0.1744207619,0.1744140000,0,1,22.4819372222,-22.1440435772
2020-08-06,RUB_KZT,10,0.0100000000,True,0.1726060000,0.1744994762,0.1744140000,0,1,31.4920126883,-26.6776622880
2020-08-07,RUB_KZT,10,0.0100000000,True,0.1726060000,0.1745781905,0.1744140000,0,1,6.9899619563,2.4167094455
2020-08-08,RUB_KZT,10,0.0100000000,True,0.1730260000,0.1746658571,0.1744140000,0,1,59.6713799648,-45.5236570071
2020-08-11,RUB_KZT,10,0.0100000000,True,0.1740860000,0.1749257619,0.1744140000,1,1,73.4754275632,-44.5467886921
2020-08-12,RUB_KZT,10,0.0100000000,True,0.1740860000,0.1750437143,0.1744140000,1,1,21.1689857195,14.8371100770
2020-08-13,RUB_KZT,10,0.0100000000,True,0.1740860000,0.1751616667,0.1744140000,1,1,2.6940118422,40.0011418023
2020-08-14,RUB_KZT,10,0.0100000000,True,0.1744140000,0.1752796190,0.1744140000,1,1,62.6164443659,-13.3147797587
2020-08-15,RUB_KZT,10,0.0100000000,True,0.1744140000,0.1753370000,0.1744140000,1,1,0.0000000000,52.6414846838
2020-08-18,RUB_KZT,10,0.0100000000,True,0.1744140000,0.1759335714,0.1749920000,1,1,0.0000000000,84.4961775345
2020-08-19,RUB_KZT,10,0.0100000000,True,0.1744140000,0.1760338095,0.1749920000,1,1,23.8867573869,35.3801082584
2020-08-20,RUB_KZT,10,0.0100000000,True,0.1744140000,0.1761340476,0.1759680000,1,1,0.0000000000,64.8396851424
2020-08-21,RUB_KZT,10,0.0100000000,True,0.1744140000,0.1762342857,0.1765630000,1,1,0.0000000000,15.1097564930
2020-08-22,RUB_KZT,10,0.0100000000,True,0.1744140000,0.1762303810,0.1756230000,0,1,53.2387872884,-18.8741036490
2020-08-25,RUB_KZT,10,0.0100000000,True,0.1744140000,0.1765474762,0.1756230000,0,1,87.5410613295,-35.4875540021
2020-08-26,RUB_KZT,10,0.0100000000,True,0.1744140000,0.1767470952,0.1756230000,0,0,121.2741662401,-58.3831242327
2020-08-27,RUB_KZT,10,0.0100000000,True,0.1744140000,0.1769467143,0.1756230000,0,0,236.5492166913,-165.6592339744
2020-08-28,RUB_KZT,10,0.0100000000,True,0.1744470000,0.1771463333,0.1756230000,0,0,198.4607571200,-114.7450601104
2020-08-29,RUB_KZT,10,0.0100000000,True,0.1749920000,0.1773411429,0.1756230000,0,0,109.4241014609,-12.6793556890
2020-09-01,RUB_KZT,10,0.0100000000,True,0.1756230000,0.1776854286,0.1758130000,1,1,0.0000000000,116.0719023507
2020-09-02,RUB_KZT,10,0.0100000000,True,0.1752870000,0.1776246667,0.1752870000,1,1,29.9181516725,101.9940924121
2020-09-03,RUB_KZT,10,0.0100000000,True,0.1752870000,0.1775639048,0.1752870000,1,1,58.5866606171,70.0539202251
2020-09-04,RUB_KZT,10,0.0100000000,True,0.1752870000,0.1775031429,0.1752870000,0,0,222.9423707637,-100.3282034443
2020-09-05,RUB_KZT,10,0.0100000000,True,0.1750620000,0.1774025714,0.1750620000,0,0,198.4255848068,-67.8360275016
2020-09-08,RUB_KZT,10,0.0100000000,True,0.1750620000,0.1770618571,0.1750620000,0,0,194.6924464260,-83.3687662020
2020-09-09,RUB_KZT,10,0.0100000000,True,0.1750620000,0.1770963810,0.1750620000,0,0,219.8360866383,-107.3211681344
2020-09-10,RUB_KZT,10,0.0100000000,True,0.1750620000,0.1771309048,0.1750620000,0,0,151.8884801026,-35.6287480688
2020-09-11,RUB_KZT,10,0.0100000000,True,0.1750620000,0.1771654286,0.1750620000,0,0,100.6548218183,18.2557383817
2020-09-12,RUB_KZT,10,0.0100000000,True,0.1750620000,0.1773808571,0.1750620000,1,1,12.8360916668,118.0430163989
2020-09-15,RUB_KZT,10,0.0100000000,True,0.1750620000,0.1777887143,0.1760480000,1,1,0.0000000000,153.3682436857
2020-09-16,RUB_KZT,10,0.0100000000,True,0.1750620000,0.1778538095,0.1762630000,1,1,0.0000000000,101.5333620710
2020-09-17,RUB_KZT,10,0.0100000000,True,0.1750620000,0.1779189048,0.1773700000,1,1,0.0000000000,93.0707596318
2020-09-18,RUB_KZT,10,0.0100000000,True,0.1750620000,0.1779840000,0.1782910000,0,1,0.0000000000,34.4974829198
2020-09-19,RUB_KZT,10,0.0100000000,True,0.1750620000,0.1781854762,0.1782910000,0,1,0.0000000000,-5.9221330369
2020-09-22,RUB_KZT,10,0.0100000000,True,0.1750620000,0.1787952857,0.1794720000,0,1,37.4693999900,-75.6012263027
2020-09-23,RUB_KZT,10,0.0100000000,True,0.1750620000,0.1790404286,0.1794720000,0,1,20.7955695428,-44.9938282096
2020-09-24,RUB_KZT,10,0.0100000000,True,0.1750620000,0.1792855714,0.1798030000,0,1,0.0000000000,-10.3984146601
2020-09-25,RUB_KZT,10,0.0100000000,True,0.1750620000,0.1795307143,0.1798030000,0,1,47.6575300004,-63.1248930744
2020-09-26,RUB_KZT,10,0.0100000000,True,0.1760480000,0.1798075238,0.1798030000,0,1,9.4458613236,-9.2029625330
2020-09-29,RUB_KZT,10,0.0100000000,True,0.1782910000,0.1806007143,0.1798030000,0,0,162.2813496818,-120.0596422257
2020-09-30,RUB_KZT,10,0.0100000000,True,0.1782910000,0.1806920476,0.1798030000,0,0,260.3340032176,-216.7750287058
2020-10-01,RUB_KZT,10,0.0100000000,True,0.1782910000,0.1807833810,0.1798030000,0,0,120.4428693096,-67.0204883456
2020-10-02,RUB_KZT,10,0.0100000000,True,0.1794720000,0.1808747143,0.1802090000,1,1,0.0000000000,59.2517472631
2020-10-03,RUB_KZT,10,0.0100000000,True,0.1794720000,0.1808651429,0.1799460000,1,1,27.1011721673,23.7825183088
2020-10-06,RUB_KZT,10,0.0100000000,True,0.1798030000,0.1809547619,0.1799460000,1,1,51.3614374568,4.4078367390
2020-10-07,RUB_KZT,10,0.0100000000,True,0.1798030000,0.1810368571,0.1799460000,0,0,137.9457753079,-78.7763817628
2020-10-08,RUB_KZT,10,0.0100000000,True,0.1798030000,0.1811189524,0.1799460000,0,0,116.0069867844,-51.8470103047
2020-10-09,RUB_KZT,10,0.0100000000,True,0.1798030000,0.1812010476,0.1799460000,0,0,102.9056688868,-33.9927604749
2020-10-10,RUB_KZT,10,0.0100000000,True,0.1798030000,0.1811586667,0.1799460000,1,1,14.5941656632,52.4218180748
2020-10-13,RUB_KZT,10,0.0100000000,True,0.1798690000,0.1809118095,0.1798690000,1,1,4.2790614962,53.3856538361
2020-10-14,RUB_KZT,10,0.0100000000,True,0.1788320000,0.1808354762,0.1788320000,1,1,67.7582031857,43.3253588832
2020-10-15,RUB_KZT,10,0.0100000000,True,0.1788320000,0.1807591429,0.1788320000,1,1,64.2265039892,42.6613473019
2020-10-16,RUB_KZT,10,0.0100000000,True,0.1788320000,0.1806828095,0.1788320000,0,0,164.5547342485,-63.1598810755
2020-10-17,RUB_KZT,10,0.0100000000,True,0.1778440000,0.1805384762,0.1778440000,0,0,212.0563355476,-64.1704657073
2020-10-20,RUB_KZT,10,0.0100000000,True,0.1778440000,0.1802417143,0.1778440000,0,0,221.8507909104,-90.8383345539
2020-10-21,RUB_KZT,10,0.0100000000,True,0.1778440000,0.1803819524,0.1778440000,0,0,193.1655886229,-53.5002313873
2020-10-22,RUB_KZT,10,0.0100000000,True,0.1778440000,0.1805221905,0.1778440000,0,0,120.1619937002,28.5389001115
2020-10-23,RUB_KZT,10,0.0100000000,True,0.1778440000,0.1806624286,0.1778440000,0,0,112.5819346302,43.9177408221
2020-10-24,RUB_KZT,10,0.0100000000,True,0.1778440000,0.1808979524,0.1778440000,1,1,55.2473830187,114.2054044151
2020-10-27,RUB_KZT,10,0.0100000000,True,0.1778440000,0.1813102381,0.1778700000,1,1,0.0000000000,191.1771851194
2020-10-28,RUB_KZT,10,0.0100000000,True,0.1778440000,0.1811575714,0.1784910000,1,1,0.0000000000,181.4757949473
2020-10-29,RUB_KZT,10,0.0100000000,True,0.1778440000,0.1810049048,0.1784910000,0,1,81.6292509447,57.7279805362
2020-10-30,RUB_KZT,10,0.0100000000,True,0.1778440000,0.1808522381,0.1784910000,0,0,207.6521319318,-78.7251471011
2020-10-31,RUB_KZT,10,0.0100000000,True,0.1778440000,0.1806954762,0.1784910000,0,0,254.5944942507,-136.0589573882
2020-11-03,RUB_KZT,10,0.0100000000,True,0.1778440000,0.1804481905,0.1780670000,0,0,369.1344136036,-246.2651197600
2020-11-04,RUB_KZT,10,0.0100000000,True,0.1778440000,0.1804918571,0.1780670000,0,0,353.4300155479,-227.1095728102
2020-11-06,RUB_KZT,10,0.0100000000,True,0.1778440000,0.1805791905,0.1780670000,0,0,180.4896878791,-42.1316277808
2020-11-07,RUB_KZT,10,0.0100000000,True,0.1778700000,0.1806397619,0.1780670000,1,1,23.7546991165,118.9528751646
2020-11-10,RUB_KZT,10,0.0100000000,True,0.1775070000,0.1803205714,0.1775070000,1,1,60.4747266038,96.1383060644
2020-11-11,RUB_KZT,10,0.0100000000,True,0.1774990000,0.1800512857,0.1774990000,1,1,31.8981057692,110.2066950766
2020-11-12,RUB_KZT,10,0.0100000000,True,0.1774990000,0.1797820000,0.1774990000,1,1,47.7709684835,79.5964000845
2020-11-13,RUB_KZT,10,0.0100000000,True,0.1774990000,0.1795127143,0.1774990000,0,0,117.6424737768,-5.5308458056
2020-11-14,RUB_KZT,10,0.0100000000,True,0.1774990000,0.1791960476,0.1774990000,0,0,125.1745489544,-30.8573982685
2020-11-17,RUB_KZT,10,0.0100000000,True,0.1774990000,0.1784712381,0.1774990000,1,1,90.2766921995,-36.1269362864
2020-11-18,RUB_KZT,10,0.0100000000,True,0.1774990000,0.1784906190,0.1774990000,1,1,21.0823391839,34.5463000190
2020-11-19,RUB_KZT,10,0.0100000000,True,0.1774990000,0.1785100000,0.1774990000,1,1,0.4506864518,56.1873284410
2020-11-20,RUB_KZT,10,0.0100000000,True,0.1774990000,0.1785293810,0.1774990000,1,1,29.3783914348,28.4200253020
2020-11-21,RUB_KZT,10,0.0100000000,True,0.1774990000,0.1785521905,0.1774990000,1,1,0.0000000000,58.9850213196
2020-11-24,RUB_KZT,10,0.0100000000,True,0.1774990000,0.1784956667,0.1777550000,1,1,27.3224043716,14.2113627408
2020-11-25,RUB_KZT,10,0.0100000000,True,0.1763350000,0.1783330952,0.1763350000,0,0,124.6079749104,-12.7236484962
2020-11-26,RUB_KZT,10,0.0100000000,True,0.1763350000,0.1781705238,0.1763350000,0,0,117.2468292355,-14.3949843662
2020-11-27,RUB_KZT,10,0.0100000000,True,0.1763350000,0.1780079524,0.1763350000,0,0,110.9839945265,-17.1929183474
2020-11-28,RUB_KZT,10,0.0100000000,True,0.1759950000,0.1778593333,0.1759950000,0,0,162.2712383593,-58.3982098212
2020-12-01,RUB_KZT,10,0.0100000000,True,0.1745210000,0.1774484286,0.1745210000,0,0,253.8170283583,-91.1572698386
2020-12-02,RUB_KZT,10,0.0100000000,True,0.1744720000,0.1773042857,0.1744720000,0,0,268.5095322557,-111.7691136303
2020-12-03,RUB_KZT,10,0.0100000000,True,0.1744720000,0.1771601429,0.1744720000,0,0,184.6924137155,-33.5773686600
2020-12-04,RUB_KZT,10,0.0100000000,True,0.1744720000,0.1770160000,0.1744720000,0,0,187.2869821487,-44.4027658517
2020-12-05,RUB_KZT,10,0.0100000000,True,0.1742090000,0.1768239524,0.1742090000,0,0,120.5659681856,27.6519314476
2020-12-08,RUB_KZT,10,0.0100000000,True,0.1738650000,0.1762674762,0.1738650000,0,0,121.0261655161,15.4581092533
2020-12-09,RUB_KZT,10,0.0100000000,True,0.1738650000,0.1760660952,0.1738650000,1,1,60.9383128205,64.4698365441
2020-12-10,RUB_KZT,10,0.0100000000,True,0.1738650000,0.1758647143,0.1738650000,1,1,37.5885996528,76.4061336108
2020-12-11,RUB_KZT,10,0.0100000000,True,0.1738650000,0.1756633333,0.1738650000,1,1,83.1042310720,19.4311087497
2020-12-12,RUB_KZT,10,0.0100000000,True,0.1738650000,0.1755947619,0.1738650000,1,1,34.7906827457,63.9405123811
2020-12-15,RUB_KZT,10,0.0100000000,True,0.1738650000,0.1756745238,0.1738650000,1,1,19.7463965696,83.4226715259
2020-12-16,RUB_KZT,10,0.0100000000,True,0.1738650000,0.1756409048,0.1738650000,1,1,55.3102406882,46.0544633951
2020-12-17,RUB_KZT,10,0.0100000000,True,0.1738650000,0.1756072857,0.1738650000,1,1,60.1996364011,39.2515442330
2020-12-18,RUB_KZT,10,0.0100000000,True,0.1738650000,0.1755736667,0.1746690000,1,1,0.0000000000,97.3190740449
2020-12-19,RUB_KZT,10,0.0100000000,True,0.1738650000,0.1755451905,0.1746690000,1,1,0.0000000000,49.9125310021
2020-12-22,RUB_KZT,10,0.0100000000,True,0.1738650000,0.1755979048,0.1751480000,0,0,139.5066037630,-115.4965511032
2020-12-23,RUB_KZT,10,0.0100000000,True,0.1738650000,0.1756350476,0.1751480000,0,0,220.0581833613,-196.6550769778
2020-12-24,RUB_KZT,10,0.0100000000,True,0.1738650000,0.1756721905,0.1751480000,0,0,220.0035736621,-194.4422457846
2020-12-25,RUB_KZT,10,0.0100000000,True,0.1738650000,0.1757093333,0.1751480000,0,0,179.0390319669,-149.7738689654
2020-12-26,RUB_KZT,10,0.0100000000,True,0.1738650000,0.1757590000,0.1751480000,0,1,27.3872765887,7.3964917870
2020-12-29,RUB_KZT,10,0.0100000000,True,0.1746690000,0.1758609524,0.1751480000,1,1,14.1963659584,26.3817734790
2020-12-30,RUB_KZT,10,0.0100000000,True,0.1746690000,0.1758887143,0.1752520000,1,1,0.0000000000,42.1126670192
2020-12-31,RUB_KZT,10,0.0100000000,True,0.1746690000,0.1759164762,0.1752520000,1,1,13.0498458523,24.7547131404
2021-01-01,RUB_KZT,10,0.0100000000,True,0.1751480000,0.1759442381,0.1752520000,1,1,0.0000000000,39.3441753326
2021-01-12,RUB_KZT,10,0.0100000000,True,0.1752520000,0.1755069048,0.1752720000,0,0,125.9105274722,-113.9610570199
2021-01-13,RUB_KZT,10,0.0100000000,True,0.1752520000,0.1755867619,0.1752720000,1,1,71.5438864814,-54.0039627676
2021-01-14,RUB_KZT,10,0.0100000000,True,0.1752520000,0.1756666190,0.1752720000,1,1,9.7467553564,12.7297405068
2021-01-15,RUB_KZT,10,0.0100000000,True,0.1752520000,0.1757464762,0.1752720000,1,1,23.6783388735,3.3273037243
2021-01-16,RUB_KZT,10,0.0100000000,True,0.1752520000,0.1758743810,0.1752720000,1,1,2.7948734036,31.4645572246
2021-01-19,RUB_KZT,10,0.0100000000,True,0.1752520000,0.1763835714,0.1752720000,1,1,32.2454063092,30.8742715753
2021-01-20,RUB_KZT,10,0.0100000000,True,0.1752520000,0.1765992857,0.1752720000,1,1,17.5418612598,57.7174313114
2021-01-21,RUB_KZT,10,0.0100000000,True,0.1752520000,0.1768150000,0.1752980000,1,1,0.0000000000,87.2663518367
2021-01-22,RUB_KZT,10,0.0100000000,True,0.1752720000,0.1770307143,0.1769290000,1,1,0.0000000000,97.8764782544
2021-01-23,RUB_KZT,10,0.0100000000,True,0.1752720000,0.1770581429,0.1769290000,1,1,0.0000000000,7.2938106691
2021-01-26,RUB_KZT,10,0.0100000000,True,0.1752720000,0.1775612381,0.1778660000,0,1,4.0463532242,-21.2187022800
2021-01-27,RUB_KZT,10,0.0100000000,True,0.1752720000,0.1777247143,0.1778660000,0,1,62.2971153363,-70.6871702866
2021-01-28,RUB_KZT,10,0.0100000000,True,0.1752720000,0.1778881905,0.1780830000,0,1,0.0000000000,1.2474395367
2021-01-29,RUB_KZT,10,0.0100000000,True,0.1752720000,0.1780516667,0.1780830000,0,1,84.5758955914,-87.0721045389
2021-01-30,RUB_KZT,10,0.0100000000,True,0.1752720000,0.1781232381,0.1773420000,0,0,135.7199274677,-93.1243964853
2021-02-02,RUB_KZT,10,0.0100000000,True,0.1765640000,0.1783327619,0.1765640000,1,1,85.2973051892,14.0053853310
2021-02-03,RUB_KZT,10,0.0100000000,True,0.1763620000,0.1783057619,0.1763620000,0,0,154.1398926994,-45.8335213909
2021-02-04,RUB_KZT,10,0.0100000000,True,0.1763620000,0.1782787619,0.1763620000,0,0,179.5787000173,-73.3816008851
2021-02-05,RUB_KZT,10,0.0100000000,True,0.1763620000,0.1782517619,0.1763620000,0,0,175.9682711215,-71.2047994183
2021-02-06,RUB_KZT,10,0.0100000000,True,0.1758060000,0.1781502381,0.1758060000,0,0,164.9193864193,-33.8906033030
2021-02-09,RUB_KZT,10,0.0100000000,True,0.1758060000,0.1778456190,0.1758060000,1,1,86.6123084210,28.3177651671
2021-02-10,RUB_KZT,10,0.0100000000,True,0.1758060000,0.1777147619,0.1758060000,1,1,76.0359689082,31.6103118695
2021-02-11,RUB_KZT,10,0.0100000000,True,0.1758060000,0.1775932857,0.1758060000,1,1,58.0773950564,42.8104987882
2021-02-12,RUB_KZT,10,0.0100000000,True,0.1758060000,0.1774718095,0.1758060000,1,1,42.9306087311,51.1523225151
2021-02-13,RUB_KZT,10,0.0100000000,True,0.1758060000,0.1774312381,0.1758060000,1,1,31.5260657058,60.2621109291
2021-02-16,RUB_KZT,10,0.0100000000,True,0.1758060000,0.1771227619,0.1758850000,1,1,0.0000000000,74.3417667273
2021-02-17,RUB_KZT,10,0.0100000000,True,0.1758060000,0.1770990000,0.1769240000,1,1,0.0000000000,68.5492295270
2021-02-18,RUB_KZT,10,0.0100000000,True,0.1758060000,0.1770752381,0.1770340000,1,1,0.0000000000,8.5408946426
2021-02-19,RUB_KZT,10,0.0100000000,True,0.1758060000,0.1770514762,0.1770340000,1,1,11.7917209706,-10.8174082275
2021-02-20,RUB_KZT,10,0.0100000000,True,0.1758060000,0.1770360476,0.1770180000,1,1,0.9037811946,0.1156611365
2021-02-21,RUB_KZT,10,0.0100000000,True,0.1758060000,0.1770345714,0.1770180000,1,1,12.0182135180,-11.0954922445
2021-02-25,RUB_KZT,10,0.0100000000,True,0.1752160000,0.1769907143,0.1752160000,0,0,126.8961164830,-26.9667093108
2021-02-26,RUB_KZT,10,0.0100000000,True,0.1752160000,0.1770241905,0.1752160000,0,0,103.8101370203,-1.6839237468
2021-02-27,RUB_KZT,10,0.0100000000,True,0.1752160000,0.1770841429,0.1752160000,0,0,170.4861013716,-66.1186893398
2021-03-02,RUB_KZT,10,0.0100000000,True,0.1752160000,0.1770006667,0.1752160000,0,0,101.7975573106,-0.9792806807
2021-03-03,RUB_KZT,10,0.0100000000,True,0.1752160000,0.1769218095,0.1752160000,0,0,107.6094443378,-11.3151949287
2021-03-04,RUB_KZT,10,0.0100000000,True,0.1752160000,0.1768335714,0.1753750000,1,1,0.0000000000,91.4742271789
2021-03-05,RUB_KZT,10,0.0100000000,True,0.1752160000,0.1767453333,0.1753750000,1,1,27.2385046686,50.4303743993
2021-03-06,RUB_KZT,10,0.0100000000,True,0.1747560000,0.1766274762,0.1747560000,0,0,130.4040888939,-24.7709936733
2021-03-10,RUB_KZT,10,0.0100000000,True,0.1741540000,0.1761722381,0.1741540000,0,0,155.6741357090,-41.7637825753
2021-03-11,RUB_KZT,10,0.0100000000,True,0.1741540000,0.1760647619,0.1741540000,0,0,105.7858376511,2.7695436744
2021-03-12,RUB_KZT,10,0.0100000000,True,0.1741540000,0.1759572857,0.1741540000,1,1,69.6222380613,33.0924469494
2021-03-13,RUB_KZT,10,0.0100000000,True,0.1741540000,0.1759667619,0.1741540000,1,1,69.7921061935,33.4586997220
2021-03-16,RUB_KZT,10,0.0100000000,True,0.1741540000,0.1765111905,0.1741540000,1,1,34.4480303967,99.4379150384
2021-03-17,RUB_KZT,10,0.0100000000,True,0.1741540000,0.1765856667,0.1745430000,1,1,0.0000000000,137.7046457149
2021-03-18,RUB_KZT,10,0.0100000000,True,0.1741540000,0.1766601429,0.1757530000,1,1,0.0000000000,119.8427003908
2021-03-19,RUB_KZT,10,0.0100000000,True,0.1741540000,0.1767346190,0.1759980000,1,1,0.0000000000,55.5419788669
2021-03-20,RUB_KZT,10,0.0100000000,True,0.1741540000,0.1768160952,0.1759980000,0,1,0.0000000000,46.2681430100
2021-03-23,RUB_KZT,10,0.0100000000,True,0.1741540000,0.1770587143,0.1773250000,0,1,0.0000000000,-8.9397302428
2021-03-24,RUB_KZT,10,0.0100000000,True,0.1741540000,0.1771920000,0.1773250000,0,1,93.5200755311,-101.9797733532
2021-03-25,RUB_KZT,10,0.0100000000,True,0.1741540000,0.1773252857,0.1773250000,0,0,196.9185181909,-200.8576651303
2021-03-26,RUB_KZT,10,0.0100000000,True,0.1741540000,0.1774585714,0.1773250000,0,0,134.3058546003,-128.5048421764
2021-03-27,RUB_KZT,10,0.0100000000,True,0.1741540000,0.1776598095,0.1773250000,0,1,73.0004646502,-54.5531642068
2021-03-30,RUB_KZT,10,0.0100000000,True,0.1759980000,0.1781814762,0.1773250000,0,1,81.1630196447,-33.3661962082
2021-03-31,RUB_KZT,10,0.0100000000,True,0.1759980000,0.1782780000,0.1773250000,0,1,52.8978840846,0.5609217065
2021-04-01,RUB_KZT,10,0.0100000000,True,0.1759980000,0.1783745238,0.1773250000,0,1,26.7715029724,32.1527871400
2021-04-02,RUB_KZT,10,0.0100000000,True,0.1772170000,0.1784710476,0.1778120000,1,1,0.0000000000,64.2147639260
2021-04-03,RUB_KZT,10,0.0100000000,True,0.1773250000,0.1785434286,0.1778120000,1,1,20.4852478154,20.5232180406
2021-04-06,RUB_KZT,10,0.0100000000,True,0.1757380000,0.1781909048,0.1757380000,0,0,181.2472762624,-44.3959381177
2021-04-07,RUB_KZT,10,0.0100000000,True,0.1756830000,0.1780506190,0.1756830000,0,0,119.7332013587,13.4017533270
2021-04-08,RUB_KZT,10,0.0100000000,True,0.1756830000,0.1779103333,0.1756830000,0,0,226.6936659286,-103.8538139999
2021-04-09,RUB_KZT,10,0.0100000000,True,0.1756830000,0.1777700476,0.1756830000,0,0,121.0110495684,-3.6537303006
2021-04-10,RUB_KZT,10,0.0100000000,True,0.1756830000,0.1776772857,0.1756830000,0,0,131.5545569442,-19.5699908582
2021-04-13,RUB_KZT,10,0.0100000000,True,0.1756830000,0.1775656190,0.1756830000,0,0,170.8655734403,-65.9689053919
2021-04-14,RUB_KZT,10,0.0100000000,True,0.1743610000,0.1773839048,0.1743610000,0,0,213.5648776983,-44.0905413118
2021-04-15,RUB_KZT,10,0.0100000000,True,0.1743610000,0.1772021905,0.1743610000,1,1,78.3552788811,82.6282379612
2021-04-16,RUB_KZT,10,0.0100000000,True,0.1743610000,0.1770204762,0.1743610000,0,0,221.9069303155,-73.2979504658
2021-04-17,RUB_KZT,10,0.0100000000,True,0.1738160000,0.1767744762,0.1738160000,0,0,106.2709539341,61.7439923454
2021-04-20,RUB_KZT,10,0.0100000000,True,0.1738090000,0.1761717143,0.1738090000,0,0,170.7308797249,-37.2526155488
2021-04-21,RUB_KZT,10,0.0100000000,True,0.1738090000,0.1759885238,0.1738090000,0,0,164.5568903954,-41.3933917228
2021-04-22,RUB_KZT,10,0.0100000000,True,0.1738090000,0.1758053333,0.1738090000,0,0,214.3387983065,-102.9927040515
2021-04-23,RUB_KZT,10,0.0100000000,True,0.1738090000,0.1756221429,0.1738090000,0,0,164.5012336178,-62.2846940062
2021-04-24,RUB_KZT,10,0.0100000000,True,0.1738090000,0.1754050476,0.1738090000,1,1,31.6584557326,59.5220966112
2021-04-27,RUB_KZT,10,0.0100000000,True,0.1738090000,0.1750953810,0.1738090000,1,1,0.4027247204,73.0676586339
2021-04-28,RUB_KZT,10,0.0100000000,True,0.1737840000,0.1750049524,0.1737840000,1,1,42.2298749148,27.6536391895
2021-04-29,RUB_KZT,10,0.0100000000,True,0.1737840000,0.1749145238,0.1737840000,1,1,36.2923338895,28.4438249431
2021-04-30,RUB_KZT,10,0.0100000000,True,0.1737840000,0.1748240952,0.1737840000,1,1,1.4383604992,58.0638061769
2021-05-01,RUB_KZT,10,0.0100000000,True,0.1737840000,0.1746791429,0.1737840000,1,1,22.6205376109,28.6893357127
2021-05-05,RUB_KZT,10,0.0100000000,True,0.1726260000,0.1741167143,0.1726260000,0,0,161.6304384995,-77.2634447993
2021-05-06,RUB_KZT,10,0.0100000000,True,0.1726260000,0.1740340952,0.1726260000,0,0,159.3309808974,-79.6915546926
2021-05-07,RUB_KZT,10,0.0100000000,True,0.1726260000,0.1739514762,0.1726260000,0,0,126.4041730536,-50.8488820500
2021-05-08,RUB_KZT,10,0.0100000000,True,0.1726140000,0.1738942381,0.1726140000,1,1,67.3249551167,6.3393759590
2021-05-12,RUB_KZT,10,0.0100000000,True,0.1715340000,0.1734824762,0.1715340000,0,0,114.7385103011,-2.4511876045
2021-05-13,RUB_KZT,10,0.0100000000,True,0.1715340000,0.1733565714,0.1715340000,0,0,126.9713364798,-22.1179138621
2021-05-14,RUB_KZT,10,0.0100000000,True,0.1715340000,0.1732306667,0.1715340000,0,0,125.1525548622,-27.5547824481
2021-05-15,RUB_KZT,10,0.0100000000,True,0.1715340000,0.1731178571,0.1715340000,1,1,63.2581418790,28.4116931075
2021-05-18,RUB_KZT,10,0.0100000000,True,0.1712890000,0.1726075238,0.1712890000,1,1,76.7608652832,-0.3751974615
2021-05-19,RUB_KZT,10,0.0100000000,True,0.1712890000,0.1725068571,0.1712890000,1,1,98.9589655551,-28.6448240567
2021-05-20,RUB_KZT,10,0.0100000000,True,0.1712890000,0.1724061905,0.1712890000,1,1,50.7080540421,14.1636721695
2021-05-21,RUB_KZT,10,0.0100000000,True,0.1712890000,0.1723055238,0.1712890000,1,1,17.0182013160,42.0487859881
2021-05-22,RUB_KZT,10,0.0100000000,True,0.1709120000,0.1721687619,0.1709120000,1,1,36.2610327982,36.8685874104
2021-05-25,RUB_KZT,10,0.0100000000,True,0.1709120000,0.1718300000,0.1709120000,1,1,52.2091392186,1.2221381598
2021-05-26,RUB_KZT,10,0.0100000000,True,0.1709120000,0.1717544286,0.1709120000,1,1,61.3489797461,-12.3764743849
2021-05-27,RUB_KZT,10,0.0100000000,True,0.1709120000,0.1716788571,0.1709120000,1,1,48.5600829131,-3.9109566699
2021-05-28,RUB_KZT,10,0.0100000000,True,0.1709120000,0.1716032857,0.1709120000,1,1,22.0095861380,18.3146676346
2021-05-29,RUB_KZT,10,0.0100000000,True,0.1707970000,0.1715167619,0.1707970000,1,1,50.8533814877,-8.9342926916
2021-06-01,RUB_KZT,10,0.0100000000,True,0.1688140000,0.1710924762,0.1688140000,0,0,122.7532297323,10.5484586169
2021-06-02,RUB_KZT,10,0.0100000000,True,0.1677840000,0.1709139048,0.1677840000,0,0,201.9364408264,-19.1965211112
2021-06-03,RUB_KZT,10,0.0100000000,True,0.1677840000,0.1707353333,0.1677840000,0,0,220.2119350439,-48.4180193125
2021-06-04,RUB_KZT,10,0.0100000000,True,0.1677840000,0.1705567619,0.1677840000,0,0,191.2250445763,-29.2124504285
2021-06-05,RUB_KZT,10,0.0100000000,True,0.1677840000,0.1703650952,0.1677840000,0,0,190.3074737341,-39.5565042806
2021-06-08,RUB_KZT,10,0.0100000000,True,0.1677840000,0.1699774762,0.1677840000,0,0,176.4082507304,-48.2136708869
2021-06-09,RUB_KZT,10,0.0100000000,True,0.1677840000,0.1698278095,0.1677840000,0,0,140.5024239753,-20.4436762839
2021-06-10,RUB_KZT,10,0.0100000000,True,0.1677840000,0.1696781429,0.1677840000,1,1,61.0138969517,50.9283542707
2021-06-11,RUB_KZT,10,0.0100000000,True,0.1677840000,0.1695284762,0.1677840000,1,1,62.8386982143,40.3163058994
2021-06-12,RUB_KZT,10,0.0100000000,True,0.1677840000,0.1695339524,0.1677840000,1,1,0.0000000000,103.2213522056
2021-06-16,RUB_KZT,10,0.0100000000,True,0.1677840000,0.1692410476,0.1685270000,1,1,0.0000000000,55.3085455459
2021-06-17,RUB_KZT,10,0.0100000000,True,0.1677840000,0.1691325238,0.1685270000,1,1,31.0555332087,4.7609890582
2021-06-18,RUB_KZT,10,0.0100000000,True,0.1677840000,0.1690240000,0.1685270000,0,1,57.6974130557,-28.4574971602
2021-06-19,RUB_KZT,10,0.0100000000,True,0.1677840000,0.1689510952,0.1685270000,1,1,0.0000000000,25.1016566361
2021-06-22,RUB_KZT,10,0.0100000000,True,0.1677840000,0.1690220952,0.1686730000,0,0,137.6390862262,-118.6179096337
2021-06-23,RUB_KZT,10,0.0100000000,True,0.1677840000,0.1692346190,0.1686730000,0,0,153.9889440842,-122.6924469749
2021-06-24,RUB_KZT,10,0.0100000000,True,0.1677840000,0.1694471429,0.1686730000,0,1,78.2339135192,-32.8041614326
2021-06-25,RUB_KZT,10,0.0100000000,True,0.1677840000,0.1696596667,0.1687600000,1,1,0.0000000000,58.1556409989
2021-06-26,RUB_KZT,10,0.0100000000,True,0.1683050000,0.1698618095,0.1687600000,1,1,0.0000000000,64.8650527684
2021-06-29,RUB_KZT,10,0.0100000000,True,0.1685270000,0.1704534762,0.1688990000,1,1,21.6818498694,69.6657068554
2021-06-30,RUB_KZT,10,0.0100000000,True,0.1685270000,0.1706866667,0.1697780000,1,1,0.0000000000,104.7338202554
2021-07-01,RUB_KZT,10,0.0100000000,True,0.1685270000,0.1709198571,0.1706480000,1,1,0.0000000000,66.8065818650
2021-07-02,RUB_KZT,10,0.0100000000,True,0.1686730000,0.1711530476,0.1718230000,0,1,0.0000000000,29.5085378890
2021-07-03,RUB_KZT,10,0.0100000000,True,0.1686730000,0.1712997143,0.1718230000,0,1,24.6158133378,-55.2999004252
2021-07-06,RUB_KZT,10,0.0100000000,True,0.1687600000,0.1718085238,0.1718230000,0,1,11.9747251917,-12.8326689263
2021-07-07,RUB_KZT,10,0.0100000000,True,0.1687600000,0.1720443333,0.1729140000,0,1,0.0000000000,12.8649011011
2021-07-08,RUB_KZT,10,0.0100000000,True,0.1687600000,0.1722801429,0.1731580000,0,1,0.0000000000,-36.7922345747
2021-07-09,RUB_KZT,10,0.0100000000,True,0.1688990000,0.1725159524,0.1731580000,0,1,79.7479232312,-117.9049004440
2021-07-10,RUB_KZT,10,0.0100000000,True,0.1688990000,0.1727245714,0.1731580000,0,1,15.3381308239,-40.4938663702
2021-07-13,RUB_KZT,10,0.0100000000,True,0.1718230000,0.1732676667,0.1728520000,0,1,72.0821104263,-48.4414287721
2021-07-14,RUB_KZT,10,0.0100000000,True,0.1718230000,0.1733160952,0.1728520000,1,1,17.6717217801,9.1217862875
2021-07-15,RUB_KZT,10,0.0100000000,True,0.1718230000,0.1733645238,0.1728520000,1,1,38.0377149707,-8.5067110177
2021-07-16,RUB_KZT,10,0.0100000000,True,0.1718230000,0.1734129524,0.1728520000,0,1,66.0911943541,-33.9679136397
2021-07-17,RUB_KZT,10,0.0100000000,True,0.1718230000,0.1734981905,0.1728520000,0,1,49.5072303583,-12.3234440211
2021-07-20,RUB_KZT,10,0.0100000000,True,0.1720930000,0.1734569524,0.1720930000,1,1,89.4919002344,-10.9564717031
2021-07-21,RUB_KZT,10,0.0100000000,True,0.1718910000,0.1733839524,0.1718910000,0,0,112.2852228735,-26.4757846816
2021-07-22,RUB_KZT,10,0.0100000000,True,0.1718910000,0.1733109524,0.1718910000,0,0,123.1936104807,-41.7773723530
2021-07-23,RUB_KZT,10,0.0100000000,True,0.1718910000,0.1732379524,0.1718910000,1,1,55.5966954389,22.2787429456
2021-07-24,RUB_KZT,10,0.0100000000,True,0.1718910000,0.1731340476,0.1718910000,1,1,79.2432357558,-7.5058824500
2021-07-27,RUB_KZT,10,0.0100000000,True,0.1714820000,0.1728718571,0.1714820000,0,0,134.4502039478,-54.7887245962
2021-07-28,RUB_KZT,10,0.0100000000,True,0.1714820000,0.1728024286,0.1714820000,0,0,117.1656629110,-41.2361929437
2021-07-29,RUB_KZT,10,0.0100000000,True,0.1714820000,0.1727330000,0.1714820000,1,1,77.0196686592,-4.6314253791
2021-07-30,RUB_KZT,10,0.0100000000,True,0.1714820000,0.1726635714,0.1714820000,1,1,35.5040588519,33.0452697028
2021-07-31,RUB_KZT,10,0.0100000000,True,0.1714820000,0.1725990000,0.1714820000,1,1,23.7941486174,41.0199363843
2021-08-03,RUB_KZT,10,0.0100000000,True,0.1714820000,0.1725393333,0.1714820000,1,1,25.7670495856,35.6054078490
2021-08-04,RUB_KZT,10,0.0100000000,True,0.1714820000,0.1725160000,0.1714820000,1,1,15.4296727163,44.5755755988
2021-08-05,RUB_KZT,10,0.0100000000,True,0.1714820000,0.1724926667,0.1719370000,1,1,0.0000000000,58.5918628425
2021-08-06,RUB_KZT,10,0.0100000000,True,0.1714820000,0.1724693333,0.1722540000,1,1,0.0000000000,30.8653905622
2021-08-07,RUB_KZT,10,0.0100000000,True,0.1714820000,0.1724019048,0.1722540000,1,1,0.0000000000,8.5790677376
2021-08-10,RUB_KZT,10,0.0100000000,True,0.1714820000,0.1724269048,0.1724030000,1,1,0.0000000000,7.8818767925
2021-08-11,RUB_KZT,10,0.0100000000,True,0.1714820000,0.1725269524,0.1724030000,1,1,18.3534043539,-11.1894180233
2021-08-12,RUB_KZT,10,0.0100000000,True,0.1714820000,0.1726270000,0.1724030000,0,1,68.7799904376,-56.1905148094
2021-08-13,RUB_KZT,10,0.0100000000,True,0.1714820000,0.1727270476,0.1724030000,1,1,43.7167937168,-25.0656968275
2021-08-14,RUB_KZT,10,0.0100000000,True,0.1714820000,0.1728223333,0.1724030000,1,1,21.4731383194,2.7967064442
2021-08-17,RUB_KZT,10,0.0100000000,True,0.1722540000,0.1730704286,0.1725710000,1,1,0.0000000000,38.5639867502
2021-08-18,RUB_KZT,10,0.0100000000,True,0.1722540000,0.1731082381,0.1725710000,1,1,13.3679008345,17.6905558400
2021-08-19,RUB_KZT,10,0.0100000000,True,0.1722540000,0.1731460476,0.1730480000,1,1,0.0000000000,33.2117092452
2021-08-20,RUB_KZT,10,0.0100000000,True,0.1722910000,0.1731838571,0.1730480000,1,1,30.2466397424,-22.4699266758
2021-08-21,RUB_KZT,10,0.0100000000,True,0.1721840000,0.1731787619,0.1721840000,0,0,103.9128235781,-46.9594589021
2021-08-24,RUB_KZT,10,0.0100000000,True,0.1709050000,0.1729305238,0.1709050000,0,0,173.6945597553,-57.5650942671
2021-08-25,RUB_KZT,10,0.0100000000,True,0.1709050000,0.1728574286,0.1709050000,0,0,169.3423603242,-57.3635415479
2021-08-26,RUB_KZT,10,0.0100000000,True,0.1709050000,0.1727843333,0.1709050000,0,0,128.2310469314,-19.7162937226
2021-08-27,RUB_KZT,10,0.0100000000,True,0.1709050000,0.1727112381,0.1709050000,0,0,144.0006458980,-39.9951915336
2021-08-28,RUB_KZT,10,0.0100000000,True,0.1709050000,0.1726517143,0.1709050000,0,0,123.8384725625,-22.9528977413
2021-08-31,RUB_KZT,10,0.0100000000,True,0.1709050000,0.1724727619,0.1709050000,1,1,74.2810017191,16.7424642345
2021-09-01,RUB_KZT,10,0.0100000000,True,0.1706380000,0.1723130476,0.1706380000,1,1,64.8609623178,32.5597873638
2021-09-02,RUB_KZT,10,0.0100000000,True,0.1706380000,0.1721533333,0.1706380000,1,1,56.4662280676,31.7352747551
2021-09-03,RUB_KZT,10,0.0100000000,True,0.1706380000,0.1719936190,0.1706380000,1,1,15.6227143735,63.2941532161
2021-09-04,RUB_KZT,10,0.0100000000,True,0.1706380000,0.1718722857,0.1706380000,1,1,35.0971449261,36.8462961701
2021-09-07,RUB_KZT,10,0.0100000000,True,0.1702900000,0.1714563333,0.1702900000,1,1,50.4227211910,17.6915793914
2021-09-08,RUB_KZT,10,0.0100000000,True,0.1702900000,0.1713297143,0.1702900000,1,1,80.3290052368,-19.8030864465
2021-09-09,RUB_KZT,10,0.0100000000,True,0.1702900000,0.1712030952,0.1702900000,0,1,99.1883532175,-46.3136931492
2021-09-10,RUB_KZT,10,0.0100000000,True,0.1702900000,0.1710764762,0.1702900000,1,1,71.8854031238,-26.1008304278
2021-09-11,RUB_KZT,10,0.0100000000,True,0.1702900000,0.1710676190,0.1702900000,1,1,20.3940505632,25.1139900123
2021-09-14,RUB_KZT,10,0.0100000000,True,0.1702900000,0.1710475714,0.1702900000,1,1,63.4853948581,-19.3179341086
2021-09-15,RUB_KZT,10,0.0100000000,True,0.1702900000,0.1710687143,0.1702900000,1,1,17.9956271212,27.5745502434
2021-09-16,RUB_KZT,10,0.0100000000,True,0.1702900000,0.1710898571,0.1702900000,1,1,27.1735947621,19.6304531704
2021-09-17,RUB_KZT,10,0.0100000000,True,0.1702900000,0.1711110000,0.1703890000,1,1,0.0000000000,47.9805506367
2021-09-18,RUB_KZT,10,0.0100000000,True,0.1702900000,0.1711040952,0.1703890000,1,1,0.0000000000,41.7929937387
2021-09-21,RUB_KZT,10,0.0100000000,True,0.1702900000,0.1709666190,0.1706530000,0,1,78.1985837045,-60.3264519195
2021-09-22,RUB_KZT,10,0.0100000000,True,0.1702900000,0.1709837143,0.1706530000,1,1,62.4832582137,-43.4126558419
2021-09-23,RUB_KZT,10,0.0100000000,True,0.1702900000,0.1710008095,0.1706530000,1,1,26.1833653807,-5.8590644377
2021-09-24,RUB_KZT,10,0.0100000000,True,0.1702900000,0.1710179048,0.1706530000,1,1,21.2260841091,0.1113779231
2021-09-25,RUB_KZT,10,0.0100000000,True,0.1702900000,0.1710153333,0.1706530000,1,1,59.9942918052,-39.0413335256
2021-09-28,RUB_KZT,10,0.0100000000,True,0.1697040000,0.1709868095,0.1697040000,1,1,76.2537425150,-1.2393047306
2021-09-29,RUB_KZT,10,0.0100000000,True,0.1692450000,0.1709323333,0.1692450000,1,1,86.8633147463,11.9540480931
2021-09-30,RUB_KZT,10,0.0100000000,True,0.1692450000,0.1708778571,0.1692450000,1,1,97.9990638895,-2.4662561813
2021-10-01,RUB_KZT,10,0.0100000000,True,0.1692450000,0.1708233810,0.1692450000,1,1,82.5066069744,9.9741002333
2021-10-02,RUB_KZT,10,0.0100000000,True,0.1685580000,0.1706595714,0.1685580000,0,0,142.6340812997,-19.7720273527
2021-10-05,RUB_KZT,10,0.0100000000,True,0.1684890000,0.1702889524,0.1684890000,0,0,165.4759403236,-60.7818419560
2021-10-06,RUB_KZT,10,0.0100000000,True,0.1672230000,0.1700765714,0.1672230000,0,0,207.7062715934,-40.7715516372
2021-10-07,RUB_KZT,10,0.0100000000,True,0.1672230000,0.1698641905,0.1672230000,0,0,196.1094695371,-41.4336607284
2021-10-08,RUB_KZT,10,0.0100000000,True,0.1672230000,0.1696518095,0.1672230000,0,0,146.1957290341,-3.0763288843
2021-10-09,RUB_KZT,10,0.0100000000,True,0.1672230000,0.1694726667,0.1672230000,0,0,119.4717716919,13.4338280706
2021-10-12,RUB_KZT,10,0.0100000000,True,0.1665270000,0.1688828571,0.1665270000,0,0,120.4926494144,19.2356493935
2021-10-13,RUB_KZT,10,0.0100000000,True,0.1663630000,0.1686621905,0.1663630000,0,0,150.8486717857,-14.7519442921
2021-10-14,RUB_KZT,10,0.0100000000,True,0.1663630000,0.1684415238,0.1663630000,0,0,136.1911538005,-12.9704472825
2021-10-15,RUB_KZT,10,0.0100000000,True,0.1663630000,0.1682208571,0.1663630000,0,0,126.1803441174,-15.9399293106
2021-10-16,RUB_KZT,10,0.0100000000,True,0.1649450000,0.1679170952,0.1649450000,0,0,136.2252800153,41.3355910612
2021-10-19,RUB_KZT,10,0.0100000000,True,0.1633650000,0.1670051905,0.1633650000,0,0,232.0533824426,-14.4192838033
2021-10-20,RUB_KZT,10,0.0100000000,True,0.1633650000,0.1668001905,0.1633650000,0,0,200.5302684934,5.5270006543
2021-10-21,RUB_KZT,10,0.0100000000,True,0.1633650000,0.1665951905,0.1633650000,0,0,198.8840892729,-5.0907546351
2021-10-22,RUB_KZT,10,0.0100000000,True,0.1633650000,0.1663901905,0.1633650000,0,0,189.8791187015,-8.2222109019
2021-10-23,RUB_KZT,10,0.0100000000,True,0.1633650000,0.1662698571,0.1633650000,0,0,180.2083395947,-5.6019087731
2021-10-26,RUB_KZT,10,0.0100000000,True,0.1633650000,0.1660206667,0.1633650000,1,1,95.7895055928,64.7911304215
2021-10-27,RUB_KZT,10,0.0100000000,True,0.1633650000,0.1660030000,0.1635860000,1,1,0.0000000000,158.9127907327
2021-10-28,RUB_KZT,10,0.0100000000,True,0.1633650000,0.1659853333,0.1649400000,1,1,0.0000000000,144.5509241780
2021-10-29,RUB_KZT,10,0.0100000000,True,0.1633650000,0.1659676667,0.1649400000,1,1,0.0606277396,61.8594384850
2021-10-30,RUB_KZT,10,0.0100000000,True,0.1633650000,0.1659222381,0.1649400000,1,1,0.0000000000,59.1987009405
2021-11-02,RUB_KZT,10,0.0100000000,True,0.1633650000,0.1657610952,0.1648670000,0,1,70.1073895839,-16.2827569109
2021-11-03,RUB_KZT,10,0.0100000000,True,0.1633650000,0.1657879524,0.1648670000,0,0,134.9903962949,-80.5274207127
2021-11-04,RUB_KZT,10,0.0100000000,True,0.1633650000,0.1658148095,0.1648670000,0,0,118.9677079088,-62.5511363653
2021-11-09,RUB_KZT,10,0.0100000000,True,0.1648670000,0.1665748095,0.1648670000,1,1,85.6926370481,16.9779286927
2021-11-10,RUB_KZT,10,0.0100000000,True,0.1648670000,0.1667391429,0.1648670000,1,1,67.9538540317,44.6291641178
2021-11-11,RUB_KZT,10,0.0100000000,True,0.1648670000,0.1669034762,0.1656690000,1,1,0.0000000000,122.0152052527
2021-11-12,RUB_KZT,10,0.0100000000,True,0.1648670000,0.1670678095,0.1669270000,1,1,0.0000000000,83.7270523745
2021-11-13,RUB_KZT,10,0.0100000000,True,0.1648670000,0.1672309048,0.1669270000,0,1,0.0000000000,18.1727631228
2021-11-16,RUB_KZT,10,0.0100000000,True,0.1648670000,0.1679854286,0.1675180000,0,1,21.5630212056,6.2760545558
2021-11-17,RUB_KZT,10,0.0100000000,True,0.1648670000,0.1682965238,0.1675180000,0,1,45.4591372866,0.8035703423
2021-11-18,RUB_KZT,10,0.0100000000,True,0.1648670000,0.1686076190,0.1675180000,0,1,61.3460534434,3.2987268270
2021-11-19,RUB_KZT,10,0.0100000000,True,0.1648670000,0.1689187143,0.1683910000,0,1,0.0000000000,82.9223861688
2021-11-20,RUB_KZT,10,0.0100000000,True,0.1648670000,0.1691501429,0.1683910000,0,1,0.0000000000,44.8798235887
2021-11-23,RUB_KZT,10,0.0100000000,True,0.1669270000,0.1696933333,0.1679260000,0,1,90.2889245586,13.9860139860
2021-11-24,RUB_KZT,10,0.0100000000,True,0.1669270000,0.1697498095,0.1679260000,0,0,263.1838344012,-159.9524903037
2021-11-25,RUB_KZT,10,0.0100000000,True,0.1669270000,0.1698062857,0.1679260000,0,0,230.0442168955,-122.1223511834
2021-11-26,RUB_KZT,10,0.0100000000,True,0.1675180000,0.1698627619,0.1679260000,0,0,255.3865615951,-145.0722964589
2021-11-27,RUB_KZT,10,0.0100000000,True,0.1675180000,0.1698786667,0.1679260000,0,0,314.8484586325,-206.4022164839
2021-11-30,RUB_KZT,10,0.0100000000,True,0.1679260000,0.1700425714,0.1679260000,0,0,188.4874263812,-65.2441657467
2021-12-01,RUB_KZT,10,0.0100000000,True,0.1679260000,0.1700492381,0.1679260000,0,0,147.6740024524,-23.1557582482
2021-12-02,RUB_KZT,10,0.0100000000,True,0.1679260000,0.1700559048,0.1679260000,1,1,96.8927103421,28.6320408919
2021-12-03,RUB_KZT,10,0.0100000000,True,0.1679260000,0.1700625714,0.1681130000,1,1,0.0000000000,125.6344303525
2021-12-04,RUB_KZT,10,0.0100000000,True,0.1679260000,0.1700110000,0.1681130000,1,1,0.0000000000,111.6398350695
2021-12-07,RUB_KZT,10,0.0100000000,True,0.1679120000,0.1694218095,0.1679120000,1,1,17.9533213645,71.2900852142
2021-12-08,RUB_KZT,10,0.0100000000,True,0.1679120000,0.1691824762,0.1679120000,0,0,109.6169591160,-34.9045493848
2021-12-09,RUB_KZT,10,0.0100000000,True,0.1679120000,0.1689431429,0.1679120000,1,1,64.4962781506,-3.4838432541
2021-12-10,RUB_KZT,10,0.0100000000,True,0.1679120000,0.1687038095,0.1679120000,1,1,65.5543722636,-18.7423435833
2021-12-11,RUB_KZT,10,0.0100000000,True,0.1679120000,0.1686070952,0.1679120000,1,1,36.7291477532,4.5131693887
2021-12-14,RUB_KZT,10,0.0100000000,True,0.1679120000,0.1685091429,0.1679120000,1,1,27.3796867669,8.0792564032
2021-12-15,RUB_KZT,10,0.0100000000,True,0.1679120000,0.1685517143,0.1679890000,1,1,0.0000000000,37.9535911827
2021-12-16,RUB_KZT,10,0.0100000000,True,0.1679120000,0.1685942857,0.1679890000,1,1,24.2876993789,11.6424891540
2021-12-17,RUB_KZT,10,0.0100000000,True,0.1679120000,0.1686368571,0.1681370000,1,1,0.0000000000,38.4172922713
2021-12-18,RUB_KZT,10,0.0100000000,True,0.1679120000,0.1686739524,0.1681370000,1,1,13.1861082568,18.6722594987
2021-12-21,RUB_KZT,10,0.0100000000,True,0.1679120000,0.1686554286,0.1681370000,1,1,58.1831942810,-27.6048884115
2021-12-22,RUB_KZT,10,0.0100000000,True,0.1679120000,0.1686777619,0.1681370000,1,1,27.3431476055,4.7286556249
2021-12-23,RUB_KZT,10,0.0100000000,True,0.1679120000,0.1687000952,0.1681370000,1,1,59.6526078063,-26.4318026185
2021-12-24,RUB_KZT,10,0.0100000000,True,0.1679120000,0.1687224286,0.1689930000,1,1,0.0000000000,34.6977326243
2021-12-25,RUB_KZT,10,0.0100000000,True,0.1679120000,0.1687522857,0.1689930000,1,1,0.8283680558,-15.0939754467
2021-12-28,RUB_KZT,10,0.0100000000,True,0.1681370000,0.1688809048,0.1690000000,1,1,0.0000000000,-6.6375318307
2021-12-29,RUB_KZT,10,0.0100000000,True,0.1681370000,0.1689114286,0.1690000000,1,1,14.6530535073,-19.9259121433
2021-12-30,RUB_KZT,10,0.0100000000,True,0.1681370000,0.1689419524,0.1690000000,1,1,9.3403799998,-12.7882752628
2021-12-31,RUB_KZT,10,0.0100000000,True,0.1681370000,0.1689724762,0.1690000000,1,1,0.0000000000,-1.6288930685
2022-01-11,RUB_KZT,10,0.0100000000,True,0.1690000000,0.1713875238,0.1713670000,0,1,55.7657490367,-54.8742504455
2022-01-12,RUB_KZT,10,0.0100000000,True,0.1690000000,0.1717120476,0.1713670000,0,1,28.5700985697,-8.4998334698
2022-01-13,RUB_KZT,10,0.0100000000,True,0.1690000000,0.1720365714,0.1714420000,0,1,0.0000000000,38.9202960168
2022-01-14,RUB_KZT,10,0.0100000000,True,0.1690000000,0.1723610952,0.1736770000,0,1,0.0000000000,53.3238221088
2022-01-15,RUB_KZT,10,0.0100000000,True,0.1690000000,0.1727611905,0.1736770000,0,1,0.0000000000,-53.0101419934
2022-01-18,RUB_KZT,10,0.0100000000,True,0.1690000000,0.1744758095,0.1752000000,0,1,0.0000000000,-8.5507828620
2022-01-19,RUB_KZT,10,0.0100000000,True,0.1690000000,0.1749428571,0.1753230000,0,1,0.0000000000,-14.6986771191
2022-01-20,RUB_KZT,10,0.0100000000,True,0.1690000000,0.1754099048,0.1753230000,0,1,36.4279057080,-31.5885946605
2022-01-21,RUB_KZT,10,0.0100000000,True,0.1713670000,0.1758769524,0.1758150000,0,1,0.0000000000,31.4965874410
2022-01-22,RUB_KZT,10,0.0100000000,True,0.1713670000,0.1761650952,0.1758150000,0,1,0.0000000000,19.8731330757
2022-01-25,RUB_KZT,10,0.0100000000,True,0.1736770000,0.1769085714,0.1762530000,0,1,64.7681536849,-27.8917277690
2022-01-26,RUB_KZT,10,0.0100000000,True,0.1736770000,0.1770164286,0.1759420000,0,0,234.3962478839,-177.8688822264
2022-01-27,RUB_KZT,10,0.0100000000,True,0.1736770000,0.1771242857,0.1759420000,0,0,288.4079330121,-228.2416704977
2022-01-28,RUB_KZT,10,0.0100000000,True,0.1746250000,0.1772321429,0.1759420000,0,0,315.5635062612,-250.6801007557
2022-01-29,RUB_KZT,10,0.0100000000,True,0.1752000000,0.1772830952,0.1756950000,0,0,174.0973558230,-86.0152379366
2022-02-01,RUB_KZT,10,0.0100000000,True,0.1750180000,0.1772871905,0.1750180000,0,0,188.4190403579,-61.5842306981
2022-02-02,RUB_KZT,10,0.0100000000,True,0.1746310000,0.1772308095,0.1746310000,0,0,173.7574485564,-27.5454633143
2022-02-03,RUB_KZT,10,0.0100000000,True,0.1746310000,0.1771744286,0.1746310000,1,1,92.0268023807,52.0068600677
2022-02-04,RUB_KZT,10,0.0100000000,True,0.1746310000,0.1771180476,0.1746310000,1,1,95.1176350478,45.7348999685
2022-02-05,RUB_KZT,10,0.0100000000,True,0.1746310000,0.1771298571,0.1746310000,1,1,74.5131918473,67.0613730524
2022-02-08,RUB_KZT,10,0.0100000000,True,0.1746310000,0.1764754286,0.1746310000,1,1,60.5594923020,44.2230727386
2022-02-09,RUB_KZT,10,0.0100000000,True,0.1746310000,0.1763860476,0.1746310000,1,1,75.8105305032,23.8708007085
2022-02-10,RUB_KZT,10,0.0100000000,True,0.1746310000,0.1762966667,0.1746310000,1,1,54.6158665072,40.0839494035
2022-02-11,RUB_KZT,10,0.0100000000,True,0.1746310000,0.1762072857,0.1746310000,1,1,22.1120113360,67.4935607495
2022-02-12,RUB_KZT,10,0.0100000000,True,0.1746310000,0.1762620952,0.1746310000,1,1,0.0000000000,92.5380602047
2022-02-15,RUB_KZT,10,0.0100000000,True,0.1746310000,0.1774234286,0.1755330000,0,0,119.1669012102,-12.7700963957
2022-02-16,RUB_KZT,10,0.0100000000,True,0.1746310000,0.1776175714,0.1755330000,0,1,79.7988075391,37.8662664489
2022-02-17,RUB_KZT,10,0.0100000000,True,0.1746310000,0.1778117143,0.1767860000,1,1,0.0000000000,128.1532150381
2022-02-18,RUB_KZT,10,0.0100000000,True,0.1746310000,0.1780058571,0.1769310000,0,1,0.0000000000,68.5290451919
2022-02-19,RUB_KZT,10,0.0100000000,True,0.1746310000,0.1786105238,0.1769310000,0,1,0.0000000000,94.0327464307
2022-02-22,RUB_KZT,10,0.0100000000,True,0.1746310000,0.1831659048,0.1800190000,0,1,0.0000000000,198.5033604715
2022-02-23,RUB_KZT,10,0.0100000000,True,0.1746310000,0.1848750952,0.1800190000,0,0,252.4352802941,10.4987228185
2022-02-25,RUB_KZT,10,0.0100000000,True,0.1755330000,0.1879907143,0.1800190000,0,0,285.3118625409,142.8110051028
2022-02-26,RUB_KZT,10,0.0100000000,True,0.1755330000,0.1894047619,0.1800190000,0,1,0.0000000000,495.5399120050
2022-03-01,RUB_KZT,10,0.0100000000,True,0.1769310000,0.1960817143,0.1866210000,0,1,94.0586964484,392.1178633981
2022-03-02,RUB_KZT,10,0.0100000000,True,0.1769310000,0.1985314762,0.2073450000,0,1,0.0000000000,599.9288585881
2022-03-03,RUB_KZT,10,0.0100000000,True,0.1769310000,0.2009812381,0.2073450000,0,0,117.2988379741,-439.0838661557
2022-03-04,RUB_KZT,10,0.0100000000,True,0.1795300000,0.2034310000,0.2073450000,0,0,817.6822004437,-1100.0290024628
2022-03-05,RUB_KZT,10,0.0100000000,True,0.1800190000,0.2055916190,0.2073450000,0,0,151.0041610458,-239.9115769033
2022-03-06,RUB_KZT,10,0.0100000000,True,0.1800190000,0.2071341905,0.2073450000,0,1,0.0000000000,-10.1774373089
2022-03-10,RUB_KZT,10,0.0100000000,True,0.1800190000,0.2117964762,0.2048930000,0,0,1116.5980914558,-890.0300962784
2022-03-11,RUB_KZT,10,0.0100000000,True,0.1866210000,0.2129809524,0.2048930000,0,0,1148.8716477744,-868.9531815946
2022-03-12,RUB_KZT,10,0.0100000000,True,0.1866210000,0.2138351429,0.2048930000,0,0,1028.2604126528,-680.0031532970
2022-03-15,RUB_KZT,10,0.0100000000,True,0.1945150000,0.2129030476,0.1945150000,0,0,1351.1602779865,-563.6345987129
2022-03-16,RUB_KZT,10,0.0100000000,True,0.1939770000,0.2121150952,0.1939770000,0,0,1064.0562017736,-233.8308245501
2022-03-17,RUB_KZT,10,0.0100000000,True,0.1939770000,0.2114785238,0.1939770000,0,0,850.4004603643,-24.9423052977
2022-03-18,RUB_KZT,10,0.0100000000,True,0.1939770000,0.2108419524,0.1939770000,0,0,590.0815461262,222.9609585695
2022-03-19,RUB_KZT,10,0.0100000000,True,0.1939770000,0.2102412857,0.1939770000,0,0,532.7658826802,254.3879855051
2022-03-22,RUB_KZT,10,0.0100000000,True,0.1773490000,0.2042070476,0.1773490000,0,0,1404.6362398282,-104.0097492088
2022-03-23,RUB_KZT,10,0.0100000000,True,0.1754490000,0.2016867143,0.1754490000,0,0,1447.0611749450,-170.8732142566
2022-03-24,RUB_KZT,10,0.0100000000,True,0.1754490000,0.1991663810,0.1754490000,0,0,1357.7881328381,-193.1861707393
2022-03-25,RUB_KZT,10,0.0100000000,True,0.1754490000,0.1966460476,0.1754490000,0,0,980.1814770069,108.3697152752
2022-03-26,RUB_KZT,10,0.0100000000,True,0.1754490000,0.1943599048,0.1754490000,0,0,955.1647875779,19.7008103278
2022-03-29,RUB_KZT,10,0.0100000000,True,0.1649750000,0.1888594286,0.1649750000,0,0,1528.0566525104,-310.8963885460
2022-03-30,RUB_KZT,10,0.0100000000,True,0.1631180000,0.1868701429,0.1631180000,0,0,1171.5007874953,112.7597391925
2022-03-31,RUB_KZT,10,0.0100000000,True,0.1631180000,0.1848808571,0.1631180000,0,0,970.4454494628,228.8964475964
2022-04-01,RUB_KZT,10,0.0100000000,True,0.1631180000,0.1828915714,0.1631180000,0,0,802.4291087066,303.0523159311
2022-04-02,RUB_KZT,10,0.0100000000,True,0.1631180000,0.1815012381,0.1631180000,0,0,702.8253224584,333.4543697196
2022-04-05,RUB_KZT,10,0.0100000000,True,0.1631180000,0.1782910476,0.1631180000,0,0,778.7714676586,78.3576987013
2022-04-06,RUB_KZT,10,0.0100000000,True,0.1631180000,0.1775584762,0.1631180000,0,0,748.1750789807,70.3698419407
2022-04-07,RUB_KZT,10,0.0100000000,True,0.1631180000,0.1768259048,0.1631180000,0,0,858.0491851055,-90.6029713380
2022-04-08,RUB_KZT,10,0.0100000000,True,0.1631180000,0.1760933333,0.1631180000,0,0,112.5625094711,631.3886575301
2022-04-09,RUB_KZT,10,0.0100000000,True,0.1631180000,0.1751490952,0.1631180000,1,1,0.0000000000,686.9059313004
2022-04-12,RUB_KZT,10,0.0100000000,True,0.1631180000,0.1739870000,0.1689050000,0,0,464.5635507582,-180.8755826585
2022-04-13,RUB_KZT,10,0.0100000000,True,0.1631180000,0.1735150000,0.1655370000,0,0,654.7548479973,-208.6274961819
2022-04-14,RUB_KZT,10,0.0100000000,True,0.1631180000,0.1730430000,0.1655370000,0,0,676.1255146699,-259.9353917812
2022-04-15,RUB_KZT,10,0.0100000000,True,0.1631180000,0.1725710000,0.1655370000,0,0,832.6318587599,-463.6352573723
2022-04-16,RUB_KZT,10,0.0100000000,True,0.1631180000,0.1720156190,0.1652310000,0,0,748.1816196603,-382.3711468062
2022-04-19,RUB_KZT,10,0.0100000000,True,0.1606870000,0.1703010952,0.1606870000,0,0,812.7408491612,-270.1629578760
2022-04-20,RUB_KZT,10,0.0100000000,True,0.1583620000,0.1700746190,0.1583620000,0,0,985.6669588679,-329.4660298967
2022-04-21,RUB_KZT,10,0.0100000000,True,0.1583620000,0.1698481429,0.1583620000,0,0,886.8990758111,-231.1392445521
2022-04-22,RUB_KZT,10,0.0100000000,True,0.1583620000,0.1696216667,0.1583620000,0,0,624.1970338356,42.2508916903
2022-04-23,RUB_KZT,10,0.0100000000,True,0.1583620000,0.1687277619,0.1583620000,0,0,433.4378416910,189.1071077303
2022-04-26,RUB_KZT,10,0.0100000000,True,0.1516260000,0.1654857619,0.1516260000,0,0,823.3927047588,15.3947929918
2022-04-27,RUB_KZT,10,0.0100000000,True,0.1516260000,0.1644820000,0.1516260000,0,0,652.0841168166,138.5561945988
2022-04-28,RUB_KZT,10,0.0100000000,True,0.1516260000,0.1634782381,0.1516260000,0,0,563.8912917660,170.7406519522
2022-04-29,RUB_KZT,10,0.0100000000,True,0.1516260000,0.1624744762,0.1516260000,0,0,571.5191801862,102.0145581841
2022-04-30,RUB_KZT,10,0.0100000000,True,0.1516260000,0.1616464762,0.1516260000,0,0,425.3545673836,203.1888518625
2022-05-05,RUB_KZT,10,0.0100000000,True,0.1467010000,0.1572928095,0.1467010000,0,0,666.5691127257,7.2990954995
2022-05-06,RUB_KZT,10,0.0100000000,True,0.1467010000,0.1563958571,0.1467010000,0,0,324.8123672721,304.9861569223
2022-05-07,RUB_KZT,10,0.0100000000,True,0.1467010000,0.1555891429,0.1467010000,0,0,686.4786622142,-123.7141041791
2022-05-12,RUB_KZT,10,0.0100000000,True,0.1364970000,0.1513785238,0.1364970000,0,0,1385.1037912688,-466.6762505470
2022-05-13,RUB_KZT,10,0.0100000000,True,0.1364970000,0.1503373333,0.1364970000,0,0,817.2491506610,112.5690668984
2022-05-14,RUB_KZT,10,0.0100000000,True,0.1364970000,0.1493179524,0.1364970000,0,0,695.5644474134,175.2603983127
2022-05-17,RUB_KZT,10,0.0100000000,True,0.1340950000,0.1470057143,0.1340950000,0,0,957.2459370153,-87.3629790873
2022-05-18,RUB_KZT,10,0.0100000000,True,0.1340950000,0.1469978571,0.1340950000,0,0,934.7493949514,-62.8677774700
2022-05-19,RUB_KZT,10,0.0100000000,True,0.1340950000,0.1469900000,0.1340950000,0,0,869.8790094709,8.0957888292
2022-05-20,RUB_KZT,10,0.0100000000,True,0.1340950000,0.1469821429,0.1340950000,0,0,702.1168900507,187.8556675981
2022-05-21,RUB_KZT,10,0.0100000000,True,0.1340950000,0.1464158095,0.1340950000,0,0,175.9745635435,677.4411558471
2022-05-24,RUB_KZT,10,0.0100000000,True,0.1340950000,0.1451207143,0.1340950000,0,0,208.8277171334,562.6842677771
2022-05-25,RUB_KZT,10,0.0100000000,True,0.1340950000,0.1449530952,0.1350400000,1,1,0.0000000000,749.0764664432
2022-05-26,RUB_KZT,10,0.0100000000,True,0.1340950000,0.1447854762,0.1431810000,1,1,0.0000000000,673.0976370624
2022-05-27,RUB_KZT,10,0.0100000000,True,0.1340950000,0.1446178571,0.1431810000,0,0,421.0096739232,-335.7913713481
2022-05-28,RUB_KZT,10,0.0100000000,True,0.1340950000,0.1442932381,0.1414730000,0,0,1008.9673274060,-904.8076040919
2022-05-31,RUB_KZT,10,0.0100000000,True,0.1340950000,0.1432025238,0.1347090000,0,0,749.3424712095,-168.8850256364
2022-06-01,RUB_KZT,10,0.0100000000,True,0.1329730000,0.1430347143,0.1329730000,0,0,775.1808917286,-77.7633401682
2022-06-02,RUB_KZT,10,0.0100000000,True,0.1329730000,0.1428669048,0.1329730000,0,0,1030.2470218421,-376.5109384192
2022-06-03,RUB_KZT,10,0.0100000000,True,0.1329730000,0.1426990952,0.1329730000,0,0,830.2071552699,-162.0826507726
2022-06-04,RUB_KZT,10,0.0100000000,True,0.1329730000,0.1425094762,0.1329730000,0,0,712.9437565040,-47.1213443116
2022-06-07,RUB_KZT,10,0.0100000000,True,0.1297110000,0.1411750476,0.1297110000,0,0,831.3953899331,-21.1051730442
2022-06-08,RUB_KZT,10,0.0100000000,True,0.1282540000,0.1397895714,0.1282540000,0,0,913.1229541880,-96.7474581693
2022-06-09,RUB_KZT,10,0.0100000000,True,0.1282540000,0.1384040952,0.1282540000,0,0,855.8513596372,-133.9486926825
2022-06-10,RUB_KZT,10,0.0100000000,True,0.1282540000,0.1370186190,0.1282540000,0,0,479.1810495216,168.5624233898
2022-06-11,RUB_KZT,10,0.0100000000,True,0.1257030000,0.1360701429,0.1257030000,0,0,546.7275311529,227.6136992371
2022-06-15,RUB_KZT,10,0.0100000000,True,0.1147210000,0.1310225714,0.1147210000,0,0,1235.4460165633,9.9655675467
2022-06-16,RUB_KZT,10,0.0100000000,True,0.1147210000,0.1296673333,0.1147210000,0,0,1174.1535431556,-24.3443478440
2022-06-17,RUB_KZT,10,0.0100000000,True,0.1147210000,0.1283120952,0.1147210000,0,0,1155.6460130598,-109.0236083597
2022-06-18,RUB_KZT,10,0.0100000000,True,0.1133240000,0.1269716667,0.1133240000,0,0,1164.0962465108,-100.9936600029
2022-06-21,RUB_KZT,10,0.0100000000,True,0.1121760000,0.1233474762,0.1121760000,0,0,1076.1079687836,-190.9665185112
2022-06-22,RUB_KZT,10,0.0100000000,True,0.1121760000,0.1224590476,0.1121760000,0,0,911.1827713050,-78.6346455958
2022-06-23,RUB_KZT,10,0.0100000000,True,0.1121760000,0.1215706190,0.1121760000,0,0,569.0072639225,216.0570595261
2022-06-24,RUB_KZT,10,0.0100000000,True,0.1121760000,0.1206821905,0.1121760000,0,0,453.1063829787,263.6835197997
2022-06-25,RUB_KZT,10,0.0100000000,True,0.1121760000,0.1199738571,0.1121760000,0,0,221.8425571604,437.8334803892
2022-06-28,RUB_KZT,10,0.0100000000,True,0.1121760000,0.1201689048,0.1121760000,0,0,101.3024602026,569.6069857229
2022-06-29,RUB_KZT,10,0.0100000000,True,0.1121760000,0.1201747143,0.1121760000,0,0,238.3500848453,437.6722937913
2022-06-30,RUB_KZT,10,0.0100000000,True,0.1121760000,0.1201805238,0.1129100000,1,1,0.0000000000,666.0416809474
2022-07-01,RUB_KZT,10,0.0100000000,True,0.1121760000,0.1201863333,0.1143160000,1,1,0.0000000000,605.4210267945
2022-07-02,RUB_KZT,10,0.0100000000,True,0.1121760000,0.1203473333,0.1143160000,0,1,0.0000000000,501.1605297999
2022-07-05,RUB_KZT,10,0.0100000000,True,0.1121760000,0.1209569048,0.1224110000,0,1,0.0000000000,236.3573015970
2022-07-06,RUB_KZT,10,0.0100000000,True,0.1121760000,0.1212506190,0.1208890000,0,0,410.2014913533,-396.6479503492
2022-07-07,RUB_KZT,10,0.0100000000,True,0.1121760000,0.1215443333,0.1208890000,0,0,982.7395870629,-1030.0493921285
2022-07-08,RUB_KZT,10,0.0100000000,True,0.1121760000,0.1218380476,0.1208890000,0,0,1015.8444685563,-1044.0049417670
2022-07-09,RUB_KZT,10,0.0100000000,True,0.1121760000,0.1220486190,0.1177460000,0,0,828.0363930953,-518.4311794558
2022-07-12,RUB_KZT,10,0.0100000000,True,0.1141830000,0.1223366667,0.1141830000,0,0,1154.3645997955,-551.5381052287
2022-07-13,RUB_KZT,10,0.0100000000,True,0.1141830000,0.1225625714,0.1141830000,0,0,981.4468165770,-330.1520622702
2022-07-14,RUB_KZT,10,0.0100000000,True,0.1141830000,0.1227884762,0.1141830000,0,0,765.4047409157,-69.9189236775
2022-07-15,RUB_KZT,10,0.0100000000,True,0.1141830000,0.1230143810,0.1141830000,0,0,672.1618155231,49.0496271826
2022-07-16,RUB_KZT,10,0.0100000000,True,0.1141830000,0.1230770476,0.1141830000,0,0,554.7237548495,177.7786891525
2022-07-19,RUB_KZT,10,0.0100000000,True,0.1141830000,0.1220988571,0.1141830000,0,0,302.6005129686,356.5026933679
2022-07-20,RUB_KZT,10,0.0100000000,True,0.1141830000,0.1220835714,0.1141830000,1,1,27.4242993266,621.4244340820
2022-07-21,RUB_KZT,10,0.0100000000,True,0.1141830000,0.1220682857,0.1173700000,1,1,0.0000000000,645.9733310863
2022-07-22,RUB_KZT,10,0.0100000000,True,0.1141830000,0.1220530000,0.1190600000,0,1,0.0000000000,383.6857758515
2022-07-23,RUB_KZT,10,0.0100000000,True,0.1141830000,0.1220995238,0.1190600000,0,1,0.0000000000,248.9382197973
2022-07-26,RUB_KZT,10,0.0100000000,True,0.1141830000,0.1223813810,0.1232570000,0,1,0.0000000000,242.4699680040
2022-07-27,RUB_KZT,10,0.0100000000,True,0.1141830000,0.1226618571,0.1253810000,0,1,0.0000000000,-48.5189830812
2022-07-28,RUB_KZT,10,0.0100000000,True,0.1141830000,0.1229423333,0.1253810000,0,1,9.6412806170,-208.2005926898
2022-07-29,RUB_KZT,10,0.0100000000,True,0.1141830000,0.1232228095,0.1254600000,0,1,0.0000000000,-175.1453715859
2022-07-30,RUB_KZT,10,0.0100000000,True,0.1141830000,0.1236249048,0.1254600000,0,0,202.6472999883,-358.3497392073
2022-08-02,RUB_KZT,10,0.0100000000,True,0.1190600000,0.1252358571,0.1254600000,0,0,353.7570832148,-385.2844518514
2022-08-03,RUB_KZT,10,0.0100000000,True,0.1190600000,0.1256373810,0.1261900000,0,1,0.0000000000,14.1184853613
2022-08-04,RUB_KZT,10,0.0100000000,True,0.1190600000,0.1260389048,0.1261900000,0,1,32.7791161487,-44.9143253954
2022-08-05,RUB_KZT,10,0.0100000000,True,0.1194140000,0.1264404286,0.1261900000,0,1,26.1616648620,-6.3722837293
2022-08-06,RUB_KZT,10,0.0100000000,True,0.1232570000,0.1268938571,0.1261900000,0,1,46.4587983814,9.0514344385
2022-08-09,RUB_KZT,10,0.0100000000,True,0.1254600000,0.1272864286,0.1259070000,1,1,22.4264997226,86.1386860904
2022-08-10,RUB_KZT,10,0.0100000000,True,0.1242430000,0.1271049048,0.1242430000,0,0,192.9164002621,32.8787282196
2022-08-11,RUB_KZT,10,0.0100000000,True,0.1242430000,0.1269233810,0.1242430000,0,0,168.3152646989,43.5996069620
2022-08-12,RUB_KZT,10,0.0100000000,True,0.1242430000,0.1267418571,0.1242430000,0,0,203.4331312144,-6.4022146252
2022-08-13,RUB_KZT,10,0.0100000000,True,0.1242430000,0.1265196667,0.1242430000,0,0,254.8395193424,-76.8523470659
2022-08-16,RUB_KZT,10,0.0100000000,True,0.1242430000,0.1267430000,0.1242430000,0,0,363.9790283552,-173.0273072280
2022-08-17,RUB_KZT,10,0.0100000000,True,0.1242430000,0.1268590952,0.1242430000,0,0,368.3863715648,-168.3682796173
2022-08-18,RUB_KZT,10,0.0100000000,True,0.1242430000,0.1269751905,0.1242430000,0,0,254.0750851101,-39.9140589519
2022-08-19,RUB_KZT,10,0.0100000000,True,0.1242430000,0.1270912857,0.1242430000,0,0,132.1610394974,93.1838644664
2022-08-20,RUB_KZT,10,0.0100000000,True,0.1242430000,0.1272229048,0.1242430000,1,1,0.0000000000,234.2270652821
2022-08-23,RUB_KZT,10,0.0100000000,True,0.1242430000,0.1274769048,0.1263660000,1,1,0.0000000000,163.3162309513
2022-08-24,RUB_KZT,10,0.0100000000,True,0.1242430000,0.1275039524,0.1275320000,0,1,0.0000000000,89.2484005164
2022-08-25,RUB_KZT,10,0.0100000000,True,0.1242430000,0.1275310000,0.1275640000,0,1,0.0000000000,-0.0784123076
2022-08-26,RUB_KZT,10,0.0100000000,True,0.1242430000,0.1275580476,0.1275640000,0,0,140.2093091561,-142.6764061479
2022-08-27,RUB_KZT,10,0.0100000000,True,0.1242430000,0.1275565238,0.1275640000,0,0,127.9243443200,-130.1757166851
2022-08-30,RUB_KZT,10,0.0100000000,True,0.1242430000,0.1277651905,0.1275640000,0,0,107.7903748624,-93.0464330213
2022-08-31,RUB_KZT,10,0.0100000000,True,0.1242430000,0.1278797619,0.1266490000,0,0,179.4313097555,-84.7075470820
2022-09-01,RUB_KZT,10,0.0100000000,True,0.1242430000,0.1279943333,0.1266490000,0,0,158.3687551967,-54.1169791371
2022-09-02,RUB_KZT,10,0.0100000000,True,0.1253950000,0.1281089048,0.1266490000,0,1,71.7287008874,42.5344953903
2022-09-03,RUB_KZT,10,0.0100000000,True,0.1263660000,0.1282196667,0.1266490000,0,0,110.1827268468,12.4525878765
2022-09-06,RUB_KZT,10,0.0100000000,True,0.1259020000,0.1280360952,0.1259020000,0,0,232.8864891702,-67.7859442910
2022-09-07,RUB_KZT,10,0.0100000000,True,0.1259020000,0.1279113810,0.1259020000,0,0,221.7355172923,-66.1097582813
2022-09-08,RUB_KZT,10,0.0100000000,True,0.1259020000,0.1277866667,0.1259020000,0,0,277.3122871507,-133.5298414023
2022-09-09,RUB_KZT,10,0.0100000000,True,0.1259020000,0.1276619524,0.1259020000,0,0,203.3987985932,-66.8991506960
2022-09-10,RUB_KZT,10,0.0100000000,True,0.1259020000,0.1275261905,0.1259020000,1,1,58.9819106349,68.7851235040
2022-09-13,RUB_KZT,10,0.0100000000,True,0.1252420000,0.1271917143,0.1252420000,0,0,194.0949413174,-41.6132227841
2022-09-14,RUB_KZT,10,0.0100000000,True,0.1207180000,0.1268420952,0.1207180000,0,0,514.4383766157,-33.3410419554
2022-09-15,RUB_KZT,10,0.0100000000,True,0.1207180000,0.1264924762,0.1207180000,0,0,438.4811570326,18.8529940798
2022-09-16,RUB_KZT,10,0.0100000000,True,0.1207180000,0.1261428571,0.1207180000,0,0,411.7488205112,19.0939977350
2022-09-17,RUB_KZT,10,0.0100000000,True,0.1207180000,0.1257653810,0.1207180000,0,0,464.4623137806,-66.2041526304
2022-09-20,RUB_KZT,10,0.0100000000,True,0.1197630000,0.1246659048,0.1197630000,0,0,502.7636138712,-115.2757236102
2022-09-21,RUB_KZT,10,0.0100000000,True,0.1159570000,0.1241567619,0.1159570000,0,0,773.4112049142,-122.4450502667
2022-09-22,RUB_KZT,10,0.0100000000,True,0.1159570000,0.1236476190,0.1159570000,0,0,888.9692074392,-293.0408996380
2022-09-23,RUB_KZT,10,0.0100000000,True,0.1159570000,0.1231384762,0.1159570000,0,0,741.3647179061,-170.8258762493
2022-09-24,RUB_KZT,10,0.0100000000,True,0.1159570000,0.1228069048,0.1159570000,0,0,394.3902317799,170.0966868235
2022-09-27,RUB_KZT,10,0.0100000000,True,0.1159570000,0.1227152381,0.1159570000,0,0,414.9549087843,141.6481051757
2022-09-28,RUB_KZT,10,0.0100000000,True,0.1159570000,0.1229087143,0.1159570000,0,0,484.9549098607,84.7551202344
2022-09-29,RUB_KZT,10,0.0100000000,True,0.1159570000,0.1231021905,0.1159570000,0,0,498.9880947504,85.7166287707
2022-09-30,RUB_KZT,10,0.0100000000,True,0.1159570000,0.1232956667,0.1159570000,0,0,317.7943104298,286.5199371700
2022-10-01,RUB_KZT,10,0.0100000000,True,0.1159570000,0.1235768095,0.1159570000,1,1,0.0000000000,616.6051343429
2022-10-04,RUB_KZT,10,0.0100000000,True,0.1159570000,0.1246927619,0.1236380000,0,1,0.0000000000,315.5565603533
2022-10-05,RUB_KZT,10,0.0100000000,True,0.1159570000,0.1252087143,0.1256760000,0,1,0.0000000000,125.4476810719
2022-10-06,RUB_KZT,10,0.0100000000,True,0.1159570000,0.1257246667,0.1281820000,0,1,0.0000000000,3.8708924793
2022-10-07,RUB_KZT,10,0.0100000000,True,0.1159570000,0.1262406190,0.1306610000,0,1,0.0000000000,-153.7841755710
2022-10-08,RUB_KZT,10,0.0100000000,True,0.1159570000,0.1266470952,0.1295130000,0,1,87.8609531536,-316.9361882607
2022-10-11,RUB_KZT,10,0.0100000000,True,0.1159570000,0.1279738095,0.1295130000,0,0,188.9293749574,-315.1574913022
2022-10-12,RUB_KZT,10,0.0100000000,True,0.1159570000,0.1286751429,0.1295130000,0,0,372.9279714562,-455.0107357842
2022-10-13,RUB_KZT,10,0.0100000000,True,0.1159570000,0.1293764762,0.1295130000,0,0,351.9148967870,-375.6883749383
2022-10-14,RUB_KZT,10,0.0100000000,True,0.1207580000,0.1300778095,0.1295130000,0,0,251.7725692092,-213.7328792950
2022-10-15,RUB_KZT,10,0.0100000000,True,0.1236380000,0.1304859048,0.1293280000,0,0,169.1333530972,-81.7785829084
2022-10-18,RUB_KZT,10,0.0100000000,True,0.1293280000,0.1310698571,0.1293280000,1,1,14.2842803425,118.7807156271
2022-10-19,RUB_KZT,10,0.0100000000,True,0.1293280000,0.1311445238,0.1293280000,1,1,87.7576203506,51.2048684930
2022-10-20,RUB_KZT,10,0.0100000000,True,0.1293280000,0.1312191905,0.1293280000,1,1,70.4820109639,74.1652552998
2022-10-21,RUB_KZT,10,0.0100000000,True,0.1293280000,0.1312938571,0.1293280000,0,0,113.9742697926,36.1675064767
2022-10-22,RUB_KZT,10,0.0100000000,True,0.1293280000,0.1312913810,0.1293280000,0,0,103.8374717833,46.1858918676
2022-10-25,RUB_KZT,10,0.0100000000,True,0.1293280000,0.1311257619,0.1296860000,1,1,0.0000000000,137.1021131658
2022-10-26,RUB_KZT,10,0.0100000000,True,0.1293280000,0.1312816190,0.1298880000,1,1,0.0000000000,121.5416948080
2022-10-27,RUB_KZT,10,0.0100000000,True,0.1293280000,0.1314374762,0.1301850000,1,1,0.0000000000,117.8869402689
2022-10-28,RUB_KZT,10,0.0100000000,True,0.1293280000,0.1315933333,0.1311570000,1,1,0.0000000000,107.0216323015
2022-10-29,RUB_KZT,10,0.0100000000,True,0.1293280000,0.1317045238,0.1311570000,0,1,81.0714744874,-39.8221849414
2022-11-01,RUB_KZT,10,0.0100000000,True,0.1293280000,0.1318427143,0.1311570000,0,1,60.4751619870,-8.5166415827
2022-11-02,RUB_KZT,10,0.0100000000,True,0.1282810000,0.1317282381,0.1282810000,0,0,219.2791844888,43.3648930175
2022-11-03,RUB_KZT,10,0.0100000000,True,0.1282810000,0.1316137619,0.1282810000,0,0,293.8016403862,-41.8070334952
2022-11-04,RUB_KZT,10,0.0100000000,True,0.1282810000,0.1314992857,0.1282810000,0,0,485.4404936733,-252.9834491225
2022-11-08,RUB_KZT,10,0.0100000000,True,0.1282810000,0.1317471429,0.1282810000,0,0,270.5388022571,-7.6553571235
2022-11-09,RUB_KZT,10,0.0100000000,True,0.1282810000,0.1317133810,0.1282810000,0,0,230.2290866996,31.0811968701
2022-11-10,RUB_KZT,10,0.0100000000,True,0.1282810000,0.1316796190,0.1282810000,0,0,251.7591987477,6.5020728521
2022-11-11,RUB_KZT,10,0.0100000000,True,0.1282810000,0.1316458571,0.1282810000,0,0,247.9056118958,7.8891311213
2022-11-12,RUB_KZT,10,0.0100000000,True,0.1282810000,0.1316630000,0.1282810000,1,1,0.0000000000,256.8679127773
2022-11-15,RUB_KZT,10,0.0100000000,True,0.1282810000,0.1313761905,0.1305230000,0,1,15.7577890139,49.2623871833
2022-11-16,RUB_KZT,10,0.0100000000,True,0.1282810000,0.1311368095,0.1297990000,0,0,105.7277453387,-3.7510807506
2022-11-17,RUB_KZT,10,0.0100000000,True,0.1282810000,0.1308974286,0.1297990000,0,1,84.8674661982,-0.9604030200
2022-11-18,RUB_KZT,10,0.0100000000,True,0.1282810000,0.1306580476,0.1297990000,0,0,126.8759460549,-61.9137049492
2022-11-19,RUB_KZT,10,0.0100000000,True,0.1282810000,0.1305959048,0.1297990000,0,0,130.8546228710,-70.7598940242
2022-11-22,RUB_KZT,10,0.0100000000,True,0.1282810000,0.1304262381,0.1297990000,0,0,190.1522881004,-144.8145658685
2022-11-23,RUB_KZT,10,0.0100000000,True,0.1282810000,0.1305971905,0.1297990000,0,1,80.4725949928,-19.5111030245
2022-11-24,RUB_KZT,10,0.0100000000,True,0.1282810000,0.1307681429,0.1297990000,0,1,72.6582994899,1.4638777247
2022-11-25,RUB_KZT,10,0.0100000000,True,0.1297990000,0.1309390952,0.1297990000,1,1,55.4691510309,31.7777694537
2022-11-26,RUB_KZT,10,0.0100000000,True,0.1297990000,0.1310280000,0.1297990000,1,1,0.0000000000,93.7967457337
2022-11-29,RUB_KZT,10,0.0100000000,True,0.1297990000,0.1313094286,0.1299670000,1,1,44.1233922922,58.3681293695
2022-11-30,RUB_KZT,10,0.0100000000,True,0.1297990000,0.1313378095,0.1299670000,1,1,41.0718527543,63.5620105769
2022-12-01,RUB_KZT,10,0.0100000000,True,0.1297990000,0.1313661905,0.1304070000,1,1,0.0000000000,106.5106989187
2022-12-02,RUB_KZT,10,0.0100000000,True,0.1297990000,0.1313945714,0.1318710000,1,1,0.0000000000,75.1607481066
2022-12-03,RUB_KZT,10,0.0100000000,True,0.1297990000,0.1314244286,0.1318710000,0,1,0.0000000000,-33.9793319572
2022-12-06,RUB_KZT,10,0.0100000000,True,0.1297990000,0.1321209524,0.1321160000,0,1,36.2001870343,-35.9555097422
2022-12-07,RUB_KZT,10,0.0100000000,True,0.1297990000,0.1325060476,0.1321160000,0,0,147.0675973987,-119.3871834062
2022-12-08,RUB_KZT,10,0.0100000000,True,0.1297990000,0.1328911429,0.1321160000,0,1,84.9543707973,-26.8533429079
2022-12-09,RUB_KZT,10,0.0100000000,True,0.1299670000,0.1332762381,0.1321160000,0,1,1.5892596320,85.4794606691
2022-12-10,RUB_KZT,10,0.0100000000,True,0.1299670000,0.1338027143,0.1321160000,0,1,0.0000000000,126.0597959256
2022-12-13,RUB_KZT,10,0.0100000000,True,0.1318710000,0.1366687143,0.1345140000,1,1,0.0000000000,272.6823256655
2022-12-14,RUB_KZT,10,0.0100000000,True,0.1318710000,0.1373921905,0.1349930000,0,1,0.0000000000,209.4871961947
2022-12-15,RUB_KZT,10,0.0100000000,True,0.1318710000,0.1381156667,0.1372440000,0,1,0.0000000000,226.0906921011
2022-12-16,RUB_KZT,10,0.0100000000,True,0.1321160000,0.1388391429,0.1378860000,0,1,0.0000000000,114.8914365442
2022-12-17,RUB_KZT,10,0.0100000000,True,0.1321160000,0.1395806190,0.1378860000,0,1,0.0000000000,121.4079045631
2022-12-20,RUB_KZT,10,0.0100000000,True,0.1321160000,0.1425853810,0.1470640000,0,1,0.0000000000,69.1782667895
2022-12-21,RUB_KZT,10,0.0100000000,True,0.1321160000,0.1435600000,0.1470640000,0,1,20.6286303675,-265.2549456673
2022-12-22,RUB_KZT,10,0.0100000000,True,0.1321160000,0.1445346190,0.1470640000,0,0,216.4093216336,-400.0689240047
2022-12-23,RUB_KZT,10,0.0100000000,True,0.1329420000,0.1455092381,0.1470640000,0,0,411.6626895643,-540.7740434742
2022-12-24,RUB_KZT,10,0.0100000000,True,0.1345140000,0.1464445238,0.1470640000,0,1,0.0000000000,-42.3010826463
2022-12-27,RUB_KZT,10,0.0100000000,True,0.1378860000,0.1488730000,0.1516690000,0,1,0.0000000000,47.4229712574
2022-12-28,RUB_KZT,10,0.0100000000,True,0.1378860000,0.1495728571,0.1525830000,0,1,0.0000000000,-140.1419279663
2022-12-29,RUB_KZT,10,0.0100000000,True,0.1378860000,0.1502727143,0.1525830000,0,0,146.2724736516,-304.4655003427
2022-12-30,RUB_KZT,10,0.0100000000,True,0.1415990000,0.1509725714,0.1525830000,0,0,222.5483159891,-336.7120612259
2022-12-31,RUB_KZT,10,0.0100000000,True,0.1470640000,0.1514552381,0.1517350000,0,1,55.5763092874,-74.4617300098
2023-01-10,RUB_KZT,10,0.0100000000,True,0.1460820000,0.1502477143,0.1460820000,0,0,372.5574191848,-98.9889078417
2023-01-11,RUB_KZT,10,0.0100000000,True,0.1460820000,0.1500475714,0.1460820000,0,0,294.1997209488,-30.8187974671
2023-01-12,RUB_KZT,10,0.0100000000,True,0.1460820000,0.1498474286,0.1460820000,0,0,225.0980287194,26.7891531577
2023-01-13,RUB_KZT,10,0.0100000000,True,0.1460820000,0.1496472857,0.1460820000,1,1,38.1203074174,200.8914294660
2023-01-14,RUB_KZT,10,0.0100000000,True,0.1460820000,0.1494467143,0.1460820000,1,1,0.0000000000,225.1447481998
2023-01-17,RUB_KZT,10,0.0100000000,True,0.1460820000,0.1489784286,0.1482680000,0,1,0.0000000000,84.5376463898
2023-01-18,RUB_KZT,10,0.0100000000,True,0.1460820000,0.1488690000,0.1482680000,0,1,9.0968511418,31.3026889413
2023-01-19,RUB_KZT,10,0.0100000000,True,0.1460820000,0.1487595714,0.1482680000,0,1,9.1641734724,23.9024235655
2023-01-20,RUB_KZT,10,0.0100000000,True,0.1460820000,0.1486501429,0.1483710000,0,1,0.0000000000,25.7075337970
2023-01-21,RUB_KZT,10,0.0100000000,True,0.1460820000,0.1486221429,0.1483710000,0,1,0.6065507481,16.2925155356
2023-01-24,RUB_KZT,10,0.0100000000,True,0.1460820000,0.1491447143,0.1488030000,0,1,0.0000000000,51.8767486612
2023-01-25,RUB_KZT,10,0.0100000000,True,0.1460820000,0.1494759048,0.1492970000,0,1,0.0000000000,45.0176075520
2023-01-26,RUB_KZT,10,0.0100000000,True,0.1460820000,0.1498070952,0.1498150000,0,1,0.0000000000,34.0501387658
2023-01-27,RUB_KZT,10,0.0100000000,True,0.1477190000,0.1501382857,0.1502850000,0,1,0.0000000000,21.5325300104
2023-01-28,RUB_KZT,10,0.0100000000,True,0.1482680000,0.1504333333,0.1502850000,0,1,0.0000000000,9.8604032794
2023-01-31,RUB_KZT,10,0.0100000000,True,0.1483710000,0.1516915238,0.1519760000,0,1,0.0000000000,35.8967855190
2023-02-01,RUB_KZT,10,0.0100000000,True,0.1483710000,0.1522880000,0.1519760000,0,1,87.9830425567,-68.0946627443
2023-02-02,RUB_KZT,10,0.0100000000,True,0.1483710000,0.1528844762,0.1519760000,0,1,19.3078084981,40.1921899324
2023-02-03,RUB_KZT,10,0.0100000000,True,0.1483710000,0.1534809524,0.1530370000,0,1,0.0000000000,98.0546678663
2023-02-04,RUB_KZT,10,0.0100000000,True,0.1488030000,0.1541936190,0.1530370000,0,1,0.0000000000,75.0108243624
2023-02-07,RUB_KZT,10,0.0100000000,True,0.1502850000,0.1564304286,0.1548880000,0,1,0.0000000000,160.8017439062
2023-02-08,RUB_KZT,10,0.0100000000,True,0.1502850000,0.1572902857,0.1566290000,0,1,0.0000000000,152.7294392897
2023-02-09,RUB_KZT,10,0.0100000000,True,0.1502850000,0.1581501429,0.1599800000,0,1,0.0000000000,96.1834639958
2023-02-10,RUB_KZT,10,0.0100000000,True,0.1511470000,0.1590100000,0.1609060000,0,1,0.0000000000,-61.0024526759
2023-02-11,RUB_KZT,10,0.0100000000,True,0.1519760000,0.1597495714,0.1609060000,0,1,0.0000000000,-72.3900891306
2023-02-14,RUB_KZT,10,0.0100000000,True,0.1530370000,0.1618889048,0.1632620000,0,1,4.5917336550,-89.4499373027
2023-02-15,RUB_KZT,10,0.0100000000,True,0.1530370000,0.1625842857,0.1644780000,0,1,0.0000000000,-41.6838738588
2023-02-16,RUB_KZT,10,0.0100000000,True,0.1530370000,0.1632796667,0.1666780000,0,1,0.0000000000,-73.3914612761
2023-02-17,RUB_KZT,10,0.0100000000,True,0.1539150000,0.1639750476,0.1666780000,0,1,28.1187929260,-193.5021472489
2023-02-18,RUB_KZT,10,0.0100000000,True,0.1548880000,0.1646684762,0.1666780000,0,1,98.8463960271,-223.0860389620
2023-02-21,RUB_KZT,10,0.0100000000,True,0.1609060000,0.1663234762,0.1667480000,0,1,0.0000000000,-21.3153198601
2023-02-22,RUB_KZT,10,0.0100000000,True,0.1609060000,0.1669086667,0.1667480000,0,1,28.0473875264,-18.4731769471
2023-02-23,RUB_KZT,10,0.0100000000,True,0.1609060000,0.1674938571,0.1667480000,0,1,53.2092579337,-8.7252666836
2023-02-28,RUB_KZT,10,0.0100000000,True,0.1666780000,0.1699168571,0.1667480000,0,0,102.6252841634,84.7389227336
2023-03-01,RUB_KZT,10,0.0100000000,True,0.1666780000,0.1700983810,0.1687930000,1,1,0.0000000000,196.9672452861
2023-03-02,RUB_KZT,10,0.0100000000,True,0.1666780000,0.1702799048,0.1707110000,0,1,0.0000000000,87.3212117416
2023-03-03,RUB_KZT,10,0.0100000000,True,0.1666780000,0.1704614286,0.1721540000,0,1,0.0000000000,-14.6409325947
2023-03-04,RUB_KZT,10,0.0100000000,True,0.1667480000,0.1705816190,0.1692020000,0,0,230.5493807558,-153.2041357663
2023-03-07,RUB_KZT,10,0.0100000000,True,0.1643960000,0.1701940476,0.1643960000,0,0,610.1280572088,-286.9637598539
2023-03-08,RUB_KZT,10,0.0100000000,True,0.1643340000,0.1700366190,0.1643340000,0,0,573.7197136564,-252.8502963927
2023-03-10,RUB_KZT,10,0.0100000000,True,0.1643340000,0.1697217619,0.1643340000,0,0,504.7119934824,-197.2191460702
2023-03-11,RUB_KZT,10,0.0100000000,True,0.1643340000,0.1696814286,0.1643340000,0,0,454.2444555456,-145.7184471741
2023-03-14,RUB_KZT,10,0.0100000000,True,0.1643340000,0.1692725238,0.1643340000,0,0,287.7034550419,4.1662880624
2023-03-15,RUB_KZT,10,0.0100000000,True,0.1643340000,0.1688986190,0.1643340000,1,1,19.6771489997,251.0748205954
2023-03-16,RUB_KZT,10,0.0100000000,True,0.1643340000,0.1685247143,0.1643340000,1,1,58.6797657649,191.1122828106
2023-03-17,RUB_KZT,10,0.0100000000,True,0.1643340000,0.1681508095,0.1643340000,1,1,3.7713812988,223.3001157974
2023-03-18,RUB_KZT,10,0.0100000000,True,0.1643340000,0.1677868571,0.1643340000,1,1,0.0000000000,205.7882960354
2023-03-21,RUB_KZT,10,0.0100000000,True,0.1643340000,0.1671334762,0.1650380000,0,0,154.6262602160,-29.7082200910
2023-03-22,RUB_KZT,10,0.0100000000,True,0.1643340000,0.1671536190,0.1650380000,0,1,69.0194662575,57.9478358374
2023-03-23,RUB_KZT,10,0.0100000000,True,0.1643340000,0.1671737619,0.1650380000,0,1,84.3537087995,43.7725332268
2023-03-24,RUB_KZT,10,0.0100000000,True,0.1643340000,0.1671939048,0.1653430000,1,1,0.0000000000,128.9463730735
2023-03-25,RUB_KZT,10,0.0100000000,True,0.1643340000,0.1673542381,0.1653430000,1,1,0.0000000000,120.1784979054
2023-03-28,RUB_KZT,10,0.0100000000,True,0.1643340000,0.1692171429,0.1669190000,0,1,30.8179293457,105.3169216223
2023-03-29,RUB_KZT,10,0.0100000000,True,0.1643340000,0.1701636190,0.1691830000,0,1,0.0000000000,190.6764245953
2023-03-30,RUB_KZT,10,0.0100000000,True,0.1643340000,0.1711100952,0.1719180000,0,1,0.0000000000,112.6231176141
2023-03-31,RUB_KZT,10,0.0100000000,True,0.1650380000,0.1720565714,0.1725690000,0,1,0.0000000000,8.0538294714
2023-04-01,RUB_KZT,10,0.0100000000,True,0.1650380000,0.1728213333,0.1725690000,0,1,0.4635611930,14.1379150722
2023-04-04,RUB_KZT,10,0.0100000000,True,0.1653430000,0.1752272857,0.1760230000,0,1,0.0000000000,151.7050100645
2023-04-05,RUB_KZT,10,0.0100000000,True,0.1653430000,0.1759812857,0.1768980000,0,1,0.0000000000,-2.3703819156
2023-04-06,RUB_KZT,10,0.0100000000,True,0.1653430000,0.1767352857,0.1803120000,0,1,0.0000000000,-9.2066666289
2023-04-07,RUB_KZT,10,0.0100000000,True,0.1669190000,0.1774892857,0.1803120000,0,1,13.6244309308,-172.8957482343
2023-04-08,RUB_KZT,10,0.0100000000,True,0.1669190000,0.1781492857,0.1803120000,0,0,211.6063188752,-340.2042428301
2023-04-11,RUB_KZT,10,0.0100000000,True,0.1725690000,0.1797859524,0.1793540000,0,0,236.0498666231,-217.1497587740
2023-04-12,RUB_KZT,10,0.0100000000,True,0.1725690000,0.1800843333,0.1788430000,0,0,331.1906319437,-271.2432878670
2023-04-13,RUB_KZT,10,0.0100000000,True,0.1725690000,0.1803827143,0.1788430000,0,0,222.2963331493,-140.0514303319
2023-04-14,RUB_KZT,10,0.0100000000,True,0.1725690000,0.1806810952,0.1788430000,0,1,81.4698966236,20.4279942851
2023-04-15,RUB_KZT,10,0.0100000000,True,0.1760230000,0.1809196667,0.1775790000,0,0,198.5903287945,-14.2236241131
2023-04-18,RUB_KZT,10,0.0100000000,True,0.1775790000,0.1811237619,0.1775790000,0,0,204.9698006012,-9.4542037686
2023-04-19,RUB_KZT,10,0.0100000000,True,0.1764740000,0.1807553810,0.1764740000,0,0,302.7205837908,-67.9160443883
2023-04-20,RUB_KZT,10,0.0100000000,True,0.1764740000,0.1803870000,0.1764740000,0,0,252.9093690798,-36.9206206656
2023-04-21,RUB_KZT,10,0.0100000000,True,0.1764740000,0.1800186190,0.1764740000,0,0,160.5762904647,36.9194615054
2023-04-22,RUB_KZT,10,0.0100000000,True,0.1764740000,0.1796750000,0.1764740000,0,0,132.4625509525,46.3058299708
2023-04-25,RUB_KZT,10,0.0100000000,True,0.1763620000,0.1788366667,0.1763620000,1,1,68.5328783246,70.3248774487
2023-04-26,RUB_KZT,10,0.0100000000,True,0.1725180000,0.1784243333,0.1725180000,0,0,346.1590115498,-15.6742447312
2023-04-27,RUB_KZT,10,0.0100000000,True,0.1725180000,0.1780120000,0.1725180000,0,0,382.8079270842,-77.1296317102
2023-04-28,RUB_KZT,10,0.0100000000,True,0.1725180000,0.1775996667,0.1725180000,0,0,398.3837574300,-116.9108800880
2023-04-29,RUB_KZT,10,0.0100000000,True,0.1725180000,0.1771817143,0.1725180000,0,0,224.1689993993,39.9428512455
2023-05-03,RUB_KZT,10,0.0100000000,True,0.1708500000,0.1756658571,0.1708500000,0,0,312.5389823205,-39.6288082650
2023-05-04,RUB_KZT,10,0.0100000000,True,0.1708500000,0.1754255714,0.1708500000,0,0,324.0604399339,-65.3512804372
2023-05-05,RUB_KZT,10,0.0100000000,True,0.1708500000,0.1751852857,0.1708500000,0,0,382.8292551126,-140.7489376554
2023-05-06,RUB_KZT,10,0.0100000000,True,0.1708500000,0.1751748095,0.1708500000,1,1,96.6855632456,151.6661859677
2023-05-11,RUB_KZT,10,0.0100000000,True,0.1708500000,0.1751952381,0.1708500000,1,1,80.4133886841,168.9679541192
2023-05-12,RUB_KZT,10,0.0100000000,True,0.1708500000,0.1752629524,0.1737970000,1,1,0.0000000000,251.7903710398
2023-05-13,RUB_KZT,10,0.0100000000,True,0.1708500000,0.1753503333,0.1737970000,0,1,0.0000000000,88.5845668956
2023-05-16,RUB_KZT,10,0.0100000000,True,0.1708500000,0.1758507619,0.1775440000,0,1,0.0000000000,-85.7680728193
2023-05-17,RUB_KZT,10,0.0100000000,True,0.1708500000,0.1761611905,0.1778960000,0,1,0.0000000000,-78.4968312301
2023-05-18,RUB_KZT,10,0.0100000000,True,0.1708500000,0.1764716190,0.1778960000,0,0,107.2159444790,-189.9671443189
2023-05-19,RUB_KZT,10,0.0100000000,True,0.1708500000,0.1767820476,0.1778960000,0,1,4.8319492982,-67.8775021058
2023-05-20,RUB_KZT,10,0.0100000000,True,0.1708500000,0.1771205238,0.1778960000,0,1,0.0000000000,-43.7824015985
2023-05-23,RUB_KZT,10,0.0100000000,True,0.1737970000,0.1784433333,0.1790370000,0,1,0.0000000000,7.5280667999
2023-05-24,RUB_KZT,10,0.0100000000,True,0.1737970000,0.1787499524,0.1790370000,0,1,59.0779618103,-75.5831037184
2023-05-25,RUB_KZT,10,0.0100000000,True,0.1737970000,0.1790565714,0.1790370000,0,0,109.9283532291,-110.0450296634
2023-05-26,RUB_KZT,10,0.0100000000,True,0.1773590000,0.1793631905,0.1790370000,0,1,51.6208617183,-33.6083185301
2023-05-27,RUB_KZT,10,0.0100000000,True,0.1775440000,0.1795641429,0.1790370000,1,1,0.0000000000,29.3567996792
2023-05-30,RUB_KZT,10,0.0100000000,True,0.1778960000,0.1801101429,0.1802360000,1,1,0.0000000000,26.8803771660
2023-05-31,RUB_KZT,10,0.0100000000,True,0.1778960000,0.1804852857,0.1802360000,0,1,72.0486493632,-58.6593129476
2023-06-01,RUB_KZT,10,0.0100000000,True,0.1778960000,0.1808604286,0.1802360000,0,1,51.1693888929,-16.7295538865
2023-06-02,RUB_KZT,10,0.0100000000,True,0.1783090000,0.1812355714,0.1802360000,0,1,24.2977722430,30.9305410716
2023-06-03,RUB_KZT,10,0.0100000000,True,0.1790370000,0.1815910476,0.1802360000,1,1,0.0000000000,74.6208382414
2023-06-06,RUB_KZT,10,0.0100000000,True,0.1790370000,0.1825608571,0.1810750000,0,1,27.7565136938,53.7824568872
2023-06-07,RUB_KZT,10,0.0100000000,True,0.1790370000,0.1828514762,0.1819440000,0,1,0.0000000000,97.1540524303
2023-06-08,RUB_KZT,10,0.0100000000,True,0.1790370000,0.1831420952,0.1837970000,0,1,0.0000000000,65.4188888981
2023-06-09,RUB_KZT,10,0.0100000000,True,0.1796260000,0.1834327143,0.1851400000,0,1,0.0000000000,-19.8593645471
2023-06-10,RUB_KZT,10,0.0100000000,True,0.1802360000,0.1837470476,0.1851400000,0,1,34.1274882384,-110.3121060837
2023-06-14,RUB_KZT,10,0.0100000000,True,0.1802360000,0.1850516667,0.1851400000,0,1,98.4592017371,-104.2591708622
2023-06-15,RUB_KZT,10,0.0100000000,True,0.1802360000,0.1854135714,0.1851400000,0,0,150.2939377012,-137.6074335751
2023-06-16,RUB_KZT,10,0.0100000000,True,0.1810750000,0.1857754762,0.1851400000,0,1,73.6673922601,-39.7535683755
2023-06-17,RUB_KZT,10,0.0100000000,True,0.1810750000,0.1861471429,0.1851400000,0,1,0.0000000000,54.1046637453
2023-06-20,RUB_KZT,10,0.0100000000,True,0.1851400000,0.1873627619,0.1868750000,1,1,0.0000000000,60.6183370279
2023-06-21,RUB_KZT,10,0.0100000000,True,0.1851400000,0.1877841905,0.1868750000,0,1,79.8390478769,-31.6751651085
2023-06-22,RUB_KZT,10,0.0100000000,True,0.1851400000,0.1882056190,0.1868750000,0,1,55.8733537315,14.9102374860
2023-06-23,RUB_KZT,10,0.0100000000,True,0.1851400000,0.1886270476,0.1878360000,1,1,0.0000000000,92.8842200078
2023-06-24,RUB_KZT,10,0.0100000000,True,0.1851400000,0.1892471905,0.1878360000,0,1,0.0000000000,74.5686354783
2023-06-27,RUB_KZT,10,0.0100000000,True,0.1851400000,0.1915860952,0.1889760000,0,1,21.5435306045,114.9402432029
2023-06-28,RUB_KZT,10,0.0100000000,True,0.1851400000,0.1926070000,0.1901130000,0,1,0.0000000000,188.5185896670
2023-06-29,RUB_KZT,10,0.0100000000,True,0.1851400000,0.1936279048,0.1932550000,0,1,0.0000000000,181.5288331621
2023-06-30,RUB_KZT,10,0.0100000000,True,0.1862270000,0.1946488095,0.1946240000,0,1,0.0000000000,71.6063728938
2023-07-01,RUB_KZT,10,0.0100000000,True,0.1868750000,0.1955970476,0.1946240000,0,1,0.0000000000,49.7475616781
2023-07-04,RUB_KZT,10,0.0100000000,True,0.1878360000,0.1979965238,0.1998190000,0,1,0.0000000000,-40.4288002170
2023-07-05,RUB_KZT,10,0.0100000000,True,0.1878360000,0.1987302857,0.2021930000,0,1,0.0000000000,-54.7835113204
2023-07-06,RUB_KZT,10,0.0100000000,True,0.1878360000,0.1994640476,0.2032450000,0,1,0.0000000000,-136.8142486592
2023-07-07,RUB_KZT,10,0.0100000000,True,0.1889760000,0.2001978095,0.2032450000,0,0,255.0763550931,-417.9461551599
2023-07-08,RUB_KZT,10,0.0100000000,True,0.1889760000,0.2008233810,0.2025210000,0,0,196.4381665126,-286.6010431815
2023-07-11,RUB_KZT,10,0.0100000000,True,0.1946240000,0.2027960476,0.2025210000,0,0,175.5602988260,-164.8923842556
2023-07-12,RUB_KZT,10,0.0100000000,True,0.1946240000,0.2032222381,0.2025210000,0,1,44.7326120404,-10.2725915588
2023-07-13,RUB_KZT,10,0.0100000000,True,0.1946240000,0.2036484286,0.2025210000,0,0,142.4691406098,-88.3665757303
2023-07-14,RUB_KZT,10,0.0100000000,True,0.1987970000,0.2040746190,0.2025210000,0,0,105.9167810679,-30.1057012993
2023-07-15,RUB_KZT,10,0.0100000000,True,0.1998190000,0.2042953810,0.2025210000,0,1,35.6220325223,51.4148165017
2023-07-18,RUB_KZT,10,0.0100000000,True,0.2023250000,0.2041391429,0.2023250000,1,1,9.6780087003,79.2666626545
2023-07-19,RUB_KZT,10,0.0100000000,True,0.2023250000,0.2040436667,0.2023250000,1,1,42.4239739747,41.9844771789
2023-07-20,RUB_KZT,10,0.0100000000,True,0.2023250000,0.2039481905,0.2023250000,0,0,147.1175479435,-68.5374810409
2023-07-21,RUB_KZT,10,0.0100000000,True,0.2023250000,0.2038527143,0.2023250000,0,0,141.8847478768,-67.9061703513
2023-07-22,RUB_KZT,10,0.0100000000,True,0.2023250000,0.2038227619,0.2023250000,1,1,61.3536109719,12.2048147340
2023-07-25,RUB_KZT,10,0.0100000000,True,0.2023250000,0.2044019524,0.2023250000,1,1,54.4651064478,47.4042625164
2023-07-26,RUB_KZT,10,0.0100000000,True,0.2023250000,0.2048686667,0.2023250000,1,1,1.2354830739,122.9405505316
2023-07-27,RUB_KZT,10,0.0100000000,True,0.2023250000,0.2053353810,0.2026210000,1,1,0.0000000000,146.6079999666
2023-07-28,RUB_KZT,10,0.0100000000,True,0.2023250000,0.2058020952,0.2045740000,1,1,0.0000000000,154.5705953292
2023-07-29,RUB_KZT,10,0.0100000000,True,0.2023250000,0.2064850476,0.2045740000,0,1,0.0000000000,92.5513804067
2023-08-01,RUB_KZT,10,0.0100000000,True,0.2023250000,0.2082886190,0.2057420000,0,1,0.0000000000,133.3543359363
2023-08-02,RUB_KZT,10,0.0100000000,True,0.2023250000,0.2091029048,0.2086130000,0,1,0.0000000000,160.7297022359
2023-08-03,RUB_KZT,10,0.0100000000,True,0.2023250000,0.2099171905,0.2113760000,0,1,0.0000000000,62.1288077090
2023-08-04,RUB_KZT,10,0.0100000000,True,0.2023250000,0.2107314762,0.2130460000,0,1,0.0000000000,-30.5850754323
2023-08-05,RUB_KZT,10,0.0100000000,True,0.2023250000,0.2118367143,0.2130460000,0,1,0.0000000000,-57.0857473108
2023-08-08,RUB_KZT,10,0.0100000000,True,0.2045740000,0.2133389048,0.2063530000,0,0,484.6377667006,-165.1876502332
2023-08-09,RUB_KZT,10,0.0100000000,True,0.2016550000,0.2131999048,0.2016550000,0,0,631.2429730257,-95.7831214970
2023-08-10,RUB_KZT,10,0.0100000000,True,0.2016550000,0.2130609048,0.2016550000,0,0,768.5722656608,-252.6552322732
2023-08-11,RUB_KZT,10,0.0100000000,True,0.2016550000,0.2129219048,0.2016550000,0,0,748.0305929097,-236.5700815859
2023-08-12,RUB_KZT,10,0.0100000000,True,0.2016550000,0.2128451429,0.2016550000,0,0,861.8595756636,-367.8193938450
2023-08-15,RUB_KZT,10,0.0100000000,True,0.2016550000,0.2126936190,0.2016550000,0,0,1102.5268814832,-655.8438854368
2023-08-16,RUB_KZT,10,0.0100000000,True,0.2016550000,0.2123098095,0.2016550000,0,0,715.4005884168,-230.0030548350
2023-08-17,RUB_KZT,10,0.0100000000,True,0.2016550000,0.2119260000,0.2016550000,0,0,633.5928210464,-159.0177703538
2023-08-18,RUB_KZT,10,0.0100000000,True,0.2016550000,0.2115421905,0.2016550000,0,0,227.6681221014,245.3028620205
2023-08-19,RUB_KZT,10,0.0100000000,True,0.2016550000,0.2110949524,0.2016550000,1,1,0.0000000000,447.1898676154
2023-08-22,RUB_KZT,10,0.0100000000,True,0.2016550000,0.2097261905,0.2049860000,0,1,0.0000000000,277.8475336323
2023-08-23,RUB_KZT,10,0.0100000000,True,0.2016550000,0.2091978095,0.2049860000,0,0,148.2193492575,53.9111535812
2023-08-24,RUB_KZT,10,0.0100000000,True,0.2016550000,0.2086694286,0.2049860000,0,0,164.8578365048,11.8574423250
2023-08-25,RUB_KZT,10,0.0100000000,True,0.2016550000,0.2081410476,0.2049860000,0,1,51.9759095784,100.1266997974
2023-08-26,RUB_KZT,10,0.0100000000,True,0.2016550000,0.2074297143,0.2049860000,0,1,0.0000000000,117.8092682685
2023-08-29,RUB_KZT,10,0.0100000000,True,0.2016550000,0.2073799048,0.2062430000,0,1,59.1889950885,-4.3926743143
2023-08-30,RUB_KZT,10,0.0100000000,True,0.2016550000,0.2078165714,0.2078890000,0,1,0.0000000000,75.7192469183
2023-08-31,RUB_KZT,10,0.0100000000,True,0.2016550000,0.2082532381,0.2087690000,0,1,0.0000000000,17.4901527856
2023-09-01,RUB_KZT,10,0.0100000000,True,0.2038990000,0.2086899048,0.2095780000,0,1,0.0000000000,-3.7900845365
2023-09-02,RUB_KZT,10,0.0100000000,True,0.2049860000,0.2088361905,0.2069710000,0,0,124.3928274914,-35.5211193097
2023-09-05,RUB_KZT,10,0.0100000000,True,0.2045960000,0.2087277619,0.2045960000,0,0,335.7974540044,-142.6373793342
2023-09-06,RUB_KZT,10,0.0100000000,True,0.2045960000,0.2088374286,0.2045960000,0,0,361.1120271741,-163.9347626520
2023-09-07,RUB_KZT,10,0.0100000000,True,0.2045960000,0.2089470952,0.2045960000,0,0,381.8200622420,-180.4717484877
2023-09-08,RUB_KZT,10,0.0100000000,True,0.2045960000,0.2090567619,0.2045960000,0,0,386.2943279907,-179.8668486481
2023-09-09,RUB_KZT,10,0.0100000000,True,0.2045960000,0.2090260000,0.2045960000,0,0,295.4583185106,-86.0658482677
2023-09-12,RUB_KZT,10,0.0100000000,True,0.2030260000,0.2085542381,0.2030260000,0,0,190.6064134589,75.9149327148
2023-09-13,RUB_KZT,10,0.0100000000,True,0.2017860000,0.2081831905,0.2017860000,0,0,137.3438385892,172.3093237252
2023-09-14,RUB_KZT,10,0.0100000000,True,0.2017860000,0.2078121429,0.2017860000,0,0,318.4853951560,-29.4428003313
2023-09-15,RUB_KZT,10,0.0100000000,True,0.2017860000,0.2074410952,0.2017860000,0,0,263.7369000058,9.1156112475
2023-09-16,RUB_KZT,10,0.0100000000,True,0.2017860000,0.2069934762,0.2017860000,0,0,265.4747719368,-14.2769624900
2023-09-19,RUB_KZT,10,0.0100000000,True,0.2009280000,0.2054947619,0.2009280000,0,0,285.1202707603,-64.7334308139
2023-09-20,RUB_KZT,10,0.0100000000,True,0.2009280000,0.2051688095,0.2009280000,0,0,200.1638768582,6.6681443504
2023-09-21,RUB_KZT,10,0.0100000000,True,0.2009280000,0.2048428571,0.2009280000,0,0,195.5732521373,-4.5470395425
2023-09-22,RUB_KZT,10,0.0100000000,True,0.2009280000,0.2045169048,0.2009280000,0,0,103.3365184755,72.8988522313
2023-09-23,RUB_KZT,10,0.0100000000,True,0.2009280000,0.2045447143,0.2009280000,1,1,42.5202937766,134.8709642949
2023-09-26,RUB_KZT,10,0.0100000000,True,0.2009280000,0.2047726667,0.2009280000,1,1,68.0655445985,120.5076198321
2023-09-27,RUB_KZT,10,0.0100000000,True,0.2009280000,0.2049245714,0.2009280000,0,0,104.1163897125,91.8665543838
2023-09-28,RUB_KZT,10,0.0100000000,True,0.2009280000,0.2050764762,0.2009280000,1,1,70.4214911565,132.8029543450
2023-09-29,RUB_KZT,10,0.0100000000,True,0.2009280000,0.2052283810,0.2039800000,1,1,0.0000000000,209.5412404671
2023-09-30,RUB_KZT,10,0.0100000000,True,0.2009280000,0.2054680952,0.2039800000,0,1,0.0000000000,72.4246378189
2023-10-03,RUB_KZT,10,0.0100000000,True,0.2009280000,0.2059181905,0.2034370000,0,0,198.4052419841,-79.4883404921
2023-10-04,RUB_KZT,10,0.0100000000,True,0.2009280000,0.2060484762,0.2034370000,0,0,196.7993600648,-71.4649211073
2023-10-05,RUB_KZT,10,0.0100000000,True,0.2009280000,0.2061787619,0.2034370000,0,0,237.8198883840,-107.3940921355
2023-10-06,RUB_KZT,10,0.0100000000,True,0.2009280000,0.2063090476,0.2034370000,0,0,272.9207009491,-137.4613674815
2023-10-07,RUB_KZT,10,0.0100000000,True,0.2009280000,0.2063880000,0.2034370000,0,0,334.5701946512,-198.2188886951
2023-10-10,RUB_KZT,10,0.0100000000,True,0.2034370000,0.2066532381,0.2034370000,0,0,397.5285449285,-251.9080732896
2023-10-11,RUB_KZT,10,0.0100000000,True,0.2000530000,0.2064662381,0.2000530000,0,0,450.8396261539,-146.8405649627
2023-10-12,RUB_KZT,10,0.0100000000,True,0.2000530000,0.2062792381,0.2000530000,0,0,451.4321443743,-156.6692767825
2023-10-13,RUB_KZT,10,0.0100000000,True,0.2000530000,0.2060922381,0.2000530000,0,0,166.3414226517,128.8373652389
2023-10-14,RUB_KZT,10,0.0100000000,True,0.1976960000,0.2056227619,0.1976960000,0,0,333.7538259943,53.5330765215
2023-10-17,RUB_KZT,10,0.0100000000,True,0.1953390000,0.2038440952,0.1953390000,0,0,422.8217863044,-5.8331226993
2023-10-18,RUB_KZT,10,0.0100000000,True,0.1953390000,0.2031412857,0.1953390000,0,0,435.4830022572,-53.7416252868
2023-10-19,RUB_KZT,10,0.0100000000,True,0.1953390000,0.2024384762,0.1953390000,0,0,428.5000293997,-81.2851311909
2023-10-20,RUB_KZT,10,0.0100000000,True,0.1953390000,0.2017356667,0.1953390000,0,0,404.6154753016,-91.2249858313
2023-10-21,RUB_KZT,10,0.0100000000,True,0.1953390000,0.2010882857,0.1953390000,0,0,235.6375560476,51.4841384523
2023-10-24,RUB_KZT,10,0.0100000000,True,0.1950170000,0.1996302381,0.1950170000,0,0,135.5110877307,96.8910378354
2023-10-25,RUB_KZT,10,0.0100000000,True,0.1950170000,0.1993548095,0.1950170000,1,1,16.4841634287,201.4403130480
2023-10-26,RUB_KZT,10,0.0100000000,True,0.1950170000,0.1990793810,0.1950170000,1,1,37.5475090931,167.1384015996
2023-10-27,RUB_KZT,10,0.0100000000,True,0.1950170000,0.1988039524,0.1950170000,1,1,81.3260365382,110.0557788087
2023-10-28,RUB_KZT,10,0.0100000000,True,0.1950170000,0.1985551429,0.1950170000,1,1,35.9186593092,142.7886891443
2023-10-31,RUB_KZT,10,0.0100000000,True,0.1950170000,0.1977630476,0.1950170000,0,0,163.7715369406,-25.3309395756
2023-11-01,RUB_KZT,10,0.0100000000,True,0.1950170000,0.1976021905,0.1966750000,1,1,0.0000000000,130.8280272582
2023-11-02,RUB_KZT,10,0.0100000000,True,0.1950170000,0.1974413333,0.1966750000,0,1,97.3273986949,-59.0892822172
2023-11-03,RUB_KZT,10,0.0100000000,True,0.1950170000,0.1972804762,0.1966750000,0,1,77.0426130917,-46.7113536686
2023-11-04,RUB_KZT,10,0.0100000000,True,0.1950170000,0.1972414286,0.1966750000,0,0,103.8050096106,-75.8751059253
2023-11-08,RUB_KZT,10,0.0100000000,True,0.1927210000,0.1968227619,0.1927210000,0,0,355.9454347108,-152.9923707043
2023-11-09,RUB_KZT,10,0.0100000000,True,0.1927210000,0.1966978571,0.1927210000,0,0,290.6932808037,-91.1622975049
2023-11-10,RUB_KZT,10,0.0100000000,True,0.1927210000,0.1965729524,0.1927210000,0,0,213.9295398458,-18.3671056814
2023-11-11,RUB_KZT,10,0.0100000000,True,0.1912220000,0.1962376190,0.1912220000,0,0,277.2594381594,-22.2883336286
2023-11-14,RUB_KZT,10,0.0100000000,True,0.1899650000,0.1954327143,0.1899650000,0,0,351.0331376095,-73.8507736313
2023-11-15,RUB_KZT,10,0.0100000000,True,0.1899650000,0.1951396190,0.1899650000,0,0,301.8220618041,-37.7873522547
2023-11-16,RUB_KZT,10,0.0100000000,True,0.1899650000,0.1948465238,0.1899650000,0,0,154.1930133720,97.8474633393
2023-11-17,RUB_KZT,10,0.0100000000,True,0.1899650000,0.1945534286,0.1899650000,0,0,143.0046543968,94.1863931612
2023-11-18,RUB_KZT,10,0.0100000000,True,0.1899650000,0.1942110952,0.1899650000,0,0,162.1982734066,57.3651694168
2023-11-21,RUB_KZT,10,0.0100000000,True,0.1899650000,0.1934601429,0.1899650000,1,1,65.7351141605,115.6901273869
2023-11-22,RUB_KZT,10,0.0100000000,True,0.1899650000,0.1934265714,0.1915490000,1,1,0.0000000000,178.9604914674
2023-11-23,RUB_KZT,10,0.0100000000,True,0.1899650000,0.1933930000,0.1915490000,0,1,26.7620520350,68.7718790235
2023-11-24,RUB_KZT,10,0.0100000000,True,0.1899650000,0.1933594286,0.1915490000,0,1,69.8303749171,23.9672083669
2023-11-25,RUB_KZT,10,0.0100000000,True,0.1899650000,0.1933677619,0.1915490000,0,1,53.6911357700,40.5839058709
2023-11-28,RUB_KZT,10,0.0100000000,True,0.1899650000,0.1943052857,0.1928950000,1,1,0.0000000000,141.8533574191
2023-11-29,RUB_KZT,10,0.0100000000,True,0.1899650000,0.1945986190,0.1929640000,0,1,0.0000000000,87.5452794042
2023-11-30,RUB_KZT,10,0.0100000000,True,0.1899650000,0.1948919524,0.1929640000,0,1,34.3954965656,64.7513848333
2023-12-01,RUB_KZT,10,0.0100000000,True,0.1899650000,0.1951852857,0.1959700000,0,1,0.0000000000,113.8039533132
2023-12-02,RUB_KZT,10,0.0100000000,True,0.1899650000,0.1955473810,0.1959700000,0,1,0.0000000000,-21.6121047268
2023-12-05,RUB_KZT,10,0.0100000000,True,0.1915490000,0.1962873333,0.1967670000,0,1,14.4125124968,-38.9055500270
2023-12-06,RUB_KZT,10,0.0100000000,True,0.1915490000,0.1964911429,0.1967670000,0,1,88.2035885915,-103.1525957550
2023-12-07,RUB_KZT,10,0.0100000000,True,0.1915490000,0.1966949524,0.1967670000,0,0,222.3690879637,-231.1725625903
2023-12-08,RUB_KZT,10,0.0100000000,True,0.1915490000,0.1968987619,0.1967670000,0,0,233.2403482473,-231.9587005553
2023-12-09,RUB_KZT,10,0.0100000000,True,0.1928950000,0.1971896190,0.1967670000,0,0,124.9642421596,-104.8422813719
2023-12-12,RUB_KZT,10,0.0100000000,True,0.1959700000,0.1979453810,0.1967670000,0,0,103.5578847837,-44.4879816534
2023-12-13,RUB_KZT,10,0.0100000000,True,0.1959700000,0.1981936667,0.1967880000,1,1,0.0000000000,71.9834639856
2023-12-14,RUB_KZT,10,0.0100000000,True,0.1959700000,0.1984419524,0.1967880000,1,1,6.0942165885,77.2998029171
2023-12-15,RUB_KZT,10,0.0100000000,True,0.1967670000,0.1986902381,0.1968630000,1,1,0.0000000000,95.7388804540
2023-12-16,RUB_KZT,10,0.0100000000,True,0.1967670000,0.1988338571,0.1968630000,1,1,0.0000000000,99.1208022204
2023-12-19,RUB_KZT,10,0.0100000000,True,0.1967670000,0.1987592381,0.1969370000,1,1,36.4267392503,55.4559428684
2023-12-20,RUB_KZT,10,0.0100000000,True,0.1967670000,0.1986854762,0.1973920000,1,1,0.0000000000,88.0022145554
2023-12-21,RUB_KZT,10,0.0100000000,True,0.1967670000,0.1986117143,0.1977080000,1,1,0.0000000000,61.4120013062
2023-12-22,RUB_KZT,10,0.0100000000,True,0.1967670000,0.1985379524,0.1977080000,0,0,165.2978893802,-125.5703299621
2023-12-23,RUB_KZT,10,0.0100000000,True,0.1967670000,0.1984847143,0.1977080000,0,0,172.7771592174,-135.9946393857
2023-12-26,RUB_KZT,10,0.0100000000,True,0.1968630000,0.1986114286,0.1977080000,0,0,117.9104999825,-73.2873953448
2023-12-27,RUB_KZT,10,0.0100000000,True,0.1968630000,0.1986516667,0.1977080000,0,0,134.0851817660,-87.7583038988
2023-12-28,RUB_KZT,10,0.0100000000,True,0.1968630000,0.1986919048,0.1977080000,0,0,164.3193656069,-116.7181542134
2023-12-29,RUB_KZT,10,0.0100000000,True,0.1969370000,0.1987321429,0.1977080000,1,1,27.4901262528,24.1099829275
2023-12-30,RUB_KZT,10,0.0100000000,True,0.1969370000,0.1987345714,0.1977080000,1,1,0.0000000000,51.6554025398
2024-01-10,RUB_KZT,10,0.0100000000,True,0.1941770000,0.1966251905,0.1941770000,0,0,261.4962560998,-140.6640480353
2024-01-11,RUB_KZT,10,0.0100000000,True,0.1941770000,0.1965477143,0.1941770000,0,0,156.0416719475,-35.9854459186
2024-01-12,RUB_KZT,10,0.0100000000,True,0.1941770000,0.1964702381,0.1941770000,1,1,84.8656294201,32.1289423456
2024-01-13,RUB_KZT,10,0.0100000000,True,0.1941770000,0.1963640000,0.1941770000,1,1,16.6580120411,94.8748243059
2024-01-16,RUB_KZT,10,0.0100000000,True,0.1941770000,0.1963556190,0.1941770000,1,1,4.4784417082,106.5219858624
2024-01-17,RUB_KZT,10,0.0100000000,True,0.1941770000,0.1964978571,0.1954770000,1,1,0.0000000000,118.1110662784
2024-01-18,RUB_KZT,10,0.0100000000,True,0.1941770000,0.1966400952,0.1954770000,1,1,16.3944473386,42.8241878685
2024-01-19,RUB_KZT,10,0.0100000000,True,0.1941770000,0.1967823333,0.1954770000,1,1,13.4872101399,52.9180295657
2024-01-20,RUB_KZT,10,0.0100000000,True,0.1941770000,0.1968555714,0.1954770000,1,1,30.8035964729,39.3471936278
2024-01-23,RUB_KZT,10,0.0100000000,True,0.1941770000,0.1972146667,0.1959830000,1,1,0.0000000000,88.1104177512
2024-01-24,RUB_KZT,10,0.0100000000,True,0.1941770000,0.1975543333,0.1979300000,1,1,0.0000000000,79.5392997370
2024-01-25,RUB_KZT,10,0.0100000000,True,0.1941770000,0.1978940000,0.1984280000,0,1,0.0000000000,-1.8191557096
2024-01-26,RUB_KZT,10,0.0100000000,True,0.1941770000,0.1982336667,0.1984280000,0,1,30.4971487427,-40.4236750905
2024-01-27,RUB_KZT,10,0.0100000000,True,0.1941770000,0.1986118571,0.1984280000,0,0,112.9574727821,-104.8851205114
2024-01-30,RUB_KZT,10,0.0100000000,True,0.1954770000,0.1994091905,0.1984280000,0,1,41.0547765074,8.1836988456
2024-01-31,RUB_KZT,10,0.0100000000,True,0.1954770000,0.1996827619,0.2000750000,0,1,0.0000000000,62.8377679071
2024-02-01,RUB_KZT,10,0.0100000000,True,0.1954770000,0.1999563333,0.2001150000,0,1,0.0000000000,-5.9346290607
2024-02-02,RUB_KZT,10,0.0100000000,True,0.1954770000,0.2002299048,0.2001150000,0,1,69.8679555187,-64.5805250536
2024-02-03,RUB_KZT,10,0.0100000000,True,0.1959830000,0.2006216190,0.2001150000,0,1,75.3345169961,-50.4622062760
2024-02-06,RUB_KZT,10,0.0100000000,True,0.1984280000,0.2016052381,0.2001150000,0,0,103.4093943800,-29.7989234029
2024-02-07,RUB_KZT,10,0.0100000000,True,0.1984280000,0.2018842857,0.2005130000,1,1,0.0000000000,87.6386048585
2024-02-08,RUB_KZT,10,0.0100000000,True,0.1984280000,0.2021633333,0.2018260000,0,1,0.0000000000,81.6336625501
2024-02-09,RUB_KZT,10,0.0100000000,True,0.1984280000,0.2024423810,0.2018260000,0,1,0.2972769432,30.1508483307
2024-02-10,RUB_KZT,10,0.0100000000,True,0.1984280000,0.2027620952,0.2018260000,0,1,0.0000000000,46.1671712849
2024-02-13,RUB_KZT,10,0.0100000000,True,0.2001150000,0.2034747619,0.2040860000,0,1,0.0000000000,-11.2170223521
2024-02-14,RUB_KZT,10,0.0100000000,True,0.2001150000,0.2036707619,0.2040860000,0,1,3.9673404615,-24.3647193440
2024-02-15,RUB_KZT,10,0.0100000000,True,0.2001150000,0.2038667619,0.2040860000,0,1,0.3429808960,-11.0973506973
2024-02-16,RUB_KZT,10,0.0100000000,True,0.2001150000,0.2040627619,0.2040860000,0,1,61.2630512701,-62.7864723225
2024-02-17,RUB_KZT,10,0.0100000000,True,0.2001150000,0.2042388571,0.2040860000,0,0,119.5323279514,-113.4036338405
2024-02-20,RUB_KZT,10,0.0100000000,True,0.2012860000,0.2046218095,0.2012860000,0,0,226.9372693727,-65.3982329305
2024-02-21,RUB_KZT,10,0.0100000000,True,0.2012860000,0.2046629048,0.2012860000,0,0,188.6369396947,-24.0930440555
2024-02-22,RUB_KZT,10,0.0100000000,True,0.2012860000,0.2047040000,0.2012860000,0,0,137.1970639828,30.1899327810
2024-02-23,RUB_KZT,10,0.0100000000,True,0.2012860000,0.2047450952,0.2012860000,0,0,216.9623329283,-49.0807733751
2024-02-27,RUB_KZT,10,0.0100000000,True,0.2005220000,0.2042510000,0.2005220000,0,0,261.3839459165,-80.9298363288
2024-02-28,RUB_KZT,10,0.0100000000,True,0.2005220000,0.2040713810,0.2005220000,0,0,197.2555326877,-23.7965287123
2024-02-29,RUB_KZT,10,0.0100000000,True,0.2005220000,0.2038917619,0.2005220000,0,0,202.1411225502,-37.6296760630
2024-03-01,RUB_KZT,10,0.0100000000,True,0.2005220000,0.2037121429,0.2005220000,1,1,37.9559432847,119.0966244385
2024-03-02,RUB_KZT,10,0.0100000000,True,0.2005220000,0.2035525714,0.2005220000,0,0,106.9125606224,42.4249825247
2024-03-05,RUB_KZT,10,0.0100000000,True,0.2005220000,0.2033093810,0.2005220000,0,1,99.8301603602,37.6461208428
2024-03-06,RUB_KZT,10,0.0100000000,True,0.2005220000,0.2032516190,0.2005220000,1,1,27.8493350971,106.7454742937
2024-03-07,RUB_KZT,10,0.0100000000,True,0.2005220000,0.2031938571,0.2024500000,1,1,0.0000000000,131.4930077329
2024-03-08,RUB_KZT,10,0.0100000000,True,0.2005220000,0.2031360952,0.2024500000,0,1,16.4214948985,17.3822007202
2024-03-12,RUB_KZT,10,0.0100000000,True,0.2005220000,0.2032858095,0.2024500000,0,1,7.8476276967,33.2934957632
2024-03-13,RUB_KZT,10,0.0100000000,True,0.2005220000,0.2034065714,0.2036850000,1,1,0.0000000000,47.0275577555
2024-03-14,RUB_KZT,10,0.0100000000,True,0.2005220000,0.2035273333,0.2036850000,0,1,3.1901840491,-10.9403814721
2024-03-15,RUB_KZT,10,0.0100000000,True,0.2005220000,0.2036480952,0.2037580000,0,1,0.0000000000,-1.8121830141
2024-03-16,RUB_KZT,10,0.0100000000,True,0.2005220000,0.2037930952,0.2037580000,0,1,38.0860186665,-36.5029424101
2024-03-19,RUB_KZT,10,0.0100000000,True,0.2024500000,0.2043503810,0.2037580000,0,1,63.2028636359,-34.4319909921
2024-03-20,RUB_KZT,10,0.0100000000,True,0.2024500000,0.2045085714,0.2037580000,0,1,73.2722082022,-36.8409287770
2024-03-21,RUB_KZT,10,0.0100000000,True,0.2024500000,0.2046667619,0.2037580000,0,1,83.6107379937,-39.5393022153
2024-03-22,RUB_KZT,10,0.0100000000,True,0.2024500000,0.2048249524,0.2051420000,1,1,0.0000000000,52.0909375811
2024-03-23,RUB_KZT,10,0.0100000000,True,0.2024500000,0.2050135714,0.2051420000,0,1,4.0443415763,-10.3129061142
2024-03-26,RUB_KZT,10,0.0100000000,True,0.2037580000,0.2055038095,0.2051420000,1,1,21.7424083973,-4.1454451082
2024-03-27,RUB_KZT,10,0.0100000000,True,0.2037580000,0.2056202381,0.2052200000,1,1,0.0000000000,23.2583183284
2024-03-28,RUB_KZT,10,0.0100000000,True,0.2037580000,0.2057366667,0.2052200000,1,1,24.6927982579,0.4212504658
2024-03-29,RUB_KZT,10,0.0100000000,True,0.2037580000,0.2058530952,0.2061050000,1,1,0.0000000000,30.7547106524
2024-03-30,RUB_KZT,10,0.0100000000,True,0.2037580000,0.2059561429,0.2061050000,0,1,0.0000000000,-7.2276136459
2024-04-02,RUB_KZT,10,0.0100000000,True,0.2051420000,0.2065284762,0.2064420000,1,1,6.1964467251,-2.0105609788
2024-04-03,RUB_KZT,10,0.0100000000,True,0.2051420000,0.2066789524,0.2064420000,0,1,36.3906639124,-25.0169459972
2024-04-04,RUB_KZT,10,0.0100000000,True,0.2051420000,0.2068294286,0.2065420000,1,1,0.0000000000,18.7317914140
2024-04-05,RUB_KZT,10,0.0100000000,True,0.2051420000,0.2069799048,0.2069820000,1,1,0.0000000000,21.1568732920
2024-04-06,RUB_KZT,10,0.0100000000,True,0.2051420000,0.2071402381,0.2069820000,1,1,0.0000000000,7.6391770471
2024-04-09,RUB_KZT,10,0.0100000000,True,0.2061050000,0.2077788571,0.2079750000,1,1,0.0000000000,26.9929842992
2024-04-10,RUB_KZT,10,0.0100000000,True,0.2061050000,0.2079097143,0.2083850000,1,1,0.0000000000,-3.1400992739
2024-04-11,RUB_KZT,10,0.0100000000,True,0.2061050000,0.2080405714,0.2083850000,0,1,26.8967728658,-43.5697981987
2024-04-12,RUB_KZT,10,0.0100000000,True,0.2064420000,0.2081714286,0.2083850000,0,1,57.6355126364,-68.2884984903
2024-04-13,RUB_KZT,10,0.0100000000,True,0.2064420000,0.2082802857,0.2083850000,1,1,0.0000000000,-5.0275658762
2024-04-16,RUB_KZT,10,0.0100000000,True,0.2069820000,0.2085147143,0.2075730000,1,1,66.1861827370,-21.1632889217
2024-04-17,RUB_KZT,10,0.0100000000,True,0.2069820000,0.2085220000,0.2071350000,0,0,123.4950530457,-57.6917543473
2024-04-18,RUB_KZT,10,0.0100000000,True,0.2069820000,0.2085234762,0.2070130000,0,0,149.9773987105,-78.7212950557
2024-04-19,RUB_KZT,10,0.0100000000,True,0.2070130000,0.2085249524,0.2070130000,0,0,123.9438769912,-52.0823818275
2024-04-20,RUB_KZT,10,0.0100000000,True,0.2070130000,0.2085151905,0.2070130000,1,1,88.1002427545,-16.2007153070
2024-04-23,RUB_KZT,10,0.0100000000,True,0.2070130000,0.2083130000,0.2070130000,1,1,88.2426169227,-26.0665440947
2024-04-24,RUB_KZT,10,0.0100000000,True,0.2068070000,0.2082378571,0.2068070000,0,0,120.7161760631,-52.6389808358
2024-04-25,RUB_KZT,10,0.0100000000,True,0.2068070000,0.2081627143,0.2068070000,1,1,66.7159791735,-1.5990238406
2024-04-26,RUB_KZT,10,0.0100000000,True,0.2068070000,0.2080875714,0.2068070000,1,1,36.9026800210,24.7285998409
2024-04-27,RUB_KZT,10,0.0100000000,True,0.2067480000,0.2079824286,0.2067480000,1,1,18.6834673039,40.7452003157
2024-04-28,RUB_KZT,10,0.0100000000,True,0.2067480000,0.2078701429,0.2067480000,1,1,12.8011284315,41.2345344724
2024-05-03,RUB_KZT,10,0.0100000000,True,0.2067480000,0.2077972857,0.2067480000,1,1,71.7911286334,-21.4494758284
2024-05-04,RUB_KZT,10,0.0100000000,True,0.2067480000,0.2077822857,0.2067480000,1,1,2.8529014975,46.9378662831
2024-05-07,RUB_KZT,10,0.0100000000,True,0.2059850000,0.2075471905,0.2059850000,1,1,36.9048310020,38.5064463825
2024-05-08,RUB_KZT,10,0.0100000000,True,0.2059850000,0.2074954762,0.2059850000,1,1,66.6451267559,6.1917586270
2024-05-09,RUB_KZT,10,0.0100000000,True,0.2059850000,0.2074495714,0.2059850000,0,0,142.4189202770,-72.8576376910
2024-05-14,RUB_KZT,10,0.0100000000,True,0.2037510000,0.2067998571,0.2037510000,0,0,229.6910439674,-84.1945870369
2024-05-15,RUB_KZT,10,0.0100000000,True,0.2024750000,0.2065935714,0.2024750000,0,0,228.0877022794,-29.4021042004
2024-05-16,RUB_KZT,10,0.0100000000,True,0.2024750000,0.2063872857,0.2024750000,0,0,217.6538796019,-28.7185464775
2024-05-17,RUB_KZT,10,0.0100000000,True,0.2024750000,0.2061810000,0.2024750000,0,0,170.4007573367,9.5062105626
2024-05-18,RUB_KZT,10,0.0100000000,True,0.2001200000,0.2058653810,0.2001200000,0,0,287.7470892846,-8.9193747278
2024-05-21,RUB_KZT,10,0.0100000000,True,0.1997050000,0.2048794286,0.1997050000,0,0,231.2738158712,21.7898192386
2024-05-22,RUB_KZT,10,0.0100000000,True,0.1997050000,0.2045847619,0.1997050000,0,0,198.5757125118,40.7538614802
2024-05-23,RUB_KZT,10,0.0100000000,True,0.1997050000,0.2042900952,0.1997050000,0,0,217.2049436903,7.3961117850
2024-05-24,RUB_KZT,10,0.0100000000,True,0.1997050000,0.2039954286,0.1997050000,0,0,223.9094571640,-13.9008717282
2024-05-25,RUB_KZT,10,0.0100000000,True,0.1997050000,0.2035807619,0.1997050000,0,0,136.8070132115,54.3156383941
2024-05-28,RUB_KZT,10,0.0100000000,True,0.1978430000,0.2023563810,0.1978430000,0,0,113.7817309614,110.5169474694
2024-05-29,RUB_KZT,10,0.0100000000,True,0.1978430000,0.2020025238,0.1978430000,1,1,93.2375253499,113.7373814047
2024-05-30,RUB_KZT,10,0.0100000000,True,0.1978430000,0.2016486667,0.1978430000,0,0,212.1396520079,-23.9194903347
2024-05-31,RUB_KZT,10,0.0100000000,True,0.1978430000,0.2012948095,0.1978430000,0,0,241.9259376171,-72.1921484030
2024-06-01,RUB_KZT,10,0.0100000000,True,0.1978430000,0.2010326667,0.1978430000,0,0,243.1290161905,-86.5696785597
2024-06-04,RUB_KZT,10,0.0100000000,True,0.1952500000,0.2000989048,0.1952500000,0,0,229.3415001526,13.2886665332
2024-06-05,RUB_KZT,10,0.0100000000,True,0.1952500000,0.1998533810,0.1952500000,0,0,165.0657089464,66.3677014650
2024-06-06,RUB_KZT,10,0.0100000000,True,0.1952500000,0.1996078571,0.1952500000,0,0,143.0706165061,76.3425430576
2024-06-07,RUB_KZT,10,0.0100000000,True,0.1952500000,0.1993623333,0.1952500000,0,0,131.0635200639,76.2096484291
2024-06-08,RUB_KZT,10,0.0100000000,True,0.1952500000,0.1992395714,0.1952500000,0,0,169.5717407284,31.1971875925
2024-06-11,RUB_KZT,10,0.0100000000,True,0.1804190000,0.1970391429,0.1804190000,0,0,930.4371430869,-95.8620259644
2024-06-12,RUB_KZT,10,0.0100000000,True,0.1804190000,0.1964967619,0.1804190000,0,0,917.9733709194,-109.8358097262
2024-06-14,RUB_KZT,10,0.0100000000,True,0.1804190000,0.1954120000,0.1804190000,0,0,759.5902688860,8.2901766524
2024-06-15,RUB_KZT,10,0.0100000000,True,0.1804190000,0.1948490952,0.1804190000,0,0,856.4811295415,-126.7598784016
2024-06-18,RUB_KZT,10,0.0100000000,True,0.1804190000,0.1931460000,0.1804190000,0,0,866.8030089804,-227.5998467481
2024-06-19,RUB_KZT,10,0.0100000000,True,0.1804190000,0.1924593333,0.1804190000,0,0,611.2455441938,15.2932740769
2024-06-20,RUB_KZT,10,0.0100000000,True,0.1804190000,0.1917726667,0.1832030000,1,1,0.0000000000,592.0377947500
2024-06-21,RUB_KZT,10,0.0100000000,True,0.1804190000,0.1910860000,0.1832030000,0,0,139.2963060643,277.1003631873
2024-06-22,RUB_KZT,10,0.0100000000,True,0.1804190000,0.1904305714,0.1832030000,0,0,427.4151831667,-50.0144784676
2024-06-25,RUB_KZT,10,0.0100000000,True,0.1804190000,0.1887872381,0.1832030000,0,0,255.7815458588,41.0641155122
2024-06-26,RUB_KZT,10,0.0100000000,True,0.1804190000,0.1882194286,0.1832030000,0,0,233.3404414117,33.9725062541
2024-06-27,RUB_KZT,10,0.0100000000,True,0.1804190000,0.1876516190,0.1832030000,0,0,250.2847168265,-13.5560222540
2024-06-28,RUB_KZT,10,0.0100000000,True,0.1804190000,0.1870838095,0.1841980000,0,1,0.0000000000,207.4369521172
2024-06-29,RUB_KZT,10,0.0100000000,True,0.1804190000,0.1864924762,0.1841980000,0,1,0.0000000000,123.0331773885
2024-07-02,RUB_KZT,10,0.0100000000,True,0.1827380000,0.1861605714,0.1827380000,0,0,131.0189885723,53.5328947974
2024-07-03,RUB_KZT,10,0.0100000000,True,0.1827380000,0.1858570952,0.1827380000,0,0,131.6585302631,36.6461790024
2024-07-04,RUB_KZT,10,0.0100000000,True,0.1827380000,0.1855536190,0.1827380000,0,0,196.6170072370,-45.7754991113
2024-07-05,RUB_KZT,10,0.0100000000,True,0.1827380000,0.1852501429,0.1827380000,0,0,200.1919869578,-65.9031687656
2024-07-06,RUB_KZT,10,0.0100000000,True,0.1827380000,0.1850994286,0.1827380000,0,0,143.3156233987,-15.9682518122
2024-07-09,RUB_KZT,10,0.0100000000,True,0.1827380000,0.1850431429,0.1827380000,0,0,128.8865841274,-4.3696373510
2024-07-10,RUB_KZT,10,0.0100000000,True,0.1827380000,0.1850583810,0.1827380000,0,0,110.2957093995,15.2590199335
2024-07-11,RUB_KZT,10,0.0100000000,True,0.1827380000,0.1850736190,0.1838910000,1,1,0.0000000000,126.1994583365
2024-07-12,RUB_KZT,10,0.0100000000,True,0.1827380000,0.1850888571,0.1845180000,1,1,0.0000000000,64.7179501429
2024-07-13,RUB_KZT,10,0.0100000000,True,0.1827380000,0.1850057619,0.1834190000,0,1,85.9953516026,-0.2290790943
2024-07-16,RUB_KZT,10,0.0100000000,True,0.1801560000,0.1845172381,0.1801560000,0,0,253.7774483762,-17.8716042016
2024-07-17,RUB_KZT,10,0.0100000000,True,0.1801560000,0.1842719048,0.1801560000,0,0,357.9972704648,-139.6357866610
2024-07-18,RUB_KZT,10,0.0100000000,True,0.1801560000,0.1840265714,0.1801560000,0,0,293.0574638325,-85.2283754054
2024-07-19,RUB_KZT,10,0.0100000000,True,0.1801560000,0.1837812381,0.1801560000,0,0,265.3633548931,-69.9615433049
2024-07-20,RUB_KZT,10,0.0100000000,True,0.1801560000,0.1836461429,0.1801560000,0,0,236.3997008422,-47.4748409791
2024-07-23,RUB_KZT,10,0.0100000000,True,0.1801560000,0.1833193333,0.1801560000,0,0,177.8986909753,-5.4367788086
2024-07-24,RUB_KZT,10,0.0100000000,True,0.1801560000,0.1831062857,0.1801560000,0,0,235.7646905792,-76.4427217916
2024-07-25,RUB_KZT,10,0.0100000000,True,0.1801560000,0.1828932381,0.1801560000,0,0,162.3445767737,-12.8906845992
2024-07-26,RUB_KZT,10,0.0100000000,True,0.1801560000,0.1826801905,0.1802430000,1,1,0.0000000000,138.1753801335
2024-07-27,RUB_KZT,10,0.0100000000,True,0.1789980000,0.1824016667,0.1789980000,1,1,69.0734175530,118.3468718305
2024-07-30,RUB_KZT,10,0.0100000000,True,0.1784860000,0.1815575238,0.1784860000,0,0,208.5173380439,-40.1787915571
2024-07-31,RUB_KZT,10,0.0100000000,True,0.1784860000,0.1815526190,0.1784860000,0,0,214.7979210982,-46.8944461857
2024-08-01,RUB_KZT,10,0.0100000000,True,0.1784860000,0.1815477143,0.1784860000,0,0,146.5709033295,22.4026111986
2024-08-02,RUB_KZT,10,0.0100000000,True,0.1784860000,0.1815428095,0.1784860000,0,0,138.7315811864,30.0650587727
2024-08-03,RUB_KZT,10,0.0100000000,True,0.1784860000,0.1817872857,0.1784860000,0,0,113.5507599592,68.8324108790
2024-08-06,RUB_KZT,10,0.0100000000,True,0.1784860000,0.1826647619,0.1784860000,1,1,28.6036715494,200.7372339649
2024-08-07,RUB_KZT,10,0.0100000000,True,0.1784860000,0.1829281905,0.1792960000,1,1,0.0000000000,242.8379390091
2024-08-08,RUB_KZT,10,0.0100000000,True,0.1784860000,0.1831916190,0.1819980000,1,1,0.0000000000,212.6526894555
2024-08-09,RUB_KZT,10,0.0100000000,True,0.1784860000,0.1834550476,0.1844150000,0,1,0.0000000000,79.4225963231
2024-08-10,RUB_KZT,10,0.0100000000,True,0.1784860000,0.1836781429,0.1844150000,0,1,0.0000000000,-40.1167570292
2024-08-13,RUB_KZT,10,0.0100000000,True,0.1784860000,0.1850636667,0.1850570000,0,0,185.4120592088,-188.5477250172
2024-08-14,RUB_KZT,10,0.0100000000,True,0.1784860000,0.1855715714,0.1850570000,0,0,432.9192321810,-423.5254630289
2024-08-15,RUB_KZT,10,0.0100000000,True,0.1784860000,0.1860794762,0.1850570000,0,0,142.3853406488,-88.6999385055
2024-08-16,RUB_KZT,10,0.0100000000,True,0.1784860000,0.1865873810,0.1857750000,0,1,0.0000000000,82.0195312550
2024-08-17,RUB_KZT,10,0.0100000000,True,0.1784860000,0.1871158571,0.1857750000,0,1,0.0000000000,71.6591935783
2024-08-20,RUB_KZT,10,0.0100000000,True,0.1844150000,0.1885296667,0.1891460000,0,1,0.0000000000,82.6218331686
2024-08-21,RUB_KZT,10,0.0100000000,True,0.1844150000,0.1887637143,0.1891460000,0,1,15.7302421824,-36.0390087078
2024-08-22,RUB_KZT,10,0.0100000000,True,0.1844150000,0.1889977619,0.1891460000,0,0,163.5541965043,-174.2474652635
2024-08-23,RUB_KZT,10,0.0100000000,True,0.1850570000,0.1892318095,0.1891460000,0,0,143.6663314279,-141.1596962959
2024-08-24,RUB_KZT,10,0.0100000000,True,0.1850570000,0.1891515714,0.1868680000,0,0,226.6712691290,-108.4013500889
2024-08-27,RUB_KZT,10,0.0100000000,True,0.1836400000,0.1885393333,0.1836400000,0,0,339.6178772831,-82.5645577050
2024-08-28,RUB_KZT,10,0.0100000000,True,0.1836400000,0.1885496190,0.1836400000,0,0,291.0978820594,-31.6299208343
2024-08-29,RUB_KZT,10,0.0100000000,True,0.1836400000,0.1885599048,0.1836400000,0,0,348.7565431268,-91.0106122647
2024-08-30,RUB_KZT,10,0.0100000000,True,0.1836400000,0.1885701905,0.1836400000,0,0,337.1779760903,-78.3692014139
2024-08-31,RUB_KZT,10,0.0100000000,True,0.1836400000,0.1886232857,0.1836400000,0,0,300.5334600961,-37.4669693107
2024-09-03,RUB_KZT,10,0.0100000000,True,0.1836400000,0.1885532857,0.1836400000,0,0,172.7422565661,89.3798115425
2024-09-04,RUB_KZT,10,0.0100000000,True,0.1836400000,0.1885239524,0.1842170000,1,1,0.0000000000,259.0626983612
2024-09-05,RUB_KZT,10,0.0100000000,True,0.1836400000,0.1884946190,0.1855040000,1,1,0.0000000000,226.9358705958
2024-09-06,RUB_KZT,10,0.0100000000,True,0.1836400000,0.1884652857,0.1859910000,0,1,0.0000000000,157.1263218615
2024-09-07,RUB_KZT,10,0.0100000000,True,0.1836400000,0.1884666667,0.1859910000,0,1,0.0000000000,131.3583303856
2024-09-10,RUB_KZT,10,0.0100000000,True,0.1836400000,0.1887063333,0.1901250000,0,1,0.0000000000,32.8199548152
2024-09-11,RUB_KZT,10,0.0100000000,True,0.1836400000,0.1888961429,0.1901250000,0,1,6.9905076265,-72.0955506162
2024-09-12,RUB_KZT,10,0.0100000000,True,0.1836400000,0.1890859524,0.1901250000,0,1,53.7268770403,-109.2649979034
2024-09-13,RUB_KZT,10,0.0100000000,True,0.1836400000,0.1892757619,0.1901250000,0,1,33.1834051521,-78.3110357249
2024-09-14,RUB_KZT,10,0.0100000000,True,0.1836400000,0.1896138095,0.1901250000,0,1,24.1885552979,-51.2721345894
2024-09-17,RUB_KZT,10,0.0100000000,True,0.1859910000,0.1908399048,0.1902360000,0,1,0.0000000000,37.4609682811
2024-09-18,RUB_KZT,10,0.0100000000,True,0.1859910000,0.1912089524,0.1907310000,0,1,0.0000000000,50.8842482968
2024-09-19,RUB_KZT,10,0.0100000000,True,0.1859910000,0.1915780000,0.1925910000,0,1,0.0000000000,44.2117570911
2024-09-20,RUB_KZT,10,0.0100000000,True,0.1880870000,0.1919470476,0.1925910000,0,1,48.8281250000,-82.7807669179
2024-09-21,RUB_KZT,10,0.0100000000,True,0.1901250000,0.1922536190,0.1925910000,0,1,37.5033623704,-55.2593473997
2024-09-24,RUB_KZT,10,0.0100000000,True,0.1901250000,0.1929839048,0.1925910000,0,1,70.9399021483,-50.9418253977
2024-09-25,RUB_KZT,10,0.0100000000,True,0.1901250000,0.1932643333,0.1925910000,0,1,34.7197069263,0.1207327443
2024-09-26,RUB_KZT,10,0.0100000000,True,0.1901250000,0.1935447619,0.1932560000,0,1,0.0000000000,49.2786214091
2024-09-27,RUB_KZT,10,0.0100000000,True,0.1901250000,0.1938251905,0.1937410000,0,1,0.0000000000,29.3661765425
2024-09-28,RUB_KZT,10,0.0100000000,True,0.1902360000,0.1942654762,0.1937410000,0,1,0.0000000000,26.9979103215
2024-10-01,RUB_KZT,10,0.0100000000,True,0.1925910000,0.1953152857,0.1940150000,0,1,26.2177098059,40.4620514670
2024-10-02,RUB_KZT,10,0.0100000000,True,0.1925910000,0.1954299048,0.1957230000,1,1,0.0000000000,72.3996035115
2024-10-03,RUB_KZT,10,0.0100000000,True,0.1925910000,0.1955445238,0.1957230000,0,1,56.7971103581,-66.3008181062
2024-10-04,RUB_KZT,10,0.0100000000,True,0.1925910000,0.1956591429,0.1957230000,0,1,47.0383629633,-50.5397871225
2024-10-05,RUB_KZT,10,0.0100000000,True,0.1925910000,0.1958123810,0.1957230000,0,1,38.2745896424,-33.8394867779
2024-10-08,RUB_KZT,10,0.0100000000,True,0.1937410000,0.1967416667,0.1957230000,0,0,182.9754578148,-133.6439493414
2024-10-09,RUB_KZT,10,0.0100000000,True,0.1937410000,0.1969389524,0.1957230000,0,0,135.8243707728,-75.1018323783
2024-10-10,RUB_KZT,10,0.0100000000,True,0.1937410000,0.1971362381,0.1957230000,0,0,179.5767227624,-109.8611764984
2024-10-11,RUB_KZT,10,0.0100000000,True,0.1940150000,0.1973335238,0.1957230000,0,0,156.2146366979,-75.7841932585
2024-10-12,RUB_KZT,10,0.0100000000,True,0.1940150000,0.1975043333,0.1957230000,1,1,0.0000000000,90.1921139283
2024-10-15,RUB_KZT,10,0.0100000000,True,0.1957230000,0.1980472857,0.1978840000,1,1,0.0000000000,43.5393856157
2024-10-16,RUB_KZT,10,0.0100000000,True,0.1957230000,0.1981801905,0.1978840000,0,0,125.2039741907,-111.6564434867
2024-10-17,RUB_KZT,10,0.0100000000,True,0.1957230000,0.1983130952,0.1978840000,0,1,82.6926739303,-61.5645053817
2024-10-18,RUB_KZT,10,0.0100000000,True,0.1957230000,0.1984460000,0.1978840000,0,1,40.9165714631,-12.6482771132
2024-10-19,RUB_KZT,10,0.0100000000,True,0.1957230000,0.1984963810,0.1978840000,0,1,0.0000000000,30.8509882872
2024-10-22,RUB_KZT,10,0.0100000000,True,0.1957230000,0.1984480000,0.1973830000,0,1,36.7973671459,16.9313875675
2024-10-23,RUB_KZT,10,0.0100000000,True,0.1957230000,0.1986310000,0.1973830000,0,0,156.9832095786,-95.6547568104
2024-10-24,RUB_KZT,10,0.0100000000,True,0.1957230000,0.1988276190,0.1973830000,0,0,110.4280338900,-38.1929309428
2024-10-25,RUB_KZT,10,0.0100000000,True,0.1971850000,0.1990242381,0.1973830000,1,1,70.6783105620,11.8698153300
2024-10-26,RUB_KZT,10,0.0100000000,True,0.1973830000,0.1991512381,0.1973830000,1,1,94.4968032680,-5.7625504044
2024-10-29,RUB_KZT,10,0.0100000000,True,0.1973830000,0.1992432857,0.1973830000,0,0,151.9740157362,-59.5108779432
2024-10-30,RUB_KZT,10,0.0100000000,True,0.1973830000,0.1992850000,0.1973830000,0,0,106.9087191002,-11.5914393958
2024-10-31,RUB_KZT,10,0.0100000000,True,0.1973830000,0.1993267143,0.1986340000,1,1,0.0000000000,97.5139881616
2024-11-01,RUB_KZT,10,0.0100000000,True,0.1973830000,0.1993684286,0.1987600000,1,1,0.0000000000,36.8377569453
2024-11-02,RUB_KZT,10,0.0100000000,True,0.1973830000,0.1994208571,0.1987600000,0,1,40.3876411814,-7.2782184984
2024-11-03,RUB_KZT,10,0.0100000000,True,0.1973830000,0.1993400952,0.1987600000,0,1,54.6404339211,-25.6799697669
2024-11-06,RUB_KZT,10,0.0100000000,True,0.1973830000,0.1995672381,0.1987390000,0,1,81.6964107478,-40.5257853183
2024-11-07,RUB_KZT,10,0.0100000000,True,0.1973830000,0.1997205238,0.1987390000,0,0,107.7136727675,-59.2065436201
2024-11-08,RUB_KZT,10,0.0100000000,True,0.1973830000,0.1998738095,0.1987390000,1,1,27.0476419876,29.8092844295
2024-11-09,RUB_KZT,10,0.0100000000,True,0.1973830000,0.1999256667,0.1987390000,1,1,1.0565506138,58.3050033596
2024-11-12,RUB_KZT,10,0.0100000000,True,0.1987390000,0.2004131905,0.1987390000,1,1,23.7936279259,59.8858025931
2024-11-13,RUB_KZT,10,0.0100000000,True,0.1987390000,0.2007804762,0.1987390000,1,1,4.8281238213,96.8956856458
2024-11-14,RUB_KZT,10,0.0100000000,True,0.1987390000,0.2011341429,0.2009170000,1,1,0.0000000000,119.0818636319
2024-11-15,RUB_KZT,10,0.0100000000,True,0.1987390000,0.2014878095,0.2009170000,0,1,13.4203502214,14.9294155572
2024-11-16,RUB_KZT,10,0.0100000000,True,0.1987390000,0.2018888095,0.2009170000,0,1,77.4378349014,-29.5306350856
2024-11-19,RUB_KZT,10,0.0100000000,True,0.1987390000,0.2040893810,0.2009170000,0,1,29.8236385832,125.9928831369
2024-11-20,RUB_KZT,10,0.0100000000,True,0.1987390000,0.2046256190,0.2015430000,0,1,0.0000000000,181.2392341135
2024-11-21,RUB_KZT,10,0.0100000000,True,0.1987390000,0.2051618571,0.2033110000,0,1,0.0000000000,176.3903482477
2024-11-22,RUB_KZT,10,0.0100000000,True,0.1987390000,0.2056980952,0.2072790000,0,1,0.0000000000,116.0484852975
2024-11-23,RUB_KZT,10,0.0100000000,True,0.1987390000,0.2061949524,0.2072790000,0,1,0.0000000000,-52.5739164092
2024-11-26,RUB_KZT,10,0.0100000000,True,0.1974550000,0.2062119524,0.1974550000,0,0,519.4144224167,-99.9480192710
2024-11-27,RUB_KZT,10,0.0100000000,True,0.1895010000,0.2055936667,0.1895010000,0,0,1008.2135621047,-250.7535089440
2024-11-28,RUB_KZT,10,0.0100000000,True,0.1895010000,0.2049753810,0.1895010000,0,0,1253.0867901537,-569.5132260947
2024-11-29,RUB_KZT,10,0.0100000000,True,0.1895010000,0.2043570952,0.1895010000,0,0,1361.6202688596,-734.6896737014
2024-11-30,RUB_KZT,10,0.0100000000,True,0.1895010000,0.2039559524,0.1895010000,0,0,977.0451526276,-297.3704639774
2024-12-03,RUB_KZT,10,0.0100000000,True,0.1895010000,0.2037035714,0.1895010000,0,0,960.9486422415,-291.7685011484
2024-12-04,RUB_KZT,10,0.0100000000,True,0.1895010000,0.2032520952,0.1895010000,0,0,638.4124412125,40.7422731424
2024-12-05,RUB_KZT,10,0.0100000000,True,0.1895010000,0.2028006190,0.1895010000,0,0,488.7597307756,175.6217049211
2024-12-06,RUB_KZT,10,0.0100000000,True,0.1895010000,0.2023491429,0.1895010000,0,0,402.8259603454,241.8662509778
2024-12-07,RUB_KZT,10,0.0100000000,True,0.1895010000,0.2018106667,0.1895010000,1,1,0.0000000000,609.9611517066
2024-12-10,RUB_KZT,10,0.0100000000,True,0.1895010000,0.1991504762,0.1958910000,0,1,0.0000000000,304.1155766398
2024-12-11,RUB_KZT,10,0.0100000000,True,0.1895010000,0.1984497143,0.1953050000,0,1,41.0991734273,117.8492140506
2024-12-12,RUB_KZT,10,0.0100000000,True,0.1895010000,0.1977489524,0.1953050000,0,0,391.7960928622,-279.1442155614
2024-12-13,RUB_KZT,10,0.0100000000,True,0.1895010000,0.1970481905,0.1953050000,0,0,287.7304305016,-205.1685688683
2024-12-14,RUB_KZT,10,0.0100000000,True,0.1895010000,0.1963017619,0.1939720000,0,0,193.4296605628,-76.2213278536
2024-12-17,RUB_KZT,10,0.0100000000,True,0.1895010000,0.1952243810,0.1906990000,0,0,318.1275861194,-89.1599214774
2024-12-18,RUB_KZT,10,0.0100000000,True,0.1895010000,0.1954912381,0.1906990000,0,0,326.1823475998,-83.7767421558
2024-12-19,RUB_KZT,10,0.0100000000,True,0.1895010000,0.1957464286,0.1906990000,0,0,265.0453568566,-7.3856483424
2024-12-20,RUB_KZT,10,0.0100000000,True,0.1906990000,0.1960016190,0.1906990000,0,0,363.1402076964,-96.0900711705
2024-12-21,RUB_KZT,10,0.0100000000,True,0.1906990000,0.1960857143,0.1906990000,0,0,235.8362561122,39.8149497304
2024-12-24,RUB_KZT,10,0.0100000000,True,0.1906990000,0.1953290000,0.1906990000,0,0,168.7356938115,69.4725309606
2024-12-25,RUB_KZT,10,0.0100000000,True,0.1906990000,0.1951890952,0.1927050000,1,1,0.0000000000,230.0382217879
2024-12-26,RUB_KZT,10,0.0100000000,True,0.1906990000,0.1950491905,0.1927050000,0,1,19.8872022746,100.4972372049
2024-12-27,RUB_KZT,10,0.0100000000,True,0.1906990000,0.1949092857,0.1948600000,0,1,0.0000000000,113.0929040249
2024-12-28,RUB_KZT,10,0.0100000000,True,0.1906990000,0.1948090476,0.1948600000,0,1,12.5573409190,-15.1919217598
2024-12-29,RUB_KZT,10,0.0100000000,True,0.1906990000,0.1947010000,0.1948600000,0,1,0.0000000000,-8.1663679180
2025-01-10,RUB_KZT,10,0.0100000000,True,0.1932720000,0.1944372857,0.1932720000,1,1,38.3473527956,21.6669201454
2025-01-11,RUB_KZT,10,0.0100000000,True,0.1923300000,0.1943168095,0.1923300000,1,1,97.1083741813,5.1878951727
2025-01-14,RUB_KZT,10,0.0100000000,True,0.1862850000,0.1933878571,0.1862850000,0,0,445.0610888276,-81.3982263623
2025-01-15,RUB_KZT,10,0.0100000000,True,0.1862850000,0.1930656190,0.1862850000,0,0,481.7257923592,-137.1233762614
2025-01-16,RUB_KZT,10,0.0100000000,True,0.1862850000,0.1927433810,0.1862850000,0,0,392.1831563420,-59.4375299405
2025-01-17,RUB_KZT,10,0.0100000000,True,0.1862850000,0.1924211429,0.1862850000,0,0,361.5112380479,-44.2184850492
2025-01-18,RUB_KZT,10,0.0100000000,True,0.1862850000,0.1920740476,0.1862850000,0,0,365.9476316320,-67.0029291779
2025-01-21,RUB_KZT,10,0.0100000000,True,0.1862850000,0.1913768095,0.1862850000,0,0,314.3035407893,-49.8070000520
2025-01-22,RUB_KZT,10,0.0100000000,True,0.1862850000,0.1910978571,0.1862850000,0,0,119.9700870340,133.4843404837
2025-01-23,RUB_KZT,10,0.0100000000,True,0.1862850000,0.1908189048,0.1875710000,1,1,0.0000000000,237.6024937132
2025-01-24,RUB_KZT,10,0.0100000000,True,0.1862850000,0.1905399524,0.1875710000,0,0,140.2964676198,15.7422302884
2025-01-25,RUB_KZT,10,0.0100000000,True,0.1862850000,0.1904412381,0.1875710000,1,1,27.7522289506,123.3051264907
2025-01-28,RUB_KZT,10,0.0100000000,True,0.1862850000,0.1895995714,0.1878220000,1,1,0.0000000000,106.9924057996
2025-01-29,RUB_KZT,10,0.0100000000,True,0.1862850000,0.1893810476,0.1878220000,0,1,92.3654739863,-10.1357756421
2025-01-30,RUB_KZT,10,0.0100000000,True,0.1862850000,0.1891625238,0.1878220000,0,0,109.3739303525,-38.9335147176
2025-01-31,RUB_KZT,10,0.0100000000,True,0.1862850000,0.1889440000,0.1878220000,0,1,94.9256942760,-35.8836480650
2025-02-01,RUB_KZT,10,0.0100000000,True,0.1862850000,0.1888011905,0.1878220000,0,1,28.4564499517,23.4739238176
2025-02-04,RUB_KZT,10,0.0100000000,True,0.1815870000,0.1883198571,0.1815870000,0,0,585.9328422046,-242.6267163997
2025-02-05,RUB_KZT,10,0.0100000000,True,0.1813890000,0.1880006190,0.1813890000,0,0,397.9227764073,-48.1584027206
2025-02-06,RUB_KZT,10,0.0100000000,True,0.1813890000,0.1876813810,0.1813890000,0,0,375.7607271145,-42.0723165831
2025-02-07,RUB_KZT,10,0.0100000000,True,0.1813890000,0.1873621429,0.1813890000,0,0,342.5051378433,-24.5437597929
2025-02-08,RUB_KZT,10,0.0100000000,True,0.1813890000,0.1872212381,0.1813890000,0,0,391.1067319306,-82.8304481126
2025-02-11,RUB_KZT,10,0.0100000000,True,0.1757520000,0.1858600476,0.1757520000,0,0,717.2095430754,-186.7508604144
2025-02-12,RUB_KZT,10,0.0100000000,True,0.1757520000,0.1852915714,0.1757520000,0,0,634.9510838289,-128.2534630748
2025-02-13,RUB_KZT,10,0.0100000000,True,0.1757520000,0.1847230952,0.1757520000,0,0,536.1614138249,-53.3720356209
2025-02-14,RUB_KZT,10,0.0100000000,True,0.1757520000,0.1841546190,0.1757520000,0,0,321.3335756414,139.4273497400
2025-02-15,RUB_KZT,10,0.0100000000,True,0.1755460000,0.1833287619,0.1755460000,0,0,322.1253769523,105.8078331304
2025-02-18,RUB_KZT,10,0.0100000000,True,0.1722680000,0.1811536190,0.1722680000,0,0,668.6455918359,-190.9087420148
2025-02-19,RUB_KZT,10,0.0100000000,True,0.1722680000,0.1805449048,0.1722680000,0,0,593.4901194188,-143.5706668938
2025-02-20,RUB_KZT,10,0.0100000000,True,0.1722680000,0.1799361905,0.1722680000,0,0,514.9212641780,-93.5781467504
2025-02-21,RUB_KZT,10,0.0100000000,True,0.1722680000,0.1793274762,0.1722680000,0,0,198.2338750057,199.3825077133
2025-02-22,RUB_KZT,10,0.0100000000,True,0.1722680000,0.1788249524,0.1722680000,0,0,235.3474662737,134.4863985105
2025-02-25,RUB_KZT,10,0.0100000000,True,0.1722680000,0.1780556190,0.1722680000,0,0,186.7316828638,140.9457932888
2025-02-26,RUB_KZT,10,0.0100000000,True,0.1722680000,0.1779765238,0.1723070000,1,1,0.0000000000,320.7458875662
2025-02-27,RUB_KZT,10,0.0100000000,True,0.1722680000,0.1778974286,0.1749460000,1,1,0.0000000000,314.2501055986
2025-02-28,RUB_KZT,10,0.0100000000,True,0.1722680000,0.1778183333,0.1759890000,0,1,0.0000000000,161.5319005352
2025-03-01,RUB_KZT,10,0.0100000000,True,0.1722680000,0.1775329048,0.1759890000,0,1,0.0000000000,86.9644285928
2025-03-04,RUB_KZT,10,0.0100000000,True,0.1722680000,0.1770004762,0.1749390000,0,0,214.7355938650,-100.4248038074
2025-03-05,RUB_KZT,10,0.0100000000,True,0.1722680000,0.1768266667,0.1727700000,0,0,337.6806406872,-112.0494646358
2025-03-06,RUB_KZT,10,0.0100000000,True,0.1722680000,0.1766528571,0.1727700000,0,0,383.9838814709,-170.7384135148
2025-03-07,RUB_KZT,10,0.0100000000,True,0.1722680000,0.1764790476,0.1727700000,0,0,419.2845378776,-218.2668386373
2025-03-08,RUB_KZT,10,0.0100000000,True,0.1668930000,0.1760670000,0.1668930000,0,0,714.1346924241,-207.9322076255
2025-03-11,RUB_KZT,10,0.0100000000,True,0.1633170000,0.1750848571,0.1633170000,0,0,856.6325902205,-201.7960270693
2025-03-12,RUB_KZT,10,0.0100000000,True,0.1633170000,0.1747200000,0.1633170000,0,0,664.3458576990,-12.5343406593
2025-03-13,RUB_KZT,10,0.0100000000,True,0.1633170000,0.1743551429,0.1633170000,0,0,789.0788909694,-169.3587636401
2025-03-14,RUB_KZT,10,0.0100000000,True,0.1633170000,0.1739902857,0.1633170000,0,0,777.2714181646,-177.6371751461
2025-03-15,RUB_KZT,10,0.0100000000,True,0.1633170000,0.1734200476,0.1633170000,0,0,547.1436013197,37.4839949575
2025-03-18,RUB_KZT,10,0.0100000000,True,0.1633170000,0.1716657619,0.1633170000,0,0,214.2690226672,278.0264306525
2025-03-19,RUB_KZT,10,0.0100000000,True,0.1633170000,0.1711049048,0.1668030000,1,1,0.0000000000,455.1538001054
2025-03-20,RUB_KZT,10,0.0100000000,True,0.1633170000,0.1705440476,0.1668030000,0,1,5.5723324705,213.9064757743
2025-03-21,RUB_KZT,10,0.0100000000,True,0.1633170000,0.1699831905,0.1668030000,0,0,111.4516578434,76.4893559503
2025-03-22,RUB_KZT,10,0.0100000000,True,0.1633170000,0.1695647619,0.1668030000,0,1,90.5380598478,72.9964109794
2025-03-25,RUB_KZT,10,0.0100000000,True,0.1633170000,0.1683603810,0.1670650000,0,1,0.0000000000,92.5028170863
2025-03-26,RUB_KZT,10,0.0100000000,True,0.1633170000,0.1681345238,0.1670650000,0,1,22.2769024953,41.4265787741
2025-03-27,RUB_KZT,10,0.0100000000,True,0.1633170000,0.1679086667,0.1670650000,0,1,23.8855880333,26.4230950953
2025-03-28,RUB_KZT,10,0.0100000000,True,0.1633170000,0.1676828095,0.1677430000,0,1,0.0000000000,36.8439391947
2025-03-29,RUB_KZT,10,0.0100000000,True,0.1633170000,0.1678733810,0.1677430000,0,1,12.3250967550,-4.5640974873
2025-04-01,RUB_KZT,10,0.0100000000,True,0.1633410000,0.1676521429,0.1633410000,0,0,382.1446025755,-129.9629760601
2025-04-02,RUB_KZT,10,0.0100000000,True,0.1630580000,0.1674012381,0.1630580000,0,0,308.4156032500,-50.5230376063
2025-04-03,RUB_KZT,10,0.0100000000,True,0.1630580000,0.1671503333,0.1630580000,0,0,296.8234888066,-53.5844977874
2025-04-04,RUB_KZT,10,0.0100000000,True,0.1630580000,0.1668994286,0.1630580000,0,0,279.2963044658,-50.5436978300
2025-04-05,RUB_KZT,10,0.0100000000,True,0.1607320000,0.1666103333,0.1607320000,0,0,434.1564153380,-85.0287397140
2025-04-08,RUB_KZT,10,0.0100000000,True,0.1572260000,0.1653650952,0.1572260000,0,0,799.8478597970,-334.4058039541
2025-04-09,RUB_KZT,10,0.0100000000,True,0.1550790000,0.1647521905,0.1550790000,0,0,595.0027290921,-8.3646550259
2025-04-10,RUB_KZT,10,0.0100000000,True,0.1550790000,0.1641392857,0.1550790000,0,0,658.9607213632,-114.5194629996
2025-04-11,RUB_KZT,10,0.0100000000,True,0.1550790000,0.1635263810,0.1550790000,0,0,505.8129924514,11.3364553964
2025-04-12,RUB_KZT,10,0.0100000000,True,0.1547420000,0.1628078571,0.1547420000,0,0,510.0025757706,-15.3642988448
2025-04-15,RUB_KZT,10,0.0100000000,True,0.1547420000,0.1614265714,0.1547420000,0,0,372.6700345917,43.0270817515
2025-04-16,RUB_KZT,10,0.0100000000,True,0.1547420000,0.1610360000,0.1547420000,0,0,256.5846225530,137.7952755906
2025-04-17,RUB_KZT,10,0.0100000000,True,0.1547420000,0.1606454286,0.1547420000,0,0,315.0054764513,54.1832144972
2025-04-18,RUB_KZT,10,0.0100000000,True,0.1547420000,0.1602548571,0.1547420000,0,0,157.9891366568,189.0025174187
2025-04-19,RUB_KZT,10,0.0100000000,True,0.1547420000,0.1597491905,0.1547420000,1,1,21.7308597554,292.3451732224
2025-04-22,RUB_KZT,10,0.0100000000,True,0.1547420000,0.1589236190,0.1561980000,1,1,0.0000000000,263.1213077501
2025-04-23,RUB_KZT,10,0.0100000000,True,0.1547420000,0.1587335714,0.1587790000,1,1,0.0000000000,159.7375656423
2025-04-24,RUB_KZT,10,0.0100000000,True,0.1547420000,0.1585435238,0.1587790000,0,1,12.7687411153,-27.6565185345
2025-04-25,RUB_KZT,10,0.0100000000,True,0.1547420000,0.1583534762,0.1587790000,0,1,66.9381729007,-94.4421205964
2025-04-26,RUB_KZT,10,0.0100000000,True,0.1547420000,0.1582566190,0.1586980000,0,1,70.5146253715,-99.1036559368
2025-04-29,RUB_KZT,10,0.0100000000,True,0.1547420000,0.1580020476,0.1561420000,0,0,257.9300706282,-143.9191716322
2025-04-30,RUB_KZT,10,0.0100000000,True,0.1547420000,0.1581013810,0.1561420000,0,0,166.0798972156,-42.8597804483
2025-05-01,RUB_KZT,10,0.0100000000,True,0.1547420000,0.1582007143,0.1561420000,0,0,183.8847781124,-54.7586474686
2025-05-06,RUB_KZT,10,0.0100000000,True,0.1561420000,0.1582865238,0.1561420000,0,0,161.0606308838,-25.9956552569
2025-05-07,RUB_KZT,10,0.0100000000,True,0.1561420000,0.1582086667,0.1567570000,1,1,0.0000000000,130.6291690721
2025-05-08,RUB_KZT,10,0.0100000000,True,0.1561420000,0.1581308095,0.1567570000,1,1,25.9599783667,61.0766192065
2025-05-13,RUB_KZT,10,0.0100000000,True,0.1558920000,0.1575728571,0.1558920000,1,1,55.1809488571,51.7765024796
2025-05-14,RUB_KZT,10,0.0100000000,True,0.1558920000,0.1574839048,0.1558920000,1,1,57.3374747275,43.9984494258
2025-05-15,RUB_KZT,10,0.0100000000,True,0.1558920000,0.1573949524,0.1558920000,1,1,88.4393100335,7.1128317178
2025-05-16,RUB_KZT,10,0.0100000000,True,0.1558920000,0.1573060000,0.1558920000,0,0,174.2133924970,-85.8199941515
2025-05-17,RUB_KZT,10,0.0100000000,True,0.1558920000,0.1571745238,0.1558920000,0,0,145.2683481889,-64.6081925915
2025-05-20,RUB_KZT,10,0.0100000000,True,0.1531170000,0.1568824762,0.1531170000,0,0,298.3665555739,-60.1420778429
2025-05-21,RUB_KZT,10,0.0100000000,True,0.1531170000,0.1567496190,0.1531170000,0,0,261.2816027985,-30.3274071905
2025-05-22,RUB_KZT,10,0.0100000000,True,0.1531170000,0.1566167619,0.1531170000,0,0,178.0078515896,46.2761390254
2025-05-23,RUB_KZT,10,0.0100000000,True,0.1531170000,0.1564839048,0.1531170000,0,0,195.1153915115,20.4433013345
2025-05-24,RUB_KZT,10,0.0100000000,True,0.1531170000,0.1563958571,0.1531170000,0,0,259.6708630462,-51.3532053735
2025-05-27,RUB_KZT,10,0.0100000000,True,0.1531170000,0.1558917143,0.1531170000,0,0,180.8422632217,-2.9049468404
2025-05-28,RUB_KZT,10,0.0100000000,True,0.1531170000,0.1557482857,0.1531170000,0,0,171.8925511088,-2.9993450971
2025-05-29,RUB_KZT,10,0.0100000000,True,0.1531170000,0.1556048571,0.1531170000,0,0,148.6228261499,11.4300508431
2025-05-30,RUB_KZT,10,0.0100000000,True,0.1531170000,0.1554614286,0.1532950000,1,1,0.0000000000,150.8045174274
2025-05-31,RUB_KZT,10,0.0100000000,True,0.1531170000,0.1553338571,0.1532950000,1,1,69.9595141700,61.7287924535
2025-06-03,RUB_KZT,10,0.0100000000,True,0.1531170000,0.1551467143,0.1532950000,0,0,104.1263201384,15.3863577977
2025-06-04,RUB_KZT,10,0.0100000000,True,0.1531170000,0.1550605238,0.1532950000,1,1,58.8834199075,55.3025224252
2025-06-05,RUB_KZT,10,0.0100000000,True,0.1531170000,0.1549743333,0.1545730000,1,1,0.0000000000,108.3620298415
2025-06-06,RUB_KZT,10,0.0100000000,True,0.1531170000,0.1548881429,0.1545730000,1,1,4.6558246306,15.6979645219
2025-06-07,RUB_KZT,10,0.0100000000,True,0.1531170000,0.1547652857,0.1533570000,0,0,117.3491087654,-26.6671097339
2025-06-10,RUB_KZT,10,0.0100000000,True,0.1512770000,0.1544161905,0.1512770000,0,0,249.4408528686,-47.3272602799
2025-06-11,RUB_KZT,10,0.0100000000,True,0.1510950000,0.1542600000,0.1510950000,0,0,225.0069546428,-20.2904187735
2025-06-12,RUB_KZT,10,0.0100000000,True,0.1510950000,0.1541038095,0.1510950000,0,0,276.3387369762,-83.3977096453
2025-06-17,RUB_KZT,10,0.0100000000,True,0.1497520000,0.1531972857,0.1497520000,0,0,235.0724127363,-10.4253991818
2025-06-18,RUB_KZT,10,0.0100000000,True,0.1497520000,0.1530166190,0.1497520000,0,0,250.8381888610,-38.4520946838
2025-06-19,RUB_KZT,10,0.0100000000,True,0.1497520000,0.1528359524,0.1497520000,0,0,156.0548492697,46.4519224628
2025-06-20,RUB_KZT,10,0.0100000000,True,0.1497520000,0.1526552857,0.1497520000,0,0,100.8084507228,90.2874543673
2025-06-21,RUB_KZT,10,0.0100000000,True,0.1497520000,0.1524531905,0.1497520000,1,1,88.8844766538,89.0890162382
2025-06-24,RUB_KZT,10,0.0100000000,True,0.1497520000,0.1519295714,0.1497520000,1,1,23.7827178917,119.8299588061
2025-06-25,RUB_KZT,10,0.0100000000,True,0.1497520000,0.1517554286,0.1505910000,1,1,0.0000000000,132.0169294956
2025-06-26,RUB_KZT,10,0.0100000000,True,0.1497520000,0.1515812857,0.1508420000,1,1,0.0000000000,65.3303413821
2025-06-27,RUB_KZT,10,0.0100000000,True,0.1497520000,0.1514071429,0.1509030000,1,1,0.0000000000,37.3260367033
2025-06-28,RUB_KZT,10,0.0100000000,True,0.1497520000,0.1513199048,0.1509030000,0,1,31.7735031443,-4.2357440150
2025-07-01,RUB_KZT,10,0.0100000000,True,0.1497520000,0.1510352381,0.1501110000,1,1,52.4840460428,8.7554465372
2025-07-02,RUB_KZT,10,0.0100000000,True,0.1497520000,0.1509954286,0.1501110000,1,1,52.8795499274,5.7239197402
2025-07-03,RUB_KZT,10,0.0100000000,True,0.1497520000,0.1509556190,0.1501110000,0,1,89.3281571859,-33.6775110187
2025-07-04,RUB_KZT,10,0.0100000000,True,0.1497520000,0.1509158095,0.1501110000,0,0,123.1066836862,-70.6480308163
2025-07-05,RUB_KZT,10,0.0100000000,True,0.1497520000,0.1509319048,0.1501110000,0,0,106.8331004666,-53.0103452519
2025-07-08,RUB_KZT,10,0.0100000000,True,0.1482470000,0.1506590476,0.1482470000,0,0,216.3339382940,-57.4776221301
2025-07-09,RUB_KZT,10,0.0100000000,True,0.1470000000,0.1504502857,0.1470000000,0,0,230.2861130495,-0.9780164687
2025-07-10,RUB_KZT,10,0.0100000000,True,0.1470000000,0.1502415238,0.1470000000,0,0,229.5718292634,-14.1423080044
2025-07-11,RUB_KZT,10,0.0100000000,True,0.1470000000,0.1500327619,0.1470000000,0,0,207.2466374883,-5.2147340517
2025-07-12,RUB_KZT,10,0.0100000000,True,0.1467880000,0.1498368095,0.1467880000,0,0,231.0011380350,-28.1766861916
2025-07-15,RUB_KZT,10,0.0100000000,True,0.1464100000,0.1492185238,0.1464100000,0,0,268.3336989106,-82.3273249938
2025-07-16,RUB_KZT,10,0.0100000000,True,0.1464100000,0.1489834286,0.1464100000,0,0,154.4648200824,18.5543166834
2025-07-17,RUB_KZT,10,0.0100000000,True,0.1464100000,0.1487483333,0.1464100000,0,0,123.9148178378,33.7034588623
2025-07-18,RUB_KZT,10,0.0100000000,True,0.1464100000,0.1485132381,0.1464100000,0,0,140.8071326119,0.8240406980
2025-07-19,RUB_KZT,10,0.0100000000,True,0.1460500000,0.1482525238,0.1460500000,1,1,64.6258503401,84.4858338556
2025-07-22,RUB_KZT,10,0.0100000000,True,0.1460500000,0.1481954762,0.1460500000,1,1,50.2765893670,94.9743019596
2025-07-23,RUB_KZT,10,0.0100000000,True,0.1460500000,0.1481137619,0.1460500000,1,1,97.7680145364,41.9786721211
2025-07-24,RUB_KZT,10,0.0100000000,True,0.1460500000,0.1480320476,0.1460500000,1,1,96.2236130983,38.0355219092
2025-07-25,RUB_KZT,10,0.0100000000,True,0.1460500000,0.1479503333,0.1460500000,1,1,24.5884843931,104.1115149003
2025-07-26,RUB_KZT,10,0.0100000000,True,0.1460500000,0.1477701905,0.1460500000,1,1,50.7510473790,65.9937212673
2025-07-29,RUB_KZT,10,0.0100000000,True,0.1460500000,0.1477424286,0.1466640000,1,1,0.0000000000,114.5526432585
2025-07-30,RUB_KZT,10,0.0100000000,True,0.1460500000,0.1477857619,0.1466640000,0,0,341.5848430369,-275.0764378681
2025-07-31,RUB_KZT,10,0.0100000000,True,0.1460500000,0.1478290952,0.1466640000,0,0,285.7369947939,-213.0098108788
2025-08-01,RUB_KZT,10,0.0100000000,True,0.1460500000,0.1478724286,0.1466640000,1,1,23.0607538622,58.7958539552
2025-08-02,RUB_KZT,10,0.0100000000,True,0.1460500000,0.1479145238,0.1466640000,0,0,126.4953582464,-42.4891467241
2025-08-05,RUB_KZT,10,0.0100000000,True,0.1460500000,0.1479563810,0.1467910000,1,1,0.0000000000,87.3487810436
2025-08-06,RUB_KZT,10,0.0100000000,True,0.1460500000,0.1480486190,0.1467910000,0,1,64.3017171943,20.7782449845
2025-08-07,RUB_KZT,10,0.0100000000,True,0.1460500000,0.1481408571,0.1467910000,0,0,160.4718973087,-70.4831116331
2025-08-08,RUB_KZT,10,0.0100000000,True,0.1460500000,0.1482330952,0.1467910000,0,1,78.0690251849,19.3678231999
2025-08-09,RUB_KZT,10,0.0100000000,True,0.1466640000,0.1483591429,0.1467910000,1,1,75.6541139882,30.2740261566
2025-08-12,RUB_KZT,10,0.0100000000,True,0.1466640000,0.1482055714,0.1467910000,1,1,59.6592448128,36.0021167510
2025-08-13,RUB_KZT,10,0.0100000000,True,0.1466640000,0.1482826667,0.1467910000,1,1,26.7690321704,74.0252850412
2025-08-14,RUB_KZT,10,0.0100000000,True,0.1466640000,0.1483597619,0.1482740000,1,1,0.0000000000,105.7403897540
2025-08-15,RUB_KZT,10,0.0100000000,True,0.1466640000,0.1484368571,0.1486970000,0,1,0.0000000000,10.9714760870
2025-08-16,RUB_KZT,10,0.0100000000,True,0.1467910000,0.1486030952,0.1486970000,0,1,2.3532259366,-8.6744331737
2025-08-19,RUB_KZT,10,0.0100000000,True,0.1467910000,0.1488596667,0.1487360000,0,1,0.0000000000,10.9275178636
2025-08-20,RUB_KZT,10,0.0100000000,True,0.1467910000,0.1489297619,0.1487360000,0,1,3.6292761610,9.3844173907
2025-08-21,RUB_KZT,10,0.0100000000,True,0.1467910000,0.1489998571,0.1490810000,0,1,0.0000000000,17.7085500561
2025-08-22,RUB_KZT,10,0.0100000000,True,0.1467910000,0.1490699524,0.1493440000,0,1,0.0000000000,-0.7411030104
2025-08-23,RUB_KZT,10,0.0100000000,True,0.1467910000,0.1491494286,0.1493410000,0,1,54.6742851054,-67.8897289966
2025-08-26,RUB_KZT,10,0.0100000000,True,0.1486970000,0.1495184762,0.1493410000,1,1,54.2106489960,-42.5715821711
2025-08-27,RUB_KZT,10,0.0100000000,True,0.1486970000,0.1496271905,0.1493410000,0,1,59.7714308535,-40.8889267962
2025-08-28,RUB_KZT,10,0.0100000000,True,0.1486970000,0.1497359048,0.1493410000,0,1,88.6664852632,-62.8503390414
2025-08-29,RUB_KZT,10,0.0100000000,True,0.1486970000,0.1498446190,0.1493410000,1,1,0.2008785087,33.4092108746
2025-08-30,RUB_KZT,10,0.0100000000,True,0.1487360000,0.1500530000,0.1493410000,1,1,2.7446412553,44.7175331383
2025-09-02,RUB_KZT,10,0.0100000000,True,0.1493410000,0.1513067619,0.1496540000,1,1,0.0000000000,129.9189725572
2025-09-03,RUB_KZT,10,0.0100000000,True,0.1493410000,0.1516124286,0.1498450000,1,1,0.0000000000,129.1733527312
2025-09-04,RUB_KZT,10,0.0100000000,True,0.1493410000,0.1519180952,0.1505010000,1,1,0.0000000000,136.4613764309
2025-09-05,RUB_KZT,10,0.0100000000,True,0.1493410000,0.1522237619,0.1510150000,1,1,0.0000000000,113.1729950177
2025-09-06,RUB_KZT,10,0.0100000000,True,0.1493410000,0.1523877143,0.1510150000,0,1,0.0000000000,90.0803776832
2025-09-09,RUB_KZT,10,0.0100000000,True,0.1493410000,0.1528816667,0.1530650000,0,1,0.5226264593,-12.5151260779
2025-09-10,RUB_KZT,10,0.0100000000,True,0.1493410000,0.1531212857,0.1530650000,0,0,160.1352567564,-159.0056062001
2025-09-11,RUB_KZT,10,0.0100000000,True,0.1493410000,0.1533609048,0.1530650000,0,0,325.2618338801,-316.2536922709
2025-09-12,RUB_KZT,10,0.0100000000,True,0.1493410000,0.1536005238,0.1530650000,0,0,383.4917603302,-362.5297656785
2025-09-13,RUB_KZT,10,0.0100000000,True,0.1496540000,0.1538818095,0.1530650000,0,0,224.5483168456,-175.4067283549
2025-09-16,RUB_KZT,10,0.0100000000,True,0.1510150000,0.1544405238,0.1530650000,0,1,34.7009726689,54.5532861934
2025-09-17,RUB_KZT,10,0.0100000000,True,0.1510150000,0.1545996190,0.1535940000,0,1,0.0000000000,99.2640898518
2025-09-18,RUB_KZT,10,0.0100000000,True,0.1510150000,0.1547587143,0.1535940000,0,1,15.4714233710,59.8812344747
2025-09-19,RUB_KZT,10,0.0100000000,True,0.1530650000,0.1549178095,0.1535940000,1,1,9.2366134152,76.2862273513
2025-09-20,RUB_KZT,10,0.0100000000,True,0.1522570000,0.1548789524,0.1522570000,0,0,139.6894064010,30.0203722846
2025-09-23,RUB_KZT,10,0.0100000000,True,0.1475160000,0.1536188095,0.1475160000,0,0,498.0418427291,-106.0541011378
2025-09-24,RUB_KZT,10,0.0100000000,True,0.1475160000,0.1532926190,0.1475160000,0,0,395.7185827571,-19.6604999154
2025-09-25,RUB_KZT,10,0.0100000000,True,0.1475160000,0.1529664286,0.1475160000,0,0,427.8761923302,-74.7596344669
2025-09-26,RUB_KZT,10,0.0100000000,True,0.1475160000,0.1526402381,0.1475160000,0,0,422.8424517461,-90.9826872712
2025-09-27,RUB_KZT,10,0.0100000000,True,0.1475160000,0.1525440952,0.1475160000,0,0,443.1314623338,-118.7790821452
2025-09-30,RUB_KZT,10,0.0100000000,True,0.1475160000,0.1521071905,0.1475160000,0,0,311.3814143192,-9.8489442439
2025-10-01,RUB_KZT,10,0.0100000000,True,0.1475160000,0.1518933810,0.1475160000,0,0,200.0956632653,89.8907473005
2025-10-02,RUB_KZT,10,0.0100000000,True,0.1475160000,0.1516795714,0.1475160000,1,1,61.5108907289,214.3051564529
2025-10-03,RUB_KZT,10,0.0100000000,True,0.1475160000,0.1514657619,0.1497310000,1,1,0.0000000000,260.7692890520
2025-10-04,RUB_KZT,10,0.0100000000,True,0.1475160000,0.1512154762,0.1497310000,0,1,0.0000000000,98.1695940041
2025-10-07,RUB_KZT,10,0.0100000000,True,0.1463690000,0.1502580000,0.1463690000,0,0,343.7151584322,-87.9154520891
2025-10-08,RUB_KZT,10,0.0100000000,True,0.1463690000,0.1500778095,0.1463690000,0,0,252.1394558956,-5.1433637281
2025-10-09,RUB_KZT,10,0.0100000000,True,0.1463690000,0.1498976190,0.1463690000,0,0,278.3607863974,-44.1888908302
2025-10-10,RUB_KZT,10,0.0100000000,True,0.1463690000,0.1497174286,0.1463690000,0,0,290.1627272908,-68.5004704100
2025-10-11,RUB_KZT,10,0.0100000000,True,0.1463690000,0.1496907619,0.1463690000,0,0,237.1201408714,-15.5813286184
2025-10-14,RUB_KZT,10,0.0100000000,True,0.1463690000,0.1500347143,0.1463690000,0,0,241.5462157982,2.8469601797
2025-10-15,RUB_KZT,10,0.0100000000,True,0.1463690000,0.1500700952,0.1463690000,0,0,155.8317528214,92.2299166866
2025-10-16,RUB_KZT,10,0.0100000000,True,0.1463690000,0.1501054762,0.1465710000,1,1,0.0000000000,248.9233761022
2025-10-17,RUB_KZT,10,0.0100000000,True,0.1463690000,0.1501408571,0.1504740000,1,1,0.0000000000,237.7672014661
2025-10-18,RUB_KZT,10,0.0100000000,True,0.1463690000,0.1499121429,0.1467760000,0,0,252.1053051032,-44.0162571411
2025-10-21,RUB_KZT,10,0.0100000000,True,0.1463690000,0.1497708095,0.1467760000,0,0,324.3966591297,-128.6092051124
2025-10-22,RUB_KZT,10,0.0100000000,True,0.1463690000,0.1499060476,0.1467760000,0,0,290.6661374611,-84.3163035133
2025-10-23,RUB_KZT,10,0.0100000000,True,0.1463690000,0.1500277619,0.1467760000,0,0,319.2913723395,-105.9296009659
2025-10-24,RUB_KZT,10,0.0100000000,True,0.1463690000,0.1501494762,0.1467760000,0,0,273.8736589600,-50.5845127665
2025-10-25,RUB_KZT,10,0.0100000000,True,0.1463690000,0.1502679524,0.1467760000,0,0,245.7567420285,-13.7120134921
2025-10-28,RUB_KZT,10,0.0100000000,True,0.1467760000,0.1512804762,0.1483150000,1,1,0.0000000000,297.7566110252
2025-10-29,RUB_KZT,10,0.0100000000,True,0.1467760000,0.1514527619,0.1483150000,0,1,0.6067797524,206.5833508358
2025-10-30,RUB_KZT,10,0.0100000000,True,0.1467760000,0.1516250476,0.1518510000,0,1,0.0000000000,218.3048032647
2025-10-31,RUB_KZT,10,0.0100000000,True,0.1467760000,0.1517973333,0.1524800000,0,1,0.0000000000,-3.5354156419
2025-11-01,RUB_KZT,10,0.0100000000,True,0.1467760000,0.1519075714,0.1524800000,0,1,18.5907674583,-56.3782676120
2025-11-02,RUB_KZT,10,0.0100000000,True,0.1467760000,0.1521082381,0.1524800000,0,1,0.0000000000,-24.4406160651
2025-11-06,RUB_KZT,10,0.0100000000,True,0.1467760000,0.1527919524,0.1536280000,0,0,113.2648595773,-169.9073530113
2025-11-07,RUB_KZT,10,0.0100000000,True,0.1467760000,0.1529945714,0.1536280000,0,1,89.8587933248,-132.4510113337
2025-11-08,RUB_KZT,10,0.0100000000,True,0.1483150000,0.1534035714,0.1536280000,0,1,36.4485375186,-51.2653365306
2025-11-11,RUB_KZT,10,0.0100000000,True,0.1524800000,0.1542104286,0.1536280000,0,1,24.9331220944,12.8673899208
2025-11-12,RUB_KZT,10,0.0100000000,True,0.1524800000,0.1541979048,0.1525010000,0,0,185.5403387736,-76.9203213187
2025-11-13,RUB_KZT,10,0.0100000000,True,0.1524800000,0.1541989048,0.1525010000,0,0,145.0764478565,-35.4798394282
2025-11-14,RUB_KZT,10,0.0100000000,True,0.1524800000,0.1541999048,0.1525010000,1,1,73.3590230947,37.0885288670
2025-11-15,RUB_KZT,10,0.0100000000,True,0.1521620000,0.1541847619,0.1521620000,0,0,165.9029658306,-35.2977874412
2025-11-18,RUB_KZT,10,0.0100000000,True,0.1508640000,0.1537770952,0.1508640000,0,0,289.7048884884,-103.2601610432
2025-11-19,RUB_KZT,10,0.0100000000,True,0.1508640000,0.1536420000,0.1508640000,0,0,244.3692892662,-65.1514559821
2025-11-20,RUB_KZT,10,0.0100000000,True,0.1508640000,0.1535069048,0.1508640000,0,0,289.4548824995,-120.7825303345
2025-11-21,RUB_KZT,10,0.0100000000,True,0.1508640000,0.1533718095,0.1508640000,0,0,293.7656823007,-134.1961396022
2025-11-22,RUB_KZT,10,0.0100000000,True,0.1508640000,0.1532572381,0.1508640000,0,0,107.3435584029,49.3443640664
2025-11-25,RUB_KZT,10,0.0100000000,True,0.1508640000,0.1529362381,0.1508640000,1,1,85.3038209277,50.6248947196
2025-11-26,RUB_KZT,10,0.0100000000,True,0.1508640000,0.1528202857,0.1508640000,1,1,65.2596226664,63.1647630924
2025-11-27,RUB_KZT,10,0.0100000000,True,0.1508640000,0.1527043333,0.1508640000,1,1,49.1395629547,71.7290275543
2025-11-28,RUB_KZT,10,0.0100000000,True,0.1508640000,0.1525883810,0.1508680000,1,1,0.0000000000,113.0086669521
2025-11-29,RUB_KZT,10,0.0100000000,True,0.1508640000,0.1524839048,0.1508680000,1,1,32.0442938032,74.1655169226
2025-12-02,RUB_KZT,10,0.0100000000,True,0.1508640000,0.1520106667,0.1508680000,1,1,48.6788121842,26.6209388815
2025-12-03,RUB_KZT,10,0.0100000000,True,0.1508640000,0.1520496667,0.1511080000,1,1,0.0000000000,77.7158340805
2025-12-04,RUB_KZT,10,0.0100000000,True,0.1508640000,0.1520886667,0.1511080000,0,0,149.1564317192,-85.9586293960
2025-12-05,RUB_KZT,10,0.0100000000,True,0.1508640000,0.1521276667,0.1511080000,0,0,107.6901926640,-41.1058255895
2025-12-06,RUB_KZT,10,0.0100000000,True,0.1508640000,0.1521242857,0.1511080000,1,1,77.8756878144,-11.1562913783
2025-12-09,RUB_KZT,10,0.0100000000,True,0.1508680000,0.1525451429,0.1511080000,0,0,134.6860698174,-41.0276676881
2025-12-10,RUB_KZT,10,0.0100000000,True,0.1508680000,0.1528228095,0.1513380000,1,1,0.0000000000,112.2090039538
2025-12-11,RUB_KZT,10,0.0100000000,True,0.1508680000,0.1531004762,0.1520910000,1,1,0.0000000000,115.1189228362
2025-12-12,RUB_KZT,10,0.0100000000,True,0.1508680000,0.1533781429,0.1520910000,0,1,62.6592616792,21.3943689127
2025-12-13,RUB_KZT,10,0.0100000000,True,0.1508680000,0.1534549048,0.1520910000,0,1,80.1591442734,8.7911665068
2025-12-16,RUB_KZT,10,0.0100000000,True,0.1511080000,0.1535371905,0.1524160000,1,1,0.0000000000,94.1915422384
2025-12-17,RUB_KZT,10,0.0100000000,True,0.1511080000,0.1534995238,0.1515030000,0,1,89.0982239231,41.3371842320
2025-12-18,RUB_KZT,10,0.0100000000,True,0.1511080000,0.1534618571,0.1515030000,0,0,206.2782008352,-80.2898440096
2025-12-19,RUB_KZT,10,0.0100000000,True,0.1511080000,0.1534241905,0.1515030000,0,0,263.7413483969,-142.2728395721
2025-12-20,RUB_KZT,10,0.0100000000,True,0.1511080000,0.1534389524,0.1515030000,0,0,361.4235545603,-244.0741129247
2025-12-23,RUB_KZT,10,0.0100000000,True,0.1515030000,0.1538883810,0.1515030000,0,0,111.9320184313,43.5628049520
2025-12-24,RUB_KZT,10,0.0100000000,True,0.1515030000,0.1539673333,0.1515030000,1,1,70.9763674256,89.7160003637
2025-12-25,RUB_KZT,10,0.0100000000,True,0.1515030000,0.1540462857,0.1515030000,0,0,145.6976903013,19.6879602049
2025-12-26,RUB_KZT,10,0.0100000000,True,0.1515030000,0.1541252381,0.1515030000,1,1,59.9018475751,110.8992995801
2025-12-27,RUB_KZT,10,0.0100000000,True,0.1515030000,0.1542627143,0.1515030000,1,1,0.0000000000,178.8970392809
2025-12-30,RUB_KZT,10,0.0100000000,True,0.1515030000,0.1543469048,0.1549780000,0,1,0.0000000000,56.1012067745
2025-12-31,RUB_KZT,10,0.0100000000,True,0.1515030000,0.1542418571,0.1549780000,0,1,0.0000000000,-47.7265296709
2026-01-13,RUB_KZT,10,0.0100000000,True,0.1500660000,0.1538762857,0.1500660000,0,0,287.6817831740,-41.2483497875
2026-01-14,RUB_KZT,10,0.0100000000,True,0.1500660000,0.1536456667,0.1500660000,0,0,297.1641385731,-66.1478683638
2026-01-15,RUB_KZT,10,0.0100000000,True,0.1500660000,0.1534150476,0.1500660000,0,0,264.1156892894,-47.0587724058
2026-01-16,RUB_KZT,10,0.0100000000,True,0.1500660000,0.1531844286,0.1500660000,0,0,245.7636482999,-43.2531840704
2026-01-17,RUB_KZT,10,0.0100000000,True,0.1500660000,0.1529953810,0.1500660000,0,0,148.6246963829,43.4902641007
2026-01-20,RUB_KZT,10,0.0100000000,True,0.1500660000,0.1525353810,0.1500660000,0,0,115.8570722872,46.5715526421
2026-01-21,RUB_KZT,10,0.0100000000,True,0.1500660000,0.1523226667,0.1500660000,0,0,173.0099274432,-25.2971761699
2026-01-22,RUB_KZT,10,0.0100000000,True,0.1500660000,0.1521099524,0.1500660000,0,0,183.8091001858,-50.3614396729
2026-01-23,RUB_KZT,10,0.0100000000,True,0.1500660000,0.1518972381,0.1501350000,1,1,0.0000000000,120.5576953341
2026-01-24,RUB_KZT,10,0.0100000000,True,0.1500660000,0.1518600952,0.1501350000,1,1,0.0000000000,113.5976660222
2026-01-27,RUB_KZT,10,0.0100000000,True,0.1500660000,0.1516710476,0.1505110000,1,1,32.9121635940,43.7161626729
2026-01-28,RUB_KZT,10,0.0100000000,True,0.1500660000,0.1518283333,0.1505110000,0,0,134.1784763828,-48.0586627441
2026-01-29,RUB_KZT,10,0.0100000000,True,0.1500660000,0.1519856190,0.1505110000,0,1,87.7221867323,9.3837198883
2026-01-30,RUB_KZT,10,0.0100000000,True,0.1500660000,0.1521429048,0.1505110000,1,1,23.9936900572,83.4678924983
2026-01-31,RUB_KZT,10,0.0100000000,True,0.1500660000,0.1523886667,0.1505110000,1,1,0.0000000000,123.2156372084
2026-02-03,RUB_KZT,10,0.0100000000,True,0.1501350000,0.1531140952,0.1523880000,0,1,87.3603892514,-40.2905272010
2026-02-04,RUB_KZT,10,0.0100000000,True,0.1501350000,0.1534017143,0.1527690000,0,1,0.0000000000,66.0823309853
2026-02-05,RUB_KZT,10,0.0100000000,True,0.1501350000,0.1536893333,0.1535190000,0,1,0.0000000000,59.8827071061
2026-02-06,RUB_KZT,10,0.0100000000,True,0.1505110000,0.1539769524,0.1556330000,0,1,0.0000000000,29.7416187209
2026-02-07,RUB_KZT,10,0.0100000000,True,0.1505110000,0.1541420952,0.1544760000,0,1,74.3415599519,-96.7227517961
2026-02-10,RUB_KZT,10,0.0100000000,True,0.1505110000,0.1547496190,0.1544760000,0,0,159.8868688928,-144.5160877387
2026-02-11,RUB_KZT,10,0.0100000000,True,0.1505110000,0.1550539524,0.1544760000,0,0,101.3091370461,-64.6902322479
2026-02-12,RUB_KZT,10,0.0100000000,True,0.1505110000,0.1553582857,0.1544760000,0,0,191.1903839682,-137.0196816943
2026-02-13,RUB_KZT,10,0.0100000000,True,0.1523880000,0.1556626190,0.1544760000,0,0,182.0261853311,-107.7574669271
2026-02-14,RUB_KZT,10,0.0100000000,True,0.1523880000,0.1558136190,0.1544760000,0,0,108.7882183448,-23.1931556811
2026-02-17,RUB_KZT,10,0.0100000000,True,0.1538560000,0.1559648571,0.1538560000,1,1,40.1356845076,95.4610654048
2026-02-18,RUB_KZT,10,0.0100000000,True,0.1538560000,0.1558874762,0.1538560000,0,0,136.3610137002,-6.1277411026
2026-02-19,RUB_KZT,10,0.0100000000,True,0.1538560000,0.1558100952,0.1538560000,0,0,100.3757656869,25.2933057703
2026-02-20,RUB_KZT,10,0.0100000000,True,0.1538560000,0.1557327143,0.1538560000,0,0,177.2934183729,-57.8096720663
2026-02-21,RUB_KZT,10,0.0100000000,True,0.1538560000,0.1556430952,0.1538560000,0,0,194.1339179870,-80.8840739115
2026-02-25,RUB_KZT,10,0.0100000000,True,0.1538560000,0.1556630476,0.1538560000,1,1,15.2507284656,100.9904176420
2026-02-26,RUB_KZT,10,0.0100000000,True,0.1538560000,0.1558657143,0.1538560000,1,1,3.1837822033,125.7950983447
2026-02-27,RUB_KZT,10,0.0100000000,True,0.1538560000,0.1560683810,0.1540080000,1,1,0.0000000000,141.7571540680
2026-02-28,RUB_KZT,10,0.0100000000,True,0.1538560000,0.1563519524,0.1540080000,1,1,0.0000000000,149.9151334702
2026-03-03,RUB_KZT,10,0.0100000000,True,0.1538560000,0.1570096667,0.1544160000,1,1,44.3573344337,121.3725694172
2026-03-04,RUB_KZT,10,0.0100000000,True,0.1538560000,0.1573079524,0.1561980000,1,1,0.0000000000,183.8401897158
2026-03-05,RUB_KZT,10,0.0100000000,True,0.1538560000,0.1576062381,0.1564330000,0,1,0.0000000000,89.3516723867
2026-03-06,RUB_KZT,10,0.0100000000,True,0.1538560000,0.1579045238,0.1594400000,0,1,0.0000000000,93.1907315904
2026-03-07,RUB_KZT,10,0.0100000000,True,0.1538560000,0.1582890476,0.1594400000,0,1,61.7711040884,-135.3190516445
2026-03-11,RUB_KZT,10,0.0100000000,True,0.1540080000,0.1619143333,0.1608410000,0,1,0.0000000000,152.8174363810
2026-03-12,RUB_KZT,10,0.0100000000,True,0.1540080000,0.1628737143,0.1615630000,0,1,0.0000000000,124.8030902119
2026-03-13,RUB_KZT,10,0.0100000000,True,0.1544160000,0.1638330952,0.1631660000,0,1,0.0000000000,138.5614569996
2026-03-14,RUB_KZT,10,0.0100000000,True,0.1544160000,0.1645306190,0.1631660000,0,1,0.0000000000,82.9401272248
2026-03-17,RUB_KZT,10,0.0100000000,True,0.1594400000,0.1663610952,0.1673530000,0,1,0.0000000000,83.1982523386
2026-03-18,RUB_KZT,10,0.0100000000,True,0.1594400000,0.1667410000,0.1673530000,0,1,66.3026058052,-103.6937525863
2026-03-19,RUB_KZT,10,0.0100000000,True,0.1594400000,0.1671209048,0.1673530000,0,0,356.1282292129,-383.6800217920
2026-03-20,RUB_KZT,10,0.0100000000,True,0.1594400000,0.1675008095,0.1673530000,0,0,482.2757957835,-497.4418034085
2026-03-21,RUB_KZT,10,0.0100000000,True,0.1594400000,0.1678840000,0.1673530000,0,0,390.5716172375,-373.5317242858
2026-03-24,RUB_KZT,10,0.0100000000,True,0.1631660000,0.1690446190,0.1673530000,0,0,141.3238135633,-41.8458130384
2026-03-25,RUB_KZT,10,0.0100000000,True,0.1631660000,0.1693132381,0.1673530000,0,1,29.7879692350,86.2447680799
2026-03-26,RUB_KZT,10,0.0100000000,True,0.1631660000,0.1695818571,0.1683970000,0,1,0.0000000000,131.4325235264
2026-03-27,RUB_KZT,10,0.0100000000,True,0.1649770000,0.1698504762,0.1683970000,0,0,110.6406469307,-25.3472241692
2026-03-28,RUB_KZT,10,0.0100000000,True,0.1673420000,0.1699630952,0.1673420000,1,1,63.3576590325,91.4372167627
2026-03-31,RUB_KZT,10,0.0100000000,True,0.1637600000,0.1692433333,0.1637600000,0,0,280.0365626373,45.2208851161
2026-04-01,RUB_KZT,10,0.0100000000,True,0.1604190000,0.1685892381,0.1604190000,0,0,492.5620814319,-8.3494003741
2026-04-02,RUB_KZT,10,0.0100000000,True,0.1604190000,0.1679351429,0.1604190000,0,0,473.7614090512,-27.5021139113
2026-04-03,RUB_KZT,10,0.0100000000,True,0.1604190000,0.1672810476,0.1604190000,0,0,512.8038322787,-108.1385134000
2026-04-04,RUB_KZT,10,0.0100000000,True,0.1604190000,0.1668718095,0.1604190000,0,0,496.8988252857,-115.9686876838
2026-04-07,RUB_KZT,10,0.0100000000,True,0.1577340000,0.1655605714,0.1577340000,0,0,574.1535298969,-107.5998080979
2026-04-08,RUB_KZT,10,0.0100000000,True,0.1577340000,0.1652227619,0.1577340000,0,0,659.4974862469,-220.8072334090
2026-04-09,RUB_KZT,10,0.0100000000,True,0.1577340000,0.1648849524,0.1577340000,0,0,726.4389440884,-315.6775402416
2026-04-10,RUB_KZT,10,0.0100000000,True,0.1577340000,0.1645471429,0.1577340000,0,0,367.9775280899,47.8369203789
2026-04-11,RUB_KZT,10,0.0100000000,True,0.1577340000,0.1641549524,0.1577340000,0,0,167.3741888430,227.5869431147
2026-04-14,RUB_KZT,10,0.0100000000,True,0.1577340000,0.1630235714,0.1577340000,0,0,212.4623040743,114.4356863381
2026-04-15,RUB_KZT,10,0.0100000000,True,0.1577340000,0.1627552381,0.1577340000,0,0,124.6517451870,186.1837524065
2026-04-16,RUB_KZT,10,0.0100000000,True,0.1577340000,0.1624869048,0.1588740000,1,1,0.0000000000,292.5100191224
2026-04-17,RUB_KZT,10,0.0100000000,True,0.1577340000,0.1622185714,0.1588740000,0,0,100.8149938938,106.4348806284
2026-04-18,RUB_KZT,10,0.0100000000,True,0.1577340000,0.1619130476,0.1588740000,0,0,151.3188482162,36.9363450223
2026-04-21,RUB_KZT,10,0.0100000000,True,0.1577340000,0.1612092381,0.1588740000,0,1,85.3708765492,59.9989247928
2026-04-22,RUB_KZT,10,0.0100000000,True,0.1577340000,0.1612876667,0.1609260000,1,1,0.0000000000,149.6497975667
2026-04-23,RUB_KZT,10,0.0100000000,True,0.1577340000,0.1613660952,0.1609260000,0,1,28.3177286331,-1.0476030841
2026-04-24,RUB_KZT,10,0.0100000000,True,0.1577340000,0.1614445238,0.1609260000,0,1,78.6061738214,-46.8567265477
2026-04-25,RUB_KZT,10,0.0100000000,True,0.1577340000,0.1615306190,0.1609260000,0,0,137.6461647832,-101.6142302963
2026-04-28,RUB_KZT,10,0.0100000000,True,0.1588740000,0.1618659048,0.1610260000,0,1,0.0000000000,58.0668772270
2026-04-29,RUB_KZT,10,0.0100000000,True,0.1588740000,0.1618187619,0.1603250000,0,0,109.3782773384,-17.2562249242
2026-04-30,RUB_KZT,10,0.0100000000,True,0.1588740000,0.1617716190,0.1603250000,0,0,210.7744066627,-123.9637066246
2026-05-01,RUB_KZT,10,0.0100000000,True,0.1588740000,0.1617244762,0.1603250000,0,0,107.4253699110,-21.1176327522
2026-05-05,RUB_KZT,10,0.0100000000,True,0.1564020000,0.1613479048,0.1564020000,0,0,402.7834026730,-100.2861016685
2026-05-06,RUB_KZT,10,0.0100000000,True,0.1542640000,0.1609237143,0.1542640000,0,0,489.0379540802,-79.0614186314
2026-05-07,RUB_KZT,10,0.0100000000,True,0.1542640000,0.1604995238,0.1542640000,0,0,463.9920875317,-79.1576298995
2026-05-08,RUB_KZT,10,0.0100000000,True,0.1542640000,0.1600753333,0.1542640000,0,0,419.9321848646,-59.3887044850
2026-05-09,RUB_KZT,10,0.0100000000,True,0.1538800000,0.1597398095,0.1538800000,0,0,401.9959457352,-36.6339785890
2026-05-13,RUB_KZT,10,0.0100000000,True,0.1500520000,0.1575446190,0.1500520000,0,0,619.9912483591,-153.9488284045
2026-05-14,RUB_KZT,10,0.0100000000,True,0.1500520000,0.1570197143,0.1500520000,0,0,508.7447420855,-68.4809368796
2026-05-15,RUB_KZT,10,0.0100000000,True,0.1500520000,0.1564948095,0.1500520000,0,0,406.0050382987,5.9305177016
2026-05-16,RUB_KZT,10,0.0100000000,True,0.1500520000,0.1559710476,0.1500520000,0,0,273.0384276306,109.4464418305
2026-05-19,RUB_KZT,10,0.0100000000,True,0.1484900000,0.1542880952,0.1484900000,0,0,350.2729399532,26.4502091017
2026-05-20,RUB_KZT,10,0.0100000000,True,0.1462720000,0.1536189048,0.1462720000,0,0,406.5691180618,74.7241860423
2026-05-21,RUB_KZT,10,0.0100000000,True,0.1462720000,0.1529497143,0.1462720000,0,0,270.7161006239,170.4948778684
2026-05-22,RUB_KZT,10,0.0100000000,True,0.1462720000,0.1522805238,0.1462720000,0,0,251.9126702743,146.3433243972
2026-05-23,RUB_KZT,10,0.0100000000,True,0.1462720000,0.1516576190,0.1462720000,0,0,315.8703150758,40.5267504184
2026-05-26,RUB_KZT,10,0.0100000000,True,0.1462720000,0.1504429048,0.1462720000,0,0,374.7524133529,-101.3072195400
2026-05-27,RUB_KZT,10,0.0100000000,True,0.1462720000,0.1503053810,0.1462720000,0,0,356.8579622243,-91.7877350017
2026-05-28,RUB_KZT,10,0.0100000000,True,0.1462720000,0.1501678571,0.1462720000,0,0,149.3703279682,111.7321093063
2026-05-29,RUB_KZT,10,0.0100000000,True,0.1462720000,0.1500303333,0.1462720000,0,0,214.2833249707,37.0147370198
2026-05-30,RUB_KZT,10,0.0100000000,True,0.1462720000,0.1498600476,0.1462720000,1,1,0.0000000000,239.4265633872
2026-06-02,RUB_KZT,10,0.0100000000,True,0.1462720000,0.1493230476,0.1464460000,1,1,54.1957567032,139.2315287022
2026-06-03,RUB_KZT,10,0.0100000000,True,0.1462720000,0.1491388095,0.1464460000,0,0,131.4051591687,49.8065879821
2026-06-04,RUB_KZT,10,0.0100000000,True,0.1462720000,0.1489545714,0.1464460000,0,0,153.2358379560,15.4121774424
2026-06-05,RUB_KZT,10,0.0100000000,True,0.1462720000,0.1487703333,0.1464460000,0,0,355.0517989686,-206.1342875260
2026-06-06,RUB_KZT,10,0.0100000000,True,0.1462720000,0.1485843810,0.1464460000,0,0,325.6791036888,-187.8810565233
2026-06-09,RUB_KZT,10,0.0100000000,True,0.1462720000,0.1484124286,0.1464460000,0,0,256.6797956142,-127.4537076698
2026-06-10,RUB_KZT,10,0.0100000000,True,0.1462720000,0.1486172381,0.1464460000,0,0,102.8600778547,43.6852483305
2026-06-11,RUB_KZT,10,0.0100000000,True,0.1462720000,0.1488220476,0.1468120000,1,1,0.0000000000,159.6569632700
2026-06-12,RUB_KZT,10,0.0100000000,True,0.1464460000,0.1490268571,0.1468120000,1,1,24.5967358365,124.3304179112
2026-06-16,RUB_KZT,10,0.0100000000,True,0.1464460000,0.1498439048,0.1468120000,0,1,84.4240926099,118.9174003932
2026-06-17,RUB_KZT,10,0.0100000000,True,0.1464460000,0.1501954286,0.1493280000,1,1,0.0000000000,225.2684122020
2026-06-18,RUB_KZT,10,0.0100000000,True,0.1464460000,0.1505469524,0.1498990000,0,1,0.0000000000,80.9682535365
2026-06-19,RUB_KZT,10,0.0100000000,True,0.1464460000,0.1508984762,0.1505730000,0,1,0.0000000000,66.2350088423
2026-06-20,RUB_KZT,10,0.0100000000,True,0.1464460000,0.1513522381,0.1505730000,0,1,0.0000000000,51.4850725067
2026-06-23,RUB_KZT,10,0.0100000000,True,0.1468120000,0.1534918095,0.1532210000,0,1,0.0000000000,159.5400778326
2026-06-24,RUB_KZT,10,0.0100000000,True,0.1468120000,0.1542341905,0.1537950000,0,1,0.0000000000,65.6916908671
2026-06-25,RUB_KZT,10,0.0100000000,True,0.1468120000,0.1549765714,0.1553010000,0,1,0.0000000000,76.2419388737
2026-06-26,RUB_KZT,10,0.0100000000,True,0.1468120000,0.1557189524,0.1587580000,0,1,0.0000000000,26.8401742088
2026-06-27,RUB_KZT,10,0.0100000000,True,0.1468120000,0.1565340476,0.1587580000,0,1,0.0000000000,-142.0746741543
2026-06-30,RUB_KZT,10,0.0100000000,True,0.1505730000,0.1584238095,0.1611080000,0,1,0.0000000000,-88.9506748024
2026-07-01,RUB_KZT,10,0.0100000000,True,0.1505730000,0.1590641429,0.1612730000,0,1,0.0000000000,-128.4926386390
2026-07-02,RUB_KZT,10,0.0100000000,True,0.1505730000,0.1597044762,0.1612730000,0,1,94.2828362243,-194.3291686967
2026-07-03,RUB_KZT,10,0.0100000000,True,0.1510430000,0.1603448095,0.1612730000,0,1,81.7943088381,-140.8334004011
2026-07-04,RUB_KZT,10,0.0100000000,True,0.1532210000,0.1610037143,0.1612730000,0,1,91.6050232238,-109.3319941155
2026-07-07,RUB_KZT,10,0.0100000000,True,0.1587580000,0.1625799048,0.1612730000,0,0,236.4707378057,-159.8657129183
2026-07-08,RUB_KZT,10,0.0100000000,True,0.1587580000,0.1629237619,0.1622000000,0,1,0.0000000000,101.3211262410
2026-07-09,RUB_KZT,10,0.0100000000,True,0.1587580000,0.1632676190,0.1622510000,0,1,0.0000000000,65.3907402978
2026-07-10,RUB_KZT,10,0.0100000000,True,0.1598330000,0.1636114762,0.1624180000,0,1,0.0000000000,83.1528583540
2026-07-11,RUB_KZT,10,0.0100000000,True,0.1611080000,0.1639380000,0.1624180000,0,1,97.6710157298,-5.0018909588
2026-07-14,RUB_KZT,10,0.0100000000,True,0.1612730000,0.1646660952,0.1624180000,0,0,149.3207180980,-12.9902128058
2026-07-15,RUB_KZT,10,0.0100000000,True,0.1612730000,0.1648936190,0.1659790000,1,1,0.0000000000,150.1343145913
2026-07-16,RUB_KZT,10,0.0100000000,True,0.1612730000,0.1651211429,0.1659790000,0,1,17.0213277839,-69.0921297610
2026-07-17,RUB_KZT,10,0.0100000000,True,0.1612730000,0.1653486667,0.1659790000,0,1,45.4608155358,-83.9639872109
2026-07-18,RUB_KZT,10,0.0100000000,True,0.1612730000,0.1652867143,0.1638780000,0,0,126.5822784810,-41.8839298293
2026-07-21,RUB_KZT,10,0.0100000000,True,0.1624180000,0.1659689048,0.1638780000,0,0,168.6963825064,-43.4476108118
2026-07-22,RUB_KZT,10,0.0100000000,True,0.1624180000,0.1661309048,0.1638780000,0,0,189.1197758580,-54.5410403557
2026-07-23,RUB_KZT,10,0.0100000000,True,0.1624180000,0.1662929048,0.1638780000,0,0,193.6989498250,-49.4365793461
2026-07-24,RUB_KZT,10,0.0100000000,True,0.1624180000,0.1664549048,0.1638780000,0,0,225.4006692235,-72.2174717420
2026-07-25,RUB_KZT,10,0.0100000000,True,0.1624180000,0.1666543333,0.1638780000,0,0,218.6914325960,-53.2639415317
2026-07-28,RUB_KZT,10,0.0100000000,True,0.1638780000,0.1676055714,0.1662400000,1,1,0.0000000000,222.4014032946
2026-07-29,RUB_KZT,10,0.0100000000,True,0.1638780000,0.1680715714,0.1664540000,0,1,0.0000000000,108.9756829786
2026-07-30,RUB_KZT,10,0.0100000000,True,0.1638780000,0.1685375714,0.1673560000,0,1,0.0000000000,123.6265249885
2026-07-31,RUB_KZT,10,0.0100000000,True,0.1638780000,0.1690035714,0.1674220000,0,1,0.0000000000,97.4873734706
2026-08-01,RUB_KZT,10,0.0100000000,True,0.1638780000,0.1694366190,0.1674220000,0,1,0.0000000000,118.9010415188
2026-08-04,RUB_KZT,10,0.0100000000,True,0.1638780000,0.1710218095,0.1706620000,0,1,0.0000000000,114.2432961767
2026-08-05,RUB_KZT,10,0.0100000000,True,0.1638780000,0.1716980476,0.1714680000,0,1,0.0000000000,60.3412580058
2026-08-06,RUB_KZT,10,0.0100000000,True,0.1638780000,0.1723742857,0.1732630000,0,1,0.0000000000,52.5766189853
2026-08-07,RUB_KZT,10,0.0100000000,True,0.1638780000,0.1730505238,0.1757650000,0,1,0.0000000000,-12.2782749106
2026-08-08,RUB_KZT,10,0.0100000000,True,0.1662400000,0.1739711429,0.1757650000,0,1,0.0000000000,-103.1123388280
2026-08-11,RUB_KZT,10,0.0100000000,True,0.1674220000,0.1763463333,0.1767380000,0,1,0.0000000000,31.8880082565
2026-08-12,RUB_KZT,10,0.0100000000,True,0.1674220000,0.1769910000,0.1782060000,0,1,0.0000000000,14.2945121503
2026-08-13,RUB_KZT,10,0.0100000000,True,0.1674220000,0.1776356667,0.1801540000,0,1,0.0000000000,-32.1069154656
2026-08-14,RUB_KZT,10,0.0100000000,True,0.1690680000,0.1782803333,0.1803360000,0,1,0.0000000000,-105.0966548937
2026-08-15,RUB_KZT,10,0.0100000000,True,0.1706620000,0.1789102857,0.1803360000,0,1,77.4170119344,-158.3315500506
2026-08-18,RUB_KZT,10,0.0100000000,True,0.1757650000,0.1808233810,0.1803360000,0,0,156.9228921844,-132.0415001115
2026-08-19,RUB_KZT,10,0.0100000000,True,0.1757650000,0.1812709048,0.1803360000,0,0,230.0332643486,-182.6600491924
2026-08-20,RUB_KZT,10,0.0100000000,True,0.1757650000,0.1817184286,0.1803360000,0,0,252.6876780300,-181.1908376303
2026-08-21,RUB_KZT,10,0.0100000000,True,0.1757840000,0.1821659524,0.1809600000,0,1,0.0000000000,100.4552363949
2026-08-22,RUB_KZT,10,0.0100000000,True,0.1767380000,0.1826454762,0.1809600000,0,1,0.0000000000,92.2812995772
2026-08-25,RUB_KZT,10,0.0100000000,False,,,,,,,
2026-08-26,RUB_KZT,10,0.0100000000,False,,,,,,,
2026-08-27,RUB_KZT,10,0.0100000000,False,,,,,,,
2026-08-28,RUB_KZT,10,0.0100000000,False,,,,,,,
2026-08-29,RUB_KZT,10,0.0100000000,False,,,,,,,
2026-09-01,RUB_KZT,10,0.0100000000,False,,,,,,,
2026-09-02,RUB_KZT,10,0.0100000000,False,,,,,,,
