date,corridor,horizon_calendar_days,epsilon,has_full_window,window_min_rub_per_unit,window_mean_rub_per_unit,future_min_rub_per_unit,target_good_now,message_hit,future_regret_bps,moment_advantage_bps
2016-09-02,RUB_TJS,20,0.0000000000,False,,,,,,,
2016-09-03,RUB_TJS,20,0.0000000000,False,,,,,,,
2016-09-06,RUB_TJS,20,0.0000000000,False,,,,,,,
2016-09-07,RUB_TJS,20,0.0000000000,False,,,,,,,
2016-09-08,RUB_TJS,20,0.0000000000,False,,,,,,,
2016-09-09,RUB_TJS,20,0.0000000000,False,,,,,,,
2016-09-10,RUB_TJS,20,0.0000000000,False,,,,,,,
2016-09-13,RUB_TJS,20,0.0000000000,False,,,,,,,
2016-09-14,RUB_TJS,20,0.0000000000,False,,,,,,,
2016-09-15,RUB_TJS,20,0.0000000000,False,,,,,,,
2016-09-16,RUB_TJS,20,0.0000000000,False,,,,,,,
2016-09-17,RUB_TJS,20,0.0000000000,False,,,,,,,
2016-09-20,RUB_TJS,20,0.0000000000,False,,,,,,,
2016-09-21,RUB_TJS,20,0.0000000000,False,,,,,,,
2016-09-22,RUB_TJS,20,0.0000000000,True,7.8927200000,8.1286300000,7.8927200000,0,0,357.9875295635,-70.2824461195
2016-09-23,RUB_TJS,20,0.0000000000,True,7.8927200000,8.1202239024,7.8927200000,0,0,232.1811114150,49.1290670286
2016-09-24,RUB_TJS,20,0.0000000000,True,7.8927200000,8.1129214634,7.8927200000,0,0,255.2395533030,16.6049473983
2016-09-27,RUB_TJS,20,0.0000000000,True,7.8927200000,8.0913707317,7.8927200000,0,0,323.3629253832,-80.4551792907
2016-09-28,RUB_TJS,20,0.0000000000,True,7.8927200000,8.0854051220,7.8927200000,0,0,210.3248580738,28.5886997653
2016-09-29,RUB_TJS,20,0.0000000000,True,7.8927200000,8.0821685366,7.8927200000,0,0,268.4561275885,-34.9924197777
2016-09-30,RUB_TJS,20,0.0000000000,True,7.8927200000,8.0784841463,7.8927200000,0,0,165.0432327290,65.9952354621
2016-10-01,RUB_TJS,20,0.0000000000,True,7.8927200000,8.0735826829,7.8927200000,0,0,220.6230376742,3.4714240714
2016-10-04,RUB_TJS,20,0.0000000000,True,7.8927200000,8.0545278049,7.8927200000,0,0,62.7630603193,138.9998366015
2016-10-05,RUB_TJS,20,0.0000000000,True,7.8927200000,8.0475548780,7.8927200000,0,0,44.3874867399,148.6723357117
2016-10-06,RUB_TJS,20,0.0000000000,True,7.8841200000,8.0383597561,7.8841200000,0,0,40.4364253745,152.0580812582
2016-10-07,RUB_TJS,20,0.0000000000,True,7.8841200000,8.0290663415,7.8841200000,0,0,54.8087244893,126.4111381659
2016-10-08,RUB_TJS,20,0.0000000000,True,7.8841200000,8.0229987805,7.8841200000,0,0,34.6078493332,138.9739466981
2016-10-11,RUB_TJS,20,0.0000000000,True,7.8841200000,8.0024180488,7.8841200000,0,0,60.8768331440,87.4836185185
2016-10-12,RUB_TJS,20,0.0000000000,True,7.8841200000,7.9981729268,7.8841200000,0,0,10.8961169280,131.8462701344
2016-10-13,RUB_TJS,20,0.0000000000,True,7.8841200000,7.9946429268,7.8841200000,0,0,99.0581439156,39.5801627651
2016-10-14,RUB_TJS,20,0.0000000000,True,7.8841200000,7.9940987805,7.8841200000,0,0,211.2057887594,-75.2195102454
2016-10-15,RUB_TJS,20,0.0000000000,True,7.8841200000,7.9930480488,7.8841200000,0,0,175.1106591698,-39.5242853874
2016-10-18,RUB_TJS,20,0.0000000000,True,7.8841200000,7.9885051220,7.8841200000,0,0,162.1768659948,-32.0271160351
2016-10-19,RUB_TJS,20,0.0000000000,True,7.8841200000,7.9897334146,7.8841200000,0,0,146.4142567367,-14.4392619467
2016-10-20,RUB_TJS,20,0.0000000000,True,7.8841200000,7.9890700000,7.8841200000,0,0,110.8560677328,20.7408371688
2016-10-21,RUB_TJS,20,0.0000000000,True,7.8841200000,7.9917251220,7.8841200000,0,0,78.4375412920,56.6525015067
2016-10-22,RUB_TJS,20,0.0000000000,True,7.8841200000,7.9911629268,7.8841200000,0,0,51.7216795729,82.6574647946
2016-10-25,RUB_TJS,20,0.0000000000,True,7.8841200000,8.0104782927,7.8841200000,0,0,42.7005543115,115.5340409167
2016-10-26,RUB_TJS,20,0.0000000000,True,7.8841200000,8.0205748780,7.9110200000,1,1,0.0000000000,170.1310443747
2016-10-27,RUB_TJS,20,0.0000000000,True,7.8841200000,8.0304170732,7.9827000000,0,1,0.0000000000,148.6810362187
2016-10-28,RUB_TJS,20,0.0000000000,True,7.8841200000,8.0372270732,7.9827000000,0,0,53.2680410444,14.6531547056
2016-10-29,RUB_TJS,20,0.0000000000,True,7.8841200000,8.0457017073,7.9827000000,0,1,0.0000000000,78.3048012578
2016-11-01,RUB_TJS,20,0.0000000000,True,7.8841200000,8.0704334146,8.0410300000,0,1,0.0000000000,46.7427369709
2016-11-02,RUB_TJS,20,0.0000000000,True,7.8841200000,8.0770031707,8.0477300000,0,1,0.0000000000,44.5377697288
2016-11-03,RUB_TJS,20,0.0000000000,True,7.8841200000,8.0796012195,8.0477300000,0,0,12.7698863989,26.7107483722
2016-11-04,RUB_TJS,20,0.0000000000,True,7.8841200000,8.0811512195,8.0477300000,0,0,10.7244329642,30.6654569863
2016-11-08,RUB_TJS,20,0.0000000000,True,7.8841200000,8.0980595122,8.0477300000,0,0,80.0231736855,-18.0172642383
2016-11-09,RUB_TJS,20,0.0000000000,True,7.8841200000,8.1040882927,8.0477300000,0,0,43.9427210590,25.7133090489
2016-11-10,RUB_TJS,20,0.0000000000,True,7.8841200000,8.1111665854,8.0477300000,0,0,106.0974695200,-28.1875786837
2016-11-11,RUB_TJS,20,0.0000000000,True,7.8841200000,8.1187653659,8.0695200000,0,1,0.0000000000,87.4952811821
2016-11-12,RUB_TJS,20,0.0000000000,True,7.8841200000,8.1230765854,8.0695200000,0,0,268.3302741672,-207.9795910561
2016-11-15,RUB_TJS,20,0.0000000000,True,7.8841200000,8.1379326829,8.0695200000,0,0,326.4855482044,-250.6008897088
2016-11-16,RUB_TJS,20,0.0000000000,True,7.9110200000,8.1432451220,8.0695200000,0,0,300.6613251022,-216.6395281081
2016-11-17,RUB_TJS,20,0.0000000000,True,7.9827000000,8.1476214634,8.0695200000,0,0,167.2519550908,-72.6083518374
2016-11-18,RUB_TJS,20,0.0000000000,True,7.9827000000,8.1498234146,8.0695200000,0,0,229.3751271347,-133.9128221722
2016-11-19,RUB_TJS,20,0.0000000000,True,7.9827000000,8.1510802439,8.0342300000,0,0,269.1707230814,-129.2954466697
2016-11-22,RUB_TJS,20,0.0000000000,True,8.0282600000,8.1531941463,8.0282600000,0,0,163.9533060200,-10.8986165410
2016-11-23,RUB_TJS,20,0.0000000000,True,7.8296800000,8.1480392683,7.8296800000,0,0,297.2171826825,96.3658442323
2016-11-24,RUB_TJS,20,0.0000000000,True,7.7695900000,8.1410043902,7.7695900000,0,0,428.9226857589,28.5276719317
2016-11-25,RUB_TJS,20,0.0000000000,True,7.7069600000,8.1324821951,7.7069600000,0,0,597.0369593146,-78.4850225880
2016-11-26,RUB_TJS,20,0.0000000000,True,7.7069600000,8.1268053659,7.7069600000,0,0,595.5109103378,-83.8886020733
2016-11-29,RUB_TJS,20,0.0000000000,True,7.7069600000,8.1089802439,7.7069600000,0,0,656.4748528511,-171.9941989037
2016-11-30,RUB_TJS,20,0.0000000000,True,7.7069600000,8.1033334146,7.7069600000,0,0,672.6001517662,-196.6802761417
2016-12-01,RUB_TJS,20,0.0000000000,True,7.7069600000,8.0960948780,7.7069600000,0,0,667.2802131267,-199.9792793810
2016-12-02,RUB_TJS,20,0.0000000000,True,7.7069600000,8.0887148780,7.7069600000,0,0,487.4306795838,-16.2635500813
2016-12-03,RUB_TJS,20,0.0000000000,True,7.7069600000,8.0748575610,7.7069600000,0,0,515.3862720364,-63.0258040344
2016-12-06,RUB_TJS,20,0.0000000000,True,7.7069600000,8.0334029268,7.7069600000,0,0,487.5011262749,-85.3026716012
2016-12-07,RUB_TJS,20,0.0000000000,True,7.7069600000,8.0187697561,7.7069600000,0,0,474.0033001873,-89.3905749669
2016-12-08,RUB_TJS,20,0.0000000000,True,7.7069600000,8.0068553659,7.7069600000,0,0,503.6761942549,-135.9767713685
2016-12-09,RUB_TJS,20,0.0000000000,True,7.6988500000,7.9931941463,7.6988500000,0,0,417.4388833777,-51.3384923564
2016-12-10,RUB_TJS,20,0.0000000000,True,7.6440100000,7.9782560976,7.6440100000,0,0,478.6217686024,-62.6752285557
2016-12-13,RUB_TJS,20,0.0000000000,True,7.6440100000,7.9385934146,7.6440100000,0,0,237.1361281687,137.1948517144
2016-12-14,RUB_TJS,20,0.0000000000,True,7.6440100000,7.9291648780,7.6440100000,0,0,161.6301503683,201.2505484538
2016-12-15,RUB_TJS,20,0.0000000000,True,7.6440100000,7.9185592683,7.6440100000,0,0,81.6794170464,267.2194033326
2016-12-16,RUB_TJS,20,0.0000000000,True,7.6440100000,7.9060382927,7.6440100000,0,0,229.5740335037,104.2472723149
2016-12-17,RUB_TJS,20,0.0000000000,True,7.6440100000,7.8935497561,7.6440100000,0,0,239.4298935583,78.5828404384
2016-12-20,RUB_TJS,20,0.0000000000,True,7.6440100000,7.8547800000,7.6440100000,0,0,264.5531621694,3.8829859016
2016-12-21,RUB_TJS,20,0.0000000000,True,7.6058500000,7.8387590244,7.6058500000,0,0,295.2566270056,1.9250807246
2016-12-22,RUB_TJS,20,0.0000000000,True,7.6034600000,7.8227946341,7.6034600000,0,0,182.9402916664,99.2543429524
2016-12-23,RUB_TJS,20,0.0000000000,True,7.6034600000,7.8118739024,7.6034600000,0,0,155.8933539793,112.6540232703
2016-12-24,RUB_TJS,20,0.0000000000,True,7.5552800000,7.7979600000,7.5552800000,0,0,241.2914342251,71.6469435596
2016-12-27,RUB_TJS,20,0.0000000000,True,7.5294900000,7.7549121951,7.5294900000,0,0,246.3955853207,45.4063105242
2016-12-28,RUB_TJS,20,0.0000000000,True,7.5294900000,7.7417287805,7.5294900000,0,0,244.6137680756,30.2758998053
2016-12-29,RUB_TJS,20,0.0000000000,True,7.5294900000,7.7279948780,7.5294900000,0,0,219.9809062392,37.7133765080
2016-12-30,RUB_TJS,20,0.0000000000,True,7.5010100000,7.7149895122,7.5010100000,0,0,187.0745851981,92.0020851395
2016-12-31,RUB_TJS,20,0.0000000000,True,7.5010100000,7.7021309756,7.5010100000,0,0,236.8100794617,24.9034658986
2017-01-10,RUB_TJS,20,0.0000000000,True,7.4777400000,7.6291063415,7.4777400000,0,0,168.4361379727,30.4837033625
2017-01-11,RUB_TJS,20,0.0000000000,True,7.4777400000,7.6227600000,7.4777400000,0,0,165.3457767911,25.3189133595
2017-01-12,RUB_TJS,20,0.0000000000,True,7.4777400000,7.6192417073,7.4777400000,0,0,230.4379863394,-45.7765930295
2017-01-13,RUB_TJS,20,0.0000000000,True,7.4777400000,7.6161158537,7.4777400000,0,0,102.6302135725,79.8777944394
2017-01-14,RUB_TJS,20,0.0000000000,True,7.4777400000,7.6118987805,7.4777400000,0,0,68.7297546049,108.2631060453
2017-01-17,RUB_TJS,20,0.0000000000,True,7.4777400000,7.5935880488,7.4777400000,0,0,95.6167805529,57.4933068531
2017-01-18,RUB_TJS,20,0.0000000000,True,7.3991300000,7.5858036585,7.3991300000,0,0,203.2534319125,43.7180555013
2017-01-19,RUB_TJS,20,0.0000000000,True,7.3991300000,7.5802021951,7.3991300000,0,0,135.8217093431,104.4724046714
2017-01-20,RUB_TJS,20,0.0000000000,True,7.3991300000,7.5766909756,7.3991300000,0,0,135.8874612388,99.8205890318
2017-01-21,RUB_TJS,20,0.0000000000,True,7.3991300000,7.5707256098,7.3991300000,0,0,194.5809413249,32.7123330479
2017-01-24,RUB_TJS,20,0.0000000000,True,7.3991300000,7.5518746341,7.3991300000,0,0,182.7288588734,19.8952377710
2017-01-25,RUB_TJS,20,0.0000000000,True,7.3171900000,7.5429536585,7.3171900000,0,0,222.8365731511,78.2102889759
2017-01-26,RUB_TJS,20,0.0000000000,True,7.2490600000,7.5323709756,7.2490600000,0,0,305.8143235790,72.5282594108
2017-01-27,RUB_TJS,20,0.0000000000,True,7.0876300000,7.5178509756,7.0876300000,0,0,581.2225913621,-9.5093989139
2017-01-28,RUB_TJS,20,0.0000000000,True,7.0876300000,7.5051385366,7.0876300000,0,0,705.6495500765,-160.6918550893
2017-01-31,RUB_TJS,20,0.0000000000,True,7.0876300000,7.4700246341,7.0876300000,0,0,645.9242053306,-143.2731096554
2017-02-01,RUB_TJS,20,0.0000000000,True,7.0876300000,7.4612568293,7.0876300000,0,0,675.2752963465,-187.1577053666
2017-02-02,RUB_TJS,20,0.0000000000,True,7.0473800000,7.4464582927,7.0473800000,0,0,721.8943324587,-200.4331474786
2017-02-03,RUB_TJS,20,0.0000000000,True,7.0473800000,7.4367607317,7.0473800000,0,0,689.3868432421,-178.0738591307
2017-02-04,RUB_TJS,20,0.0000000000,True,7.0473800000,7.4276921951,7.0473800000,0,0,583.8826997026,-76.3195396213
2017-02-07,RUB_TJS,20,0.0000000000,True,7.0473800000,7.3999880488,7.0473800000,0,0,475.3937287222,1.1595272517
2017-02-08,RUB_TJS,20,0.0000000000,True,7.0473800000,7.3911000000,7.0473800000,0,0,564.7332575554,-105.6540974956
2017-02-09,RUB_TJS,20,0.0000000000,True,7.0473800000,7.3840943902,7.0473800000,0,0,603.5559762935,-157.0343005221
2017-02-10,RUB_TJS,20,0.0000000000,True,7.0473800000,7.3767080488,7.0473800000,0,0,525.6393537832,-83.5900659369
2017-02-11,RUB_TJS,20,0.0000000000,True,7.0473800000,7.3683141463,7.0473800000,0,0,508.9881648198,-77.3662095920
2017-02-14,RUB_TJS,20,0.0000000000,True,7.0473800000,7.3475670732,7.0473800000,0,0,368.7344458733,41.3430362298
2017-02-15,RUB_TJS,20,0.0000000000,True,7.0473800000,7.3428658537,7.0473800000,0,0,278.2153824082,127.7510110195
2017-02-16,RUB_TJS,20,0.0000000000,True,7.0473800000,7.3361368293,7.0473800000,0,0,56.7890818228,338.7434491091
2017-02-17,RUB_TJS,20,0.0000000000,True,7.0473800000,7.3282551220,7.0473800000,0,0,159.6818650216,227.2234238304
2017-02-18,RUB_TJS,20,0.0000000000,True,7.0473800000,7.3198507317,7.0473800000,0,0,181.0972279501,194.6634390919
2017-02-21,RUB_TJS,20,0.0000000000,True,7.0473800000,7.2953641463,7.0473800000,0,0,271.3977675256,70.4339705472
2017-02-22,RUB_TJS,20,0.0000000000,True,7.0473800000,7.2861841463,7.1576800000,1,1,0.0000000000,327.7492601685
2017-02-23,RUB_TJS,20,0.0000000000,True,7.0473800000,7.2764909756,7.1576800000,0,1,0.0000000000,163.2805922635
2017-02-28,RUB_TJS,20,0.0000000000,True,7.0473800000,7.2312904878,7.0694800000,0,0,165.2006126682,59.5474457533
2017-03-01,RUB_TJS,20,0.0000000000,True,6.9944700000,7.2197119512,6.9944700000,0,0,304.0153705824,8.2163267172
2017-03-02,RUB_TJS,20,0.0000000000,True,6.9944700000,7.2083243902,6.9944700000,0,0,283.0560888664,14.0176685966
2017-03-03,RUB_TJS,20,0.0000000000,True,6.9944700000,7.1994517073,6.9944700000,0,0,287.8998473995,-3.2756559510
2017-03-04,RUB_TJS,20,0.0000000000,True,6.9944700000,7.1892348780,6.9944700000,0,0,364.9209712124,-97.5696623369
2017-03-07,RUB_TJS,20,0.0000000000,True,6.9944700000,7.1631995122,6.9944700000,0,0,406.9832030623,-178.7057411802
2017-03-08,RUB_TJS,20,0.0000000000,True,6.7503200000,7.1510351220,6.7503200000,0,0,626.9639051077,-71.0594720655
2017-03-10,RUB_TJS,20,0.0000000000,True,6.7503200000,7.1379795122,6.7503200000,0,0,729.0596553296,-200.5896592450
2017-03-11,RUB_TJS,20,0.0000000000,True,6.7503200000,7.1293953659,6.7503200000,0,0,721.0310576423,-204.0350221606
2017-03-14,RUB_TJS,20,0.0000000000,True,6.7058800000,7.0932719512,6.7058800000,0,0,717.8885240819,-185.0317451285
2017-03-15,RUB_TJS,20,0.0000000000,True,6.7058800000,7.0861570732,6.7058800000,0,0,684.0652432731,-158.2422258939
2017-03-16,RUB_TJS,20,0.0000000000,True,6.7058800000,7.0775619512,6.7058800000,0,0,714.7653933972,-204.2059819138
2017-03-17,RUB_TJS,20,0.0000000000,True,6.6319400000,7.0647390244,6.6319400000,0,0,708.5886089516,-103.2889896680
2017-03-18,RUB_TJS,20,0.0000000000,True,6.6318300000,7.0519134146,6.6318300000,0,0,619.0695779605,-24.9103815277
2017-03-21,RUB_TJS,20,0.0000000000,True,6.6318300000,7.0211982927,6.6318300000,0,0,518.4667315751,38.0679929105
2017-03-22,RUB_TJS,20,0.0000000000,True,6.4773800000,7.0032373171,6.4773800000,0,0,790.2280056191,-42.7269298070
2017-03-23,RUB_TJS,20,0.0000000000,True,6.4283500000,6.9844600000,6.4283500000,0,0,913.4663634218,-129.0436196929
2017-03-24,RUB_TJS,20,0.0000000000,True,6.4058200000,6.9650456098,6.4058200000,0,0,857.2268616114,-59.4172566306
2017-03-25,RUB_TJS,20,0.0000000000,True,6.3740900000,6.9434531707,6.3740900000,0,0,937.4760075411,-129.6283377379
2017-03-28,RUB_TJS,20,0.0000000000,True,6.3270000000,6.8744539024,6.3270000000,0,0,627.1110110336,180.5727468694
2017-03-29,RUB_TJS,20,0.0000000000,True,6.3270000000,6.8532124390,6.3270000000,0,0,821.1628267975,-58.1005788597
2017-03-30,RUB_TJS,20,0.0000000000,True,6.3110800000,6.8314863415,6.3110800000,0,0,747.6550565455,15.2621859172
2017-03-31,RUB_TJS,20,0.0000000000,True,6.3110800000,6.8082778049,6.3110800000,0,0,753.5518012837,-25.1637721212
2017-04-01,RUB_TJS,20,0.0000000000,True,6.3110800000,6.7866758537,6.3110800000,0,0,588.7370486797,119.0507037624
2017-04-04,RUB_TJS,20,0.0000000000,True,6.3110800000,6.7210314634,6.3110800000,0,0,658.0990486510,-51.5375307703
2017-04-05,RUB_TJS,20,0.0000000000,True,6.3110800000,6.7007178049,6.3110800000,0,0,726.2008322949,-156.0462597691
2017-04-06,RUB_TJS,20,0.0000000000,True,6.3110800000,6.6795273171,6.3110800000,0,0,483.8101671607,71.2435398708
2017-04-07,RUB_TJS,20,0.0000000000,True,6.3110800000,6.6617551220,6.3110800000,0,0,483.6523252255,44.9207774879
2017-04-08,RUB_TJS,20,0.0000000000,True,6.3110800000,6.6467824390,6.3110800000,0,0,647.6054705850,-152.4159424578
2017-04-11,RUB_TJS,20,0.0000000000,True,6.3110800000,6.6056841463,6.3110800000,0,0,256.7396076809,194.2329416591
2017-04-12,RUB_TJS,20,0.0000000000,True,6.3110800000,6.5922607317,6.3110800000,0,0,182.4262835720,248.6411541930
2017-04-13,RUB_TJS,20,0.0000000000,True,6.3110800000,6.5770665854,6.3110800000,0,0,147.8967563872,260.3692438615
2017-04-14,RUB_TJS,20,0.0000000000,True,6.3110800000,6.5642375610,6.3110800000,0,0,98.8533265141,289.6719675504
2017-04-15,RUB_TJS,20,0.0000000000,True,6.3110800000,6.5519841463,6.3110800000,0,0,25.1620041094,343.3832276091
2017-04-18,RUB_TJS,20,0.0000000000,True,6.3110800000,6.5301551220,6.3110800000,0,0,31.3854950679,305.0541958515
2017-04-19,RUB_TJS,20,0.0000000000,True,6.3110800000,6.5240019512,6.3296100000,1,1,0.0000000000,326.3670869683
2017-04-20,RUB_TJS,20,0.0000000000,True,6.3110800000,6.5196041463,6.3532800000,0,1,0.0000000000,291.4197581276
2017-04-21,RUB_TJS,20,0.0000000000,True,6.3110800000,6.5138390244,6.3532800000,0,0,56.1887440955,191.3756602266
2017-04-22,RUB_TJS,20,0.0000000000,True,6.3110800000,6.5089456098,6.3532800000,0,0,12.0422453285,227.3879958902
2017-04-25,RUB_TJS,20,0.0000000000,True,6.3110800000,6.4934504878,6.3532800000,0,0,19.0874772011,197.1532516423
2017-04-26,RUB_TJS,20,0.0000000000,True,6.3110800000,6.4844929268,6.4090500000,0,1,0.0000000000,202.3487854947
2017-04-27,RUB_TJS,20,0.0000000000,True,6.3110800000,6.4784051220,6.3823400000,0,0,41.6754433184,107.0558581096
2017-04-28,RUB_TJS,20,0.0000000000,True,6.3110800000,6.4743312195,6.3823400000,0,0,113.4828675878,28.9315125796
2017-04-29,RUB_TJS,20,0.0000000000,True,6.3110800000,6.4694502439,6.3823400000,0,0,154.9639044857,-20.6350703603
2017-05-03,RUB_TJS,20,0.0000000000,True,6.3110800000,6.4573768293,6.3823400000,0,0,107.3992153921,8.8996343565
2017-05-04,RUB_TJS,20,0.0000000000,True,6.3110800000,6.4583065854,6.3823400000,0,0,151.3786100944,-34.2712355655
2017-05-05,RUB_TJS,20,0.0000000000,True,6.3110800000,6.4586348780,6.3823400000,0,0,227.7268502711,-112.1523716992
2017-05-06,RUB_TJS,20,0.0000000000,True,6.3110800000,6.4594582927,6.3607600000,0,0,421.6240635470,-280.6608528186
2017-05-11,RUB_TJS,20,0.0000000000,True,6.3532800000,6.4736658537,6.3607600000,0,0,346.4541116764,-178.2207314211
2017-05-12,RUB_TJS,20,0.0000000000,True,6.3532800000,6.4746812195,6.3607600000,0,0,222.1129088044,-47.2127962002
2017-05-13,RUB_TJS,20,0.0000000000,True,6.3532800000,6.4759163415,6.3607600000,0,0,230.3128230254,-53.7277764288
2017-05-16,RUB_TJS,20,0.0000000000,True,6.3532800000,6.4809192683,6.3607600000,0,0,120.0058403049,66.1931842024
2017-05-17,RUB_TJS,20,0.0000000000,True,6.3607600000,6.4826100000,6.3607600000,0,0,33.8120501258,154.6753545254
2017-05-18,RUB_TJS,20,0.0000000000,True,6.3607600000,6.4833724390,6.3607600000,0,0,160.9330528400,28.6462627268
2017-05-19,RUB_TJS,20,0.0000000000,True,6.3607600000,6.4827585366,6.3607600000,0,0,285.9054027431,-100.5921523170
2017-05-20,RUB_TJS,20,0.0000000000,True,6.3607600000,6.4823153659,6.3607600000,0,0,212.9656556145,-26.0009474934
2017-05-23,RUB_TJS,20,0.0000000000,True,6.3607600000,6.4830075610,6.3607600000,0,0,75.8730550021,113.5546430930
2017-05-24,RUB_TJS,20,0.0000000000,True,6.3607600000,6.4839985366,6.3607600000,0,0,129.0825178385,61.7806070735
2017-05-25,RUB_TJS,20,0.0000000000,True,6.3607600000,6.4834917073,6.3607600000,0,0,41.9409632801,147.9784530437
2017-05-26,RUB_TJS,20,0.0000000000,True,6.3607600000,6.4820841463,6.4114400000,1,1,0.0000000000,187.1684223815
2017-05-27,RUB_TJS,20,0.0000000000,True,6.3607600000,6.4796892683,6.4114400000,0,0,53.4294774336,52.1772987759
2017-05-30,RUB_TJS,20,0.0000000000,True,6.3607600000,6.4733424390,6.4114400000,0,0,73.7412661575,22.0480210321
2017-05-31,RUB_TJS,20,0.0000000000,True,6.3607600000,6.4718295122,6.4115800000,0,1,0.0000000000,93.3113458587
2017-06-01,RUB_TJS,20,0.0000000000,True,6.3607600000,6.4732943902,6.4115800000,0,0,29.9029204719,65.6302458728
2017-06-02,RUB_TJS,20,0.0000000000,True,6.3607600000,6.4807380488,6.4226000000,0,1,0.0000000000,106.7132296660
2017-06-03,RUB_TJS,20,0.0000000000,True,6.3607600000,6.4890943902,6.4226000000,0,0,12.7666654745,89.8189897369
2017-06-06,RUB_TJS,20,0.0000000000,True,6.3607600000,6.5102268293,6.4304300000,0,1,0.0000000000,134.5987345239
2017-06-07,RUB_TJS,20,0.0000000000,True,6.3607600000,6.5178612195,6.4304300000,0,0,15.3408764485,118.9826185314
2017-06-08,RUB_TJS,20,0.0000000000,True,6.3607600000,6.5231619512,6.4596600000,0,1,0.0000000000,142.1579778533
2017-06-09,RUB_TJS,20,0.0000000000,True,6.3607600000,6.5282943902,6.4596600000,0,0,7.6879883303,97.5207097570
2017-06-10,RUB_TJS,20,0.0000000000,True,6.3607600000,6.5332619512,6.4596600000,0,0,50.2136390101,62.7587742932
2017-06-14,RUB_TJS,20,0.0000000000,True,6.3607600000,6.5588439024,6.4733600000,0,1,0.0000000000,151.2216236800
2017-06-15,RUB_TJS,20,0.0000000000,True,6.3607600000,6.5675856098,6.5425600000,0,1,0.0000000000,143.4706989067
2017-06-16,RUB_TJS,20,0.0000000000,True,6.4114400000,6.5772936585,6.5540100000,0,1,0.0000000000,52.8084351099
2017-06-17,RUB_TJS,20,0.0000000000,True,6.4114400000,6.5868570732,6.5540100000,0,1,0.0000000000,49.8675966487
2017-06-20,RUB_TJS,20,0.0000000000,True,6.4114400000,6.6160758537,6.6491000000,0,1,0.0000000000,56.4622511664
2017-06-21,RUB_TJS,20,0.0000000000,True,6.4115800000,6.6266419512,6.6821300000,0,1,0.0000000000,-33.8905420661
2017-06-22,RUB_TJS,20,0.0000000000,True,6.4115800000,6.6378536585,6.6821300000,0,0,188.4019241048,-260.0032334872
2017-06-23,RUB_TJS,20,0.0000000000,True,6.4226000000,6.6492107317,6.6821300000,0,0,249.7913420065,-306.9676635745
2017-06-24,RUB_TJS,20,0.0000000000,True,6.4226000000,6.6596143902,6.6821300000,0,0,137.4996494615,-173.6971586907
2017-06-27,RUB_TJS,20,0.0000000000,True,6.4304300000,6.6883000000,6.6821300000,0,0,19.7450469356,-10.5407951198
2017-06-28,RUB_TJS,20,0.0000000000,True,6.4304300000,6.6952997561,6.6896800000,0,1,0.0000000000,19.6701515650
2017-06-29,RUB_TJS,20,0.0000000000,True,6.4596600000,6.7027324390,6.6896800000,0,0,101.6808712121,-83.0520410624
2017-06-30,RUB_TJS,20,0.0000000000,True,6.4596600000,6.7089748780,6.6896800000,0,0,19.6334687983,9.1442853197
2017-07-01,RUB_TJS,20,0.0000000000,True,6.4596600000,6.7148190244,6.6896800000,0,0,70.1652825091,-32.9584096450
2017-07-04,RUB_TJS,20,0.0000000000,True,6.4596600000,6.7289570732,6.6854800000,0,0,6.2783272145,58.3702240089
2017-07-05,RUB_TJS,20,0.0000000000,True,6.4733600000,6.7366104878,6.6854800000,0,0,89.6536593754,-13.8786593229
2017-07-06,RUB_TJS,20,0.0000000000,True,6.5425600000,6.7449617073,6.6854800000,0,0,108.4661603630,-20.5016622525
2017-07-07,RUB_TJS,20,0.0000000000,True,6.5540100000,6.7514353659,6.6854800000,0,0,223.0190787338,-128.1870142519
2017-07-08,RUB_TJS,20,0.0000000000,True,6.5540100000,6.7566848780,6.6854800000,0,0,239.6052324223,-137.5158433881
2017-07-11,RUB_TJS,20,0.0000000000,True,6.6491000000,6.7727446341,6.6854800000,0,0,232.5465874807,-106.1687244062
2017-07-12,RUB_TJS,20,0.0000000000,True,6.6821300000,6.7767607317,6.6854800000,0,0,297.5260104869,-167.8224638514
2017-07-13,RUB_TJS,20,0.0000000000,True,6.6821300000,6.7769651220,6.6854800000,0,0,278.8045169414,-147.9347705716
2017-07-14,RUB_TJS,20,0.0000000000,True,6.6821300000,6.7777209756,6.6854800000,0,0,250.6503960708,-117.5011846561
2017-07-15,RUB_TJS,20,0.0000000000,True,6.6821300000,6.7806556098,6.6854800000,0,0,197.4015081868,-58.1866894805
2017-07-18,RUB_TJS,20,0.0000000000,True,6.6821300000,6.7898148780,6.6854800000,0,0,62.1646128462,92.0715500667
2017-07-19,RUB_TJS,20,0.0000000000,True,6.6854800000,6.7931119512,6.6854800000,0,0,73.7769054085,85.2951513763
2017-07-20,RUB_TJS,20,0.0000000000,True,6.6854800000,6.7943497561,6.6854800000,0,0,52.2128331377,108.5898706221
2017-07-21,RUB_TJS,20,0.0000000000,True,6.6854800000,6.7967724390,6.6854800000,0,0,68.9110158099,95.4900868120
2017-07-22,RUB_TJS,20,0.0000000000,True,6.6854800000,6.7983687805,6.6854800000,1,1,0.0000000000,166.0527460820
2017-07-25,RUB_TJS,20,0.0000000000,True,6.6854800000,6.8061714634,6.7692400000,0,0,6.2154441237,48.0761667415
2017-07-26,RUB_TJS,20,0.0000000000,True,6.6854800000,6.8071878049,6.7692400000,0,0,68.2535770039,-12.5928582664
2017-07-27,RUB_TJS,20,0.0000000000,True,6.6854800000,6.8081502439,6.7692400000,0,0,56.9038099407,0.2500589681
2017-07-28,RUB_TJS,20,0.0000000000,True,6.6854800000,6.8064480488,6.7681900000,0,0,1.5511342485,54.6658822837
2017-07-29,RUB_TJS,20,0.0000000000,True,6.6854800000,6.8033207317,6.7213800000,0,0,88.9890927536,31.7355781959
2017-08-01,RUB_TJS,20,0.0000000000,True,6.6854800000,6.7949909756,6.7213800000,0,0,135.5785939041,-27.6218532999
2017-08-02,RUB_TJS,20,0.0000000000,True,6.6854800000,6.7906602439,6.7129300000,0,0,155.2907981146,-41.4683625541
2017-08-03,RUB_TJS,20,0.0000000000,True,6.6854800000,6.7862800000,6.6976300000,0,0,271.1673355790,-144.4532203210
2017-08-04,RUB_TJS,20,0.0000000000,True,6.6854800000,6.7827304878,6.6976300000,0,0,287.1102048985,-166.4219334648
2017-08-05,RUB_TJS,20,0.0000000000,True,6.6854800000,6.7800200000,6.6976300000,0,0,256.3203575305,-138.3476744906
2017-08-08,RUB_TJS,20,0.0000000000,True,6.6854800000,6.7742180488,6.6976300000,0,0,175.5531140582,-63.6116979247
2017-08-09,RUB_TJS,20,0.0000000000,True,6.6417400000,6.7719392683,6.6417400000,0,0,245.8603496765,-54.9484131991
2017-08-10,RUB_TJS,20,0.0000000000,True,6.6400500000,6.7699753659,6.6400500000,0,0,238.3357075757,-47.5550240681
2017-08-11,RUB_TJS,20,0.0000000000,True,6.6400500000,6.7683775610,6.6400500000,0,0,238.6657650241,-50.2667570151
2017-08-12,RUB_TJS,20,0.0000000000,True,6.6400500000,6.7673065854,6.6400500000,0,0,275.0214929194,-89.4350120992
2017-08-15,RUB_TJS,20,0.0000000000,True,6.5908000000,6.7582331707,6.5908000000,0,0,289.9833962664,-43.4978026440
2017-08-16,RUB_TJS,20,0.0000000000,True,6.5586500000,6.7519621951,6.5586500000,0,0,352.4436435847,-68.5545972273
2017-08-17,RUB_TJS,20,0.0000000000,True,6.5586500000,6.7460709756,6.5586500000,0,0,309.5953275543,-32.7880101917
2017-08-18,RUB_TJS,20,0.0000000000,True,6.5194700000,6.7399790244,6.5194700000,0,0,300.3996203161,27.5950775558
2017-08-19,RUB_TJS,20,0.0000000000,True,6.4822600000,6.7326748780,6.4822600000,0,0,373.9915148401,-2.1315776823
2017-08-22,RUB_TJS,20,0.0000000000,True,6.4658700000,6.7087819512,6.4658700000,0,0,368.0360140803,-6.1830132663
2017-08-23,RUB_TJS,20,0.0000000000,True,6.4658700000,6.7007465854,6.4658700000,0,0,346.0328504262,4.6511016737
2017-08-24,RUB_TJS,20,0.0000000000,True,6.4658700000,6.6912848780,6.4658700000,0,0,366.4574341126,-30.7043001840
2017-08-25,RUB_TJS,20,0.0000000000,True,6.4658700000,6.6829780488,6.4658700000,0,0,362.3650689076,-38.9077309991
2017-08-26,RUB_TJS,20,0.0000000000,True,6.4658700000,6.6754875610,6.4658700000,0,0,363.6577703327,-51.5204900170
2017-08-29,RUB_TJS,20,0.0000000000,True,6.4658700000,6.6524231707,6.4658700000,0,0,264.7950687621,16.0590666852
2017-08-30,RUB_TJS,20,0.0000000000,True,6.4658700000,6.6458773171,6.4658700000,0,0,262.3173018275,8.7683187564
2017-08-31,RUB_TJS,20,0.0000000000,True,6.4658700000,6.6409082927,6.4658700000,0,0,300.7488344464,-38.3256419082
2017-09-01,RUB_TJS,20,0.0000000000,True,6.4658700000,6.6362707317,6.4658700000,0,0,264.5458829765,-7.9853105862
2017-09-02,RUB_TJS,20,0.0000000000,True,6.4658700000,6.6311595122,6.4658700000,0,0,189.5521029314,60.8634313816
2017-09-05,RUB_TJS,20,0.0000000000,True,6.4658700000,6.6113726829,6.4658700000,0,0,141.4620386817,79.7454408568
2017-09-06,RUB_TJS,20,0.0000000000,True,6.4658700000,6.6051580488,6.4658700000,0,0,153.1575709212,58.6178990640
2017-09-07,RUB_TJS,20,0.0000000000,True,6.4658700000,6.5995160976,6.4658700000,0,0,82.2152721003,121.2908588715
2017-09-08,RUB_TJS,20,0.0000000000,True,6.4658700000,6.5963129268,6.4658700000,0,0,25.2843915548,172.9040573036
2017-09-09,RUB_TJS,20,0.0000000000,True,6.4658700000,6.5938158537,6.4658700000,1,1,0.0000000000,194.0391671502
2017-09-12,RUB_TJS,20,0.0000000000,True,6.4658700000,6.5842692683,6.4963800000,0,1,0.0000000000,144.1302966598
2017-09-13,RUB_TJS,20,0.0000000000,True,6.4658700000,6.5812402439,6.5368700000,0,1,0.0000000000,128.9426320230
2017-09-14,RUB_TJS,20,0.0000000000,True,6.4658700000,6.5781178049,6.5368700000,0,0,27.7039159241,35.0978890359
2017-09-15,RUB_TJS,20,0.0000000000,True,6.4658700000,6.5744553659,6.5368700000,0,0,45.4413244989,11.7809999804
2017-09-16,RUB_TJS,20,0.0000000000,True,6.4658700000,6.5701209756,6.5321700000,0,0,11.6212038038,46.1954592958
2017-09-19,RUB_TJS,20,0.0000000000,True,6.4658700000,6.5610919512,6.5321700000,0,0,13.1482990535,30.9734284637
2017-09-20,RUB_TJS,20,0.0000000000,True,6.4658700000,6.5607668293,6.5321700000,0,0,100.4328295779,-57.4219016040
2017-09-21,RUB_TJS,20,0.0000000000,True,6.4658700000,6.5591809756,6.5321700000,0,0,121.1234887920,-80.9232503076
2017-09-22,RUB_TJS,20,0.0000000000,True,6.4658700000,6.5578175610,6.5321700000,0,0,130.0944204452,-92.1837767859
2017-09-23,RUB_TJS,20,0.0000000000,True,6.4658700000,6.5570434146,6.5321700000,0,0,18.0928818874,19.8769686427
2017-09-26,RUB_TJS,20,0.0000000000,True,6.4658700000,6.5546724390,6.5321700000,0,0,17.2386126585,17.1212812368
2017-09-27,RUB_TJS,20,0.0000000000,True,6.4658700000,6.5526463415,6.4833700000,0,0,81.8434510706,24.0762901602
2017-09-28,RUB_TJS,20,0.0000000000,True,6.4658700000,6.5525339024,6.4833700000,0,0,161.8804106190,-57.2543356808
2017-09-29,RUB_TJS,20,0.0000000000,True,6.4658700000,6.5529863415,6.4833700000,0,0,223.7123646469,-120.1645393923
2017-09-30,RUB_TJS,20,0.0000000000,True,6.4658700000,6.5548458537,6.4833700000,0,0,171.6192329965,-63.6691499285
2017-10-03,RUB_TJS,20,0.0000000000,True,6.4833700000,6.5593624390,6.4833700000,0,0,137.0211031058,-21.4617824621
2017-10-04,RUB_TJS,20,0.0000000000,True,6.4833700000,6.5600200000,6.4833700000,0,0,152.5560427777,-36.2651333380
2017-10-05,RUB_TJS,20,0.0000000000,True,6.4833700000,6.5596548780,6.4833700000,0,0,115.0359363422,1.2727469117
2017-10-06,RUB_TJS,20,0.0000000000,True,6.4833700000,6.5591080488,6.4833700000,0,0,74.7071800030,41.0696829205
2017-10-07,RUB_TJS,20,0.0000000000,True,6.4833700000,6.5597931707,6.4833700000,0,0,122.4905808704,-6.0624308797
2017-10-10,RUB_TJS,20,0.0000000000,True,6.4833700000,6.5639292683,6.4833700000,0,0,216.3211966101,-95.6602808178
2017-10-11,RUB_TJS,20,0.0000000000,True,6.4833700000,6.5632075610,6.4833700000,0,0,178.7061414804,-58.1003094449
2017-10-12,RUB_TJS,20,0.0000000000,True,6.4833700000,6.5630409756,6.4833700000,0,0,155.3372701639,-34.4794805858
2017-10-13,RUB_TJS,20,0.0000000000,True,6.4833700000,6.5626221951,6.4833700000,0,0,115.3976331974,5.4280057819
2017-10-14,RUB_TJS,20,0.0000000000,True,6.4833700000,6.5639556098,6.4833700000,0,0,98.2179947707,24.7954293474
2017-10-17,RUB_TJS,20,0.0000000000,True,6.4833700000,6.5704214634,6.5008100000,1,1,0.0000000000,132.4899230580
2017-10-18,RUB_TJS,20,0.0000000000,True,6.4833700000,6.5727463415,6.5008100000,0,0,21.5660812358,88.0702501757
2017-10-19,RUB_TJS,20,0.0000000000,True,6.4833700000,6.5739843902,6.5233400000,0,1,0.0000000000,111.3090416711
2017-10-20,RUB_TJS,20,0.0000000000,True,6.4833700000,6.5762614634,6.5233400000,0,0,28.6910492181,51.9314257875
2017-10-21,RUB_TJS,20,0.0000000000,True,6.4833700000,6.5795019512,6.5233400000,0,0,18.4991653189,66.9837193548
2017-10-24,RUB_TJS,20,0.0000000000,True,6.4833700000,6.5897417073,6.5400600000,0,1,0.0000000000,100.7652655693
2017-10-25,RUB_TJS,20,0.0000000000,True,6.4833700000,6.5930780488,6.5442900000,0,1,0.0000000000,80.4147143234
2017-10-26,RUB_TJS,20,0.0000000000,True,6.4833700000,6.5983000000,6.5678600000,0,1,0.0000000000,81.8544170468
2017-10-27,RUB_TJS,20,0.0000000000,True,6.4833700000,6.6055873171,6.5688500000,0,1,0.0000000000,57.1142508035
2017-10-28,RUB_TJS,20,0.0000000000,True,6.4833700000,6.6115282927,6.5688500000,0,0,42.1124119437,22.5338106764
2017-10-31,RUB_TJS,20,0.0000000000,True,6.4833700000,6.6241478049,6.5986800000,0,1,0.0000000000,83.4791229105
2017-11-01,RUB_TJS,20,0.0000000000,True,6.4833700000,6.6270536585,6.5986800000,0,0,10.2188653880,32.6293699293
2017-11-02,RUB_TJS,20,0.0000000000,True,6.4833700000,6.6309487805,6.5986800000,0,0,3.6660556574,45.0143433103
2017-11-03,RUB_TJS,20,0.0000000000,True,6.4833700000,6.6344304878,6.6321900000,0,1,0.0000000000,53.8862949436
2017-11-04,RUB_TJS,20,0.0000000000,True,6.4833700000,6.6364058537,6.6286700000,0,0,5.3074474646,6.3526157856
2017-11-08,RUB_TJS,20,0.0000000000,True,6.5008100000,6.6468263415,6.6111500000,0,0,44.6632263233,9.0514497511
2017-11-09,RUB_TJS,20,0.0000000000,True,6.5233400000,6.6497085366,6.6111500000,0,0,169.4252418927,-113.3605525714
2017-11-10,RUB_TJS,20,0.0000000000,True,6.5233400000,6.6515412195,6.6111500000,0,0,175.7798568677,-117.1138807038
2017-11-11,RUB_TJS,20,0.0000000000,True,6.5233400000,6.6542846341,6.6111500000,0,0,174.8600421174,-111.9960596083
2017-11-14,RUB_TJS,20,0.0000000000,True,6.5400600000,6.6618117073,6.6111500000,0,0,162.8574829628,-88.2467041486
2017-11-15,RUB_TJS,20,0.0000000000,True,6.5442900000,6.6655595122,6.6111500000,0,0,238.8482368019,-161.0674806945
2017-11-16,RUB_TJS,20,0.0000000000,True,6.5678600000,6.6683387805,6.6111500000,0,0,321.7707639494,-243.8556661038
2017-11-17,RUB_TJS,20,0.0000000000,True,6.5688500000,6.6711953659,6.6111500000,0,0,288.2178821421,-204.0933096387
2017-11-18,RUB_TJS,20,0.0000000000,True,6.5688500000,6.6743648780,6.6111500000,0,0,216.1687794685,-124.1393353002
2017-11-21,RUB_TJS,20,0.0000000000,True,6.5986800000,6.6836678049,6.6111500000,0,0,162.6818322501,-55.0778348007
2017-11-22,RUB_TJS,20,0.0000000000,True,6.5986800000,6.6862709756,6.6111500000,0,0,198.9809306235,-88.3886169224
2017-11-23,RUB_TJS,20,0.0000000000,True,6.5986800000,6.6879282927,6.6111500000,0,0,135.2768878855,-20.7563638687
2017-11-24,RUB_TJS,20,0.0000000000,True,6.6111500000,6.6905395122,6.6111500000,0,0,26.4306414409,92.4731287848
2017-11-25,RUB_TJS,20,0.0000000000,True,6.6111500000,6.6910346341,6.6111500000,0,0,38.2879081934,81.4143658267
2017-11-28,RUB_TJS,20,0.0000000000,True,6.6111500000,6.6941487805,6.6172500000,1,1,0.0000000000,123.9870567707
2017-11-29,RUB_TJS,20,0.0000000000,True,6.6111500000,6.6943943902,6.6172500000,0,0,2.6136957658,112.6530434983
2017-11-30,RUB_TJS,20,0.0000000000,True,6.6111500000,6.6925407317,6.6342700000,0,1,0.0000000000,112.4994747520
2017-12-01,RUB_TJS,20,0.0000000000,True,6.6111500000,6.6906880488,6.6342700000,0,0,20.5177266239,63.9366959999
2017-12-02,RUB_TJS,20,0.0000000000,True,6.6111500000,6.6885185366,6.6342700000,0,1,0.0000000000,81.1069540865
2017-12-05,RUB_TJS,20,0.0000000000,True,6.6111500000,6.6804241463,6.6154500000,0,0,116.9304960470,-19.9027088210
2017-12-06,RUB_TJS,20,0.0000000000,True,6.6022600000,6.6762617073,6.6022600000,0,0,84.0762724083,26.9937101137
2017-12-07,RUB_TJS,20,0.0000000000,True,6.5421300000,6.6692173171,6.5421300000,0,0,213.6879990666,-23.6349817039
2017-12-08,RUB_TJS,20,0.0000000000,True,6.5109300000,6.6619875610,6.5109300000,0,0,320.5938233099,-96.9567091400
2017-12-09,RUB_TJS,20,0.0000000000,True,6.5109300000,6.6566314634,6.5109300000,0,0,303.1941273451,-86.9486870401
2017-12-12,RUB_TJS,20,0.0000000000,True,6.5109300000,6.6406339024,6.5109300000,0,0,299.7991704608,-107.7097436959
2017-12-13,RUB_TJS,20,0.0000000000,True,6.5109300000,6.6352917073,6.5109300000,0,0,237.0952384523,-50.8768780214
2017-12-14,RUB_TJS,20,0.0000000000,True,6.5109300000,6.6310119512,6.5109300000,0,0,290.5123073665,-112.6947882619
2017-12-15,RUB_TJS,20,0.0000000000,True,6.5109300000,6.6285160976,6.5109300000,0,0,212.7925032582,-36.1678271368
2017-12-16,RUB_TJS,20,0.0000000000,True,6.5109300000,6.6258278049,6.5109300000,0,0,245.4324131990,-73.8355969437
2017-12-19,RUB_TJS,20,0.0000000000,True,6.5109300000,6.6183826829,6.5109300000,0,0,210.4232823326,-49.1015987290
2017-12-20,RUB_TJS,20,0.0000000000,True,6.5109300000,6.6161231707,6.5109300000,0,0,207.7878326207,-49.8280162227
2017-12-21,RUB_TJS,20,0.0000000000,True,6.4715000000,6.6125682927,6.4715000000,0,0,273.5110047674,-61.8696178342
2017-12-22,RUB_TJS,20,0.0000000000,True,6.4421000000,6.6075485366,6.4421000000,0,0,297.8376050097,-48.9008340018
2017-12-23,RUB_TJS,20,0.0000000000,True,6.4421000000,6.6033419512,6.4421000000,0,0,262.0381077629,-18.3362437837
2017-12-26,RUB_TJS,20,0.0000000000,True,6.4210900000,6.5862934146,6.4210900000,0,0,274.4060367208,-24.2421410051
2017-12-27,RUB_TJS,20,0.0000000000,True,6.3860500000,6.5796546341,6.3860500000,0,0,238.5767326543,57.0313127859
2017-12-28,RUB_TJS,20,0.0000000000,True,6.3860500000,6.5724843902,6.3860500000,0,0,191.8005569097,93.6546769670
2017-12-29,RUB_TJS,20,0.0000000000,True,6.3860500000,6.5650073171,6.3860500000,0,0,231.8427807061,41.7171158392
2017-12-30,RUB_TJS,20,0.0000000000,True,6.3860500000,6.5580863415,6.3860500000,0,0,214.9596864399,48.4079345871
2018-01-10,RUB_TJS,20,0.0000000000,True,6.3298000000,6.4770856098,6.3298000000,0,0,218.9600556285,8.6236466408
2018-01-11,RUB_TJS,20,0.0000000000,True,6.3298000000,6.4703465854,6.3298000000,0,0,174.3220378448,43.6554440990
2018-01-12,RUB_TJS,20,0.0000000000,True,6.3298000000,6.4638543902,6.3298000000,0,0,204.2774459129,3.1782743234
2018-01-13,RUB_TJS,20,0.0000000000,True,6.3298000000,6.4580163415,6.3298000000,0,0,142.1721234245,57.1790771515
2018-01-16,RUB_TJS,20,0.0000000000,True,6.3298000000,6.4389053659,6.3298000000,0,0,88.0826175805,82.0875022235
2018-01-17,RUB_TJS,20,0.0000000000,True,6.3298000000,6.4358651220,6.3298000000,0,0,95.7596620247,69.7110972668
2018-01-18,RUB_TJS,20,0.0000000000,True,6.3298000000,6.4353829268,6.3298000000,0,0,140.5291572300,23.8725915830
2018-01-19,RUB_TJS,20,0.0000000000,True,6.3298000000,6.4335041463,6.3298000000,0,0,156.9801345100,4.2809428250
2018-01-20,RUB_TJS,20,0.0000000000,True,6.3298000000,6.4338119512,6.3298000000,0,0,134.3669975577,27.6693682602
2018-01-23,RUB_TJS,20,0.0000000000,True,6.3298000000,6.4389558537,6.3298000000,0,0,137.7794189364,32.1882213974
2018-01-24,RUB_TJS,20,0.0000000000,True,6.3298000000,6.4403043902,6.3298000000,0,0,108.8993029132,63.3733869873
2018-01-25,RUB_TJS,20,0.0000000000,True,6.3298000000,6.4407885366,6.3298000000,0,0,93.9151555367,79.1495269497
2018-01-26,RUB_TJS,20,0.0000000000,True,6.3298000000,6.4408521951,6.3298000000,0,0,23.5313401831,149.2383184864
2018-01-27,RUB_TJS,20,0.0000000000,True,6.3298000000,6.4381682927,6.3298000000,1,1,0.0000000000,168.3216215489
2018-01-30,RUB_TJS,20,0.0000000000,True,6.3298000000,6.4283678049,6.3498700000,0,0,50.2823583977,72.1922053726
2018-01-31,RUB_TJS,20,0.0000000000,True,6.3298000000,6.4262526829,6.3498700000,0,0,42.8245713623,76.3628281490
2018-02-01,RUB_TJS,20,0.0000000000,True,6.3298000000,6.4253365854,6.3498700000,0,0,37.3567546535,80.3951430085
2018-02-02,RUB_TJS,20,0.0000000000,True,6.3298000000,6.4244870732,6.3498700000,0,0,41.1223806439,75.3321979164
2018-02-03,RUB_TJS,20,0.0000000000,True,6.3298000000,6.4247558537,6.3498700000,0,1,0.0000000000,116.5582869828
2018-02-06,RUB_TJS,20,0.0000000000,True,6.3298000000,6.4264168293,6.3847800000,0,0,50.9545803025,13.9063952833
2018-02-07,RUB_TJS,20,0.0000000000,True,6.3298000000,6.4250995122,6.3369900000,0,0,237.5076257556,-102.8162874046
2018-02-08,RUB_TJS,20,0.0000000000,True,6.3053400000,6.4223024390,6.3053400000,0,0,240.3031302095,-59.6165648366
2018-02-09,RUB_TJS,20,0.0000000000,True,6.3053400000,6.4213748780,6.3053400000,0,0,357.2739395867,-183.1151804471
2018-02-10,RUB_TJS,20,0.0000000000,True,6.3053400000,6.4210324390,6.3053400000,0,0,441.5884450266,-273.4880451753
2018-02-13,RUB_TJS,20,0.0000000000,True,6.3053400000,6.4213126829,6.3053400000,0,0,419.7896265819,-249.6643988377
2018-02-14,RUB_TJS,20,0.0000000000,True,6.3053400000,6.4231602439,6.3053400000,0,0,367.9239374354,-191.5408481586
2018-02-15,RUB_TJS,20,0.0000000000,True,6.3053400000,6.4236524390,6.3053400000,0,0,342.4899869045,-163.9216348878
2018-02-16,RUB_TJS,20,0.0000000000,True,6.3053400000,6.4258470732,6.3053400000,0,0,172.9345572994,14.8572990643
2018-02-17,RUB_TJS,20,0.0000000000,True,6.3053400000,6.4284058537,6.3053400000,0,0,136.1929791628,56.0105483042
2018-02-20,RUB_TJS,20,0.0000000000,True,6.3053400000,6.4348100000,6.3053400000,0,0,124.4208884253,77.7489933658
2018-02-21,RUB_TJS,20,0.0000000000,True,6.3053400000,6.4357319512,6.3053400000,0,0,154.8901248177,48.4668277920
2018-02-22,RUB_TJS,20,0.0000000000,True,6.3053400000,6.4376409756,6.3053400000,0,0,189.2493663421,16.5759097940
2018-02-23,RUB_TJS,20,0.0000000000,True,6.3053400000,6.4396663415,6.3053400000,0,0,197.0892910724,11.7340574228
2018-02-27,RUB_TJS,20,0.0000000000,True,6.3053400000,6.4533465854,6.3053400000,0,0,49.9448476327,180.3042558255
2018-02-28,RUB_TJS,20,0.0000000000,True,6.3053400000,6.4541763415,6.3927200000,1,1,0.0000000000,230.6047024269
2018-03-01,RUB_TJS,20,0.0000000000,True,6.3053400000,6.4560902439,6.4019700000,0,1,0.0000000000,98.1557591490
2018-03-02,RUB_TJS,20,0.0000000000,True,6.3053400000,6.4554695122,6.4099900000,0,1,0.0000000000,82.8747035271
2018-03-03,RUB_TJS,20,0.0000000000,True,6.3053400000,6.4516463415,6.4099900000,0,0,16.4938370054,48.1525796970
2018-03-06,RUB_TJS,20,0.0000000000,True,6.3053400000,6.4427117073,6.4099900000,0,0,100.7684657248,-50.4885119196
2018-03-07,RUB_TJS,20,0.0000000000,True,6.3053400000,6.4405941463,6.4149800000,0,1,0.0000000000,47.5175824560
2018-03-08,RUB_TJS,20,0.0000000000,True,6.3053400000,6.4393690244,6.4149800000,0,0,30.6618324680,7.2352188120
2018-03-13,RUB_TJS,20,0.0000000000,True,6.3053400000,6.4529026829,6.4398900000,0,1,0.0000000000,58.7684097998
2018-03-14,RUB_TJS,20,0.0000000000,True,6.3053400000,6.4551963415,6.4398900000,0,0,18.6920233418,5.0290359761
2018-03-15,RUB_TJS,20,0.0000000000,True,6.3053400000,6.4574612195,6.4398900000,0,0,29.7872933352,-2.5842671463
2018-03-16,RUB_TJS,20,0.0000000000,True,6.3053400000,6.4603187805,6.4398900000,0,0,32.7500947988,-1.1318628957
2018-03-17,RUB_TJS,20,0.0000000000,True,6.3053400000,6.4625746341,6.4398900000,0,0,126.3662720723,-92.4327674887
2018-03-20,RUB_TJS,20,0.0000000000,True,6.3053400000,6.4737651220,6.4398900000,0,0,130.7090379116,-79.4203636991
2018-03-21,RUB_TJS,20,0.0000000000,True,6.3927200000,6.4818541463,6.4398900000,0,0,151.6578835490,-88.2553855224
2018-03-22,RUB_TJS,20,0.0000000000,True,6.4019700000,6.4983100000,6.4398900000,0,0,113.0266169853,-23.3906969658
2018-03-23,RUB_TJS,20,0.0000000000,True,6.4099900000,6.5187682927,6.4593700000,0,1,0.0000000000,121.0018352262
2018-03-24,RUB_TJS,20,0.0000000000,True,6.4099900000,6.5335102439,6.4593700000,0,0,15.7043865629,97.9262930859
2018-03-27,RUB_TJS,20,0.0000000000,True,6.4099900000,6.5709385366,6.4787200000,0,1,0.0000000000,169.7908692406
2018-03-28,RUB_TJS,20,0.0000000000,True,6.4149800000,6.5862990244,6.4872500000,0,1,0.0000000000,163.3375951985
2018-03-29,RUB_TJS,20,0.0000000000,True,6.4149800000,6.5976790244,6.4872500000,0,0,53.8302086975,114.1598797271
2018-03-30,RUB_TJS,20,0.0000000000,True,6.4149800000,6.6102792683,6.4872500000,0,0,94.3648315405,92.6273547721
2018-03-31,RUB_TJS,20,0.0000000000,True,6.4149800000,6.6208687805,6.4872500000,0,1,0.0000000000,201.8145728573
2018-04-03,RUB_TJS,20,0.0000000000,True,6.4398900000,6.6557526829,6.5198300000,0,1,0.0000000000,236.1456178052
2018-04-04,RUB_TJS,20,0.0000000000,True,6.4398900000,6.6680170732,6.5246000000,0,1,0.0000000000,222.2355934975
2018-04-05,RUB_TJS,20,0.0000000000,True,6.4398900000,6.6797868293,6.5246000000,0,0,37.6683202861,195.3907102191
2018-04-06,RUB_TJS,20,0.0000000000,True,6.4398900000,6.6917468293,6.5533400000,0,1,0.0000000000,249.7805633310
2018-04-07,RUB_TJS,20,0.0000000000,True,6.4398900000,6.7044107317,6.5533400000,0,1,0.0000000000,225.3303649683
2018-04-10,RUB_TJS,20,0.0000000000,True,6.4398900000,6.7393965854,6.8688800000,0,1,0.0000000000,151.9521578359
2018-04-11,RUB_TJS,20,0.0000000000,True,6.4398900000,6.7500148780,6.8688800000,0,0,280.9091307848,-470.2139590587
2018-04-12,RUB_TJS,20,0.0000000000,True,6.4398900000,6.7612563415,6.8688800000,0,0,513.5924958154,-709.1931355953
2018-04-13,RUB_TJS,20,0.0000000000,True,6.4593700000,6.7742934146,6.8688800000,0,0,222.2348754448,-370.0852177797
2018-04-14,RUB_TJS,20,0.0000000000,True,6.4593700000,6.7889397561,6.8688800000,0,0,117.1744610320,-237.7105257967
2018-04-17,RUB_TJS,20,0.0000000000,True,6.4787200000,6.8308056098,6.8688800000,0,0,242.7494080062,-305.9147078427
2018-04-18,RUB_TJS,20,0.0000000000,True,6.4872500000,6.8431956098,6.8688800000,0,0,46.9622345967,-84.8936572280
2018-04-19,RUB_TJS,20,0.0000000000,True,6.4872500000,6.8553141463,6.8688800000,0,0,118.5961802938,-140.0458850012
2018-04-20,RUB_TJS,20,0.0000000000,True,6.4872500000,6.8667817073,6.9048800000,0,1,0.0000000000,-3.0557148492
2018-04-21,RUB_TJS,20,0.0000000000,True,6.4872500000,6.8785046341,6.9048800000,0,1,0.0000000000,-38.3446217696
2018-04-24,RUB_TJS,20,0.0000000000,True,6.5198300000,6.9069756098,6.8801300000,0,0,107.3504735585,-69.2262329352
2018-04-25,RUB_TJS,20,0.0000000000,True,6.5246000000,6.9161904878,6.8801300000,0,0,88.6815746598,-36.8693028916
2018-04-26,RUB_TJS,20,0.0000000000,True,6.5246000000,6.9249024390,6.8801300000,0,0,102.5403479294,-38.2786056685
2018-04-27,RUB_TJS,20,0.0000000000,True,6.5533400000,6.9350797561,6.8801300000,0,0,229.2115491946,-153.4953420094
2018-04-28,RUB_TJS,20,0.0000000000,True,6.5533400000,6.9431775610,6.8801300000,0,0,248.4196501970,-161.6297985164
2018-04-29,RUB_TJS,20,0.0000000000,True,6.5533400000,6.9515995122,6.8801300000,0,0,135.1798933530,-32.8132939259
2018-05-04,RUB_TJS,20,0.0000000000,True,6.8179900000,6.9494375610,6.8179900000,0,0,356.4907079602,-173.5283437923
2018-05-05,RUB_TJS,20,0.0000000000,True,6.8179900000,6.9466246341,6.8179900000,0,0,313.0296903660,-131.9854903387
2018-05-08,RUB_TJS,20,0.0000000000,True,6.8179900000,6.9380404878,6.8179900000,0,0,241.4870518456,-70.1487866505
2018-05-09,RUB_TJS,20,0.0000000000,True,6.8179900000,6.9387448780,6.8179900000,0,0,286.6842754608,-115.9793642303
2018-05-11,RUB_TJS,20,0.0000000000,True,6.8179900000,6.9414212195,6.8179900000,0,0,215.1296877534,-38.1316442999
2018-05-12,RUB_TJS,20,0.0000000000,True,6.8179900000,6.9410765854,6.8179900000,0,0,90.3180608506,87.8056661907
2018-05-15,RUB_TJS,20,0.0000000000,True,6.8179900000,6.9402931707,6.8179900000,0,0,115.4742781589,61.4573040107
2018-05-16,RUB_TJS,20,0.0000000000,True,6.8179900000,6.9385075610,6.8179900000,0,0,128.0974623758,46.1879744224
2018-05-17,RUB_TJS,20,0.0000000000,True,6.8179900000,6.9366121951,6.8179900000,0,0,178.4533562282,-7.5797878419
2018-05-18,RUB_TJS,20,0.0000000000,True,6.8179900000,6.9323185366,6.8179900000,0,0,97.8309018423,67.7529982754
2018-05-19,RUB_TJS,20,0.0000000000,True,6.8179900000,6.9271631707,6.8179900000,0,0,116.9071005300,41.1758320523
2018-05-22,RUB_TJS,20,0.0000000000,True,6.8179900000,6.9214475610,6.8179900000,0,0,210.1278945713,-61.9558822726
2018-05-23,RUB_TJS,20,0.0000000000,True,6.8179900000,6.9190246341,6.8349900000,1,1,0.0000000000,146.0243885355
2018-05-24,RUB_TJS,20,0.0000000000,True,6.8179900000,6.9166017073,6.8349900000,0,0,29.5685356938,88.6876386885
2018-05-25,RUB_TJS,20,0.0000000000,True,6.8179900000,6.9139358537,6.8440300000,0,1,0.0000000000,114.1836651793
2018-05-26,RUB_TJS,20,0.0000000000,True,6.8179900000,6.9094580488,6.8440300000,0,0,27.3794154590,67.4988522272
2018-05-29,RUB_TJS,20,0.0000000000,True,6.8179900000,6.9005019512,6.8440300000,0,0,124.2970951651,-42.9940444771
2018-05-30,RUB_TJS,20,0.0000000000,True,6.8179900000,6.8996670732,6.8440300000,0,0,180.0413515441,-101.2265172922
2018-05-31,RUB_TJS,20,0.0000000000,True,6.8179900000,6.9004007317,6.8440300000,0,0,167.2169208180,-86.9793952935
2018-06-01,RUB_TJS,20,0.0000000000,True,6.8179900000,6.9008521951,6.8440300000,0,0,67.8010376229,14.6390544766
2018-06-02,RUB_TJS,20,0.0000000000,True,6.8179900000,6.9038990244,6.8440300000,0,0,96.6312197847,-10.0102501287
2018-06-05,RUB_TJS,20,0.0000000000,True,6.8179900000,6.9082895122,6.8440300000,0,0,35.5973956392,57.6257149108
2018-06-06,RUB_TJS,20,0.0000000000,True,6.8179900000,6.9078619512,6.8440300000,0,0,43.1645256558,49.4537260020
2018-06-07,RUB_TJS,20,0.0000000000,True,6.8179900000,6.9061465854,6.8440300000,0,0,31.2577834940,58.8701454035
2018-06-08,RUB_TJS,20,0.0000000000,True,6.8179900000,6.9066719512,6.8547200000,0,1,0.0000000000,90.6977364235
2018-06-09,RUB_TJS,20,0.0000000000,True,6.8179900000,6.9069368293,6.8547200000,0,0,121.1025040533,-46.0597389524
2018-06-10,RUB_TJS,20,0.0000000000,True,6.8179900000,6.9055053659,6.8399500000,0,0,51.0831162446,44.0740601031
2018-06-14,RUB_TJS,20,0.0000000000,True,6.8349900000,6.9039568293,6.8399500000,0,0,173.5162834933,-82.2328008933
2018-06-15,RUB_TJS,20,0.0000000000,True,6.8399500000,6.9051775610,6.8399500000,0,0,21.5471966762,73.0720687919
2018-06-16,RUB_TJS,20,0.0000000000,True,6.8399500000,6.9057631707,6.8399500000,0,0,85.1753443760,10.2134558590
2018-06-19,RUB_TJS,20,0.0000000000,True,6.8399500000,6.9047936585,6.8399500000,0,0,207.6452507448,-116.1458914334
2018-06-20,RUB_TJS,20,0.0000000000,True,6.8399500000,6.9016517073,6.8399500000,0,0,296.9798419701,-213.9318223294
2018-06-21,RUB_TJS,20,0.0000000000,True,6.7979800000,6.8976897561,6.7979800000,0,0,269.6954082217,-128.6086313523
2018-06-22,RUB_TJS,20,0.0000000000,True,6.7597000000,6.8944934146,6.7597000000,0,0,350.2473215751,-160.3549074848
2018-06-23,RUB_TJS,20,0.0000000000,True,6.7597000000,6.8911112195,6.7597000000,0,0,268.1698884389,-79.6080323482
2018-06-26,RUB_TJS,20,0.0000000000,True,6.7597000000,6.8826921951,6.7597000000,0,0,187.5908159903,-9.0630304265
2018-06-27,RUB_TJS,20,0.0000000000,True,6.6088700000,6.8762329268,6.6088700000,0,0,382.2578344883,6.8248514546
2018-06-28,RUB_TJS,20,0.0000000000,True,6.6088700000,6.8704390244,6.6088700000,0,0,431.4821866281,-53.0547982165
2018-06-29,RUB_TJS,20,0.0000000000,True,6.6088700000,6.8705131707,6.6088700000,0,0,435.0966061220,-56.7451488695
2018-06-30,RUB_TJS,20,0.0000000000,True,6.6088700000,6.8651058537,6.6088700000,0,0,337.8387268913,36.6430674119
2018-07-03,RUB_TJS,20,0.0000000000,True,6.6088700000,6.8554692683,6.6088700000,0,0,407.9425945654,-50.2820891733
2018-07-04,RUB_TJS,20,0.0000000000,True,6.6088700000,6.8514978049,6.6088700000,0,0,425.9375421019,-75.0087011418
2018-07-05,RUB_TJS,20,0.0000000000,True,6.6088700000,6.8446453659,6.6088700000,0,0,401.1160428988,-59.0164018546
2018-07-06,RUB_TJS,20,0.0000000000,True,6.6088700000,6.8407929268,6.6088700000,0,0,403.6109501759,-67.2978610274
2018-07-07,RUB_TJS,20,0.0000000000,True,6.6088700000,6.8355141463,6.6088700000,0,0,382.9296189476,-53.4061562554
2018-07-10,RUB_TJS,20,0.0000000000,True,6.6088700000,6.8180314634,6.6088700000,0,0,338.8839429941,-33.2332531860
2018-07-11,RUB_TJS,20,0.0000000000,True,6.6088700000,6.8086485366,6.6088700000,0,0,278.1855786572,15.6690957509
2018-07-12,RUB_TJS,20,0.0000000000,True,6.6088700000,6.7997700000,6.6088700000,0,0,223.1312040475,58.9284637569
2018-07-13,RUB_TJS,20,0.0000000000,True,6.6088700000,6.7908926829,6.6088700000,0,0,241.0907039725,27.6144592507
2018-07-14,RUB_TJS,20,0.0000000000,True,6.6088700000,6.7849324390,6.6088700000,0,0,254.7613851517,4.8525745156
2018-07-17,RUB_TJS,20,0.0000000000,True,6.6088700000,6.7712358537,6.6223800000,1,1,0.0000000000,239.7876210010
2018-07-18,RUB_TJS,20,0.0000000000,True,6.6088700000,6.7680624390,6.6223800000,0,0,8.3887301333,207.0347906610
2018-07-19,RUB_TJS,20,0.0000000000,True,6.6088700000,6.7642131707,6.6223800000,0,0,328.1549626337,-122.4929303334
2018-07-20,RUB_TJS,20,0.0000000000,True,6.6088700000,6.7603487805,6.6223800000,0,0,140.9398471055,64.0481458779
2018-07-21,RUB_TJS,20,0.0000000000,True,6.6088700000,6.7651473171,6.6223800000,0,0,179.4206754190,32.1904550670
2018-07-24,RUB_TJS,20,0.0000000000,True,6.6088700000,6.7830987805,6.6223800000,0,0,133.8748316508,104.4637307828
2018-07-25,RUB_TJS,20,0.0000000000,True,6.6088700000,6.7914734146,6.6223800000,0,0,85.9309737746,164.4612410519
2018-07-26,RUB_TJS,20,0.0000000000,True,6.6088700000,6.7963836585,6.6223800000,0,0,111.0834028942,146.5686216985
2018-07-27,RUB_TJS,20,0.0000000000,True,6.6088700000,6.8002575610,6.6223800000,0,0,89.6400629725,173.4898419916
2018-07-28,RUB_TJS,20,0.0000000000,True,6.6088700000,6.8057551220,6.6223800000,0,0,98.9154583811,172.2294144454
2018-07-31,RUB_TJS,20,0.0000000000,True,6.6088700000,6.8234275610,6.6223800000,0,0,63.3496383879,232.7680034063
2018-08-01,RUB_TJS,20,0.0000000000,True,6.6088700000,6.8316597561,6.6410800000,0,1,0.0000000000,306.3380841102
2018-08-02,RUB_TJS,20,0.0000000000,True,6.6088700000,6.8406641463,6.7016000000,0,1,0.0000000000,291.7613583590
2018-08-03,RUB_TJS,20,0.0000000000,True,6.6088700000,6.8506548780,6.7397700000,0,1,0.0000000000,217.5775611269
2018-08-04,RUB_TJS,20,0.0000000000,True,6.6088700000,6.8625819512,6.7397700000,0,1,0.0000000000,178.9588118473
2018-08-07,RUB_TJS,20,0.0000000000,True,6.6223800000,6.8970629268,6.7490700000,0,1,0.0000000000,225.6510176583
2018-08-08,RUB_TJS,20,0.0000000000,True,6.6223800000,6.9100009756,6.7510600000,0,1,0.0000000000,232.8957350047
2018-08-09,RUB_TJS,20,0.0000000000,True,6.6223800000,6.9175807317,7.0366900000,0,1,0.0000000000,240.7210528734
2018-08-10,RUB_TJS,20,0.0000000000,True,6.6223800000,6.9300978049,7.0456600000,0,1,0.0000000000,-153.8105206061
2018-08-11,RUB_TJS,20,0.0000000000,True,6.6223800000,6.9419126829,7.0456600000,0,0,79.2599215708,-230.5377845889
2018-08-14,RUB_TJS,20,0.0000000000,True,6.6223800000,6.9775853659,7.0456600000,0,0,276.8190443333,-385.0395517353
2018-08-15,RUB_TJS,20,0.0000000000,True,6.6223800000,6.9901604878,7.0456600000,0,0,57.4342821985,-137.6213212314
2018-08-16,RUB_TJS,20,0.0000000000,True,6.6223800000,7.0035556098,7.0974200000,0,1,0.0000000000,-60.1185920267
2018-08-17,RUB_TJS,20,0.0000000000,True,6.6223800000,7.0179309756,7.1031000000,0,1,0.0000000000,-113.2656115691
2018-08-18,RUB_TJS,20,0.0000000000,True,6.6223800000,7.0314160976,7.1031000000,0,1,0.0000000000,-101.9480307301
2018-08-21,RUB_TJS,20,0.0000000000,True,6.6223800000,7.0784963415,7.1288800000,0,0,9.2775558826,-80.5307452130
2018-08-22,RUB_TJS,20,0.0000000000,True,6.6410800000,7.0978090244,7.1578400000,0,1,0.0000000000,-43.7754460609
2018-08-23,RUB_TJS,20,0.0000000000,True,6.7016000000,7.1171053659,7.1578400000,0,0,33.3065989395,-90.8440030360
2018-08-24,RUB_TJS,20,0.0000000000,True,6.7397700000,7.1336939024,7.1578400000,0,0,155.1580670229,-191.9848250205
2018-08-25,RUB_TJS,20,0.0000000000,True,6.7397700000,7.1469751220,7.1578400000,0,0,52.0479369143,-67.6018556443
2018-08-28,RUB_TJS,20,0.0000000000,True,6.7490700000,7.1840314634,7.1578400000,0,0,0.7822977202,35.6783841290
2018-08-29,RUB_TJS,20,0.0000000000,True,6.7510600000,7.1960860976,7.1953600000,0,1,0.0000000000,53.1484713252
2018-08-30,RUB_TJS,20,0.0000000000,True,7.0366900000,7.2067560976,7.1885300000,0,0,57.7020158362,-32.5998301052
2018-08-31,RUB_TJS,20,0.0000000000,True,7.0456600000,7.2085390244,7.1097900000,0,0,163.2451458124,-26.6919212682
2018-09-01,RUB_TJS,20,0.0000000000,True,7.0456600000,7.2073400000,7.0527900000,0,0,232.2962889099,-18.2869130636
2018-09-04,RUB_TJS,20,0.0000000000,True,7.0291500000,7.1984936585,7.0291500000,0,0,230.9960863668,4.3532142768
2018-09-05,RUB_TJS,20,0.0000000000,True,7.0195600000,7.1968643902,7.0195600000,0,0,312.4633416920,-68.2319508794
2018-09-06,RUB_TJS,20,0.0000000000,True,6.9840200000,7.1953609756,6.9840200000,0,0,395.5762568983,-106.0530870500
2018-09-07,RUB_TJS,20,0.0000000000,True,6.9840200000,7.1926053659,6.9840200000,0,0,355.4684641017,-67.8817085922
2018-09-08,RUB_TJS,20,0.0000000000,True,6.9840200000,7.1898202439,6.9840200000,0,0,464.1868708177,-186.6107239765
2018-09-11,RUB_TJS,20,0.0000000000,True,6.9592100000,7.1785014634,6.9592100000,0,0,613.6737611610,-328.3394699947
2018-09-12,RUB_TJS,20,0.0000000000,True,6.9592100000,7.1743792683,6.9592100000,0,0,636.4442435178,-359.4049353467
2018-09-13,RUB_TJS,20,0.0000000000,True,6.9201200000,7.1679978049,6.9201200000,0,0,625.3412140514,-298.1755867399
2018-09-14,RUB_TJS,20,0.0000000000,True,6.9201200000,7.1600202439,6.9201200000,0,0,499.9519514572,-173.5745875906
2018-09-15,RUB_TJS,20,0.0000000000,True,6.9201200000,7.1559073171,6.9201200000,0,0,450.7393649024,-126.9617938037
2018-09-18,RUB_TJS,20,0.0000000000,True,6.9201200000,7.1477441463,6.9201200000,0,0,446.1910369707,-133.7007196983
2018-09-19,RUB_TJS,20,0.0000000000,True,6.9201200000,7.1465021951,6.9201200000,0,0,373.3864920923,-58.8089162090
2018-09-20,RUB_TJS,20,0.0000000000,True,6.9201200000,7.1419943902,6.9201200000,0,0,266.7729989212,45.0915927460
2018-09-21,RUB_TJS,20,0.0000000000,True,6.9201200000,7.1370139024,6.9201200000,0,0,188.1099536495,118.0100019285
2018-09-22,RUB_TJS,20,0.0000000000,True,6.9201200000,7.1339273171,6.9201200000,0,0,155.1112154386,146.8718595190
2018-09-25,RUB_TJS,20,0.0000000000,True,6.9201200000,7.1186782927,6.9201200000,0,0,141.6613007083,139.2369322052
2018-09-26,RUB_TJS,20,0.0000000000,True,6.9201200000,7.1122795122,6.9201200000,0,0,91.4945833488,180.3353087786
2018-09-27,RUB_TJS,20,0.0000000000,True,6.9201200000,7.1045031707,6.9201200000,0,0,92.0904181294,168.9958718385
2018-09-28,RUB_TJS,20,0.0000000000,True,6.9201200000,7.0972231707,6.9201200000,0,0,98.4273656407,152.6134491281
2018-09-29,RUB_TJS,20,0.0000000000,True,6.9201200000,7.0888514634,6.9201200000,0,0,56.1701687404,182.8807728356
2018-10-02,RUB_TJS,20,0.0000000000,True,6.9201200000,7.0616948780,6.9201200000,0,0,57.1131357339,144.1932564451
2018-10-03,RUB_TJS,20,0.0000000000,True,6.9201200000,7.0494317073,6.9294400000,1,1,0.0000000000,183.4356479868
2018-10-04,RUB_TJS,20,0.0000000000,True,6.9201200000,7.0384004878,6.9294400000,0,0,20.3497624421,134.7330092529
2018-10-05,RUB_TJS,20,0.0000000000,True,6.9201200000,7.0306112195,6.9294400000,0,0,138.3587650463,5.6200227673
2018-10-06,RUB_TJS,20,0.0000000000,True,6.9201200000,7.0241848780,6.9294400000,0,0,200.7938988295,-67.2606469953
2018-10-09,RUB_TJS,20,0.0000000000,True,6.9201200000,7.0035697561,6.9294400000,0,0,249.7284336956,-147.5679510616
2018-10-10,RUB_TJS,20,0.0000000000,True,6.9201200000,6.9985519512,6.9294400000,0,0,164.6315412970,-66.9824973898
2018-10-11,RUB_TJS,20,0.0000000000,True,6.9201200000,6.9954087805,6.9294400000,0,0,134.0342104739,-40.2710125973
2018-10-12,RUB_TJS,20,0.0000000000,True,6.9201200000,6.9931409756,6.9294400000,0,0,231.9293710010,-144.1827424070
2018-10-13,RUB_TJS,20,0.0000000000,True,6.9201200000,6.9916509756,6.9294400000,0,0,106.0720501790,-17.2763549445
2018-10-16,RUB_TJS,20,0.0000000000,True,6.9201200000,6.9866846341,6.9294400000,0,0,77.5815408055,4.3863925550
2018-10-17,RUB_TJS,20,0.0000000000,True,6.9201200000,6.9860519512,6.9294400000,0,0,33.6553120739,47.5403725186
2018-10-18,RUB_TJS,20,0.0000000000,True,6.9201200000,6.9864968293,6.9294400000,0,0,19.4585874880,62.3299921727
2018-10-19,RUB_TJS,20,0.0000000000,True,6.9201200000,6.9871602439,6.9294400000,0,0,73.5021308599,9.1743192924
2018-10-20,RUB_TJS,20,0.0000000000,True,6.9201200000,6.9888339024,6.9294400000,0,0,76.5868719676,8.4619301611
2018-10-23,RUB_TJS,20,0.0000000000,True,6.9201200000,6.9985824390,6.9294500000,0,1,0.0000000000,98.7949197238
2018-10-24,RUB_TJS,20,0.0000000000,True,6.9294400000,7.0045424390,6.9580800000,0,1,0.0000000000,107.2053452143
2018-10-25,RUB_TJS,20,0.0000000000,True,6.9294400000,7.0103063415,6.9580800000,0,0,9.8493310782,64.7137789045
2018-10-26,RUB_TJS,20,0.0000000000,True,6.9294400000,7.0149907317,6.9580800000,0,0,36.0861944530,45.2042389222
2018-10-27,RUB_TJS,20,0.0000000000,True,6.9294400000,7.0149160976,6.9580800000,0,0,8.3143424561,72.7679374223
2018-10-30,RUB_TJS,20,0.0000000000,True,6.9294400000,7.0090734146,6.9580800000,0,0,35.4012716962,37.4848615215
2018-10-31,RUB_TJS,20,0.0000000000,True,6.9294400000,7.0081417073,6.9580800000,0,0,32.7177506690,38.8429750053
2018-11-01,RUB_TJS,20,0.0000000000,True,6.9294400000,7.0065626829,6.9580800000,0,0,2.4857000407,66.7269887426
2018-11-02,RUB_TJS,20,0.0000000000,True,6.9294400000,7.0042058537,6.9580800000,0,0,14.3224943528,51.6059270869
2018-11-03,RUB_TJS,20,0.0000000000,True,6.9294400000,7.0031670732,6.9580800000,0,1,0.0000000000,64.3809760636
2018-11-07,RUB_TJS,20,0.0000000000,True,6.9294400000,7.0037873171,6.9588400000,0,0,62.6046028092,1.5810261264
2018-11-08,RUB_TJS,20,0.0000000000,True,6.9294400000,7.0073536585,6.9588400000,0,0,81.6264283200,-12.4959319739
2018-11-09,RUB_TJS,20,0.0000000000,True,6.9294400000,7.0104217073,6.9588400000,0,0,98.1668594716,-24.8320192561
2018-11-10,RUB_TJS,20,0.0000000000,True,6.9294400000,7.0125295122,6.9588400000,0,0,188.6739248744,-114.2675944045
2018-11-13,RUB_TJS,20,0.0000000000,True,6.9294500000,7.0196934146,6.9588400000,0,0,287.0271115280,-206.2577050217
2018-11-14,RUB_TJS,20,0.0000000000,True,6.9580800000,7.0223095122,6.9588400000,0,0,307.8737975094,-224.3998039836
2018-11-15,RUB_TJS,20,0.0000000000,True,6.9580800000,7.0244765854,6.9588400000,0,0,360.0084225458,-276.5236843964
2018-11-16,RUB_TJS,20,0.0000000000,True,6.9580800000,7.0271736585,6.9588400000,0,0,154.9579323097,-58.6243395499
2018-11-17,RUB_TJS,20,0.0000000000,True,6.9580800000,7.0301202439,6.9588400000,0,0,63.6404265922,37.9940071802
2018-11-20,RUB_TJS,20,0.0000000000,True,6.9580800000,7.0402112195,6.9588400000,0,0,69.0572451596,46.8469176334
2018-11-21,RUB_TJS,20,0.0000000000,True,6.9580800000,7.0413465854,6.9611400000,0,1,0.0000000000,117.1744415157
2018-11-22,RUB_TJS,20,0.0000000000,True,6.9580800000,7.0438739024,6.9611400000,0,0,51.7339446132,66.0629407675
2018-11-23,RUB_TJS,20,0.0000000000,True,6.9580800000,7.0459021951,6.9709600000,0,1,0.0000000000,120.2999882409
2018-11-24,RUB_TJS,20,0.0000000000,True,6.9580800000,7.0476492683,6.9709600000,0,1,0.0000000000,108.8153870507
2018-11-27,RUB_TJS,20,0.0000000000,True,6.9588400000,7.0545514634,7.0274700000,0,0,41.0970357700,-2.7195727401
2018-11-28,RUB_TJS,20,0.0000000000,True,6.9588400000,7.0562487805,7.0274700000,0,0,87.0341662000,-46.6554121550
2018-11-29,RUB_TJS,20,0.0000000000,True,6.9588400000,7.0578495122,7.0274700000,0,0,111.2637092031,-68.9877103794
2018-11-30,RUB_TJS,20,0.0000000000,True,6.9588400000,7.0601134146,7.0274700000,0,0,59.2275940894,-13.0686078594
2018-12-01,RUB_TJS,20,0.0000000000,True,6.9588400000,7.0615585366,7.0274700000,0,0,50.3044032281,-2.0412822568
2018-12-04,RUB_TJS,20,0.0000000000,True,6.9588400000,7.0690943902,7.0274700000,0,0,13.1311365681,45.8112290714
2018-12-05,RUB_TJS,20,0.0000000000,True,6.9588400000,7.0710012195,7.0274700000,0,0,37.3132741406,24.3405692884
2018-12-06,RUB_TJS,20,0.0000000000,True,6.9588400000,7.0728343902,7.0274700000,0,0,93.5879760807,-29.7272756522
2018-12-07,RUB_TJS,20,0.0000000000,True,6.9588400000,7.0787390244,7.0274700000,0,0,80.7517064991,-8.3927032615
2018-12-08,RUB_TJS,20,0.0000000000,True,6.9588400000,7.0861409756,7.0274700000,0,0,113.4200608040,-30.9745804745
2018-12-11,RUB_TJS,20,0.0000000000,True,6.9588400000,7.1127180488,7.0297100000,0,1,0.0000000000,119.8529847463
2018-12-12,RUB_TJS,20,0.0000000000,True,6.9611400000,7.1226421951,7.0297100000,0,0,47.7388464245,83.1323454132
2018-12-13,RUB_TJS,20,0.0000000000,True,6.9611400000,7.1316273171,7.0297100000,0,0,30.5053593563,112.7475027764
2018-12-14,RUB_TJS,20,0.0000000000,True,6.9709600000,7.1414953659,7.0524100000,0,1,0.0000000000,156.5293543256
2018-12-15,RUB_TJS,20,0.0000000000,True,6.9709600000,7.1511239024,7.0524100000,0,1,0.0000000000,138.0397036686
2018-12-18,RUB_TJS,20,0.0000000000,True,7.0274700000,7.1779239024,7.0817400000,0,1,0.0000000000,147.1928427705
2018-12-19,RUB_TJS,20,0.0000000000,True,7.0274700000,7.1846692683,7.1206500000,0,1,0.0000000000,143.2623610761
2018-12-20,RUB_TJS,20,0.0000000000,True,7.0274700000,7.1909909756,7.1519100000,0,1,0.0000000000,97.8181948056
2018-12-21,RUB_TJS,20,0.0000000000,True,7.0274700000,7.1919739024,7.1096400000,0,0,59.1030927403,55.7064068676
2018-12-22,RUB_TJS,20,0.0000000000,True,7.0274700000,7.1925546341,7.0868100000,0,0,183.9162611727,-37.5879881750
2018-12-25,RUB_TJS,20,0.0000000000,True,7.0274700000,7.1953463415,7.0868100000,0,0,235.9580439428,-87.1725356362
2018-12-26,RUB_TJS,20,0.0000000000,True,7.0274700000,7.1969995122,7.0868100000,0,0,283.8955398224,-134.6123306535
2018-12-27,RUB_TJS,20,0.0000000000,True,7.0274700000,7.1974829268,7.0868100000,0,0,305.9315008905,-156.9674764349
2018-12-28,RUB_TJS,20,0.0000000000,True,7.0274700000,7.1973617073,7.0797100000,0,0,310.9120296049,-152.1783913841
2018-12-29,RUB_TJS,20,0.0000000000,True,7.0274700000,7.1957563415,7.0422700000,0,0,447.5974092034,-245.2746454457
2018-12-30,RUB_TJS,20,0.0000000000,True,7.0274700000,7.1938009756,7.0279200000,0,0,458.6239245805,-238.9960814501
2019-01-10,RUB_TJS,20,0.0000000000,True,6.9878100000,7.1800578049,6.9878100000,0,0,171.3588873698,98.0741475789
2019-01-11,RUB_TJS,20,0.0000000000,True,6.9878100000,7.1765821951,6.9878100000,0,0,139.6961397300,125.0904576596
2019-01-12,RUB_TJS,20,0.0000000000,True,6.9308300000,7.1695392683,6.9308300000,0,0,227.7934518547,107.6070098868
2019-01-15,RUB_TJS,20,0.0000000000,True,6.9308300000,7.1498185366,6.9308300000,0,0,267.8341994813,39.5094455067
2019-01-16,RUB_TJS,20,0.0000000000,True,6.9308300000,7.1414029268,6.9308300000,0,0,257.0399568156,38.8200009344
2019-01-17,RUB_TJS,20,0.0000000000,True,6.9308300000,7.1326004878,6.9308300000,0,0,210.2910994942,74.1531618031
2019-01-18,RUB_TJS,20,0.0000000000,True,6.9308300000,7.1242324390,6.9308300000,0,0,158.2444297080,115.0473959488
2019-01-19,RUB_TJS,20,0.0000000000,True,6.9308300000,7.1151787805,6.9308300000,0,0,138.1489829139,122.6375094426
2019-01-22,RUB_TJS,20,0.0000000000,True,6.9308300000,7.0885563415,6.9308300000,0,0,151.5457237534,72.0546455484
2019-01-23,RUB_TJS,20,0.0000000000,True,6.9308300000,7.0785043902,6.9308300000,0,0,168.3102867162,41.0035632441
2019-01-24,RUB_TJS,20,0.0000000000,True,6.9308300000,7.0687302439,6.9308300000,0,0,135.9875213125,59.9120951588
2019-01-25,RUB_TJS,20,0.0000000000,True,6.9308300000,7.0588619512,6.9308300000,0,0,86.6350087250,95.5705773618
2019-01-26,RUB_TJS,20,0.0000000000,True,6.9308300000,7.0513200000,6.9308300000,0,0,84.8480860183,86.7638966888
2019-01-29,RUB_TJS,20,0.0000000000,True,6.9308300000,7.0295414634,6.9308300000,0,0,81.5419995678,59.3658400506
2019-01-30,RUB_TJS,20,0.0000000000,True,6.9308300000,7.0210817073,6.9308300000,0,0,140.4076801721,-12.0327508425
2019-01-31,RUB_TJS,20,0.0000000000,True,6.9308300000,7.0189046341,6.9308300000,0,0,112.1064397717,13.5272305883
2019-02-01,RUB_TJS,20,0.0000000000,True,6.9308300000,7.0162034146,6.9488400000,1,1,0.0000000000,121.6803584344
2019-02-02,RUB_TJS,20,0.0000000000,True,6.9308300000,7.0126448780,6.9464900000,0,0,23.5677663043,70.9359719676
2019-02-05,RUB_TJS,20,0.0000000000,True,6.9308300000,7.0008785366,6.9413100000,0,0,10.8363410296,74.3314375666
2019-02-06,RUB_TJS,20,0.0000000000,True,6.9141200000,6.9960112195,6.9141200000,0,0,50.9960342813,66.3967195802
2019-02-07,RUB_TJS,20,0.0000000000,True,6.9141200000,6.9929636585,6.9141200000,0,0,71.3403601482,41.7042901417
2019-02-08,RUB_TJS,20,0.0000000000,True,6.9141200000,6.9912782927,6.9141200000,0,0,124.1670892223,-13.9769966349
2019-02-09,RUB_TJS,20,0.0000000000,True,6.9141200000,6.9901953659,6.9141200000,0,0,125.3518692810,-16.7300533594
2019-02-12,RUB_TJS,20,0.0000000000,True,6.9141200000,6.9859480488,6.9141200000,0,0,56.7763460653,46.3044508127
2019-02-13,RUB_TJS,20,0.0000000000,True,6.9141200000,6.9841865854,6.9141200000,0,0,73.0367164921,27.4857853971
2019-02-14,RUB_TJS,20,0.0000000000,True,6.9141200000,6.9830009756,6.9141200000,0,0,67.5321391786,31.3203101162
2019-02-15,RUB_TJS,20,0.0000000000,True,6.9141200000,6.9825912195,6.9141200000,0,0,201.7853017993,-105.8615321505
2019-02-16,RUB_TJS,20,0.0000000000,True,6.9141200000,6.9825804878,6.9141200000,0,0,217.8381995702,-122.4611908799
2019-02-19,RUB_TJS,20,0.0000000000,True,6.9141200000,6.9826051220,6.9141200000,0,0,149.2545819276,-51.9503500703
2019-02-20,RUB_TJS,20,0.0000000000,True,6.9141200000,6.9819658537,6.9141200000,0,0,151.3593281275,-55.0190979827
2019-02-21,RUB_TJS,20,0.0000000000,True,6.9141200000,6.9811087805,6.9141200000,0,0,88.7893739446,7.2320610473
2019-02-22,RUB_TJS,20,0.0000000000,True,6.9141200000,6.9817070732,6.9141200000,0,0,46.5990737768,50.4419231595
2019-02-23,RUB_TJS,20,0.0000000000,True,6.9141200000,6.9810397561,6.9141200000,0,0,39.1712803491,56.9109437643
2019-02-26,RUB_TJS,20,0.0000000000,True,6.9141200000,6.9791165854,6.9319300000,1,1,0.0000000000,93.1301040337
2019-02-27,RUB_TJS,20,0.0000000000,True,6.8542000000,6.9767907317,6.8542000000,0,0,144.5916178272,31.5771714453
2019-02-28,RUB_TJS,20,0.0000000000,True,6.8150100000,6.9731617073,6.8150100000,0,0,226.8121958880,-0.0118922854
2019-03-01,RUB_TJS,20,0.0000000000,True,6.8096400000,6.9684931707,6.8096400000,0,0,248.9861846175,-21.5639578028
2019-03-02,RUB_TJS,20,0.0000000000,True,6.7524700000,6.9624097561,6.7524700000,0,0,316.3460518051,-15.2967783792
2019-03-05,RUB_TJS,20,0.0000000000,True,6.7524700000,6.9455582927,6.7524700000,0,0,322.1751805150,-45.6431376445
2019-03-06,RUB_TJS,20,0.0000000000,True,6.7524700000,6.9425048780,6.7524700000,0,0,322.8825255060,-50.7959627983
2019-03-07,RUB_TJS,20,0.0000000000,True,6.7524700000,6.9386895122,6.7524700000,0,0,318.4842141485,-51.7539915019
2019-03-08,RUB_TJS,20,0.0000000000,True,6.7524700000,6.9336448780,6.7524700000,0,0,339.3994019772,-80.8451008627
2019-03-12,RUB_TJS,20,0.0000000000,True,6.7524700000,6.9146480488,6.7524700000,0,0,358.1872597568,-128.2378374054
2019-03-13,RUB_TJS,20,0.0000000000,True,6.7524700000,6.9124126829,6.7524700000,0,0,318.0261159949,-89.4873033636
2019-03-14,RUB_TJS,20,0.0000000000,True,6.7524700000,6.9114343902,6.7524700000,0,0,291.7030894159,-63.5549833449
2019-03-15,RUB_TJS,20,0.0000000000,True,6.7524700000,6.9104170732,6.7524700000,0,0,263.9592591204,-36.3551527545
2019-03-16,RUB_TJS,20,0.0000000000,True,6.7524700000,6.9100848780,6.7524700000,0,0,258.8889385784,-31.6133916395
2019-03-19,RUB_TJS,20,0.0000000000,True,6.7524700000,6.9100960976,6.7524700000,0,0,148.4199468939,80.8904778918
2019-03-20,RUB_TJS,20,0.0000000000,True,6.7524700000,6.9094919512,6.7524700000,0,0,91.7680238180,136.7422552722
2019-03-21,RUB_TJS,20,0.0000000000,True,6.7524700000,6.9069560976,6.7524700000,0,0,83.9545115454,140.8957812767
2019-03-22,RUB_TJS,20,0.0000000000,True,6.7524700000,6.9040663415,6.7554900000,1,1,0.0000000000,219.5754414366
2019-03-23,RUB_TJS,20,0.0000000000,True,6.7524700000,6.9005568293,6.7554900000,0,1,0.0000000000,210.2248164279
2019-03-26,RUB_TJS,20,0.0000000000,True,6.7524700000,6.8908419512,6.8047000000,0,0,51.3172899792,74.0721548700
2019-03-27,RUB_TJS,20,0.0000000000,True,6.7524700000,6.8868239024,6.8130300000,0,1,0.0000000000,119.2478617174
2019-03-28,RUB_TJS,20,0.0000000000,True,6.7524700000,6.8827829268,6.8089200000,0,0,59.5064294974,48.0952649258
2019-03-29,RUB_TJS,20,0.0000000000,True,6.7524700000,6.8775109756,6.7735500000,0,0,135.1518637995,16.2282192632
2019-03-30,RUB_TJS,20,0.0000000000,True,6.7524700000,6.8727414634,6.7735500000,0,0,125.0271528769,19.5430942458
2019-04-02,RUB_TJS,20,0.0000000000,True,6.7524700000,6.8567580488,6.7735500000,0,0,223.9660082006,-104.9649859416
2019-04-03,RUB_TJS,20,0.0000000000,True,6.7524700000,6.8516334146,6.7641600000,0,0,247.6805628645,-123.0605612755
2019-04-04,RUB_TJS,20,0.0000000000,True,6.7524700000,6.8468104878,6.7576200000,0,0,213.1277173205,-84.6664476815
2019-04-05,RUB_TJS,20,0.0000000000,True,6.7524700000,6.8431317073,6.7576200000,0,0,245.4930864401,-123.5666596808
2019-04-06,RUB_TJS,20,0.0000000000,True,6.7524700000,6.8413504878,6.7576200000,0,0,252.1204777566,-133.0870452514
2019-04-09,RUB_TJS,20,0.0000000000,True,6.7524700000,6.8374760976,6.7576200000,0,0,248.7305176487,-135.3041694318
2019-04-10,RUB_TJS,20,0.0000000000,True,6.7524700000,6.8384453659,6.7576200000,0,0,162.4352180749,-44.9731371693
2019-04-11,RUB_TJS,20,0.0000000000,True,6.7524700000,6.8395226829,6.7576200000,0,0,156.4739608218,-37.3086226278
2019-04-12,RUB_TJS,20,0.0000000000,True,6.7554900000,6.8419943902,6.7576200000,0,0,104.7711508133,18.7436433187
2019-04-13,RUB_TJS,20,0.0000000000,True,6.7554900000,6.8443924390,6.7576200000,0,0,122.8789962714,3.9483987052
2019-04-16,RUB_TJS,20,0.0000000000,True,6.7576200000,6.8495302439,6.7576200000,0,0,81.3294525343,53.2886820011
2019-04-17,RUB_TJS,20,0.0000000000,True,6.7576200000,6.8524582927,6.7576200000,0,0,75.3423450415,63.5367496208
2019-04-18,RUB_TJS,20,0.0000000000,True,6.7576200000,6.8539831707,6.7576200000,0,0,23.5179484908,117.3524485370
2019-04-19,RUB_TJS,20,0.0000000000,True,6.7576200000,6.8550343902,6.7576200000,0,0,53.7668435345,88.8170456600
2019-04-20,RUB_TJS,20,0.0000000000,True,6.7576200000,6.8562573171,6.7576200000,0,0,26.8307801293,117.3487419628
2019-04-23,RUB_TJS,20,0.0000000000,True,6.7576200000,6.8582329268,6.7576200000,0,0,9.6686063014,137.1678795878
2019-04-24,RUB_TJS,20,0.0000000000,True,6.7576200000,6.8582646341,6.7847100000,1,1,0.0000000000,146.7494176956
2019-04-25,RUB_TJS,20,0.0000000000,True,6.7576200000,6.8585397561,6.8530700000,0,1,0.0000000000,107.6464651706
2019-04-26,RUB_TJS,20,0.0000000000,True,6.7576200000,6.8571260976,6.8530700000,0,0,8.4999052326,-2.5869473797
2019-04-27,RUB_TJS,20,0.0000000000,True,6.7576200000,6.8548912195,6.8407700000,0,0,17.9481604595,2.6568175247
2019-04-30,RUB_TJS,20,0.0000000000,True,6.7576200000,6.8488109756,6.8407700000,0,0,20.3946168715,-8.6716138194
2019-05-01,RUB_TJS,20,0.0000000000,True,6.7576200000,6.8480668293,6.8386900000,0,0,22.0607224303,-8.3865576591
2019-05-07,RUB_TJS,20,0.0000000000,True,6.7576200000,6.8485953659,6.8273000000,0,0,140.7271020614,-111.1974501020
2019-05-08,RUB_TJS,20,0.0000000000,True,6.7576200000,6.8491678049,6.8273000000,0,0,122.8263071092,-92.0289835461
2019-05-09,RUB_TJS,20,0.0000000000,True,6.7576200000,6.8509758537,6.8273000000,0,0,118.8951363712,-85.3515580707
2019-05-14,RUB_TJS,20,0.0000000000,True,6.7576200000,6.8678014634,6.8273000000,0,0,158.4921979170,-101.1219339338
2019-05-15,RUB_TJS,20,0.0000000000,True,6.7847100000,6.8725356098,6.8273000000,0,0,128.3389675625,-63.3309053825
2019-05-16,RUB_TJS,20,0.0000000000,True,6.8273000000,6.8754578049,6.8273000000,0,0,61.7637083262,8.3307978037
2019-05-17,RUB_TJS,20,0.0000000000,True,6.8273000000,6.8764370732,6.8273000000,0,0,19.6907658056,51.8685371381
2019-05-18,RUB_TJS,20,0.0000000000,True,6.8273000000,6.8778241463,6.8273000000,0,0,30.9556837264,42.6357896299
2019-05-21,RUB_TJS,20,0.0000000000,True,6.8273000000,6.8810034146,6.8273000000,0,0,16.6552366023,61.4930876857
2019-05-22,RUB_TJS,20,0.0000000000,True,6.8273000000,6.8812107317,6.8273000000,0,0,24.1385658886,54.3374315439
2019-05-23,RUB_TJS,20,0.0000000000,True,6.8273000000,6.8809117073,6.8323900000,1,1,0.0000000000,77.9136684170
2019-05-24,RUB_TJS,20,0.0000000000,True,6.8273000000,6.8806126829,6.8323900000,0,0,9.5921157488,60.5508329661
2019-05-25,RUB_TJS,20,0.0000000000,True,6.8273000000,6.8806126829,6.8323900000,0,0,22.7512678940,47.4415352688
2019-05-28,RUB_TJS,20,0.0000000000,True,6.8273000000,6.8770743902,6.8291000000,0,0,4.8152988925,64.9758715818
2019-05-29,RUB_TJS,20,0.0000000000,True,6.8170300000,6.8747531707,6.8170300000,0,0,44.7596850320,39.3805712865
2019-05-30,RUB_TJS,20,0.0000000000,True,6.8170300000,6.8725417073,6.8170300000,0,0,96.1038357271,-15.4794152382
2019-05-31,RUB_TJS,20,0.0000000000,True,6.7846700000,6.8694982927,6.7846700000,0,0,171.0480186129,-48.3902985353
2019-06-01,RUB_TJS,20,0.0000000000,True,6.7143000000,6.8647385366,6.7143000000,0,0,311.0876378812,-94.8928543563
2019-06-04,RUB_TJS,20,0.0000000000,True,6.6945400000,6.8483353659,6.6945400000,0,0,369.9516090982,-150.9631591085
2019-06-05,RUB_TJS,20,0.0000000000,True,6.6712100000,6.8423634146,6.6712100000,0,0,337.9090798491,-90.8408127416
2019-06-06,RUB_TJS,20,0.0000000000,True,6.6302100000,6.8365214634,6.6302100000,0,0,389.6768395649,-91.4625031458
2019-06-07,RUB_TJS,20,0.0000000000,True,6.6302100000,6.8320380488,6.6302100000,0,0,404.8226178520,-114.0244692188
2019-06-08,RUB_TJS,20,0.0000000000,True,6.6302100000,6.8278973171,6.6302100000,0,0,386.9318610194,-101.3235549894
2019-06-11,RUB_TJS,20,0.0000000000,True,6.6302100000,6.8161936585,6.6302100000,0,0,338.2243005635,-67.6570293828
2019-06-12,RUB_TJS,20,0.0000000000,True,6.6302100000,6.8121556098,6.6302100000,0,0,308.9066074208,-43.1499101427
2019-06-14,RUB_TJS,20,0.0000000000,True,6.6302100000,6.8062758537,6.6302100000,0,0,326.2419004904,-69.8387008747
2019-06-15,RUB_TJS,20,0.0000000000,True,6.6302100000,6.8030680488,6.6302100000,0,0,291.2389626744,-38.2650166555
2019-06-18,RUB_TJS,20,0.0000000000,True,6.6302100000,6.7957490244,6.6302100000,0,0,274.0489626714,-31.3151288156
2019-06-19,RUB_TJS,20,0.0000000000,True,6.6302100000,6.7939287805,6.6302100000,0,0,276.5450711124,-36.5785693597
2019-06-20,RUB_TJS,20,0.0000000000,True,6.6302100000,6.7909741463,6.6302100000,0,0,227.6602988797,9.2831252271
2019-06-21,RUB_TJS,20,0.0000000000,True,6.6302100000,6.7876270732,6.6302100000,0,0,125.2401590635,108.0304978165
2019-06-22,RUB_TJS,20,0.0000000000,True,6.6302100000,6.7814512195,6.6302100000,0,0,96.0932341879,128.1602074525
2019-06-25,RUB_TJS,20,0.0000000000,True,6.6302100000,6.7628519512,6.6302100000,0,0,61.4581162937,135.5078476958
2019-06-26,RUB_TJS,20,0.0000000000,True,6.6302100000,6.7569507317,6.6569500000,1,1,0.0000000000,187.5708980866
2019-06-27,RUB_TJS,20,0.0000000000,True,6.6302100000,6.7511439024,6.6609700000,0,1,0.0000000000,139.5228776045
2019-06-28,RUB_TJS,20,0.0000000000,True,6.6302100000,6.7454131707,6.6609700000,0,0,26.5918819895,98.8570589286
2019-06-29,RUB_TJS,20,0.0000000000,True,6.6302100000,6.7396948780,6.6609700000,0,0,36.3634731829,80.7378954588
2019-07-02,RUB_TJS,20,0.0000000000,True,6.6302100000,6.7236829268,6.6609700000,0,0,25.8899773294,67.5566164014
2019-07-03,RUB_TJS,20,0.0000000000,True,6.6302100000,6.7197043902,6.6609700000,0,0,57.5117546086,30.0673795610
2019-07-04,RUB_TJS,20,0.0000000000,True,6.6302100000,6.7159480488,6.6609700000,0,0,96.2133196941,-14.4908077740
2019-07-05,RUB_TJS,20,0.0000000000,True,6.6302100000,6.7120290244,6.6609700000,0,0,82.6031608960,-6.5866455489
2019-07-06,RUB_TJS,20,0.0000000000,True,6.6302100000,6.7088187805,6.6609700000,0,0,121.2858255163,-50.5770398969
2019-07-09,RUB_TJS,20,0.0000000000,True,6.6302100000,6.6986417073,6.6609700000,0,0,165.4793630639,-111.0796724680
2019-07-10,RUB_TJS,20,0.0000000000,True,6.6302100000,6.6965370732,6.6609700000,0,0,149.4667289753,-97.8161191576
2019-07-11,RUB_TJS,20,0.0000000000,True,6.6302100000,6.6949843902,6.6609700000,0,0,154.5190236952,-105.3409621968
2019-07-12,RUB_TJS,20,0.0000000000,True,6.6302100000,6.6951595122,6.6609700000,0,0,23.5147161684,27.6162385100
2019-07-13,RUB_TJS,20,0.0000000000,True,6.6302100000,6.6969817073,6.6609700000,0,0,32.9194953741,20.9224213675
2019-07-16,RUB_TJS,20,0.0000000000,True,6.6302100000,6.7087685366,6.6609700000,0,0,2.4014757068,68.8629162467
2019-07-17,RUB_TJS,20,0.0000000000,True,6.6569500000,6.7151419512,6.6626300000,0,1,0.0000000000,80.6713418913
2019-07-18,RUB_TJS,20,0.0000000000,True,6.6609700000,6.7212878049,6.6626300000,0,0,18.5019280957,68.8972206255
2019-07-19,RUB_TJS,20,0.0000000000,True,6.6609700000,6.7266631707,6.6666600000,0,1,0.0000000000,95.1930684003
2019-07-20,RUB_TJS,20,0.0000000000,True,6.6609700000,6.7320629268,6.6666600000,0,1,0.0000000000,97.1513896114
2019-07-23,RUB_TJS,20,0.0000000000,True,6.6609700000,6.7487656098,6.6859900000,0,1,0.0000000000,104.2199623208
2019-07-24,RUB_TJS,20,0.0000000000,True,6.6609700000,6.7543978049,6.6859900000,0,0,2.3177431462,98.9841090345
2019-07-25,RUB_TJS,20,0.0000000000,True,6.6609700000,6.7600324390,6.6859900000,0,0,10.6676547445,98.9676301524
2019-07-26,RUB_TJS,20,0.0000000000,True,6.6609700000,6.7648614634,6.6859900000,0,0,17.1557063254,99.6050898885
2019-07-27,RUB_TJS,20,0.0000000000,True,6.6609700000,6.7707370732,6.6859900000,0,1,0.0000000000,125.1666875480
2019-07-30,RUB_TJS,20,0.0000000000,True,6.6609700000,6.7887136585,6.7210100000,0,0,17.0516406263,82.8193106449
2019-07-31,RUB_TJS,20,0.0000000000,True,6.6609700000,6.7960648780,6.7214800000,0,1,0.0000000000,110.4387309356
2019-08-01,RUB_TJS,20,0.0000000000,True,6.6609700000,6.7990646341,6.7692500000,0,1,0.0000000000,114.1107465823
2019-08-02,RUB_TJS,20,0.0000000000,True,6.6609700000,6.8030065854,6.8382900000,0,1,0.0000000000,49.6200980291
2019-08-03,RUB_TJS,20,0.0000000000,True,6.6609700000,6.8051753659,6.7718900000,0,0,110.9253269274,-62.7090880868
2019-08-06,RUB_TJS,20,0.0000000000,True,6.6609700000,6.8118104878,6.7668500000,0,0,180.9034871842,-117.0166321242
2019-08-07,RUB_TJS,20,0.0000000000,True,6.6626300000,6.8154065854,6.7668500000,0,0,205.6468946711,-137.2235294589
2019-08-08,RUB_TJS,20,0.0000000000,True,6.6626300000,6.8193841463,6.7668500000,0,0,191.7201034335,-116.9252999207
2019-08-09,RUB_TJS,20,0.0000000000,True,6.6666600000,6.8239590244,6.7668500000,0,0,202.4419872384,-121.2067295746
2019-08-10,RUB_TJS,20,0.0000000000,True,6.6666600000,6.8294502439,6.7668500000,0,0,208.8780401695,-119.7164532688
2019-08-13,RUB_TJS,20,0.0000000000,True,6.6859900000,6.8436919512,6.7668500000,0,0,236.0174419444,-126.7269909263
2019-08-14,RUB_TJS,20,0.0000000000,True,6.6859900000,6.8483626829,6.7668500000,0,0,272.9023818765,-158.1944795991
2019-08-15,RUB_TJS,20,0.0000000000,True,6.6859900000,6.8535246341,6.7668500000,0,0,213.4518485951,-88.8818076908
2019-08-16,RUB_TJS,20,0.0000000000,True,6.6859900000,6.8575560976,6.7668500000,0,0,310.4393834170,-183.8758599202
2019-08-17,RUB_TJS,20,0.0000000000,True,6.6859900000,6.8607843902,6.7668500000,0,0,331.0409471703,-200.7723926611
2019-08-20,RUB_TJS,20,0.0000000000,True,6.7210100000,6.8687936585,6.7668500000,0,0,419.8945556273,-283.3777678290
2019-08-21,RUB_TJS,20,0.0000000000,True,6.7214800000,6.8698973171,6.7662600000,0,0,177.4551789214,-27.0785458184
2019-08-22,RUB_TJS,20,0.0000000000,True,6.7532800000,6.8706729268,6.7532800000,0,0,124.3147044071,47.1321036151
2019-08-23,RUB_TJS,20,0.0000000000,True,6.7525400000,6.8702653659,6.7525400000,0,0,28.5740022357,143.1900525162
2019-08-24,RUB_TJS,20,0.0000000000,True,6.7293800000,6.8673758537,6.7293800000,0,0,55.3728839859,146.3817560022
2019-08-27,RUB_TJS,20,0.0000000000,True,6.6550800000,6.8522056098,6.6550800000,0,0,225.2067663375,63.9146170596
2019-08-28,RUB_TJS,20,0.0000000000,True,6.5886100000,6.8443929268,6.5886100000,0,0,364.7964481154,9.2527224795
2019-08-29,RUB_TJS,20,0.0000000000,True,6.5886100000,6.8375185366,6.5886100000,0,0,381.8720621296,-18.5468797588
2019-08-30,RUB_TJS,20,0.0000000000,True,6.5886100000,6.8312343902,6.5886100000,0,0,439.9286108129,-88.6598326103
2019-08-31,RUB_TJS,20,0.0000000000,True,6.5886100000,6.8243131707,6.5886100000,0,0,402.9149830595,-59.9427784817
2019-09-03,RUB_TJS,20,0.0000000000,True,6.5886100000,6.8002778049,6.5886100000,0,0,422.1955389124,-115.8220257788
2019-09-04,RUB_TJS,20,0.0000000000,True,6.5886100000,6.7915558537,6.5886100000,0,0,457.8863597194,-166.6983954501
2019-09-05,RUB_TJS,20,0.0000000000,True,6.5744100000,6.7832624390,6.5744100000,0,0,420.1801896319,-117.2113886059
2019-09-06,RUB_TJS,20,0.0000000000,True,6.5744100000,6.7744924390,6.5744100000,0,0,357.7698416772,-64.7392573988
2019-09-07,RUB_TJS,20,0.0000000000,True,6.5744100000,6.7656148780,6.5744100000,0,0,347.2936961804,-67.0081326951
2019-09-10,RUB_TJS,20,0.0000000000,True,6.5744100000,6.7383568293,6.5744100000,0,0,283.5392077750,-41.4094584759
2019-09-11,RUB_TJS,20,0.0000000000,True,6.5744100000,6.7330487805,6.5744100000,0,0,264.8638883624,-30.0476354350
2019-09-12,RUB_TJS,20,0.0000000000,True,6.5744100000,6.7300382927,6.5744100000,0,0,263.7970304508,-33.4347389101
2019-09-13,RUB_TJS,20,0.0000000000,True,6.5744100000,6.7295858537,6.5744100000,0,0,230.2886744395,0.3058935022
2019-09-14,RUB_TJS,20,0.0000000000,True,6.5744100000,6.7284795122,6.5744100000,0,0,121.2156728394,109.0878140627
2019-09-17,RUB_TJS,20,0.0000000000,True,6.5744100000,6.7232402439,6.5744100000,0,0,21.5523456389,200.2460703744
2019-09-18,RUB_TJS,20,0.0000000000,True,6.5744100000,6.7195948780,6.5744100000,0,0,64.7699126679,152.2783440160
2019-09-19,RUB_TJS,20,0.0000000000,True,6.5744100000,6.7157068293,6.5744100000,0,0,112.2120252308,99.2997922090
2019-09-20,RUB_TJS,20,0.0000000000,True,6.5744100000,6.7114682927,6.5744100000,0,0,80.0158130440,125.2010573819
2019-09-21,RUB_TJS,20,0.0000000000,True,6.5744100000,6.7069819512,6.5744100000,0,0,22.3398233151,175.7153248311
2019-09-24,RUB_TJS,20,0.0000000000,True,6.5744100000,6.6892748780,6.5744100000,0,0,37.4141928445,134.8051615351
2019-09-25,RUB_TJS,20,0.0000000000,True,6.5744100000,6.6828680488,6.6240800000,1,1,0.0000000000,162.2926683406
2019-09-26,RUB_TJS,20,0.0000000000,True,6.5744100000,6.6772160976,6.6278300000,0,1,0.0000000000,79.5782206006
2019-09-27,RUB_TJS,20,0.0000000000,True,6.5744100000,6.6728758537,6.6278300000,0,0,10.1287954722,57.4352865227
2019-09-28,RUB_TJS,20,0.0000000000,True,6.5744100000,6.6678826829,6.6062300000,0,0,62.2927836044,30.3584869282
2019-10-01,RUB_TJS,20,0.0000000000,True,6.5744100000,6.6535387805,6.6000200000,0,0,106.2080358334,-26.0481227870
2019-10-02,RUB_TJS,20,0.0000000000,True,6.5744100000,6.6493134146,6.5800400000,0,0,200.7785717051,-98.5764714017
2019-10-03,RUB_TJS,20,0.0000000000,True,6.5669300000,6.6447863415,6.5669300000,0,0,276.0263810204,-163.3666651691
2019-10-04,RUB_TJS,20,0.0000000000,True,6.5669300000,6.6412424390,6.5669300000,0,0,229.9490142811,-120.8321510808
2019-10-05,RUB_TJS,20,0.0000000000,True,6.5669300000,6.6395829268,6.5669300000,0,0,211.9062169292,-104.7009638058
2019-10-08,RUB_TJS,20,0.0000000000,True,6.5669300000,6.6374958537,6.5669300000,0,0,181.9065275244,-76.9931122643
2019-10-09,RUB_TJS,20,0.0000000000,True,6.5669300000,6.6368631707,6.5669300000,0,0,185.1201427634,-81.2534896095
2019-10-10,RUB_TJS,20,0.0000000000,True,6.5669300000,6.6352526829,6.5669300000,0,0,224.9025754612,-124.7387568014
2019-10-11,RUB_TJS,20,0.0000000000,True,6.5669300000,6.6342975610,6.5669300000,0,0,171.1498395517,-70.8175034246
2019-10-12,RUB_TJS,20,0.0000000000,True,6.5669300000,6.6340287805,6.5669300000,0,0,91.8852776852,9.3439155797
2019-10-15,RUB_TJS,20,0.0000000000,True,6.5669300000,6.6351670732,6.5669300000,0,0,113.1571538477,-10.4336887872
2019-10-16,RUB_TJS,20,0.0000000000,True,6.5669300000,6.6359865854,6.5669300000,0,0,96.6816668275,7.4541822866
2019-10-17,RUB_TJS,20,0.0000000000,True,6.5271400000,6.6336221951,6.5271400000,0,0,170.5620143365,-10.2173513635
2019-10-18,RUB_TJS,20,0.0000000000,True,6.5271400000,6.6317526829,6.5271400000,0,0,119.7203246027,38.4855771123
2019-10-19,RUB_TJS,20,0.0000000000,True,6.5271400000,6.6299436585,6.5271400000,0,0,110.4239078063,45.1341068307
2019-10-22,RUB_TJS,20,0.0000000000,True,6.5271400000,6.6241958537,6.5271400000,0,0,80.3946480569,66.6584361846
2019-10-23,RUB_TJS,20,0.0000000000,True,6.5271400000,6.6212890244,6.5271400000,0,0,60.5914788189,82.0973441727
2019-10-24,RUB_TJS,20,0.0000000000,True,6.5271400000,6.6171953659,6.5271400000,0,0,86.4813307250,50.0444131128
2019-10-25,RUB_TJS,20,0.0000000000,True,6.5271400000,6.6147702439,6.5271400000,0,0,90.9361412713,41.9217038234
2019-10-26,RUB_TJS,20,0.0000000000,True,6.5271400000,6.6126139024,6.5271400000,0,0,116.9826176488,12.4215666606
2019-10-29,RUB_TJS,20,0.0000000000,True,6.5271400000,6.6042404878,6.5271400000,0,0,97.3855048981,19.5487851006
2019-10-30,RUB_TJS,20,0.0000000000,True,6.5271400000,6.6014470732,6.5271400000,0,0,84.8398675982,27.9591322420
2019-10-31,RUB_TJS,20,0.0000000000,True,6.5271400000,6.5984831707,6.5271400000,0,0,92.8011559922,15.4629033184
2019-11-01,RUB_TJS,20,0.0000000000,True,6.5271400000,6.5965653659,6.5271400000,0,0,77.4842621969,27.9772348641
2019-11-02,RUB_TJS,20,0.0000000000,True,6.5271400000,6.5954978049,6.5271400000,0,0,122.3817760566,-18.9708123513
2019-11-06,RUB_TJS,20,0.0000000000,True,6.5271400000,6.5898309756,6.5579000000,1,1,0.0000000000,95.1329037752
2019-11-07,RUB_TJS,20,0.0000000000,True,6.5271400000,6.5889317073,6.5714400000,0,1,0.0000000000,47.0967202204
2019-11-08,RUB_TJS,20,0.0000000000,True,6.5271400000,6.5887673171,6.5714400000,0,0,3.0881710877,23.2172671108
2019-11-09,RUB_TJS,20,0.0000000000,True,6.5271400000,6.5890656098,6.5714400000,0,0,8.1954376196,18.5695673420
2019-11-12,RUB_TJS,20,0.0000000000,True,6.5271400000,6.5905158537,6.5714400000,0,0,36.7513281421,-7.8357240255
2019-11-13,RUB_TJS,20,0.0000000000,True,6.5271400000,6.5924695122,6.5714400000,0,0,21.3499354643,10.5719293540
2019-11-14,RUB_TJS,20,0.0000000000,True,6.5271400000,6.5932280488,6.5714400000,0,0,76.4414698749,-43.7296435163
2019-11-15,RUB_TJS,20,0.0000000000,True,6.5271400000,6.5940768293,6.5714400000,0,0,74.3880169590,-40.3592063313
2019-11-16,RUB_TJS,20,0.0000000000,True,6.5271400000,6.5935329268,6.5714400000,0,0,24.8792090871,8.6492732994
2019-11-19,RUB_TJS,20,0.0000000000,True,6.5271400000,6.5922485366,6.5714400000,0,0,7.3293939108,24.2535403461
2019-11-20,RUB_TJS,20,0.0000000000,True,6.5271400000,6.5922346341,6.5714400000,0,0,37.9898430986,-6.4702882867
2019-11-21,RUB_TJS,20,0.0000000000,True,6.5271400000,6.5916917073,6.5660200000,0,0,55.4777248529,-16.6244010938
2019-11-22,RUB_TJS,20,0.0000000000,True,6.5271400000,6.5911812195,6.5571800000,0,0,40.8258733973,10.8041628276
2019-11-23,RUB_TJS,20,0.0000000000,True,6.5214700000,6.5890704878,6.5214700000,0,0,76.0411721023,26.7571698277
2019-11-26,RUB_TJS,20,0.0000000000,True,6.4615600000,6.5783546341,6.4615600000,0,0,183.1777859143,-5.7390731629
2019-11-27,RUB_TJS,20,0.0000000000,True,6.4615600000,6.5772948780,6.4615600000,0,0,214.9910729564,-39.8874042257
2019-11-28,RUB_TJS,20,0.0000000000,True,6.4593100000,6.5748902439,6.4593100000,0,0,212.4103529212,-37.4147022764
2019-11-29,RUB_TJS,20,0.0000000000,True,6.4593100000,6.5722331707,6.4593100000,0,0,231.2979696775,-60.8877199405
2019-11-30,RUB_TJS,20,0.0000000000,True,6.4593100000,6.5693724390,6.4593100000,0,0,232.6717252517,-66.6845446536
2019-12-03,RUB_TJS,20,0.0000000000,True,6.4463500000,6.5593653659,6.4463500000,0,0,301.9092737659,-133.6480425419
2019-12-04,RUB_TJS,20,0.0000000000,True,6.4228800000,6.5553990244,6.4228800000,0,0,290.6950377767,-91.1934962118
2019-12-05,RUB_TJS,20,0.0000000000,True,6.4131000000,6.5503024390,6.4131000000,0,0,315.2296038563,-109.2126075728
2019-12-06,RUB_TJS,20,0.0000000000,True,6.3659300000,6.5440887805,6.3659300000,0,0,328.4210206469,-58.0848163697
2019-12-07,RUB_TJS,20,0.0000000000,True,6.3659300000,6.5388021951,6.3659300000,0,0,328.9940432876,-66.8131617602
2019-12-10,RUB_TJS,20,0.0000000000,True,6.3659300000,6.5251921951,6.3659300000,0,0,328.8911980700,-87.7028647843
2019-12-11,RUB_TJS,20,0.0000000000,True,6.3659300000,6.5201219512,6.3659300000,0,0,304.7355932513,-70.3944636678
2019-12-12,RUB_TJS,20,0.0000000000,True,6.3659300000,6.5149304878,6.3659300000,0,0,291.6650145337,-64.8502885399
2019-12-13,RUB_TJS,20,0.0000000000,True,6.3659300000,6.5101924390,6.3659300000,0,0,238.5045089527,-17.3229302839
2019-12-14,RUB_TJS,20,0.0000000000,True,6.3659300000,6.5057621951,6.3659300000,0,0,147.9983161961,67.9431460853
2019-12-17,RUB_TJS,20,0.0000000000,True,6.3659300000,6.4922107317,6.3659300000,0,0,181.6249697317,13.1245457972
2019-12-18,RUB_TJS,20,0.0000000000,True,6.3659300000,6.4869978049,6.3659300000,0,0,144.5665249075,42.6820013061
2019-12-19,RUB_TJS,20,0.0000000000,True,6.3659300000,6.4818834146,6.3659300000,0,0,152.5246228264,26.7721795103
2019-12-20,RUB_TJS,20,0.0000000000,True,6.3659300000,6.4764578049,6.3659300000,0,0,144.9174399415,26.1220027795
2019-12-21,RUB_TJS,20,0.0000000000,True,6.3193000000,6.4692900000,6.3193000000,0,0,197.0882747601,35.4598418064
2019-12-24,RUB_TJS,20,0.0000000000,True,6.3169700000,6.4467904878,6.3169700000,0,0,164.8948758189,37.0889791596
2019-12-25,RUB_TJS,20,0.0000000000,True,6.2844700000,6.4387243902,6.2844700000,0,0,200.5738254510,39.7973087382
2019-12-26,RUB_TJS,20,0.0000000000,True,6.2844700000,6.4316995122,6.2844700000,0,0,127.9624501055,102.2583720997
2019-12-27,RUB_TJS,20,0.0000000000,True,6.2844700000,6.4257900000,6.2844700000,0,0,135.9424147868,85.1412822392
2019-12-28,RUB_TJS,20,0.0000000000,True,6.2844700000,6.4201348780,6.2844700000,0,0,177.4000190685,34.5240068469
2019-12-31,RUB_TJS,20,0.0000000000,True,6.2844700000,6.4028990244,6.2844700000,0,0,163.0242524990,22.3008739258
2020-01-01,RUB_TJS,20,0.0000000000,True,6.2844700000,6.3974031707,6.2844700000,0,0,164.8408400889,11.8847765707
2020-01-10,RUB_TJS,20,0.0000000000,True,6.2844700000,6.3803353659,6.2844700000,0,0,55.1168642096,95.6616891650
2020-01-11,RUB_TJS,20,0.0000000000,True,6.2844700000,6.3816902439,6.2844700000,0,0,51.4487167107,101.4155206989
2020-01-14,RUB_TJS,20,0.0000000000,True,6.2844700000,6.3871014634,6.3338200000,1,1,0.0000000000,160.6855065674
2020-01-15,RUB_TJS,20,0.0000000000,True,6.2844700000,6.3914639024,6.3398100000,0,1,0.0000000000,90.1888883657
2020-01-16,RUB_TJS,20,0.0000000000,True,6.2844700000,6.3957821951,6.3406900000,0,1,0.0000000000,87.5142295568
2020-01-17,RUB_TJS,20,0.0000000000,True,6.2844700000,6.3992748780,6.3406900000,0,0,15.6519904324,76.0162346138
2020-01-18,RUB_TJS,20,0.0000000000,True,6.2844700000,6.4012121951,6.3406900000,0,0,9.8000444311,84.8311123998
2020-01-21,RUB_TJS,20,0.0000000000,True,6.2844700000,6.4123412195,6.3779600000,0,1,0.0000000000,111.7395613542
2020-01-22,RUB_TJS,20,0.0000000000,True,6.2844700000,6.4169587805,6.3779600000,0,0,3.5892010501,57.2058848179
2020-01-23,RUB_TJS,20,0.0000000000,True,6.2844700000,6.4220065854,6.3780300000,0,1,0.0000000000,68.5869514152
2020-01-24,RUB_TJS,20,0.0000000000,True,6.2844700000,6.4247768293,6.3780300000,0,0,23.9467946332,48.9306167416
2020-01-25,RUB_TJS,20,0.0000000000,True,6.2844700000,6.4289341463,6.3780300000,0,1,0.0000000000,79.1797601013
2020-01-28,RUB_TJS,20,0.0000000000,True,6.2844700000,6.4402097561,6.4357600000,0,1,0.0000000000,15.9928891878
2020-01-29,RUB_TJS,20,0.0000000000,True,6.2844700000,6.4436034146,6.4357600000,0,0,67.2139471641,-55.4140021789
2020-01-30,RUB_TJS,20,0.0000000000,True,6.2844700000,6.4481424390,6.4774000000,0,1,0.0000000000,19.2031102623
2020-01-31,RUB_TJS,20,0.0000000000,True,6.2844700000,6.4541770732,6.4774000000,0,0,37.6812931605,-73.9411489462
2020-02-01,RUB_TJS,20,0.0000000000,True,6.2844700000,6.4604421951,6.4774000000,0,0,53.8658084171,-80.5483638834
2020-02-04,RUB_TJS,20,0.0000000000,True,6.3338200000,6.4844278049,6.4774000000,0,0,173.7874623026,-165.8314324065
2020-02-05,RUB_TJS,20,0.0000000000,True,6.3398100000,6.4917478049,6.4774000000,0,0,100.2295590083,-78.9189547435
2020-02-06,RUB_TJS,20,0.0000000000,True,6.3406900000,6.5005285366,6.4774000000,0,0,56.6140847492,-21.1543774283
2020-02-07,RUB_TJS,20,0.0000000000,True,6.3406900000,6.5104309756,6.5033800000,0,1,0.0000000000,50.7354670275
2020-02-08,RUB_TJS,20,0.0000000000,True,6.3406900000,6.5209078049,6.5033800000,0,0,66.5500729347,-39.9364565505
2020-02-11,RUB_TJS,20,0.0000000000,True,6.3779600000,6.5629285366,6.5033800000,0,0,115.1217792045,-24.6710951131
2020-02-12,RUB_TJS,20,0.0000000000,True,6.3779600000,6.5744346341,6.5033800000,0,0,141.5543387966,-33.9578489954
2020-02-13,RUB_TJS,20,0.0000000000,True,6.3780300000,6.5862724390,6.5289400000,0,1,0.0000000000,125.8563774757
2020-02-14,RUB_TJS,20,0.0000000000,True,6.3780300000,6.5965743902,6.5289400000,0,0,47.7268396784,55.0655356781
2020-02-15,RUB_TJS,20,0.0000000000,True,6.3780300000,6.6077597561,6.5289400000,0,0,22.8609850395,96.6435803581
2020-02-18,RUB_TJS,20,0.0000000000,True,6.4357600000,6.6501187805,6.5667200000,0,1,0.0000000000,182.2204752844
2020-02-19,RUB_TJS,20,0.0000000000,True,6.4357600000,6.6621900000,6.5667200000,0,0,13.9600663027,129.5219740055
2020-02-20,RUB_TJS,20,0.0000000000,True,6.4774000000,6.6865004878,6.5738400000,0,1,0.0000000000,179.1377836932
2020-02-21,RUB_TJS,20,0.0000000000,True,6.4774000000,6.7079836585,6.6339400000,0,1,0.0000000000,199.9761260090
2020-02-22,RUB_TJS,20,0.0000000000,True,6.4774000000,6.7352621951,6.6339400000,0,1,0.0000000000,150.4354131831
2020-02-26,RUB_TJS,20,0.0000000000,True,6.4774000000,6.8356863415,6.7566300000,0,1,0.0000000000,198.7603507190
2020-02-27,RUB_TJS,20,0.0000000000,True,6.4774000000,6.8619924390,6.7764600000,0,1,0.0000000000,153.5449651987
2020-02-28,RUB_TJS,20,0.0000000000,True,6.5033800000,6.8974282927,6.8157200000,0,1,0.0000000000,175.3817329442
2020-02-29,RUB_TJS,20,0.0000000000,True,6.5033800000,6.9384392683,6.8157200000,0,0,149.4409693718,27.8438241594
2020-03-03,RUB_TJS,20,0.0000000000,True,6.5033800000,7.0445182927,6.8157200000,0,0,52.9480443666,273.2880868276
2020-03-04,RUB_TJS,20,0.0000000000,True,6.5033800000,7.0859207317,6.8157200000,0,0,69.3397209218,314.1592181679
2020-03-05,RUB_TJS,20,0.0000000000,True,6.5289400000,7.1158460976,6.8366300000,0,1,0.0000000000,421.7714850014
2020-03-06,RUB_TJS,20,0.0000000000,True,6.5289400000,7.1419495122,6.9742300000,0,1,0.0000000000,427.5016389766
2020-03-07,RUB_TJS,20,0.0000000000,True,6.5289400000,7.1704907317,6.9742300000,0,1,0.0000000000,273.7061367913
2020-03-11,RUB_TJS,20,0.0000000000,True,6.5667200000,7.2755063415,7.3827100000,0,0,66.9762085115,-215.7700800038
2020-03-12,RUB_TJS,20,0.0000000000,True,6.5738400000,7.3013075610,7.5490700000,0,1,0.0000000000,-111.4902205455
2020-03-13,RUB_TJS,20,0.0000000000,True,6.6339400000,7.3269351220,7.5490700000,0,0,107.2350574637,-414.8595190069
2020-03-14,RUB_TJS,20,0.0000000000,True,6.6339400000,7.3510968293,7.5490700000,0,1,0.0000000000,-269.3110638177
2020-03-17,RUB_TJS,20,0.0000000000,True,6.6998200000,7.4235819512,7.5928300000,0,0,48.8199337360,-278.1649749910
2020-03-18,RUB_TJS,20,0.0000000000,True,6.7566300000,7.4426980488,7.4835800000,0,0,143.8857448409,-201.7171061294
2020-03-19,RUB_TJS,20,0.0000000000,True,6.7764600000,7.4581534146,7.3903000000,0,0,680.8973717162,-633.0207480574
2020-03-20,RUB_TJS,20,0.0000000000,True,6.8157200000,7.4734758537,7.3903000000,0,0,1018.5455252540,-1010.1379346424
2020-03-21,RUB_TJS,20,0.0000000000,True,6.8157200000,7.4825021951,7.2892000000,0,0,896.9430852884,-701.5270977405
2020-03-24,RUB_TJS,20,0.0000000000,True,6.8157200000,7.5053748780,7.2093400000,0,0,1308.0371244692,-1051.0935626394
2020-03-25,RUB_TJS,20,0.0000000000,True,6.8157200000,7.5131875610,7.1836300000,0,0,707.2022891678,-289.0017549305
2020-03-26,RUB_TJS,20,0.0000000000,True,6.8366300000,7.5216619512,7.1631700000,0,0,612.4377333566,-144.6861737290
2020-03-27,RUB_TJS,20,0.0000000000,True,6.9742300000,7.5304068293,7.1631700000,0,0,714.1736744062,-243.9219751286
2020-03-28,RUB_TJS,20,0.0000000000,True,6.9742300000,7.5381265854,7.1631700000,0,0,605.1488805270,-114.6749310392
2020-04-07,RUB_TJS,20,0.0000000000,True,7.1631700000,7.5251102439,7.1631700000,0,0,428.1506979280,55.1888843570
2020-04-08,RUB_TJS,20,0.0000000000,True,7.1631700000,7.5172717073,7.1631700000,0,0,307.3352908542,168.9066356262
2020-04-09,RUB_TJS,20,0.0000000000,True,7.1631700000,7.5014673171,7.1631700000,0,0,326.1585915934,129.0245134480
2020-04-10,RUB_TJS,20,0.0000000000,True,7.1631700000,7.4762068293,7.1631700000,0,0,172.8996323328,250.1359760891
2020-04-11,RUB_TJS,20,0.0000000000,True,7.0969800000,7.4540009756,7.0969800000,0,0,155.8533790888,328.2277214751
2020-04-14,RUB_TJS,20,0.0000000000,True,7.0969800000,7.3803873171,7.0969800000,0,0,120.6214685333,266.5948392952
2020-04-15,RUB_TJS,20,0.0000000000,True,7.0969800000,7.3649400000,7.0969800000,0,0,92.4032237124,273.9601408837
2020-04-16,RUB_TJS,20,0.0000000000,True,7.0969800000,7.3519275610,7.0969800000,0,0,136.4665463081,213.2196756231
2020-04-17,RUB_TJS,20,0.0000000000,True,7.0969800000,7.3398407317,7.0969800000,0,0,265.7617745249,66.8961814051
2020-04-18,RUB_TJS,20,0.0000000000,True,7.0969800000,7.3302395122,7.0969800000,0,0,167.0920169918,153.6914476092
2020-04-21,RUB_TJS,20,0.0000000000,True,7.0969800000,7.2989202439,7.0969800000,0,0,262.1154471522,14.9477505410
2020-04-22,RUB_TJS,20,0.0000000000,True,7.0969800000,7.2884804878,7.0969800000,0,0,462.8942785267,-209.8647481475
2020-04-23,RUB_TJS,20,0.0000000000,True,7.0969800000,7.2769956098,7.0969800000,0,0,562.4261960234,-333.8251158462
2020-04-24,RUB_TJS,20,0.0000000000,True,7.0969800000,7.2658229268,7.0969800000,0,0,319.8139522195,-90.3229735044
2020-04-25,RUB_TJS,20,0.0000000000,True,7.0969800000,7.2556048780,7.0969800000,0,0,268.7115639076,-51.4707217095
2020-04-28,RUB_TJS,20,0.0000000000,True,7.0969800000,7.2229704878,7.0969800000,0,0,239.9383891796,-67.1185245419
2020-04-29,RUB_TJS,20,0.0000000000,True,7.0969800000,7.2162080488,7.0969800000,0,0,254.4666581529,-91.5743431631
2020-04-30,RUB_TJS,20,0.0000000000,True,7.0643400000,7.2079070732,7.0643400000,0,0,178.4860247584,21.0700179907
2020-05-01,RUB_TJS,20,0.0000000000,True,7.0505000000,7.2020851220,7.0505000000,0,0,65.4926461678,145.9370726276
2020-05-07,RUB_TJS,20,0.0000000000,True,6.9211000000,7.1705741463,6.9211000000,0,0,412.0367997362,-66.8786803955
2020-05-08,RUB_TJS,20,0.0000000000,True,6.9211000000,7.1618907317,6.9211000000,0,0,428.4655341229,-96.3841405553
2020-05-09,RUB_TJS,20,0.0000000000,True,6.9211000000,7.1548751220,6.9211000000,0,0,382.7394831405,-58.2328515014
2020-05-13,RUB_TJS,20,0.0000000000,True,6.8027700000,7.1146585366,6.8027700000,0,0,490.5440409076,-54.8606278347
2020-05-14,RUB_TJS,20,0.0000000000,True,6.7153200000,7.0950341463,6.7153200000,0,0,629.5550541478,-100.7124873323
2020-05-15,RUB_TJS,20,0.0000000000,True,6.6528400000,7.0784826829,6.6528400000,0,0,767.1640092539,-179.6251015487
2020-05-16,RUB_TJS,20,0.0000000000,True,6.6528400000,7.0644700000,6.6528400000,0,0,671.2827610190,-94.9823553642
2020-05-19,RUB_TJS,20,0.0000000000,True,6.6528400000,7.0195143902,6.6528400000,0,0,646.9807564698,-133.2365809893
2020-05-20,RUB_TJS,20,0.0000000000,True,6.6451700000,7.0039748780,6.6451700000,0,0,593.3604554707,-86.1869481291
2020-05-21,RUB_TJS,20,0.0000000000,True,6.6451700000,6.9913604878,6.6451700000,0,0,574.8953974895,-84.5894190384
2020-05-22,RUB_TJS,20,0.0000000000,True,6.6451700000,6.9808295122,6.6451700000,0,0,398.6794006733,85.5621987198
2020-05-23,RUB_TJS,20,0.0000000000,True,6.6451700000,6.9716109756,6.6451700000,0,0,526.4290897478,-61.4191247045
2020-05-26,RUB_TJS,20,0.0000000000,True,6.6451700000,6.9439553659,6.6451700000,0,0,467.9411136086,-39.5086556594
2020-05-27,RUB_TJS,20,0.0000000000,True,6.6451700000,6.9377146341,6.6451700000,0,0,427.9442141320,-6.5516760106
2020-05-28,RUB_TJS,20,0.0000000000,True,6.6451700000,6.9267853659,6.6451700000,0,0,417.5366849707,-11.4550021796
2020-05-29,RUB_TJS,20,0.0000000000,True,6.6451700000,6.9148346341,6.6451700000,0,0,410.9270787337,-21.8448692599
2020-05-30,RUB_TJS,20,0.0000000000,True,6.6451700000,6.9040436585,6.6451700000,0,0,375.3447117167,-0.4002603070
2020-06-02,RUB_TJS,20,0.0000000000,True,6.6451700000,6.8713480488,6.6451700000,0,0,231.6703342903,99.8029037296
2020-06-03,RUB_TJS,20,0.0000000000,True,6.6451700000,6.8613239024,6.6451700000,0,0,104.4626317138,212.7926104569
2020-06-04,RUB_TJS,20,0.0000000000,True,6.6451700000,6.8493797561,6.6451700000,0,0,11.5289109613,286.9453338787
2020-06-05,RUB_TJS,20,0.0000000000,True,6.6451700000,6.8365204878,6.6451700000,0,0,109.0433330406,172.7347822851
2020-06-06,RUB_TJS,20,0.0000000000,True,6.6451700000,6.8270741463,6.6451700000,0,0,39.3021544236,228.0393372099
2020-06-09,RUB_TJS,20,0.0000000000,True,6.6451700000,6.7964314634,6.6652100000,1,1,0.0000000000,222.5601247197
2020-06-10,RUB_TJS,20,0.0000000000,True,6.6451700000,6.7896936585,6.6652100000,0,0,15.4594466657,168.1425764961
2020-06-11,RUB_TJS,20,0.0000000000,True,6.6451700000,6.7844126829,6.6767800000,0,1,0.0000000000,175.7008137592
2020-06-12,RUB_TJS,20,0.0000000000,True,6.6451700000,6.7823282927,6.6767800000,0,0,62.8663108608,93.3430084050
2020-06-16,RUB_TJS,20,0.0000000000,True,6.6451700000,6.7663753659,6.6767800000,0,0,240.2095566363,-110.4500269428
2020-06-17,RUB_TJS,20,0.0000000000,True,6.6451700000,6.7659860976,6.6767800000,0,0,138.3220858941,-6.5680040942
2020-06-18,RUB_TJS,20,0.0000000000,True,6.6451700000,6.7678314634,6.6767800000,0,0,95.1796040315,39.7342391873
2020-06-19,RUB_TJS,20,0.0000000000,True,6.6451700000,6.7673760976,6.6767800000,0,0,114.4932492956,19.6030150678
2020-06-20,RUB_TJS,20,0.0000000000,True,6.6451700000,6.7666987805,6.6767800000,0,0,108.0344311599,25.1212312521
2020-06-23,RUB_TJS,20,0.0000000000,True,6.6451700000,6.7696263415,6.6767800000,0,0,97.7649902858,39.7752255520
2020-06-24,RUB_TJS,20,0.0000000000,True,6.6451700000,6.7732460976,6.6784000000,0,1,0.0000000000,142.4222539259
2020-06-25,RUB_TJS,20,0.0000000000,True,6.6451700000,6.7793287805,6.7066100000,0,1,0.0000000000,148.8772469308
2020-06-26,RUB_TJS,20,0.0000000000,True,6.6451700000,6.7829956098,6.7066100000,0,0,55.8399945435,57.0921934556
2020-06-27,RUB_TJS,20,0.0000000000,True,6.6451700000,6.7888300000,6.7066100000,0,1,0.0000000000,121.1107068523
2020-06-30,RUB_TJS,20,0.0000000000,True,6.6652100000,6.8104007317,6.8339800000,0,1,0.0000000000,32.7597928319
2020-07-01,RUB_TJS,20,0.0000000000,True,6.6652100000,6.8178658537,6.8356400000,0,1,0.0000000000,-23.6351765895
2020-07-02,RUB_TJS,20,0.0000000000,True,6.6767800000,6.8234297561,6.8396700000,0,1,0.0000000000,-17.8945843057
2020-07-03,RUB_TJS,20,0.0000000000,True,6.6767800000,6.8271763415,6.8396700000,0,0,2.8209775491,-21.1268287432
2020-07-04,RUB_TJS,20,0.0000000000,True,6.6767800000,6.8312148780,6.8396700000,0,1,0.0000000000,-12.3771863456
2020-07-07,RUB_TJS,20,0.0000000000,True,6.6767800000,6.8448563415,6.8637300000,0,0,90.3368320748,-118.9851977509
2020-07-08,RUB_TJS,20,0.0000000000,True,6.6767800000,6.8489895122,6.8637300000,0,0,209.1898014088,-235.6413125141
2020-07-09,RUB_TJS,20,0.0000000000,True,6.6767800000,6.8546743902,6.8637300000,0,0,68.7861999314,-82.5649863641
2020-07-10,RUB_TJS,20,0.0000000000,True,6.6767800000,6.8607421951,6.8637300000,0,0,18.6430695625,-23.0409545039
2020-07-11,RUB_TJS,20,0.0000000000,True,6.6767800000,6.8696280488,6.8637300000,0,0,67.6508722983,-59.4674863463
2020-07-14,RUB_TJS,20,0.0000000000,True,6.6767800000,6.8967753659,6.8687700000,0,1,0.0000000000,47.9142267229
2020-07-15,RUB_TJS,20,0.0000000000,True,6.6784000000,6.9093631707,6.8687700000,0,0,48.4770863909,10.3239192317
2020-07-16,RUB_TJS,20,0.0000000000,True,6.7066100000,6.9199868293,6.8726300000,0,1,0.0000000000,74.0128999259
2020-07-17,RUB_TJS,20,0.0000000000,True,6.7066100000,6.9288095122,6.8726300000,0,0,54.9445778948,26.2808671000
2020-07-18,RUB_TJS,20,0.0000000000,True,6.7066100000,6.9379809756,6.8726300000,0,0,121.9124823031,-28.0615130809
2020-07-21,RUB_TJS,20,0.0000000000,True,6.8339800000,6.9677504878,6.8726300000,0,0,156.0817004698,-19.8765903276
2020-07-22,RUB_TJS,20,0.0000000000,True,6.8356400000,6.9755543902,6.8726300000,0,0,30.0290280605,117.8750614559
2020-07-23,RUB_TJS,20,0.0000000000,True,6.8396700000,6.9818448780,6.8846000000,0,1,0.0000000000,156.4269615788
2020-07-24,RUB_TJS,20,0.0000000000,True,6.8396700000,6.9882280488,6.9398900000,0,1,0.0000000000,148.2894491381
2020-07-25,RUB_TJS,20,0.0000000000,True,6.8396700000,6.9954529268,6.9398900000,0,0,9.0121866070,70.4785341921
2020-07-28,RUB_TJS,20,0.0000000000,True,6.8637300000,7.0122407317,6.9740200000,0,1,0.0000000000,103.1777636785
2020-07-29,RUB_TJS,20,0.0000000000,True,6.8637300000,7.0137490244,7.0028900000,0,1,0.0000000000,56.6444910590
2020-07-30,RUB_TJS,20,0.0000000000,True,6.8637300000,7.0188990244,7.0722200000,0,1,0.0000000000,22.8084551931
2020-07-31,RUB_TJS,20,0.0000000000,True,6.8637300000,7.0243134146,7.0722200000,0,0,58.7572146269,-127.7086884804
2020-08-01,RUB_TJS,20,0.0000000000,True,6.8637300000,7.0301575610,7.0722200000,0,0,64.8462150096,-125.4914107674
2020-08-04,RUB_TJS,20,0.0000000000,True,6.8687700000,7.0511621951,7.0722200000,0,0,167.7492186718,-200.9850304906
2020-08-05,RUB_TJS,20,0.0000000000,True,6.8687700000,7.0587378049,7.0722200000,0,0,58.6873433540,-78.2465600065
2020-08-06,RUB_TJS,20,0.0000000000,True,6.8726300000,7.0673948780,7.0722200000,0,0,47.5372924289,-54.6242605902
2020-08-07,RUB_TJS,20,0.0000000000,True,6.8726300000,7.0774560976,7.0722200000,0,0,14.7120282832,-7.3245278636
2020-08-08,RUB_TJS,20,0.0000000000,True,6.8726300000,7.0856163415,7.0722200000,0,0,95.7900014284,-77.6272040228
2020-08-11,RUB_TJS,20,0.0000000000,True,6.8726300000,7.1052729268,7.0722200000,0,0,114.2307595535,-68.4943051054
2020-08-12,RUB_TJS,20,0.0000000000,True,6.8726300000,7.1116129268,7.0722200000,0,0,30.0695702434,25.3991984872
2020-08-13,RUB_TJS,20,0.0000000000,True,6.8846000000,7.1180668293,7.0722200000,0,0,43.7683277233,20.7315126737
2020-08-14,RUB_TJS,20,0.0000000000,True,6.9398900000,7.1247495122,7.0722200000,0,0,89.2250300944,-15.6363220711
2020-08-15,RUB_TJS,20,0.0000000000,True,6.9398900000,7.1337785366,7.0722200000,0,0,36.2920154748,50.1817324462
2020-08-18,RUB_TJS,20,0.0000000000,True,6.9740200000,7.1589914634,7.0985400000,0,1,0.0000000000,121.2062674723
2020-08-19,RUB_TJS,20,0.0000000000,True,7.0028900000,7.1674582927,7.0985400000,0,0,33.5279301136,62.8371883641
2020-08-20,RUB_TJS,20,0.0000000000,True,7.0722200000,7.1761902439,7.1372400000,0,1,0.0000000000,108.2053865119
2020-08-21,RUB_TJS,20,0.0000000000,True,7.0722200000,7.1822900000,7.1372400000,0,0,17.9718017535,44.8324977131
2020-08-22,RUB_TJS,20,0.0000000000,True,7.0722200000,7.1870424390,7.1372400000,0,0,62.2671248517,7.0716696993
2020-08-25,RUB_TJS,20,0.0000000000,True,7.0722200000,7.1953492683,7.1372400000,0,0,104.7993644658,-24.2944866962
2020-08-26,RUB_TJS,20,0.0000000000,True,7.0722200000,7.1983329268,7.1372400000,0,0,119.7030334828,-35.2540976205
2020-08-27,RUB_TJS,20,0.0000000000,True,7.0722200000,7.2027158537,7.1372400000,0,0,253.8129292063,-167.1510424506
2020-08-28,RUB_TJS,20,0.0000000000,True,7.0722200000,7.2070526829,7.1372400000,0,0,212.2594288003,-117.8946801297
2020-08-29,RUB_TJS,20,0.0000000000,True,7.0722200000,7.2106046341,7.1372400000,0,0,133.9481956390,-32.6399338860
2020-09-01,RUB_TJS,20,0.0000000000,True,7.0722200000,7.2197853659,7.1372400000,0,0,22.4093316763,92.1292842974
2020-09-02,RUB_TJS,20,0.0000000000,True,7.0722200000,7.2264800000,7.1585900000,0,1,0.0000000000,123.4902746565
2020-09-03,RUB_TJS,20,0.0000000000,True,7.0722200000,7.2334000000,7.2363000000,0,1,0.0000000000,103.4230099262
2020-09-04,RUB_TJS,20,0.0000000000,True,7.0722200000,7.2398097561,7.2363000000,0,0,109.3989617760,-105.7075344252
2020-09-05,RUB_TJS,20,0.0000000000,True,7.0722200000,7.2490904878,7.2363000000,0,0,71.8103788910,-54.5578955893
2020-09-08,RUB_TJS,20,0.0000000000,True,7.0985400000,7.2747556098,7.2363000000,0,0,115.9105934032,-63.7882462769
2020-09-09,RUB_TJS,20,0.0000000000,True,7.0985400000,7.2868795122,7.2363000000,0,0,169.2727791439,-101.5805018884
2020-09-10,RUB_TJS,20,0.0000000000,True,7.1372400000,7.3019792683,7.2363000000,0,0,173.5579723823,-85.0875213753
2020-09-11,RUB_TJS,20,0.0000000000,True,7.1372400000,7.3137863415,7.2363000000,0,0,105.1929174934,0.7606750286
2020-09-12,RUB_TJS,20,0.0000000000,True,7.1372400000,7.3211651220,7.2363000000,0,0,28.1669179273,87.9984549974
2020-09-15,RUB_TJS,20,0.0000000000,True,7.1372400000,7.3485865854,7.2604500000,0,1,0.0000000000,152.8002481313
2020-09-16,RUB_TJS,20,0.0000000000,True,7.1372400000,7.3570460976,7.2604500000,0,0,34.6569306999,96.9765536533
2020-09-17,RUB_TJS,20,0.0000000000,True,7.1372400000,7.3639882927,7.2705300000,0,1,0.0000000000,140.6008382520
2020-09-18,RUB_TJS,20,0.0000000000,True,7.1372400000,7.3706965854,7.2705300000,0,0,21.5748841997,114.5706981529
2020-09-19,RUB_TJS,20,0.0000000000,True,7.1372400000,7.3783104878,7.2705300000,0,1,0.0000000000,146.0774631035
2020-09-22,RUB_TJS,20,0.0000000000,True,7.1372400000,7.3971012195,7.3870300000,0,1,0.0000000000,39.3008269719
2020-09-23,RUB_TJS,20,0.0000000000,True,7.1585900000,7.4050602439,7.3986900000,0,1,0.0000000000,24.3485445203
2020-09-24,RUB_TJS,20,0.0000000000,True,7.2363000000,7.4128517073,7.4401500000,0,1,0.0000000000,19.1042636171
2020-09-25,RUB_TJS,20,0.0000000000,True,7.2363000000,7.4167729268,7.4401500000,0,0,51.2670338531,-83.2128390334
2020-09-26,RUB_TJS,20,0.0000000000,True,7.2363000000,7.4229512195,7.4401500000,0,1,0.0000000000,-23.1697339497
2020-09-29,RUB_TJS,20,0.0000000000,True,7.2363000000,7.4408231707,7.4635600000,0,0,204.6590983660,-240.1304602576
2020-09-30,RUB_TJS,20,0.0000000000,True,7.2363000000,7.4454543902,7.4635600000,0,0,329.2072825466,-365.5594346434
2020-10-01,RUB_TJS,20,0.0000000000,True,7.2363000000,7.4496621951,7.4635600000,0,0,223.4948612687,-247.6861366934
2020-10-02,RUB_TJS,20,0.0000000000,True,7.2363000000,7.4533482927,7.4635600000,0,0,27.9644972470,-41.7821710380
2020-10-03,RUB_TJS,20,0.0000000000,True,7.2363000000,7.4582629268,7.4582400000,0,0,143.7423764472,-145.8075080453
2020-10-06,RUB_TJS,20,0.0000000000,True,7.2604500000,7.4699434146,7.4095600000,0,0,212.6529776568,-134.6818573870
2020-10-07,RUB_TJS,20,0.0000000000,True,7.2604500000,7.4726492683,7.3966400000,0,0,277.4805658448,-180.7802385166
2020-10-08,RUB_TJS,20,0.0000000000,True,7.2705300000,7.4759978049,7.3966400000,0,0,225.2129624980,-121.8060752540
2020-10-09,RUB_TJS,20,0.0000000000,True,7.2705300000,7.4815704878,7.3966400000,0,0,198.3353453542,-86.5319818889
2020-10-10,RUB_TJS,20,0.0000000000,True,7.2705300000,7.4903707317,7.3966400000,0,0,90.2332398623,35.2195273802
2020-10-13,RUB_TJS,20,0.0000000000,True,7.3870300000,7.5171241463,7.3966400000,0,0,89.6623059237,71.2561683148
2020-10-14,RUB_TJS,20,0.0000000000,True,7.3966400000,7.5268770732,7.3966400000,0,0,108.8520521420,64.8835801302
2020-10-15,RUB_TJS,20,0.0000000000,True,7.3966400000,7.5354943902,7.3966400000,0,0,107.6217950518,77.4791768401
2020-10-16,RUB_TJS,20,0.0000000000,True,7.3966400000,7.5421653659,7.3966400000,0,0,192.6690047004,0.2855491006
2020-10-17,RUB_TJS,20,0.0000000000,True,6.9261400000,7.5296285366,6.9261400000,0,0,818.6798838240,-18.7279669191
2020-10-20,RUB_TJS,20,0.0000000000,True,6.8141700000,7.4794507317,6.8141700000,0,0,975.5415996758,-95.3669872980
2020-10-21,RUB_TJS,20,0.0000000000,True,6.7948300000,7.4569434146,6.7948300000,0,0,984.2595430584,-106.8622637118
2020-10-22,RUB_TJS,20,0.0000000000,True,6.7444500000,7.4352426829,6.7444500000,0,0,964.4631287880,-39.1612194986
2020-10-23,RUB_TJS,20,0.0000000000,True,6.7291400000,7.4168195122,6.7291400000,0,0,977.5764791693,-55.8466978154
2020-10-24,RUB_TJS,20,0.0000000000,True,6.7291400000,7.3983009756,6.7291400000,0,0,918.3001419787,-15.2183919353
2020-10-27,RUB_TJS,20,0.0000000000,True,6.7291400000,7.3440243902,6.7291400000,0,0,902.4367821065,-71.6441108583
2020-10-28,RUB_TJS,20,0.0000000000,True,6.7291400000,7.3241290244,6.7291400000,0,0,903.7895357231,-100.5047499363
2020-10-29,RUB_TJS,20,0.0000000000,True,6.7291400000,7.3037536585,6.7291400000,0,0,1045.4001674046,-288.8601551023
2020-10-30,RUB_TJS,20,0.0000000000,True,6.7043500000,7.2832180488,6.7043500000,0,0,1214.7145848567,-477.9782081051
2020-10-31,RUB_TJS,20,0.0000000000,True,6.7043500000,7.2653775610,6.7043500000,0,0,1257.4687103092,-555.0743036267
2020-11-03,RUB_TJS,20,0.0000000000,True,6.7043500000,7.2102473171,6.7043500000,0,0,1390.2194711631,-799.7682431244
2020-11-04,RUB_TJS,20,0.0000000000,True,6.6881500000,7.1909817073,6.6881500000,0,0,1372.3555211558,-780.1692668917
2020-11-06,RUB_TJS,20,0.0000000000,True,6.6627900000,7.1504134146,6.6627900000,0,0,380.2262154678,313.6509760053
2020-11-07,RUB_TJS,20,0.0000000000,True,6.6609400000,7.1288819512,6.6609400000,0,0,224.8696466334,441.4604609432
2020-11-10,RUB_TJS,20,0.0000000000,True,6.6609400000,7.0667519512,6.6609400000,0,0,197.0468724015,384.7905701184
2020-11-11,RUB_TJS,20,0.0000000000,True,6.6609400000,7.0470043902,6.6609400000,0,0,123.8203263424,429.3375929534
2020-11-12,RUB_TJS,20,0.0000000000,True,6.6609400000,7.0293151220,6.6609400000,0,0,101.3502468369,427.0332411387
2020-11-13,RUB_TJS,20,0.0000000000,True,6.6609400000,7.0102204878,6.6609400000,0,0,215.6512797914,288.8218539732
2020-11-14,RUB_TJS,20,0.0000000000,True,6.6386800000,6.9914185366,6.6386800000,0,0,275.0054567481,236.0158181375
2020-11-17,RUB_TJS,20,0.0000000000,True,6.5565500000,6.9293182927,6.5565500000,0,0,346.7004709932,198.1266942636
2020-11-18,RUB_TJS,20,0.0000000000,True,6.5549000000,6.9087612195,6.5549000000,0,0,262.5945716293,256.3284703082
2020-11-19,RUB_TJS,20,0.0000000000,True,6.5029200000,6.8840829268,6.5029200000,0,0,300.4467248876,261.0847788146
2020-11-20,RUB_TJS,20,0.0000000000,True,6.4872300000,6.8561778049,6.4872300000,0,0,364.3504002210,180.3450966369
2020-11-21,RUB_TJS,20,0.0000000000,True,6.4872300000,6.8278539024,6.4872300000,0,0,332.5733190272,172.0216983510
2020-11-24,RUB_TJS,20,0.0000000000,True,6.4550400000,6.7361685366,6.4550400000,0,0,348.5418239722,71.2846424857
2020-11-25,RUB_TJS,20,0.0000000000,True,6.4380700000,6.7041214634,6.4380700000,0,0,380.8473667146,16.6337431019
2020-11-26,RUB_TJS,20,0.0000000000,True,6.4380700000,6.6732248780,6.4380700000,0,0,337.2761260673,15.6369345249
2020-11-27,RUB_TJS,20,0.0000000000,True,6.4380700000,6.6624168293,6.4380700000,0,0,334.5924148844,2.2166569672
2020-11-28,RUB_TJS,20,0.0000000000,True,6.4380700000,6.6537356098,6.4380700000,0,0,386.5927426881,-64.9776197607
2020-12-01,RUB_TJS,20,0.0000000000,True,6.4380700000,6.6299285366,6.4380700000,0,0,429.4794989728,-146.3838756015
2020-12-02,RUB_TJS,20,0.0000000000,True,6.4380700000,6.6264617073,6.4380700000,0,0,446.6916947367,-169.9825603135
2020-12-03,RUB_TJS,20,0.0000000000,True,6.4380700000,6.6246143902,6.4380700000,0,0,355.4714652094,-76.6016054170
2020-12-04,RUB_TJS,20,0.0000000000,True,6.4380700000,6.6210809756,6.4380700000,0,0,302.1835666126,-26.5802887098
2020-12-05,RUB_TJS,20,0.0000000000,True,6.4380700000,6.6157260976,6.4380700000,0,0,180.7047913918,89.4476232666
2020-12-08,RUB_TJS,20,0.0000000000,True,6.4380700000,6.5930900000,6.4380700000,0,0,178.2330775450,57.9242813309
2020-12-09,RUB_TJS,20,0.0000000000,True,6.4380700000,6.5876304878,6.4380700000,0,0,99.7244314862,128.5902236953
2020-12-10,RUB_TJS,20,0.0000000000,True,6.4380700000,6.5827065854,6.4380700000,0,0,75.7796470913,145.0415328827
2020-12-11,RUB_TJS,20,0.0000000000,True,6.4380700000,6.5775668293,6.4380700000,0,0,106.5098395975,106.7063719611
2020-12-12,RUB_TJS,20,0.0000000000,True,6.4380700000,6.5729668293,6.4380700000,0,0,26.2895349990,179.4118734073
2020-12-15,RUB_TJS,20,0.0000000000,True,6.4380700000,6.5597095122,6.4582400000,1,1,0.0000000000,185.4342970050
2020-12-16,RUB_TJS,20,0.0000000000,True,6.4380700000,6.5555346341,6.4582400000,0,0,41.6330004749,107.2294451473
2020-12-17,RUB_TJS,20,0.0000000000,True,6.4380700000,6.5520958537,6.4582400000,0,0,38.2075609940,105.4408470230
2020-12-18,RUB_TJS,20,0.0000000000,True,6.4380700000,6.5487021951,6.4823600000,0,1,0.0000000000,138.1375918870
2020-12-19,RUB_TJS,20,0.0000000000,True,6.4380700000,6.5444297561,6.4823600000,0,1,0.0000000000,94.8436432368
2020-12-22,RUB_TJS,20,0.0000000000,True,6.4380700000,6.5308804878,6.5024700000,0,0,151.2198003426,-109.3719481294
2020-12-23,RUB_TJS,20,0.0000000000,True,6.4380700000,6.5260080488,6.5024700000,0,0,226.8464243845,-195.2065493442
2020-12-24,RUB_TJS,20,0.0000000000,True,6.4380700000,6.5221565854,6.5024700000,0,0,240.7517469923,-215.7620915602
2020-12-25,RUB_TJS,20,0.0000000000,True,6.4380700000,6.5176158537,6.4525100000,0,0,233.6208123072,-136.9275949140
2020-12-26,RUB_TJS,20,0.0000000000,True,6.4380700000,6.5156556098,6.4525100000,0,0,81.5913698834,15.4483452763
2020-12-29,RUB_TJS,20,0.0000000000,True,6.4380700000,6.5082046341,6.4525100000,0,0,85.0052936232,0.5756336308
2020-12-30,RUB_TJS,20,0.0000000000,True,6.4380700000,6.5079321951,6.4525100000,0,0,76.8323421715,8.3931346520
2020-12-31,RUB_TJS,20,0.0000000000,True,6.4380700000,6.5075090244,6.4525100000,0,0,106.2436750590,-21.9607465102
2021-01-01,RUB_TJS,20,0.0000000000,True,6.4374700000,6.5058039024,6.4374700000,0,0,129.3047931553,-24.5874265515
2021-01-12,RUB_TJS,20,0.0000000000,True,6.4374700000,6.5372785366,6.4374700000,0,0,155.7651930702,-3.1381000567
2021-01-13,RUB_TJS,20,0.0000000000,True,6.4374700000,6.5366146341,6.4374700000,0,0,122.7167066874,29.3188985721
2021-01-14,RUB_TJS,20,0.0000000000,True,6.4374700000,6.5365751220,6.4374700000,0,0,23.3087589171,128.6072911010
2021-01-15,RUB_TJS,20,0.0000000000,True,6.4374700000,6.5382765854,6.4374700000,0,0,59.7728908091,94.9739347290
2021-01-16,RUB_TJS,20,0.0000000000,True,6.4374700000,6.5416973171,6.4374700000,0,0,25.8747445450,133.7990934627
2021-01-19,RUB_TJS,20,0.0000000000,True,6.4374700000,6.5479324390,6.4374700000,0,0,83.6138175376,85.8018001065
2021-01-20,RUB_TJS,20,0.0000000000,True,6.4374700000,6.5482846341,6.4374700000,0,0,50.0936647975,119.7330881701
2021-01-21,RUB_TJS,20,0.0000000000,True,6.4374700000,6.5478636585,6.4387400000,1,1,0.0000000000,168.5949254497
2021-01-22,RUB_TJS,20,0.0000000000,True,6.4374700000,6.5468719512,6.4811400000,0,1,0.0000000000,165.1658257947
2021-01-23,RUB_TJS,20,0.0000000000,True,6.4374700000,6.5456775610,6.4728300000,0,0,81.1701247357,30.3674612604
2021-01-26,RUB_TJS,20,0.0000000000,True,6.4374700000,6.5432497561,6.4728300000,0,0,146.8197428029,-39.7818284075
2021-01-27,RUB_TJS,20,0.0000000000,True,6.4334500000,6.5410948780,6.4334500000,0,0,307.5659877064,-147.5366490633
2021-01-28,RUB_TJS,20,0.0000000000,True,6.4317200000,6.5388978049,6.4317200000,0,0,233.2757306381,-71.0245006235
2021-01-29,RUB_TJS,20,0.0000000000,True,6.4317200000,6.5377226829,6.4317200000,0,0,380.1156470521,-226.5885603561
2021-01-30,RUB_TJS,20,0.0000000000,True,6.4317200000,6.5365658537,6.4317200000,0,0,388.6116827088,-237.4398878803
2021-02-02,RUB_TJS,20,0.0000000000,True,6.4317200000,6.5339775610,6.4317200000,0,0,293.4722570169,-141.1122676256
2021-02-03,RUB_TJS,20,0.0000000000,True,6.4317200000,6.5333717073,6.4317200000,0,0,344.5894620537,-195.7462370306
2021-02-04,RUB_TJS,20,0.0000000000,True,6.4317200000,6.5343497561,6.4317200000,0,0,366.8023640704,-217.7267045886
2021-02-05,RUB_TJS,20,0.0000000000,True,6.4317200000,6.5342580488,6.4317200000,0,0,322.1865106593,-170.7645311626
2021-02-06,RUB_TJS,20,0.0000000000,True,6.4317200000,6.5341070732,6.4317200000,0,0,242.4771108465,-87.9124357560
2021-02-09,RUB_TJS,20,0.0000000000,True,6.4317200000,6.5389182927,6.4317200000,0,0,130.7214615516,33.6573905619
2021-02-10,RUB_TJS,20,0.0000000000,True,6.4317200000,6.5396043902,6.4317200000,0,0,111.9525746632,53.6185190288
2021-02-11,RUB_TJS,20,0.0000000000,True,6.4317200000,6.5422168293,6.4317200000,0,0,76.2520173920,93.3580021302
2021-02-12,RUB_TJS,20,0.0000000000,True,6.4317200000,6.5425363415,6.4317200000,0,0,63.5116324699,106.5433003737
2021-02-13,RUB_TJS,20,0.0000000000,True,6.4317200000,6.5413053659,6.4317200000,0,0,87.6919899763,80.5425873079
2021-02-16,RUB_TJS,20,0.0000000000,True,6.4317200000,6.5406685366,6.4317200000,0,0,2.6890704055,163.9259595340
2021-02-17,RUB_TJS,20,0.0000000000,True,6.4317200000,6.5380829268,6.4479800000,1,1,0.0000000000,162.6821317803
2021-02-18,RUB_TJS,20,0.0000000000,True,6.4317200000,6.5364219512,6.4479800000,0,0,39.6068969139,96.0800139406
2021-02-19,RUB_TJS,20,0.0000000000,True,6.4317200000,6.5318285366,6.4479800000,0,0,40.7607226649,87.9670007618
2021-02-20,RUB_TJS,20,0.0000000000,True,6.4317200000,6.5259356098,6.4479800000,0,0,67.1792272771,52.6294033682
2021-02-21,RUB_TJS,20,0.0000000000,True,6.4317200000,6.5200609756,6.4479800000,0,0,68.7396902016,42.1023295832
2021-02-25,RUB_TJS,20,0.0000000000,True,6.4029700000,6.4975148780,6.4029700000,0,0,107.3014421190,38.6222710064
2021-02-26,RUB_TJS,20,0.0000000000,True,6.4029700000,6.4918909756,6.4029700000,0,0,69.8048070869,67.6397305111
2021-02-27,RUB_TJS,20,0.0000000000,True,6.4029700000,6.4887819512,6.4029700000,0,0,198.2104723343,-67.2977595930
2021-03-02,RUB_TJS,20,0.0000000000,True,6.4029700000,6.4841539024,6.4029700000,0,0,146.2601627267,-21.3691682361
2021-03-03,RUB_TJS,20,0.0000000000,True,6.4029700000,6.4851312195,6.4029700000,0,0,216.3775215522,-91.6693563716
2021-03-04,RUB_TJS,20,0.0000000000,True,6.4029700000,6.4882836585,6.4029700000,0,0,75.7458337467,56.1684113311
2021-03-05,RUB_TJS,20,0.0000000000,True,6.4029700000,6.4933397561,6.4029700000,0,0,111.7472005288,27.7357365763
2021-03-06,RUB_TJS,20,0.0000000000,True,6.4029700000,6.4980548780,6.4029700000,0,0,196.9198923999,-51.6079389611
2021-03-10,RUB_TJS,20,0.0000000000,True,6.4029700000,6.5162360976,6.4029700000,0,0,175.3349577428,-1.5406170433
2021-03-11,RUB_TJS,20,0.0000000000,True,6.4029700000,6.5203075610,6.4029700000,0,0,145.5322253225,34.9332616025
2021-03-12,RUB_TJS,20,0.0000000000,True,6.4029700000,6.5241934146,6.4029700000,0,0,73.1609758518,113.4751990462
2021-03-13,RUB_TJS,20,0.0000000000,True,6.4029700000,6.5280229268,6.4029700000,0,0,74.3150966298,118.1260049078
2021-03-16,RUB_TJS,20,0.0000000000,True,6.4029700000,6.5411439024,6.4029700000,0,0,36.8465685855,175.0365137149
2021-03-17,RUB_TJS,20,0.0000000000,True,6.4029700000,6.5466553659,6.4152600000,1,1,0.0000000000,219.4790436092
2021-03-18,RUB_TJS,20,0.0000000000,True,6.4029700000,6.5521778049,6.4640800000,0,1,0.0000000000,208.9653378700
2021-03-19,RUB_TJS,20,0.0000000000,True,6.4029700000,6.5612758537,6.5034200000,0,1,0.0000000000,148.1356001887
2021-03-20,RUB_TJS,20,0.0000000000,True,6.4029700000,6.5668763415,6.5034200000,0,1,0.0000000000,96.6309370907
2021-03-23,RUB_TJS,20,0.0000000000,True,6.4029700000,6.5849319512,6.6103900000,0,1,0.0000000000,61.2336642477
2021-03-24,RUB_TJS,20,0.0000000000,True,6.4029700000,6.5911121951,6.6336900000,0,1,0.0000000000,-29.2481819568
2021-03-25,RUB_TJS,20,0.0000000000,True,6.4029700000,6.5990046341,6.6336900000,0,0,69.5196051574,-122.9357613024
2021-03-26,RUB_TJS,20,0.0000000000,True,6.4029700000,6.6029639024,6.6336900000,0,0,72.2095678800,-119.6070412134
2021-03-27,RUB_TJS,20,0.0000000000,True,6.4029700000,6.6083280488,6.6336900000,0,0,17.6212116652,-56.0988361139
2021-03-30,RUB_TJS,20,0.0000000000,True,6.4029700000,6.6152609756,6.6263400000,0,0,38.0357325411,-54.9925762935
2021-03-31,RUB_TJS,20,0.0000000000,True,6.4029700000,6.6194097561,6.6263400000,0,0,21.3988299162,-31.9367506793
2021-04-01,RUB_TJS,20,0.0000000000,True,6.4029700000,6.6235397561,6.6263400000,0,0,11.0798062617,-15.3245006087
2021-04-02,RUB_TJS,20,0.0000000000,True,6.4029700000,6.6305456098,6.6263400000,0,0,33.4807327858,-27.2291170388
2021-04-03,RUB_TJS,20,0.0000000000,True,6.4029700000,6.6366814634,6.6263400000,0,0,68.3310526339,-53.1116895992
2021-04-06,RUB_TJS,20,0.0000000000,True,6.4029700000,6.6471307317,6.5856300000,0,0,197.8840766948,-107.4888868243
2021-04-07,RUB_TJS,20,0.0000000000,True,6.4152600000,6.6508985366,6.5574500000,0,0,211.0663935846,-72.0826864985
2021-04-08,RUB_TJS,20,0.0000000000,True,6.4640800000,6.6547302439,6.5574500000,0,0,386.3802961443,-249.8519849845
2021-04-09,RUB_TJS,20,0.0000000000,True,6.5034200000,6.6573309756,6.5574500000,0,0,302.5996477410,-157.3288526197
2021-04-10,RUB_TJS,20,0.0000000000,True,6.5034200000,6.6577817073,6.5219000000,0,0,363.2384861689,-165.1425317266
2021-04-13,RUB_TJS,20,0.0000000000,True,6.5219000000,6.6610985366,6.5219000000,0,0,406.1065288608,-205.4788150376
2021-04-14,RUB_TJS,20,0.0000000000,True,6.5219000000,6.6599300000,6.5219000000,0,0,374.1902727945,-173.4252462113
2021-04-15,RUB_TJS,20,0.0000000000,True,6.5219000000,6.6579407317,6.5219000000,0,0,174.3988092189,30.4609676243
2021-04-16,RUB_TJS,20,0.0000000000,True,6.5219000000,6.6550626829,6.5219000000,0,0,340.1011920279,-144.9382547825
2021-04-17,RUB_TJS,20,0.0000000000,True,6.5219000000,6.6524668293,6.5219000000,0,0,157.6134034776,39.2738963438
2021-04-20,RUB_TJS,20,0.0000000000,True,6.5004200000,6.6417063415,6.5004200000,0,0,279.5132294754,-68.7077329085
2021-04-21,RUB_TJS,20,0.0000000000,True,6.5004200000,6.6382885366,6.5004200000,0,0,249.6527600700,-43.0404060582
2021-04-22,RUB_TJS,20,0.0000000000,True,6.5004200000,6.6350795122,6.5004200000,0,0,351.7380591920,-154.2113965881
2021-04-23,RUB_TJS,20,0.0000000000,True,6.4918900000,6.6312573171,6.4918900000,0,0,314.1971330015,-107.4044928757
2021-04-24,RUB_TJS,20,0.0000000000,True,6.4918900000,6.6275431707,6.4918900000,0,0,142.3402165017,63.2408867841
2021-04-27,RUB_TJS,20,0.0000000000,True,6.4881000000,6.6129543902,6.4881000000,0,0,105.7575734470,83.9328187803
2021-04-28,RUB_TJS,20,0.0000000000,True,6.4755500000,6.6075082927,6.4755500000,0,0,147.2986872295,53.1944738107
2021-04-29,RUB_TJS,20,0.0000000000,True,6.4620100000,6.5987524390,6.4620100000,0,0,165.4311330130,42.4965768659
2021-04-30,RUB_TJS,20,0.0000000000,True,6.4601300000,6.5913880488,6.4601300000,0,0,94.7116637790,105.4224819814
2021-05-01,RUB_TJS,20,0.0000000000,True,6.4533700000,6.5837207317,6.4533700000,0,0,166.2633638503,32.2625040959
2021-05-05,RUB_TJS,20,0.0000000000,True,6.4468700000,6.5518365854,6.4468700000,0,0,229.8982961460,-71.3287244351
2021-05-06,RUB_TJS,20,0.0000000000,True,6.4354500000,6.5469046341,6.4354500000,0,0,195.7513322791,-26.0204887739
2021-05-07,RUB_TJS,20,0.0000000000,True,6.4354500000,6.5393612195,6.4354500000,0,0,158.3123947655,0.5982534059
2021-05-08,RUB_TJS,20,0.0000000000,True,6.4354500000,6.5348373171,6.4354500000,0,0,99.9473880149,52.6674428195
2021-05-12,RUB_TJS,20,0.0000000000,True,6.4354500000,6.5157158537,6.4354500000,0,0,102.5357883275,20.8662470309
2021-05-13,RUB_TJS,20,0.0000000000,True,6.4218400000,6.5080192683,6.4218400000,0,0,107.9038615873,24.7836824505
2021-05-14,RUB_TJS,20,0.0000000000,True,6.4218400000,6.5017236585,6.4218400000,0,0,150.0233908262,-27.5716754585
2021-05-15,RUB_TJS,20,0.0000000000,True,6.4218400000,6.4977768293,6.4218400000,0,0,102.1254296327,14.8925232777
2021-05-18,RUB_TJS,20,0.0000000000,True,6.4218400000,6.4866785366,6.4218400000,0,0,82.9427616187,17.1559859527
2021-05-19,RUB_TJS,20,0.0000000000,True,6.4218400000,6.4833039024,6.4218400000,0,0,62.1633207005,32.8442145540
2021-05-20,RUB_TJS,20,0.0000000000,True,6.3854100000,6.4787843902,6.3854100000,0,0,115.6633070852,28.7930406698
2021-05-21,RUB_TJS,20,0.0000000000,True,6.3593200000,6.4748190244,6.3593200000,0,0,145.7378083079,33.1268322859
2021-05-22,RUB_TJS,20,0.0000000000,True,6.3303300000,6.4691568293,6.3303300000,0,0,187.9384584861,27.1702012058
2021-05-25,RUB_TJS,20,0.0000000000,True,6.2849400000,6.4488490244,6.2849400000,0,0,251.1761521483,3.0688024836
2021-05-26,RUB_TJS,20,0.0000000000,True,6.2849400000,6.4411995122,6.2849400000,0,0,233.8764188984,8.9261513857
2021-05-27,RUB_TJS,20,0.0000000000,True,6.2849400000,6.4347197561,6.2849400000,0,0,244.1697297834,-11.6869796782
2021-05-28,RUB_TJS,20,0.0000000000,True,6.2849400000,6.4292778049,6.2849400000,0,0,242.0794738591,-18.0147684910
2021-05-29,RUB_TJS,20,0.0000000000,True,6.2849400000,6.4257865854,6.2849400000,0,0,259.1841194513,-41.0586537285
2021-06-01,RUB_TJS,20,0.0000000000,True,6.2849400000,6.4134960976,6.2849400000,0,0,280.6047887616,-82.4728067725
2021-06-02,RUB_TJS,20,0.0000000000,True,6.2849400000,6.4114473171,6.2849400000,0,0,213.1787774220,-16.2095739275
2021-06-03,RUB_TJS,20,0.0000000000,True,6.2849400000,6.4095785366,6.2849400000,0,0,247.3791035883,-54.2648213390
2021-06-04,RUB_TJS,20,0.0000000000,True,6.2849400000,6.4059653659,6.2849400000,0,0,216.1801174070,-27.8562763412
2021-06-05,RUB_TJS,20,0.0000000000,True,6.2849400000,6.4023921951,6.2849400000,0,0,217.3222757667,-34.6242532517
2021-06-08,RUB_TJS,20,0.0000000000,True,6.2849400000,6.3909741463,6.2849400000,0,0,231.6754740441,-67.3228410463
2021-06-09,RUB_TJS,20,0.0000000000,True,6.2849400000,6.3877202439,6.2849400000,0,0,157.3430680254,3.6166954942
2021-06-10,RUB_TJS,20,0.0000000000,True,6.2849400000,6.3849282927,6.2849400000,0,0,116.9621909261,40.1074084297
2021-06-11,RUB_TJS,20,0.0000000000,True,6.2849400000,6.3830521951,6.2849400000,0,0,71.7024230964,82.5971549508
2021-06-12,RUB_TJS,20,0.0000000000,True,6.2849400000,6.3816158537,6.2849400000,1,1,0.0000000000,151.4911832293
2021-06-16,RUB_TJS,20,0.0000000000,True,6.2849400000,6.3852153659,6.3158500000,0,1,0.0000000000,136.1666926986
2021-06-17,RUB_TJS,20,0.0000000000,True,6.2849400000,6.3847709756,6.3278700000,0,1,0.0000000000,107.9458854093
2021-06-18,RUB_TJS,20,0.0000000000,True,6.2849400000,6.3860541463,6.3278700000,0,0,46.2619233383,45.0577863608
2021-06-19,RUB_TJS,20,0.0000000000,True,6.2849400000,6.3894934146,6.3278700000,0,0,7.2325877030,89.2768971379
2021-06-22,RUB_TJS,20,0.0000000000,True,6.2849400000,6.3947953659,6.3278700000,0,0,140.6175016983,-36.4744027164
2021-06-23,RUB_TJS,20,0.0000000000,True,6.2849400000,6.3977734146,6.3278700000,0,0,136.2374459688,-27.3479290871
2021-06-24,RUB_TJS,20,0.0000000000,True,6.2849400000,6.3989731707,6.3278700000,0,0,68.4923981913,42.9180901357
2021-06-25,RUB_TJS,20,0.0000000000,True,6.2849400000,6.4008124390,6.3278700000,0,0,21.6506875237,92.5076927163
2021-06-26,RUB_TJS,20,0.0000000000,True,6.2849400000,6.4028390244,6.3278700000,0,1,0.0000000000,117.0871610307
2021-06-29,RUB_TJS,20,0.0000000000,True,6.2849400000,6.4083409756,6.3456600000,0,1,0.0000000000,124.4331035337
2021-06-30,RUB_TJS,20,0.0000000000,True,6.2849400000,6.4115931707,6.3764500000,0,1,0.0000000000,102.8343018280
2021-07-01,RUB_TJS,20,0.0000000000,True,6.2849400000,6.4157909756,6.3926900000,0,1,0.0000000000,61.3189796228
2021-07-02,RUB_TJS,20,0.0000000000,True,6.2849400000,6.4207039024,6.4240200000,0,1,0.0000000000,43.6305783053
2021-07-03,RUB_TJS,20,0.0000000000,True,6.2849400000,6.4250126829,6.4240200000,0,0,117.5612727754,-117.3963707085
2021-07-06,RUB_TJS,20,0.0000000000,True,6.2982700000,6.4383992683,6.4240200000,0,0,12.0029727570,10.3430495923
2021-07-07,RUB_TJS,20,0.0000000000,True,6.3158500000,6.4432458537,6.4616000000,0,1,0.0000000000,29.8387708543
2021-07-08,RUB_TJS,20,0.0000000000,True,6.3278700000,6.4471270732,6.4616000000,0,0,49.0800758300,-71.8815160665
2021-07-09,RUB_TJS,20,0.0000000000,True,6.3278700000,6.4494880488,6.4540800000,0,0,210.9755838609,-222.7959027642
2021-07-10,RUB_TJS,20,0.0000000000,True,6.3278700000,6.4515600000,6.4174000000,0,0,171.4866824824,-120.6064889732
2021-07-13,RUB_TJS,20,0.0000000000,True,6.3278700000,6.4553548780,6.4128700000,0,0,200.2921787180,-137.2273463268
2021-07-14,RUB_TJS,20,0.0000000000,True,6.3278700000,6.4550329268,6.4020700000,0,0,140.8782561157,-59.6698322183
2021-07-15,RUB_TJS,20,0.0000000000,True,6.3278700000,6.4554719512,6.3895100000,0,0,168.8048719693,-67.7689394533
2021-07-16,RUB_TJS,20,0.0000000000,True,6.3278700000,6.4564551220,6.3819100000,0,0,193.2187502401,-79.2925484369
2021-07-17,RUB_TJS,20,0.0000000000,True,6.3278700000,6.4585907317,6.3819100000,0,0,186.0554521829,-68.6051650171
2021-07-20,RUB_TJS,20,0.0000000000,True,6.3456600000,6.4647390244,6.3819100000,0,0,209.9175455417,-83.5470316837
2021-07-21,RUB_TJS,20,0.0000000000,True,6.3764500000,6.4671675610,6.3819100000,0,0,228.9238344436,-99.3672089342
2021-07-22,RUB_TJS,20,0.0000000000,True,6.3819100000,6.4690341463,6.3819100000,0,0,229.4174923757,-96.9632440324
2021-07-23,RUB_TJS,20,0.0000000000,True,6.3819100000,6.4724202439,6.3819100000,0,0,123.3285873468,16.7174619303
2021-07-24,RUB_TJS,20,0.0000000000,True,6.3819100000,6.4712004878,6.3819100000,0,0,132.9336151357,5.1157243716
2021-07-27,RUB_TJS,20,0.0000000000,True,6.3819100000,6.4686073171,6.3819100000,0,0,177.1130586826,-43.8621198290
2021-07-28,RUB_TJS,20,0.0000000000,True,6.3819100000,6.4688768293,6.3819100000,0,0,143.7378957155,-9.4346683246
2021-07-29,RUB_TJS,20,0.0000000000,True,6.3819100000,6.4675617073,6.3819100000,0,0,111.8207397491,20.8451158677
2021-07-30,RUB_TJS,20,0.0000000000,True,6.3819100000,6.4637890244,6.3819100000,0,0,55.3027705925,71.7675410122
2021-07-31,RUB_TJS,20,0.0000000000,True,6.3819100000,6.4630412195,6.3819100000,0,0,48.2779161280,77.6278810674
2021-08-03,RUB_TJS,20,0.0000000000,True,6.3819100000,6.4618129268,6.3819100000,0,0,31.4898150130,92.4553643161
2021-08-04,RUB_TJS,20,0.0000000000,True,6.3819100000,6.4617600000,6.3819100000,0,0,11.8944958221,111.8116426484
2021-08-05,RUB_TJS,20,0.0000000000,True,6.3819100000,6.4613119512,6.4121400000,1,1,0.0000000000,122.8882799948
2021-08-06,RUB_TJS,20,0.0000000000,True,6.3819100000,6.4602229268,6.4121400000,0,0,5.1282610830,69.3365033012
2021-08-07,RUB_TJS,20,0.0000000000,True,6.3819100000,6.4597797561,6.4121400000,0,1,0.0000000000,73.7482668083
2021-08-10,RUB_TJS,20,0.0000000000,True,6.3819100000,6.4580365854,6.4350700000,0,0,15.7635957134,19.8304627058
2021-08-11,RUB_TJS,20,0.0000000000,True,6.3819100000,6.4560075610,6.4350700000,0,0,27.7546187963,4.6895251392
2021-08-12,RUB_TJS,20,0.0000000000,True,6.3819100000,6.4543734146,6.4350700000,0,0,147.6685365734,-119.5260645920
2021-08-13,RUB_TJS,20,0.0000000000,True,6.3819100000,6.4542636585,6.4350700000,0,0,23.8123659973,5.9397302921
2021-08-14,RUB_TJS,20,0.0000000000,True,6.3819100000,6.4532643902,6.4269200000,0,0,23.5637447416,17.3003763193
2021-08-17,RUB_TJS,20,0.0000000000,True,6.3819100000,6.4494048780,6.4248400000,0,0,15.8972629668,22.2266679172
2021-08-18,RUB_TJS,20,0.0000000000,True,6.3819100000,6.4483956098,6.4248400000,0,0,22.8432110939,13.7175357894
2021-08-19,RUB_TJS,20,0.0000000000,True,6.3819100000,6.4484685366,6.4248400000,0,0,21.2161217675,15.4587659517
2021-08-20,RUB_TJS,20,0.0000000000,True,6.3819100000,6.4499765854,6.4248400000,0,0,113.6687127138,-75.5559558847
2021-08-21,RUB_TJS,20,0.0000000000,True,6.3819100000,6.4509214634,6.4248400000,0,0,142.0803260176,-103.1147828455
2021-08-24,RUB_TJS,20,0.0000000000,True,6.3819100000,6.4516378049,6.4190600000,0,0,111.4092843124,-61.6001646774
2021-08-25,RUB_TJS,20,0.0000000000,True,6.3819100000,6.4530558537,6.4190600000,0,0,95.3424319341,-43.0712936193
2021-08-26,RUB_TJS,20,0.0000000000,True,6.4121400000,6.4538695122,6.4152700000,0,0,73.8511527155,-14.1473077316
2021-08-27,RUB_TJS,20,0.0000000000,True,6.4121400000,6.4541558537,6.4152700000,0,0,107.1131720210,-47.3712551025
2021-08-28,RUB_TJS,20,0.0000000000,True,6.3902000000,6.4536207317,6.3902000000,0,0,145.2109383193,-47.6310424343
2021-08-31,RUB_TJS,20,0.0000000000,True,6.3902000000,6.4518441463,6.3902000000,0,0,90.0090567349,5.5862266039
2021-09-01,RUB_TJS,20,0.0000000000,True,6.3902000000,6.4522465854,6.3902000000,0,0,115.3329744646,-19.3938878011
2021-09-02,RUB_TJS,20,0.0000000000,True,6.3902000000,6.4504021951,6.3902000000,0,0,103.6068823466,-10.3835461347
2021-09-03,RUB_TJS,20,0.0000000000,True,6.3902000000,6.4498965854,6.3902000000,0,0,57.1346772638,35.6231841267
2021-09-04,RUB_TJS,20,0.0000000000,True,6.3902000000,6.4492580488,6.3902000000,0,0,53.9157395359,37.8617952574
2021-09-07,RUB_TJS,20,0.0000000000,True,6.3902000000,6.4493446341,6.3902000000,0,0,67.4583436956,24.4127660088
2021-09-08,RUB_TJS,20,0.0000000000,True,6.3902000000,6.4486324390,6.3902000000,0,0,103.5609030102,-13.0842640752
2021-09-09,RUB_TJS,20,0.0000000000,True,6.3902000000,6.4475546341,6.3902000000,0,0,137.4083031471,-49.1277199667
2021-09-10,RUB_TJS,20,0.0000000000,True,6.3902000000,6.4456136585,6.3902000000,0,0,95.1855428335,-9.3029799505
2021-09-11,RUB_TJS,20,0.0000000000,True,6.3902000000,6.4430078049,6.3902000000,0,0,44.9598539350,37.1686727741
2021-09-14,RUB_TJS,20,0.0000000000,True,6.3902000000,6.4376946341,6.3902000000,0,0,89.1022310454,-15.4641784356
2021-09-15,RUB_TJS,20,0.0000000000,True,6.3902000000,6.4366787805,6.3902000000,0,0,39.0786358174,33.2606010303
2021-09-16,RUB_TJS,20,0.0000000000,True,6.3902000000,6.4353329268,6.3902000000,0,0,57.5214285603,12.6845447191
2021-09-17,RUB_TJS,20,0.0000000000,True,6.3902000000,6.4334563415,6.3943100000,1,1,0.0000000000,67.2365508795
2021-09-18,RUB_TJS,20,0.0000000000,True,6.3898700000,6.4311517073,6.3898700000,0,0,14.0961948088,50.1647430901
2021-09-21,RUB_TJS,20,0.0000000000,True,6.3579800000,6.4227853659,6.3579800000,0,0,172.3477002788,-72.7015328810
2021-09-22,RUB_TJS,20,0.0000000000,True,6.3367800000,6.4196639024,6.3367800000,0,0,184.5133908518,-56.4454745788
2021-09-23,RUB_TJS,20,0.0000000000,True,6.3367800000,6.4170543902,6.3367800000,0,0,144.5168514861,-19.7062530362
2021-09-24,RUB_TJS,20,0.0000000000,True,6.3367800000,6.4152629268,6.3367800000,0,0,123.3494183219,-1.0242342024
2021-09-25,RUB_TJS,20,0.0000000000,True,6.3367800000,6.4133643902,6.3367800000,0,0,161.7155259947,-42.9971042937
2021-09-28,RUB_TJS,20,0.0000000000,True,6.3013800000,6.4041170732,6.3013800000,0,0,169.9907181355,-9.7326872043
2021-09-29,RUB_TJS,20,0.0000000000,True,6.2930600000,6.4001168293,6.2930600000,0,0,158.3439026259,9.0730051079
2021-09-30,RUB_TJS,20,0.0000000000,True,6.2750300000,6.3951363415,6.2750300000,0,0,224.4852495587,-37.5186036004
2021-10-01,RUB_TJS,20,0.0000000000,True,6.2750300000,6.3913180488,6.2750300000,0,0,211.4778647864,-30.1689746502
2021-10-02,RUB_TJS,20,0.0000000000,True,6.2750300000,6.3882551220,6.2750300000,0,0,250.3208444813,-74.9576795771
2021-10-05,RUB_TJS,20,0.0000000000,True,6.2750300000,6.3778436585,6.2750300000,0,0,254.9540315567,-96.2023291074
2021-10-06,RUB_TJS,20,0.0000000000,True,6.2231100000,6.3731568293,6.2231100000,0,0,288.2571607817,-54.3893264520
2021-10-07,RUB_TJS,20,0.0000000000,True,6.1797100000,6.3671212195,6.1797100000,0,0,355.9417521486,-63.8731054203
2021-10-08,RUB_TJS,20,0.0000000000,True,6.1797100000,6.3626804878,6.1797100000,0,0,328.8955800353,-42.7327951596
2021-10-09,RUB_TJS,20,0.0000000000,True,6.1797100000,6.3596363415,6.1797100000,0,0,280.3877961239,2.6044593975
2021-10-12,RUB_TJS,20,0.0000000000,True,6.1797100000,6.3485736585,6.1797100000,0,0,247.8703694937,18.5768633569
2021-10-13,RUB_TJS,20,0.0000000000,True,6.1797100000,6.3455039024,6.1797100000,0,0,268.3418082521,-7.2588365428
2021-10-14,RUB_TJS,20,0.0000000000,True,6.1797100000,6.3439243902,6.1797100000,0,0,273.4883457386,-15.0468529713
2021-10-15,RUB_TJS,20,0.0000000000,True,6.1797100000,6.3422187805,6.1797100000,0,0,263.5733417363,-7.5387174074
2021-10-16,RUB_TJS,20,0.0000000000,True,6.1797100000,6.3399029268,6.1797100000,0,0,193.0846893855,60.7626445923
2021-10-19,RUB_TJS,20,0.0000000000,True,6.1797100000,6.3337014634,6.1797100000,0,0,180.1190517809,64.1670019488
2021-10-20,RUB_TJS,20,0.0000000000,True,6.1797100000,6.3322592683,6.1797100000,0,0,151.9036562375,90.3773295879
2021-10-21,RUB_TJS,20,0.0000000000,True,6.1797100000,6.3299717073,6.1797100000,0,0,183.2389206775,55.1530226853
2021-10-22,RUB_TJS,20,0.0000000000,True,6.1797100000,6.3264085366,6.1797100000,0,0,180.7743887325,52.0493363572
2021-10-23,RUB_TJS,20,0.0000000000,True,6.1797100000,6.3233060976,6.1797100000,0,0,169.5592001654,58.5233373017
2021-10-26,RUB_TJS,20,0.0000000000,True,6.1797100000,6.3179141463,6.1797100000,0,0,69.7400495894,150.0560851976
2021-10-27,RUB_TJS,20,0.0000000000,True,6.1797100000,6.3178280488,6.2081300000,1,1,0.0000000000,218.6163468111
2021-10-28,RUB_TJS,20,0.0000000000,True,6.1797100000,6.3183541463,6.2645100000,0,1,0.0000000000,174.4507252815
2021-10-29,RUB_TJS,20,0.0000000000,True,6.1797100000,6.3198256098,6.2645100000,0,0,15.2532323464,72.3842912461
2021-10-30,RUB_TJS,20,0.0000000000,True,6.1797100000,6.3216678049,6.2645100000,0,0,10.7156012457,79.7855984130
2021-11-02,RUB_TJS,20,0.0000000000,True,6.1797100000,6.3283282927,6.2645100000,0,0,103.5222526240,-2.7048333113
2021-11-03,RUB_TJS,20,0.0000000000,True,6.1797100000,6.3321258537,6.2645100000,0,0,157.7862477887,-51.8216900609
2021-11-04,RUB_TJS,20,0.0000000000,True,6.1797100000,6.3387556098,6.2645100000,0,0,128.3960422251,-11.4129502528
2021-11-09,RUB_TJS,20,0.0000000000,True,6.1797100000,6.3814595122,6.2645100000,0,0,111.5516844036,72.5218300088
2021-11-10,RUB_TJS,20,0.0000000000,True,6.1797100000,6.3903243902,6.2645100000,0,0,96.1687434984,101.6918489195
2021-11-11,RUB_TJS,20,0.0000000000,True,6.1797100000,6.3985797561,6.3089400000,0,1,0.0000000000,209.5304914654
2021-11-12,RUB_TJS,20,0.0000000000,True,6.1797100000,6.4048904878,6.3634700000,0,1,0.0000000000,149.8081629773
2021-11-13,RUB_TJS,20,0.0000000000,True,6.1797100000,6.4115690244,6.3634700000,0,1,0.0000000000,75.0191165490
2021-11-16,RUB_TJS,20,0.0000000000,True,6.1797100000,6.4310641463,6.4293600000,0,1,0.0000000000,41.6325288198
2021-11-17,RUB_TJS,20,0.0000000000,True,6.2081300000,6.4394200000,6.4335100000,0,1,0.0000000000,15.6225250100
2021-11-18,RUB_TJS,20,0.0000000000,True,6.2645100000,6.4481695122,6.4335100000,0,0,25.8751666615,-3.1489367658
2021-11-19,RUB_TJS,20,0.0000000000,True,6.2645100000,6.4546741463,6.4419400000,0,1,0.0000000000,32.7888687510
2021-11-20,RUB_TJS,20,0.0000000000,True,6.2645100000,6.4607882927,6.4419400000,0,1,0.0000000000,29.1733637276
2021-11-23,RUB_TJS,20,0.0000000000,True,6.2645100000,6.4775251220,6.5195700000,0,1,0.0000000000,-43.6661803949
2021-11-24,RUB_TJS,20,0.0000000000,True,6.2645100000,6.4808748780,6.5022800000,0,0,185.6673443729,-222.8327574111
2021-11-25,RUB_TJS,20,0.0000000000,True,6.2645100000,6.4848143902,6.5022800000,0,0,133.6946675386,-162.8043663284
2021-11-26,RUB_TJS,20,0.0000000000,True,6.2645100000,6.4895775610,6.5022800000,0,0,163.8282873817,-186.4565726928
2021-11-27,RUB_TJS,20,0.0000000000,True,6.2645100000,6.4937353659,6.5022800000,0,0,292.2501093605,-314.6026479930
2021-11-30,RUB_TJS,20,0.0000000000,True,6.2645100000,6.5077353659,6.5022800000,0,0,205.1822025792,-200.9218672788
2021-12-01,RUB_TJS,20,0.0000000000,True,6.2645100000,6.5139607317,6.5022800000,0,0,197.8584554528,-183.5584726673
2021-12-02,RUB_TJS,20,0.0000000000,True,6.3089400000,6.5207160976,6.5022800000,0,0,76.2184419937,-48.3135624488
2021-12-03,RUB_TJS,20,0.0000000000,True,6.3634700000,6.5263219512,6.5022800000,0,0,88.1691188576,-51.7872839144
2021-12-04,RUB_TJS,20,0.0000000000,True,6.3634700000,6.5296643902,6.5005100000,0,0,47.7060231151,-3.0715357425
2021-12-07,RUB_TJS,20,0.0000000000,True,6.4293600000,6.5373856098,6.4826000000,0,0,60.8680986768,23.0759062668
2021-12-08,RUB_TJS,20,0.0000000000,True,6.4335100000,6.5388500000,6.4826000000,0,0,128.3109431296,-42.8362785505
2021-12-09,RUB_TJS,20,0.0000000000,True,6.4335100000,6.5403041463,6.4826000000,0,0,88.9344832489,-0.7122813376
2021-12-10,RUB_TJS,20,0.0000000000,True,6.4419400000,6.5425014634,6.4826000000,0,0,60.2737541610,31.4733799141
2021-12-11,RUB_TJS,20,0.0000000000,True,6.4419400000,6.5458782927,6.4826000000,0,0,56.7061938134,40.1906230251
2021-12-14,RUB_TJS,20,0.0000000000,True,6.4826000000,6.5544509756,6.4826000000,0,0,30.2663065878,79.5962557412
2021-12-15,RUB_TJS,20,0.0000000000,True,6.4826000000,6.5533558537,6.4826000000,0,0,38.2788501285,69.9578272298
2021-12-16,RUB_TJS,20,0.0000000000,True,6.4826000000,6.5531119512,6.4826000000,0,0,89.7072132671,18.0554693825
2021-12-17,RUB_TJS,20,0.0000000000,True,6.4826000000,6.5523756098,6.4826000000,0,0,51.9607271433,54.8131119080
2021-12-18,RUB_TJS,20,0.0000000000,True,6.4826000000,6.5495063415,6.4826000000,0,0,78.2402674127,24.1031012726
2021-12-21,RUB_TJS,20,0.0000000000,True,6.4826000000,6.5423507317,6.4826000000,0,0,148.8926507998,-58.4335353765
2021-12-22,RUB_TJS,20,0.0000000000,True,6.4826000000,6.5427951220,6.4826000000,0,0,90.0102117564,2.0100307693
2021-12-23,RUB_TJS,20,0.0000000000,True,6.4826000000,6.5445834146,6.4826000000,0,0,85.9181682210,8.8675080849
2021-12-24,RUB_TJS,20,0.0000000000,True,6.4826000000,6.5455143902,6.4826000000,0,0,27.5516844063,68.7560786834
2021-12-25,RUB_TJS,20,0.0000000000,True,6.4826000000,6.5473702439,6.4826000000,1,1,0.0000000000,98.9255861355
2021-12-28,RUB_TJS,20,0.0000000000,True,6.4826000000,6.5605002439,6.5098200000,0,1,0.0000000000,108.3762537293
2021-12-29,RUB_TJS,20,0.0000000000,True,6.4826000000,6.5645334146,6.5236000000,0,1,0.0000000000,83.3469969277
2021-12-30,RUB_TJS,20,0.0000000000,True,6.4826000000,6.5698382927,6.5803900000,0,1,0.0000000000,70.3796511010
2021-12-31,RUB_TJS,20,0.0000000000,True,6.4826000000,6.5767585366,6.5803900000,0,1,0.0000000000,-5.5216614605
2022-01-11,RUB_TJS,20,0.0000000000,True,6.4826000000,6.6691597561,6.5982900000,0,0,80.3698274890,26.1048718793
2022-01-12,RUB_TJS,20,0.0000000000,True,6.4826000000,6.6768992683,6.5982900000,0,0,41.1287230928,76.9208373962
2022-01-13,RUB_TJS,20,0.0000000000,True,6.4826000000,6.6839704878,6.6077600000,0,1,0.0000000000,128.1880103469
2022-01-14,RUB_TJS,20,0.0000000000,True,6.4826000000,6.6905817073,6.7079900000,0,1,0.0000000000,123.7884999244
2022-01-15,RUB_TJS,20,0.0000000000,True,6.4826000000,6.6980597561,6.7079900000,0,1,0.0000000000,-14.8255528676
2022-01-18,RUB_TJS,20,0.0000000000,True,6.5098200000,6.7164448780,6.7361300000,0,1,0.0000000000,-23.4873094884
2022-01-19,RUB_TJS,20,0.0000000000,True,6.5236000000,6.7210921951,6.7003600000,0,0,85.6876094030,-55.3151240881
2022-01-20,RUB_TJS,20,0.0000000000,True,6.5803900000,6.7245907317,6.6670400000,0,0,203.6546158774,-120.5266930380
2022-01-21,RUB_TJS,20,0.0000000000,True,6.5803900000,6.7256185366,6.6225300000,0,0,214.4608114757,-62.5243064053
2022-01-22,RUB_TJS,20,0.0000000000,True,6.5803900000,6.7264792683,6.6156800000,0,0,256.3860872844,-94.0770486064
2022-01-25,RUB_TJS,20,0.0000000000,True,6.5803900000,6.7307626829,6.6156800000,0,0,341.3397805381,-176.3801855239
2022-01-26,RUB_TJS,20,0.0000000000,True,6.5803900000,6.7357692683,6.6156800000,0,0,498.2212028030,-336.7109570913
2022-01-27,RUB_TJS,20,0.0000000000,True,6.5803900000,6.7398892683,6.6156800000,0,0,534.5057988972,-369.9923274414
2022-01-28,RUB_TJS,20,0.0000000000,True,6.5803900000,6.7415197561,6.6156800000,0,0,534.8985270869,-367.9144360262
2022-01-29,RUB_TJS,20,0.0000000000,True,6.5803900000,6.7447465854,6.6156800000,0,0,397.5011394084,-214.6758411180
2022-02-01,RUB_TJS,20,0.0000000000,True,6.5982900000,6.7527458537,6.6156800000,0,0,354.4643377850,-157.0533656083
2022-02-02,RUB_TJS,20,0.0000000000,True,6.5982900000,6.7570639024,6.6156800000,0,0,311.9481013956,-106.0166051340
2022-02-03,RUB_TJS,20,0.0000000000,True,6.6077600000,6.7699402439,6.6156800000,0,0,230.2124913425,-2.4073419245
2022-02-04,RUB_TJS,20,0.0000000000,True,6.6156800000,6.7825856098,6.6156800000,0,0,255.5823955694,-9.7520188089
2022-02-05,RUB_TJS,20,0.0000000000,True,6.6156800000,6.8068551220,6.6156800000,0,0,178.8118697234,103.9027872404
2022-02-08,RUB_TJS,20,0.0000000000,True,6.6156800000,6.8564600000,6.6156800000,0,0,126.3812690661,227.6685053220
2022-02-09,RUB_TJS,20,0.0000000000,True,6.6156800000,6.8937431707,6.6156800000,0,0,77.0356860016,328.8535199486
2022-02-10,RUB_TJS,20,0.0000000000,True,6.6156800000,6.9260417073,6.6156800000,0,0,10.3434790027,438.2181340266
2022-02-11,RUB_TJS,20,0.0000000000,True,6.6156800000,6.9838314634,6.6389300000,1,1,0.0000000000,527.1482643062
2022-02-12,RUB_TJS,20,0.0000000000,True,6.6156800000,7.0597663415,6.6389300000,0,1,0.0000000000,596.1051982581
2022-02-15,RUB_TJS,20,0.0000000000,True,6.6156800000,7.2466636585,6.6472400000,0,0,203.9890003331,636.1598664698
2022-02-16,RUB_TJS,20,0.0000000000,True,6.6156800000,7.3052334146,6.6472400000,0,0,151.2302739095,760.9933633613
2022-02-17,RUB_TJS,20,0.0000000000,True,6.6156800000,7.3631521951,6.7126900000,0,1,0.0000000000,972.2903671558
2022-02-18,RUB_TJS,20,0.0000000000,True,6.6156800000,7.4104702439,6.7135000000,0,1,0.0000000000,941.6139879606
2022-02-19,RUB_TJS,20,0.0000000000,True,6.6156800000,7.5027229268,6.7135000000,0,1,0.0000000000,1051.9153306422
2022-02-22,RUB_TJS,20,0.0000000000,True,6.6156800000,7.7570502439,7.1262200000,0,1,0.0000000000,1230.4551522697
2022-02-23,RUB_TJS,20,0.0000000000,True,6.6156800000,7.8223536585,7.1262200000,0,1,0.0000000000,889.9286441452
2022-02-25,RUB_TJS,20,0.0000000000,True,6.6156800000,7.9502297561,7.3940000000,0,0,401.1922565636,310.9215251395
2022-02-26,RUB_TJS,20,0.0000000000,True,6.6156800000,8.0089387805,7.3940000000,0,1,0.0000000000,767.8155587679
2022-03-01,RUB_TJS,20,0.0000000000,True,6.6156800000,8.1682960976,8.1298800000,0,0,189.4561041067,-145.1758127064
2022-03-02,RUB_TJS,20,0.0000000000,True,6.6156800000,8.2243331707,8.9020900000,0,1,0.0000000000,114.8459927035
2022-03-03,RUB_TJS,20,0.0000000000,True,6.6156800000,8.2802831707,8.9020900000,0,0,257.1508309575,-1034.7071610989
2022-03-04,RUB_TJS,20,0.0000000000,True,6.6389300000,8.3268104878,8.5233000000,0,0,1393.2923966156,-1893.0171576544
2022-03-05,RUB_TJS,20,0.0000000000,True,6.6389300000,8.3584309756,7.9353700000,0,0,1525.5987603496,-1202.9758064933
2022-03-06,RUB_TJS,20,0.0000000000,True,6.6389300000,8.3827295122,7.6351700000,0,0,1846.1906485845,-1170.5023839520
2022-03-10,RUB_TJS,20,0.0000000000,True,6.7126900000,8.4707719512,7.1320500000,0,0,2013.0151552311,-541.6484488340
2022-03-11,RUB_TJS,20,0.0000000000,True,6.7135000000,8.4890065854,7.1320500000,0,0,3316.9819807157,-2571.4356476024
2022-03-12,RUB_TJS,20,0.0000000000,True,6.4359300000,8.4822365854,6.4359300000,0,0,3784.7727206884,-2207.9829957412
2022-03-15,RUB_TJS,20,0.0000000000,True,6.4359300000,8.4600568293,6.4359300000,0,0,3229.7125857604,-1236.4966238911
2022-03-16,RUB_TJS,20,0.0000000000,True,6.4359300000,8.4493553659,6.4359300000,0,0,3493.1913331925,-1706.3013350968
2022-03-17,RUB_TJS,20,0.0000000000,True,6.4359300000,8.4381831707,6.4359300000,0,0,2778.8573954684,-562.2499768835
2022-03-18,RUB_TJS,20,0.0000000000,True,6.4359300000,8.4114675610,6.4359300000,0,0,2960.9655262928,-869.9224406680
2022-03-19,RUB_TJS,20,0.0000000000,True,6.1003800000,8.3799158537,6.1003800000,0,0,3147.2496908029,-623.1257633852
2022-03-22,RUB_TJS,20,0.0000000000,True,5.9880100000,8.2552609756,5.9880100000,0,0,3320.3525884148,-859.2084810957
2022-03-23,RUB_TJS,20,0.0000000000,True,5.9880100000,8.2114290244,5.9880100000,0,0,3284.3341767155,-858.6215304493
2022-03-24,RUB_TJS,20,0.0000000000,True,5.9880100000,8.1439446341,5.9880100000,0,0,2974.5403775533,-465.8128006704
2022-03-25,RUB_TJS,20,0.0000000000,True,5.9880100000,8.0583934146,5.9880100000,0,0,2454.0254581702,152.6649399007
2022-03-26,RUB_TJS,20,0.0000000000,True,5.9880100000,7.9885204878,5.9880100000,0,0,2157.3324497032,442.3228160262
2022-03-29,RUB_TJS,20,0.0000000000,True,5.9880100000,7.7718546341,5.9880100000,0,0,2541.5489089480,-330.2112274799
2022-03-30,RUB_TJS,20,0.0000000000,True,5.9880100000,7.6984031707,5.9880100000,0,0,1604.0829775450,735.6761631878
2022-03-31,RUB_TJS,20,0.0000000000,True,5.9880100000,7.6347180488,5.9880100000,0,0,1973.5104841488,228.4407199665
2022-04-01,RUB_TJS,20,0.0000000000,True,5.9880100000,7.5247392683,5.9880100000,0,0,695.9677933104,1446.9727514422
2022-04-02,RUB_TJS,20,0.0000000000,True,5.9880100000,7.4184275610,5.9880100000,0,0,701.9488918599,1318.8206704642
2022-04-05,RUB_TJS,20,0.0000000000,True,5.8768700000,7.1114585366,5.8768700000,0,0,1212.1044462322,596.2188127851
2022-04-06,RUB_TJS,20,0.0000000000,True,5.8653700000,7.0132707317,5.8653700000,0,0,1203.9153229677,492.0824318774
2022-04-07,RUB_TJS,20,0.0000000000,True,5.8132200000,6.9376756098,5.8132200000,0,0,1202.3548284577,475.6284789275
2022-04-08,RUB_TJS,20,0.0000000000,True,5.8132200000,6.8569253659,5.8132200000,0,0,470.7247745222,1103.3303200603
2022-04-09,RUB_TJS,20,0.0000000000,True,5.7859400000,6.7809217073,5.7859400000,0,0,337.4576862764,1169.3273297367
2022-04-12,RUB_TJS,20,0.0000000000,True,5.6841700000,6.5439404878,5.6841700000,0,0,1024.1963627291,322.6962228621
2022-04-13,RUB_TJS,20,0.0000000000,True,5.6841700000,6.4651036585,5.6841700000,0,0,1076.9223523945,146.8091828833
2022-04-14,RUB_TJS,20,0.0000000000,True,5.6841700000,6.3958565854,5.6841700000,0,0,1112.2212684251,0.5731607033
2022-04-15,RUB_TJS,20,0.0000000000,True,5.5555000000,6.3378109756,5.5555000000,0,0,1451.9459497718,-254.5500725899
2022-04-16,RUB_TJS,20,0.0000000000,True,5.3011400000,6.2808834146,5.3011400000,0,0,1720.6297840174,-194.1551487514
2022-04-19,RUB_TJS,20,0.0000000000,True,5.3011400000,6.1072217073,5.3011400000,0,0,1654.9283580116,-401.4890967347
2022-04-20,RUB_TJS,20,0.0000000000,True,5.3011400000,6.0648034146,5.3011400000,0,0,1610.1289863100,-418.3096598872
2022-04-21,RUB_TJS,20,0.0000000000,True,5.3011400000,6.0143787805,5.3011400000,0,0,1398.1212993508,-246.7274259373
2022-04-22,RUB_TJS,20,0.0000000000,True,5.3011400000,5.9917785366,5.3011400000,0,0,1159.3443978974,-7.5794914430
2022-04-23,RUB_TJS,20,0.0000000000,True,5.2654300000,5.9631287805,5.2654300000,0,0,1040.4177734066,144.6535596717
2022-04-26,RUB_TJS,20,0.0000000000,True,5.1044300000,5.8593651220,5.1044300000,0,0,1297.3435605938,-10.2483424805
2022-04-27,RUB_TJS,20,0.0000000000,True,5.0775900000,5.8205707317,5.0775900000,0,0,1265.4432483202,12.6288847712
2022-04-28,RUB_TJS,20,0.0000000000,True,5.0775900000,5.7834429268,5.0775900000,0,0,1294.2267730144,-84.7195585582
2022-04-29,RUB_TJS,20,0.0000000000,True,5.0775900000,5.7587307317,5.0775900000,0,0,1224.2608806866,-47.2487246936
2022-04-30,RUB_TJS,20,0.0000000000,True,4.9942500000,5.7344926829,4.9942500000,0,0,1213.7568017846,87.7543763839
2022-05-05,RUB_TJS,20,0.0000000000,True,4.7298200000,5.5577490244,4.7298200000,0,0,1486.2388623886,4.0466461878
2022-05-06,RUB_TJS,20,0.0000000000,True,4.7298200000,5.5196860976,4.7298200000,0,0,1077.7304504314,395.9393590471
2022-05-07,RUB_TJS,20,0.0000000000,True,4.7298200000,5.4962741463,4.7298200000,0,0,1229.5425466817,188.0804042685
2022-05-12,RUB_TJS,20,0.0000000000,True,4.7298200000,5.4175934146,4.7298200000,0,0,1414.8751570067,-169.3124203785
2022-05-13,RUB_TJS,20,0.0000000000,True,4.7298200000,5.4028634146,4.7298200000,0,0,1017.2198661838,254.3714398959
2022-05-14,RUB_TJS,20,0.0000000000,True,4.7298200000,5.3912646341,4.7298200000,0,0,733.8919330856,532.0359017987
2022-05-17,RUB_TJS,20,0.0000000000,True,4.7298200000,5.3592578049,4.7298200000,0,0,684.9115426807,525.5724115785
2022-05-18,RUB_TJS,20,0.0000000000,True,4.7298200000,5.3482151220,4.7298200000,0,0,699.3271011865,491.2949759122
2022-05-19,RUB_TJS,20,0.0000000000,True,4.7298200000,5.3363765854,4.7298200000,0,0,702.4717033799,466.9771358514
2022-05-20,RUB_TJS,20,0.0000000000,True,4.7298200000,5.3252543902,4.7298200000,0,0,529.4688892226,621.5747943428
2022-05-21,RUB_TJS,20,0.0000000000,True,4.7298200000,5.3126456098,4.7298200000,1,1,0.0000000000,1097.0534316948
2022-05-24,RUB_TJS,20,0.0000000000,True,4.7298200000,5.2708600000,4.8278800000,0,1,0.0000000000,873.1402465632
2022-05-25,RUB_TJS,20,0.0000000000,True,4.7298200000,5.2569314634,4.9385600000,0,1,0.0000000000,816.1633196107
2022-05-26,RUB_TJS,20,0.0000000000,True,4.7298200000,5.2463363415,5.1131000000,0,1,0.0000000000,586.6500381056
2022-05-27,RUB_TJS,20,0.0000000000,True,4.7298200000,5.2423619512,5.1131000000,0,0,605.9960242075,-382.6100728009
2022-05-28,RUB_TJS,20,0.0000000000,True,4.7298200000,5.2367092683,5.1131000000,0,0,1221.8746673717,-1123.0540050566
2022-05-31,RUB_TJS,20,0.0000000000,True,4.7298200000,5.2227160976,5.1131000000,0,0,762.0233176208,-597.6849911195
2022-06-01,RUB_TJS,20,0.0000000000,True,4.7298200000,5.2181692683,5.1131000000,0,0,538.4975509381,-356.3332696721
2022-06-02,RUB_TJS,20,0.0000000000,True,4.7298200000,5.2096402439,5.1131000000,0,0,517.9336064343,-350.7915087063
2022-06-03,RUB_TJS,20,0.0000000000,True,4.7298200000,5.2037836585,5.0253100000,0,0,696.1446461235,-379.6013716661
2022-06-04,RUB_TJS,20,0.0000000000,True,4.7298200000,5.2022641463,5.0253100000,0,0,754.8370836024,-448.5467233005
2022-06-07,RUB_TJS,20,0.0000000000,True,4.7298200000,5.1987890244,5.0253100000,0,0,625.2436819906,-310.9973781418
2022-06-08,RUB_TJS,20,0.0000000000,True,4.7298200000,5.1979456098,5.0253100000,0,0,601.7325408729,-286.8717786581
2022-06-09,RUB_TJS,20,0.0000000000,True,4.7298200000,5.1961502439,5.0135700000,0,0,593.5537614941,-257.4593686057
2022-06-10,RUB_TJS,20,0.0000000000,True,4.7298200000,5.1925719512,4.8475400000,0,0,618.6510708874,48.8427535675
2022-06-11,RUB_TJS,20,0.0000000000,True,4.7298200000,5.1985224390,4.8475400000,0,0,519.3718096654,164.3206123016
2022-06-15,RUB_TJS,20,0.0000000000,True,4.8475400000,5.2328029268,4.8475400000,0,0,534.1821093125,213.4667182984
2022-06-16,RUB_TJS,20,0.0000000000,True,4.8475400000,5.2488458537,4.8475400000,0,0,565.6661197815,210.8194005762
2022-06-17,RUB_TJS,20,0.0000000000,True,4.8475400000,5.2628492683,4.8475400000,0,0,607.6176968654,193.2589422719
2022-06-18,RUB_TJS,20,0.0000000000,True,4.8475400000,5.2663526829,4.8475400000,0,0,680.7826732235,122.8415315529
2022-06-21,RUB_TJS,20,0.0000000000,True,4.8475400000,5.2709895122,4.8475400000,0,0,689.4101196970,122.3859619638
2022-06-22,RUB_TJS,20,0.0000000000,True,4.8475400000,5.2813656098,4.8475400000,0,0,604.8689537816,230.5002507897
2022-06-23,RUB_TJS,20,0.0000000000,True,4.8475400000,5.2863443902,4.8475400000,0,0,353.7493209374,493.7899822146
2022-06-24,RUB_TJS,20,0.0000000000,True,4.8475400000,5.2907004878,4.8475400000,0,0,385.9281692459,469.8252875547
2022-06-25,RUB_TJS,20,0.0000000000,True,4.8475400000,5.2935939024,4.8475400000,0,0,397.0887422519,463.9643821674
2022-06-28,RUB_TJS,20,0.0000000000,True,4.8475400000,5.3033539024,4.8475400000,0,0,402.5833122149,476.0645943747
2022-06-29,RUB_TJS,20,0.0000000000,True,4.8475400000,5.3055002439,4.8475400000,0,0,331.1612284261,550.2407510733
2022-06-30,RUB_TJS,20,0.0000000000,True,4.8475400000,5.3057665854,4.9737900000,1,1,0.0000000000,863.6387937414
2022-07-01,RUB_TJS,20,0.0000000000,True,4.8475400000,5.3090039024,5.0885900000,0,1,0.0000000000,631.4063967537
2022-07-02,RUB_TJS,20,0.0000000000,True,4.8475400000,5.3183946341,5.0885900000,0,1,0.0000000000,432.0939869165
2022-07-05,RUB_TJS,20,0.0000000000,True,4.8475400000,5.3531243902,5.2999400000,0,1,0.0000000000,215.2656688754
2022-07-06,RUB_TJS,20,0.0000000000,True,4.8475400000,5.3654597561,5.2999400000,0,0,529.5980215570,-430.2711312671
2022-07-07,RUB_TJS,20,0.0000000000,True,4.8475400000,5.3794780488,5.2999400000,0,0,1191.8405605377,-1185.2487275491
2022-07-08,RUB_TJS,20,0.0000000000,True,4.8475400000,5.3966543902,5.2999400000,0,0,1120.0879288795,-1059.5557328811
2022-07-09,RUB_TJS,20,0.0000000000,True,4.8475400000,5.4128112195,5.2999400000,0,0,848.8243196110,-699.6896162248
2022-07-12,RUB_TJS,20,0.0000000000,True,4.8475400000,5.4690541463,5.2999400000,0,0,908.4608879275,-659.1191895580
2022-07-13,RUB_TJS,20,0.0000000000,True,4.8475400000,5.4906253659,5.2999400000,0,0,529.9364605147,-192.8644318094
2022-07-14,RUB_TJS,20,0.0000000000,True,4.8475400000,5.5109951220,5.2999400000,0,0,501.7634661429,-125.0679351434
2022-07-15,RUB_TJS,20,0.0000000000,True,4.8475400000,5.5311578049,5.2999400000,0,0,457.8484185055,-41.7312178322
2022-07-16,RUB_TJS,20,0.0000000000,True,4.8475400000,5.5512475610,5.2999400000,0,0,440.1374471270,13.1458035252
2022-07-19,RUB_TJS,20,0.0000000000,True,4.8475400000,5.6123046341,5.2999400000,0,0,248.6081110420,315.8143502545
2022-07-20,RUB_TJS,20,0.0000000000,True,4.8475400000,5.6334075610,5.2999400000,0,0,76.5982942790,519.3261055746
2022-07-21,RUB_TJS,20,0.0000000000,True,4.9737900000,5.6587187805,5.4981200000,0,1,0.0000000000,634.0282922787
2022-07-22,RUB_TJS,20,0.0000000000,True,5.0885900000,5.6811236585,5.5877400000,0,1,0.0000000000,322.1258144269
2022-07-23,RUB_TJS,20,0.0000000000,True,5.0885900000,5.7011436585,5.5877400000,0,1,0.0000000000,198.9138764584
2022-07-26,RUB_TJS,20,0.0000000000,True,5.2999400000,5.7595209756,5.7129400000,0,1,0.0000000000,230.3507117547
2022-07-27,RUB_TJS,20,0.0000000000,True,5.2999400000,5.7689704878,5.8604700000,0,1,0.0000000000,97.1238939830
2022-07-28,RUB_TJS,20,0.0000000000,True,5.2999400000,5.7682451220,5.8604700000,0,0,8.3541191775,-168.3785553412
2022-07-29,RUB_TJS,20,0.0000000000,True,5.2999400000,5.7671180488,5.8604700000,0,0,6.1731658279,-168.1462914393
2022-07-30,RUB_TJS,20,0.0000000000,True,5.2999400000,5.7684126829,5.8446200000,0,0,213.1642754759,-352.7960433128
2022-08-02,RUB_TJS,20,0.0000000000,True,5.2999400000,5.7656502439,5.7664500000,0,0,459.2946782373,-482.8592514643
2022-08-03,RUB_TJS,20,0.0000000000,True,5.2999400000,5.7712702439,5.7664500000,0,0,160.4308186886,-154.5582728374
2022-08-04,RUB_TJS,20,0.0000000000,True,5.2999400000,5.7776860976,5.7664500000,0,0,174.3968102508,-157.6996411721
2022-08-05,RUB_TJS,20,0.0000000000,True,5.2999400000,5.7849687805,5.7664500000,0,0,179.1994441104,-149.8732712346
2022-08-06,RUB_TJS,20,0.0000000000,True,5.2999400000,5.7919751220,5.7664500000,0,0,198.7796172281,-157.8474978290
2022-08-09,RUB_TJS,20,0.0000000000,True,5.2999400000,5.8179519512,5.7664500000,0,0,191.0937454816,-104.5695277145
2022-08-10,RUB_TJS,20,0.0000000000,True,5.2999400000,5.8313246341,5.7664500000,0,0,201.9438261431,-92.5610718662
2022-08-11,RUB_TJS,20,0.0000000000,True,5.4981200000,5.8457160976,5.7664500000,0,0,213.7333068585,-79.8429168644
2022-08-12,RUB_TJS,20,0.0000000000,True,5.5877400000,5.8549668293,5.7664500000,0,0,241.9192440531,-92.9863008951
2022-08-13,RUB_TJS,20,0.0000000000,True,5.5877400000,5.8620446341,5.7664500000,0,0,285.9246181888,-126.4667372572
2022-08-16,RUB_TJS,20,0.0000000000,True,5.7129400000,5.8832826829,5.7664500000,0,0,363.1501984541,-170.7674481879
2022-08-17,RUB_TJS,20,0.0000000000,True,5.7664500000,5.8889265854,5.7664500000,0,0,368.9284390063,-167.1160494320
2022-08-18,RUB_TJS,20,0.0000000000,True,5.7664500000,5.8907360976,5.7664500000,0,0,263.0756891384,-53.4973930543
2022-08-19,RUB_TJS,20,0.0000000000,True,5.7664500000,5.8933809756,5.7664500000,0,0,133.7469330769,82.7385431411
2022-08-20,RUB_TJS,20,0.0000000000,True,5.7664500000,5.8925085366,5.7664500000,1,1,0.0000000000,213.9301721885
2022-08-23,RUB_TJS,20,0.0000000000,True,5.7664500000,5.8857641463,5.8312100000,0,1,0.0000000000,99.9430912943
2022-08-24,RUB_TJS,20,0.0000000000,True,5.7664500000,5.8867902439,5.8312100000,0,0,20.1267506080,74.4382627661
2022-08-25,RUB_TJS,20,0.0000000000,True,5.7664500000,5.8866975610,5.8312100000,0,0,36.9393951302,57.5323610986
2022-08-26,RUB_TJS,20,0.0000000000,True,5.7664500000,5.8858382927,5.8364400000,0,1,0.0000000000,92.8131048908
2022-08-27,RUB_TJS,20,0.0000000000,True,5.7664500000,5.8844575610,5.8267900000,0,0,61.2007839432,37.0256064384
2022-08-30,RUB_TJS,20,0.0000000000,True,5.7664500000,5.8830795122,5.8267900000,0,0,105.8560432526,-10.2845589497
2022-08-31,RUB_TJS,20,0.0000000000,True,5.7664500000,5.8828892683,5.8267900000,0,0,107.3006915122,-12.0701433998
2022-09-01,RUB_TJS,20,0.0000000000,True,5.7664500000,5.8821678049,5.8267900000,0,0,86.1095042025,8.1055233992
2022-09-02,RUB_TJS,20,0.0000000000,True,5.7664500000,5.8830712195,5.8267900000,0,0,87.0034178699,8.7390060741
2022-09-03,RUB_TJS,20,0.0000000000,True,5.7664500000,5.8808517073,5.8267900000,0,0,109.0471445571,-17.3075146076
2022-09-06,RUB_TJS,20,0.0000000000,True,5.6760500000,5.8606575610,5.6760500000,0,0,451.3369019942,-142.7867746132
2022-09-07,RUB_TJS,20,0.0000000000,True,5.6698900000,5.8529148780,5.6698900000,0,0,454.0235303625,-148.0375569380
2022-09-08,RUB_TJS,20,0.0000000000,True,5.6698900000,5.8472485366,5.6698900000,0,0,506.7199327588,-214.2571204743
2022-09-09,RUB_TJS,20,0.0000000000,True,5.6698900000,5.8441648780,5.6698900000,0,0,448.5398785408,-157.3965209242
2022-09-10,RUB_TJS,20,0.0000000000,True,5.6168900000,5.8405170732,5.6168900000,0,0,485.9590195451,-108.3344608646
2022-09-13,RUB_TJS,20,0.0000000000,True,5.4108300000,5.8130207317,5.4108300000,0,0,833.0481453747,-153.9978479767
2022-09-14,RUB_TJS,20,0.0000000000,True,5.4108300000,5.8078926829,5.4108300000,0,0,774.3734015345,-98.3270872774
2022-09-15,RUB_TJS,20,0.0000000000,True,5.4108300000,5.8054473171,5.4108300000,0,0,729.2287764459,-53.3855209325
2022-09-16,RUB_TJS,20,0.0000000000,True,5.4108300000,5.8049921951,5.4108300000,0,0,713.8750495556,-37.5501019560
2022-09-17,RUB_TJS,20,0.0000000000,True,5.4108300000,5.8057963415,5.4108300000,0,0,771.2735565058,-98.5802035938
2022-09-20,RUB_TJS,20,0.0000000000,True,5.4108300000,5.8147231707,5.4108300000,0,0,793.9940450872,-107.9618537720
2022-09-21,RUB_TJS,20,0.0000000000,True,5.4108300000,5.8197897561,5.4108300000,0,0,770.9272516080,-73.9206151861
2022-09-22,RUB_TJS,20,0.0000000000,True,5.4108300000,5.8284365854,5.4108300000,0,0,900.7390964357,-202.4786800125
2022-09-23,RUB_TJS,20,0.0000000000,True,5.4108300000,5.8372421951,5.4108300000,0,0,743.0908885612,-13.5985532426
2022-09-24,RUB_TJS,20,0.0000000000,True,5.4108300000,5.8450975610,5.4108300000,0,0,467.2615639397,289.2125566975
2022-09-27,RUB_TJS,20,0.0000000000,True,5.4108300000,5.8642426829,5.4108300000,0,0,456.9048076770,331.4199180274
2022-09-28,RUB_TJS,20,0.0000000000,True,5.4108300000,5.8667965854,5.4108300000,0,0,490.5157005446,301.4704580129
2022-09-29,RUB_TJS,20,0.0000000000,True,5.4108300000,5.8684100000,5.4108300000,0,0,537.5127444174,255.9807511745
2022-09-30,RUB_TJS,20,0.0000000000,True,5.4108300000,5.8706517073,5.4108300000,0,0,366.8578163361,432.2547478005
2022-10-01,RUB_TJS,20,0.0000000000,True,5.4108300000,5.8734839024,5.4108300000,1,1,0.0000000000,787.6992771648
2022-10-04,RUB_TJS,20,0.0000000000,True,5.4108300000,5.8798195122,5.7525700000,0,1,0.0000000000,420.2501653029
2022-10-05,RUB_TJS,20,0.0000000000,True,5.4108300000,5.8827958537,5.8125500000,0,1,0.0000000000,221.3672833429
2022-10-06,RUB_TJS,20,0.0000000000,True,5.4108300000,5.8868797561,5.8956400000,0,1,0.0000000000,126.2634182745
2022-10-07,RUB_TJS,20,0.0000000000,True,5.4108300000,5.8914287805,5.9870300000,0,1,0.0000000000,-7.1480445052
2022-10-08,RUB_TJS,20,0.0000000000,True,5.4108300000,5.8949297561,5.9870300000,0,0,10.7783611886,-167.1949420610
2022-10-11,RUB_TJS,20,0.0000000000,True,5.4108300000,5.9063360976,5.9870300000,0,0,181.5268657793,-324.0315134082
2022-10-12,RUB_TJS,20,0.0000000000,True,5.4108300000,5.9104800000,5.9870300000,0,0,392.9607568775,-543.8475386094
2022-10-13,RUB_TJS,20,0.0000000000,True,5.4108300000,5.9121173171,5.9870300000,0,0,403.8012745714,-552.8352456454
2022-10-14,RUB_TJS,20,0.0000000000,True,5.4108300000,5.9166826829,5.9870300000,0,0,363.8602308027,-500.9856586166
2022-10-15,RUB_TJS,20,0.0000000000,True,5.4108300000,5.9265143902,5.9870300000,0,0,297.2554675915,-411.6004681566
2022-10-18,RUB_TJS,20,0.0000000000,True,5.4108300000,5.9561597561,5.9870300000,0,0,94.7012625181,-147.9312971957
2022-10-19,RUB_TJS,20,0.0000000000,True,5.4108300000,5.9636239024,5.9870300000,0,0,85.5319374433,-125.8565241351
2022-10-20,RUB_TJS,20,0.0000000000,True,5.4108300000,5.9697795122,5.9705700000,0,0,95.3706499272,-97.6258632096
2022-10-21,RUB_TJS,20,0.0000000000,True,5.4108300000,5.9786114634,5.9705700000,0,0,81.9613582263,-69.0771374559
2022-10-22,RUB_TJS,20,0.0000000000,True,5.4108300000,5.9929117073,5.9705700000,0,0,32.3708338620,4.9253308929
2022-10-25,RUB_TJS,20,0.0000000000,True,5.7525700000,6.0230526829,5.8967200000,0,0,150.8427383861,59.8080156744
2022-10-26,RUB_TJS,20,0.0000000000,True,5.8125500000,6.0270048780,5.8967200000,0,0,178.4845799716,38.3687727432
2022-10-27,RUB_TJS,20,0.0000000000,True,5.8956400000,6.0292943902,5.8967200000,0,0,193.8702542697,26.5277977963
2022-10-28,RUB_TJS,20,0.0000000000,True,5.8967200000,6.0296507317,5.8967200000,0,0,182.8830763647,38.2787208319
2022-10-29,RUB_TJS,20,0.0000000000,True,5.8967200000,6.0277185366,5.8967200000,0,0,210.8656748133,6.6004020613
2022-11-01,RUB_TJS,20,0.0000000000,True,5.8967200000,6.0192700000,5.8967200000,0,0,225.4210794154,-22.3282889786
2022-11-02,RUB_TJS,20,0.0000000000,True,5.8967200000,6.0123660976,5.8967200000,0,0,194.3268402516,-2.0190095203
2022-11-03,RUB_TJS,20,0.0000000000,True,5.8967200000,6.0050963415,5.8967200000,0,0,224.8539543396,-45.4008678401
2022-11-04,RUB_TJS,20,0.0000000000,True,5.8967200000,5.9980934146,5.8967200000,0,0,300.0912956581,-135.1372507272
2022-11-08,RUB_TJS,20,0.0000000000,True,5.8967200000,5.9768629268,5.8967200000,0,0,165.5114443725,-31.9516666260
2022-11-09,RUB_TJS,20,0.0000000000,True,5.8967200000,5.9747058537,5.8967200000,0,0,123.6900329449,6.9222715893
2022-11-10,RUB_TJS,20,0.0000000000,True,5.8967200000,5.9735775610,5.8967200000,0,0,137.6149857836,-9.0773727620
2022-11-11,RUB_TJS,20,0.0000000000,True,5.8967200000,5.9721848780,5.8967200000,0,0,167.4464828235,-41.7855817608
2022-11-12,RUB_TJS,20,0.0000000000,True,5.8967200000,5.9721619512,5.8967200000,1,1,0.0000000000,126.3226815276
2022-11-15,RUB_TJS,20,0.0000000000,True,5.8967200000,5.9766580488,5.9064200000,0,0,13.8470668396,103.8172976839
2022-11-16,RUB_TJS,20,0.0000000000,True,5.8967200000,5.9787729268,5.9102500000,0,1,0.0000000000,121.0163485296
2022-11-17,RUB_TJS,20,0.0000000000,True,5.8967200000,5.9823909756,5.9127700000,0,1,0.0000000000,120.5888680694
2022-11-18,RUB_TJS,20,0.0000000000,True,5.8967200000,5.9862887805,5.9127700000,0,0,2.5362386229,120.3062249896
2022-11-19,RUB_TJS,20,0.0000000000,True,5.8967200000,5.9889000000,5.9127700000,0,1,0.0000000000,127.1185025631
2022-11-22,RUB_TJS,20,0.0000000000,True,5.8967200000,5.9951246341,5.9144600000,0,0,57.8262053570,77.1704292565
2022-11-23,RUB_TJS,20,0.0000000000,True,5.8967200000,5.9984356098,5.9144600000,0,0,44.5050413237,95.9176917104
2022-11-24,RUB_TJS,20,0.0000000000,True,5.8967200000,6.0023553659,5.9144600000,0,0,19.4398226116,127.2423260511
2022-11-25,RUB_TJS,20,0.0000000000,True,5.8967200000,6.0054880488,5.9235700000,0,1,0.0000000000,151.5747730095
2022-11-26,RUB_TJS,20,0.0000000000,True,5.8967200000,6.0109060976,5.9235700000,0,1,0.0000000000,145.2960604332
2022-11-29,RUB_TJS,20,0.0000000000,True,5.8967200000,6.0313990244,5.9628100000,0,1,0.0000000000,134.5608606926
2022-11-30,RUB_TJS,20,0.0000000000,True,5.8967200000,6.0443600000,5.9628100000,0,0,31.7462971012,103.5014459761
2022-12-01,RUB_TJS,20,0.0000000000,True,5.8967200000,6.0634160976,5.9890200000,0,1,0.0000000000,165.9231297048
2022-12-02,RUB_TJS,20,0.0000000000,True,5.8967200000,6.0856448780,6.0504300000,0,1,0.0000000000,158.7750846214
2022-12-03,RUB_TJS,20,0.0000000000,True,5.8967200000,6.1141424390,6.0504300000,0,1,0.0000000000,104.2050290123
2022-12-06,RUB_TJS,20,0.0000000000,True,5.9064200000,6.1745168293,6.1118000000,0,1,0.0000000000,135.9245291396
2022-12-07,RUB_TJS,20,0.0000000000,True,5.9102500000,6.1940458537,6.1118000000,0,0,80.8875559104,52.3177490515
2022-12-08,RUB_TJS,20,0.0000000000,True,5.9127700000,6.2171080488,6.1118000000,0,0,88.5122227304,81.5942852890
2022-12-09,RUB_TJS,20,0.0000000000,True,5.9127700000,6.2432587805,6.1118000000,0,0,30.9910615254,180.1283343232
2022-12-10,RUB_TJS,20,0.0000000000,True,5.9127700000,6.2711380488,6.1118000000,0,1,0.0000000000,254.0815519306
2022-12-13,RUB_TJS,20,0.0000000000,True,5.9144600000,6.3420704878,6.1930700000,0,1,0.0000000000,303.9078297466
2022-12-14,RUB_TJS,20,0.0000000000,True,5.9144600000,6.3653219512,6.2075900000,0,1,0.0000000000,270.6099589927
2022-12-15,RUB_TJS,20,0.0000000000,True,5.9144600000,6.3889373171,6.3012900000,0,1,0.0000000000,283.8458229799
2022-12-16,RUB_TJS,20,0.0000000000,True,5.9235700000,6.4128336585,6.3314900000,0,1,0.0000000000,173.9381753464
2022-12-17,RUB_TJS,20,0.0000000000,True,5.9235700000,6.4365078049,6.3314900000,0,1,0.0000000000,163.1596015443
2022-12-20,RUB_TJS,20,0.0000000000,True,5.9628100000,6.5068797561,6.7071100000,0,1,0.0000000000,7.5454845972
2022-12-21,RUB_TJS,20,0.0000000000,True,5.9628100000,6.5288307317,6.7071100000,0,0,78.6799402393,-354.5340319034
2022-12-22,RUB_TJS,20,0.0000000000,True,5.9890200000,6.5494329268,6.7071100000,0,0,291.5385639761,-548.2720064202
2022-12-23,RUB_TJS,20,0.0000000000,True,6.0504300000,6.5679131707,6.7071100000,0,0,506.7288312159,-757.0240597637
2022-12-24,RUB_TJS,20,0.0000000000,True,6.0504300000,6.5818348780,6.6212200000,0,0,158.4173132376,-221.7696503418
2022-12-27,RUB_TJS,20,0.0000000000,True,6.1118000000,6.6209756098,6.5987400000,0,0,161.5748064368,-130.0931997348
2022-12-28,RUB_TJS,20,0.0000000000,True,6.1118000000,6.6333231707,6.5987400000,0,0,374.9525948832,-335.3927187657
2022-12-29,RUB_TJS,20,0.0000000000,True,6.1118000000,6.6462668293,6.5987400000,0,0,554.9456447838,-511.8409770033
2022-12-30,RUB_TJS,20,0.0000000000,True,6.1118000000,6.6604414634,6.5987400000,0,0,647.8056413004,-593.6221176286
2022-12-31,RUB_TJS,20,0.0000000000,True,6.1118000000,6.6750175610,6.5987400000,0,0,428.5770233283,-328.3773218903
2023-01-10,RUB_TJS,20,0.0000000000,True,6.5987400000,6.7858575610,6.5987400000,0,0,411.3028732350,-141.3711357222
2023-01-11,RUB_TJS,20,0.0000000000,True,6.5987400000,6.7860004878,6.5987400000,0,0,306.6617701065,-31.6821553929
2023-01-12,RUB_TJS,20,0.0000000000,True,6.5987400000,6.7846139024,6.5987400000,0,0,219.3217138427,55.8674421037
2023-01-13,RUB_TJS,20,0.0000000000,True,6.5987400000,6.7783329268,6.5987400000,0,0,33.9514470143,231.7869725864
2023-01-14,RUB_TJS,20,0.0000000000,True,6.5987400000,6.7800134146,6.5987400000,1,1,0.0000000000,267.3643893431
2023-01-17,RUB_TJS,20,0.0000000000,True,6.5987400000,6.7877407317,6.6848600000,0,1,0.0000000000,176.5694012847
2023-01-18,RUB_TJS,20,0.0000000000,True,6.5987400000,6.7874590244,6.6848600000,0,0,18.2318536315,133.1706372966
2023-01-19,RUB_TJS,20,0.0000000000,True,6.5987400000,6.7845509756,6.6848600000,0,0,40.3756875786,106.9945172064
2023-01-20,RUB_TJS,20,0.0000000000,True,6.5987400000,6.7813639024,6.6848600000,0,0,36.6052505284,106.0906087242
2023-01-21,RUB_TJS,20,0.0000000000,True,6.5987400000,6.7847704878,6.6848600000,0,0,7.9967594440,139.3716824686
2023-01-24,RUB_TJS,20,0.0000000000,True,6.5987400000,6.7933848780,6.6937600000,0,1,0.0000000000,159.7508164147
2023-01-25,RUB_TJS,20,0.0000000000,True,6.5987400000,6.7980080488,6.7136600000,0,1,0.0000000000,153.3508757748
2023-01-26,RUB_TJS,20,0.0000000000,True,6.5987400000,6.8028285366,6.7241500000,0,1,0.0000000000,131.0756784561
2023-01-27,RUB_TJS,20,0.0000000000,True,6.5987400000,6.8081463415,6.7429000000,0,1,0.0000000000,123.3762279049
2023-01-28,RUB_TJS,20,0.0000000000,True,6.5987400000,6.8141848780,6.7429000000,0,1,0.0000000000,104.6124801785
2023-01-31,RUB_TJS,20,0.0000000000,True,6.5987400000,6.8300300000,6.7967000000,0,1,0.0000000000,93.5134984766
2023-02-01,RUB_TJS,20,0.0000000000,True,6.5987400000,6.8342663415,6.7967000000,0,0,80.2286157973,-25.4652916159
2023-02-02,RUB_TJS,20,0.0000000000,True,6.5987400000,6.8406107317,6.7967000000,0,0,16.0115165403,48.2569948825
2023-02-03,RUB_TJS,20,0.0000000000,True,6.5987400000,6.8481195122,6.8265100000,0,1,0.0000000000,75.0855940869
2023-02-04,RUB_TJS,20,0.0000000000,True,6.5987400000,6.8561765854,6.8265100000,0,1,0.0000000000,43.2698676828
2023-02-07,RUB_TJS,20,0.0000000000,True,6.6848600000,6.8786612195,6.8672200000,0,1,0.0000000000,50.0260420074
2023-02-08,RUB_TJS,20,0.0000000000,True,6.6848600000,6.8839890244,6.9155100000,0,1,0.0000000000,24.3594583472
2023-02-09,RUB_TJS,20,0.0000000000,True,6.6848600000,6.8876224390,6.8609300000,0,0,92.7344534053,-54.4855083272
2023-02-10,RUB_TJS,20,0.0000000000,True,6.6848600000,6.8921317073,6.8609300000,0,0,245.8813627756,-205.6668367676
2023-02-11,RUB_TJS,20,0.0000000000,True,6.6848600000,6.8976124390,6.8609300000,0,0,215.3612267076,-165.7494705397
2023-02-14,RUB_TJS,20,0.0000000000,True,6.6937600000,6.9141024390,6.8609300000,0,0,314.5645815217,-245.3790097440
2023-02-15,RUB_TJS,20,0.0000000000,True,6.7136600000,6.9195041463,6.8609300000,0,0,325.6132038890,-249.0725491503
2023-02-16,RUB_TJS,20,0.0000000000,True,6.7241500000,6.9243897561,6.8609300000,0,0,353.3485934108,-271.2877964979
2023-02-17,RUB_TJS,20,0.0000000000,True,6.7429000000,6.9290195122,6.8609300000,0,0,393.2627534554,-307.0715668074
2023-02-18,RUB_TJS,20,0.0000000000,True,6.7429000000,6.9341990244,6.8609300000,0,0,345.7199062283,-248.6530527943
2023-02-21,RUB_TJS,20,0.0000000000,True,6.7967000000,6.9494007317,6.8609300000,0,0,172.2628950079,-45.7438986755
2023-02-22,RUB_TJS,20,0.0000000000,True,6.7967000000,6.9509365854,6.8609300000,0,0,208.2254029283,-80.4113430582
2023-02-23,RUB_TJS,20,0.0000000000,True,6.7967000000,6.9529402439,6.8609300000,0,0,98.3536053848,34.3167682526
2023-02-28,RUB_TJS,20,0.0000000000,True,6.8609300000,6.9744363415,6.8609300000,0,0,78.9240417554,84.4890376490
2023-03-01,RUB_TJS,20,0.0000000000,True,6.8609300000,6.9795741463,6.8897500000,1,1,0.0000000000,169.9876580631
2023-03-02,RUB_TJS,20,0.0000000000,True,6.8609300000,6.9823941463,6.8897500000,0,0,6.5996547873,126.1661036245
2023-03-03,RUB_TJS,20,0.0000000000,True,6.8609300000,6.9828275610,6.8897500000,0,0,36.3995534294,97.2493741004
2023-03-04,RUB_TJS,20,0.0000000000,True,6.8609300000,6.9823412195,6.8897500000,0,0,34.7710879272,98.1779855167
2023-03-07,RUB_TJS,20,0.0000000000,True,6.8609300000,6.9800736585,6.8897500000,0,0,36.8462075737,92.8982439280
2023-03-08,RUB_TJS,20,0.0000000000,True,6.8609300000,6.9782139024,6.8897500000,0,0,35.0305251541,92.0635327853
2023-03-10,RUB_TJS,20,0.0000000000,True,6.8609300000,6.9737726829,6.8897500000,0,0,94.1877082956,26.5461519446
2023-03-11,RUB_TJS,20,0.0000000000,True,6.8609300000,6.9727165854,6.8897500000,0,0,98.6719667280,20.5179504870
2023-03-14,RUB_TJS,20,0.0000000000,True,6.8609300000,6.9741968293,6.8897500000,0,0,35.9960894566,85.3959684911
2023-03-15,RUB_TJS,20,0.0000000000,True,6.8609300000,6.9775024390,6.9408100000,0,1,0.0000000000,125.7648274454
2023-03-16,RUB_TJS,20,0.0000000000,True,6.8609300000,6.9858465854,6.9920000000,0,1,0.0000000000,64.4683286636
2023-03-17,RUB_TJS,20,0.0000000000,True,6.8609300000,6.9945031707,6.9920000000,0,0,13.9393523914,-10.3750460771
2023-03-18,RUB_TJS,20,0.0000000000,True,6.8609300000,7.0057843902,6.9920000000,0,0,39.5313223405,-19.9343984601
2023-03-21,RUB_TJS,20,0.0000000000,True,6.8609300000,7.0515258537,6.9920000000,0,0,121.3218100926,-37.3594976296
2023-03-22,RUB_TJS,20,0.0000000000,True,6.8897500000,7.0668668293,6.9920000000,0,0,69.2679919952,36.9284293857
2023-03-23,RUB_TJS,20,0.0000000000,True,6.8897500000,7.0823712195,6.9920000000,0,0,84.5901313877,43.3770252363
2023-03-24,RUB_TJS,20,0.0000000000,True,6.8897500000,7.0971775610,7.0048900000,0,1,0.0000000000,148.1963218082
2023-03-25,RUB_TJS,20,0.0000000000,True,6.8897500000,7.1110765854,7.0048900000,0,1,0.0000000000,149.3256106739
2023-03-28,RUB_TJS,20,0.0000000000,True,6.8897500000,7.1516000000,7.0183400000,0,1,0.0000000000,190.1672353040
2023-03-29,RUB_TJS,20,0.0000000000,True,6.8897500000,7.1653909756,7.0536000000,0,1,0.0000000000,205.2239383870
2023-03-30,RUB_TJS,20,0.0000000000,True,6.8897500000,7.1791224390,7.0633200000,0,1,0.0000000000,174.8437083926
2023-03-31,RUB_TJS,20,0.0000000000,True,6.8897500000,7.1919631707,7.0850400000,0,1,0.0000000000,178.8707306723
2023-04-01,RUB_TJS,20,0.0000000000,True,6.8897500000,7.2046397561,7.0850400000,0,1,0.0000000000,166.0037977559
2023-04-04,RUB_TJS,20,0.0000000000,True,6.8897500000,7.2428392683,7.2711900000,0,1,0.0000000000,138.7291151587
2023-04-05,RUB_TJS,20,0.0000000000,True,6.9408100000,7.2564178049,7.2840000000,0,1,0.0000000000,-20.3574208641
2023-04-06,RUB_TJS,20,0.0000000000,True,6.9920000000,7.2693663415,7.3916100000,0,1,0.0000000000,-20.1305833950
2023-04-07,RUB_TJS,20,0.0000000000,True,6.9920000000,7.2810048780,7.4464700000,0,1,0.0000000000,-151.9091441412
2023-04-08,RUB_TJS,20,0.0000000000,True,6.9920000000,7.2920526829,7.4464700000,0,0,136.7208454917,-353.3124735596
2023-04-11,RUB_TJS,20,0.0000000000,True,6.9920000000,7.3167234146,7.3762900000,0,0,151.6974169249,-236.6996475765
2023-04-12,RUB_TJS,20,0.0000000000,True,6.9920000000,7.3249068293,7.3762900000,0,0,204.1041277666,-279.9669340671
2023-04-13,RUB_TJS,20,0.0000000000,True,6.9920000000,7.3316060976,7.3263200000,0,0,260.1176817806,-259.6619347872
2023-04-14,RUB_TJS,20,0.0000000000,True,7.0048900000,7.3382941463,7.2662100000,0,0,290.5534064260,-198.0785326396
2023-04-15,RUB_TJS,20,0.0000000000,True,7.0048900000,7.3431219512,7.2028300000,0,0,355.1912202451,-170.1838122949
2023-04-18,RUB_TJS,20,0.0000000000,True,7.0183400000,7.3453463415,7.0388600000,0,0,589.0044655988,-182.5014809443
2023-04-19,RUB_TJS,20,0.0000000000,True,7.0388600000,7.3458468293,7.0388600000,0,0,585.9333204939,-178.4861211771
2023-04-20,RUB_TJS,20,0.0000000000,True,7.0388600000,7.3454873171,7.0388600000,0,0,591.9352876942,-185.4780725169
2023-04-21,RUB_TJS,20,0.0000000000,True,7.0273400000,7.3446097561,7.0273400000,0,0,602.8362629795,-181.8207479187
2023-04-22,RUB_TJS,20,0.0000000000,True,6.9531500000,7.3413929268,6.9531500000,0,0,686.7643198123,-169.5687377198
2023-04-25,RUB_TJS,20,0.0000000000,True,6.9531500000,7.3392053659,6.9531500000,0,0,662.4884005442,-146.1529263718
2023-04-26,RUB_TJS,20,0.0000000000,True,6.9531500000,7.3386334146,6.9531500000,0,0,694.0187641367,-181.3233852239
2023-04-27,RUB_TJS,20,0.0000000000,True,6.9531500000,7.3397209756,6.9531500000,0,0,703.0274343690,-189.6789058506
2023-04-28,RUB_TJS,20,0.0000000000,True,6.9531500000,7.3399285366,6.9531500000,0,0,695.2765462597,-180.9029376142
2023-04-29,RUB_TJS,20,0.0000000000,True,6.9531500000,7.3346546341,6.9531500000,0,0,573.6488126145,-56.7652710733
2023-05-03,RUB_TJS,20,0.0000000000,True,6.9531500000,7.3144007317,6.9531500000,0,0,509.3553107153,-16.2956183697
2023-05-04,RUB_TJS,20,0.0000000000,True,6.9531500000,7.3100960976,6.9531500000,0,0,430.8435897118,60.0349119564
2023-05-05,RUB_TJS,20,0.0000000000,True,6.9531500000,7.3062802439,6.9531500000,0,0,346.6415283993,141.5908512253
2023-05-06,RUB_TJS,20,0.0000000000,True,6.9531500000,7.3028792683,6.9531500000,0,0,121.7668770227,361.5276366939
2023-05-11,RUB_TJS,20,0.0000000000,True,6.9531500000,7.2866351220,6.9531500000,0,0,105.5733748474,355.8502897587
2023-05-12,RUB_TJS,20,0.0000000000,True,6.9531500000,7.2852492683,7.0742500000,1,1,0.0000000000,455.8516202569
2023-05-13,RUB_TJS,20,0.0000000000,True,6.9531500000,7.2841007317,7.0742500000,0,1,0.0000000000,288.0942197763
2023-05-16,RUB_TJS,20,0.0000000000,True,6.9531500000,7.2805241463,7.3214600000,0,1,0.0000000000,45.0299259813
2023-05-17,RUB_TJS,20,0.0000000000,True,6.9531500000,7.2800563415,7.3214600000,0,0,9.7290201799,-66.6665974275
2023-05-18,RUB_TJS,20,0.0000000000,True,6.9531500000,7.2792334146,7.3214600000,0,0,106.2955735853,-166.0704891298
2023-05-19,RUB_TJS,20,0.0000000000,True,6.9531500000,7.2790270732,7.3214600000,0,0,16.3633537239,-74.7804978359
2023-05-20,RUB_TJS,20,0.0000000000,True,6.9531500000,7.2825963415,7.3214600000,0,1,0.0000000000,-53.3651141905
2023-05-23,RUB_TJS,20,0.0000000000,True,6.9531500000,7.2969985366,7.3268500000,0,1,0.0000000000,-37.6613251008
2023-05-24,RUB_TJS,20,0.0000000000,True,6.9531500000,7.3030180488,7.3268500000,0,0,25.3761151400,-58.1567112882
2023-05-25,RUB_TJS,20,0.0000000000,True,6.9531500000,7.3127104878,7.3268500000,0,0,0.4776722350,-19.8141471884
2023-05-26,RUB_TJS,20,0.0000000000,True,6.9531500000,7.3254782927,7.3268500000,0,0,2.4561140183,-4.3296931481
2023-05-27,RUB_TJS,20,0.0000000000,True,6.9531500000,7.3414407317,7.3268500000,0,1,0.0000000000,19.8744800109
2023-05-30,RUB_TJS,20,0.0000000000,True,6.9531500000,7.3872412195,7.3929300000,0,1,0.0000000000,71.0159827645
2023-05-31,RUB_TJS,20,0.0000000000,True,6.9531500000,7.4032658537,7.4105300000,0,1,0.0000000000,13.9612082868
2023-06-01,RUB_TJS,20,0.0000000000,True,6.9531500000,7.4201200000,7.4105300000,0,0,14.5526475713,-1.6307013903
2023-06-02,RUB_TJS,20,0.0000000000,True,7.0742500000,7.4388095122,7.4105300000,0,0,11.1338911062,26.9122527769
2023-06-03,RUB_TJS,20,0.0000000000,True,7.0742500000,7.4531173171,7.4105300000,0,1,0.0000000000,57.1402746816
2023-06-06,RUB_TJS,20,0.0000000000,True,7.3214600000,7.4949870732,7.4452000000,0,0,9.8221809536,56.6606356437
2023-06-07,RUB_TJS,20,0.0000000000,True,7.3214600000,7.5054509756,7.4642500000,0,1,0.0000000000,80.2762896001
2023-06-08,RUB_TJS,20,0.0000000000,True,7.3214600000,7.5150331707,7.5226300000,0,1,0.0000000000,67.5754445496
2023-06-09,RUB_TJS,20,0.0000000000,True,7.3214600000,7.5275124390,7.5731200000,0,1,0.0000000000,6.4861254816
2023-06-10,RUB_TJS,20,0.0000000000,True,7.3214600000,7.5434465854,7.5731200000,0,1,0.0000000000,-39.3366802540
2023-06-14,RUB_TJS,20,0.0000000000,True,7.3268500000,7.6206843902,7.6608700000,0,0,3.5622944830,-56.3146399437
2023-06-15,RUB_TJS,20,0.0000000000,True,7.3268500000,7.6420019512,7.6608700000,0,0,84.6976111494,-110.3219409242
2023-06-16,RUB_TJS,20,0.0000000000,True,7.3268500000,7.6650314634,7.6608700000,0,0,42.1794491845,-36.9059627744
2023-06-17,RUB_TJS,20,0.0000000000,True,7.3268500000,7.6930663415,7.6608700000,0,0,5.1273353512,36.7426201839
2023-06-20,RUB_TJS,20,0.0000000000,True,7.3929300000,7.7710990244,7.6608700000,0,0,45.4789387035,96.8061585036
2023-06-21,RUB_TJS,20,0.0000000000,True,7.4105300000,7.7951370732,7.6608700000,0,0,74.4847350992,98.4935511076
2023-06-22,RUB_TJS,20,0.0000000000,True,7.4105300000,7.8162465854,7.6608700000,0,0,75.8476673118,123.8786216739
2023-06-23,RUB_TJS,20,0.0000000000,True,7.4105300000,7.8376785366,7.7043000000,0,1,0.0000000000,225.5878902918
2023-06-24,RUB_TJS,20,0.0000000000,True,7.4105300000,7.8583263415,7.7043000000,0,1,0.0000000000,196.0040023417
2023-06-27,RUB_TJS,20,0.0000000000,True,7.4452000000,7.9188380488,7.7929900000,0,1,0.0000000000,203.6006391182
2023-06-28,RUB_TJS,20,0.0000000000,True,7.4642500000,7.9392082927,7.8451100000,0,1,0.0000000000,184.1723850698
2023-06-29,RUB_TJS,20,0.0000000000,True,7.5226300000,7.9596773171,7.9747600000,0,1,0.0000000000,143.9346251228
2023-06-30,RUB_TJS,20,0.0000000000,True,7.5731200000,7.9798795122,8.0982600000,0,1,0.0000000000,6.4155256822
2023-07-01,RUB_TJS,20,0.0000000000,True,7.5731200000,7.9980685366,8.0982600000,0,1,0.0000000000,-125.2695734681
2023-07-04,RUB_TJS,20,0.0000000000,True,7.6608700000,8.0496260976,8.2012200000,0,1,0.0000000000,-168.0002285820
2023-07-05,RUB_TJS,20,0.0000000000,True,7.6608700000,8.0648290244,8.2515200000,0,1,0.0000000000,-169.1182481331
2023-07-06,RUB_TJS,20,0.0000000000,True,7.6608700000,8.0776026829,8.2500300000,0,0,27.5962605435,-241.7268151674
2023-07-07,RUB_TJS,20,0.0000000000,True,7.6608700000,8.0910836585,8.2460400000,0,0,271.6285917879,-476.0750941649
2023-07-08,RUB_TJS,20,0.0000000000,True,7.6608700000,8.1052153659,8.2442000000,0,0,180.7302100777,-358.6883519112
2023-07-11,RUB_TJS,20,0.0000000000,True,7.6608700000,8.1532404878,8.2442000000,0,0,160.2794775670,-276.2699230227
2023-07-12,RUB_TJS,20,0.0000000000,True,7.6608700000,8.1695702439,8.2442000000,0,0,51.4310676472,-143.5201027680
2023-07-13,RUB_TJS,20,0.0000000000,True,7.6608700000,8.1862007317,8.2442000000,0,0,64.2362157276,-135.9596129394
2023-07-14,RUB_TJS,20,0.0000000000,True,7.7043000000,8.2066382927,8.2442000000,0,0,15.6108265745,-61.4767040020
2023-07-15,RUB_TJS,20,0.0000000000,True,7.7043000000,8.2280480488,8.2442000000,0,0,8.8710928411,-28.5267551676
2023-07-18,RUB_TJS,20,0.0000000000,True,7.7929900000,8.2977760976,8.2442000000,0,0,43.6936469099,20.9647709898
2023-07-19,RUB_TJS,20,0.0000000000,True,7.8451100000,8.3231797561,8.2442000000,0,0,71.3917538189,23.6685457660
2023-07-20,RUB_TJS,20,0.0000000000,True,7.9747600000,8.3461629268,8.2442000000,0,0,127.7943029032,-5.6997128051
2023-07-21,RUB_TJS,20,0.0000000000,True,8.0982600000,8.3688590244,8.2442000000,0,0,89.7597870865,59.7321860059
2023-07-22,RUB_TJS,20,0.0000000000,True,8.0982600000,8.3882285366,8.2442000000,0,0,40.5183057211,131.7185578617
2023-07-25,RUB_TJS,20,0.0000000000,True,8.2012200000,8.4502460976,8.2442000000,0,0,51.5511191130,193.2796934850
2023-07-26,RUB_TJS,20,0.0000000000,True,8.2442000000,8.4752500000,8.2442000000,0,0,7.0666409698,265.7384737913
2023-07-27,RUB_TJS,20,0.0000000000,True,8.2442000000,8.4902560976,8.2442000000,0,0,2.2313740899,287.6427928141
2023-07-28,RUB_TJS,20,0.0000000000,True,8.2442000000,8.4987126829,8.3315000000,1,1,0.0000000000,299.4720405575
2023-07-29,RUB_TJS,20,0.0000000000,True,8.2442000000,8.5025548780,8.3315000000,0,1,0.0000000000,201.1805633744
2023-08-01,RUB_TJS,20,0.0000000000,True,8.2442000000,8.5122512195,8.4012700000,0,1,0.0000000000,146.1084926947
2023-08-02,RUB_TJS,20,0.0000000000,True,8.2442000000,8.5196370732,8.4988100000,0,1,0.0000000000,138.9344078323
2023-08-03,RUB_TJS,20,0.0000000000,True,8.2442000000,8.5267034146,8.5226400000,0,1,0.0000000000,32.7130114392
2023-08-04,RUB_TJS,20,0.0000000000,True,8.2442000000,8.5354926829,8.5226400000,0,0,69.2837417415,-54.6041321861
2023-08-05,RUB_TJS,20,0.0000000000,True,8.2442000000,8.5443085366,8.5226400000,0,0,175.6537737089,-152.9807389971
2023-08-08,RUB_TJS,20,0.0000000000,True,8.2442000000,8.5720878049,8.5226400000,0,0,353.0461121915,-306.1706798810
2023-08-09,RUB_TJS,20,0.0000000000,True,8.2442000000,8.5820002439,8.5226400000,0,0,301.3171101415,-239.3611632014
2023-08-10,RUB_TJS,20,0.0000000000,True,8.2442000000,8.5912734146,8.5226400000,0,0,429.6991679112,-365.5180905207
2023-08-11,RUB_TJS,20,0.0000000000,True,8.2442000000,8.6018341463,8.5226400000,0,0,415.8265307155,-337.8068545789
2023-08-12,RUB_TJS,20,0.0000000000,True,8.2442000000,8.6142724390,8.5226400000,0,0,503.7048592153,-418.4074319995
2023-08-15,RUB_TJS,20,0.0000000000,True,8.2442000000,8.6514197561,8.5226400000,0,0,762.7476865249,-664.5848428487
2023-08-16,RUB_TJS,20,0.0000000000,True,8.2442000000,8.6651495122,8.5226400000,0,0,411.1897805045,-257.3071445462
2023-08-17,RUB_TJS,20,0.0000000000,True,8.2442000000,8.6810317073,8.5226400000,0,0,340.4284257055,-163.5385026451
2023-08-18,RUB_TJS,20,0.0000000000,True,8.3315000000,8.6976604878,8.5226400000,0,0,36.0438512089,165.7807728953
2023-08-19,RUB_TJS,20,0.0000000000,True,8.3315000000,8.7129675610,8.5226400000,0,1,0.0000000000,218.4417187871
2023-08-22,RUB_TJS,20,0.0000000000,True,8.4012700000,8.7556500000,8.5872200000,0,0,2.8173474092,189.6032847361
2023-08-23,RUB_TJS,20,0.0000000000,True,8.4988100000,8.7655034146,8.6129700000,0,1,0.0000000000,203.3920999181
2023-08-24,RUB_TJS,20,0.0000000000,True,8.5226400000,8.7689614634,8.6129700000,0,0,5.1987536916,172.7815363846
2023-08-25,RUB_TJS,20,0.0000000000,True,8.5226400000,8.7731885366,8.6405900000,0,1,0.0000000000,182.6229265645
2023-08-26,RUB_TJS,20,0.0000000000,True,8.5226400000,8.7755763415,8.6405900000,0,0,0.2314603179,153.5925803831
2023-08-29,RUB_TJS,20,0.0000000000,True,8.5226400000,8.7820414634,8.6405900000,0,0,79.5647246980,82.1579626050
2023-08-30,RUB_TJS,20,0.0000000000,True,8.5226400000,8.7827719512,8.6405900000,0,0,103.6865831646,58.8105344263
2023-08-31,RUB_TJS,20,0.0000000000,True,8.5226400000,8.7796924390,8.6405900000,0,0,127.1386882331,31.7009271312
2023-09-01,RUB_TJS,20,0.0000000000,True,8.5226400000,8.7777934146,8.6405900000,0,0,167.4156293278,-11.2973556080
2023-09-02,RUB_TJS,20,0.0000000000,True,8.5226400000,8.7726836585,8.6405900000,0,0,168.2771082144,-18.0062818611
2023-09-05,RUB_TJS,20,0.0000000000,True,8.5226400000,8.7510219512,8.6405900000,0,0,195.5758287520,-70.7666477420
2023-09-06,RUB_TJS,20,0.0000000000,True,8.5226400000,8.7481843902,8.6405900000,0,0,288.4274958105,-170.3503299751
2023-09-07,RUB_TJS,20,0.0000000000,True,8.5226400000,8.7471360976,8.6405900000,0,0,319.7295983186,-204.4599517423
2023-09-08,RUB_TJS,20,0.0000000000,True,8.5226400000,8.7532665854,8.6405900000,0,0,355.5048559619,-235.1389765488
2023-09-09,RUB_TJS,20,0.0000000000,True,8.5226400000,8.7612953659,8.6405900000,0,0,328.0081310824,-196.6885340014
2023-09-12,RUB_TJS,20,0.0000000000,True,8.5872200000,8.7865939024,8.6405900000,0,0,187.0132170998,-21.2438377922
2023-09-13,RUB_TJS,20,0.0000000000,True,8.6129700000,8.7963382927,8.7554100000,0,1,0.0000000000,177.0603716009
2023-09-14,RUB_TJS,20,0.0000000000,True,8.6129700000,8.8070456098,8.7625500000,0,1,0.0000000000,58.6298879830
2023-09-15,RUB_TJS,20,0.0000000000,True,8.6405900000,8.8182578049,8.7625500000,0,0,11.8204657058,51.4135624987
2023-09-16,RUB_TJS,20,0.0000000000,True,8.6405900000,8.8292743902,8.7625500000,0,0,61.2484475220,14.4115922572
2023-09-19,RUB_TJS,20,0.0000000000,True,8.6405900000,8.8659063415,8.7625500000,0,0,62.1727340465,54.7449291636
2023-09-20,RUB_TJS,20,0.0000000000,True,8.6405900000,8.8784326829,8.7625500000,0,0,18.7833749476,111.9484558552
2023-09-21,RUB_TJS,20,0.0000000000,True,8.6405900000,8.8871556098,8.7625500000,0,0,58.9933689184,81.6972414395
2023-09-22,RUB_TJS,20,0.0000000000,True,8.6405900000,8.8952704878,8.7625500000,0,0,3.0233194907,146.2243199723
2023-09-23,RUB_TJS,20,0.0000000000,True,8.6405900000,8.8967604878,8.7625500000,0,1,0.0000000000,150.8532099845
2023-09-26,RUB_TJS,20,0.0000000000,True,8.6405900000,8.9027212195,8.7800200000,0,1,0.0000000000,147.0912278205
2023-09-27,RUB_TJS,20,0.0000000000,True,8.6405900000,8.9022043902,8.8048200000,0,1,0.0000000000,137.2518366100
2023-09-28,RUB_TJS,20,0.0000000000,True,8.6405900000,8.9010565854,8.8495700000,0,1,0.0000000000,108.1181592802
2023-09-29,RUB_TJS,20,0.0000000000,True,8.6405900000,8.8992434146,8.8495700000,0,0,2.5418501506,53.2892656427
2023-09-30,RUB_TJS,20,0.0000000000,True,8.6405900000,8.8979107317,8.8495700000,0,0,46.2842154516,8.0813709242
2023-10-03,RUB_TJS,20,0.0000000000,True,8.6405900000,8.8876468293,8.7505600000,0,0,262.8094281130,-111.4953965153
2023-10-04,RUB_TJS,20,0.0000000000,True,8.6384900000,8.8875956098,8.6384900000,0,0,461.5053359760,-189.9888312409
2023-10-05,RUB_TJS,20,0.0000000000,True,8.5336900000,8.8821878049,8.5336900000,0,0,594.0698824051,-214.4541404735
2023-10-06,RUB_TJS,20,0.0000000000,True,8.5017100000,8.8755729268,8.5017100000,0,0,649.7244423133,-244.3752926812
2023-10-07,RUB_TJS,20,0.0000000000,True,8.5017100000,8.8687743902,8.5017100000,0,0,723.1740877258,-333.4007572471
2023-10-10,RUB_TJS,20,0.0000000000,True,8.5017100000,8.8460604878,8.5017100000,0,0,803.6929267580,-450.6407261681
2023-10-11,RUB_TJS,20,0.0000000000,True,8.5017100000,8.8395029268,8.5017100000,0,0,667.2045666612,-305.4437284604
2023-10-12,RUB_TJS,20,0.0000000000,True,8.3989800000,8.8293670732,8.3989800000,0,0,791.0162032012,-329.6418921280
2023-10-13,RUB_TJS,20,0.0000000000,True,8.3989800000,8.8233043902,8.3989800000,0,0,509.1659820760,-29.7684502250
2023-10-14,RUB_TJS,20,0.0000000000,True,8.3989800000,8.8170260976,8.3989800000,0,0,539.6650184161,-69.2681429807
2023-10-17,RUB_TJS,20,0.0000000000,True,8.3989800000,8.7970458537,8.3989800000,0,0,537.4480904730,-89.7734849349
2023-10-18,RUB_TJS,20,0.0000000000,True,8.3989800000,8.7900346341,8.3989800000,0,0,540.5387141679,-101.1206093641
2023-10-19,RUB_TJS,20,0.0000000000,True,8.3989800000,8.7810680488,8.3989800000,0,0,546.7458285264,-118.0744194710
2023-10-20,RUB_TJS,20,0.0000000000,True,8.3989800000,8.7704702439,8.3989800000,0,0,540.6026367894,-123.7217082778
2023-10-21,RUB_TJS,20,0.0000000000,True,8.3917500000,8.7583002439,8.3917500000,0,0,410.0423287195,8.8376096810
2023-10-24,RUB_TJS,20,0.0000000000,True,8.3917500000,8.7202963415,8.3917500000,0,0,285.6286225949,93.8114236720
2023-10-25,RUB_TJS,20,0.0000000000,True,8.3917500000,8.7045526829,8.3917500000,0,0,166.3289854682,196.2911698633
2023-10-26,RUB_TJS,20,0.0000000000,True,8.3297900000,8.6864336585,8.3297900000,0,0,202.2181419973,212.6576519180
2023-10-27,RUB_TJS,20,0.0000000000,True,8.1668600000,8.6638578049,8.1668600000,0,0,434.4790994412,145.4869270905
2023-10-28,RUB_TJS,20,0.0000000000,True,8.1195700000,8.6383726829,8.1195700000,0,0,454.7517163547,152.7749354779
2023-10-31,RUB_TJS,20,0.0000000000,True,8.1195700000,8.5612568293,8.1195700000,0,0,458.9914666905,59.6604333766
2023-11-01,RUB_TJS,20,0.0000000000,True,8.0803000000,8.5361543902,8.0803000000,0,0,379.4270256626,160.6981129590
2023-11-02,RUB_TJS,20,0.0000000000,True,8.0235700000,8.5094019512,8.0235700000,0,0,578.9379132356,-8.4941912745
2023-11-03,RUB_TJS,20,0.0000000000,True,8.0235700000,8.4899243902,8.0235700000,0,0,566.2105503260,-17.9219614412
2023-11-04,RUB_TJS,20,0.0000000000,True,8.0235700000,8.4696202439,8.0235700000,0,0,552.2363103705,-27.0847516618
2023-11-08,RUB_TJS,20,0.0000000000,True,8.0235700000,8.3942578049,8.0235700000,0,0,490.2343078679,-51.1447183538
2023-11-09,RUB_TJS,20,0.0000000000,True,8.0235700000,8.3748836585,8.0235700000,0,0,467.7741463722,-50.6590218960
2023-11-10,RUB_TJS,20,0.0000000000,True,8.0235700000,8.3562763415,8.0235700000,0,0,438.7404295886,-42.4515143911
2023-11-11,RUB_TJS,20,0.0000000000,True,8.0235700000,8.3401246341,8.0235700000,0,0,451.9274478957,-75.7966680676
2023-11-14,RUB_TJS,20,0.0000000000,True,8.0235700000,8.3023031707,8.0235700000,0,0,460.5776272863,-130.8755257834
2023-11-15,RUB_TJS,20,0.0000000000,True,8.0235700000,8.2960995122,8.0235700000,0,0,367.6203121567,-40.6100333721
2023-11-16,RUB_TJS,20,0.0000000000,True,8.0235700000,8.2926043902,8.0235700000,0,0,175.4529892762,151.6343772432
2023-11-17,RUB_TJS,20,0.0000000000,True,8.0235700000,8.2908102439,8.0235700000,0,0,118.2328620851,206.5422303307
2023-11-18,RUB_TJS,20,0.0000000000,True,8.0235700000,8.2892990244,8.0235700000,0,0,139.7516863722,183.3798297576
2023-11-21,RUB_TJS,20,0.0000000000,True,8.0235700000,8.2783914634,8.0235700000,0,0,70.2077893148,239.2873836543
2023-11-22,RUB_TJS,20,0.0000000000,True,8.0235700000,8.2760790244,8.0456300000,1,1,0.0000000000,305.1070726199
2023-11-23,RUB_TJS,20,0.0000000000,True,8.0235700000,8.2690207317,8.0456300000,0,0,6.6575663366,263.6717681349
2023-11-24,RUB_TJS,20,0.0000000000,True,8.0235700000,8.2615621951,8.0883400000,0,1,0.0000000000,261.3696901652
2023-11-25,RUB_TJS,20,0.0000000000,True,8.0235700000,8.2539243902,8.0883400000,0,0,23.8662307020,177.1695297049
2023-11-28,RUB_TJS,20,0.0000000000,True,8.0235700000,8.2316475610,8.0883400000,0,0,12.1878785559,162.1031026744
2023-11-29,RUB_TJS,20,0.0000000000,True,8.0235700000,8.2270514634,8.0883400000,0,0,2.5585847936,166.0880134545
2023-11-30,RUB_TJS,20,0.0000000000,True,8.0235700000,8.2222407317,8.0883400000,0,0,34.1790618131,129.1141127721
2023-12-01,RUB_TJS,20,0.0000000000,True,8.0235700000,8.2188451220,8.1794100000,0,1,0.0000000000,158.7876642214
2023-12-02,RUB_TJS,20,0.0000000000,True,8.0235700000,8.2180624390,8.1794100000,0,0,20.6190346632,26.4690602995
2023-12-05,RUB_TJS,20,0.0000000000,True,8.0235700000,8.2169817073,8.1794100000,0,0,120.6980266543,-75.8895357250
2023-12-06,RUB_TJS,20,0.0000000000,True,8.0235700000,8.2185031707,8.1794100000,0,0,214.1555630796,-170.2339542394
2023-12-07,RUB_TJS,20,0.0000000000,True,8.0235700000,8.2234153659,8.1794100000,0,0,336.5212511445,-292.8644893050
2023-12-08,RUB_TJS,20,0.0000000000,True,8.0235700000,8.2294414634,8.1794100000,0,0,313.8514809745,-261.2553203534
2023-12-09,RUB_TJS,20,0.0000000000,True,8.0235700000,8.2320260976,8.1794100000,0,0,214.3662986221,-153.7457497572
2023-12-12,RUB_TJS,20,0.0000000000,True,8.0235700000,8.2370621951,8.1794100000,0,0,150.2377721073,-81.4705574492
2023-12-13,RUB_TJS,20,0.0000000000,True,8.0456300000,8.2410512195,8.1794100000,0,0,58.1361428620,16.7590506894
2023-12-14,RUB_TJS,20,0.0000000000,True,8.0456300000,8.2443714634,8.1794100000,0,0,24.3068344525,54.6208569258
2023-12-15,RUB_TJS,20,0.0000000000,True,8.0883400000,8.2478224390,8.1871200000,0,1,0.0000000000,82.9460618608
2023-12-16,RUB_TJS,20,0.0000000000,True,8.0883400000,8.2497597561,8.1871200000,0,0,1.2090702250,74.7291532362
2023-12-19,RUB_TJS,20,0.0000000000,True,8.0883400000,8.2558029268,8.1871200000,0,0,74.7143506592,8.5429932034
2023-12-20,RUB_TJS,20,0.0000000000,True,8.0883400000,8.2581617073,8.1871200000,0,0,40.0848167960,46.1261339595
2023-12-21,RUB_TJS,20,0.0000000000,True,8.0883400000,8.2614070732,8.1871200000,0,0,79.2605419187,10.7452315230
2023-12-22,RUB_TJS,20,0.0000000000,True,8.1617400000,8.2631973171,8.1617400000,0,0,250.2732566821,-130.7637694958
2023-12-23,RUB_TJS,20,0.0000000000,True,8.1049700000,8.2609695122,8.1049700000,0,0,341.0037527812,-157.5365792269
2023-12-26,RUB_TJS,20,0.0000000000,True,8.0475900000,8.2480624390,8.0475900000,0,0,410.5970207944,-174.7168647679
2023-12-27,RUB_TJS,20,0.0000000000,True,8.0060300000,8.2394678049,8.0060300000,0,0,432.8617896671,-156.3113033171
2023-12-28,RUB_TJS,20,0.0000000000,True,8.0035200000,8.2282304878,8.0035200000,0,0,434.0093514242,-168.2129741021
2023-12-29,RUB_TJS,20,0.0000000000,True,8.0035200000,8.2190609756,8.0035200000,0,0,290.8315399490,-29.4425658382
2023-12-30,RUB_TJS,20,0.0000000000,True,8.0035200000,8.2126780488,8.0035200000,0,0,224.2546829654,31.1202370636
2024-01-10,RUB_TJS,20,0.0000000000,True,8.0035200000,8.1763995122,8.0035200000,0,0,297.7522505376,-88.9639598657
2024-01-11,RUB_TJS,20,0.0000000000,True,8.0035200000,8.1739273171,8.0035200000,0,0,193.8557219416,14.9099895319
2024-01-12,RUB_TJS,20,0.0000000000,True,8.0035200000,8.1693107317,8.0035200000,0,0,125.1701116722,78.7590701595
2024-01-13,RUB_TJS,20,0.0000000000,True,8.0035200000,8.1654807317,8.0035200000,0,0,54.7617361222,144.3769639300
2024-01-16,RUB_TJS,20,0.0000000000,True,8.0035200000,8.1569429268,8.0035200000,0,0,3.1351368906,185.0116252903
2024-01-17,RUB_TJS,20,0.0000000000,True,8.0035200000,8.1559112195,8.0271600000,1,1,0.0000000000,186.8475703213
2024-01-18,RUB_TJS,20,0.0000000000,True,8.0035200000,8.1537721951,8.0271600000,0,0,51.2239588820,104.5923200712
2024-01-19,RUB_TJS,20,0.0000000000,True,8.0035200000,8.1556346341,8.0271600000,0,0,86.1194853827,72.0295069379
2024-01-20,RUB_TJS,20,0.0000000000,True,8.0035200000,8.1590697561,8.0271600000,0,0,73.4183883569,88.9068953521
2024-01-23,RUB_TJS,20,0.0000000000,True,8.0035200000,8.1668317073,8.0271600000,0,0,3.7857089487,167.3007504179
2024-01-24,RUB_TJS,20,0.0000000000,True,8.0035200000,8.1699209756,8.0597200000,0,1,0.0000000000,174.7397264135
2024-01-25,RUB_TJS,20,0.0000000000,True,8.0035200000,8.1732475610,8.0955700000,0,1,0.0000000000,138.9014099092
2024-01-26,RUB_TJS,20,0.0000000000,True,8.0035200000,8.1770936585,8.1511700000,0,1,0.0000000000,99.6975966534
2024-01-27,RUB_TJS,20,0.0000000000,True,8.0035200000,8.1818668293,8.1511700000,0,0,28.0154194911,9.5294013347
2024-01-30,RUB_TJS,20,0.0000000000,True,8.0035200000,8.2010324390,8.1511700000,0,0,33.5631194505,27.3288018198
2024-01-31,RUB_TJS,20,0.0000000000,True,8.0035200000,8.2055687805,8.1819700000,0,1,0.0000000000,66.2949540039
2024-02-01,RUB_TJS,20,0.0000000000,True,8.0035200000,8.2120948780,8.2340800000,0,1,0.0000000000,36.6835484686
2024-02-02,RUB_TJS,20,0.0000000000,True,8.0035200000,8.2201678049,8.2747800000,0,1,0.0000000000,-16.9244660841
2024-02-03,RUB_TJS,20,0.0000000000,True,8.0035200000,8.2303053659,8.2747800000,0,1,0.0000000000,-54.0376476563
2024-02-06,RUB_TJS,20,0.0000000000,True,8.0035200000,8.2617317073,8.2789400000,0,0,56.4739681670,-77.7419250083
2024-02-07,RUB_TJS,20,0.0000000000,True,8.0271600000,8.2727207317,8.2932000000,0,1,0.0000000000,-7.5178027814
2024-02-08,RUB_TJS,20,0.0000000000,True,8.0271600000,8.2807621951,8.2932000000,0,0,31.7562580983,-46.9253964338
2024-02-09,RUB_TJS,20,0.0000000000,True,8.0271600000,8.2877626829,8.2932000000,0,0,41.7389132513,-48.5020126795
2024-02-10,RUB_TJS,20,0.0000000000,True,8.0271600000,8.2927856098,8.2924700000,0,0,0.8802392321,-0.4996996949
2024-02-13,RUB_TJS,20,0.0000000000,True,8.0271600000,8.3123702439,8.2924700000,0,0,25.6321432609,-1.6959736588
2024-02-14,RUB_TJS,20,0.0000000000,True,8.0597200000,8.3198843902,8.2924700000,0,0,37.2919597622,-4.3577645867
2024-02-15,RUB_TJS,20,0.0000000000,True,8.0955700000,8.3261804878,8.2924700000,0,0,62.7216197852,-22.3746196980
2024-02-16,RUB_TJS,20,0.0000000000,True,8.1511700000,8.3298029268,8.2440900000,0,0,165.4932349734,-63.6474519703
2024-02-17,RUB_TJS,20,0.0000000000,True,8.1511700000,8.3324134146,8.2440900000,0,0,242.5834857173,-139.9793547941
2024-02-20,RUB_TJS,20,0.0000000000,True,8.1511700000,8.3401339024,8.2440900000,0,0,226.4813938849,-113.9023649647
2024-02-21,RUB_TJS,20,0.0000000000,True,8.1819700000,8.3430895122,8.2440900000,0,0,219.7332877780,-103.3435967322
2024-02-22,RUB_TJS,20,0.0000000000,True,8.2340800000,8.3458651220,8.2440900000,0,0,227.4429940398,-107.9515145911
2024-02-23,RUB_TJS,20,0.0000000000,True,8.2440900000,8.3488348780,8.2440900000,0,0,258.9318735282,-137.0192651097
2024-02-27,RUB_TJS,20,0.0000000000,True,8.2440900000,8.3580646341,8.2440900000,0,0,248.3774087511,-114.8655460996
2024-02-28,RUB_TJS,20,0.0000000000,True,8.2440900000,8.3609451220,8.2440900000,0,0,183.4919190921,-44.5462534505
2024-02-29,RUB_TJS,20,0.0000000000,True,8.2440900000,8.3633129268,8.2440900000,0,0,166.7718284190,-24.6278877174
2024-03-01,RUB_TJS,20,0.0000000000,True,8.2440900000,8.3665656098,8.2440900000,0,0,58.3420862542,88.5615594405
2024-03-02,RUB_TJS,20,0.0000000000,True,8.2440900000,8.3689631707,8.2440900000,0,0,109.5566984707,40.0923866520
2024-03-05,RUB_TJS,20,0.0000000000,True,8.2440900000,8.3800741463,8.2440900000,0,0,109.3549795807,53.5008945727
2024-03-06,RUB_TJS,20,0.0000000000,True,8.2440900000,8.3835375610,8.2440900000,0,0,88.6886771357,78.3411066008
2024-03-07,RUB_TJS,20,0.0000000000,True,8.2440900000,8.3860592683,8.2723500000,1,1,0.0000000000,169.2919925208
2024-03-08,RUB_TJS,20,0.0000000000,True,8.2440900000,8.3876926829,8.2723500000,0,0,10.5662291242,127.0822465203
2024-03-12,RUB_TJS,20,0.0000000000,True,8.2440900000,8.3863075610,8.2957700000,0,1,0.0000000000,135.8852631471
2024-03-13,RUB_TJS,20,0.0000000000,True,8.2440900000,8.3862656098,8.3558400000,0,1,0.0000000000,107.9093054849
2024-03-14,RUB_TJS,20,0.0000000000,True,8.2440900000,8.3864680488,8.3641500000,0,1,0.0000000000,36.5207958849
2024-03-15,RUB_TJS,20,0.0000000000,True,8.2440900000,8.3857190244,8.3881900000,0,1,0.0000000000,25.7211389119
2024-03-16,RUB_TJS,20,0.0000000000,True,8.2440900000,8.3848292683,8.3881900000,0,1,0.0000000000,-4.0081098849
2024-03-19,RUB_TJS,20,0.0000000000,True,8.2440900000,8.3830712195,8.3915000000,0,0,6.5975629508,-16.6630822070
2024-03-20,RUB_TJS,20,0.0000000000,True,8.2440900000,8.3844390244,8.3915000000,0,0,29.9404754833,-38.4772022504
2024-03-21,RUB_TJS,20,0.0000000000,True,8.2440900000,8.3866553659,8.3915000000,0,0,82.5166758851,-89.0279031261
2024-03-22,RUB_TJS,20,0.0000000000,True,8.2440900000,8.3921573171,8.4222900000,0,1,0.0000000000,0.7832516102
2024-03-23,RUB_TJS,20,0.0000000000,True,8.2440900000,8.3977258537,8.4222900000,0,0,35.0453329484,-64.5224043815
2024-03-26,RUB_TJS,20,0.0000000000,True,8.2440900000,8.4130014634,8.4222900000,0,0,51.0542188244,-62.4135593150
2024-03-27,RUB_TJS,20,0.0000000000,True,8.2440900000,8.4190680488,8.4222900000,0,0,30.6692549892,-34.6023467808
2024-03-28,RUB_TJS,20,0.0000000000,True,8.2723500000,8.4280553659,8.4222900000,0,0,32.5451875135,-25.7884330404
2024-03-29,RUB_TJS,20,0.0000000000,True,8.2723500000,8.4366768293,8.4267500000,0,1,0.0000000000,17.0527205906
2024-03-30,RUB_TJS,20,0.0000000000,True,8.2723500000,8.4447860976,8.4267500000,0,0,9.0699990515,12.2988284617
2024-04-02,RUB_TJS,20,0.0000000000,True,8.2957700000,8.4649019512,8.4267500000,0,0,0.9967262290,44.0784210314
2024-04-03,RUB_TJS,20,0.0000000000,True,8.3558400000,8.4707563415,8.4267500000,0,0,20.7359792332,31.2797823421
2024-04-04,RUB_TJS,20,0.0000000000,True,8.3641500000,8.4751031707,8.4267500000,0,0,6.8425571478,50.2450175223
2024-04-05,RUB_TJS,20,0.0000000000,True,8.3881900000,8.4774936585,8.4361500000,0,1,0.0000000000,59.8569112293
2024-04-06,RUB_TJS,20,0.0000000000,True,8.3881900000,8.4783778049,8.4244400000,0,0,13.8807394368,49.8064675223
2024-04-09,RUB_TJS,20,0.0000000000,True,8.3915000000,8.4792385366,8.3975300000,0,0,67.1140145749,29.4466731625
2024-04-10,RUB_TJS,20,0.0000000000,True,8.3915000000,8.4787709756,8.3975300000,0,0,91.1528086865,4.7070213610
2024-04-11,RUB_TJS,20,0.0000000000,True,8.3915000000,8.4772151220,8.3975300000,0,0,141.4877818280,-48.1701566627
2024-04-12,RUB_TJS,20,0.0000000000,True,8.3975300000,8.4773621951,8.3975300000,0,0,194.0628605326,-101.8687215320
2024-04-13,RUB_TJS,20,0.0000000000,True,8.3975300000,8.4768502439,8.3975300000,0,0,171.5682832170,-79.3570184231
2024-04-16,RUB_TJS,20,0.0000000000,True,8.3975300000,8.4725563415,8.3975300000,0,0,197.3480696520,-110.9861708165
2024-04-17,RUB_TJS,20,0.0000000000,True,8.3696800000,8.4706412195,8.3696800000,0,0,282.0180271394,-167.5537622357
2024-04-18,RUB_TJS,20,0.0000000000,True,8.3445300000,8.4680739024,8.3445300000,0,0,335.9167440686,-196.6280638068
2024-04-19,RUB_TJS,20,0.0000000000,True,8.3445300000,8.4678929268,8.3445300000,0,0,312.3556059153,-172.0464281134
2024-04-20,RUB_TJS,20,0.0000000000,True,8.3445300000,8.4674165854,8.3445300000,0,0,243.8531058914,-101.1919205466
2024-04-23,RUB_TJS,20,0.0000000000,True,8.3445300000,8.4661536585,8.3445300000,0,0,224.0797581949,-82.2644429483
2024-04-24,RUB_TJS,20,0.0000000000,True,8.3445300000,8.4651078049,8.3445300000,0,0,222.0865566917,-81.4545977574
2024-04-25,RUB_TJS,20,0.0000000000,True,8.3445300000,8.4638895122,8.3445300000,0,0,139.0070620267,2.0434011959
2024-04-26,RUB_TJS,20,0.0000000000,True,8.3445300000,8.4625934146,8.3445300000,0,0,94.8549695885,45.0847781109
2024-04-27,RUB_TJS,20,0.0000000000,True,8.3424100000,8.4603070732,8.3424100000,0,0,84.6719319202,55.1482029756
2024-04-28,RUB_TJS,20,0.0000000000,True,8.3424100000,8.4585443902,8.3424100000,0,0,65.6383484191,72.1334397846
2024-05-03,RUB_TJS,20,0.0000000000,True,8.3180700000,8.4408270732,8.3180700000,0,0,133.8525332941,11.7370881844
2024-05-04,RUB_TJS,20,0.0000000000,True,8.3180700000,8.4358404878,8.3180700000,0,0,94.8943527798,45.1413085156
2024-05-07,RUB_TJS,20,0.0000000000,True,8.2953500000,8.4170897561,8.2953500000,0,0,88.8086521826,56.3255917085
2024-05-08,RUB_TJS,20,0.0000000000,True,8.2012700000,8.4070580488,8.2012700000,0,0,171.6813289664,74.3756596156
2024-05-09,RUB_TJS,20,0.0000000000,True,8.1893400000,8.3961985366,8.1893400000,0,0,268.0136472697,-22.2379965567
2024-05-14,RUB_TJS,20,0.0000000000,True,8.1893400000,8.3704524390,8.1893400000,0,0,252.3871078323,-36.9484937653
2024-05-15,RUB_TJS,20,0.0000000000,True,8.1893400000,8.3648307317,8.1893400000,0,0,230.5140308998,-21.2069662395
2024-05-16,RUB_TJS,20,0.0000000000,True,8.1893400000,8.3595526829,8.1893400000,0,0,220.0604040551,-16.8158723395
2024-05-17,RUB_TJS,20,0.0000000000,True,8.1893400000,8.3552326829,8.1893400000,0,0,183.4841490648,15.3468890855
2024-05-18,RUB_TJS,20,0.0000000000,True,8.1893400000,8.3515885366,8.1893400000,0,0,208.6830514068,-14.7175155490
2024-05-21,RUB_TJS,20,0.0000000000,True,8.1893400000,8.3420280488,8.1893400000,0,0,184.3901246287,-1.3809006788
2024-05-22,RUB_TJS,20,0.0000000000,True,8.1893400000,8.3393724390,8.1893400000,0,0,170.6885273449,9.3801291183
2024-05-23,RUB_TJS,20,0.0000000000,True,8.1893400000,8.3368760976,8.1893400000,0,0,154.7594574222,22.5577270681
2024-05-24,RUB_TJS,20,0.0000000000,True,8.1893400000,8.3335653659,8.1893400000,0,0,180.2589311088,-7.3253570091
2024-05-25,RUB_TJS,20,0.0000000000,True,8.1893400000,8.3292709756,8.1893400000,0,0,127.7944872730,40.7250234854
2024-05-28,RUB_TJS,20,0.0000000000,True,8.1893400000,8.3213304878,8.1893400000,0,0,14.5465275500,144.2803984060
2024-05-29,RUB_TJS,20,0.0000000000,True,8.1893400000,8.3197775610,8.2216900000,1,1,0.0000000000,156.7801062224
2024-05-30,RUB_TJS,20,0.0000000000,True,8.0935300000,8.3119400000,8.0935300000,0,0,219.8191274422,43.9127327676
2024-05-31,RUB_TJS,20,0.0000000000,True,7.7061300000,8.2946536585,7.7061300000,0,0,754.0382910257,-48.1470873981
2024-06-01,RUB_TJS,20,0.0000000000,True,7.7061300000,8.2849817073,7.7061300000,0,0,805.2599802888,-115.9185331672
2024-06-04,RUB_TJS,20,0.0000000000,True,7.7061300000,8.2746065854,7.7061300000,0,0,719.4977581932,-35.0027694191
2024-06-05,RUB_TJS,20,0.0000000000,True,7.7061300000,8.2701787805,7.7061300000,0,0,654.4333087550,29.5263030413
2024-06-06,RUB_TJS,20,0.0000000000,True,7.7061300000,8.2655287805,7.7061300000,0,0,656.2010447030,22.0297829351
2024-06-07,RUB_TJS,20,0.0000000000,True,7.7061300000,8.2628504878,7.7061300000,0,0,675.3313069320,-1.6816378285
2024-06-08,RUB_TJS,20,0.0000000000,True,7.7061300000,8.2529192683,7.7061300000,0,0,678.2978321904,-16.9039963361
2024-06-11,RUB_TJS,20,0.0000000000,True,7.7061300000,8.2298017073,7.7061300000,0,0,702.7923727024,-71.5063312286
2024-06-12,RUB_TJS,20,0.0000000000,True,7.7061300000,8.2262592683,7.7061300000,0,0,710.1111729944,-83.7813755433
2024-06-14,RUB_TJS,20,0.0000000000,True,7.7061300000,8.2222195122,7.7061300000,0,0,627.0730226997,0.6440015307
2024-06-15,RUB_TJS,20,0.0000000000,True,7.7061300000,8.2215526829,7.7061300000,0,0,692.9448252873,-70.9444059080
2024-06-18,RUB_TJS,20,0.0000000000,True,7.7061300000,8.2219456098,7.7061300000,0,0,694.0462705564,-71.6550474063
2024-06-19,RUB_TJS,20,0.0000000000,True,7.7061300000,8.2236178049,7.7061300000,0,0,478.6539371572,158.1880480886
2024-06-20,RUB_TJS,20,0.0000000000,True,7.7061300000,8.2231548780,7.9567000000,1,1,0.0000000000,628.7427218828
2024-06-21,RUB_TJS,20,0.0000000000,True,7.7061300000,8.2209104878,7.9567000000,0,0,76.8490157539,246.4331512980
2024-06-22,RUB_TJS,20,0.0000000000,True,7.7061300000,8.2177075610,7.9567000000,0,0,377.1868930336,-61.9058766048
2024-06-25,RUB_TJS,20,0.0000000000,True,7.7061300000,8.2086495122,7.9567000000,0,0,297.9259922229,9.2822969038
2024-06-26,RUB_TJS,20,0.0000000000,True,7.7061300000,8.2084482927,7.9567000000,0,0,276.5014126917,31.0512922469
2024-06-27,RUB_TJS,20,0.0000000000,True,7.7061300000,8.2090319512,7.9567000000,0,0,335.1310643053,-28.7099001692
2024-06-28,RUB_TJS,20,0.0000000000,True,7.7061300000,8.2089758537,8.0410400000,0,1,0.0000000000,307.3170857801
2024-06-29,RUB_TJS,20,0.0000000000,True,7.7061300000,8.2084314634,8.0410400000,0,1,0.0000000000,203.9262484687
2024-07-02,RUB_TJS,20,0.0000000000,True,7.7061300000,8.2072643902,8.2314100000,0,1,0.0000000000,25.5315160418
2024-07-03,RUB_TJS,20,0.0000000000,True,7.7061300000,8.2057634146,8.2314100000,0,0,20.1139670223,-51.4718536615
2024-07-04,RUB_TJS,20,0.0000000000,True,7.7061300000,8.2031102439,8.1864000000,0,0,70.0014919743,-49.9807449596
2024-07-05,RUB_TJS,20,0.0000000000,True,7.7061300000,8.2006373171,8.1203000000,0,0,178.6524205946,-82.1554231969
2024-07-06,RUB_TJS,20,0.0000000000,True,7.7061300000,8.1941358537,8.0133200000,0,0,309.6249286523,-91.8024153918
2024-07-09,RUB_TJS,20,0.0000000000,True,7.7061300000,8.1775790244,8.0133200000,0,0,296.1769941511,-98.2209714760
2024-07-10,RUB_TJS,20,0.0000000000,True,7.7061300000,8.1785080488,8.0133200000,0,0,294.4845611800,-95.3131680675
2024-07-11,RUB_TJS,20,0.0000000000,True,7.9567000000,8.1887492683,8.0133200000,0,0,278.1292727875,-65.7252163230
2024-07-12,RUB_TJS,20,0.0000000000,True,7.9567000000,8.1911614634,8.0133200000,0,0,286.5316314533,-71.4654897804
2024-07-13,RUB_TJS,20,0.0000000000,True,7.9567000000,8.1867207317,8.0133200000,0,0,264.9485325114,-54.5875079378
2024-07-16,RUB_TJS,20,0.0000000000,True,7.9567000000,8.1745880488,8.0133200000,0,0,272.1574844826,-76.9726264419
2024-07-17,RUB_TJS,20,0.0000000000,True,7.9567000000,8.1704197561,8.0120600000,0,0,313.3625510050,-123.4088907454
2024-07-18,RUB_TJS,20,0.0000000000,True,7.9567000000,8.1655856098,8.0120600000,0,0,302.4471250094,-118.0005878927
2024-07-19,RUB_TJS,20,0.0000000000,True,8.0120600000,8.1694395122,8.0120600000,0,0,281.9923464592,-91.9408090271
2024-07-20,RUB_TJS,20,0.0000000000,True,8.0120600000,8.1727282927,8.0120600000,0,0,298.0317697120,-104.5571371724
2024-07-23,RUB_TJS,20,0.0000000000,True,8.0120600000,8.1888987805,8.0120600000,0,0,269.1154823383,-54.6364300152
2024-07-24,RUB_TJS,20,0.0000000000,True,8.0120600000,8.1948543902,8.0120600000,0,0,212.9629629630,10.3167058758
2024-07-25,RUB_TJS,20,0.0000000000,True,8.0120600000,8.2070929268,8.0120600000,0,0,133.2955678977,105.7535568356
2024-07-26,RUB_TJS,20,0.0000000000,True,8.0120600000,8.2117746341,8.0120600000,0,0,1.5723819840,241.6708238937
2024-07-27,RUB_TJS,20,0.0000000000,True,8.0120600000,8.2133219512,8.0120600000,0,0,51.9870423508,194.0651446104
2024-07-30,RUB_TJS,20,0.0000000000,True,8.0120600000,8.2187826829,8.0120600000,0,0,147.0309729181,106.0530327781
2024-07-31,RUB_TJS,20,0.0000000000,True,8.0120600000,8.2222809756,8.0120600000,0,0,140.2408559172,117.0733229566
2024-08-01,RUB_TJS,20,0.0000000000,True,8.0120600000,8.2285856098,8.0120600000,0,0,129.5517430845,135.3399174994
2024-08-02,RUB_TJS,20,0.0000000000,True,8.0120600000,8.2369836585,8.0120600000,0,0,92.0669114365,182.6805354660
2024-08-03,RUB_TJS,20,0.0000000000,True,8.0120600000,8.2449431707,8.0120600000,0,0,84.3909532502,199.7505226189
2024-08-06,RUB_TJS,20,0.0000000000,True,8.0120600000,8.2705497561,8.0344000000,1,1,0.0000000000,312.5424109890
2024-08-07,RUB_TJS,20,0.0000000000,True,8.0120600000,8.2785965854,8.1147100000,0,1,0.0000000000,294.9734086542
2024-08-08,RUB_TJS,20,0.0000000000,True,8.0120600000,8.2861990244,8.1758800000,0,1,0.0000000000,206.9574045777
2024-08-09,RUB_TJS,20,0.0000000000,True,8.0120600000,8.2942573171,8.3104600000,0,1,0.0000000000,142.7220214515
2024-08-10,RUB_TJS,20,0.0000000000,True,8.0120600000,8.3017785366,8.3104600000,0,1,0.0000000000,-10.4573536579
2024-08-13,RUB_TJS,20,0.0000000000,True,8.0120600000,8.3239543902,8.3328000000,0,0,187.6785466158,-202.0981877955
2024-08-14,RUB_TJS,20,0.0000000000,True,8.0120600000,8.3299000000,8.3328000000,0,0,472.3247148089,-499.3937502251
2024-08-15,RUB_TJS,20,0.0000000000,True,8.0120600000,8.3342358537,8.2980700000,0,0,191.3602428380,-150.8526379011
2024-08-16,RUB_TJS,20,0.0000000000,True,8.0120600000,8.3422251220,8.2980700000,0,0,41.6786674347,11.2980911129
2024-08-17,RUB_TJS,20,0.0000000000,True,8.0120600000,8.3509982927,8.2980700000,0,0,50.4785873669,12.9664649703
2024-08-20,RUB_TJS,20,0.0000000000,True,8.0120600000,8.3764180488,8.2980700000,0,0,121.2158730650,-28.0214658376
2024-08-21,RUB_TJS,20,0.0000000000,True,8.0120600000,8.3850914634,8.2980700000,0,0,238.7819871875,-138.3032458159
2024-08-22,RUB_TJS,20,0.0000000000,True,8.0120600000,8.3956441463,8.2980700000,0,0,344.3673624218,-236.2842566940
2024-08-23,RUB_TJS,20,0.0000000000,True,8.0120600000,8.4071778049,8.2980700000,0,0,303.4442464433,-179.0995725517
2024-08-24,RUB_TJS,20,0.0000000000,True,8.0120600000,8.4185058537,8.2980700000,0,0,332.4207190624,-195.8710360340
2024-08-27,RUB_TJS,20,0.0000000000,True,8.0344000000,8.4529517073,8.2980700000,0,0,352.3939185018,-175.3450129789
2024-08-28,RUB_TJS,20,0.0000000000,True,8.1147100000,8.4655434146,8.2980700000,0,0,321.4154081580,-127.6900726526
2024-08-29,RUB_TJS,20,0.0000000000,True,8.1758800000,8.4767953659,8.2980700000,0,0,322.8827257100,-115.7803508407
2024-08-30,RUB_TJS,20,0.0000000000,True,8.2980700000,8.4872587805,8.2980700000,0,0,313.4050463722,-93.4238268951
2024-08-31,RUB_TJS,20,0.0000000000,True,8.2980700000,8.4967863415,8.2980700000,0,0,298.1385631124,-66.2411131394
2024-09-03,RUB_TJS,20,0.0000000000,True,8.2980700000,8.5202914634,8.2980700000,0,0,156.6990938498,105.7727470963
2024-09-04,RUB_TJS,20,0.0000000000,True,8.2980700000,8.5196751220,8.3408800000,1,1,0.0000000000,260.1098267001
2024-09-05,RUB_TJS,20,0.0000000000,True,8.2980700000,8.5259004878,8.4136300000,0,1,0.0000000000,217.0099077153
2024-09-06,RUB_TJS,20,0.0000000000,True,8.2980700000,8.5342092683,8.4272300000,0,1,0.0000000000,141.2893268749
2024-09-07,RUB_TJS,20,0.0000000000,True,8.2980700000,8.5424980488,8.4272300000,0,1,0.0000000000,134.9348259985
2024-09-10,RUB_TJS,20,0.0000000000,True,8.2980700000,8.5677304878,8.5282800000,0,1,0.0000000000,100.4939265158
2024-09-11,RUB_TJS,20,0.0000000000,True,8.2980700000,8.5738695122,8.5282800000,0,0,25.2635124704,27.9797962414
2024-09-12,RUB_TJS,20,0.0000000000,True,8.2980700000,8.5782475610,8.5282800000,0,0,36.3460480245,21.9829992566
2024-09-13,RUB_TJS,20,0.0000000000,True,8.2980700000,8.5858836585,8.5282800000,0,0,19.2165904011,47.9667092806
2024-09-14,RUB_TJS,20,0.0000000000,True,8.2980700000,8.5940865854,8.5282800000,0,1,0.0000000000,76.5719366592
2024-09-17,RUB_TJS,20,0.0000000000,True,8.2980700000,8.6177826829,8.5760400000,0,1,0.0000000000,77.8885769072
2024-09-18,RUB_TJS,20,0.0000000000,True,8.2980700000,8.6288019512,8.6048800000,0,1,0.0000000000,61.1463231139
2024-09-19,RUB_TJS,20,0.0000000000,True,8.2980700000,8.6396856098,8.6734600000,0,1,0.0000000000,40.2857364587
2024-09-20,RUB_TJS,20,0.0000000000,True,8.2980700000,8.6526812195,8.6734600000,0,0,31.7546422345,-55.9465664569
2024-09-21,RUB_TJS,20,0.0000000000,True,8.2980700000,8.6667514634,8.6734600000,0,0,21.6399168457,-29.4441772019
2024-09-24,RUB_TJS,20,0.0000000000,True,8.2980700000,8.7031858537,8.6734600000,0,0,54.0787237605,-20.0319131805
2024-09-25,RUB_TJS,20,0.0000000000,True,8.3408800000,8.7207160976,8.6734600000,0,0,47.8933357812,6.3252805151
2024-09-26,RUB_TJS,20,0.0000000000,True,8.4136300000,8.7392721951,8.6800100000,0,1,0.0000000000,75.3062653875
2024-09-27,RUB_TJS,20,0.0000000000,True,8.4272300000,8.7566139024,8.7049200000,0,1,0.0000000000,87.4811922651
2024-09-28,RUB_TJS,20,0.0000000000,True,8.4272300000,8.7735421951,8.7049200000,0,1,0.0000000000,78.2149257344
2024-10-01,RUB_TJS,20,0.0000000000,True,8.5282800000,8.8175314634,8.7735200000,0,1,0.0000000000,73.4575926192
2024-10-02,RUB_TJS,20,0.0000000000,True,8.5282800000,8.8287968293,8.8708300000,0,1,0.0000000000,62.6096968106
2024-10-03,RUB_TJS,20,0.0000000000,True,8.5282800000,8.8409621951,8.9131700000,0,1,0.0000000000,-33.7834324125
2024-10-04,RUB_TJS,20,0.0000000000,True,8.5282800000,8.8534546341,8.9131700000,0,0,7.3432798339,-74.8469028102
2024-10-05,RUB_TJS,20,0.0000000000,True,8.5282800000,8.8665814634,8.9131700000,0,1,0.0000000000,-52.5439672298
2024-10-08,RUB_TJS,20,0.0000000000,True,8.5760400000,8.9057512195,9.0100400000,0,0,17.0518191377,-134.3837005300
2024-10-09,RUB_TJS,20,0.0000000000,True,8.6048800000,8.9191141463,9.0100400000,0,0,12.3376457821,-114.4237555255
2024-10-10,RUB_TJS,20,0.0000000000,True,8.6734600000,8.9319770732,9.0100400000,0,0,98.1716316624,-187.4085943772
2024-10-11,RUB_TJS,20,0.0000000000,True,8.6734600000,8.9419204878,9.0100400000,0,0,131.3369733679,-210.2786671516
2024-10-12,RUB_TJS,20,0.0000000000,True,8.6734600000,8.9520092683,9.0100400000,0,1,0.0000000000,-64.8242533806
2024-10-15,RUB_TJS,20,0.0000000000,True,8.6734600000,8.9853821951,9.0117600000,0,0,5.6006503409,-34.9765921978
2024-10-16,RUB_TJS,20,0.0000000000,True,8.6734600000,8.9962614634,9.0117600000,0,0,98.7949477459,-117.1803832226
2024-10-17,RUB_TJS,20,0.0000000000,True,8.6800100000,9.0092700000,9.0117600000,0,0,123.7089901629,-128.0569901890
2024-10-18,RUB_TJS,20,0.0000000000,True,8.7049200000,9.0225021951,9.0117600000,0,0,120.0816989702,-109.4904747504
2024-10-19,RUB_TJS,20,0.0000000000,True,8.7049200000,9.0347809756,9.0117600000,0,0,38.4566492199,-13.0263527384
2024-10-22,RUB_TJS,20,0.0000000000,True,8.7735200000,9.0683724390,9.0568900000,0,1,0.0000000000,62.4284450215
2024-10-23,RUB_TJS,20,0.0000000000,True,8.8708300000,9.0786224390,9.0568900000,0,0,1.4130889573,22.5281304094
2024-10-24,RUB_TJS,20,0.0000000000,True,8.9131700000,9.0865009756,9.0664800000,0,1,0.0000000000,32.5878747928
2024-10-25,RUB_TJS,20,0.0000000000,True,8.9131700000,9.0940956098,9.0710600000,0,1,0.0000000000,30.3665267456
2024-10-26,RUB_TJS,20,0.0000000000,True,8.9131700000,9.1033856098,9.0710600000,0,1,0.0000000000,35.5094369741
2024-10-29,RUB_TJS,20,0.0000000000,True,9.0100400000,9.1350678049,9.1059100000,0,0,19.7393225719,12.2033083018
2024-10-30,RUB_TJS,20,0.0000000000,True,9.0100400000,9.1436417073,9.1059100000,0,0,28.8537558063,12.4476742215
2024-10-31,RUB_TJS,20,0.0000000000,True,9.0100400000,9.1505570732,9.1059100000,0,0,3.1398311737,45.6661521660
2024-11-01,RUB_TJS,20,0.0000000000,True,9.0100400000,9.1571441463,9.1509500000,0,1,0.0000000000,55.9499179249
2024-11-02,RUB_TJS,20,0.0000000000,True,9.0100400000,9.1677095122,9.1612500000,0,1,0.0000000000,18.2810244727
2024-11-03,RUB_TJS,20,0.0000000000,True,9.0100400000,9.1824919512,9.1612500000,0,1,0.0000000000,23.1331008318
2024-11-06,RUB_TJS,20,0.0000000000,True,9.0117600000,9.2271607317,9.1799500000,0,0,29.1740570295,22.0552478699
2024-11-07,RUB_TJS,20,0.0000000000,True,9.0117600000,9.2446146341,9.1799500000,0,0,46.1695434984,23.8891884847
2024-11-08,RUB_TJS,20,0.0000000000,True,9.0117600000,9.2687253659,9.1799500000,0,0,30.8415731374,65.1388011518
2024-11-09,RUB_TJS,20,0.0000000000,True,9.0117600000,9.2979856098,9.1799500000,0,1,0.0000000000,126.9475074604
2024-11-12,RUB_TJS,20,0.0000000000,True,9.0568900000,9.3625234146,9.1938500000,0,1,0.0000000000,180.2435167963
2024-11-13,RUB_TJS,20,0.0000000000,True,9.0568900000,9.3814614634,9.2311000000,0,1,0.0000000000,199.9810628080
2024-11-14,RUB_TJS,20,0.0000000000,True,9.0664800000,9.3978775610,9.2940600000,0,1,0.0000000000,177.4630068263
2024-11-15,RUB_TJS,20,0.0000000000,True,9.0710600000,9.4097107317,9.3727000000,0,1,0.0000000000,122.9057247399
2024-11-16,RUB_TJS,20,0.0000000000,True,9.0710600000,9.4193175610,9.3727000000,0,0,11.5947218439,37.9407114627
2024-11-19,RUB_TJS,20,0.0000000000,True,9.1053700000,9.4205387805,9.1053700000,0,0,285.2219744577,50.7813635743
2024-11-20,RUB_TJS,20,0.0000000000,True,9.1053700000,9.4203107317,9.1053700000,0,0,295.7827537329,39.7128425726
2024-11-21,RUB_TJS,20,0.0000000000,True,9.1053700000,9.4221256098,9.1053700000,0,0,313.4567798792,23.4613829954
2024-11-22,RUB_TJS,20,0.0000000000,True,9.1053700000,9.4304404878,9.1053700000,0,0,357.7699132288,-13.5513417551
2024-11-23,RUB_TJS,20,0.0000000000,True,9.1053700000,9.4391129268,9.1053700000,0,0,531.1393784603,-187.5251144285
2024-11-26,RUB_TJS,20,0.0000000000,True,9.1053700000,9.4608563415,9.1053700000,0,0,639.7600257409,-282.0607869999
2024-11-27,RUB_TJS,20,0.0000000000,True,9.1053700000,9.4660790244,9.1053700000,0,0,746.8102944539,-395.2755672604
2024-11-28,RUB_TJS,20,0.0000000000,True,9.1053700000,9.4711639024,9.1053700000,0,0,993.5478638118,-674.3269403209
2024-11-29,RUB_TJS,20,0.0000000000,True,9.1053700000,9.4764153659,9.1053700000,0,0,1113.4350033476,-812.3373706477
2024-11-30,RUB_TJS,20,0.0000000000,True,9.1053700000,9.4838004878,9.1053700000,0,0,818.3951348043,-456.7467575390
2024-12-03,RUB_TJS,20,0.0000000000,True,9.1053700000,9.4972751220,9.1053700000,0,0,741.5225585508,-355.2122832254
2024-12-04,RUB_TJS,20,0.0000000000,True,9.1053700000,9.4998675610,9.1053700000,0,0,641.9149122041,-242.1954175125
2024-12-05,RUB_TJS,20,0.0000000000,True,9.1053700000,9.4976029268,9.1053700000,0,0,467.2181949906,-56.8954857210
2024-12-06,RUB_TJS,20,0.0000000000,True,9.1053700000,9.4932217073,9.1053700000,0,0,379.8967558167,29.7914745795
2024-12-07,RUB_TJS,20,0.0000000000,True,9.0791400000,9.4857963415,9.0791400000,0,0,28.8071764245,401.0483967493
2024-12-10,RUB_TJS,20,0.0000000000,True,9.0791400000,9.4774841463,9.0791400000,0,0,47.9781122471,374.1226478109
2024-12-11,RUB_TJS,20,0.0000000000,True,9.0791400000,9.4754685366,9.0791400000,0,0,113.2940876690,308.4686899195
2024-12-12,RUB_TJS,20,0.0000000000,True,9.0791400000,9.4730353659,9.0791400000,0,0,389.2103374469,27.6736704142
2024-12-13,RUB_TJS,20,0.0000000000,True,9.0791400000,9.4695485366,9.0791400000,0,0,449.5651405562,-39.0424773386
2024-12-14,RUB_TJS,20,0.0000000000,True,9.0791400000,9.4618446341,9.0791400000,0,0,400.9870580785,3.6299836651
2024-12-17,RUB_TJS,20,0.0000000000,True,9.0791400000,9.4360112195,9.0791400000,0,0,362.8088067645,15.9720237308
2024-12-18,RUB_TJS,20,0.0000000000,True,9.0791400000,9.4228407317,9.0791400000,0,0,373.0989575878,-8.6696448823
2024-12-19,RUB_TJS,20,0.0000000000,True,9.0791400000,9.4030951220,9.0791400000,0,0,365.5904393834,-21.8703286334
2024-12-20,RUB_TJS,20,0.0000000000,True,9.0791400000,9.3800229268,9.0791400000,0,0,425.6153812084,-109.5062069379
2024-12-21,RUB_TJS,20,0.0000000000,True,9.0791400000,9.3662031707,9.0791400000,0,0,309.0820401101,-2.6764626205
2024-12-24,RUB_TJS,20,0.0000000000,True,9.0791400000,9.3236921951,9.0791400000,0,0,237.6308313638,25.2605884333
2024-12-25,RUB_TJS,20,0.0000000000,True,9.0791400000,9.3152590244,9.0791400000,0,0,64.6841572511,190.0205071343
2024-12-26,RUB_TJS,20,0.0000000000,True,9.0791400000,9.3128014634,9.0791400000,0,0,38.7188227898,213.0094410301
2024-12-27,RUB_TJS,20,0.0000000000,True,9.0791400000,9.3110143902,9.1985400000,1,1,0.0000000000,249.0323615941
2024-12-28,RUB_TJS,20,0.0000000000,True,9.0791400000,9.3170356098,9.3002600000,0,1,0.0000000000,127.1816645544
2024-12-29,RUB_TJS,20,0.0000000000,True,9.0791400000,9.3230612195,9.3002600000,0,1,0.0000000000,24.4567947966
2025-01-10,RUB_TJS,20,0.0000000000,True,8.8714700000,9.2353990244,8.8714700000,0,0,512.1620985716,-124.4786232908
2025-01-11,RUB_TJS,20,0.0000000000,True,8.8714700000,9.2260836585,8.8714700000,0,0,469.5365760903,-89.3730693490
2025-01-14,RUB_TJS,20,0.0000000000,True,8.8714700000,9.1973807317,8.8714700000,0,0,546.3657492016,-203.1113789263
2025-01-15,RUB_TJS,20,0.0000000000,True,8.8714700000,9.1976175610,8.8714700000,0,0,613.0751845331,-275.3565663558
2025-01-16,RUB_TJS,20,0.0000000000,True,8.8714700000,9.1949646341,8.8714700000,0,0,553.8951006583,-213.9272674559
2025-01-17,RUB_TJS,20,0.0000000000,True,8.8714700000,9.1921168293,8.8714700000,0,0,514.0693566461,-174.1961875657
2025-01-18,RUB_TJS,20,0.0000000000,True,8.8545500000,9.1837268293,8.8545500000,0,0,532.3435003988,-183.6870519647
2025-01-21,RUB_TJS,20,0.0000000000,True,8.8545500000,9.1537019512,8.8545500000,0,0,498.1864617762,-180.3620542381
2025-01-22,RUB_TJS,20,0.0000000000,True,8.8459800000,9.1426219512,8.8459800000,0,0,309.9699308245,14.9540813264
2025-01-23,RUB_TJS,20,0.0000000000,True,8.7531500000,9.1292778049,8.7531500000,0,0,250.8907479164,165.2571080677
2025-01-24,RUB_TJS,20,0.0000000000,True,8.5919600000,9.1120021951,8.5919600000,0,0,508.7539257068,65.2899262401
2025-01-25,RUB_TJS,20,0.0000000000,True,8.3195900000,9.0880834146,8.3195900000,0,0,731.6043358622,122.9999874937
2025-01-28,RUB_TJS,20,0.0000000000,True,8.2536600000,9.0115029268,8.2536600000,0,0,696.4009346816,155.3935319849
2025-01-29,RUB_TJS,20,0.0000000000,True,8.2536600000,8.9884758537,8.2536600000,0,0,775.5908547850,45.4424691389
2025-01-30,RUB_TJS,20,0.0000000000,True,8.2536600000,8.9651814634,8.2536600000,0,0,801.3846414465,-8.4086826531
2025-01-31,RUB_TJS,20,0.0000000000,True,8.2536600000,8.9385182927,8.2536600000,0,0,815.7760621713,-53.9929614023
2025-02-01,RUB_TJS,20,0.0000000000,True,8.0821700000,8.9086068293,8.0821700000,0,0,973.2531568378,-50.4828326063
2025-02-04,RUB_TJS,20,0.0000000000,True,8.0499200000,8.8146675610,8.0499200000,0,0,1200.3113262410,-378.1111842492
2025-02-05,RUB_TJS,20,0.0000000000,True,8.0499200000,8.7808287805,8.0499200000,0,0,1061.2659149912,-256.0478345869
2025-02-06,RUB_TJS,20,0.0000000000,True,7.9195400000,8.7449231707,7.9195400000,0,0,1163.5748540008,-248.6663690724
2025-02-07,RUB_TJS,20,0.0000000000,True,7.8513800000,8.7083168293,7.8513800000,0,0,1132.9429502346,-167.9235765059
2025-02-08,RUB_TJS,20,0.0000000000,True,7.8513800000,8.6756980488,7.8513800000,0,0,1168.2219862496,-246.9218615206
2025-02-11,RUB_TJS,20,0.0000000000,True,7.8513800000,8.5837375610,7.8513800000,0,0,1124.3525307541,-305.5107838066
2025-02-12,RUB_TJS,20,0.0000000000,True,7.8513800000,8.5604065854,7.8513800000,0,0,1030.2234052884,-225.1568458952
2025-02-13,RUB_TJS,20,0.0000000000,True,7.8513800000,8.5403300000,7.8513800000,0,0,861.9453535631,-60.4543384155
2025-02-14,RUB_TJS,20,0.0000000000,True,7.8513800000,8.5197590244,7.8513800000,0,0,562.7801370019,234.9468145956
2025-02-15,RUB_TJS,20,0.0000000000,True,7.8513800000,8.5005663415,7.8513800000,0,0,487.3958946698,290.4586959801
2025-02-18,RUB_TJS,20,0.0000000000,True,7.8513800000,8.4429929268,7.8513800000,0,0,604.0700561862,102.8579883720
2025-02-19,RUB_TJS,20,0.0000000000,True,7.8513800000,8.4216495122,7.8513800000,0,0,591.7300864330,90.7892356294
2025-02-20,RUB_TJS,20,0.0000000000,True,7.8513800000,8.3956392683,7.8513800000,0,0,491.4395610118,164.9299878994
2025-02-21,RUB_TJS,20,0.0000000000,True,7.8513800000,8.3695358537,7.8513800000,0,0,285.5544983587,343.3474193589
2025-02-22,RUB_TJS,20,0.0000000000,True,7.8513800000,8.3442390244,7.8513800000,0,0,246.6359914136,352.7212290179
2025-02-25,RUB_TJS,20,0.0000000000,True,7.8280700000,8.2571436585,7.8280700000,0,0,291.9579487294,234.5286294449
2025-02-26,RUB_TJS,20,0.0000000000,True,7.7071200000,8.2254719512,7.7071200000,0,0,268.2226492953,371.9323985709
2025-02-27,RUB_TJS,20,0.0000000000,True,7.4572500000,8.1887614634,7.4572500000,0,0,501.9881855164,412.0054844948
2025-02-28,RUB_TJS,20,0.0000000000,True,7.4572500000,8.1576868293,7.4572500000,0,0,695.9407614425,174.8496016745
2025-03-01,RUB_TJS,20,0.0000000000,True,7.4572500000,8.1292134146,7.4572500000,0,0,775.7761224677,55.1017821152
2025-03-04,RUB_TJS,20,0.0000000000,True,7.4572500000,8.0465024390,7.4572500000,0,0,875.0572048779,-156.4376099175
2025-03-05,RUB_TJS,20,0.0000000000,True,7.4572500000,8.0202004878,7.4572500000,0,0,855.9128023965,-168.4116405824
2025-03-06,RUB_TJS,20,0.0000000000,True,7.4572500000,7.9985424390,7.4572500000,0,0,915.8738473158,-263.2449131586
2025-03-07,RUB_TJS,20,0.0000000000,True,7.4572500000,7.9835578049,7.4572500000,0,0,894.0215400396,-257.8326607671
2025-03-08,RUB_TJS,20,0.0000000000,True,7.4572500000,7.9693514634,7.4572500000,0,0,855.0717884069,-232.3508223165
2025-03-11,RUB_TJS,20,0.0000000000,True,7.4572500000,7.9244543902,7.4572500000,0,0,762.2126837245,-186.8842982281
2025-03-12,RUB_TJS,20,0.0000000000,True,7.4572500000,7.9121492683,7.4572500000,0,0,567.9647875745,7.3927678742
2025-03-13,RUB_TJS,20,0.0000000000,True,7.4572500000,7.9005914634,7.4572500000,0,0,580.1650721148,-20.1865096546
2025-03-14,RUB_TJS,20,0.0000000000,True,7.4572500000,7.8924924390,7.4572500000,0,0,580.0103834945,-30.3041924467
2025-03-15,RUB_TJS,20,0.0000000000,True,7.4572500000,7.8853829268,7.4572500000,0,0,473.7055238392,72.6824903256
2025-03-18,RUB_TJS,20,0.0000000000,True,7.4572500000,7.8630129268,7.4572500000,0,0,324.2067075639,198.2610588078
2025-03-19,RUB_TJS,20,0.0000000000,True,7.4572500000,7.8627841463,7.5804900000,1,1,0.0000000000,515.7640586257
2025-03-20,RUB_TJS,20,0.0000000000,True,7.4572500000,7.8626634146,7.6712000000,0,1,0.0000000000,358.8776471201
2025-03-21,RUB_TJS,20,0.0000000000,True,7.4572500000,7.8600636585,7.6712000000,0,0,66.4421282718,175.0032372667
2025-03-22,RUB_TJS,20,0.0000000000,True,7.4572500000,7.8534443902,7.6712000000,0,0,95.1466063430,138.2251975691
2025-03-25,RUB_TJS,20,0.0000000000,True,7.4572500000,7.8237758537,7.6712000000,0,0,4.6516051947,190.4526106648
2025-03-26,RUB_TJS,20,0.0000000000,True,7.4572500000,7.8102582927,7.6010500000,0,0,133.6062658522,136.0752598701
2025-03-27,RUB_TJS,20,0.0000000000,True,7.4572500000,7.7945804878,7.5663100000,0,0,180.2803813519,114.6443839341
2025-03-28,RUB_TJS,20,0.0000000000,True,7.4572500000,7.7800309756,7.5663100000,0,0,136.7321931380,139.8850158193
2025-03-29,RUB_TJS,20,0.0000000000,True,7.4572500000,7.7653456098,7.5524200000,0,0,158.7260220244,117.3361938220
2025-04-01,RUB_TJS,20,0.0000000000,True,7.4572500000,7.7196243902,7.5023400000,0,0,431.5186948071,-156.8154143731
2025-04-02,RUB_TJS,20,0.0000000000,True,7.4572500000,7.7106668293,7.5023400000,0,0,360.9779913404,-94.1983000173
2025-04-03,RUB_TJS,20,0.0000000000,True,7.4572500000,7.7035446341,7.5023400000,0,0,319.6986881477,-60.4466749595
2025-04-04,RUB_TJS,20,0.0000000000,True,7.4572500000,7.6990187805,7.5023400000,0,0,330.0796681803,-77.1672614473
2025-04-05,RUB_TJS,20,0.0000000000,True,7.4572500000,7.6980756098,7.5023400000,0,0,317.9621924653,-65.7883772663
2025-04-08,RUB_TJS,20,0.0000000000,True,7.4572500000,7.6968139024,7.5023400000,0,0,515.5647926211,-277.1875483353
2025-04-09,RUB_TJS,20,0.0000000000,True,7.5023400000,7.7045734146,7.5023400000,0,0,438.5306438724,-184.1199735944
2025-04-10,RUB_TJS,20,0.0000000000,True,7.5023400000,7.7073663415,7.5023400000,0,0,513.5260215010,-260.9109903791
2025-04-11,RUB_TJS,20,0.0000000000,True,7.5023400000,7.7068465854,7.5023400000,0,0,397.6562230018,-137.7780308171
2025-04-12,RUB_TJS,20,0.0000000000,True,7.5023400000,7.7057809756,7.5023400000,0,0,267.1546274326,-3.2300741458
2025-04-15,RUB_TJS,20,0.0000000000,True,7.5023400000,7.7042943902,7.5023400000,0,0,129.8636372606,134.0088851935
2025-04-16,RUB_TJS,20,0.0000000000,True,7.5023400000,7.7087178049,7.5023400000,0,0,84.5458354204,184.7360462306
2025-04-17,RUB_TJS,20,0.0000000000,True,7.5023400000,7.7104185366,7.5023400000,0,0,119.2302778791,152.4541580040
2025-04-18,RUB_TJS,20,0.0000000000,True,7.5023400000,7.7125636585,7.5023400000,0,0,66.3098715379,207.6399827953
2025-04-19,RUB_TJS,20,0.0000000000,True,7.5023400000,7.7146348780,7.5023400000,1,1,0.0000000000,275.1846087400
2025-04-22,RUB_TJS,20,0.0000000000,True,7.5023400000,7.7167887805,7.6245300000,0,1,0.0000000000,230.3403469293
2025-04-23,RUB_TJS,20,0.0000000000,True,7.5023400000,7.7163668293,7.6950000000,0,1,0.0000000000,119.0156343008
2025-04-24,RUB_TJS,20,0.0000000000,True,7.5023400000,7.7159621951,7.6950000000,0,0,46.3726498380,-19.2948131439
2025-04-25,RUB_TJS,20,0.0000000000,True,7.5023400000,7.7149156098,7.6950000000,0,0,121.1903355843,-96.5459559269
2025-04-26,RUB_TJS,20,0.0000000000,True,7.5023400000,7.7143163415,7.6950000000,0,0,97.1750888938,-72.8433422344
2025-04-29,RUB_TJS,20,0.0000000000,True,7.5023400000,7.7124926829,7.6950000000,0,0,103.3903122544,-81.5525144191
2025-04-30,RUB_TJS,20,0.0000000000,True,7.5023400000,7.7101456098,7.7012000000,0,1,0.0000000000,19.6437402387
2025-05-01,RUB_TJS,20,0.0000000000,True,7.5023400000,7.7069480488,7.7012000000,0,1,0.0000000000,7.4582684924
2025-05-06,RUB_TJS,20,0.0000000000,True,7.5023400000,7.7120070732,7.7155200000,0,0,215.3616711518,-224.7572197285
2025-05-07,RUB_TJS,20,0.0000000000,True,7.5023400000,7.7174680488,7.7155200000,0,0,76.4377905967,-74.4829144172
2025-05-08,RUB_TJS,20,0.0000000000,True,7.5023400000,7.7231480488,7.7155200000,0,0,56.2303860603,-46.6156429893
2025-05-13,RUB_TJS,20,0.0000000000,True,7.6245300000,7.7652614634,7.7155200000,0,0,65.0012876642,-0.9510775508
2025-05-14,RUB_TJS,20,0.0000000000,True,7.6950000000,7.7734741463,7.7155200000,0,0,23.2753002514,51.3980565051
2025-05-15,RUB_TJS,20,0.0000000000,True,7.6950000000,7.7793634146,7.7241500000,0,1,0.0000000000,82.0676593075
2025-05-16,RUB_TJS,20,0.0000000000,True,7.6950000000,7.7829556098,7.7328700000,0,1,0.0000000000,75.5569127009
2025-05-17,RUB_TJS,20,0.0000000000,True,7.6950000000,7.7886614634,7.7328700000,0,0,57.5240980198,14.1891690460
2025-05-20,RUB_TJS,20,0.0000000000,True,7.6950000000,7.8059790244,7.7328700000,0,0,22.3607132719,71.4567951258
2025-05-21,RUB_TJS,20,0.0000000000,True,7.7012000000,7.8131656098,7.7328700000,0,0,57.2045012704,45.8272760933
2025-05-22,RUB_TJS,20,0.0000000000,True,7.7012000000,7.8183870732,7.7408800000,0,1,0.0000000000,109.3794312950
2025-05-23,RUB_TJS,20,0.0000000000,True,7.7012000000,7.8245970732,7.7575200000,0,1,0.0000000000,106.9921842465
2025-05-24,RUB_TJS,20,0.0000000000,True,7.7012000000,7.8308070732,7.7575200000,0,1,0.0000000000,93.5881480490
2025-05-27,RUB_TJS,20,0.0000000000,True,7.7155200000,7.8449458537,7.8257500000,0,1,0.0000000000,69.7721242181
2025-05-28,RUB_TJS,20,0.0000000000,True,7.7155200000,7.8441602439,7.7427400000,0,0,106.0729003610,23.4699997578
2025-05-29,RUB_TJS,20,0.0000000000,True,7.7155200000,7.8445546341,7.7427400000,0,0,154.2464178717,-24.8393525986
2025-05-30,RUB_TJS,20,0.0000000000,True,7.7155200000,7.8456560976,7.7427400000,0,0,124.4214180853,6.8395778431
2025-05-31,RUB_TJS,20,0.0000000000,True,7.7155200000,7.8495439024,7.7427400000,0,0,166.2009754115,-30.6464908789
2025-06-03,RUB_TJS,20,0.0000000000,True,7.7155200000,7.8611587805,7.7427400000,0,0,274.4669492856,-127.3237474361
2025-06-04,RUB_TJS,20,0.0000000000,True,7.7155200000,7.8654219512,7.7427400000,0,0,287.9591987768,-135.8961406564
2025-06-05,RUB_TJS,20,0.0000000000,True,7.7241500000,7.8702673171,7.7427400000,0,0,244.3591022947,-84.3842785146
2025-06-06,RUB_TJS,20,0.0000000000,True,7.7328700000,7.8744263415,7.7427400000,0,0,326.9556309303,-165.1214360238
2025-06-07,RUB_TJS,20,0.0000000000,True,7.7328700000,7.8774117073,7.7427400000,0,0,332.2216409179,-166.8038913859
2025-06-10,RUB_TJS,20,0.0000000000,True,7.7328700000,7.8889343902,7.7427400000,0,0,309.0373170289,-127.6669379842
2025-06-11,RUB_TJS,20,0.0000000000,True,7.7328700000,7.8927060976,7.7427400000,0,0,217.9834446792,-28.6009667153
2025-06-12,RUB_TJS,20,0.0000000000,True,7.7408800000,7.8982087805,7.7427400000,0,0,267.8168533437,-72.9294718753
2025-06-17,RUB_TJS,20,0.0000000000,True,7.7427400000,7.9331070732,7.7753200000,1,1,0.0000000000,239.9653394501
2025-06-18,RUB_TJS,20,0.0000000000,True,7.7427400000,7.9394982927,7.8043100000,0,1,0.0000000000,206.7867346659
2025-06-19,RUB_TJS,20,0.0000000000,True,7.7427400000,7.9451980488,7.8946700000,0,1,0.0000000000,177.3247789614
2025-06-20,RUB_TJS,20,0.0000000000,True,7.7427400000,7.9514885366,7.8946700000,0,0,30.1570363261,41.4243653044
2025-06-21,RUB_TJS,20,0.0000000000,True,7.7427400000,7.9560221951,7.8946700000,0,0,32.1962786152,45.0629651887
2025-06-24,RUB_TJS,20,0.0000000000,True,7.7427400000,7.9660629268,7.8946700000,0,0,17.2476799721,72.4987077804
2025-06-25,RUB_TJS,20,0.0000000000,True,7.7427400000,7.9689402439,7.8946700000,0,0,24.6519538348,68.7170969118
2025-06-26,RUB_TJS,20,0.0000000000,True,7.7427400000,7.9735185366,7.9000100000,0,1,0.0000000000,98.8880081279
2025-06-27,RUB_TJS,20,0.0000000000,True,7.7427400000,7.9764441463,7.9259500000,0,1,0.0000000000,95.8248374077
2025-06-28,RUB_TJS,20,0.0000000000,True,7.7427400000,7.9800729268,7.9259500000,0,1,0.0000000000,67.8225967676
2025-07-01,RUB_TJS,20,0.0000000000,True,7.7427400000,7.9913643902,7.9584800000,0,1,0.0000000000,74.2856755680
2025-07-02,RUB_TJS,20,0.0000000000,True,7.7427400000,7.9977017073,7.9768400000,0,1,0.0000000000,49.0412230318
2025-07-03,RUB_TJS,20,0.0000000000,True,7.7427400000,8.0024417073,8.0400400000,0,1,0.0000000000,31.9923696460
2025-07-04,RUB_TJS,20,0.0000000000,True,7.7427400000,8.0080487805,8.0400400000,0,0,25.2469173328,-65.3607650839
2025-07-05,RUB_TJS,20,0.0000000000,True,7.7427400000,8.0147112195,8.0400400000,0,0,31.8755230450,-63.6813717799
2025-07-08,RUB_TJS,20,0.0000000000,True,7.7753200000,8.0480385366,8.0400400000,0,0,59.0396140355,-49.3927349303
2025-07-09,RUB_TJS,20,0.0000000000,True,7.8043100000,8.0617909756,8.0400400000,0,0,71.2421876254,-44.5794544897
2025-07-10,RUB_TJS,20,0.0000000000,True,7.8946700000,8.0815878049,8.0400400000,0,0,71.8184287866,-20.5556080352
2025-07-11,RUB_TJS,20,0.0000000000,True,7.8946700000,8.0979546341,8.0400400000,0,0,24.1206628716,47.5115456737
2025-07-12,RUB_TJS,20,0.0000000000,True,7.8946700000,8.1103946341,8.0400400000,0,1,0.0000000000,86.7462525808
2025-07-15,RUB_TJS,20,0.0000000000,True,7.8946700000,8.1497629268,8.1243900000,0,1,0.0000000000,72.9873094019
2025-07-16,RUB_TJS,20,0.0000000000,True,7.8946700000,8.1615419512,8.1244000000,0,1,0.0000000000,45.5207501739
2025-07-17,RUB_TJS,20,0.0000000000,True,7.9000100000,8.1755324390,8.1501500000,0,1,0.0000000000,62.5432525719
2025-07-18,RUB_TJS,20,0.0000000000,True,7.9259500000,8.1912039024,8.1501500000,0,0,9.1203406889,41.0365836810
2025-07-19,RUB_TJS,20,0.0000000000,True,7.9259500000,8.2041468293,8.1501500000,0,0,8.0792081150,57.7839844348
2025-07-22,RUB_TJS,20,0.0000000000,True,7.9584800000,8.2464631707,8.1501500000,0,0,30.5316992677,86.5257859696
2025-07-23,RUB_TJS,20,0.0000000000,True,7.9768400000,8.2596746341,8.1857000000,0,1,0.0000000000,132.6016326279
2025-07-24,RUB_TJS,20,0.0000000000,True,8.0400400000,8.2731995122,8.2289700000,0,1,0.0000000000,105.7626037740
2025-07-25,RUB_TJS,20,0.0000000000,True,8.0400400000,8.2841717073,8.3391700000,0,1,0.0000000000,66.6351558941
2025-07-26,RUB_TJS,20,0.0000000000,True,8.0400400000,8.2954448780,8.3391700000,0,0,1.3069136933,-54.0237716121
2025-07-29,RUB_TJS,20,0.0000000000,True,8.0400400000,8.3311531707,8.3971200000,0,1,0.0000000000,-9.6227126113
2025-07-30,RUB_TJS,20,0.0000000000,True,8.0400400000,8.3433209756,8.3971200000,0,0,254.0163742256,-326.7991549016
2025-07-31,RUB_TJS,20,0.0000000000,True,8.0400400000,8.3552714634,8.3971200000,0,0,224.0735588078,-280.4439539893
2025-08-01,RUB_TJS,20,0.0000000000,True,8.0400400000,8.3672541463,8.3971200000,0,0,39.2516912390,-75.2407570721
2025-08-02,RUB_TJS,20,0.0000000000,True,8.0400400000,8.3792207317,8.3971200000,0,0,67.5754797883,-89.5420596915
2025-08-05,RUB_TJS,20,0.0000000000,True,8.1243900000,8.4177446341,8.4566100000,0,1,0.0000000000,24.5013777950
2025-08-06,RUB_TJS,20,0.0000000000,True,8.1244000000,8.4255465854,8.4442700000,0,0,28.3528650446,-50.7188634009
2025-08-07,RUB_TJS,20,0.0000000000,True,8.1501500000,8.4319085366,8.3852400000,0,0,184.1372706478,-131.2057204304
2025-08-08,RUB_TJS,20,0.0000000000,True,8.1501500000,8.4372182927,8.3752900000,0,0,96.1614642274,-22.9835315911
2025-08-09,RUB_TJS,20,0.0000000000,True,8.1501500000,8.4423412195,8.3667800000,0,0,164.0080458108,-75.7476851800
2025-08-12,RUB_TJS,20,0.0000000000,True,8.1501500000,8.4600329268,8.3667800000,0,0,156.9031134745,-47.4195236800
2025-08-13,RUB_TJS,20,0.0000000000,True,8.1857000000,8.4686051220,8.3667800000,0,0,192.9117983534,-74.1029687240
2025-08-14,RUB_TJS,20,0.0000000000,True,8.2289700000,8.4776914634,8.3667800000,0,0,168.5849416880,-38.4049557900
2025-08-15,RUB_TJS,20,0.0000000000,True,8.3391700000,8.4866278049,8.3667800000,0,0,188.9903200652,-48.6909477734
2025-08-16,RUB_TJS,20,0.0000000000,True,8.3391700000,8.4927263415,8.3667800000,0,0,226.9915933798,-80.5202661514
2025-08-19,RUB_TJS,20,0.0000000000,True,8.3667800000,8.5130424390,8.3667800000,0,0,267.3495715171,-98.1641540896
2025-08-20,RUB_TJS,20,0.0000000000,True,8.3667800000,8.5150453659,8.3667800000,0,0,257.7848365833,-85.8769754059
2025-08-21,RUB_TJS,20,0.0000000000,True,8.3667800000,8.5200180488,8.3667800000,0,0,215.1736042485,-36.0937629984
2025-08-22,RUB_TJS,20,0.0000000000,True,8.3667800000,8.5332029268,8.3667800000,0,0,192.1185557524,2.9683189899
2025-08-23,RUB_TJS,20,0.0000000000,True,8.3667800000,8.5466131707,8.3667800000,0,0,252.2345769915,-42.9021748567
2025-08-26,RUB_TJS,20,0.0000000000,True,8.3667800000,8.5783548780,8.3667800000,0,0,91.7663693842,156.3060516322
2025-08-27,RUB_TJS,20,0.0000000000,True,8.3667800000,8.5847600000,8.3667800000,0,0,22.0148737544,232.4118554275
2025-08-28,RUB_TJS,20,0.0000000000,True,8.3667800000,8.5897943902,8.3667800000,0,0,10.1608421917,249.7200520743
2025-08-29,RUB_TJS,20,0.0000000000,True,8.3667800000,8.5973439024,8.4046500000,1,1,0.0000000000,268.1803881006
2025-08-30,RUB_TJS,20,0.0000000000,True,8.3667800000,8.6048263415,8.4046500000,0,1,0.0000000000,232.6326337335
2025-09-02,RUB_TJS,20,0.0000000000,True,8.3667800000,8.6309868293,8.5582400000,0,1,0.0000000000,149.8980728711
2025-09-03,RUB_TJS,20,0.0000000000,True,8.3667800000,8.6402702439,8.5903000000,0,1,0.0000000000,94.9394423865
2025-09-04,RUB_TJS,20,0.0000000000,True,8.3667800000,8.6484112195,8.5903000000,0,0,5.8868971166,61.3421565715
2025-09-05,RUB_TJS,20,0.0000000000,True,8.3667800000,8.6579821951,8.6175500000,0,1,0.0000000000,78.1731742993
2025-09-06,RUB_TJS,20,0.0000000000,True,8.3667800000,8.6660246341,8.6175500000,0,1,0.0000000000,55.9364139762
2025-09-09,RUB_TJS,20,0.0000000000,True,8.3667800000,8.6893241463,8.7308900000,0,1,0.0000000000,-10.0995814067
2025-09-10,RUB_TJS,20,0.0000000000,True,8.3667800000,8.6949126829,8.7308900000,0,0,71.1664451007,-113.3505541311
2025-09-11,RUB_TJS,20,0.0000000000,True,8.3667800000,8.7007407317,8.7308900000,0,0,267.4234933601,-310.3750319884
2025-09-12,RUB_TJS,20,0.0000000000,True,8.3667800000,8.7044714634,8.6836300000,0,0,355.8835060145,-344.1892340558
2025-09-13,RUB_TJS,20,0.0000000000,True,8.3667800000,8.7058860976,8.6412800000,0,0,256.7704850936,-187.3719695055
2025-09-16,RUB_TJS,20,0.0000000000,True,8.3667800000,8.7244339024,8.6412800000,0,0,102.6355846884,-7.4000188816
2025-09-17,RUB_TJS,20,0.0000000000,True,8.3667800000,8.7372417073,8.6412800000,0,0,123.0661965150,-13.4004449861
2025-09-18,RUB_TJS,20,0.0000000000,True,8.3667800000,8.7475034146,8.6412800000,0,0,142.4344124096,-21.3050335421
2025-09-19,RUB_TJS,20,0.0000000000,True,8.4046500000,8.7569085366,8.6412800000,0,0,194.9263990868,-64.1338928915
2025-09-20,RUB_TJS,20,0.0000000000,True,8.4046500000,8.7650919512,8.6412800000,0,0,248.8103392437,-110.2989555826
2025-09-23,RUB_TJS,20,0.0000000000,True,8.5582400000,8.7871170732,8.6412800000,0,0,303.7484374965,-142.0977162243
2025-09-24,RUB_TJS,20,0.0000000000,True,8.5903000000,8.7912217073,8.6412800000,0,0,229.2506922749,-60.0693446725
2025-09-25,RUB_TJS,20,0.0000000000,True,8.5903000000,8.7924039024,8.6412800000,0,0,312.8573286280,-145.5302770218
2025-09-26,RUB_TJS,20,0.0000000000,True,8.5245200000,8.7907995122,8.5245200000,0,0,412.0303458050,-113.8127284851
2025-09-27,RUB_TJS,20,0.0000000000,True,8.5245200000,8.7895648780,8.5245200000,0,0,412.5910855133,-115.8249849267
2025-09-30,RUB_TJS,20,0.0000000000,True,8.5245200000,8.7994465854,8.5245200000,0,0,332.0517618772,-20.2892471259
2025-10-01,RUB_TJS,20,0.0000000000,True,8.5245200000,8.8002963415,8.5245200000,0,0,301.7160956208,12.0181651311
2025-10-02,RUB_TJS,20,0.0000000000,True,8.5245200000,8.7968934146,8.5245200000,0,0,183.2298243937,128.7538785519
2025-10-03,RUB_TJS,20,0.0000000000,True,8.5245200000,8.7934926829,8.5245200000,0,0,135.1188712783,173.0969575063
2025-10-04,RUB_TJS,20,0.0000000000,True,8.5245200000,8.7914848780,8.5245200000,0,0,302.4994226676,1.1998860982
2025-10-07,RUB_TJS,20,0.0000000000,True,8.5245200000,8.7864756098,8.5245200000,0,0,433.0240304544,-140.9944052042
2025-10-08,RUB_TJS,20,0.0000000000,True,8.4780400000,8.7798680488,8.4780400000,0,0,361.5044076753,-18.3965762695
2025-10-09,RUB_TJS,20,0.0000000000,True,8.4780400000,8.7754929268,8.4780400000,0,0,313.4572385371,26.3266428700
2025-10-10,RUB_TJS,20,0.0000000000,True,8.4780400000,8.7690185366,8.4780400000,0,0,299.9140748979,32.8982502033
2025-10-11,RUB_TJS,20,0.0000000000,True,8.4780400000,8.7643370732,8.4780400000,0,0,297.4829422819,30.0730938925
2025-10-14,RUB_TJS,20,0.0000000000,True,8.4780400000,8.7532080488,8.4780400000,0,0,284.7523586122,30.4780243218
2025-10-15,RUB_TJS,20,0.0000000000,True,8.4780400000,8.7503717073,8.4780400000,0,0,191.8015509329,121.7567788897
2025-10-16,RUB_TJS,20,0.0000000000,True,8.4780400000,8.7456736585,8.4780400000,0,0,54.5250641678,252.8720681462
2025-10-17,RUB_TJS,20,0.0000000000,True,8.4780400000,8.7423507317,8.4780400000,0,0,103.7594564214,200.6562503505
2025-10-18,RUB_TJS,20,0.0000000000,True,8.4780400000,8.7394680488,8.4780400000,0,0,343.3130776985,-45.7487240600
2025-10-21,RUB_TJS,20,0.0000000000,True,8.4780400000,8.7314368293,8.4780400000,0,0,396.7577033430,-110.9475709736
2025-10-22,RUB_TJS,20,0.0000000000,True,8.4780400000,8.7300780488,8.4780400000,0,0,399.9764473286,-115.9118517086
2025-10-23,RUB_TJS,20,0.0000000000,True,8.4780400000,8.7321097561,8.4780400000,0,0,436.1147209588,-151.7734517823
2025-10-24,RUB_TJS,20,0.0000000000,True,8.4780400000,8.7349878049,8.4780400000,0,0,351.2699321360,-59.1897736744
2025-10-25,RUB_TJS,20,0.0000000000,True,8.4780400000,8.7324409756,8.4780400000,0,0,315.8029404273,-25.2724575544
2025-10-28,RUB_TJS,20,0.0000000000,True,8.4780400000,8.7260278049,8.5476200000,1,1,0.0000000000,284.1932325031
2025-10-29,RUB_TJS,20,0.0000000000,True,8.4780400000,8.7247563415,8.5476200000,0,0,45.5818026823,158.1664129778
2025-10-30,RUB_TJS,20,0.0000000000,True,8.4780400000,8.7242609756,8.6698300000,0,1,0.0000000000,202.4709899252
2025-10-31,RUB_TJS,20,0.0000000000,True,8.4780400000,8.7237795122,8.6860100000,0,1,0.0000000000,61.8419024916
2025-11-01,RUB_TJS,20,0.0000000000,True,8.4780400000,8.7227765854,8.6860100000,0,0,43.2612122081,-1.1159458512
2025-11-02,RUB_TJS,20,0.0000000000,True,8.4780400000,8.7171085366,8.5055900000,0,0,254.5332468657,-12.1960892996
2025-11-06,RUB_TJS,20,0.0000000000,True,8.4780400000,8.7017453659,8.4938100000,0,0,297.9001920131,-60.7517594732
2025-11-07,RUB_TJS,20,0.0000000000,True,8.4584400000,8.6990992683,8.4584400000,0,0,358.7524705979,-85.1590830528
2025-11-08,RUB_TJS,20,0.0000000000,True,8.4266100000,8.6904934146,8.4266100000,0,0,377.1988324662,-76.4359193392
2025-11-11,RUB_TJS,20,0.0000000000,True,8.4242500000,8.6633114634,8.4242500000,0,0,354.6595435544,-81.6068276939
2025-11-12,RUB_TJS,20,0.0000000000,True,8.3824400000,8.6523643902,8.3824400000,0,0,438.5685753166,-132.4095987974
2025-11-13,RUB_TJS,20,0.0000000000,True,8.3565900000,8.6399729268,8.3565900000,0,0,459.7295668137,-138.0873229362
2025-11-14,RUB_TJS,20,0.0000000000,True,8.3565900000,8.6310931707,8.3565900000,0,0,379.2535352826,-63.6267367088
2025-11-15,RUB_TJS,20,0.0000000000,True,8.3207200000,8.6205129268,8.3207200000,0,0,482.7308538722,-141.8095120422
2025-11-18,RUB_TJS,20,0.0000000000,True,8.2293700000,8.5888312195,8.2293700000,0,0,588.4337520257,-180.5353679969
2025-11-19,RUB_TJS,20,0.0000000000,True,8.2293700000,8.5832258537,8.2293700000,0,0,575.7047576293,-173.4244780219
2025-11-20,RUB_TJS,20,0.0000000000,True,8.2293700000,8.5777353659,8.2293700000,0,0,563.1144335772,-166.3546706213
2025-11-21,RUB_TJS,20,0.0000000000,True,8.2293700000,8.5721217073,8.2293700000,0,0,537.5388358557,-145.5162408350
2025-11-22,RUB_TJS,20,0.0000000000,True,8.2293700000,8.5690956098,8.2293700000,0,0,324.7511342541,74.1100492376
2025-11-25,RUB_TJS,20,0.0000000000,True,8.2293700000,8.5620434146,8.2293700000,0,0,311.3326057447,79.6929089585
2025-11-26,RUB_TJS,20,0.0000000000,True,8.2293700000,8.5589531707,8.2293700000,0,0,316.0868818237,71.2390516871
2025-11-27,RUB_TJS,20,0.0000000000,True,8.2293700000,8.5555568293,8.2293700000,0,0,270.8182596318,113.5131601675
2025-11-28,RUB_TJS,20,0.0000000000,True,8.2293700000,8.5537709756,8.2293700000,0,0,234.0680297296,148.6607204850
2025-11-29,RUB_TJS,20,0.0000000000,True,8.2293700000,8.5514768293,8.2293700000,0,0,231.3321660682,148.7776109418
2025-12-02,RUB_TJS,20,0.0000000000,True,8.2293700000,8.5505363415,8.2293700000,0,0,182.6079280019,196.5915759556
2025-12-03,RUB_TJS,20,0.0000000000,True,8.2293700000,8.5460773171,8.2293700000,0,0,152.2391310331,221.7243187054
2025-12-04,RUB_TJS,20,0.0000000000,True,8.2293700000,8.5398790244,8.2293700000,0,0,229.4416701691,137.3075942356
2025-12-05,RUB_TJS,20,0.0000000000,True,8.2293700000,8.5349780488,8.2293700000,0,0,109.7861723505,251.0352663544
2025-12-06,RUB_TJS,20,0.0000000000,True,8.2293700000,8.5271219512,8.2293700000,1,1,0.0000000000,349.1822363077
2025-12-09,RUB_TJS,20,0.0000000000,True,8.2293700000,8.5021329268,8.3225100000,0,0,41.1992906494,170.7723556887
2025-12-10,RUB_TJS,20,0.0000000000,True,8.2293700000,8.4934248780,8.3750500000,0,1,0.0000000000,201.2319888653
2025-12-11,RUB_TJS,20,0.0000000000,True,8.2293700000,8.4869736585,8.3750500000,0,0,76.5669747751,55.7367801996
2025-12-12,RUB_TJS,20,0.0000000000,True,8.2293700000,8.4810973171,8.3750500000,0,0,261.2073937635,-139.8199767006
2025-12-13,RUB_TJS,20,0.0000000000,True,8.2293700000,8.4798860976,8.3750500000,0,0,296.9520446372,-178.6272842540
2025-12-16,RUB_TJS,20,0.0000000000,True,8.2293700000,8.4765397561,8.3750500000,0,0,262.7472956759,-146.8762578656
2025-12-17,RUB_TJS,20,0.0000000000,True,8.2293700000,8.4755141463,8.3750500000,0,0,278.9320469487,-164.9998469047
2025-12-18,RUB_TJS,20,0.0000000000,True,8.2293700000,8.4754529268,8.3750500000,0,0,373.4614871793,-264.8909446008
2025-12-19,RUB_TJS,20,0.0000000000,True,8.2293700000,8.4761680488,8.3750500000,0,0,332.2343891048,-220.2551319713
2025-12-20,RUB_TJS,20,0.0000000000,True,8.2293700000,8.4769407317,8.3750500000,0,0,413.6472220346,-306.1119294159
2025-12-23,RUB_TJS,20,0.0000000000,True,8.2293700000,8.4802785366,8.3750500000,0,0,243.5430114479,-122.4387418016
2025-12-24,RUB_TJS,20,0.0000000000,True,8.2293700000,8.4822041463,8.3750500000,0,0,152.9661440421,-27.0517583197
2025-12-25,RUB_TJS,20,0.0000000000,True,8.2293700000,8.4825958537,8.3750500000,0,0,129.6630434398,-2.9167325476
2025-12-26,RUB_TJS,20,0.0000000000,True,8.2293700000,8.4847246341,8.3750500000,0,0,54.1644004152,75.5058495222
2025-12-27,RUB_TJS,20,0.0000000000,True,8.2293700000,8.4890063415,8.3750500000,0,0,31.6248533021,102.9406009942
2025-12-30,RUB_TJS,20,0.0000000000,True,8.3225100000,8.4942202439,8.3431500000,0,0,38.0893248399,140.2956839835
2025-12-31,RUB_TJS,20,0.0000000000,True,8.3351500000,8.4945285366,8.3351500000,0,0,142.8346734185,45.4392923858
2026-01-13,RUB_TJS,20,0.0000000000,True,8.0815200000,8.3392656098,8.0815200000,0,0,419.6767486136,-115.4470846105
2026-01-14,RUB_TJS,20,0.0000000000,True,8.0815200000,8.3322895122,8.0815200000,0,0,423.2415496262,-127.6845789494
2026-01-15,RUB_TJS,20,0.0000000000,True,8.0815200000,8.3259265854,8.0815200000,0,0,388.2968601332,-98.5757126161
2026-01-16,RUB_TJS,20,0.0000000000,True,8.0815200000,8.3209482927,8.0815200000,0,0,384.7746320013,-100.9160306776
2026-01-17,RUB_TJS,20,0.0000000000,True,8.0815200000,8.3151424390,8.0815200000,0,0,313.5865949911,-33.6825991629
2026-01-20,RUB_TJS,20,0.0000000000,True,8.0815200000,8.3021141463,8.0815200000,0,0,304.2896648531,-39.7920976226
2026-01-21,RUB_TJS,20,0.0000000000,True,8.0815200000,8.2978909756,8.0815200000,0,0,315.3277848681,-56.3504925862
2026-01-22,RUB_TJS,20,0.0000000000,True,8.0815200000,8.2921246341,8.0815200000,0,0,264.0265616793,-10.3174593137
2026-01-23,RUB_TJS,20,0.0000000000,True,8.0815200000,8.2867482927,8.0815200000,0,0,66.4244378998,182.4458609614
2026-01-24,RUB_TJS,20,0.0000000000,True,8.0815200000,8.2802782927,8.0815200000,0,0,41.8704947323,199.0009113927
2026-01-27,RUB_TJS,20,0.0000000000,True,8.0815200000,8.2595036585,8.0815200000,0,0,52.9751765019,163.3798641122
2026-01-28,RUB_TJS,20,0.0000000000,True,8.0815200000,8.2510958537,8.0815200000,0,0,122.2146034167,84.3352869640
2026-01-29,RUB_TJS,20,0.0000000000,True,8.0815200000,8.2427936585,8.0815200000,0,0,90.3958681780,106.2184280762
2026-01-30,RUB_TJS,20,0.0000000000,True,8.0576000000,8.2330782927,8.0576000000,0,0,60.9472542898,153.1241270898
2026-01-31,RUB_TJS,20,0.0000000000,True,8.0576000000,8.2244741463,8.0576000000,0,0,29.5983923816,173.8155458912
2026-02-03,RUB_TJS,20,0.0000000000,True,8.0576000000,8.2000524390,8.0576000000,0,0,196.5293163632,-23.2651694821
2026-02-04,RUB_TJS,20,0.0000000000,True,8.0576000000,8.1921668293,8.0576000000,0,0,202.5609816894,-39.0899885209
2026-02-05,RUB_TJS,20,0.0000000000,True,8.0576000000,8.1845902439,8.0576000000,0,0,193.4510226312,-39.0486941254
2026-02-06,RUB_TJS,20,0.0000000000,True,8.0576000000,8.1763792683,8.0576000000,0,0,129.8204954199,15.6539561983
2026-02-07,RUB_TJS,20,0.0000000000,True,8.0576000000,8.1709773171,8.0576000000,0,0,191.2544691170,-53.5219732350
2026-02-10,RUB_TJS,20,0.0000000000,True,8.0576000000,8.1551912195,8.0576000000,0,0,271.8652433120,-156.4509979638
2026-02-11,RUB_TJS,20,0.0000000000,True,8.0576000000,8.1492236585,8.0576000000,0,0,196.9825451882,-86.2491255714
2026-02-12,RUB_TJS,20,0.0000000000,True,8.0576000000,8.1451302439,8.0576000000,0,0,216.0160281707,-110.9494303854
2026-02-13,RUB_TJS,20,0.0000000000,True,8.0576000000,8.1452500000,8.0576000000,0,0,162.4533309892,-55.7502839078
2026-02-14,RUB_TJS,20,0.0000000000,True,8.0576000000,8.1464851220,8.0576000000,0,0,140.0022760618,-31.3323815936
2026-02-17,RUB_TJS,20,0.0000000000,True,8.0576000000,8.1573056098,8.0576000000,0,0,66.0937147479,56.5083766152
2026-02-18,RUB_TJS,20,0.0000000000,True,8.0576000000,8.1593760976,8.0576000000,0,0,71.3938936904,53.7248155212
2026-02-19,RUB_TJS,20,0.0000000000,True,8.0576000000,8.1604968293,8.0682700000,1,1,0.0000000000,126.0913782838
2026-02-20,RUB_TJS,20,0.0000000000,True,8.0576000000,8.1636553659,8.0682700000,0,0,43.0572764206,74.1032823442
2026-02-21,RUB_TJS,20,0.0000000000,True,8.0576000000,8.1671970732,8.0682700000,0,0,58.0380192154,63.4576008224
2026-02-25,RUB_TJS,20,0.0000000000,True,8.0576000000,8.1883387805,8.0682700000,0,0,35.9252892301,111.1077386107
2026-02-26,RUB_TJS,20,0.0000000000,True,8.0576000000,8.1958197561,8.0999800000,0,1,0.0000000000,155.6278199050
2026-02-27,RUB_TJS,20,0.0000000000,True,8.0576000000,8.2077260976,8.0999800000,0,0,26.7063301021,104.8476722274
2026-02-28,RUB_TJS,20,0.0000000000,True,8.0576000000,8.2227312195,8.0999800000,0,0,30.4748213481,119.1711329195
2026-03-03,RUB_TJS,20,0.0000000000,True,8.0576000000,8.2643390244,8.1328500000,0,1,0.0000000000,198.8773983076
2026-03-04,RUB_TJS,20,0.0000000000,True,8.0576000000,8.2786446341,8.1404700000,0,1,0.0000000000,176.1093036232
2026-03-05,RUB_TJS,20,0.0000000000,True,8.0576000000,8.2847926829,8.1661400000,0,1,0.0000000000,174.2019244781
2026-03-06,RUB_TJS,20,0.0000000000,True,8.0576000000,8.2914178049,8.2011900000,0,1,0.0000000000,151.0933447406
2026-03-07,RUB_TJS,20,0.0000000000,True,8.0576000000,8.3021085366,8.2011900000,0,0,78.8856092132,43.0114065939
2026-03-11,RUB_TJS,20,0.0000000000,True,8.0576000000,8.3367363415,8.2267300000,0,1,0.0000000000,162.5892146658
2026-03-12,RUB_TJS,20,0.0000000000,True,8.0682700000,8.3466792683,8.2267300000,0,0,11.8739611802,131.9917355770
2026-03-13,RUB_TJS,20,0.0000000000,True,8.0682700000,8.3544526829,8.3454200000,0,1,0.0000000000,152.8797729477
2026-03-14,RUB_TJS,20,0.0000000000,True,8.0682700000,8.3609070732,8.3454200000,0,1,0.0000000000,18.5231973459
2026-03-17,RUB_TJS,20,0.0000000000,True,8.0682700000,8.3764551220,8.3278600000,0,0,129.2534826139,-72.1723893564
2026-03-18,RUB_TJS,20,0.0000000000,True,8.0682700000,8.3794982927,8.2221300000,0,0,353.3151008944,-171.5755553559
2026-03-19,RUB_TJS,20,0.0000000000,True,8.0999800000,8.3837917073,8.2221300000,0,0,496.5590736661,-319.6027549791
2026-03-20,RUB_TJS,20,0.0000000000,True,8.0999800000,8.3856458537,8.1976900000,0,0,716.0087520612,-529.8031351367
2026-03-21,RUB_TJS,20,0.0000000000,True,8.0999800000,8.3864829268,8.1590600000,0,0,734.7002739029,-500.2777407780
2026-03-24,RUB_TJS,20,0.0000000000,True,8.0816900000,8.3839368293,8.0816900000,0,0,822.5604244360,-503.4665448076
2026-03-25,RUB_TJS,20,0.0000000000,True,8.0190300000,8.3811607317,8.0190300000,0,0,552.0307932659,-126.9624479222
2026-03-26,RUB_TJS,20,0.0000000000,True,7.9843000000,8.3773517073,7.9843000000,0,0,564.8471040345,-101.3903864257
2026-03-27,RUB_TJS,20,0.0000000000,True,7.9340500000,8.3716909756,7.9340500000,0,0,785.4286653357,-285.0547459115
2026-03-28,RUB_TJS,20,0.0000000000,True,7.9340500000,8.3657748780,7.9340500000,0,0,673.3397203430,-168.6336579788
2026-03-31,RUB_TJS,20,0.0000000000,True,7.9340500000,8.3488234146,7.9340500000,0,0,632.7184543965,-145.0941999247
2026-04-01,RUB_TJS,20,0.0000000000,True,7.9340500000,8.3428234146,7.9340500000,0,0,627.5176426950,-146.7567743926
2026-04-02,RUB_TJS,20,0.0000000000,True,7.8915000000,8.3344085366,7.8915000000,0,0,629.7532495752,-104.9402162501
2026-04-03,RUB_TJS,20,0.0000000000,True,7.8915000000,8.3274373171,7.8915000000,0,0,582.9355608592,-63.1198782116
2026-04-04,RUB_TJS,20,0.0000000000,True,7.8915000000,8.3173180488,7.8915000000,0,0,523.9761475337,-12.6747001349
2026-04-07,RUB_TJS,20,0.0000000000,True,7.8915000000,8.2904456098,7.8915000000,0,0,402.1220778557,82.4028200314
2026-04-08,RUB_TJS,20,0.0000000000,True,7.8915000000,8.2762046341,7.8915000000,0,0,427.9320257633,38.5498372221
2026-04-09,RUB_TJS,20,0.0000000000,True,7.8915000000,8.2585365854,7.8915000000,0,0,373.5076588649,73.6772002363
2026-04-10,RUB_TJS,20,0.0000000000,True,7.8915000000,8.2371687805,7.8915000000,0,0,327.9299331050,94.8247906160
2026-04-11,RUB_TJS,20,0.0000000000,True,7.8915000000,8.2164563415,7.8915000000,0,0,235.3344411874,164.0200298800
2026-04-14,RUB_TJS,20,0.0000000000,True,7.8915000000,8.1543190244,7.8915000000,0,0,159.0341974029,165.9108798486
2026-04-15,RUB_TJS,20,0.0000000000,True,7.8915000000,8.1432385366,7.8915000000,0,0,116.2280976416,195.1785347700
2026-04-16,RUB_TJS,20,0.0000000000,True,7.8915000000,8.1328017073,7.8915000000,0,0,53.6296090899,244.3828270622
2026-04-17,RUB_TJS,20,0.0000000000,True,7.8915000000,8.1183997561,7.8915000000,0,0,164.9334981754,116.4758560042
2026-04-18,RUB_TJS,20,0.0000000000,True,7.8915000000,8.1050760976,7.8915000000,0,0,178.2636130897,86.7926429243
2026-04-21,RUB_TJS,20,0.0000000000,True,7.8915000000,8.0638858537,7.8915000000,0,0,80.0609413477,134.7933931992
2026-04-22,RUB_TJS,20,0.0000000000,True,7.8915000000,8.0508702439,7.9273500000,1,1,0.0000000000,197.9540584735
2026-04-23,RUB_TJS,20,0.0000000000,True,7.8855000000,8.0377880488,7.8855000000,0,0,69.7778969917,120.5282450751
2026-04-24,RUB_TJS,20,0.0000000000,True,7.8384500000,8.0245795122,7.8384500000,0,0,116.1082550599,117.2017948756
2026-04-25,RUB_TJS,20,0.0000000000,True,7.8206300000,8.0122080488,7.8206300000,0,0,234.7833470268,4.4283033577
2026-04-28,RUB_TJS,20,0.0000000000,True,7.8206300000,7.9780148780,7.8206300000,0,0,149.5832803276,48.4141464251
2026-04-29,RUB_TJS,20,0.0000000000,True,7.7420800000,7.9657656098,7.7420800000,0,0,233.7098778280,48.2258851667
2026-04-30,RUB_TJS,20,0.0000000000,True,7.6422000000,7.9522170732,7.6422000000,0,0,391.8107480161,-2.0408482494
2026-05-01,RUB_TJS,20,0.0000000000,True,7.6145500000,7.9389363415,7.6145500000,0,0,430.1713119421,-22.5391132602
2026-05-05,RUB_TJS,20,0.0000000000,True,7.6145500000,7.8993990244,7.6145500000,0,0,521.2323250681,-169.4698232061
2026-05-06,RUB_TJS,20,0.0000000000,True,7.6145500000,7.8927156098,7.6145500000,0,0,522.5418762867,-179.4875138651
2026-05-07,RUB_TJS,20,0.0000000000,True,7.6145500000,7.8881343902,7.6145500000,0,0,505.3710480869,-166.9794190107
2026-05-08,RUB_TJS,20,0.0000000000,True,7.6145500000,7.8793417073,7.6145500000,0,0,434.6793826580,-103.1028932372
2026-05-09,RUB_TJS,20,0.0000000000,True,7.6145500000,7.8714968293,7.6145500000,0,0,399.7544007403,-76.3808612717
2026-05-13,RUB_TJS,20,0.0000000000,True,7.6145500000,7.8434095122,7.6145500000,0,0,343.6053515947,-53.6635091403
2026-05-14,RUB_TJS,20,0.0000000000,True,7.6145500000,7.8410529268,7.6145500000,0,0,285.6432075219,3.3196139008
2026-05-15,RUB_TJS,20,0.0000000000,True,7.6145500000,7.8405929268,7.6145500000,0,0,263.5081828446,25.4609912995
2026-05-16,RUB_TJS,20,0.0000000000,True,7.6145500000,7.8405258537,7.6145500000,0,0,269.3311830458,19.4066749381
2026-05-19,RUB_TJS,20,0.0000000000,True,7.6145500000,7.8354953659,7.6145500000,0,0,164.7231751674,119.2207531138
2026-05-20,RUB_TJS,20,0.0000000000,True,7.6145500000,7.8332514634,7.6145500000,0,0,36.1806809557,243.8980343054
2026-05-21,RUB_TJS,20,0.0000000000,True,7.6145500000,7.8262997561,7.6211900000,1,1,0.0000000000,270.5617759307
2026-05-22,RUB_TJS,20,0.0000000000,True,7.6145500000,7.8195790244,7.6633400000,0,1,0.0000000000,253.7080625075
2026-05-23,RUB_TJS,20,0.0000000000,True,7.6145500000,7.8136243902,7.6633400000,0,0,13.8390088038,178.7446942270
2026-05-26,RUB_TJS,20,0.0000000000,True,7.6145500000,7.7938960976,7.6633400000,0,0,60.8797605275,107.2840804064
2026-05-27,RUB_TJS,20,0.0000000000,True,7.6145500000,7.7875778049,7.6633400000,0,0,106.9941210035,53.1074050421
2026-05-28,RUB_TJS,20,0.0000000000,True,7.6145500000,7.7812082927,7.6688200000,0,1,0.0000000000,151.4781358491
2026-05-29,RUB_TJS,20,0.0000000000,True,7.6145500000,7.7781143902,7.6688200000,0,0,57.3959334067,83.5991693893
2026-05-30,RUB_TJS,20,0.0000000000,True,7.6145500000,7.7768187805,7.6688200000,0,0,8.5207729670,130.4630895378
2026-06-02,RUB_TJS,20,0.0000000000,True,7.6145500000,7.7735165854,7.6688200000,0,0,90.0304839833,45.0588674781
2026-06-03,RUB_TJS,20,0.0000000000,True,7.6145500000,7.7748417073,7.6688200000,0,0,223.6913729605,-89.3243815081
2026-06-04,RUB_TJS,20,0.0000000000,True,7.6145500000,7.7795295122,7.6688200000,0,0,306.9516296812,-169.8566572667
2026-06-05,RUB_TJS,20,0.0000000000,True,7.6145500000,7.7849500000,7.6688200000,0,0,421.0514482426,-283.8296970437
2026-06-06,RUB_TJS,20,0.0000000000,True,7.6145500000,7.7927607317,7.6688200000,0,0,313.2570905995,-159.1980975213
2026-06-09,RUB_TJS,20,0.0000000000,True,7.6145500000,7.8306429268,7.6688200000,0,0,212.5367724479,-6.0110941269
2026-06-10,RUB_TJS,20,0.0000000000,True,7.6145500000,7.8488829268,7.6812800000,0,1,0.0000000000,229.4121705062
2026-06-11,RUB_TJS,20,0.0000000000,True,7.6211900000,7.8690414634,7.7126900000,0,1,0.0000000000,238.6077952284
2026-06-12,RUB_TJS,20,0.0000000000,True,7.6633400000,7.8888687805,7.7126900000,0,1,0.0000000000,223.3257839496
2026-06-16,RUB_TJS,20,0.0000000000,True,7.6633400000,7.9528712195,7.7587000000,0,0,21.3881597308,223.2416628055
2026-06-17,RUB_TJS,20,0.0000000000,True,7.6633400000,7.9689073171,7.8337300000,0,1,0.0000000000,263.7843668012
2026-06-18,RUB_TJS,20,0.0000000000,True,7.6688200000,7.9821180488,7.8785000000,0,1,0.0000000000,185.9005941451
2026-06-19,RUB_TJS,20,0.0000000000,True,7.6688200000,7.9949275610,7.8864900000,0,1,0.0000000000,145.6267865939
2026-06-20,RUB_TJS,20,0.0000000000,True,7.6688200000,8.0080687805,7.8864900000,0,1,0.0000000000,151.8203499751
2026-06-23,RUB_TJS,20,0.0000000000,True,7.6688200000,8.0510541463,8.0306500000,0,1,0.0000000000,138.1485508851
2026-06-24,RUB_TJS,20,0.0000000000,True,7.6688200000,8.0616612195,8.0428700000,0,1,0.0000000000,38.4675300385
2026-06-25,RUB_TJS,20,0.0000000000,True,7.6688200000,8.0729239024,8.1455500000,0,1,0.0000000000,37.2280264279
2026-06-26,RUB_TJS,20,0.0000000000,True,7.6688200000,8.0831153659,8.2049800000,0,1,0.0000000000,-77.2408054574
2026-06-27,RUB_TJS,20,0.0000000000,True,7.6688200000,8.0964207317,8.2049800000,0,0,132.6592337730,-270.3284272710
2026-06-30,RUB_TJS,20,0.0000000000,True,7.6688200000,8.1392897561,8.2049800000,0,0,220.5710580641,-308.0738632196
2026-07-01,RUB_TJS,20,0.0000000000,True,7.6812800000,8.1586424390,8.2049800000,0,0,279.6689985251,-346.1452846920
2026-07-02,RUB_TJS,20,0.0000000000,True,7.7126900000,8.1783187805,8.2049800000,0,0,271.6706327046,-312.7674848313
2026-07-03,RUB_TJS,20,0.0000000000,True,7.7126900000,8.1970917073,8.2049800000,0,0,227.7458850432,-242.9011407853
2026-07-04,RUB_TJS,20,0.0000000000,True,7.7126900000,8.2157207317,8.2049800000,0,0,138.2688983921,-126.9508442396
2026-07-07,RUB_TJS,20,0.0000000000,True,7.7587000000,8.2661675610,8.2049800000,0,0,236.4672703690,-166.3799312195
2026-07-08,RUB_TJS,20,0.0000000000,True,7.8337300000,8.2825653659,8.2141500000,0,1,0.0000000000,93.6731102341
2026-07-09,RUB_TJS,20,0.0000000000,True,7.8785000000,8.2991251220,8.2141500000,0,0,29.2900945343,73.3151037695
2026-07-10,RUB_TJS,20,0.0000000000,True,7.8864900000,8.3163609756,8.2791800000,0,1,0.0000000000,122.9034861636
2026-07-11,RUB_TJS,20,0.0000000000,True,7.8864900000,8.3345170732,8.2791800000,0,0,5.6616050228,60.7678558051
2026-07-14,RUB_TJS,20,0.0000000000,True,8.0306500000,8.3848504878,8.3734400000,0,1,0.0000000000,126.0254884193
2026-07-15,RUB_TJS,20,0.0000000000,True,8.0428700000,8.4001412195,8.4230100000,0,1,0.0000000000,31.7866316940
2026-07-16,RUB_TJS,20,0.0000000000,True,8.1455500000,8.4178865854,8.4230100000,0,0,0.8903387561,-6.9773031207
2026-07-17,RUB_TJS,20,0.0000000000,True,8.2049800000,8.4329009756,8.4230100000,0,0,46.4765064982,-34.9097238013
2026-07-18,RUB_TJS,20,0.0000000000,True,8.2049800000,8.4447992683,8.4230100000,0,0,61.9783518218,-36.4019685142
2026-07-21,RUB_TJS,20,0.0000000000,True,8.2049800000,8.4846746341,8.4230100000,0,0,46.4059331528,26.3942167637
2026-07-22,RUB_TJS,20,0.0000000000,True,8.2049800000,8.4965295122,8.4230100000,0,0,76.5786091204,10.0270494946
2026-07-23,RUB_TJS,20,0.0000000000,True,8.2049800000,8.5079426829,8.4230100000,0,0,69.9921484300,30.0456689466
2026-07-24,RUB_TJS,20,0.0000000000,True,8.2049800000,8.5219356098,8.4230100000,0,0,63.0804296123,53.3395367410
2026-07-25,RUB_TJS,20,0.0000000000,True,8.2049800000,8.5396807317,8.4230100000,0,1,0.0000000000,136.6218894743
2026-07-28,RUB_TJS,20,0.0000000000,True,8.2049800000,8.5967134146,8.5126800000,0,1,0.0000000000,192.7520514434
2026-07-29,RUB_TJS,20,0.0000000000,True,8.2141500000,8.6205292683,8.5851700000,0,1,0.0000000000,125.1074788289
2026-07-30,RUB_TJS,20,0.0000000000,True,8.2141500000,8.6439836585,8.5921600000,0,1,0.0000000000,68.0399927393
2026-07-31,RUB_TJS,20,0.0000000000,True,8.2791800000,8.6679339024,8.5921600000,0,0,44.8737036389,42.7367154110
2026-08-01,RUB_TJS,20,0.0000000000,True,8.2791800000,8.6856275610,8.5921600000,0,1,0.0000000000,107.6117532319
2026-08-04,RUB_TJS,20,0.0000000000,True,8.3734400000,8.7359656098,8.7611400000,0,1,0.0000000000,89.7389175486
2026-08-05,RUB_TJS,20,0.0000000000,True,8.4230100000,8.7512997561,8.7611400000,0,0,10.5924110904,-21.8598887429
2026-08-06,RUB_TJS,20,0.0000000000,True,8.4230100000,8.7685060976,8.8031200000,0,1,0.0000000000,8.4006300264
2026-08-07,RUB_TJS,20,0.0000000000,True,8.4230100000,8.7843673171,8.8851700000,0,1,0.0000000000,-21.3477900570
2026-08-08,RUB_TJS,20,0.0000000000,True,8.4230100000,8.8043014634,8.8851700000,0,1,0.0000000000,-91.8511672066
2026-08-11,RUB_TJS,20,0.0000000000,True,8.4230100000,8.8616534146,8.9020500000,0,0,28.0606243909,-73.8536955844
2026-08-12,RUB_TJS,20,0.0000000000,True,8.4230100000,8.8822102439,8.9699100000,0,1,0.0000000000,-22.3365080906
2026-08-13,RUB_TJS,20,0.0000000000,True,8.4230100000,8.9041212195,8.9702600000,0,1,0.0000000000,-73.8857646543
2026-08-14,RUB_TJS,20,0.0000000000,False,,,,,,,
2026-08-15,RUB_TJS,20,0.0000000000,False,,,,,,,
2026-08-18,RUB_TJS,20,0.0000000000,False,,,,,,,
2026-08-19,RUB_TJS,20,0.0000000000,False,,,,,,,
2026-08-20,RUB_TJS,20,0.0000000000,False,,,,,,,
2026-08-21,RUB_TJS,20,0.0000000000,False,,,,,,,
2026-08-22,RUB_TJS,20,0.0000000000,False,,,,,,,
2026-08-25,RUB_TJS,20,0.0000000000,False,,,,,,,
2026-08-26,RUB_TJS,20,0.0000000000,False,,,,,,,
2026-08-27,RUB_TJS,20,0.0000000000,False,,,,,,,
2026-08-28,RUB_TJS,20,0.0000000000,False,,,,,,,
2026-08-29,RUB_TJS,20,0.0000000000,False,,,,,,,
2026-09-01,RUB_TJS,20,0.0000000000,False,,,,,,,
2026-09-02,RUB_TJS,20,0.0000000000,False,,,,,,,
