date,corridor,horizon_calendar_days,epsilon,has_full_window,window_min_rub_per_unit,window_mean_rub_per_unit,future_min_rub_per_unit,target_good_now,message_hit,future_regret_bps,moment_advantage_bps
2016-09-02,RUB_KGS,5,0.0050000000,False,,,,,,,
2016-09-03,RUB_KGS,5,0.0050000000,False,,,,,,,
2016-09-06,RUB_KGS,5,0.0050000000,False,,,,,,,
2016-09-07,RUB_KGS,5,0.0050000000,True,0.9256720000,0.9394473636,0.9256720000,0,0,137.2536902512,9.5094591879
2016-09-08,RUB_KGS,5,0.0050000000,True,0.9256720000,0.9389640000,0.9256720000,0,0,70.9971457410,71.0676873661
2016-09-09,RUB_KGS,5,0.0050000000,True,0.9256720000,0.9375703636,0.9288300000,1,1,0.0000000000,126.9063538892
2016-09-10,RUB_KGS,5,0.0050000000,True,0.9256720000,0.9363273636,0.9288300000,1,1,0.0000000000,80.0720338584
2016-09-13,RUB_KGS,5,0.0050000000,True,0.9256720000,0.9375120909,0.9406420000,0,1,0.0000000000,-23.8280563266
2016-09-14,RUB_KGS,5,0.0050000000,True,0.9256720000,0.9389489091,0.9422990000,0,1,0.0000000000,-18.0317682112
2016-09-15,RUB_KGS,5,0.0050000000,True,0.9288300000,0.9406979091,0.9449110000,0,1,0.0000000000,-17.0202452203
2016-09-16,RUB_KGS,5,0.0050000000,True,0.9288300000,0.9420676364,0.9438970000,0,0,56.9260961486,-76.7817867546
2016-09-17,RUB_KGS,5,0.0050000000,True,0.9288300000,0.9427777273,0.9366410000,0,0,120.8210982854,-56.4106742600
2016-09-20,RUB_KGS,5,0.0050000000,True,0.9276510000,0.9406723636,0.9276510000,0,0,182.6627057998,-45.0596459244
2016-09-21,RUB_KGS,5,0.0050000000,True,0.9276510000,0.9394819091,0.9276510000,0,0,172.1162372589,-46.9949539887
2016-09-22,RUB_KGS,5,0.0050000000,True,0.9276510000,0.9378612727,0.9276510000,0,0,95.9812777788,13.0112284488
2016-09-23,RUB_KGS,5,0.0050000000,True,0.9276510000,0.9362840909,0.9292040000,1,1,0.0000000000,92.2058912772
2016-09-24,RUB_KGS,5,0.0050000000,True,0.9276510000,0.9350273636,0.9292040000,1,1,0.0000000000,62.2801413396
2016-09-27,RUB_KGS,5,0.0050000000,True,0.9267430000,0.9310476364,0.9267430000,0,0,50.7904675815,-4.5793965820
2016-09-28,RUB_KGS,5,0.0050000000,True,0.9267430000,0.9307340909,0.9267430000,1,1,43.0192093018,-0.1386979486
2016-09-29,RUB_KGS,5,0.0050000000,True,0.9137720000,0.9294723636,0.9137720000,0,0,219.4221811207,-51.6382901893
2016-09-30,RUB_KGS,5,0.0050000000,True,0.9137720000,0.9284342727,0.9137720000,0,0,139.9632907937,18.2163969702
2016-10-01,RUB_KGS,5,0.0050000000,True,0.9137720000,0.9273390000,0.9137720000,0,0,208.1029413025,-63.1160772921
2016-10-04,RUB_KGS,5,0.0050000000,True,0.9121980000,0.9226528182,0.9121980000,1,1,17.2253034674,96.2530868254
2016-10-05,RUB_KGS,5,0.0050000000,True,0.9121980000,0.9206460909,0.9121980000,0,0,60.8748236243,31.0769897069
2016-10-06,RUB_KGS,5,0.0050000000,True,0.9121980000,0.9193765455,0.9121980000,0,0,54.0584153623,24.1527311690
2016-10-07,RUB_KGS,5,0.0050000000,True,0.9086140000,0.9171421818,0.9086140000,0,0,75.0097489735,18.1125876785
2016-10-08,RUB_KGS,5,0.0050000000,True,0.9086140000,0.9154215455,0.9086140000,1,1,39.2897156100,35.2137817878
2016-10-11,RUB_KGS,5,0.0050000000,True,0.9086140000,0.9156160909,0.9086140000,1,1,45.6189785468,30.9965163049
2016-10-12,RUB_KGS,5,0.0050000000,True,0.9086140000,0.9158942727,0.9142650000,1,1,0.0000000000,79.4881346467
2016-10-13,RUB_KGS,5,0.0050000000,True,0.9086140000,0.9166321818,0.9202160000,0,1,0.0000000000,25.8247731766
2016-10-14,RUB_KGS,5,0.0050000000,True,0.9086140000,0.9173014545,0.9195600000,0,0,74.4449013824,-99.8095599781
2016-10-15,RUB_KGS,5,0.0050000000,True,0.9086140000,0.9176106364,0.9155990000,0,0,50.1730028602,-28.3929101638
2016-10-18,RUB_KGS,5,0.0050000000,True,0.9142650000,0.9188330909,0.9143170000,0,0,100.4874415059,-51.8582660774
2016-10-19,RUB_KGS,5,0.0050000000,True,0.9143170000,0.9190235455,0.9143170000,0,0,57.0163991474,-5.8372230843
2016-10-20,RUB_KGS,5,0.0050000000,True,0.9121340000,0.9177214545,0.9121340000,1,1,37.8440780298,23.1274373607
2016-10-21,RUB_KGS,5,0.0050000000,True,0.9107130000,0.9168575455,0.9107130000,1,1,39.4174011858,27.7092713818
2016-10-22,RUB_KGS,5,0.0050000000,True,0.9107130000,0.9160765455,0.9107130000,0,0,61.6242524772,-3.0942233688
2016-10-25,RUB_KGS,5,0.0050000000,True,0.9107130000,0.9156652727,0.9107130000,1,1,15.5788513530,38.5651048746
2016-10-26,RUB_KGS,5,0.0050000000,True,0.9107130000,0.9158927273,0.9116250000,1,1,0.0000000000,56.5538639896
2016-10-27,RUB_KGS,5,0.0050000000,True,0.9107130000,0.9164880000,0.9181010000,1,1,0.0000000000,53.0612512111
2016-10-28,RUB_KGS,5,0.0050000000,True,0.9107130000,0.9168430000,0.9181010000,0,1,49.2820664002,-63.3150932057
2016-10-29,RUB_KGS,5,0.0050000000,True,0.9107130000,0.9173941818,0.9181010000,0,1,0.0000000000,-7.7046290006
2016-11-01,RUB_KGS,5,0.0050000000,True,0.9116250000,0.9202935455,0.9202650000,0,1,6.5156130377,-6.2094811843
2016-11-02,RUB_KGS,5,0.0050000000,True,0.9181010000,0.9213912727,0.9224230000,1,1,0.0000000000,12.2236096717
2016-11-03,RUB_KGS,5,0.0050000000,True,0.9181010000,0.9219461818,0.9237000000,1,1,0.0000000000,-5.1718656818
2016-11-04,RUB_KGS,5,0.0050000000,True,0.9181010000,0.9227620000,0.9237000000,0,1,0.0000000000,-10.1651346718
2016-11-08,RUB_KGS,5,0.0050000000,True,0.9207420000,0.9289894545,0.9207420000,0,0,86.2447671714,2.5560521090
2016-11-09,RUB_KGS,5,0.0050000000,True,0.9207420000,0.9312721818,0.9207420000,0,0,68.3116252730,45.0693352612
2016-11-10,RUB_KGS,5,0.0050000000,True,0.9207420000,0.9341080909,0.9207420000,0,0,99.8251661781,43.7004127126
2016-11-11,RUB_KGS,5,0.0050000000,True,0.9207420000,0.9365930000,0.9475330000,1,1,0.0000000000,169.2410684257
2016-11-12,RUB_KGS,5,0.0050000000,True,0.9207420000,0.9374946364,0.9336180000,0,0,146.8550435710,-107.0764913952
2016-11-15,RUB_KGS,5,0.0050000000,True,0.9207420000,0.9411425455,0.9336180000,0,0,222.8203100864,-146.1250966910
2016-11-16,RUB_KGS,5,0.0050000000,True,0.9207420000,0.9421206364,0.9336180000,0,0,183.1269965112,-94.6095785649
2016-11-17,RUB_KGS,5,0.0050000000,True,0.9300290000,0.9429649091,0.9300290000,1,1,38.4418466653,99.1225548353
2016-11-18,RUB_KGS,5,0.0050000000,True,0.9196160000,0.9404270000,0.9196160000,0,0,196.8693635112,24.9142145004
2016-11-19,RUB_KGS,5,0.0050000000,True,0.9196160000,0.9386083636,0.9196160000,0,0,225.0142168508,-23.1900380176
2016-11-22,RUB_KGS,5,0.0050000000,True,0.9196160000,0.9341849091,0.9196160000,0,0,111.9642505771,44.4870073415
2016-11-23,RUB_KGS,5,0.0050000000,True,0.9196160000,0.9342608182,0.9275280000,1,1,0.0000000000,156.7529954892
2016-11-24,RUB_KGS,5,0.0050000000,True,0.9196160000,0.9342606364,0.9344530000,0,1,0.0000000000,72.0637914259
2016-11-25,RUB_KGS,5,0.0050000000,True,0.9196160000,0.9341124545,0.9344530000,0,1,15.4397167213,-19.1148875690
2016-11-26,RUB_KGS,5,0.0050000000,True,0.9196160000,0.9343449091,0.9344530000,0,1,0.0000000000,-1.1568630389
2016-11-29,RUB_KGS,5,0.0050000000,True,0.9208250000,0.9331446364,0.9208250000,0,0,183.9604640106,-52.9110219784
2016-11-30,RUB_KGS,5,0.0050000000,True,0.9208250000,0.9332058182,0.9208250000,0,0,195.1754502718,-63.7499434988
2016-12-01,RUB_KGS,5,0.0050000000,True,0.9208250000,0.9321266364,0.9208250000,0,0,238.6939201265,-120.3201710887
2016-12-02,RUB_KGS,5,0.0050000000,True,0.9208250000,0.9313014545,0.9240270000,1,1,0.0000000000,112.4926251787
2016-12-03,RUB_KGS,5,0.0050000000,True,0.9208250000,0.9303537273,0.9240270000,0,1,44.9687082862,23.1388041948
2016-12-06,RUB_KGS,5,0.0050000000,True,0.9137240000,0.9240155455,0.9137240000,0,0,111.5010708562,-0.1239648566
2016-12-07,RUB_KGS,5,0.0050000000,True,0.9137240000,0.9213230000,0.9137240000,0,0,125.9163842589,-43.9910867307
2016-12-08,RUB_KGS,5,0.0050000000,True,0.8905340000,0.9185692727,0.8905340000,0,0,362.4781933015,-59.4264083809
2016-12-09,RUB_KGS,5,0.0050000000,True,0.8820130000,0.9143703636,0.8820130000,0,0,355.4753193472,-1.6583691868
2016-12-10,RUB_KGS,5,0.0050000000,True,0.8788980000,0.9098882727,0.8788980000,0,0,381.1435400624,-42.1560249505
2016-12-13,RUB_KGS,5,0.0050000000,True,0.8788980000,0.9004724545,0.8788980000,0,0,130.6631751286,110.3693344009
2016-12-14,RUB_KGS,5,0.0050000000,True,0.8788980000,0.8975593636,0.8788980000,1,1,35.3169397730,173.2070798457
2016-12-15,RUB_KGS,5,0.0050000000,True,0.8788980000,0.8956230000,0.8900620000,1,1,0.0000000000,186.7415195903
2016-12-16,RUB_KGS,5,0.0050000000,True,0.8788980000,0.8935969091,0.8914370000,0,1,0.0000000000,39.5582063338
2016-12-17,RUB_KGS,5,0.0050000000,True,0.8788980000,0.8908982727,0.8840390000,0,0,89.0711044144,-12.1868826775
2016-12-20,RUB_KGS,5,0.0050000000,True,0.8766180000,0.8857947273,0.8766180000,0,0,185.8888383851,-83.8486897539
2016-12-21,RUB_KGS,5,0.0050000000,True,0.8766180000,0.8855874545,0.8766180000,0,0,166.2372102571,-66.0527136481
2016-12-22,RUB_KGS,5,0.0050000000,True,0.8755300000,0.8842663636,0.8755300000,0,0,96.2514097229,2.5712120885
2016-12-23,RUB_KGS,5,0.0050000000,True,0.8755300000,0.8828758182,0.8755300000,1,1,15.5776739773,67.7311356668
2016-12-24,RUB_KGS,5,0.0050000000,True,0.8739780000,0.8812389091,0.8739780000,1,1,30.1157402654,52.4365077760
2016-12-27,RUB_KGS,5,0.0050000000,True,0.8682830000,0.8757538182,0.8682830000,0,0,82.7727205236,2.5557203083
2016-12-28,RUB_KGS,5,0.0050000000,True,0.8682830000,0.8748422727,0.8682830000,0,0,95.8721917033,-21.0978290632
2016-12-29,RUB_KGS,5,0.0050000000,True,0.8682830000,0.8745800909,0.8682830000,0,0,65.1618232953,6.8843427303
2016-12-30,RUB_KGS,5,0.0050000000,True,0.8682830000,0.8743431818,0.8740120000,1,1,0.0000000000,69.3112492234
2016-12-31,RUB_KGS,5,0.0050000000,True,0.8682830000,0.8741062727,0.8740120000,0,1,0.0000000000,1.0785041844
2017-01-10,RUB_KGS,5,0.0050000000,True,0.8543020000,0.8663096364,0.8543020000,0,0,104.9959055651,33.9674896840
2017-01-11,RUB_KGS,5,0.0050000000,True,0.8543020000,0.8645178182,0.8543020000,0,0,127.2031147255,-9.1517121052
2017-01-12,RUB_KGS,5,0.0050000000,True,0.8543020000,0.8630584545,0.8543020000,0,0,133.3490404782,-32.3216282727
2017-01-13,RUB_KGS,5,0.0050000000,True,0.8540830000,0.8612467273,0.8540830000,1,1,24.9352384556,58.3889275104
2017-01-14,RUB_KGS,5,0.0050000000,True,0.8515540000,0.8592050909,0.8515540000,1,1,32.1666108706,57.0654313035
2017-01-17,RUB_KGS,5,0.0050000000,True,0.8515540000,0.8563391818,0.8515540000,0,0,74.6539170287,-18.9156144692
2017-01-18,RUB_KGS,5,0.0050000000,True,0.8515540000,0.8556786364,0.8515540000,1,1,29.6107052827,18.6476125011
2017-01-19,RUB_KGS,5,0.0050000000,True,0.8515540000,0.8555117273,0.8539990000,1,1,0.0000000000,46.2615198198
2017-01-20,RUB_KGS,5,0.0050000000,True,0.8515540000,0.8553079091,0.8520600000,1,1,22.7049446194,15.3033670915
2017-01-21,RUB_KGS,5,0.0050000000,True,0.8512200000,0.8550277273,0.8512200000,0,0,85.7460324116,-41.5690931873
2017-01-24,RUB_KGS,5,0.0050000000,True,0.8512200000,0.8579296364,0.8512200000,1,1,37.0092066546,41.3511343270
2017-01-25,RUB_KGS,5,0.0050000000,True,0.8512200000,0.8595030000,0.8512200000,1,1,9.8584606718,86.5965563820
2017-01-26,RUB_KGS,5,0.0050000000,True,0.8512200000,0.8610165455,0.8605430000,1,1,0.0000000000,113.7788292950
2017-01-27,RUB_KGS,5,0.0050000000,True,0.8512200000,0.8619739091,0.8688610000,0,1,0.0000000000,16.6003759025
2017-01-28,RUB_KGS,5,0.0050000000,True,0.8512200000,0.8632520000,0.8688610000,0,1,0.0000000000,-64.9752331880
2017-01-31,RUB_KGS,5,0.0050000000,True,0.8512200000,0.8644737273,0.8557380000,0,0,171.2517573118,-71.4223293604
2017-02-01,RUB_KGS,5,0.0050000000,True,0.8557380000,0.8648844545,0.8557380000,0,0,153.8925318112,-48.8914493991
2017-02-02,RUB_KGS,5,0.0050000000,True,0.8452340000,0.8634927273,0.8452340000,0,0,314.0695887541,-105.9449887455
2017-02-03,RUB_KGS,5,0.0050000000,True,0.8452340000,0.8620140909,0.8452340000,0,0,250.9034160835,-57.6894176482
2017-02-04,RUB_KGS,5,0.0050000000,True,0.8452340000,0.8609844545,0.8452340000,0,0,122.7478503935,60.9355316203
2017-02-07,RUB_KGS,5,0.0050000000,True,0.8452340000,0.8551873636,0.8473530000,1,1,0.0000000000,116.3881046376
2017-02-08,RUB_KGS,5,0.0050000000,True,0.8452340000,0.8528884545,0.8473530000,0,0,61.4945413772,3.4289893819
2017-02-09,RUB_KGS,5,0.0050000000,True,0.8342950000,0.8499164545,0.8342950000,0,0,271.0093465573,-89.6387570072
2017-02-10,RUB_KGS,5,0.0050000000,True,0.8316690000,0.8477283636,0.8316690000,0,0,217.3621534133,-28.5425906154
2017-02-11,RUB_KGS,5,0.0050000000,True,0.8189710000,0.8443859091,0.8189710000,0,0,334.9489527977,-35.1390386451
2017-02-14,RUB_KGS,5,0.0050000000,True,0.8189710000,0.8389808182,0.8189710000,0,0,183.6760378523,55.8513148366
2017-02-15,RUB_KGS,5,0.0050000000,True,0.8189710000,0.8368410909,0.8189710000,0,0,152.6809343621,61.8049348350
2017-02-16,RUB_KGS,5,0.0050000000,True,0.8189710000,0.8358162727,0.8261160000,1,1,0.0000000000,201.5427705458
2017-02-17,RUB_KGS,5,0.0050000000,True,0.8189710000,0.8348999091,0.8339980000,0,1,0.0000000000,105.2091274087
2017-02-18,RUB_KGS,5,0.0050000000,True,0.8189710000,0.8334795455,0.8317290000,0,1,27.2063002549,-6.2203631545
2017-02-21,RUB_KGS,5,0.0050000000,True,0.8189710000,0.8318313636,0.8317290000,0,0,85.1855163165,-84.6762537643
2017-02-22,RUB_KGS,5,0.0050000000,True,0.8261160000,0.8329911818,0.8317290000,0,0,66.2149621450,-51.4029232875
2017-02-23,RUB_KGS,5,0.0050000000,True,0.8317290000,0.8339399091,0.8317290000,1,1,0.0000000000,26.5116115299
2017-02-28,RUB_KGS,5,0.0050000000,True,0.8317290000,0.8384204545,0.8369820000,0,1,0.0000000000,22.2854122335
2017-03-01,RUB_KGS,5,0.0050000000,True,0.8317290000,0.8401941818,0.8438920000,0,1,0.0000000000,38.2314218272
2017-03-02,RUB_KGS,5,0.0050000000,True,0.8317290000,0.8410507273,0.8411510000,0,1,32.4804595849,-33.7824180533
2017-03-03,RUB_KGS,5,0.0050000000,True,0.8317290000,0.8419300000,0.8411510000,0,1,34.6296651715,-25.4652999656
2017-03-04,RUB_KGS,5,0.0050000000,True,0.8317290000,0.8428092727,0.8411510000,0,0,118.5212161083,-100.0312590943
2017-03-07,RUB_KGS,5,0.0050000000,True,0.8411510000,0.8478502727,0.8414010000,1,1,0.0000000000,79.0148088969
2017-03-08,RUB_KGS,5,0.0050000000,True,0.8411510000,0.8489628182,0.8414010000,1,1,0.0000000000,89.0712528260
2017-03-10,RUB_KGS,5,0.0050000000,True,0.8411510000,0.8497923636,0.8513750000,0,1,0.0000000000,15.7493017546
2017-03-11,RUB_KGS,5,0.0050000000,True,0.8411510000,0.8499955455,0.8513750000,0,0,55.5406305117,-72.1704316953
2017-03-14,RUB_KGS,5,0.0050000000,True,0.8358430000,0.8480526364,0.8358430000,0,0,201.8723096977,-59.0926013490
2017-03-15,RUB_KGS,5,0.0050000000,True,0.8358430000,0.8475473636,0.8358430000,0,0,182.4342974600,-45.1613269990
2017-03-16,RUB_KGS,5,0.0050000000,True,0.8246900000,0.8453870000,0.8246900000,0,0,337.2682269545,-95.6721596145
2017-03-17,RUB_KGS,5,0.0050000000,True,0.8239610000,0.8424625455,0.8239610000,0,0,199.5042427212,20.5177721416
2017-03-18,RUB_KGS,5,0.0050000000,True,0.8239610000,0.8403826364,0.8239610000,0,0,142.1558833417,54.0186834807
2017-03-21,RUB_KGS,5,0.0050000000,True,0.8239610000,0.8338654545,0.8239610000,1,1,8.8396852151,110.0351920737
2017-03-22,RUB_KGS,5,0.0050000000,True,0.8239610000,0.8316000909,0.8285560000,1,1,0.0000000000,91.8601500000
2017-03-23,RUB_KGS,5,0.0050000000,True,0.8239610000,0.8305176364,0.8285560000,0,0,56.3455669420,-32.9115664338
2017-03-24,RUB_KGS,5,0.0050000000,True,0.8239610000,0.8297650000,0.8275640000,0,0,50.5429398582,-24.1393647599
2017-03-25,RUB_KGS,5,0.0050000000,True,0.8239610000,0.8292757273,0.8275640000,0,1,11.9726367319,8.6789863619
2017-03-28,RUB_KGS,5,0.0050000000,True,0.8156700000,0.8264449091,0.8156700000,0,0,158.7424154860,-28.8233478468
2017-03-29,RUB_KGS,5,0.0050000000,True,0.8156700000,0.8248466364,0.8156700000,0,0,143.7230232345,-32.9438651571
2017-03-30,RUB_KGS,5,0.0050000000,True,0.8156700000,0.8234588182,0.8156700000,0,0,178.1058954003,-85.0337826686
2017-03-31,RUB_KGS,5,0.0050000000,True,0.8156700000,0.8229140000,0.8156700000,0,0,77.1883724750,10.9245923632
2017-04-01,RUB_KGS,5,0.0050000000,True,0.8153890000,0.8217170000,0.8153890000,1,1,3.4450206579,73.5898125510
2017-04-04,RUB_KGS,5,0.0050000000,True,0.8153890000,0.8218790909,0.8153890000,1,1,13.6313199478,65.4243546109
2017-04-05,RUB_KGS,5,0.0050000000,True,0.8153890000,0.8219776364,0.8153890000,0,0,87.2152041850,-7.1214058688
2017-04-06,RUB_KGS,5,0.0050000000,True,0.8153890000,0.8234408182,0.8236400000,1,1,0.0000000000,97.7825971707
2017-04-07,RUB_KGS,5,0.0050000000,True,0.8153890000,0.8249040909,0.8315450000,0,1,0.0000000000,15.3240955285
2017-04-08,RUB_KGS,5,0.0050000000,True,0.8153890000,0.8261181818,0.8290250000,0,1,30.3050346043,-65.6905791599
2017-04-11,RUB_KGS,5,0.0050000000,True,0.8153890000,0.8281576364,0.8248280000,0,0,158.4756177590,-120.1747493396
2017-04-12,RUB_KGS,5,0.0050000000,True,0.8236400000,0.8290157273,0.8248280000,0,0,83.4128829503,-33.1751574403
2017-04-13,RUB_KGS,5,0.0050000000,True,0.8217750000,0.8288461818,0.8217750000,0,0,87.4521274992,-2.1574350675
2017-04-14,RUB_KGS,5,0.0050000000,True,0.8197520000,0.8277740909,0.8197520000,0,0,93.7870462458,3.1541324132
2017-04-15,RUB_KGS,5,0.0050000000,True,0.8197520000,0.8274136364,0.8197520000,0,0,61.5401029063,31.2496223171
2017-04-18,RUB_KGS,5,0.0050000000,True,0.8197520000,0.8275137273,0.8197520000,1,1,24.6174439476,69.3490281018
2017-04-19,RUB_KGS,5,0.0050000000,True,0.8197520000,0.8280762727,0.8275800000,1,1,0.0000000000,100.5254346904
2017-04-20,RUB_KGS,5,0.0050000000,True,0.8197520000,0.8291385455,0.8320960000,0,1,0.0000000000,18.7971656015
2017-04-21,RUB_KGS,5,0.0050000000,True,0.8197520000,0.8297591818,0.8316550000,0,1,5.2998692459,-28.1626070916
2017-04-22,RUB_KGS,5,0.0050000000,True,0.8197520000,0.8310248182,0.8316550000,0,1,42.5999116393,-50.3977947054
2017-04-25,RUB_KGS,5,0.0050000000,True,0.8275800000,0.8380380000,0.8316550000,0,0,89.8834363285,-13.8418544266
2017-04-26,RUB_KGS,5,0.0050000000,True,0.8316550000,0.8398431818,0.8387500000,1,1,0.0000000000,97.4965564459
2017-04-27,RUB_KGS,5,0.0050000000,True,0.8316550000,0.8412378182,0.8474370000,0,1,0.0000000000,29.5733041008
2017-04-28,RUB_KGS,5,0.0050000000,True,0.8316550000,0.8416840000,0.8401210000,0,0,100.2208275495,-82.4775093741
2017-04-29,RUB_KGS,5,0.0050000000,True,0.8316550000,0.8423982727,0.8401210000,0,0,86.3309012941,-59.8140741245
2017-05-03,RUB_KGS,5,0.0050000000,True,0.8401210000,0.8516232727,0.8430700000,1,1,0.0000000000,135.0629215479
2017-05-04,RUB_KGS,5,0.0050000000,True,0.8401210000,0.8530819091,0.8522780000,1,1,0.0000000000,117.3616388323
2017-05-05,RUB_KGS,5,0.0050000000,True,0.8401210000,0.8546486364,0.8646710000,0,1,0.0000000000,27.7381401288
2017-05-06,RUB_KGS,5,0.0050000000,True,0.8401210000,0.8556724545,0.8586990000,0,0,69.0667317396,-105.1634349890
2017-05-11,RUB_KGS,5,0.0050000000,True,0.8337140000,0.8534160000,0.8337140000,0,0,290.9634225730,-61.9041592846
2017-05-12,RUB_KGS,5,0.0050000000,True,0.8301650000,0.8502790909,0.8301650000,0,0,123.6793046549,114.2929540782
2017-05-13,RUB_KGS,5,0.0050000000,True,0.8301650000,0.8477497273,0.8301650000,0,0,160.9957463653,47.1923156566
2017-05-16,RUB_KGS,5,0.0050000000,True,0.8301650000,0.8422378182,0.8301650000,1,1,42.5685546842,101.2044104149
2017-05-17,RUB_KGS,5,0.0050000000,True,0.8301650000,0.8408170909,0.8368480000,1,1,0.0000000000,126.6873737970
2017-05-18,RUB_KGS,5,0.0050000000,True,0.8301650000,0.8401920000,0.8336850000,0,1,37.7965891058,39.8004265692
2017-05-19,RUB_KGS,5,0.0050000000,True,0.8301650000,0.8392074545,0.8329190000,0,0,169.0312072140,-95.7158496512
2017-05-20,RUB_KGS,5,0.0050000000,True,0.8289040000,0.8378579091,0.8289040000,0,0,168.0404141525,-62.2192719377
2017-05-23,RUB_KGS,5,0.0050000000,True,0.8251670000,0.8367167273,0.8251670000,0,0,102.1728830434,36.2336161560
2017-05-24,RUB_KGS,5,0.0050000000,True,0.8251670000,0.8365445455,0.8251670000,0,0,93.0702745405,43.3395385129
2017-05-25,RUB_KGS,5,0.0050000000,True,0.8251670000,0.8353056364,0.8251670000,1,1,45.0836285022,76.6382517363
2017-05-26,RUB_KGS,5,0.0050000000,True,0.8251670000,0.8341423636,0.8302750000,1,1,0.0000000000,107.5999017390
2017-05-27,RUB_KGS,5,0.0050000000,True,0.8251670000,0.8331738182,0.8302750000,0,0,56.0390153230,-21.3662717111
2017-05-30,RUB_KGS,5,0.0050000000,True,0.8251670000,0.8315663636,0.8296010000,0,1,48.1159100397,-24.5997968784
2017-05-31,RUB_KGS,5,0.0050000000,True,0.8251670000,0.8317747273,0.8296010000,0,1,8.1177922977,18.0304501153
2017-06-01,RUB_KGS,5,0.0050000000,True,0.8296010000,0.8322263636,0.8296010000,1,1,33.8291985868,-2.2906792186
2017-06-02,RUB_KGS,5,0.0050000000,True,0.8296010000,0.8318675455,0.8301350000,1,1,0.0000000000,27.2464705100
2017-06-03,RUB_KGS,5,0.0050000000,True,0.8296010000,0.8313929091,0.8297330000,1,1,17.6011434126,2.3684239877
2017-06-06,RUB_KGS,5,0.0050000000,True,0.8296010000,0.8321956364,0.8297330000,1,1,4.8425858445,24.7614415841
2017-06-07,RUB_KGS,5,0.0050000000,True,0.8296010000,0.8325260909,0.8297330000,1,1,15.3307974542,18.2467663858
2017-06-08,RUB_KGS,5,0.0050000000,True,0.8297330000,0.8331125455,0.8355670000,1,1,0.0000000000,40.5652930445
2017-06-09,RUB_KGS,5,0.0050000000,True,0.8297330000,0.8331314545,0.8314040000,0,1,49.8224558892,-29.2336274337
2017-06-10,RUB_KGS,5,0.0050000000,True,0.8297330000,0.8333106364,0.8314040000,0,0,55.5946280853,-32.8972596381
2017-06-14,RUB_KGS,5,0.0050000000,True,0.8314040000,0.8377213636,0.8331670000,1,1,0.0000000000,75.4112752830
2017-06-15,RUB_KGS,5,0.0050000000,True,0.8314040000,0.8387134545,0.8392070000,1,1,0.0000000000,66.1305063773
2017-06-16,RUB_KGS,5,0.0050000000,True,0.8314040000,0.8403940000,0.8437940000,0,1,0.0000000000,14.1243273988
2017-06-17,RUB_KGS,5,0.0050000000,True,0.8314040000,0.8437858182,0.8437940000,0,1,0.0000000000,-0.0969655807
2017-06-20,RUB_KGS,5,0.0050000000,True,0.8331670000,0.8532468182,0.8545380000,0,1,0.0000000000,79.3066910726
2017-06-21,RUB_KGS,5,0.0050000000,True,0.8392070000,0.8562285455,0.8659660000,0,1,0.0000000000,19.7440912654
2017-06-22,RUB_KGS,5,0.0050000000,True,0.8437940000,0.8577629091,0.8560850000,0,0,197.8217508891,-181.8578390808
2017-06-23,RUB_KGS,5,0.0050000000,True,0.8437940000,0.8587370909,0.8545100000,0,0,241.3872256743,-196.9160208628
2017-06-24,RUB_KGS,5,0.0050000000,True,0.8437940000,0.8605897273,0.8545100000,0,0,132.2915680292,-62.4719602953
2017-06-27,RUB_KGS,5,0.0050000000,True,0.8545100000,0.8631272727,0.8545100000,1,1,18.3977058353,81.5902005393
2017-06-28,RUB_KGS,5,0.0050000000,True,0.8545100000,0.8617608182,0.8560630000,1,1,0.0000000000,84.1395666737
2017-06-29,RUB_KGS,5,0.0050000000,True,0.8503170000,0.8594580909,0.8503170000,0,0,160.3382656019,-54.8590925000
2017-06-30,RUB_KGS,5,0.0050000000,True,0.8503170000,0.8584323636,0.8503170000,0,0,67.1212282274,27.6010520657
2017-07-01,RUB_KGS,5,0.0050000000,True,0.8503170000,0.8578647273,0.8503170000,0,0,93.3672441051,-5.4352709984
2017-07-04,RUB_KGS,5,0.0050000000,True,0.8503170000,0.8610726364,0.8546830000,1,1,0.0000000000,124.9097452342
2017-07-05,RUB_KGS,5,0.0050000000,True,0.8503170000,0.8617180909,0.8597220000,0,1,0.0000000000,81.6402833283
2017-07-06,RUB_KGS,5,0.0050000000,True,0.8503170000,0.8629987273,0.8693020000,0,1,0.0000000000,37.9690858071
2017-07-07,RUB_KGS,5,0.0050000000,True,0.8503170000,0.8646596364,0.8701500000,0,1,0.0000000000,-53.6900699550
2017-07-08,RUB_KGS,5,0.0050000000,True,0.8503170000,0.8661900000,0.8701500000,0,1,12.8891862826,-58.6822752514
2017-07-11,RUB_KGS,5,0.0050000000,True,0.8597220000,0.8694081818,0.8648270000,0,0,61.1733609148,-8.5324499738
2017-07-12,RUB_KGS,5,0.0050000000,True,0.8648270000,0.8698722727,0.8648270000,0,0,134.3142433102,-77.3530492199
2017-07-13,RUB_KGS,5,0.0050000000,True,0.8531810000,0.8684067273,0.8531810000,0,0,251.1983454549,-77.8238182067
2017-07-14,RUB_KGS,5,0.0050000000,True,0.8531810000,0.8671757273,0.8531810000,0,0,182.9066929628,-21.9248840515
2017-07-15,RUB_KGS,5,0.0050000000,True,0.8531810000,0.8657768182,0.8531810000,0,0,134.6627707044,10.9707047113
2017-07-18,RUB_KGS,5,0.0050000000,True,0.8515150000,0.8602016364,0.8515150000,1,1,19.5269233609,81.6161707540
2017-07-19,RUB_KGS,5,0.0050000000,True,0.8515150000,0.8580516364,0.8515150000,0,0,72.4818474768,3.7251413562
2017-07-20,RUB_KGS,5,0.0050000000,True,0.8515150000,0.8574092727,0.8515150000,0,0,51.0582613318,17.7776561994
2017-07-21,RUB_KGS,5,0.0050000000,True,0.8515150000,0.8573674545,0.8515150000,1,1,25.2088929290,43.1606602961
2017-07-22,RUB_KGS,5,0.0050000000,True,0.8515150000,0.8574517273,0.8515150000,1,1,0.0000000000,69.2368687811
2017-07-25,RUB_KGS,5,0.0050000000,True,0.8515150000,0.8578787273,0.8587770000,0,1,37.5169226379,-48.1684951020
2017-07-26,RUB_KGS,5,0.0050000000,True,0.8515150000,0.8583282727,0.8587770000,0,0,64.6716036128,-70.3545189481
2017-07-27,RUB_KGS,5,0.0050000000,True,0.8515150000,0.8596852727,0.8587770000,0,0,80.5887122670,-70.5924303376
2017-07-28,RUB_KGS,5,0.0050000000,True,0.8515150000,0.8609514545,0.8608300000,0,1,0.0000000000,25.2564129368
2017-07-29,RUB_KGS,5,0.0050000000,True,0.8515150000,0.8631859091,0.8608300000,0,1,0.0000000000,27.2931829180
2017-08-01,RUB_KGS,5,0.0050000000,True,0.8587770000,0.8673897273,0.8654430000,0,1,36.2770178012,-13.8838712220
2017-08-02,RUB_KGS,5,0.0050000000,True,0.8587770000,0.8680190000,0.8726760000,0,1,0.0000000000,29.6767697481
2017-08-03,RUB_KGS,5,0.0050000000,True,0.8608300000,0.8689420909,0.8689310000,0,0,81.7606329914,-82.3059346041
2017-08-04,RUB_KGS,5,0.0050000000,True,0.8608300000,0.8696068182,0.8681420000,0,0,121.0879136260,-105.5210426865
2017-08-05,RUB_KGS,5,0.0050000000,True,0.8608300000,0.8701782727,0.8671160000,0,0,63.7120764178,-28.7036271878
2017-08-08,RUB_KGS,5,0.0050000000,True,0.8666640000,0.8713669091,0.8666640000,1,1,26.0895283975,27.9550332414
2017-08-09,RUB_KGS,5,0.0050000000,True,0.8666640000,0.8708710000,0.8666640000,1,1,17.0248645959,31.3364436294
2017-08-10,RUB_KGS,5,0.0050000000,True,0.8651480000,0.8696314545,0.8651480000,1,1,22.6959253433,28.9255239367
2017-08-11,RUB_KGS,5,0.0050000000,True,0.8651480000,0.8691262727,0.8651480000,1,1,17.4923615150,28.3304371820
2017-08-12,RUB_KGS,5,0.0050000000,True,0.8633970000,0.8682827273,0.8633970000,0,0,83.1802848253,-27.1371599741
2017-08-15,RUB_KGS,5,0.0050000000,True,0.8576870000,0.8653558182,0.8576870000,0,0,86.2395798176,2.4015344608
2017-08-16,RUB_KGS,5,0.0050000000,True,0.8576870000,0.8647028182,0.8576870000,0,0,108.7739975713,-27.9423377301
2017-08-17,RUB_KGS,5,0.0050000000,True,0.8568660000,0.8638120909,0.8568660000,0,0,75.6430703373,4.8053380296
2017-08-18,RUB_KGS,5,0.0050000000,True,0.8555220000,0.8624378182,0.8555220000,1,1,25.2423086744,55.0859213460
2017-08-19,RUB_KGS,5,0.0050000000,True,0.8555220000,0.8611899091,0.8555220000,0,0,51.2946938889,14.5950280843
2017-08-22,RUB_KGS,5,0.0050000000,True,0.8555220000,0.8583333636,0.8555220000,1,1,15.6850662764,17.0954980725
2017-08-23,RUB_KGS,5,0.0050000000,True,0.8555220000,0.8577710909,0.8569120000,1,1,0.0000000000,26.2201761394
2017-08-24,RUB_KGS,5,0.0050000000,True,0.8485060000,0.8569364545,0.8485060000,0,0,98.0964206360,0.2853717487
2017-08-25,RUB_KGS,5,0.0050000000,True,0.8482900000,0.8558780000,0.8482900000,0,0,102.3265582340,-13.8103795167
2017-08-26,RUB_KGS,5,0.0050000000,True,0.8482900000,0.8550811818,0.8482900000,0,0,104.0816040839,-24.9194839873
2017-08-29,RUB_KGS,5,0.0050000000,True,0.8416310000,0.8514037273,0.8416310000,0,0,81.0247658826,34.0347026905
2017-08-30,RUB_KGS,5,0.0050000000,True,0.8416310000,0.8500145455,0.8416310000,0,0,78.4990981858,20.2884228719
2017-08-31,RUB_KGS,5,0.0050000000,True,0.8376590000,0.8482508182,0.8376590000,0,0,158.7113237340,-34.3905570812
2017-09-01,RUB_KGS,5,0.0050000000,True,0.8376590000,0.8465636364,0.8376590000,0,0,129.0114269621,-24.1371534117
2017-09-02,RUB_KGS,5,0.0050000000,True,0.8313570000,0.8442131818,0.8313570000,0,0,122.0724997059,30.5868455243
2017-09-05,RUB_KGS,5,0.0050000000,True,0.8269970000,0.8377330000,0.8269970000,0,0,127.2832978575,0.8833363375
2017-09-06,RUB_KGS,5,0.0050000000,True,0.8269970000,0.8355356364,0.8269970000,0,0,138.9847767790,-37.3097627521
2017-09-07,RUB_KGS,5,0.0050000000,True,0.8269970000,0.8337990000,0.8269970000,0,0,52.4443770847,29.2876340701
2017-09-08,RUB_KGS,5,0.0050000000,True,0.8269970000,0.8328453636,0.8269970000,1,1,20.9355979979,49.3892842052
2017-09-09,RUB_KGS,5,0.0050000000,True,0.8269970000,0.8324335455,0.8269970000,1,1,0.0000000000,65.3090626180
2017-09-12,RUB_KGS,5,0.0050000000,True,0.8269970000,0.8316550909,0.8311410000,1,1,0.0000000000,25.8651805611
2017-09-13,RUB_KGS,5,0.0050000000,True,0.8269970000,0.8320220909,0.8353940000,0,1,0.0000000000,10.5897537904
2017-09-14,RUB_KGS,5,0.0050000000,True,0.8269970000,0.8327694545,0.8353940000,0,1,20.3918045732,-52.0137407887
2017-09-15,RUB_KGS,5,0.0050000000,True,0.8269970000,0.8343352727,0.8353940000,0,1,38.1353506830,-51.0193852744
2017-09-16,RUB_KGS,5,0.0050000000,True,0.8269970000,0.8359626364,0.8353940000,0,1,0.0000000000,6.8021743904
2017-09-19,RUB_KGS,5,0.0050000000,True,0.8353940000,0.8391960909,0.8383410000,1,1,0.0000000000,26.7290438241
2017-09-20,RUB_KGS,5,0.0050000000,True,0.8353940000,0.8393088182,0.8383410000,0,0,69.6500087063,-58.5265126705
2017-09-21,RUB_KGS,5,0.0050000000,True,0.8353940000,0.8391935455,0.8373240000,0,0,89.6439570220,-67.9754339908
2017-09-22,RUB_KGS,5,0.0050000000,True,0.8353940000,0.8391958182,0.8354190000,0,0,131.2301542300,-87.3715247303
2017-09-23,RUB_KGS,5,0.0050000000,True,0.8353940000,0.8402385455,0.8354190000,1,1,34.8545520260,22.5834135414
2017-09-26,RUB_KGS,5,0.0050000000,True,0.8354190000,0.8422281818,0.8354190000,1,1,22.7510497728,58.2286596917
2017-09-27,RUB_KGS,5,0.0050000000,True,0.8354190000,0.8421470000,0.8440050000,1,1,0.0000000000,79.8910404003
2017-09-28,RUB_KGS,5,0.0050000000,True,0.8354190000,0.8416596364,0.8411670000,0,0,67.2717224962,-61.8345398961
2017-09-29,RUB_KGS,5,0.0050000000,True,0.8354190000,0.8420807273,0.8411670000,0,0,109.0841960200,-99.3167573655
2017-09-30,RUB_KGS,5,0.0050000000,True,0.8354190000,0.8423088182,0.8408500000,0,1,37.3812951345,-20.1372914728
2017-10-03,RUB_KGS,5,0.0050000000,True,0.8381530000,0.8430967273,0.8381530000,1,1,35.8311726447,22.8885632016
2017-10-04,RUB_KGS,5,0.0050000000,True,0.8381530000,0.8425453636,0.8381530000,0,0,57.1785810459,-5.0755292485
2017-10-05,RUB_KGS,5,0.0050000000,True,0.8381530000,0.8424029091,0.8381530000,1,1,32.0746863293,18.4342797746
2017-10-06,RUB_KGS,5,0.0050000000,True,0.8381530000,0.8428566364,0.8407990000,1,1,0.0000000000,55.8058886969
2017-10-07,RUB_KGS,5,0.0050000000,True,0.8381530000,0.8430655455,0.8407990000,1,1,0.0000000000,26.8845698507
2017-10-10,RUB_KGS,5,0.0050000000,True,0.8381530000,0.8429437273,0.8419490000,0,0,81.6137084642,-70.3875304520
2017-10-11,RUB_KGS,5,0.0050000000,True,0.8381530000,0.8430436364,0.8419490000,0,0,83.0039246357,-70.6056410323
2017-10-12,RUB_KGS,5,0.0050000000,True,0.8341770000,0.8426821818,0.8341770000,0,0,143.2820160155,-42.9677790743
2017-10-13,RUB_KGS,5,0.0050000000,True,0.8341770000,0.8422320909,0.8341770000,0,0,103.5701447491,-8.0133385820
2017-10-14,RUB_KGS,5,0.0050000000,True,0.8341770000,0.8416378182,0.8341770000,0,0,92.3096292056,-3.6973364488
2017-10-17,RUB_KGS,5,0.0050000000,True,0.8341770000,0.8396278182,0.8342620000,1,1,0.0000000000,64.9194567376
2017-10-18,RUB_KGS,5,0.0050000000,True,0.8341770000,0.8389617273,0.8342620000,1,1,18.9747418191,37.1140562377
2017-10-19,RUB_KGS,5,0.0050000000,True,0.8341770000,0.8386164545,0.8386100000,1,1,0.0000000000,51.9242679040
2017-10-20,RUB_KGS,5,0.0050000000,True,0.8341770000,0.8385327273,0.8389760000,0,1,0.0000000000,-0.9215230934
2017-10-21,RUB_KGS,5,0.0050000000,True,0.8341770000,0.8384537273,0.8389760000,0,1,0.0000000000,-6.2289988139
2017-10-24,RUB_KGS,5,0.0050000000,True,0.8342620000,0.8404520000,0.8410280000,0,1,0.0000000000,15.9794967470
2017-10-25,RUB_KGS,5,0.0050000000,True,0.8386100000,0.8415038182,0.8410800000,1,1,0.0000000000,5.6543793568
2017-10-26,RUB_KGS,5,0.0050000000,True,0.8389760000,0.8419113636,0.8422910000,1,1,0.0000000000,9.8747168915
2017-10-27,RUB_KGS,5,0.0050000000,True,0.8389760000,0.8424741818,0.8430930000,1,1,0.0000000000,2.1743315360
2017-10-28,RUB_KGS,5,0.0050000000,True,0.8389760000,0.8428806364,0.8430930000,0,1,32.3823170559,-35.0152027349
2017-10-31,RUB_KGS,5,0.0050000000,True,0.8406210000,0.8451528182,0.8406210000,1,1,29.3206087585,24.3721388311
2017-11-01,RUB_KGS,5,0.0050000000,True,0.8406210000,0.8461221818,0.8406210000,0,0,53.7881862401,11.2889348454
2017-11-02,RUB_KGS,5,0.0050000000,True,0.8406210000,0.8469814545,0.8406210000,1,1,33.5053654824,41.7300110467
2017-11-03,RUB_KGS,5,0.0050000000,True,0.8406210000,0.8467820000,0.8436380000,1,1,0.0000000000,72.7578054328
2017-11-04,RUB_KGS,5,0.0050000000,True,0.8406210000,0.8473314545,0.8436380000,0,0,95.1578116873,-52.0639878395
2017-11-08,RUB_KGS,5,0.0050000000,True,0.8406210000,0.8496013636,0.8503920000,1,1,0.0000000000,70.1901372997
2017-11-09,RUB_KGS,5,0.0050000000,True,0.8436380000,0.8503279091,0.8486130000,0,1,38.3036967822,-18.2058108706
2017-11-10,RUB_KGS,5,0.0050000000,True,0.8436380000,0.8506260000,0.8486130000,0,1,31.9381862775,-8.2997698166
2017-11-11,RUB_KGS,5,0.0050000000,True,0.8436380000,0.8517432727,0.8486130000,0,1,20.9197640618,15.8647889633
2017-11-14,RUB_KGS,5,0.0050000000,True,0.8486130000,0.8538863636,0.8550220000,1,1,0.0000000000,61.7572063560
2017-11-15,RUB_KGS,5,0.0050000000,True,0.8486130000,0.8541877273,0.8551910000,0,1,0.0000000000,-9.7668545290
2017-11-16,RUB_KGS,5,0.0050000000,True,0.8486130000,0.8540941818,0.8503030000,0,0,158.9059677119,-116.3667707074
2017-11-17,RUB_KGS,5,0.0050000000,True,0.8486130000,0.8543394545,0.8503030000,0,0,116.3874669308,-69.9551615315
2017-11-18,RUB_KGS,5,0.0050000000,True,0.8465970000,0.8539944545,0.8465970000,0,0,100.4921707548,-14.0111618779
2017-11-21,RUB_KGS,5,0.0050000000,True,0.8387690000,0.8506426364,0.8387690000,0,0,135.6457639218,3.9927032707
2017-11-22,RUB_KGS,5,0.0050000000,True,0.8387690000,0.8483845455,0.8387690000,0,0,167.8720885252,-55.4636994588
2017-11-23,RUB_KGS,5,0.0050000000,True,0.8367160000,0.8462390909,0.8367160000,0,0,116.7143280687,-4.2294086240
2017-11-24,RUB_KGS,5,0.0050000000,True,0.8367160000,0.8446813636,0.8367160000,1,1,24.4763456923,69.9951945301
2017-11-25,RUB_KGS,5,0.0050000000,True,0.8367160000,0.8430174545,0.8367160000,1,1,29.5283331387,45.3543936112
2017-11-28,RUB_KGS,5,0.0050000000,True,0.8367160000,0.8394755455,0.8368880000,1,1,0.0000000000,32.8722554157
2017-11-29,RUB_KGS,5,0.0050000000,True,0.8367160000,0.8388369091,0.8368880000,1,1,13.9370161421,9.3094269273
2017-11-30,RUB_KGS,5,0.0050000000,True,0.8367160000,0.8395543636,0.8395720000,1,1,0.0000000000,31.7592731555
2017-12-01,RUB_KGS,5,0.0050000000,True,0.8367160000,0.8397610909,0.8395720000,1,1,10.7914653430,-8.5489682563
2017-12-02,RUB_KGS,5,0.0050000000,True,0.8367160000,0.8402750000,0.8395720000,1,1,0.0000000000,8.3663086490
2017-12-05,RUB_KGS,5,0.0050000000,True,0.8368880000,0.8435792727,0.8414680000,0,0,61.3350561795,-36.5315670069
2017-12-06,RUB_KGS,5,0.0050000000,True,0.8395720000,0.8448183636,0.8448470000,1,1,0.0000000000,39.6577984165
2017-12-07,RUB_KGS,5,0.0050000000,True,0.8395720000,0.8456706364,0.8492770000,0,1,0.0000000000,9.7394461652
2017-12-08,RUB_KGS,5,0.0050000000,True,0.8395720000,0.8460314545,0.8435410000,0,0,67.5398015017,-38.3619951375
2017-12-09,RUB_KGS,5,0.0050000000,True,0.8395720000,0.8467931818,0.8435410000,0,0,82.0323614550,-43.9873426215
2017-12-12,RUB_KGS,5,0.0050000000,True,0.8422980000,0.8471067273,0.8422980000,0,0,88.9093891421,-32.4312467228
2017-12-13,RUB_KGS,5,0.0050000000,True,0.8422980000,0.8470684545,0.8422980000,1,1,14.7355018902,41.6430871263
2017-12-14,RUB_KGS,5,0.0050000000,True,0.8422980000,0.8464430000,0.8422980000,0,0,66.6665880458,-17.8157300610
2017-12-15,RUB_KGS,5,0.0050000000,True,0.8421220000,0.8456797273,0.8421220000,1,1,2.0895217607,39.9882740909
2017-12-16,RUB_KGS,5,0.0050000000,True,0.8421220000,0.8452196364,0.8421220000,1,1,27.2848064839,9.3897056989
2017-12-19,RUB_KGS,5,0.0050000000,True,0.8396720000,0.8433313636,0.8396720000,1,1,32.3481683814,11.0794365851
2017-12-20,RUB_KGS,5,0.0050000000,True,0.8396720000,0.8425787273,0.8396720000,1,1,29.0931717732,5.4205886992
2017-12-21,RUB_KGS,5,0.0050000000,True,0.8386010000,0.8422426364,0.8386010000,0,0,81.0922376892,-38.1643424066
2017-12-22,RUB_KGS,5,0.0050000000,True,0.8307090000,0.8409956364,0.8307090000,0,0,155.1200642808,-33.3219759437
2017-12-23,RUB_KGS,5,0.0050000000,True,0.8305660000,0.8397356364,0.8305660000,0,0,108.4471079183,0.7578142558
2017-12-26,RUB_KGS,5,0.0050000000,True,0.8305660000,0.8371226364,0.8305660000,0,0,95.8143384041,-17.6600604517
2017-12-27,RUB_KGS,5,0.0050000000,True,0.8305660000,0.8361525455,0.8305660000,1,1,1.7214210993,65.1023008198
2017-12-28,RUB_KGS,5,0.0050000000,True,0.8305660000,0.8353332727,0.8306300000,1,1,0.0000000000,57.0703081383
2017-12-29,RUB_KGS,5,0.0050000000,True,0.8305660000,0.8348890909,0.8347860000,1,1,0.0000000000,51.0138526838
2017-12-30,RUB_KGS,5,0.0050000000,True,0.8305660000,0.8344449091,0.8347860000,0,1,0.0000000000,-4.0876384453
2018-01-10,RUB_KGS,5,0.0050000000,True,0.8152960000,0.8264548182,0.8152960000,0,0,117.2049723322,18.0266137851
2018-01-11,RUB_KGS,5,0.0050000000,True,0.8121760000,0.8243993636,0.8121760000,0,0,125.0875418255,23.4760447634
2018-01-12,RUB_KGS,5,0.0050000000,True,0.8121530000,0.8223418182,0.8121530000,0,0,140.8548162320,-17.1970072166
2018-01-13,RUB_KGS,5,0.0050000000,True,0.8121530000,0.8205310000,0.8121530000,1,1,38.5504160452,63.8001489280
2018-01-16,RUB_KGS,5,0.0050000000,True,0.8121530000,0.8168977273,0.8121530000,1,1,0.2831898505,57.8007150111
2018-01-17,RUB_KGS,5,0.0050000000,True,0.8121530000,0.8165240909,0.8148670000,1,1,0.0000000000,53.5329080643
2018-01-18,RUB_KGS,5,0.0050000000,True,0.8121530000,0.8163516364,0.8178630000,1,1,0.0000000000,18.1862361451
2018-01-19,RUB_KGS,5,0.0050000000,True,0.8121530000,0.8168818182,0.8183540000,0,1,0.0000000000,-12.0113068542
2018-01-20,RUB_KGS,5,0.0050000000,True,0.8121530000,0.8177092727,0.8183540000,0,1,0.0000000000,-7.8845537678
2018-01-23,RUB_KGS,5,0.0050000000,True,0.8148670000,0.8187478182,0.8167170000,0,0,62.5654765598,-37.9992685060
2018-01-24,RUB_KGS,5,0.0050000000,True,0.8167170000,0.8189568182,0.8167170000,0,0,53.7187868396,-26.5115543333
2018-01-25,RUB_KGS,5,0.0050000000,True,0.8167170000,0.8195850909,0.8167170000,0,0,93.1710169117,-58.7237267282
2018-01-26,RUB_KGS,5,0.0050000000,True,0.8167170000,0.8200050909,0.8171660000,1,1,0.0000000000,40.0984206750
2018-01-27,RUB_KGS,5,0.0050000000,True,0.8167170000,0.8202278182,0.8171660000,1,1,0.0000000000,37.3288751484
2018-01-30,RUB_KGS,5,0.0050000000,True,0.8167170000,0.8199387273,0.8181140000,0,0,80.7493931671,-58.9711470680
2018-01-31,RUB_KGS,5,0.0050000000,True,0.8167170000,0.8193674545,0.8181140000,0,0,59.0541134957,-44.0162156129
2018-02-01,RUB_KGS,5,0.0050000000,True,0.8171660000,0.8202186364,0.8181140000,1,1,32.7727447722,-7.1366780808
2018-02-02,RUB_KGS,5,0.0050000000,True,0.8171660000,0.8218692727,0.8181140000,0,1,46.4636411970,-0.7753942731
2018-02-03,RUB_KGS,5,0.0050000000,True,0.8171660000,0.8232271818,0.8181140000,1,1,0.0000000000,62.1114308554
2018-02-06,RUB_KGS,5,0.0050000000,True,0.8181140000,0.8294026364,0.8321030000,0,1,0.0000000000,40.0605956379
2018-02-07,RUB_KGS,5,0.0050000000,True,0.8181140000,0.8317681818,0.8321030000,0,1,38.5479628838,-42.7380880818
2018-02-08,RUB_KGS,5,0.0050000000,True,0.8181140000,0.8338755455,0.8391940000,0,1,0.0000000000,21.2567146765
2018-02-09,RUB_KGS,5,0.0050000000,True,0.8181140000,0.8363388182,0.8451140000,0,1,0.0000000000,-34.1390565177
2018-02-10,RUB_KGS,5,0.0050000000,True,0.8181140000,0.8387871818,0.8450460000,0,1,21.0078823842,-95.8266692201
2018-02-13,RUB_KGS,5,0.0050000000,True,0.8276000000,0.8393402727,0.8276000000,0,0,207.2383134110,-68.7888745522
2018-02-14,RUB_KGS,5,0.0050000000,True,0.8276000000,0.8389309091,0.8276000000,0,0,208.3505874280,-74.8463412308
2018-02-15,RUB_KGS,5,0.0050000000,True,0.8261550000,0.8377455455,0.8261550000,0,0,223.5499605939,-87.1440568686
2018-02-16,RUB_KGS,5,0.0050000000,True,0.8261550000,0.8362952727,0.8261550000,0,0,51.1319230107,70.4807610361
2018-02-17,RUB_KGS,5,0.0050000000,True,0.8261550000,0.8350235455,0.8261550000,1,1,17.4601256646,88.9022291043
2018-02-20,RUB_KGS,5,0.0050000000,True,0.8261550000,0.8319236364,0.8308720000,1,1,0.0000000000,69.3409360125
2018-02-21,RUB_KGS,5,0.0050000000,True,0.8261550000,0.8309512727,0.8328360000,0,1,0.0000000000,0.9539997094
2018-02-22,RUB_KGS,5,0.0050000000,True,0.8211570000,0.8301109091,0.8211570000,0,0,140.2316902728,-32.8280339319
2018-02-23,RUB_KGS,5,0.0050000000,True,0.8168990000,0.8291380909,0.8168990000,0,0,209.1568286690,-62.8593614026
2018-02-27,RUB_KGS,5,0.0050000000,True,0.8168990000,0.8298969091,0.8168990000,0,0,51.8536650117,105.3131900501
2018-02-28,RUB_KGS,5,0.0050000000,True,0.8168990000,0.8298519091,0.8272080000,1,1,0.0000000000,156.0869951495
2018-03-01,RUB_KGS,5,0.0050000000,True,0.8168990000,0.8303107273,0.8286840000,0,1,0.0000000000,37.3682667321
2018-03-02,RUB_KGS,5,0.0050000000,True,0.8168990000,0.8299177273,0.8300270000,0,1,0.0000000000,14.8656575487
2018-03-03,RUB_KGS,5,0.0050000000,True,0.8168990000,0.8300664545,0.8300270000,0,1,27.8011055565,-27.4019681447
2018-03-06,RUB_KGS,5,0.0050000000,True,0.8272080000,0.8332984545,0.8300270000,0,0,111.6277518266,-73.1856086049
2018-03-07,RUB_KGS,5,0.0050000000,True,0.8286840000,0.8340964545,0.8359860000,1,1,0.0000000000,48.7887764452
2018-03-08,RUB_KGS,5,0.0050000000,True,0.8294830000,0.8341690909,0.8294830000,0,0,77.7883840160,-21.7810646631
2018-03-13,RUB_KGS,5,0.0050000000,True,0.8294830000,0.8360532727,0.8348370000,1,1,0.0000000000,78.5867712214
2018-03-14,RUB_KGS,5,0.0050000000,True,0.8294830000,0.8365248182,0.8348560000,0,1,0.0000000000,20.1765464112
2018-03-15,RUB_KGS,5,0.0050000000,True,0.8294830000,0.8371855455,0.8351340000,0,1,0.0000000000,27.8259158581
2018-03-16,RUB_KGS,5,0.0050000000,True,0.8294830000,0.8380195455,0.8411730000,0,1,0.0000000000,34.4329135304
2018-03-17,RUB_KGS,5,0.0050000000,True,0.8294830000,0.8385511818,0.8411730000,0,1,0.0000000000,-31.2660483780
2018-03-20,RUB_KGS,5,0.0050000000,True,0.8322340000,0.8391088182,0.8322340000,0,0,130.6842303742,-49.3998123767
2018-03-21,RUB_KGS,5,0.0050000000,True,0.8322340000,0.8393130909,0.8322340000,0,0,152.9414548725,-69.6630274714
2018-03-22,RUB_KGS,5,0.0050000000,True,0.8322340000,0.8394883636,0.8322340000,0,0,114.0367340830,-27.9412611924
2018-03-23,RUB_KGS,5,0.0050000000,True,0.8322340000,0.8392530909,0.8370620000,1,1,0.0000000000,83.6349723954
2018-03-24,RUB_KGS,5,0.0050000000,True,0.8322340000,0.8393964545,0.8370620000,0,1,0.4897844112,27.3226618130
2018-03-27,RUB_KGS,5,0.0050000000,True,0.8322340000,0.8380581818,0.8356850000,0,1,16.4503943555,11.8867859033
2018-03-28,RUB_KGS,5,0.0050000000,True,0.8322340000,0.8374991818,0.8356850000,0,1,34.5820638337,-12.9650058817
2018-03-29,RUB_KGS,5,0.0050000000,True,0.8356850000,0.8380893636,0.8356850000,0,0,83.8326905963,-55.6102554913
2018-03-30,RUB_KGS,5,0.0050000000,True,0.8356850000,0.8384051818,0.8356850000,0,0,92.6026916547,-60.7202614227
2018-03-31,RUB_KGS,5,0.0050000000,True,0.8356850000,0.8390226364,0.8356850000,1,1,0.0000000000,39.7800514430
2018-04-03,RUB_KGS,5,0.0050000000,True,0.8356850000,0.8406246364,0.8405770000,1,1,0.0000000000,22.5860185570
2018-04-04,RUB_KGS,5,0.0050000000,True,0.8356850000,0.8408198182,0.8405780000,0,1,0.0000000000,2.8878741505
2018-04-05,RUB_KGS,5,0.0050000000,True,0.8356850000,0.8418708182,0.8405780000,0,1,39.3058378116,-24.0438529815
2018-04-06,RUB_KGS,5,0.0050000000,True,0.8356850000,0.8482522727,0.8448970000,0,1,0.0000000000,90.4715846219
2018-04-07,RUB_KGS,5,0.0050000000,True,0.8356850000,0.8566542727,0.8448970000,0,1,0.0000000000,137.2464143539
2018-04-10,RUB_KGS,5,0.0050000000,True,0.8405780000,0.8720777273,0.8941940000,0,1,0.0000000000,195.1744293018
2018-04-11,RUB_KGS,5,0.0050000000,True,0.8405780000,0.8766503636,0.8941940000,0,0,129.0125303434,-333.4355129038
2018-04-12,RUB_KGS,5,0.0050000000,True,0.8448970000,0.8824078182,0.8941940000,0,0,365.3996791318,-517.8918508717
2018-04-13,RUB_KGS,5,0.0050000000,True,0.8448970000,0.8863936364,0.8887410000,0,0,83.8709389484,-111.2864897906
2018-04-14,RUB_KGS,5,0.0050000000,True,0.8448970000,0.8909488182,0.8887410000,0,0,60.9822924332,-36.4238859961
2018-04-17,RUB_KGS,5,0.0050000000,True,0.8874710000,0.8973815455,0.8874710000,0,0,181.8654512064,-72.7500423707
2018-04-18,RUB_KGS,5,0.0050000000,True,0.8874710000,0.8943320000,0.8874710000,1,1,14.2898774784,62.5159336801
2018-04-19,RUB_KGS,5,0.0050000000,True,0.8874710000,0.8948853636,0.8874710000,0,0,84.1672215990,-1.3257157671
2018-04-20,RUB_KGS,5,0.0050000000,True,0.8874710000,0.8954322727,0.8945620000,1,1,0.0000000000,88.9098256759
2018-04-21,RUB_KGS,5,0.0050000000,True,0.8874710000,0.8959725455,0.8945620000,0,1,0.0000000000,15.7431771956
2018-04-24,RUB_KGS,5,0.0050000000,True,0.8874710000,0.8990768182,0.8993540000,0,1,33.1469670691,-36.3504180298
2018-04-25,RUB_KGS,5,0.0050000000,True,0.8874710000,0.8994722727,0.8993540000,0,1,9.5088923696,-8.2017789219
2018-04-26,RUB_KGS,5,0.0050000000,True,0.8945620000,0.9005525455,0.8993540000,0,1,8.6986758682,4.6143387928
2018-04-27,RUB_KGS,5,0.0050000000,True,0.8945620000,0.9009881818,0.8993540000,0,0,123.3382935146,-106.5143625131
2018-04-28,RUB_KGS,5,0.0050000000,True,0.8945620000,0.9014238182,0.8993540000,0,0,128.4118487069,-106.8219146639
2018-04-29,RUB_KGS,5,0.0050000000,True,0.8993540000,0.9038049091,0.8993540000,1,1,0.0000000000,49.2463478140
2018-05-04,RUB_KGS,5,0.0050000000,True,0.8993540000,0.9085530909,0.9102290000,0,0,114.3084906501,-134.2894456360
2018-05-05,RUB_KGS,5,0.0050000000,True,0.8993540000,0.9099267273,0.9102290000,0,0,76.9659289493,-80.9106107844
2018-05-08,RUB_KGS,5,0.0050000000,True,0.8993540000,0.9111502727,0.9012470000,0,0,98.6784644304,10.1110953357
2018-05-09,RUB_KGS,5,0.0050000000,True,0.9012470000,0.9113223636,0.9012470000,0,0,144.5327536130,-34.4733816374
2018-05-11,RUB_KGS,5,0.0050000000,True,0.9012470000,0.9084166364,0.9012470000,0,0,85.5860166970,-6.7189834700
2018-05-12,RUB_KGS,5,0.0050000000,True,0.9012470000,0.9077119091,0.9012470000,1,1,0.0000000000,71.2220367075
2018-05-15,RUB_KGS,5,0.0050000000,True,0.9012470000,0.9048648182,0.9021740000,1,1,0.0000000000,38.3020547620
2018-05-16,RUB_KGS,5,0.0050000000,True,0.9012470000,0.9039358182,0.9021740000,1,1,27.7114253532,-8.2437469917
2018-05-17,RUB_KGS,5,0.0050000000,True,0.9012470000,0.9043472727,0.9021740000,0,0,80.9532762274,-57.3864424567
2018-05-18,RUB_KGS,5,0.0050000000,True,0.8943210000,0.9037176364,0.8943210000,0,0,87.0452928149,17.0809587146
2018-05-19,RUB_KGS,5,0.0050000000,True,0.8943210000,0.9037700000,0.8943210000,0,0,109.7490171358,-5.2557619748
2018-05-22,RUB_KGS,5,0.0050000000,True,0.8943210000,0.9038448182,0.8943210000,0,0,210.5187110107,-107.4098299054
2018-05-23,RUB_KGS,5,0.0050000000,True,0.8943210000,0.9033589091,0.8997660000,1,1,0.0000000000,100.0478215243
2018-05-24,RUB_KGS,5,0.0050000000,True,0.8943210000,0.9041365455,0.8997660000,0,1,22.8093539420,25.5884519454
2018-05-25,RUB_KGS,5,0.0050000000,True,0.8943210000,0.9053106364,0.9041920000,0,1,0.0000000000,61.2456779024
2018-05-26,RUB_KGS,5,0.0050000000,True,0.8943210000,0.9061771818,0.9041920000,0,1,0.0000000000,21.9072148142
2018-05-29,RUB_KGS,5,0.0050000000,True,0.8997660000,0.9072202727,0.9060450000,0,0,51.4204021398,-38.6645600652
2018-05-30,RUB_KGS,5,0.0050000000,True,0.8997660000,0.9078521818,0.9060450000,0,0,121.1893235640,-102.5257015209
2018-05-31,RUB_KGS,5,0.0050000000,True,0.9041920000,0.9083639091,0.9053950000,0,0,91.7291636800,-59.5916554469
2018-06-01,RUB_KGS,5,0.0050000000,True,0.9041920000,0.9085138182,0.9053950000,1,1,7.1740366097,27.1742502140
2018-06-02,RUB_KGS,5,0.0050000000,True,0.9041920000,0.9087260000,0.9053950000,0,1,37.1819616318,-0.5282120243
2018-06-05,RUB_KGS,5,0.0050000000,True,0.9046830000,0.9087730000,0.9046830000,1,1,7.8639709740,37.1709986982
2018-06-06,RUB_KGS,5,0.0050000000,True,0.9046830000,0.9085855455,0.9046830000,1,1,12.7837004507,30.2067919556
2018-06-07,RUB_KGS,5,0.0050000000,True,0.9046830000,0.9091010000,0.9046830000,1,1,20.3303600779,28.3246855960
2018-06-08,RUB_KGS,5,0.0050000000,True,0.9046830000,0.9093683636,0.9117150000,1,1,0.0000000000,51.5232750964
2018-06-09,RUB_KGS,5,0.0050000000,True,0.9046830000,0.9107620909,0.9117150000,0,1,48.9413326144,-59.6962603646
2018-06-10,RUB_KGS,5,0.0050000000,True,0.9046830000,0.9109435455,0.9107700000,0,1,10.3650811931,-8.4687415516
2018-06-14,RUB_KGS,5,0.0050000000,True,0.9107700000,0.9164356364,0.9107700000,0,0,144.3017838882,-83.6868769835
2018-06-15,RUB_KGS,5,0.0050000000,True,0.9107700000,0.9184526364,0.9177910000,1,1,0.0000000000,83.6476053251
2018-06-16,RUB_KGS,5,0.0050000000,True,0.9107700000,0.9201840909,0.9177910000,0,1,0.0000000000,26.0066538069
2018-06-19,RUB_KGS,5,0.0050000000,True,0.9107700000,0.9249320000,0.9269270000,0,1,27.5206162552,-49.2252403420
2018-06-20,RUB_KGS,5,0.0050000000,True,0.9107700000,0.9251885455,0.9269270000,0,0,122.1139275309,-142.6461083019
2018-06-21,RUB_KGS,5,0.0050000000,True,0.9177910000,0.9263326364,0.9233550000,0,0,79.5692986707,-47.8053289124
2018-06-22,RUB_KGS,5,0.0050000000,True,0.9177910000,0.9267187273,0.9220380000,0,0,122.9756683856,-73.3693247711
2018-06-23,RUB_KGS,5,0.0050000000,True,0.9177910000,0.9275037273,0.9220380000,0,0,52.7441751076,6.2180588150
2018-06-26,RUB_KGS,5,0.0050000000,True,0.9208580000,0.9260621818,0.9208580000,1,1,27.0426867240,29.2332617759
2018-06-27,RUB_KGS,5,0.0050000000,True,0.9208580000,0.9251619091,0.9208580000,1,1,12.7977371865,33.7660798636
2018-06-28,RUB_KGS,5,0.0050000000,True,0.9208580000,0.9245218182,0.9208580000,0,0,60.1019401442,-20.5963967614
2018-06-29,RUB_KGS,5,0.0050000000,True,0.9208580000,0.9245876364,0.9208580000,0,0,77.9127863815,-37.8694620029
2018-06-30,RUB_KGS,5,0.0050000000,True,0.9208580000,0.9246384545,0.9208580000,1,1,0.0000000000,40.8857594757
2018-07-03,RUB_KGS,5,0.0050000000,True,0.9208580000,0.9249426364,0.9238430000,0,1,28.4302794349,-16.5887437344
2018-07-04,RUB_KGS,5,0.0050000000,True,0.9208580000,0.9247078182,0.9238430000,0,1,41.0499207137,-31.8282354741
2018-07-05,RUB_KGS,5,0.0050000000,True,0.9199950000,0.9239720000,0.9199950000,0,0,80.7667177726,-38.0314554987
2018-07-06,RUB_KGS,5,0.0050000000,True,0.9147990000,0.9234211818,0.9147990000,0,0,142.0396991314,-49.3687850309
2018-07-07,RUB_KGS,5,0.0050000000,True,0.9091950000,0.9223609091,0.9091950000,0,0,158.5550791639,-16.0684488521
2018-07-10,RUB_KGS,5,0.0050000000,True,0.9091950000,0.9186249091,0.9091950000,0,0,117.3919423475,-14.9145847835
2018-07-11,RUB_KGS,5,0.0050000000,True,0.9091950000,0.9171918182,0.9091950000,0,0,61.2593586132,26.0885251524
2018-07-12,RUB_KGS,5,0.0050000000,True,0.9091950000,0.9157545455,0.9104460000,1,1,0.0000000000,71.6299524486
2018-07-13,RUB_KGS,5,0.0050000000,True,0.9091950000,0.9150240909,0.9117220000,1,1,0.0000000000,50.0324631294
2018-07-14,RUB_KGS,5,0.0050000000,True,0.9091950000,0.9149019091,0.9117220000,1,1,0.0000000000,34.7568308615
2018-07-17,RUB_KGS,5,0.0050000000,True,0.9091950000,0.9177869091,0.9158080000,1,1,0.0000000000,61.2005797345
2018-07-18,RUB_KGS,5,0.0050000000,True,0.9104460000,0.9197868182,0.9224990000,0,1,0.0000000000,43.2580474428
2018-07-19,RUB_KGS,5,0.0050000000,True,0.9117220000,0.9212574545,0.9266230000,0,1,0.0000000000,-13.4766394391
2018-07-20,RUB_KGS,5,0.0050000000,True,0.9117220000,0.9224032727,0.9243260000,0,1,39.4187830825,-60.5020324378
2018-07-21,RUB_KGS,5,0.0050000000,True,0.9117220000,0.9237938182,0.9243260000,0,0,73.7547707567,-80.1064228027
2018-07-24,RUB_KGS,5,0.0050000000,True,0.9224990000,0.9267657273,0.9240290000,1,1,27.9941249030,1.5400577355
2018-07-25,RUB_KGS,5,0.0050000000,True,0.9240290000,0.9269048182,0.9240290000,1,1,3.2131520697,27.8218230312
2018-07-26,RUB_KGS,5,0.0050000000,True,0.9212110000,0.9262890909,0.9212110000,0,0,62.6417178523,-7.8691317653
2018-07-27,RUB_KGS,5,0.0050000000,True,0.9148890000,0.9248068182,0.9148890000,0,0,102.1709708514,5.1234287259
2018-07-28,RUB_KGS,5,0.0050000000,True,0.9148890000,0.9235425455,0.9148890000,0,0,98.9146444538,-5.2672673051
2018-07-31,RUB_KGS,5,0.0050000000,True,0.9148890000,0.9239470909,0.9148890000,0,0,68.6270572106,29.6130691466
2018-08-01,RUB_KGS,5,0.0050000000,True,0.9148890000,0.9242567273,0.9172870000,1,1,0.0000000000,101.3541692076
2018-08-02,RUB_KGS,5,0.0050000000,True,0.9148890000,0.9248300000,0.9257450000,1,1,0.0000000000,81.5609355233
2018-08-03,RUB_KGS,5,0.0050000000,True,0.9148890000,0.9255902727,0.9304240000,0,1,0.0000000000,-1.6716605315
2018-08-04,RUB_KGS,5,0.0050000000,True,0.9148890000,0.9263956364,0.9304240000,0,1,0.0000000000,-43.4842682569
2018-08-07,RUB_KGS,5,0.0050000000,True,0.9172870000,0.9411967273,0.9323920000,0,1,0.0000000000,112.1734379944
2018-08-08,RUB_KGS,5,0.0050000000,True,0.9257450000,0.9465701818,0.9328880000,0,1,0.0000000000,149.7847924065
2018-08-09,RUB_KGS,5,0.0050000000,True,0.9304240000,0.9520376364,0.9701510000,1,1,0.0000000000,201.1436904614
2018-08-10,RUB_KGS,5,0.0050000000,True,0.9304240000,0.9563693636,0.9763950000,0,1,0.0000000000,-144.1036997592
2018-08-11,RUB_KGS,5,0.0050000000,True,0.9304240000,0.9586097273,0.9550680000,0,0,218.4259444180,-185.5319450792
2018-08-14,RUB_KGS,5,0.0050000000,True,0.9328880000,0.9674898182,0.9550680000,0,0,312.6017484762,-190.1537512070
2018-08-15,RUB_KGS,5,0.0050000000,True,0.9550680000,0.9703474545,0.9550680000,0,0,235.2073924952,-79.6162799042
2018-08-16,RUB_KGS,5,0.0050000000,True,0.9550680000,0.9702236364,0.9624920000,1,1,0.0000000000,156.2076597148
2018-08-17,RUB_KGS,5,0.0050000000,True,0.9550680000,0.9695480909,0.9643220000,0,1,0.0000000000,72.7771110608
2018-08-18,RUB_KGS,5,0.0050000000,True,0.9550680000,0.9697420000,0.9643220000,0,1,0.0000000000,55.8911545545
2018-08-21,RUB_KGS,5,0.0050000000,True,0.9550680000,0.9731178182,0.9689640000,0,1,0.0000000000,44.4840090371
2018-08-22,RUB_KGS,5,0.0050000000,True,0.9624920000,0.9763932727,0.9785280000,0,1,0.0000000000,76.0889380825
2018-08-23,RUB_KGS,5,0.0050000000,True,0.9643220000,0.9782079091,0.9824530000,0,1,0.0000000000,-3.2722175533
2018-08-24,RUB_KGS,5,0.0050000000,True,0.9643220000,0.9796544545,0.9802340000,0,0,151.3021793582,-159.6332807143
2018-08-25,RUB_KGS,5,0.0050000000,True,0.9643220000,0.9817065455,0.9802340000,0,0,109.6157998503,-95.6645811209
2018-08-28,RUB_KGS,5,0.0050000000,True,0.9785280000,0.9866874545,0.9802340000,1,1,22.5863221956,42.9158648562
2018-08-29,RUB_KGS,5,0.0050000000,True,0.9802340000,0.9873159091,0.9854410000,1,1,0.0000000000,71.7289068848
2018-08-30,RUB_KGS,5,0.0050000000,True,0.9802340000,0.9865444545,0.9854410000,0,1,14.7330769737,-3.5532656732
2018-08-31,RUB_KGS,5,0.0050000000,True,0.9802340000,0.9866582727,0.9854410000,0,1,5.4970521804,6.8440385688
2018-09-01,RUB_KGS,5,0.0050000000,True,0.9802340000,0.9866944545,0.9854410000,0,1,0.0000000000,12.7035734282
2018-09-04,RUB_KGS,5,0.0050000000,True,0.9854410000,0.9883504545,0.9855670000,1,1,12.5657803400,15.6164702344
2018-09-05,RUB_KGS,5,0.0050000000,True,0.9854410000,0.9889251818,0.9855670000,0,0,68.3528996826,-34.6317218409
2018-09-06,RUB_KGS,5,0.0050000000,True,0.9854410000,0.9904194545,0.9855670000,0,0,59.7985266708,-10.8695911576
2018-09-07,RUB_KGS,5,0.0050000000,True,0.9854410000,0.9920357273,0.9932170000,1,1,0.0000000000,65.2065958402
2018-09-08,RUB_KGS,5,0.0050000000,True,0.9854410000,0.9931608182,0.9932170000,0,1,0.0000000000,-0.5656870182
2018-09-11,RUB_KGS,5,0.0050000000,True,0.9846090000,0.9923230000,0.9846090000,0,0,177.6800143652,-101.7511435289
2018-09-12,RUB_KGS,5,0.0050000000,True,0.9846090000,0.9916969091,0.9846090000,0,0,185.5126492694,-116.1956924889
2018-09-13,RUB_KGS,5,0.0050000000,True,0.9819410000,0.9913672727,0.9819410000,0,0,159.1073313042,-65.0589085414
2018-09-14,RUB_KGS,5,0.0050000000,True,0.9776610000,0.9899530909,0.9776610000,0,0,86.2229811674,38.2754591494
2018-09-15,RUB_KGS,5,0.0050000000,True,0.9732720000,0.9881399091,0.9732720000,0,0,115.1421528749,35.7328861877
2018-09-18,RUB_KGS,5,0.0050000000,True,0.9615340000,0.9781745455,0.9615340000,0,0,207.8230769466,-38.5049331222
2018-09-19,RUB_KGS,5,0.0050000000,True,0.9615340000,0.9748760909,0.9615340000,0,0,164.9549281397,-28.5668006107
2018-09-20,RUB_KGS,5,0.0050000000,True,0.9581380000,0.9723282727,0.9581380000,0,0,155.4960997542,-9.7058503717
2018-09-21,RUB_KGS,5,0.0050000000,True,0.9532860000,0.9694807273,0.9532860000,0,0,133.3512735854,34.1494903363
2018-09-22,RUB_KGS,5,0.0050000000,True,0.9510920000,0.9664337273,0.9510920000,0,0,108.5973038915,50.6990508967
2018-09-25,RUB_KGS,5,0.0050000000,True,0.9486640000,0.9576268182,0.9486640000,0,0,98.8792846124,-5.3380065019
2018-09-26,RUB_KGS,5,0.0050000000,True,0.9486640000,0.9553897273,0.9486640000,1,1,48.4849247760,22.0195718320
2018-09-27,RUB_KGS,5,0.0050000000,True,0.9486640000,0.9542031818,0.9486640000,1,1,25.5285503400,32.6050245636
2018-09-28,RUB_KGS,5,0.0050000000,True,0.9486640000,0.9530350909,0.9486640000,1,1,14.1367379398,31.7731313146
2018-09-29,RUB_KGS,5,0.0050000000,True,0.9486640000,0.9520088182,0.9486640000,1,1,0.0000000000,35.1343193250
2018-10-02,RUB_KGS,5,0.0050000000,True,0.9486640000,0.9530606364,0.9486850000,1,1,46.5105055198,-0.6018886331
2018-10-03,RUB_KGS,5,0.0050000000,True,0.9486640000,0.9541266364,0.9502450000,1,1,0.0000000000,57.0326427986
2018-10-04,RUB_KGS,5,0.0050000000,True,0.9486640000,0.9556763636,0.9588920000,1,1,0.0000000000,56.8326668214
2018-10-05,RUB_KGS,5,0.0050000000,True,0.9486640000,0.9564803636,0.9575080000,0,1,14.4333251294,-25.2136526302
2018-10-06,RUB_KGS,5,0.0050000000,True,0.9486640000,0.9570586364,0.9550250000,0,0,80.9394921989,-60.1777510545
2018-10-09,RUB_KGS,5,0.0050000000,True,0.9502450000,0.9586126364,0.9527090000,0,0,148.3371145768,-88.0581302202
2018-10-10,RUB_KGS,5,0.0050000000,True,0.9527090000,0.9588366364,0.9527090000,0,0,50.1196856841,13.8567542504
2018-10-11,RUB_KGS,5,0.0050000000,True,0.9487850000,0.9579178182,0.9487850000,0,0,65.3386037015,30.1990225770
2018-10-12,RUB_KGS,5,0.0050000000,True,0.9458790000,0.9563779091,0.9458790000,0,0,169.0393215977,-60.2804691983
2018-10-13,RUB_KGS,5,0.0050000000,True,0.9440330000,0.9546701818,0.9440330000,0,0,91.0666320986,20.5430299965
2018-10-16,RUB_KGS,5,0.0050000000,True,0.9440330000,0.9508843636,0.9440330000,0,0,50.0851088497,22.0780119712
2018-10-17,RUB_KGS,5,0.0050000000,True,0.9440330000,0.9503377273,0.9440330000,1,1,19.5162383349,46.9172920823
2018-10-18,RUB_KGS,5,0.0050000000,True,0.9414230000,0.9484540909,0.9414230000,1,1,27.6473385994,46.6136521680
2018-10-19,RUB_KGS,5,0.0050000000,True,0.9414230000,0.9475192727,0.9414230000,0,0,66.3598223933,-2.0340195527
2018-10-20,RUB_KGS,5,0.0050000000,True,0.9414230000,0.9469419091,0.9414230000,0,0,79.9673765980,-21.8608014834
2018-10-23,RUB_KGS,5,0.0050000000,True,0.9414230000,0.9456728182,0.9424260000,1,1,0.0000000000,44.9396249962
2018-10-24,RUB_KGS,5,0.0050000000,True,0.9414230000,0.9456427273,0.9437020000,1,1,0.0000000000,34.0163063698
2018-10-25,RUB_KGS,5,0.0050000000,True,0.9414230000,0.9454496364,0.9437020000,0,1,28.0654889587,-9.6077421940
2018-10-26,RUB_KGS,5,0.0050000000,True,0.9414230000,0.9451000909,0.9437020000,1,1,24.3866601692,-9.6170670139
2018-10-27,RUB_KGS,5,0.0050000000,True,0.9411220000,0.9443828182,0.9411220000,1,1,27.3391388383,7.2091335072
2018-10-30,RUB_KGS,5,0.0050000000,True,0.9409560000,0.9435618182,0.9409560000,1,1,48.9853932156,-21.4737580425
2018-10-31,RUB_KGS,5,0.0050000000,True,0.9409560000,0.9430707273,0.9409560000,1,1,44.5529731783,-22.2281602710
2018-11-01,RUB_KGS,5,0.0050000000,True,0.9409560000,0.9426113636,0.9409560000,1,1,1.7638520829,15.8003997599
2018-11-02,RUB_KGS,5,0.0050000000,True,0.9409560000,0.9429068182,0.9409560000,1,1,10.2132032725,10.4869130518
2018-11-03,RUB_KGS,5,0.0050000000,True,0.9409560000,0.9433372727,0.9409560000,1,1,0.0000000000,25.2430683714
2018-11-07,RUB_KGS,5,0.0050000000,True,0.9409560000,0.9482100909,0.9484370000,0,1,0.0000000000,13.2680607510
2018-11-08,RUB_KGS,5,0.0050000000,True,0.9409560000,0.9506771818,0.9504160000,0,1,0.0000000000,23.5640642378
2018-11-09,RUB_KGS,5,0.0050000000,True,0.9409560000,0.9533168182,0.9595880000,0,1,0.0000000000,30.4286898804
2018-11-10,RUB_KGS,5,0.0050000000,True,0.9409560000,0.9563368182,0.9595880000,0,1,0.0000000000,-33.9962004638
2018-11-13,RUB_KGS,5,0.0050000000,True,0.9454600000,0.9578312727,0.9454600000,0,0,243.4946999967,-117.1889829904
2018-11-14,RUB_KGS,5,0.0050000000,True,0.9454600000,0.9575606364,0.9454600000,0,0,252.9093023448,-129.8232525887
2018-11-15,RUB_KGS,5,0.0050000000,True,0.9453360000,0.9570988182,0.9453360000,0,0,296.0450678317,-178.4265270604
2018-11-16,RUB_KGS,5,0.0050000000,True,0.9396430000,0.9552856364,0.9396430000,0,0,154.4453327438,9.4488635574
2018-11-17,RUB_KGS,5,0.0050000000,True,0.9396430000,0.9538817273,0.9396430000,0,0,61.5256065830,88.2890093388
2018-11-20,RUB_KGS,5,0.0050000000,True,0.9392510000,0.9466841818,0.9392510000,0,0,64.3686477612,14.2410937467
2018-11-21,RUB_KGS,5,0.0050000000,True,0.9392510000,0.9435869091,0.9392510000,1,1,4.1717971613,41.7969882044
2018-11-22,RUB_KGS,5,0.0050000000,True,0.9392510000,0.9434142727,0.9392510000,0,0,51.8352583554,-7.7455609254
2018-11-23,RUB_KGS,5,0.0050000000,True,0.9392510000,0.9444080000,0.9401060000,1,1,0.0000000000,54.6056365469
2018-11-24,RUB_KGS,5,0.0050000000,True,0.9392510000,0.9456459091,0.9401060000,1,1,0.0000000000,58.5833348154
2018-11-27,RUB_KGS,5,0.0050000000,True,0.9392510000,0.9483046364,0.9525200000,0,1,0.0000000000,-44.0719519456
2018-11-28,RUB_KGS,5,0.0050000000,True,0.9392510000,0.9490660000,0.9525200000,0,1,40.4750776618,-77.1811444093
2018-11-29,RUB_KGS,5,0.0050000000,True,0.9401060000,0.9500199091,0.9497440000,0,0,97.3123117331,-95.3358010966
2018-11-30,RUB_KGS,5,0.0050000000,True,0.9401060000,0.9510354545,0.9497440000,0,0,51.3384556563,-37.9538474333
2018-12-01,RUB_KGS,5,0.0050000000,True,0.9401060000,0.9526046364,0.9497440000,0,1,29.1437450132,0.8884731441
2018-12-04,RUB_KGS,5,0.0050000000,True,0.9497440000,0.9547880909,0.9512770000,1,1,0.0000000000,52.8294284053
2018-12-05,RUB_KGS,5,0.0050000000,True,0.9497440000,0.9547609091,0.9554430000,1,1,0.0000000000,36.4898589556
2018-12-06,RUB_KGS,5,0.0050000000,True,0.9490200000,0.9542495455,0.9490200000,0,0,87.1870453024,-32.6691750633
2018-12-07,RUB_KGS,5,0.0050000000,True,0.9490200000,0.9542708182,0.9490200000,0,0,67.2253603826,-12.2835341483
2018-12-08,RUB_KGS,5,0.0050000000,True,0.9490200000,0.9541882727,0.9490200000,0,0,101.7753849171,-48.1008560251
2018-12-11,RUB_KGS,5,0.0050000000,True,0.9490200000,0.9541169091,0.9492120000,1,1,0.0000000000,53.4201735903
2018-12-12,RUB_KGS,5,0.0050000000,True,0.9490200000,0.9536082727,0.9492120000,1,1,37.1764379892,8.9583191726
2018-12-13,RUB_KGS,5,0.0050000000,True,0.9490200000,0.9534561818,0.9492120000,1,1,25.2203629210,19.3420720674
2018-12-14,RUB_KGS,5,0.0050000000,True,0.9490200000,0.9532252727,0.9517720000,1,1,0.0000000000,42.1020386481
2018-12-15,RUB_KGS,5,0.0050000000,True,0.9490200000,0.9534093636,0.9517720000,1,1,0.0000000000,17.1737733949
2018-12-18,RUB_KGS,5,0.0050000000,True,0.9492120000,0.9582563636,0.9562380000,1,1,0.0000000000,46.8179894923
2018-12-19,RUB_KGS,5,0.0050000000,True,0.9492120000,0.9603220000,0.9608030000,0,1,0.0000000000,42.5274022672
2018-12-20,RUB_KGS,5,0.0050000000,True,0.9517720000,0.9631251818,0.9652010000,0,1,0.0000000000,24.1109033594
2018-12-21,RUB_KGS,5,0.0050000000,True,0.9517720000,0.9660711818,0.9743340000,0,1,0.0000000000,9.0074296238
2018-12-22,RUB_KGS,5,0.0050000000,True,0.9517720000,0.9692658182,0.9743340000,0,1,0.0000000000,-52.2888739406
2018-12-25,RUB_KGS,5,0.0050000000,True,0.9608030000,0.9796429091,0.9841780000,0,1,0.0000000000,-4.1248796407
2018-12-26,RUB_KGS,5,0.0050000000,True,0.9652010000,0.9827124545,0.9860590000,0,1,0.0000000000,-14.9132683499
2018-12-27,RUB_KGS,5,0.0050000000,True,0.9743340000,0.9853821818,0.9860590000,0,1,8.6532450175,-15.5352736234
2018-12-28,RUB_KGS,5,0.0050000000,True,0.9743340000,0.9872216364,0.9945680000,0,1,0.0000000000,11.7768525406
2018-12-29,RUB_KGS,5,0.0050000000,True,0.9743340000,0.9890610909,0.9945680000,0,1,7.3646062849,-63.0892181308
2018-12-30,RUB_KGS,5,0.0050000000,True,0.9800470000,0.9909005455,0.9945680000,0,1,0.0000000000,-37.0113283546
2019-01-10,RUB_KGS,5,0.0050000000,True,0.9572010000,0.9752280909,0.9572010000,1,1,34.0769245185,151.2886169566
2019-01-11,RUB_KGS,5,0.0050000000,True,0.9572010000,0.9721819091,0.9583490000,1,1,0.0000000000,154.0957402192
2019-01-12,RUB_KGS,5,0.0050000000,True,0.9564710000,0.9687185455,0.9564710000,1,1,19.5962013838,107.0439448403
2019-01-15,RUB_KGS,5,0.0050000000,True,0.9497550000,0.9566438182,0.9497550000,0,0,126.7429494556,-55.4352802725
2019-01-16,RUB_KGS,5,0.0050000000,True,0.9497550000,0.9556693636,0.9497550000,0,0,117.6305329532,-56.4069182162
2019-01-17,RUB_KGS,5,0.0050000000,True,0.9497550000,0.9550842727,0.9497550000,0,0,70.2164519363,-14.5194231789
2019-01-18,RUB_KGS,5,0.0050000000,True,0.9497550000,0.9546998182,0.9497550000,1,1,16.9965060986,34.8572202324
2019-01-19,RUB_KGS,5,0.0050000000,True,0.9496320000,0.9539073636,0.9496320000,1,1,1.2950708341,43.5300511837
2019-01-22,RUB_KGS,5,0.0050000000,True,0.9435590000,0.9494840909,0.9435590000,0,0,75.7915993963,-13.4905798125
2019-01-23,RUB_KGS,5,0.0050000000,True,0.9435590000,0.9483102727,0.9435590000,0,0,110.6883830126,-61.2639917526
2019-01-24,RUB_KGS,5,0.0050000000,True,0.9435590000,0.9476906364,0.9435590000,0,0,63.9510884216,-20.4852043681
2019-01-25,RUB_KGS,5,0.0050000000,True,0.9435590000,0.9476917273,0.9435590000,1,1,21.3942312777,22.2617462199
2019-01-26,RUB_KGS,5,0.0050000000,True,0.9435590000,0.9474080000,0.9435590000,1,1,0.0000000000,40.6266360428
2019-01-29,RUB_KGS,5,0.0050000000,True,0.9363570000,0.9440530000,0.9363570000,0,0,86.8026882472,-5.3280906898
2019-01-30,RUB_KGS,5,0.0050000000,True,0.9363570000,0.9432400000,0.9363570000,0,0,141.1925240612,-69.1976591324
2019-01-31,RUB_KGS,5,0.0050000000,True,0.9363570000,0.9426373636,0.9363570000,0,0,108.5636053638,-42.3984505369
2019-02-01,RUB_KGS,5,0.0050000000,True,0.9363570000,0.9421968182,0.9387130000,1,1,0.0000000000,61.9808735195
2019-02-02,RUB_KGS,5,0.0050000000,True,0.9363570000,0.9419715455,0.9387130000,1,1,21.0058797328,13.6155434921
2019-02-05,RUB_KGS,5,0.0050000000,True,0.9363570000,0.9420267273,0.9387130000,1,1,2.5560384812,32.6288754208
2019-02-06,RUB_KGS,5,0.0050000000,True,0.9363570000,0.9420107273,0.9410810000,1,1,0.0000000000,35.0073218622
2019-02-07,RUB_KGS,5,0.0050000000,True,0.9387130000,0.9424549091,0.9412430000,1,1,0.0000000000,14.5779822213
2019-02-08,RUB_KGS,5,0.0050000000,True,0.9387130000,0.9425015455,0.9412020000,0,1,46.2259391924,-32.5883237037
2019-02-09,RUB_KGS,5,0.0050000000,True,0.9387130000,0.9425252727,0.9409500000,0,0,58.1959262852,-41.7254304635
2019-02-12,RUB_KGS,5,0.0050000000,True,0.9409500000,0.9467949091,0.9409500000,1,1,3.1129049565,58.6389833490
2019-02-13,RUB_KGS,5,0.0050000000,True,0.9409500000,0.9481442727,0.9409500000,1,1,2.6774273748,73.2195819451
2019-02-14,RUB_KGS,5,0.0050000000,True,0.9409500000,0.9485265455,0.9497780000,1,1,0.0000000000,79.8769996565
2019-02-15,RUB_KGS,5,0.0050000000,True,0.9409500000,0.9487699091,0.9491350000,0,1,45.4968310587,-49.5704054695
2019-02-16,RUB_KGS,5,0.0050000000,True,0.9409500000,0.9485139091,0.9436420000,0,0,128.4830174784,-78.1231654915
2019-02-19,RUB_KGS,5,0.0050000000,True,0.9387430000,0.9474680909,0.9387430000,0,0,116.1850453474,-24.3798088091
2019-02-20,RUB_KGS,5,0.0050000000,True,0.9387430000,0.9472674545,0.9387430000,0,0,109.4891664516,-19.7150809477
2019-02-21,RUB_KGS,5,0.0050000000,True,0.9365410000,0.9457281818,0.9365410000,0,0,75.2509956106,22.0590002317
2019-02-22,RUB_KGS,5,0.0050000000,True,0.9365410000,0.9444726364,0.9365410000,1,1,35.8756608324,48.2770615906
2019-02-23,RUB_KGS,5,0.0050000000,True,0.9365410000,0.9433490000,0.9365410000,1,1,23.4568992791,48.8260442318
2019-02-26,RUB_KGS,5,0.0050000000,True,0.9365410000,0.9414769091,0.9421130000,1,1,0.0000000000,52.4272984632
2019-02-27,RUB_KGS,5,0.0050000000,True,0.9365410000,0.9415448182,0.9435640000,0,1,0.0000000000,-6.0345700726
2019-02-28,RUB_KGS,5,0.0050000000,True,0.9365410000,0.9419148182,0.9439830000,0,1,0.0000000000,-17.5088212474
2019-03-01,RUB_KGS,5,0.0050000000,True,0.9365410000,0.9423974545,0.9439830000,0,1,15.6853868886,-32.5610541470
2019-03-02,RUB_KGS,5,0.0050000000,True,0.9365410000,0.9428863636,0.9439830000,0,1,4.2990759105,-15.9365584400
2019-03-05,RUB_KGS,5,0.0050000000,True,0.9435640000,0.9447593636,0.9440520000,1,1,0.0000000000,8.2175807538
2019-03-06,RUB_KGS,5,0.0050000000,True,0.9439830000,0.9449808182,0.9441210000,1,1,0.0000000000,9.8289633392
2019-03-07,RUB_KGS,5,0.0050000000,True,0.9439830000,0.9451502727,0.9460000000,1,1,0.0000000000,10.8900431706
2019-03-08,RUB_KGS,5,0.0050000000,True,0.9429020000,0.9450150909,0.9429020000,1,1,32.7484143763,-10.4221519887
2019-03-12,RUB_KGS,5,0.0050000000,True,0.9369930000,0.9426345455,0.9369930000,0,0,109.1172030866,-49.8120355136
2019-03-13,RUB_KGS,5,0.0050000000,True,0.9369930000,0.9420100000,0.9369930000,0,0,62.6682306327,-9.4691139160
2019-03-14,RUB_KGS,5,0.0050000000,True,0.9271600000,0.9402972727,0.9271600000,0,0,127.4794171639,12.3925992457
2019-03-15,RUB_KGS,5,0.0050000000,True,0.9194080000,0.9378798182,0.9194080000,0,0,187.6748278803,9.4555631183
2019-03-16,RUB_KGS,5,0.0050000000,True,0.9194080000,0.9354650000,0.9194080000,0,0,190.3758971716,-19.0921092719
2019-03-19,RUB_KGS,5,0.0050000000,True,0.9118240000,0.9263784545,0.9118240000,0,0,165.4083437594,-8.4365676977
2019-03-20,RUB_KGS,5,0.0050000000,True,0.9118240000,0.9239326364,0.9118240000,0,0,82.4878617545,48.9714962494
2019-03-21,RUB_KGS,5,0.0050000000,True,0.9118240000,0.9228170000,0.9118240000,0,0,82.8006704103,36.6269802138
2019-03-22,RUB_KGS,5,0.0050000000,True,0.9118240000,0.9212465455,0.9122280000,1,1,0.0000000000,102.2803884697
2019-03-23,RUB_KGS,5,0.0050000000,True,0.9118240000,0.9202048182,0.9122280000,1,1,0.0000000000,86.6852468517
2019-03-26,RUB_KGS,5,0.0050000000,True,0.9118240000,0.9201527273,0.9199760000,0,0,51.3127743395,-49.6468965626
2019-03-27,RUB_KGS,5,0.0050000000,True,0.9118240000,0.9208794545,0.9257920000,0,1,0.0000000000,9.8107796954
2019-03-28,RUB_KGS,5,0.0050000000,True,0.9122280000,0.9231877273,0.9274310000,0,1,0.0000000000,-28.2095683287
2019-03-29,RUB_KGS,5,0.0050000000,True,0.9122280000,0.9252884545,0.9274310000,0,1,10.2651489039,-33.4549235899
2019-03-30,RUB_KGS,5,0.0050000000,True,0.9122280000,0.9272295455,0.9274310000,0,1,0.0000000000,-2.1726501969
2019-04-02,RUB_KGS,5,0.0050000000,True,0.9257920000,0.9319689091,0.9335800000,0,1,38.7851240110,-56.2904068786
2019-04-03,RUB_KGS,5,0.0050000000,True,0.9274310000,0.9329632727,0.9335800000,0,1,18.7740020698,-25.4321616090
2019-04-04,RUB_KGS,5,0.0050000000,True,0.9274310000,0.9334346364,0.9335690000,0,1,0.1178260031,-1.5572985049
2019-04-05,RUB_KGS,5,0.0050000000,True,0.9255120000,0.9332601818,0.9255120000,0,0,107.8027101383,-25.0500152837
2019-04-06,RUB_KGS,5,0.0050000000,True,0.9248850000,0.9330287273,0.9248850000,0,0,126.4505246976,-39.6694401692
2019-04-09,RUB_KGS,5,0.0050000000,True,0.9200130000,0.9301193636,0.9200130000,0,0,145.2061925792,-37.0881039413
2019-04-10,RUB_KGS,5,0.0050000000,True,0.9200130000,0.9292469091,0.9200130000,0,0,59.4157612219,40.1928599855
2019-04-11,RUB_KGS,5,0.0050000000,True,0.9178130000,0.9276300909,0.9178130000,0,0,76.4635603345,29.5925168447
2019-04-12,RUB_KGS,5,0.0050000000,True,0.9178130000,0.9259639091,0.9178130000,1,1,23.9127055813,64.2671818252
2019-04-13,RUB_KGS,5,0.0050000000,True,0.9171030000,0.9241796364,0.9171030000,0,0,74.4602443984,2.1276855267
2019-04-16,RUB_KGS,5,0.0050000000,True,0.9160400000,0.9199782727,0.9160400000,1,1,19.3176605692,23.5361289659
2019-04-17,RUB_KGS,5,0.0050000000,True,0.9160400000,0.9191741818,0.9160400000,1,1,25.7185851076,8.4008214488
2019-04-18,RUB_KGS,5,0.0050000000,True,0.9139360000,0.9186217273,0.9139360000,1,1,34.5326533661,16.5326731084
2019-04-19,RUB_KGS,5,0.0050000000,True,0.9136110000,0.9176788182,0.9136110000,1,1,42.5605657013,1.7742392937
2019-04-20,RUB_KGS,5,0.0050000000,True,0.9136110000,0.9170090909,0.9136110000,1,1,26.5163093315,10.5679531283
2019-04-23,RUB_KGS,5,0.0050000000,True,0.9136110000,0.9188088182,0.9136110000,1,1,3.5560476882,53.0340815782
2019-04-24,RUB_KGS,5,0.0050000000,True,0.9136110000,0.9196490909,0.9166160000,1,1,0.0000000000,65.6564658061
2019-04-25,RUB_KGS,5,0.0050000000,True,0.9136110000,0.9204642727,0.9263460000,1,1,0.0000000000,41.8079532394
2019-04-26,RUB_KGS,5,0.0050000000,True,0.9136110000,0.9213351818,0.9256200000,0,1,18.1494074752,-64.7735840288
2019-04-27,RUB_KGS,5,0.0050000000,True,0.9136110000,0.9222060909,0.9256200000,0,1,7.8372443990,-44.8913657340
2019-04-30,RUB_KGS,5,0.0050000000,True,0.9166160000,0.9252309091,0.9256200000,0,1,9.3147958462,-13.5327397387
2019-05-01,RUB_KGS,5,0.0050000000,True,0.9256200000,0.9260494545,0.9256200000,1,1,0.0000000000,4.6374903991
2019-05-07,RUB_KGS,5,0.0050000000,True,0.9256200000,0.9293642727,0.9318840000,0,1,15.9208031113,-43.1017996955
2019-05-08,RUB_KGS,5,0.0050000000,True,0.9256200000,0.9299337273,0.9318840000,0,1,22.6659286232,-43.7372321058
2019-05-09,RUB_KGS,5,0.0050000000,True,0.9256200000,0.9309953636,0.9318840000,0,1,0.0000000000,-9.5450138459
2019-05-14,RUB_KGS,5,0.0050000000,True,0.9242630000,0.9302614545,0.9242630000,0,0,139.0699649418,-75.6405139669
2019-05-15,RUB_KGS,5,0.0050000000,True,0.9242630000,0.9296635455,0.9242630000,0,0,92.3592448753,-34.5872930177
2019-05-16,RUB_KGS,5,0.0050000000,True,0.9232470000,0.9288783636,0.9232470000,0,0,55.5255158864,5.1283747691
2019-05-17,RUB_KGS,5,0.0050000000,True,0.9232470000,0.9281561818,0.9232470000,1,1,10.9925421660,41.9453309092
2019-05-18,RUB_KGS,5,0.0050000000,True,0.9228600000,0.9273358182,0.9228600000,1,1,26.4452770810,21.8779232080
2019-05-21,RUB_KGS,5,0.0050000000,True,0.9228600000,0.9247180000,0.9228600000,1,1,4.1917276742,15.9075523565
2019-05-22,RUB_KGS,5,0.0050000000,True,0.9228600000,0.9244079091,0.9228600000,1,1,11.6890707189,5.0617166546
2019-05-23,RUB_KGS,5,0.0050000000,True,0.9228600000,0.9242827273,0.9228860000,1,1,0.0000000000,15.3927713972
2019-05-24,RUB_KGS,5,0.0050000000,True,0.9220570000,0.9239872727,0.9220570000,1,1,13.2787021964,7.6221042006
2019-05-25,RUB_KGS,5,0.0050000000,True,0.9220570000,0.9241759091,0.9220570000,1,1,31.7192275384,-8.8196511192
2019-05-28,RUB_KGS,5,0.0050000000,True,0.9220570000,0.9266500909,0.9220570000,1,1,8.9826912533,40.6204126673
2019-05-29,RUB_KGS,5,0.0050000000,True,0.9220570000,0.9276769091,0.9273820000,1,1,0.0000000000,60.5804567930
2019-05-30,RUB_KGS,5,0.0050000000,True,0.9220570000,0.9290609091,0.9314000000,0,1,0.0000000000,18.0710336048
2019-05-31,RUB_KGS,5,0.0050000000,True,0.9220570000,0.9297777273,0.9328760000,0,1,0.0000000000,-17.4479628807
2019-06-01,RUB_KGS,5,0.0050000000,True,0.9220570000,0.9302670909,0.9303740000,0,1,40.4750817584,-41.7934712396
2019-06-04,RUB_KGS,5,0.0050000000,True,0.9273820000,0.9327136364,0.9303740000,0,0,86.6589167689,-62.1129938547
2019-06-05,RUB_KGS,5,0.0050000000,True,0.9303740000,0.9331758182,0.9303740000,1,1,26.8202847967,3.2128798880
2019-06-06,RUB_KGS,5,0.0050000000,True,0.9256650000,0.9326544545,0.9256650000,0,0,50.6140541331,24.4512266503
2019-06-07,RUB_KGS,5,0.0050000000,True,0.9228870000,0.9316300909,0.9228870000,0,0,96.8651613776,-3.0474444061
2019-06-08,RUB_KGS,5,0.0050000000,True,0.9228870000,0.9306057273,0.9228870000,0,0,102.7276061540,-19.9899127284
2019-06-11,RUB_KGS,5,0.0050000000,True,0.9209920000,0.9269908182,0.9209920000,0,0,50.4826260040,14.3023874219
2019-06-12,RUB_KGS,5,0.0050000000,True,0.9209920000,0.9261379091,0.9209920000,1,1,20.5333914119,35.1017819160
2019-06-14,RUB_KGS,5,0.0050000000,True,0.9209920000,0.9241505455,0.9209920000,1,1,30.2882689789,3.9013714413
2019-06-15,RUB_KGS,5,0.0050000000,True,0.9160850000,0.9226613636,0.9160850000,0,0,53.2795073139,18.0929179670
2019-06-18,RUB_KGS,5,0.0050000000,True,0.9050820000,0.9169003636,0.9050820000,0,0,177.8569265880,-49.8487790485
2019-06-19,RUB_KGS,5,0.0050000000,True,0.9050820000,0.9152817273,0.9050820000,0,0,173.3460145400,-62.9999764603
2019-06-20,RUB_KGS,5,0.0050000000,True,0.9019280000,0.9132942727,0.9019280000,0,0,154.5380614244,-30.5567149172
2019-06-21,RUB_KGS,5,0.0050000000,True,0.8989630000,0.9112916364,0.8989630000,0,0,93.8860562677,41.7938255072
2019-06-22,RUB_KGS,5,0.0050000000,True,0.8989630000,0.9096149091,0.8989630000,0,0,67.6071339392,49.8332760997
2019-06-25,RUB_KGS,5,0.0050000000,True,0.8989630000,0.9056030000,0.8989630000,1,1,32.8740209862,40.5806959562
2019-06-26,RUB_KGS,5,0.0050000000,True,0.8989630000,0.9047451818,0.9025480000,1,1,0.0000000000,63.9095066145
2019-06-27,RUB_KGS,5,0.0050000000,True,0.8989630000,0.9045555455,0.9053970000,1,1,0.0000000000,22.1937222610
2019-06-28,RUB_KGS,5,0.0050000000,True,0.8989630000,0.9049772727,0.9053970000,0,1,7.5600221613,-12.2072377508
2019-06-29,RUB_KGS,5,0.0050000000,True,0.8989630000,0.9053945455,0.9053970000,0,1,13.8090926036,-13.8553357953
2019-07-02,RUB_KGS,5,0.0050000000,True,0.9025480000,0.9081930000,0.9096720000,1,1,0.0000000000,30.7864077349
2019-07-03,RUB_KGS,5,0.0050000000,True,0.9053970000,0.9091349091,0.9096720000,1,1,0.5386266778,-6.4466879803
2019-07-04,RUB_KGS,5,0.0050000000,True,0.9053970000,0.9100090000,0.9109380000,1,1,0.0000000000,3.7032600776
2019-07-05,RUB_KGS,5,0.0050000000,True,0.9053970000,0.9106366364,0.9129090000,0,1,0.0000000000,-3.3093730730
2019-07-06,RUB_KGS,5,0.0050000000,True,0.9053970000,0.9113070000,0.9129090000,0,1,0.0000000000,-17.5791473126
2019-07-09,RUB_KGS,5,0.0050000000,True,0.9024990000,0.9105491818,0.9024990000,0,0,144.1306458359,-56.5353117065
2019-07-10,RUB_KGS,5,0.0050000000,True,0.9024990000,0.9101668182,0.9024990000,0,0,121.0000952326,-37.2039691026
2019-07-11,RUB_KGS,5,0.0050000000,True,0.9024990000,0.9094180000,0.9024990000,0,0,126.0799782938,-50.6367808862
2019-07-12,RUB_KGS,5,0.0050000000,True,0.9024840000,0.9084702727,0.9024840000,1,1,0.1662051703,65.7288731017
2019-07-13,RUB_KGS,5,0.0050000000,True,0.9024840000,0.9076952727,0.9024840000,1,1,32.9333183134,24.5597040577
2019-07-16,RUB_KGS,5,0.0050000000,True,0.9020620000,0.9045713636,0.9020620000,1,1,7.0787558671,20.6767946848
2019-07-17,RUB_KGS,5,0.0050000000,True,0.9020620000,0.9035571818,0.9020620000,1,1,4.6759831753,11.8772983025
2019-07-18,RUB_KGS,5,0.0050000000,True,0.9020620000,0.9037119091,0.9020620000,1,1,25.6749345411,-7.4370040090
2019-07-19,RUB_KGS,5,0.0050000000,True,0.9020620000,0.9037354545,0.9028670000,1,1,0.0000000000,18.5170841427
2019-07-20,RUB_KGS,5,0.0050000000,True,0.9020620000,0.9036301818,0.9028670000,1,1,0.0000000000,8.4457318219
2019-07-23,RUB_KGS,5,0.0050000000,True,0.9020620000,0.9040071818,0.9043080000,1,1,0.0000000000,-2.1439894031
2019-07-24,RUB_KGS,5,0.0050000000,True,0.9020620000,0.9040321818,0.9043080000,1,1,15.6449253361,-18.7251982381
2019-07-25,RUB_KGS,5,0.0050000000,True,0.9028670000,0.9047814545,0.9046590000,1,1,0.0000000000,5.2328055916
2019-07-26,RUB_KGS,5,0.0050000000,True,0.9028670000,0.9052608182,0.9046590000,1,1,9.0670141803,-2.4212007609
2019-07-27,RUB_KGS,5,0.0050000000,True,0.9028670000,0.9058016364,0.9046590000,1,1,0.0000000000,12.6146422988
2019-07-30,RUB_KGS,5,0.0050000000,True,0.9043080000,0.9109105455,0.9081400000,0,1,23.7722782719,6.6586720021
2019-07-31,RUB_KGS,5,0.0050000000,True,0.9046590000,0.9129647273,0.9088160000,1,1,0.0000000000,52.8468091767
2019-08-01,RUB_KGS,5,0.0050000000,True,0.9046590000,0.9154376364,0.9151830000,1,1,0.0000000000,72.3330142940
2019-08-02,RUB_KGS,5,0.0050000000,True,0.9046590000,0.9181786364,0.9269040000,0,1,0.0000000000,32.6258556342
2019-08-03,RUB_KGS,5,0.0050000000,True,0.9046590000,0.9207765455,0.9269040000,0,1,0.0000000000,-66.5465967362
2019-08-06,RUB_KGS,5,0.0050000000,True,0.9088160000,0.9282084545,0.9332360000,0,1,0.0000000000,-48.1954827349
2019-08-07,RUB_KGS,5,0.0050000000,True,0.9151830000,0.9306384545,0.9332360000,0,1,16.8376461527,-44.8245549512
2019-08-08,RUB_KGS,5,0.0050000000,True,0.9269040000,0.9327169091,0.9337620000,0,1,0.0000000000,-5.5653639816
2019-08-09,RUB_KGS,5,0.0050000000,True,0.9269040000,0.9339552727,0.9355460000,0,1,0.0000000000,2.0694002477
2019-08-10,RUB_KGS,5,0.0050000000,True,0.9269040000,0.9346742727,0.9348130000,0,1,7.8349968895,-9.3265354377
2019-08-13,RUB_KGS,5,0.0050000000,True,0.9332360000,0.9385870909,0.9348130000,0,1,34.4652607655,5.7649515355
2019-08-14,RUB_KGS,5,0.0050000000,True,0.9337620000,0.9397761818,0.9348130000,0,0,60.7426057334,-7.9786889296
2019-08-15,RUB_KGS,5,0.0050000000,True,0.9348130000,0.9415342727,0.9448050000,1,1,0.0000000000,71.3863841388
2019-08-16,RUB_KGS,5,0.0050000000,True,0.9348130000,0.9433593636,0.9463160000,0,1,0.0000000000,-15.3243442463
2019-08-17,RUB_KGS,5,0.0050000000,True,0.9348130000,0.9445158182,0.9463160000,0,1,0.0000000000,-19.0593083094
2019-08-20,RUB_KGS,5,0.0050000000,True,0.9348130000,0.9444511818,0.9376770000,0,0,161.8296486941,-91.5856568168
2019-08-21,RUB_KGS,5,0.0050000000,True,0.9376770000,0.9447115455,0.9376770000,0,0,187.7834541273,-115.4897978960
2019-08-22,RUB_KGS,5,0.0050000000,True,0.9376770000,0.9445661818,0.9376770000,0,0,111.6774073125,-39.1800834399
2019-08-23,RUB_KGS,5,0.0050000000,True,0.9376770000,0.9446580909,0.9376770000,1,1,4.0083023027,69.9204397089
2019-08-24,RUB_KGS,5,0.0050000000,True,0.9376770000,0.9451887273,0.9376770000,1,1,0.0000000000,79.4733057640
2019-08-27,RUB_KGS,5,0.0050000000,True,0.9376770000,0.9462657273,0.9473270000,0,1,0.0000000000,32.3347574000
2019-08-28,RUB_KGS,5,0.0050000000,True,0.9376770000,0.9468438182,0.9521530000,0,1,0.0000000000,-5.1030783420
2019-08-29,RUB_KGS,5,0.0050000000,True,0.9376770000,0.9485250909,0.9546260000,0,1,0.0000000000,-38.2478979806
2019-08-30,RUB_KGS,5,0.0050000000,True,0.9376770000,0.9506108182,0.9546260000,0,1,31.4107477387,-73.8807268322
2019-08-31,RUB_KGS,5,0.0050000000,True,0.9376770000,0.9517387273,0.9500840000,0,1,47.5788423948,-30.3368208578
2019-09-03,RUB_KGS,5,0.0050000000,True,0.9428340000,0.9518359091,0.9428340000,0,0,143.3593958269,-49.4947801832
2019-09-04,RUB_KGS,5,0.0050000000,True,0.9428340000,0.9509887273,0.9428340000,0,0,185.1512564802,-101.2764131799
2019-09-05,RUB_KGS,5,0.0050000000,True,0.9367180000,0.9490872727,0.9367180000,0,0,140.6822975653,-10.5019559462
2019-09-06,RUB_KGS,5,0.0050000000,True,0.9348470000,0.9472891818,0.9348470000,0,0,92.8772555640,38.8285001959
2019-09-07,RUB_KGS,5,0.0050000000,True,0.9347440000,0.9454817273,0.9347440000,0,0,85.8051364291,28.0040025772
2019-09-10,RUB_KGS,5,0.0050000000,True,0.9210160000,0.9365306364,0.9210160000,0,0,167.6278239556,-2.0006140652
2019-09-11,RUB_KGS,5,0.0050000000,True,0.9210160000,0.9338880909,0.9210160000,0,0,147.9493435824,-10.2679228940
2019-09-12,RUB_KGS,5,0.0050000000,True,0.9118170000,0.9309977273,0.9118170000,0,0,245.2757118527,-40.2393326807
2019-09-13,RUB_KGS,5,0.0050000000,True,0.9118170000,0.9288284545,0.9118170000,0,0,209.1916774312,-26.5985117322
2019-09-14,RUB_KGS,5,0.0050000000,True,0.9118170000,0.9268393636,0.9118170000,0,0,99.8788294666,62.8303443384
2019-09-17,RUB_KGS,5,0.0050000000,True,0.9118170000,0.9203755455,0.9126650000,1,1,0.0000000000,92.9897094378
2019-09-18,RUB_KGS,5,0.0050000000,True,0.9118170000,0.9183683636,0.9126650000,0,0,68.6310355484,-6.5729220162
2019-09-19,RUB_KGS,5,0.0050000000,True,0.9118170000,0.9167723636,0.9126650000,0,0,90.0044953385,-45.6125918440
2019-09-20,RUB_KGS,5,0.0050000000,True,0.9104170000,0.9158088182,0.9104170000,0,0,82.2469653049,-23.5658553984
2019-09-21,RUB_KGS,5,0.0050000000,True,0.9104170000,0.9154710000,0.9104170000,1,1,24.6311625843,30.6508889959
2019-09-24,RUB_KGS,5,0.0050000000,True,0.9104170000,0.9164287273,0.9104170000,1,1,36.3997316532,29.3064500577
2019-09-25,RUB_KGS,5,0.0050000000,True,0.9104170000,0.9164531818,0.9173000000,1,1,0.0000000000,65.8645955728
2019-09-26,RUB_KGS,5,0.0050000000,True,0.9104170000,0.9170442727,0.9198940000,0,1,0.0000000000,-2.7886033459
2019-09-27,RUB_KGS,5,0.0050000000,True,0.9104170000,0.9188006364,0.9212230000,0,1,0.0000000000,-11.8999007303
2019-09-28,RUB_KGS,5,0.0050000000,True,0.9104170000,0.9210428182,0.9212230000,0,1,0.0000000000,-1.9562805835
2019-10-01,RUB_KGS,5,0.0050000000,True,0.9173000000,0.9264069091,0.9314600000,0,1,0.0000000000,20.9185517929
2019-10-02,RUB_KGS,5,0.0050000000,True,0.9198940000,0.9276941818,0.9314600000,0,1,5.6331378724,-46.2525071938
2019-10-03,RUB_KGS,5,0.0050000000,True,0.9212230000,0.9284800000,0.9285380000,0,0,93.7877735566,-95.3063070825
2019-10-04,RUB_KGS,5,0.0050000000,True,0.9212230000,0.9290358182,0.9273370000,0,0,59.7378096494,-41.7011028247
2019-10-05,RUB_KGS,5,0.0050000000,True,0.9212230000,0.9298487273,0.9273370000,0,1,44.2638438580,-17.3283318029
2019-10-08,RUB_KGS,5,0.0050000000,True,0.9174810000,0.9282345455,0.9174810000,0,0,119.0796714836,-3.2691580694
2019-10-09,RUB_KGS,5,0.0050000000,True,0.9174810000,0.9264301818,0.9174810000,0,0,106.2828292196,-9.7883056880
2019-10-10,RUB_KGS,5,0.0050000000,True,0.9174810000,0.9252584545,0.9174810000,0,0,136.3629033559,-53.0289178169
2019-10-11,RUB_KGS,5,0.0050000000,True,0.9174810000,0.9240782727,0.9174810000,0,0,80.8468267242,-9.5308730734
2019-10-12,RUB_KGS,5,0.0050000000,True,0.9174810000,0.9229781818,0.9174810000,1,1,0.0000000000,59.5591740571
2019-10-15,RUB_KGS,5,0.0050000000,True,0.9137750000,0.9188736364,0.9137750000,0,0,67.8897546904,-12.4866313599
2019-10-16,RUB_KGS,5,0.0050000000,True,0.9137750000,0.9173836364,0.9137750000,0,0,51.2042748983,-11.9291820018
2019-10-17,RUB_KGS,5,0.0050000000,True,0.9114780000,0.9161580909,0.9114780000,0,0,85.7227698864,-34.9383924311
2019-10-18,RUB_KGS,5,0.0050000000,True,0.9098440000,0.9154638182,0.9098440000,0,0,52.3815511106,9.0535329235
2019-10-19,RUB_KGS,5,0.0050000000,True,0.9098440000,0.9149854545,0.9098440000,1,1,43.0193428360,13.2292217263
2019-10-22,RUB_KGS,5,0.0050000000,True,0.9098440000,0.9137229091,0.9098440000,1,1,17.9269274738,24.5688169638
2019-10-23,RUB_KGS,5,0.0050000000,True,0.9098440000,0.9133018182,0.9122190000,1,1,0.0000000000,37.8606295639
2019-10-24,RUB_KGS,5,0.0050000000,True,0.9098440000,0.9131249091,0.9126380000,1,1,0.0000000000,9.9209766582
2019-10-25,RUB_KGS,5,0.0050000000,True,0.9098440000,0.9129778182,0.9121570000,1,1,5.2704358135,3.7220858497
2019-10-26,RUB_KGS,5,0.0050000000,True,0.9098440000,0.9128998182,0.9121570000,0,1,28.0958143796,-20.0151405641
2019-10-29,RUB_KGS,5,0.0050000000,True,0.9116550000,0.9135552727,0.9116550000,1,1,11.3291603164,9.4824336648
2019-10-30,RUB_KGS,5,0.0050000000,True,0.9116550000,0.9138377273,0.9116550000,1,1,5.5034385528,18.3919663477
2019-10-31,RUB_KGS,5,0.0050000000,True,0.9116550000,0.9140820909,0.9116550000,1,1,13.8238196901,12.7460205235
2019-11-01,RUB_KGS,5,0.0050000000,True,0.9040080000,0.9131076364,0.9040080000,0,0,83.8804152887,15.9087089603
2019-11-02,RUB_KGS,5,0.0050000000,True,0.9040080000,0.9125649091,0.9040080000,0,0,123.6499345588,-30.2563782761
2019-11-06,RUB_KGS,5,0.0050000000,True,0.9040080000,0.9117192727,0.9087570000,1,1,0.0000000000,84.5794638541
2019-11-07,RUB_KGS,5,0.0050000000,True,0.9040080000,0.9118784545,0.9107960000,0,1,0.0000000000,34.2310373701
2019-11-08,RUB_KGS,5,0.0050000000,True,0.9040080000,0.9116017273,0.9107960000,0,1,0.0439174352,8.7947098908
2019-11-09,RUB_KGS,5,0.0050000000,True,0.9040080000,0.9117769091,0.9107960000,0,1,0.0000000000,10.7582137816
2019-11-12,RUB_KGS,5,0.0050000000,True,0.9087570000,0.9126833636,0.9122820000,0,1,12.3055902852,-7.9177115792
2019-11-13,RUB_KGS,5,0.0050000000,True,0.9107960000,0.9130406364,0.9126870000,1,1,0.0000000000,8.3089003208
2019-11-14,RUB_KGS,5,0.0050000000,True,0.9107740000,0.9130382727,0.9107740000,0,0,70.6348194010,-46.1615618822
2019-11-15,RUB_KGS,5,0.0050000000,True,0.9107740000,0.9130607273,0.9107740000,0,0,92.2810487165,-67.8626573479
2019-11-16,RUB_KGS,5,0.0050000000,True,0.9107740000,0.9134056364,0.9107740000,1,1,20.9600881792,7.8676585191
2019-11-19,RUB_KGS,5,0.0050000000,True,0.9101440000,0.9130280909,0.9101440000,1,1,6.9171935079,24.6880784013
2019-11-20,RUB_KGS,5,0.0050000000,True,0.9101440000,0.9123818182,0.9101440000,1,1,9.8678108498,14.6738805524
2019-11-21,RUB_KGS,5,0.0050000000,True,0.9101440000,0.9116230000,0.9101440000,1,1,48.6119463366,-32.5463486551
2019-11-22,RUB_KGS,5,0.0050000000,True,0.9101440000,0.9118112727,0.9101440000,1,1,20.8213867109,-2.5413951292
2019-11-23,RUB_KGS,5,0.0050000000,True,0.9101440000,0.9119205455,0.9101440000,1,1,0.0000000000,19.4813623117
2019-11-26,RUB_KGS,5,0.0050000000,True,0.9101440000,0.9130226364,0.9138890000,1,1,0.0000000000,23.1389264570
2019-11-27,RUB_KGS,5,0.0050000000,True,0.9101440000,0.9131010909,0.9138890000,0,1,9.4997802698,-18.1459545652
2019-11-28,RUB_KGS,5,0.0050000000,True,0.9101440000,0.9138610000,0.9154530000,1,1,0.0000000000,-0.3063923288
2019-11-29,RUB_KGS,5,0.0050000000,True,0.9101440000,0.9144194545,0.9154530000,0,1,2.9266556080,-14.2335713449
2019-11-30,RUB_KGS,5,0.0050000000,True,0.9101440000,0.9150490000,0.9154530000,0,1,0.0000000000,-4.4150641113
2019-12-03,RUB_KGS,5,0.0050000000,True,0.9102640000,0.9147160000,0.9102640000,0,0,110.1475224956,-62.1613703051
2019-12-04,RUB_KGS,5,0.0050000000,True,0.9102640000,0.9143864545,0.9102640000,0,0,65.7326798263,-20.7849257291
2019-12-05,RUB_KGS,5,0.0050000000,True,0.9102640000,0.9138992727,0.9102640000,0,0,74.2037949162,-34.6835517580
2019-12-06,RUB_KGS,5,0.0050000000,True,0.9082690000,0.9132461818,0.9082690000,1,1,36.7696663416,17.7956595991
2019-12-07,RUB_KGS,5,0.0050000000,True,0.9080910000,0.9125769091,0.9080910000,1,1,23.8721953192,25.3448127809
2019-12-10,RUB_KGS,5,0.0050000000,True,0.8936340000,0.9069723636,0.8936340000,0,0,183.7510792410,-37.3730942589
2019-12-11,RUB_KGS,5,0.0050000000,True,0.8936340000,0.9048419091,0.8936340000,0,0,161.1306782462,-37.8750240750
2019-12-12,RUB_KGS,5,0.0050000000,True,0.8936340000,0.9034870000,0.8936340000,0,0,159.2021063968,-50.9581211462
2019-12-13,RUB_KGS,5,0.0050000000,True,0.8934700000,0.9019602727,0.8934700000,0,0,107.9909302676,-14.0108972750
2019-12-14,RUB_KGS,5,0.0050000000,True,0.8934700000,0.9004985455,0.8934700000,1,1,1.8352032264,76.2305001956
2019-12-17,RUB_KGS,5,0.0050000000,True,0.8916570000,0.8957538182,0.8916570000,0,0,56.4280592428,-10.7527514662
2019-12-18,RUB_KGS,5,0.0050000000,True,0.8916570000,0.8942598182,0.8916570000,1,1,20.2916717965,8.8320884575
2019-12-19,RUB_KGS,5,0.0050000000,True,0.8893830000,0.8930015455,0.8893830000,0,0,53.7025335920,-13.2525475625
2019-12-20,RUB_KGS,5,0.0050000000,True,0.8887390000,0.8925565455,0.8887390000,0,0,52.0489954544,-9.3266308974
2019-12-21,RUB_KGS,5,0.0050000000,True,0.8822930000,0.8915255455,0.8822930000,0,0,105.0179609424,-1.4744899473
2019-12-24,RUB_KGS,5,0.0050000000,True,0.8822930000,0.8891751818,0.8822930000,0,0,79.7181866530,-2.3372017806
2019-12-25,RUB_KGS,5,0.0050000000,True,0.8822930000,0.8885648182,0.8822930000,0,0,72.5297303258,-1.9602601253
2019-12-26,RUB_KGS,5,0.0050000000,True,0.8822930000,0.8879207273,0.8830250000,1,1,0.0000000000,63.3809652131
2019-12-27,RUB_KGS,5,0.0050000000,True,0.8822930000,0.8874954545,0.8863040000,1,1,0.0000000000,50.3715768071
2019-12-28,RUB_KGS,5,0.0050000000,True,0.8822930000,0.8870701818,0.8863040000,0,1,13.1497254558,-4.5184494985
2019-12-31,RUB_KGS,5,0.0050000000,True,0.8822930000,0.8862663636,0.8869790000,1,1,0.0000000000,-0.4246619885
2020-01-01,RUB_KGS,5,0.0050000000,True,0.8830250000,0.8866923636,0.8869790000,1,1,0.0000000000,-3.2326472562
2020-01-10,RUB_KGS,5,0.0050000000,True,0.8749240000,0.8824254545,0.8749240000,1,1,46.7785164658,38.4106615238
2020-01-11,RUB_KGS,5,0.0050000000,True,0.8749240000,0.8816657273,0.8749240000,0,0,51.5544801457,25.0404116258
2020-01-14,RUB_KGS,5,0.0050000000,True,0.8749240000,0.8801214545,0.8786220000,1,1,0.0000000000,59.0538330660
2020-01-15,RUB_KGS,5,0.0050000000,True,0.8749240000,0.8795702727,0.8786220000,0,1,9.4263352933,1.3560340881
2020-01-16,RUB_KGS,5,0.0050000000,True,0.8749240000,0.8796462727,0.8798720000,1,1,0.0000000000,11.6441433225
2020-01-17,RUB_KGS,5,0.0050000000,True,0.8749240000,0.8801681818,0.8798720000,0,1,25.4614462011,-22.1527910472
2020-01-18,RUB_KGS,5,0.0050000000,True,0.8749240000,0.8806743636,0.8798720000,0,1,11.8513002375,-2.7437651601
2020-01-21,RUB_KGS,5,0.0050000000,True,0.8786220000,0.8826656364,0.8844530000,1,1,0.0000000000,31.6499957464
2020-01-22,RUB_KGS,5,0.0050000000,True,0.8798720000,0.8831957273,0.8844530000,0,1,8.4274835376,-22.6820926032
2020-01-23,RUB_KGS,5,0.0050000000,True,0.8798720000,0.8841097273,0.8844530000,0,1,6.4743860632,-10.3637896859
2020-01-24,RUB_KGS,5,0.0050000000,True,0.8798720000,0.8857788182,0.8844530000,0,1,26.8145791024,-11.8786066745
2020-01-25,RUB_KGS,5,0.0050000000,True,0.8798720000,0.8868683636,0.8844530000,0,1,0.0000000000,27.2347479671
2020-01-28,RUB_KGS,5,0.0050000000,True,0.8844530000,0.8926170909,0.8929010000,0,1,0.0000000000,4.9863588052
2020-01-29,RUB_KGS,5,0.0050000000,True,0.8844530000,0.8943023636,0.8929010000,0,0,70.8903606902,-55.6147066794
2020-01-30,RUB_KGS,5,0.0050000000,True,0.8844530000,0.8968380000,0.9020950000,0,1,0.0000000000,43.8986751230
2020-01-31,RUB_KGS,5,0.0050000000,True,0.8844530000,0.8989600000,0.9035640000,0,1,0.0000000000,-34.8736317522
2020-02-01,RUB_KGS,5,0.0050000000,True,0.8844530000,0.9007438182,0.9035640000,0,1,0.0000000000,-31.3094773592
2020-02-04,RUB_KGS,5,0.0050000000,True,0.8929010000,0.9043425455,0.8988150000,0,0,173.9105718343,-114.7845426230
2020-02-05,RUB_KGS,5,0.0050000000,True,0.8988150000,0.9057457273,0.8988150000,0,0,98.9210119025,-22.6252541477
2020-02-06,RUB_KGS,5,0.0050000000,True,0.8988150000,0.9067018182,0.8988150000,0,0,58.1810137433,28.9711361458
2020-02-07,RUB_KGS,5,0.0050000000,True,0.8988150000,0.9077562727,0.9083360000,1,1,0.0000000000,98.4986058032
2020-02-08,RUB_KGS,5,0.0050000000,True,0.8988150000,0.9076371818,0.9022540000,0,0,66.9576015924,-7.6993119698
2020-02-11,RUB_KGS,5,0.0050000000,True,0.8988150000,0.9076603636,0.9022540000,0,0,113.4983980048,-54.5538459320
2020-02-12,RUB_KGS,5,0.0050000000,True,0.8988150000,0.9080238182,0.9022540000,0,0,141.0568390549,-78.6232880155
2020-02-13,RUB_KGS,5,0.0050000000,True,0.9022540000,0.9086767273,0.9059970000,1,1,0.0000000000,70.6822028116
2020-02-14,RUB_KGS,5,0.0050000000,True,0.9022540000,0.9090641818,0.9059970000,0,1,46.0782407209,-12.3953644237
2020-02-15,RUB_KGS,5,0.0050000000,True,0.9022540000,0.9093555455,0.9059970000,0,1,22.8615981314,14.1038943564
2020-02-18,RUB_KGS,5,0.0050000000,True,0.9022540000,0.9108545455,0.9115410000,1,1,0.0000000000,53.3295406911
2020-02-19,RUB_KGS,5,0.0050000000,True,0.9059970000,0.9124857273,0.9115410000,0,1,11.5823177346,-1.2304052975
2020-02-20,RUB_KGS,5,0.0050000000,True,0.9059970000,0.9133953636,0.9122060000,0,1,0.0000000000,20.3018726631
2020-02-21,RUB_KGS,5,0.0050000000,True,0.9059970000,0.9153048182,0.9201970000,0,1,0.0000000000,33.8555869068
2020-02-22,RUB_KGS,5,0.0050000000,True,0.9059970000,0.9180023636,0.9201970000,0,1,0.0000000000,-23.9066526468
2020-02-26,RUB_KGS,5,0.0050000000,True,0.9122060000,0.9340755455,0.9377460000,0,1,0.0000000000,53.5132889290
2020-02-27,RUB_KGS,5,0.0050000000,True,0.9201970000,0.9374385455,0.9389290000,0,1,0.0000000000,-3.2797301428
2020-02-28,RUB_KGS,5,0.0050000000,True,0.9201970000,0.9402264545,0.9491990000,0,1,0.0000000000,13.7993835334
2020-02-29,RUB_KGS,5,0.0050000000,True,0.9201970000,0.9425390909,0.9456360000,0,0,136.2164191948,-171.4083717772
2020-03-03,RUB_KGS,5,0.0050000000,True,0.9377460000,0.9525785455,0.9456360000,0,1,37.5369127022,35.4778665830
2020-03-04,RUB_KGS,5,0.0050000000,True,0.9389290000,0.9551806364,0.9456360000,0,0,54.9815746521,45.1918328251
2020-03-05,RUB_KGS,5,0.0050000000,True,0.9456360000,0.9576751818,0.9471670000,1,1,0.0000000000,125.7125802856
2020-03-06,RUB_KGS,5,0.0050000000,True,0.9456360000,0.9642192727,0.9663690000,1,1,0.0000000000,176.8505692594
2020-03-07,RUB_KGS,5,0.0050000000,True,0.9456360000,0.9700488182,0.9663690000,0,1,0.0000000000,37.9343607543
2020-03-11,RUB_KGS,5,0.0050000000,True,0.9471670000,0.9904730000,1.0041800000,0,0,257.1118096790,-405.9373652790
2020-03-12,RUB_KGS,5,0.0050000000,True,0.9663690000,0.9967932727,1.0041800000,0,0,182.2412545707,-261.1045638532
2020-03-13,RUB_KGS,5,0.0050000000,True,0.9663690000,1.0010733636,1.0041800000,0,0,121.3945618384,-154.3007428299
2020-03-14,RUB_KGS,5,0.0050000000,True,0.9663690000,1.0094970909,1.0041800000,0,1,0.0000000000,52.6706907526
2020-03-17,RUB_KGS,5,0.0050000000,True,1.0041800000,1.0348954545,1.0134500000,0,1,31.8681210595,175.9158808312
2020-03-18,RUB_KGS,5,0.0050000000,True,1.0041800000,1.0393372727,1.0590300000,0,1,0.0000000000,249.0748037867
2020-03-19,RUB_KGS,5,0.0050000000,True,1.0041800000,1.0477900000,1.0716800000,0,1,0.0000000000,-107.2734040218
2020-03-20,RUB_KGS,5,0.0050000000,True,1.0041800000,1.0548390909,1.0716800000,0,0,252.4921778360,-422.8219211375
2020-03-21,RUB_KGS,5,0.0050000000,True,1.0041800000,1.0605845455,1.0673800000,0,1,40.1239175873,-104.6164079328
2020-03-24,RUB_KGS,5,0.0050000000,True,0.9722640000,1.0512308182,0.9722640000,0,0,1236.9175304191,-554.2948400139
2020-03-25,RUB_KGS,5,0.0050000000,True,0.9722640000,1.0433430000,0.9722640000,0,0,1011.8699848390,-367.8272629423
2020-03-26,RUB_KGS,5,0.0050000000,True,0.9722640000,1.0317815455,0.9722640000,0,0,891.1165657966,-345.0192989231
2020-03-27,RUB_KGS,5,0.0050000000,True,0.9722640000,1.0227437273,0.9722640000,0,0,148.3127486952,350.4565837652
2020-03-28,RUB_KGS,5,0.0050000000,True,0.9722640000,1.0137059091,0.9722640000,1,1,0.0000000000,408.8158973846
2020-04-07,RUB_KGS,5,0.0050000000,True,0.8787560000,0.9378930000,0.8787560000,0,0,235.8817091396,404.1825666681
2020-04-08,RUB_KGS,5,0.0050000000,True,0.8787560000,0.9356758182,0.8787560000,0,0,112.6725699562,501.3041618727
2020-04-09,RUB_KGS,5,0.0050000000,True,0.8787560000,0.9331713636,0.8787560000,0,0,151.1473344676,438.6050111618
2020-04-10,RUB_KGS,5,0.0050000000,True,0.8787560000,0.9299250909,0.9365550000,1,1,0.0000000000,550.2495997723
2020-04-11,RUB_KGS,5,0.0050000000,True,0.8787560000,0.9264579091,0.9341250000,0,0,145.0613213768,-231.1717639726
2020-04-14,RUB_KGS,5,0.0050000000,True,0.8787560000,0.9286431818,0.9239060000,0,0,220.2674880784,-173.0677454644
2020-04-15,RUB_KGS,5,0.0050000000,True,0.8787560000,0.9315217273,0.9239060000,0,0,135.0588059431,-54.0328000938
2020-04-16,RUB_KGS,5,0.0050000000,True,0.9239060000,0.9360887273,0.9239060000,0,0,109.3964940452,20.9780036391
2020-04-17,RUB_KGS,5,0.0050000000,True,0.9239060000,0.9370515455,0.9239060000,0,0,142.3213780815,-2.0645027095
2020-04-18,RUB_KGS,5,0.0050000000,True,0.9239060000,0.9387023636,0.9239060000,1,1,0.0000000000,157.6257204578
2020-04-21,RUB_KGS,5,0.0050000000,True,0.9239060000,0.9352643636,0.9286140000,0,1,4.0796862840,67.0544487762
2020-04-22,RUB_KGS,5,0.0050000000,True,0.9239060000,0.9347633636,0.9286140000,0,0,311.4560140892,-253.5683070786
2020-04-23,RUB_KGS,5,0.0050000000,True,0.9239060000,0.9337866364,0.9265010000,0,0,409.2299028813,-345.3397422985
2020-04-24,RUB_KGS,5,0.0050000000,True,0.9239060000,0.9341072727,0.9265010000,0,0,81.3404146670,0.0885629254
2020-04-25,RUB_KGS,5,0.0050000000,True,0.9239060000,0.9345243636,0.9265010000,0,1,22.7543414163,63.2446179719
2020-04-28,RUB_KGS,5,0.0050000000,True,0.9094150000,0.9269680000,0.9094150000,0,0,184.4142639889,5.0379301119
2020-04-29,RUB_KGS,5,0.0050000000,True,0.9094150000,0.9218208182,0.9094150000,0,0,194.2781850549,-60.8814826861
2020-04-30,RUB_KGS,5,0.0050000000,True,0.9094150000,0.9195768182,0.9094150000,0,0,205.4832879911,-96.9704938388
2020-05-01,RUB_KGS,5,0.0050000000,True,0.9094150000,0.9178314545,0.9094150000,1,1,0.0000000000,91.6993474540
2020-05-07,RUB_KGS,5,0.0050000000,True,0.9094150000,0.9243357273,0.9359340000,0,1,15.2768502378,-140.9690477476
2020-05-08,RUB_KGS,5,0.0050000000,True,0.9094150000,0.9272175455,0.9359340000,0,1,38.1260138199,-132.6382854352
2020-05-09,RUB_KGS,5,0.0050000000,True,0.9094150000,0.9308184545,0.9359340000,0,1,0.0000000000,-54.9574992800
2020-05-13,RUB_KGS,5,0.0050000000,True,0.9359340000,0.9441903636,0.9490250000,0,1,0.0000000000,32.5714363841
2020-05-14,RUB_KGS,5,0.0050000000,True,0.9359340000,0.9453786364,0.9507220000,0,1,0.0000000000,-38.5704044507
2020-05-15,RUB_KGS,5,0.0050000000,True,0.9359340000,0.9461490000,0.9444080000,0,0,167.9062523424,-152.0585024135
2020-05-16,RUB_KGS,5,0.0050000000,True,0.9359340000,0.9474057273,0.9444080000,0,0,66.4126842547,-35.0037226059
2020-05-19,RUB_KGS,5,0.0050000000,True,0.9366400000,0.9509541818,0.9366400000,0,0,167.4072814347,-17.1703139125
2020-05-20,RUB_KGS,5,0.0050000000,True,0.9366400000,0.9517417273,0.9366400000,0,0,82.2525857468,77.0558552029
2020-05-21,RUB_KGS,5,0.0050000000,True,0.9366400000,0.9511746364,0.9366400000,0,0,138.1193946247,14.8935464580
2020-05-22,RUB_KGS,5,0.0050000000,True,0.9366400000,0.9509479091,0.9482280000,1,1,0.0000000000,150.4594410916
2020-05-23,RUB_KGS,5,0.0050000000,True,0.9366400000,0.9517033636,0.9482280000,0,0,98.7795607755,-62.8834213717
2020-05-26,RUB_KGS,5,0.0050000000,True,0.9366400000,0.9551906364,0.9482280000,0,0,63.6069655391,9.3451121656
2020-05-27,RUB_KGS,5,0.0050000000,True,0.9366400000,0.9560735455,0.9590320000,0,1,0.0000000000,82.0600621348
2020-05-28,RUB_KGS,5,0.0050000000,True,0.9446630000,0.9568029091,0.9446630000,0,0,149.8281600614,-23.2972839852
2020-05-29,RUB_KGS,5,0.0050000000,True,0.9382940000,0.9550398182,0.9382940000,0,0,298.2307573798,-126.6667796240
2020-05-30,RUB_KGS,5,0.0050000000,True,0.9291920000,0.9524492727,0.9291920000,0,0,315.5700543008,-73.7123485078
2020-06-02,RUB_KGS,5,0.0050000000,True,0.9283710000,0.9465867273,0.9283710000,0,0,172.4636193013,20.3227788569
2020-06-03,RUB_KGS,5,0.0050000000,True,0.9283710000,0.9437993636,0.9283710000,0,0,105.7557652506,58.3319278279
2020-06-04,RUB_KGS,5,0.0050000000,True,0.9198920000,0.9395043636,0.9198920000,0,0,100.0869572704,109.7638716275
2020-06-05,RUB_KGS,5,0.0050000000,True,0.9198920000,0.9363922727,0.9198920000,0,0,203.3261482624,-27.6777943199
2020-06-06,RUB_KGS,5,0.0050000000,True,0.9198920000,0.9333183636,0.9198920000,0,0,91.3320213578,53.0083177308
2020-06-09,RUB_KGS,5,0.0050000000,True,0.9198920000,0.9284240909,0.9252370000,1,1,0.0000000000,91.8986376230
2020-06-10,RUB_KGS,5,0.0050000000,True,0.9198920000,0.9284548182,0.9256570000,0,1,0.0000000000,34.6577789118
2020-06-11,RUB_KGS,5,0.0050000000,True,0.9198920000,0.9286375455,0.9295300000,0,1,0.0000000000,32.0958965006
2020-06-12,RUB_KGS,5,0.0050000000,True,0.9198920000,0.9289000909,0.9295300000,0,1,0.0000000000,-6.7812361854
2020-06-16,RUB_KGS,5,0.0050000000,True,0.9256570000,0.9302563636,0.9276660000,0,0,141.6374599626,-115.4266370365
2020-06-17,RUB_KGS,5,0.0050000000,True,0.9276660000,0.9305529091,0.9276660000,1,1,38.5821774608,-7.5878641848
2020-06-18,RUB_KGS,5,0.0050000000,True,0.9272050000,0.9303415455,0.9272050000,1,1,4.9694609913,28.7587442227
2020-06-19,RUB_KGS,5,0.0050000000,True,0.9176000000,0.9292570000,0.9176000000,0,0,146.9580773253,-21.8346485418
2020-06-20,RUB_KGS,5,0.0050000000,True,0.9176000000,0.9281774545,0.9176000000,0,0,121.8513131931,-7.9892638085
2020-06-23,RUB_KGS,5,0.0050000000,True,0.9176000000,0.9249950000,0.9176000000,0,0,103.5908995314,-23.8920210380
2020-06-24,RUB_KGS,5,0.0050000000,True,0.9176000000,0.9242870000,0.9176550000,1,1,0.0000000000,72.3476582490
2020-06-25,RUB_KGS,5,0.0050000000,True,0.9176000000,0.9238867273,0.9198780000,1,1,0.0000000000,67.4512046636
2020-06-26,RUB_KGS,5,0.0050000000,True,0.9176000000,0.9236818182,0.9198780000,0,0,77.0425665034,-36.1399537424
2020-06-27,RUB_KGS,5,0.0050000000,True,0.9176000000,0.9234771818,0.9198780000,1,1,0.0000000000,38.9742366032
2020-06-30,RUB_KGS,5,0.0050000000,True,0.8945050000,0.9183115455,0.8945050000,0,0,349.3213275030,-93.3392876076
2020-07-01,RUB_KGS,5,0.0050000000,True,0.8945050000,0.9162070000,0.8945050000,0,0,347.0509839046,-114.1445110112
2020-07-02,RUB_KGS,5,0.0050000000,True,0.8945050000,0.9141840000,0.8945050000,0,0,347.0822344141,-136.5589421823
2020-07-03,RUB_KGS,5,0.0050000000,True,0.8945050000,0.9155059091,0.8945050000,0,0,359.8155819858,-135.2923098158
2020-07-04,RUB_KGS,5,0.0050000000,True,0.8945050000,0.9152133636,0.8945050000,1,1,0.0000000000,226.2681518776
2020-07-07,RUB_KGS,5,0.0050000000,True,0.8945050000,0.9120485455,0.9080930000,0,1,0.0000000000,79.8372574666
2020-07-08,RUB_KGS,5,0.0050000000,True,0.8945050000,0.9110114545,0.9080930000,0,0,281.7365657162,-256.9401881585
2020-07-09,RUB_KGS,5,0.0050000000,True,0.8945050000,0.9092974545,0.9080930000,0,0,93.4588615190,-80.9696037060
2020-07-10,RUB_KGS,5,0.0050000000,True,0.8945050000,0.9111666364,0.9090380000,0,1,0.0000000000,33.7329774925
2020-07-11,RUB_KGS,5,0.0050000000,True,0.8945050000,0.9128582727,0.9090380000,0,0,67.9806830846,-26.3099688581
2020-07-14,RUB_KGS,5,0.0050000000,True,0.9080930000,0.9160394545,0.9131130000,1,1,0.0000000000,76.4318011709
2020-07-15,RUB_KGS,5,0.0050000000,True,0.9080930000,0.9168578182,0.9131130000,0,1,21.3427228200,19.5430321505
2020-07-16,RUB_KGS,5,0.0050000000,True,0.9090380000,0.9186337273,0.9173600000,1,1,0.0000000000,60.0971541630
2020-07-17,RUB_KGS,5,0.0050000000,True,0.9090380000,0.9186021818,0.9149130000,0,1,26.6743699311,13.5225219662
2020-07-18,RUB_KGS,5,0.0050000000,True,0.9090380000,0.9183611818,0.9126090000,0,0,141.0125942299,-79.4983316625
2020-07-21,RUB_KGS,5,0.0050000000,True,0.9126090000,0.9229467273,0.9126090000,0,0,161.9075750193,-50.7209418371
2020-07-22,RUB_KGS,5,0.0050000000,True,0.9126090000,0.9249905455,0.9126090000,1,1,25.1827222916,108.9475509135
2020-07-23,RUB_KGS,5,0.0050000000,True,0.9126090000,0.9264501818,0.9186150000,1,1,0.0000000000,149.4001738012
2020-07-24,RUB_KGS,5,0.0050000000,True,0.9126090000,0.9275984545,0.9334160000,0,1,0.0000000000,96.8463724948
2020-07-25,RUB_KGS,5,0.0050000000,True,0.9126090000,0.9291205455,0.9334160000,0,1,23.2899919303,-69.6836871935
2020-07-28,RUB_KGS,5,0.0050000000,True,0.9126090000,0.9381684545,0.9382930000,0,1,0.0000000000,50.6567293158
2020-07-29,RUB_KGS,5,0.0050000000,True,0.9186150000,0.9421391818,0.9424050000,0,1,0.0000000000,40.8239238152
2020-07-30,RUB_KGS,5,0.0050000000,True,0.9334160000,0.9464311818,0.9551560000,0,1,0.0000000000,42.5406716889
2020-07-31,RUB_KGS,5,0.0050000000,True,0.9334160000,0.9481590909,0.9546020000,0,1,5.8000996696,-73.7946738896
2020-08-01,RUB_KGS,5,0.0050000000,True,0.9334160000,0.9497807273,0.9534330000,0,1,29.8445968627,-68.5028927251
2020-08-04,RUB_KGS,5,0.0050000000,True,0.9424050000,0.9544573636,0.9498010000,0,0,165.9303374207,-119.1214694004
2020-08-05,RUB_KGS,5,0.0050000000,True,0.9498010000,0.9555544545,0.9498010000,0,0,50.2932112022,9.9675590535
2020-08-06,RUB_KGS,5,0.0050000000,True,0.9498010000,0.9557363636,0.9498010000,1,1,38.0939195518,24.1004080623
2020-08-07,RUB_KGS,5,0.0050000000,True,0.9445400000,0.9546684545,0.9445400000,0,0,55.3905502310,50.9858110664
2020-08-08,RUB_KGS,5,0.0050000000,True,0.9433600000,0.9534932727,0.9433600000,0,0,116.4307424097,-10.2751356591
2020-08-11,RUB_KGS,5,0.0050000000,True,0.9410760000,0.9489954545,0.9410760000,0,0,168.0079652554,-86.0019446400
2020-08-12,RUB_KGS,5,0.0050000000,True,0.9410760000,0.9478720909,0.9410760000,1,1,36.6739365194,35.1533813586
2020-08-13,RUB_KGS,5,0.0050000000,True,0.9333910000,0.9463802727,0.9333910000,0,0,105.6754579376,31.9139442602
2020-08-14,RUB_KGS,5,0.0050000000,True,0.9333910000,0.9453648182,0.9333910000,0,0,123.7662524548,2.9281625093
2020-08-15,RUB_KGS,5,0.0050000000,True,0.9333910000,0.9440728182,0.9333910000,0,0,81.6618424017,31.7435066883
2020-08-18,RUB_KGS,5,0.0050000000,True,0.9333910000,0.9437634545,0.9402610000,1,1,0.0000000000,109.9052362697
2020-08-19,RUB_KGS,5,0.0050000000,True,0.9333910000,0.9446293636,0.9402610000,0,1,32.2483867856,14.0411010648
2020-08-20,RUB_KGS,5,0.0050000000,True,0.9333910000,0.9454470000,0.9469970000,0,1,0.0000000000,54.8523608410
2020-08-21,RUB_KGS,5,0.0050000000,True,0.9333910000,0.9468506364,0.9528850000,0,1,0.0000000000,-1.5457943496
2020-08-22,RUB_KGS,5,0.0050000000,True,0.9333910000,0.9493654545,0.9528850000,0,1,0.0000000000,-37.0726092644
2020-08-25,RUB_KGS,5,0.0050000000,True,0.9402610000,0.9536119091,0.9512400000,0,1,29.7877960175,-4.9295830370
2020-08-26,RUB_KGS,5,0.0050000000,True,0.9469970000,0.9546100000,0.9512400000,0,0,55.1585127693,-19.9662689475
2020-08-27,RUB_KGS,5,0.0050000000,True,0.9402310000,0.9539949091,0.9402310000,0,0,294.2794705282,-154.5510439164
2020-08-28,RUB_KGS,5,0.0050000000,True,0.9374410000,0.9525909091,0.9374410000,0,0,255.3011899156,-98.7841771246
2020-08-29,RUB_KGS,5,0.0050000000,True,0.9374410000,0.9517450909,0.9374410000,0,0,145.0632858164,5.3069977866
2020-09-01,RUB_KGS,5,0.0050000000,True,0.9374410000,0.9527175455,0.9374410000,1,1,29.6735589446,131.0624068395
2020-09-02,RUB_KGS,5,0.0050000000,True,0.9374410000,0.9514798182,0.9435810000,1,1,0.0000000000,147.5471987272
2020-09-03,RUB_KGS,5,0.0050000000,True,0.9374410000,0.9512773636,0.9551240000,0,1,0.0000000000,80.9055689809
2020-09-04,RUB_KGS,5,0.0050000000,True,0.9374410000,0.9524864545,0.9551240000,0,0,91.3757401974,-120.1649157311
2020-09-05,RUB_KGS,5,0.0050000000,True,0.9374410000,0.9538214545,0.9551240000,0,1,0.0000000000,-13.6560720913
2020-09-08,RUB_KGS,5,0.0050000000,True,0.9435810000,0.9560290000,0.9479700000,0,0,122.9872865904,-39.1724518817
2020-09-09,RUB_KGS,5,0.0050000000,True,0.9479700000,0.9564280000,0.9479700000,0,0,171.7917349203,-84.8155846546
2020-09-10,RUB_KGS,5,0.0050000000,True,0.9463560000,0.9548301818,0.9463560000,0,0,202.5933690504,-116.1967687353
2020-09-11,RUB_KGS,5,0.0050000000,True,0.9463560000,0.9544664545,0.9463560000,0,0,113.8568093141,-29.2157512846
2020-09-12,RUB_KGS,5,0.0050000000,True,0.9463560000,0.9538600000,0.9463560000,1,1,17.0258552486,61.7491036420
2020-09-15,RUB_KGS,5,0.0050000000,True,0.9463560000,0.9515561818,0.9484530000,1,1,0.0000000000,54.6492358259
2020-09-16,RUB_KGS,5,0.0050000000,True,0.9463560000,0.9501019091,0.9484530000,0,1,28.0720790056,-10.7471724803
2020-09-17,RUB_KGS,5,0.0050000000,True,0.9463560000,0.9505001818,0.9499280000,1,1,0.0000000000,21.5379424154
2020-09-18,RUB_KGS,5,0.0050000000,True,0.9463560000,0.9518682727,0.9499280000,0,1,45.1877934272,-24.9165492819
2020-09-19,RUB_KGS,5,0.0050000000,True,0.9463560000,0.9532309091,0.9499280000,1,1,0.0000000000,34.6496222417
2020-09-22,RUB_KGS,5,0.0050000000,True,0.9484530000,0.9589054545,0.9629590000,0,1,0.0000000000,-28.4756483718
2020-09-23,RUB_KGS,5,0.0050000000,True,0.9499280000,0.9606623636,0.9629590000,0,1,0.6230406669,-24.5313697386
2020-09-24,RUB_KGS,5,0.0050000000,True,0.9499280000,0.9638441818,0.9677790000,0,1,0.0000000000,9.1838684601
2020-09-25,RUB_KGS,5,0.0050000000,True,0.9499280000,0.9685761818,0.9677790000,0,1,46.6106009291,-38.5598804919
2020-09-26,RUB_KGS,5,0.0050000000,True,0.9499280000,0.9721662727,0.9677790000,0,1,0.0000000000,45.1288308425
2020-09-29,RUB_KGS,5,0.0050000000,True,0.9629590000,0.9776294545,0.9704900000,0,0,189.5394444220,-118.7622304193
2020-09-30,RUB_KGS,5,0.0050000000,True,0.9677790000,0.9793690000,0.9704900000,0,0,314.2777300944,-230.8731438304
2020-10-01,RUB_KGS,5,0.0050000000,True,0.9677790000,0.9803001818,0.9704900000,0,0,191.3142965720,-93.0206721466
2020-10-02,RUB_KGS,5,0.0050000000,True,0.9677790000,0.9819372727,0.9820940000,1,1,0.0000000000,116.5784520581
2020-10-03,RUB_KGS,5,0.0050000000,True,0.9677790000,0.9830951818,0.9805160000,0,1,16.0677083864,10.1839764521
2020-10-06,RUB_KGS,5,0.0050000000,True,0.9671600000,0.9788790000,0.9671600000,0,0,156.6733227894,-37.5429445314
2020-10-07,RUB_KGS,5,0.0050000000,True,0.9671600000,0.9768554545,0.9671600000,0,0,188.9556263168,-91.4315973053
2020-10-08,RUB_KGS,5,0.0050000000,True,0.9671040000,0.9765476364,0.9671040000,0,0,136.7851213035,-40.6366621411
2020-10-09,RUB_KGS,5,0.0050000000,True,0.9671040000,0.9754834545,0.9671040000,0,0,114.4535270842,-28.8835801511
2020-10-10,RUB_KGS,5,0.0050000000,True,0.9671040000,0.9743627273,0.9671040000,1,1,0.5790148476,73.9224425475
2020-10-13,RUB_KGS,5,0.0050000000,True,0.9671040000,0.9722321818,0.9697660000,1,1,0.0000000000,52.7464726439
2020-10-14,RUB_KGS,5,0.0050000000,True,0.9671040000,0.9716902727,0.9697660000,1,1,6.4098072111,13.4021381486
2020-10-15,RUB_KGS,5,0.0050000000,True,0.9671040000,0.9713039091,0.9740510000,1,1,0.0000000000,15.8334490010
2020-10-16,RUB_KGS,5,0.0050000000,True,0.9505490000,0.9697938182,0.9505490000,0,0,279.5818339300,-83.4732256116
2020-10-17,RUB_KGS,5,0.0050000000,True,0.9482960000,0.9680789091,0.9482960000,0,0,269.4460548661,-66.8963123592
2020-10-20,RUB_KGS,5,0.0050000000,True,0.9467200000,0.9628460909,0.9467200000,0,0,280.5910573471,-116.3727951612
2020-10-21,RUB_KGS,5,0.0050000000,True,0.9467200000,0.9607510000,0.9467200000,1,1,40.2819844111,106.1877635308
2020-10-22,RUB_KGS,5,0.0050000000,True,0.9467200000,0.9580127273,0.9467200000,1,1,16.6192834305,101.4258683221
2020-10-23,RUB_KGS,5,0.0050000000,True,0.9467200000,0.9555834545,0.9467200000,0,0,72.6785794803,20.2227710857
2020-10-24,RUB_KGS,5,0.0050000000,True,0.9467200000,0.9538900000,0.9467200000,1,1,0.0000000000,75.1658996320
2020-10-27,RUB_KGS,5,0.0050000000,True,0.9467200000,0.9546523636,0.9478330000,1,1,0.0000000000,72.1138280132
2020-10-28,RUB_KGS,5,0.0050000000,True,0.9467200000,0.9567224545,0.9559270000,1,1,0.0000000000,92.9157092866
2020-10-29,RUB_KGS,5,0.0050000000,True,0.9467200000,0.9595447273,0.9654070000,0,1,0.0000000000,37.7025392345
2020-10-30,RUB_KGS,5,0.0050000000,True,0.9467200000,0.9623590000,0.9710670000,0,1,0.0000000000,-31.6721722351
2020-10-31,RUB_KGS,5,0.0050000000,True,0.9467200000,0.9651732727,0.9710670000,0,1,0.0000000000,-61.0639295478
2020-11-03,RUB_KGS,5,0.0050000000,True,0.9202680000,0.9591025455,0.9202680000,0,0,654.2933047357,-266.8479472477
2020-11-04,RUB_KGS,5,0.0050000000,True,0.9202680000,0.9558608182,0.9202680000,0,0,587.1980214324,-228.2359670279
2020-11-06,RUB_KGS,5,0.0050000000,True,0.9111960000,0.9460899091,0.9111960000,0,0,254.6611950499,117.1443536646
2020-11-07,RUB_KGS,5,0.0050000000,True,0.9089240000,0.9404405455,0.9089240000,0,0,123.2684391938,214.5010181882
2020-11-10,RUB_KGS,5,0.0050000000,True,0.9089240000,0.9241040000,0.9089240000,0,0,96.6879422269,68.2390726585
2020-11-11,RUB_KGS,5,0.0050000000,True,0.9089240000,0.9187366364,0.9089240000,1,1,24.9342622224,82.0761474527
2020-11-12,RUB_KGS,5,0.0050000000,True,0.9067810000,0.9161706364,0.9067810000,1,1,23.5773287976,79.0970161672
2020-11-13,RUB_KGS,5,0.0050000000,True,0.8989220000,0.9142300909,0.8989220000,0,0,191.4309968946,-24.4567435829
2020-11-14,RUB_KGS,5,0.0050000000,True,0.8950760000,0.9119399091,0.8950760000,0,0,256.4671970182,-73.4268874773
2020-11-17,RUB_KGS,5,0.0050000000,True,0.8950760000,0.9067223636,0.8950760000,0,0,129.0829869616,-0.6466848728
2020-11-18,RUB_KGS,5,0.0050000000,True,0.8950760000,0.9055720909,0.8950760000,1,1,42.7845797522,73.4352458059
2020-11-19,RUB_KGS,5,0.0050000000,True,0.8931420000,0.9034517273,0.8931420000,1,1,21.6071037543,92.7080774754
2020-11-20,RUB_KGS,5,0.0050000000,True,0.8931420000,0.9011927273,0.8931420000,0,0,68.7736496291,20.7028665042
2020-11-21,RUB_KGS,5,0.0050000000,True,0.8898280000,0.8985738182,0.8898280000,0,0,71.8867396134,25.6274791812
2020-11-24,RUB_KGS,5,0.0050000000,True,0.8894760000,0.8943677273,0.8894760000,1,1,41.0461046508,13.7049586579
2020-11-25,RUB_KGS,5,0.0050000000,True,0.8894760000,0.8942970000,0.8894760000,1,1,48.2329682575,5.7028034311
2020-11-26,RUB_KGS,5,0.0050000000,True,0.8894760000,0.8942048182,0.8894760000,1,1,3.9558206755,48.9464839914
2020-11-27,RUB_KGS,5,0.0050000000,True,0.8894760000,0.8945206364,0.8942980000,1,1,0.0000000000,56.3948572963
2020-11-28,RUB_KGS,5,0.0050000000,True,0.8894760000,0.8940781818,0.8914040000,0,1,32.3605777940,-2.4586013426
2020-12-01,RUB_KGS,5,0.0050000000,True,0.8753950000,0.8899056364,0.8753950000,0,0,255.1226576928,-94.4747767945
2020-12-02,RUB_KGS,5,0.0050000000,True,0.8753950000,0.8885935455,0.8753950000,0,0,270.6322346887,-125.4955609626
2020-12-03,RUB_KGS,5,0.0050000000,True,0.8753160000,0.8873062727,0.8753160000,0,0,180.4793337252,-46.1816556321
2020-12-04,RUB_KGS,5,0.0050000000,True,0.8684120000,0.8849530000,0.8684120000,0,0,204.1709531287,-17.6167547881
2020-12-05,RUB_KGS,5,0.0050000000,True,0.8641770000,0.8822147273,0.8641770000,0,0,128.1478646782,77.3023512519
2020-12-08,RUB_KGS,5,0.0050000000,True,0.8619820000,0.8731803636,0.8619820000,0,0,152.3335572525,-24.4581354847
2020-12-09,RUB_KGS,5,0.0050000000,True,0.8619820000,0.8705056364,0.8619820000,0,0,74.0431960867,24.0508076706
2020-12-10,RUB_KGS,5,0.0050000000,True,0.8597160000,0.8680696364,0.8597160000,0,0,51.6213692334,44.8424435157
2020-12-11,RUB_KGS,5,0.0050000000,True,0.8597160000,0.8671782727,0.8597160000,0,0,106.9948240189,-21.1689721763
2020-12-12,RUB_KGS,5,0.0050000000,True,0.8597160000,0.8679942727,0.8597160000,1,1,26.2882519589,69.2662718658
2020-12-15,RUB_KGS,5,0.0050000000,True,0.8597160000,0.8695851818,0.8655900000,1,1,0.0000000000,113.4929852133
2020-12-16,RUB_KGS,5,0.0050000000,True,0.8597160000,0.8711562727,0.8737050000,0,1,0.0000000000,63.8952263966
2020-12-17,RUB_KGS,5,0.0050000000,True,0.8597160000,0.8762452727,0.8737050000,0,0,120.6054924913,-92.7334791483
2020-12-18,RUB_KGS,5,0.0050000000,True,0.8597160000,0.8828420000,0.8814590000,0,1,0.0000000000,103.4953026702
2020-12-19,RUB_KGS,5,0.0050000000,True,0.8597160000,0.8890819091,0.8814590000,0,1,0.0000000000,85.7391092200
2020-12-22,RUB_KGS,5,0.0050000000,True,0.8737050000,0.8978489091,0.8807460000,0,0,478.3495658886,-302.3235940285
2020-12-23,RUB_KGS,5,0.0050000000,True,0.8737050000,0.8975193636,0.8807460000,0,0,575.6805978518,-412.5441507314
2020-12-24,RUB_KGS,5,0.0050000000,True,0.8807460000,0.8981870909,0.8807460000,0,0,535.9324580038,-361.1041554614
2020-12-25,RUB_KGS,5,0.0050000000,True,0.8807460000,0.8989863636,0.8807460000,0,0,449.8537788173,-258.5871966912
2020-12-26,RUB_KGS,5,0.0050000000,True,0.8807460000,0.8999025455,0.8807460000,1,1,0.0000000000,212.8735556012
2020-12-29,RUB_KGS,5,0.0050000000,True,0.8807460000,0.8944152727,0.8902510000,1,1,0.0000000000,149.4302829436
2020-12-30,RUB_KGS,5,0.0050000000,True,0.8807460000,0.8910448182,0.8915370000,0,1,0.0000000000,8.9088468461
2020-12-31,RUB_KGS,5,0.0050000000,True,0.8807460000,0.8884369091,0.8935460000,0,1,0.0000000000,-34.8937654139
2021-01-01,RUB_KGS,5,0.0050000000,True,0.8807460000,0.8896005455,0.8935460000,0,1,0.0000000000,-44.3508557365
2021-01-12,RUB_KGS,5,0.0050000000,True,0.8700790000,0.8873406364,0.8700790000,0,0,296.3471852482,-104.9243464665
2021-01-13,RUB_KGS,5,0.0050000000,True,0.8700790000,0.8852072727,0.8700790000,0,0,251.0518384062,-82.2149511979
2021-01-14,RUB_KGS,5,0.0050000000,True,0.8700790000,0.8835516364,0.8700790000,0,0,152.9882967009,-0.5134237151
2021-01-15,RUB_KGS,5,0.0050000000,True,0.8700790000,0.8814490000,0.8700790000,0,0,114.1541097525,15.0093766060
2021-01-16,RUB_KGS,5,0.0050000000,True,0.8647660000,0.8788326364,0.8647660000,0,0,61.0634206779,99.6052718281
2021-01-19,RUB_KGS,5,0.0050000000,True,0.8647660000,0.8734960909,0.8647660000,0,0,120.7310580875,-21.0408393356
2021-01-20,RUB_KGS,5,0.0050000000,True,0.8647660000,0.8731260000,0.8647660000,0,0,64.9229047686,31.0264497908
2021-01-21,RUB_KGS,5,0.0050000000,True,0.8647660000,0.8733696364,0.8649280000,1,1,0.0000000000,98.5108252613
2021-01-22,RUB_KGS,5,0.0050000000,True,0.8647660000,0.8753382727,0.8795260000,1,1,0.0000000000,118.9285679791
2021-01-23,RUB_KGS,5,0.0050000000,True,0.8647660000,0.8766698182,0.8795260000,0,1,0.0000000000,-32.5799036187
2021-01-26,RUB_KGS,5,0.0050000000,True,0.8647660000,0.8839740000,0.8847260000,0,1,0.0000000000,13.2130583026
2021-01-27,RUB_KGS,5,0.0050000000,True,0.8649280000,0.8870789091,0.8847260000,0,0,78.5884579931,-52.4766270665
2021-01-28,RUB_KGS,5,0.0050000000,True,0.8795260000,0.8893679091,0.8901070000,0,1,0.0000000000,52.1933503948
2021-01-29,RUB_KGS,5,0.0050000000,True,0.8795260000,0.8907605455,0.8901070000,0,0,91.6026965412,-85.0447921623
2021-01-30,RUB_KGS,5,0.0050000000,True,0.8795260000,0.8923416364,0.8901070000,0,0,98.0398700663,-73.7202363791
2021-02-02,RUB_KGS,5,0.0050000000,True,0.8847260000,0.8932273636,0.8855080000,0,0,51.6679455391,34.9335876104
2021-02-03,RUB_KGS,5,0.0050000000,True,0.8855080000,0.8932984545,0.8855080000,0,0,104.3420927647,-17.3127519328
2021-02-04,RUB_KGS,5,0.0050000000,True,0.8754290000,0.8912160000,0.8754290000,0,0,239.5871194468,-63.9800003591
2021-02-05,RUB_KGS,5,0.0050000000,True,0.8738180000,0.8889340000,0.8738180000,0,0,212.5352685337,-43.4115468640
2021-02-06,RUB_KGS,5,0.0050000000,True,0.8718870000,0.8864764545,0.8718870000,0,0,153.8213093501,10.9247633199
2021-02-09,RUB_KGS,5,0.0050000000,True,0.8718870000,0.8817231818,0.8718870000,1,1,40.4601629601,71.3850100346
2021-02-10,RUB_KGS,5,0.0050000000,True,0.8718870000,0.8799980909,0.8718870000,1,1,22.0984232415,70.2284581403
2021-02-11,RUB_KGS,5,0.0050000000,True,0.8671790000,0.8776695455,0.8671790000,0,0,53.9978231124,65.8852239376
2021-02-12,RUB_KGS,5,0.0050000000,True,0.8671790000,0.8760247273,0.8671790000,0,0,97.3276297188,3.6839972969
2021-02-13,RUB_KGS,5,0.0050000000,True,0.8671790000,0.8749731818,0.8671790000,0,0,122.5935198453,-33.9303905938
2021-02-16,RUB_KGS,5,0.0050000000,True,0.8671790000,0.8737995455,0.8674150000,1,1,0.0000000000,75.7673254579
2021-02-17,RUB_KGS,5,0.0050000000,True,0.8671790000,0.8739439091,0.8734750000,1,1,0.0000000000,74.7062714551
2021-02-18,RUB_KGS,5,0.0050000000,True,0.8671790000,0.8737414545,0.8734750000,0,1,5.3321677321,-2.2838043623
2021-02-19,RUB_KGS,5,0.0050000000,True,0.8671790000,0.8733353636,0.8734750000,0,1,2.5981398692,-4.1981165415
2021-02-20,RUB_KGS,5,0.0050000000,True,0.8671790000,0.8727068182,0.8710280000,0,1,41.6157902198,-22.4724016969
2021-02-21,RUB_KGS,5,0.0050000000,True,0.8671790000,0.8718060000,0.8680330000,0,0,62.3028707175,-19.1441673950
2021-02-25,RUB_KGS,5,0.0050000000,True,0.8680330000,0.8743023636,0.8680330000,1,1,34.3846581281,37.4511584613
2021-02-26,RUB_KGS,5,0.0050000000,True,0.8680330000,0.8747250000,0.8734050000,1,1,0.0000000000,76.5040441282
2021-02-27,RUB_KGS,5,0.0050000000,True,0.8665720000,0.8740974545,0.8665720000,0,0,138.7403216336,-53.3870157187
2021-03-02,RUB_KGS,5,0.0050000000,True,0.8665720000,0.8744811818,0.8665720000,0,0,78.2340380465,12.3065177451
2021-03-03,RUB_KGS,5,0.0050000000,True,0.8665720000,0.8750605455,0.8665720000,0,0,144.9420402426,-48.6418290433
2021-03-04,RUB_KGS,5,0.0050000000,True,0.8665720000,0.8759121818,0.8698440000,1,1,0.0000000000,106.6337700521
2021-03-05,RUB_KGS,5,0.0050000000,True,0.8665720000,0.8756130909,0.8754740000,1,1,0.0000000000,65.8863026260
2021-03-06,RUB_KGS,5,0.0050000000,True,0.8665720000,0.8750731818,0.8728250000,0,0,52.1540321928,-26.6014115183
2021-03-10,RUB_KGS,5,0.0050000000,True,0.8664630000,0.8721731818,0.8664630000,0,0,102.9271000624,-37.8459032063
2021-03-11,RUB_KGS,5,0.0050000000,True,0.8633050000,0.8715787273,0.8633050000,0,0,109.0711196402,-14.2990264479
2021-03-12,RUB_KGS,5,0.0050000000,True,0.8601240000,0.8700080909,0.8601240000,0,0,73.1595001748,40.7477924186
2021-03-13,RUB_KGS,5,0.0050000000,True,0.8601240000,0.8685874545,0.8601240000,0,0,74.3279500095,23.2844088971
2021-03-16,RUB_KGS,5,0.0050000000,True,0.8601240000,0.8673217273,0.8601240000,1,1,36.8467691025,46.3118488379
2021-03-17,RUB_KGS,5,0.0050000000,True,0.8601240000,0.8674285455,0.8617740000,1,1,0.0000000000,84.2091892505
2021-03-18,RUB_KGS,5,0.0050000000,True,0.8601240000,0.8686169091,0.8683530000,1,1,0.0000000000,78.7793677430
2021-03-19,RUB_KGS,5,0.0050000000,True,0.8601240000,0.8705998182,0.8740000000,0,1,0.0000000000,25.8077033201
2021-03-20,RUB_KGS,5,0.0050000000,True,0.8601240000,0.8734347273,0.8740000000,0,1,0.0000000000,-6.4718371004
2021-03-23,RUB_KGS,5,0.0050000000,True,0.8617740000,0.8819946364,0.8883770000,0,1,0.0000000000,27.8872031895
2021-03-24,RUB_KGS,5,0.0050000000,True,0.8683530000,0.8848407273,0.8930810000,0,1,0.0000000000,-39.9650764061
2021-03-25,RUB_KGS,5,0.0050000000,True,0.8740000000,0.8871656364,0.8930810000,0,0,51.9967162314,-119.2941115229
2021-03-26,RUB_KGS,5,0.0050000000,True,0.8740000000,0.8888609091,0.8926480000,0,0,59.4994827342,-102.7167559706
2021-03-27,RUB_KGS,5,0.0050000000,True,0.8740000000,0.8904865455,0.8918820000,0,1,13.4254339752,-29.1352470029
2021-03-30,RUB_KGS,5,0.0050000000,True,0.8918820000,0.8946156364,0.8918820000,1,1,22.8765883568,7.6975668169
2021-03-31,RUB_KGS,5,0.0050000000,True,0.8918820000,0.8945299091,0.8918820000,1,1,8.5812100626,21.0379672248
2021-04-01,RUB_KGS,5,0.0050000000,True,0.8918820000,0.8949926364,0.8937200000,1,1,0.0000000000,34.7559995161
2021-04-02,RUB_KGS,5,0.0050000000,True,0.8918820000,0.8956613636,0.8968060000,1,1,0.0000000000,21.6751968454
2021-04-03,RUB_KGS,5,0.0050000000,True,0.8918820000,0.8978228182,0.8968060000,0,1,0.0000000000,11.3253769143
2021-04-06,RUB_KGS,5,0.0050000000,True,0.8918820000,0.9022657273,0.9004370000,0,1,29.2775509617,-9.0358383637
2021-04-07,RUB_KGS,5,0.0050000000,True,0.8937200000,0.9038886364,0.9090600000,0,1,0.0000000000,38.1865223743
2021-04-08,RUB_KGS,5,0.0050000000,True,0.8968060000,0.9057225455,0.9090600000,0,0,85.0405243130,-122.9344968979
2021-04-09,RUB_KGS,5,0.0050000000,True,0.8968060000,0.9069870909,0.9097340000,0,1,0.0000000000,-22.8548907883
2021-04-10,RUB_KGS,5,0.0050000000,True,0.8922890000,0.9065764545,0.8922890000,0,0,191.7593494362,-34.8293344562
2021-04-13,RUB_KGS,5,0.0050000000,True,0.8908850000,0.9055716364,0.8908850000,0,0,251.7581379877,-91.8907273838
2021-04-14,RUB_KGS,5,0.0050000000,True,0.8908850000,0.9032105455,0.8908850000,0,0,217.7517469771,-83.0975079202
2021-04-15,RUB_KGS,5,0.0050000000,True,0.8908850000,0.9022847273,0.8908850000,1,1,15.7348123758,110.7824057151
2021-04-16,RUB_KGS,5,0.0050000000,True,0.8908850000,0.9010537273,0.8908850000,0,0,183.0962169739,-71.5525892866
2021-04-17,RUB_KGS,5,0.0050000000,True,0.8908850000,0.9006781818,0.8908850000,1,1,0.0000000000,108.7311985110
2021-04-20,RUB_KGS,5,0.0050000000,True,0.8852030000,0.8949567273,0.8852030000,0,0,152.1121934505,-43.7928740892
2021-04-21,RUB_KGS,5,0.0050000000,True,0.8852030000,0.8943125455,0.8852030000,0,0,122.6298353145,-21.0268161283
2021-04-22,RUB_KGS,5,0.0050000000,True,0.8814210000,0.8919416364,0.8814210000,0,0,267.0265005748,-153.1643224108
2021-04-23,RUB_KGS,5,0.0050000000,True,0.8814210000,0.8912841818,0.8814210000,0,0,217.3138542577,-109.0204267061
2021-04-24,RUB_KGS,5,0.0050000000,True,0.8814210000,0.8906101818,0.8814210000,1,1,42.7246631564,60.7132270501
2021-04-27,RUB_KGS,5,0.0050000000,True,0.8768690000,0.8865706364,0.8768690000,0,0,51.6438795990,58.0848964811
2021-04-28,RUB_KGS,5,0.0050000000,True,0.8768690000,0.8844544545,0.8768690000,0,0,76.7722171486,9.0615694379
2021-04-29,RUB_KGS,5,0.0050000000,True,0.8768690000,0.8827566364,0.8768690000,0,0,74.7279763569,-8.0924187589
2021-04-30,RUB_KGS,5,0.0050000000,True,0.8768690000,0.8829378182,0.8823250000,1,1,0.0000000000,68.7343780824
2021-05-01,RUB_KGS,5,0.0050000000,True,0.8768690000,0.8827020000,0.8823250000,0,1,0.0000000000,4.2709770681
2021-05-05,RUB_KGS,5,0.0050000000,True,0.8739800000,0.8797424545,0.8739800000,0,0,148.9637013693,-84.7241759908
2021-05-06,RUB_KGS,5,0.0050000000,True,0.8739800000,0.8794798182,0.8739800000,0,0,97.7669613611,-35.5799161446
2021-05-07,RUB_KGS,5,0.0050000000,True,0.8739800000,0.8788252727,0.8739800000,0,0,59.9713620539,-4.8670342786
2021-05-08,RUB_KGS,5,0.0050000000,True,0.8734770000,0.8780209091,0.8734770000,1,1,5.7552804412,46.0229255257
2021-05-12,RUB_KGS,5,0.0050000000,True,0.8734770000,0.8748287273,0.8734770000,1,1,18.8315954864,-3.3866369272
2021-05-13,RUB_KGS,5,0.0050000000,True,0.8724750000,0.8742125455,0.8724750000,1,1,11.4713953544,8.4138057543
2021-05-14,RUB_KGS,5,0.0050000000,True,0.8724750000,0.8742151818,0.8724750000,0,0,63.1760935375,-43.5455510381
2021-05-15,RUB_KGS,5,0.0050000000,True,0.8724750000,0.8742381818,0.8724750000,1,1,14.8551168324,5.3209963584
2021-05-18,RUB_KGS,5,0.0050000000,True,0.8724750000,0.8747050909,0.8740090000,1,1,0.0000000000,25.4953461717
2021-05-19,RUB_KGS,5,0.0050000000,True,0.8724750000,0.8749377273,0.8742330000,1,1,0.0000000000,10.6147814156
2021-05-20,RUB_KGS,5,0.0050000000,True,0.8724750000,0.8748740909,0.8760360000,1,1,0.0000000000,7.3278076897
2021-05-21,RUB_KGS,5,0.0050000000,True,0.8724750000,0.8752019091,0.8760360000,1,1,1.2897349652,-10.8213990309
2021-05-22,RUB_KGS,5,0.0050000000,True,0.8724750000,0.8759736364,0.8760360000,1,1,0.0000000000,-0.7119350831
2021-05-25,RUB_KGS,5,0.0050000000,True,0.8742330000,0.8785930000,0.8773790000,1,1,0.0000000000,14.4663114776
2021-05-26,RUB_KGS,5,0.0050000000,True,0.8760360000,0.8793201818,0.8822320000,1,1,0.0000000000,22.0759384161
2021-05-27,RUB_KGS,5,0.0050000000,True,0.8760360000,0.8793247273,0.8761990000,0,0,68.7210828529,-33.4037317065
2021-05-28,RUB_KGS,5,0.0050000000,True,0.8756330000,0.8792880909,0.8756330000,0,0,101.4349891364,-60.4797124616
2021-05-29,RUB_KGS,5,0.0050000000,True,0.8708370000,0.8788154545,0.8708370000,0,0,129.1610370061,-38.8767111101
2021-06-01,RUB_KGS,5,0.0050000000,True,0.8650750000,0.8757580000,0.8650750000,0,0,126.9574605769,-5.0356376990
2021-06-02,RUB_KGS,5,0.0050000000,True,0.8650750000,0.8741955455,0.8650750000,0,0,120.5756292876,-16.4431694136
2021-06-03,RUB_KGS,5,0.0050000000,True,0.8610360000,0.8720528182,0.8610360000,0,0,112.5468945394,13.9420245709
2021-06-04,RUB_KGS,5,0.0050000000,True,0.8602360000,0.8700531818,0.8602360000,0,0,77.5011390441,35.6091085341
2021-06-05,RUB_KGS,5,0.0050000000,True,0.8514600000,0.8672557273,0.8514600000,0,0,157.3851978152,25.1451469751
2021-06-08,RUB_KGS,5,0.0050000000,True,0.8482800000,0.8596531818,0.8482800000,0,0,148.1471158000,-16.0857682036
2021-06-09,RUB_KGS,5,0.0050000000,True,0.8482800000,0.8576025455,0.8482800000,0,0,138.9851157124,-30.7071680164
2021-06-10,RUB_KGS,5,0.0050000000,True,0.8482800000,0.8559048182,0.8482800000,1,1,37.3476146854,51.9312204745
2021-06-11,RUB_KGS,5,0.0050000000,True,0.8477350000,0.8543284545,0.8477350000,0,0,71.9191076925,5.2960257035
2021-06-12,RUB_KGS,5,0.0050000000,True,0.8477350000,0.8531076364,0.8477350000,1,1,6.4247654076,56.5888307390
2021-06-16,RUB_KGS,5,0.0050000000,True,0.8477350000,0.8511275455,0.8516460000,1,1,0.0000000000,39.8594249788
2021-06-17,RUB_KGS,5,0.0050000000,True,0.8477350000,0.8521604545,0.8530060000,1,1,0.0000000000,6.0370619490
2021-06-18,RUB_KGS,5,0.0050000000,True,0.8477350000,0.8537165455,0.8530060000,0,1,46.6973470493,-38.5544190631
2021-06-19,RUB_KGS,5,0.0050000000,True,0.8477350000,0.8546941818,0.8530060000,0,1,0.0000000000,19.7518814811
2021-06-22,RUB_KGS,5,0.0050000000,True,0.8516460000,0.8559840000,0.8521630000,0,0,151.1144910418,-108.1094973738
2021-06-23,RUB_KGS,5,0.0050000000,True,0.8521630000,0.8560310000,0.8521630000,0,0,152.9240337094,-109.4119255027
2021-06-24,RUB_KGS,5,0.0050000000,True,0.8521630000,0.8556012727,0.8521630000,0,0,79.9851926699,-40.1206424318
2021-06-25,RUB_KGS,5,0.0050000000,True,0.8521630000,0.8557558182,0.8521630000,1,1,23.3446544371,18.6831120262
2021-06-26,RUB_KGS,5,0.0050000000,True,0.8521630000,0.8562724545,0.8521630000,1,1,0.0000000000,47.9923711622
2021-06-29,RUB_KGS,5,0.0050000000,True,0.8521630000,0.8574519091,0.8547060000,1,1,0.0000000000,60.3055289292
2021-06-30,RUB_KGS,5,0.0050000000,True,0.8521630000,0.8582721818,0.8586890000,1,1,0.0000000000,41.5507095969
2021-07-01,RUB_KGS,5,0.0050000000,True,0.8521630000,0.8592530000,0.8605010000,0,1,0.0000000000,6.5638409176
2021-07-02,RUB_KGS,5,0.0050000000,True,0.8521630000,0.8603207273,0.8639080000,0,1,0.0000000000,-2.0954130426
2021-07-03,RUB_KGS,5,0.0050000000,True,0.8521630000,0.8622295455,0.8639080000,0,1,47.7964004668,-67.5858833205
2021-07-06,RUB_KGS,5,0.0050000000,True,0.8586890000,0.8697855455,0.8639080000,0,1,12.0007491797,55.6406746449
2021-07-07,RUB_KGS,5,0.0050000000,True,0.8605010000,0.8715326364,0.8731600000,1,1,0.0000000000,87.4853797266
2021-07-08,RUB_KGS,5,0.0050000000,True,0.8639080000,0.8733658182,0.8779070000,0,1,0.0000000000,2.3566090810
2021-07-09,RUB_KGS,5,0.0050000000,True,0.8639080000,0.8738402727,0.8732760000,0,0,148.6374896780,-144.3253151216
2021-07-10,RUB_KGS,5,0.0050000000,True,0.8639080000,0.8744243636,0.8732760000,0,0,52.7504621788,-39.8277599352
2021-07-13,RUB_KGS,5,0.0050000000,True,0.8731600000,0.8769935455,0.8732760000,0,0,83.9137652640,-41.8755025563
2021-07-14,RUB_KGS,5,0.0050000000,True,0.8732760000,0.8771338182,0.8744820000,1,1,0.0000000000,43.9820937450
2021-07-15,RUB_KGS,5,0.0050000000,True,0.8732760000,0.8762418182,0.8747030000,1,1,0.0000000000,20.0837045813
2021-07-16,RUB_KGS,5,0.0050000000,True,0.8732760000,0.8762818182,0.8747030000,1,1,12.1379455243,5.8864416802
2021-07-17,RUB_KGS,5,0.0050000000,True,0.8732760000,0.8763257273,0.8747030000,1,1,0.0000000000,18.5173985223
2021-07-20,RUB_KGS,5,0.0050000000,True,0.8698030000,0.8750286364,0.8698030000,0,0,77.9909655047,-18.4149817435
2021-07-21,RUB_KGS,5,0.0050000000,True,0.8698030000,0.8749747273,0.8698030000,0,0,97.2736287595,-38.5413729352
2021-07-22,RUB_KGS,5,0.0050000000,True,0.8698030000,0.8752770909,0.8698030000,0,0,97.7583988889,-35.5648413884
2021-07-23,RUB_KGS,5,0.0050000000,True,0.8698030000,0.8752659091,0.8738890000,1,1,0.0000000000,62.4142792969
2021-07-24,RUB_KGS,5,0.0050000000,True,0.8698030000,0.8748611818,0.8702510000,1,1,41.6300010642,11.1124123276
2021-07-27,RUB_KGS,5,0.0050000000,True,0.8623520000,0.8711522727,0.8623520000,0,0,190.4237554204,-91.1405218272
2021-07-28,RUB_KGS,5,0.0050000000,True,0.8623520000,0.8696942727,0.8623520000,0,0,139.8156829564,-56.1775261254
2021-07-29,RUB_KGS,5,0.0050000000,True,0.8611780000,0.8689101818,0.8611780000,0,0,104.2572774981,-15.4310331479
2021-07-30,RUB_KGS,5,0.0050000000,True,0.8598250000,0.8676316364,0.8598250000,0,0,50.4866996533,39.6900737514
2021-07-31,RUB_KGS,5,0.0050000000,True,0.8590060000,0.8662786364,0.8590060000,1,1,38.8008609013,45.3276370767
2021-08-03,RUB_KGS,5,0.0050000000,True,0.8590060000,0.8628183636,0.8590060000,1,1,25.2212666835,19.0116912840
2021-08-04,RUB_KGS,5,0.0050000000,True,0.8590060000,0.8621605455,0.8590060000,1,1,9.5251940802,27.0894494866
2021-08-05,RUB_KGS,5,0.0050000000,True,0.8590060000,0.8624033636,0.8630150000,1,1,0.0000000000,39.3941371244
2021-08-06,RUB_KGS,5,0.0050000000,True,0.8590060000,0.8628968182,0.8630150000,0,1,5.2462859075,-6.6193524666
2021-08-07,RUB_KGS,5,0.0050000000,True,0.8590060000,0.8637832727,0.8630150000,1,1,0.0000000000,8.8942765104
2021-08-10,RUB_KGS,5,0.0050000000,True,0.8590060000,0.8650264545,0.8648860000,0,1,22.7603335721,-21.1848486820
2021-08-11,RUB_KGS,5,0.0050000000,True,0.8630150000,0.8655610000,0.8648860000,0,1,33.3494664546,-25.6365524787
2021-08-12,RUB_KGS,5,0.0050000000,True,0.8630150000,0.8657253636,0.8648860000,0,0,82.7539866277,-73.6681242288
2021-08-13,RUB_KGS,5,0.0050000000,True,0.8630150000,0.8660692727,0.8648860000,1,1,27.3505692654,-13.7255449438
2021-08-14,RUB_KGS,5,0.0050000000,True,0.8630150000,0.8664237273,0.8648860000,1,1,0.0000000000,17.7479820130
2021-08-17,RUB_KGS,5,0.0050000000,True,0.8648860000,0.8696529091,0.8667980000,1,1,0.0000000000,50.3293790563
2021-08-18,RUB_KGS,5,0.0050000000,True,0.8648860000,0.8702333636,0.8669140000,1,1,0.0000000000,39.4763494473
2021-08-19,RUB_KGS,5,0.0050000000,True,0.8648860000,0.8709151818,0.8747580000,1,1,0.0000000000,45.9422674184
2021-08-20,RUB_KGS,5,0.0050000000,True,0.8648860000,0.8717396364,0.8739550000,0,1,25.6106204184,-51.1547651426
2021-08-21,RUB_KGS,5,0.0050000000,True,0.8648860000,0.8722952727,0.8709980000,0,0,85.2601287667,-70.9934751035
2021-08-24,RUB_KGS,5,0.0050000000,True,0.8669140000,0.8743703636,0.8709980000,0,1,42.9833165287,-4.4333200181
2021-08-25,RUB_KGS,5,0.0050000000,True,0.8709980000,0.8749448182,0.8709980000,1,1,33.8346940060,11.3129212409
2021-08-26,RUB_KGS,5,0.0050000000,True,0.8683680000,0.8742329091,0.8683680000,1,1,30.1952472910,37.0028290776
2021-08-27,RUB_KGS,5,0.0050000000,True,0.8648710000,0.8729950000,0.8648710000,0,0,96.7457518435,-3.7228162819
2021-08-28,RUB_KGS,5,0.0050000000,True,0.8638450000,0.8716638182,0.8638450000,0,0,107.5085343774,-18.0021446967
2021-08-31,RUB_KGS,5,0.0050000000,True,0.8597570000,0.8673181818,0.8597570000,0,0,99.1630276565,-12.1041874116
2021-09-01,RUB_KGS,5,0.0050000000,True,0.8597570000,0.8663020909,0.8597570000,0,0,59.1302055451,16.5195365925
2021-09-02,RUB_KGS,5,0.0050000000,True,0.8597570000,0.8651399091,0.8597570000,1,1,47.3233045280,14.9676263608
2021-09-03,RUB_KGS,5,0.0050000000,True,0.8597570000,0.8642398182,0.8598210000,1,1,0.0000000000,51.8700722590
2021-09-04,RUB_KGS,5,0.0050000000,True,0.8597570000,0.8636090909,0.8598210000,1,1,0.0000000000,43.8634904260
2021-09-07,RUB_KGS,5,0.0050000000,True,0.8577440000,0.8609827273,0.8577440000,1,1,32.4448948097,5.1885741557
2021-09-08,RUB_KGS,5,0.0050000000,True,0.8577440000,0.8604280909,0.8577440000,0,0,64.7259686888,-33.7495849054
2021-09-09,RUB_KGS,5,0.0050000000,True,0.8577440000,0.8605923636,0.8577440000,0,0,98.7077150393,-66.2640827946
2021-09-10,RUB_KGS,5,0.0050000000,True,0.8572380000,0.8603575455,0.8572380000,0,0,56.3279642359,-20.1829408556
2021-09-11,RUB_KGS,5,0.0050000000,True,0.8572380000,0.8602680000,0.8572380000,1,1,5.8991960305,29.3396941418
2021-09-14,RUB_KGS,5,0.0050000000,True,0.8539280000,0.8585495455,0.8539280000,0,0,88.6295156251,-35.1110144011
2021-09-15,RUB_KGS,5,0.0050000000,True,0.8539280000,0.8575617273,0.8539280000,1,1,38.6123806924,3.7749734209
2021-09-16,RUB_KGS,5,0.0050000000,True,0.8539280000,0.8577998182,0.8539280000,0,0,57.1471153981,-12.0795294685
2021-09-17,RUB_KGS,5,0.0050000000,True,0.8539280000,0.8582799091,0.8554290000,1,1,0.0000000000,50.7050094592
2021-09-18,RUB_KGS,5,0.0050000000,True,0.8539280000,0.8584090909,0.8554290000,1,1,0.0000000000,34.7164416203
2021-09-21,RUB_KGS,5,0.0050000000,True,0.8539280000,0.8586015455,0.8573250000,0,0,85.4387525109,-71.1791701029
2021-09-22,RUB_KGS,5,0.0050000000,True,0.8539280000,0.8587681818,0.8573250000,0,0,66.0467541496,-49.5688856660
2021-09-23,RUB_KGS,5,0.0050000000,True,0.8554290000,0.8590092727,0.8565800000,1,1,30.0873522548,-1.8128706834
2021-09-24,RUB_KGS,5,0.0050000000,True,0.8547820000,0.8589504545,0.8547820000,1,1,29.6620301519,18.9237288001
2021-09-25,RUB_KGS,5,0.0050000000,True,0.8547820000,0.8591617273,0.8547820000,0,0,68.4002793176,-17.5435273643
2021-09-28,RUB_KGS,5,0.0050000000,True,0.8547820000,0.8584581818,0.8547820000,1,1,20.9904503958,21.8785475864
2021-09-29,RUB_KGS,5,0.0050000000,True,0.8547820000,0.8585020909,0.8561320000,1,1,0.0000000000,43.3323453546
2021-09-30,RUB_KGS,5,0.0050000000,True,0.8547820000,0.8587173636,0.8561320000,1,1,18.8982142878,11.2302799175
2021-10-01,RUB_KGS,5,0.0050000000,True,0.8547820000,0.8582463636,0.8554880000,1,1,7.5222045199,24.6358589555
2021-10-02,RUB_KGS,5,0.0050000000,True,0.8547820000,0.8577749091,0.8554830000,0,1,48.4500632817,-21.8366250777
2021-10-05,RUB_KGS,5,0.0050000000,True,0.8487260000,0.8557358182,0.8487260000,0,0,127.5687949070,-46.2430312499
2021-10-06,RUB_KGS,5,0.0050000000,True,0.8487260000,0.8549151818,0.8487260000,0,0,79.0426049226,-6.7002925436
2021-10-07,RUB_KGS,5,0.0050000000,True,0.8445090000,0.8538585455,0.8445090000,0,0,128.2784111432,-19.0248672231
2021-10-08,RUB_KGS,5,0.0050000000,True,0.8445090000,0.8527424545,0.8445090000,0,0,89.6556822809,6.9593643695
2021-10-09,RUB_KGS,5,0.0050000000,True,0.8445090000,0.8516023636,0.8445090000,1,1,49.6862356049,33.7759001053
2021-10-12,RUB_KGS,5,0.0050000000,True,0.8397910000,0.8471476364,0.8397910000,0,0,55.8667817631,31.1473024344
2021-10-13,RUB_KGS,5,0.0050000000,True,0.8397910000,0.8457210909,0.8397910000,0,0,89.4531439004,-19.5089032146
2021-10-14,RUB_KGS,5,0.0050000000,True,0.8390160000,0.8445271818,0.8390160000,0,0,95.5133176801,-30.5474854730
2021-10-15,RUB_KGS,5,0.0050000000,True,0.8366500000,0.8434293636,0.8366500000,0,0,113.3832400782,-33.3831911127
2021-10-16,RUB_KGS,5,0.0050000000,True,0.8366500000,0.8424282727,0.8366500000,1,1,37.4021631573,31.3056056243
2021-10-19,RUB_KGS,5,0.0050000000,True,0.8353720000,0.8394363636,0.8353720000,1,1,43.4318296671,5.0076891421
2021-10-20,RUB_KGS,5,0.0050000000,True,0.8353720000,0.8383695455,0.8353720000,1,1,15.2752046854,20.5105906324
2021-10-21,RUB_KGS,5,0.0050000000,True,0.8269880000,0.8366189091,0.8269880000,0,0,128.0389249792,-13.0894831230
2021-10-22,RUB_KGS,5,0.0050000000,True,0.8199910000,0.8348189091,0.8199910000,0,0,202.6402979386,-25.5395617645
2021-10-23,RUB_KGS,5,0.0050000000,True,0.8199910000,0.8332995455,0.8199910000,0,0,184.1215650034,-24.8704629297
2021-10-26,RUB_KGS,5,0.0050000000,True,0.8199910000,0.8313650909,0.8199910000,0,0,84.6082409902,52.6494431502
2021-10-27,RUB_KGS,5,0.0050000000,True,0.8199910000,0.8307877273,0.8230780000,1,1,0.0000000000,129.9577126418
2021-10-28,RUB_KGS,5,0.0050000000,True,0.8199910000,0.8308842727,0.8313630000,1,1,0.0000000000,93.9513838871
2021-10-29,RUB_KGS,5,0.0050000000,True,0.8199910000,0.8315515455,0.8313630000,0,1,1.0704165725,1.1971050392
2021-10-30,RUB_KGS,5,0.0050000000,True,0.8199910000,0.8322217273,0.8313630000,0,1,0.0000000000,10.3184913898
2021-11-02,RUB_KGS,5,0.0050000000,True,0.8230780000,0.8363927273,0.8427120000,0,1,0.0000000000,-19.3721522730
2021-11-03,RUB_KGS,5,0.0050000000,True,0.8313630000,0.8381805455,0.8427440000,0,1,0.0000000000,-54.0629888158
2021-11-04,RUB_KGS,5,0.0050000000,True,0.8313630000,0.8391107273,0.8416840000,0,1,12.5779596176,-43.2990856771
2021-11-09,RUB_KGS,5,0.0050000000,True,0.8334020000,0.8419664545,0.8334020000,0,0,98.3979735863,3.3547007001
2021-11-10,RUB_KGS,5,0.0050000000,True,0.8334020000,0.8423139091,0.8334020000,0,0,82.9866631127,23.0069700855
2021-11-11,RUB_KGS,5,0.0050000000,True,0.8334020000,0.8431708182,0.8393170000,1,1,0.0000000000,115.8581152379
2021-11-12,RUB_KGS,5,0.0050000000,True,0.8334020000,0.8443233636,0.8465660000,0,1,0.0000000000,59.2943871031
2021-11-13,RUB_KGS,5,0.0050000000,True,0.8334020000,0.8457630000,0.8465660000,0,1,0.0000000000,-9.4943855430
2021-11-16,RUB_KGS,5,0.0050000000,True,0.8334020000,0.8500100000,0.8554220000,0,1,0.0000000000,-25.4114657475
2021-11-17,RUB_KGS,5,0.0050000000,True,0.8393170000,0.8522247273,0.8559930000,0,1,0.0000000000,-37.5167796117
2021-11-18,RUB_KGS,5,0.0050000000,True,0.8465660000,0.8546581818,0.8559930000,0,1,30.1311467772,-45.8875637682
2021-11-19,RUB_KGS,5,0.0050000000,True,0.8465660000,0.8579069091,0.8577640000,0,1,0.0000000000,22.3090532391
2021-11-20,RUB_KGS,5,0.0050000000,True,0.8465660000,0.8606512727,0.8577640000,0,1,0.0000000000,33.5475333479
2021-11-23,RUB_KGS,5,0.0050000000,True,0.8559930000,0.8704176364,0.8767540000,0,1,0.0000000000,49.7765231612
2021-11-24,RUB_KGS,5,0.0050000000,True,0.8559930000,0.8733716364,0.8767540000,0,0,62.8809636610,-102.2515875778
2021-11-25,RUB_KGS,5,0.0050000000,True,0.8577640000,0.8759359091,0.8794400000,0,1,0.0000000000,-9.3396206343
2021-11-26,RUB_KGS,5,0.0050000000,True,0.8577640000,0.8782195455,0.8828840000,0,1,0.0000000000,-13.8969185071
2021-11-27,RUB_KGS,5,0.0050000000,True,0.8577640000,0.8795298182,0.8721770000,0,0,212.0699290968,-131.2540129912
2021-11-30,RUB_KGS,5,0.0050000000,True,0.8694330000,0.8800625455,0.8694330000,0,0,167.0097263063,-47.0131874925
2021-12-01,RUB_KGS,5,0.0050000000,True,0.8694330000,0.8793970000,0.8694330000,0,0,152.3529704922,-39.6521707488
2021-12-02,RUB_KGS,5,0.0050000000,True,0.8685200000,0.8784042727,0.8685200000,1,1,41.9295624627,70.8930149889
2021-12-03,RUB_KGS,5,0.0050000000,True,0.8685200000,0.8768585455,0.8685200000,0,0,52.9694380658,42.3505646811
2021-12-04,RUB_KGS,5,0.0050000000,True,0.8685200000,0.8749943636,0.8685200000,1,1,10.5010966918,63.5588509765
2021-12-07,RUB_KGS,5,0.0050000000,True,0.8676520000,0.8701258182,0.8676520000,1,1,9.9940128034,18.4550113129
2021-12-08,RUB_KGS,5,0.0050000000,True,0.8676520000,0.8697893636,0.8676520000,0,0,73.4379701420,-49.2261292520
2021-12-09,RUB_KGS,5,0.0050000000,True,0.8655820000,0.8691018182,0.8655820000,0,0,57.2729528308,-16.8700811287
2021-12-10,RUB_KGS,5,0.0050000000,True,0.8655820000,0.8688007273,0.8655820000,1,1,23.8574912523,13.2219879273
2021-12-11,RUB_KGS,5,0.0050000000,True,0.8655820000,0.8689099091,0.8655820000,1,1,33.3227400642,4.9937178339
2021-12-14,RUB_KGS,5,0.0050000000,True,0.8655820000,0.8683638182,0.8661210000,1,1,0.0000000000,32.0351691719
2021-12-15,RUB_KGS,5,0.0050000000,True,0.8655820000,0.8682505455,0.8673730000,1,1,0.0000000000,24.5268542092
2021-12-16,RUB_KGS,5,0.0050000000,True,0.8655820000,0.8689950909,0.8673730000,0,1,37.4554634898,-18.8598199006
2021-12-17,RUB_KGS,5,0.0050000000,True,0.8655820000,0.8691574545,0.8693220000,1,1,0.0000000000,20.5308547505
2021-12-18,RUB_KGS,5,0.0050000000,True,0.8655820000,0.8692897273,0.8693220000,1,1,0.0000000000,-0.3712539820
2021-12-21,RUB_KGS,5,0.0050000000,True,0.8628850000,0.8684176364,0.8628850000,0,0,147.9376417208,-85.4930084959
2021-12-22,RUB_KGS,5,0.0050000000,True,0.8628850000,0.8677131818,0.8628850000,0,0,84.7675757416,-29.3739709760
2021-12-23,RUB_KGS,5,0.0050000000,True,0.8628850000,0.8673526364,0.8628850000,0,0,80.9949294829,-29.7268207678
2021-12-24,RUB_KGS,5,0.0050000000,True,0.8628850000,0.8670887273,0.8628850000,1,1,22.3284490574,26.2110116444
2021-12-25,RUB_KGS,5,0.0050000000,True,0.8628850000,0.8669914545,0.8628850000,1,1,0.0000000000,47.3644177682
2021-12-28,RUB_KGS,5,0.0050000000,True,0.8628850000,0.8681089091,0.8664190000,1,1,0.0000000000,54.1626637127
2021-12-29,RUB_KGS,5,0.0050000000,True,0.8628850000,0.8686520909,0.8682520000,1,1,0.0000000000,25.7075408263
2021-12-30,RUB_KGS,5,0.0050000000,True,0.8628850000,0.8696602727,0.8759060000,0,1,0.0000000000,16.1933662079
2021-12-31,RUB_KGS,5,0.0050000000,True,0.8628850000,0.8708440000,0.8759060000,0,1,0.0000000000,-58.1275176725
2022-01-11,RUB_KGS,5,0.0050000000,True,0.8759060000,0.8810656364,0.8787030000,0,0,79.0108625823,-52.6108776129
2022-01-12,RUB_KGS,5,0.0050000000,True,0.8759060000,0.8826371818,0.8787030000,0,1,39.7637299920,4.8285051543
2022-01-13,RUB_KGS,5,0.0050000000,True,0.8759060000,0.8845207273,0.8791910000,1,1,0.0000000000,65.7726505818
2022-01-14,RUB_KGS,5,0.0050000000,True,0.8759060000,0.8867199091,0.8931930000,1,1,0.0000000000,84.9074100369
2022-01-15,RUB_KGS,5,0.0050000000,True,0.8759060000,0.8894843636,0.8931930000,0,1,0.0000000000,-41.6942277487
2022-01-18,RUB_KGS,5,0.0050000000,True,0.8787030000,0.8954736364,0.9000970000,0,1,0.0000000000,-12.8575938990
2022-01-19,RUB_KGS,5,0.0050000000,True,0.8791910000,0.8977979091,0.9011600000,0,1,0.0000000000,-25.6081116453
2022-01-20,RUB_KGS,5,0.0050000000,True,0.8931930000,0.9007868182,0.9011600000,0,0,56.8786790465,-61.3705896512
2022-01-21,RUB_KGS,5,0.0050000000,True,0.8931930000,0.9038742727,0.9042700000,0,1,0.0000000000,30.0293172311
2022-01-22,RUB_KGS,5,0.0050000000,True,0.8931930000,0.9072848182,0.9042700000,0,1,0.0000000000,33.2290160863
2022-01-25,RUB_KGS,5,0.0050000000,True,0.9011600000,0.9141580909,0.9173860000,0,1,0.0000000000,22.8526217715
2022-01-26,RUB_KGS,5,0.0050000000,True,0.9011600000,0.9151645455,0.9173860000,0,0,105.3653380503,-131.0196576671
2022-01-27,RUB_KGS,5,0.0050000000,True,0.9042700000,0.9162662727,0.9132790000,0,0,187.2765816168,-157.6258747333
2022-01-28,RUB_KGS,5,0.0050000000,True,0.9042700000,0.9167226364,0.9092900000,0,0,230.5562509334,-153.0055338439
2022-01-29,RUB_KGS,5,0.0050000000,True,0.9016940000,0.9164884545,0.9016940000,0,0,171.0512259834,-9.7933089074
2022-02-01,RUB_KGS,5,0.0050000000,True,0.8967740000,0.9122817273,0.8967740000,0,0,180.7224298380,-10.9316310681
2022-02-02,RUB_KGS,5,0.0050000000,True,0.8967740000,0.9091967273,0.8967740000,0,0,137.6458555576,-1.0258805875
2022-02-03,RUB_KGS,5,0.0050000000,True,0.8921740000,0.9056899091,0.8921740000,0,0,105.5790545351,44.1200575473
2022-02-04,RUB_KGS,5,0.0050000000,True,0.8877450000,0.9029952727,0.8877450000,0,0,176.2475765543,-7.4942504481
2022-02-05,RUB_KGS,5,0.0050000000,True,0.8818990000,0.8997691818,0.8818990000,0,0,165.8723379581,33.2883352609
2022-02-08,RUB_KGS,5,0.0050000000,True,0.8808980000,0.8914901818,0.8808980000,0,0,126.3879019115,-7.6705071549
2022-02-09,RUB_KGS,5,0.0050000000,True,0.8808980000,0.8898810909,0.8808980000,0,0,77.1280041003,24.0042285527
2022-02-10,RUB_KGS,5,0.0050000000,True,0.8808980000,0.8898105455,0.8808980000,1,1,11.3505061237,88.9126960223
2022-02-11,RUB_KGS,5,0.0050000000,True,0.8808980000,0.8899181818,0.8839940000,1,1,0.0000000000,101.3596755575
2022-02-12,RUB_KGS,5,0.0050000000,True,0.8808980000,0.8887908182,0.8839940000,1,1,0.0000000000,53.9701590486
2022-02-15,RUB_KGS,5,0.0050000000,True,0.8808980000,0.8890280909,0.8843730000,0,0,205.1509808439,-155.9895489548
2022-02-16,RUB_KGS,5,0.0050000000,True,0.8808980000,0.8900492727,0.8843730000,0,0,151.2876994247,-88.8571848218
2022-02-17,RUB_KGS,5,0.0050000000,True,0.8839940000,0.8922387273,0.8930390000,1,1,0.0000000000,88.1572053790
2022-02-18,RUB_KGS,5,0.0050000000,True,0.8839940000,0.8980609091,0.8931320000,0,1,0.0000000000,55.9194709409
2022-02-19,RUB_KGS,5,0.0050000000,True,0.8839940000,0.9038830909,0.8931320000,0,1,0.0000000000,118.9433790412
2022-02-22,RUB_KGS,5,0.0050000000,True,0.8843730000,0.9320452727,0.9480380000,0,1,0.0000000000,290.3643580325
2022-02-23,RUB_KGS,5,0.0050000000,True,0.8930390000,0.9411864545,0.9480380000,0,1,0.0000000000,-72.7968982284
2022-02-25,RUB_KGS,5,0.0050000000,True,0.8931320000,0.9769936364,0.9849260000,0,0,388.9029840551,-489.1164267377
2022-02-26,RUB_KGS,5,0.0050000000,True,0.8931320000,0.9946507273,0.9849260000,0,1,0.0000000000,97.7702725799
2022-03-01,RUB_KGS,5,0.0050000000,True,0.9480380000,1.0491823636,1.0793600000,0,0,193.7875332746,-490.9312065170
2022-03-02,RUB_KGS,5,0.0050000000,True,0.9849260000,1.0614816364,1.0833300000,0,1,0.0000000000,-168.4283837223
2022-03-03,RUB_KGS,5,0.0050000000,True,0.9849260000,1.0668043636,1.0833300000,0,1,37.0622424956,-192.6842171283
2022-03-04,RUB_KGS,5,0.0050000000,True,0.9849260000,1.0757501818,1.0833300000,0,0,725.0732008014,-857.7253319713
2022-03-05,RUB_KGS,5,0.0050000000,True,0.9849260000,1.0942332727,1.0833300000,0,0,103.4120495135,-3.8083951851
2022-03-06,RUB_KGS,5,0.0050000000,True,1.0793600000,1.1167681818,1.0833300000,1,1,0.0000000000,299.4191844161
2022-03-10,RUB_KGS,5,0.0050000000,True,1.0833300000,1.1398109091,1.1030900000,0,0,716.6060728472,-424.8870626069
2022-03-11,RUB_KGS,5,0.0050000000,True,1.0823500000,1.1386927273,1.0823500000,0,0,1220.4638184311,-826.5379278631
2022-03-12,RUB_KGS,5,0.0050000000,True,1.0391500000,1.1346763636,1.0391500000,0,0,1306.1484016164,-534.0169083055
2022-03-15,RUB_KGS,5,0.0050000000,True,1.0040600000,1.1140990909,1.0040600000,0,0,897.7508634835,98.8160837660
2022-03-16,RUB_KGS,5,0.0050000000,True,1.0040600000,1.0978763636,1.0040600000,0,0,723.3334873193,141.4217861922
2022-03-17,RUB_KGS,5,0.0050000000,True,1.0040600000,1.0782454545,1.0040600000,0,0,337.6798344801,362.5839958856
2022-03-18,RUB_KGS,5,0.0050000000,True,1.0040600000,1.0628563636,1.0097900000,1,1,0.0000000000,553.1919989189
2022-03-19,RUB_KGS,5,0.0050000000,True,1.0040600000,1.0468463636,1.0097900000,0,1,0.0000000000,353.9809175784
2022-03-22,RUB_KGS,5,0.0050000000,True,0.9651090000,1.0033240909,0.9651090000,0,0,509.0227856068,-135.0103043837
2022-03-23,RUB_KGS,5,0.0050000000,True,0.9651090000,0.9965930909,0.9651090000,0,0,593.3878497841,-294.9740406498
2022-03-24,RUB_KGS,5,0.0050000000,True,0.9504030000,0.9917151818,0.9504030000,0,0,674.6438243259,-276.7409301076
2022-03-25,RUB_KGS,5,0.0050000000,True,0.9037410000,0.9820743636,0.9037410000,0,0,699.8323637737,105.1586724871
2022-03-26,RUB_KGS,5,0.0050000000,True,0.8807060000,0.9703394545,0.8807060000,0,0,874.5437043899,53.9033481629
2022-03-29,RUB_KGS,5,0.0050000000,True,0.8736320000,0.9486285455,0.8736320000,0,0,807.7731236118,-18.7054728003
2022-03-30,RUB_KGS,5,0.0050000000,True,0.8736320000,0.9441684545,0.8736320000,0,0,333.1596109947,428.1805259520
2022-03-31,RUB_KGS,5,0.0050000000,True,0.8736320000,0.9444330909,0.8736320000,0,0,80.3219235477,674.7655447751
2022-04-01,RUB_KGS,5,0.0050000000,True,0.8736320000,0.9451142727,0.9700990000,1,1,0.0000000000,756.3347077703
2022-04-02,RUB_KGS,5,0.0050000000,True,0.8736320000,0.9399310909,0.9080940000,0,0,639.1615701078,-320.9587317910
2022-04-05,RUB_KGS,5,0.0050000000,True,0.8077540000,0.9067154545,0.8077540000,0,0,1712.4365674934,-749.3259888088
2022-04-06,RUB_KGS,5,0.0050000000,True,0.8077540000,0.9000834545,0.8077540000,0,0,1694.9173454301,-805.6869070121
2022-04-07,RUB_KGS,5,0.0050000000,True,0.8077540000,0.9042019091,0.8077540000,0,0,1104.9516900233,-43.0444889572
2022-04-08,RUB_KGS,5,0.0050000000,True,0.8077540000,0.9001642727,0.8077540000,0,0,365.2192997628,686.4444035316
2022-04-09,RUB_KGS,5,0.0050000000,True,0.8077540000,0.8989029091,0.8077540000,1,1,0.0000000000,1014.0017144131
2022-04-12,RUB_KGS,5,0.0050000000,True,0.8077540000,0.9032298182,0.9256850000,0,1,0.0000000000,-173.8780264119
2022-04-13,RUB_KGS,5,0.0050000000,True,0.8077540000,0.9100712727,0.9562240000,0,1,0.0000000000,-171.5659832437
2022-04-14,RUB_KGS,5,0.0050000000,True,0.8077540000,0.9236407273,0.9833500000,0,1,0.0000000000,-352.7699869134
2022-04-15,RUB_KGS,5,0.0050000000,True,0.8077540000,0.9388895455,0.9754910000,0,0,228.0379261812,-632.2943399771
2022-04-16,RUB_KGS,5,0.0050000000,True,0.8077540000,0.9503358182,0.9336630000,0,0,505.2829613057,-347.3949017448
2022-04-19,RUB_KGS,5,0.0050000000,True,0.9089830000,0.9593205455,0.9089830000,0,0,796.3857166145,-295.1719806234
2022-04-20,RUB_KGS,5,0.0050000000,True,0.9089830000,0.9550259091,0.9089830000,0,0,681.7899908866,-214.2883320157
2022-04-21,RUB_KGS,5,0.0050000000,True,0.8829120000,0.9445401818,0.8829120000,0,0,543.5687180492,115.1584869290
2022-04-22,RUB_KGS,5,0.0050000000,True,0.8635520000,0.9336494545,0.8635520000,0,0,746.7318160387,4.3855276031
2022-04-23,RUB_KGS,5,0.0050000000,True,0.8635520000,0.9230025455,0.8635520000,0,0,499.8003262987,151.8906477949
2022-04-26,RUB_KGS,5,0.0050000000,True,0.8635520000,0.8919260909,0.8635520000,0,0,219.2744010728,101.0632046867
2022-04-27,RUB_KGS,5,0.0050000000,True,0.8635520000,0.8856906364,0.8650730000,1,1,0.0000000000,249.9590201668
2022-04-28,RUB_KGS,5,0.0050000000,True,0.8635520000,0.8794936364,0.8650730000,1,1,13.4028449588,150.7644378015
2022-04-29,RUB_KGS,5,0.0050000000,True,0.8635520000,0.8755018182,0.8650730000,0,0,107.6969345596,11.5455863235
2022-04-30,RUB_KGS,5,0.0050000000,True,0.8465370000,0.8698249091,0.8465370000,0,0,214.2709343605,54.6306393533
2022-05-05,RUB_KGS,5,0.0050000000,True,0.8077780000,0.8424290909,0.8077780000,0,0,457.8535846632,-48.7626689918
2022-05-06,RUB_KGS,5,0.0050000000,True,0.8077780000,0.8384915455,0.8217600000,1,1,0.0000000000,366.2952312524
2022-05-07,RUB_KGS,5,0.0050000000,True,0.8077780000,0.8355591818,0.8217600000,0,1,0.0000000000,165.1490656611
2022-05-12,RUB_KGS,5,0.0050000000,True,0.7680940000,0.8010734545,0.7680940000,0,0,777.1575268036,-396.2626058126
2022-05-13,RUB_KGS,5,0.0050000000,True,0.7680940000,0.7965742727,0.7680940000,0,0,348.0921594129,9.7828005994
2022-05-14,RUB_KGS,5,0.0050000000,True,0.7680940000,0.7938512727,0.7680940000,1,1,0.0000000000,324.4596766695
2022-05-17,RUB_KGS,5,0.0050000000,True,0.7372790000,0.7746894545,0.7372790000,0,0,426.3654471935,59.0617894514
2022-05-18,RUB_KGS,5,0.0050000000,True,0.7372790000,0.7660041818,0.7372790000,0,0,453.0804680752,-81.7856916518
2022-05-19,RUB_KGS,5,0.0050000000,True,0.7321850000,0.7602214545,0.7321850000,0,0,752.9865232310,-415.4782171128
2022-05-20,RUB_KGS,5,0.0050000000,True,0.7165910000,0.7555393636,0.7165910000,0,0,812.2527059704,-322.9829911997
2022-05-21,RUB_KGS,5,0.0050000000,True,0.7081710000,0.7500918182,0.7081710000,0,0,394.8030528470,170.8166636569
2022-05-24,RUB_KGS,5,0.0050000000,True,0.7081710000,0.7604729091,0.7081710000,0,0,327.9772188723,371.9778673605
2022-05-25,RUB_KGS,5,0.0050000000,True,0.7081710000,0.7632255455,0.7081710000,0,0,117.5007779891,611.0191899666
2022-05-26,RUB_KGS,5,0.0050000000,True,0.7081710000,0.7617933636,0.7641880000,1,1,0.0000000000,703.8964395857
2022-05-27,RUB_KGS,5,0.0050000000,True,0.7081710000,0.7634789091,0.7558200000,0,0,316.1703376182,-222.9019126325
2022-05-28,RUB_KGS,5,0.0050000000,True,0.7081710000,0.7667067273,0.7558200000,0,0,806.0713842591,-722.3005975735
2022-05-31,RUB_KGS,5,0.0050000000,True,0.7081710000,0.7801033636,0.7558200000,0,0,109.5018503300,204.0160878448
2022-06-01,RUB_KGS,5,0.0050000000,True,0.7558200000,0.7865828182,0.7727850000,1,1,0.0000000000,391.0944591051
2022-06-02,RUB_KGS,5,0.0050000000,True,0.7558200000,0.7855078182,0.7686720000,0,0,53.2230827462,161.9693386537
2022-06-03,RUB_KGS,5,0.0050000000,True,0.7558200000,0.7804770909,0.7667480000,0,0,100.4482730127,76.2237736173
2022-06-04,RUB_KGS,5,0.0050000000,True,0.7558200000,0.7746054545,0.7574980000,0,0,281.5721442821,-62.4775545556
2022-06-07,RUB_KGS,5,0.0050000000,True,0.7267550000,0.7605860000,0.7267550000,0,0,545.3171183548,-106.3127641056
2022-06-08,RUB_KGS,5,0.0050000000,True,0.7267550000,0.7564014545,0.7267550000,0,0,521.5924919269,-136.7864299093
2022-06-09,RUB_KGS,5,0.0050000000,True,0.7267550000,0.7520584545,0.7267550000,0,0,405.8492563677,-72.3287587776
2022-06-10,RUB_KGS,5,0.0050000000,True,0.7181370000,0.7464850000,0.7181370000,0,0,221.0466113812,162.2939509836
2022-06-11,RUB_KGS,5,0.0050000000,True,0.7127260000,0.7404196364,0.7127260000,0,0,193.0361676218,184.5525927803
2022-06-15,RUB_KGS,5,0.0050000000,True,0.7127260000,0.7206867273,0.7127260000,0,0,75.3477400552,35.3791345981
2022-06-16,RUB_KGS,5,0.0050000000,True,0.7065750000,0.7181599091,0.7065750000,0,0,86.3024500299,75.6643335575
2022-06-17,RUB_KGS,5,0.0050000000,True,0.6881090000,0.7146466364,0.6881090000,0,0,380.4838633015,-9.5062874685
2022-06-18,RUB_KGS,5,0.0050000000,True,0.6701740000,0.7095029091,0.6701740000,0,0,604.9276276592,-53.8699822103
2022-06-21,RUB_KGS,5,0.0050000000,True,0.6701740000,0.6950420000,0.6701740000,0,0,515.1753175530,-165.9324184726
2022-06-22,RUB_KGS,5,0.0050000000,True,0.6701740000,0.6912235455,0.6701740000,0,0,260.6418459866,45.0584398495
2022-06-23,RUB_KGS,5,0.0050000000,True,0.6701740000,0.6872160909,0.6707230000,1,1,0.0000000000,247.9873672129
2022-06-24,RUB_KGS,5,0.0050000000,True,0.6662880000,0.6829400000,0.6662880000,0,0,72.1617687158,172.9141652268
2022-06-25,RUB_KGS,5,0.0050000000,True,0.6434970000,0.6765920000,0.6434970000,0,0,405.9201786729,86.7435618512
2022-06-28,RUB_KGS,5,0.0050000000,True,0.6434970000,0.6679708182,0.6434970000,0,0,413.3668233906,-49.0018684812
2022-06-29,RUB_KGS,5,0.0050000000,True,0.6434970000,0.6685297273,0.6434970000,0,0,342.0592896765,33.5322003088
2022-06-30,RUB_KGS,5,0.0050000000,True,0.6434970000,0.6705090000,0.6605320000,1,1,0.0000000000,402.8581271840
2022-07-01,RUB_KGS,5,0.0050000000,True,0.6434970000,0.6764430000,0.6763220000,0,1,0.0000000000,235.2156796655
2022-07-02,RUB_KGS,5,0.0050000000,True,0.6434970000,0.6874075455,0.6763220000,0,1,0.0000000000,161.2659844636
2022-07-05,RUB_KGS,5,0.0050000000,True,0.6434970000,0.7093080909,0.7359970000,0,1,0.0000000000,231.2830083196
2022-07-06,RUB_KGS,5,0.0050000000,True,0.6605320000,0.7182008182,0.7413170000,0,1,0.0000000000,-247.7883812947
2022-07-07,RUB_KGS,5,0.0050000000,True,0.6763220000,0.7255868182,0.7413170000,0,0,632.0474439964,-906.1104773503
2022-07-08,RUB_KGS,5,0.0050000000,True,0.6763220000,0.7293741818,0.7179830000,0,0,633.2979790666,-509.3793982288
2022-07-09,RUB_KGS,5,0.0050000000,True,0.6763220000,0.7336061818,0.7179830000,0,0,314.7641292457,-105.1084133821
2022-07-12,RUB_KGS,5,0.0050000000,True,0.7142490000,0.7373888182,0.7142490000,0,0,371.1218181181,-59.5233031741
2022-07-13,RUB_KGS,5,0.0050000000,True,0.7142490000,0.7303811818,0.7142490000,0,0,52.0068023895,169.7494695485
2022-07-14,RUB_KGS,5,0.0050000000,True,0.7063040000,0.7249063636,0.7063040000,0,0,229.2239034742,28.0362228601
2022-07-15,RUB_KGS,5,0.0050000000,True,0.6963190000,0.7208156364,0.6963190000,0,0,306.4595389603,34.4420436849
2022-07-16,RUB_KGS,5,0.0050000000,True,0.6896780000,0.7161211818,0.6896780000,0,0,344.0116822005,26.1433660352
2022-07-19,RUB_KGS,5,0.0050000000,True,0.6896780000,0.7112903636,0.6896780000,0,0,235.3943910837,70.1030674853
2022-07-20,RUB_KGS,5,0.0050000000,True,0.6896780000,0.7109891818,0.6896780000,0,0,95.3729540627,206.3348106179
2022-07-21,RUB_KGS,5,0.0050000000,True,0.6896780000,0.7110033636,0.7088170000,1,1,0.0000000000,299.9333720068
2022-07-22,RUB_KGS,5,0.0050000000,True,0.6896780000,0.7119405455,0.7184890000,0,1,0.0000000000,43.8736840385
2022-07-23,RUB_KGS,5,0.0050000000,True,0.6896780000,0.7134727273,0.7184890000,0,1,14.8979725138,-85.3329425856
2022-07-26,RUB_KGS,5,0.0050000000,True,0.6896780000,0.7209375455,0.7245580000,0,1,0.0000000000,33.9633505008
2022-07-27,RUB_KGS,5,0.0050000000,True,0.7088170000,0.7252514545,0.7247230000,0,1,0.0000000000,9.5615740046
2022-07-28,RUB_KGS,5,0.0050000000,True,0.7184890000,0.7287896364,0.7247230000,0,0,87.2654058320,-31.7425429910
2022-07-29,RUB_KGS,5,0.0050000000,True,0.7184890000,0.7291569091,0.7236010000,0,1,15.4817771756,60.8087098350
2022-07-30,RUB_KGS,5,0.0050000000,True,0.7184890000,0.7296105455,0.7236010000,0,0,183.5494640708,-103.0749156835
2022-08-02,RUB_KGS,5,0.0050000000,True,0.7236010000,0.7312468182,0.7236010000,0,0,322.7872901836,-225.5077411370
2022-08-03,RUB_KGS,5,0.0050000000,True,0.7236010000,0.7309085455,0.7245510000,1,1,0.0000000000,99.9789303325
2022-08-04,RUB_KGS,5,0.0050000000,True,0.7236010000,0.7310886364,0.7258430000,1,1,0.0000000000,89.4233070856
2022-08-05,RUB_KGS,5,0.0050000000,True,0.7236010000,0.7303482727,0.7267040000,1,1,0.0000000000,61.6866349317
2022-08-06,RUB_KGS,5,0.0050000000,True,0.7236010000,0.7301710909,0.7267040000,0,1,9.3210995048,38.1977723278
2022-08-09,RUB_KGS,5,0.0050000000,True,0.7245510000,0.7314231818,0.7289870000,1,1,0.0000000000,64.5205393470
2022-08-10,RUB_KGS,5,0.0050000000,True,0.7258430000,0.7330671818,0.7351820000,1,1,0.0000000000,55.6590435281
2022-08-11,RUB_KGS,5,0.0050000000,True,0.7267040000,0.7348146364,0.7369720000,0,1,0.0000000000,-4.9994055396
2022-08-12,RUB_KGS,5,0.0050000000,True,0.7267040000,0.7374510000,0.7426350000,0,1,0.0000000000,6.4953468095
2022-08-13,RUB_KGS,5,0.0050000000,True,0.7267040000,0.7395287273,0.7426350000,0,1,0.0000000000,-42.0034085590
2022-08-16,RUB_KGS,5,0.0050000000,True,0.7302060000,0.7409572727,0.7302060000,0,0,199.4322642991,-55.4381126135
2022-08-17,RUB_KGS,5,0.0050000000,True,0.7302060000,0.7405049091,0.7302060000,0,0,346.0685209325,-214.4089892474
2022-08-18,RUB_KGS,5,0.0050000000,True,0.7302060000,0.7407654545,0.7302060000,0,0,266.9956293811,-127.8615977085
2022-08-19,RUB_KGS,5,0.0050000000,True,0.7302060000,0.7410384545,0.7302060000,0,0,110.6348400203,35.9421907071
2022-08-20,RUB_KGS,5,0.0050000000,True,0.7302060000,0.7414554545,0.7302060000,1,1,0.0000000000,151.7212460505
2022-08-23,RUB_KGS,5,0.0050000000,True,0.7302060000,0.7404625455,0.7435820000,0,1,0.0000000000,8.4345313396
2022-08-24,RUB_KGS,5,0.0050000000,True,0.7302060000,0.7399672727,0.7435820000,0,1,27.5737019841,-76.6348388872
2022-08-25,RUB_KGS,5,0.0050000000,True,0.7302060000,0.7408422727,0.7435820000,0,1,48.7137691342,-86.1145146219
2022-08-26,RUB_KGS,5,0.0050000000,True,0.7302060000,0.7424653636,0.7447890000,0,1,0.0000000000,-15.0395751550
2022-08-27,RUB_KGS,5,0.0050000000,True,0.7302060000,0.7439430000,0.7447890000,0,1,0.0000000000,-11.3718389715
2022-08-30,RUB_KGS,5,0.0050000000,True,0.7435820000,0.7459916364,0.7456690000,0,1,31.1631016043,-26.9220663941
2022-08-31,RUB_KGS,5,0.0050000000,True,0.7435820000,0.7459054545,0.7456690000,0,1,31.9626767906,-28.8849671418
2022-09-01,RUB_KGS,5,0.0050000000,True,0.7447890000,0.7466860000,0.7456690000,1,1,10.5966830105,3.0267073442
2022-09-02,RUB_KGS,5,0.0050000000,True,0.7447890000,0.7472336364,0.7462740000,1,1,0.0000000000,20.9390515562
2022-09-03,RUB_KGS,5,0.0050000000,True,0.7447890000,0.7479076364,0.7462740000,1,1,0.0000000000,21.8427554982
2022-09-06,RUB_KGS,5,0.0050000000,True,0.7367740000,0.7456522727,0.7367740000,0,0,204.6617245084,-87.3829197743
2022-09-07,RUB_KGS,5,0.0050000000,True,0.7367740000,0.7447717273,0.7367740000,0,0,186.9839760366,-81.1157634755
2022-09-08,RUB_KGS,5,0.0050000000,True,0.7367740000,0.7440244545,0.7367740000,0,0,205.1175015255,-109.9230731541
2022-09-09,RUB_KGS,5,0.0050000000,True,0.7336210000,0.7428741818,0.7336210000,0,0,119.4760347586,5.1446372419
2022-09-10,RUB_KGS,5,0.0050000000,True,0.7313500000,0.7415174545,0.7313500000,0,0,73.6182329995,63.9695602090
2022-09-13,RUB_KGS,5,0.0050000000,True,0.7313500000,0.7386329091,0.7313500000,0,0,82.7040242783,16.0283826558
2022-09-14,RUB_KGS,5,0.0050000000,True,0.7313500000,0.7375837273,0.7313500000,1,1,30.9560386085,53.7257958141
2022-09-15,RUB_KGS,5,0.0050000000,True,0.7313500000,0.7375700909,0.7362010000,1,1,0.0000000000,84.3322009089
2022-09-16,RUB_KGS,5,0.0050000000,True,0.7313500000,0.7378390000,0.7397320000,0,1,0.0000000000,22.1999650330
2022-09-17,RUB_KGS,5,0.0050000000,True,0.7313500000,0.7390111818,0.7397320000,0,1,12.5563347384,-22.3382030263
2022-09-20,RUB_KGS,5,0.0050000000,True,0.7123170000,0.7345188182,0.7123170000,0,0,404.4631719612,-106.5075750890
2022-09-21,RUB_KGS,5,0.0050000000,True,0.7123170000,0.7327885455,0.7123170000,0,0,370.6071928753,-94.7538630144
2022-09-22,RUB_KGS,5,0.0050000000,True,0.7118660000,0.7305762727,0.7118660000,0,0,504.2498812808,-261.3242174080
2022-09-23,RUB_KGS,5,0.0050000000,True,0.7118660000,0.7289359091,0.7118660000,0,0,298.8304619553,-66.6463381554
2022-09-24,RUB_KGS,5,0.0050000000,True,0.7118660000,0.7278009091,0.7118660000,1,1,6.3314507445,212.7492408638
2022-09-27,RUB_KGS,5,0.0050000000,True,0.6897070000,0.7162284545,0.6897070000,0,0,311.2804938008,60.9087019340
2022-09-28,RUB_KGS,5,0.0050000000,True,0.6897070000,0.7107774545,0.6897070000,0,0,455.4411874600,-166.5858332847
2022-09-29,RUB_KGS,5,0.0050000000,True,0.6897070000,0.7093414545,0.6897070000,0,0,528.3056180022,-265.5356645780
2022-09-30,RUB_KGS,5,0.0050000000,True,0.6897070000,0.7111760909,0.6897070000,0,0,367.5569987081,-68.1815538077
2022-10-01,RUB_KGS,5,0.0050000000,True,0.6897070000,0.7136479091,0.6897070000,1,1,0.0000000000,335.4722796204
2022-10-04,RUB_KGS,5,0.0050000000,True,0.6897070000,0.7234937273,0.7324980000,0,1,0.0000000000,75.9609526049
2022-10-05,RUB_KGS,5,0.0050000000,True,0.6897070000,0.7257688182,0.7395070000,0,1,0.0000000000,-92.7179791912
2022-10-06,RUB_KGS,5,0.0050000000,True,0.6897070000,0.7302741818,0.7486990000,0,1,0.0000000000,-126.4294755544
2022-10-07,RUB_KGS,5,0.0050000000,True,0.6897070000,0.7378769091,0.7532030000,0,1,0.0000000000,-146.6652605029
2022-10-08,RUB_KGS,5,0.0050000000,True,0.6897070000,0.7447247273,0.7532030000,0,1,0.0000000000,-113.8443832572
2022-10-11,RUB_KGS,5,0.0050000000,True,0.7395070000,0.7563917273,0.7544670000,0,0,145.2094087651,-121.5279384456
2022-10-12,RUB_KGS,5,0.0050000000,True,0.7486990000,0.7577517273,0.7544670000,0,0,244.0074637577,-205.6778251548
2022-10-13,RUB_KGS,5,0.0050000000,True,0.7466770000,0.7575679091,0.7466770000,0,0,239.9373621791,-98.5402208767
2022-10-14,RUB_KGS,5,0.0050000000,True,0.7466770000,0.7573847273,0.7466770000,0,0,170.2066597684,-29.3281953978
2022-10-15,RUB_KGS,5,0.0050000000,True,0.7466770000,0.7569787273,0.7466770000,0,0,103.2516995442,33.1809492425
2022-10-18,RUB_KGS,5,0.0050000000,True,0.7407490000,0.7511714545,0.7407490000,0,0,79.3917584176,59.8326057022
2022-10-19,RUB_KGS,5,0.0050000000,True,0.7407490000,0.7489638182,0.7407490000,0,0,138.9665436615,-29.6967859353
2022-10-20,RUB_KGS,5,0.0050000000,True,0.7401950000,0.7471991818,0.7401950000,0,0,114.0854532366,-20.5811009867
2022-10-21,RUB_KGS,5,0.0050000000,True,0.7401950000,0.7460679091,0.7401950000,0,0,87.7272861187,-9.0888631025
2022-10-22,RUB_KGS,5,0.0050000000,True,0.7401950000,0.7449894545,0.7401950000,1,1,7.4789166101,56.9196586553
2022-10-25,RUB_KGS,5,0.0050000000,True,0.7391680000,0.7418878182,0.7391680000,1,1,13.8747222016,22.8177109845
2022-10-26,RUB_KGS,5,0.0050000000,True,0.7391680000,0.7410179091,0.7391680000,1,1,38.4758962997,-13.5636520624
2022-10-27,RUB_KGS,5,0.0050000000,True,0.7379600000,0.7402191818,0.7379600000,0,0,62.5366951969,-32.2177301048
2022-10-28,RUB_KGS,5,0.0050000000,True,0.7356970000,0.7397599091,0.7356970000,0,0,56.5093164008,-1.5963410242
2022-10-29,RUB_KGS,5,0.0050000000,True,0.7356970000,0.7394940909,0.7356970000,1,1,46.9582016538,4.4096486111
2022-11-01,RUB_KGS,5,0.0050000000,True,0.7356970000,0.7396648182,0.7356970000,1,1,30.6656187327,23.0485233299
2022-11-02,RUB_KGS,5,0.0050000000,True,0.7356970000,0.7395749091,0.7378250000,1,1,0.0000000000,52.4342976383
2022-11-03,RUB_KGS,5,0.0050000000,True,0.7290250000,0.7385882727,0.7290250000,0,0,119.2694744689,10.3342112982
2022-11-04,RUB_KGS,5,0.0050000000,True,0.7259380000,0.7373855455,0.7259380000,0,0,211.3900069443,-57.3574376597
2022-11-08,RUB_KGS,5,0.0050000000,True,0.7143230000,0.7309745455,0.7143230000,0,0,201.6666095127,26.6704971694
2022-11-09,RUB_KGS,5,0.0050000000,True,0.7143230000,0.7288380000,0.7143230000,0,0,159.9998897978,39.7893633427
2022-11-10,RUB_KGS,5,0.0050000000,True,0.7143230000,0.7264888182,0.7143230000,0,0,155.6739831785,11.9729052953
2022-11-11,RUB_KGS,5,0.0050000000,True,0.7143230000,0.7240470000,0.7143230000,0,0,177.1710118302,-43.6435756242
2022-11-12,RUB_KGS,5,0.0050000000,True,0.7143230000,0.7216133636,0.7143230000,1,1,0.0000000000,101.0286672024
2022-11-15,RUB_KGS,5,0.0050000000,True,0.7143230000,0.7169265455,0.7147550000,1,1,14.2363371679,16.0762000215
2022-11-16,RUB_KGS,5,0.0050000000,True,0.7143230000,0.7159580909,0.7148450000,1,1,0.0000000000,16.8039292295
2022-11-17,RUB_KGS,5,0.0050000000,True,0.7143230000,0.7152604545,0.7149660000,1,1,0.0000000000,5.8084372317
2022-11-18,RUB_KGS,5,0.0050000000,True,0.7143230000,0.7156322727,0.7149660000,1,1,1.7480292718,7.5635594970
2022-11-19,RUB_KGS,5,0.0050000000,True,0.7143230000,0.7158392727,0.7149660000,1,1,0.0000000000,12.1992849588
2022-11-22,RUB_KGS,5,0.0050000000,True,0.7148450000,0.7160809091,0.7151900000,0,0,60.3585936990,-48.2081125927
2022-11-23,RUB_KGS,5,0.0050000000,True,0.7149660000,0.7162004545,0.7151900000,1,1,44.8627739197,-30.8928239364
2022-11-24,RUB_KGS,5,0.0050000000,True,0.7149660000,0.7166029091,0.7151900000,1,1,19.6762489534,0.0405955777
2022-11-25,RUB_KGS,5,0.0050000000,True,0.7149660000,0.7173533636,0.7161600000,1,1,0.0000000000,30.1575729066
2022-11-26,RUB_KGS,5,0.0050000000,True,0.7149660000,0.7178945455,0.7161600000,1,1,0.0000000000,24.1615633595
2022-11-29,RUB_KGS,5,0.0050000000,True,0.7151900000,0.7209994545,0.7209190000,0,1,0.0000000000,20.5472353150
2022-11-30,RUB_KGS,5,0.0050000000,True,0.7151900000,0.7223537273,0.7209190000,0,1,31.8298279502,-12.0062054715
2022-12-01,RUB_KGS,5,0.0050000000,True,0.7161600000,0.7242775455,0.7240720000,0,1,0.0000000000,46.3709730562
2022-12-02,RUB_KGS,5,0.0050000000,True,0.7161600000,0.7265227273,0.7314970000,0,1,0.0000000000,33.7322864204
2022-12-03,RUB_KGS,5,0.0050000000,True,0.7161600000,0.7287693636,0.7314970000,0,1,0.0000000000,-37.4279779000
2022-12-06,RUB_KGS,5,0.0050000000,True,0.7209190000,0.7329826364,0.7343300000,0,1,27.4596931902,-45.9678506585
2022-12-07,RUB_KGS,5,0.0050000000,True,0.7240720000,0.7342018182,0.7343300000,0,0,88.1006725994,-90.6451285379
2022-12-08,RUB_KGS,5,0.0050000000,True,0.7314970000,0.7355475455,0.7343300000,0,0,88.3147314047,-72.4012278793
2022-12-09,RUB_KGS,5,0.0050000000,True,0.7314970000,0.7366940000,0.7343300000,0,1,30.6142536164,1.4795831105
2022-12-10,RUB_KGS,5,0.0050000000,True,0.7314970000,0.7379978182,0.7343300000,1,1,0.0000000000,49.6995802895
2022-12-13,RUB_KGS,5,0.0050000000,True,0.7343300000,0.7442982727,0.7441080000,0,1,0.0000000000,72.8642390557
2022-12-14,RUB_KGS,5,0.0050000000,True,0.7343300000,0.7460860909,0.7458390000,0,1,0.0000000000,26.5129042505
2022-12-15,RUB_KGS,5,0.0050000000,True,0.7343300000,0.7501253636,0.7569330000,0,1,0.0000000000,57.1419637857
2022-12-16,RUB_KGS,5,0.0050000000,True,0.7343300000,0.7565916364,0.7605390000,0,1,0.0000000000,-4.5118610880
2022-12-17,RUB_KGS,5,0.0050000000,True,0.7343300000,0.7646642727,0.7605390000,0,1,0.0000000000,53.9488096202
2022-12-20,RUB_KGS,5,0.0050000000,True,0.7458390000,0.7853578182,0.8015410000,0,1,0.0000000000,55.2718529226
2022-12-21,RUB_KGS,5,0.0050000000,True,0.7569330000,0.7904216364,0.8015410000,0,1,48.6430718385,-190.2448382555
2022-12-22,RUB_KGS,5,0.0050000000,True,0.7605390000,0.7942357273,0.7988880000,0,0,294.4981892267,-363.7871193038
2022-12-23,RUB_KGS,5,0.0050000000,True,0.7605390000,0.7992985455,0.7988880000,0,0,510.4411659896,-532.4850744130
2022-12-24,RUB_KGS,5,0.0050000000,True,0.7605390000,0.8058378182,0.7988880000,0,1,33.0987435452,53.3211284563
2022-12-27,RUB_KGS,5,0.0050000000,True,0.7988880000,0.8181040000,0.8162300000,1,1,0.0000000000,234.8845623539
2022-12-28,RUB_KGS,5,0.0050000000,True,0.7988880000,0.8179043636,0.8209330000,0,1,0.0000000000,20.4713865191
2022-12-29,RUB_KGS,5,0.0050000000,True,0.7988880000,0.8160019091,0.8209330000,0,0,138.5994226826,-201.8266222862
2022-12-30,RUB_KGS,5,0.0050000000,True,0.7988880000,0.8177648182,0.8209330000,0,0,227.8838725498,-272.8435036835
2022-12-31,RUB_KGS,5,0.0050000000,True,0.7988880000,0.8195277273,0.8209330000,0,1,0.0000000000,-17.1473481678
2023-01-10,RUB_KGS,5,0.0050000000,True,0.7886830000,0.8101431818,0.7886830000,0,0,387.7406011235,-127.8023245049
2023-01-11,RUB_KGS,5,0.0050000000,True,0.7886830000,0.8072113636,0.7886830000,0,0,292.3556961480,-64.7121262033
2023-01-12,RUB_KGS,5,0.0050000000,True,0.7886830000,0.8050380000,0.7886830000,0,0,209.4821229508,-6.4593224171
2023-01-13,RUB_KGS,5,0.0050000000,True,0.7886830000,0.8032627273,0.7886830000,1,1,29.9726693753,151.9892167060
2023-01-14,RUB_KGS,5,0.0050000000,True,0.7886830000,0.8017086364,0.7886830000,1,1,0.0000000000,162.4734445012
2023-01-17,RUB_KGS,5,0.0050000000,True,0.7886830000,0.7965364545,0.7976960000,0,1,0.0000000000,-6.1459265518
2023-01-18,RUB_KGS,5,0.0050000000,True,0.7886830000,0.7958217273,0.7976960000,0,1,46.2812186098,-70.1573296623
2023-01-19,RUB_KGS,5,0.0050000000,True,0.7886830000,0.7963369091,0.7967210000,0,0,88.5377401914,-94.1949421590
2023-01-20,RUB_KGS,5,0.0050000000,True,0.7886830000,0.7972737273,0.7967210000,0,0,60.6053801310,-53.9999322692
2023-01-21,RUB_KGS,5,0.0050000000,True,0.7886830000,0.7983920909,0.7967210000,0,1,12.2227013800,8.7186598792
2023-01-24,RUB_KGS,5,0.0050000000,True,0.7967210000,0.8006850909,0.7989880000,1,1,0.0000000000,49.5087388800
2023-01-25,RUB_KGS,5,0.0050000000,True,0.7967210000,0.8007764545,0.8009850000,1,1,0.0000000000,22.3340051434
2023-01-26,RUB_KGS,5,0.0050000000,True,0.7967210000,0.8013427273,0.8026510000,0,1,0.0000000000,4.4640983259
2023-01-27,RUB_KGS,5,0.0050000000,True,0.7967210000,0.8032378182,0.8048430000,0,1,0.0000000000,7.3056592772
2023-01-28,RUB_KGS,5,0.0050000000,True,0.7967210000,0.8047153636,0.8048430000,0,1,0.0000000000,-1.5861057139
2023-01-31,RUB_KGS,5,0.0050000000,True,0.8009850000,0.8093566364,0.8123510000,0,1,0.0000000000,19.1341652624
2023-02-01,RUB_KGS,5,0.0050000000,True,0.8026510000,0.8107265455,0.8123510000,0,0,75.6344817981,-96.4006247146
2023-02-02,RUB_KGS,5,0.0050000000,True,0.8048430000,0.8121710000,0.8123510000,0,1,19.6326796888,-21.8919414754
2023-02-03,RUB_KGS,5,0.0050000000,True,0.8048430000,0.8132830000,0.8160540000,0,1,0.0000000000,11.4597255814
2023-02-04,RUB_KGS,5,0.0050000000,True,0.8048430000,0.8151060909,0.8160540000,0,1,0.0000000000,-11.6292725754
2023-02-07,RUB_KGS,5,0.0050000000,True,0.8123510000,0.8229975455,0.8170750000,0,1,17.8977203313,54.1623177270
2023-02-08,RUB_KGS,5,0.0050000000,True,0.8123510000,0.8252706364,0.8248970000,0,1,0.0000000000,99.3084692768
2023-02-09,RUB_KGS,5,0.0050000000,True,0.8160540000,0.8285635455,0.8389530000,0,1,0.0000000000,44.2518316750
2023-02-10,RUB_KGS,5,0.0050000000,True,0.8160540000,0.8315875455,0.8389530000,0,1,13.5699261867,-102.2797249904
2023-02-11,RUB_KGS,5,0.0050000000,True,0.8160540000,0.8349695455,0.8389530000,0,1,0.0000000000,-47.7077824831
2023-02-14,RUB_KGS,5,0.0050000000,True,0.8248970000,0.8453234545,0.8493180000,0,1,0.0000000000,-38.4414443616
2023-02-15,RUB_KGS,5,0.0050000000,True,0.8389530000,0.8480753636,0.8532560000,0,1,0.0000000000,-14.6524285095
2023-02-16,RUB_KGS,5,0.0050000000,True,0.8389530000,0.8487016364,0.8469820000,0,0,73.5301011654,-53.6627177470
2023-02-17,RUB_KGS,5,0.0050000000,True,0.8389530000,0.8502822727,0.8469820000,0,0,96.3955726323,-58.1421891447
2023-02-18,RUB_KGS,5,0.0050000000,True,0.8389530000,0.8517042727,0.8469820000,0,0,95.7238811555,-40.6681918084
2023-02-21,RUB_KGS,5,0.0050000000,True,0.8469820000,0.8541534545,0.8545950000,1,1,0.0000000000,83.9597909169
2023-02-22,RUB_KGS,5,0.0050000000,True,0.8469820000,0.8542751818,0.8545950000,0,1,20.3774201836,-24.1704104926
2023-02-23,RUB_KGS,5,0.0050000000,True,0.8469820000,0.8549730000,0.8545950000,0,1,0.0000000000,4.4211922482
2023-02-28,RUB_KGS,5,0.0050000000,True,0.8545950000,0.8584664545,0.8567060000,0,0,71.8042141518,-51.6682443567
2023-03-01,RUB_KGS,5,0.0050000000,True,0.8545950000,0.8592469091,0.8608410000,1,1,0.0000000000,29.5713497951
2023-03-02,RUB_KGS,5,0.0050000000,True,0.8545950000,0.8600415455,0.8631800000,0,1,0.0000000000,-9.2955340318
2023-03-03,RUB_KGS,5,0.0050000000,True,0.8545950000,0.8608204545,0.8631630000,0,1,2.1312403935,-29.3504347068
2023-03-04,RUB_KGS,5,0.0050000000,True,0.8545950000,0.8615993636,0.8631630000,0,1,0.1969461758,-18.3453752445
2023-03-07,RUB_KGS,5,0.0050000000,True,0.8608410000,0.8644561818,0.8631630000,1,1,2.0038548143,12.9582255497
2023-03-08,RUB_KGS,5,0.0050000000,True,0.8631630000,0.8651694545,0.8631630000,1,1,0.0000000000,23.1914630702
2023-03-10,RUB_KGS,5,0.0050000000,True,0.8601330000,0.8648790000,0.8601330000,0,0,93.5325377136,-39.0227997211
2023-03-11,RUB_KGS,5,0.0050000000,True,0.8601330000,0.8651790000,0.8601330000,0,0,98.4704502312,-40.5465227427
2023-03-14,RUB_KGS,5,0.0050000000,True,0.8601330000,0.8685364545,0.8601330000,1,1,35.5190402213,61.4534314308
2023-03-15,RUB_KGS,5,0.0050000000,True,0.8601330000,0.8697289091,0.8664800000,1,1,0.0000000000,110.3321850131
2023-03-16,RUB_KGS,5,0.0050000000,True,0.8601330000,0.8711218182,0.8740510000,0,1,0.0000000000,53.2855231603
2023-03-17,RUB_KGS,5,0.0050000000,True,0.8601330000,0.8720542727,0.8762800000,0,1,0.0000000000,-22.8968234567
2023-03-18,RUB_KGS,5,0.0050000000,True,0.8601330000,0.8731102727,0.8762800000,0,1,0.0000000000,-36.3038595666
2023-03-21,RUB_KGS,5,0.0050000000,True,0.8664800000,0.8758230909,0.8728800000,0,0,121.0535369906,-88.5214054229
2023-03-22,RUB_KGS,5,0.0050000000,True,0.8728800000,0.8765512727,0.8728800000,0,0,68.9918811665,-27.2970600486
2023-03-23,RUB_KGS,5,0.0050000000,True,0.8728800000,0.8767141818,0.8728800000,0,0,84.3232387030,-40.9348708649
2023-03-24,RUB_KGS,5,0.0050000000,True,0.8728800000,0.8767032727,0.8744900000,1,1,0.0000000000,43.6096550134
2023-03-25,RUB_KGS,5,0.0050000000,True,0.8728800000,0.8770919091,0.8744900000,1,1,0.0000000000,29.6651817665
2023-03-28,RUB_KGS,5,0.0050000000,True,0.8728800000,0.8781828182,0.8761600000,1,1,0.0000000000,26.6438619997
2023-03-29,RUB_KGS,5,0.0050000000,True,0.8728800000,0.8785647273,0.8805550000,1,1,0.0000000000,27.3710882998
2023-03-30,RUB_KGS,5,0.0050000000,True,0.8744900000,0.8802741818,0.8817920000,0,1,0.0000000000,-3.1901217555
2023-03-31,RUB_KGS,5,0.0050000000,True,0.8744900000,0.8832986364,0.8845040000,0,1,0.0000000000,17.0569307096
2023-04-01,RUB_KGS,5,0.0050000000,True,0.8744900000,0.8864684545,0.8845040000,0,1,0.0000000000,22.1604563071
2023-04-04,RUB_KGS,5,0.0050000000,True,0.8805550000,0.9029622727,0.9077590000,0,1,0.0000000000,124.9030338024
2023-04-05,RUB_KGS,5,0.0050000000,True,0.8817920000,0.9085992727,0.9093580000,0,1,0.0000000000,9.2480013191
2023-04-06,RUB_KGS,5,0.0050000000,True,0.8845040000,0.9134430000,0.9228010000,0,1,0.0000000000,44.7209075991
2023-04-07,RUB_KGS,5,0.0050000000,True,0.8845040000,0.9184933636,0.9350730000,0,1,0.0000000000,-46.8989383503
2023-04-08,RUB_KGS,5,0.0050000000,True,0.8845040000,0.9234538182,0.9350730000,0,0,79.4536592818,-206.9208166338
2023-04-11,RUB_KGS,5,0.0050000000,True,0.9093580000,0.9336245455,0.9312670000,0,1,40.7027044947,-15.5143151763
2023-04-12,RUB_KGS,5,0.0050000000,True,0.9228010000,0.9356162727,0.9312670000,0,0,93.5155064900,-47.4738138081
2023-04-13,RUB_KGS,5,0.0050000000,True,0.9312670000,0.9365160000,0.9312670000,0,0,83.0822868181,-27.2606127391
2023-04-14,RUB_KGS,5,0.0050000000,True,0.9312670000,0.9355974545,0.9312670000,1,1,21.6866979324,24.6522105661
2023-04-15,RUB_KGS,5,0.0050000000,True,0.9312670000,0.9347269091,0.9312670000,1,1,0.0000000000,37.0151865455
2023-04-18,RUB_KGS,5,0.0050000000,True,0.9310590000,0.9326358182,0.9310590000,1,1,17.5726762575,-0.6667320402
2023-04-19,RUB_KGS,5,0.0050000000,True,0.9310590000,0.9319076364,0.9310590000,1,1,15.0033567196,-5.9057745091
2023-04-20,RUB_KGS,5,0.0050000000,True,0.9286390000,0.9314847273,0.9286390000,1,1,46.5923390062,-16.1169870350
2023-04-21,RUB_KGS,5,0.0050000000,True,0.9286390000,0.9315319091,0.9286390000,1,1,42.1843651918,-11.1761164479
2023-04-22,RUB_KGS,5,0.0050000000,True,0.9286390000,0.9316595455,0.9286390000,1,1,25.9919081390,6.4459754368
2023-04-25,RUB_KGS,5,0.0050000000,True,0.9198960000,0.9294114545,0.9198960000,0,0,94.1485334990,8.3112225665
2023-04-26,RUB_KGS,5,0.0050000000,True,0.9198960000,0.9282214545,0.9198960000,0,0,127.6044070205,-38.4018860703
2023-04-27,RUB_KGS,5,0.0050000000,True,0.9198960000,0.9270690000,0.9198960000,0,0,136.9722013443,-60.4270016579
2023-04-28,RUB_KGS,5,0.0050000000,True,0.9136300000,0.9254845455,0.9136300000,0,0,196.0721191713,-69.3415635839
2023-04-29,RUB_KGS,5,0.0050000000,True,0.9061600000,0.9232210000,0.9061600000,0,0,149.3212276170,36.0152119590
2023-05-03,RUB_KGS,5,0.0050000000,True,0.8799020000,0.9064930000,0.8799020000,0,0,369.1647603516,-78.7319924147
2023-05-04,RUB_KGS,5,0.0050000000,True,0.8799020000,0.9017657273,0.8799020000,0,0,289.7722256555,-48.7296488919
2023-05-05,RUB_KGS,5,0.0050000000,True,0.8799020000,0.8981299091,0.8799020000,0,0,228.0993424333,-25.7322563885
2023-05-06,RUB_KGS,5,0.0050000000,True,0.8784980000,0.8943664545,0.8784980000,1,1,15.9563224086,161.7285003473
2023-05-11,RUB_KGS,5,0.0050000000,True,0.8691980000,0.8823432727,0.8691980000,0,0,105.8625062322,43.5802351095
2023-05-12,RUB_KGS,5,0.0050000000,True,0.8691980000,0.8854654545,0.8843540000,1,1,0.0000000000,183.7164223849
2023-05-13,RUB_KGS,5,0.0050000000,True,0.8691980000,0.8893679091,0.8843540000,0,1,0.0000000000,56.3760963225
2023-05-16,RUB_KGS,5,0.0050000000,True,0.8691980000,0.8985391818,0.9130400000,0,1,0.0000000000,-77.5571986490
2023-05-17,RUB_KGS,5,0.0050000000,True,0.8691980000,0.9016793636,0.9130400000,0,1,13.1911979927,-139.3692355668
2023-05-18,RUB_KGS,5,0.0050000000,True,0.8843540000,0.9056947273,0.9130400000,0,0,106.0759902430,-189.1837526632
2023-05-19,RUB_KGS,5,0.0050000000,True,0.8843540000,0.9085697273,0.9130400000,0,1,16.0741818023,-65.3804826307
2023-05-20,RUB_KGS,5,0.0050000000,True,0.8843540000,0.9112374545,0.9130400000,0,1,0.0000000000,-19.7812924124
2023-05-23,RUB_KGS,5,0.0050000000,True,0.9129660000,0.9144182727,0.9129660000,1,1,4.3903491149,11.4966286067
2023-05-24,RUB_KGS,5,0.0050000000,True,0.9129660000,0.9135216364,0.9129660000,1,1,32.8937672152,-26.8998952903
2023-05-25,RUB_KGS,5,0.0050000000,True,0.9129660000,0.9134734545,0.9129660000,1,1,8.0223355832,-2.4690969773
2023-05-26,RUB_KGS,5,0.0050000000,True,0.9129660000,0.9142145455,0.9129660000,1,1,2.1792337639,11.4802970458
2023-05-27,RUB_KGS,5,0.0050000000,True,0.9129660000,0.9152742727,0.9129660000,1,1,0.0000000000,25.2194647665
2023-05-30,RUB_KGS,5,0.0050000000,True,0.9129660000,0.9178838182,0.9211920000,1,1,0.0000000000,42.5306351903
2023-05-31,RUB_KGS,5,0.0050000000,True,0.9129660000,0.9187605455,0.9233430000,0,1,0.0000000000,-26.4645076183
2023-06-01,RUB_KGS,5,0.0050000000,True,0.9129660000,0.9202649091,0.9233430000,0,1,14.6426342899,-48.1610334732
2023-06-02,RUB_KGS,5,0.0050000000,True,0.9129660000,0.9217790000,0.9233430000,0,1,11.4884709624,-28.4883903842
2023-06-03,RUB_KGS,5,0.0050000000,True,0.9129660000,0.9235253636,0.9233430000,0,1,0.0000000000,1.9746467563
2023-06-06,RUB_KGS,5,0.0050000000,True,0.9233430000,0.9305432727,0.9296210000,0,1,0.9895526899,8.9224515571
2023-06-07,RUB_KGS,5,0.0050000000,True,0.9233430000,0.9322633636,0.9321760000,0,1,0.0000000000,28.3435318756
2023-06-08,RUB_KGS,5,0.0050000000,True,0.9233430000,0.9340100000,0.9380990000,0,1,0.0000000000,19.6357640710
2023-06-09,RUB_KGS,5,0.0050000000,True,0.9233430000,0.9368796364,0.9436180000,0,1,0.0000000000,-13.0151578606
2023-06-10,RUB_KGS,5,0.0050000000,True,0.9233430000,0.9404596364,0.9436180000,0,1,0.0000000000,-33.5831918165
2023-06-14,RUB_KGS,5,0.0050000000,True,0.9380990000,0.9503470000,0.9550150000,0,1,0.0000000000,-48.0035187147
2023-06-15,RUB_KGS,5,0.0050000000,True,0.9436180000,0.9523476364,0.9550150000,0,0,80.0645668588,-108.9451292805
2023-06-16,RUB_KGS,5,0.0050000000,True,0.9436180000,0.9542389091,0.9550150000,0,1,37.0760998947,-45.3774297803
2023-06-17,RUB_KGS,5,0.0050000000,True,0.9436180000,0.9561808182,0.9550150000,0,1,0.0000000000,12.1924447725
2023-06-20,RUB_KGS,5,0.0050000000,True,0.9550150000,0.9599818182,0.9577060000,0,1,24.9972398881,-1.2935851058
2023-06-21,RUB_KGS,5,0.0050000000,True,0.9550150000,0.9600183636,0.9577060000,0,0,69.6375652982,-45.8703346773
2023-06-22,RUB_KGS,5,0.0050000000,True,0.9550150000,0.9610167273,0.9577060000,0,0,75.3695158133,-41.2300079159
2023-06-23,RUB_KGS,5,0.0050000000,True,0.9550150000,0.9627535455,0.9631250000,1,1,0.0000000000,52.4282198531
2023-06-24,RUB_KGS,5,0.0050000000,True,0.9550150000,0.9650826364,0.9631250000,0,1,0.0000000000,20.2846501416
2023-06-27,RUB_KGS,5,0.0050000000,True,0.9577060000,0.9782998182,0.9741200000,0,1,0.0000000000,89.4288031054
2023-06-28,RUB_KGS,5,0.0050000000,True,0.9577060000,0.9827171818,0.9806350000,0,1,0.0000000000,87.4837845236
2023-06-29,RUB_KGS,5,0.0050000000,True,0.9631250000,0.9886602727,0.9977920000,0,1,0.0000000000,81.1732093284
2023-06-30,RUB_KGS,5,0.0050000000,True,0.9631250000,0.9942116364,1.0135700000,0,1,0.0000000000,-36.0120874209
2023-07-01,RUB_KGS,5,0.0050000000,True,0.9631250000,1.0004348182,1.0135700000,0,1,0.0000000000,-131.2947288465
2023-07-04,RUB_KGS,5,0.0050000000,True,0.9806350000,1.0222579091,1.0241900000,0,1,0.0000000000,-8.0419129241
2023-07-05,RUB_KGS,5,0.0050000000,True,0.9977920000,1.0281092727,1.0315800000,0,1,0.0000000000,38.1211689384
2023-07-06,RUB_KGS,5,0.0050000000,True,1.0135700000,1.0322009091,1.0428000000,0,1,0.0000000000,6.0153898862
2023-07-07,RUB_KGS,5,0.0050000000,True,1.0135700000,1.0338318182,1.0315100000,0,0,239.7691252306,-222.6491912259
2023-07-08,RUB_KGS,5,0.0050000000,True,1.0135700000,1.0354545455,1.0314200000,0,0,129.9521531100,-92.1861281826
2023-07-11,RUB_KGS,5,0.0050000000,True,1.0255900000,1.0369618182,1.0255900000,0,0,165.0364403529,-56.3008368854
2023-07-12,RUB_KGS,5,0.0050000000,True,1.0255900000,1.0364172727,1.0255900000,0,0,57.3915909686,47.3484267042
2023-07-13,RUB_KGS,5,0.0050000000,True,1.0255900000,1.0338900000,1.0255900000,0,0,56.5240154350,23.8903558406
2023-07-14,RUB_KGS,5,0.0050000000,True,1.0255900000,1.0327172727,1.0255900000,1,1,6.3338010602,62.7206777530
2023-07-15,RUB_KGS,5,0.0050000000,True,1.0255900000,1.0320763636,1.0255900000,1,1,0.0000000000,62.8477103527
2023-07-18,RUB_KGS,5,0.0050000000,True,1.0255900000,1.0295209091,1.0286200000,1,1,4.1786113406,4.5740604853
2023-07-19,RUB_KGS,5,0.0050000000,True,1.0255900000,1.0292663636,1.0286200000,0,1,33.7176630171,-27.5306418605
2023-07-20,RUB_KGS,5,0.0050000000,True,1.0255900000,1.0296009091,1.0286200000,0,0,89.8887229635,-81.0905549458
2023-07-21,RUB_KGS,5,0.0050000000,True,1.0255200000,1.0295945455,1.0255200000,0,0,81.6279159735,-42.3997442948
2023-07-22,RUB_KGS,5,0.0050000000,True,1.0255200000,1.0297581818,1.0255200000,1,1,30.1374657308,11.0529038592
2023-07-25,RUB_KGS,5,0.0050000000,True,1.0255200000,1.0313136364,1.0255200000,1,1,42.7217647973,13.5132157134
2023-07-26,RUB_KGS,5,0.0050000000,True,1.0255200000,1.0313272727,1.0273900000,1,1,0.0000000000,56.3087283818
2023-07-27,RUB_KGS,5,0.0050000000,True,1.0255200000,1.0322672727,1.0276500000,1,1,0.0000000000,47.2481580704
2023-07-28,RUB_KGS,5,0.0050000000,True,1.0255200000,1.0338009091,1.0381000000,1,1,0.0000000000,59.4980042755
2023-07-29,RUB_KGS,5,0.0050000000,True,1.0255200000,1.0364654545,1.0381000000,0,1,0.0000000000,-15.7703804539
2023-08-01,RUB_KGS,5,0.0050000000,True,1.0273900000,1.0494836364,1.0454900000,0,1,0.0000000000,49.3922552389
2023-08-02,RUB_KGS,5,0.0050000000,True,1.0276500000,1.0542118182,1.0579300000,0,1,0.0000000000,82.7330715839
2023-08-03,RUB_KGS,5,0.0050000000,True,1.0381000000,1.0606954545,1.0684600000,0,1,0.0000000000,26.0720882097
2023-08-04,RUB_KGS,5,0.0050000000,True,1.0381000000,1.0657209091,1.0794000000,0,1,0.0000000000,-25.7017656849
2023-08-05,RUB_KGS,5,0.0050000000,True,1.0381000000,1.0721163636,1.0794000000,0,1,0.0000000000,-67.9369946274
2023-08-08,RUB_KGS,5,0.0050000000,True,1.0579300000,1.0912663636,1.0933800000,0,0,50.8658107137,-70.5935472799
2023-08-09,RUB_KGS,5,0.0050000000,True,1.0684600000,1.0965209091,1.1070800000,0,1,0.0000000000,28.6443155335
2023-08-10,RUB_KGS,5,0.0050000000,True,1.0794000000,1.1034490909,1.1070800000,0,1,12.3596012450,-45.3207051608
2023-08-11,RUB_KGS,5,0.0050000000,True,1.0794000000,1.1056563636,1.1036800000,0,1,30.7114210355,-12.8759387678
2023-08-12,RUB_KGS,5,0.0050000000,True,1.0794000000,1.1071245455,1.0955500000,0,0,180.8681311787,-77.7279718058
2023-08-15,RUB_KGS,5,0.0050000000,True,1.0581700000,1.0986363636,1.0581700000,0,0,755.6763084557,-419.0070335126
2023-08-16,RUB_KGS,5,0.0050000000,True,1.0581700000,1.0940654545,1.0581700000,0,0,412.3477819658,-87.8790698911
2023-08-17,RUB_KGS,5,0.0050000000,True,1.0581700000,1.0903790909,1.0581700000,0,0,341.1984847793,-47.4230396935
2023-08-18,RUB_KGS,5,0.0050000000,True,1.0581700000,1.0860136364,1.0581700000,1,1,36.4393054876,220.7489442205
2023-08-19,RUB_KGS,5,0.0050000000,True,1.0581700000,1.0819581818,1.0581700000,1,1,0.0000000000,219.8623035338
2023-08-22,RUB_KGS,5,0.0050000000,True,1.0581700000,1.0686009091,1.0677100000,0,1,0.0000000000,19.3796306300
2023-08-23,RUB_KGS,5,0.0050000000,True,1.0581700000,1.0666045455,1.0699700000,0,1,0.0000000000,-10.3642399628
2023-08-24,RUB_KGS,5,0.0050000000,True,1.0581700000,1.0684054545,1.0699700000,0,1,10.7364254239,-25.4074466112
2023-08-25,RUB_KGS,5,0.0050000000,True,1.0581700000,1.0708018182,1.0735900000,0,1,0.0000000000,7.7681805138
2023-08-26,RUB_KGS,5,0.0050000000,True,1.0581700000,1.0734190909,1.0735900000,0,1,0.0000000000,-1.5921935091
2023-08-29,RUB_KGS,5,0.0050000000,True,1.0699700000,1.0809018182,1.0845300000,0,1,0.0000000000,-8.7721363979
2023-08-30,RUB_KGS,5,0.0050000000,True,1.0699700000,1.0827618182,1.0869600000,0,1,0.0000000000,-16.3302934079
2023-08-31,RUB_KGS,5,0.0050000000,True,1.0735900000,1.0850181818,1.0915600000,0,1,0.0000000000,-17.8966418661
2023-09-01,RUB_KGS,5,0.0050000000,True,1.0735900000,1.0878736364,1.0915800000,0,1,0.0000000000,-33.8859543346
2023-09-02,RUB_KGS,5,0.0050000000,True,1.0735900000,1.0910436364,1.0915800000,0,1,0.0000000000,-4.9160603526
2023-09-05,RUB_KGS,5,0.0050000000,True,1.0869600000,1.0989609091,1.1050000000,0,1,0.0000000000,37.9532070377
2023-09-06,RUB_KGS,5,0.0050000000,True,1.0915600000,1.1008745455,1.1080100000,0,1,0.0000000000,-37.4743385837
2023-09-07,RUB_KGS,5,0.0050000000,True,1.0915800000,1.1009009091,1.0918500000,0,0,149.8475362214,-68.6627728860
2023-09-08,RUB_KGS,5,0.0050000000,True,1.0714300000,1.0990690909,1.0714300000,0,0,356.5128168203,-108.9186220405
2023-09-09,RUB_KGS,5,0.0050000000,True,1.0714300000,1.0985490909,1.0714300000,0,0,330.1414247164,-86.1218599078
2023-09-12,RUB_KGS,5,0.0050000000,True,1.0714300000,1.0959772727,1.0714300000,0,0,187.0220268352,37.6583787819
2023-09-13,RUB_KGS,5,0.0050000000,True,1.0714300000,1.0942372727,1.0844400000,1,1,0.0000000000,208.4307790981
2023-09-14,RUB_KGS,5,0.0050000000,True,1.0714300000,1.0922763636,1.0844400000,0,1,13.0771922716,58.7430420540
2023-09-15,RUB_KGS,5,0.0050000000,True,1.0714300000,1.0901572727,1.0847000000,0,1,0.0000000000,52.4444763183
2023-09-16,RUB_KGS,5,0.0050000000,True,1.0714300000,1.0884418182,1.0847000000,0,1,42.4117798259,-8.0682476869
2023-09-19,RUB_KGS,5,0.0050000000,True,1.0826500000,1.0863554545,1.0826500000,0,0,62.5992455047,-28.6696719892
2023-09-20,RUB_KGS,5,0.0050000000,True,1.0826500000,1.0860636364,1.0826500000,1,1,18.8992348115,12.5557685386
2023-09-21,RUB_KGS,5,0.0050000000,True,1.0826500000,1.0860072727,1.0826500000,0,0,59.5882990249,-28.8462826300
2023-09-22,RUB_KGS,5,0.0050000000,True,1.0826500000,1.0856018182,1.0826500000,1,1,3.6009750332,23.5981382760
2023-09-23,RUB_KGS,5,0.0050000000,True,1.0826500000,1.0854645455,1.0826500000,1,1,0.0000000000,25.9294093606
2023-09-26,RUB_KGS,5,0.0050000000,True,1.0826500000,1.0878500000,1.0848600000,1,1,0.0000000000,37.0455485591
2023-09-27,RUB_KGS,5,0.0050000000,True,1.0826500000,1.0886672727,1.0878100000,1,1,0.0000000000,34.9718671871
2023-09-28,RUB_KGS,5,0.0050000000,True,1.0826500000,1.0911290909,1.0934700000,1,1,0.0000000000,30.4188655288
2023-09-29,RUB_KGS,5,0.0050000000,True,1.0826500000,1.0944345455,1.0981300000,0,1,0.0000000000,8.8131853892
2023-09-30,RUB_KGS,5,0.0050000000,True,1.0826500000,1.0979327273,1.0981300000,0,1,0.0000000000,-1.7967651603
2023-10-03,RUB_KGS,5,0.0050000000,True,1.0878100000,1.1099827273,1.1190100000,0,1,0.0000000000,-1.2367104812
2023-10-04,RUB_KGS,5,0.0050000000,True,1.0934700000,1.1138300000,1.1211300000,0,1,0.0000000000,-46.5061993302
2023-10-05,RUB_KGS,5,0.0050000000,True,1.0981300000,1.1180509091,1.1236200000,0,1,0.0000000000,-27.5398095387
2023-10-06,RUB_KGS,5,0.0050000000,True,1.0981300000,1.1203909091,1.1238700000,0,1,0.0000000000,-28.8211095153
2023-10-07,RUB_KGS,5,0.0050000000,True,1.0981300000,1.1227781818,1.1238700000,0,0,55.3918575739,-65.4788122968
2023-10-10,RUB_KGS,5,0.0050000000,True,1.0877500000,1.1175972727,1.0877500000,0,0,457.4962716028,-199.5596071768
2023-10-11,RUB_KGS,5,0.0050000000,True,1.0877500000,1.1148818182,1.0877500000,0,0,321.3894845489,-80.6200412600
2023-10-12,RUB_KGS,5,0.0050000000,True,1.0877500000,1.1119054545,1.0877500000,0,0,325.8655804481,-112.2806386416
2023-10-13,RUB_KGS,5,0.0050000000,True,1.0877500000,1.1082436364,1.0898500000,1,1,0.0000000000,184.9199552445
2023-10-14,RUB_KGS,5,0.0050000000,True,1.0877500000,1.1046090909,1.0898500000,1,1,12.9208437952,120.8490045841
2023-10-17,RUB_KGS,5,0.0050000000,True,1.0737300000,1.0903345455,1.0737300000,0,0,157.2125256674,-5.0026347210
2023-10-18,RUB_KGS,5,0.0050000000,True,1.0737300000,1.0857290909,1.0737300000,0,0,147.9102628802,-37.9552240556
2023-10-19,RUB_KGS,5,0.0050000000,True,1.0603200000,1.0832354545,1.0603200000,0,0,273.6320689813,-63.8323406562
2023-10-20,RUB_KGS,5,0.0050000000,True,1.0470500000,1.0792163636,1.0470500000,0,0,388.9225459419,-94.5467165570
2023-10-21,RUB_KGS,5,0.0050000000,True,1.0428900000,1.0748190909,1.0428900000,0,0,287.2230448996,10.1327834452
2023-10-24,RUB_KGS,5,0.0050000000,True,1.0428900000,1.0623427273,1.0428900000,0,0,164.3843368040,19.0402515196
2023-10-25,RUB_KGS,5,0.0050000000,True,1.0428900000,1.0581136364,1.0428900000,1,1,39.7306718877,104.5600017183
2023-10-26,RUB_KGS,5,0.0050000000,True,1.0428900000,1.0539781818,1.0436300000,1,1,0.0000000000,105.2031437601
2023-10-27,RUB_KGS,5,0.0050000000,True,1.0302700000,1.0500272727,1.0302700000,0,0,164.3929774986,24.1638745314
2023-10-28,RUB_KGS,5,0.0050000000,True,1.0302700000,1.0473554545,1.0302700000,0,0,128.0147178598,35.5701068752
2023-10-31,RUB_KGS,5,0.0050000000,True,1.0302700000,1.0423754545,1.0302700000,0,0,130.8516854578,-14.9134886836
2023-11-01,RUB_KGS,5,0.0050000000,True,1.0302700000,1.0422572727,1.0415900000,1,1,0.0000000000,115.0126081242
2023-11-02,RUB_KGS,5,0.0050000000,True,1.0302700000,1.0417209091,1.0415900000,0,1,26.3324204761,-25.1419635167
2023-11-03,RUB_KGS,5,0.0050000000,True,1.0302700000,1.0409045455,1.0346500000,0,0,81.3888835631,-21.4760763147
2023-11-04,RUB_KGS,5,0.0050000000,True,1.0302700000,1.0398663636,1.0322100000,0,0,90.0546280206,-16.5755564745
2023-11-08,RUB_KGS,5,0.0050000000,True,1.0291800000,1.0361218182,1.0291800000,0,0,52.8681196540,14.2050689020
2023-11-09,RUB_KGS,5,0.0050000000,True,1.0291800000,1.0350481818,1.0291800000,1,1,29.3544918185,27.4207700476
2023-11-10,RUB_KGS,5,0.0050000000,True,1.0216900000,1.0332390909,1.0216900000,0,0,72.7763850833,39.2851078207
2023-11-11,RUB_KGS,5,0.0050000000,True,1.0016500000,1.0296081818,1.0016500000,0,0,280.9043275762,-9.6329671746
2023-11-14,RUB_KGS,5,0.0050000000,True,0.9963470000,1.0185599091,0.9963470000,0,0,339.2027769967,-125.3739794303
2023-11-15,RUB_KGS,5,0.0050000000,True,0.9963470000,1.0156295455,0.9963470000,0,0,248.0497998414,-59.6719007691
2023-11-16,RUB_KGS,5,0.0050000000,True,0.9930160000,1.0123419091,0.9930160000,0,0,86.1977736734,105.6155928634
2023-11-17,RUB_KGS,5,0.0050000000,True,0.9871940000,1.0083959091,0.9871940000,0,0,91.8655849819,119.4858981704
2023-11-18,RUB_KGS,5,0.0050000000,True,0.9871940000,1.0048302727,0.9871940000,0,0,127.8230677536,48.3093797930
2023-11-21,RUB_KGS,5,0.0050000000,True,0.9871940000,0.9968968182,0.9871940000,0,0,58.6294682060,38.9289855383
2023-11-22,RUB_KGS,5,0.0050000000,True,0.9871940000,0.9969377273,0.9913780000,1,1,0.0000000000,97.7365687562
2023-11-23,RUB_KGS,5,0.0050000000,True,0.9871940000,0.9971209091,0.9921520000,1,1,0.0000000000,57.5949118963
2023-11-24,RUB_KGS,5,0.0050000000,True,0.9871940000,0.9968071818,0.9965250000,0,1,0.0000000000,46.7009257466
2023-11-25,RUB_KGS,5,0.0050000000,True,0.9871940000,0.9966530000,0.9965250000,0,0,55.6331703423,-54.6529233344
2023-11-28,RUB_KGS,5,0.0050000000,True,0.9913780000,0.9990350000,0.9934680000,0,1,49.0202952436,6.7365007232
2023-11-29,RUB_KGS,5,0.0050000000,True,0.9921520000,1.0004060909,0.9934680000,1,1,30.6766011891,38.7951547313
2023-11-30,RUB_KGS,5,0.0050000000,True,0.9934680000,1.0025168182,0.9934680000,1,1,48.2029090035,42.2618165100
2023-12-01,RUB_KGS,5,0.0050000000,True,0.9934680000,1.0046340909,1.0064600000,1,1,0.0000000000,111.1458491219
2023-12-02,RUB_KGS,5,0.0050000000,True,0.9934680000,1.0079677273,1.0064600000,0,1,0.0000000000,14.9580907397
2023-12-05,RUB_KGS,5,0.0050000000,True,0.9934680000,1.0162680000,1.0253900000,0,1,0.0000000000,8.8362518548
2023-12-06,RUB_KGS,5,0.0050000000,True,0.9934680000,1.0187861818,1.0259800000,0,1,0.0000000000,-64.8204530025
2023-12-07,RUB_KGS,5,0.0050000000,True,1.0064600000,1.0210745455,1.0186400000,0,0,193.7868825630,-173.3022787046
2023-12-08,RUB_KGS,5,0.0050000000,True,1.0064600000,1.0213990909,1.0100300000,0,0,253.7801665493,-146.1809514400
2023-12-09,RUB_KGS,5,0.0050000000,True,1.0064600000,1.0215172727,1.0077600000,0,0,177.5863077253,-43.6872424175
2023-12-12,RUB_KGS,5,0.0050000000,True,1.0066800000,1.0191863636,1.0066800000,0,0,117.4114505615,5.3607824423
2023-12-13,RUB_KGS,5,0.0050000000,True,1.0066800000,1.0163390909,1.0066800000,1,1,33.1673316634,62.0766333355
2023-12-14,RUB_KGS,5,0.0050000000,True,1.0066800000,1.0144309091,1.0066800000,1,1,10.7168373422,65.7601127009
2023-12-15,RUB_KGS,5,0.0050000000,True,1.0066800000,1.0131618182,1.0074500000,1,1,0.0000000000,63.9761395021
2023-12-16,RUB_KGS,5,0.0050000000,True,1.0066800000,1.0123754545,1.0074500000,1,1,0.0000000000,48.6524492800
2023-12-19,RUB_KGS,5,0.0050000000,True,1.0066800000,1.0158236364,1.0120200000,0,1,32.6984064451,4.7610268783
2023-12-20,RUB_KGS,5,0.0050000000,True,1.0066800000,1.0178836364,1.0173300000,0,1,0.0000000000,57.6061560886
2023-12-21,RUB_KGS,5,0.0050000000,True,1.0074500000,1.0201363636,1.0304200000,0,1,0.0000000000,27.5096912178
2023-12-22,RUB_KGS,5,0.0050000000,True,1.0074500000,1.0222172727,1.0303400000,0,1,13.5693100975,-93.1575656839
2023-12-23,RUB_KGS,5,0.0050000000,True,1.0074500000,1.0242727273,1.0300600000,0,1,3.4937210070,-60.0159758587
2023-12-26,RUB_KGS,5,0.0050000000,True,1.0067700000,1.0236063636,1.0067700000,0,0,239.3694374964,-76.7251615722
2023-12-27,RUB_KGS,5,0.0050000000,True,1.0067700000,1.0226463636,1.0067700000,0,0,228.7594386319,-75.2326184027
2023-12-28,RUB_KGS,5,0.0050000000,True,1.0067700000,1.0203763636,1.0067700000,0,0,226.1033337864,-94.9025938736
2023-12-29,RUB_KGS,5,0.0050000000,True,1.0067700000,1.0182263636,1.0067700000,0,0,70.7142434464,42.0963725694
2023-12-30,RUB_KGS,5,0.0050000000,True,1.0067700000,1.0160763636,1.0067700000,1,1,0.0000000000,91.5911831967
2024-01-10,RUB_KGS,5,0.0050000000,True,0.9867040000,1.0001241818,0.9867040000,0,0,255.4490059946,-124.4427282939
2024-01-11,RUB_KGS,5,0.0050000000,True,0.9816080000,0.9978367273,0.9816080000,0,0,192.3545750654,-30.2982706954
2024-01-12,RUB_KGS,5,0.0050000000,True,0.9812950000,0.9955208182,0.9812950000,0,0,127.5586685366,15.5377783525
2024-01-13,RUB_KGS,5,0.0050000000,True,0.9812950000,0.9939489091,0.9812950000,0,0,54.8188717184,72.8901558686
2024-01-16,RUB_KGS,5,0.0050000000,True,0.9812950000,0.9894408182,0.9812950000,1,1,3.1886455693,79.1640898362
2024-01-17,RUB_KGS,5,0.0050000000,True,0.9812950000,0.9886217273,0.9894790000,1,1,0.0000000000,74.1105224638
2024-01-18,RUB_KGS,5,0.0050000000,True,0.9812950000,0.9878106364,0.9850520000,0,1,44.7407170844,-16.8895087272
2024-01-19,RUB_KGS,5,0.0050000000,True,0.9812950000,0.9876238182,0.9846490000,0,0,82.3109100231,-52.6230911254
2024-01-20,RUB_KGS,5,0.0050000000,True,0.9812950000,0.9877820000,0.9846490000,0,0,72.6017038867,-41.1831760449
2024-01-23,RUB_KGS,5,0.0050000000,True,0.9846490000,0.9920857273,0.9846490000,1,1,4.0911545786,70.8983818572
2024-01-24,RUB_KGS,5,0.0050000000,True,0.9846490000,0.9932412727,0.9884440000,1,1,0.0000000000,86.5074072454
2024-01-25,RUB_KGS,5,0.0050000000,True,0.9846490000,0.9941884545,0.9925680000,1,1,0.0000000000,57.7803385182
2024-01-26,RUB_KGS,5,0.0050000000,True,0.9846490000,0.9948975455,0.9996500000,0,1,0.0000000000,23.4149281520
2024-01-27,RUB_KGS,5,0.0050000000,True,0.9846490000,0.9959920909,0.9996500000,0,1,25.3444955547,-62.2284970682
2024-01-30,RUB_KGS,5,0.0050000000,True,0.9884440000,1.0031465455,0.9996500000,0,1,35.7840596467,-0.9316140885
2024-01-31,RUB_KGS,5,0.0050000000,True,0.9925680000,1.0055634545,1.0038900000,0,1,0.0000000000,58.8073733062
2024-02-01,RUB_KGS,5,0.0050000000,True,0.9996500000,1.0080827273,1.0101900000,1,1,0.0000000000,41.5911031833
2024-02-02,RUB_KGS,5,0.0050000000,True,0.9996500000,1.0091581818,1.0140200000,0,1,0.0000000000,-10.2245435890
2024-02-03,RUB_KGS,5,0.0050000000,True,0.9996500000,1.0107090909,1.0140200000,0,1,9.9504448144,-42.7512637392
2024-02-06,RUB_KGS,5,0.0050000000,True,1.0038900000,1.0150727273,1.0140200000,0,0,61.3557062767,-51.2995038421
2024-02-07,RUB_KGS,5,0.0050000000,True,1.0101900000,1.0162036364,1.0163300000,1,1,0.0000000000,21.4881770297
2024-02-08,RUB_KGS,5,0.0050000000,True,1.0140200000,1.0169500000,1.0163300000,0,1,28.6485160657,-22.6166478195
2024-02-09,RUB_KGS,5,0.0050000000,True,1.0140200000,1.0173890909,1.0163300000,0,1,40.0815350542,-29.7910516045
2024-02-10,RUB_KGS,5,0.0050000000,True,1.0140200000,1.0180572727,1.0163300000,1,1,0.0000000000,16.9663610638
2024-02-13,RUB_KGS,5,0.0050000000,True,1.0163300000,1.0223481818,1.0198600000,1,1,0.0000000000,38.6187591312
2024-02-14,RUB_KGS,5,0.0050000000,True,1.0163300000,1.0237690909,1.0223800000,1,1,0.0000000000,38.1833261407
2024-02-15,RUB_KGS,5,0.0050000000,True,1.0163300000,1.0249418182,1.0267700000,0,1,0.0000000000,24.9947668870
2024-02-16,RUB_KGS,5,0.0050000000,True,1.0163300000,1.0264245455,1.0326400000,0,1,0.0000000000,-3.3656107211
2024-02-17,RUB_KGS,5,0.0050000000,True,1.0163300000,1.0279981818,1.0326400000,0,1,21.6450216450,-66.9438750334
2024-02-20,RUB_KGS,5,0.0050000000,True,1.0223800000,1.0331672727,1.0326400000,0,1,6.5807300739,-1.4782434245
2024-02-21,RUB_KGS,5,0.0050000000,True,1.0267700000,1.0345100000,1.0336400000,0,1,0.0000000000,18.0761906603
2024-02-22,RUB_KGS,5,0.0050000000,True,1.0326400000,1.0353318182,1.0358100000,1,1,0.0000000000,16.3408305638
2024-02-23,RUB_KGS,5,0.0050000000,True,1.0292100000,1.0348163636,1.0292100000,0,0,76.5559465844,-22.5512124242
2024-02-27,RUB_KGS,5,0.0050000000,True,1.0159000000,1.0303354545,1.0159000000,0,0,192.2167192825,-53.1336219713
2024-02-28,RUB_KGS,5,0.0050000000,True,1.0159000000,1.0292436364,1.0159000000,0,0,129.3224900652,0.3268066223
2024-02-29,RUB_KGS,5,0.0050000000,True,1.0159000000,1.0278218182,1.0159000000,0,0,110.6817097745,5.3688117148
2024-03-01,RUB_KGS,5,0.0050000000,True,1.0159000000,1.0262036364,1.0193500000,1,1,0.0000000000,100.4053776319
2024-03-02,RUB_KGS,5,0.0050000000,True,1.0101900000,1.0237527273,1.0101900000,0,0,111.9779176414,20.7347654974
2024-03-05,RUB_KGS,5,0.0050000000,True,1.0101900000,1.0184872727,1.0101900000,0,0,110.8163405155,-29.6785964211
2024-03-06,RUB_KGS,5,0.0050000000,True,1.0101900000,1.0173490909,1.0101900000,0,0,89.8611860499,-19.6678712233
2024-03-07,RUB_KGS,5,0.0050000000,True,1.0101900000,1.0171181818,1.0133600000,1,1,0.0000000000,68.1157995406
2024-03-08,RUB_KGS,5,0.0050000000,True,1.0101900000,1.0166272727,1.0133600000,1,1,13.6979551614,18.4656931565
2024-03-12,RUB_KGS,5,0.0050000000,True,1.0101900000,1.0180245455,1.0162300000,1,1,0.0000000000,45.8195774883
2024-03-13,RUB_KGS,5,0.0050000000,True,1.0133600000,1.0194954545,1.0230000000,1,1,0.0000000000,32.0301040176
2024-03-14,RUB_KGS,5,0.0050000000,True,1.0133600000,1.0206663636,1.0237500000,0,1,0.0000000000,-22.8638509779
2024-03-15,RUB_KGS,5,0.0050000000,True,1.0133600000,1.0220818182,1.0263700000,0,1,0.0000000000,-16.3214117354
2024-03-16,RUB_KGS,5,0.0050000000,True,1.0133600000,1.0239663636,1.0263700000,0,1,0.0000000000,-23.4737824307
2024-03-19,RUB_KGS,5,0.0050000000,True,1.0230000000,1.0287136364,1.0272600000,1,1,3.6005176961,10.5338971443
2024-03-20,RUB_KGS,5,0.0050000000,True,1.0237500000,1.0297727273,1.0272600000,0,1,29.6995108316,-5.3145001104
2024-03-21,RUB_KGS,5,0.0050000000,True,1.0263700000,1.0309309091,1.0272600000,0,0,79.3834743307,-44.1260502423
2024-03-22,RUB_KGS,5,0.0050000000,True,1.0263700000,1.0316463636,1.0342400000,1,1,0.0000000000,42.5180933213
2024-03-23,RUB_KGS,5,0.0050000000,True,1.0263700000,1.0323790909,1.0342400000,0,1,3.9626926980,-21.9968528122
2024-03-26,RUB_KGS,5,0.0050000000,True,1.0272600000,1.0334336364,1.0312000000,0,0,51.0376366390,-29.5748418555
2024-03-27,RUB_KGS,5,0.0050000000,True,1.0272600000,1.0331500000,1.0312000000,0,1,29.3935643564,-10.5502589169
2024-03-28,RUB_KGS,5,0.0050000000,True,1.0312000000,1.0336045455,1.0312000000,1,1,31.2249258045,-7.9861737169
2024-03-29,RUB_KGS,5,0.0050000000,True,1.0312000000,1.0336854545,1.0322600000,1,1,0.0000000000,24.0445924292
2024-03-30,RUB_KGS,5,0.0050000000,True,1.0312000000,1.0336272727,1.0322600000,1,1,0.9686543454,12.2604420443
2024-04-02,RUB_KGS,5,0.0050000000,True,1.0312000000,1.0333236364,1.0330800000,1,1,0.0000000000,10.2933517265
2024-04-03,RUB_KGS,5,0.0050000000,True,1.0312000000,1.0333281818,1.0330800000,1,1,23.7557216525,-21.4047987923
2024-04-04,RUB_KGS,5,0.0050000000,True,1.0322600000,1.0339718182,1.0330800000,1,1,8.9941103084,-0.3692732965
2024-04-05,RUB_KGS,5,0.0050000000,True,1.0322600000,1.0347290909,1.0344800000,1,1,0.0000000000,15.9374170841
2024-04-06,RUB_KGS,5,0.0050000000,True,1.0322600000,1.0359690909,1.0344800000,1,1,0.0000000000,14.3738932190
2024-04-09,RUB_KGS,5,0.0050000000,True,1.0330800000,1.0403736364,1.0406900000,0,1,0.0000000000,20.1238890573
2024-04-10,RUB_KGS,5,0.0050000000,True,1.0330800000,1.0416909091,1.0460000000,0,1,0.0000000000,9.6085036566
2024-04-11,RUB_KGS,5,0.0050000000,True,1.0344800000,1.0432427273,1.0485000000,0,1,0.0000000000,-26.4298293694
2024-04-12,RUB_KGS,5,0.0050000000,True,1.0344800000,1.0451763636,1.0485000000,0,1,29.5737012771,-61.5555095530
2024-04-13,RUB_KGS,5,0.0050000000,True,1.0344800000,1.0474745455,1.0485000000,0,1,0.0000000000,-9.7897800945
2024-04-16,RUB_KGS,5,0.0050000000,True,1.0460000000,1.0513918182,1.0497000000,1,1,4.2851021283,11.8111836172
2024-04-17,RUB_KGS,5,0.0050000000,True,1.0485000000,1.0517281818,1.0497000000,0,0,57.3052332465,-38.2400914166
2024-04-18,RUB_KGS,5,0.0050000000,True,1.0485000000,1.0514800000,1.0488800000,0,0,102.6647542840,-78.7461482862
2024-04-19,RUB_KGS,5,0.0050000000,True,1.0485000000,1.0516154545,1.0488800000,0,0,78.1353463117,-52.5338937410
2024-04-20,RUB_KGS,5,0.0050000000,True,1.0411300000,1.0509454545,1.0411300000,0,0,81.6423740116,11.8508010103
2024-04-23,RUB_KGS,5,0.0050000000,True,1.0334700000,1.0466018182,1.0334700000,0,0,146.9186179544,-21.7674169737
2024-04-24,RUB_KGS,5,0.0050000000,True,1.0334700000,1.0442118182,1.0334700000,0,0,157.3348317603,-55.3353420980
2024-04-25,RUB_KGS,5,0.0050000000,True,1.0334700000,1.0420600000,1.0334700000,0,0,73.5739052760,8.9246300597
2024-04-26,RUB_KGS,5,0.0050000000,True,1.0334700000,1.0405845455,1.0334700000,1,1,34.4249016431,34.0630222698
2024-04-27,RUB_KGS,5,0.0050000000,True,1.0334700000,1.0391090909,1.0334700000,1,1,25.4799200857,28.8621371455
2024-04-28,RUB_KGS,5,0.0050000000,True,1.0334700000,1.0380472727,1.0334700000,1,1,0.0000000000,44.0950315803
2024-05-03,RUB_KGS,5,0.0050000000,True,1.0288800000,1.0332563636,1.0288800000,0,0,88.0522533285,-46.1031408205
2024-05-04,RUB_KGS,5,0.0050000000,True,1.0288800000,1.0337481818,1.0288800000,1,1,48.9390100006,-1.8555600406
2024-05-07,RUB_KGS,5,0.0050000000,True,1.0288800000,1.0352236364,1.0288800000,1,1,8.4486525856,52.8739508196
2024-05-08,RUB_KGS,5,0.0050000000,True,1.0288800000,1.0357154545,1.0388800000,1,1,0.0000000000,65.9974176832
2024-05-09,RUB_KGS,5,0.0050000000,True,1.0288800000,1.0356490909,1.0372900000,0,1,15.3049437856,-31.1969480712
2024-05-14,RUB_KGS,5,0.0050000000,True,1.0301600000,1.0356600000,1.0301600000,0,0,68.7368045580,-15.7387559624
2024-05-15,RUB_KGS,5,0.0050000000,True,1.0301600000,1.0349881818,1.0301600000,1,1,39.4492574257,7.2288923809
2024-05-16,RUB_KGS,5,0.0050000000,True,1.0278700000,1.0339872727,1.0278700000,0,0,51.4910132696,7.7106628708
2024-05-17,RUB_KGS,5,0.0050000000,True,1.0256200000,1.0327818182,1.0256200000,1,1,44.0708239497,25.3859831347
2024-05-18,RUB_KGS,5,0.0050000000,True,1.0246300000,1.0314863636,1.0246300000,0,0,66.5057344230,-0.0352536278
2024-05-21,RUB_KGS,5,0.0050000000,True,1.0198600000,1.0273881818,1.0198600000,0,0,77.9281426640,-4.6897384099
2024-05-22,RUB_KGS,5,0.0050000000,True,1.0198600000,1.0261763636,1.0198600000,0,0,56.1611513036,5.4217155655
2024-05-23,RUB_KGS,5,0.0050000000,True,1.0087700000,1.0242318182,1.0087700000,0,0,154.7875818588,-3.8876142209
2024-05-24,RUB_KGS,5,0.0050000000,True,1.0061100000,1.0219245455,1.0061100000,0,0,190.1307514552,-36.0638616799
2024-05-25,RUB_KGS,5,0.0050000000,True,1.0061100000,1.0206781818,1.0061100000,0,0,134.8224266076,8.0160606228
2024-05-28,RUB_KGS,5,0.0050000000,True,1.0061100000,1.0202818182,1.0061100000,1,1,26.3687460967,112.8297885611
2024-05-29,RUB_KGS,5,0.0050000000,True,1.0061100000,1.0206254545,1.0177800000,1,1,0.0000000000,142.2211691939
2024-05-30,RUB_KGS,5,0.0050000000,True,1.0061100000,1.0200336364,1.0191000000,0,1,0.0000000000,22.0937455717
2024-05-31,RUB_KGS,5,0.0050000000,True,1.0061100000,1.0194836364,1.0138100000,0,0,97.5776518851,-42.3387240600
2024-06-01,RUB_KGS,5,0.0050000000,True,1.0061100000,1.0191627273,1.0138100000,0,0,141.9667253333,-90.7340160684
2024-06-04,RUB_KGS,5,0.0050000000,True,1.0138100000,1.0205636364,1.0138100000,0,0,51.9085467569,14.3414512480
2024-06-05,RUB_KGS,5,0.0050000000,True,1.0138100000,1.0204672727,1.0163300000,1,1,0.0000000000,65.2374936972
2024-06-06,RUB_KGS,5,0.0050000000,True,1.0138100000,1.0203763636,1.0167100000,1,1,0.0000000000,39.6555994490
2024-06-07,RUB_KGS,5,0.0050000000,True,1.0138100000,1.0199163636,1.0167200000,1,1,0.0000000000,31.4375153756
2024-06-08,RUB_KGS,5,0.0050000000,True,1.0138100000,1.0194563636,1.0167200000,1,1,0.0000000000,26.8414003185
2024-06-11,RUB_KGS,5,0.0050000000,True,1.0125100000,1.0175154545,1.0125100000,0,0,100.6061791162,-51.9357758247
2024-06-12,RUB_KGS,5,0.0050000000,True,1.0125100000,1.0172790909,1.0125100000,0,0,105.9266135731,-59.6779108620
2024-06-14,RUB_KGS,5,0.0050000000,True,0.9935370000,1.0148833636,0.9935370000,0,0,187.3858035970,23.3855802687
2024-06-15,RUB_KGS,5,0.0050000000,True,0.9464860000,1.0084984545,0.9464860000,0,0,663.3324455230,-51.8746006101
2024-06-18,RUB_KGS,5,0.0050000000,True,0.9464860000,1.0037517273,0.9464860000,0,0,661.5821773191,-97.5168705699
2024-06-19,RUB_KGS,5,0.0050000000,True,0.9464860000,1.0028871818,0.9464860000,0,0,473.5706873524,93.2326386028
2024-06-20,RUB_KGS,5,0.0050000000,True,0.9464860000,1.0024626364,0.9829760000,1,1,0.0000000000,558.3912490413
2024-06-21,RUB_KGS,5,0.0050000000,True,0.9464860000,1.0019390000,1.0078400000,0,1,0.0000000000,189.2630190061
2024-06-22,RUB_KGS,5,0.0050000000,True,0.9464860000,1.0020944545,1.0078400000,0,0,59.1809358479,-117.2099636044
2024-06-25,RUB_KGS,5,0.0050000000,True,0.9464860000,0.9971733636,0.9828110000,0,0,248.3429909509,-106.9687253251
2024-06-26,RUB_KGS,5,0.0050000000,True,0.9828110000,1.0013048182,0.9828110000,0,0,249.6006825600,-66.5649630078
2024-06-27,RUB_KGS,5,0.0050000000,True,0.9828110000,1.0038497273,0.9828110000,0,0,321.3286851020,-115.4582445199
2024-06-28,RUB_KGS,5,0.0050000000,True,0.9828110000,1.0045579091,0.9919320000,1,1,0.0000000000,216.4823838836
2024-06-29,RUB_KGS,5,0.0050000000,True,0.9828110000,1.0052960909,0.9919320000,0,1,0.0000000000,132.9368633773
2024-07-02,RUB_KGS,5,0.0050000000,True,0.9828110000,1.0095488182,1.0216300000,0,1,0.0000000000,-14.0773956899
2024-07-03,RUB_KGS,5,0.0050000000,True,0.9828110000,1.0105106364,1.0219600000,0,1,0.0000000000,-110.0370766643
2024-07-04,RUB_KGS,5,0.0050000000,True,0.9919320000,1.0146196364,1.0243900000,0,1,0.0000000000,-72.3459646678
2024-07-05,RUB_KGS,5,0.0050000000,True,0.9919320000,1.0178594545,1.0260200000,0,1,0.0000000000,-64.1595991016
2024-07-06,RUB_KGS,5,0.0050000000,True,0.9919320000,1.0211092727,1.0260200000,0,1,0.0000000000,-48.0920838140
2024-07-09,RUB_KGS,5,0.0050000000,True,1.0219600000,1.0269400000,1.0275700000,0,1,4.2801140067,-10.4193039515
2024-07-10,RUB_KGS,5,0.0050000000,True,1.0243900000,1.0275472727,1.0276800000,1,1,0.0000000000,-0.2211798263
2024-07-11,RUB_KGS,5,0.0050000000,True,1.0260200000,1.0280027273,1.0286400000,1,1,0.0000000000,3.1393620286
2024-07-12,RUB_KGS,5,0.0050000000,True,1.0260200000,1.0288900000,1.0286400000,0,1,26.6630469560,-24.2980299157
2024-07-13,RUB_KGS,5,0.0050000000,True,1.0260200000,1.0298727273,1.0286400000,1,1,0.0000000000,11.9697049944
2024-07-16,RUB_KGS,5,0.0050000000,True,1.0276800000,1.0330054545,1.0357800000,1,1,0.0000000000,34.9025702584
2024-07-17,RUB_KGS,5,0.0050000000,True,1.0286400000,1.0341172727,1.0362400000,0,1,0.0000000000,-16.0787109603
2024-07-18,RUB_KGS,5,0.0050000000,True,1.0286400000,1.0346809091,1.0362400000,0,1,5.6904217663,-20.7705669469
2024-07-19,RUB_KGS,5,0.0050000000,True,1.0286400000,1.0352372727,1.0347600000,0,1,14.2824056203,-9.6859657119
2024-07-20,RUB_KGS,5,0.0050000000,True,1.0275800000,1.0351409091,1.0275800000,0,0,118.5679529959,-46.0719006196
2024-07-23,RUB_KGS,5,0.0050000000,True,1.0143700000,1.0312163636,1.0143700000,0,0,223.7878159967,-61.8069746407
2024-07-24,RUB_KGS,5,0.0050000000,True,1.0143700000,1.0295172727,1.0143700000,0,0,197.0505237930,-50.9241312566
2024-07-25,RUB_KGS,5,0.0050000000,True,1.0143700000,1.0289545455,1.0143700000,0,0,128.5544677787,13.3586605999
2024-07-26,RUB_KGS,5,0.0050000000,True,1.0143700000,1.0278145455,1.0181400000,1,1,0.0000000000,130.8071141239
2024-07-27,RUB_KGS,5,0.0050000000,True,1.0143700000,1.0264354545,1.0181400000,1,1,0.0000000000,80.8180827028
2024-07-30,RUB_KGS,5,0.0050000000,True,1.0143700000,1.0217454545,1.0199000000,0,0,98.5389058784,-81.2780269058
2024-07-31,RUB_KGS,5,0.0050000000,True,1.0143700000,1.0210472727,1.0199000000,0,0,72.7099292368,-61.9239426186
2024-08-01,RUB_KGS,5,0.0050000000,True,1.0052600000,1.0202190909,1.0052600000,0,0,190.0970002147,-44.3131199092
2024-08-02,RUB_KGS,5,0.0050000000,True,1.0052600000,1.0191927273,1.0052600000,0,0,152.9087934801,-16.4568749599
2024-08-03,RUB_KGS,5,0.0050000000,True,1.0052600000,1.0188490909,1.0052600000,0,0,143.5434846554,-10.3146687796
2024-08-06,RUB_KGS,5,0.0050000000,True,1.0052600000,1.0190018182,1.0068500000,1,1,0.0000000000,134.8556787302
2024-08-07,RUB_KGS,5,0.0050000000,True,1.0052600000,1.0195118182,1.0143600000,1,1,0.0000000000,124.1949132517
2024-08-08,RUB_KGS,5,0.0050000000,True,1.0052600000,1.0224554545,1.0165400000,0,1,0.0000000000,79.1765989361
2024-08-09,RUB_KGS,5,0.0050000000,True,1.0052600000,1.0280600000,1.0303500000,0,1,0.0000000000,112.0557165924
2024-08-10,RUB_KGS,5,0.0050000000,True,1.0052600000,1.0308181818,1.0303500000,0,1,0.0000000000,4.5418467237
2024-08-13,RUB_KGS,5,0.0050000000,True,1.0143600000,1.0379945455,1.0361300000,0,0,162.5445051033,-146.9704692790
2024-08-14,RUB_KGS,5,0.0050000000,True,1.0165400000,1.0400900000,1.0361300000,0,0,419.9528454533,-398.6193502485
2024-08-15,RUB_KGS,5,0.0050000000,True,1.0303500000,1.0426627273,1.0361300000,0,0,134.3502437538,-72.6723275809
2024-08-16,RUB_KGS,5,0.0050000000,True,1.0303500000,1.0452327273,1.0374100000,0,1,0.0000000000,87.0880430283
2024-08-17,RUB_KGS,5,0.0050000000,True,1.0303500000,1.0489272727,1.0374100000,0,1,0.0000000000,109.8004888111
2024-08-20,RUB_KGS,5,0.0050000000,True,1.0361300000,1.0534118182,1.0586200000,0,1,0.0000000000,81.3719576131
2024-08-21,RUB_KGS,5,0.0050000000,True,1.0361300000,1.0555145455,1.0677400000,0,1,0.0000000000,-29.4212387582
2024-08-22,RUB_KGS,5,0.0050000000,True,1.0374100000,1.0592336364,1.0677400000,0,1,30.3457548623,-110.9893344845
2024-08-23,RUB_KGS,5,0.0050000000,True,1.0374100000,1.0626072727,1.0733700000,0,1,0.0000000000,-48.3031445809
2024-08-24,RUB_KGS,5,0.0050000000,True,1.0374100000,1.0659845455,1.0733700000,0,1,0.0000000000,-69.2829420178
2024-08-27,RUB_KGS,5,0.0050000000,True,1.0677400000,1.0734454545,1.0738600000,0,1,29.5253658174,-33.4860559456
2024-08-28,RUB_KGS,5,0.0050000000,True,1.0677400000,1.0737063636,1.0738600000,0,1,6.1422774820,-7.5778293879
2024-08-29,RUB_KGS,5,0.0050000000,True,1.0622100000,1.0732036364,1.0622100000,0,0,114.9307623585,-12.6384554655
2024-08-30,RUB_KGS,5,0.0050000000,True,1.0473300000,1.0708363636,1.0473300000,0,0,259.3887762504,-40.9365661505
2024-08-31,RUB_KGS,5,0.0050000000,True,1.0473300000,1.0690790909,1.0473300000,0,0,247.0526884324,-44.7198821075
2024-09-03,RUB_KGS,5,0.0050000000,True,1.0473300000,1.0666809091,1.0473300000,0,0,140.0852938684,41.9142130773
2024-09-04,RUB_KGS,5,0.0050000000,True,1.0473300000,1.0659736364,1.0540400000,1,1,0.0000000000,174.8977247433
2024-09-05,RUB_KGS,5,0.0050000000,True,1.0473300000,1.0658136364,1.0649900000,0,1,0.0000000000,110.4661824726
2024-09-06,RUB_KGS,5,0.0050000000,True,1.0473300000,1.0665627273,1.0667800000,0,1,0.0000000000,14.7457550551
2024-09-07,RUB_KGS,5,0.0050000000,True,1.0473300000,1.0674763636,1.0667800000,0,1,0.0000000000,6.5234571939
2024-09-10,RUB_KGS,5,0.0050000000,True,1.0540400000,1.0718063636,1.0755100000,0,1,0.0000000000,-15.4284992116
2024-09-11,RUB_KGS,5,0.0050000000,True,1.0649900000,1.0737581818,1.0755100000,0,0,60.9001016542,-77.6880523294
2024-09-12,RUB_KGS,5,0.0050000000,True,1.0667800000,1.0748009091,1.0755100000,0,0,77.4972091779,-84.7514254226
2024-09-13,RUB_KGS,5,0.0050000000,True,1.0667800000,1.0761200000,1.0755100000,0,1,41.6662808678,-36.1483849385
2024-09-14,RUB_KGS,5,0.0050000000,True,1.0667800000,1.0779254545,1.0755100000,0,1,0.0000000000,22.4083635401
2024-09-17,RUB_KGS,5,0.0050000000,True,1.0755100000,1.0848118182,1.0812900000,1,1,0.0000000000,76.9886356494
2024-09-18,RUB_KGS,5,0.0050000000,True,1.0755100000,1.0861909091,1.0866400000,0,1,0.0000000000,45.1201446255
2024-09-19,RUB_KGS,5,0.0050000000,True,1.0755100000,1.0882727273,1.0990800000,0,1,0.0000000000,15.0029237324
2024-09-20,RUB_KGS,5,0.0050000000,True,1.0755100000,1.0907345455,1.0990800000,0,1,7.7277644941,-84.3051554915
2024-09-21,RUB_KGS,5,0.0050000000,True,1.0755100000,1.0927100000,1.0972400000,0,1,16.7412745205,-58.2954306266
2024-09-24,RUB_KGS,5,0.0050000000,True,1.0866400000,1.0987481818,1.0972400000,0,0,51.4094531739,-37.8778163249
2024-09-25,RUB_KGS,5,0.0050000000,True,1.0972400000,1.1000627273,1.0972400000,1,1,48.5221161084,-22.9738965299
2024-09-26,RUB_KGS,5,0.0050000000,True,1.0972400000,1.1007145455,1.0974800000,1,1,0.0000000000,31.5662718267
2024-09-27,RUB_KGS,5,0.0050000000,True,1.0972400000,1.1015454545,1.1011000000,1,1,0.0000000000,36.9068251217
2024-09-28,RUB_KGS,5,0.0050000000,True,1.0972400000,1.1034227273,1.1011000000,1,1,0.0000000000,21.0502032931
2024-10-01,RUB_KGS,5,0.0050000000,True,1.0972400000,1.1089372727,1.1082200000,0,1,0.0000000000,16.5678688277
2024-10-02,RUB_KGS,5,0.0050000000,True,1.0974800000,1.1110127273,1.1197300000,0,1,0.0000000000,25.1367712014
2024-10-03,RUB_KGS,5,0.0050000000,True,1.1011000000,1.1143490909,1.1200700000,0,1,0.0000000000,-48.2874633704
2024-10-04,RUB_KGS,5,0.0050000000,True,1.1011000000,1.1169645455,1.1200700000,0,1,44.7071371434,-72.8353874665
2024-10-05,RUB_KGS,5,0.0050000000,True,1.1011000000,1.1203090909,1.1200700000,0,1,0.0000000000,2.1341512894
2024-10-08,RUB_KGS,5,0.0050000000,True,1.1197300000,1.1268645455,1.1236100000,0,0,93.1950836728,-64.9186681306
2024-10-09,RUB_KGS,5,0.0050000000,True,1.1200700000,1.1272172727,1.1236100000,0,0,55.4046040695,-23.5334157567
2024-10-10,RUB_KGS,5,0.0050000000,True,1.1200700000,1.1271172727,1.1236100000,0,0,125.4954345323,-95.5776966017
2024-10-11,RUB_KGS,5,0.0050000000,True,1.1200700000,1.1284418182,1.1236100000,0,0,155.0849462460,-114.0349605168
2024-10-12,RUB_KGS,5,0.0050000000,True,1.1200700000,1.1300272727,1.1236100000,1,1,0.0000000000,56.7886535321
2024-10-15,RUB_KGS,5,0.0050000000,True,1.1236100000,1.1307100000,1.1276900000,1,1,0.0000000000,59.3432445101
2024-10-16,RUB_KGS,5,0.0050000000,True,1.1236100000,1.1297827273,1.1276900000,0,0,61.2529084115,-42.9929809513
2024-10-17,RUB_KGS,5,0.0050000000,True,1.1236100000,1.1281990909,1.1238900000,0,0,119.7352111190,-82.5289540289
2024-10-18,RUB_KGS,5,0.0050000000,True,1.1236100000,1.1287554545,1.1238900000,0,0,108.7788778878,-66.3965381019
2024-10-19,RUB_KGS,5,0.0050000000,True,1.1236100000,1.1293609091,1.1238900000,1,1,33.6972040188,14.7951737789
2024-10-22,RUB_KGS,5,0.0050000000,True,1.1238900000,1.1292281818,1.1266400000,1,1,0.0000000000,47.2728355892
2024-10-23,RUB_KGS,5,0.0050000000,True,1.1238900000,1.1282400000,1.1266400000,0,1,27.3516680977,-13.2064099837
2024-10-24,RUB_KGS,5,0.0050000000,True,1.1238900000,1.1279645455,1.1266400000,0,1,32.1162200182,-20.4390692486
2024-10-25,RUB_KGS,5,0.0050000000,True,1.1238900000,1.1285690909,1.1266400000,1,1,7.7161178171,9.3843692657
2024-10-26,RUB_KGS,5,0.0050000000,True,1.1238900000,1.1288836364,1.1266400000,1,1,0.0000000000,19.8748240418
2024-10-29,RUB_KGS,5,0.0050000000,True,1.1266400000,1.1308936364,1.1308000000,0,1,21.3550766841,-20.5710206651
2024-10-30,RUB_KGS,5,0.0050000000,True,1.1266400000,1.1315009091,1.1308000000,0,1,31.2075744486,-25.0913709948
2024-10-31,RUB_KGS,5,0.0050000000,True,1.1266400000,1.1323590909,1.1308000000,1,1,3.0941961720,10.6776279609
2024-11-01,RUB_KGS,5,0.0050000000,True,1.1266400000,1.1333836364,1.1356700000,1,1,0.0000000000,22.7957796526
2024-11-02,RUB_KGS,5,0.0050000000,True,1.1266400000,1.1345509091,1.1369500000,0,1,0.0000000000,-9.8637346295
2024-11-03,RUB_KGS,5,0.0050000000,True,1.1308000000,1.1355590909,1.1369500000,0,1,0.0000000000,-12.2486720598
2024-11-06,RUB_KGS,5,0.0050000000,True,1.1308000000,1.1361200000,1.1349600000,0,1,25.9247216388,-15.7553779530
2024-11-07,RUB_KGS,5,0.0050000000,True,1.1349600000,1.1366263636,1.1349600000,1,1,39.6672166251,-25.1061954476
2024-11-08,RUB_KGS,5,0.0050000000,True,1.1349600000,1.1366909091,1.1349600000,1,1,24.3467254973,-9.1413672862
2024-11-09,RUB_KGS,5,0.0050000000,True,1.1349600000,1.1370709091,1.1349600000,1,1,0.0000000000,18.5644454891
2024-11-12,RUB_KGS,5,0.0050000000,True,1.1349600000,1.1413090909,1.1363800000,1,1,0.0000000000,43.2756643089
2024-11-13,RUB_KGS,5,0.0050000000,True,1.1349600000,1.1428145455,1.1411300000,1,1,0.0000000000,56.3043713448
2024-11-14,RUB_KGS,5,0.0050000000,True,1.1349600000,1.1444218182,1.1463500000,0,1,0.0000000000,28.7640285210
2024-11-15,RUB_KGS,5,0.0050000000,True,1.1349600000,1.1463772727,1.1554100000,0,1,0.0000000000,0.2379035935
2024-11-16,RUB_KGS,5,0.0050000000,True,1.1349600000,1.1485263636,1.1554100000,0,1,5.4496384208,-65.4197988094
2024-11-19,RUB_KGS,5,0.0050000000,True,1.1411300000,1.1601554545,1.1564700000,0,1,0.0000000000,40.9036093125
2024-11-20,RUB_KGS,5,0.0050000000,True,1.1463500000,1.1642209091,1.1586000000,0,1,0.0000000000,66.5759309972
2024-11-21,RUB_KGS,5,0.0050000000,True,1.1554100000,1.1687245455,1.1639300000,1,1,0.0000000000,86.6290136022
2024-11-22,RUB_KGS,5,0.0050000000,True,1.1554100000,1.1736636364,1.1858500000,0,1,0.0000000000,82.9337815543
2024-11-23,RUB_KGS,5,0.0050000000,True,1.1554100000,1.1816927273,1.1858500000,0,1,0.0000000000,-35.1806576390
2024-11-26,RUB_KGS,5,0.0050000000,True,1.1586000000,1.2068745455,1.2103700000,0,1,0.0000000000,91.0164647677
2024-11-27,RUB_KGS,5,0.0050000000,True,1.1639300000,1.2143881818,1.2412500000,0,1,0.0000000000,33.0881169493
2024-11-28,RUB_KGS,5,0.0050000000,True,1.1858500000,1.2208263636,1.2347500000,0,0,77.2284547880,-192.7680877855
2024-11-29,RUB_KGS,5,0.0050000000,True,1.1858500000,1.2242363636,1.2233600000,0,0,309.4057445224,-311.8975836514
2024-11-30,RUB_KGS,5,0.0050000000,True,1.1858500000,1.2256027273,1.2008800000,0,0,325.2366565962,-127.6700220967
2024-12-03,RUB_KGS,5,0.0050000000,True,1.1454100000,1.2155818182,1.1454100000,0,0,723.5472767767,-157.6873027506
2024-12-04,RUB_KGS,5,0.0050000000,True,1.1454100000,1.2065863636,1.1454100000,0,0,637.1795710175,-139.0172876899
2024-12-05,RUB_KGS,5,0.0050000000,True,1.1448800000,1.1959009091,1.1448800000,0,0,466.3246952235,-41.6346444027
2024-12-06,RUB_KGS,5,0.0050000000,True,1.1448800000,1.1878281818,1.1448800000,0,0,387.7218611993,-27.2077917605
2024-12-07,RUB_KGS,5,0.0050000000,True,1.1448800000,1.1831463636,1.1448800000,1,1,4.6271640723,318.9492424283
2024-12-10,RUB_KGS,5,0.0050000000,True,1.1448800000,1.1719718182,1.1524500000,1,1,0.0000000000,231.1644167677
2024-12-11,RUB_KGS,5,0.0050000000,True,1.1448800000,1.1709309091,1.1894300000,0,1,0.0000000000,157.8309099830
2024-12-12,RUB_KGS,5,0.0050000000,True,1.1448800000,1.1701918182,1.1829300000,0,0,57.3229670099,-167.1365456013
2024-12-13,RUB_KGS,5,0.0050000000,True,1.1448800000,1.1736890909,1.1829300000,0,0,122.3300322317,-203.5539844066
2024-12-14,RUB_KGS,5,0.0050000000,True,1.1448800000,1.1769554545,1.1813400000,0,0,68.0157722607,-105.9899540494
2024-12-17,RUB_KGS,5,0.0050000000,True,1.1763700000,1.1859318182,1.1763700000,0,0,55.4555214594,25.3118951342
2024-12-18,RUB_KGS,5,0.0050000000,True,1.1763700000,1.1847154545,1.1763700000,0,0,63.4354833260,7.0519426606
2024-12-19,RUB_KGS,5,0.0050000000,True,1.1679800000,1.1820245455,1.1679800000,0,0,113.0919125739,5.7912964429
2024-12-20,RUB_KGS,5,0.0050000000,True,1.1479600000,1.1782545455,1.1479600000,0,0,343.0523074852,-88.9914202827
2024-12-21,RUB_KGS,5,0.0050000000,True,1.1449700000,1.1742127273,1.1449700000,0,0,266.9228219013,-18.3720775390
2024-12-24,RUB_KGS,5,0.0050000000,True,1.1405700000,1.1659009091,1.1405700000,0,0,234.6786760047,-17.8324838147
2024-12-25,RUB_KGS,5,0.0050000000,True,1.1405700000,1.1647554545,1.1405700000,0,0,64.3750653333,144.1972602911
2024-12-26,RUB_KGS,5,0.0050000000,True,1.1405700000,1.1629372727,1.1405700000,1,1,38.4289544704,154.4990701445
2024-12-27,RUB_KGS,5,0.0050000000,True,1.1405700000,1.1622436364,1.1555000000,1,1,0.0000000000,186.4810069552
2024-12-28,RUB_KGS,5,0.0050000000,True,1.1405700000,1.1615500000,1.1687400000,0,1,0.0000000000,52.0855753089
2024-12-29,RUB_KGS,5,0.0050000000,True,1.1405700000,1.1608563636,1.1687400000,0,1,0.0000000000,-67.9122466016
2025-01-10,RUB_KGS,5,0.0050000000,True,1.1687400000,1.1719309091,1.1714300000,0,1,36.8272436552,-32.6733502751
2025-01-11,RUB_KGS,5,0.0050000000,True,1.1687400000,1.1725572727,1.1714300000,1,1,0.0000000000,9.6137967287
2025-01-14,RUB_KGS,5,0.0050000000,True,1.1687400000,1.1731654545,1.1706900000,0,1,33.8818561809,-12.8246655126
2025-01-15,RUB_KGS,5,0.0050000000,True,1.1706900000,1.1733809091,1.1706900000,0,0,102.5515293959,-80.4435357347
2025-01-16,RUB_KGS,5,0.0050000000,True,1.1659300000,1.1724872727,1.1659300000,0,0,82.5089526467,-26.8039350689
2025-01-17,RUB_KGS,5,0.0050000000,True,1.1426900000,1.1698745455,1.1426900000,0,0,239.1751872827,-6.9704443833
2025-01-18,RUB_KGS,5,0.0050000000,True,1.1238500000,1.1655490909,1.1238500000,0,0,403.5487699704,-47.7106381386
2025-01-21,RUB_KGS,5,0.0050000000,True,1.1236500000,1.1520581818,1.1236500000,0,0,362.6289742952,-120.4090071209
2025-01-22,RUB_KGS,5,0.0050000000,True,1.1236500000,1.1473327273,1.1236500000,0,0,166.6243688139,40.4653956291
2025-01-23,RUB_KGS,5,0.0050000000,True,1.1107100000,1.1418800000,1.1107100000,0,0,116.9195177292,157.8975023645
2025-01-24,RUB_KGS,5,0.0050000000,True,1.1107100000,1.1372563636,1.1107100000,0,0,198.6375108099,35.4921173926
2025-01-25,RUB_KGS,5,0.0050000000,True,1.1107100000,1.1326809091,1.1107100000,0,0,115.1604147199,79.7303902487
2025-01-28,RUB_KGS,5,0.0050000000,True,1.1107100000,1.1215845455,1.1184800000,1,1,0.0000000000,96.9569837478
2025-01-29,RUB_KGS,5,0.0050000000,True,1.1107100000,1.1210963636,1.1184800000,0,1,15.8000446329,7.5494280761
2025-01-30,RUB_KGS,5,0.0050000000,True,1.1107100000,1.1219727273,1.1184800000,0,1,20.5214225807,10.6306262508
2025-01-31,RUB_KGS,5,0.0050000000,True,1.1107100000,1.1222536364,1.1184800000,0,1,19.8981003114,13.7547904825
2025-02-01,RUB_KGS,5,0.0050000000,True,1.1107100000,1.1220381818,1.1184800000,0,1,0.0000000000,31.7117712734
2025-02-04,RUB_KGS,5,0.0050000000,True,1.1081800000,1.1200645455,1.1081800000,0,0,303.4492413769,-203.5191153757
2025-02-05,RUB_KGS,5,0.0050000000,True,1.1081800000,1.1192990909,1.1081800000,0,0,164.7230061949,-66.4782912033
2025-02-06,RUB_KGS,5,0.0050000000,True,1.1067100000,1.1180263636,1.1067100000,0,0,129.9407819635,-29.1016068088
2025-02-07,RUB_KGS,5,0.0050000000,True,1.0955100000,1.1159381818,1.0955100000,0,0,114.3316067787,69.5216092126
2025-02-08,RUB_KGS,5,0.0050000000,True,1.0754500000,1.1120263636,1.0754500000,0,0,331.8170376497,-3.0002558801
2025-02-11,RUB_KGS,5,0.0050000000,True,1.0327000000,1.0864145455,1.0327000000,0,0,668.7388746826,-186.8113293436
2025-02-12,RUB_KGS,5,0.0050000000,True,1.0327000000,1.0783618182,1.0327000000,0,0,573.3402707415,-159.0206693992
2025-02-13,RUB_KGS,5,0.0050000000,True,1.0327000000,1.0726700000,1.0327000000,0,0,397.5080198986,-25.9166379222
2025-02-14,RUB_KGS,5,0.0050000000,True,1.0327000000,1.0664990909,1.0327000000,0,0,79.2545271147,239.5603627502
2025-02-15,RUB_KGS,5,0.0050000000,True,1.0327000000,1.0593790909,1.0327000000,1,1,0.0000000000,251.8370537802
2025-02-18,RUB_KGS,5,0.0050000000,True,1.0082100000,1.0333754545,1.0082100000,0,0,357.3170615071,-118.0069199525
2025-02-19,RUB_KGS,5,0.0050000000,True,1.0082100000,1.0272627273,1.0082100000,0,0,347.2541360294,-167.6034014490
2025-02-20,RUB_KGS,5,0.0050000000,True,1.0082100000,1.0243263636,1.0082100000,0,0,249.7969130788,-94.8295065759
2025-02-21,RUB_KGS,5,0.0050000000,True,0.9906500000,1.0205036364,0.9906500000,0,0,212.1289965617,82.1519499285
2025-02-22,RUB_KGS,5,0.0050000000,True,0.9825900000,1.0159481818,0.9825900000,0,0,254.1137263070,76.1670915571
2025-02-25,RUB_KGS,5,0.0050000000,True,0.9825900000,1.0067254545,0.9825900000,0,0,258.3651415258,-19.1168848056
2025-02-26,RUB_KGS,5,0.0050000000,True,0.9825900000,1.0044709091,0.9825900000,0,0,81.3607227578,137.5939209969
2025-02-27,RUB_KGS,5,0.0050000000,True,0.9825900000,1.0052400000,1.0028200000,1,1,0.0000000000,225.3193267279
2025-02-28,RUB_KGS,5,0.0050000000,True,0.9825900000,1.0063627273,1.0092400000,0,1,0.0000000000,35.2032838331
2025-03-01,RUB_KGS,5,0.0050000000,True,0.9825900000,1.0080463636,1.0092400000,0,1,0.0000000000,-11.8410859529
2025-03-04,RUB_KGS,5,0.0050000000,True,0.9825900000,1.0130836364,1.0192800000,0,1,12.7378549452,-73.9955060697
2025-03-05,RUB_KGS,5,0.0050000000,True,1.0028200000,1.0164190909,1.0192800000,0,1,12.5421337305,-40.7401742839
2025-03-06,RUB_KGS,5,0.0050000000,True,1.0092400000,1.0171372727,1.0107200000,0,0,155.9319392635,-94.3110387353
2025-03-07,RUB_KGS,5,0.0050000000,True,0.9899100000,1.0153800000,0.9899100000,0,0,336.3075481276,-88.4397959385
2025-03-08,RUB_KGS,5,0.0050000000,True,0.9899100000,1.0136772727,0.9899100000,0,0,288.1445726395,-55.2713119201
2025-03-11,RUB_KGS,5,0.0050000000,True,0.9785000000,1.0043245455,0.9785000000,0,0,318.7826499921,-63.6791620239
2025-03-12,RUB_KGS,5,0.0050000000,True,0.9785000000,0.9999400000,0.9785000000,0,0,115.2630037074,100.3060183611
2025-03-13,RUB_KGS,5,0.0050000000,True,0.9646400000,0.9945109091,0.9646400000,0,0,261.1785847695,40.2299165785
2025-03-14,RUB_KGS,5,0.0050000000,True,0.9366400000,0.9869981818,0.9366400000,0,0,543.7657748612,-35.4794795606
2025-03-15,RUB_KGS,5,0.0050000000,True,0.9366400000,0.9823136364,0.9366400000,0,0,427.7976494635,38.8230013558
2025-03-18,RUB_KGS,5,0.0050000000,True,0.9366400000,0.9762281818,0.9366400000,0,0,290.2637253276,118.7036190309
2025-03-19,RUB_KGS,5,0.0050000000,True,0.9366400000,0.9757518182,0.9677500000,1,1,0.0000000000,400.8377689185
2025-03-20,RUB_KGS,5,0.0050000000,True,0.9366400000,0.9736618182,0.9675100000,0,1,2.4799793335,60.7173668662
2025-03-21,RUB_KGS,5,0.0050000000,True,0.9366400000,0.9732263636,0.9675100000,0,0,151.8683264965,-94.5683009372
2025-03-22,RUB_KGS,5,0.0050000000,True,0.9366400000,0.9728149091,0.9675100000,0,0,180.2551584845,-128.0314558576
2025-03-25,RUB_KGS,5,0.0050000000,True,0.9675100000,0.9752217273,0.9685340000,1,1,0.0000000000,79.0766556678
2025-03-26,RUB_KGS,5,0.0050000000,True,0.9675100000,0.9752930000,0.9685340000,0,0,53.1575109632,16.2310198064
2025-03-27,RUB_KGS,5,0.0050000000,True,0.9675100000,0.9758300909,0.9685340000,0,0,55.8536470173,19.0206361372
2025-03-28,RUB_KGS,5,0.0050000000,True,0.9675100000,0.9752888182,0.9685340000,1,1,6.7376058490,62.5642175740
2025-03-29,RUB_KGS,5,0.0050000000,True,0.9675100000,0.9743038182,0.9685340000,1,1,0.0000000000,59.2199073240
2025-04-01,RUB_KGS,5,0.0050000000,True,0.9685340000,0.9733246364,0.9712870000,0,0,172.5219509925,-154.2482649207
2025-04-02,RUB_KGS,5,0.0050000000,True,0.9685340000,0.9730803636,0.9712870000,0,0,81.9857941665,-64.0814119436
2025-04-03,RUB_KGS,5,0.0050000000,True,0.9685340000,0.9752077273,0.9712870000,0,1,32.3059003422,7.9237197483
2025-04-04,RUB_KGS,5,0.0050000000,True,0.9685340000,0.9764048182,0.9712870000,1,1,19.0927354094,33.3859288803
2025-04-05,RUB_KGS,5,0.0050000000,True,0.9685340000,0.9779142727,0.9712870000,1,1,0.0000000000,67.7694651985
2025-04-08,RUB_KGS,5,0.0050000000,True,0.9605950000,0.9740204545,0.9605950000,0,0,322.3190286403,-190.6278802247
2025-04-09,RUB_KGS,5,0.0050000000,True,0.9605950000,0.9727622727,0.9605950000,0,0,215.0041458610,-91.9004316200
2025-04-10,RUB_KGS,5,0.0050000000,True,0.9464510000,0.9703355455,0.9464510000,0,0,392.7064025548,-152.5498536542
2025-04-11,RUB_KGS,5,0.0050000000,True,0.9411210000,0.9675931818,0.9411210000,0,0,319.3384668873,-47.2597189371
2025-04-12,RUB_KGS,5,0.0050000000,True,0.9411210000,0.9651821818,0.9411210000,0,0,202.7285172211,47.5265903639
2025-04-15,RUB_KGS,5,0.0050000000,True,0.9315400000,0.9522492727,0.9315400000,0,0,157.5464551255,60.8902825482
2025-04-16,RUB_KGS,5,0.0050000000,True,0.9315400000,0.9473767273,0.9315400000,0,0,101.8041250806,66.0320978196
2025-04-17,RUB_KGS,5,0.0050000000,True,0.9296850000,0.9435148182,0.9296850000,0,0,159.6268282305,-13.2608602861
2025-04-18,RUB_KGS,5,0.0050000000,True,0.9296850000,0.9414327273,0.9296850000,0,0,112.2059910554,12.7223883134
2025-04-19,RUB_KGS,5,0.0050000000,True,0.9296850000,0.9401778182,0.9296850000,1,1,19.9132619104,91.8743030815
2025-04-22,RUB_KGS,5,0.0050000000,True,0.9296850000,0.9393663636,0.9376920000,1,1,0.0000000000,103.0627028084
2025-04-23,RUB_KGS,5,0.0050000000,True,0.9296850000,0.9394029091,0.9451680000,0,1,0.0000000000,18.2127293236
2025-04-24,RUB_KGS,5,0.0050000000,True,0.9296850000,0.9397388182,0.9439300000,0,1,30.2178622315,-75.0440620493
2025-04-25,RUB_KGS,5,0.0050000000,True,0.9296850000,0.9398411818,0.9326660000,0,0,171.1340966693,-96.4398917303
2025-04-26,RUB_KGS,5,0.0050000000,True,0.9296850000,0.9398725455,0.9318850000,0,0,140.5358624075,-56.3422622681
2025-04-29,RUB_KGS,5,0.0050000000,True,0.9318850000,0.9395760000,0.9318850000,0,0,127.6048012035,-46.3400512572
2025-04-30,RUB_KGS,5,0.0050000000,True,0.9318850000,0.9382209091,0.9318850000,1,1,8.3738444416,59.2068353741
2025-05-01,RUB_KGS,5,0.0050000000,True,0.9318850000,0.9371106364,0.9318850000,1,1,0.0000000000,55.7632808855
2025-05-06,RUB_KGS,5,0.0050000000,True,0.9246560000,0.9291433636,0.9246560000,0,0,128.4947453378,-81.2429670067
2025-05-07,RUB_KGS,5,0.0050000000,True,0.9246560000,0.9284861818,0.9246560000,1,1,12.7452378175,28.5430399512
2025-05-08,RUB_KGS,5,0.0050000000,True,0.9246560000,0.9278571818,0.9246560000,1,1,0.0000000000,34.5008033662
2025-05-13,RUB_KGS,5,0.0050000000,True,0.9173660000,0.9229367273,0.9173660000,0,0,82.1651822878,-21.9871272570
2025-05-14,RUB_KGS,5,0.0050000000,True,0.9173660000,0.9228408182,0.9173660000,1,1,40.5168613980,18.8853608063
2025-05-15,RUB_KGS,5,0.0050000000,True,0.9173660000,0.9223756364,0.9183920000,1,1,0.0000000000,54.3123231592
2025-05-16,RUB_KGS,5,0.0050000000,True,0.9173660000,0.9218000909,0.9183250000,1,1,0.7295359716,36.9721259816
2025-05-17,RUB_KGS,5,0.0050000000,True,0.9119840000,0.9206480909,0.9119840000,0,0,125.7794220665,-32.0742433517
2025-05-20,RUB_KGS,5,0.0050000000,True,0.9115010000,0.9173815455,0.9115010000,0,0,87.4133669154,-23.5175272071
2025-05-21,RUB_KGS,5,0.0050000000,True,0.9115010000,0.9168483636,0.9115010000,0,0,74.3092042578,-16.1055679674
2025-05-22,RUB_KGS,5,0.0050000000,True,0.9109070000,0.9161679091,0.9109070000,1,1,11.8094177091,45.6674922729
2025-05-23,RUB_KGS,5,0.0050000000,True,0.9104360000,0.9149710909,0.9104360000,1,1,14.8061058187,34.8108365470
2025-05-24,RUB_KGS,5,0.0050000000,True,0.9102770000,0.9137598182,0.9102770000,1,1,13.4283999688,24.7200428042
2025-05-27,RUB_KGS,5,0.0050000000,True,0.8976210000,0.9077730909,0.8976210000,0,0,145.8546262132,-34.5230446055
2025-05-28,RUB_KGS,5,0.0050000000,True,0.8976210000,0.9065922727,0.8976210000,0,0,140.7567363329,-42.3975296101
2025-05-29,RUB_KGS,5,0.0050000000,True,0.8976210000,0.9059610909,0.8976210000,0,0,139.0346015554,-47.6390115891
2025-05-30,RUB_KGS,5,0.0050000000,True,0.8976210000,0.9050713636,0.8989950000,1,1,0.0000000000,82.3179688995
2025-05-31,RUB_KGS,5,0.0050000000,True,0.8976210000,0.9038152727,0.8976840000,1,1,14.5829509619,53.3324991591
2025-06-03,RUB_KGS,5,0.0050000000,True,0.8976210000,0.9022358182,0.8976840000,0,0,79.1186979399,-28.8968999639
2025-06-04,RUB_KGS,5,0.0050000000,True,0.8976210000,0.9017852727,0.8976840000,1,1,44.6926630839,0.7903514221
2025-06-05,RUB_KGS,5,0.0050000000,True,0.8976840000,0.9024686364,0.9048280000,1,1,0.0000000000,53.0172038212
2025-06-06,RUB_KGS,5,0.0050000000,True,0.8976840000,0.9024511818,0.8988030000,0,0,66.5872408900,-26.3373601775
2025-06-07,RUB_KGS,5,0.0050000000,True,0.8976840000,0.9028520909,0.8988030000,0,0,71.9965625452,-27.3456650959
2025-06-10,RUB_KGS,5,0.0050000000,True,0.8976840000,0.9032760000,0.8988030000,0,0,69.9893275942,-20.6138544587
2025-06-11,RUB_KGS,5,0.0050000000,True,0.8988030000,0.9037960909,0.9034050000,1,1,0.0000000000,55.2457679261
2025-06-12,RUB_KGS,5,0.0050000000,True,0.8977320000,0.9031510000,0.8977320000,0,0,62.7957560563,-2.8123757821
2025-06-17,RUB_KGS,5,0.0050000000,True,0.8974720000,0.9007105455,0.8974720000,1,1,2.8961872808,33.0688418114
2025-06-18,RUB_KGS,5,0.0050000000,True,0.8974720000,0.9001895455,0.8974720000,1,1,29.1635234869,1.0280663113
2025-06-19,RUB_KGS,5,0.0050000000,True,0.8956540000,0.8994849091,0.8956540000,0,1,49.8588000560,-7.3051910316
2025-06-20,RUB_KGS,5,0.0050000000,True,0.8956540000,0.8990182727,0.8956540000,1,1,20.2568993796,17.1995695102
2025-06-21,RUB_KGS,5,0.0050000000,True,0.8956540000,0.8983827273,0.8956540000,1,1,22.5026011670,7.8889236315
2025-06-24,RUB_KGS,5,0.0050000000,True,0.8956540000,0.8975189091,0.8959900000,1,1,0.0000000000,20.7784936007
2025-06-25,RUB_KGS,5,0.0050000000,True,0.8956540000,0.8973124545,0.8959900000,1,1,25.4043318728,-10.6935488267
2025-06-26,RUB_KGS,5,0.0050000000,True,0.8956540000,0.8973780909,0.8959900000,1,1,4.7299573635,10.7434192885
2025-06-27,RUB_KGS,5,0.0050000000,True,0.8956540000,0.8972912727,0.8967190000,1,1,0.0000000000,14.5022331859
2025-06-28,RUB_KGS,5,0.0050000000,True,0.8956540000,0.8974497273,0.8967190000,1,1,12.8303509079,-4.6941094801
2025-07-01,RUB_KGS,5,0.0050000000,True,0.8959900000,0.8985656364,0.8967190000,1,1,16.4218420519,4.1358844429
2025-07-02,RUB_KGS,5,0.0050000000,True,0.8959900000,0.8990271818,0.8994170000,1,1,0.0000000000,25.6742161401
2025-07-03,RUB_KGS,5,0.0050000000,True,0.8967190000,0.8994057273,0.9001540000,1,1,0.0000000000,-0.1253352845
2025-07-04,RUB_KGS,5,0.0050000000,True,0.8938620000,0.8990412727,0.8938620000,0,0,78.0447844528,-20.5966881488
2025-07-05,RUB_KGS,5,0.0050000000,True,0.8938620000,0.8986814545,0.8938620000,0,0,84.6264688167,-31.2629735524
2025-07-08,RUB_KGS,5,0.0050000000,True,0.8906290000,0.8967998182,0.8906290000,0,0,105.8152271722,-37.4016781692
2025-07-09,RUB_KGS,5,0.0050000000,True,0.8906290000,0.8960009091,0.8906290000,1,1,36.1688940798,23.8717290262
2025-07-10,RUB_KGS,5,0.0050000000,True,0.8906290000,0.8955800909,0.8906290000,1,1,36.7373558724,18.6146490528
2025-07-11,RUB_KGS,5,0.0050000000,True,0.8906290000,0.8946684545,0.8906290000,1,1,2.2338767978,42.9260082430
2025-07-12,RUB_KGS,5,0.0050000000,True,0.8906290000,0.8937569091,0.8906290000,1,1,0.0000000000,34.9973136889
2025-07-15,RUB_KGS,5,0.0050000000,True,0.8906290000,0.8928101818,0.8914630000,0,0,53.5668062089,-38.6847983161
2025-07-16,RUB_KGS,5,0.0050000000,True,0.8906290000,0.8929559091,0.8914640000,1,1,0.0000000000,16.7187324224
2025-07-17,RUB_KGS,5,0.0050000000,True,0.8906290000,0.8933971818,0.8940610000,1,1,0.0000000000,21.6385484253
2025-07-18,RUB_KGS,5,0.0050000000,True,0.8906290000,0.8936079091,0.8929470000,1,1,12.4599999329,-5.0703547326
2025-07-19,RUB_KGS,5,0.0050000000,True,0.8906290000,0.8942658182,0.8929470000,0,1,28.6873713032,-13.9799799206
2025-07-22,RUB_KGS,5,0.0050000000,True,0.8914640000,0.8985820000,0.8929470000,1,1,30.5353909088,32.2730702373
2025-07-23,RUB_KGS,5,0.0050000000,True,0.8929470000,0.9003813636,0.8978660000,1,1,0.0000000000,82.5690528105
2025-07-24,RUB_KGS,5,0.0050000000,True,0.8929470000,0.9019711818,0.9033200000,0,1,0.0000000000,45.5134476681
2025-07-25,RUB_KGS,5,0.0050000000,True,0.8929470000,0.9061633636,0.9112570000,0,1,0.0000000000,31.3780467239
2025-07-26,RUB_KGS,5,0.0050000000,True,0.8929470000,0.9098244545,0.9112570000,0,1,0.0000000000,-15.7452951214
2025-07-29,RUB_KGS,5,0.0050000000,True,0.8978660000,0.9163170000,0.9184250000,0,1,0.0000000000,52.0343942107
2025-07-30,RUB_KGS,5,0.0050000000,True,0.9033200000,0.9181990909,0.9184250000,0,0,246.4343744358,-255.1833183336
2025-07-31,RUB_KGS,5,0.0050000000,True,0.9110760000,0.9189041818,0.9110760000,0,0,264.0769063078,-183.7386151450
2025-08-01,RUB_KGS,5,0.0050000000,True,0.9110760000,0.9192780000,0.9110760000,0,0,80.0174211286,9.2790211449
2025-08-02,RUB_KGS,5,0.0050000000,True,0.9110760000,0.9197998182,0.9110760000,0,0,81.5725329289,13.3813701361
2025-08-05,RUB_KGS,5,0.0050000000,True,0.9077720000,0.9168827273,0.9077720000,1,1,36.2648121562,63.3311883844
2025-08-06,RUB_KGS,5,0.0050000000,True,0.9077720000,0.9147463636,0.9077720000,0,0,82.9938527523,-6.8066557943
2025-08-07,RUB_KGS,5,0.0050000000,True,0.9077720000,0.9140927273,0.9077720000,0,0,100.6001110145,-31.7721894138
2025-08-08,RUB_KGS,5,0.0050000000,True,0.9077720000,0.9137122727,0.9112350000,1,1,0.0000000000,65.0125089110
2025-08-09,RUB_KGS,5,0.0050000000,True,0.9077720000,0.9130526364,0.9112350000,1,1,11.5424076607,8.3745047458
2025-08-12,RUB_KGS,5,0.0050000000,True,0.9077720000,0.9128959091,0.9113130000,1,1,0.0000000000,18.1938496423
2025-08-13,RUB_KGS,5,0.0050000000,True,0.9077720000,0.9127335455,0.9113130000,0,1,33.5854520639,-18.0825450502
2025-08-14,RUB_KGS,5,0.0050000000,True,0.9112350000,0.9138156364,0.9128680000,1,1,0.0000000000,27.3866660194
2025-08-15,RUB_KGS,5,0.0050000000,True,0.9112350000,0.9144050909,0.9152110000,1,1,0.0000000000,16.8097370014
2025-08-16,RUB_KGS,5,0.0050000000,True,0.9112350000,0.9147501818,0.9152110000,1,1,0.0000000000,-5.0376396854
2025-08-19,RUB_KGS,5,0.0050000000,True,0.9113130000,0.9172118182,0.9160840000,0,1,39.0464022617,-26.8551033617
2025-08-20,RUB_KGS,5,0.0050000000,True,0.9128680000,0.9183307273,0.9160840000,0,1,29.2564422947,-4.8051613016
2025-08-21,RUB_KGS,5,0.0050000000,True,0.9152110000,0.9192946364,0.9177430000,1,1,0.0000000000,34.9249983263
2025-08-22,RUB_KGS,5,0.0050000000,True,0.9152110000,0.9199015455,0.9218870000,1,1,0.0000000000,23.4649617148
2025-08-23,RUB_KGS,5,0.0050000000,True,0.9152110000,0.9204202727,0.9209170000,0,1,29.2760775253,-34.7746281516
2025-08-26,RUB_KGS,5,0.0050000000,True,0.9160840000,0.9207753636,0.9191300000,0,1,47.0074317439,-29.2757220718
2025-08-27,RUB_KGS,5,0.0050000000,True,0.9177430000,0.9210601818,0.9191300000,1,1,29.9060513924,-8.9768095304
2025-08-28,RUB_KGS,5,0.0050000000,True,0.9191300000,0.9212953636,0.9191300000,1,1,19.4045717475,4.1068657382
2025-08-29,RUB_KGS,5,0.0050000000,True,0.9191300000,0.9211775455,0.9192170000,1,1,0.0000000000,22.2274789985
2025-08-30,RUB_KGS,5,0.0050000000,True,0.9191300000,0.9212712727,0.9192170000,1,1,0.0000000000,22.2982392710
2025-09-02,RUB_KGS,5,0.0050000000,True,0.9191300000,0.9236224545,0.9223250000,1,1,0.0000000000,35.6471903563
2025-09-03,RUB_KGS,5,0.0050000000,True,0.9191300000,0.9246842727,0.9246520000,1,1,0.0000000000,25.5143598400
2025-09-04,RUB_KGS,5,0.0050000000,True,0.9192170000,0.9267236364,0.9296480000,0,1,0.0000000000,22.3544137901
2025-09-05,RUB_KGS,5,0.0050000000,True,0.9192170000,0.9296936364,0.9325970000,0,1,0.0000000000,0.4908752932
2025-09-06,RUB_KGS,5,0.0050000000,True,0.9192170000,0.9344086364,0.9325970000,0,1,0.0000000000,19.3880524337
2025-09-09,RUB_KGS,5,0.0050000000,True,0.9246520000,0.9478174545,0.9518870000,0,1,0.0000000000,65.9879654617
2025-09-10,RUB_KGS,5,0.0050000000,True,0.9296480000,0.9514756364,0.9648920000,0,1,0.0000000000,-4.3234279538
2025-09-11,RUB_KGS,5,0.0050000000,True,0.9325970000,0.9533199091,0.9499350000,0,0,217.7673976039,-186.3182625235
2025-09-12,RUB_KGS,5,0.0050000000,True,0.9325970000,0.9546521818,0.9472520000,0,0,330.0683452687,-261.1717508919
2025-09-13,RUB_KGS,5,0.0050000000,True,0.9325970000,0.9561523636,0.9472520000,0,0,182.8183879647,-91.4042227580
2025-09-16,RUB_KGS,5,0.0050000000,True,0.9472520000,0.9594950000,0.9472520000,1,1,28.2440377500,99.6357458872
2025-09-17,RUB_KGS,5,0.0050000000,True,0.9472520000,0.9581116364,0.9490990000,1,1,0.0000000000,113.3441652463
2025-09-18,RUB_KGS,5,0.0050000000,True,0.9472520000,0.9564004545,0.9510860000,1,1,0.0000000000,76.3430685416
2025-09-19,RUB_KGS,5,0.0050000000,True,0.9472520000,0.9553305455,0.9531230000,1,1,0.0000000000,44.4301239476
2025-09-20,RUB_KGS,5,0.0050000000,True,0.9472520000,0.9549268182,0.9531230000,0,1,28.6860592238,-9.8246462485
2025-09-23,RUB_KGS,5,0.0050000000,True,0.9490990000,0.9554900000,0.9531230000,0,0,79.5098057583,-55.1758783451
2025-09-24,RUB_KGS,5,0.0050000000,True,0.9510860000,0.9561273636,0.9560540000,1,1,0.0000000000,31.4222116281
2025-09-25,RUB_KGS,5,0.0050000000,True,0.9481210000,0.9558578182,0.9481210000,0,0,128.3771894662,-48.0529816340
2025-09-26,RUB_KGS,5,0.0050000000,True,0.9450720000,0.9548766364,0.9450720000,0,0,114.8679886283,-12.3300077887
2025-09-27,RUB_KGS,5,0.0050000000,True,0.9319230000,0.9527000909,0.9319230000,0,0,252.9729842801,-35.7920517007
2025-09-30,RUB_KGS,5,0.0050000000,True,0.9263410000,0.9463194545,0.9263410000,0,0,229.7175149585,-19.0373921395
2025-10-01,RUB_KGS,5,0.0050000000,True,0.9263410000,0.9441521818,0.9263410000,0,0,198.1965395229,-9.7422661254
2025-10-02,RUB_KGS,5,0.0050000000,True,0.9263410000,0.9435212727,0.9263410000,0,0,59.8976524885,122.9253972594
2025-10-03,RUB_KGS,5,0.0050000000,True,0.9263410000,0.9417780000,0.9366110000,1,1,0.0000000000,163.9133638713
2025-10-04,RUB_KGS,5,0.0050000000,True,0.9263410000,0.9396323636,0.9325080000,0,1,43.8068739317,32.1547421448
2025-10-07,RUB_KGS,5,0.0050000000,True,0.9263410000,0.9340406364,0.9284140000,0,0,218.0981420567,-161.3780284233
2025-10-08,RUB_KGS,5,0.0050000000,True,0.9263410000,0.9337216364,0.9284140000,0,0,90.9349004306,-34.4038684685
2025-10-09,RUB_KGS,5,0.0050000000,True,0.9245830000,0.9335618182,0.9245830000,0,0,84.9858660730,11.2881456942
2025-10-10,RUB_KGS,5,0.0050000000,True,0.9143380000,0.9315370000,0.9143380000,0,0,178.6101748077,6.1296545387
2025-10-11,RUB_KGS,5,0.0050000000,True,0.9015320000,0.9283480000,0.9015320000,0,0,289.5475509848,-0.7109402939
2025-10-14,RUB_KGS,5,0.0050000000,True,0.9015320000,0.9223281818,0.9015320000,0,0,249.3123927219,-24.4470268422
2025-10-15,RUB_KGS,5,0.0050000000,True,0.9015320000,0.9217414545,0.9015320000,0,0,140.0576154551,80.3202949042
2025-10-16,RUB_KGS,5,0.0050000000,True,0.9015320000,0.9216845455,0.9043330000,1,1,0.0000000000,218.6490546460
2025-10-17,RUB_KGS,5,0.0050000000,True,0.9015320000,0.9218484545,0.9260540000,1,1,0.0000000000,190.0036221690
2025-10-18,RUB_KGS,5,0.0050000000,True,0.9015320000,0.9223319091,0.9260540000,0,1,0.0000000000,-40.3552221538
2025-10-21,RUB_KGS,5,0.0050000000,True,0.9015320000,0.9235878182,0.9259150000,0,1,47.5632564439,-73.1081732052
2025-10-22,RUB_KGS,5,0.0050000000,True,0.9043330000,0.9258044545,0.9259150000,0,1,46.2472734856,-47.6617436099
2025-10-23,RUB_KGS,5,0.0050000000,True,0.9032000000,0.9257014545,0.9032000000,0,0,326.9889004554,-86.7509218562
2025-10-24,RUB_KGS,5,0.0050000000,True,0.9032000000,0.9244892727,0.9032000000,0,0,281.0657254767,-52.2529294307
2025-10-25,RUB_KGS,5,0.0050000000,True,0.9032000000,0.9229175455,0.9032000000,0,0,245.3248948338,-32.4780318699
2025-10-28,RUB_KGS,5,0.0050000000,True,0.9032000000,0.9215414545,0.9087650000,1,1,0.0000000000,199.0301625064
2025-10-29,RUB_KGS,5,0.0050000000,True,0.9032000000,0.9207422727,0.9087650000,0,1,43.3320185818,87.1283198882
2025-10-30,RUB_KGS,5,0.0050000000,True,0.9032000000,0.9203441818,0.9205680000,0,1,0.0000000000,125.8136037249
2025-10-31,RUB_KGS,5,0.0050000000,True,0.9032000000,0.9202556364,0.9249410000,0,1,0.0000000000,-3.3943137539
2025-11-01,RUB_KGS,5,0.0050000000,True,0.9032000000,0.9204814545,0.9249410000,0,1,11.0587333215,-59.5725794090
2025-11-02,RUB_KGS,5,0.0050000000,True,0.9032000000,0.9209027273,0.9249410000,0,1,0.0000000000,-43.8512408279
2025-11-06,RUB_KGS,5,0.0050000000,True,0.9249410000,0.9270494545,0.9263950000,1,1,21.5855467315,-14.5574267686
2025-11-07,RUB_KGS,5,0.0050000000,True,0.9249410000,0.9274450909,0.9263950000,0,1,44.6403144810,-33.4673084297
2025-11-08,RUB_KGS,5,0.0050000000,True,0.9249410000,0.9278600000,0.9263950000,1,1,26.1513483717,-10.3894984157
2025-11-11,RUB_KGS,5,0.0050000000,True,0.9216810000,0.9280658182,0.9216810000,0,0,50.8854214455,18.0032293948
2025-11-12,RUB_KGS,5,0.0050000000,True,0.9216810000,0.9280025455,0.9216810000,0,0,92.8285734862,-24.9401745371
2025-11-13,RUB_KGS,5,0.0050000000,True,0.9216810000,0.9277464545,0.9216810000,0,0,84.1738344603,-18.9550220961
2025-11-14,RUB_KGS,5,0.0050000000,True,0.9216810000,0.9275699091,0.9268820000,1,1,0.0000000000,63.4874960172
2025-11-15,RUB_KGS,5,0.0050000000,True,0.9216810000,0.9272779091,0.9256120000,0,1,22.5395412109,-4.5842881074
2025-11-18,RUB_KGS,5,0.0050000000,True,0.9036550000,0.9222737273,0.9036550000,0,0,259.5253801744,-59.1827845233
2025-11-19,RUB_KGS,5,0.0050000000,True,0.9036550000,0.9199237273,0.9036550000,0,0,250.5928478490,-75.6396701268
2025-11-20,RUB_KGS,5,0.0050000000,True,0.9024610000,0.9181764545,0.9024610000,0,0,250.1155991928,-80.9816611800
2025-11-21,RUB_KGS,5,0.0050000000,True,0.9024610000,0.9159246364,0.9024610000,0,0,224.4307718971,-79.2135438694
2025-11-22,RUB_KGS,5,0.0050000000,True,0.8987320000,0.9132909091,0.8987320000,0,0,54.4787557198,105.5075550955
2025-11-25,RUB_KGS,5,0.0050000000,True,0.8945500000,0.9043439091,0.8945500000,0,0,87.6602977857,20.8207195513
2025-11-26,RUB_KGS,5,0.0050000000,True,0.8945500000,0.9015200909,0.8945500000,0,0,92.8418830633,-15.6725191724
2025-11-27,RUB_KGS,5,0.0050000000,True,0.8885390000,0.8983709091,0.8885390000,0,0,113.4153451752,-4.0193967262
2025-11-28,RUB_KGS,5,0.0050000000,True,0.8857990000,0.8967476364,0.8857990000,0,0,100.5923111310,21.7188904064
2025-11-29,RUB_KGS,5,0.0050000000,True,0.8857990000,0.8956363636,0.8857990000,0,0,97.8257224303,12.1295168494
2025-12-02,RUB_KGS,5,0.0050000000,True,0.8701400000,0.8875818182,0.8701400000,0,0,207.0702580303,-10.7841530614
2025-12-03,RUB_KGS,5,0.0050000000,True,0.8701400000,0.8849825455,0.8701400000,0,0,176.7782533058,-9.2256570443
2025-12-04,RUB_KGS,5,0.0050000000,True,0.8701400000,0.8839669091,0.8701400000,0,0,238.8406954661,-84.4385783261
2025-12-05,RUB_KGS,5,0.0050000000,True,0.8701400000,0.8824907273,0.8701400000,0,0,113.9440266585,26.3088007724
2025-12-06,RUB_KGS,5,0.0050000000,True,0.8701400000,0.8821490909,0.8701400000,1,1,0.0000000000,136.1344814935
2025-12-09,RUB_KGS,5,0.0050000000,True,0.8701400000,0.8877675455,0.8783120000,0,0,60.1610632529,46.6287090099
2025-12-10,RUB_KGS,5,0.0050000000,True,0.8701400000,0.8896116364,0.8907920000,0,1,0.0000000000,127.0176322089
2025-12-11,RUB_KGS,5,0.0050000000,True,0.8701400000,0.8921883636,0.9072590000,0,1,0.0000000000,15.6509958354
2025-12-12,RUB_KGS,5,0.0050000000,True,0.8701400000,0.8956568182,0.9082930000,0,1,0.0000000000,-129.5382515117
2025-12-13,RUB_KGS,5,0.0050000000,True,0.8701400000,0.9001133636,0.9082930000,0,1,37.5445862527,-128.9019453812
2025-12-16,RUB_KGS,5,0.0050000000,True,0.8907920000,0.9118590909,0.9082930000,0,1,2.4215393726,36.6952629244
2025-12-17,RUB_KGS,5,0.0050000000,True,0.9072590000,0.9147930000,0.9151530000,1,1,0.0000000000,71.0543259513
2025-12-18,RUB_KGS,5,0.0050000000,True,0.9069710000,0.9147668182,0.9069710000,0,0,132.6316797257,-48.0470184404
2025-12-19,RUB_KGS,5,0.0050000000,True,0.8986280000,0.9135770000,0.8986280000,0,0,180.5708990737,-17.2508721213
2025-12-20,RUB_KGS,5,0.0050000000,True,0.8969330000,0.9122330909,0.8969330000,0,0,283.1003233792,-118.7405850419
2025-12-23,RUB_KGS,5,0.0050000000,True,0.8886740000,0.9067278182,0.8886740000,0,0,201.7374315166,-2.6819715168
2025-12-24,RUB_KGS,5,0.0050000000,True,0.8886740000,0.9039561818,0.8886740000,0,0,110.7688609747,58.9429214087
2025-12-25,RUB_KGS,5,0.0050000000,True,0.8860000000,0.9013059091,0.8860000000,0,0,121.8931625885,48.5174794351
2025-12-26,RUB_KGS,5,0.0050000000,True,0.8860000000,0.8987419091,0.8860000000,0,0,51.8292956785,90.4142669738
2025-12-27,RUB_KGS,5,0.0050000000,True,0.8860000000,0.8961779091,0.8860000000,1,1,30.0897742029,83.7323595548
2025-12-30,RUB_KGS,5,0.0050000000,True,0.8860000000,0.8921705455,0.8948610000,1,1,0.0000000000,69.1632949102
2025-12-31,RUB_KGS,5,0.0050000000,True,0.8860000000,0.8919821818,0.8948610000,0,1,0.0000000000,-32.2743911313
2026-01-13,RUB_KGS,5,0.0050000000,True,0.8900310000,0.8957750909,0.8900310000,0,0,121.5999786900,-58.1832330883
2026-01-14,RUB_KGS,5,0.0050000000,True,0.8900310000,0.8953360000,0.8900310000,0,0,129.4001656872,-71.0682916804
2026-01-15,RUB_KGS,5,0.0050000000,True,0.8891780000,0.8948193636,0.8891780000,0,0,103.5964945475,-40.9762742364
2026-01-16,RUB_KGS,5,0.0050000000,True,0.8891780000,0.8943714545,0.8891780000,0,0,98.0971884894,-40.4255461886
2026-01-17,RUB_KGS,5,0.0050000000,True,0.8864030000,0.8936025455,0.8864030000,1,1,40.7626251220,39.9679418183
2026-01-20,RUB_KGS,5,0.0050000000,True,0.8682100000,0.8852732727,0.8682100000,0,0,235.8133017236,-44.1075924578
2026-01-21,RUB_KGS,5,0.0050000000,True,0.8682100000,0.8825209091,0.8682100000,0,0,244.1079900307,-83.9990399403
2026-01-22,RUB_KGS,5,0.0050000000,True,0.8682100000,0.8799024545,0.8682100000,0,0,205.2452439804,-73.8780238760
2026-01-23,RUB_KGS,5,0.0050000000,True,0.8682100000,0.8785713636,0.8682100000,1,1,14.8935313770,103.1943904800
2026-01-24,RUB_KGS,5,0.0050000000,True,0.8682100000,0.8769423636,0.8682100000,1,1,0.0000000000,99.5773952595
2026-01-27,RUB_KGS,5,0.0050000000,True,0.8660110000,0.8707818182,0.8660110000,1,1,36.5055040130,18.3492368405
2026-01-28,RUB_KGS,5,0.0050000000,True,0.8660110000,0.8689280000,0.8660110000,0,0,107.1295161351,-74.3559880681
2026-01-29,RUB_KGS,5,0.0050000000,True,0.8660110000,0.8699510000,0.8660110000,0,0,69.9566110775,-24.8404795213
2026-01-30,RUB_KGS,5,0.0050000000,True,0.8660110000,0.8710495455,0.8660110000,1,1,38.4652989860,19.4540650803
2026-01-31,RUB_KGS,5,0.0050000000,True,0.8660110000,0.8720737273,0.8660110000,1,1,0.0000000000,69.5208109489
2026-02-03,RUB_KGS,5,0.0050000000,True,0.8660110000,0.8743321818,0.8753840000,0,0,61.0156251774,-73.4940142367
2026-02-04,RUB_KGS,5,0.0050000000,True,0.8660110000,0.8751511818,0.8753840000,0,0,55.7768200169,-58.7649115794
2026-02-05,RUB_KGS,5,0.0050000000,True,0.8660110000,0.8768405455,0.8753840000,0,1,46.5277051335,-30.0562577668
2026-02-06,RUB_KGS,5,0.0050000000,True,0.8660110000,0.8783753636,0.8811210000,0,1,0.0000000000,34.0556413602
2026-02-07,RUB_KGS,5,0.0050000000,True,0.8660110000,0.8801760000,0.8811210000,0,1,0.0000000000,-10.7364890658
2026-02-10,RUB_KGS,5,0.0050000000,True,0.8753840000,0.8820889091,0.8826530000,0,0,59.5199214360,-66.3095391951
2026-02-11,RUB_KGS,5,0.0050000000,True,0.8753840000,0.8823843636,0.8826530000,0,1,2.7296595061,-5.7756731039
2026-02-12,RUB_KGS,5,0.0050000000,True,0.8761590000,0.8824548182,0.8761590000,0,0,109.0404575206,-38.1116602107
2026-02-13,RUB_KGS,5,0.0050000000,True,0.8761590000,0.8821271818,0.8761590000,0,0,73.5736467219,-5.9607978606
2026-02-14,RUB_KGS,5,0.0050000000,True,0.8708110000,0.8811899091,0.8708110000,0,0,134.9795972929,-17.4320074849
2026-02-17,RUB_KGS,5,0.0050000000,True,0.8708110000,0.8793509091,0.8708110000,0,0,61.0391492868,36.2984680849
2026-02-18,RUB_KGS,5,0.0050000000,True,0.8708110000,0.8786098182,0.8708110000,0,0,76.4201719169,12.4380374451
2026-02-19,RUB_KGS,5,0.0050000000,True,0.8708110000,0.8781564545,0.8763920000,1,1,0.0000000000,83.6463082112
2026-02-20,RUB_KGS,5,0.0050000000,True,0.8708110000,0.8775740909,0.8763200000,0,1,0.8215501739,13.4699841453
2026-02-21,RUB_KGS,5,0.0050000000,True,0.8708110000,0.8768187273,0.8744170000,0,1,37.0186380696,-9.6630318322
2026-02-25,RUB_KGS,5,0.0050000000,True,0.8744170000,0.8791440909,0.8744170000,1,1,21.7158115757,32.1231859293
2026-02-26,RUB_KGS,5,0.0050000000,True,0.8744170000,0.8797024545,0.8818960000,1,1,0.0000000000,60.0822984879
2026-02-27,RUB_KGS,5,0.0050000000,True,0.8744170000,0.8805942727,0.8825340000,0,1,0.0000000000,-14.7823726890
2026-02-28,RUB_KGS,5,0.0050000000,True,0.8744170000,0.8816848182,0.8825340000,0,1,12.4259872888,-22.0847833379
2026-03-03,RUB_KGS,5,0.0050000000,True,0.8744170000,0.8882942727,0.8874760000,0,1,0.0000000000,64.8464467703
2026-03-04,RUB_KGS,5,0.0050000000,True,0.8818960000,0.8910826364,0.8896620000,0,1,0.0000000000,40.4747687415
2026-03-05,RUB_KGS,5,0.0050000000,True,0.8825340000,0.8931910909,0.8941780000,0,1,0.0000000000,39.5110401907
2026-03-06,RUB_KGS,5,0.0050000000,True,0.8825340000,0.8947150909,0.9003960000,0,1,0.0000000000,6.0029266808
2026-03-07,RUB_KGS,5,0.0050000000,True,0.8825340000,0.8965804545,0.9003960000,0,0,51.8512544070,-94.8999658805
2026-03-11,RUB_KGS,5,0.0050000000,True,0.8941780000,0.9068535455,0.9041410000,0,1,0.0000000000,71.2082506256
2026-03-12,RUB_KGS,5,0.0050000000,True,0.9003960000,0.9098223636,0.9041410000,1,1,0.1106009947,62.3348453834
2026-03-13,RUB_KGS,5,0.0050000000,True,0.9003960000,0.9126918182,0.9173890000,1,1,0.0000000000,93.6879022193
2026-03-14,RUB_KGS,5,0.0050000000,True,0.9003960000,0.9168249091,0.9173890000,0,1,0.0000000000,-6.1526568868
2026-03-17,RUB_KGS,5,0.0050000000,True,0.9041410000,0.9332505455,0.9366530000,0,1,0.0000000000,68.7440847026
2026-03-18,RUB_KGS,5,0.0050000000,True,0.9041410000,0.9383778182,0.9505530000,0,1,0.0000000000,18.3808498922
2026-03-19,RUB_KGS,5,0.0050000000,True,0.9173890000,0.9412980909,0.9362640000,0,0,150.3230224932,-98.3207039331
2026-03-20,RUB_KGS,5,0.0050000000,True,0.9173890000,0.9420633636,0.9258070000,0,0,457.1129944318,-298.1820273236
2026-03-21,RUB_KGS,5,0.0050000000,True,0.9173890000,0.9425771818,0.9230410000,0,0,390.5050330487,-190.6880256442
2026-03-24,RUB_KGS,5,0.0050000000,True,0.9230410000,0.9438582727,0.9230410000,0,0,141.2315329864,80.4598841448
2026-03-25,RUB_KGS,5,0.0050000000,True,0.9230410000,0.9417983636,0.9230410000,1,1,29.8766373553,169.7960439708
2026-03-26,RUB_KGS,5,0.0050000000,True,0.9230410000,0.9381137273,0.9278940000,1,1,0.0000000000,160.6705758005
2026-03-27,RUB_KGS,5,0.0050000000,True,0.9230410000,0.9352551818,0.9278940000,0,0,120.1791773897,-41.9759040970
2026-03-28,RUB_KGS,5,0.0050000000,True,0.9219370000,0.9317448182,0.9219370000,0,0,64.1991434366,41.3291075697
2026-03-31,RUB_KGS,5,0.0050000000,True,0.9117130000,0.9244207273,0.9117130000,0,0,192.6587444588,-56.2760285852
2026-04-01,RUB_KGS,5,0.0050000000,True,0.9117130000,0.9233909091,0.9117130000,0,0,187.2120218662,-61.9032616936
2026-04-02,RUB_KGS,5,0.0050000000,True,0.9002600000,0.9198526364,0.9002600000,0,0,235.1245258624,-22.6597560736
2026-04-03,RUB_KGS,5,0.0050000000,True,0.9002600000,0.9173631818,0.9002600000,0,0,199.9823650628,-13.8202427015
2026-04-04,RUB_KGS,5,0.0050000000,True,0.8954180000,0.9144108182,0.8954180000,0,0,178.7294905305,29.5033493499
2026-04-07,RUB_KGS,5,0.0050000000,True,0.8801880000,0.9020323636,0.8801880000,0,0,222.9578121876,19.6485592736
2026-04-08,RUB_KGS,5,0.0050000000,True,0.8801880000,0.8982370000,0.8801880000,0,0,225.6721191325,-25.3051254847
2026-04-09,RUB_KGS,5,0.0050000000,True,0.8719140000,0.8939900000,0.8719140000,0,0,262.4919311428,-15.9733330350
2026-04-10,RUB_KGS,5,0.0050000000,True,0.8673890000,0.8899605455,0.8673890000,0,0,254.9868832752,-1.3984276729
2026-04-11,RUB_KGS,5,0.0050000000,True,0.8603160000,0.8852880909,0.8603160000,0,0,225.7699491472,57.6093924844
2026-04-14,RUB_KGS,5,0.0050000000,True,0.8603160000,0.8759180909,0.8603160000,0,0,133.0177058747,45.7130746659
2026-04-15,RUB_KGS,5,0.0050000000,True,0.8603160000,0.8735782727,0.8603160000,0,0,81.5435750280,70.8496641972
2026-04-16,RUB_KGS,5,0.0050000000,True,0.8603160000,0.8708744545,0.8603430000,1,1,0.0000000000,121.2396860460
2026-04-17,RUB_KGS,5,0.0050000000,True,0.8529560000,0.8683988182,0.8529560000,0,0,196.5052703686,-19.0486419782
2026-04-18,RUB_KGS,5,0.0050000000,True,0.8529560000,0.8663680000,0.8529560000,0,0,192.3006163186,-38.2285587649
2026-04-21,RUB_KGS,5,0.0050000000,True,0.8529560000,0.8631720000,0.8529560000,0,0,85.8611042340,32.7744644173
2026-04-22,RUB_KGS,5,0.0050000000,True,0.8529560000,0.8635182727,0.8560850000,1,1,0.0000000000,122.3167252027
2026-04-23,RUB_KGS,5,0.0050000000,True,0.8529560000,0.8622068182,0.8556270000,0,1,25.9019944069,50.5426086865
2026-04-24,RUB_KGS,5,0.0050000000,True,0.8529560000,0.8608123636,0.8543410000,1,1,20.3718088741,54.9174690799
2026-04-25,RUB_KGS,5,0.0050000000,True,0.8529560000,0.8596114545,0.8543410000,0,0,113.2243599016,-52.5068091017
2026-04-28,RUB_KGS,5,0.0050000000,True,0.8543410000,0.8581545455,0.8543410000,1,1,15.0299137358,29.4532665233
2026-04-29,RUB_KGS,5,0.0050000000,True,0.8543410000,0.8579547273,0.8556510000,1,1,0.0000000000,42.1202559745
2026-04-30,RUB_KGS,5,0.0050000000,True,0.8543410000,0.8585780909,0.8556510000,1,1,9.5625065677,24.5532809585
2026-05-01,RUB_KGS,5,0.0050000000,True,0.8543410000,0.8583727273,0.8556510000,1,1,0.0000000000,31.7079886890
2026-05-05,RUB_KGS,5,0.0050000000,True,0.8498730000,0.8561550909,0.8498730000,0,0,151.4470265673,-79.2719585852
2026-05-06,RUB_KGS,5,0.0050000000,True,0.8498730000,0.8555553636,0.8498730000,0,0,139.1515618437,-73.7607013159
2026-05-07,RUB_KGS,5,0.0050000000,True,0.8498730000,0.8550300909,0.8498730000,0,0,123.4061443918,-63.8797294853
2026-05-08,RUB_KGS,5,0.0050000000,True,0.8437710000,0.8539500909,0.8437710000,0,0,114.9854847666,4.2636087632
2026-05-09,RUB_KGS,5,0.0050000000,True,0.8386740000,0.8524067273,0.8386740000,0,0,131.7726295576,29.7243931994
2026-05-13,RUB_KGS,5,0.0050000000,True,0.8362210000,0.8436847273,0.8362210000,0,0,89.4792544423,-1.0225706888
2026-05-14,RUB_KGS,5,0.0050000000,True,0.8273260000,0.8412974545,0.8273260000,0,0,135.3088327527,31.1834361471
2026-05-15,RUB_KGS,5,0.0050000000,True,0.8152380000,0.8381488182,0.8152380000,0,0,252.3835828712,21.5095236396
2026-05-16,RUB_KGS,5,0.0050000000,True,0.8113310000,0.8346450000,0.8113310000,0,0,297.6485881125,-18.8822792924
2026-05-19,RUB_KGS,5,0.0050000000,True,0.8094930000,0.8250577273,0.8094930000,0,0,215.5498558005,-27.4922911730
2026-05-20,RUB_KGS,5,0.0050000000,True,0.8094930000,0.8228402727,0.8094930000,0,0,70.4702185129,92.3906252434
2026-05-21,RUB_KGS,5,0.0050000000,True,0.8094930000,0.8211848182,0.8094930000,1,1,22.6541325304,119.9951334175
2026-05-22,RUB_KGS,5,0.0050000000,True,0.8094930000,0.8196675455,0.8142820000,1,1,0.0000000000,124.1301489972
2026-05-23,RUB_KGS,5,0.0050000000,True,0.8094930000,0.8173531818,0.8107630000,0,1,43.2159865992,37.5747215096
2026-05-26,RUB_KGS,5,0.0050000000,True,0.8094930000,0.8138671818,0.8107630000,0,0,90.1194911359,-52.4510421010
2026-05-27,RUB_KGS,5,0.0050000000,True,0.8094930000,0.8139415455,0.8107630000,0,0,106.9880211975,-68.6714491559
2026-05-28,RUB_KGS,5,0.0050000000,True,0.8107630000,0.8147347273,0.8121490000,1,1,0.0000000000,48.7487170950
2026-05-29,RUB_KGS,5,0.0050000000,True,0.8107630000,0.8161389091,0.8121490000,0,1,48.9131167286,-0.0256195247
2026-05-30,RUB_KGS,5,0.0050000000,True,0.8107630000,0.8183580000,0.8121490000,1,1,0.0000000000,75.8714401277
2026-06-02,RUB_KGS,5,0.0050000000,True,0.8107630000,0.8254379091,0.8297280000,0,1,0.0000000000,87.4676218695
2026-06-03,RUB_KGS,5,0.0050000000,True,0.8121490000,0.8281071818,0.8386920000,0,1,0.0000000000,-19.5725652114
2026-06-04,RUB_KGS,5,0.0050000000,True,0.8121490000,0.8300751818,0.8377890000,0,1,10.7667653918,-103.8076835756
2026-06-05,RUB_KGS,5,0.0050000000,True,0.8121490000,0.8308129091,0.8202640000,0,0,345.0418913861,-225.8642192937
2026-06-06,RUB_KGS,5,0.0050000000,True,0.8121490000,0.8316108182,0.8202640000,0,0,236.4052968308,-102.3818068745
2026-06-09,RUB_KGS,5,0.0050000000,True,0.8202640000,0.8322218182,0.8202640000,0,0,209.1815480986,-66.8954081298
2026-06-10,RUB_KGS,5,0.0050000000,True,0.8202640000,0.8307290909,0.8209260000,1,1,0.0000000000,125.9747735286
2026-06-11,RUB_KGS,5,0.0050000000,True,0.8202640000,0.8288118182,0.8222720000,1,1,0.0000000000,95.1460634227
2026-06-12,RUB_KGS,5,0.0050000000,True,0.8202640000,0.8274290909,0.8222720000,1,1,0.0000000000,62.3266811108
2026-06-16,RUB_KGS,5,0.0050000000,True,0.8209260000,0.8285210909,0.8249150000,0,1,43.1267562113,0.3993973051
2026-06-17,RUB_KGS,5,0.0050000000,True,0.8222720000,0.8302353636,0.8318800000,1,1,0.0000000000,64.0825947604
2026-06-18,RUB_KGS,5,0.0050000000,True,0.8222720000,0.8321661818,0.8388690000,0,1,0.0000000000,3.4389984168
2026-06-19,RUB_KGS,5,0.0050000000,True,0.8222720000,0.8349858182,0.8397830000,0,1,0.0000000000,-46.5059613424
2026-06-20,RUB_KGS,5,0.0050000000,True,0.8222720000,0.8379652727,0.8397830000,0,1,0.0000000000,-21.6921551750
2026-06-23,RUB_KGS,5,0.0050000000,True,0.8318800000,0.8517489091,0.8532880000,0,1,0.0000000000,96.7175772459
2026-06-24,RUB_KGS,5,0.0050000000,True,0.8388690000,0.8562327273,0.8550460000,0,1,0.0000000000,34.3916692148
2026-06-25,RUB_KGS,5,0.0050000000,True,0.8397830000,0.8608013636,0.8648910000,0,1,0.0000000000,66.8605311224
2026-06-26,RUB_KGS,5,0.0050000000,True,0.8397830000,0.8658230000,0.8812020000,0,1,0.0000000000,10.7643248100
2026-06-27,RUB_KGS,5,0.0050000000,True,0.8397830000,0.8708400909,0.8812020000,0,1,0.0000000000,-118.9875064214
2026-06-30,RUB_KGS,5,0.0050000000,True,0.8550460000,0.8818199091,0.8831150000,0,0,67.5833741975,-82.8297346634
2026-07-01,RUB_KGS,5,0.0050000000,True,0.8648910000,0.8843716364,0.8831150000,0,0,133.0248117083,-120.4172906331
2026-07-02,RUB_KGS,5,0.0050000000,True,0.8812020000,0.8867987273,0.8831150000,0,0,132.4735661826,-92.1547638257
2026-07-03,RUB_KGS,5,0.0050000000,True,0.8705070000,0.8858264545,0.8705070000,0,0,231.4252690404,-59.8711567862
2026-07-04,RUB_KGS,5,0.0050000000,True,0.8705070000,0.8851419091,0.8705070000,0,0,142.7673632539,22.8992557023
2026-07-07,RUB_KGS,5,0.0050000000,True,0.8682870000,0.8811693636,0.8682870000,0,0,261.3536057533,-118.2478283248
2026-07-08,RUB_KGS,5,0.0050000000,True,0.8682870000,0.8795066364,0.8682870000,1,1,25.5023796477,102.3259631200
2026-07-09,RUB_KGS,5,0.0050000000,True,0.8682870000,0.8781469091,0.8682870000,0,0,61.6364035931,50.9585474205
2026-07-10,RUB_KGS,5,0.0050000000,True,0.8682870000,0.8784202727,0.8761730000,1,1,0.0000000000,115.3579105798
2026-07-11,RUB_KGS,5,0.0050000000,True,0.8682870000,0.8791774545,0.8761730000,0,1,5.7945820658,28.3953430851
2026-07-14,RUB_KGS,5,0.0050000000,True,0.8682870000,0.8831191818,0.8861220000,0,1,0.0000000000,78.6550893831
2026-07-15,RUB_KGS,5,0.0050000000,True,0.8682870000,0.8851941818,0.8914440000,0,1,0.0000000000,-10.4815214659
2026-07-16,RUB_KGS,5,0.0050000000,True,0.8761730000,0.8876727273,0.8955510000,0,1,0.0000000000,-42.4849453115
2026-07-17,RUB_KGS,5,0.0050000000,True,0.8761730000,0.8896356364,0.8955510000,0,1,0.2791499549,-66.7729955226
2026-07-18,RUB_KGS,5,0.0050000000,True,0.8761730000,0.8915170909,0.8955510000,0,1,10.5521825505,-55.8588179822
2026-07-21,RUB_KGS,5,0.0050000000,True,0.8914440000,0.8953509091,0.8922900000,1,1,36.4133365939,-2.2347764107
2026-07-22,RUB_KGS,5,0.0050000000,True,0.8922900000,0.8954278182,0.8922900000,0,0,66.6055864976,-31.7745524587
2026-07-23,RUB_KGS,5,0.0050000000,True,0.8921350000,0.8951150000,0.8921350000,0,0,58.4146908156,-25.2704959698
2026-07-24,RUB_KGS,5,0.0050000000,True,0.8921350000,0.8954261818,0.8921350000,1,1,49.4441023994,-12.7516729464
2026-07-25,RUB_KGS,5,0.0050000000,True,0.8921350000,0.8964224545,0.8921350000,1,1,1.7371034081,46.0994090956
2026-07-28,RUB_KGS,5,0.0050000000,True,0.8921350000,0.9000777273,0.8999200000,1,1,0.0000000000,88.2449041017
2026-07-29,RUB_KGS,5,0.0050000000,True,0.8921350000,0.9011049091,0.9074560000,0,1,0.0000000000,13.1495132138
2026-07-30,RUB_KGS,5,0.0050000000,True,0.8921350000,0.9028345455,0.9086760000,0,1,0.0000000000,-51.1882777273
2026-07-31,RUB_KGS,5,0.0050000000,True,0.8921350000,0.9060554545,0.9086760000,0,1,49.2894586701,-78.5994435420
2026-08-01,RUB_KGS,5,0.0050000000,True,0.8921350000,0.9090686364,0.9086760000,0,1,0.0000000000,4.3191058181
2026-08-04,RUB_KGS,5,0.0050000000,True,0.9074560000,0.9204983636,0.9254350000,0,1,0.0000000000,53.2794389442
2026-08-05,RUB_KGS,5,0.0050000000,True,0.9086760000,0.9234190000,0.9254350000,0,1,24.6302763765,-46.5769060416
2026-08-06,RUB_KGS,5,0.0050000000,True,0.9086760000,0.9262763636,0.9309060000,0,1,0.0000000000,9.0832894954
2026-08-07,RUB_KGS,5,0.0050000000,True,0.9086760000,0.9293020000,0.9395830000,0,1,0.0000000000,-17.2602663074
2026-08-08,RUB_KGS,5,0.0050000000,True,0.9086760000,0.9329757273,0.9395830000,0,1,0.0000000000,-70.8193421772
2026-08-11,RUB_KGS,5,0.0050000000,True,0.9254350000,0.9456937273,0.9419580000,0,1,28.0539652427,11.4807494373
2026-08-12,RUB_KGS,5,0.0050000000,True,0.9309060000,0.9494523636,0.9490870000,0,1,0.0000000000,78.9335402533
2026-08-13,RUB_KGS,5,0.0050000000,True,0.9395830000,0.9532009091,0.9583280000,0,1,0.0000000000,43.1588876141
2026-08-14,RUB_KGS,5,0.0050000000,True,0.9395830000,0.9563174545,0.9667800000,0,1,0.0000000000,-21.0238289073
2026-08-15,RUB_KGS,5,0.0050000000,True,0.9395830000,0.9593974545,0.9667800000,0,1,0.0000000000,-76.9498128181
2026-08-18,RUB_KGS,5,0.0050000000,True,0.9482120000,0.9615300000,0.9482120000,0,0,246.1373876191,-110.3449710357
2026-08-19,RUB_KGS,5,0.0050000000,True,0.9482120000,0.9614504545,0.9482120000,0,0,263.4143336089,-129.1230910116
2026-08-20,RUB_KGS,5,0.0050000000,True,0.9482120000,0.9609120000,0.9482120000,0,0,259.3935259994,-130.6154986097
2026-08-21,RUB_KGS,5,0.0050000000,True,0.9482120000,0.9608273636,0.9482120000,0,0,52.1515805464,79.5602199279
2026-08-22,RUB_KGS,5,0.0050000000,True,0.9482120000,0.9605540909,0.9482120000,1,1,0.0000000000,128.4892857768
2026-08-25,RUB_KGS,5,0.0050000000,True,0.9482120000,0.9630827273,0.9637740000,1,1,0.0000000000,110.8703018999
2026-08-26,RUB_KGS,5,0.0050000000,True,0.9482120000,0.9635727273,0.9637740000,0,1,21.4836894794,-23.6232581397
2026-08-27,RUB_KGS,5,0.0050000000,True,0.9482120000,0.9667157273,0.9788530000,0,1,0.0000000000,30.4301170420
2026-08-28,RUB_KGS,5,0.0050000000,True,0.9482120000,0.9706991818,0.9788530000,0,1,41.1132838333,-125.6292207744
2026-08-29,RUB_KGS,5,0.0050000000,False,,,,,,,
2026-09-01,RUB_KGS,5,0.0050000000,False,,,,,,,
2026-09-02,RUB_KGS,5,0.0050000000,False,,,,,,,
