date,corridor,currency,source,source_file,nominal,value_rub,rub_per_unit,units_per_rub,days_since_previous,same_rate_as_previous
2016-09-02,RUB_KGS,KGS,CBR,KGS_RC_F02_09_2016_T02_09_2026.dbf,100,94.5063000000,0.9450630000,1.0581305162,,
2016-09-03,RUB_KGS,KGS,CBR,KGS_RC_F02_09_2016_T02_09_2026.dbf,100,95.5972000000,0.9559720000,1.0460557422,1,False
2016-09-06,RUB_KGS,KGS,CBR,KGS_RC_F02_09_2016_T02_09_2026.dbf,100,93.7935000000,0.9379350000,1.0661719629,3,False
2016-09-07,RUB_KGS,KGS,CBR,KGS_RC_F02_09_2016_T02_09_2026.dbf,100,93.8554000000,0.9385540000,1.0654687956,1,False
2016-09-08,RUB_KGS,KGS,CBR,KGS_RC_F02_09_2016_T02_09_2026.dbf,100,93.2291000000,0.9322910000,1.0726264653,1,False
2016-09-09,RUB_KGS,KGS,CBR,KGS_RC_F02_09_2016_T02_09_2026.dbf,100,92.5672000000,0.9256720000,1.0802962604,1,False
2016-09-10,RUB_KGS,KGS,CBR,KGS_RC_F02_09_2016_T02_09_2026.dbf,100,92.8830000000,0.9288300000,1.0766232787,1,False
2016-09-13,RUB_KGS,KGS,CBR,KGS_RC_F02_09_2016_T02_09_2026.dbf,100,93.9746000000,0.9397460000,1.0641173253,3,False
2016-09-14,RUB_KGS,KGS,CBR,KGS_RC_F02_09_2016_T02_09_2026.dbf,100,94.0642000000,0.9406420000,1.0631037100,1,False
2016-09-15,RUB_KGS,KGS,CBR,KGS_RC_F02_09_2016_T02_09_2026.dbf,100,94.2299000000,0.9422990000,1.0612342791,1,False
2016-09-16,RUB_KGS,KGS,CBR,KGS_RC_F02_09_2016_T02_09_2026.dbf,100,94.9301000000,0.9493010000,1.0534066645,1,False
2016-09-17,RUB_KGS,KGS,CBR,KGS_RC_F02_09_2016_T02_09_2026.dbf,100,94.8096000000,0.9480960000,1.0547455110,1,False
2016-09-20,RUB_KGS,KGS,CBR,KGS_RC_F02_09_2016_T02_09_2026.dbf,100,94.4911000000,0.9449110000,1.0583007289,3,False
2016-09-21,RUB_KGS,KGS,CBR,KGS_RC_F02_09_2016_T02_09_2026.dbf,100,94.3897000000,0.9438970000,1.0594376293,1,False
2016-09-22,RUB_KGS,KGS,CBR,KGS_RC_F02_09_2016_T02_09_2026.dbf,100,93.6641000000,0.9366410000,1.0676449141,1,False
2016-09-23,RUB_KGS,KGS,CBR,KGS_RC_F02_09_2016_T02_09_2026.dbf,100,92.7651000000,0.9276510000,1.0779916154,1,False
2016-09-24,RUB_KGS,KGS,CBR,KGS_RC_F02_09_2016_T02_09_2026.dbf,100,92.9204000000,0.9292040000,1.0761899432,1,False
2016-09-27,RUB_KGS,KGS,CBR,KGS_RC_F02_09_2016_T02_09_2026.dbf,100,93.1474000000,0.9314740000,1.0735672708,3,False
2016-09-28,RUB_KGS,KGS,CBR,KGS_RC_F02_09_2016_T02_09_2026.dbf,100,93.0747000000,0.9307470000,1.0744058267,1,False
2016-09-29,RUB_KGS,KGS,CBR,KGS_RC_F02_09_2016_T02_09_2026.dbf,100,93.4272000000,0.9342720000,1.0703521030,1,False
2016-09-30,RUB_KGS,KGS,CBR,KGS_RC_F02_09_2016_T02_09_2026.dbf,100,92.6743000000,0.9267430000,1.0790478051,1,False
2016-10-01,RUB_KGS,KGS,CBR,KGS_RC_F02_09_2016_T02_09_2026.dbf,100,93.3192000000,0.9331920000,1.0715908409,1,False
2016-10-04,RUB_KGS,KGS,CBR,KGS_RC_F02_09_2016_T02_09_2026.dbf,100,91.3772000000,0.9137720000,1.0943648963,3,False
2016-10-05,RUB_KGS,KGS,CBR,KGS_RC_F02_09_2016_T02_09_2026.dbf,100,91.7785000000,0.9177850000,1.0895798035,1,False
2016-10-06,RUB_KGS,KGS,CBR,KGS_RC_F02_09_2016_T02_09_2026.dbf,100,91.7156000000,0.9171560000,1.0903270545,1,False
2016-10-07,RUB_KGS,KGS,CBR,KGS_RC_F02_09_2016_T02_09_2026.dbf,100,91.5481000000,0.9154810000,1.0923219597,1,False
2016-10-08,RUB_KGS,KGS,CBR,KGS_RC_F02_09_2016_T02_09_2026.dbf,100,91.2198000000,0.9121980000,1.0962532257,1,False
2016-10-11,RUB_KGS,KGS,CBR,KGS_RC_F02_09_2016_T02_09_2026.dbf,100,91.2778000000,0.9127780000,1.0955566414,3,False
2016-10-12,RUB_KGS,KGS,CBR,KGS_RC_F02_09_2016_T02_09_2026.dbf,100,90.8614000000,0.9086140000,1.1005773629,1,False
2016-10-13,RUB_KGS,KGS,CBR,KGS_RC_F02_09_2016_T02_09_2026.dbf,100,91.4265000000,0.9142650000,1.0937747808,1,False
2016-10-14,RUB_KGS,KGS,CBR,KGS_RC_F02_09_2016_T02_09_2026.dbf,100,92.6457000000,0.9264570000,1.0793809103,1,False
2016-10-15,RUB_KGS,KGS,CBR,KGS_RC_F02_09_2016_T02_09_2026.dbf,100,92.0216000000,0.9202160000,1.0867013832,1,False
2016-10-18,RUB_KGS,KGS,CBR,KGS_RC_F02_09_2016_T02_09_2026.dbf,100,92.3598000000,0.9235980000,1.0827221367,3,False
2016-10-19,RUB_KGS,KGS,CBR,KGS_RC_F02_09_2016_T02_09_2026.dbf,100,91.9560000000,0.9195600000,1.0874766193,1,False
2016-10-20,RUB_KGS,KGS,CBR,KGS_RC_F02_09_2016_T02_09_2026.dbf,100,91.5599000000,0.9155990000,1.0921811841,1,False
2016-10-21,RUB_KGS,KGS,CBR,KGS_RC_F02_09_2016_T02_09_2026.dbf,100,91.4317000000,0.9143170000,1.0937125745,1,False
2016-10-22,RUB_KGS,KGS,CBR,KGS_RC_F02_09_2016_T02_09_2026.dbf,100,91.6360000000,0.9163600000,1.0912741717,1,False
2016-10-25,RUB_KGS,KGS,CBR,KGS_RC_F02_09_2016_T02_09_2026.dbf,100,91.2134000000,0.9121340000,1.0963301445,3,False
2016-10-26,RUB_KGS,KGS,CBR,KGS_RC_F02_09_2016_T02_09_2026.dbf,100,91.0713000000,0.9107130000,1.0980407659,1,False
2016-10-27,RUB_KGS,KGS,CBR,KGS_RC_F02_09_2016_T02_09_2026.dbf,100,91.1625000000,0.9116250000,1.0969422734,1,False
2016-10-28,RUB_KGS,KGS,CBR,KGS_RC_F02_09_2016_T02_09_2026.dbf,100,92.2648000000,0.9226480000,1.0838369562,1,False
2016-10-29,RUB_KGS,KGS,CBR,KGS_RC_F02_09_2016_T02_09_2026.dbf,100,91.8101000000,0.9181010000,1.0892047825,1,False
2016-11-01,RUB_KGS,KGS,CBR,KGS_RC_F02_09_2016_T02_09_2026.dbf,100,92.0865000000,0.9208650000,1.0859355063,3,False
2016-11-02,RUB_KGS,KGS,CBR,KGS_RC_F02_09_2016_T02_09_2026.dbf,100,92.0265000000,0.9202650000,1.0866435212,1,False
2016-11-03,RUB_KGS,KGS,CBR,KGS_RC_F02_09_2016_T02_09_2026.dbf,100,92.2423000000,0.9224230000,1.0841013288,1,False
2016-11-04,RUB_KGS,KGS,CBR,KGS_RC_F02_09_2016_T02_09_2026.dbf,100,92.3700000000,0.9237000000,1.0826025766,1,False
2016-11-08,RUB_KGS,KGS,CBR,KGS_RC_F02_09_2016_T02_09_2026.dbf,100,92.8752000000,0.9287520000,1.0767136975,4,False
2016-11-09,RUB_KGS,KGS,CBR,KGS_RC_F02_09_2016_T02_09_2026.dbf,100,92.7075000000,0.9270750000,1.0786613812,1,False
2016-11-10,RUB_KGS,KGS,CBR,KGS_RC_F02_09_2016_T02_09_2026.dbf,100,93.0026000000,0.9300260000,1.0752387568,1,False
2016-11-11,RUB_KGS,KGS,CBR,KGS_RC_F02_09_2016_T02_09_2026.dbf,100,92.0742000000,0.9207420000,1.0860805741,1,False
2016-11-12,RUB_KGS,KGS,CBR,KGS_RC_F02_09_2016_T02_09_2026.dbf,100,94.7533000000,0.9475330000,1.0553722139,1,False
2016-11-15,RUB_KGS,KGS,CBR,KGS_RC_F02_09_2016_T02_09_2026.dbf,100,95.4895000000,0.9548950000,1.0472355599,3,False
2016-11-16,RUB_KGS,KGS,CBR,KGS_RC_F02_09_2016_T02_09_2026.dbf,100,95.1034000000,0.9510340000,1.0514871182,1,False
2016-11-17,RUB_KGS,KGS,CBR,KGS_RC_F02_09_2016_T02_09_2026.dbf,100,93.3618000000,0.9336180000,1.0711018854,1,False
2016-11-18,RUB_KGS,KGS,CBR,KGS_RC_F02_09_2016_T02_09_2026.dbf,100,93.8084000000,0.9380840000,1.0660026181,1,False
2016-11-19,RUB_KGS,KGS,CBR,KGS_RC_F02_09_2016_T02_09_2026.dbf,100,94.0785000000,0.9407850000,1.0629421175,1,False
2016-11-22,RUB_KGS,KGS,CBR,KGS_RC_F02_09_2016_T02_09_2026.dbf,100,93.0029000000,0.9300290000,1.0752352884,3,False
2016-11-23,RUB_KGS,KGS,CBR,KGS_RC_F02_09_2016_T02_09_2026.dbf,100,91.9616000000,0.9196160000,1.0874103974,1,False
2016-11-24,RUB_KGS,KGS,CBR,KGS_RC_F02_09_2016_T02_09_2026.dbf,100,92.7528000000,0.9275280000,1.0781345684,1,False
2016-11-25,RUB_KGS,KGS,CBR,KGS_RC_F02_09_2016_T02_09_2026.dbf,100,93.5898000000,0.9358980000,1.0684925067,1,False
2016-11-26,RUB_KGS,KGS,CBR,KGS_RC_F02_09_2016_T02_09_2026.dbf,100,93.4453000000,0.9344530000,1.0701447799,1,False
2016-11-29,RUB_KGS,KGS,CBR,KGS_RC_F02_09_2016_T02_09_2026.dbf,100,93.8082000000,0.9380820000,1.0660048908,3,False
2016-11-30,RUB_KGS,KGS,CBR,KGS_RC_F02_09_2016_T02_09_2026.dbf,100,93.9155000000,0.9391550000,1.0647869627,1,False
2016-12-01,RUB_KGS,KGS,CBR,KGS_RC_F02_09_2016_T02_09_2026.dbf,100,94.3342000000,0.9433420000,1.0600609323,1,False
2016-12-02,RUB_KGS,KGS,CBR,KGS_RC_F02_09_2016_T02_09_2026.dbf,100,92.0825000000,0.9208250000,1.0859826786,1,False
2016-12-03,RUB_KGS,KGS,CBR,KGS_RC_F02_09_2016_T02_09_2026.dbf,100,92.8201000000,0.9282010000,1.0773528578,1,False
2016-12-06,RUB_KGS,KGS,CBR,KGS_RC_F02_09_2016_T02_09_2026.dbf,100,92.4027000000,0.9240270000,1.0822194590,3,False
2016-12-07,RUB_KGS,KGS,CBR,KGS_RC_F02_09_2016_T02_09_2026.dbf,100,92.5376000000,0.9253760000,1.0806418148,1,False
2016-12-08,RUB_KGS,KGS,CBR,KGS_RC_F02_09_2016_T02_09_2026.dbf,100,92.4028000000,0.9240280000,1.0822182878,1,False
2016-12-09,RUB_KGS,KGS,CBR,KGS_RC_F02_09_2016_T02_09_2026.dbf,100,91.4522000000,0.9145220000,1.0934674070,1,False
2016-12-10,RUB_KGS,KGS,CBR,KGS_RC_F02_09_2016_T02_09_2026.dbf,100,91.3724000000,0.9137240000,1.0944223858,1,False
2016-12-13,RUB_KGS,KGS,CBR,KGS_RC_F02_09_2016_T02_09_2026.dbf,100,89.0534000000,0.8905340000,1.1229217526,3,False
2016-12-14,RUB_KGS,KGS,CBR,KGS_RC_F02_09_2016_T02_09_2026.dbf,100,88.2013000000,0.8820130000,1.1337701372,1,False
2016-12-15,RUB_KGS,KGS,CBR,KGS_RC_F02_09_2016_T02_09_2026.dbf,100,87.8898000000,0.8788980000,1.1377884578,1,False
2016-12-16,RUB_KGS,KGS,CBR,KGS_RC_F02_09_2016_T02_09_2026.dbf,100,89.0062000000,0.8900620000,1.1235172381,1,False
2016-12-17,RUB_KGS,KGS,CBR,KGS_RC_F02_09_2016_T02_09_2026.dbf,100,89.1984000000,0.8919840000,1.1210963425,1,False
2016-12-20,RUB_KGS,KGS,CBR,KGS_RC_F02_09_2016_T02_09_2026.dbf,100,89.3222000000,0.8932220000,1.1195425101,3,False
2016-12-21,RUB_KGS,KGS,CBR,KGS_RC_F02_09_2016_T02_09_2026.dbf,100,89.1437000000,0.8914370000,1.1217842652,1,False
2016-12-22,RUB_KGS,KGS,CBR,KGS_RC_F02_09_2016_T02_09_2026.dbf,100,88.4039000000,0.8840390000,1.1311718148,1,False
2016-12-23,RUB_KGS,KGS,CBR,KGS_RC_F02_09_2016_T02_09_2026.dbf,100,87.6896000000,0.8768960000,1.1403860891,1,False
2016-12-24,RUB_KGS,KGS,CBR,KGS_RC_F02_09_2016_T02_09_2026.dbf,100,87.6618000000,0.8766180000,1.1407477373,1,False
2016-12-27,RUB_KGS,KGS,CBR,KGS_RC_F02_09_2016_T02_09_2026.dbf,100,87.5530000000,0.8755300000,1.1421653170,3,False
2016-12-28,RUB_KGS,KGS,CBR,KGS_RC_F02_09_2016_T02_09_2026.dbf,100,87.6688000000,0.8766880000,1.1406566532,1,False
2016-12-29,RUB_KGS,KGS,CBR,KGS_RC_F02_09_2016_T02_09_2026.dbf,100,87.3978000000,0.8739780000,1.1441935609,1,False
2016-12-30,RUB_KGS,KGS,CBR,KGS_RC_F02_09_2016_T02_09_2026.dbf,100,86.8283000000,0.8682830000,1.1516982366,1,False
2016-12-31,RUB_KGS,KGS,CBR,KGS_RC_F02_09_2016_T02_09_2026.dbf,100,87.4012000000,0.8740120000,1.1441490506,1,False
2017-01-10,RUB_KGS,KGS,CBR,KGS_RC_F02_09_2016_T02_09_2026.dbf,100,86.3367000000,0.8633670000,1.1582559908,10,False
2017-01-11,RUB_KGS,KGS,CBR,KGS_RC_F02_09_2016_T02_09_2026.dbf,100,86.5309000000,0.8653090000,1.1556565343,1,False
2017-01-12,RUB_KGS,KGS,CBR,KGS_RC_F02_09_2016_T02_09_2026.dbf,100,86.5848000000,0.8658480000,1.1549371252,1,False
2017-01-13,RUB_KGS,KGS,CBR,KGS_RC_F02_09_2016_T02_09_2026.dbf,100,85.6218000000,0.8562180000,1.1679268597,1,False
2017-01-14,RUB_KGS,KGS,CBR,KGS_RC_F02_09_2016_T02_09_2026.dbf,100,85.4302000000,0.8543020000,1.1705462471,1,False
2017-01-17,RUB_KGS,KGS,CBR,KGS_RC_F02_09_2016_T02_09_2026.dbf,100,85.7959000000,0.8579590000,1.1655568623,3,False
2017-01-18,RUB_KGS,KGS,CBR,KGS_RC_F02_09_2016_T02_09_2026.dbf,100,85.4083000000,0.8540830000,1.1708463931,1,False
2017-01-19,RUB_KGS,KGS,CBR,KGS_RC_F02_09_2016_T02_09_2026.dbf,100,85.1554000000,0.8515540000,1.1743236483,1,False
2017-01-20,RUB_KGS,KGS,CBR,KGS_RC_F02_09_2016_T02_09_2026.dbf,100,85.3999000000,0.8539990000,1.1709615585,1,False
2017-01-21,RUB_KGS,KGS,CBR,KGS_RC_F02_09_2016_T02_09_2026.dbf,100,85.8582000000,0.8585820000,1.1647111167,1,False
2017-01-24,RUB_KGS,KGS,CBR,KGS_RC_F02_09_2016_T02_09_2026.dbf,100,85.4382000000,0.8543820000,1.1704366431,3,False
2017-01-25,RUB_KGS,KGS,CBR,KGS_RC_F02_09_2016_T02_09_2026.dbf,100,85.2060000000,0.8520600000,1.1736262705,1,False
2017-01-26,RUB_KGS,KGS,CBR,KGS_RC_F02_09_2016_T02_09_2026.dbf,100,85.1220000000,0.8512200000,1.1747844271,1,False
2017-01-27,RUB_KGS,KGS,CBR,KGS_RC_F02_09_2016_T02_09_2026.dbf,100,86.0543000000,0.8605430000,1.1620569803,1,False
2017-01-28,RUB_KGS,KGS,CBR,KGS_RC_F02_09_2016_T02_09_2026.dbf,100,86.8861000000,0.8688610000,1.1509320823,1,False
2017-01-31,RUB_KGS,KGS,CBR,KGS_RC_F02_09_2016_T02_09_2026.dbf,100,87.0648000000,0.8706480000,1.1485698009,3,False
2017-02-01,RUB_KGS,KGS,CBR,KGS_RC_F02_09_2016_T02_09_2026.dbf,100,86.9113000000,0.8691130000,1.1505983687,1,False
2017-02-02,RUB_KGS,KGS,CBR,KGS_RC_F02_09_2016_T02_09_2026.dbf,100,87.2641000000,0.8726410000,1.1459466149,1,False
2017-02-03,RUB_KGS,KGS,CBR,KGS_RC_F02_09_2016_T02_09_2026.dbf,100,86.6987000000,0.8669870000,1.1534198321,1,False
2017-02-04,RUB_KGS,KGS,CBR,KGS_RC_F02_09_2016_T02_09_2026.dbf,100,85.5738000000,0.8557380000,1.1685819725,1,False
2017-02-07,RUB_KGS,KGS,CBR,KGS_RC_F02_09_2016_T02_09_2026.dbf,100,84.5234000000,0.8452340000,1.1831043238,3,False
2017-02-08,RUB_KGS,KGS,CBR,KGS_RC_F02_09_2016_T02_09_2026.dbf,100,85.2596000000,0.8525960000,1.1728884489,1,False
2017-02-09,RUB_KGS,KGS,CBR,KGS_RC_F02_09_2016_T02_09_2026.dbf,100,85.7535000000,0.8575350000,1.1661331607,1,False
2017-02-10,RUB_KGS,KGS,CBR,KGS_RC_F02_09_2016_T02_09_2026.dbf,100,85.0148000000,0.8501480000,1.1762657796,1,False
2017-02-11,RUB_KGS,KGS,CBR,KGS_RC_F02_09_2016_T02_09_2026.dbf,100,84.7353000000,0.8473530000,1.1801457008,1,False
2017-02-14,RUB_KGS,KGS,CBR,KGS_RC_F02_09_2016_T02_09_2026.dbf,100,83.4295000000,0.8342950000,1.1986167962,3,False
2017-02-15,RUB_KGS,KGS,CBR,KGS_RC_F02_09_2016_T02_09_2026.dbf,100,83.1669000000,0.8316690000,1.2024014361,1,False
2017-02-16,RUB_KGS,KGS,CBR,KGS_RC_F02_09_2016_T02_09_2026.dbf,100,81.8971000000,0.8189710000,1.2210444570,1,False
2017-02-17,RUB_KGS,KGS,CBR,KGS_RC_F02_09_2016_T02_09_2026.dbf,100,82.6116000000,0.8261160000,1.2104837577,1,False
2017-02-18,RUB_KGS,KGS,CBR,KGS_RC_F02_09_2016_T02_09_2026.dbf,100,83.3998000000,0.8339980000,1.1990436428,1,False
2017-02-21,RUB_KGS,KGS,CBR,KGS_RC_F02_09_2016_T02_09_2026.dbf,100,83.8875000000,0.8388750000,1.1920727164,3,False
2017-02-22,RUB_KGS,KGS,CBR,KGS_RC_F02_09_2016_T02_09_2026.dbf,100,83.7273000000,0.8372730000,1.1943535740,1,False
2017-02-23,RUB_KGS,KGS,CBR,KGS_RC_F02_09_2016_T02_09_2026.dbf,100,83.1729000000,0.8317290000,1.2023146963,1,False
2017-02-28,RUB_KGS,KGS,CBR,KGS_RC_F02_09_2016_T02_09_2026.dbf,100,83.6552000000,0.8365520000,1.1953829529,5,False
2017-03-01,RUB_KGS,KGS,CBR,KGS_RC_F02_09_2016_T02_09_2026.dbf,100,83.6982000000,0.8369820000,1.1947688242,1,False
2017-03-02,RUB_KGS,KGS,CBR,KGS_RC_F02_09_2016_T02_09_2026.dbf,100,84.3892000000,0.8438920000,1.1849857565,1,False
2017-03-03,RUB_KGS,KGS,CBR,KGS_RC_F02_09_2016_T02_09_2026.dbf,100,84.4074000000,0.8440740000,1.1847302488,1,False
2017-03-04,RUB_KGS,KGS,CBR,KGS_RC_F02_09_2016_T02_09_2026.dbf,100,85.1240000000,0.8512400000,1.1747568253,1,False
2017-03-07,RUB_KGS,KGS,CBR,KGS_RC_F02_09_2016_T02_09_2026.dbf,100,84.1151000000,0.8411510000,1.1888471868,3,False
2017-03-08,RUB_KGS,KGS,CBR,KGS_RC_F02_09_2016_T02_09_2026.dbf,100,84.1401000000,0.8414010000,1.1884939523,1,False
2017-03-10,RUB_KGS,KGS,CBR,KGS_RC_F02_09_2016_T02_09_2026.dbf,100,84.8454000000,0.8484540000,1.1786142796,2,False
2017-03-11,RUB_KGS,KGS,CBR,KGS_RC_F02_09_2016_T02_09_2026.dbf,100,85.6130000000,0.8561300000,1.1680469088,1,False
2017-03-14,RUB_KGS,KGS,CBR,KGS_RC_F02_09_2016_T02_09_2026.dbf,100,85.3064000000,0.8530640000,1.1722449898,3,False
2017-03-15,RUB_KGS,KGS,CBR,KGS_RC_F02_09_2016_T02_09_2026.dbf,100,85.1375000000,0.8513750000,1.1745705476,1,False
2017-03-16,RUB_KGS,KGS,CBR,KGS_RC_F02_09_2016_T02_09_2026.dbf,100,85.3475000000,0.8534750000,1.1716804827,1,False
2017-03-17,RUB_KGS,KGS,CBR,KGS_RC_F02_09_2016_T02_09_2026.dbf,100,84.0734000000,0.8407340000,1.1894368492,1,False
2017-03-18,RUB_KGS,KGS,CBR,KGS_RC_F02_09_2016_T02_09_2026.dbf,100,83.5843000000,0.8358430000,1.1963969310,1,False
2017-03-21,RUB_KGS,KGS,CBR,KGS_RC_F02_09_2016_T02_09_2026.dbf,100,82.4690000000,0.8246900000,1.2125768471,3,False
2017-03-22,RUB_KGS,KGS,CBR,KGS_RC_F02_09_2016_T02_09_2026.dbf,100,82.3961000000,0.8239610000,1.2136496752,1,False
2017-03-23,RUB_KGS,KGS,CBR,KGS_RC_F02_09_2016_T02_09_2026.dbf,100,83.3251000000,0.8332510000,1.2001185717,1,False
2017-03-24,RUB_KGS,KGS,CBR,KGS_RC_F02_09_2016_T02_09_2026.dbf,100,83.1768000000,0.8317680000,1.2022583220,1,False
2017-03-25,RUB_KGS,KGS,CBR,KGS_RC_F02_09_2016_T02_09_2026.dbf,100,82.8556000000,0.8285560000,1.2069190254,1,False
2017-03-28,RUB_KGS,KGS,CBR,KGS_RC_F02_09_2016_T02_09_2026.dbf,100,82.8827000000,0.8288270000,1.2065244014,3,False
2017-03-29,RUB_KGS,KGS,CBR,KGS_RC_F02_09_2016_T02_09_2026.dbf,100,82.7564000000,0.8275640000,1.2083657578,1,False
2017-03-30,RUB_KGS,KGS,CBR,KGS_RC_F02_09_2016_T02_09_2026.dbf,100,83.0461000000,0.8304610000,1.2041504658,1,False
2017-03-31,RUB_KGS,KGS,CBR,KGS_RC_F02_09_2016_T02_09_2026.dbf,100,82.2015000000,0.8220150000,1.2165228128,1,False
2017-04-01,RUB_KGS,KGS,CBR,KGS_RC_F02_09_2016_T02_09_2026.dbf,100,81.5670000000,0.8156700000,1.2259859992,1,False
2017-04-04,RUB_KGS,KGS,CBR,KGS_RC_F02_09_2016_T02_09_2026.dbf,100,81.6502000000,0.8165020000,1.2247367428,3,False
2017-04-05,RUB_KGS,KGS,CBR,KGS_RC_F02_09_2016_T02_09_2026.dbf,100,82.2563000000,0.8225630000,1.2157123527,1,False
2017-04-06,RUB_KGS,KGS,CBR,KGS_RC_F02_09_2016_T02_09_2026.dbf,100,81.5389000000,0.8153890000,1.2264084995,1,False
2017-04-07,RUB_KGS,KGS,CBR,KGS_RC_F02_09_2016_T02_09_2026.dbf,100,82.3640000000,0.8236400000,1.2141226750,1,False
2017-04-08,RUB_KGS,KGS,CBR,KGS_RC_F02_09_2016_T02_09_2026.dbf,100,83.1545000000,0.8315450000,1.2025807383,1,False
2017-04-11,RUB_KGS,KGS,CBR,KGS_RC_F02_09_2016_T02_09_2026.dbf,100,83.8110000000,0.8381100000,1.1931608023,3,False
2017-04-12,RUB_KGS,KGS,CBR,KGS_RC_F02_09_2016_T02_09_2026.dbf,100,83.1766000000,0.8317660000,1.2022612129,1,False
2017-04-13,RUB_KGS,KGS,CBR,KGS_RC_F02_09_2016_T02_09_2026.dbf,100,82.9025000000,0.8290250000,1.2062362414,1,False
2017-04-14,RUB_KGS,KGS,CBR,KGS_RC_F02_09_2016_T02_09_2026.dbf,100,82.7513000000,0.8275130000,1.2084402299,1,False
2017-04-15,RUB_KGS,KGS,CBR,KGS_RC_F02_09_2016_T02_09_2026.dbf,100,82.4828000000,0.8248280000,1.2123739737,1,False
2017-04-18,RUB_KGS,KGS,CBR,KGS_RC_F02_09_2016_T02_09_2026.dbf,100,82.1775000000,0.8217750000,1.2168780992,3,False
2017-04-19,RUB_KGS,KGS,CBR,KGS_RC_F02_09_2016_T02_09_2026.dbf,100,81.9752000000,0.8197520000,1.2198811348,1,False
2017-04-20,RUB_KGS,KGS,CBR,KGS_RC_F02_09_2016_T02_09_2026.dbf,100,82.7580000000,0.8275800000,1.2083423959,1,False
2017-04-21,RUB_KGS,KGS,CBR,KGS_RC_F02_09_2016_T02_09_2026.dbf,100,83.2096000000,0.8320960000,1.2017844095,1,False
2017-04-22,RUB_KGS,KGS,CBR,KGS_RC_F02_09_2016_T02_09_2026.dbf,100,83.5213000000,0.8352130000,1.1972993715,1,False
2017-04-25,RUB_KGS,KGS,CBR,KGS_RC_F02_09_2016_T02_09_2026.dbf,100,83.9198000000,0.8391980000,1.1916138980,3,False
2017-04-26,RUB_KGS,KGS,CBR,KGS_RC_F02_09_2016_T02_09_2026.dbf,100,83.1655000000,0.8316550000,1.2024216773,1,False
2017-04-27,RUB_KGS,KGS,CBR,KGS_RC_F02_09_2016_T02_09_2026.dbf,100,83.8750000000,0.8387500000,1.1922503726,1,False
2017-04-28,RUB_KGS,KGS,CBR,KGS_RC_F02_09_2016_T02_09_2026.dbf,100,84.8626000000,0.8486260000,1.1783753974,1,False
2017-04-29,RUB_KGS,KGS,CBR,KGS_RC_F02_09_2016_T02_09_2026.dbf,100,84.7437000000,0.8474370000,1.1800287219,1,False
2017-05-03,RUB_KGS,KGS,CBR,KGS_RC_F02_09_2016_T02_09_2026.dbf,100,84.0121000000,0.8401210000,1.1903047299,4,False
2017-05-04,RUB_KGS,KGS,CBR,KGS_RC_F02_09_2016_T02_09_2026.dbf,100,84.3070000000,0.8430700000,1.1861411271,1,False
2017-05-05,RUB_KGS,KGS,CBR,KGS_RC_F02_09_2016_T02_09_2026.dbf,100,85.2278000000,0.8522780000,1.1733260744,1,False
2017-05-06,RUB_KGS,KGS,CBR,KGS_RC_F02_09_2016_T02_09_2026.dbf,100,86.4671000000,0.8646710000,1.1565092388,1,False
2017-05-11,RUB_KGS,KGS,CBR,KGS_RC_F02_09_2016_T02_09_2026.dbf,100,85.8699000000,0.8586990000,1.1645524217,5,False
2017-05-12,RUB_KGS,KGS,CBR,KGS_RC_F02_09_2016_T02_09_2026.dbf,100,84.0561000000,0.8405610000,1.1896816531,1,False
2017-05-13,RUB_KGS,KGS,CBR,KGS_RC_F02_09_2016_T02_09_2026.dbf,100,84.3749000000,0.8437490000,1.1851865899,1,False
2017-05-16,RUB_KGS,KGS,CBR,KGS_RC_F02_09_2016_T02_09_2026.dbf,100,83.3714000000,0.8337140000,1.1994520903,3,False
2017-05-17,RUB_KGS,KGS,CBR,KGS_RC_F02_09_2016_T02_09_2026.dbf,100,83.0165000000,0.8301650000,1.2045798124,1,False
2017-05-18,RUB_KGS,KGS,CBR,KGS_RC_F02_09_2016_T02_09_2026.dbf,100,83.6848000000,0.8368480000,1.1949601361,1,False
2017-05-19,RUB_KGS,KGS,CBR,KGS_RC_F02_09_2016_T02_09_2026.dbf,100,84.7240000000,0.8472400000,1.1803031018,1,False
2017-05-20,RUB_KGS,KGS,CBR,KGS_RC_F02_09_2016_T02_09_2026.dbf,100,84.3071000000,0.8430710000,1.1861397201,1,False
2017-05-23,RUB_KGS,KGS,CBR,KGS_RC_F02_09_2016_T02_09_2026.dbf,100,83.3685000000,0.8336850000,1.1994938136,3,False
2017-05-24,RUB_KGS,KGS,CBR,KGS_RC_F02_09_2016_T02_09_2026.dbf,100,83.2919000000,0.8329190000,1.2005969368,1,False
2017-05-25,RUB_KGS,KGS,CBR,KGS_RC_F02_09_2016_T02_09_2026.dbf,100,82.8904000000,0.8289040000,1.2064123228,1,False
2017-05-26,RUB_KGS,KGS,CBR,KGS_RC_F02_09_2016_T02_09_2026.dbf,100,82.5167000000,0.8251670000,1.2118758991,1,False
2017-05-27,RUB_KGS,KGS,CBR,KGS_RC_F02_09_2016_T02_09_2026.dbf,100,83.4954000000,0.8349540000,1.1976707699,1,False
2017-05-30,RUB_KGS,KGS,CBR,KGS_RC_F02_09_2016_T02_09_2026.dbf,100,83.3612000000,0.8336120000,1.1995988541,3,False
2017-05-31,RUB_KGS,KGS,CBR,KGS_RC_F02_09_2016_T02_09_2026.dbf,100,83.0275000000,0.8302750000,1.2044202222,1,False
2017-06-01,RUB_KGS,KGS,CBR,KGS_RC_F02_09_2016_T02_09_2026.dbf,100,83.2417000000,0.8324170000,1.2013209725,1,False
2017-06-02,RUB_KGS,KGS,CBR,KGS_RC_F02_09_2016_T02_09_2026.dbf,100,82.9601000000,0.8296010000,1.2053987399,1,False
2017-06-03,RUB_KGS,KGS,CBR,KGS_RC_F02_09_2016_T02_09_2026.dbf,100,83.1196000000,0.8311960000,1.2030856741,1,False
2017-06-06,RUB_KGS,KGS,CBR,KGS_RC_F02_09_2016_T02_09_2026.dbf,100,83.0135000000,0.8301350000,1.2046233444,3,False
2017-06-07,RUB_KGS,KGS,CBR,KGS_RC_F02_09_2016_T02_09_2026.dbf,100,83.1007000000,0.8310070000,1.2033592978,1,False
2017-06-08,RUB_KGS,KGS,CBR,KGS_RC_F02_09_2016_T02_09_2026.dbf,100,82.9733000000,0.8297330000,1.2052069762,1,False
2017-06-09,RUB_KGS,KGS,CBR,KGS_RC_F02_09_2016_T02_09_2026.dbf,100,83.5567000000,0.8355670000,1.1967921184,1,False
2017-06-10,RUB_KGS,KGS,CBR,KGS_RC_F02_09_2016_T02_09_2026.dbf,100,83.6052000000,0.8360520000,1.1960978504,1,False
2017-06-14,RUB_KGS,KGS,CBR,KGS_RC_F02_09_2016_T02_09_2026.dbf,100,83.1404000000,0.8314040000,1.2027846871,4,False
2017-06-15,RUB_KGS,KGS,CBR,KGS_RC_F02_09_2016_T02_09_2026.dbf,100,83.3167000000,0.8331670000,1.2002395678,1,False
2017-06-16,RUB_KGS,KGS,CBR,KGS_RC_F02_09_2016_T02_09_2026.dbf,100,83.9207000000,0.8392070000,1.1916011187,1,False
2017-06-17,RUB_KGS,KGS,CBR,KGS_RC_F02_09_2016_T02_09_2026.dbf,100,84.3794000000,0.8437940000,1.1851233832,1,False
2017-06-20,RUB_KGS,KGS,CBR,KGS_RC_F02_09_2016_T02_09_2026.dbf,100,84.6480000000,0.8464800000,1.1813628201,3,False
2017-06-21,RUB_KGS,KGS,CBR,KGS_RC_F02_09_2016_T02_09_2026.dbf,100,85.4538000000,0.8545380000,1.1702229743,1,False
2017-06-22,RUB_KGS,KGS,CBR,KGS_RC_F02_09_2016_T02_09_2026.dbf,100,87.3362000000,0.8733620000,1.1450005840,1,False
2017-06-23,RUB_KGS,KGS,CBR,KGS_RC_F02_09_2016_T02_09_2026.dbf,100,87.5647000000,0.8756470000,1.1420127060,1,False
2017-06-24,RUB_KGS,KGS,CBR,KGS_RC_F02_09_2016_T02_09_2026.dbf,100,86.5966000000,0.8659660000,1.1547797489,1,False
2017-06-27,RUB_KGS,KGS,CBR,KGS_RC_F02_09_2016_T02_09_2026.dbf,100,85.6085000000,0.8560850000,1.1681083070,3,False
2017-06-28,RUB_KGS,KGS,CBR,KGS_RC_F02_09_2016_T02_09_2026.dbf,100,85.4510000000,0.8545100000,1.1702613194,1,False
2017-06-29,RUB_KGS,KGS,CBR,KGS_RC_F02_09_2016_T02_09_2026.dbf,100,86.4173000000,0.8641730000,1.1571757044,1,False
2017-06-30,RUB_KGS,KGS,CBR,KGS_RC_F02_09_2016_T02_09_2026.dbf,100,85.6063000000,0.8560630000,1.1681383263,1,False
2017-07-01,RUB_KGS,KGS,CBR,KGS_RC_F02_09_2016_T02_09_2026.dbf,100,85.8331000000,0.8583310000,1.1650517108,1,False
2017-07-04,RUB_KGS,KGS,CBR,KGS_RC_F02_09_2016_T02_09_2026.dbf,100,85.0317000000,0.8503170000,1.1760319975,3,False
2017-07-05,RUB_KGS,KGS,CBR,KGS_RC_F02_09_2016_T02_09_2026.dbf,100,85.4683000000,0.8546830000,1.1700244418,1,False
2017-07-06,RUB_KGS,KGS,CBR,KGS_RC_F02_09_2016_T02_09_2026.dbf,100,85.9722000000,0.8597220000,1.1631666981,1,False
2017-07-07,RUB_KGS,KGS,CBR,KGS_RC_F02_09_2016_T02_09_2026.dbf,100,86.9302000000,0.8693020000,1.1503482104,1,False
2017-07-08,RUB_KGS,KGS,CBR,KGS_RC_F02_09_2016_T02_09_2026.dbf,100,87.1273000000,0.8712730000,1.1477458845,1,False
2017-07-11,RUB_KGS,KGS,CBR,KGS_RC_F02_09_2016_T02_09_2026.dbf,100,87.0150000000,0.8701500000,1.1492271447,3,False
2017-07-12,RUB_KGS,KGS,CBR,KGS_RC_F02_09_2016_T02_09_2026.dbf,100,87.6601000000,0.8766010000,1.1407698599,1,False
2017-07-13,RUB_KGS,KGS,CBR,KGS_RC_F02_09_2016_T02_09_2026.dbf,100,87.5165000000,0.8751650000,1.1426416733,1,False
2017-07-14,RUB_KGS,KGS,CBR,KGS_RC_F02_09_2016_T02_09_2026.dbf,100,86.9077000000,0.8690770000,1.1506460302,1,False
2017-07-15,RUB_KGS,KGS,CBR,KGS_RC_F02_09_2016_T02_09_2026.dbf,100,86.4827000000,0.8648270000,1.1563006243,1,False
2017-07-18,RUB_KGS,KGS,CBR,KGS_RC_F02_09_2016_T02_09_2026.dbf,100,85.3181000000,0.8531810000,1.1720842353,3,False
2017-07-19,RUB_KGS,KGS,CBR,KGS_RC_F02_09_2016_T02_09_2026.dbf,100,85.7732000000,0.8577320000,1.1658653286,1,False
2017-07-20,RUB_KGS,KGS,CBR,KGS_RC_F02_09_2016_T02_09_2026.dbf,100,85.5885000000,0.8558850000,1.1683812662,1,False
2017-07-21,RUB_KGS,KGS,CBR,KGS_RC_F02_09_2016_T02_09_2026.dbf,100,85.3667000000,0.8536670000,1.1714169577,1,False
2017-07-22,RUB_KGS,KGS,CBR,KGS_RC_F02_09_2016_T02_09_2026.dbf,100,85.1515000000,0.8515150000,1.1743774332,1,False
2017-07-25,RUB_KGS,KGS,CBR,KGS_RC_F02_09_2016_T02_09_2026.dbf,100,86.2011000000,0.8620110000,1.1600780036,3,False
2017-07-26,RUB_KGS,KGS,CBR,KGS_RC_F02_09_2016_T02_09_2026.dbf,100,86.4367000000,0.8643670000,1.1569159859,1,False
2017-07-27,RUB_KGS,KGS,CBR,KGS_RC_F02_09_2016_T02_09_2026.dbf,100,86.5754000000,0.8657540000,1.1550625235,1,False
2017-07-28,RUB_KGS,KGS,CBR,KGS_RC_F02_09_2016_T02_09_2026.dbf,100,85.8777000000,0.8587770000,1.1644466491,1,False
2017-07-29,RUB_KGS,KGS,CBR,KGS_RC_F02_09_2016_T02_09_2026.dbf,100,86.0830000000,0.8608300000,1.1616695515,1,False
2017-08-01,RUB_KGS,KGS,CBR,KGS_RC_F02_09_2016_T02_09_2026.dbf,100,86.8594000000,0.8685940000,1.1512858712,3,False
2017-08-02,RUB_KGS,KGS,CBR,KGS_RC_F02_09_2016_T02_09_2026.dbf,100,86.5443000000,0.8654430000,1.1554775993,1,False
2017-08-03,RUB_KGS,KGS,CBR,KGS_RC_F02_09_2016_T02_09_2026.dbf,100,87.6094000000,0.8760940000,1.1414300292,1,False
2017-08-04,RUB_KGS,KGS,CBR,KGS_RC_F02_09_2016_T02_09_2026.dbf,100,87.8783000000,0.8787830000,1.1379373520,1,False
2017-08-05,RUB_KGS,KGS,CBR,KGS_RC_F02_09_2016_T02_09_2026.dbf,100,87.2676000000,0.8726760000,1.1459006550,1,False
2017-08-08,RUB_KGS,KGS,CBR,KGS_RC_F02_09_2016_T02_09_2026.dbf,100,86.8931000000,0.8689310000,1.1508393647,3,False
2017-08-09,RUB_KGS,KGS,CBR,KGS_RC_F02_09_2016_T02_09_2026.dbf,100,86.8142000000,0.8681420000,1.1518852907,1,False
2017-08-10,RUB_KGS,KGS,CBR,KGS_RC_F02_09_2016_T02_09_2026.dbf,100,86.7116000000,0.8671160000,1.1532482390,1,False
2017-08-11,RUB_KGS,KGS,CBR,KGS_RC_F02_09_2016_T02_09_2026.dbf,100,86.6664000000,0.8666640000,1.1538497042,1,False
2017-08-12,RUB_KGS,KGS,CBR,KGS_RC_F02_09_2016_T02_09_2026.dbf,100,87.0639000000,0.8706390000,1.1485816739,1,False
2017-08-15,RUB_KGS,KGS,CBR,KGS_RC_F02_09_2016_T02_09_2026.dbf,100,86.5148000000,0.8651480000,1.1558715965,3,False
2017-08-16,RUB_KGS,KGS,CBR,KGS_RC_F02_09_2016_T02_09_2026.dbf,100,86.7119000000,0.8671190000,1.1532442491,1,False
2017-08-17,RUB_KGS,KGS,CBR,KGS_RC_F02_09_2016_T02_09_2026.dbf,100,86.3397000000,0.8633970000,1.1582157455,1,False
2017-08-18,RUB_KGS,KGS,CBR,KGS_RC_F02_09_2016_T02_09_2026.dbf,100,85.7687000000,0.8576870000,1.1659264977,1,False
2017-08-19,RUB_KGS,KGS,CBR,KGS_RC_F02_09_2016_T02_09_2026.dbf,100,85.9933000000,0.8599330000,1.1628812942,1,False
2017-08-22,RUB_KGS,KGS,CBR,KGS_RC_F02_09_2016_T02_09_2026.dbf,100,85.6866000000,0.8568660000,1.1670436218,3,False
2017-08-23,RUB_KGS,KGS,CBR,KGS_RC_F02_09_2016_T02_09_2026.dbf,100,85.5522000000,0.8555220000,1.1688770131,1,False
2017-08-24,RUB_KGS,KGS,CBR,KGS_RC_F02_09_2016_T02_09_2026.dbf,100,85.6912000000,0.8569120000,1.1669809735,1,False
2017-08-25,RUB_KGS,KGS,CBR,KGS_RC_F02_09_2016_T02_09_2026.dbf,100,85.7060000000,0.8570600000,1.1667794553,1,False
2017-08-26,RUB_KGS,KGS,CBR,KGS_RC_F02_09_2016_T02_09_2026.dbf,100,85.7212000000,0.8572120000,1.1665725631,1,False
2017-08-29,RUB_KGS,KGS,CBR,KGS_RC_F02_09_2016_T02_09_2026.dbf,100,84.8506000000,0.8485060000,1.1785420492,3,False
2017-08-30,RUB_KGS,KGS,CBR,KGS_RC_F02_09_2016_T02_09_2026.dbf,100,84.8290000000,0.8482900000,1.1788421412,1,False
2017-08-31,RUB_KGS,KGS,CBR,KGS_RC_F02_09_2016_T02_09_2026.dbf,100,85.1168000000,0.8511680000,1.1748561976,1,False
2017-09-01,RUB_KGS,KGS,CBR,KGS_RC_F02_09_2016_T02_09_2026.dbf,100,84.8607000000,0.8486070000,1.1784017808,1,False
2017-09-02,RUB_KGS,KGS,CBR,KGS_RC_F02_09_2016_T02_09_2026.dbf,100,84.1631000000,0.8416310000,1.1881691620,1,False
2017-09-05,RUB_KGS,KGS,CBR,KGS_RC_F02_09_2016_T02_09_2026.dbf,100,83.7659000000,0.8376590000,1.1938032063,3,False
2017-09-06,RUB_KGS,KGS,CBR,KGS_RC_F02_09_2016_T02_09_2026.dbf,100,83.8653000000,0.8386530000,1.1923882702,1,False
2017-09-07,RUB_KGS,KGS,CBR,KGS_RC_F02_09_2016_T02_09_2026.dbf,100,83.1357000000,0.8313570000,1.2028526854,1,False
2017-09-08,RUB_KGS,KGS,CBR,KGS_RC_F02_09_2016_T02_09_2026.dbf,100,82.8732000000,0.8287320000,1.2066627088,1,False
2017-09-09,RUB_KGS,KGS,CBR,KGS_RC_F02_09_2016_T02_09_2026.dbf,100,82.6997000000,0.8269970000,1.2091942292,1,False
2017-09-12,RUB_KGS,KGS,CBR,KGS_RC_F02_09_2016_T02_09_2026.dbf,100,82.9504000000,0.8295040000,1.2055396960,3,False
2017-09-13,RUB_KGS,KGS,CBR,KGS_RC_F02_09_2016_T02_09_2026.dbf,100,83.1141000000,0.8311410000,1.2031652872,1,False
2017-09-14,RUB_KGS,KGS,CBR,KGS_RC_F02_09_2016_T02_09_2026.dbf,100,83.7101000000,0.8371010000,1.1945989791,1,False
2017-09-15,RUB_KGS,KGS,CBR,KGS_RC_F02_09_2016_T02_09_2026.dbf,100,83.8592000000,0.8385920000,1.1924750057,1,False
2017-09-16,RUB_KGS,KGS,CBR,KGS_RC_F02_09_2016_T02_09_2026.dbf,100,83.5394000000,0.8353940000,1.1970399596,1,False
2017-09-19,RUB_KGS,KGS,CBR,KGS_RC_F02_09_2016_T02_09_2026.dbf,100,83.6953000000,0.8369530000,1.1948102223,3,False
2017-09-20,RUB_KGS,KGS,CBR,KGS_RC_F02_09_2016_T02_09_2026.dbf,100,84.4221000000,0.8442210000,1.1845239576,1,False
2017-09-21,RUB_KGS,KGS,CBR,KGS_RC_F02_09_2016_T02_09_2026.dbf,100,84.4898000000,0.8448980000,1.1835748220,1,False
2017-09-22,RUB_KGS,KGS,CBR,KGS_RC_F02_09_2016_T02_09_2026.dbf,100,84.6528000000,0.8465280000,1.1812958343,1,False
2017-09-23,RUB_KGS,KGS,CBR,KGS_RC_F02_09_2016_T02_09_2026.dbf,100,83.8341000000,0.8383410000,1.1928320337,1,False
2017-09-26,RUB_KGS,KGS,CBR,KGS_RC_F02_09_2016_T02_09_2026.dbf,100,83.7324000000,0.8373240000,1.1942808280,3,False
2017-09-27,RUB_KGS,KGS,CBR,KGS_RC_F02_09_2016_T02_09_2026.dbf,100,83.5419000000,0.8354190000,1.1970041380,1,False
2017-09-28,RUB_KGS,KGS,CBR,KGS_RC_F02_09_2016_T02_09_2026.dbf,100,84.6864000000,0.8468640000,1.1808271458,1,False
2017-09-29,RUB_KGS,KGS,CBR,KGS_RC_F02_09_2016_T02_09_2026.dbf,100,85.0444000000,0.8504440000,1.1758563762,1,False
2017-09-30,RUB_KGS,KGS,CBR,KGS_RC_F02_09_2016_T02_09_2026.dbf,100,84.4005000000,0.8440050000,1.1848271041,1,False
2017-10-03,RUB_KGS,KGS,CBR,KGS_RC_F02_09_2016_T02_09_2026.dbf,100,84.1167000000,0.8411670000,1.1888245735,3,False
2017-10-04,RUB_KGS,KGS,CBR,KGS_RC_F02_09_2016_T02_09_2026.dbf,100,84.2973000000,0.8429730000,1.1862776151,1,False
2017-10-05,RUB_KGS,KGS,CBR,KGS_RC_F02_09_2016_T02_09_2026.dbf,100,84.0850000000,0.8408500000,1.1892727597,1,False
2017-10-06,RUB_KGS,KGS,CBR,KGS_RC_F02_09_2016_T02_09_2026.dbf,100,83.8153000000,0.8381530000,1.1930995892,1,False
2017-10-07,RUB_KGS,KGS,CBR,KGS_RC_F02_09_2016_T02_09_2026.dbf,100,84.0799000000,0.8407990000,1.1893448969,1,False
2017-10-10,RUB_KGS,KGS,CBR,KGS_RC_F02_09_2016_T02_09_2026.dbf,100,84.8877000000,0.8488770000,1.1780269697,3,False
2017-10-11,RUB_KGS,KGS,CBR,KGS_RC_F02_09_2016_T02_09_2026.dbf,100,84.8996000000,0.8489960000,1.1778618509,1,False
2017-10-12,RUB_KGS,KGS,CBR,KGS_RC_F02_09_2016_T02_09_2026.dbf,100,84.6303000000,0.8463030000,1.1816098962,1,False
2017-10-13,RUB_KGS,KGS,CBR,KGS_RC_F02_09_2016_T02_09_2026.dbf,100,84.2907000000,0.8429070000,1.1863705011,1,False
2017-10-14,RUB_KGS,KGS,CBR,KGS_RC_F02_09_2016_T02_09_2026.dbf,100,84.1949000000,0.8419490000,1.1877203964,1,False
2017-10-17,RUB_KGS,KGS,CBR,KGS_RC_F02_09_2016_T02_09_2026.dbf,100,83.4177000000,0.8341770000,1.1987863487,3,False
2017-10-18,RUB_KGS,KGS,CBR,KGS_RC_F02_09_2016_T02_09_2026.dbf,100,83.5848000000,0.8358480000,1.1963897742,1,False
2017-10-19,RUB_KGS,KGS,CBR,KGS_RC_F02_09_2016_T02_09_2026.dbf,100,83.4262000000,0.8342620000,1.1986642086,1,False
2017-10-20,RUB_KGS,KGS,CBR,KGS_RC_F02_09_2016_T02_09_2026.dbf,100,83.8610000000,0.8386100000,1.1924494103,1,False
2017-10-21,RUB_KGS,KGS,CBR,KGS_RC_F02_09_2016_T02_09_2026.dbf,100,83.8976000000,0.8389760000,1.1919292089,1,False
2017-10-24,RUB_KGS,KGS,CBR,KGS_RC_F02_09_2016_T02_09_2026.dbf,100,83.9109000000,0.8391090000,1.1917402864,3,False
2017-10-25,RUB_KGS,KGS,CBR,KGS_RC_F02_09_2016_T02_09_2026.dbf,100,84.1028000000,0.8410280000,1.1890210552,1,False
2017-10-26,RUB_KGS,KGS,CBR,KGS_RC_F02_09_2016_T02_09_2026.dbf,100,84.1080000000,0.8410800000,1.1889475436,1,False
2017-10-27,RUB_KGS,KGS,CBR,KGS_RC_F02_09_2016_T02_09_2026.dbf,100,84.2291000000,0.8422910000,1.1872381398,1,False
2017-10-28,RUB_KGS,KGS,CBR,KGS_RC_F02_09_2016_T02_09_2026.dbf,100,84.5832000000,0.8458320000,1.1822678735,1,False
2017-10-31,RUB_KGS,KGS,CBR,KGS_RC_F02_09_2016_T02_09_2026.dbf,100,84.3093000000,0.8430930000,1.1861087685,3,False
2017-11-01,RUB_KGS,KGS,CBR,KGS_RC_F02_09_2016_T02_09_2026.dbf,100,84.5167000000,0.8451670000,1.1831981135,1,False
2017-11-02,RUB_KGS,KGS,CBR,KGS_RC_F02_09_2016_T02_09_2026.dbf,100,84.3447000000,0.8434470000,1.1856109513,1,False
2017-11-03,RUB_KGS,KGS,CBR,KGS_RC_F02_09_2016_T02_09_2026.dbf,100,84.0621000000,0.8406210000,1.1895967386,1,False
2017-11-04,RUB_KGS,KGS,CBR,KGS_RC_F02_09_2016_T02_09_2026.dbf,100,85.1743000000,0.8517430000,1.1740630683,1,False
2017-11-08,RUB_KGS,KGS,CBR,KGS_RC_F02_09_2016_T02_09_2026.dbf,100,84.3638000000,0.8436380000,1.1853425284,4,False
2017-11-09,RUB_KGS,KGS,CBR,KGS_RC_F02_09_2016_T02_09_2026.dbf,100,85.1876000000,0.8518760000,1.1738797665,1,False
2017-11-10,RUB_KGS,KGS,CBR,KGS_RC_F02_09_2016_T02_09_2026.dbf,100,85.1332000000,0.8513320000,1.1746298741,1,False
2017-11-11,RUB_KGS,KGS,CBR,KGS_RC_F02_09_2016_T02_09_2026.dbf,100,85.0392000000,0.8503920000,1.1759282778,1,False
2017-11-14,RUB_KGS,KGS,CBR,KGS_RC_F02_09_2016_T02_09_2026.dbf,100,84.8613000000,0.8486130000,1.1783934491,3,False
2017-11-15,RUB_KGS,KGS,CBR,KGS_RC_F02_09_2016_T02_09_2026.dbf,100,85.5022000000,0.8550220000,1.1695605493,1,False
2017-11-16,RUB_KGS,KGS,CBR,KGS_RC_F02_09_2016_T02_09_2026.dbf,100,86.4033000000,0.8640330000,1.1573632026,1,False
2017-11-17,RUB_KGS,KGS,CBR,KGS_RC_F02_09_2016_T02_09_2026.dbf,100,86.0316000000,0.8603160000,1.1623635966,1,False
2017-11-18,RUB_KGS,KGS,CBR,KGS_RC_F02_09_2016_T02_09_2026.dbf,100,85.5191000000,0.8551910000,1.1693294247,1,False
2017-11-21,RUB_KGS,KGS,CBR,KGS_RC_F02_09_2016_T02_09_2026.dbf,100,85.0303000000,0.8503030000,1.1760513605,3,False
2017-11-22,RUB_KGS,KGS,CBR,KGS_RC_F02_09_2016_T02_09_2026.dbf,100,85.3090000000,0.8530900000,1.1722092628,1,False
2017-11-23,RUB_KGS,KGS,CBR,KGS_RC_F02_09_2016_T02_09_2026.dbf,100,84.6597000000,0.8465970000,1.1811995554,1,False
2017-11-24,RUB_KGS,KGS,CBR,KGS_RC_F02_09_2016_T02_09_2026.dbf,100,83.8769000000,0.8387690000,1.1922233654,1,False
2017-11-25,RUB_KGS,KGS,CBR,KGS_RC_F02_09_2016_T02_09_2026.dbf,100,83.9194000000,0.8391940000,1.1916195778,1,False
2017-11-28,RUB_KGS,KGS,CBR,KGS_RC_F02_09_2016_T02_09_2026.dbf,100,83.6716000000,0.8367160000,1.1951486526,3,False
2017-11-29,RUB_KGS,KGS,CBR,KGS_RC_F02_09_2016_T02_09_2026.dbf,100,83.8056000000,0.8380560000,1.1932376834,1,False
2017-11-30,RUB_KGS,KGS,CBR,KGS_RC_F02_09_2016_T02_09_2026.dbf,100,83.6888000000,0.8368880000,1.1949030217,1,False
2017-12-01,RUB_KGS,KGS,CBR,KGS_RC_F02_09_2016_T02_09_2026.dbf,100,84.0479000000,0.8404790000,1.1897977225,1,False
2017-12-02,RUB_KGS,KGS,CBR,KGS_RC_F02_09_2016_T02_09_2026.dbf,100,83.9572000000,0.8395720000,1.1910830757,1,False
2017-12-05,RUB_KGS,KGS,CBR,KGS_RC_F02_09_2016_T02_09_2026.dbf,100,84.6661000000,0.8466610000,1.1811102673,3,False
2017-12-06,RUB_KGS,KGS,CBR,KGS_RC_F02_09_2016_T02_09_2026.dbf,100,84.1468000000,0.8414680000,1.1883993212,1,False
2017-12-07,RUB_KGS,KGS,CBR,KGS_RC_F02_09_2016_T02_09_2026.dbf,100,84.4847000000,0.8448470000,1.1836462697,1,False
2017-12-08,RUB_KGS,KGS,CBR,KGS_RC_F02_09_2016_T02_09_2026.dbf,100,84.9277000000,0.8492770000,1.1774721322,1,False
2017-12-09,RUB_KGS,KGS,CBR,KGS_RC_F02_09_2016_T02_09_2026.dbf,100,85.0518000000,0.8505180000,1.1757540699,1,False
2017-12-12,RUB_KGS,KGS,CBR,KGS_RC_F02_09_2016_T02_09_2026.dbf,100,84.9854000000,0.8498540000,1.1766726991,3,False
2017-12-13,RUB_KGS,KGS,CBR,KGS_RC_F02_09_2016_T02_09_2026.dbf,100,84.3541000000,0.8435410000,1.1854788327,1,False
2017-12-14,RUB_KGS,KGS,CBR,KGS_RC_F02_09_2016_T02_09_2026.dbf,100,84.7951000000,0.8479510000,1.1793134273,1,False
2017-12-15,RUB_KGS,KGS,CBR,KGS_RC_F02_09_2016_T02_09_2026.dbf,100,84.2298000000,0.8422980000,1.1872282731,1,False
2017-12-16,RUB_KGS,KGS,CBR,KGS_RC_F02_09_2016_T02_09_2026.dbf,100,84.4426000000,0.8444260000,1.1842363925,1,False
2017-12-19,RUB_KGS,KGS,CBR,KGS_RC_F02_09_2016_T02_09_2026.dbf,100,84.2397000000,0.8423970000,1.1870887479,3,False
2017-12-20,RUB_KGS,KGS,CBR,KGS_RC_F02_09_2016_T02_09_2026.dbf,100,84.2122000000,0.8421220000,1.1874763989,1,False
2017-12-21,RUB_KGS,KGS,CBR,KGS_RC_F02_09_2016_T02_09_2026.dbf,100,84.5457000000,0.8454570000,1.1827922650,1,False
2017-12-22,RUB_KGS,KGS,CBR,KGS_RC_F02_09_2016_T02_09_2026.dbf,100,84.3798000000,0.8437980000,1.1851177652,1,False
2017-12-23,RUB_KGS,KGS,CBR,KGS_RC_F02_09_2016_T02_09_2026.dbf,100,83.9672000000,0.8396720000,1.1909412247,1,False
2017-12-26,RUB_KGS,KGS,CBR,KGS_RC_F02_09_2016_T02_09_2026.dbf,100,83.8601000000,0.8386010000,1.1924622079,3,False
2017-12-27,RUB_KGS,KGS,CBR,KGS_RC_F02_09_2016_T02_09_2026.dbf,100,83.0709000000,0.8307090000,1.2037909785,1,False
2017-12-28,RUB_KGS,KGS,CBR,KGS_RC_F02_09_2016_T02_09_2026.dbf,100,83.0566000000,0.8305660000,1.2039982373,1,False
2017-12-29,RUB_KGS,KGS,CBR,KGS_RC_F02_09_2016_T02_09_2026.dbf,100,83.0630000000,0.8306300000,1.2039054693,1,False
2017-12-30,RUB_KGS,KGS,CBR,KGS_RC_F02_09_2016_T02_09_2026.dbf,100,83.4786000000,0.8347860000,1.1979118001,1,False
2018-01-10,RUB_KGS,KGS,CBR,KGS_RC_F02_09_2016_T02_09_2026.dbf,100,82.4965000000,0.8249650000,1.2121726376,11,False
2018-01-11,RUB_KGS,KGS,CBR,KGS_RC_F02_09_2016_T02_09_2026.dbf,100,82.2464000000,0.8224640000,1.2158586880,1,False
2018-01-12,RUB_KGS,KGS,CBR,KGS_RC_F02_09_2016_T02_09_2026.dbf,100,82.3756000000,0.8237560000,1.2139517041,1,False
2018-01-13,RUB_KGS,KGS,CBR,KGS_RC_F02_09_2016_T02_09_2026.dbf,100,81.5296000000,0.8152960000,1.2265483947,1,False
2018-01-16,RUB_KGS,KGS,CBR,KGS_RC_F02_09_2016_T02_09_2026.dbf,100,81.2176000000,0.8121760000,1.2312602195,3,False
2018-01-17,RUB_KGS,KGS,CBR,KGS_RC_F02_09_2016_T02_09_2026.dbf,100,81.2153000000,0.8121530000,1.2312950885,1,False
2018-01-18,RUB_KGS,KGS,CBR,KGS_RC_F02_09_2016_T02_09_2026.dbf,100,81.4867000000,0.8148670000,1.2271941311,1,False
2018-01-19,RUB_KGS,KGS,CBR,KGS_RC_F02_09_2016_T02_09_2026.dbf,100,81.7863000000,0.8178630000,1.2226986671,1,False
2018-01-20,RUB_KGS,KGS,CBR,KGS_RC_F02_09_2016_T02_09_2026.dbf,100,81.8354000000,0.8183540000,1.2219650665,1,False
2018-01-23,RUB_KGS,KGS,CBR,KGS_RC_F02_09_2016_T02_09_2026.dbf,100,82.1859000000,0.8218590000,1.2167537254,3,False
2018-01-24,RUB_KGS,KGS,CBR,KGS_RC_F02_09_2016_T02_09_2026.dbf,100,82.1128000000,0.8211280000,1.2178369268,1,False
2018-01-25,RUB_KGS,KGS,CBR,KGS_RC_F02_09_2016_T02_09_2026.dbf,100,82.4398000000,0.8243980000,1.2130063392,1,False
2018-01-26,RUB_KGS,KGS,CBR,KGS_RC_F02_09_2016_T02_09_2026.dbf,100,81.6717000000,0.8167170000,1.2244143320,1,False
2018-01-27,RUB_KGS,KGS,CBR,KGS_RC_F02_09_2016_T02_09_2026.dbf,100,81.7166000000,0.8171660000,1.2237415654,1,False
2018-01-30,RUB_KGS,KGS,CBR,KGS_RC_F02_09_2016_T02_09_2026.dbf,100,82.4774000000,0.8247740000,1.2124533509,3,False
2018-01-31,RUB_KGS,KGS,CBR,KGS_RC_F02_09_2016_T02_09_2026.dbf,100,82.2974000000,0.8229740000,1.2151052160,1,False
2018-02-01,RUB_KGS,KGS,CBR,KGS_RC_F02_09_2016_T02_09_2026.dbf,100,82.0804000000,0.8208040000,1.2183176495,1,False
2018-02-02,RUB_KGS,KGS,CBR,KGS_RC_F02_09_2016_T02_09_2026.dbf,100,82.1933000000,0.8219330000,1.2166441790,1,False
2018-02-03,RUB_KGS,KGS,CBR,KGS_RC_F02_09_2016_T02_09_2026.dbf,100,81.8114000000,0.8181140000,1.2223235393,1,False
2018-02-06,RUB_KGS,KGS,CBR,KGS_RC_F02_09_2016_T02_09_2026.dbf,100,82.6080000000,0.8260800000,1.2105365098,3,False
2018-02-07,RUB_KGS,KGS,CBR,KGS_RC_F02_09_2016_T02_09_2026.dbf,100,83.5323000000,0.8353230000,1.1971417045,1,False
2018-02-08,RUB_KGS,KGS,CBR,KGS_RC_F02_09_2016_T02_09_2026.dbf,100,83.2103000000,0.8321030000,1.2017742996,1,False
2018-02-09,RUB_KGS,KGS,CBR,KGS_RC_F02_09_2016_T02_09_2026.dbf,100,83.9194000000,0.8391940000,1.1916195778,1,False
2018-02-10,RUB_KGS,KGS,CBR,KGS_RC_F02_09_2016_T02_09_2026.dbf,100,84.6825000000,0.8468250000,1.1808815281,1,False
2018-02-13,RUB_KGS,KGS,CBR,KGS_RC_F02_09_2016_T02_09_2026.dbf,100,84.5114000000,0.8451140000,1.1832723159,3,False
2018-02-14,RUB_KGS,KGS,CBR,KGS_RC_F02_09_2016_T02_09_2026.dbf,100,84.5210000000,0.8452100000,1.1831379184,1,False
2018-02-15,RUB_KGS,KGS,CBR,KGS_RC_F02_09_2016_T02_09_2026.dbf,100,84.5046000000,0.8450460000,1.1833675327,1,False
2018-02-16,RUB_KGS,KGS,CBR,KGS_RC_F02_09_2016_T02_09_2026.dbf,100,83.0401000000,0.8304010000,1.2042374708,1,False
2018-02-17,RUB_KGS,KGS,CBR,KGS_RC_F02_09_2016_T02_09_2026.dbf,100,82.7600000000,0.8276000000,1.2083131948,1,False
2018-02-20,RUB_KGS,KGS,CBR,KGS_RC_F02_09_2016_T02_09_2026.dbf,100,82.6155000000,0.8261550000,1.2104266149,3,False
2018-02-21,RUB_KGS,KGS,CBR,KGS_RC_F02_09_2016_T02_09_2026.dbf,100,83.0872000000,0.8308720000,1.2035548195,1,False
2018-02-22,RUB_KGS,KGS,CBR,KGS_RC_F02_09_2016_T02_09_2026.dbf,100,83.2836000000,0.8328360000,1.2007165877,1,False
2018-02-23,RUB_KGS,KGS,CBR,KGS_RC_F02_09_2016_T02_09_2026.dbf,100,83.4350000000,0.8343500000,1.1985377839,1,False
2018-02-27,RUB_KGS,KGS,CBR,KGS_RC_F02_09_2016_T02_09_2026.dbf,100,82.1157000000,0.8211570000,1.2177939176,4,False
2018-02-28,RUB_KGS,KGS,CBR,KGS_RC_F02_09_2016_T02_09_2026.dbf,100,81.6899000000,0.8168990000,1.2241415401,1,False
2018-03-01,RUB_KGS,KGS,CBR,KGS_RC_F02_09_2016_T02_09_2026.dbf,100,82.7208000000,0.8272080000,1.2088857941,1,False
2018-03-02,RUB_KGS,KGS,CBR,KGS_RC_F02_09_2016_T02_09_2026.dbf,100,82.8684000000,0.8286840000,1.2067326025,1,False
2018-03-03,RUB_KGS,KGS,CBR,KGS_RC_F02_09_2016_T02_09_2026.dbf,100,83.2341000000,0.8323410000,1.2014306636,1,False
2018-03-06,RUB_KGS,KGS,CBR,KGS_RC_F02_09_2016_T02_09_2026.dbf,100,83.9397000000,0.8393970000,1.1913313962,3,False
2018-03-07,RUB_KGS,KGS,CBR,KGS_RC_F02_09_2016_T02_09_2026.dbf,100,83.0027000000,0.8300270000,1.2047800855,1,False
2018-03-08,RUB_KGS,KGS,CBR,KGS_RC_F02_09_2016_T02_09_2026.dbf,100,83.5986000000,0.8359860000,1.1961922807,1,False
2018-03-13,RUB_KGS,KGS,CBR,KGS_RC_F02_09_2016_T02_09_2026.dbf,100,82.9483000000,0.8294830000,1.2055702166,5,False
2018-03-14,RUB_KGS,KGS,CBR,KGS_RC_F02_09_2016_T02_09_2026.dbf,100,83.4837000000,0.8348370000,1.1978386200,1,False
2018-03-15,RUB_KGS,KGS,CBR,KGS_RC_F02_09_2016_T02_09_2026.dbf,100,83.4856000000,0.8348560000,1.1978113591,1,False
2018-03-16,RUB_KGS,KGS,CBR,KGS_RC_F02_09_2016_T02_09_2026.dbf,100,83.5134000000,0.8351340000,1.1974126308,1,False
2018-03-17,RUB_KGS,KGS,CBR,KGS_RC_F02_09_2016_T02_09_2026.dbf,100,84.1173000000,0.8411730000,1.1888160937,1,False
2018-03-20,RUB_KGS,KGS,CBR,KGS_RC_F02_09_2016_T02_09_2026.dbf,100,84.3254000000,0.8432540000,1.1858823083,3,False
2018-03-21,RUB_KGS,KGS,CBR,KGS_RC_F02_09_2016_T02_09_2026.dbf,100,84.5160000000,0.8451600000,1.1832079133,1,False
2018-03-22,RUB_KGS,KGS,CBR,KGS_RC_F02_09_2016_T02_09_2026.dbf,100,84.1834000000,0.8418340000,1.1878826467,1,False
2018-03-23,RUB_KGS,KGS,CBR,KGS_RC_F02_09_2016_T02_09_2026.dbf,100,83.2234000000,0.8322340000,1.2015851311,1,False
2018-03-24,RUB_KGS,KGS,CBR,KGS_RC_F02_09_2016_T02_09_2026.dbf,100,83.7103000000,0.8371030000,1.1945961250,1,False
2018-03-27,RUB_KGS,KGS,CBR,KGS_RC_F02_09_2016_T02_09_2026.dbf,100,83.7062000000,0.8370620000,1.1946546373,3,False
2018-03-28,RUB_KGS,KGS,CBR,KGS_RC_F02_09_2016_T02_09_2026.dbf,100,83.8585000000,0.8385850000,1.1924849598,1,False
2018-03-29,RUB_KGS,KGS,CBR,KGS_RC_F02_09_2016_T02_09_2026.dbf,100,84.2750000000,0.8427500000,1.1865915159,1,False
2018-03-30,RUB_KGS,KGS,CBR,KGS_RC_F02_09_2016_T02_09_2026.dbf,100,84.3496000000,0.8434960000,1.1855420773,1,False
2018-03-31,RUB_KGS,KGS,CBR,KGS_RC_F02_09_2016_T02_09_2026.dbf,100,83.5685000000,0.8356850000,1.1966231295,1,False
2018-04-03,RUB_KGS,KGS,CBR,KGS_RC_F02_09_2016_T02_09_2026.dbf,100,83.8726000000,0.8387260000,1.1922844886,3,False
2018-04-04,RUB_KGS,KGS,CBR,KGS_RC_F02_09_2016_T02_09_2026.dbf,100,84.0577000000,0.8405770000,1.1896590080,1,False
2018-04-05,RUB_KGS,KGS,CBR,KGS_RC_F02_09_2016_T02_09_2026.dbf,100,84.3895000000,0.8438950000,1.1849815439,1,False
2018-04-06,RUB_KGS,KGS,CBR,KGS_RC_F02_09_2016_T02_09_2026.dbf,100,84.0578000000,0.8405780000,1.1896575928,1,False
2018-04-07,RUB_KGS,KGS,CBR,KGS_RC_F02_09_2016_T02_09_2026.dbf,100,84.4897000000,0.8448970000,1.1835762229,1,False
2018-04-10,RUB_KGS,KGS,CBR,KGS_RC_F02_09_2016_T02_09_2026.dbf,100,85.5057000000,0.8550570000,1.1695126758,3,False
2018-04-11,RUB_KGS,KGS,CBR,KGS_RC_F02_09_2016_T02_09_2026.dbf,100,90.5881000000,0.9058810000,1.1038977526,1,False
2018-04-12,RUB_KGS,KGS,CBR,KGS_RC_F02_09_2016_T02_09_2026.dbf,100,92.8107000000,0.9281070000,1.0774619737,1,False
2018-04-13,RUB_KGS,KGS,CBR,KGS_RC_F02_09_2016_T02_09_2026.dbf,100,89.6258000000,0.8962580000,1.1157501523,1,False
2018-04-14,RUB_KGS,KGS,CBR,KGS_RC_F02_09_2016_T02_09_2026.dbf,100,89.4194000000,0.8941940000,1.1183255535,1,False
2018-04-17,RUB_KGS,KGS,CBR,KGS_RC_F02_09_2016_T02_09_2026.dbf,100,90.3910000000,0.9039100000,1.1063048312,3,False
2018-04-18,RUB_KGS,KGS,CBR,KGS_RC_F02_09_2016_T02_09_2026.dbf,100,88.8741000000,0.8887410000,1.1251872030,1,False
2018-04-19,RUB_KGS,KGS,CBR,KGS_RC_F02_09_2016_T02_09_2026.dbf,100,89.5004000000,0.8950040000,1.1173134422,1,False
2018-04-20,RUB_KGS,KGS,CBR,KGS_RC_F02_09_2016_T02_09_2026.dbf,100,88.7471000000,0.8874710000,1.1267973827,1,False
2018-04-21,RUB_KGS,KGS,CBR,KGS_RC_F02_09_2016_T02_09_2026.dbf,100,89.4562000000,0.8945620000,1.1178655029,1,False
2018-04-24,RUB_KGS,KGS,CBR,KGS_RC_F02_09_2016_T02_09_2026.dbf,100,90.2345000000,0.9023450000,1.1082235730,3,False
2018-04-25,RUB_KGS,KGS,CBR,KGS_RC_F02_09_2016_T02_09_2026.dbf,100,90.0210000000,0.9002100000,1.1108519123,1,False
2018-04-26,RUB_KGS,KGS,CBR,KGS_RC_F02_09_2016_T02_09_2026.dbf,100,90.0137000000,0.9001370000,1.1109420011,1,False
2018-04-27,RUB_KGS,KGS,CBR,KGS_RC_F02_09_2016_T02_09_2026.dbf,100,91.0585000000,0.9105850000,1.0981951163,1,False
2018-04-28,RUB_KGS,KGS,CBR,KGS_RC_F02_09_2016_T02_09_2026.dbf,100,91.1053000000,0.9110530000,1.0976309830,1,False
2018-04-29,RUB_KGS,KGS,CBR,KGS_RC_F02_09_2016_T02_09_2026.dbf,100,89.9354000000,0.8993540000,1.1119092148,1,False
2018-05-04,RUB_KGS,KGS,CBR,KGS_RC_F02_09_2016_T02_09_2026.dbf,100,92.0754000000,0.9207540000,1.0860664195,5,False
2018-05-05,RUB_KGS,KGS,CBR,KGS_RC_F02_09_2016_T02_09_2026.dbf,100,91.7289000000,0.9172890000,1.0901689653,1,False
2018-05-08,RUB_KGS,KGS,CBR,KGS_RC_F02_09_2016_T02_09_2026.dbf,100,91.0229000000,0.9102290000,1.0986246318,3,False
2018-05-09,RUB_KGS,KGS,CBR,KGS_RC_F02_09_2016_T02_09_2026.dbf,100,91.4464000000,0.9144640000,1.0935367603,1,False
2018-05-11,RUB_KGS,KGS,CBR,KGS_RC_F02_09_2016_T02_09_2026.dbf,100,90.9027000000,0.9090270000,1.1000773354,2,False
2018-05-12,RUB_KGS,KGS,CBR,KGS_RC_F02_09_2016_T02_09_2026.dbf,100,90.1247000000,0.9012470000,1.1095737351,1,False
2018-05-15,RUB_KGS,KGS,CBR,KGS_RC_F02_09_2016_T02_09_2026.dbf,100,90.1399000000,0.9013990000,1.1093866312,3,False
2018-05-16,RUB_KGS,KGS,CBR,KGS_RC_F02_09_2016_T02_09_2026.dbf,100,90.4681000000,0.9046810000,1.1053620005,1,False
2018-05-17,RUB_KGS,KGS,CBR,KGS_RC_F02_09_2016_T02_09_2026.dbf,100,90.9537000000,0.9095370000,1.0994604947,1,False
2018-05-18,RUB_KGS,KGS,CBR,KGS_RC_F02_09_2016_T02_09_2026.dbf,100,90.2174000000,0.9021740000,1.1084336281,1,False
2018-05-19,RUB_KGS,KGS,CBR,KGS_RC_F02_09_2016_T02_09_2026.dbf,100,90.4245000000,0.9042450000,1.1058949732,1,False
2018-05-22,RUB_KGS,KGS,CBR,KGS_RC_F02_09_2016_T02_09_2026.dbf,100,91.3553000000,0.9135530000,1.0946272411,3,False
2018-05-23,RUB_KGS,KGS,CBR,KGS_RC_F02_09_2016_T02_09_2026.dbf,100,89.4321000000,0.8943210000,1.1181667433,1,False
2018-05-24,RUB_KGS,KGS,CBR,KGS_RC_F02_09_2016_T02_09_2026.dbf,100,90.1823000000,0.9018230000,1.1088650434,1,False
2018-05-25,RUB_KGS,KGS,CBR,KGS_RC_F02_09_2016_T02_09_2026.dbf,100,89.9766000000,0.8997660000,1.1114000751,1,False
2018-05-26,RUB_KGS,KGS,CBR,KGS_RC_F02_09_2016_T02_09_2026.dbf,100,90.4192000000,0.9041920000,1.1059597961,1,False
2018-05-29,RUB_KGS,KGS,CBR,KGS_RC_F02_09_2016_T02_09_2026.dbf,100,91.0728000000,0.9107280000,1.0980226808,3,False
2018-05-30,RUB_KGS,KGS,CBR,KGS_RC_F02_09_2016_T02_09_2026.dbf,100,91.7160000000,0.9171600000,1.0903222993,1,False
2018-05-31,RUB_KGS,KGS,CBR,KGS_RC_F02_09_2016_T02_09_2026.dbf,100,91.3777000000,0.9137770000,1.0943589081,1,False
2018-06-01,RUB_KGS,KGS,CBR,KGS_RC_F02_09_2016_T02_09_2026.dbf,100,90.6045000000,0.9060450000,1.1036979399,1,False
2018-06-02,RUB_KGS,KGS,CBR,KGS_RC_F02_09_2016_T02_09_2026.dbf,100,90.8774000000,0.9087740000,1.1003835937,1,False
2018-06-05,RUB_KGS,KGS,CBR,KGS_RC_F02_09_2016_T02_09_2026.dbf,100,90.5395000000,0.9053950000,1.1044903053,3,False
2018-06-06,RUB_KGS,KGS,CBR,KGS_RC_F02_09_2016_T02_09_2026.dbf,100,90.5841000000,0.9058410000,1.1039464983,1,False
2018-06-07,RUB_KGS,KGS,CBR,KGS_RC_F02_09_2016_T02_09_2026.dbf,100,90.6526000000,0.9065260000,1.1031123211,1,False
2018-06-08,RUB_KGS,KGS,CBR,KGS_RC_F02_09_2016_T02_09_2026.dbf,100,90.4683000000,0.9046830000,1.1053595569,1,False
2018-06-09,RUB_KGS,KGS,CBR,KGS_RC_F02_09_2016_T02_09_2026.dbf,100,91.6199000000,0.9161990000,1.0914659370,1,False
2018-06-10,RUB_KGS,KGS,CBR,KGS_RC_F02_09_2016_T02_09_2026.dbf,100,91.1715000000,0.9117150000,1.0968339887,1,False
2018-06-14,RUB_KGS,KGS,CBR,KGS_RC_F02_09_2016_T02_09_2026.dbf,100,92.4105000000,0.9241050000,1.0821281131,4,False
2018-06-15,RUB_KGS,KGS,CBR,KGS_RC_F02_09_2016_T02_09_2026.dbf,100,91.0770000000,0.9107700000,1.0979720456,1,False
2018-06-16,RUB_KGS,KGS,CBR,KGS_RC_F02_09_2016_T02_09_2026.dbf,100,91.7791000000,0.9177910000,1.0895726805,1,False
2018-06-19,RUB_KGS,KGS,CBR,KGS_RC_F02_09_2016_T02_09_2026.dbf,100,92.9485000000,0.9294850000,1.0758645917,3,False
2018-06-20,RUB_KGS,KGS,CBR,KGS_RC_F02_09_2016_T02_09_2026.dbf,100,93.8386000000,0.9383860000,1.0656595474,1,False
2018-06-21,RUB_KGS,KGS,CBR,KGS_RC_F02_09_2016_T02_09_2026.dbf,100,93.0761000000,0.9307610000,1.0743896661,1,False
2018-06-22,RUB_KGS,KGS,CBR,KGS_RC_F02_09_2016_T02_09_2026.dbf,100,93.3518000000,0.9335180000,1.0712166236,1,False
2018-06-23,RUB_KGS,KGS,CBR,KGS_RC_F02_09_2016_T02_09_2026.dbf,100,92.6927000000,0.9269270000,1.0788336083,1,False
2018-06-26,RUB_KGS,KGS,CBR,KGS_RC_F02_09_2016_T02_09_2026.dbf,100,92.3355000000,0.9233550000,1.0830070775,3,False
2018-06-27,RUB_KGS,KGS,CBR,KGS_RC_F02_09_2016_T02_09_2026.dbf,100,92.2038000000,0.9220380000,1.0845539989,1,False
2018-06-28,RUB_KGS,KGS,CBR,KGS_RC_F02_09_2016_T02_09_2026.dbf,100,92.6426000000,0.9264260000,1.0794170285,1,False
2018-06-29,RUB_KGS,KGS,CBR,KGS_RC_F02_09_2016_T02_09_2026.dbf,100,92.8089000000,0.9280890000,1.0774828707,1,False
2018-06-30,RUB_KGS,KGS,CBR,KGS_RC_F02_09_2016_T02_09_2026.dbf,100,92.0858000000,0.9208580000,1.0859437611,1,False
2018-07-03,RUB_KGS,KGS,CBR,KGS_RC_F02_09_2016_T02_09_2026.dbf,100,92.6477000000,0.9264770000,1.0793576095,3,False
2018-07-04,RUB_KGS,KGS,CBR,KGS_RC_F02_09_2016_T02_09_2026.dbf,100,92.7651000000,0.9276510000,1.0779916154,1,False
2018-07-05,RUB_KGS,KGS,CBR,KGS_RC_F02_09_2016_T02_09_2026.dbf,100,92.7486000000,0.9274860000,1.0781833904,1,False
2018-07-06,RUB_KGS,KGS,CBR,KGS_RC_F02_09_2016_T02_09_2026.dbf,100,92.7980000000,0.9279800000,1.0776094312,1,False
2018-07-07,RUB_KGS,KGS,CBR,KGS_RC_F02_09_2016_T02_09_2026.dbf,100,92.3843000000,0.9238430000,1.0824350025,1,False
2018-07-10,RUB_KGS,KGS,CBR,KGS_RC_F02_09_2016_T02_09_2026.dbf,100,91.9995000000,0.9199950000,1.0869624291,3,False
2018-07-11,RUB_KGS,KGS,CBR,KGS_RC_F02_09_2016_T02_09_2026.dbf,100,91.4799000000,0.9147990000,1.0931363064,1,False
2018-07-12,RUB_KGS,KGS,CBR,KGS_RC_F02_09_2016_T02_09_2026.dbf,100,90.9195000000,0.9091950000,1.0998740644,1,False
2018-07-13,RUB_KGS,KGS,CBR,KGS_RC_F02_09_2016_T02_09_2026.dbf,100,91.0446000000,0.9104460000,1.0983627804,1,False
2018-07-14,RUB_KGS,KGS,CBR,KGS_RC_F02_09_2016_T02_09_2026.dbf,100,91.1722000000,0.9117220000,1.0968255674,1,False
2018-07-17,RUB_KGS,KGS,CBR,KGS_RC_F02_09_2016_T02_09_2026.dbf,100,91.2170000000,0.9121700000,1.0962868763,3,False
2018-07-18,RUB_KGS,KGS,CBR,KGS_RC_F02_09_2016_T02_09_2026.dbf,100,91.5808000000,0.9158080000,1.0919319333,1,False
2018-07-19,RUB_KGS,KGS,CBR,KGS_RC_F02_09_2016_T02_09_2026.dbf,100,92.2499000000,0.9224990000,1.0840120152,1,False
2018-07-20,RUB_KGS,KGS,CBR,KGS_RC_F02_09_2016_T02_09_2026.dbf,100,92.7984000000,0.9279840000,1.0776047863,1,False
2018-07-21,RUB_KGS,KGS,CBR,KGS_RC_F02_09_2016_T02_09_2026.dbf,100,93.1194000000,0.9311940000,1.0738900809,1,False
2018-07-24,RUB_KGS,KGS,CBR,KGS_RC_F02_09_2016_T02_09_2026.dbf,100,92.6623000000,0.9266230000,1.0791875444,3,False
2018-07-25,RUB_KGS,KGS,CBR,KGS_RC_F02_09_2016_T02_09_2026.dbf,100,92.4326000000,0.9243260000,1.0818693837,1,False
2018-07-26,RUB_KGS,KGS,CBR,KGS_RC_F02_09_2016_T02_09_2026.dbf,100,92.7018000000,0.9270180000,1.0787277054,1,False
2018-07-27,RUB_KGS,KGS,CBR,KGS_RC_F02_09_2016_T02_09_2026.dbf,100,92.4333000000,0.9243330000,1.0818611907,1,False
2018-07-28,RUB_KGS,KGS,CBR,KGS_RC_F02_09_2016_T02_09_2026.dbf,100,92.4029000000,0.9240290000,1.0822171166,1,False
2018-07-31,RUB_KGS,KGS,CBR,KGS_RC_F02_09_2016_T02_09_2026.dbf,100,92.1211000000,0.9212110000,1.0855276370,3,False
2018-08-01,RUB_KGS,KGS,CBR,KGS_RC_F02_09_2016_T02_09_2026.dbf,100,91.4889000000,0.9148890000,1.0930287718,1,False
2018-08-02,RUB_KGS,KGS,CBR,KGS_RC_F02_09_2016_T02_09_2026.dbf,100,91.7287000000,0.9172870000,1.0901713422,1,False
2018-08-03,RUB_KGS,KGS,CBR,KGS_RC_F02_09_2016_T02_09_2026.dbf,100,92.5745000000,0.9257450000,1.0802110732,1,False
2018-08-04,RUB_KGS,KGS,CBR,KGS_RC_F02_09_2016_T02_09_2026.dbf,100,93.0424000000,0.9304240000,1.0747788105,1,False
2018-08-07,RUB_KGS,KGS,CBR,KGS_RC_F02_09_2016_T02_09_2026.dbf,100,93.0639000000,0.9306390000,1.0745305108,3,False
2018-08-08,RUB_KGS,KGS,CBR,KGS_RC_F02_09_2016_T02_09_2026.dbf,100,93.2392000000,0.9323920000,1.0725102746,1,False
2018-08-09,RUB_KGS,KGS,CBR,KGS_RC_F02_09_2016_T02_09_2026.dbf,100,93.2888000000,0.9328880000,1.0719400400,1,False
2018-08-10,RUB_KGS,KGS,CBR,KGS_RC_F02_09_2016_T02_09_2026.dbf,100,97.0151000000,0.9701510000,1.0307673754,1,False
2018-08-11,RUB_KGS,KGS,CBR,KGS_RC_F02_09_2016_T02_09_2026.dbf,100,97.6395000000,0.9763950000,1.0241756666,1,False
2018-08-14,RUB_KGS,KGS,CBR,KGS_RC_F02_09_2016_T02_09_2026.dbf,100,98.5887000000,0.9858870000,1.0143150280,3,False
2018-08-15,RUB_KGS,KGS,CBR,KGS_RC_F02_09_2016_T02_09_2026.dbf,100,97.8073000000,0.9780730000,1.0224185720,1,False
2018-08-16,RUB_KGS,KGS,CBR,KGS_RC_F02_09_2016_T02_09_2026.dbf,100,95.5068000000,0.9550680000,1.0470458648,1,False
2018-08-17,RUB_KGS,KGS,CBR,KGS_RC_F02_09_2016_T02_09_2026.dbf,100,96.2492000000,0.9624920000,1.0389696746,1,False
2018-08-18,RUB_KGS,KGS,CBR,KGS_RC_F02_09_2016_T02_09_2026.dbf,100,96.4322000000,0.9643220000,1.0369980152,1,False
2018-08-21,RUB_KGS,KGS,CBR,KGS_RC_F02_09_2016_T02_09_2026.dbf,100,96.8789000000,0.9687890000,1.0322165095,3,False
2018-08-22,RUB_KGS,KGS,CBR,KGS_RC_F02_09_2016_T02_09_2026.dbf,100,96.8964000000,0.9689640000,1.0320300857,1,False
2018-08-23,RUB_KGS,KGS,CBR,KGS_RC_F02_09_2016_T02_09_2026.dbf,100,97.8528000000,0.9785280000,1.0219431636,1,False
2018-08-24,RUB_KGS,KGS,CBR,KGS_RC_F02_09_2016_T02_09_2026.dbf,100,99.5293000000,0.9952930000,1.0047292606,1,False
2018-08-25,RUB_KGS,KGS,CBR,KGS_RC_F02_09_2016_T02_09_2026.dbf,100,99.1098000000,0.9910980000,1.0089819574,1,False
2018-08-28,RUB_KGS,KGS,CBR,KGS_RC_F02_09_2016_T02_09_2026.dbf,100,98.2453000000,0.9824530000,1.0178603964,3,False
2018-08-29,RUB_KGS,KGS,CBR,KGS_RC_F02_09_2016_T02_09_2026.dbf,100,98.0234000000,0.9802340000,1.0201645729,1,False
2018-08-30,RUB_KGS,KGS,CBR,KGS_RC_F02_09_2016_T02_09_2026.dbf,100,98.6895000000,0.9868950000,1.0132790216,1,False
2018-08-31,RUB_KGS,KGS,CBR,KGS_RC_F02_09_2016_T02_09_2026.dbf,100,98.5983000000,0.9859830000,1.0142162694,1,False
2018-09-01,RUB_KGS,KGS,CBR,KGS_RC_F02_09_2016_T02_09_2026.dbf,100,98.5441000000,0.9854410000,1.0147740961,1,False
2018-09-04,RUB_KGS,KGS,CBR,KGS_RC_F02_09_2016_T02_09_2026.dbf,100,98.6807000000,0.9868070000,1.0133693823,3,False
2018-09-05,RUB_KGS,KGS,CBR,KGS_RC_F02_09_2016_T02_09_2026.dbf,100,99.2350000000,0.9923500000,1.0077089736,1,False
2018-09-06,RUB_KGS,KGS,CBR,KGS_RC_F02_09_2016_T02_09_2026.dbf,100,99.1496000000,0.9914960000,1.0085769383,1,False
2018-09-07,RUB_KGS,KGS,CBR,KGS_RC_F02_09_2016_T02_09_2026.dbf,100,98.5567000000,0.9855670000,1.0146443621,1,False
2018-09-08,RUB_KGS,KGS,CBR,KGS_RC_F02_09_2016_T02_09_2026.dbf,100,99.3217000000,0.9932170000,1.0068293233,1,False
2018-09-11,RUB_KGS,KGS,CBR,KGS_RC_F02_09_2016_T02_09_2026.dbf,10,10.0242000000,1.0024200000,0.9975858423,3,False
2018-09-12,RUB_KGS,KGS,CBR,KGS_RC_F02_09_2016_T02_09_2026.dbf,10,10.0322000000,1.0032200000,0.9967903351,1,False
2018-09-13,RUB_KGS,KGS,CBR,KGS_RC_F02_09_2016_T02_09_2026.dbf,100,99.7817000000,0.9978170000,1.0021877759,1,False
2018-09-14,RUB_KGS,KGS,CBR,KGS_RC_F02_09_2016_T02_09_2026.dbf,100,98.6164000000,0.9861640000,1.0140301208,1,False
2018-09-15,RUB_KGS,KGS,CBR,KGS_RC_F02_09_2016_T02_09_2026.dbf,100,98.4609000000,0.9846090000,1.0156315857,1,False
2018-09-18,RUB_KGS,KGS,CBR,KGS_RC_F02_09_2016_T02_09_2026.dbf,100,98.1941000000,0.9819410000,1.0183911253,3,False
2018-09-19,RUB_KGS,KGS,CBR,KGS_RC_F02_09_2016_T02_09_2026.dbf,100,97.7661000000,0.9776610000,1.0228494335,1,False
2018-09-20,RUB_KGS,KGS,CBR,KGS_RC_F02_09_2016_T02_09_2026.dbf,100,97.3272000000,0.9732720000,1.0274620045,1,False
2018-09-21,RUB_KGS,KGS,CBR,KGS_RC_F02_09_2016_T02_09_2026.dbf,100,96.6170000000,0.9661700000,1.0350145420,1,False
2018-09-22,RUB_KGS,KGS,CBR,KGS_RC_F02_09_2016_T02_09_2026.dbf,100,96.1534000000,0.9615340000,1.0400048256,1,False
2018-09-25,RUB_KGS,KGS,CBR,KGS_RC_F02_09_2016_T02_09_2026.dbf,100,95.8138000000,0.9581380000,1.0436909923,3,False
2018-09-26,RUB_KGS,KGS,CBR,KGS_RC_F02_09_2016_T02_09_2026.dbf,100,95.3286000000,0.9532860000,1.0490031323,1,False
2018-09-27,RUB_KGS,KGS,CBR,KGS_RC_F02_09_2016_T02_09_2026.dbf,100,95.1092000000,0.9510920000,1.0514229959,1,False
2018-09-28,RUB_KGS,KGS,CBR,KGS_RC_F02_09_2016_T02_09_2026.dbf,100,95.0007000000,0.9500070000,1.0526238228,1,False
2018-09-29,RUB_KGS,KGS,CBR,KGS_RC_F02_09_2016_T02_09_2026.dbf,100,94.8664000000,0.9486640000,1.0541139961,1,False
2018-10-02,RUB_KGS,KGS,CBR,KGS_RC_F02_09_2016_T02_09_2026.dbf,100,95.3118000000,0.9531180000,1.0491880334,3,False
2018-10-03,RUB_KGS,KGS,CBR,KGS_RC_F02_09_2016_T02_09_2026.dbf,100,94.8685000000,0.9486850000,1.0540906623,1,False
2018-10-04,RUB_KGS,KGS,CBR,KGS_RC_F02_09_2016_T02_09_2026.dbf,100,95.0245000000,0.9502450000,1.0523601808,1,False
2018-10-05,RUB_KGS,KGS,CBR,KGS_RC_F02_09_2016_T02_09_2026.dbf,100,95.8892000000,0.9588920000,1.0428703128,1,False
2018-10-06,RUB_KGS,KGS,CBR,KGS_RC_F02_09_2016_T02_09_2026.dbf,100,96.2818000000,0.9628180000,1.0386178904,1,False
2018-10-09,RUB_KGS,KGS,CBR,KGS_RC_F02_09_2016_T02_09_2026.dbf,100,96.7054000000,0.9670540000,1.0340684181,3,False
2018-10-10,RUB_KGS,KGS,CBR,KGS_RC_F02_09_2016_T02_09_2026.dbf,100,95.7508000000,0.9575080000,1.0443776971,1,False
2018-10-11,RUB_KGS,KGS,CBR,KGS_RC_F02_09_2016_T02_09_2026.dbf,100,95.5025000000,0.9550250000,1.0470930080,1,False
2018-10-12,RUB_KGS,KGS,CBR,KGS_RC_F02_09_2016_T02_09_2026.dbf,100,96.2143000000,0.9621430000,1.0393465420,1,False
2018-10-13,RUB_KGS,KGS,CBR,KGS_RC_F02_09_2016_T02_09_2026.dbf,100,95.2709000000,0.9527090000,1.0496384520,1,False
2018-10-16,RUB_KGS,KGS,CBR,KGS_RC_F02_09_2016_T02_09_2026.dbf,100,94.8785000000,0.9487850000,1.0539795633,3,False
2018-10-17,RUB_KGS,KGS,CBR,KGS_RC_F02_09_2016_T02_09_2026.dbf,100,94.5879000000,0.9458790000,1.0572176779,1,False
2018-10-18,RUB_KGS,KGS,CBR,KGS_RC_F02_09_2016_T02_09_2026.dbf,100,94.4033000000,0.9440330000,1.0592850038,1,False
2018-10-19,RUB_KGS,KGS,CBR,KGS_RC_F02_09_2016_T02_09_2026.dbf,100,94.7712000000,0.9477120000,1.0551728795,1,False
2018-10-20,RUB_KGS,KGS,CBR,KGS_RC_F02_09_2016_T02_09_2026.dbf,100,94.9012000000,0.9490120000,1.0537274555,1,False
2018-10-23,RUB_KGS,KGS,CBR,KGS_RC_F02_09_2016_T02_09_2026.dbf,100,94.1423000000,0.9414230000,1.0622217643,3,False
2018-10-24,RUB_KGS,KGS,CBR,KGS_RC_F02_09_2016_T02_09_2026.dbf,100,94.2426000000,0.9424260000,1.0610912687,1,False
2018-10-25,RUB_KGS,KGS,CBR,KGS_RC_F02_09_2016_T02_09_2026.dbf,100,94.6358000000,0.9463580000,1.0566825662,1,False
2018-10-26,RUB_KGS,KGS,CBR,KGS_RC_F02_09_2016_T02_09_2026.dbf,100,94.6009000000,0.9460090000,1.0570723957,1,False
2018-10-27,RUB_KGS,KGS,CBR,KGS_RC_F02_09_2016_T02_09_2026.dbf,100,94.3702000000,0.9437020000,1.0596565441,1,False
2018-10-30,RUB_KGS,KGS,CBR,KGS_RC_F02_09_2016_T02_09_2026.dbf,100,94.5588000000,0.9455880000,1.0575430314,3,False
2018-10-31,RUB_KGS,KGS,CBR,KGS_RC_F02_09_2016_T02_09_2026.dbf,100,94.5167000000,0.9451670000,1.0580140864,1,False
2018-11-01,RUB_KGS,KGS,CBR,KGS_RC_F02_09_2016_T02_09_2026.dbf,100,94.1122000000,0.9411220000,1.0625614957,1,False
2018-11-02,RUB_KGS,KGS,CBR,KGS_RC_F02_09_2016_T02_09_2026.dbf,100,94.1918000000,0.9419180000,1.0616635418,1,False
2018-11-03,RUB_KGS,KGS,CBR,KGS_RC_F02_09_2016_T02_09_2026.dbf,100,94.0956000000,0.9409560000,1.0627489489,1,False
2018-11-07,RUB_KGS,KGS,CBR,KGS_RC_F02_09_2016_T02_09_2026.dbf,100,94.6952000000,0.9469520000,1.0560197349,4,False
2018-11-08,RUB_KGS,KGS,CBR,KGS_RC_F02_09_2016_T02_09_2026.dbf,100,94.8437000000,0.9484370000,1.0543662890,1,False
2018-11-09,RUB_KGS,KGS,CBR,KGS_RC_F02_09_2016_T02_09_2026.dbf,100,95.0416000000,0.9504160000,1.0521708389,1,False
2018-11-10,RUB_KGS,KGS,CBR,KGS_RC_F02_09_2016_T02_09_2026.dbf,100,95.9588000000,0.9595880000,1.0421139072,1,False
2018-11-13,RUB_KGS,KGS,CBR,KGS_RC_F02_09_2016_T02_09_2026.dbf,100,96.9056000000,0.9690560000,1.0319321071,3,False
2018-11-14,RUB_KGS,KGS,CBR,KGS_RC_F02_09_2016_T02_09_2026.dbf,100,96.9992000000,0.9699920000,1.0309363376,1,False
2018-11-15,RUB_KGS,KGS,CBR,KGS_RC_F02_09_2016_T02_09_2026.dbf,100,97.4176000000,0.9741760000,1.0265085570,1,False
2018-11-16,RUB_KGS,KGS,CBR,KGS_RC_F02_09_2016_T02_09_2026.dbf,100,95.4383000000,0.9543830000,1.0477973728,1,False
2018-11-17,RUB_KGS,KGS,CBR,KGS_RC_F02_09_2016_T02_09_2026.dbf,100,94.5460000000,0.9454600000,1.0576862057,1,False
2018-11-20,RUB_KGS,KGS,CBR,KGS_RC_F02_09_2016_T02_09_2026.dbf,100,94.5336000000,0.9453360000,1.0578249427,3,False
2018-11-21,RUB_KGS,KGS,CBR,KGS_RC_F02_09_2016_T02_09_2026.dbf,100,93.9643000000,0.9396430000,1.0642339697,1,False
2018-11-22,RUB_KGS,KGS,CBR,KGS_RC_F02_09_2016_T02_09_2026.dbf,100,94.4145000000,0.9441450000,1.0591593452,1,False
2018-11-23,RUB_KGS,KGS,CBR,KGS_RC_F02_09_2016_T02_09_2026.dbf,100,93.9251000000,0.9392510000,1.0646781318,1,False
2018-11-24,RUB_KGS,KGS,CBR,KGS_RC_F02_09_2016_T02_09_2026.dbf,100,94.0106000000,0.9401060000,1.0637098370,1,False
2018-11-27,RUB_KGS,KGS,CBR,KGS_RC_F02_09_2016_T02_09_2026.dbf,100,95.2484000000,0.9524840000,1.0498864023,3,False
2018-11-28,RUB_KGS,KGS,CBR,KGS_RC_F02_09_2016_T02_09_2026.dbf,100,95.6391000000,0.9563910000,1.0455974596,1,False
2018-11-29,RUB_KGS,KGS,CBR,KGS_RC_F02_09_2016_T02_09_2026.dbf,100,95.9077000000,0.9590770000,1.0426691496,1,False
2018-11-30,RUB_KGS,KGS,CBR,KGS_RC_F02_09_2016_T02_09_2026.dbf,100,95.4645000000,0.9546450000,1.0475098073,1,False
2018-12-01,RUB_KGS,KGS,CBR,KGS_RC_F02_09_2016_T02_09_2026.dbf,100,95.2520000000,0.9525200000,1.0498467224,1,False
2018-12-04,RUB_KGS,KGS,CBR,KGS_RC_F02_09_2016_T02_09_2026.dbf,100,94.9744000000,0.9497440000,1.0529153119,3,False
2018-12-05,RUB_KGS,KGS,CBR,KGS_RC_F02_09_2016_T02_09_2026.dbf,100,95.1277000000,0.9512770000,1.0512185199,1,False
2018-12-06,RUB_KGS,KGS,CBR,KGS_RC_F02_09_2016_T02_09_2026.dbf,100,95.7367000000,0.9573670000,1.0445315119,1,False
2018-12-07,RUB_KGS,KGS,CBR,KGS_RC_F02_09_2016_T02_09_2026.dbf,100,95.5443000000,0.9554430000,1.0466349118,1,False
2018-12-08,RUB_KGS,KGS,CBR,KGS_RC_F02_09_2016_T02_09_2026.dbf,100,95.8778000000,0.9587780000,1.0429943115,1,False
2018-12-11,RUB_KGS,KGS,CBR,KGS_RC_F02_09_2016_T02_09_2026.dbf,100,94.9020000000,0.9490200000,1.0537185728,3,False
2018-12-12,RUB_KGS,KGS,CBR,KGS_RC_F02_09_2016_T02_09_2026.dbf,100,95.2754000000,0.9527540000,1.0495888760,1,False
2018-12-13,RUB_KGS,KGS,CBR,KGS_RC_F02_09_2016_T02_09_2026.dbf,100,95.1612000000,0.9516120000,1.0508484550,1,False
2018-12-14,RUB_KGS,KGS,CBR,KGS_RC_F02_09_2016_T02_09_2026.dbf,100,94.9212000000,0.9492120000,1.0535054340,1,False
2018-12-15,RUB_KGS,KGS,CBR,KGS_RC_F02_09_2016_T02_09_2026.dbf,100,95.1772000000,0.9517720000,1.0506717995,1,False
2018-12-18,RUB_KGS,KGS,CBR,KGS_RC_F02_09_2016_T02_09_2026.dbf,100,95.3770000000,0.9537700000,1.0484708053,3,False
2018-12-19,RUB_KGS,KGS,CBR,KGS_RC_F02_09_2016_T02_09_2026.dbf,100,95.6238000000,0.9562380000,1.0457647573,1,False
2018-12-20,RUB_KGS,KGS,CBR,KGS_RC_F02_09_2016_T02_09_2026.dbf,100,96.0803000000,0.9608030000,1.0407960841,1,False
2018-12-21,RUB_KGS,KGS,CBR,KGS_RC_F02_09_2016_T02_09_2026.dbf,100,96.5201000000,0.9652010000,1.0360536303,1,False
2018-12-22,RUB_KGS,KGS,CBR,KGS_RC_F02_09_2016_T02_09_2026.dbf,100,97.4334000000,0.9743340000,1.0263420962,1,False
2018-12-25,RUB_KGS,KGS,CBR,KGS_RC_F02_09_2016_T02_09_2026.dbf,100,98.0047000000,0.9800470000,1.0203592277,3,False
2018-12-26,RUB_KGS,KGS,CBR,KGS_RC_F02_09_2016_T02_09_2026.dbf,100,98.4178000000,0.9841780000,1.0160763602,1,False
2018-12-27,RUB_KGS,KGS,CBR,KGS_RC_F02_09_2016_T02_09_2026.dbf,100,98.6913000000,0.9869130000,1.0132605407,1,False
2018-12-28,RUB_KGS,KGS,CBR,KGS_RC_F02_09_2016_T02_09_2026.dbf,100,98.6059000000,0.9860590000,1.0141380992,1,False
2018-12-29,RUB_KGS,KGS,CBR,KGS_RC_F02_09_2016_T02_09_2026.dbf,100,99.5301000000,0.9953010000,1.0047211848,1,False
2018-12-30,RUB_KGS,KGS,CBR,KGS_RC_F02_09_2016_T02_09_2026.dbf,100,99.4568000000,0.9945680000,1.0054616678,1,False
2019-01-10,RUB_KGS,KGS,CBR,KGS_RC_F02_09_2016_T02_09_2026.dbf,100,96.0474000000,0.9604740000,1.0411525976,11,False
2019-01-11,RUB_KGS,KGS,CBR,KGS_RC_F02_09_2016_T02_09_2026.dbf,100,95.7201000000,0.9572010000,1.0447126570,1,False
2019-01-12,RUB_KGS,KGS,CBR,KGS_RC_F02_09_2016_T02_09_2026.dbf,100,95.8349000000,0.9583490000,1.0434612025,1,False
2019-01-15,RUB_KGS,KGS,CBR,KGS_RC_F02_09_2016_T02_09_2026.dbf,100,96.1947000000,0.9619470000,1.0395583125,3,False
2019-01-16,RUB_KGS,KGS,CBR,KGS_RC_F02_09_2016_T02_09_2026.dbf,100,96.1060000000,0.9610600000,1.0405177616,1,False
2019-01-17,RUB_KGS,KGS,CBR,KGS_RC_F02_09_2016_T02_09_2026.dbf,100,95.6471000000,0.9564710000,1.0455100050,1,False
2019-01-18,RUB_KGS,KGS,CBR,KGS_RC_F02_09_2016_T02_09_2026.dbf,100,95.1372000000,0.9513720000,1.0511135497,1,False
2019-01-19,RUB_KGS,KGS,CBR,KGS_RC_F02_09_2016_T02_09_2026.dbf,100,94.9755000000,0.9497550000,1.0529031171,1,False
2019-01-22,RUB_KGS,KGS,CBR,KGS_RC_F02_09_2016_T02_09_2026.dbf,100,95.0765000000,0.9507650000,1.0517846155,3,False
2019-01-23,RUB_KGS,KGS,CBR,KGS_RC_F02_09_2016_T02_09_2026.dbf,100,95.4120000000,0.9541200000,1.0480861946,1,False
2019-01-24,RUB_KGS,KGS,CBR,KGS_RC_F02_09_2016_T02_09_2026.dbf,100,94.9632000000,0.9496320000,1.0530394932,1,False
2019-01-25,RUB_KGS,KGS,CBR,KGS_RC_F02_09_2016_T02_09_2026.dbf,100,94.5582000000,0.9455820000,1.0575497419,1,False
2019-01-26,RUB_KGS,KGS,CBR,KGS_RC_F02_09_2016_T02_09_2026.dbf,100,94.3559000000,0.9435590000,1.0598171392,1,False
2019-01-29,RUB_KGS,KGS,CBR,KGS_RC_F02_09_2016_T02_09_2026.dbf,100,94.4556000000,0.9445560000,1.0586984784,3,False
2019-01-30,RUB_KGS,KGS,CBR,KGS_RC_F02_09_2016_T02_09_2026.dbf,100,94.9767000000,0.9497670000,1.0528898140,1,False
2019-01-31,RUB_KGS,KGS,CBR,KGS_RC_F02_09_2016_T02_09_2026.dbf,100,94.6634000000,0.9466340000,1.0563744805,1,False
2019-02-01,RUB_KGS,KGS,CBR,KGS_RC_F02_09_2016_T02_09_2026.dbf,100,93.6357000000,0.9363570000,1.0679687341,1,False
2019-02-02,RUB_KGS,KGS,CBR,KGS_RC_F02_09_2016_T02_09_2026.dbf,100,94.0689000000,0.9406890000,1.0630505938,1,False
2019-02-05,RUB_KGS,KGS,CBR,KGS_RC_F02_09_2016_T02_09_2026.dbf,100,93.8953000000,0.9389530000,1.0650160338,3,False
2019-02-06,RUB_KGS,KGS,CBR,KGS_RC_F02_09_2016_T02_09_2026.dbf,100,93.8713000000,0.9387130000,1.0652883256,1,False
2019-02-07,RUB_KGS,KGS,CBR,KGS_RC_F02_09_2016_T02_09_2026.dbf,100,94.1081000000,0.9410810000,1.0626077883,1,False
2019-02-08,RUB_KGS,KGS,CBR,KGS_RC_F02_09_2016_T02_09_2026.dbf,100,94.5573000000,0.9455730000,1.0575598077,1,False
2019-02-09,RUB_KGS,KGS,CBR,KGS_RC_F02_09_2016_T02_09_2026.dbf,100,94.6458000000,0.9464580000,1.0565709202,1,False
2019-02-12,RUB_KGS,KGS,CBR,KGS_RC_F02_09_2016_T02_09_2026.dbf,100,94.1243000000,0.9412430000,1.0624248998,3,False
2019-02-13,RUB_KGS,KGS,CBR,KGS_RC_F02_09_2016_T02_09_2026.dbf,100,94.1202000000,0.9412020000,1.0624711805,1,False
2019-02-14,RUB_KGS,KGS,CBR,KGS_RC_F02_09_2016_T02_09_2026.dbf,100,94.0950000000,0.9409500000,1.0627557256,1,False
2019-02-15,RUB_KGS,KGS,CBR,KGS_RC_F02_09_2016_T02_09_2026.dbf,100,95.3473000000,0.9534730000,1.0487973965,1,False
2019-02-16,RUB_KGS,KGS,CBR,KGS_RC_F02_09_2016_T02_09_2026.dbf,100,95.5924000000,0.9559240000,1.0461082680,1,False
2019-02-19,RUB_KGS,KGS,CBR,KGS_RC_F02_09_2016_T02_09_2026.dbf,100,94.9778000000,0.9497780000,1.0528776198,3,False
2019-02-20,RUB_KGS,KGS,CBR,KGS_RC_F02_09_2016_T02_09_2026.dbf,100,94.9135000000,0.9491350000,1.0535909012,1,False
2019-02-21,RUB_KGS,KGS,CBR,KGS_RC_F02_09_2016_T02_09_2026.dbf,100,94.3642000000,0.9436420000,1.0597239207,1,False
2019-02-22,RUB_KGS,KGS,CBR,KGS_RC_F02_09_2016_T02_09_2026.dbf,100,93.9913000000,0.9399130000,1.0639282572,1,False
2019-02-23,RUB_KGS,KGS,CBR,KGS_RC_F02_09_2016_T02_09_2026.dbf,100,93.8743000000,0.9387430000,1.0652542815,1,False
2019-02-26,RUB_KGS,KGS,CBR,KGS_RC_F02_09_2016_T02_09_2026.dbf,100,93.6541000000,0.9365410000,1.0677589129,3,False
2019-02-27,RUB_KGS,KGS,CBR,KGS_RC_F02_09_2016_T02_09_2026.dbf,100,94.2113000000,0.9421130000,1.0614437971,1,False
2019-02-28,RUB_KGS,KGS,CBR,KGS_RC_F02_09_2016_T02_09_2026.dbf,100,94.3564000000,0.9435640000,1.0598115231,1,False
2019-03-01,RUB_KGS,KGS,CBR,KGS_RC_F02_09_2016_T02_09_2026.dbf,100,94.5466000000,0.9454660000,1.0576794935,1,False
2019-03-02,RUB_KGS,KGS,CBR,KGS_RC_F02_09_2016_T02_09_2026.dbf,100,94.4389000000,0.9443890000,1.0588856922,1,False
2019-03-05,RUB_KGS,KGS,CBR,KGS_RC_F02_09_2016_T02_09_2026.dbf,100,94.3983000000,0.9439830000,1.0593411110,3,False
2019-03-06,RUB_KGS,KGS,CBR,KGS_RC_F02_09_2016_T02_09_2026.dbf,100,94.4052000000,0.9440520000,1.0592636846,1,False
2019-03-07,RUB_KGS,KGS,CBR,KGS_RC_F02_09_2016_T02_09_2026.dbf,100,94.4121000000,0.9441210000,1.0591862696,1,False
2019-03-08,RUB_KGS,KGS,CBR,KGS_RC_F02_09_2016_T02_09_2026.dbf,100,94.6000000000,0.9460000000,1.0570824524,1,False
2019-03-12,RUB_KGS,KGS,CBR,KGS_RC_F02_09_2016_T02_09_2026.dbf,100,94.7330000000,0.9473300000,1.0555983659,4,False
2019-03-13,RUB_KGS,KGS,CBR,KGS_RC_F02_09_2016_T02_09_2026.dbf,100,94.2902000000,0.9429020000,1.0605556039,1,False
2019-03-14,RUB_KGS,KGS,CBR,KGS_RC_F02_09_2016_T02_09_2026.dbf,100,93.9132000000,0.9391320000,1.0648130401,1,False
2019-03-15,RUB_KGS,KGS,CBR,KGS_RC_F02_09_2016_T02_09_2026.dbf,100,93.6993000000,0.9369930000,1.0672438321,1,False
2019-03-16,RUB_KGS,KGS,CBR,KGS_RC_F02_09_2016_T02_09_2026.dbf,100,93.7251000000,0.9372510000,1.0669500486,1,False
2019-03-19,RUB_KGS,KGS,CBR,KGS_RC_F02_09_2016_T02_09_2026.dbf,100,92.7160000000,0.9271600000,1.0785624919,3,False
2019-03-20,RUB_KGS,KGS,CBR,KGS_RC_F02_09_2016_T02_09_2026.dbf,100,91.9408000000,0.9194080000,1.0876564050,1,False
2019-03-21,RUB_KGS,KGS,CBR,KGS_RC_F02_09_2016_T02_09_2026.dbf,100,91.9437000000,0.9194370000,1.0876220992,1,False
2019-03-22,RUB_KGS,KGS,CBR,KGS_RC_F02_09_2016_T02_09_2026.dbf,100,91.1824000000,0.9118240000,1.0967028725,1,False
2019-03-23,RUB_KGS,KGS,CBR,KGS_RC_F02_09_2016_T02_09_2026.dbf,100,91.2228000000,0.9122280000,1.0962171738,1,False
2019-03-26,RUB_KGS,KGS,CBR,KGS_RC_F02_09_2016_T02_09_2026.dbf,100,92.4721000000,0.9247210000,1.0814072569,3,False
2019-03-27,RUB_KGS,KGS,CBR,KGS_RC_F02_09_2016_T02_09_2026.dbf,100,91.9976000000,0.9199760000,1.0869848779,1,False
2019-03-28,RUB_KGS,KGS,CBR,KGS_RC_F02_09_2016_T02_09_2026.dbf,100,92.5792000000,0.9257920000,1.0801562338,1,False
2019-03-29,RUB_KGS,KGS,CBR,KGS_RC_F02_09_2016_T02_09_2026.dbf,100,92.8384000000,0.9283840000,1.0771404936,1,False
2019-03-30,RUB_KGS,KGS,CBR,KGS_RC_F02_09_2016_T02_09_2026.dbf,100,92.7431000000,0.9274310000,1.0782473305,1,False
2019-04-02,RUB_KGS,KGS,CBR,KGS_RC_F02_09_2016_T02_09_2026.dbf,100,93.7215000000,0.9372150000,1.0669910319,3,False
2019-04-03,RUB_KGS,KGS,CBR,KGS_RC_F02_09_2016_T02_09_2026.dbf,100,93.5336000000,0.9353360000,1.0691345142,1,False
2019-04-04,RUB_KGS,KGS,CBR,KGS_RC_F02_09_2016_T02_09_2026.dbf,100,93.3580000000,0.9335800000,1.0711454830,1,False
2019-04-05,RUB_KGS,KGS,CBR,KGS_RC_F02_09_2016_T02_09_2026.dbf,100,93.5598000000,0.9355980000,1.0688351194,1,False
2019-04-06,RUB_KGS,KGS,CBR,KGS_RC_F02_09_2016_T02_09_2026.dbf,100,93.6730000000,0.9367300000,1.0675434757,1,False
2019-04-09,RUB_KGS,KGS,CBR,KGS_RC_F02_09_2016_T02_09_2026.dbf,100,93.3569000000,0.9335690000,1.0711581040,3,False
2019-04-10,RUB_KGS,KGS,CBR,KGS_RC_F02_09_2016_T02_09_2026.dbf,100,92.5512000000,0.9255120000,1.0804830191,1,False
2019-04-11,RUB_KGS,KGS,CBR,KGS_RC_F02_09_2016_T02_09_2026.dbf,100,92.4885000000,0.9248850000,1.0812155025,1,False
2019-04-12,RUB_KGS,KGS,CBR,KGS_RC_F02_09_2016_T02_09_2026.dbf,100,92.0013000000,0.9200130000,1.0869411628,1,False
2019-04-13,RUB_KGS,KGS,CBR,KGS_RC_F02_09_2016_T02_09_2026.dbf,100,92.3983000000,0.9239830000,1.0822709942,1,False
2019-04-16,RUB_KGS,KGS,CBR,KGS_RC_F02_09_2016_T02_09_2026.dbf,100,91.7813000000,0.9178130000,1.0895465634,3,False
2019-04-17,RUB_KGS,KGS,CBR,KGS_RC_F02_09_2016_T02_09_2026.dbf,100,91.8402000000,0.9184020000,1.0888478030,1,False
2019-04-18,RUB_KGS,KGS,CBR,KGS_RC_F02_09_2016_T02_09_2026.dbf,100,91.7103000000,0.9171030000,1.0903900652,1,False
2019-04-19,RUB_KGS,KGS,CBR,KGS_RC_F02_09_2016_T02_09_2026.dbf,100,91.7516000000,0.9175160000,1.0898992497,1,False
2019-04-20,RUB_KGS,KGS,CBR,KGS_RC_F02_09_2016_T02_09_2026.dbf,100,91.6040000000,0.9160400000,1.0916553862,1,False
2019-04-23,RUB_KGS,KGS,CBR,KGS_RC_F02_09_2016_T02_09_2026.dbf,100,91.3936000000,0.9139360000,1.0941685195,3,False
2019-04-24,RUB_KGS,KGS,CBR,KGS_RC_F02_09_2016_T02_09_2026.dbf,100,91.3611000000,0.9136110000,1.0945577494,1,False
2019-04-25,RUB_KGS,KGS,CBR,KGS_RC_F02_09_2016_T02_09_2026.dbf,100,91.6616000000,0.9166160000,1.0909693918,1,False
2019-04-26,RUB_KGS,KGS,CBR,KGS_RC_F02_09_2016_T02_09_2026.dbf,100,92.7303000000,0.9273030000,1.0783961661,1,False
2019-04-27,RUB_KGS,KGS,CBR,KGS_RC_F02_09_2016_T02_09_2026.dbf,100,92.6346000000,0.9263460000,1.0795102478,1,False
2019-04-30,RUB_KGS,KGS,CBR,KGS_RC_F02_09_2016_T02_09_2026.dbf,100,92.6483000000,0.9264830000,1.0793506195,3,False
2019-05-01,RUB_KGS,KGS,CBR,KGS_RC_F02_09_2016_T02_09_2026.dbf,100,92.5620000000,0.9256200000,1.0803569499,1,False
2019-05-07,RUB_KGS,KGS,CBR,KGS_RC_F02_09_2016_T02_09_2026.dbf,100,93.3370000000,0.9333700000,1.0713864812,6,False
2019-05-08,RUB_KGS,KGS,CBR,KGS_RC_F02_09_2016_T02_09_2026.dbf,100,93.4001000000,0.9340010000,1.0706626652,1,False
2019-05-09,RUB_KGS,KGS,CBR,KGS_RC_F02_09_2016_T02_09_2026.dbf,100,93.1884000000,0.9318840000,1.0730949346,1,False
2019-05-14,RUB_KGS,KGS,CBR,KGS_RC_F02_09_2016_T02_09_2026.dbf,100,93.7298000000,0.9372980000,1.0668965473,5,False
2019-05-15,RUB_KGS,KGS,CBR,KGS_RC_F02_09_2016_T02_09_2026.dbf,100,93.2879000000,0.9328790000,1.0719503816,1,False
2019-05-16,RUB_KGS,KGS,CBR,KGS_RC_F02_09_2016_T02_09_2026.dbf,100,92.8402000000,0.9284020000,1.0771196098,1,False
2019-05-17,RUB_KGS,KGS,CBR,KGS_RC_F02_09_2016_T02_09_2026.dbf,100,92.4263000000,0.9242630000,1.0819431266,1,False
2019-05-18,RUB_KGS,KGS,CBR,KGS_RC_F02_09_2016_T02_09_2026.dbf,100,92.5307000000,0.9253070000,1.0807223981,1,False
2019-05-21,RUB_KGS,KGS,CBR,KGS_RC_F02_09_2016_T02_09_2026.dbf,100,92.3247000000,0.9232470000,1.0831337659,3,False
2019-05-22,RUB_KGS,KGS,CBR,KGS_RC_F02_09_2016_T02_09_2026.dbf,100,92.3940000000,0.9239400000,1.0823213629,1,False
2019-05-23,RUB_KGS,KGS,CBR,KGS_RC_F02_09_2016_T02_09_2026.dbf,100,92.2860000000,0.9228600000,1.0835879765,1,False
2019-05-24,RUB_KGS,KGS,CBR,KGS_RC_F02_09_2016_T02_09_2026.dbf,100,92.3283000000,0.9232830000,1.0830915331,1,False
2019-05-25,RUB_KGS,KGS,CBR,KGS_RC_F02_09_2016_T02_09_2026.dbf,100,92.4991000000,0.9249910000,1.0810915998,1,False
2019-05-28,RUB_KGS,KGS,CBR,KGS_RC_F02_09_2016_T02_09_2026.dbf,100,92.2886000000,0.9228860000,1.0835574491,3,False
2019-05-29,RUB_KGS,KGS,CBR,KGS_RC_F02_09_2016_T02_09_2026.dbf,100,92.2057000000,0.9220570000,1.0845316504,1,False
2019-05-30,RUB_KGS,KGS,CBR,KGS_RC_F02_09_2016_T02_09_2026.dbf,100,92.7382000000,0.9273820000,1.0783043018,1,False
2019-05-31,RUB_KGS,KGS,CBR,KGS_RC_F02_09_2016_T02_09_2026.dbf,100,93.1400000000,0.9314000000,1.0736525660,1,False
2019-06-01,RUB_KGS,KGS,CBR,KGS_RC_F02_09_2016_T02_09_2026.dbf,100,93.4155000000,0.9341550000,1.0704861613,1,False
2019-06-04,RUB_KGS,KGS,CBR,KGS_RC_F02_09_2016_T02_09_2026.dbf,100,93.8507000000,0.9385070000,1.0655221538,3,False
2019-06-05,RUB_KGS,KGS,CBR,KGS_RC_F02_09_2016_T02_09_2026.dbf,100,93.2876000000,0.9328760000,1.0719538288,1,False
2019-06-06,RUB_KGS,KGS,CBR,KGS_RC_F02_09_2016_T02_09_2026.dbf,100,93.0374000000,0.9303740000,1.0748365711,1,False
2019-06-07,RUB_KGS,KGS,CBR,KGS_RC_F02_09_2016_T02_09_2026.dbf,100,93.1914000000,0.9319140000,1.0730603897,1,False
2019-06-08,RUB_KGS,KGS,CBR,KGS_RC_F02_09_2016_T02_09_2026.dbf,100,93.2466000000,0.9324660000,1.0724251608,1,False
2019-06-11,RUB_KGS,KGS,CBR,KGS_RC_F02_09_2016_T02_09_2026.dbf,100,92.5665000000,0.9256650000,1.0803044298,3,False
2019-06-12,RUB_KGS,KGS,CBR,KGS_RC_F02_09_2016_T02_09_2026.dbf,100,92.2887000000,0.9228870000,1.0835562750,1,False
2019-06-14,RUB_KGS,KGS,CBR,KGS_RC_F02_09_2016_T02_09_2026.dbf,100,92.3790000000,0.9237900000,1.0824971043,2,False
2019-06-15,RUB_KGS,KGS,CBR,KGS_RC_F02_09_2016_T02_09_2026.dbf,100,92.0992000000,0.9209920000,1.0857857614,1,False
2019-06-18,RUB_KGS,KGS,CBR,KGS_RC_F02_09_2016_T02_09_2026.dbf,100,92.1471000000,0.9214710000,1.0852213472,3,False
2019-06-19,RUB_KGS,KGS,CBR,KGS_RC_F02_09_2016_T02_09_2026.dbf,100,92.1048000000,0.9210480000,1.0857197453,1,False
2019-06-20,RUB_KGS,KGS,CBR,KGS_RC_F02_09_2016_T02_09_2026.dbf,100,91.6085000000,0.9160850000,1.0916017618,1,False
2019-06-21,RUB_KGS,KGS,CBR,KGS_RC_F02_09_2016_T02_09_2026.dbf,100,90.7483000000,0.9074830000,1.1019490172,1,False
2019-06-22,RUB_KGS,KGS,CBR,KGS_RC_F02_09_2016_T02_09_2026.dbf,100,90.5082000000,0.9050820000,1.1048722657,1,False
2019-06-25,RUB_KGS,KGS,CBR,KGS_RC_F02_09_2016_T02_09_2026.dbf,100,90.1928000000,0.9019280000,1.1087359523,3,False
2019-06-26,RUB_KGS,KGS,CBR,KGS_RC_F02_09_2016_T02_09_2026.dbf,100,89.8963000000,0.8989630000,1.1123928349,1,False
2019-06-27,RUB_KGS,KGS,CBR,KGS_RC_F02_09_2016_T02_09_2026.dbf,100,90.2548000000,0.9025480000,1.1079743127,1,False
2019-06-28,RUB_KGS,KGS,CBR,KGS_RC_F02_09_2016_T02_09_2026.dbf,100,90.6082000000,0.9060820000,1.1036528703,1,False
2019-06-29,RUB_KGS,KGS,CBR,KGS_RC_F02_09_2016_T02_09_2026.dbf,100,90.6649000000,0.9066490000,1.1029626680,1,False
2019-07-02,RUB_KGS,KGS,CBR,KGS_RC_F02_09_2016_T02_09_2026.dbf,100,90.5397000000,0.9053970000,1.1044878655,3,False
2019-07-03,RUB_KGS,KGS,CBR,KGS_RC_F02_09_2016_T02_09_2026.dbf,100,90.9721000000,0.9097210000,1.0992381181,1,False
2019-07-04,RUB_KGS,KGS,CBR,KGS_RC_F02_09_2016_T02_09_2026.dbf,100,90.9672000000,0.9096720000,1.0992973291,1,False
2019-07-05,RUB_KGS,KGS,CBR,KGS_RC_F02_09_2016_T02_09_2026.dbf,100,91.0938000000,0.9109380000,1.0977695518,1,False
2019-07-06,RUB_KGS,KGS,CBR,KGS_RC_F02_09_2016_T02_09_2026.dbf,100,91.2909000000,0.9129090000,1.0953994319,1,False
2019-07-09,RUB_KGS,KGS,CBR,KGS_RC_F02_09_2016_T02_09_2026.dbf,100,91.5697000000,0.9156970000,1.0920642964,3,False
2019-07-10,RUB_KGS,KGS,CBR,KGS_RC_F02_09_2016_T02_09_2026.dbf,100,91.3553000000,0.9135530000,1.0946272411,1,False
2019-07-11,RUB_KGS,KGS,CBR,KGS_RC_F02_09_2016_T02_09_2026.dbf,100,91.4023000000,0.9140230000,1.0940643726,1,False
2019-07-12,RUB_KGS,KGS,CBR,KGS_RC_F02_09_2016_T02_09_2026.dbf,100,90.2499000000,0.9024990000,1.1080344687,1,False
2019-07-13,RUB_KGS,KGS,CBR,KGS_RC_F02_09_2016_T02_09_2026.dbf,100,90.5466000000,0.9054660000,1.1044036993,1,False
2019-07-16,RUB_KGS,KGS,CBR,KGS_RC_F02_09_2016_T02_09_2026.dbf,100,90.2701000000,0.9027010000,1.1077865207,3,False
2019-07-17,RUB_KGS,KGS,CBR,KGS_RC_F02_09_2016_T02_09_2026.dbf,100,90.2484000000,0.9024840000,1.1080528851,1,False
2019-07-18,RUB_KGS,KGS,CBR,KGS_RC_F02_09_2016_T02_09_2026.dbf,100,90.4384000000,0.9043840000,1.1057250018,1,False
2019-07-19,RUB_KGS,KGS,CBR,KGS_RC_F02_09_2016_T02_09_2026.dbf,100,90.2062000000,0.9020620000,1.1085712512,1,False
2019-07-20,RUB_KGS,KGS,CBR,KGS_RC_F02_09_2016_T02_09_2026.dbf,100,90.2867000000,0.9028670000,1.1075828444,1,False
2019-07-23,RUB_KGS,KGS,CBR,KGS_RC_F02_09_2016_T02_09_2026.dbf,100,90.4201000000,0.9042010000,1.1059487879,3,False
2019-07-24,RUB_KGS,KGS,CBR,KGS_RC_F02_09_2016_T02_09_2026.dbf,100,90.5725000000,0.9057250000,1.1040878854,1,False
2019-07-25,RUB_KGS,KGS,CBR,KGS_RC_F02_09_2016_T02_09_2026.dbf,100,90.4308000000,0.9043080000,1.1058179293,1,False
2019-07-26,RUB_KGS,KGS,CBR,KGS_RC_F02_09_2016_T02_09_2026.dbf,100,90.5480000000,0.9054800000,1.1043866237,1,False
2019-07-27,RUB_KGS,KGS,CBR,KGS_RC_F02_09_2016_T02_09_2026.dbf,100,90.4659000000,0.9046590000,1.1053888813,1,False
2019-07-30,RUB_KGS,KGS,CBR,KGS_RC_F02_09_2016_T02_09_2026.dbf,100,91.0304000000,0.9103040000,1.0985341161,3,False
2019-07-31,RUB_KGS,KGS,CBR,KGS_RC_F02_09_2016_T02_09_2026.dbf,100,90.8140000000,0.9081400000,1.1011518048,1,False
2019-08-01,RUB_KGS,KGS,CBR,KGS_RC_F02_09_2016_T02_09_2026.dbf,100,90.8816000000,0.9088160000,1.1003327406,1,False
2019-08-02,RUB_KGS,KGS,CBR,KGS_RC_F02_09_2016_T02_09_2026.dbf,100,91.5183000000,0.9151830000,1.0926776393,1,False
2019-08-03,RUB_KGS,KGS,CBR,KGS_RC_F02_09_2016_T02_09_2026.dbf,100,92.6904000000,0.9269040000,1.0788603782,1,False
2019-08-06,RUB_KGS,KGS,CBR,KGS_RC_F02_09_2016_T02_09_2026.dbf,100,93.2682000000,0.9326820000,1.0721767977,3,False
2019-08-07,RUB_KGS,KGS,CBR,KGS_RC_F02_09_2016_T02_09_2026.dbf,100,93.4810000000,0.9348100000,1.0697360961,1,False
2019-08-08,RUB_KGS,KGS,CBR,KGS_RC_F02_09_2016_T02_09_2026.dbf,100,93.3236000000,0.9332360000,1.0715403178,1,False
2019-08-09,RUB_KGS,KGS,CBR,KGS_RC_F02_09_2016_T02_09_2026.dbf,100,93.3762000000,0.9337620000,1.0709367055,1,False
2019-08-10,RUB_KGS,KGS,CBR,KGS_RC_F02_09_2016_T02_09_2026.dbf,100,93.5546000000,0.9355460000,1.0688945279,1,False
2019-08-13,RUB_KGS,KGS,CBR,KGS_RC_F02_09_2016_T02_09_2026.dbf,100,93.8046000000,0.9380460000,1.0660458016,3,False
2019-08-14,RUB_KGS,KGS,CBR,KGS_RC_F02_09_2016_T02_09_2026.dbf,100,94.0526000000,0.9405260000,1.0632348282,1,False
2019-08-15,RUB_KGS,KGS,CBR,KGS_RC_F02_09_2016_T02_09_2026.dbf,100,93.4813000000,0.9348130000,1.0697326631,1,False
2019-08-16,RUB_KGS,KGS,CBR,KGS_RC_F02_09_2016_T02_09_2026.dbf,100,94.4805000000,0.9448050000,1.0584194622,1,False
2019-08-17,RUB_KGS,KGS,CBR,KGS_RC_F02_09_2016_T02_09_2026.dbf,100,94.6316000000,0.9463160000,1.0567294646,1,False
2019-08-20,RUB_KGS,KGS,CBR,KGS_RC_F02_09_2016_T02_09_2026.dbf,100,95.3101000000,0.9531010000,1.0492067472,3,False
2019-08-21,RUB_KGS,KGS,CBR,KGS_RC_F02_09_2016_T02_09_2026.dbf,100,95.5622000000,0.9556220000,1.0464388639,1,False
2019-08-22,RUB_KGS,KGS,CBR,KGS_RC_F02_09_2016_T02_09_2026.dbf,100,94.8267000000,0.9482670000,1.0545553098,1,False
2019-08-23,RUB_KGS,KGS,CBR,KGS_RC_F02_09_2016_T02_09_2026.dbf,100,93.8053000000,0.9380530000,1.0660378465,1,False
2019-08-24,RUB_KGS,KGS,CBR,KGS_RC_F02_09_2016_T02_09_2026.dbf,100,93.7677000000,0.9376770000,1.0664653180,1,False
2019-08-27,RUB_KGS,KGS,CBR,KGS_RC_F02_09_2016_T02_09_2026.dbf,100,94.3206000000,0.9432060000,1.0602137815,3,False
2019-08-28,RUB_KGS,KGS,CBR,KGS_RC_F02_09_2016_T02_09_2026.dbf,100,94.7327000000,0.9473270000,1.0556017088,1,False
2019-08-29,RUB_KGS,KGS,CBR,KGS_RC_F02_09_2016_T02_09_2026.dbf,100,95.2153000000,0.9521530000,1.0502513777,1,False
2019-08-30,RUB_KGS,KGS,CBR,KGS_RC_F02_09_2016_T02_09_2026.dbf,100,95.7634000000,0.9576340000,1.0442402839,1,False
2019-08-31,RUB_KGS,KGS,CBR,KGS_RC_F02_09_2016_T02_09_2026.dbf,100,95.4626000000,0.9546260000,1.0475306560,1,False
2019-09-03,RUB_KGS,KGS,CBR,KGS_RC_F02_09_2016_T02_09_2026.dbf,100,95.6547000000,0.9565470000,1.0454269367,3,False
2019-09-04,RUB_KGS,KGS,CBR,KGS_RC_F02_09_2016_T02_09_2026.dbf,100,96.0620000000,0.9606200000,1.0409943578,1,False
2019-09-05,RUB_KGS,KGS,CBR,KGS_RC_F02_09_2016_T02_09_2026.dbf,100,95.0084000000,0.9500840000,1.0525385124,1,False
2019-09-06,RUB_KGS,KGS,CBR,KGS_RC_F02_09_2016_T02_09_2026.dbf,100,94.3611000000,0.9436110000,1.0597587353,1,False
2019-09-07,RUB_KGS,KGS,CBR,KGS_RC_F02_09_2016_T02_09_2026.dbf,100,94.2834000000,0.9428340000,1.0606320943,1,False
2019-09-10,RUB_KGS,KGS,CBR,KGS_RC_F02_09_2016_T02_09_2026.dbf,100,93.6718000000,0.9367180000,1.0675571517,3,False
2019-09-11,RUB_KGS,KGS,CBR,KGS_RC_F02_09_2016_T02_09_2026.dbf,100,93.4847000000,0.9348470000,1.0696937574,1,False
2019-09-12,RUB_KGS,KGS,CBR,KGS_RC_F02_09_2016_T02_09_2026.dbf,100,93.4744000000,0.9347440000,1.0698116276,1,False
2019-09-13,RUB_KGS,KGS,CBR,KGS_RC_F02_09_2016_T02_09_2026.dbf,100,93.1299000000,0.9312990000,1.0737690044,1,False
2019-09-14,RUB_KGS,KGS,CBR,KGS_RC_F02_09_2016_T02_09_2026.dbf,100,92.1016000000,0.9210160000,1.0857574678,1,False
2019-09-17,RUB_KGS,KGS,CBR,KGS_RC_F02_09_2016_T02_09_2026.dbf,100,91.1817000000,0.9118170000,1.0967112918,3,False
2019-09-18,RUB_KGS,KGS,CBR,KGS_RC_F02_09_2016_T02_09_2026.dbf,100,91.8972000000,0.9189720000,1.0881724362,1,False
2019-09-19,RUB_KGS,KGS,CBR,KGS_RC_F02_09_2016_T02_09_2026.dbf,100,92.0954000000,0.9209540000,1.0858305627,1,False
2019-09-20,RUB_KGS,KGS,CBR,KGS_RC_F02_09_2016_T02_09_2026.dbf,100,91.7967000000,0.9179670000,1.0893637789,1,False
2019-09-21,RUB_KGS,KGS,CBR,KGS_RC_F02_09_2016_T02_09_2026.dbf,100,91.2665000000,0.9126650000,1.0956922858,1,False
2019-09-24,RUB_KGS,KGS,CBR,KGS_RC_F02_09_2016_T02_09_2026.dbf,100,91.3743000000,0.9137430000,1.0943996288,3,False
2019-09-25,RUB_KGS,KGS,CBR,KGS_RC_F02_09_2016_T02_09_2026.dbf,100,91.0417000000,0.9104170000,1.0983977672,1,False
2019-09-26,RUB_KGS,KGS,CBR,KGS_RC_F02_09_2016_T02_09_2026.dbf,100,91.7300000000,0.9173000000,1.0901558923,1,False
2019-09-27,RUB_KGS,KGS,CBR,KGS_RC_F02_09_2016_T02_09_2026.dbf,100,91.9894000000,0.9198940000,1.0870817725,1,False
2019-09-28,RUB_KGS,KGS,CBR,KGS_RC_F02_09_2016_T02_09_2026.dbf,100,92.1223000000,0.9212230000,1.0855134967,1,False
2019-10-01,RUB_KGS,KGS,CBR,KGS_RC_F02_09_2016_T02_09_2026.dbf,100,92.4469000000,0.9244690000,1.0817020365,3,False
2019-10-02,RUB_KGS,KGS,CBR,KGS_RC_F02_09_2016_T02_09_2026.dbf,100,93.1985000000,0.9319850000,1.0729786424,1,False
2019-10-03,RUB_KGS,KGS,CBR,KGS_RC_F02_09_2016_T02_09_2026.dbf,100,93.7329000000,0.9373290000,1.0668612622,1,False
2019-10-04,RUB_KGS,KGS,CBR,KGS_RC_F02_09_2016_T02_09_2026.dbf,100,93.2910000000,0.9329100000,1.0719147613,1,False
2019-10-05,RUB_KGS,KGS,CBR,KGS_RC_F02_09_2016_T02_09_2026.dbf,100,93.1460000000,0.9314600000,1.0735834067,1,False
2019-10-08,RUB_KGS,KGS,CBR,KGS_RC_F02_09_2016_T02_09_2026.dbf,100,92.8538000000,0.9285380000,1.0769618475,3,False
2019-10-09,RUB_KGS,KGS,CBR,KGS_RC_F02_09_2016_T02_09_2026.dbf,100,92.7337000000,0.9273370000,1.0783566276,1,False
2019-10-10,RUB_KGS,KGS,CBR,KGS_RC_F02_09_2016_T02_09_2026.dbf,100,93.0165000000,0.9301650000,1.0750780775,1,False
2019-10-11,RUB_KGS,KGS,CBR,KGS_RC_F02_09_2016_T02_09_2026.dbf,100,92.4959000000,0.9249590000,1.0811290014,1,False
2019-10-12,RUB_KGS,KGS,CBR,KGS_RC_F02_09_2016_T02_09_2026.dbf,100,91.7481000000,0.9174810000,1.0899408271,1,False
2019-10-15,RUB_KGS,KGS,CBR,KGS_RC_F02_09_2016_T02_09_2026.dbf,100,92.0021000000,0.9200210000,1.0869317113,3,False
2019-10-16,RUB_KGS,KGS,CBR,KGS_RC_F02_09_2016_T02_09_2026.dbf,100,91.8478000000,0.9184780000,1.0887577057,1,False
2019-10-17,RUB_KGS,KGS,CBR,KGS_RC_F02_09_2016_T02_09_2026.dbf,100,91.9359000000,0.9193590000,1.0877143749,1,False
2019-10-18,RUB_KGS,KGS,CBR,KGS_RC_F02_09_2016_T02_09_2026.dbf,100,91.4635000000,0.9146350000,1.0933323129,1,False
2019-10-19,RUB_KGS,KGS,CBR,KGS_RC_F02_09_2016_T02_09_2026.dbf,100,91.3775000000,0.9137750000,1.0943613034,1,False
2019-10-22,RUB_KGS,KGS,CBR,KGS_RC_F02_09_2016_T02_09_2026.dbf,100,91.1478000000,0.9114780000,1.0971191844,3,False
2019-10-23,RUB_KGS,KGS,CBR,KGS_RC_F02_09_2016_T02_09_2026.dbf,100,90.9844000000,0.9098440000,1.0990895142,1,False
2019-10-24,RUB_KGS,KGS,CBR,KGS_RC_F02_09_2016_T02_09_2026.dbf,100,91.2219000000,0.9122190000,1.0962279891,1,False
2019-10-25,RUB_KGS,KGS,CBR,KGS_RC_F02_09_2016_T02_09_2026.dbf,100,91.2638000000,0.9126380000,1.0957247014,1,False
2019-10-26,RUB_KGS,KGS,CBR,KGS_RC_F02_09_2016_T02_09_2026.dbf,100,91.4727000000,0.9147270000,1.0932223494,1,False
2019-10-29,RUB_KGS,KGS,CBR,KGS_RC_F02_09_2016_T02_09_2026.dbf,100,91.2689000000,0.9126890000,1.0956634735,3,False
2019-10-30,RUB_KGS,KGS,CBR,KGS_RC_F02_09_2016_T02_09_2026.dbf,100,91.2157000000,0.9121570000,1.0963025006,1,False
2019-10-31,RUB_KGS,KGS,CBR,KGS_RC_F02_09_2016_T02_09_2026.dbf,100,91.2917000000,0.9129170000,1.0953898328,1,False
2019-11-01,RUB_KGS,KGS,CBR,KGS_RC_F02_09_2016_T02_09_2026.dbf,100,91.1655000000,0.9116550000,1.0969061761,1,False
2019-11-02,RUB_KGS,KGS,CBR,KGS_RC_F02_09_2016_T02_09_2026.dbf,100,91.5326000000,0.9153260000,1.0925069320,1,False
2019-11-06,RUB_KGS,KGS,CBR,KGS_RC_F02_09_2016_T02_09_2026.dbf,100,90.4008000000,0.9040080000,1.1061849010,4,False
2019-11-07,RUB_KGS,KGS,CBR,KGS_RC_F02_09_2016_T02_09_2026.dbf,100,90.8757000000,0.9087570000,1.1004041785,1,False
2019-11-08,RUB_KGS,KGS,CBR,KGS_RC_F02_09_2016_T02_09_2026.dbf,100,91.0800000000,0.9108000000,1.0979358805,1,False
2019-11-09,RUB_KGS,KGS,CBR,KGS_RC_F02_09_2016_T02_09_2026.dbf,100,91.0796000000,0.9107960000,1.0979407024,1,False
2019-11-12,RUB_KGS,KGS,CBR,KGS_RC_F02_09_2016_T02_09_2026.dbf,100,91.3406000000,0.9134060000,1.0948034062,3,False
2019-11-13,RUB_KGS,KGS,CBR,KGS_RC_F02_09_2016_T02_09_2026.dbf,100,91.2282000000,0.9122820000,1.0961522862,1,False
2019-11-14,RUB_KGS,KGS,CBR,KGS_RC_F02_09_2016_T02_09_2026.dbf,100,91.7253000000,0.9172530000,1.0902117518,1,False
2019-11-15,RUB_KGS,KGS,CBR,KGS_RC_F02_09_2016_T02_09_2026.dbf,100,91.9257000000,0.9192570000,1.0878350668,1,False
2019-11-16,RUB_KGS,KGS,CBR,KGS_RC_F02_09_2016_T02_09_2026.dbf,100,91.2687000000,0.9126870000,1.0956658745,1,False
2019-11-19,RUB_KGS,KGS,CBR,KGS_RC_F02_09_2016_T02_09_2026.dbf,100,91.0774000000,0.9107740000,1.0979672235,3,False
2019-11-20,RUB_KGS,KGS,CBR,KGS_RC_F02_09_2016_T02_09_2026.dbf,100,91.1043000000,0.9110430000,1.0976430311,1,False
2019-11-21,RUB_KGS,KGS,CBR,KGS_RC_F02_09_2016_T02_09_2026.dbf,100,91.4590000000,0.9145900000,1.0933861074,1,False
2019-11-22,RUB_KGS,KGS,CBR,KGS_RC_F02_09_2016_T02_09_2026.dbf,100,91.2043000000,0.9120430000,1.0964395319,1,False
2019-11-23,RUB_KGS,KGS,CBR,KGS_RC_F02_09_2016_T02_09_2026.dbf,100,91.0144000000,0.9101440000,1.0987272344,1,False
2019-11-26,RUB_KGS,KGS,CBR,KGS_RC_F02_09_2016_T02_09_2026.dbf,100,91.0910000000,0.9109100000,1.0978032956,3,False
2019-11-27,RUB_KGS,KGS,CBR,KGS_RC_F02_09_2016_T02_09_2026.dbf,100,91.4758000000,0.9147580000,1.0931853015,1,False
2019-11-28,RUB_KGS,KGS,CBR,KGS_RC_F02_09_2016_T02_09_2026.dbf,100,91.3889000000,0.9138890000,1.0942247910,1,False
2019-11-29,RUB_KGS,KGS,CBR,KGS_RC_F02_09_2016_T02_09_2026.dbf,100,91.5721000000,0.9157210000,1.0920356746,1,False
2019-11-30,RUB_KGS,KGS,CBR,KGS_RC_F02_09_2016_T02_09_2026.dbf,100,91.5453000000,0.9154530000,1.0923553694,1,False
2019-12-03,RUB_KGS,KGS,CBR,KGS_RC_F02_09_2016_T02_09_2026.dbf,100,92.0402000000,0.9204020000,1.0864817764,3,False
2019-12-04,RUB_KGS,KGS,CBR,KGS_RC_F02_09_2016_T02_09_2026.dbf,100,91.6287000000,0.9162870000,1.0913611128,1,False
2019-12-05,RUB_KGS,KGS,CBR,KGS_RC_F02_09_2016_T02_09_2026.dbf,100,91.7069000000,0.9170690000,1.0904304911,1,False
2019-12-06,RUB_KGS,KGS,CBR,KGS_RC_F02_09_2016_T02_09_2026.dbf,100,91.1621000000,0.9116210000,1.0969470866,1,False
2019-12-07,RUB_KGS,KGS,CBR,KGS_RC_F02_09_2016_T02_09_2026.dbf,100,91.0264000000,0.9102640000,1.0985823893,1,False
2019-12-10,RUB_KGS,KGS,CBR,KGS_RC_F02_09_2016_T02_09_2026.dbf,100,91.0362000000,0.9103620000,1.0984641275,3,False
2019-12-11,RUB_KGS,KGS,CBR,KGS_RC_F02_09_2016_T02_09_2026.dbf,100,90.8269000000,0.9082690000,1.1009954100,1,False
2019-12-12,RUB_KGS,KGS,CBR,KGS_RC_F02_09_2016_T02_09_2026.dbf,100,90.8091000000,0.9080910000,1.1012112222,1,False
2019-12-13,RUB_KGS,KGS,CBR,KGS_RC_F02_09_2016_T02_09_2026.dbf,100,90.3224000000,0.9032240000,1.1071450714,1,False
2019-12-14,RUB_KGS,KGS,CBR,KGS_RC_F02_09_2016_T02_09_2026.dbf,100,89.3634000000,0.8936340000,1.1190263575,1,False
2019-12-17,RUB_KGS,KGS,CBR,KGS_RC_F02_09_2016_T02_09_2026.dbf,100,89.6717000000,0.8967170000,1.1151790364,3,False
2019-12-18,RUB_KGS,KGS,CBR,KGS_RC_F02_09_2016_T02_09_2026.dbf,100,89.3470000000,0.8934700000,1.1192317593,1,False
2019-12-19,RUB_KGS,KGS,CBR,KGS_RC_F02_09_2016_T02_09_2026.dbf,100,89.4185000000,0.8941850000,1.1183368095,1,False
2019-12-20,RUB_KGS,KGS,CBR,KGS_RC_F02_09_2016_T02_09_2026.dbf,100,89.3389000000,0.8933890000,1.1193332356,1,False
2019-12-21,RUB_KGS,KGS,CBR,KGS_RC_F02_09_2016_T02_09_2026.dbf,100,89.1657000000,0.8916570000,1.1215074855,1,False
2019-12-24,RUB_KGS,KGS,CBR,KGS_RC_F02_09_2016_T02_09_2026.dbf,100,88.9383000000,0.8893830000,1.1243749881,3,False
2019-12-25,RUB_KGS,KGS,CBR,KGS_RC_F02_09_2016_T02_09_2026.dbf,100,88.8739000000,0.8887390000,1.1251897351,1,False
2019-12-26,RUB_KGS,KGS,CBR,KGS_RC_F02_09_2016_T02_09_2026.dbf,100,88.2293000000,0.8822930000,1.1334103297,1,False
2019-12-27,RUB_KGS,KGS,CBR,KGS_RC_F02_09_2016_T02_09_2026.dbf,100,88.3025000000,0.8830250000,1.1324707681,1,False
2019-12-28,RUB_KGS,KGS,CBR,KGS_RC_F02_09_2016_T02_09_2026.dbf,100,88.7471000000,0.8874710000,1.1267973827,1,False
2019-12-31,RUB_KGS,KGS,CBR,KGS_RC_F02_09_2016_T02_09_2026.dbf,100,88.6304000000,0.8863040000,1.1282810413,3,False
2020-01-01,RUB_KGS,KGS,CBR,KGS_RC_F02_09_2016_T02_09_2026.dbf,100,88.6979000000,0.8869790000,1.1274224080,1,False
2020-01-10,RUB_KGS,KGS,CBR,KGS_RC_F02_09_2016_T02_09_2026.dbf,100,87.9036000000,0.8790360000,1.1376098362,9,False
2020-01-11,RUB_KGS,KGS,CBR,KGS_RC_F02_09_2016_T02_09_2026.dbf,100,87.9458000000,0.8794580000,1.1370639644,1,False
2020-01-14,RUB_KGS,KGS,CBR,KGS_RC_F02_09_2016_T02_09_2026.dbf,100,87.4924000000,0.8749240000,1.1429564168,3,False
2020-01-15,RUB_KGS,KGS,CBR,KGS_RC_F02_09_2016_T02_09_2026.dbf,100,87.9451000000,0.8794510000,1.1370730149,1,False
2020-01-16,RUB_KGS,KGS,CBR,KGS_RC_F02_09_2016_T02_09_2026.dbf,100,87.8622000000,0.8786220000,1.1381458693,1,False
2020-01-17,RUB_KGS,KGS,CBR,KGS_RC_F02_09_2016_T02_09_2026.dbf,100,88.2118000000,0.8821180000,1.1336351826,1,False
2020-01-18,RUB_KGS,KGS,CBR,KGS_RC_F02_09_2016_T02_09_2026.dbf,100,88.0916000000,0.8809160000,1.1351820151,1,False
2020-01-21,RUB_KGS,KGS,CBR,KGS_RC_F02_09_2016_T02_09_2026.dbf,100,87.9872000000,0.8798720000,1.1365289497,3,False
2020-01-22,RUB_KGS,KGS,CBR,KGS_RC_F02_09_2016_T02_09_2026.dbf,100,88.5199000000,0.8851990000,1.1296894823,1,False
2020-01-23,RUB_KGS,KGS,CBR,KGS_RC_F02_09_2016_T02_09_2026.dbf,100,88.5026000000,0.8850260000,1.1299103077,1,False
2020-01-24,RUB_KGS,KGS,CBR,KGS_RC_F02_09_2016_T02_09_2026.dbf,100,88.6831000000,0.8868310000,1.1276105594,1,False
2020-01-25,RUB_KGS,KGS,CBR,KGS_RC_F02_09_2016_T02_09_2026.dbf,100,88.4453000000,0.8844530000,1.1306423292,1,False
2020-01-28,RUB_KGS,KGS,CBR,KGS_RC_F02_09_2016_T02_09_2026.dbf,100,89.2172000000,0.8921720000,1.1208601032,3,False
2020-01-29,RUB_KGS,KGS,CBR,KGS_RC_F02_09_2016_T02_09_2026.dbf,100,89.9276000000,0.8992760000,1.1120056579,1,False
2020-01-30,RUB_KGS,KGS,CBR,KGS_RC_F02_09_2016_T02_09_2026.dbf,100,89.2901000000,0.8929010000,1.1199449883,1,False
2020-01-31,RUB_KGS,KGS,CBR,KGS_RC_F02_09_2016_T02_09_2026.dbf,100,90.2095000000,0.9020950000,1.1085306980,1,False
2020-02-01,RUB_KGS,KGS,CBR,KGS_RC_F02_09_2016_T02_09_2026.dbf,100,90.3564000000,0.9035640000,1.1067284664,1,False
2020-02-04,RUB_KGS,KGS,CBR,KGS_RC_F02_09_2016_T02_09_2026.dbf,100,91.4723000000,0.9147230000,1.0932271300,3,False
2020-02-05,RUB_KGS,KGS,CBR,KGS_RC_F02_09_2016_T02_09_2026.dbf,100,90.7795000000,0.9077950000,1.1015702884,1,False
2020-02-06,RUB_KGS,KGS,CBR,KGS_RC_F02_09_2016_T02_09_2026.dbf,100,90.4075000000,0.9040750000,1.1061029229,1,False
2020-02-07,RUB_KGS,KGS,CBR,KGS_RC_F02_09_2016_T02_09_2026.dbf,100,89.8815000000,0.8988150000,1.1125760028,1,False
2020-02-08,RUB_KGS,KGS,CBR,KGS_RC_F02_09_2016_T02_09_2026.dbf,100,90.8336000000,0.9083360000,1.1009141992,1,False
2020-02-11,RUB_KGS,KGS,CBR,KGS_RC_F02_09_2016_T02_09_2026.dbf,100,91.2612000000,0.9126120000,1.0957559182,3,False
2020-02-12,RUB_KGS,KGS,CBR,KGS_RC_F02_09_2016_T02_09_2026.dbf,100,91.5163000000,0.9151630000,1.0927015187,1,False
2020-02-13,RUB_KGS,KGS,CBR,KGS_RC_F02_09_2016_T02_09_2026.dbf,100,90.2254000000,0.9022540000,1.1083353468,1,False
2020-02-14,RUB_KGS,KGS,CBR,KGS_RC_F02_09_2016_T02_09_2026.dbf,100,91.0191000000,0.9101910000,1.0986704988,1,False
2020-02-15,RUB_KGS,KGS,CBR,KGS_RC_F02_09_2016_T02_09_2026.dbf,100,90.8073000000,0.9080730000,1.1012330506,1,False
2020-02-18,RUB_KGS,KGS,CBR,KGS_RC_F02_09_2016_T02_09_2026.dbf,100,90.5997000000,0.9059970000,1.1037564142,3,False
2020-02-19,RUB_KGS,KGS,CBR,KGS_RC_F02_09_2016_T02_09_2026.dbf,100,91.2598000000,0.9125980000,1.0957727280,1,False
2020-02-20,RUB_KGS,KGS,CBR,KGS_RC_F02_09_2016_T02_09_2026.dbf,100,91.1541000000,0.9115410000,1.0970433584,1,False
2020-02-21,RUB_KGS,KGS,CBR,KGS_RC_F02_09_2016_T02_09_2026.dbf,100,91.2206000000,0.9122060000,1.0962436116,1,False
2020-02-22,RUB_KGS,KGS,CBR,KGS_RC_F02_09_2016_T02_09_2026.dbf,100,92.0197000000,0.9201970000,1.0867238211,1,False
2020-02-26,RUB_KGS,KGS,CBR,KGS_RC_F02_09_2016_T02_09_2026.dbf,100,92.9077000000,0.9290770000,1.0763370528,4,False
2020-02-27,RUB_KGS,KGS,CBR,KGS_RC_F02_09_2016_T02_09_2026.dbf,100,93.7746000000,0.9377460000,1.0663868468,1,False
2020-02-28,RUB_KGS,KGS,CBR,KGS_RC_F02_09_2016_T02_09_2026.dbf,100,93.8929000000,0.9389290000,1.0650432567,1,False
2020-02-29,RUB_KGS,KGS,CBR,KGS_RC_F02_09_2016_T02_09_2026.dbf,100,95.8695000000,0.9586950000,1.0430846098,1,False
2020-03-03,RUB_KGS,KGS,CBR,KGS_RC_F02_09_2016_T02_09_2026.dbf,100,94.9199000000,0.9491990000,1.0535198625,3,False
2020-03-04,RUB_KGS,KGS,CBR,KGS_RC_F02_09_2016_T02_09_2026.dbf,100,95.0864000000,0.9508640000,1.0516751081,1,False
2020-03-05,RUB_KGS,KGS,CBR,KGS_RC_F02_09_2016_T02_09_2026.dbf,100,94.5636000000,0.9456360000,1.0574893511,1,False
2020-03-06,RUB_KGS,KGS,CBR,KGS_RC_F02_09_2016_T02_09_2026.dbf,100,94.7167000000,0.9471670000,1.0557800261,1,False
2020-03-07,RUB_KGS,KGS,CBR,KGS_RC_F02_09_2016_T02_09_2026.dbf,100,96.6369000000,0.9663690000,1.0348014061,1,False
2020-03-11,RUB_KGS,KGS,CBR,KGS_RC_F02_09_2016_T02_09_2026.dbf,10,10.3068000000,1.0306800000,0.9702332441,4,False
2020-03-12,RUB_KGS,KGS,CBR,KGS_RC_F02_09_2016_T02_09_2026.dbf,10,10.2282000000,1.0228200000,0.9776891340,1,False
2020-03-13,RUB_KGS,KGS,CBR,KGS_RC_F02_09_2016_T02_09_2026.dbf,10,10.1652000000,1.0165200000,0.9837484752,1,False
2020-03-14,RUB_KGS,KGS,CBR,KGS_RC_F02_09_2016_T02_09_2026.dbf,10,10.0418000000,1.0041800000,0.9958373997,1,False
2020-03-17,RUB_KGS,KGS,CBR,KGS_RC_F02_09_2016_T02_09_2026.dbf,10,10.1669000000,1.0166900000,0.9835839833,3,False
2020-03-18,RUB_KGS,KGS,CBR,KGS_RC_F02_09_2016_T02_09_2026.dbf,10,10.1345000000,1.0134500000,0.9867285017,1,False
2020-03-19,RUB_KGS,KGS,CBR,KGS_RC_F02_09_2016_T02_09_2026.dbf,10,10.5903000000,1.0590300000,0.9442603137,1,False
2020-03-20,RUB_KGS,KGS,CBR,KGS_RC_F02_09_2016_T02_09_2026.dbf,10,10.9944000000,1.0994400000,0.9095539547,1,False
2020-03-21,RUB_KGS,KGS,CBR,KGS_RC_F02_09_2016_T02_09_2026.dbf,10,10.7168000000,1.0716800000,0.9331143625,1,False
2020-03-24,RUB_KGS,KGS,CBR,KGS_RC_F02_09_2016_T02_09_2026.dbf,10,11.0950000000,1.1095000000,0.9013068950,3,False
2020-03-25,RUB_KGS,KGS,CBR,KGS_RC_F02_09_2016_T02_09_2026.dbf,10,10.8172000000,1.0817200000,0.9244536479,1,False
2020-03-26,RUB_KGS,KGS,CBR,KGS_RC_F02_09_2016_T02_09_2026.dbf,10,10.6738000000,1.0673800000,0.9368734659,1,False
2020-03-27,RUB_KGS,KGS,CBR,KGS_RC_F02_09_2016_T02_09_2026.dbf,100,98.6901000000,0.9869010000,1.0132728612,1,False
2020-03-28,RUB_KGS,KGS,CBR,KGS_RC_F02_09_2016_T02_09_2026.dbf,100,97.2264000000,0.9722640000,1.0285272313,1,False
2020-04-07,RUB_KGS,KGS,CBR,KGS_RC_F02_09_2016_T02_09_2026.dbf,100,89.9985000000,0.8999850000,1.1111296299,10,False
2020-04-08,RUB_KGS,KGS,CBR,KGS_RC_F02_09_2016_T02_09_2026.dbf,100,88.8770000000,0.8887700000,1.1251504889,1,False
2020-04-09,RUB_KGS,KGS,CBR,KGS_RC_F02_09_2016_T02_09_2026.dbf,100,89.2242000000,0.8922420000,1.1207721672,1,False
2020-04-10,RUB_KGS,KGS,CBR,KGS_RC_F02_09_2016_T02_09_2026.dbf,100,87.8756000000,0.8787560000,1.1379723154,1,False
2020-04-11,RUB_KGS,KGS,CBR,KGS_RC_F02_09_2016_T02_09_2026.dbf,100,94.7875000000,0.9478750000,1.0549914282,1,False
2020-04-14,RUB_KGS,KGS,CBR,KGS_RC_F02_09_2016_T02_09_2026.dbf,100,94.4715000000,0.9447150000,1.0585202945,3,False
2020-04-15,RUB_KGS,KGS,CBR,KGS_RC_F02_09_2016_T02_09_2026.dbf,100,93.6555000000,0.9365550000,1.0677429516,1,False
2020-04-16,RUB_KGS,KGS,CBR,KGS_RC_F02_09_2016_T02_09_2026.dbf,100,93.4125000000,0.9341250000,1.0705205406,1,False
2020-04-17,RUB_KGS,KGS,CBR,KGS_RC_F02_09_2016_T02_09_2026.dbf,100,93.7245000000,0.9372450000,1.0669568789,1,False
2020-04-18,RUB_KGS,KGS,CBR,KGS_RC_F02_09_2016_T02_09_2026.dbf,100,92.3906000000,0.9239060000,1.0823611926,1,False
2020-04-21,RUB_KGS,KGS,CBR,KGS_RC_F02_09_2016_T02_09_2026.dbf,100,92.8993000000,0.9289930000,1.0764343757,3,False
2020-04-22,RUB_KGS,KGS,CBR,KGS_RC_F02_09_2016_T02_09_2026.dbf,100,95.8466000000,0.9584660000,1.0433338272,1,False
2020-04-23,RUB_KGS,KGS,CBR,KGS_RC_F02_09_2016_T02_09_2026.dbf,100,96.6034000000,0.9660340000,1.0351602532,1,False
2020-04-24,RUB_KGS,KGS,CBR,KGS_RC_F02_09_2016_T02_09_2026.dbf,100,93.4099000000,0.9340990000,1.0705503378,1,False
2020-04-25,RUB_KGS,KGS,CBR,KGS_RC_F02_09_2016_T02_09_2026.dbf,100,92.8614000000,0.9286140000,1.0768737064,1,False
2020-04-28,RUB_KGS,KGS,CBR,KGS_RC_F02_09_2016_T02_09_2026.dbf,100,92.6501000000,0.9265010000,1.0793296499,3,False
2020-04-29,RUB_KGS,KGS,CBR,KGS_RC_F02_09_2016_T02_09_2026.dbf,100,92.7433000000,0.9274330000,1.0782450053,1,False
2020-04-30,RUB_KGS,KGS,CBR,KGS_RC_F02_09_2016_T02_09_2026.dbf,100,92.8494000000,0.9284940000,1.0770128832,1,False
2020-05-01,RUB_KGS,KGS,CBR,KGS_RC_F02_09_2016_T02_09_2026.dbf,100,90.9415000000,0.9094150000,1.0996079898,1,False
2020-05-07,RUB_KGS,KGS,CBR,KGS_RC_F02_09_2016_T02_09_2026.dbf,100,93.7366000000,0.9373660000,1.0668191507,6,False
2020-05-08,RUB_KGS,KGS,CBR,KGS_RC_F02_09_2016_T02_09_2026.dbf,100,93.9516000000,0.9395160000,1.0643778286,1,False
2020-05-09,RUB_KGS,KGS,CBR,KGS_RC_F02_09_2016_T02_09_2026.dbf,100,93.5934000000,0.9359340000,1.0684514079,1,False
2020-05-13,RUB_KGS,KGS,CBR,KGS_RC_F02_09_2016_T02_09_2026.dbf,100,94.1115000000,0.9411150000,1.0625693991,4,False
2020-05-14,RUB_KGS,KGS,CBR,KGS_RC_F02_09_2016_T02_09_2026.dbf,100,94.9025000000,0.9490250000,1.0537130213,1,False
2020-05-15,RUB_KGS,KGS,CBR,KGS_RC_F02_09_2016_T02_09_2026.dbf,100,96.0536000000,0.9605360000,1.0410853940,1,False
2020-05-16,RUB_KGS,KGS,CBR,KGS_RC_F02_09_2016_T02_09_2026.dbf,100,95.0722000000,0.9507220000,1.0518321865,1,False
2020-05-19,RUB_KGS,KGS,CBR,KGS_RC_F02_09_2016_T02_09_2026.dbf,100,95.2587000000,0.9525870000,1.0497728816,3,False
2020-05-20,RUB_KGS,KGS,CBR,KGS_RC_F02_09_2016_T02_09_2026.dbf,100,94.4408000000,0.9444080000,1.0588643891,1,False
2020-05-21,RUB_KGS,KGS,CBR,KGS_RC_F02_09_2016_T02_09_2026.dbf,100,94.9758000000,0.9497580000,1.0528997913,1,False
2020-05-22,RUB_KGS,KGS,CBR,KGS_RC_F02_09_2016_T02_09_2026.dbf,100,93.6640000000,0.9366400000,1.0676460540,1,False
2020-05-23,RUB_KGS,KGS,CBR,KGS_RC_F02_09_2016_T02_09_2026.dbf,100,95.7688000000,0.9576880000,1.0441814035,1,False
2020-05-26,RUB_KGS,KGS,CBR,KGS_RC_F02_09_2016_T02_09_2026.dbf,100,95.4298000000,0.9542980000,1.0478907008,3,False
2020-05-27,RUB_KGS,KGS,CBR,KGS_RC_F02_09_2016_T02_09_2026.dbf,100,94.8228000000,0.9482280000,1.0545986830,1,False
2020-05-28,RUB_KGS,KGS,CBR,KGS_RC_F02_09_2016_T02_09_2026.dbf,100,95.9032000000,0.9590320000,1.0427180741,1,False
2020-05-29,RUB_KGS,KGS,CBR,KGS_RC_F02_09_2016_T02_09_2026.dbf,100,96.7137000000,0.9671370000,1.0339796740,1,False
2020-05-30,RUB_KGS,KGS,CBR,KGS_RC_F02_09_2016_T02_09_2026.dbf,100,95.9470000000,0.9594700000,1.0422420711,1,False
2020-06-02,RUB_KGS,KGS,CBR,KGS_RC_F02_09_2016_T02_09_2026.dbf,100,94.4663000000,0.9446630000,1.0585785619,3,False
2020-06-03,RUB_KGS,KGS,CBR,KGS_RC_F02_09_2016_T02_09_2026.dbf,100,93.8294000000,0.9382940000,1.0657640356,1,False
2020-06-04,RUB_KGS,KGS,CBR,KGS_RC_F02_09_2016_T02_09_2026.dbf,100,92.9192000000,0.9291920000,1.0762038416,1,False
2020-06-05,RUB_KGS,KGS,CBR,KGS_RC_F02_09_2016_T02_09_2026.dbf,100,93.8984000000,0.9389840000,1.0649808729,1,False
2020-06-06,RUB_KGS,KGS,CBR,KGS_RC_F02_09_2016_T02_09_2026.dbf,100,92.8371000000,0.9283710000,1.0771555768,1,False
2020-06-09,RUB_KGS,KGS,CBR,KGS_RC_F02_09_2016_T02_09_2026.dbf,100,91.9892000000,0.9198920000,1.0870841360,3,False
2020-06-10,RUB_KGS,KGS,CBR,KGS_RC_F02_09_2016_T02_09_2026.dbf,100,92.5237000000,0.9252370000,1.0808041615,1,False
2020-06-11,RUB_KGS,KGS,CBR,KGS_RC_F02_09_2016_T02_09_2026.dbf,100,92.5657000000,0.9256570000,1.0803137663,1,False
2020-06-12,RUB_KGS,KGS,CBR,KGS_RC_F02_09_2016_T02_09_2026.dbf,100,92.9530000000,0.9295300000,1.0758125074,1,False
2020-06-16,RUB_KGS,KGS,CBR,KGS_RC_F02_09_2016_T02_09_2026.dbf,100,94.0994000000,0.9409940000,1.0627060321,4,False
2020-06-17,RUB_KGS,KGS,CBR,KGS_RC_F02_09_2016_T02_09_2026.dbf,100,93.1259000000,0.9312590000,1.0738151255,1,False
2020-06-18,RUB_KGS,KGS,CBR,KGS_RC_F02_09_2016_T02_09_2026.dbf,100,92.7666000000,0.9276660000,1.0779741847,1,False
2020-06-19,RUB_KGS,KGS,CBR,KGS_RC_F02_09_2016_T02_09_2026.dbf,100,93.1286000000,0.9312860000,1.0737839933,1,False
2020-06-20,RUB_KGS,KGS,CBR,KGS_RC_F02_09_2016_T02_09_2026.dbf,100,92.8919000000,0.9289190000,1.0765201272,1,False
2020-06-23,RUB_KGS,KGS,CBR,KGS_RC_F02_09_2016_T02_09_2026.dbf,100,92.7205000000,0.9272050000,1.0785101461,3,False
2020-06-24,RUB_KGS,KGS,CBR,KGS_RC_F02_09_2016_T02_09_2026.dbf,100,91.7600000000,0.9176000000,1.0897994769,1,False
2020-06-25,RUB_KGS,KGS,CBR,KGS_RC_F02_09_2016_T02_09_2026.dbf,100,91.7655000000,0.9176550000,1.0897341594,1,False
2020-06-26,RUB_KGS,KGS,CBR,KGS_RC_F02_09_2016_T02_09_2026.dbf,100,92.7020000000,0.9270200000,1.0787253781,1,False
2020-06-27,RUB_KGS,KGS,CBR,KGS_RC_F02_09_2016_T02_09_2026.dbf,100,91.9878000000,0.9198780000,1.0871006807,1,False
2020-06-30,RUB_KGS,KGS,CBR,KGS_RC_F02_09_2016_T02_09_2026.dbf,100,92.6883000000,0.9268830000,1.0788848215,3,False
2020-07-01,RUB_KGS,KGS,CBR,KGS_RC_F02_09_2016_T02_09_2026.dbf,100,92.6665000000,0.9266650000,1.0791386315,1,False
2020-07-02,RUB_KGS,KGS,CBR,KGS_RC_F02_09_2016_T02_09_2026.dbf,100,92.6668000000,0.9266680000,1.0791351379,1,False
2020-07-03,RUB_KGS,KGS,CBR,KGS_RC_F02_09_2016_T02_09_2026.dbf,100,92.7892000000,0.9278920000,1.0777116302,1,False
2020-07-04,RUB_KGS,KGS,CBR,KGS_RC_F02_09_2016_T02_09_2026.dbf,100,89.4505000000,0.8945050000,1.1179367360,1,False
2020-07-07,RUB_KGS,KGS,CBR,KGS_RC_F02_09_2016_T02_09_2026.dbf,100,90.4767000000,0.9047670000,1.1052569336,3,False
2020-07-08,RUB_KGS,KGS,CBR,KGS_RC_F02_09_2016_T02_09_2026.dbf,100,93.4419000000,0.9344190000,1.0701837184,1,False
2020-07-09,RUB_KGS,KGS,CBR,KGS_RC_F02_09_2016_T02_09_2026.dbf,100,91.6660000000,0.9166600000,1.0909170249,1,False
2020-07-10,RUB_KGS,KGS,CBR,KGS_RC_F02_09_2016_T02_09_2026.dbf,100,90.8093000000,0.9080930000,1.1012087969,1,False
2020-07-11,RUB_KGS,KGS,CBR,KGS_RC_F02_09_2016_T02_09_2026.dbf,100,91.5260000000,0.9152600000,1.0925857133,1,False
2020-07-14,RUB_KGS,KGS,CBR,KGS_RC_F02_09_2016_T02_09_2026.dbf,100,90.9038000000,0.9090380000,1.1000640237,3,False
2020-07-15,RUB_KGS,KGS,CBR,KGS_RC_F02_09_2016_T02_09_2026.dbf,100,91.5066000000,0.9150660000,1.0928173487,1,False
2020-07-16,RUB_KGS,KGS,CBR,KGS_RC_F02_09_2016_T02_09_2026.dbf,100,91.3113000000,0.9131130000,1.0951547070,1,False
2020-07-17,RUB_KGS,KGS,CBR,KGS_RC_F02_09_2016_T02_09_2026.dbf,100,91.7360000000,0.9173600000,1.0900845906,1,False
2020-07-18,RUB_KGS,KGS,CBR,KGS_RC_F02_09_2016_T02_09_2026.dbf,100,92.5662000000,0.9256620000,1.0803079310,1,False
2020-07-21,RUB_KGS,KGS,CBR,KGS_RC_F02_09_2016_T02_09_2026.dbf,100,92.7628000000,0.9276280000,1.0780183436,3,False
2020-07-22,RUB_KGS,KGS,CBR,KGS_RC_F02_09_2016_T02_09_2026.dbf,100,91.4913000000,0.9149130000,1.0930000995,1,False
2020-07-23,RUB_KGS,KGS,CBR,KGS_RC_F02_09_2016_T02_09_2026.dbf,100,91.2609000000,0.9126090000,1.0957595202,1,False
2020-07-24,RUB_KGS,KGS,CBR,KGS_RC_F02_09_2016_T02_09_2026.dbf,100,91.8615000000,0.9186150000,1.0885953310,1,False
2020-07-25,RUB_KGS,KGS,CBR,KGS_RC_F02_09_2016_T02_09_2026.dbf,100,93.5595000000,0.9355950000,1.0688385466,1,False
2020-07-28,RUB_KGS,KGS,CBR,KGS_RC_F02_09_2016_T02_09_2026.dbf,100,93.3416000000,0.9334160000,1.0713336819,3,False
2020-07-29,RUB_KGS,KGS,CBR,KGS_RC_F02_09_2016_T02_09_2026.dbf,100,93.8293000000,0.9382930000,1.0657651714,1,False
2020-07-30,RUB_KGS,KGS,CBR,KGS_RC_F02_09_2016_T02_09_2026.dbf,100,94.2405000000,0.9424050000,1.0611149134,1,False
2020-07-31,RUB_KGS,KGS,CBR,KGS_RC_F02_09_2016_T02_09_2026.dbf,100,95.5156000000,0.9551560000,1.0469493988,1,False
2020-08-01,RUB_KGS,KGS,CBR,KGS_RC_F02_09_2016_T02_09_2026.dbf,100,95.6287000000,0.9562870000,1.0457111725,1,False
2020-08-04,RUB_KGS,KGS,CBR,KGS_RC_F02_09_2016_T02_09_2026.dbf,100,96.5827000000,0.9658270000,1.0353821129,3,False
2020-08-05,RUB_KGS,KGS,CBR,KGS_RC_F02_09_2016_T02_09_2026.dbf,100,95.4602000000,0.9546020000,1.0475569923,1,False
2020-08-06,RUB_KGS,KGS,CBR,KGS_RC_F02_09_2016_T02_09_2026.dbf,100,95.3433000000,0.9534330000,1.0488413974,1,False
2020-08-07,RUB_KGS,KGS,CBR,KGS_RC_F02_09_2016_T02_09_2026.dbf,100,94.9801000000,0.9498010000,1.0528521238,1,False
2020-08-08,RUB_KGS,KGS,CBR,KGS_RC_F02_09_2016_T02_09_2026.dbf,100,95.4473000000,0.9544730000,1.0476985729,1,False
2020-08-11,RUB_KGS,KGS,CBR,KGS_RC_F02_09_2016_T02_09_2026.dbf,100,95.7157000000,0.9571570000,1.0447606819,3,False
2020-08-12,RUB_KGS,KGS,CBR,KGS_RC_F02_09_2016_T02_09_2026.dbf,100,94.4540000000,0.9445400000,1.0587164122,1,False
2020-08-13,RUB_KGS,KGS,CBR,KGS_RC_F02_09_2016_T02_09_2026.dbf,100,94.3360000000,0.9433600000,1.0600407056,1,False
2020-08-14,RUB_KGS,KGS,CBR,KGS_RC_F02_09_2016_T02_09_2026.dbf,100,94.5088000000,0.9450880000,1.0581025259,1,False
2020-08-15,RUB_KGS,KGS,CBR,KGS_RC_F02_09_2016_T02_09_2026.dbf,100,94.1076000000,0.9410760000,1.0626134340,1,False
2020-08-18,RUB_KGS,KGS,CBR,KGS_RC_F02_09_2016_T02_09_2026.dbf,100,93.3391000000,0.9333910000,1.0713623765,3,False
2020-08-19,RUB_KGS,KGS,CBR,KGS_RC_F02_09_2016_T02_09_2026.dbf,100,94.3303000000,0.9433030000,1.0601047596,1,False
2020-08-20,RUB_KGS,KGS,CBR,KGS_RC_F02_09_2016_T02_09_2026.dbf,100,94.0261000000,0.9402610000,1.0635344867,1,False
2020-08-21,RUB_KGS,KGS,CBR,KGS_RC_F02_09_2016_T02_09_2026.dbf,100,94.6997000000,0.9469970000,1.0559695543,1,False
2020-08-22,RUB_KGS,KGS,CBR,KGS_RC_F02_09_2016_T02_09_2026.dbf,100,95.2885000000,0.9528850000,1.0494445815,1,False
2020-08-25,RUB_KGS,KGS,CBR,KGS_RC_F02_09_2016_T02_09_2026.dbf,100,95.4082000000,0.9540820000,1.0481279387,3,False
2020-08-26,RUB_KGS,KGS,CBR,KGS_RC_F02_09_2016_T02_09_2026.dbf,100,95.6516000000,0.9565160000,1.0454608182,1,False
2020-08-27,RUB_KGS,KGS,CBR,KGS_RC_F02_09_2016_T02_09_2026.dbf,100,96.8739000000,0.9687390000,1.0322697858,1,False
2020-08-28,RUB_KGS,KGS,CBR,KGS_RC_F02_09_2016_T02_09_2026.dbf,100,96.2001000000,0.9620010000,1.0394999589,1,False
2020-08-29,RUB_KGS,KGS,CBR,KGS_RC_F02_09_2016_T02_09_2026.dbf,100,95.1240000000,0.9512400000,1.0512594088,1,False
2020-09-01,RUB_KGS,KGS,CBR,KGS_RC_F02_09_2016_T02_09_2026.dbf,100,94.0231000000,0.9402310000,1.0635684210,3,False
2020-09-02,RUB_KGS,KGS,CBR,KGS_RC_F02_09_2016_T02_09_2026.dbf,100,93.7441000000,0.9374410000,1.0667337998,1,False
2020-09-03,RUB_KGS,KGS,CBR,KGS_RC_F02_09_2016_T02_09_2026.dbf,100,94.3581000000,0.9435810000,1.0597924291,1,False
2020-09-04,RUB_KGS,KGS,CBR,KGS_RC_F02_09_2016_T02_09_2026.dbf,100,96.3932000000,0.9639320000,1.0374175772,1,False
2020-09-05,RUB_KGS,KGS,CBR,KGS_RC_F02_09_2016_T02_09_2026.dbf,100,95.5124000000,0.9551240000,1.0469844753,1,False
2020-09-08,RUB_KGS,KGS,CBR,KGS_RC_F02_09_2016_T02_09_2026.dbf,100,95.9774000000,0.9597740000,1.0419119501,3,False
2020-09-09,RUB_KGS,KGS,CBR,KGS_RC_F02_09_2016_T02_09_2026.dbf,100,96.4540000000,0.9645400000,1.0367636386,1,False
2020-09-10,RUB_KGS,KGS,CBR,KGS_RC_F02_09_2016_T02_09_2026.dbf,100,96.5925000000,0.9659250000,1.0352770660,1,False
2020-09-11,RUB_KGS,KGS,CBR,KGS_RC_F02_09_2016_T02_09_2026.dbf,100,95.7255000000,0.9572550000,1.0446537234,1,False
2020-09-12,RUB_KGS,KGS,CBR,KGS_RC_F02_09_2016_T02_09_2026.dbf,100,94.7970000000,0.9479700000,1.0548857031,1,False
2020-09-15,RUB_KGS,KGS,CBR,KGS_RC_F02_09_2016_T02_09_2026.dbf,100,94.6356000000,0.9463560000,1.0566847994,3,False
2020-09-16,RUB_KGS,KGS,CBR,KGS_RC_F02_09_2016_T02_09_2026.dbf,100,95.1123000000,0.9511230000,1.0513887268,1,False
2020-09-17,RUB_KGS,KGS,CBR,KGS_RC_F02_09_2016_T02_09_2026.dbf,100,94.8453000000,0.9484530000,1.0543485022,1,False
2020-09-18,RUB_KGS,KGS,CBR,KGS_RC_F02_09_2016_T02_09_2026.dbf,100,95.4240000000,0.9542400000,1.0479543930,1,False
2020-09-19,RUB_KGS,KGS,CBR,KGS_RC_F02_09_2016_T02_09_2026.dbf,100,94.9928000000,0.9499280000,1.0527113634,1,False
2020-09-22,RUB_KGS,KGS,CBR,KGS_RC_F02_09_2016_T02_09_2026.dbf,100,96.1636000000,0.9616360000,1.0398945131,3,False
2020-09-23,RUB_KGS,KGS,CBR,KGS_RC_F02_09_2016_T02_09_2026.dbf,100,96.3019000000,0.9630190000,1.0384011115,1,False
2020-09-24,RUB_KGS,KGS,CBR,KGS_RC_F02_09_2016_T02_09_2026.dbf,100,96.2959000000,0.9629590000,1.0384658121,1,False
2020-09-25,RUB_KGS,KGS,CBR,KGS_RC_F02_09_2016_T02_09_2026.dbf,100,97.2311000000,0.9723110000,1.0284775139,1,False
2020-09-26,RUB_KGS,KGS,CBR,KGS_RC_F02_09_2016_T02_09_2026.dbf,100,96.7779000000,0.9677790000,1.0332937582,1,False
2020-09-29,RUB_KGS,KGS,CBR,KGS_RC_F02_09_2016_T02_09_2026.dbf,100,98.9240000000,0.9892400000,1.0108770369,3,False
2020-09-30,RUB_KGS,KGS,CBR,KGS_RC_F02_09_2016_T02_09_2026.dbf,10,10.0198000000,1.0019800000,0.9980239127,1,False
2020-10-01,RUB_KGS,KGS,CBR,KGS_RC_F02_09_2016_T02_09_2026.dbf,100,98.9419000000,0.9894190000,1.0106941549,1,False
2020-10-02,RUB_KGS,KGS,CBR,KGS_RC_F02_09_2016_T02_09_2026.dbf,100,97.0490000000,0.9704900000,1.0304073200,1,False
2020-10-03,RUB_KGS,KGS,CBR,KGS_RC_F02_09_2016_T02_09_2026.dbf,100,98.2094000000,0.9820940000,1.0182324706,1,False
2020-10-06,RUB_KGS,KGS,CBR,KGS_RC_F02_09_2016_T02_09_2026.dbf,100,98.2554000000,0.9825540000,1.0177557671,3,False
2020-10-07,RUB_KGS,KGS,CBR,KGS_RC_F02_09_2016_T02_09_2026.dbf,100,98.5787000000,0.9857870000,1.0144179219,1,False
2020-10-08,RUB_KGS,KGS,CBR,KGS_RC_F02_09_2016_T02_09_2026.dbf,100,98.0516000000,0.9805160000,1.0198711699,1,False
2020-10-09,RUB_KGS,KGS,CBR,KGS_RC_F02_09_2016_T02_09_2026.dbf,100,97.8301000000,0.9783010000,1.0221802901,1,False
2020-10-10,RUB_KGS,KGS,CBR,KGS_RC_F02_09_2016_T02_09_2026.dbf,100,96.7160000000,0.9671600000,1.0339550850,1,False
2020-10-13,RUB_KGS,KGS,CBR,KGS_RC_F02_09_2016_T02_09_2026.dbf,100,96.7104000000,0.9671040000,1.0340149560,3,False
2020-10-14,RUB_KGS,KGS,CBR,KGS_RC_F02_09_2016_T02_09_2026.dbf,100,97.0388000000,0.9703880000,1.0305156288,1,False
2020-10-15,RUB_KGS,KGS,CBR,KGS_RC_F02_09_2016_T02_09_2026.dbf,100,96.9766000000,0.9697660000,1.0311765931,1,False
2020-10-16,RUB_KGS,KGS,CBR,KGS_RC_F02_09_2016_T02_09_2026.dbf,100,97.7889000000,0.9778890000,1.0226109507,1,False
2020-10-17,RUB_KGS,KGS,CBR,KGS_RC_F02_09_2016_T02_09_2026.dbf,100,97.4555000000,0.9745550000,1.0261093525,1,False
2020-10-20,RUB_KGS,KGS,CBR,KGS_RC_F02_09_2016_T02_09_2026.dbf,100,97.4051000000,0.9740510000,1.0266402889,3,False
2020-10-21,RUB_KGS,KGS,CBR,KGS_RC_F02_09_2016_T02_09_2026.dbf,100,95.0549000000,0.9505490000,1.0520236200,1,False
2020-10-22,RUB_KGS,KGS,CBR,KGS_RC_F02_09_2016_T02_09_2026.dbf,100,94.8296000000,0.9482960000,1.0545230603,1,False
2020-10-23,RUB_KGS,KGS,CBR,KGS_RC_F02_09_2016_T02_09_2026.dbf,100,95.3651000000,0.9536510000,1.0486016373,1,False
2020-10-24,RUB_KGS,KGS,CBR,KGS_RC_F02_09_2016_T02_09_2026.dbf,100,94.6720000000,0.9467200000,1.0562785195,1,False
2020-10-27,RUB_KGS,KGS,CBR,KGS_RC_F02_09_2016_T02_09_2026.dbf,100,94.7768000000,0.9477680000,1.0551105334,3,False
2020-10-28,RUB_KGS,KGS,CBR,KGS_RC_F02_09_2016_T02_09_2026.dbf,100,94.7833000000,0.9478330000,1.0550381766,1,False
2020-10-29,RUB_KGS,KGS,CBR,KGS_RC_F02_09_2016_T02_09_2026.dbf,100,95.5927000000,0.9559270000,1.0461049850,1,False
2020-10-30,RUB_KGS,KGS,CBR,KGS_RC_F02_09_2016_T02_09_2026.dbf,100,96.5407000000,0.9654070000,1.0358325556,1,False
2020-10-31,RUB_KGS,KGS,CBR,KGS_RC_F02_09_2016_T02_09_2026.dbf,100,97.1067000000,0.9710670000,1.0297950605,1,False
2020-11-03,RUB_KGS,KGS,CBR,KGS_RC_F02_09_2016_T02_09_2026.dbf,100,98.4696000000,0.9846960000,1.0155418525,3,False
2020-11-04,RUB_KGS,KGS,CBR,KGS_RC_F02_09_2016_T02_09_2026.dbf,100,97.7677000000,0.9776770000,1.0228326942,1,False
2020-11-06,RUB_KGS,KGS,CBR,KGS_RC_F02_09_2016_T02_09_2026.dbf,100,93.5007000000,0.9350070000,1.0695107095,2,False
2020-11-07,RUB_KGS,KGS,CBR,KGS_RC_F02_09_2016_T02_09_2026.dbf,100,92.0268000000,0.9202680000,1.0866399788,1,False
2020-11-10,RUB_KGS,KGS,CBR,KGS_RC_F02_09_2016_T02_09_2026.dbf,100,91.7798000000,0.9177980000,1.0895643704,3,False
2020-11-11,RUB_KGS,KGS,CBR,KGS_RC_F02_09_2016_T02_09_2026.dbf,100,91.1196000000,0.9111960000,1.0974587246,1,False
2020-11-12,RUB_KGS,KGS,CBR,KGS_RC_F02_09_2016_T02_09_2026.dbf,100,90.8924000000,0.9089240000,1.1002019971,1,False
2020-11-13,RUB_KGS,KGS,CBR,KGS_RC_F02_09_2016_T02_09_2026.dbf,100,91.6466000000,0.9164660000,1.0911479531,1,False
2020-11-14,RUB_KGS,KGS,CBR,KGS_RC_F02_09_2016_T02_09_2026.dbf,100,91.8636000000,0.9186360000,1.0885704457,1,False
2020-11-17,RUB_KGS,KGS,CBR,KGS_RC_F02_09_2016_T02_09_2026.dbf,100,90.6781000000,0.9067810000,1.1028021099,3,False
2020-11-18,RUB_KGS,KGS,CBR,KGS_RC_F02_09_2016_T02_09_2026.dbf,100,89.8922000000,0.8989220000,1.1124435713,1,False
2020-11-19,RUB_KGS,KGS,CBR,KGS_RC_F02_09_2016_T02_09_2026.dbf,100,89.5076000000,0.8950760000,1.1172235654,1,False
2020-11-20,RUB_KGS,KGS,CBR,KGS_RC_F02_09_2016_T02_09_2026.dbf,100,89.9327000000,0.8993270000,1.1119425971,1,False
2020-11-21,RUB_KGS,KGS,CBR,KGS_RC_F02_09_2016_T02_09_2026.dbf,100,89.6271000000,0.8962710000,1.1157339689,1,False
2020-11-24,RUB_KGS,KGS,CBR,KGS_RC_F02_09_2016_T02_09_2026.dbf,100,89.3142000000,0.8931420000,1.1196427892,3,False
2020-11-25,RUB_KGS,KGS,CBR,KGS_RC_F02_09_2016_T02_09_2026.dbf,100,89.3787000000,0.8937870000,1.1188348007,1,False
2020-11-26,RUB_KGS,KGS,CBR,KGS_RC_F02_09_2016_T02_09_2026.dbf,100,88.9828000000,0.8898280000,1.1238126919,1,False
2020-11-27,RUB_KGS,KGS,CBR,KGS_RC_F02_09_2016_T02_09_2026.dbf,100,88.9476000000,0.8894760000,1.1242574280,1,False
2020-11-28,RUB_KGS,KGS,CBR,KGS_RC_F02_09_2016_T02_09_2026.dbf,100,89.4298000000,0.8942980000,1.1181955008,1,False
2020-12-01,RUB_KGS,KGS,CBR,KGS_RC_F02_09_2016_T02_09_2026.dbf,100,89.8313000000,0.8983130000,1.1131977384,3,False
2020-12-02,RUB_KGS,KGS,CBR,KGS_RC_F02_09_2016_T02_09_2026.dbf,100,89.9745000000,0.8997450000,1.1114260151,1,False
2020-12-03,RUB_KGS,KGS,CBR,KGS_RC_F02_09_2016_T02_09_2026.dbf,100,89.1404000000,0.8914040000,1.1218257939,1,False
2020-12-04,RUB_KGS,KGS,CBR,KGS_RC_F02_09_2016_T02_09_2026.dbf,100,88.6512000000,0.8865120000,1.1280163156,1,False
2020-12-05,RUB_KGS,KGS,CBR,KGS_RC_F02_09_2016_T02_09_2026.dbf,100,87.5395000000,0.8753950000,1.1423414573,1,False
2020-12-08,RUB_KGS,KGS,CBR,KGS_RC_F02_09_2016_T02_09_2026.dbf,100,87.5316000000,0.8753160000,1.1424445572,3,False
2020-12-09,RUB_KGS,KGS,CBR,KGS_RC_F02_09_2016_T02_09_2026.dbf,100,86.8412000000,0.8684120000,1.1515271553,1,False
2020-12-10,RUB_KGS,KGS,CBR,KGS_RC_F02_09_2016_T02_09_2026.dbf,100,86.4177000000,0.8641770000,1.1571703482,1,False
2020-12-11,RUB_KGS,KGS,CBR,KGS_RC_F02_09_2016_T02_09_2026.dbf,100,86.9014000000,0.8690140000,1.1507294474,1,False
2020-12-12,RUB_KGS,KGS,CBR,KGS_RC_F02_09_2016_T02_09_2026.dbf,100,86.1982000000,0.8619820000,1.1601170326,1,False
2020-12-15,RUB_KGS,KGS,CBR,KGS_RC_F02_09_2016_T02_09_2026.dbf,100,85.9716000000,0.8597160000,1.1631748159,3,False
2020-12-16,RUB_KGS,KGS,CBR,KGS_RC_F02_09_2016_T02_09_2026.dbf,100,86.5590000000,0.8655900000,1.1552813688,1,False
2020-12-17,RUB_KGS,KGS,CBR,KGS_RC_F02_09_2016_T02_09_2026.dbf,100,88.4371000000,0.8843710000,1.1307471638,1,False
2020-12-18,RUB_KGS,KGS,CBR,KGS_RC_F02_09_2016_T02_09_2026.dbf,100,87.3705000000,0.8737050000,1.1445510785,1,False
2020-12-19,RUB_KGS,KGS,CBR,KGS_RC_F02_09_2016_T02_09_2026.dbf,100,88.1459000000,0.8814590000,1.1344827156,1,False
2020-12-22,RUB_KGS,KGS,CBR,KGS_RC_F02_09_2016_T02_09_2026.dbf,100,92.4993000000,0.9249930000,1.0810892623,3,False
2020-12-23,RUB_KGS,KGS,CBR,KGS_RC_F02_09_2016_T02_09_2026.dbf,100,93.4546000000,0.9345460000,1.0700382860,1,False
2020-12-24,RUB_KGS,KGS,CBR,KGS_RC_F02_09_2016_T02_09_2026.dbf,100,93.0621000000,0.9306210000,1.0745512942,1,False
2020-12-25,RUB_KGS,KGS,CBR,KGS_RC_F02_09_2016_T02_09_2026.dbf,100,92.2233000000,0.9222330000,1.0843246772,1,False
2020-12-26,RUB_KGS,KGS,CBR,KGS_RC_F02_09_2016_T02_09_2026.dbf,100,88.0746000000,0.8807460000,1.1354011259,1,False
2020-12-29,RUB_KGS,KGS,CBR,KGS_RC_F02_09_2016_T02_09_2026.dbf,100,88.1050000000,0.8810500000,1.1350093638,3,False
2020-12-30,RUB_KGS,KGS,CBR,KGS_RC_F02_09_2016_T02_09_2026.dbf,100,89.0251000000,0.8902510000,1.1232787158,1,False
2020-12-31,RUB_KGS,KGS,CBR,KGS_RC_F02_09_2016_T02_09_2026.dbf,100,89.1537000000,0.8915370000,1.1216584393,1,False
2021-01-01,RUB_KGS,KGS,CBR,KGS_RC_F02_09_2016_T02_09_2026.dbf,100,89.3546000000,0.8935460000,1.1191365638,1,False
2021-01-12,RUB_KGS,KGS,CBR,KGS_RC_F02_09_2016_T02_09_2026.dbf,100,89.6651000000,0.8966510000,1.1152611217,11,False
2021-01-13,RUB_KGS,KGS,CBR,KGS_RC_F02_09_2016_T02_09_2026.dbf,100,89.2485000000,0.8924850000,1.1204670107,1,False
2021-01-14,RUB_KGS,KGS,CBR,KGS_RC_F02_09_2016_T02_09_2026.dbf,100,88.3597000000,0.8835970000,1.1317376587,1,False
2021-01-15,RUB_KGS,KGS,CBR,KGS_RC_F02_09_2016_T02_09_2026.dbf,100,88.0126000000,0.8801260000,1.1362009530,1,False
2021-01-16,RUB_KGS,KGS,CBR,KGS_RC_F02_09_2016_T02_09_2026.dbf,100,87.0079000000,0.8700790000,1.1493209237,1,False
2021-01-19,RUB_KGS,KGS,CBR,KGS_RC_F02_09_2016_T02_09_2026.dbf,100,87.5334000000,0.8753340000,1.1424210644,3,False
2021-01-20,RUB_KGS,KGS,CBR,KGS_RC_F02_09_2016_T02_09_2026.dbf,100,87.0417000000,0.8704170000,1.1488746199,1,False
2021-01-21,RUB_KGS,KGS,CBR,KGS_RC_F02_09_2016_T02_09_2026.dbf,100,86.4766000000,0.8647660000,1.1563821889,1,False
2021-01-22,RUB_KGS,KGS,CBR,KGS_RC_F02_09_2016_T02_09_2026.dbf,100,86.4928000000,0.8649280000,1.1561655999,1,False
2021-01-23,RUB_KGS,KGS,CBR,KGS_RC_F02_09_2016_T02_09_2026.dbf,100,87.9526000000,0.8795260000,1.1369760530,1,False
2021-01-26,RUB_KGS,KGS,CBR,KGS_RC_F02_09_2016_T02_09_2026.dbf,100,88.2806000000,0.8828060000,1.1327517031,3,False
2021-01-27,RUB_KGS,KGS,CBR,KGS_RC_F02_09_2016_T02_09_2026.dbf,100,89.1734000000,0.8917340000,1.1214106449,1,False
2021-01-28,RUB_KGS,KGS,CBR,KGS_RC_F02_09_2016_T02_09_2026.dbf,100,88.4726000000,0.8847260000,1.1302934468,1,False
2021-01-29,RUB_KGS,KGS,CBR,KGS_RC_F02_09_2016_T02_09_2026.dbf,100,89.8336000000,0.8983360000,1.1131692373,1,False
2021-01-30,RUB_KGS,KGS,CBR,KGS_RC_F02_09_2016_T02_09_2026.dbf,100,89.8920000000,0.8989200000,1.1124460464,1,False
2021-02-02,RUB_KGS,KGS,CBR,KGS_RC_F02_09_2016_T02_09_2026.dbf,100,89.0107000000,0.8901070000,1.1234604379,3,False
2021-02-03,RUB_KGS,KGS,CBR,KGS_RC_F02_09_2016_T02_09_2026.dbf,100,89.4845000000,0.8948450000,1.1175119713,1,False
2021-02-04,RUB_KGS,KGS,CBR,KGS_RC_F02_09_2016_T02_09_2026.dbf,100,89.6918000000,0.8969180000,1.1149291240,1,False
2021-02-05,RUB_KGS,KGS,CBR,KGS_RC_F02_09_2016_T02_09_2026.dbf,100,89.2793000000,0.8927930000,1.1200804666,1,False
2021-02-06,RUB_KGS,KGS,CBR,KGS_RC_F02_09_2016_T02_09_2026.dbf,100,88.5508000000,0.8855080000,1.1292952746,1,False
2021-02-09,RUB_KGS,KGS,CBR,KGS_RC_F02_09_2016_T02_09_2026.dbf,100,87.5429000000,0.8754290000,1.1422970909,3,False
2021-02-10,RUB_KGS,KGS,CBR,KGS_RC_F02_09_2016_T02_09_2026.dbf,100,87.3818000000,0.8738180000,1.1444030679,1,False
2021-02-11,RUB_KGS,KGS,CBR,KGS_RC_F02_09_2016_T02_09_2026.dbf,100,87.1887000000,0.8718870000,1.1469376192,1,False
2021-02-12,RUB_KGS,KGS,CBR,KGS_RC_F02_09_2016_T02_09_2026.dbf,100,87.5702000000,0.8757020000,1.1419409799,1,False
2021-02-13,RUB_KGS,KGS,CBR,KGS_RC_F02_09_2016_T02_09_2026.dbf,100,87.7942000000,0.8779420000,1.1390274073,1,False
2021-02-16,RUB_KGS,KGS,CBR,KGS_RC_F02_09_2016_T02_09_2026.dbf,100,86.7179000000,0.8671790000,1.1531644562,3,False
2021-02-17,RUB_KGS,KGS,CBR,KGS_RC_F02_09_2016_T02_09_2026.dbf,100,86.7415000000,0.8674150000,1.1528507116,1,False
2021-02-18,RUB_KGS,KGS,CBR,KGS_RC_F02_09_2016_T02_09_2026.dbf,100,87.3941000000,0.8739410000,1.1442420026,1,False
2021-02-19,RUB_KGS,KGS,CBR,KGS_RC_F02_09_2016_T02_09_2026.dbf,100,87.3702000000,0.8737020000,1.1445550085,1,False
2021-02-20,RUB_KGS,KGS,CBR,KGS_RC_F02_09_2016_T02_09_2026.dbf,100,87.4668000000,0.8746680000,1.1432909401,1,False
2021-02-21,RUB_KGS,KGS,CBR,KGS_RC_F02_09_2016_T02_09_2026.dbf,100,87.3475000000,0.8734750000,1.1448524571,1,False
2021-02-25,RUB_KGS,KGS,CBR,KGS_RC_F02_09_2016_T02_09_2026.dbf,100,87.1028000000,0.8710280000,1.1480687188,4,False
2021-02-26,RUB_KGS,KGS,CBR,KGS_RC_F02_09_2016_T02_09_2026.dbf,100,86.8033000000,0.8680330000,1.1520299343,1,False
2021-02-27,RUB_KGS,KGS,CBR,KGS_RC_F02_09_2016_T02_09_2026.dbf,100,87.8764000000,0.8787640000,1.1379619557,1,False
2021-03-02,RUB_KGS,KGS,CBR,KGS_RC_F02_09_2016_T02_09_2026.dbf,100,87.3405000000,0.8734050000,1.1449442126,3,False
2021-03-03,RUB_KGS,KGS,CBR,KGS_RC_F02_09_2016_T02_09_2026.dbf,100,87.9317000000,0.8793170000,1.1372462946,1,False
2021-03-04,RUB_KGS,KGS,CBR,KGS_RC_F02_09_2016_T02_09_2026.dbf,100,86.6572000000,0.8665720000,1.1539722031,1,False
2021-03-05,RUB_KGS,KGS,CBR,KGS_RC_F02_09_2016_T02_09_2026.dbf,100,86.9844000000,0.8698440000,1.1496314282,1,False
2021-03-06,RUB_KGS,KGS,CBR,KGS_RC_F02_09_2016_T02_09_2026.dbf,100,87.7401000000,0.8774010000,1.1397297245,1,False
2021-03-10,RUB_KGS,KGS,CBR,KGS_RC_F02_09_2016_T02_09_2026.dbf,100,87.5474000000,0.8754740000,1.1422383760,4,False
2021-03-11,RUB_KGS,KGS,CBR,KGS_RC_F02_09_2016_T02_09_2026.dbf,100,87.2825000000,0.8728250000,1.1457050382,1,False
2021-03-12,RUB_KGS,KGS,CBR,KGS_RC_F02_09_2016_T02_09_2026.dbf,100,86.6463000000,0.8664630000,1.1541173714,1,False
2021-03-13,RUB_KGS,KGS,CBR,KGS_RC_F02_09_2016_T02_09_2026.dbf,100,86.6565000000,0.8665650000,1.1539815248,1,False
2021-03-16,RUB_KGS,KGS,CBR,KGS_RC_F02_09_2016_T02_09_2026.dbf,100,86.3305000000,0.8633050000,1.1583391733,3,False
2021-03-17,RUB_KGS,KGS,CBR,KGS_RC_F02_09_2016_T02_09_2026.dbf,100,86.0124000000,0.8601240000,1.1626230637,1,False
2021-03-18,RUB_KGS,KGS,CBR,KGS_RC_F02_09_2016_T02_09_2026.dbf,100,86.1774000000,0.8617740000,1.1603970415,1,False
2021-03-19,RUB_KGS,KGS,CBR,KGS_RC_F02_09_2016_T02_09_2026.dbf,100,86.8353000000,0.8683530000,1.1516053955,1,False
2021-03-20,RUB_KGS,KGS,CBR,KGS_RC_F02_09_2016_T02_09_2026.dbf,100,87.4000000000,0.8740000000,1.1441647597,1,False
2021-03-23,RUB_KGS,KGS,CBR,KGS_RC_F02_09_2016_T02_09_2026.dbf,100,87.9535000000,0.8795350000,1.1369644187,3,False
2021-03-24,RUB_KGS,KGS,CBR,KGS_RC_F02_09_2016_T02_09_2026.dbf,100,88.8377000000,0.8883770000,1.1256482327,1,False
2021-03-25,RUB_KGS,KGS,CBR,KGS_RC_F02_09_2016_T02_09_2026.dbf,100,89.7749000000,0.8977490000,1.1138970915,1,False
2021-03-26,RUB_KGS,KGS,CBR,KGS_RC_F02_09_2016_T02_09_2026.dbf,100,89.7991000000,0.8979910000,1.1135969069,1,False
2021-03-27,RUB_KGS,KGS,CBR,KGS_RC_F02_09_2016_T02_09_2026.dbf,100,89.3081000000,0.8930810000,1.1197192640,1,False
2021-03-30,RUB_KGS,KGS,CBR,KGS_RC_F02_09_2016_T02_09_2026.dbf,100,89.3927000000,0.8939270000,1.1186595773,3,False
2021-03-31,RUB_KGS,KGS,CBR,KGS_RC_F02_09_2016_T02_09_2026.dbf,100,89.2648000000,0.8926480000,1.1202624103,1,False
2021-04-01,RUB_KGS,KGS,CBR,KGS_RC_F02_09_2016_T02_09_2026.dbf,100,89.1882000000,0.8918820000,1.1212245566,1,False
2021-04-02,RUB_KGS,KGS,CBR,KGS_RC_F02_09_2016_T02_09_2026.dbf,100,89.3720000000,0.8937200000,1.1189186770,1,False
2021-04-03,RUB_KGS,KGS,CBR,KGS_RC_F02_09_2016_T02_09_2026.dbf,100,89.6806000000,0.8968060000,1.1150683648,1,False
2021-04-06,RUB_KGS,KGS,CBR,KGS_RC_F02_09_2016_T02_09_2026.dbf,100,90.3081000000,0.9030810000,1.1073203843,3,False
2021-04-07,RUB_KGS,KGS,CBR,KGS_RC_F02_09_2016_T02_09_2026.dbf,100,90.0437000000,0.9004370000,1.1105718668,1,False
2021-04-08,RUB_KGS,KGS,CBR,KGS_RC_F02_09_2016_T02_09_2026.dbf,100,91.6857000000,0.9168570000,1.0906826255,1,False
2021-04-09,RUB_KGS,KGS,CBR,KGS_RC_F02_09_2016_T02_09_2026.dbf,100,90.9060000000,0.9090600000,1.1000374013,1,False
2021-04-10,RUB_KGS,KGS,CBR,KGS_RC_F02_09_2016_T02_09_2026.dbf,100,90.9734000000,0.9097340000,1.0992224101,1,False
2021-04-13,RUB_KGS,KGS,CBR,KGS_RC_F02_09_2016_T02_09_2026.dbf,100,91.3893000000,0.9138930000,1.0942200017,3,False
2021-04-14,RUB_KGS,KGS,CBR,KGS_RC_F02_09_2016_T02_09_2026.dbf,100,91.0716000000,0.9107160000,1.0980371488,1,False
2021-04-15,RUB_KGS,KGS,CBR,KGS_RC_F02_09_2016_T02_09_2026.dbf,100,89.2289000000,0.8922890000,1.1207131322,1,False
2021-04-16,RUB_KGS,KGS,CBR,KGS_RC_F02_09_2016_T02_09_2026.dbf,100,90.7501000000,0.9075010000,1.1019271604,1,False
2021-04-17,RUB_KGS,KGS,CBR,KGS_RC_F02_09_2016_T02_09_2026.dbf,100,89.0885000000,0.8908850000,1.1224793323,1,False
2021-04-20,RUB_KGS,KGS,CBR,KGS_RC_F02_09_2016_T02_09_2026.dbf,100,89.8876000000,0.8988760000,1.1125005006,3,False
2021-04-21,RUB_KGS,KGS,CBR,KGS_RC_F02_09_2016_T02_09_2026.dbf,100,89.6193000000,0.8961930000,1.1158310766,1,False
2021-04-22,RUB_KGS,KGS,CBR,KGS_RC_F02_09_2016_T02_09_2026.dbf,100,90.5603000000,0.9056030000,1.1042366247,1,False
2021-04-23,RUB_KGS,KGS,CBR,KGS_RC_F02_09_2016_T02_09_2026.dbf,100,90.1001000000,0.9010010000,1.1098766816,1,False
2021-04-24,RUB_KGS,KGS,CBR,KGS_RC_F02_09_2016_T02_09_2026.dbf,100,88.5203000000,0.8852030000,1.1296843775,1,False
2021-04-27,RUB_KGS,KGS,CBR,KGS_RC_F02_09_2016_T02_09_2026.dbf,100,88.1421000000,0.8814210000,1.1345316256,3,False
2021-04-28,RUB_KGS,KGS,CBR,KGS_RC_F02_09_2016_T02_09_2026.dbf,100,88.3653000000,0.8836530000,1.1316659367,1,False
2021-04-29,RUB_KGS,KGS,CBR,KGS_RC_F02_09_2016_T02_09_2026.dbf,100,88.3471000000,0.8834710000,1.1318990663,1,False
2021-04-30,RUB_KGS,KGS,CBR,KGS_RC_F02_09_2016_T02_09_2026.dbf,100,87.6869000000,0.8768690000,1.1404212032,1,False
2021-05-01,RUB_KGS,KGS,CBR,KGS_RC_F02_09_2016_T02_09_2026.dbf,100,88.2325000000,0.8823250000,1.1333692234,1,False
2021-05-05,RUB_KGS,KGS,CBR,KGS_RC_F02_09_2016_T02_09_2026.dbf,100,88.7196000000,0.8871960000,1.1271466508,4,False
2021-05-06,RUB_KGS,KGS,CBR,KGS_RC_F02_09_2016_T02_09_2026.dbf,100,88.2609000000,0.8826090000,1.1330045354,1,False
2021-05-07,RUB_KGS,KGS,CBR,KGS_RC_F02_09_2016_T02_09_2026.dbf,100,87.9253000000,0.8792530000,1.1373290737,1,False
2021-05-08,RUB_KGS,KGS,CBR,KGS_RC_F02_09_2016_T02_09_2026.dbf,100,87.3980000000,0.8739800000,1.1441909426,1,False
2021-05-12,RUB_KGS,KGS,CBR,KGS_RC_F02_09_2016_T02_09_2026.dbf,100,87.5125000000,0.8751250000,1.1426939009,4,False
2021-05-13,RUB_KGS,KGS,CBR,KGS_RC_F02_09_2016_T02_09_2026.dbf,100,87.3477000000,0.8734770000,1.1448498358,1,False
2021-05-14,RUB_KGS,KGS,CBR,KGS_RC_F02_09_2016_T02_09_2026.dbf,100,87.8022000000,0.8780220000,1.1389236261,1,False
2021-05-15,RUB_KGS,KGS,CBR,KGS_RC_F02_09_2016_T02_09_2026.dbf,100,87.3773000000,0.8737730000,1.1444620056,1,False
2021-05-18,RUB_KGS,KGS,CBR,KGS_RC_F02_09_2016_T02_09_2026.dbf,100,87.2475000000,0.8724750000,1.1461646466,3,False
2021-05-19,RUB_KGS,KGS,CBR,KGS_RC_F02_09_2016_T02_09_2026.dbf,100,87.4009000000,0.8740090000,1.1441529778,1,False
2021-05-20,RUB_KGS,KGS,CBR,KGS_RC_F02_09_2016_T02_09_2026.dbf,100,87.4233000000,0.8742330000,1.1438598177,1,False
2021-05-21,RUB_KGS,KGS,CBR,KGS_RC_F02_09_2016_T02_09_2026.dbf,100,87.6149000000,0.8761490000,1.1413583763,1,False
2021-05-22,RUB_KGS,KGS,CBR,KGS_RC_F02_09_2016_T02_09_2026.dbf,100,87.6036000000,0.8760360000,1.1415056002,1,False
2021-05-25,RUB_KGS,KGS,CBR,KGS_RC_F02_09_2016_T02_09_2026.dbf,100,87.7322000000,0.8773220000,1.1398323535,3,False
2021-05-26,RUB_KGS,KGS,CBR,KGS_RC_F02_09_2016_T02_09_2026.dbf,100,87.7379000000,0.8773790000,1.1397583029,1,False
2021-05-27,RUB_KGS,KGS,CBR,KGS_RC_F02_09_2016_T02_09_2026.dbf,100,88.2262000000,0.8822620000,1.1334501543,1,False
2021-05-28,RUB_KGS,KGS,CBR,KGS_RC_F02_09_2016_T02_09_2026.dbf,100,88.4606000000,0.8846060000,1.1304467752,1,False
2021-05-29,RUB_KGS,KGS,CBR,KGS_RC_F02_09_2016_T02_09_2026.dbf,100,88.2232000000,0.8822320000,1.1334886969,1,False
2021-06-01,RUB_KGS,KGS,CBR,KGS_RC_F02_09_2016_T02_09_2026.dbf,100,87.6199000000,0.8761990000,1.1412932450,3,False
2021-06-02,RUB_KGS,KGS,CBR,KGS_RC_F02_09_2016_T02_09_2026.dbf,100,87.5633000000,0.8756330000,1.1420309650,1,False
2021-06-03,RUB_KGS,KGS,CBR,KGS_RC_F02_09_2016_T02_09_2026.dbf,100,87.0837000000,0.8708370000,1.1483205238,1,False
2021-06-04,RUB_KGS,KGS,CBR,KGS_RC_F02_09_2016_T02_09_2026.dbf,100,86.6955000000,0.8669550000,1.1534624058,1,False
2021-06-05,RUB_KGS,KGS,CBR,KGS_RC_F02_09_2016_T02_09_2026.dbf,100,86.5075000000,0.8650750000,1.1559691356,1,False
2021-06-08,RUB_KGS,KGS,CBR,KGS_RC_F02_09_2016_T02_09_2026.dbf,100,86.1036000000,0.8610360000,1.1613916259,3,False
2021-06-09,RUB_KGS,KGS,CBR,KGS_RC_F02_09_2016_T02_09_2026.dbf,100,86.0236000000,0.8602360000,1.1624716938,1,False
2021-06-10,RUB_KGS,KGS,CBR,KGS_RC_F02_09_2016_T02_09_2026.dbf,100,85.1460000000,0.8514600000,1.1744532920,1,False
2021-06-11,RUB_KGS,KGS,CBR,KGS_RC_F02_09_2016_T02_09_2026.dbf,100,85.3876000000,0.8538760000,1.1711302344,1,False
2021-06-12,RUB_KGS,KGS,CBR,KGS_RC_F02_09_2016_T02_09_2026.dbf,100,84.8280000000,0.8482800000,1.1788560381,1,False
2021-06-16,RUB_KGS,KGS,CBR,KGS_RC_F02_09_2016_T02_09_2026.dbf,100,84.7735000000,0.8477350000,1.1796139124,4,False
2021-06-17,RUB_KGS,KGS,CBR,KGS_RC_F02_09_2016_T02_09_2026.dbf,100,85.1646000000,0.8516460000,1.1741967907,1,False
2021-06-18,RUB_KGS,KGS,CBR,KGS_RC_F02_09_2016_T02_09_2026.dbf,100,85.7008000000,0.8570080000,1.1668502511,1,False
2021-06-19,RUB_KGS,KGS,CBR,KGS_RC_F02_09_2016_T02_09_2026.dbf,100,85.3006000000,0.8530060000,1.1723246964,1,False
2021-06-22,RUB_KGS,KGS,CBR,KGS_RC_F02_09_2016_T02_09_2026.dbf,100,86.5238000000,0.8652380000,1.1557513655,3,False
2021-06-23,RUB_KGS,KGS,CBR,KGS_RC_F02_09_2016_T02_09_2026.dbf,100,86.5397000000,0.8653970000,1.1555390185,1,False
2021-06-24,RUB_KGS,KGS,CBR,KGS_RC_F02_09_2016_T02_09_2026.dbf,100,85.9034000000,0.8590340000,1.1640982778,1,False
2021-06-25,RUB_KGS,KGS,CBR,KGS_RC_F02_09_2016_T02_09_2026.dbf,100,85.4157000000,0.8541570000,1.1707449567,1,False
2021-06-26,RUB_KGS,KGS,CBR,KGS_RC_F02_09_2016_T02_09_2026.dbf,100,85.2163000000,0.8521630000,1.1734844155,1,False
2021-06-29,RUB_KGS,KGS,CBR,KGS_RC_F02_09_2016_T02_09_2026.dbf,100,85.2281000000,0.8522810000,1.1733219443,3,False
2021-06-30,RUB_KGS,KGS,CBR,KGS_RC_F02_09_2016_T02_09_2026.dbf,100,85.4706000000,0.8547060000,1.1699929566,1,False
2021-07-01,RUB_KGS,KGS,CBR,KGS_RC_F02_09_2016_T02_09_2026.dbf,100,85.8689000000,0.8586890000,1.1645659837,1,False
2021-07-02,RUB_KGS,KGS,CBR,KGS_RC_F02_09_2016_T02_09_2026.dbf,100,86.0501000000,0.8605010000,1.1621136989,1,False
2021-07-03,RUB_KGS,KGS,CBR,KGS_RC_F02_09_2016_T02_09_2026.dbf,100,86.8057000000,0.8680570000,1.1519980831,1,False
2021-07-06,RUB_KGS,KGS,CBR,KGS_RC_F02_09_2016_T02_09_2026.dbf,100,86.4946000000,0.8649460000,1.1561415395,3,False
2021-07-07,RUB_KGS,KGS,CBR,KGS_RC_F02_09_2016_T02_09_2026.dbf,100,86.3908000000,0.8639080000,1.1575306630,1,False
2021-07-08,RUB_KGS,KGS,CBR,KGS_RC_F02_09_2016_T02_09_2026.dbf,100,87.3160000000,0.8731600000,1.1452654725,1,False
2021-07-09,RUB_KGS,KGS,CBR,KGS_RC_F02_09_2016_T02_09_2026.dbf,100,88.6452000000,0.8864520000,1.1280926660,1,False
2021-07-10,RUB_KGS,KGS,CBR,KGS_RC_F02_09_2016_T02_09_2026.dbf,100,87.7907000000,0.8779070000,1.1390728175,1,False
2021-07-13,RUB_KGS,KGS,CBR,KGS_RC_F02_09_2016_T02_09_2026.dbf,100,88.0666000000,0.8806660000,1.1355042661,3,False
2021-07-14,RUB_KGS,KGS,CBR,KGS_RC_F02_09_2016_T02_09_2026.dbf,100,87.3276000000,0.8732760000,1.1451133433,1,False
2021-07-15,RUB_KGS,KGS,CBR,KGS_RC_F02_09_2016_T02_09_2026.dbf,100,87.4482000000,0.8744820000,1.1435341151,1,False
2021-07-16,RUB_KGS,KGS,CBR,KGS_RC_F02_09_2016_T02_09_2026.dbf,100,87.5766000000,0.8757660000,1.1418575282,1,False
2021-07-17,RUB_KGS,KGS,CBR,KGS_RC_F02_09_2016_T02_09_2026.dbf,100,87.4703000000,0.8747030000,1.1432451929,1,False
2021-07-20,RUB_KGS,KGS,CBR,KGS_RC_F02_09_2016_T02_09_2026.dbf,100,87.6640000000,0.8766400000,1.1407191093,3,False
2021-07-21,RUB_KGS,KGS,CBR,KGS_RC_F02_09_2016_T02_09_2026.dbf,100,87.8347000000,0.8783470000,1.1385022093,1,False
2021-07-22,RUB_KGS,KGS,CBR,KGS_RC_F02_09_2016_T02_09_2026.dbf,100,87.8390000000,0.8783900000,1.1384464759,1,False
2021-07-23,RUB_KGS,KGS,CBR,KGS_RC_F02_09_2016_T02_09_2026.dbf,100,86.9803000000,0.8698030000,1.1496856185,1,False
2021-07-24,RUB_KGS,KGS,CBR,KGS_RC_F02_09_2016_T02_09_2026.dbf,100,87.3889000000,0.8738890000,1.1443100897,1,False
2021-07-27,RUB_KGS,KGS,CBR,KGS_RC_F02_09_2016_T02_09_2026.dbf,100,87.9092000000,0.8790920000,1.1375373681,3,False
2021-07-28,RUB_KGS,KGS,CBR,KGS_RC_F02_09_2016_T02_09_2026.dbf,100,87.4580000000,0.8745800000,1.1434059777,1,False
2021-07-29,RUB_KGS,KGS,CBR,KGS_RC_F02_09_2016_T02_09_2026.dbf,100,87.0251000000,0.8702510000,1.1490937672,1,False
2021-07-30,RUB_KGS,KGS,CBR,KGS_RC_F02_09_2016_T02_09_2026.dbf,100,86.4188000000,0.8641880000,1.1571556189,1,False
2021-07-31,RUB_KGS,KGS,CBR,KGS_RC_F02_09_2016_T02_09_2026.dbf,100,86.2352000000,0.8623520000,1.1596192738,1,False
2021-08-03,RUB_KGS,KGS,CBR,KGS_RC_F02_09_2016_T02_09_2026.dbf,100,86.1178000000,0.8611780000,1.1612001236,3,False
2021-08-04,RUB_KGS,KGS,CBR,KGS_RC_F02_09_2016_T02_09_2026.dbf,100,85.9825000000,0.8598250000,1.1630273602,1,False
2021-08-05,RUB_KGS,KGS,CBR,KGS_RC_F02_09_2016_T02_09_2026.dbf,100,85.9006000000,0.8590060000,1.1641362226,1,False
2021-08-06,RUB_KGS,KGS,CBR,KGS_RC_F02_09_2016_T02_09_2026.dbf,100,86.3468000000,0.8634680000,1.1581205094,1,False
2021-08-07,RUB_KGS,KGS,CBR,KGS_RC_F02_09_2016_T02_09_2026.dbf,100,86.3015000000,0.8630150000,1.1587284114,1,False
2021-08-10,RUB_KGS,KGS,CBR,KGS_RC_F02_09_2016_T02_09_2026.dbf,100,86.6859000000,0.8668590000,1.1535901456,3,False
2021-08-11,RUB_KGS,KGS,CBR,KGS_RC_F02_09_2016_T02_09_2026.dbf,100,86.7780000000,0.8677800000,1.1523658070,1,False
2021-08-12,RUB_KGS,KGS,CBR,KGS_RC_F02_09_2016_T02_09_2026.dbf,100,87.2103000000,0.8721030000,1.1466535490,1,False
2021-08-13,RUB_KGS,KGS,CBR,KGS_RC_F02_09_2016_T02_09_2026.dbf,100,86.7258000000,0.8672580000,1.1530594125,1,False
2021-08-14,RUB_KGS,KGS,CBR,KGS_RC_F02_09_2016_T02_09_2026.dbf,100,86.4886000000,0.8648860000,1.1562217448,1,False
2021-08-17,RUB_KGS,KGS,CBR,KGS_RC_F02_09_2016_T02_09_2026.dbf,100,86.5276000000,0.8652760000,1.1557006088,3,False
2021-08-18,RUB_KGS,KGS,CBR,KGS_RC_F02_09_2016_T02_09_2026.dbf,100,86.6798000000,0.8667980000,1.1536713283,1,False
2021-08-19,RUB_KGS,KGS,CBR,KGS_RC_F02_09_2016_T02_09_2026.dbf,100,86.6914000000,0.8669140000,1.1535169579,1,False
2021-08-20,RUB_KGS,KGS,CBR,KGS_RC_F02_09_2016_T02_09_2026.dbf,100,87.6199000000,0.8761990000,1.1412932450,1,False
2021-08-21,RUB_KGS,KGS,CBR,KGS_RC_F02_09_2016_T02_09_2026.dbf,100,87.8488000000,0.8784880000,1.1383194762,1,False
2021-08-24,RUB_KGS,KGS,CBR,KGS_RC_F02_09_2016_T02_09_2026.dbf,100,87.4758000000,0.8747580000,1.1431733119,3,False
2021-08-25,RUB_KGS,KGS,CBR,KGS_RC_F02_09_2016_T02_09_2026.dbf,100,87.3955000000,0.8739550000,1.1442236728,1,False
2021-08-26,RUB_KGS,KGS,CBR,KGS_RC_F02_09_2016_T02_09_2026.dbf,100,87.0998000000,0.8709980000,1.1481082620,1,False
2021-08-27,RUB_KGS,KGS,CBR,KGS_RC_F02_09_2016_T02_09_2026.dbf,100,87.3320000000,0.8733200000,1.1450556497,1,False
2021-08-28,RUB_KGS,KGS,CBR,KGS_RC_F02_09_2016_T02_09_2026.dbf,100,87.3233000000,0.8732330000,1.1451697313,1,False
2021-08-31,RUB_KGS,KGS,CBR,KGS_RC_F02_09_2016_T02_09_2026.dbf,100,86.8368000000,0.8683680000,1.1515855029,3,False
2021-09-01,RUB_KGS,KGS,CBR,KGS_RC_F02_09_2016_T02_09_2026.dbf,100,86.4871000000,0.8648710000,1.1562417979,1,False
2021-09-02,RUB_KGS,KGS,CBR,KGS_RC_F02_09_2016_T02_09_2026.dbf,100,86.3845000000,0.8638450000,1.1576150814,1,False
2021-09-03,RUB_KGS,KGS,CBR,KGS_RC_F02_09_2016_T02_09_2026.dbf,100,85.9757000000,0.8597570000,1.1631193465,1,False
2021-09-04,RUB_KGS,KGS,CBR,KGS_RC_F02_09_2016_T02_09_2026.dbf,100,85.9821000000,0.8598210000,1.1630327708,1,False
2021-09-07,RUB_KGS,KGS,CBR,KGS_RC_F02_09_2016_T02_09_2026.dbf,100,86.0536000000,0.8605360000,1.1620664330,3,False
2021-09-08,RUB_KGS,KGS,CBR,KGS_RC_F02_09_2016_T02_09_2026.dbf,100,86.3332000000,0.8633320000,1.1583029472,1,False
2021-09-09,RUB_KGS,KGS,CBR,KGS_RC_F02_09_2016_T02_09_2026.dbf,100,86.6295000000,0.8662950000,1.1543411886,1,False
2021-09-10,RUB_KGS,KGS,CBR,KGS_RC_F02_09_2016_T02_09_2026.dbf,100,86.2094000000,0.8620940000,1.1599663146,1,False
2021-09-11,RUB_KGS,KGS,CBR,KGS_RC_F02_09_2016_T02_09_2026.dbf,100,85.7744000000,0.8577440000,1.1658490179,1,False
2021-09-14,RUB_KGS,KGS,CBR,KGS_RC_F02_09_2016_T02_09_2026.dbf,100,86.1564000000,0.8615640000,1.1606798798,3,False
2021-09-15,RUB_KGS,KGS,CBR,KGS_RC_F02_09_2016_T02_09_2026.dbf,100,85.7238000000,0.8572380000,1.1665371810,1,False
2021-09-16,RUB_KGS,KGS,CBR,KGS_RC_F02_09_2016_T02_09_2026.dbf,100,85.8836000000,0.8588360000,1.1643666544,1,False
2021-09-17,RUB_KGS,KGS,CBR,KGS_RC_F02_09_2016_T02_09_2026.dbf,100,85.3928000000,0.8539280000,1.1710589183,1,False
2021-09-18,RUB_KGS,KGS,CBR,KGS_RC_F02_09_2016_T02_09_2026.dbf,100,85.5429000000,0.8554290000,1.1690040903,1,False
2021-09-21,RUB_KGS,KGS,CBR,KGS_RC_F02_09_2016_T02_09_2026.dbf,100,86.4713000000,0.8647130000,1.1564530659,3,False
2021-09-22,RUB_KGS,KGS,CBR,KGS_RC_F02_09_2016_T02_09_2026.dbf,100,86.3025000000,0.8630250000,1.1587149851,1,False
2021-09-23,RUB_KGS,KGS,CBR,KGS_RC_F02_09_2016_T02_09_2026.dbf,100,85.9165000000,0.8591650000,1.1639207836,1,False
2021-09-24,RUB_KGS,KGS,CBR,KGS_RC_F02_09_2016_T02_09_2026.dbf,100,85.7325000000,0.8573250000,1.1664188027,1,False
2021-09-25,RUB_KGS,KGS,CBR,KGS_RC_F02_09_2016_T02_09_2026.dbf,100,86.0669000000,0.8606690000,1.1618868578,1,False
2021-09-28,RUB_KGS,KGS,CBR,KGS_RC_F02_09_2016_T02_09_2026.dbf,100,85.6580000000,0.8565800000,1.1674332812,3,False
2021-09-29,RUB_KGS,KGS,CBR,KGS_RC_F02_09_2016_T02_09_2026.dbf,100,85.4782000000,0.8547820000,1.1698889307,1,False
2021-09-30,RUB_KGS,KGS,CBR,KGS_RC_F02_09_2016_T02_09_2026.dbf,100,85.7753000000,0.8577530000,1.1658367852,1,False
2021-10-01,RUB_KGS,KGS,CBR,KGS_RC_F02_09_2016_T02_09_2026.dbf,100,85.6132000000,0.8561320000,1.1680441801,1,False
2021-10-02,RUB_KGS,KGS,CBR,KGS_RC_F02_09_2016_T02_09_2026.dbf,100,85.9648000000,0.8596480000,1.1632668255,1,False
2021-10-05,RUB_KGS,KGS,CBR,KGS_RC_F02_09_2016_T02_09_2026.dbf,100,85.9693000000,0.8596930000,1.1632059351,3,False
2021-10-06,RUB_KGS,KGS,CBR,KGS_RC_F02_09_2016_T02_09_2026.dbf,100,85.5488000000,0.8554880000,1.1689234682,1,False
2021-10-07,RUB_KGS,KGS,CBR,KGS_RC_F02_09_2016_T02_09_2026.dbf,100,85.5483000000,0.8554830000,1.1689303002,1,False
2021-10-08,RUB_KGS,KGS,CBR,KGS_RC_F02_09_2016_T02_09_2026.dbf,100,85.2149000000,0.8521490000,1.1735036948,1,False
2021-10-09,RUB_KGS,KGS,CBR,KGS_RC_F02_09_2016_T02_09_2026.dbf,100,84.8726000000,0.8487260000,1.1782365569,1,False
2021-10-12,RUB_KGS,KGS,CBR,KGS_RC_F02_09_2016_T02_09_2026.dbf,100,84.4509000000,0.8445090000,1.1841200035,3,False
2021-10-13,RUB_KGS,KGS,CBR,KGS_RC_F02_09_2016_T02_09_2026.dbf,100,84.7371000000,0.8473710000,1.1801206319,1,False
2021-10-14,RUB_KGS,KGS,CBR,KGS_RC_F02_09_2016_T02_09_2026.dbf,100,84.7107000000,0.8471070000,1.1804884153,1,False
2021-10-15,RUB_KGS,KGS,CBR,KGS_RC_F02_09_2016_T02_09_2026.dbf,100,84.6245000000,0.8462450000,1.1816908815,1,False
2021-10-16,RUB_KGS,KGS,CBR,KGS_RC_F02_09_2016_T02_09_2026.dbf,100,83.9791000000,0.8397910000,1.1907724660,1,False
2021-10-19,RUB_KGS,KGS,CBR,KGS_RC_F02_09_2016_T02_09_2026.dbf,100,83.9016000000,0.8390160000,1.1918723838,3,False
2021-10-20,RUB_KGS,KGS,CBR,KGS_RC_F02_09_2016_T02_09_2026.dbf,100,83.6650000000,0.8366500000,1.1952429331,1,False
2021-10-21,RUB_KGS,KGS,CBR,KGS_RC_F02_09_2016_T02_09_2026.dbf,100,83.7714000000,0.8377140000,1.1937248273,1,False
2021-10-22,RUB_KGS,KGS,CBR,KGS_RC_F02_09_2016_T02_09_2026.dbf,100,83.6951000000,0.8369510000,1.1948130775,1,False
2021-10-23,RUB_KGS,KGS,CBR,KGS_RC_F02_09_2016_T02_09_2026.dbf,100,83.5372000000,0.8353720000,1.1970714843,1,False
2021-10-26,RUB_KGS,KGS,CBR,KGS_RC_F02_09_2016_T02_09_2026.dbf,100,82.6988000000,0.8269880000,1.2092073887,3,False
2021-10-27,RUB_KGS,KGS,CBR,KGS_RC_F02_09_2016_T02_09_2026.dbf,100,81.9991000000,0.8199910000,1.2195255802,1,False
2021-10-28,RUB_KGS,KGS,CBR,KGS_RC_F02_09_2016_T02_09_2026.dbf,100,82.3078000000,0.8230780000,1.2149516814,1,False
2021-10-29,RUB_KGS,KGS,CBR,KGS_RC_F02_09_2016_T02_09_2026.dbf,100,83.1452000000,0.8314520000,1.2027152499,1,False
2021-10-30,RUB_KGS,KGS,CBR,KGS_RC_F02_09_2016_T02_09_2026.dbf,100,83.1363000000,0.8313630000,1.2028440044,1,False
2021-11-02,RUB_KGS,KGS,CBR,KGS_RC_F02_09_2016_T02_09_2026.dbf,100,83.8013000000,0.8380130000,1.1932989106,3,False
2021-11-03,RUB_KGS,KGS,CBR,KGS_RC_F02_09_2016_T02_09_2026.dbf,100,84.2712000000,0.8427120000,1.1866450223,1,False
2021-11-04,RUB_KGS,KGS,CBR,KGS_RC_F02_09_2016_T02_09_2026.dbf,100,84.2744000000,0.8427440000,1.1865999639,1,False
2021-11-09,RUB_KGS,KGS,CBR,KGS_RC_F02_09_2016_T02_09_2026.dbf,100,84.1684000000,0.8416840000,1.1880943442,5,False
2021-11-10,RUB_KGS,KGS,CBR,KGS_RC_F02_09_2016_T02_09_2026.dbf,100,84.0376000000,0.8403760000,1.1899435491,1,False
2021-11-11,RUB_KGS,KGS,CBR,KGS_RC_F02_09_2016_T02_09_2026.dbf,100,83.3402000000,0.8334020000,1.1999011281,1,False
2021-11-12,RUB_KGS,KGS,CBR,KGS_RC_F02_09_2016_T02_09_2026.dbf,100,83.9317000000,0.8393170000,1.1914449487,1,False
2021-11-13,RUB_KGS,KGS,CBR,KGS_RC_F02_09_2016_T02_09_2026.dbf,100,84.6566000000,0.8465660000,1.1812428092,1,False
2021-11-16,RUB_KGS,KGS,CBR,KGS_RC_F02_09_2016_T02_09_2026.dbf,100,85.2170000000,0.8521700000,1.1734747762,3,False
2021-11-17,RUB_KGS,KGS,CBR,KGS_RC_F02_09_2016_T02_09_2026.dbf,100,85.5422000000,0.8554220000,1.1690136564,1,False
2021-11-18,RUB_KGS,KGS,CBR,KGS_RC_F02_09_2016_T02_09_2026.dbf,100,85.8580000000,0.8585800000,1.1647138298,1,False
2021-11-19,RUB_KGS,KGS,CBR,KGS_RC_F02_09_2016_T02_09_2026.dbf,100,85.5993000000,0.8559930000,1.1682338524,1,False
2021-11-20,RUB_KGS,KGS,CBR,KGS_RC_F02_09_2016_T02_09_2026.dbf,100,85.7764000000,0.8577640000,1.1658218344,1,False
2021-11-23,RUB_KGS,KGS,CBR,KGS_RC_F02_09_2016_T02_09_2026.dbf,100,86.6085000000,0.8660850000,1.1546210822,3,False
2021-11-24,RUB_KGS,KGS,CBR,KGS_RC_F02_09_2016_T02_09_2026.dbf,100,88.2302000000,0.8823020000,1.1333987682,1,False
2021-11-25,RUB_KGS,KGS,CBR,KGS_RC_F02_09_2016_T02_09_2026.dbf,100,87.6754000000,0.8767540000,1.1405707872,1,False
2021-11-26,RUB_KGS,KGS,CBR,KGS_RC_F02_09_2016_T02_09_2026.dbf,100,87.9440000000,0.8794400000,1.1370872373,1,False
2021-11-27,RUB_KGS,KGS,CBR,KGS_RC_F02_09_2016_T02_09_2026.dbf,100,89.1074000000,0.8910740000,1.1222412504,1,False
2021-11-30,RUB_KGS,KGS,CBR,KGS_RC_F02_09_2016_T02_09_2026.dbf,100,88.4200000000,0.8842000000,1.1309658448,3,False
2021-12-01,RUB_KGS,KGS,CBR,KGS_RC_F02_09_2016_T02_09_2026.dbf,100,88.2884000000,0.8828840000,1.1326516281,1,False
2021-12-02,RUB_KGS,KGS,CBR,KGS_RC_F02_09_2016_T02_09_2026.dbf,100,87.2177000000,0.8721770000,1.1465562609,1,False
2021-12-03,RUB_KGS,KGS,CBR,KGS_RC_F02_09_2016_T02_09_2026.dbf,100,87.3145000000,0.8731450000,1.1452851474,1,False
2021-12-04,RUB_KGS,KGS,CBR,KGS_RC_F02_09_2016_T02_09_2026.dbf,100,86.9433000000,0.8694330000,1.1501748841,1,False
2021-12-07,RUB_KGS,KGS,CBR,KGS_RC_F02_09_2016_T02_09_2026.dbf,100,86.8520000000,0.8685200000,1.1513839635,3,False
2021-12-08,RUB_KGS,KGS,CBR,KGS_RC_F02_09_2016_T02_09_2026.dbf,100,87.4071000000,0.8740710000,1.1440718203,1,False
2021-12-09,RUB_KGS,KGS,CBR,KGS_RC_F02_09_2016_T02_09_2026.dbf,100,87.0568000000,0.8705680000,1.1486753476,1,False
2021-12-10,RUB_KGS,KGS,CBR,KGS_RC_F02_09_2016_T02_09_2026.dbf,100,86.7652000000,0.8676520000,1.1525358093,1,False
2021-12-11,RUB_KGS,KGS,CBR,KGS_RC_F02_09_2016_T02_09_2026.dbf,100,86.8476000000,0.8684760000,1.1514422966,1,False
2021-12-14,RUB_KGS,KGS,CBR,KGS_RC_F02_09_2016_T02_09_2026.dbf,100,86.5582000000,0.8655820000,1.1552920463,3,False
2021-12-15,RUB_KGS,KGS,CBR,KGS_RC_F02_09_2016_T02_09_2026.dbf,100,86.6121000000,0.8661210000,1.1545730908,1,False
2021-12-16,RUB_KGS,KGS,CBR,KGS_RC_F02_09_2016_T02_09_2026.dbf,100,87.0634000000,0.8706340000,1.1485882702,1,False
2021-12-17,RUB_KGS,KGS,CBR,KGS_RC_F02_09_2016_T02_09_2026.dbf,100,86.7373000000,0.8673730000,1.1529065350,1,False
2021-12-18,RUB_KGS,KGS,CBR,KGS_RC_F02_09_2016_T02_09_2026.dbf,100,86.9322000000,0.8693220000,1.1503217450,1,False
2021-12-21,RUB_KGS,KGS,CBR,KGS_RC_F02_09_2016_T02_09_2026.dbf,100,87.5842000000,0.8758420000,1.1417584450,3,False
2021-12-22,RUB_KGS,KGS,CBR,KGS_RC_F02_09_2016_T02_09_2026.dbf,100,87.0262000000,0.8702620000,1.1490792428,1,False
2021-12-23,RUB_KGS,KGS,CBR,KGS_RC_F02_09_2016_T02_09_2026.dbf,100,86.9931000000,0.8699310000,1.1495164559,1,False
2021-12-24,RUB_KGS,KGS,CBR,KGS_RC_F02_09_2016_T02_09_2026.dbf,100,86.4816000000,0.8648160000,1.1563153318,1,False
2021-12-25,RUB_KGS,KGS,CBR,KGS_RC_F02_09_2016_T02_09_2026.dbf,100,86.2885000000,0.8628850000,1.1589029824,1,False
2021-12-28,RUB_KGS,KGS,CBR,KGS_RC_F02_09_2016_T02_09_2026.dbf,100,86.3407000000,0.8634070000,1.1582023310,3,False
2021-12-29,RUB_KGS,KGS,CBR,KGS_RC_F02_09_2016_T02_09_2026.dbf,100,86.6419000000,0.8664190000,1.1541759818,1,False
2021-12-30,RUB_KGS,KGS,CBR,KGS_RC_F02_09_2016_T02_09_2026.dbf,100,86.8252000000,0.8682520000,1.1517393568,1,False
2021-12-31,RUB_KGS,KGS,CBR,KGS_RC_F02_09_2016_T02_09_2026.dbf,100,87.5906000000,0.8759060000,1.1416750199,1,False
2022-01-11,RUB_KGS,KGS,CBR,KGS_RC_F02_09_2016_T02_09_2026.dbf,100,88.5701000000,0.8857010000,1.1290491938,11,False
2022-01-12,RUB_KGS,KGS,CBR,KGS_RC_F02_09_2016_T02_09_2026.dbf,100,88.2211000000,0.8822110000,1.1335156782,1,False
2022-01-13,RUB_KGS,KGS,CBR,KGS_RC_F02_09_2016_T02_09_2026.dbf,100,87.8703000000,0.8787030000,1.1380409535,1,False
2022-01-14,RUB_KGS,KGS,CBR,KGS_RC_F02_09_2016_T02_09_2026.dbf,100,87.9191000000,0.8791910000,1.1374092774,1,False
2022-01-15,RUB_KGS,KGS,CBR,KGS_RC_F02_09_2016_T02_09_2026.dbf,100,89.3193000000,0.8931930000,1.1195788592,1,False
2022-01-18,RUB_KGS,KGS,CBR,KGS_RC_F02_09_2016_T02_09_2026.dbf,100,89.6625000000,0.8966250000,1.1152934616,3,False
2022-01-19,RUB_KGS,KGS,CBR,KGS_RC_F02_09_2016_T02_09_2026.dbf,100,90.0097000000,0.9000970000,1.1109913709,1,False
2022-01-20,RUB_KGS,KGS,CBR,KGS_RC_F02_09_2016_T02_09_2026.dbf,100,90.6315000000,0.9063150000,1.1033691377,1,False
2022-01-21,RUB_KGS,KGS,CBR,KGS_RC_F02_09_2016_T02_09_2026.dbf,100,90.1160000000,0.9011600000,1.1096808558,1,False
2022-01-22,RUB_KGS,KGS,CBR,KGS_RC_F02_09_2016_T02_09_2026.dbf,100,90.4270000000,0.9042700000,1.1058643989,1,False
2022-01-25,RUB_KGS,KGS,CBR,KGS_RC_F02_09_2016_T02_09_2026.dbf,100,91.2069000000,0.9120690000,1.0964082761,3,False
2022-01-26,RUB_KGS,KGS,CBR,KGS_RC_F02_09_2016_T02_09_2026.dbf,100,92.7155000000,0.9271550000,1.0785683084,1,False
2022-01-27,RUB_KGS,KGS,CBR,KGS_RC_F02_09_2016_T02_09_2026.dbf,100,93.0709000000,0.9307090000,1.0744496937,1,False
2022-01-28,RUB_KGS,KGS,CBR,KGS_RC_F02_09_2016_T02_09_2026.dbf,100,93.0749000000,0.9307490000,1.0744035180,1,False
2022-01-29,RUB_KGS,KGS,CBR,KGS_RC_F02_09_2016_T02_09_2026.dbf,100,91.7386000000,0.9173860000,1.0900536960,1,False
2022-02-01,RUB_KGS,KGS,CBR,KGS_RC_F02_09_2016_T02_09_2026.dbf,100,91.3279000000,0.9132790000,1.0949556488,3,False
2022-02-02,RUB_KGS,KGS,CBR,KGS_RC_F02_09_2016_T02_09_2026.dbf,100,90.9290000000,0.9092900000,1.0997591527,1,False
2022-02-03,RUB_KGS,KGS,CBR,KGS_RC_F02_09_2016_T02_09_2026.dbf,100,90.1694000000,0.9016940000,1.1090236821,1,False
2022-02-04,RUB_KGS,KGS,CBR,KGS_RC_F02_09_2016_T02_09_2026.dbf,100,90.3672000000,0.9036720000,1.1065961986,1,False
2022-02-05,RUB_KGS,KGS,CBR,KGS_RC_F02_09_2016_T02_09_2026.dbf,100,89.6774000000,0.8967740000,1.1151081543,1,False
2022-02-08,RUB_KGS,KGS,CBR,KGS_RC_F02_09_2016_T02_09_2026.dbf,100,89.2174000000,0.8921740000,1.1208575906,3,False
2022-02-09,RUB_KGS,KGS,CBR,KGS_RC_F02_09_2016_T02_09_2026.dbf,100,88.7745000000,0.8877450000,1.1264495998,1,False
2022-02-10,RUB_KGS,KGS,CBR,KGS_RC_F02_09_2016_T02_09_2026.dbf,100,88.1899000000,0.8818990000,1.1339166957,1,False
2022-02-11,RUB_KGS,KGS,CBR,KGS_RC_F02_09_2016_T02_09_2026.dbf,100,88.0898000000,0.8808980000,1.1352052110,1,False
2022-02-12,RUB_KGS,KGS,CBR,KGS_RC_F02_09_2016_T02_09_2026.dbf,100,88.3994000000,0.8839940000,1.1312293975,1,False
2022-02-15,RUB_KGS,KGS,CBR,KGS_RC_F02_09_2016_T02_09_2026.dbf,100,90.2896000000,0.9028960000,1.1075472701,3,False
2022-02-16,RUB_KGS,KGS,CBR,KGS_RC_F02_09_2016_T02_09_2026.dbf,100,89.7958000000,0.8979580000,1.1136378316,1,False
2022-02-17,RUB_KGS,KGS,CBR,KGS_RC_F02_09_2016_T02_09_2026.dbf,100,88.4373000000,0.8843730000,1.1307446066,1,False
2022-02-18,RUB_KGS,KGS,CBR,KGS_RC_F02_09_2016_T02_09_2026.dbf,100,89.3039000000,0.8930390000,1.1197719249,1,False
2022-02-19,RUB_KGS,KGS,CBR,KGS_RC_F02_09_2016_T02_09_2026.dbf,100,89.3132000000,0.8931320000,1.1196553253,1,False
2022-02-22,RUB_KGS,KGS,CBR,KGS_RC_F02_09_2016_T02_09_2026.dbf,100,90.4982000000,0.9049820000,1.1049943535,3,False
2022-02-23,RUB_KGS,KGS,CBR,KGS_RC_F02_09_2016_T02_09_2026.dbf,100,94.8038000000,0.9480380000,1.0548100393,1,False
2022-02-25,RUB_KGS,KGS,CBR,KGS_RC_F02_09_2016_T02_09_2026.dbf,10,10.2478000000,1.0247800000,0.9758192002,2,False
2022-02-26,RUB_KGS,KGS,CBR,KGS_RC_F02_09_2016_T02_09_2026.dbf,100,98.4926000000,0.9849260000,1.0153047031,1,False
2022-03-01,RUB_KGS,KGS,CBR,KGS_RC_F02_09_2016_T02_09_2026.dbf,10,11.0069000000,1.1006900000,0.9085210186,3,False
2022-03-02,RUB_KGS,KGS,CBR,KGS_RC_F02_09_2016_T02_09_2026.dbf,10,10.7936000000,1.0793600000,0.9264749481,1,False
2022-03-03,RUB_KGS,KGS,CBR,KGS_RC_F02_09_2016_T02_09_2026.dbf,10,10.8736000000,1.0873600000,0.9196586227,1,False
2022-03-04,RUB_KGS,KGS,CBR,KGS_RC_F02_09_2016_T02_09_2026.dbf,10,11.6802000000,1.1680200000,0.8561497235,1,False
2022-03-05,RUB_KGS,KGS,CBR,KGS_RC_F02_09_2016_T02_09_2026.dbf,10,10.9465000000,1.0946500000,0.9135340063,1,False
2022-03-06,RUB_KGS,KGS,CBR,KGS_RC_F02_09_2016_T02_09_2026.dbf,10,10.8333000000,1.0833300000,0.9230797633,1,False
2022-03-10,RUB_KGS,KGS,CBR,KGS_RC_F02_09_2016_T02_09_2026.dbf,10,11.8824000000,1.1882400000,0.8415808254,4,False
2022-03-11,RUB_KGS,KGS,CBR,KGS_RC_F02_09_2016_T02_09_2026.dbf,10,12.3281000000,1.2328100000,0.8111550036,1,False
2022-03-12,RUB_KGS,KGS,CBR,KGS_RC_F02_09_2016_T02_09_2026.dbf,10,11.9527000000,1.1952700000,0.8366310541,1,False
2022-03-15,RUB_KGS,KGS,CBR,KGS_RC_F02_09_2016_T02_09_2026.dbf,10,11.0309000000,1.1030900000,0.9065443436,3,False
2022-03-16,RUB_KGS,KGS,CBR,KGS_RC_F02_09_2016_T02_09_2026.dbf,10,10.8235000000,1.0823500000,0.9239155541,1,False
2022-03-17,RUB_KGS,KGS,CBR,KGS_RC_F02_09_2016_T02_09_2026.dbf,10,10.3915000000,1.0391500000,0.9623249771,1,False
2022-03-18,RUB_KGS,KGS,CBR,KGS_RC_F02_09_2016_T02_09_2026.dbf,10,10.0406000000,1.0040600000,0.9959564169,1,False
2022-03-19,RUB_KGS,KGS,CBR,KGS_RC_F02_09_2016_T02_09_2026.dbf,10,10.0979000000,1.0097900000,0.9903049149,1,False
2022-03-22,RUB_KGS,KGS,CBR,KGS_RC_F02_09_2016_T02_09_2026.dbf,10,10.1687000000,1.0168700000,0.9834098754,3,False
2022-03-23,RUB_KGS,KGS,CBR,KGS_RC_F02_09_2016_T02_09_2026.dbf,10,10.2599000000,1.0259900000,0.9746683691,1,False
2022-03-24,RUB_KGS,KGS,CBR,KGS_RC_F02_09_2016_T02_09_2026.dbf,10,10.1916000000,1.0191600000,0.9812002041,1,False
2022-03-25,RUB_KGS,KGS,CBR,KGS_RC_F02_09_2016_T02_09_2026.dbf,100,97.1747000000,0.9717470000,1.0290744402,1,False
2022-03-26,RUB_KGS,KGS,CBR,KGS_RC_F02_09_2016_T02_09_2026.dbf,100,96.5109000000,0.9651090000,1.0361523931,1,False
2022-03-29,RUB_KGS,KGS,CBR,KGS_RC_F02_09_2016_T02_09_2026.dbf,100,95.0403000000,0.9504030000,1.0521852309,3,False
2022-03-30,RUB_KGS,KGS,CBR,KGS_RC_F02_09_2016_T02_09_2026.dbf,100,90.3741000000,0.9037410000,1.1065117108,1,False
2022-03-31,RUB_KGS,KGS,CBR,KGS_RC_F02_09_2016_T02_09_2026.dbf,100,88.0706000000,0.8807060000,1.1354526936,1,False
2022-04-01,RUB_KGS,KGS,CBR,KGS_RC_F02_09_2016_T02_09_2026.dbf,100,87.3632000000,0.8736320000,1.1446467162,1,False
2022-04-02,RUB_KGS,KGS,CBR,KGS_RC_F02_09_2016_T02_09_2026.dbf,100,97.0099000000,0.9700990000,1.0308226274,1,False
2022-04-05,RUB_KGS,KGS,CBR,KGS_RC_F02_09_2016_T02_09_2026.dbf,100,97.4658000000,0.9746580000,1.0260009152,3,False
2022-04-06,RUB_KGS,KGS,CBR,KGS_RC_F02_09_2016_T02_09_2026.dbf,100,97.2602000000,0.9726020000,1.0281697961,1,False
2022-04-07,RUB_KGS,KGS,CBR,KGS_RC_F02_09_2016_T02_09_2026.dbf,100,90.8094000000,0.9080940000,1.1012075842,1,False
2022-04-08,RUB_KGS,KGS,CBR,KGS_RC_F02_09_2016_T02_09_2026.dbf,100,83.8373000000,0.8383730000,1.1927865043,1,False
2022-04-09,RUB_KGS,KGS,CBR,KGS_RC_F02_09_2016_T02_09_2026.dbf,100,80.7754000000,0.8077540000,1.2380006784,1,False
2022-04-12,RUB_KGS,KGS,CBR,KGS_RC_F02_09_2016_T02_09_2026.dbf,100,91.8935000000,0.9189350000,1.0882162503,3,False
2022-04-13,RUB_KGS,KGS,CBR,KGS_RC_F02_09_2016_T02_09_2026.dbf,100,92.5685000000,0.9256850000,1.0802810891,1,False
2022-04-14,RUB_KGS,KGS,CBR,KGS_RC_F02_09_2016_T02_09_2026.dbf,100,95.6224000000,0.9562240000,1.0457800683,1,False
2022-04-15,RUB_KGS,KGS,CBR,KGS_RC_F02_09_2016_T02_09_2026.dbf,100,99.8255000000,0.9982550000,1.0017480503,1,False
2022-04-16,RUB_KGS,KGS,CBR,KGS_RC_F02_09_2016_T02_09_2026.dbf,100,98.3350000000,0.9833500000,1.0169319164,1,False
2022-04-19,RUB_KGS,KGS,CBR,KGS_RC_F02_09_2016_T02_09_2026.dbf,100,98.7637000000,0.9876370000,1.0125177570,3,False
2022-04-20,RUB_KGS,KGS,CBR,KGS_RC_F02_09_2016_T02_09_2026.dbf,100,97.5491000000,0.9754910000,1.0251247833,1,False
2022-04-21,RUB_KGS,KGS,CBR,KGS_RC_F02_09_2016_T02_09_2026.dbf,100,93.3663000000,0.9336630000,1.0710502612,1,False
2022-04-22,RUB_KGS,KGS,CBR,KGS_RC_F02_09_2016_T02_09_2026.dbf,100,93.3240000000,0.9332400000,1.0715357250,1,False
2022-04-23,RUB_KGS,KGS,CBR,KGS_RC_F02_09_2016_T02_09_2026.dbf,100,90.8983000000,0.9089830000,1.1001305855,1,False
2022-04-26,RUB_KGS,KGS,CBR,KGS_RC_F02_09_2016_T02_09_2026.dbf,100,88.2912000000,0.8829120000,1.1326157080,3,False
2022-04-27,RUB_KGS,KGS,CBR,KGS_RC_F02_09_2016_T02_09_2026.dbf,100,86.3552000000,0.8635520000,1.1580078559,1,False
2022-04-28,RUB_KGS,KGS,CBR,KGS_RC_F02_09_2016_T02_09_2026.dbf,100,86.6234000000,0.8662340000,1.1544224771,1,False
2022-04-29,RUB_KGS,KGS,CBR,KGS_RC_F02_09_2016_T02_09_2026.dbf,100,87.4491000000,0.8744910000,1.1435223461,1,False
2022-04-30,RUB_KGS,KGS,CBR,KGS_RC_F02_09_2016_T02_09_2026.dbf,100,86.5073000000,0.8650730000,1.1559718082,1,False
2022-05-05,RUB_KGS,KGS,CBR,KGS_RC_F02_09_2016_T02_09_2026.dbf,100,84.6537000000,0.8465370000,1.1812832753,5,False
2022-05-06,RUB_KGS,KGS,CBR,KGS_RC_F02_09_2016_T02_09_2026.dbf,100,80.7778000000,0.8077780000,1.2379638960,1,False
2022-05-07,RUB_KGS,KGS,CBR,KGS_RC_F02_09_2016_T02_09_2026.dbf,100,82.1760000000,0.8217600000,1.2169003115,1,False
2022-05-12,RUB_KGS,KGS,CBR,KGS_RC_F02_09_2016_T02_09_2026.dbf,100,83.2817000000,0.8328170000,1.2007439810,5,False
2022-05-13,RUB_KGS,KGS,CBR,KGS_RC_F02_09_2016_T02_09_2026.dbf,100,79.5795000000,0.7957950000,1.2566050302,1,False
2022-05-14,RUB_KGS,KGS,CBR,KGS_RC_F02_09_2016_T02_09_2026.dbf,100,76.8094000000,0.7680940000,1.3019239833,1,False
2022-05-17,RUB_KGS,KGS,CBR,KGS_RC_F02_09_2016_T02_09_2026.dbf,100,77.0114000000,0.7701140000,1.2985090519,3,False
2022-05-18,RUB_KGS,KGS,CBR,KGS_RC_F02_09_2016_T02_09_2026.dbf,100,77.2269000000,0.7722690000,1.2948855904,1,False
2022-05-19,RUB_KGS,KGS,CBR,KGS_RC_F02_09_2016_T02_09_2026.dbf,100,79.1807000000,0.7918070000,1.2629340231,1,False
2022-05-20,RUB_KGS,KGS,CBR,KGS_RC_F02_09_2016_T02_09_2026.dbf,100,77.9942000000,0.7799420000,1.2821466212,1,False
2022-05-21,RUB_KGS,KGS,CBR,KGS_RC_F02_09_2016_T02_09_2026.dbf,100,73.7279000000,0.7372790000,1.3563386452,1,False
2022-05-24,RUB_KGS,KGS,CBR,KGS_RC_F02_09_2016_T02_09_2026.dbf,100,73.2185000000,0.7321850000,1.3657750432,3,False
2022-05-25,RUB_KGS,KGS,CBR,KGS_RC_F02_09_2016_T02_09_2026.dbf,100,71.6591000000,0.7165910000,1.3954961756,1,False
2022-05-26,RUB_KGS,KGS,CBR,KGS_RC_F02_09_2016_T02_09_2026.dbf,100,70.8171000000,0.7081710000,1.4120883233,1,False
2022-05-27,RUB_KGS,KGS,CBR,KGS_RC_F02_09_2016_T02_09_2026.dbf,100,78.0497000000,0.7804970000,1.2812349055,1,False
2022-05-28,RUB_KGS,KGS,CBR,KGS_RC_F02_09_2016_T02_09_2026.dbf,100,82.2086000000,0.8220860000,1.2164177470,1,False
2022-05-31,RUB_KGS,KGS,CBR,KGS_RC_F02_09_2016_T02_09_2026.dbf,100,76.4188000000,0.7641880000,1.3085785173,3,False
2022-06-01,RUB_KGS,KGS,CBR,KGS_RC_F02_09_2016_T02_09_2026.dbf,100,75.5820000000,0.7558200000,1.3230663385,1,False
2022-06-02,RUB_KGS,KGS,CBR,KGS_RC_F02_09_2016_T02_09_2026.dbf,100,77.2785000000,0.7727850000,1.2940209761,1,False
2022-06-03,RUB_KGS,KGS,CBR,KGS_RC_F02_09_2016_T02_09_2026.dbf,100,77.4528000000,0.7745280000,1.2911089076,1,False
2022-06-04,RUB_KGS,KGS,CBR,KGS_RC_F02_09_2016_T02_09_2026.dbf,100,77.9445000000,0.7794450000,1.2829641604,1,False
2022-06-07,RUB_KGS,KGS,CBR,KGS_RC_F02_09_2016_T02_09_2026.dbf,100,76.8672000000,0.7686720000,1.3009450065,3,False
2022-06-08,RUB_KGS,KGS,CBR,KGS_RC_F02_09_2016_T02_09_2026.dbf,100,76.6748000000,0.7667480000,1.3042094665,1,False
2022-06-09,RUB_KGS,KGS,CBR,KGS_RC_F02_09_2016_T02_09_2026.dbf,100,75.7498000000,0.7574980000,1.3201354987,1,False
2022-06-10,RUB_KGS,KGS,CBR,KGS_RC_F02_09_2016_T02_09_2026.dbf,100,73.4370000000,0.7343700000,1.3617113989,1,False
2022-06-11,RUB_KGS,KGS,CBR,KGS_RC_F02_09_2016_T02_09_2026.dbf,100,72.6755000000,0.7267550000,1.3759795254,1,False
2022-06-15,RUB_KGS,KGS,CBR,KGS_RC_F02_09_2016_T02_09_2026.dbf,100,71.8137000000,0.7181370000,1.3924919618,4,False
2022-06-16,RUB_KGS,KGS,CBR,KGS_RC_F02_09_2016_T02_09_2026.dbf,100,71.2726000000,0.7127260000,1.4030637300,1,False
2022-06-17,RUB_KGS,KGS,CBR,KGS_RC_F02_09_2016_T02_09_2026.dbf,100,71.5326000000,0.7153260000,1.3979640052,1,False
2022-06-18,RUB_KGS,KGS,CBR,KGS_RC_F02_09_2016_T02_09_2026.dbf,100,71.3325000000,0.7133250000,1.4018855360,1,False
2022-06-21,RUB_KGS,KGS,CBR,KGS_RC_F02_09_2016_T02_09_2026.dbf,100,70.6575000000,0.7065750000,1.4152779252,3,False
2022-06-22,RUB_KGS,KGS,CBR,KGS_RC_F02_09_2016_T02_09_2026.dbf,100,68.8109000000,0.6881090000,1.4532581321,1,False
2022-06-23,RUB_KGS,KGS,CBR,KGS_RC_F02_09_2016_T02_09_2026.dbf,100,67.0174000000,0.6701740000,1.4921497999,1,False
2022-06-24,RUB_KGS,KGS,CBR,KGS_RC_F02_09_2016_T02_09_2026.dbf,100,67.1131000000,0.6711310000,1.4900220672,1,False
2022-06-25,RUB_KGS,KGS,CBR,KGS_RC_F02_09_2016_T02_09_2026.dbf,100,67.0723000000,0.6707230000,1.4909284459,1,False
2022-06-28,RUB_KGS,KGS,CBR,KGS_RC_F02_09_2016_T02_09_2026.dbf,100,67.1244000000,0.6712440000,1.4897712307,3,False
2022-06-29,RUB_KGS,KGS,CBR,KGS_RC_F02_09_2016_T02_09_2026.dbf,100,66.6288000000,0.6662880000,1.5008524842,1,False
2022-06-30,RUB_KGS,KGS,CBR,KGS_RC_F02_09_2016_T02_09_2026.dbf,100,64.3497000000,0.6434970000,1.5540087988,1,False
2022-07-01,RUB_KGS,KGS,CBR,KGS_RC_F02_09_2016_T02_09_2026.dbf,100,66.0532000000,0.6605320000,1.5139311949,1,False
2022-07-02,RUB_KGS,KGS,CBR,KGS_RC_F02_09_2016_T02_09_2026.dbf,100,67.6322000000,0.6763220000,1.4785856441,1,False
2022-07-05,RUB_KGS,KGS,CBR,KGS_RC_F02_09_2016_T02_09_2026.dbf,100,69.2903000000,0.6929030000,1.4432034498,3,False
2022-07-06,RUB_KGS,KGS,CBR,KGS_RC_F02_09_2016_T02_09_2026.dbf,100,73.5997000000,0.7359970000,1.3587011904,1,False
2022-07-07,RUB_KGS,KGS,CBR,KGS_RC_F02_09_2016_T02_09_2026.dbf,100,79.1333000000,0.7913330000,1.2636905070,1,False
2022-07-08,RUB_KGS,KGS,CBR,KGS_RC_F02_09_2016_T02_09_2026.dbf,100,76.6527000000,0.7665270000,1.3045854875,1,False
2022-07-09,RUB_KGS,KGS,CBR,KGS_RC_F02_09_2016_T02_09_2026.dbf,100,74.1317000000,0.7413170000,1.3489505839,1,False
2022-07-12,RUB_KGS,KGS,CBR,KGS_RC_F02_09_2016_T02_09_2026.dbf,100,74.1778000000,0.7417780000,1.3481122384,3,False
2022-07-13,RUB_KGS,KGS,CBR,KGS_RC_F02_09_2016_T02_09_2026.dbf,100,71.7983000000,0.7179830000,1.3927906371,1,False
2022-07-14,RUB_KGS,KGS,CBR,KGS_RC_F02_09_2016_T02_09_2026.dbf,100,72.2874000000,0.7228740000,1.3833669492,1,False
2022-07-15,RUB_KGS,KGS,CBR,KGS_RC_F02_09_2016_T02_09_2026.dbf,100,71.8333000000,0.7183330000,1.3921120149,1,False
2022-07-16,RUB_KGS,KGS,CBR,KGS_RC_F02_09_2016_T02_09_2026.dbf,100,71.4249000000,0.7142490000,1.4000719637,1,False
2022-07-19,RUB_KGS,KGS,CBR,KGS_RC_F02_09_2016_T02_09_2026.dbf,100,70.6304000000,0.7063040000,1.4158209496,3,False
2022-07-20,RUB_KGS,KGS,CBR,KGS_RC_F02_09_2016_T02_09_2026.dbf,100,69.6319000000,0.6963190000,1.4361233860,1,False
2022-07-21,RUB_KGS,KGS,CBR,KGS_RC_F02_09_2016_T02_09_2026.dbf,100,68.9678000000,0.6896780000,1.4499520066,1,False
2022-07-22,RUB_KGS,KGS,CBR,KGS_RC_F02_09_2016_T02_09_2026.dbf,100,70.8817000000,0.7088170000,1.4108013775,1,False
2022-07-23,RUB_KGS,KGS,CBR,KGS_RC_F02_09_2016_T02_09_2026.dbf,100,71.9561000000,0.7195610000,1.3897362420,1,False
2022-07-26,RUB_KGS,KGS,CBR,KGS_RC_F02_09_2016_T02_09_2026.dbf,100,71.8489000000,0.7184890000,1.3918097563,3,False
2022-07-27,RUB_KGS,KGS,CBR,KGS_RC_F02_09_2016_T02_09_2026.dbf,100,72.4558000000,0.7245580000,1.3801517615,1,False
2022-07-28,RUB_KGS,KGS,CBR,KGS_RC_F02_09_2016_T02_09_2026.dbf,100,73.1103000000,0.7311030000,1.3677963297,1,False
2022-07-29,RUB_KGS,KGS,CBR,KGS_RC_F02_09_2016_T02_09_2026.dbf,100,72.4723000000,0.7247230000,1.3798375379,1,False
2022-07-30,RUB_KGS,KGS,CBR,KGS_RC_F02_09_2016_T02_09_2026.dbf,100,73.7131000000,0.7371310000,1.3566109687,1,False
2022-08-02,RUB_KGS,KGS,CBR,KGS_RC_F02_09_2016_T02_09_2026.dbf,100,74.7737000000,0.7477370000,1.3373686203,3,False
2022-08-03,RUB_KGS,KGS,CBR,KGS_RC_F02_09_2016_T02_09_2026.dbf,100,72.3601000000,0.7236010000,1.3819770841,1,False
2022-08-04,RUB_KGS,KGS,CBR,KGS_RC_F02_09_2016_T02_09_2026.dbf,100,72.4551000000,0.7245510000,1.3801650953,1,False
2022-08-05,RUB_KGS,KGS,CBR,KGS_RC_F02_09_2016_T02_09_2026.dbf,100,72.5843000000,0.7258430000,1.3777084025,1,False
2022-08-06,RUB_KGS,KGS,CBR,KGS_RC_F02_09_2016_T02_09_2026.dbf,100,72.7382000000,0.7273820000,1.3747934373,1,False
2022-08-09,RUB_KGS,KGS,CBR,KGS_RC_F02_09_2016_T02_09_2026.dbf,100,72.6704000000,0.7267040000,1.3760760915,3,False
2022-08-10,RUB_KGS,KGS,CBR,KGS_RC_F02_09_2016_T02_09_2026.dbf,100,72.8987000000,0.7289870000,1.3717665747,1,False
2022-08-11,RUB_KGS,KGS,CBR,KGS_RC_F02_09_2016_T02_09_2026.dbf,100,73.5182000000,0.7351820000,1.3602074044,1,False
2022-08-12,RUB_KGS,KGS,CBR,KGS_RC_F02_09_2016_T02_09_2026.dbf,100,73.6972000000,0.7369720000,1.3569036544,1,False
2022-08-13,RUB_KGS,KGS,CBR,KGS_RC_F02_09_2016_T02_09_2026.dbf,100,74.2635000000,0.7426350000,1.3465565183,1,False
2022-08-16,RUB_KGS,KGS,CBR,KGS_RC_F02_09_2016_T02_09_2026.dbf,100,74.5065000000,0.7450650000,1.3421647776,3,False
2022-08-17,RUB_KGS,KGS,CBR,KGS_RC_F02_09_2016_T02_09_2026.dbf,100,75.6382000000,0.7563820000,1.3220832860,1,False
2022-08-18,RUB_KGS,KGS,CBR,KGS_RC_F02_09_2016_T02_09_2026.dbf,100,75.0237000000,0.7502370000,1.3329121331,1,False
2022-08-19,RUB_KGS,KGS,CBR,KGS_RC_F02_09_2016_T02_09_2026.dbf,100,73.8375000000,0.7383750000,1.3543253767,1,False
2022-08-20,RUB_KGS,KGS,CBR,KGS_RC_F02_09_2016_T02_09_2026.dbf,100,73.0206000000,0.7302060000,1.3694765587,1,False
2022-08-23,RUB_KGS,KGS,CBR,KGS_RC_F02_09_2016_T02_09_2026.dbf,100,73.9838000000,0.7398380000,1.3516472525,3,False
2022-08-24,RUB_KGS,KGS,CBR,KGS_RC_F02_09_2016_T02_09_2026.dbf,100,74.5638000000,0.7456380000,1.3411333650,1,False
2022-08-25,RUB_KGS,KGS,CBR,KGS_RC_F02_09_2016_T02_09_2026.dbf,100,74.7222000000,0.7472220000,1.3382903608,1,False
2022-08-26,RUB_KGS,KGS,CBR,KGS_RC_F02_09_2016_T02_09_2026.dbf,100,74.3582000000,0.7435820000,1.3448415911,1,False
2022-08-27,RUB_KGS,KGS,CBR,KGS_RC_F02_09_2016_T02_09_2026.dbf,100,74.4789000000,0.7447890000,1.3426621500,1,False
2022-08-30,RUB_KGS,KGS,CBR,KGS_RC_F02_09_2016_T02_09_2026.dbf,100,74.8000000000,0.7480000000,1.3368983957,3,False
2022-08-31,RUB_KGS,KGS,CBR,KGS_RC_F02_09_2016_T02_09_2026.dbf,100,74.8060000000,0.7480600000,1.3367911665,1,False
2022-09-01,RUB_KGS,KGS,CBR,KGS_RC_F02_09_2016_T02_09_2026.dbf,100,74.6460000000,0.7464600000,1.3396565121,1,False
2022-09-02,RUB_KGS,KGS,CBR,KGS_RC_F02_09_2016_T02_09_2026.dbf,100,74.5669000000,0.7456690000,1.3410776095,1,False
2022-09-03,RUB_KGS,KGS,CBR,KGS_RC_F02_09_2016_T02_09_2026.dbf,100,74.6274000000,0.7462740000,1.3399904057,1,False
2022-09-06,RUB_KGS,KGS,CBR,KGS_RC_F02_09_2016_T02_09_2026.dbf,100,75.2168000000,0.7521680000,1.3294902203,3,False
2022-09-07,RUB_KGS,KGS,CBR,KGS_RC_F02_09_2016_T02_09_2026.dbf,100,75.0813000000,0.7508130000,1.3318895650,1,False
2022-09-08,RUB_KGS,KGS,CBR,KGS_RC_F02_09_2016_T02_09_2026.dbf,100,75.2203000000,0.7522030000,1.3294283591,1,False
2022-09-09,RUB_KGS,KGS,CBR,KGS_RC_F02_09_2016_T02_09_2026.dbf,100,74.2492000000,0.7424920000,1.3468158579,1,False
2022-09-10,RUB_KGS,KGS,CBR,KGS_RC_F02_09_2016_T02_09_2026.dbf,100,73.6774000000,0.7367740000,1.3572683075,1,False
2022-09-13,RUB_KGS,KGS,CBR,KGS_RC_F02_09_2016_T02_09_2026.dbf,100,73.7449000000,0.7374490000,1.3560259760,3,False
2022-09-14,RUB_KGS,KGS,CBR,KGS_RC_F02_09_2016_T02_09_2026.dbf,100,73.3621000000,0.7336210000,1.3631016560,1,False
2022-09-15,RUB_KGS,KGS,CBR,KGS_RC_F02_09_2016_T02_09_2026.dbf,100,73.1350000000,0.7313500000,1.3673343816,1,False
2022-09-16,RUB_KGS,KGS,CBR,KGS_RC_F02_09_2016_T02_09_2026.dbf,100,73.6201000000,0.7362010000,1.3583246967,1,False
2022-09-17,RUB_KGS,KGS,CBR,KGS_RC_F02_09_2016_T02_09_2026.dbf,100,74.0662000000,0.7406620000,1.3501435203,1,False
2022-09-20,RUB_KGS,KGS,CBR,KGS_RC_F02_09_2016_T02_09_2026.dbf,100,74.2342000000,0.7423420000,1.3470879999,3,False
2022-09-21,RUB_KGS,KGS,CBR,KGS_RC_F02_09_2016_T02_09_2026.dbf,100,73.9732000000,0.7397320000,1.3518409370,1,False
2022-09-22,RUB_KGS,KGS,CBR,KGS_RC_F02_09_2016_T02_09_2026.dbf,100,74.9668000000,0.7496680000,1.3339238169,1,False
2022-09-23,RUB_KGS,KGS,CBR,KGS_RC_F02_09_2016_T02_09_2026.dbf,100,73.3794000000,0.7337940000,1.3627802898,1,False
2022-09-24,RUB_KGS,KGS,CBR,KGS_RC_F02_09_2016_T02_09_2026.dbf,100,71.2317000000,0.7123170000,1.4038693447,1,False
2022-09-27,RUB_KGS,KGS,CBR,KGS_RC_F02_09_2016_T02_09_2026.dbf,100,71.1866000000,0.7118660000,1.4047587608,3,False
2022-09-28,RUB_KGS,KGS,CBR,KGS_RC_F02_09_2016_T02_09_2026.dbf,100,72.2618000000,0.7226180000,1.3838570310,1,False
2022-09-29,RUB_KGS,KGS,CBR,KGS_RC_F02_09_2016_T02_09_2026.dbf,100,72.8177000000,0.7281770000,1.3732924825,1,False
2022-09-30,RUB_KGS,KGS,CBR,KGS_RC_F02_09_2016_T02_09_2026.dbf,100,71.6025000000,0.7160250000,1.3965992808,1,False
2022-10-01,RUB_KGS,KGS,CBR,KGS_RC_F02_09_2016_T02_09_2026.dbf,100,68.9707000000,0.6897070000,1.4498910407,1,False
2022-10-04,RUB_KGS,KGS,CBR,KGS_RC_F02_09_2016_T02_09_2026.dbf,100,71.7998000000,0.7179980000,1.3927615397,3,False
2022-10-05,RUB_KGS,KGS,CBR,KGS_RC_F02_09_2016_T02_09_2026.dbf,100,73.2498000000,0.7324980000,1.3651914408,1,False
2022-10-06,RUB_KGS,KGS,CBR,KGS_RC_F02_09_2016_T02_09_2026.dbf,100,73.9507000000,0.7395070000,1.3522522437,1,False
2022-10-07,RUB_KGS,KGS,CBR,KGS_RC_F02_09_2016_T02_09_2026.dbf,100,74.8699000000,0.7486990000,1.3356502413,1,False
2022-10-08,RUB_KGS,KGS,CBR,KGS_RC_F02_09_2016_T02_09_2026.dbf,100,75.3203000000,0.7532030000,1.3276633258,1,False
2022-10-11,RUB_KGS,KGS,CBR,KGS_RC_F02_09_2016_T02_09_2026.dbf,100,76.5584000000,0.7655840000,1.3061923969,3,False
2022-10-12,RUB_KGS,KGS,CBR,KGS_RC_F02_09_2016_T02_09_2026.dbf,100,77.3337000000,0.7733370000,1.2930973172,1,False
2022-10-13,RUB_KGS,KGS,CBR,KGS_RC_F02_09_2016_T02_09_2026.dbf,100,76.5033000000,0.7650330000,1.3071331563,1,False
2022-10-14,RUB_KGS,KGS,CBR,KGS_RC_F02_09_2016_T02_09_2026.dbf,100,75.9606000000,0.7596060000,1.3164719605,1,False
2022-10-15,RUB_KGS,KGS,CBR,KGS_RC_F02_09_2016_T02_09_2026.dbf,100,75.4467000000,0.7544670000,1.3254390185,1,False
2022-10-18,RUB_KGS,KGS,CBR,KGS_RC_F02_09_2016_T02_09_2026.dbf,100,74.6677000000,0.7466770000,1.3392671798,3,False
2022-10-19,RUB_KGS,KGS,CBR,KGS_RC_F02_09_2016_T02_09_2026.dbf,100,75.1188000000,0.7511880000,1.3312246735,1,False
2022-10-20,RUB_KGS,KGS,CBR,KGS_RC_F02_09_2016_T02_09_2026.dbf,100,74.8737000000,0.7487370000,1.3355824542,1,False
2022-10-21,RUB_KGS,KGS,CBR,KGS_RC_F02_09_2016_T02_09_2026.dbf,100,74.6746000000,0.7467460000,1.3391434303,1,False
2022-10-22,RUB_KGS,KGS,CBR,KGS_RC_F02_09_2016_T02_09_2026.dbf,100,74.0749000000,0.7407490000,1.3499849477,1,False
2022-10-25,RUB_KGS,KGS,CBR,KGS_RC_F02_09_2016_T02_09_2026.dbf,100,74.0195000000,0.7401950000,1.3509953458,3,False
2022-10-26,RUB_KGS,KGS,CBR,KGS_RC_F02_09_2016_T02_09_2026.dbf,100,74.2023000000,0.7420230000,1.3476671208,1,False
2022-10-27,RUB_KGS,KGS,CBR,KGS_RC_F02_09_2016_T02_09_2026.dbf,100,74.2604000000,0.7426040000,1.3466127303,1,False
2022-10-28,RUB_KGS,KGS,CBR,KGS_RC_F02_09_2016_T02_09_2026.dbf,100,73.9878000000,0.7398780000,1.3515741784,1,False
2022-10-29,RUB_KGS,KGS,CBR,KGS_RC_F02_09_2016_T02_09_2026.dbf,100,73.9168000000,0.7391680000,1.3528724187,1,False
2022-11-01,RUB_KGS,KGS,CBR,KGS_RC_F02_09_2016_T02_09_2026.dbf,100,73.7960000000,0.7379600000,1.3550869966,3,False
2022-11-02,RUB_KGS,KGS,CBR,KGS_RC_F02_09_2016_T02_09_2026.dbf,100,73.5697000000,0.7356970000,1.3592552369,1,False
2022-11-03,RUB_KGS,KGS,CBR,KGS_RC_F02_09_2016_T02_09_2026.dbf,100,73.7825000000,0.7378250000,1.3553349371,1,False
2022-11-04,RUB_KGS,KGS,CBR,KGS_RC_F02_09_2016_T02_09_2026.dbf,100,74.1615000000,0.7416150000,1.3484085408,1,False
2022-11-08,RUB_KGS,KGS,CBR,KGS_RC_F02_09_2016_T02_09_2026.dbf,100,72.9025000000,0.7290250000,1.3716950722,4,False
2022-11-09,RUB_KGS,KGS,CBR,KGS_RC_F02_09_2016_T02_09_2026.dbf,100,72.5938000000,0.7259380000,1.3775281085,1,False
2022-11-10,RUB_KGS,KGS,CBR,KGS_RC_F02_09_2016_T02_09_2026.dbf,100,72.5619000000,0.7256190000,1.3781337038,1,False
2022-11-11,RUB_KGS,KGS,CBR,KGS_RC_F02_09_2016_T02_09_2026.dbf,100,72.7207000000,0.7272070000,1.3751242769,1,False
2022-11-12,RUB_KGS,KGS,CBR,KGS_RC_F02_09_2016_T02_09_2026.dbf,100,71.4323000000,0.7143230000,1.3999269238,1,False
2022-11-15,RUB_KGS,KGS,CBR,KGS_RC_F02_09_2016_T02_09_2026.dbf,100,71.5774000000,0.7157740000,1.3970890253,3,False
2022-11-16,RUB_KGS,KGS,CBR,KGS_RC_F02_09_2016_T02_09_2026.dbf,100,71.4755000000,0.7147550000,1.3990808039,1,False
2022-11-17,RUB_KGS,KGS,CBR,KGS_RC_F02_09_2016_T02_09_2026.dbf,100,71.4845000000,0.7148450000,1.3989046577,1,False
2022-11-18,RUB_KGS,KGS,CBR,KGS_RC_F02_09_2016_T02_09_2026.dbf,100,71.5091000000,0.7150910000,1.3984234174,1,False
2022-11-19,RUB_KGS,KGS,CBR,KGS_RC_F02_09_2016_T02_09_2026.dbf,100,71.4966000000,0.7149660000,1.3986679087,1,False
2022-11-22,RUB_KGS,KGS,CBR,KGS_RC_F02_09_2016_T02_09_2026.dbf,100,71.9533000000,0.7195330000,1.3897903223,3,False
2022-11-23,RUB_KGS,KGS,CBR,KGS_RC_F02_09_2016_T02_09_2026.dbf,100,71.8413000000,0.7184130000,1.3919569941,1,False
2022-11-24,RUB_KGS,KGS,CBR,KGS_RC_F02_09_2016_T02_09_2026.dbf,100,71.6600000000,0.7166000000,1.3954786492,1,False
2022-11-25,RUB_KGS,KGS,CBR,KGS_RC_F02_09_2016_T02_09_2026.dbf,100,71.5190000000,0.7151900000,1.3982298410,1,False
2022-11-26,RUB_KGS,KGS,CBR,KGS_RC_F02_09_2016_T02_09_2026.dbf,100,71.6160000000,0.7161600000,1.3963360143,1,False
2022-11-29,RUB_KGS,KGS,CBR,KGS_RC_F02_09_2016_T02_09_2026.dbf,100,71.9518000000,0.7195180000,1.3898192957,3,False
2022-11-30,RUB_KGS,KGS,CBR,KGS_RC_F02_09_2016_T02_09_2026.dbf,100,72.3221000000,0.7232210000,1.3827032124,1,False
2022-12-01,RUB_KGS,KGS,CBR,KGS_RC_F02_09_2016_T02_09_2026.dbf,100,72.0919000000,0.7209190000,1.3871183864,1,False
2022-12-02,RUB_KGS,KGS,CBR,KGS_RC_F02_09_2016_T02_09_2026.dbf,100,72.4072000000,0.7240720000,1.3810781248,1,False
2022-12-03,RUB_KGS,KGS,CBR,KGS_RC_F02_09_2016_T02_09_2026.dbf,100,73.1497000000,0.7314970000,1.3670596052,1,False
2022-12-06,RUB_KGS,KGS,CBR,KGS_RC_F02_09_2016_T02_09_2026.dbf,100,73.6352000000,0.7363520000,1.3580461518,3,False
2022-12-07,RUB_KGS,KGS,CBR,KGS_RC_F02_09_2016_T02_09_2026.dbf,100,74.0857000000,0.7408570000,1.3497881507,1,False
2022-12-08,RUB_KGS,KGS,CBR,KGS_RC_F02_09_2016_T02_09_2026.dbf,100,74.0873000000,0.7408730000,1.3497590005,1,False
2022-12-09,RUB_KGS,KGS,CBR,KGS_RC_F02_09_2016_T02_09_2026.dbf,100,73.6585000000,0.7365850000,1.3576165684,1,False
2022-12-10,RUB_KGS,KGS,CBR,KGS_RC_F02_09_2016_T02_09_2026.dbf,100,73.4330000000,0.7343300000,1.3617855732,1,False
2022-12-13,RUB_KGS,KGS,CBR,KGS_RC_F02_09_2016_T02_09_2026.dbf,100,73.8875000000,0.7388750000,1.3534088987,3,False
2022-12-14,RUB_KGS,KGS,CBR,KGS_RC_F02_09_2016_T02_09_2026.dbf,100,74.4108000000,0.7441080000,1.3438909406,1,False
2022-12-15,RUB_KGS,KGS,CBR,KGS_RC_F02_09_2016_T02_09_2026.dbf,100,74.5839000000,0.7458390000,1.3407719360,1,False
2022-12-16,RUB_KGS,KGS,CBR,KGS_RC_F02_09_2016_T02_09_2026.dbf,100,75.6933000000,0.7569330000,1.3211208918,1,False
2022-12-17,RUB_KGS,KGS,CBR,KGS_RC_F02_09_2016_T02_09_2026.dbf,100,76.0539000000,0.7605390000,1.3148569633,1,False
2022-12-20,RUB_KGS,KGS,CBR,KGS_RC_F02_09_2016_T02_09_2026.dbf,100,78.1017000000,0.7810170000,1.2803818611,3,False
2022-12-21,RUB_KGS,KGS,CBR,KGS_RC_F02_09_2016_T02_09_2026.dbf,100,80.5459000000,0.8054590000,1.2415281225,1,False
2022-12-22,RUB_KGS,KGS,CBR,KGS_RC_F02_09_2016_T02_09_2026.dbf,100,82.3129000000,0.8231290000,1.2148764045,1,False
2022-12-23,RUB_KGS,KGS,CBR,KGS_RC_F02_09_2016_T02_09_2026.dbf,100,84.1860000000,0.8418600000,1.1878459601,1,False
2022-12-24,RUB_KGS,KGS,CBR,KGS_RC_F02_09_2016_T02_09_2026.dbf,100,80.1541000000,0.8015410000,1.2475968166,1,False
2022-12-27,RUB_KGS,KGS,CBR,KGS_RC_F02_09_2016_T02_09_2026.dbf,100,79.8888000000,0.7988880000,1.2517399185,3,False
2022-12-28,RUB_KGS,KGS,CBR,KGS_RC_F02_09_2016_T02_09_2026.dbf,100,81.6230000000,0.8162300000,1.2251448734,1,False
2022-12-29,RUB_KGS,KGS,CBR,KGS_RC_F02_09_2016_T02_09_2026.dbf,100,83.2471000000,0.8324710000,1.2012430463,1,False
2022-12-30,RUB_KGS,KGS,CBR,KGS_RC_F02_09_2016_T02_09_2026.dbf,100,84.0077000000,0.8400770000,1.1903670735,1,False
2022-12-31,RUB_KGS,KGS,CBR,KGS_RC_F02_09_2016_T02_09_2026.dbf,100,82.0933000000,0.8209330000,1.2181262052,1,False
2023-01-10,RUB_KGS,KGS,CBR,KGS_RC_F02_09_2016_T02_09_2026.dbf,100,82.0497000000,0.8204970000,1.2187734995,10,False
2023-01-11,RUB_KGS,KGS,CBR,KGS_RC_F02_09_2016_T02_09_2026.dbf,100,81.2435000000,0.8124350000,1.2308677002,1,False
2023-01-12,RUB_KGS,KGS,CBR,KGS_RC_F02_09_2016_T02_09_2026.dbf,100,80.5558000000,0.8055580000,1.2413755434,1,False
2023-01-13,RUB_KGS,KGS,CBR,KGS_RC_F02_09_2016_T02_09_2026.dbf,100,79.1054000000,0.7910540000,1.2641362031,1,False
2023-01-14,RUB_KGS,KGS,CBR,KGS_RC_F02_09_2016_T02_09_2026.dbf,100,78.8683000000,0.7886830000,1.2679365474,1,False
2023-01-17,RUB_KGS,KGS,CBR,KGS_RC_F02_09_2016_T02_09_2026.dbf,100,79.7026000000,0.7970260000,1.2546642142,3,False
2023-01-18,RUB_KGS,KGS,CBR,KGS_RC_F02_09_2016_T02_09_2026.dbf,100,80.1405000000,0.8014050000,1.2478085363,1,False
2023-01-19,RUB_KGS,KGS,CBR,KGS_RC_F02_09_2016_T02_09_2026.dbf,100,80.3838000000,0.8038380000,1.2440317576,1,False
2023-01-20,RUB_KGS,KGS,CBR,KGS_RC_F02_09_2016_T02_09_2026.dbf,100,80.1579000000,0.8015790000,1.2475376725,1,False
2023-01-21,RUB_KGS,KGS,CBR,KGS_RC_F02_09_2016_T02_09_2026.dbf,100,79.7696000000,0.7976960000,1.2536103979,1,False
2023-01-24,RUB_KGS,KGS,CBR,KGS_RC_F02_09_2016_T02_09_2026.dbf,100,79.6721000000,0.7967210000,1.2551445236,3,False
2023-01-25,RUB_KGS,KGS,CBR,KGS_RC_F02_09_2016_T02_09_2026.dbf,100,79.8988000000,0.7989880000,1.2515832528,1,False
2023-01-26,RUB_KGS,KGS,CBR,KGS_RC_F02_09_2016_T02_09_2026.dbf,100,80.0985000000,0.8009850000,1.2484628301,1,False
2023-01-27,RUB_KGS,KGS,CBR,KGS_RC_F02_09_2016_T02_09_2026.dbf,100,80.2651000000,0.8026510000,1.2458714933,1,False
2023-01-28,RUB_KGS,KGS,CBR,KGS_RC_F02_09_2016_T02_09_2026.dbf,100,80.4843000000,0.8048430000,1.2424783467,1,False
2023-01-31,RUB_KGS,KGS,CBR,KGS_RC_F02_09_2016_T02_09_2026.dbf,100,80.7808000000,0.8078080000,1.2379179211,3,False
2023-02-01,RUB_KGS,KGS,CBR,KGS_RC_F02_09_2016_T02_09_2026.dbf,100,81.8542000000,0.8185420000,1.2216844096,1,False
2023-02-02,RUB_KGS,KGS,CBR,KGS_RC_F02_09_2016_T02_09_2026.dbf,100,81.3949000000,0.8139490000,1.2285782033,1,False
2023-02-03,RUB_KGS,KGS,CBR,KGS_RC_F02_09_2016_T02_09_2026.dbf,100,81.2351000000,0.8123510000,1.2309949763,1,False
2023-02-04,RUB_KGS,KGS,CBR,KGS_RC_F02_09_2016_T02_09_2026.dbf,100,81.6054000000,0.8160540000,1.2254091028,1,False
2023-02-07,RUB_KGS,KGS,CBR,KGS_RC_F02_09_2016_T02_09_2026.dbf,100,81.8540000000,0.8185400000,1.2216873946,3,False
2023-02-08,RUB_KGS,KGS,CBR,KGS_RC_F02_09_2016_T02_09_2026.dbf,100,81.7075000000,0.8170750000,1.2238778570,1,False
2023-02-09,RUB_KGS,KGS,CBR,KGS_RC_F02_09_2016_T02_09_2026.dbf,100,82.4897000000,0.8248970000,1.2122725625,1,False
2023-02-10,RUB_KGS,KGS,CBR,KGS_RC_F02_09_2016_T02_09_2026.dbf,100,84.0093000000,0.8400930000,1.1903444023,1,False
2023-02-11,RUB_KGS,KGS,CBR,KGS_RC_F02_09_2016_T02_09_2026.dbf,100,83.8953000000,0.8389530000,1.1919618858,1,False
2023-02-14,RUB_KGS,KGS,CBR,KGS_RC_F02_09_2016_T02_09_2026.dbf,100,84.8573000000,0.8485730000,1.1784489961,3,False
2023-02-15,RUB_KGS,KGS,CBR,KGS_RC_F02_09_2016_T02_09_2026.dbf,100,84.9318000000,0.8493180000,1.1774152909,1,False
2023-02-16,RUB_KGS,KGS,CBR,KGS_RC_F02_09_2016_T02_09_2026.dbf,100,85.3256000000,0.8532560000,1.1719812108,1,False
2023-02-17,RUB_KGS,KGS,CBR,KGS_RC_F02_09_2016_T02_09_2026.dbf,100,85.5226000000,0.8552260000,1.1692815700,1,False
2023-02-18,RUB_KGS,KGS,CBR,KGS_RC_F02_09_2016_T02_09_2026.dbf,100,85.5168000000,0.8551680000,1.1693608741,1,False
2023-02-21,RUB_KGS,KGS,CBR,KGS_RC_F02_09_2016_T02_09_2026.dbf,100,84.6982000000,0.8469820000,1.1806626351,3,False
2023-02-22,RUB_KGS,KGS,CBR,KGS_RC_F02_09_2016_T02_09_2026.dbf,100,85.6340000000,0.8563400000,1.1677604690,1,False
2023-02-23,RUB_KGS,KGS,CBR,KGS_RC_F02_09_2016_T02_09_2026.dbf,100,85.4595000000,0.8545950000,1.1701449224,1,False
2023-02-28,RUB_KGS,KGS,CBR,KGS_RC_F02_09_2016_T02_09_2026.dbf,100,86.2902000000,0.8629020000,1.1588801509,5,False
2023-03-01,RUB_KGS,KGS,CBR,KGS_RC_F02_09_2016_T02_09_2026.dbf,100,85.6706000000,0.8567060000,1.1672615810,1,False
2023-03-02,RUB_KGS,KGS,CBR,KGS_RC_F02_09_2016_T02_09_2026.dbf,100,86.0841000000,0.8608410000,1.1616547074,1,False
2023-03-03,RUB_KGS,KGS,CBR,KGS_RC_F02_09_2016_T02_09_2026.dbf,100,86.3347000000,0.8633470000,1.1582828225,1,False
2023-03-04,RUB_KGS,KGS,CBR,KGS_RC_F02_09_2016_T02_09_2026.dbf,100,86.3180000000,0.8631800000,1.1585069163,1,False
2023-03-07,RUB_KGS,KGS,CBR,KGS_RC_F02_09_2016_T02_09_2026.dbf,100,86.3336000000,0.8633360000,1.1582975805,3,False
2023-03-08,RUB_KGS,KGS,CBR,KGS_RC_F02_09_2016_T02_09_2026.dbf,100,86.3163000000,0.8631630000,1.1585297331,1,False
2023-03-10,RUB_KGS,KGS,CBR,KGS_RC_F02_09_2016_T02_09_2026.dbf,100,86.8254000000,0.8682540000,1.1517367038,2,False
2023-03-11,RUB_KGS,KGS,CBR,KGS_RC_F02_09_2016_T02_09_2026.dbf,100,86.8687000000,0.8686870000,1.1511626167,1,False
2023-03-14,RUB_KGS,KGS,CBR,KGS_RC_F02_09_2016_T02_09_2026.dbf,100,86.3199000000,0.8631990000,1.1584814162,3,False
2023-03-15,RUB_KGS,KGS,CBR,KGS_RC_F02_09_2016_T02_09_2026.dbf,100,86.0133000000,0.8601330000,1.1626108985,1,False
2023-03-16,RUB_KGS,KGS,CBR,KGS_RC_F02_09_2016_T02_09_2026.dbf,100,86.6480000000,0.8664800000,1.1540947281,1,False
2023-03-17,RUB_KGS,KGS,CBR,KGS_RC_F02_09_2016_T02_09_2026.dbf,100,87.4051000000,0.8740510000,1.1440979989,1,False
2023-03-18,RUB_KGS,KGS,CBR,KGS_RC_F02_09_2016_T02_09_2026.dbf,100,87.6280000000,0.8762800000,1.1411877482,1,False
2023-03-21,RUB_KGS,KGS,CBR,KGS_RC_F02_09_2016_T02_09_2026.dbf,100,88.3576000000,0.8835760000,1.1317645568,3,False
2023-03-22,RUB_KGS,KGS,CBR,KGS_RC_F02_09_2016_T02_09_2026.dbf,100,87.8944000000,0.8789440000,1.1377289111,1,False
2023-03-23,RUB_KGS,KGS,CBR,KGS_RC_F02_09_2016_T02_09_2026.dbf,100,88.0303000000,0.8803030000,1.1359725004,1,False
2023-03-24,RUB_KGS,KGS,CBR,KGS_RC_F02_09_2016_T02_09_2026.dbf,100,87.2880000000,0.8728800000,1.1456328476,1,False
2023-03-25,RUB_KGS,KGS,CBR,KGS_RC_F02_09_2016_T02_09_2026.dbf,100,87.4490000000,0.8744900000,1.1435236538,1,False
2023-03-28,RUB_KGS,KGS,CBR,KGS_RC_F02_09_2016_T02_09_2026.dbf,100,87.5843000000,0.8758430000,1.1417571414,3,False
2023-03-29,RUB_KGS,KGS,CBR,KGS_RC_F02_09_2016_T02_09_2026.dbf,100,87.6160000000,0.8761600000,1.1413440467,1,False
2023-03-30,RUB_KGS,KGS,CBR,KGS_RC_F02_09_2016_T02_09_2026.dbf,100,88.0555000000,0.8805550000,1.1356474042,1,False
2023-03-31,RUB_KGS,KGS,CBR,KGS_RC_F02_09_2016_T02_09_2026.dbf,100,88.1792000000,0.8817920000,1.1340542894,1,False
2023-04-01,RUB_KGS,KGS,CBR,KGS_RC_F02_09_2016_T02_09_2026.dbf,100,88.4504000000,0.8845040000,1.1305771370,1,False
2023-04-04,RUB_KGS,KGS,CBR,KGS_RC_F02_09_2016_T02_09_2026.dbf,100,89.1684000000,0.8916840000,1.1214735265,3,False
2023-04-05,RUB_KGS,KGS,CBR,KGS_RC_F02_09_2016_T02_09_2026.dbf,100,90.7759000000,0.9077590000,1.1016139746,1,False
2023-04-06,RUB_KGS,KGS,CBR,KGS_RC_F02_09_2016_T02_09_2026.dbf,100,90.9358000000,0.9093580000,1.0996769149,1,False
2023-04-07,RUB_KGS,KGS,CBR,KGS_RC_F02_09_2016_T02_09_2026.dbf,100,92.2801000000,0.9228010000,1.0836572565,1,False
2023-04-08,RUB_KGS,KGS,CBR,KGS_RC_F02_09_2016_T02_09_2026.dbf,100,94.2562000000,0.9425620000,1.0609381664,1,False
2023-04-11,RUB_KGS,KGS,CBR,KGS_RC_F02_09_2016_T02_09_2026.dbf,100,93.5073000000,0.9350730000,1.0694352206,3,False
2023-04-12,RUB_KGS,KGS,CBR,KGS_RC_F02_09_2016_T02_09_2026.dbf,100,94.0058000000,0.9400580000,1.0637641507,1,False
2023-04-13,RUB_KGS,KGS,CBR,KGS_RC_F02_09_2016_T02_09_2026.dbf,100,93.9069000000,0.9390690000,1.0648844760,1,False
2023-04-14,RUB_KGS,KGS,CBR,KGS_RC_F02_09_2016_T02_09_2026.dbf,100,93.3291000000,0.9332910000,1.0714771706,1,False
2023-04-15,RUB_KGS,KGS,CBR,KGS_RC_F02_09_2016_T02_09_2026.dbf,100,93.1267000000,0.9312670000,1.0738059010,1,False
2023-04-18,RUB_KGS,KGS,CBR,KGS_RC_F02_09_2016_T02_09_2026.dbf,100,93.2698000000,0.9326980000,1.0721584050,3,False
2023-04-19,RUB_KGS,KGS,CBR,KGS_RC_F02_09_2016_T02_09_2026.dbf,100,93.2458000000,0.9324580000,1.0724343617,1,False
2023-04-20,RUB_KGS,KGS,CBR,KGS_RC_F02_09_2016_T02_09_2026.dbf,100,93.2986000000,0.9329860000,1.0718274444,1,False
2023-04-21,RUB_KGS,KGS,CBR,KGS_RC_F02_09_2016_T02_09_2026.dbf,100,93.2573000000,0.9325730000,1.0723021147,1,False
2023-04-22,RUB_KGS,KGS,CBR,KGS_RC_F02_09_2016_T02_09_2026.dbf,100,93.1059000000,0.9310590000,1.0740457909,1,False
2023-04-25,RUB_KGS,KGS,CBR,KGS_RC_F02_09_2016_T02_09_2026.dbf,100,92.8639000000,0.9286390000,1.0768447158,3,False
2023-04-26,RUB_KGS,KGS,CBR,KGS_RC_F02_09_2016_T02_09_2026.dbf,100,93.1786000000,0.9317860000,1.0732077966,1,False
2023-04-27,RUB_KGS,KGS,CBR,KGS_RC_F02_09_2016_T02_09_2026.dbf,100,93.2671000000,0.9326710000,1.0721894430,1,False
2023-04-28,RUB_KGS,KGS,CBR,KGS_RC_F02_09_2016_T02_09_2026.dbf,100,93.1902000000,0.9319020000,1.0730742074,1,False
2023-04-29,RUB_KGS,KGS,CBR,KGS_RC_F02_09_2016_T02_09_2026.dbf,100,91.9896000000,0.9198960000,1.0870794090,1,False
2023-05-03,RUB_KGS,KGS,CBR,KGS_RC_F02_09_2016_T02_09_2026.dbf,100,91.3630000000,0.9136300000,1.0945349868,4,False
2023-05-04,RUB_KGS,KGS,CBR,KGS_RC_F02_09_2016_T02_09_2026.dbf,100,90.6160000000,0.9061600000,1.1035578706,1,False
2023-05-05,RUB_KGS,KGS,CBR,KGS_RC_F02_09_2016_T02_09_2026.dbf,100,90.0441000000,0.9004410000,1.1105669333,1,False
2023-05-06,RUB_KGS,KGS,CBR,KGS_RC_F02_09_2016_T02_09_2026.dbf,100,87.9902000000,0.8799020000,1.1364902000,1,False
2023-05-11,RUB_KGS,KGS,CBR,KGS_RC_F02_09_2016_T02_09_2026.dbf,100,87.8498000000,0.8784980000,1.1383065186,5,False
2023-05-12,RUB_KGS,KGS,CBR,KGS_RC_F02_09_2016_T02_09_2026.dbf,100,86.9198000000,0.8691980000,1.1504858502,1,False
2023-05-13,RUB_KGS,KGS,CBR,KGS_RC_F02_09_2016_T02_09_2026.dbf,100,88.4354000000,0.8843540000,1.1307689002,1,False
2023-05-16,RUB_KGS,KGS,CBR,KGS_RC_F02_09_2016_T02_09_2026.dbf,100,90.5508000000,0.9055080000,1.1043524740,3,False
2023-05-17,RUB_KGS,KGS,CBR,KGS_RC_F02_09_2016_T02_09_2026.dbf,100,91.4246000000,0.9142460000,1.0937975118,1,False
2023-05-18,RUB_KGS,KGS,CBR,KGS_RC_F02_09_2016_T02_09_2026.dbf,100,92.2829000000,0.9228290000,1.0836243768,1,False
2023-05-19,RUB_KGS,KGS,CBR,KGS_RC_F02_09_2016_T02_09_2026.dbf,100,91.4510000000,0.9145100000,1.0934817553,1,False
2023-05-20,RUB_KGS,KGS,CBR,KGS_RC_F02_09_2016_T02_09_2026.dbf,100,91.3040000000,0.9130400000,1.0952422676,1,False
2023-05-23,RUB_KGS,KGS,CBR,KGS_RC_F02_09_2016_T02_09_2026.dbf,100,91.3367000000,0.9133670000,1.0948501533,3,False
2023-05-24,RUB_KGS,KGS,CBR,KGS_RC_F02_09_2016_T02_09_2026.dbf,100,91.5979000000,0.9159790000,1.0917280855,1,False
2023-05-25,RUB_KGS,KGS,CBR,KGS_RC_F02_09_2016_T02_09_2026.dbf,100,91.3699000000,0.9136990000,1.0944523306,1,False
2023-05-26,RUB_KGS,KGS,CBR,KGS_RC_F02_09_2016_T02_09_2026.dbf,100,91.3165000000,0.9131650000,1.0950923437,1,False
2023-05-27,RUB_KGS,KGS,CBR,KGS_RC_F02_09_2016_T02_09_2026.dbf,100,91.2966000000,0.9129660000,1.0953310419,1,False
2023-05-30,RUB_KGS,KGS,CBR,KGS_RC_F02_09_2016_T02_09_2026.dbf,100,91.3980000000,0.9139800000,1.0941158450,3,False
2023-05-31,RUB_KGS,KGS,CBR,KGS_RC_F02_09_2016_T02_09_2026.dbf,100,92.1192000000,0.9211920000,1.0855500265,1,False
2023-06-01,RUB_KGS,KGS,CBR,KGS_RC_F02_09_2016_T02_09_2026.dbf,100,92.4697000000,0.9246970000,1.0814353242,1,False
2023-06-02,RUB_KGS,KGS,CBR,KGS_RC_F02_09_2016_T02_09_2026.dbf,100,92.4405000000,0.9244050000,1.0817769268,1,False
2023-06-03,RUB_KGS,KGS,CBR,KGS_RC_F02_09_2016_T02_09_2026.dbf,100,92.3343000000,0.9233430000,1.0830211525,1,False
2023-06-06,RUB_KGS,KGS,CBR,KGS_RC_F02_09_2016_T02_09_2026.dbf,100,92.9713000000,0.9297130000,1.0756007499,3,False
2023-06-07,RUB_KGS,KGS,CBR,KGS_RC_F02_09_2016_T02_09_2026.dbf,100,92.9621000000,0.9296210000,1.0757071968,1,False
2023-06-08,RUB_KGS,KGS,CBR,KGS_RC_F02_09_2016_T02_09_2026.dbf,100,93.2176000000,0.9321760000,1.0727587923,1,False
2023-06-09,RUB_KGS,KGS,CBR,KGS_RC_F02_09_2016_T02_09_2026.dbf,100,93.8099000000,0.9380990000,1.0659855730,1,False
2023-06-10,RUB_KGS,KGS,CBR,KGS_RC_F02_09_2016_T02_09_2026.dbf,100,94.3618000000,0.9436180000,1.0597508738,1,False
2023-06-14,RUB_KGS,KGS,CBR,KGS_RC_F02_09_2016_T02_09_2026.dbf,100,95.4909000000,0.9549090000,1.0472202063,4,False
2023-06-15,RUB_KGS,KGS,CBR,KGS_RC_F02_09_2016_T02_09_2026.dbf,100,96.2723000000,0.9627230000,1.0387203796,1,False
2023-06-16,RUB_KGS,KGS,CBR,KGS_RC_F02_09_2016_T02_09_2026.dbf,100,95.8569000000,0.9585690000,1.0432217190,1,False
2023-06-17,RUB_KGS,KGS,CBR,KGS_RC_F02_09_2016_T02_09_2026.dbf,100,95.5015000000,0.9550150000,1.0471039722,1,False
2023-06-20,RUB_KGS,KGS,CBR,KGS_RC_F02_09_2016_T02_09_2026.dbf,100,96.0106000000,0.9601060000,1.0415516620,3,False
2023-06-21,RUB_KGS,KGS,CBR,KGS_RC_F02_09_2016_T02_09_2026.dbf,100,96.4422000000,0.9644220000,1.0368904898,1,False
2023-06-22,RUB_KGS,KGS,CBR,KGS_RC_F02_09_2016_T02_09_2026.dbf,100,96.4979000000,0.9649790000,1.0362919815,1,False
2023-06-23,RUB_KGS,KGS,CBR,KGS_RC_F02_09_2016_T02_09_2026.dbf,100,95.7706000000,0.9577060000,1.0441617782,1,False
2023-06-24,RUB_KGS,KGS,CBR,KGS_RC_F02_09_2016_T02_09_2026.dbf,100,96.3125000000,0.9631250000,1.0382868267,1,False
2023-06-27,RUB_KGS,KGS,CBR,KGS_RC_F02_09_2016_T02_09_2026.dbf,100,96.9551000000,0.9695510000,1.0314052587,3,False
2023-06-28,RUB_KGS,KGS,CBR,KGS_RC_F02_09_2016_T02_09_2026.dbf,100,97.4120000000,0.9741200000,1.0265675687,1,False
2023-06-29,RUB_KGS,KGS,CBR,KGS_RC_F02_09_2016_T02_09_2026.dbf,100,98.0635000000,0.9806350000,1.0197474086,1,False
2023-06-30,RUB_KGS,KGS,CBR,KGS_RC_F02_09_2016_T02_09_2026.dbf,100,99.7792000000,0.9977920000,1.0022128861,1,False
2023-07-01,RUB_KGS,KGS,CBR,KGS_RC_F02_09_2016_T02_09_2026.dbf,10,10.1357000000,1.0135700000,0.9866116795,1,False
2023-07-04,RUB_KGS,KGS,CBR,KGS_RC_F02_09_2016_T02_09_2026.dbf,10,10.2308000000,1.0230800000,0.9774406694,3,False
2023-07-05,RUB_KGS,KGS,CBR,KGS_RC_F02_09_2016_T02_09_2026.dbf,10,10.2419000000,1.0241900000,0.9763813355,1,False
2023-07-06,RUB_KGS,KGS,CBR,KGS_RC_F02_09_2016_T02_09_2026.dbf,10,10.3158000000,1.0315800000,0.9693867659,1,False
2023-07-07,RUB_KGS,KGS,CBR,KGS_RC_F02_09_2016_T02_09_2026.dbf,10,10.5685000000,1.0568500000,0.9462080712,1,False
2023-07-08,RUB_KGS,KGS,CBR,KGS_RC_F02_09_2016_T02_09_2026.dbf,10,10.4500000000,1.0450000000,0.9569377990,1,False
2023-07-11,RUB_KGS,KGS,CBR,KGS_RC_F02_09_2016_T02_09_2026.dbf,10,10.4280000000,1.0428000000,0.9589566552,3,False
2023-07-12,RUB_KGS,KGS,CBR,KGS_RC_F02_09_2016_T02_09_2026.dbf,10,10.3151000000,1.0315100000,0.9694525501,1,False
2023-07-13,RUB_KGS,KGS,CBR,KGS_RC_F02_09_2016_T02_09_2026.dbf,10,10.3142000000,1.0314200000,0.9695371430,1,False
2023-07-14,RUB_KGS,KGS,CBR,KGS_RC_F02_09_2016_T02_09_2026.dbf,10,10.2624000000,1.0262400000,0.9744309323,1,False
2023-07-15,RUB_KGS,KGS,CBR,KGS_RC_F02_09_2016_T02_09_2026.dbf,10,10.2559000000,1.0255900000,0.9750485087,1,False
2023-07-18,RUB_KGS,KGS,CBR,KGS_RC_F02_09_2016_T02_09_2026.dbf,10,10.2905000000,1.0290500000,0.9717700792,3,False
2023-07-19,RUB_KGS,KGS,CBR,KGS_RC_F02_09_2016_T02_09_2026.dbf,10,10.3210000000,1.0321000000,0.9688983626,1,False
2023-07-20,RUB_KGS,KGS,CBR,KGS_RC_F02_09_2016_T02_09_2026.dbf,10,10.3795000000,1.0379500000,0.9634375452,1,False
2023-07-21,RUB_KGS,KGS,CBR,KGS_RC_F02_09_2016_T02_09_2026.dbf,10,10.3396000000,1.0339600000,0.9671554025,1,False
2023-07-22,RUB_KGS,KGS,CBR,KGS_RC_F02_09_2016_T02_09_2026.dbf,10,10.2862000000,1.0286200000,0.9721763139,1,False
2023-07-25,RUB_KGS,KGS,CBR,KGS_RC_F02_09_2016_T02_09_2026.dbf,10,10.2992000000,1.0299200000,0.9709491999,3,False
2023-07-26,RUB_KGS,KGS,CBR,KGS_RC_F02_09_2016_T02_09_2026.dbf,10,10.2552000000,1.0255200000,0.9751150636,1,False
2023-07-27,RUB_KGS,KGS,CBR,KGS_RC_F02_09_2016_T02_09_2026.dbf,10,10.2739000000,1.0273900000,0.9733402116,1,False
2023-07-28,RUB_KGS,KGS,CBR,KGS_RC_F02_09_2016_T02_09_2026.dbf,10,10.2765000000,1.0276500000,0.9730939522,1,False
2023-07-29,RUB_KGS,KGS,CBR,KGS_RC_F02_09_2016_T02_09_2026.dbf,10,10.3810000000,1.0381000000,0.9632983335,1,False
2023-08-01,RUB_KGS,KGS,CBR,KGS_RC_F02_09_2016_T02_09_2026.dbf,10,10.4430000000,1.0443000000,0.9575792397,3,False
2023-08-02,RUB_KGS,KGS,CBR,KGS_RC_F02_09_2016_T02_09_2026.dbf,10,10.4549000000,1.0454900000,0.9564893017,1,False
2023-08-03,RUB_KGS,KGS,CBR,KGS_RC_F02_09_2016_T02_09_2026.dbf,10,10.5793000000,1.0579300000,0.9452421238,1,False
2023-08-04,RUB_KGS,KGS,CBR,KGS_RC_F02_09_2016_T02_09_2026.dbf,10,10.6846000000,1.0684600000,0.9359264736,1,False
2023-08-05,RUB_KGS,KGS,CBR,KGS_RC_F02_09_2016_T02_09_2026.dbf,10,10.7940000000,1.0794000000,0.9264406152,1,False
2023-08-08,RUB_KGS,KGS,CBR,KGS_RC_F02_09_2016_T02_09_2026.dbf,10,10.9897000000,1.0989700000,0.9099429466,3,False
2023-08-09,RUB_KGS,KGS,CBR,KGS_RC_F02_09_2016_T02_09_2026.dbf,10,10.9338000000,1.0933800000,0.9145951087,1,False
2023-08-10,RUB_KGS,KGS,CBR,KGS_RC_F02_09_2016_T02_09_2026.dbf,10,11.0845000000,1.1084500000,0.9021606748,1,False
2023-08-11,RUB_KGS,KGS,CBR,KGS_RC_F02_09_2016_T02_09_2026.dbf,10,11.0708000000,1.1070800000,0.9032770893,1,False
2023-08-12,RUB_KGS,KGS,CBR,KGS_RC_F02_09_2016_T02_09_2026.dbf,10,11.1573000000,1.1157300000,0.8962741882,1,False
2023-08-15,RUB_KGS,KGS,CBR,KGS_RC_F02_09_2016_T02_09_2026.dbf,10,11.4467000000,1.1446700000,0.8736142294,3,False
2023-08-16,RUB_KGS,KGS,CBR,KGS_RC_F02_09_2016_T02_09_2026.dbf,10,11.0368000000,1.1036800000,0.9060597275,1,False
2023-08-17,RUB_KGS,KGS,CBR,KGS_RC_F02_09_2016_T02_09_2026.dbf,10,10.9555000000,1.0955500000,0.9127835334,1,False
2023-08-18,RUB_KGS,KGS,CBR,KGS_RC_F02_09_2016_T02_09_2026.dbf,10,10.6204000000,1.0620400000,0.9415841211,1,False
2023-08-19,RUB_KGS,KGS,CBR,KGS_RC_F02_09_2016_T02_09_2026.dbf,10,10.5817000000,1.0581700000,0.9450277366,1,False
2023-08-22,RUB_KGS,KGS,CBR,KGS_RC_F02_09_2016_T02_09_2026.dbf,10,10.6653000000,1.0665300000,0.9376201326,3,False
2023-08-23,RUB_KGS,KGS,CBR,KGS_RC_F02_09_2016_T02_09_2026.dbf,10,10.6771000000,1.0677100000,0.9365839039,1,False
2023-08-24,RUB_KGS,KGS,CBR,KGS_RC_F02_09_2016_T02_09_2026.dbf,10,10.7112000000,1.0711200000,0.9336022108,1,False
2023-08-25,RUB_KGS,KGS,CBR,KGS_RC_F02_09_2016_T02_09_2026.dbf,10,10.6997000000,1.0699700000,0.9346056431,1,False
2023-08-26,RUB_KGS,KGS,CBR,KGS_RC_F02_09_2016_T02_09_2026.dbf,10,10.7359000000,1.0735900000,0.9314542796,1,False
2023-08-29,RUB_KGS,KGS,CBR,KGS_RC_F02_09_2016_T02_09_2026.dbf,10,10.8185000000,1.0818500000,0.9243425614,3,False
2023-08-30,RUB_KGS,KGS,CBR,KGS_RC_F02_09_2016_T02_09_2026.dbf,10,10.8453000000,1.0845300000,0.9220584032,1,False
2023-08-31,RUB_KGS,KGS,CBR,KGS_RC_F02_09_2016_T02_09_2026.dbf,10,10.8696000000,1.0869600000,0.9199970560,1,False
2023-09-01,RUB_KGS,KGS,CBR,KGS_RC_F02_09_2016_T02_09_2026.dbf,10,10.9156000000,1.0915600000,0.9161200484,1,False
2023-09-02,RUB_KGS,KGS,CBR,KGS_RC_F02_09_2016_T02_09_2026.dbf,10,10.9158000000,1.0915800000,0.9161032632,1,False
2023-09-05,RUB_KGS,KGS,CBR,KGS_RC_F02_09_2016_T02_09_2026.dbf,10,10.9479000000,1.0947900000,0.9134171850,3,False
2023-09-06,RUB_KGS,KGS,CBR,KGS_RC_F02_09_2016_T02_09_2026.dbf,10,11.0500000000,1.1050000000,0.9049773756,1,False
2023-09-07,RUB_KGS,KGS,CBR,KGS_RC_F02_09_2016_T02_09_2026.dbf,10,11.0846000000,1.1084600000,0.9021525360,1,False
2023-09-08,RUB_KGS,KGS,CBR,KGS_RC_F02_09_2016_T02_09_2026.dbf,10,11.1104000000,1.1110400000,0.9000576037,1,False
2023-09-09,RUB_KGS,KGS,CBR,KGS_RC_F02_09_2016_T02_09_2026.dbf,10,11.0801000000,1.1080100000,0.9025189303,1,False
2023-09-12,RUB_KGS,KGS,CBR,KGS_RC_F02_09_2016_T02_09_2026.dbf,10,10.9185000000,1.0918500000,0.9158767230,3,False
2023-09-13,RUB_KGS,KGS,CBR,KGS_RC_F02_09_2016_T02_09_2026.dbf,10,10.7143000000,1.0714300000,0.9333320889,1,False
2023-09-14,RUB_KGS,KGS,CBR,KGS_RC_F02_09_2016_T02_09_2026.dbf,10,10.8586000000,1.0858600000,0.9209290332,1,False
2023-09-15,RUB_KGS,KGS,CBR,KGS_RC_F02_09_2016_T02_09_2026.dbf,10,10.8444000000,1.0844400000,0.9221349268,1,False
2023-09-16,RUB_KGS,KGS,CBR,KGS_RC_F02_09_2016_T02_09_2026.dbf,10,10.8932000000,1.0893200000,0.9180038923,1,False
2023-09-19,RUB_KGS,KGS,CBR,KGS_RC_F02_09_2016_T02_09_2026.dbf,10,10.8947000000,1.0894700000,0.9178775001,3,False
2023-09-20,RUB_KGS,KGS,CBR,KGS_RC_F02_09_2016_T02_09_2026.dbf,10,10.8470000000,1.0847000000,0.9219138932,1,False
2023-09-21,RUB_KGS,KGS,CBR,KGS_RC_F02_09_2016_T02_09_2026.dbf,10,10.8914000000,1.0891400000,0.9181556090,1,False
2023-09-22,RUB_KGS,KGS,CBR,KGS_RC_F02_09_2016_T02_09_2026.dbf,10,10.8304000000,1.0830400000,0.9233269316,1,False
2023-09-23,RUB_KGS,KGS,CBR,KGS_RC_F02_09_2016_T02_09_2026.dbf,10,10.8265000000,1.0826500000,0.9236595391,1,False
2023-09-26,RUB_KGS,KGS,CBR,KGS_RC_F02_09_2016_T02_09_2026.dbf,10,10.8382000000,1.0838200000,0.9226624347,3,False
2023-09-27,RUB_KGS,KGS,CBR,KGS_RC_F02_09_2016_T02_09_2026.dbf,10,10.8486000000,1.0848600000,0.9217779253,1,False
2023-09-28,RUB_KGS,KGS,CBR,KGS_RC_F02_09_2016_T02_09_2026.dbf,10,10.8781000000,1.0878100000,0.9192781828,1,False
2023-09-29,RUB_KGS,KGS,CBR,KGS_RC_F02_09_2016_T02_09_2026.dbf,10,10.9347000000,1.0934700000,0.9145198314,1,False
2023-09-30,RUB_KGS,KGS,CBR,KGS_RC_F02_09_2016_T02_09_2026.dbf,10,10.9813000000,1.0981300000,0.9106389954,1,False
2023-10-03,RUB_KGS,KGS,CBR,KGS_RC_F02_09_2016_T02_09_2026.dbf,10,11.1012000000,1.1101200000,0.9008035167,3,False
2023-10-04,RUB_KGS,KGS,CBR,KGS_RC_F02_09_2016_T02_09_2026.dbf,10,11.1901000000,1.1190100000,0.8936470630,1,False
2023-10-05,RUB_KGS,KGS,CBR,KGS_RC_F02_09_2016_T02_09_2026.dbf,10,11.2113000000,1.1211300000,0.8919572217,1,False
2023-10-06,RUB_KGS,KGS,CBR,KGS_RC_F02_09_2016_T02_09_2026.dbf,10,11.2362000000,1.1236200000,0.8899805984,1,False
2023-10-07,RUB_KGS,KGS,CBR,KGS_RC_F02_09_2016_T02_09_2026.dbf,10,11.3013000000,1.1301300000,0.8848539549,1,False
2023-10-10,RUB_KGS,KGS,CBR,KGS_RC_F02_09_2016_T02_09_2026.dbf,10,11.3990000000,1.1399000000,0.8772699360,3,False
2023-10-11,RUB_KGS,KGS,CBR,KGS_RC_F02_09_2016_T02_09_2026.dbf,10,11.2387000000,1.1238700000,0.8897826261,1,False
2023-10-12,RUB_KGS,KGS,CBR,KGS_RC_F02_09_2016_T02_09_2026.dbf,10,11.2439000000,1.1243900000,0.8893711257,1,False
2023-10-13,RUB_KGS,KGS,CBR,KGS_RC_F02_09_2016_T02_09_2026.dbf,10,10.8775000000,1.0877500000,0.9193288899,1,False
2023-10-14,RUB_KGS,KGS,CBR,KGS_RC_F02_09_2016_T02_09_2026.dbf,10,10.9126000000,1.0912600000,0.9163719004,1,False
2023-10-17,RUB_KGS,KGS,CBR,KGS_RC_F02_09_2016_T02_09_2026.dbf,10,10.9088000000,1.0908800000,0.9166911118,3,False
2023-10-18,RUB_KGS,KGS,CBR,KGS_RC_F02_09_2016_T02_09_2026.dbf,10,10.8985000000,1.0898500000,0.9175574620,1,False
2023-10-19,RUB_KGS,KGS,CBR,KGS_RC_F02_09_2016_T02_09_2026.dbf,10,10.9015000000,1.0901500000,0.9173049580,1,False
2023-10-20,RUB_KGS,KGS,CBR,KGS_RC_F02_09_2016_T02_09_2026.dbf,10,10.8942000000,1.0894200000,0.9179196270,1,False
2023-10-21,RUB_KGS,KGS,CBR,KGS_RC_F02_09_2016_T02_09_2026.dbf,10,10.7373000000,1.0737300000,0.9313328304,1,False
2023-10-24,RUB_KGS,KGS,CBR,KGS_RC_F02_09_2016_T02_09_2026.dbf,10,10.6032000000,1.0603200000,0.9431115135,3,False
2023-10-25,RUB_KGS,KGS,CBR,KGS_RC_F02_09_2016_T02_09_2026.dbf,10,10.4705000000,1.0470500000,0.9550642281,1,False
2023-10-26,RUB_KGS,KGS,CBR,KGS_RC_F02_09_2016_T02_09_2026.dbf,10,10.4289000000,1.0428900000,0.9588738985,1,False
2023-10-27,RUB_KGS,KGS,CBR,KGS_RC_F02_09_2016_T02_09_2026.dbf,10,10.4749000000,1.0474900000,0.9546630517,1,False
2023-10-28,RUB_KGS,KGS,CBR,KGS_RC_F02_09_2016_T02_09_2026.dbf,10,10.4363000000,1.0436300000,0.9581939960,1,False
2023-10-31,RUB_KGS,KGS,CBR,KGS_RC_F02_09_2016_T02_09_2026.dbf,10,10.4393000000,1.0439300000,0.9579186344,3,False
2023-11-01,RUB_KGS,KGS,CBR,KGS_RC_F02_09_2016_T02_09_2026.dbf,10,10.3027000000,1.0302700000,0.9706193522,1,False
2023-11-02,RUB_KGS,KGS,CBR,KGS_RC_F02_09_2016_T02_09_2026.dbf,10,10.4434000000,1.0443400000,0.9575425628,1,False
2023-11-03,RUB_KGS,KGS,CBR,KGS_RC_F02_09_2016_T02_09_2026.dbf,10,10.4314000000,1.0431400000,0.9586440938,1,False
2023-11-04,RUB_KGS,KGS,CBR,KGS_RC_F02_09_2016_T02_09_2026.dbf,10,10.4159000000,1.0415900000,0.9600706612,1,False
2023-11-08,RUB_KGS,KGS,CBR,KGS_RC_F02_09_2016_T02_09_2026.dbf,10,10.3465000000,1.0346500000,0.9665104141,4,False
2023-11-09,RUB_KGS,KGS,CBR,KGS_RC_F02_09_2016_T02_09_2026.dbf,10,10.3221000000,1.0322100000,0.9687951095,1,False
2023-11-10,RUB_KGS,KGS,CBR,KGS_RC_F02_09_2016_T02_09_2026.dbf,10,10.2918000000,1.0291800000,0.9716473309,1,False
2023-11-11,RUB_KGS,KGS,CBR,KGS_RC_F02_09_2016_T02_09_2026.dbf,10,10.3060000000,1.0306000000,0.9703085581,1,False
2023-11-14,RUB_KGS,KGS,CBR,KGS_RC_F02_09_2016_T02_09_2026.dbf,10,10.3133000000,1.0313300000,0.9696217506,3,False
2023-11-15,RUB_KGS,KGS,CBR,KGS_RC_F02_09_2016_T02_09_2026.dbf,10,10.2169000000,1.0216900000,0.9787704685,1,False
2023-11-16,RUB_KGS,KGS,CBR,KGS_RC_F02_09_2016_T02_09_2026.dbf,10,10.0165000000,1.0016500000,0.9983527180,1,False
2023-11-17,RUB_KGS,KGS,CBR,KGS_RC_F02_09_2016_T02_09_2026.dbf,100,99.6347000000,0.9963470000,1.0036663933,1,False
2023-11-18,RUB_KGS,KGS,CBR,KGS_RC_F02_09_2016_T02_09_2026.dbf,100,99.9976000000,0.9999760000,1.0000240006,1,False
2023-11-21,RUB_KGS,KGS,CBR,KGS_RC_F02_09_2016_T02_09_2026.dbf,100,99.3016000000,0.9930160000,1.0070331193,3,False
2023-11-22,RUB_KGS,KGS,CBR,KGS_RC_F02_09_2016_T02_09_2026.dbf,100,98.7194000000,0.9871940000,1.0129721210,1,False
2023-11-23,RUB_KGS,KGS,CBR,KGS_RC_F02_09_2016_T02_09_2026.dbf,100,99.1378000000,0.9913780000,1.0086969854,1,False
2023-11-24,RUB_KGS,KGS,CBR,KGS_RC_F02_09_2016_T02_09_2026.dbf,100,99.2152000000,0.9921520000,1.0079100783,1,False
2023-11-25,RUB_KGS,KGS,CBR,KGS_RC_F02_09_2016_T02_09_2026.dbf,10,10.0210000000,1.0021000000,0.9979044008,1,False
2023-11-28,RUB_KGS,KGS,CBR,KGS_RC_F02_09_2016_T02_09_2026.dbf,100,99.8362000000,0.9983620000,1.0016406874,3,False
2023-11-29,RUB_KGS,KGS,CBR,KGS_RC_F02_09_2016_T02_09_2026.dbf,100,99.6525000000,0.9965250000,1.0034871177,1,False
2023-11-30,RUB_KGS,KGS,CBR,KGS_RC_F02_09_2016_T02_09_2026.dbf,100,99.8280000000,0.9982800000,1.0017229635,1,False
2023-12-01,RUB_KGS,KGS,CBR,KGS_RC_F02_09_2016_T02_09_2026.dbf,100,99.3468000000,0.9934680000,1.0065749476,1,False
2023-12-02,RUB_KGS,KGS,CBR,KGS_RC_F02_09_2016_T02_09_2026.dbf,10,10.0646000000,1.0064600000,0.9935814637,1,False
2023-12-05,RUB_KGS,KGS,CBR,KGS_RC_F02_09_2016_T02_09_2026.dbf,10,10.1537000000,1.0153700000,0.9848626609,3,False
2023-12-06,RUB_KGS,KGS,CBR,KGS_RC_F02_09_2016_T02_09_2026.dbf,10,10.2539000000,1.0253900000,0.9752386897,1,False
2023-12-07,RUB_KGS,KGS,CBR,KGS_RC_F02_09_2016_T02_09_2026.dbf,10,10.3877000000,1.0387700000,0.9626770122,1,False
2023-12-08,RUB_KGS,KGS,CBR,KGS_RC_F02_09_2016_T02_09_2026.dbf,10,10.3633000000,1.0363300000,0.9649435990,1,False
2023-12-09,RUB_KGS,KGS,CBR,KGS_RC_F02_09_2016_T02_09_2026.dbf,10,10.2598000000,1.0259800000,0.9746778690,1,False
2023-12-12,RUB_KGS,KGS,CBR,KGS_RC_F02_09_2016_T02_09_2026.dbf,10,10.1864000000,1.0186400000,0.9817010917,3,False
2023-12-13,RUB_KGS,KGS,CBR,KGS_RC_F02_09_2016_T02_09_2026.dbf,10,10.1003000000,1.0100300000,0.9900696019,1,False
2023-12-14,RUB_KGS,KGS,CBR,KGS_RC_F02_09_2016_T02_09_2026.dbf,10,10.0776000000,1.0077600000,0.9922997539,1,False
2023-12-15,RUB_KGS,KGS,CBR,KGS_RC_F02_09_2016_T02_09_2026.dbf,10,10.0668000000,1.0066800000,0.9933643263,1,False
2023-12-16,RUB_KGS,KGS,CBR,KGS_RC_F02_09_2016_T02_09_2026.dbf,10,10.0745000000,1.0074500000,0.9926050921,1,False
2023-12-19,RUB_KGS,KGS,CBR,KGS_RC_F02_09_2016_T02_09_2026.dbf,10,10.1534000000,1.0153400000,0.9848917604,3,False
2023-12-20,RUB_KGS,KGS,CBR,KGS_RC_F02_09_2016_T02_09_2026.dbf,10,10.1202000000,1.0120200000,0.9881227644,1,False
2023-12-21,RUB_KGS,KGS,CBR,KGS_RC_F02_09_2016_T02_09_2026.dbf,10,10.1733000000,1.0173300000,0.9829652129,1,False
2023-12-22,RUB_KGS,KGS,CBR,KGS_RC_F02_09_2016_T02_09_2026.dbf,10,10.3174000000,1.0317400000,0.9692364355,1,False
2023-12-23,RUB_KGS,KGS,CBR,KGS_RC_F02_09_2016_T02_09_2026.dbf,10,10.3042000000,1.0304200000,0.9704780575,1,False
2023-12-26,RUB_KGS,KGS,CBR,KGS_RC_F02_09_2016_T02_09_2026.dbf,10,10.3146000000,1.0314600000,0.9694995443,3,False
2023-12-27,RUB_KGS,KGS,CBR,KGS_RC_F02_09_2016_T02_09_2026.dbf,10,10.3034000000,1.0303400000,0.9705534096,1,False
2023-12-28,RUB_KGS,KGS,CBR,KGS_RC_F02_09_2016_T02_09_2026.dbf,10,10.3006000000,1.0300600000,0.9708172339,1,False
2023-12-29,RUB_KGS,KGS,CBR,KGS_RC_F02_09_2016_T02_09_2026.dbf,10,10.1394000000,1.0139400000,0.9862516520,1,False
2023-12-30,RUB_KGS,KGS,CBR,KGS_RC_F02_09_2016_T02_09_2026.dbf,10,10.0677000000,1.0067700000,0.9932755247,1,False
2024-01-10,RUB_KGS,KGS,CBR,KGS_RC_F02_09_2016_T02_09_2026.dbf,10,10.1257000000,1.0125700000,0.9875860434,11,False
2024-01-11,RUB_KGS,KGS,CBR,KGS_RC_F02_09_2016_T02_09_2026.dbf,10,10.0086000000,1.0008600000,0.9991407390,1,False
2024-01-12,RUB_KGS,KGS,CBR,KGS_RC_F02_09_2016_T02_09_2026.dbf,100,99.3974000000,0.9939740000,1.0060625328,1,False
2024-01-13,RUB_KGS,KGS,CBR,KGS_RC_F02_09_2016_T02_09_2026.dbf,100,98.6704000000,0.9867040000,1.0134751658,1,False
2024-01-16,RUB_KGS,KGS,CBR,KGS_RC_F02_09_2016_T02_09_2026.dbf,100,98.1608000000,0.9816080000,1.0187366036,3,False
2024-01-17,RUB_KGS,KGS,CBR,KGS_RC_F02_09_2016_T02_09_2026.dbf,100,98.1295000000,0.9812950000,1.0190615462,1,False
2024-01-18,RUB_KGS,KGS,CBR,KGS_RC_F02_09_2016_T02_09_2026.dbf,100,98.9479000000,0.9894790000,1.0106328684,1,False
2024-01-19,RUB_KGS,KGS,CBR,KGS_RC_F02_09_2016_T02_09_2026.dbf,100,99.2821000000,0.9928210000,1.0072309107,1,False
2024-01-20,RUB_KGS,KGS,CBR,KGS_RC_F02_09_2016_T02_09_2026.dbf,100,99.1850000000,0.9918500000,1.0082169683,1,False
2024-01-23,RUB_KGS,KGS,CBR,KGS_RC_F02_09_2016_T02_09_2026.dbf,100,98.5052000000,0.9850520000,1.0151748334,3,False
2024-01-24,RUB_KGS,KGS,CBR,KGS_RC_F02_09_2016_T02_09_2026.dbf,100,98.4649000000,0.9846490000,1.0155903271,1,False
2024-01-25,RUB_KGS,KGS,CBR,KGS_RC_F02_09_2016_T02_09_2026.dbf,100,98.8444000000,0.9884440000,1.0116911024,1,False
2024-01-26,RUB_KGS,KGS,CBR,KGS_RC_F02_09_2016_T02_09_2026.dbf,100,99.2568000000,0.9925680000,1.0074876482,1,False
2024-01-27,RUB_KGS,KGS,CBR,KGS_RC_F02_09_2016_T02_09_2026.dbf,10,10.0219000000,1.0021900000,0.9978147856,1,False
2024-01-30,RUB_KGS,KGS,CBR,KGS_RC_F02_09_2016_T02_09_2026.dbf,10,10.0324000000,1.0032400000,0.9967704637,3,False
2024-01-31,RUB_KGS,KGS,CBR,KGS_RC_F02_09_2016_T02_09_2026.dbf,100,99.9650000000,0.9996500000,1.0003501225,1,False
2024-02-01,RUB_KGS,KGS,CBR,KGS_RC_F02_09_2016_T02_09_2026.dbf,10,10.0389000000,1.0038900000,0.9961250735,1,False
2024-02-02,RUB_KGS,KGS,CBR,KGS_RC_F02_09_2016_T02_09_2026.dbf,10,10.1019000000,1.0101900000,0.9899127887,1,False
2024-02-03,RUB_KGS,KGS,CBR,KGS_RC_F02_09_2016_T02_09_2026.dbf,10,10.1503000000,1.0150300000,0.9851925559,1,False
2024-02-06,RUB_KGS,KGS,CBR,KGS_RC_F02_09_2016_T02_09_2026.dbf,10,10.2028000000,1.0202800000,0.9801231035,3,False
2024-02-07,RUB_KGS,KGS,CBR,KGS_RC_F02_09_2016_T02_09_2026.dbf,10,10.1402000000,1.0140200000,0.9861738427,1,False
2024-02-08,RUB_KGS,KGS,CBR,KGS_RC_F02_09_2016_T02_09_2026.dbf,10,10.1925000000,1.0192500000,0.9811135639,1,False
2024-02-09,RUB_KGS,KGS,CBR,KGS_RC_F02_09_2016_T02_09_2026.dbf,10,10.2042000000,1.0204200000,0.9799886321,1,False
2024-02-10,RUB_KGS,KGS,CBR,KGS_RC_F02_09_2016_T02_09_2026.dbf,10,10.1633000000,1.0163300000,0.9839323842,1,False
2024-02-13,RUB_KGS,KGS,CBR,KGS_RC_F02_09_2016_T02_09_2026.dbf,10,10.1840000000,1.0184000000,0.9819324430,3,False
2024-02-14,RUB_KGS,KGS,CBR,KGS_RC_F02_09_2016_T02_09_2026.dbf,10,10.1986000000,1.0198600000,0.9805267390,1,False
2024-02-15,RUB_KGS,KGS,CBR,KGS_RC_F02_09_2016_T02_09_2026.dbf,10,10.2238000000,1.0223800000,0.9781099004,1,False
2024-02-16,RUB_KGS,KGS,CBR,KGS_RC_F02_09_2016_T02_09_2026.dbf,10,10.2677000000,1.0267700000,0.9739279488,1,False
2024-02-17,RUB_KGS,KGS,CBR,KGS_RC_F02_09_2016_T02_09_2026.dbf,10,10.3488000000,1.0348800000,0.9662956092,1,False
2024-02-20,RUB_KGS,KGS,CBR,KGS_RC_F02_09_2016_T02_09_2026.dbf,10,10.3332000000,1.0333200000,0.9677544226,3,False
2024-02-21,RUB_KGS,KGS,CBR,KGS_RC_F02_09_2016_T02_09_2026.dbf,10,10.3264000000,1.0326400000,0.9683916951,1,False
2024-02-22,RUB_KGS,KGS,CBR,KGS_RC_F02_09_2016_T02_09_2026.dbf,10,10.3364000000,1.0336400000,0.9674548199,1,False
2024-02-23,RUB_KGS,KGS,CBR,KGS_RC_F02_09_2016_T02_09_2026.dbf,10,10.3715000000,1.0371500000,0.9641806875,1,False
2024-02-27,RUB_KGS,KGS,CBR,KGS_RC_F02_09_2016_T02_09_2026.dbf,10,10.3581000000,1.0358100000,0.9654280225,4,False
2024-02-28,RUB_KGS,KGS,CBR,KGS_RC_F02_09_2016_T02_09_2026.dbf,10,10.2921000000,1.0292100000,0.9716190088,1,False
2024-02-29,RUB_KGS,KGS,CBR,KGS_RC_F02_09_2016_T02_09_2026.dbf,10,10.2727000000,1.0272700000,0.9734539118,1,False
2024-03-01,RUB_KGS,KGS,CBR,KGS_RC_F02_09_2016_T02_09_2026.dbf,10,10.1590000000,1.0159000000,0.9843488532,1,False
2024-03-02,RUB_KGS,KGS,CBR,KGS_RC_F02_09_2016_T02_09_2026.dbf,10,10.2163000000,1.0216300000,0.9788279514,1,False
2024-03-05,RUB_KGS,KGS,CBR,KGS_RC_F02_09_2016_T02_09_2026.dbf,10,10.2151000000,1.0215100000,0.9789429374,3,False
2024-03-06,RUB_KGS,KGS,CBR,KGS_RC_F02_09_2016_T02_09_2026.dbf,10,10.1935000000,1.0193500000,0.9810173150,1,False
2024-03-07,RUB_KGS,KGS,CBR,KGS_RC_F02_09_2016_T02_09_2026.dbf,10,10.1019000000,1.0101900000,0.9899127887,1,False
2024-03-08,RUB_KGS,KGS,CBR,KGS_RC_F02_09_2016_T02_09_2026.dbf,10,10.1475000000,1.0147500000,0.9854644001,1,False
2024-03-12,RUB_KGS,KGS,CBR,KGS_RC_F02_09_2016_T02_09_2026.dbf,10,10.1336000000,1.0133600000,0.9868161364,4,False
2024-03-13,RUB_KGS,KGS,CBR,KGS_RC_F02_09_2016_T02_09_2026.dbf,10,10.1623000000,1.0162300000,0.9840292060,1,False
2024-03-14,RUB_KGS,KGS,CBR,KGS_RC_F02_09_2016_T02_09_2026.dbf,10,10.2300000000,1.0230000000,0.9775171065,1,False
2024-03-15,RUB_KGS,KGS,CBR,KGS_RC_F02_09_2016_T02_09_2026.dbf,10,10.2375000000,1.0237500000,0.9768009768,1,False
2024-03-16,RUB_KGS,KGS,CBR,KGS_RC_F02_09_2016_T02_09_2026.dbf,10,10.2637000000,1.0263700000,0.9743075109,1,False
2024-03-19,RUB_KGS,KGS,CBR,KGS_RC_F02_09_2016_T02_09_2026.dbf,10,10.2763000000,1.0276300000,0.9731128908,3,False
2024-03-20,RUB_KGS,KGS,CBR,KGS_RC_F02_09_2016_T02_09_2026.dbf,10,10.3032000000,1.0303200000,0.9705722494,1,False
2024-03-21,RUB_KGS,KGS,CBR,KGS_RC_F02_09_2016_T02_09_2026.dbf,10,10.3548000000,1.0354800000,0.9657356975,1,False
2024-03-22,RUB_KGS,KGS,CBR,KGS_RC_F02_09_2016_T02_09_2026.dbf,10,10.2726000000,1.0272600000,0.9734633880,1,False
2024-03-23,RUB_KGS,KGS,CBR,KGS_RC_F02_09_2016_T02_09_2026.dbf,10,10.3465000000,1.0346500000,0.9665104141,1,False
2024-03-26,RUB_KGS,KGS,CBR,KGS_RC_F02_09_2016_T02_09_2026.dbf,10,10.3649000000,1.0364900000,0.9647946435,3,False
2024-03-27,RUB_KGS,KGS,CBR,KGS_RC_F02_09_2016_T02_09_2026.dbf,10,10.3424000000,1.0342400000,0.9668935644,1,False
2024-03-28,RUB_KGS,KGS,CBR,KGS_RC_F02_09_2016_T02_09_2026.dbf,10,10.3443000000,1.0344300000,0.9667159692,1,False
2024-03-29,RUB_KGS,KGS,CBR,KGS_RC_F02_09_2016_T02_09_2026.dbf,10,10.3120000000,1.0312000000,0.9697439876,1,False
2024-03-30,RUB_KGS,KGS,CBR,KGS_RC_F02_09_2016_T02_09_2026.dbf,10,10.3236000000,1.0323600000,0.9686543454,1,False
2024-04-02,RUB_KGS,KGS,CBR,KGS_RC_F02_09_2016_T02_09_2026.dbf,10,10.3226000000,1.0322600000,0.9687481836,3,False
2024-04-03,RUB_KGS,KGS,CBR,KGS_RC_F02_09_2016_T02_09_2026.dbf,10,10.3554000000,1.0355400000,0.9656797420,1,False
2024-04-04,RUB_KGS,KGS,CBR,KGS_RC_F02_09_2016_T02_09_2026.dbf,10,10.3401000000,1.0340100000,0.9671086353,1,False
2024-04-05,RUB_KGS,KGS,CBR,KGS_RC_F02_09_2016_T02_09_2026.dbf,10,10.3308000000,1.0330800000,0.9679792465,1,False
2024-04-06,RUB_KGS,KGS,CBR,KGS_RC_F02_09_2016_T02_09_2026.dbf,10,10.3448000000,1.0344800000,0.9666692445,1,False
2024-04-09,RUB_KGS,KGS,CBR,KGS_RC_F02_09_2016_T02_09_2026.dbf,10,10.3828000000,1.0382800000,0.9631313326,3,False
2024-04-10,RUB_KGS,KGS,CBR,KGS_RC_F02_09_2016_T02_09_2026.dbf,10,10.4069000000,1.0406900000,0.9609009407,1,False
2024-04-11,RUB_KGS,KGS,CBR,KGS_RC_F02_09_2016_T02_09_2026.dbf,10,10.4600000000,1.0460000000,0.9560229446,1,False
2024-04-12,RUB_KGS,KGS,CBR,KGS_RC_F02_09_2016_T02_09_2026.dbf,10,10.5161000000,1.0516100000,0.9509228706,1,False
2024-04-13,RUB_KGS,KGS,CBR,KGS_RC_F02_09_2016_T02_09_2026.dbf,10,10.4850000000,1.0485000000,0.9537434430,1,False
2024-04-16,RUB_KGS,KGS,CBR,KGS_RC_F02_09_2016_T02_09_2026.dbf,10,10.5015000000,1.0501500000,0.9522449174,3,False
2024-04-17,RUB_KGS,KGS,CBR,KGS_RC_F02_09_2016_T02_09_2026.dbf,10,10.5575000000,1.0557500000,0.9471939380,1,False
2024-04-18,RUB_KGS,KGS,CBR,KGS_RC_F02_09_2016_T02_09_2026.dbf,10,10.5976000000,1.0597600000,0.9436098739,1,False
2024-04-19,RUB_KGS,KGS,CBR,KGS_RC_F02_09_2016_T02_09_2026.dbf,10,10.5714000000,1.0571400000,0.9459485026,1,False
2024-04-20,RUB_KGS,KGS,CBR,KGS_RC_F02_09_2016_T02_09_2026.dbf,10,10.4970000000,1.0497000000,0.9526531390,1,False
2024-04-23,RUB_KGS,KGS,CBR,KGS_RC_F02_09_2016_T02_09_2026.dbf,10,10.4888000000,1.0488800000,0.9533979102,3,False
2024-04-24,RUB_KGS,KGS,CBR,KGS_RC_F02_09_2016_T02_09_2026.dbf,10,10.4999000000,1.0499900000,0.9523900228,1,False
2024-04-25,RUB_KGS,KGS,CBR,KGS_RC_F02_09_2016_T02_09_2026.dbf,10,10.4113000000,1.0411300000,0.9604948469,1,False
2024-04-26,RUB_KGS,KGS,CBR,KGS_RC_F02_09_2016_T02_09_2026.dbf,10,10.3704000000,1.0370400000,0.9642829592,1,False
2024-04-27,RUB_KGS,KGS,CBR,KGS_RC_F02_09_2016_T02_09_2026.dbf,10,10.3611000000,1.0361100000,0.9651484881,1,False
2024-04-28,RUB_KGS,KGS,CBR,KGS_RC_F02_09_2016_T02_09_2026.dbf,10,10.3347000000,1.0334700000,0.9676139607,1,False
2024-05-03,RUB_KGS,KGS,CBR,KGS_RC_F02_09_2016_T02_09_2026.dbf,10,10.3802000000,1.0380200000,0.9633725747,5,False
2024-05-04,RUB_KGS,KGS,CBR,KGS_RC_F02_09_2016_T02_09_2026.dbf,10,10.3394000000,1.0339400000,0.9671741107,1,False
2024-05-07,RUB_KGS,KGS,CBR,KGS_RC_F02_09_2016_T02_09_2026.dbf,10,10.2975000000,1.0297500000,0.9711094926,3,False
2024-05-08,RUB_KGS,KGS,CBR,KGS_RC_F02_09_2016_T02_09_2026.dbf,10,10.2888000000,1.0288800000,0.9719306430,1,False
2024-05-09,RUB_KGS,KGS,CBR,KGS_RC_F02_09_2016_T02_09_2026.dbf,10,10.3888000000,1.0388800000,0.9625750809,1,False
2024-05-14,RUB_KGS,KGS,CBR,KGS_RC_F02_09_2016_T02_09_2026.dbf,10,10.3729000000,1.0372900000,0.9640505548,5,False
2024-05-15,RUB_KGS,KGS,CBR,KGS_RC_F02_09_2016_T02_09_2026.dbf,10,10.3424000000,1.0342400000,0.9668935644,1,False
2024-05-16,RUB_KGS,KGS,CBR,KGS_RC_F02_09_2016_T02_09_2026.dbf,10,10.3319000000,1.0331900000,0.9678761893,1,False
2024-05-17,RUB_KGS,KGS,CBR,KGS_RC_F02_09_2016_T02_09_2026.dbf,10,10.3016000000,1.0301600000,0.9707229945,1,False
2024-05-18,RUB_KGS,KGS,CBR,KGS_RC_F02_09_2016_T02_09_2026.dbf,10,10.3149000000,1.0314900000,0.9694713473,1,False
2024-05-21,RUB_KGS,KGS,CBR,KGS_RC_F02_09_2016_T02_09_2026.dbf,10,10.2787000000,1.0278700000,0.9728856762,3,False
2024-05-22,RUB_KGS,KGS,CBR,KGS_RC_F02_09_2016_T02_09_2026.dbf,10,10.2562000000,1.0256200000,0.9750199879,1,False
2024-05-23,RUB_KGS,KGS,CBR,KGS_RC_F02_09_2016_T02_09_2026.dbf,10,10.2463000000,1.0246300000,0.9759620546,1,False
2024-05-24,RUB_KGS,KGS,CBR,KGS_RC_F02_09_2016_T02_09_2026.dbf,10,10.2561000000,1.0256100000,0.9750294946,1,False
2024-05-25,RUB_KGS,KGS,CBR,KGS_RC_F02_09_2016_T02_09_2026.dbf,10,10.1986000000,1.0198600000,0.9805267390,1,False
2024-05-28,RUB_KGS,KGS,CBR,KGS_RC_F02_09_2016_T02_09_2026.dbf,10,10.0877000000,1.0087700000,0.9913062442,3,False
2024-05-29,RUB_KGS,KGS,CBR,KGS_RC_F02_09_2016_T02_09_2026.dbf,10,10.0611000000,1.0061100000,0.9939271054,1,False
2024-05-30,RUB_KGS,KGS,CBR,KGS_RC_F02_09_2016_T02_09_2026.dbf,10,10.1778000000,1.0177800000,0.9825306058,1,False
2024-05-31,RUB_KGS,KGS,CBR,KGS_RC_F02_09_2016_T02_09_2026.dbf,10,10.2380000000,1.0238000000,0.9767532721,1,False
2024-06-01,RUB_KGS,KGS,CBR,KGS_RC_F02_09_2016_T02_09_2026.dbf,10,10.2841000000,1.0284100000,0.9723748310,1,False
2024-06-04,RUB_KGS,KGS,CBR,KGS_RC_F02_09_2016_T02_09_2026.dbf,10,10.1910000000,1.0191000000,0.9812579727,3,False
2024-06-05,RUB_KGS,KGS,CBR,KGS_RC_F02_09_2016_T02_09_2026.dbf,10,10.1381000000,1.0138100000,0.9863781182,1,False
2024-06-06,RUB_KGS,KGS,CBR,KGS_RC_F02_09_2016_T02_09_2026.dbf,10,10.1633000000,1.0163300000,0.9839323842,1,False
2024-06-07,RUB_KGS,KGS,CBR,KGS_RC_F02_09_2016_T02_09_2026.dbf,10,10.1671000000,1.0167100000,0.9835646349,1,False
2024-06-08,RUB_KGS,KGS,CBR,KGS_RC_F02_09_2016_T02_09_2026.dbf,10,10.1672000000,1.0167200000,0.9835549611,1,False
2024-06-11,RUB_KGS,KGS,CBR,KGS_RC_F02_09_2016_T02_09_2026.dbf,10,10.2280000000,1.0228000000,0.9777082519,3,False
2024-06-12,RUB_KGS,KGS,CBR,KGS_RC_F02_09_2016_T02_09_2026.dbf,10,10.2335000000,1.0233500000,0.9771827820,1,False
2024-06-14,RUB_KGS,KGS,CBR,KGS_RC_F02_09_2016_T02_09_2026.dbf,10,10.1251000000,1.0125100000,0.9876445665,2,False
2024-06-15,RUB_KGS,KGS,CBR,KGS_RC_F02_09_2016_T02_09_2026.dbf,10,10.1373000000,1.0137300000,0.9864559597,1,False
2024-06-18,RUB_KGS,KGS,CBR,KGS_RC_F02_09_2016_T02_09_2026.dbf,10,10.1354000000,1.0135400000,0.9866408825,3,False
2024-06-19,RUB_KGS,KGS,CBR,KGS_RC_F02_09_2016_T02_09_2026.dbf,100,99.3537000000,0.9935370000,1.0065050421,1,False
2024-06-20,RUB_KGS,KGS,CBR,KGS_RC_F02_09_2016_T02_09_2026.dbf,100,94.6486000000,0.9464860000,1.0565396636,1,False
2024-06-21,RUB_KGS,KGS,CBR,KGS_RC_F02_09_2016_T02_09_2026.dbf,100,98.2976000000,0.9829760000,1.0173188359,1,False
2024-06-22,RUB_KGS,KGS,CBR,KGS_RC_F02_09_2016_T02_09_2026.dbf,10,10.1384000000,1.0138400000,0.9863489308,1,False
2024-06-25,RUB_KGS,KGS,CBR,KGS_RC_F02_09_2016_T02_09_2026.dbf,10,10.0784000000,1.0078400000,0.9922209875,3,False
2024-06-26,RUB_KGS,KGS,CBR,KGS_RC_F02_09_2016_T02_09_2026.dbf,10,10.0797000000,1.0079700000,0.9920930186,1,False
2024-06-27,RUB_KGS,KGS,CBR,KGS_RC_F02_09_2016_T02_09_2026.dbf,10,10.1544000000,1.0154400000,0.9847947688,1,False
2024-06-28,RUB_KGS,KGS,CBR,KGS_RC_F02_09_2016_T02_09_2026.dbf,100,98.2811000000,0.9828110000,1.0174896292,1,False
2024-06-29,RUB_KGS,KGS,CBR,KGS_RC_F02_09_2016_T02_09_2026.dbf,100,99.1932000000,0.9919320000,1.0081336221,1,False
2024-07-02,RUB_KGS,KGS,CBR,KGS_RC_F02_09_2016_T02_09_2026.dbf,10,10.1097000000,1.0109700000,0.9891490351,3,False
2024-07-03,RUB_KGS,KGS,CBR,KGS_RC_F02_09_2016_T02_09_2026.dbf,10,10.2163000000,1.0216300000,0.9788279514,1,False
2024-07-04,RUB_KGS,KGS,CBR,KGS_RC_F02_09_2016_T02_09_2026.dbf,10,10.2196000000,1.0219600000,0.9785118791,1,False
2024-07-05,RUB_KGS,KGS,CBR,KGS_RC_F02_09_2016_T02_09_2026.dbf,10,10.2439000000,1.0243900000,0.9761907086,1,False
2024-07-06,RUB_KGS,KGS,CBR,KGS_RC_F02_09_2016_T02_09_2026.dbf,10,10.2602000000,1.0260200000,0.9746398706,1,False
2024-07-09,RUB_KGS,KGS,CBR,KGS_RC_F02_09_2016_T02_09_2026.dbf,10,10.2801000000,1.0280100000,0.9727531833,3,False
2024-07-10,RUB_KGS,KGS,CBR,KGS_RC_F02_09_2016_T02_09_2026.dbf,10,10.2757000000,1.0275700000,0.9731697111,1,False
2024-07-11,RUB_KGS,KGS,CBR,KGS_RC_F02_09_2016_T02_09_2026.dbf,10,10.2768000000,1.0276800000,0.9730655457,1,False
2024-07-12,RUB_KGS,KGS,CBR,KGS_RC_F02_09_2016_T02_09_2026.dbf,10,10.3139000000,1.0313900000,0.9695653439,1,False
2024-07-13,RUB_KGS,KGS,CBR,KGS_RC_F02_09_2016_T02_09_2026.dbf,10,10.2864000000,1.0286400000,0.9721574117,1,False
2024-07-16,RUB_KGS,KGS,CBR,KGS_RC_F02_09_2016_T02_09_2026.dbf,10,10.2940000000,1.0294000000,0.9714396736,3,False
2024-07-17,RUB_KGS,KGS,CBR,KGS_RC_F02_09_2016_T02_09_2026.dbf,10,10.3578000000,1.0357800000,0.9654559849,1,False
2024-07-18,RUB_KGS,KGS,CBR,KGS_RC_F02_09_2016_T02_09_2026.dbf,10,10.3683000000,1.0368300000,0.9644782655,1,False
2024-07-19,RUB_KGS,KGS,CBR,KGS_RC_F02_09_2016_T02_09_2026.dbf,10,10.3624000000,1.0362400000,0.9650274068,1,False
2024-07-20,RUB_KGS,KGS,CBR,KGS_RC_F02_09_2016_T02_09_2026.dbf,10,10.3991000000,1.0399100000,0.9616216788,1,False
2024-07-23,RUB_KGS,KGS,CBR,KGS_RC_F02_09_2016_T02_09_2026.dbf,10,10.3759000000,1.0375900000,0.9637718174,3,False
2024-07-24,RUB_KGS,KGS,CBR,KGS_RC_F02_09_2016_T02_09_2026.dbf,10,10.3476000000,1.0347600000,0.9664076694,1,False
2024-07-25,RUB_KGS,KGS,CBR,KGS_RC_F02_09_2016_T02_09_2026.dbf,10,10.2758000000,1.0275800000,0.9731602406,1,False
2024-07-26,RUB_KGS,KGS,CBR,KGS_RC_F02_09_2016_T02_09_2026.dbf,10,10.1437000000,1.0143700000,0.9858335716,1,False
2024-07-27,RUB_KGS,KGS,CBR,KGS_RC_F02_09_2016_T02_09_2026.dbf,10,10.1814000000,1.0181400000,0.9821831968,1,False
2024-07-30,RUB_KGS,KGS,CBR,KGS_RC_F02_09_2016_T02_09_2026.dbf,10,10.3005000000,1.0300500000,0.9708266589,3,False
2024-07-31,RUB_KGS,KGS,CBR,KGS_RC_F02_09_2016_T02_09_2026.dbf,10,10.2737000000,1.0273700000,0.9733591598,1,False
2024-08-01,RUB_KGS,KGS,CBR,KGS_RC_F02_09_2016_T02_09_2026.dbf,10,10.2474000000,1.0247400000,0.9758572906,1,False
2024-08-02,RUB_KGS,KGS,CBR,KGS_RC_F02_09_2016_T02_09_2026.dbf,10,10.2087000000,1.0208700000,0.9795566527,1,False
2024-08-03,RUB_KGS,KGS,CBR,KGS_RC_F02_09_2016_T02_09_2026.dbf,10,10.1990000000,1.0199000000,0.9804882832,1,False
2024-08-06,RUB_KGS,KGS,CBR,KGS_RC_F02_09_2016_T02_09_2026.dbf,10,10.0526000000,1.0052600000,0.9947675228,3,False
2024-08-07,RUB_KGS,KGS,CBR,KGS_RC_F02_09_2016_T02_09_2026.dbf,10,10.0685000000,1.0068500000,0.9931966033,1,False
2024-08-08,RUB_KGS,KGS,CBR,KGS_RC_F02_09_2016_T02_09_2026.dbf,10,10.1436000000,1.0143600000,0.9858432904,1,False
2024-08-09,RUB_KGS,KGS,CBR,KGS_RC_F02_09_2016_T02_09_2026.dbf,10,10.1654000000,1.0165400000,0.9837291203,1,False
2024-08-10,RUB_KGS,KGS,CBR,KGS_RC_F02_09_2016_T02_09_2026.dbf,10,10.3035000000,1.0303500000,0.9705439899,1,False
2024-08-13,RUB_KGS,KGS,CBR,KGS_RC_F02_09_2016_T02_09_2026.dbf,10,10.5325000000,1.0532500000,0.9494422027,3,False
2024-08-14,RUB_KGS,KGS,CBR,KGS_RC_F02_09_2016_T02_09_2026.dbf,10,10.8155000000,1.0815500000,0.9245989552,1,False
2024-08-15,RUB_KGS,KGS,CBR,KGS_RC_F02_09_2016_T02_09_2026.dbf,10,10.5024000000,1.0502400000,0.9521633151,1,False
2024-08-16,RUB_KGS,KGS,CBR,KGS_RC_F02_09_2016_T02_09_2026.dbf,10,10.3613000000,1.0361300000,0.9651298582,1,False
2024-08-17,RUB_KGS,KGS,CBR,KGS_RC_F02_09_2016_T02_09_2026.dbf,10,10.3741000000,1.0374100000,0.9639390405,1,False
2024-08-20,RUB_KGS,KGS,CBR,KGS_RC_F02_09_2016_T02_09_2026.dbf,10,10.4484000000,1.0448400000,0.9570843383,3,False
2024-08-21,RUB_KGS,KGS,CBR,KGS_RC_F02_09_2016_T02_09_2026.dbf,10,10.5862000000,1.0586200000,0.9446260226,1,False
2024-08-22,RUB_KGS,KGS,CBR,KGS_RC_F02_09_2016_T02_09_2026.dbf,10,10.7099000000,1.0709900000,0.9337155342,1,False
2024-08-23,RUB_KGS,KGS,CBR,KGS_RC_F02_09_2016_T02_09_2026.dbf,10,10.6774000000,1.0677400000,0.9365575889,1,False
2024-08-24,RUB_KGS,KGS,CBR,KGS_RC_F02_09_2016_T02_09_2026.dbf,10,10.7337000000,1.0733700000,0.9316451922,1,False
2024-08-27,RUB_KGS,KGS,CBR,KGS_RC_F02_09_2016_T02_09_2026.dbf,10,10.7704000000,1.0770400000,0.9284706232,3,False
2024-08-28,RUB_KGS,KGS,CBR,KGS_RC_F02_09_2016_T02_09_2026.dbf,10,10.7452000000,1.0745200000,0.9306481033,1,False
2024-08-29,RUB_KGS,KGS,CBR,KGS_RC_F02_09_2016_T02_09_2026.dbf,10,10.7456000000,1.0745600000,0.9306134604,1,False
2024-08-30,RUB_KGS,KGS,CBR,KGS_RC_F02_09_2016_T02_09_2026.dbf,10,10.7522000000,1.0752200000,0.9300422239,1,False
2024-08-31,RUB_KGS,KGS,CBR,KGS_RC_F02_09_2016_T02_09_2026.dbf,10,10.7386000000,1.0738600000,0.9312200846,1,False
2024-09-03,RUB_KGS,KGS,CBR,KGS_RC_F02_09_2016_T02_09_2026.dbf,10,10.6221000000,1.0622100000,0.9414334265,3,False
2024-09-04,RUB_KGS,KGS,CBR,KGS_RC_F02_09_2016_T02_09_2026.dbf,10,10.4733000000,1.0473300000,0.9548088950,1,False
2024-09-05,RUB_KGS,KGS,CBR,KGS_RC_F02_09_2016_T02_09_2026.dbf,10,10.5404000000,1.0540400000,0.9487305985,1,False
2024-09-06,RUB_KGS,KGS,CBR,KGS_RC_F02_09_2016_T02_09_2026.dbf,10,10.6499000000,1.0649900000,0.9389759528,1,False
2024-09-07,RUB_KGS,KGS,CBR,KGS_RC_F02_09_2016_T02_09_2026.dbf,10,10.6678000000,1.0667800000,0.9374004012,1,False
2024-09-10,RUB_KGS,KGS,CBR,KGS_RC_F02_09_2016_T02_09_2026.dbf,10,10.7346000000,1.0734600000,0.9315670821,3,False
2024-09-11,RUB_KGS,KGS,CBR,KGS_RC_F02_09_2016_T02_09_2026.dbf,10,10.8210000000,1.0821000000,0.9241290084,1,False
2024-09-12,RUB_KGS,KGS,CBR,KGS_RC_F02_09_2016_T02_09_2026.dbf,10,10.8391000000,1.0839100000,0.9225858235,1,False
2024-09-13,RUB_KGS,KGS,CBR,KGS_RC_F02_09_2016_T02_09_2026.dbf,10,10.8001000000,1.0800100000,0.9259173526,1,False
2024-09-14,RUB_KGS,KGS,CBR,KGS_RC_F02_09_2016_T02_09_2026.dbf,10,10.7551000000,1.0755100000,0.9297914478,1,False
2024-09-17,RUB_KGS,KGS,CBR,KGS_RC_F02_09_2016_T02_09_2026.dbf,10,10.7646000000,1.0764600000,0.9289708861,3,False
2024-09-18,RUB_KGS,KGS,CBR,KGS_RC_F02_09_2016_T02_09_2026.dbf,10,10.8129000000,1.0812900000,0.9248212783,1,False
2024-09-19,RUB_KGS,KGS,CBR,KGS_RC_F02_09_2016_T02_09_2026.dbf,10,10.8664000000,1.0866400000,0.9202679820,1,False
2024-09-20,RUB_KGS,KGS,CBR,KGS_RC_F02_09_2016_T02_09_2026.dbf,10,10.9993000000,1.0999300000,0.9091487640,1,False
2024-09-21,RUB_KGS,KGS,CBR,KGS_RC_F02_09_2016_T02_09_2026.dbf,10,10.9908000000,1.0990800000,0.9098518761,1,False
2024-09-24,RUB_KGS,KGS,CBR,KGS_RC_F02_09_2016_T02_09_2026.dbf,10,11.0291000000,1.1029100000,0.9066922958,3,False
2024-09-25,RUB_KGS,KGS,CBR,KGS_RC_F02_09_2016_T02_09_2026.dbf,10,11.0259000000,1.1025900000,0.9069554413,1,False
2024-09-26,RUB_KGS,KGS,CBR,KGS_RC_F02_09_2016_T02_09_2026.dbf,10,10.9724000000,1.0972400000,0.9113776384,1,False
2024-09-27,RUB_KGS,KGS,CBR,KGS_RC_F02_09_2016_T02_09_2026.dbf,10,10.9748000000,1.0974800000,0.9111783358,1,False
2024-09-28,RUB_KGS,KGS,CBR,KGS_RC_F02_09_2016_T02_09_2026.dbf,10,11.0110000000,1.1011000000,0.9081827264,1,False
2024-10-01,RUB_KGS,KGS,CBR,KGS_RC_F02_09_2016_T02_09_2026.dbf,10,11.0710000000,1.1071000000,0.9032607714,3,False
2024-10-02,RUB_KGS,KGS,CBR,KGS_RC_F02_09_2016_T02_09_2026.dbf,10,11.0822000000,1.1082200000,0.9023479093,1,False
2024-10-03,RUB_KGS,KGS,CBR,KGS_RC_F02_09_2016_T02_09_2026.dbf,10,11.1973000000,1.1197300000,0.8930724371,1,False
2024-10-04,RUB_KGS,KGS,CBR,KGS_RC_F02_09_2016_T02_09_2026.dbf,10,11.2510000000,1.1251000000,0.8888098836,1,False
2024-10-05,RUB_KGS,KGS,CBR,KGS_RC_F02_09_2016_T02_09_2026.dbf,10,11.2007000000,1.1200700000,0.8928013428,1,False
2024-10-08,RUB_KGS,KGS,CBR,KGS_RC_F02_09_2016_T02_09_2026.dbf,10,11.3418000000,1.1341800000,0.8816942637,3,False
2024-10-09,RUB_KGS,KGS,CBR,KGS_RC_F02_09_2016_T02_09_2026.dbf,10,11.2987000000,1.1298700000,0.8850575730,1,False
2024-10-10,RUB_KGS,KGS,CBR,KGS_RC_F02_09_2016_T02_09_2026.dbf,10,11.3789000000,1.1378900000,0.8788195696,1,False
2024-10-11,RUB_KGS,KGS,CBR,KGS_RC_F02_09_2016_T02_09_2026.dbf,10,11.4131000000,1.1413100000,0.8761861370,1,False
2024-10-12,RUB_KGS,KGS,CBR,KGS_RC_F02_09_2016_T02_09_2026.dbf,10,11.2361000000,1.1236100000,0.8899885191,1,False
2024-10-15,RUB_KGS,KGS,CBR,KGS_RC_F02_09_2016_T02_09_2026.dbf,10,11.2400000000,1.1240000000,0.8896797153,3,False
2024-10-16,RUB_KGS,KGS,CBR,KGS_RC_F02_09_2016_T02_09_2026.dbf,10,11.3464000000,1.1346400000,0.8813368117,1,False
2024-10-17,RUB_KGS,KGS,CBR,KGS_RC_F02_09_2016_T02_09_2026.dbf,10,11.3751000000,1.1375100000,0.8791131507,1,False
2024-10-18,RUB_KGS,KGS,CBR,KGS_RC_F02_09_2016_T02_09_2026.dbf,10,11.3625000000,1.1362500000,0.8800880088,1,False
2024-10-19,RUB_KGS,KGS,CBR,KGS_RC_F02_09_2016_T02_09_2026.dbf,10,11.2769000000,1.1276900000,0.8867685268,1,False
2024-10-22,RUB_KGS,KGS,CBR,KGS_RC_F02_09_2016_T02_09_2026.dbf,10,11.2389000000,1.1238900000,0.8897667921,3,False
2024-10-23,RUB_KGS,KGS,CBR,KGS_RC_F02_09_2016_T02_09_2026.dbf,10,11.2973000000,1.1297300000,0.8851672524,1,False
2024-10-24,RUB_KGS,KGS,CBR,KGS_RC_F02_09_2016_T02_09_2026.dbf,10,11.3027000000,1.1302700000,0.8847443531,1,False
2024-10-25,RUB_KGS,KGS,CBR,KGS_RC_F02_09_2016_T02_09_2026.dbf,10,11.2751000000,1.1275100000,0.8869100939,1,False
2024-10-26,RUB_KGS,KGS,CBR,KGS_RC_F02_09_2016_T02_09_2026.dbf,10,11.2664000000,1.1266400000,0.8875949727,1,False
2024-10-29,RUB_KGS,KGS,CBR,KGS_RC_F02_09_2016_T02_09_2026.dbf,10,11.3322000000,1.1332200000,0.8824411853,3,False
2024-10-30,RUB_KGS,KGS,CBR,KGS_RC_F02_09_2016_T02_09_2026.dbf,10,11.3434000000,1.1343400000,0.8815698997,1,False
2024-10-31,RUB_KGS,KGS,CBR,KGS_RC_F02_09_2016_T02_09_2026.dbf,10,11.3115000000,1.1311500000,0.8840560492,1,False
2024-11-01,RUB_KGS,KGS,CBR,KGS_RC_F02_09_2016_T02_09_2026.dbf,10,11.3080000000,1.1308000000,0.8843296781,1,False
2024-11-02,RUB_KGS,KGS,CBR,KGS_RC_F02_09_2016_T02_09_2026.dbf,10,11.3567000000,1.1356700000,0.8805374801,1,False
2024-11-03,RUB_KGS,KGS,CBR,KGS_RC_F02_09_2016_T02_09_2026.dbf,10,11.3695000000,1.1369500000,0.8795461542,1,False
2024-11-06,RUB_KGS,KGS,CBR,KGS_RC_F02_09_2016_T02_09_2026.dbf,10,11.3791000000,1.1379100000,0.8788041233,3,False
2024-11-07,RUB_KGS,KGS,CBR,KGS_RC_F02_09_2016_T02_09_2026.dbf,10,11.3948000000,1.1394800000,0.8775932882,1,False
2024-11-08,RUB_KGS,KGS,CBR,KGS_RC_F02_09_2016_T02_09_2026.dbf,10,11.3773000000,1.1377300000,0.8789431587,1,False
2024-11-09,RUB_KGS,KGS,CBR,KGS_RC_F02_09_2016_T02_09_2026.dbf,10,11.3496000000,1.1349600000,0.8810883203,1,False
2024-11-12,RUB_KGS,KGS,CBR,KGS_RC_F02_09_2016_T02_09_2026.dbf,10,11.3637000000,1.1363700000,0.8799950720,3,False
2024-11-13,RUB_KGS,KGS,CBR,KGS_RC_F02_09_2016_T02_09_2026.dbf,10,11.3638000000,1.1363800000,0.8799873282,1,False
2024-11-14,RUB_KGS,KGS,CBR,KGS_RC_F02_09_2016_T02_09_2026.dbf,10,11.4113000000,1.1411300000,0.8763243452,1,False
2024-11-15,RUB_KGS,KGS,CBR,KGS_RC_F02_09_2016_T02_09_2026.dbf,10,11.4635000000,1.1463500000,0.8723339294,1,False
2024-11-16,RUB_KGS,KGS,CBR,KGS_RC_F02_09_2016_T02_09_2026.dbf,10,11.5604000000,1.1560400000,0.8650219716,1,False
2024-11-19,RUB_KGS,KGS,CBR,KGS_RC_F02_09_2016_T02_09_2026.dbf,10,11.5541000000,1.1554100000,0.8654936343,3,False
2024-11-20,RUB_KGS,KGS,CBR,KGS_RC_F02_09_2016_T02_09_2026.dbf,10,11.5647000000,1.1564700000,0.8647003381,1,False
2024-11-21,RUB_KGS,KGS,CBR,KGS_RC_F02_09_2016_T02_09_2026.dbf,10,11.5860000000,1.1586000000,0.8631106508,1,False
2024-11-22,RUB_KGS,KGS,CBR,KGS_RC_F02_09_2016_T02_09_2026.dbf,10,11.6393000000,1.1639300000,0.8591581968,1,False
2024-11-23,RUB_KGS,KGS,CBR,KGS_RC_F02_09_2016_T02_09_2026.dbf,10,11.8585000000,1.1858500000,0.8432769743,1,False
2024-11-26,RUB_KGS,KGS,CBR,KGS_RC_F02_09_2016_T02_09_2026.dbf,10,11.9589000000,1.1958900000,0.8361973091,3,False
2024-11-27,RUB_KGS,KGS,CBR,KGS_RC_F02_09_2016_T02_09_2026.dbf,10,12.1037000000,1.2103700000,0.8261936433,1,False
2024-11-28,RUB_KGS,KGS,CBR,KGS_RC_F02_09_2016_T02_09_2026.dbf,10,12.4436000000,1.2443600000,0.8036259603,1,False
2024-11-29,RUB_KGS,KGS,CBR,KGS_RC_F02_09_2016_T02_09_2026.dbf,10,12.6242000000,1.2624200000,0.7921294023,1,False
2024-11-30,RUB_KGS,KGS,CBR,KGS_RC_F02_09_2016_T02_09_2026.dbf,10,12.4125000000,1.2412500000,0.8056394763,1,False
2024-12-03,RUB_KGS,KGS,CBR,KGS_RC_F02_09_2016_T02_09_2026.dbf,10,12.3475000000,1.2347500000,0.8098805426,3,False
2024-12-04,RUB_KGS,KGS,CBR,KGS_RC_F02_09_2016_T02_09_2026.dbf,10,12.2336000000,1.2233600000,0.8174208737,1,False
2024-12-05,RUB_KGS,KGS,CBR,KGS_RC_F02_09_2016_T02_09_2026.dbf,10,12.0088000000,1.2008800000,0.8327226700,1,False
2024-12-06,RUB_KGS,KGS,CBR,KGS_RC_F02_09_2016_T02_09_2026.dbf,10,11.9106000000,1.1910600000,0.8395882659,1,False
2024-12-07,RUB_KGS,KGS,CBR,KGS_RC_F02_09_2016_T02_09_2026.dbf,10,11.4541000000,1.1454100000,0.8730498250,1,False
2024-12-10,RUB_KGS,KGS,CBR,KGS_RC_F02_09_2016_T02_09_2026.dbf,10,11.4488000000,1.1448800000,0.8734539864,3,False
2024-12-11,RUB_KGS,KGS,CBR,KGS_RC_F02_09_2016_T02_09_2026.dbf,10,11.5245000000,1.1524500000,0.8677166038,1,False
2024-12-12,RUB_KGS,KGS,CBR,KGS_RC_F02_09_2016_T02_09_2026.dbf,10,11.8975000000,1.1897500000,0.8405127128,1,False
2024-12-13,RUB_KGS,KGS,CBR,KGS_RC_F02_09_2016_T02_09_2026.dbf,10,11.9758000000,1.1975800000,0.8350172849,1,False
2024-12-14,RUB_KGS,KGS,CBR,KGS_RC_F02_09_2016_T02_09_2026.dbf,10,11.8943000000,1.1894300000,0.8407388413,1,False
2024-12-17,RUB_KGS,KGS,CBR,KGS_RC_F02_09_2016_T02_09_2026.dbf,10,11.8293000000,1.1829300000,0.8453585588,3,False
2024-12-18,RUB_KGS,KGS,CBR,KGS_RC_F02_09_2016_T02_09_2026.dbf,10,11.8388000000,1.1838800000,0.8446802041,1,False
2024-12-19,RUB_KGS,KGS,CBR,KGS_RC_F02_09_2016_T02_09_2026.dbf,10,11.8134000000,1.1813400000,0.8464963516,1,False
2024-12-20,RUB_KGS,KGS,CBR,KGS_RC_F02_09_2016_T02_09_2026.dbf,10,11.8874000000,1.1887400000,0.8412268452,1,False
2024-12-21,RUB_KGS,KGS,CBR,KGS_RC_F02_09_2016_T02_09_2026.dbf,10,11.7637000000,1.1763700000,0.8500726812,1,False
2024-12-24,RUB_KGS,KGS,CBR,KGS_RC_F02_09_2016_T02_09_2026.dbf,10,11.6798000000,1.1679800000,0.8561790442,3,False
2024-12-25,RUB_KGS,KGS,CBR,KGS_RC_F02_09_2016_T02_09_2026.dbf,10,11.4796000000,1.1479600000,0.8711104917,1,False
2024-12-26,RUB_KGS,KGS,CBR,KGS_RC_F02_09_2016_T02_09_2026.dbf,10,11.4497000000,1.1449700000,0.8733853289,1,False
2024-12-27,RUB_KGS,KGS,CBR,KGS_RC_F02_09_2016_T02_09_2026.dbf,10,11.4057000000,1.1405700000,0.8767546052,1,False
2024-12-28,RUB_KGS,KGS,CBR,KGS_RC_F02_09_2016_T02_09_2026.dbf,10,11.5550000000,1.1555000000,0.8654262224,1,False
2024-12-29,RUB_KGS,KGS,CBR,KGS_RC_F02_09_2016_T02_09_2026.dbf,10,11.6874000000,1.1687400000,0.8556222941,1,False
2025-01-10,RUB_KGS,KGS,CBR,KGS_RC_F02_09_2016_T02_09_2026.dbf,10,11.7576000000,1.1757600000,0.8505137103,12,False
2025-01-11,RUB_KGS,KGS,CBR,KGS_RC_F02_09_2016_T02_09_2026.dbf,10,11.7143000000,1.1714300000,0.8536574955,1,False
2025-01-14,RUB_KGS,KGS,CBR,KGS_RC_F02_09_2016_T02_09_2026.dbf,10,11.7467000000,1.1746700000,0.8513029191,3,False
2025-01-15,RUB_KGS,KGS,CBR,KGS_RC_F02_09_2016_T02_09_2026.dbf,10,11.8282000000,1.1828200000,0.8454371756,1,False
2025-01-16,RUB_KGS,KGS,CBR,KGS_RC_F02_09_2016_T02_09_2026.dbf,10,11.7563000000,1.1756300000,0.8506077592,1,False
2025-01-17,RUB_KGS,KGS,CBR,KGS_RC_F02_09_2016_T02_09_2026.dbf,10,11.7069000000,1.1706900000,0.8541970974,1,False
2025-01-18,RUB_KGS,KGS,CBR,KGS_RC_F02_09_2016_T02_09_2026.dbf,10,11.7111000000,1.1711100000,0.8538907532,1,False
2025-01-21,RUB_KGS,KGS,CBR,KGS_RC_F02_09_2016_T02_09_2026.dbf,10,11.6593000000,1.1659300000,0.8576844236,3,False
2025-01-22,RUB_KGS,KGS,CBR,KGS_RC_F02_09_2016_T02_09_2026.dbf,10,11.4269000000,1.1426900000,0.8751279875,1,False
2025-01-23,RUB_KGS,KGS,CBR,KGS_RC_F02_09_2016_T02_09_2026.dbf,10,11.2385000000,1.1238500000,0.8897984606,1,False
2025-01-24,RUB_KGS,KGS,CBR,KGS_RC_F02_09_2016_T02_09_2026.dbf,10,11.3322000000,1.1332200000,0.8824411853,1,False
2025-01-25,RUB_KGS,KGS,CBR,KGS_RC_F02_09_2016_T02_09_2026.dbf,10,11.2365000000,1.1236500000,0.8899568371,1,False
2025-01-28,RUB_KGS,KGS,CBR,KGS_RC_F02_09_2016_T02_09_2026.dbf,10,11.1071000000,1.1107100000,0.9003250173,3,False
2025-01-29,RUB_KGS,KGS,CBR,KGS_RC_F02_09_2016_T02_09_2026.dbf,10,11.2025000000,1.1202500000,0.8926578889,1,False
2025-01-30,RUB_KGS,KGS,CBR,KGS_RC_F02_09_2016_T02_09_2026.dbf,10,11.2078000000,1.1207800000,0.8922357644,1,False
2025-01-31,RUB_KGS,KGS,CBR,KGS_RC_F02_09_2016_T02_09_2026.dbf,10,11.2071000000,1.1207100000,0.8922914938,1,False
2025-02-01,RUB_KGS,KGS,CBR,KGS_RC_F02_09_2016_T02_09_2026.dbf,10,11.1848000000,1.1184800000,0.8940705243,1,False
2025-02-04,RUB_KGS,KGS,CBR,KGS_RC_F02_09_2016_T02_09_2026.dbf,10,11.4286000000,1.1428600000,0.8749978125,3,False
2025-02-05,RUB_KGS,KGS,CBR,KGS_RC_F02_09_2016_T02_09_2026.dbf,10,11.2674000000,1.1267400000,0.8875161972,1,False
2025-02-06,RUB_KGS,KGS,CBR,KGS_RC_F02_09_2016_T02_09_2026.dbf,10,11.2128000000,1.1212800000,0.8918378995,1,False
2025-02-07,RUB_KGS,KGS,CBR,KGS_RC_F02_09_2016_T02_09_2026.dbf,10,11.0818000000,1.1081800000,0.9023804797,1,False
2025-02-08,RUB_KGS,KGS,CBR,KGS_RC_F02_09_2016_T02_09_2026.dbf,10,11.1236000000,1.1123600000,0.8989895358,1,False
2025-02-11,RUB_KGS,KGS,CBR,KGS_RC_F02_09_2016_T02_09_2026.dbf,10,11.0671000000,1.1067100000,0.9035790767,3,False
2025-02-12,RUB_KGS,KGS,CBR,KGS_RC_F02_09_2016_T02_09_2026.dbf,10,10.9551000000,1.0955100000,0.9128168616,1,False
2025-02-13,RUB_KGS,KGS,CBR,KGS_RC_F02_09_2016_T02_09_2026.dbf,10,10.7545000000,1.0754500000,0.9298433214,1,False
2025-02-14,RUB_KGS,KGS,CBR,KGS_RC_F02_09_2016_T02_09_2026.dbf,10,10.4095000000,1.0409500000,0.9606609347,1,False
2025-02-15,RUB_KGS,KGS,CBR,KGS_RC_F02_09_2016_T02_09_2026.dbf,10,10.3270000000,1.0327000000,0.9683354314,1,False
2025-02-18,RUB_KGS,KGS,CBR,KGS_RC_F02_09_2016_T02_09_2026.dbf,10,10.4557000000,1.0455700000,0.9564161175,3,False
2025-02-19,RUB_KGS,KGS,CBR,KGS_RC_F02_09_2016_T02_09_2026.dbf,10,10.4448000000,1.0444800000,0.9574142157,1,False
2025-02-20,RUB_KGS,KGS,CBR,KGS_RC_F02_09_2016_T02_09_2026.dbf,10,10.3404000000,1.0340400000,0.9670805772,1,False
2025-02-21,RUB_KGS,KGS,CBR,KGS_RC_F02_09_2016_T02_09_2026.dbf,10,10.1212000000,1.0121200000,0.9880251354,1,False
2025-02-22,RUB_KGS,KGS,CBR,KGS_RC_F02_09_2016_T02_09_2026.dbf,10,10.0821000000,1.0082100000,0.9918568552,1,False
2025-02-25,RUB_KGS,KGS,CBR,KGS_RC_F02_09_2016_T02_09_2026.dbf,10,10.0865000000,1.0086500000,0.9914241808,3,False
2025-02-26,RUB_KGS,KGS,CBR,KGS_RC_F02_09_2016_T02_09_2026.dbf,10,9.9065000000,0.9906500000,1.0094382476,1,False
2025-02-27,RUB_KGS,KGS,CBR,KGS_RC_F02_09_2016_T02_09_2026.dbf,10,9.8259000000,0.9825900000,1.0177184787,1,False
2025-02-28,RUB_KGS,KGS,CBR,KGS_RC_F02_09_2016_T02_09_2026.dbf,10,10.0282000000,1.0028200000,0.9971879300,1,False
2025-03-01,RUB_KGS,KGS,CBR,KGS_RC_F02_09_2016_T02_09_2026.dbf,10,10.0924000000,1.0092400000,0.9908445959,1,False
2025-03-04,RUB_KGS,KGS,CBR,KGS_RC_F02_09_2016_T02_09_2026.dbf,10,10.2058000000,1.0205800000,0.9798349958,3,False
2025-03-05,RUB_KGS,KGS,CBR,KGS_RC_F02_09_2016_T02_09_2026.dbf,10,10.2056000000,1.0205600000,0.9798541977,1,False
2025-03-06,RUB_KGS,KGS,CBR,KGS_RC_F02_09_2016_T02_09_2026.dbf,10,10.2673000000,1.0267300000,0.9739658917,1,False
2025-03-07,RUB_KGS,KGS,CBR,KGS_RC_F02_09_2016_T02_09_2026.dbf,10,10.2436000000,1.0243600000,0.9762192979,1,False
2025-03-08,RUB_KGS,KGS,CBR,KGS_RC_F02_09_2016_T02_09_2026.dbf,10,10.1928000000,1.0192800000,0.9810846872,1,False
2025-03-11,RUB_KGS,KGS,CBR,KGS_RC_F02_09_2016_T02_09_2026.dbf,10,10.1072000000,1.0107200000,0.9893936995,3,False
2025-03-12,RUB_KGS,KGS,CBR,KGS_RC_F02_09_2016_T02_09_2026.dbf,10,9.8991000000,0.9899100000,1.0101928458,1,False
2025-03-13,RUB_KGS,KGS,CBR,KGS_RC_F02_09_2016_T02_09_2026.dbf,10,9.9051000000,0.9905100000,1.0095809230,1,False
2025-03-14,RUB_KGS,KGS,CBR,KGS_RC_F02_09_2016_T02_09_2026.dbf,10,9.9050000000,0.9905000000,1.0095911156,1,False
2025-03-15,RUB_KGS,KGS,CBR,KGS_RC_F02_09_2016_T02_09_2026.dbf,10,9.7850000000,0.9785000000,1.0219724067,1,False
2025-03-18,RUB_KGS,KGS,CBR,KGS_RC_F02_09_2016_T02_09_2026.dbf,10,9.6464000000,0.9646400000,1.0366561619,3,False
2025-03-19,RUB_KGS,KGS,CBR,KGS_RC_F02_09_2016_T02_09_2026.dbf,10,9.3664000000,0.9366400000,1.0676460540,1,False
2025-03-20,RUB_KGS,KGS,CBR,KGS_RC_F02_09_2016_T02_09_2026.dbf,10,9.6775000000,0.9677500000,1.0333247223,1,False
2025-03-21,RUB_KGS,KGS,CBR,KGS_RC_F02_09_2016_T02_09_2026.dbf,10,9.8243000000,0.9824300000,1.0178842258,1,False
2025-03-22,RUB_KGS,KGS,CBR,KGS_RC_F02_09_2016_T02_09_2026.dbf,10,9.8527000000,0.9852700000,1.0149502167,1,False
2025-03-25,RUB_KGS,KGS,CBR,KGS_RC_F02_09_2016_T02_09_2026.dbf,10,9.6751000000,0.9675100000,1.0335810483,3,False
2025-03-26,RUB_KGS,KGS,CBR,KGS_RC_F02_09_2016_T02_09_2026.dbf,10,9.7371000000,0.9737100000,1.0269998254,1,False
2025-03-27,RUB_KGS,KGS,CBR,KGS_RC_F02_09_2016_T02_09_2026.dbf,100,97.3974000000,0.9739740000,1.0267214525,1,False
2025-03-28,RUB_KGS,KGS,CBR,KGS_RC_F02_09_2016_T02_09_2026.dbf,100,96.9187000000,0.9691870000,1.0317926262,1,False
2025-03-29,RUB_KGS,KGS,CBR,KGS_RC_F02_09_2016_T02_09_2026.dbf,100,96.8534000000,0.9685340000,1.0324882761,1,False
2025-04-01,RUB_KGS,KGS,CBR,KGS_RC_F02_09_2016_T02_09_2026.dbf,100,98.8338000000,0.9883380000,1.0117996070,3,False
2025-04-02,RUB_KGS,KGS,CBR,KGS_RC_F02_09_2016_T02_09_2026.dbf,100,97.9316000000,0.9793160000,1.0211208639,1,False
2025-04-03,RUB_KGS,KGS,CBR,KGS_RC_F02_09_2016_T02_09_2026.dbf,100,97.4435000000,0.9744350000,1.0262357161,1,False
2025-04-04,RUB_KGS,KGS,CBR,KGS_RC_F02_09_2016_T02_09_2026.dbf,100,97.3145000000,0.9731450000,1.0275960931,1,False
2025-04-05,RUB_KGS,KGS,CBR,KGS_RC_F02_09_2016_T02_09_2026.dbf,100,97.1287000000,0.9712870000,1.0295618082,1,False
2025-04-08,RUB_KGS,KGS,CBR,KGS_RC_F02_09_2016_T02_09_2026.dbf,100,99.2588000000,0.9925880000,1.0074673480,3,False
2025-04-09,RUB_KGS,KGS,CBR,KGS_RC_F02_09_2016_T02_09_2026.dbf,100,98.1702000000,0.9817020000,1.0186390575,1,False
2025-04-10,RUB_KGS,KGS,CBR,KGS_RC_F02_09_2016_T02_09_2026.dbf,100,98.5138000000,0.9851380000,1.0150862113,1,False
2025-04-11,RUB_KGS,KGS,CBR,KGS_RC_F02_09_2016_T02_09_2026.dbf,100,97.2166000000,0.9721660000,1.0286309128,1,False
2025-04-12,RUB_KGS,KGS,CBR,KGS_RC_F02_09_2016_T02_09_2026.dbf,100,96.0595000000,0.9605950000,1.0410214502,1,False
2025-04-15,RUB_KGS,KGS,CBR,KGS_RC_F02_09_2016_T02_09_2026.dbf,100,94.6451000000,0.9464510000,1.0565787347,3,False
2025-04-16,RUB_KGS,KGS,CBR,KGS_RC_F02_09_2016_T02_09_2026.dbf,100,94.1121000000,0.9411210000,1.0625626248,1,False
2025-04-17,RUB_KGS,KGS,CBR,KGS_RC_F02_09_2016_T02_09_2026.dbf,100,94.4766000000,0.9447660000,1.0584631538,1,False
2025-04-18,RUB_KGS,KGS,CBR,KGS_RC_F02_09_2016_T02_09_2026.dbf,100,94.0235000000,0.9402350000,1.0635638963,1,False
2025-04-19,RUB_KGS,KGS,CBR,KGS_RC_F02_09_2016_T02_09_2026.dbf,100,93.1540000000,0.9315400000,1.0734912081,1,False
2025-04-22,RUB_KGS,KGS,CBR,KGS_RC_F02_09_2016_T02_09_2026.dbf,100,92.9685000000,0.9296850000,1.0756331446,3,False
2025-04-23,RUB_KGS,KGS,CBR,KGS_RC_F02_09_2016_T02_09_2026.dbf,100,93.7692000000,0.9376920000,1.0664482581,1,False
2025-04-24,RUB_KGS,KGS,CBR,KGS_RC_F02_09_2016_T02_09_2026.dbf,100,94.6791000000,0.9467910000,1.0561993090,1,False
2025-04-25,RUB_KGS,KGS,CBR,KGS_RC_F02_09_2016_T02_09_2026.dbf,100,94.8905000000,0.9489050000,1.0538462754,1,False
2025-04-26,RUB_KGS,KGS,CBR,KGS_RC_F02_09_2016_T02_09_2026.dbf,100,94.5168000000,0.9451680000,1.0580129670,1,False
2025-04-29,RUB_KGS,KGS,CBR,KGS_RC_F02_09_2016_T02_09_2026.dbf,100,94.3930000000,0.9439300000,1.0594005911,3,False
2025-04-30,RUB_KGS,KGS,CBR,KGS_RC_F02_09_2016_T02_09_2026.dbf,100,93.2666000000,0.9326660000,1.0721951910,1,False
2025-05-01,RUB_KGS,KGS,CBR,KGS_RC_F02_09_2016_T02_09_2026.dbf,100,93.1885000000,0.9318850000,1.0730937830,1,False
2025-05-06,RUB_KGS,KGS,CBR,KGS_RC_F02_09_2016_T02_09_2026.dbf,100,93.6692000000,0.9366920000,1.0675867841,5,False
2025-05-07,RUB_KGS,KGS,CBR,KGS_RC_F02_09_2016_T02_09_2026.dbf,100,92.5836000000,0.9258360000,1.0801048998,1,False
2025-05-08,RUB_KGS,KGS,CBR,KGS_RC_F02_09_2016_T02_09_2026.dbf,100,92.4656000000,0.9246560000,1.0814832759,1,False
2025-05-13,RUB_KGS,KGS,CBR,KGS_RC_F02_09_2016_T02_09_2026.dbf,100,92.4966000000,0.9249660000,1.0811208196,5,False
2025-05-14,RUB_KGS,KGS,CBR,KGS_RC_F02_09_2016_T02_09_2026.dbf,100,92.1098000000,0.9210980000,1.0856608092,1,False
2025-05-15,RUB_KGS,KGS,CBR,KGS_RC_F02_09_2016_T02_09_2026.dbf,100,91.7366000000,0.9173660000,1.0900774609,1,False
2025-05-16,RUB_KGS,KGS,CBR,KGS_RC_F02_09_2016_T02_09_2026.dbf,100,91.8392000000,0.9183920000,1.0888596591,1,False
2025-05-17,RUB_KGS,KGS,CBR,KGS_RC_F02_09_2016_T02_09_2026.dbf,100,92.3601000000,0.9236010000,1.0827186198,1,False
2025-05-20,RUB_KGS,KGS,CBR,KGS_RC_F02_09_2016_T02_09_2026.dbf,100,91.9539000000,0.9195390000,1.0875014545,3,False
2025-05-21,RUB_KGS,KGS,CBR,KGS_RC_F02_09_2016_T02_09_2026.dbf,100,91.8325000000,0.9183250000,1.0889391011,1,False
2025-05-22,RUB_KGS,KGS,CBR,KGS_RC_F02_09_2016_T02_09_2026.dbf,100,91.1984000000,0.9119840000,1.0965104651,1,False
2025-05-23,RUB_KGS,KGS,CBR,KGS_RC_F02_09_2016_T02_09_2026.dbf,100,91.1786000000,0.9117860000,1.0967485792,1,False
2025-05-24,RUB_KGS,KGS,CBR,KGS_RC_F02_09_2016_T02_09_2026.dbf,100,91.1501000000,0.9115010000,1.0970915007,1,False
2025-05-27,RUB_KGS,KGS,CBR,KGS_RC_F02_09_2016_T02_09_2026.dbf,100,91.0907000000,0.9109070000,1.0978069111,3,False
2025-05-28,RUB_KGS,KGS,CBR,KGS_RC_F02_09_2016_T02_09_2026.dbf,100,91.0436000000,0.9104360000,1.0983748446,1,False
2025-05-29,RUB_KGS,KGS,CBR,KGS_RC_F02_09_2016_T02_09_2026.dbf,100,91.0277000000,0.9102770000,1.0985667000,1,False
2025-05-30,RUB_KGS,KGS,CBR,KGS_RC_F02_09_2016_T02_09_2026.dbf,100,89.7621000000,0.8976210000,1.1140559323,1,False
2025-05-31,RUB_KGS,KGS,CBR,KGS_RC_F02_09_2016_T02_09_2026.dbf,100,89.8995000000,0.8989950000,1.1123532389,1,False
2025-06-03,RUB_KGS,KGS,CBR,KGS_RC_F02_09_2016_T02_09_2026.dbf,100,90.4843000000,0.9048430000,1.1051641003,3,False
2025-06-04,RUB_KGS,KGS,CBR,KGS_RC_F02_09_2016_T02_09_2026.dbf,100,90.1714000000,0.9017140000,1.1089990840,1,False
2025-06-05,RUB_KGS,KGS,CBR,KGS_RC_F02_09_2016_T02_09_2026.dbf,100,89.7684000000,0.8976840000,1.1139777472,1,False
2025-06-06,RUB_KGS,KGS,CBR,KGS_RC_F02_09_2016_T02_09_2026.dbf,100,90.4828000000,0.9048280000,1.1051824214,1,False
2025-06-07,RUB_KGS,KGS,CBR,KGS_RC_F02_09_2016_T02_09_2026.dbf,100,90.5321000000,0.9053210000,1.1045805852,1,False
2025-06-10,RUB_KGS,KGS,CBR,KGS_RC_F02_09_2016_T02_09_2026.dbf,100,90.5138000000,0.9051380000,1.1048039084,3,False
2025-06-11,RUB_KGS,KGS,CBR,KGS_RC_F02_09_2016_T02_09_2026.dbf,100,89.8803000000,0.8988030000,1.1125908570,1,False
2025-06-12,RUB_KGS,KGS,CBR,KGS_RC_F02_09_2016_T02_09_2026.dbf,100,90.3405000000,0.9034050000,1.1069232515,1,False
2025-06-17,RUB_KGS,KGS,CBR,KGS_RC_F02_09_2016_T02_09_2026.dbf,100,89.7732000000,0.8977320000,1.1139181849,5,False
2025-06-18,RUB_KGS,KGS,CBR,KGS_RC_F02_09_2016_T02_09_2026.dbf,100,90.0097000000,0.9000970000,1.1109913709,1,False
2025-06-19,RUB_KGS,KGS,CBR,KGS_RC_F02_09_2016_T02_09_2026.dbf,100,90.0142000000,0.9001420000,1.1109358301,1,False
2025-06-20,RUB_KGS,KGS,CBR,KGS_RC_F02_09_2016_T02_09_2026.dbf,100,89.7472000000,0.8974720000,1.1142408900,1,False
2025-06-21,RUB_KGS,KGS,CBR,KGS_RC_F02_09_2016_T02_09_2026.dbf,100,89.7674000000,0.8976740000,1.1139901568,1,False
2025-06-24,RUB_KGS,KGS,CBR,KGS_RC_F02_09_2016_T02_09_2026.dbf,100,89.5654000000,0.8956540000,1.1165025780,3,False
2025-06-25,RUB_KGS,KGS,CBR,KGS_RC_F02_09_2016_T02_09_2026.dbf,100,89.8272000000,0.8982720000,1.1132485483,1,False
2025-06-26,RUB_KGS,KGS,CBR,KGS_RC_F02_09_2016_T02_09_2026.dbf,100,89.6414000000,0.8964140000,1.1155559819,1,False
2025-06-27,RUB_KGS,KGS,CBR,KGS_RC_F02_09_2016_T02_09_2026.dbf,100,89.5990000000,0.8959900000,1.1160838849,1,False
2025-06-28,RUB_KGS,KGS,CBR,KGS_RC_F02_09_2016_T02_09_2026.dbf,100,89.7871000000,0.8978710000,1.1137457385,1,False
2025-07-01,RUB_KGS,KGS,CBR,KGS_RC_F02_09_2016_T02_09_2026.dbf,100,89.8194000000,0.8981940000,1.1133452239,3,False
2025-07-02,RUB_KGS,KGS,CBR,KGS_RC_F02_09_2016_T02_09_2026.dbf,100,89.6719000000,0.8967190000,1.1151765492,1,False
2025-07-03,RUB_KGS,KGS,CBR,KGS_RC_F02_09_2016_T02_09_2026.dbf,100,89.9417000000,0.8994170000,1.1118313307,1,False
2025-07-04,RUB_KGS,KGS,CBR,KGS_RC_F02_09_2016_T02_09_2026.dbf,100,90.0893000000,0.9008930000,1.1100097348,1,False
2025-07-05,RUB_KGS,KGS,CBR,KGS_RC_F02_09_2016_T02_09_2026.dbf,100,90.1491000000,0.9014910000,1.1092734148,1,False
2025-07-08,RUB_KGS,KGS,CBR,KGS_RC_F02_09_2016_T02_09_2026.dbf,100,90.0154000000,0.9001540000,1.1109210202,3,False
2025-07-09,RUB_KGS,KGS,CBR,KGS_RC_F02_09_2016_T02_09_2026.dbf,100,89.3862000000,0.8938620000,1.1187409242,1,False
2025-07-10,RUB_KGS,KGS,CBR,KGS_RC_F02_09_2016_T02_09_2026.dbf,100,89.3913000000,0.8939130000,1.1186770972,1,False
2025-07-11,RUB_KGS,KGS,CBR,KGS_RC_F02_09_2016_T02_09_2026.dbf,100,89.0828000000,0.8908280000,1.1225511547,1,False
2025-07-12,RUB_KGS,KGS,CBR,KGS_RC_F02_09_2016_T02_09_2026.dbf,100,89.0629000000,0.8906290000,1.1228019748,1,False
2025-07-15,RUB_KGS,KGS,CBR,KGS_RC_F02_09_2016_T02_09_2026.dbf,100,89.6264000000,0.8962640000,1.1157426830,3,False
2025-07-16,RUB_KGS,KGS,CBR,KGS_RC_F02_09_2016_T02_09_2026.dbf,100,89.1463000000,0.8914630000,1.1217515477,1,False
2025-07-17,RUB_KGS,KGS,CBR,KGS_RC_F02_09_2016_T02_09_2026.dbf,100,89.1464000000,0.8914640000,1.1217502894,1,False
2025-07-18,RUB_KGS,KGS,CBR,KGS_RC_F02_09_2016_T02_09_2026.dbf,100,89.4061000000,0.8940610000,1.1184919150,1,False
2025-07-19,RUB_KGS,KGS,CBR,KGS_RC_F02_09_2016_T02_09_2026.dbf,100,89.5516000000,0.8955160000,1.1166746323,1,False
2025-07-22,RUB_KGS,KGS,CBR,KGS_RC_F02_09_2016_T02_09_2026.dbf,100,89.5682000000,0.8956820000,1.1164676749,3,False
2025-07-23,RUB_KGS,KGS,CBR,KGS_RC_F02_09_2016_T02_09_2026.dbf,100,89.2947000000,0.8929470000,1.1198872945,1,False
2025-07-24,RUB_KGS,KGS,CBR,KGS_RC_F02_09_2016_T02_09_2026.dbf,100,89.7866000000,0.8978660000,1.1137519407,1,False
2025-07-25,RUB_KGS,KGS,CBR,KGS_RC_F02_09_2016_T02_09_2026.dbf,100,90.3320000000,0.9033200000,1.1070274100,1,False
2025-07-26,RUB_KGS,KGS,CBR,KGS_RC_F02_09_2016_T02_09_2026.dbf,100,91.1257000000,0.9112570000,1.0973852601,1,False
2025-07-29,RUB_KGS,KGS,CBR,KGS_RC_F02_09_2016_T02_09_2026.dbf,100,91.1549000000,0.9115490000,1.0970337305,3,False
2025-07-30,RUB_KGS,KGS,CBR,KGS_RC_F02_09_2016_T02_09_2026.dbf,100,94.1630000000,0.9416300000,1.0619882544,1,False
2025-07-31,RUB_KGS,KGS,CBR,KGS_RC_F02_09_2016_T02_09_2026.dbf,100,93.5788000000,0.9357880000,1.0686181058,1,False
2025-08-01,RUB_KGS,KGS,CBR,KGS_RC_F02_09_2016_T02_09_2026.dbf,100,91.8425000000,0.9184250000,1.0888205352,1,False
2025-08-02,RUB_KGS,KGS,CBR,KGS_RC_F02_09_2016_T02_09_2026.dbf,100,91.8569000000,0.9185690000,1.0886498456,1,False
2025-08-05,RUB_KGS,KGS,CBR,KGS_RC_F02_09_2016_T02_09_2026.dbf,100,91.1076000000,0.9110760000,1.0976032735,3,False
2025-08-06,RUB_KGS,KGS,CBR,KGS_RC_F02_09_2016_T02_09_2026.dbf,100,91.5369000000,0.9153690000,1.0924556108,1,False
2025-08-07,RUB_KGS,KGS,CBR,KGS_RC_F02_09_2016_T02_09_2026.dbf,100,91.6997000000,0.9169970000,1.0905161086,1,False
2025-08-08,RUB_KGS,KGS,CBR,KGS_RC_F02_09_2016_T02_09_2026.dbf,100,90.7772000000,0.9077720000,1.1015981987,1,False
2025-08-09,RUB_KGS,KGS,CBR,KGS_RC_F02_09_2016_T02_09_2026.dbf,100,91.2288000000,0.9122880000,1.0961450770,1,False
2025-08-12,RUB_KGS,KGS,CBR,KGS_RC_F02_09_2016_T02_09_2026.dbf,100,91.1235000000,0.9112350000,1.0974117544,3,False
2025-08-13,RUB_KGS,KGS,CBR,KGS_RC_F02_09_2016_T02_09_2026.dbf,100,91.4384000000,0.9143840000,1.0936324345,1,False
2025-08-14,RUB_KGS,KGS,CBR,KGS_RC_F02_09_2016_T02_09_2026.dbf,100,91.1313000000,0.9113130000,1.0973178260,1,False
2025-08-15,RUB_KGS,KGS,CBR,KGS_RC_F02_09_2016_T02_09_2026.dbf,100,91.2868000000,0.9128680000,1.0954486300,1,False
2025-08-16,RUB_KGS,KGS,CBR,KGS_RC_F02_09_2016_T02_09_2026.dbf,100,91.5211000000,0.9152110000,1.0926442099,1,False
2025-08-19,RUB_KGS,KGS,CBR,KGS_RC_F02_09_2016_T02_09_2026.dbf,100,91.9675000000,0.9196750000,1.0873406366,3,False
2025-08-20,RUB_KGS,KGS,CBR,KGS_RC_F02_09_2016_T02_09_2026.dbf,100,91.8772000000,0.9187720000,1.0884093116,1,False
2025-08-21,RUB_KGS,KGS,CBR,KGS_RC_F02_09_2016_T02_09_2026.dbf,100,91.6084000000,0.9160840000,1.0916029534,1,False
2025-08-22,RUB_KGS,KGS,CBR,KGS_RC_F02_09_2016_T02_09_2026.dbf,100,91.7743000000,0.9177430000,1.0896296676,1,False
2025-08-23,RUB_KGS,KGS,CBR,KGS_RC_F02_09_2016_T02_09_2026.dbf,100,92.3621000000,0.9236210000,1.0826951748,1,False
2025-08-26,RUB_KGS,KGS,CBR,KGS_RC_F02_09_2016_T02_09_2026.dbf,100,92.3471000000,0.9234710000,1.0828710376,3,False
2025-08-27,RUB_KGS,KGS,CBR,KGS_RC_F02_09_2016_T02_09_2026.dbf,100,92.1887000000,0.9218870000,1.0847316428,1,False
2025-08-28,RUB_KGS,KGS,CBR,KGS_RC_F02_09_2016_T02_09_2026.dbf,100,92.0917000000,0.9209170000,1.0858741884,1,False
2025-08-29,RUB_KGS,KGS,CBR,KGS_RC_F02_09_2016_T02_09_2026.dbf,100,91.9130000000,0.9191300000,1.0879853775,1,False
2025-08-30,RUB_KGS,KGS,CBR,KGS_RC_F02_09_2016_T02_09_2026.dbf,100,91.9217000000,0.9192170000,1.0878824043,1,False
2025-09-02,RUB_KGS,KGS,CBR,KGS_RC_F02_09_2016_T02_09_2026.dbf,100,92.0330000000,0.9203300000,1.0865667750,3,False
2025-09-03,RUB_KGS,KGS,CBR,KGS_RC_F02_09_2016_T02_09_2026.dbf,100,92.2325000000,0.9223250000,1.0842165180,1,False
2025-09-04,RUB_KGS,KGS,CBR,KGS_RC_F02_09_2016_T02_09_2026.dbf,100,92.4652000000,0.9246520000,1.0814879544,1,False
2025-09-05,RUB_KGS,KGS,CBR,KGS_RC_F02_09_2016_T02_09_2026.dbf,100,92.9648000000,0.9296480000,1.0756759548,1,False
2025-09-06,RUB_KGS,KGS,CBR,KGS_RC_F02_09_2016_T02_09_2026.dbf,100,93.2597000000,0.9325970000,1.0722745194,1,False
2025-09-09,RUB_KGS,KGS,CBR,KGS_RC_F02_09_2016_T02_09_2026.dbf,100,94.1563000000,0.9415630000,1.0620638237,3,False
2025-09-10,RUB_KGS,KGS,CBR,KGS_RC_F02_09_2016_T02_09_2026.dbf,100,95.1887000000,0.9518870000,1.0505448651,1,False
2025-09-11,RUB_KGS,KGS,CBR,KGS_RC_F02_09_2016_T02_09_2026.dbf,100,97.1082000000,0.9710820000,1.0297791536,1,False
2025-09-12,RUB_KGS,KGS,CBR,KGS_RC_F02_09_2016_T02_09_2026.dbf,100,97.9585000000,0.9795850000,1.0208404579,1,False
2025-09-13,RUB_KGS,KGS,CBR,KGS_RC_F02_09_2016_T02_09_2026.dbf,100,96.4892000000,0.9648920000,1.0363854193,1,False
2025-09-16,RUB_KGS,KGS,CBR,KGS_RC_F02_09_2016_T02_09_2026.dbf,100,94.9935000000,0.9499350000,1.0527036060,3,False
2025-09-17,RUB_KGS,KGS,CBR,KGS_RC_F02_09_2016_T02_09_2026.dbf,100,94.7252000000,0.9472520000,1.0556852875,1,False
2025-09-18,RUB_KGS,KGS,CBR,KGS_RC_F02_09_2016_T02_09_2026.dbf,100,94.9099000000,0.9490990000,1.0536308646,1,False
2025-09-19,RUB_KGS,KGS,CBR,KGS_RC_F02_09_2016_T02_09_2026.dbf,100,95.1086000000,0.9510860000,1.0514296289,1,False
2025-09-20,RUB_KGS,KGS,CBR,KGS_RC_F02_09_2016_T02_09_2026.dbf,100,95.5865000000,0.9558650000,1.0461728382,1,False
2025-09-23,RUB_KGS,KGS,CBR,KGS_RC_F02_09_2016_T02_09_2026.dbf,100,96.0762000000,0.9607620000,1.0408404995,3,False
2025-09-24,RUB_KGS,KGS,CBR,KGS_RC_F02_09_2016_T02_09_2026.dbf,100,95.3123000000,0.9531230000,1.0491825294,1,False
2025-09-25,RUB_KGS,KGS,CBR,KGS_RC_F02_09_2016_T02_09_2026.dbf,100,96.0451000000,0.9604510000,1.0411775301,1,False
2025-09-26,RUB_KGS,KGS,CBR,KGS_RC_F02_09_2016_T02_09_2026.dbf,100,95.6054000000,0.9560540000,1.0459660228,1,False
2025-09-27,RUB_KGS,KGS,CBR,KGS_RC_F02_09_2016_T02_09_2026.dbf,100,95.6110000000,0.9561100000,1.0459047599,1,False
2025-09-30,RUB_KGS,KGS,CBR,KGS_RC_F02_09_2016_T02_09_2026.dbf,100,94.8121000000,0.9481210000,1.0547176995,3,False
2025-10-01,RUB_KGS,KGS,CBR,KGS_RC_F02_09_2016_T02_09_2026.dbf,100,94.5072000000,0.9450720000,1.0581204395,1,False
2025-10-02,RUB_KGS,KGS,CBR,KGS_RC_F02_09_2016_T02_09_2026.dbf,100,93.1923000000,0.9319230000,1.0730500267,1,False
2025-10-03,RUB_KGS,KGS,CBR,KGS_RC_F02_09_2016_T02_09_2026.dbf,100,92.6341000000,0.9263410000,1.0795160745,1,False
2025-10-04,RUB_KGS,KGS,CBR,KGS_RC_F02_09_2016_T02_09_2026.dbf,100,93.6611000000,0.9366110000,1.0676791112,1,False
2025-10-07,RUB_KGS,KGS,CBR,KGS_RC_F02_09_2016_T02_09_2026.dbf,100,94.9114000000,0.9491140000,1.0536142128,3,False
2025-10-08,RUB_KGS,KGS,CBR,KGS_RC_F02_09_2016_T02_09_2026.dbf,100,93.6934000000,0.9369340000,1.0673110379,1,False
2025-10-09,RUB_KGS,KGS,CBR,KGS_RC_F02_09_2016_T02_09_2026.dbf,100,93.2508000000,0.9325080000,1.0723768590,1,False
2025-10-10,RUB_KGS,KGS,CBR,KGS_RC_F02_09_2016_T02_09_2026.dbf,100,93.0966000000,0.9309660000,1.0741530840,1,False
2025-10-11,RUB_KGS,KGS,CBR,KGS_RC_F02_09_2016_T02_09_2026.dbf,100,92.8414000000,0.9284140000,1.0771056878,1,False
2025-10-14,RUB_KGS,KGS,CBR,KGS_RC_F02_09_2016_T02_09_2026.dbf,100,92.4583000000,0.9245830000,1.0815686639,3,False
2025-10-15,RUB_KGS,KGS,CBR,KGS_RC_F02_09_2016_T02_09_2026.dbf,100,91.4338000000,0.9143380000,1.0936874547,1,False
2025-10-16,RUB_KGS,KGS,CBR,KGS_RC_F02_09_2016_T02_09_2026.dbf,100,90.1532000000,0.9015320000,1.1092229671,1,False
2025-10-17,RUB_KGS,KGS,CBR,KGS_RC_F02_09_2016_T02_09_2026.dbf,100,90.4333000000,0.9043330000,1.1057873593,1,False
2025-10-18,RUB_KGS,KGS,CBR,KGS_RC_F02_09_2016_T02_09_2026.dbf,100,92.6054000000,0.9260540000,1.0798506351,1,False
2025-10-21,RUB_KGS,KGS,CBR,KGS_RC_F02_09_2016_T02_09_2026.dbf,100,93.0340000000,0.9303400000,1.0748758518,3,False
2025-10-22,RUB_KGS,KGS,CBR,KGS_RC_F02_09_2016_T02_09_2026.dbf,100,93.0217000000,0.9302170000,1.0750179797,1,False
2025-10-23,RUB_KGS,KGS,CBR,KGS_RC_F02_09_2016_T02_09_2026.dbf,100,93.3732000000,0.9337320000,1.0709711138,1,False
2025-10-24,RUB_KGS,KGS,CBR,KGS_RC_F02_09_2016_T02_09_2026.dbf,100,92.9320000000,0.9293200000,1.0760556106,1,False
2025-10-25,RUB_KGS,KGS,CBR,KGS_RC_F02_09_2016_T02_09_2026.dbf,100,92.5915000000,0.9259150000,1.0800127442,1,False
2025-10-28,RUB_KGS,KGS,CBR,KGS_RC_F02_09_2016_T02_09_2026.dbf,100,90.3200000000,0.9032000000,1.1071744907,3,False
2025-10-29,RUB_KGS,KGS,CBR,KGS_RC_F02_09_2016_T02_09_2026.dbf,100,91.2720000000,0.9127200000,1.0956262600,1,False
2025-10-30,RUB_KGS,KGS,CBR,KGS_RC_F02_09_2016_T02_09_2026.dbf,100,90.8765000000,0.9087650000,1.1003944914,1,False
2025-10-31,RUB_KGS,KGS,CBR,KGS_RC_F02_09_2016_T02_09_2026.dbf,100,92.0568000000,0.9205680000,1.0862858583,1,False
2025-11-01,RUB_KGS,KGS,CBR,KGS_RC_F02_09_2016_T02_09_2026.dbf,100,92.5965000000,0.9259650000,1.0799544259,1,False
2025-11-02,RUB_KGS,KGS,CBR,KGS_RC_F02_09_2016_T02_09_2026.dbf,100,92.4941000000,0.9249410000,1.0811500409,1,False
2025-11-06,RUB_KGS,KGS,CBR,KGS_RC_F02_09_2016_T02_09_2026.dbf,100,92.8399000000,0.9283990000,1.0771230904,4,False
2025-11-07,RUB_KGS,KGS,CBR,KGS_RC_F02_09_2016_T02_09_2026.dbf,100,93.0549000000,0.9305490000,1.0746344362,1,False
2025-11-08,RUB_KGS,KGS,CBR,KGS_RC_F02_09_2016_T02_09_2026.dbf,100,92.8824000000,0.9288240000,1.0766302335,1,False
2025-11-11,RUB_KGS,KGS,CBR,KGS_RC_F02_09_2016_T02_09_2026.dbf,100,92.6395000000,0.9263950000,1.0794531490,3,False
2025-11-12,RUB_KGS,KGS,CBR,KGS_RC_F02_09_2016_T02_09_2026.dbf,100,93.0317000000,0.9303170000,1.0749024257,1,False
2025-11-13,RUB_KGS,KGS,CBR,KGS_RC_F02_09_2016_T02_09_2026.dbf,100,92.9505000000,0.9295050000,1.0758414425,1,False
2025-11-14,RUB_KGS,KGS,CBR,KGS_RC_F02_09_2016_T02_09_2026.dbf,100,92.1681000000,0.9216810000,1.0849740854,1,False
2025-11-15,RUB_KGS,KGS,CBR,KGS_RC_F02_09_2016_T02_09_2026.dbf,100,92.7703000000,0.9277030000,1.0779311913,1,False
2025-11-18,RUB_KGS,KGS,CBR,KGS_RC_F02_09_2016_T02_09_2026.dbf,100,92.7732000000,0.9277320000,1.0778974963,3,False
2025-11-19,RUB_KGS,KGS,CBR,KGS_RC_F02_09_2016_T02_09_2026.dbf,100,92.6882000000,0.9268820000,1.0788859855,1,False
2025-11-20,RUB_KGS,KGS,CBR,KGS_RC_F02_09_2016_T02_09_2026.dbf,100,92.5612000000,0.9256120000,1.0803662874,1,False
2025-11-21,RUB_KGS,KGS,CBR,KGS_RC_F02_09_2016_T02_09_2026.dbf,100,92.3180000000,0.9231800000,1.0832123746,1,False
2025-11-22,RUB_KGS,KGS,CBR,KGS_RC_F02_09_2016_T02_09_2026.dbf,100,90.3655000000,0.9036550000,1.1066170164,1,False
2025-11-25,RUB_KGS,KGS,CBR,KGS_RC_F02_09_2016_T02_09_2026.dbf,100,90.2461000000,0.9024610000,1.1080811248,3,False
2025-11-26,RUB_KGS,KGS,CBR,KGS_RC_F02_09_2016_T02_09_2026.dbf,100,90.2933000000,0.9029330000,1.1075018855,1,False
2025-11-27,RUB_KGS,KGS,CBR,KGS_RC_F02_09_2016_T02_09_2026.dbf,100,89.8732000000,0.8987320000,1.1126787518,1,False
2025-11-28,RUB_KGS,KGS,CBR,KGS_RC_F02_09_2016_T02_09_2026.dbf,100,89.4800000000,0.8948000000,1.1175681717,1,False
2025-11-29,RUB_KGS,KGS,CBR,KGS_RC_F02_09_2016_T02_09_2026.dbf,100,89.4550000000,0.8945500000,1.1178804986,1,False
2025-12-02,RUB_KGS,KGS,CBR,KGS_RC_F02_09_2016_T02_09_2026.dbf,100,88.8539000000,0.8885390000,1.1254430025,3,False
2025-12-03,RUB_KGS,KGS,CBR,KGS_RC_F02_09_2016_T02_09_2026.dbf,100,88.5799000000,0.8857990000,1.1289242819,1,False
2025-12-04,RUB_KGS,KGS,CBR,KGS_RC_F02_09_2016_T02_09_2026.dbf,100,89.1431000000,0.8914310000,1.1217918156,1,False
2025-12-05,RUB_KGS,KGS,CBR,KGS_RC_F02_09_2016_T02_09_2026.dbf,100,88.0169000000,0.8801690000,1.1361454448,1,False
2025-12-06,RUB_KGS,KGS,CBR,KGS_RC_F02_09_2016_T02_09_2026.dbf,100,87.0140000000,0.8701400000,1.1492403521,1,False
2025-12-09,RUB_KGS,KGS,CBR,KGS_RC_F02_09_2016_T02_09_2026.dbf,100,88.3628000000,0.8836280000,1.1316979543,3,False
2025-12-10,RUB_KGS,KGS,CBR,KGS_RC_F02_09_2016_T02_09_2026.dbf,100,87.8312000000,0.8783120000,1.1385475776,1,False
2025-12-11,RUB_KGS,KGS,CBR,KGS_RC_F02_09_2016_T02_09_2026.dbf,100,89.0792000000,0.8907920000,1.1225965208,1,False
2025-12-12,RUB_KGS,KGS,CBR,KGS_RC_F02_09_2016_T02_09_2026.dbf,100,90.7259000000,0.9072590000,1.1022210857,1,False
2025-12-13,RUB_KGS,KGS,CBR,KGS_RC_F02_09_2016_T02_09_2026.dbf,100,91.1716000000,0.9117160000,1.0968327856,1,False
2025-12-16,RUB_KGS,KGS,CBR,KGS_RC_F02_09_2016_T02_09_2026.dbf,100,90.8513000000,0.9085130000,1.1006997148,3,False
2025-12-17,RUB_KGS,KGS,CBR,KGS_RC_F02_09_2016_T02_09_2026.dbf,100,90.8293000000,0.9082930000,1.1009663181,1,False
2025-12-18,RUB_KGS,KGS,CBR,KGS_RC_F02_09_2016_T02_09_2026.dbf,100,91.9162000000,0.9191620000,1.0879475000,1,False
2025-12-19,RUB_KGS,KGS,CBR,KGS_RC_F02_09_2016_T02_09_2026.dbf,100,91.5153000000,0.9151530000,1.0927134588,1,False
2025-12-20,RUB_KGS,KGS,CBR,KGS_RC_F02_09_2016_T02_09_2026.dbf,100,92.3065000000,0.9230650000,1.0833473266,1,False
2025-12-23,RUB_KGS,KGS,CBR,KGS_RC_F02_09_2016_T02_09_2026.dbf,100,90.6971000000,0.9069710000,1.1025710855,3,False
2025-12-24,RUB_KGS,KGS,CBR,KGS_RC_F02_09_2016_T02_09_2026.dbf,100,89.8628000000,0.8986280000,1.1128075244,1,False
2025-12-25,RUB_KGS,KGS,CBR,KGS_RC_F02_09_2016_T02_09_2026.dbf,100,89.6933000000,0.8969330000,1.1149104783,1,False
2025-12-26,RUB_KGS,KGS,CBR,KGS_RC_F02_09_2016_T02_09_2026.dbf,100,89.0616000000,0.8906160000,1.1228183639,1,False
2025-12-27,RUB_KGS,KGS,CBR,KGS_RC_F02_09_2016_T02_09_2026.dbf,100,88.8674000000,0.8886740000,1.1252720345,1,False
2025-12-30,RUB_KGS,KGS,CBR,KGS_RC_F02_09_2016_T02_09_2026.dbf,100,88.6000000000,0.8860000000,1.1286681716,3,False
2025-12-31,RUB_KGS,KGS,CBR,KGS_RC_F02_09_2016_T02_09_2026.dbf,100,89.4861000000,0.8948610000,1.1174919904,1,False
2026-01-13,RUB_KGS,KGS,CBR,KGS_RC_F02_09_2016_T02_09_2026.dbf,100,90.0987000000,0.9009870000,1.1098939274,13,False
2026-01-14,RUB_KGS,KGS,CBR,KGS_RC_F02_09_2016_T02_09_2026.dbf,100,90.1699000000,0.9016990000,1.1090175325,1,False
2026-01-15,RUB_KGS,KGS,CBR,KGS_RC_F02_09_2016_T02_09_2026.dbf,100,89.8486000000,0.8984860000,1.1129833965,1,False
2026-01-16,RUB_KGS,KGS,CBR,KGS_RC_F02_09_2016_T02_09_2026.dbf,100,89.7987000000,0.8979870000,1.1136018673,1,False
2026-01-17,RUB_KGS,KGS,CBR,KGS_RC_F02_09_2016_T02_09_2026.dbf,100,89.0031000000,0.8900310000,1.1235563705,1,False
2026-01-20,RUB_KGS,KGS,CBR,KGS_RC_F02_09_2016_T02_09_2026.dbf,100,88.9178000000,0.8891780000,1.1246342127,3,False
2026-01-21,RUB_KGS,KGS,CBR,KGS_RC_F02_09_2016_T02_09_2026.dbf,100,88.9934000000,0.8899340000,1.1236788346,1,False
2026-01-22,RUB_KGS,KGS,CBR,KGS_RC_F02_09_2016_T02_09_2026.dbf,100,88.6403000000,0.8864030000,1.1281550266,1,False
2026-01-23,RUB_KGS,KGS,CBR,KGS_RC_F02_09_2016_T02_09_2026.dbf,100,86.9505000000,0.8695050000,1.1500796430,1,False
2026-01-24,RUB_KGS,KGS,CBR,KGS_RC_F02_09_2016_T02_09_2026.dbf,100,86.8210000000,0.8682100000,1.1517950726,1,False
2026-01-27,RUB_KGS,KGS,CBR,KGS_RC_F02_09_2016_T02_09_2026.dbf,100,86.9184000000,0.8691840000,1.1505043811,3,False
2026-01-28,RUB_KGS,KGS,CBR,KGS_RC_F02_09_2016_T02_09_2026.dbf,100,87.5389000000,0.8753890000,1.1423492870,1,False
2026-01-29,RUB_KGS,KGS,CBR,KGS_RC_F02_09_2016_T02_09_2026.dbf,100,87.2112000000,0.8721120000,1.1466417157,1,False
2026-01-30,RUB_KGS,KGS,CBR,KGS_RC_F02_09_2016_T02_09_2026.dbf,100,86.9355000000,0.8693550000,1.1502780797,1,False
2026-01-31,RUB_KGS,KGS,CBR,KGS_RC_F02_09_2016_T02_09_2026.dbf,100,86.6011000000,0.8660110000,1.1547197437,1,False
2026-02-03,RUB_KGS,KGS,CBR,KGS_RC_F02_09_2016_T02_09_2026.dbf,100,88.0758000000,0.8807580000,1.1353856564,3,False
2026-02-04,RUB_KGS,KGS,CBR,KGS_RC_F02_09_2016_T02_09_2026.dbf,100,88.0294000000,0.8802940000,1.1359841144,1,False
2026-02-05,RUB_KGS,KGS,CBR,KGS_RC_F02_09_2016_T02_09_2026.dbf,100,87.9476000000,0.8794760000,1.1370406924,1,False
2026-02-06,RUB_KGS,KGS,CBR,KGS_RC_F02_09_2016_T02_09_2026.dbf,100,87.5384000000,0.8753840000,1.1423558118,1,False
2026-02-07,RUB_KGS,KGS,CBR,KGS_RC_F02_09_2016_T02_09_2026.dbf,100,88.1121000000,0.8811210000,1.1349179057,1,False
2026-02-10,RUB_KGS,KGS,CBR,KGS_RC_F02_09_2016_T02_09_2026.dbf,100,88.7938000000,0.8879380000,1.1262047575,3,False
2026-02-11,RUB_KGS,KGS,CBR,KGS_RC_F02_09_2016_T02_09_2026.dbf,100,88.2894000000,0.8828940000,1.1326387992,1,False
2026-02-12,RUB_KGS,KGS,CBR,KGS_RC_F02_09_2016_T02_09_2026.dbf,100,88.5818000000,0.8858180000,1.1289000675,1,False
2026-02-13,RUB_KGS,KGS,CBR,KGS_RC_F02_09_2016_T02_09_2026.dbf,100,88.2653000000,0.8826530000,1.1329480555,1,False
2026-02-14,RUB_KGS,KGS,CBR,KGS_RC_F02_09_2016_T02_09_2026.dbf,100,88.2726000000,0.8827260000,1.1328543625,1,False
2026-02-17,RUB_KGS,KGS,CBR,KGS_RC_F02_09_2016_T02_09_2026.dbf,100,87.6159000000,0.8761590000,1.1413453494,3,False
2026-02-18,RUB_KGS,KGS,CBR,KGS_RC_F02_09_2016_T02_09_2026.dbf,100,87.7517000000,0.8775170000,1.1395790623,1,False
2026-02-19,RUB_KGS,KGS,CBR,KGS_RC_F02_09_2016_T02_09_2026.dbf,100,87.0811000000,0.8708110000,1.1483548095,1,False
2026-02-20,RUB_KGS,KGS,CBR,KGS_RC_F02_09_2016_T02_09_2026.dbf,100,87.6392000000,0.8763920000,1.1410419082,1,False
2026-02-21,RUB_KGS,KGS,CBR,KGS_RC_F02_09_2016_T02_09_2026.dbf,100,87.7666000000,0.8776660000,1.1393855977,1,False
2026-02-25,RUB_KGS,KGS,CBR,KGS_RC_F02_09_2016_T02_09_2026.dbf,100,87.6320000000,0.8763200000,1.1411356582,4,False
2026-02-26,RUB_KGS,KGS,CBR,KGS_RC_F02_09_2016_T02_09_2026.dbf,100,87.4417000000,0.8744170000,1.1436191199,1,False
2026-02-27,RUB_KGS,KGS,CBR,KGS_RC_F02_09_2016_T02_09_2026.dbf,100,88.1896000000,0.8818960000,1.1339205530,1,False
2026-02-28,RUB_KGS,KGS,CBR,KGS_RC_F02_09_2016_T02_09_2026.dbf,100,88.3632000000,0.8836320000,1.1316928314,1,False
2026-03-03,RUB_KGS,KGS,CBR,KGS_RC_F02_09_2016_T02_09_2026.dbf,100,88.2534000000,0.8825340000,1.1331008210,3,False
2026-03-04,RUB_KGS,KGS,CBR,KGS_RC_F02_09_2016_T02_09_2026.dbf,100,88.7476000000,0.8874760000,1.1267910343,1,False
2026-03-05,RUB_KGS,KGS,CBR,KGS_RC_F02_09_2016_T02_09_2026.dbf,100,88.9662000000,0.8896620000,1.1240223815,1,False
2026-03-06,RUB_KGS,KGS,CBR,KGS_RC_F02_09_2016_T02_09_2026.dbf,100,89.4178000000,0.8941780000,1.1183455643,1,False
2026-03-07,RUB_KGS,KGS,CBR,KGS_RC_F02_09_2016_T02_09_2026.dbf,100,90.5089000000,0.9050890000,1.1048637206,1,False
2026-03-11,RUB_KGS,KGS,CBR,KGS_RC_F02_09_2016_T02_09_2026.dbf,100,90.0396000000,0.9003960000,1.1106224372,4,False
2026-03-12,RUB_KGS,KGS,CBR,KGS_RC_F02_09_2016_T02_09_2026.dbf,100,90.4151000000,0.9041510000,1.1060099475,1,False
2026-03-13,RUB_KGS,KGS,CBR,KGS_RC_F02_09_2016_T02_09_2026.dbf,100,90.4141000000,0.9041410000,1.1060221802,1,False
2026-03-14,RUB_KGS,KGS,CBR,KGS_RC_F02_09_2016_T02_09_2026.dbf,100,91.7389000000,0.9173890000,1.0900501314,1,False
2026-03-17,RUB_KGS,KGS,CBR,KGS_RC_F02_09_2016_T02_09_2026.dbf,100,92.6835000000,0.9268350000,1.0789406960,3,False
2026-03-18,RUB_KGS,KGS,CBR,KGS_RC_F02_09_2016_T02_09_2026.dbf,100,93.6653000000,0.9366530000,1.0676312359,1,False
2026-03-19,RUB_KGS,KGS,CBR,KGS_RC_F02_09_2016_T02_09_2026.dbf,100,95.0553000000,0.9505530000,1.0520191930,1,False
2026-03-20,RUB_KGS,KGS,CBR,KGS_RC_F02_09_2016_T02_09_2026.dbf,100,97.0154000000,0.9701540000,1.0307641880,1,False
2026-03-21,RUB_KGS,KGS,CBR,KGS_RC_F02_09_2016_T02_09_2026.dbf,100,96.0551000000,0.9605510000,1.0410691364,1,False
2026-03-24,RUB_KGS,KGS,CBR,KGS_RC_F02_09_2016_T02_09_2026.dbf,100,93.6264000000,0.9362640000,1.0680748165,3,False
2026-03-25,RUB_KGS,KGS,CBR,KGS_RC_F02_09_2016_T02_09_2026.dbf,100,92.5807000000,0.9258070000,1.0801387330,1,False
2026-03-26,RUB_KGS,KGS,CBR,KGS_RC_F02_09_2016_T02_09_2026.dbf,100,92.3041000000,0.9230410000,1.0833754947,1,False
2026-03-27,RUB_KGS,KGS,CBR,KGS_RC_F02_09_2016_T02_09_2026.dbf,100,93.9181000000,0.9391810000,1.0647574855,1,False
2026-03-28,RUB_KGS,KGS,CBR,KGS_RC_F02_09_2016_T02_09_2026.dbf,100,92.7894000000,0.9278940000,1.0777093073,1,False
2026-03-31,RUB_KGS,KGS,CBR,KGS_RC_F02_09_2016_T02_09_2026.dbf,100,92.9623000000,0.9296230000,1.0757048825,3,False
2026-04-01,RUB_KGS,KGS,CBR,KGS_RC_F02_09_2016_T02_09_2026.dbf,100,92.9107000000,0.9291070000,1.0763022989,1,False
2026-04-02,RUB_KGS,KGS,CBR,KGS_RC_F02_09_2016_T02_09_2026.dbf,100,92.1937000000,0.9219370000,1.0846728139,1,False
2026-04-03,RUB_KGS,KGS,CBR,KGS_RC_F02_09_2016_T02_09_2026.dbf,100,91.8631000000,0.9186310000,1.0885763707,1,False
2026-04-04,RUB_KGS,KGS,CBR,KGS_RC_F02_09_2016_T02_09_2026.dbf,100,91.1713000000,0.9117130000,1.0968363948,1,False
2026-04-07,RUB_KGS,KGS,CBR,KGS_RC_F02_09_2016_T02_09_2026.dbf,100,90.0260000000,0.9002600000,1.1107902162,3,False
2026-04-08,RUB_KGS,KGS,CBR,KGS_RC_F02_09_2016_T02_09_2026.dbf,100,90.0510000000,0.9005100000,1.1104818381,1,False
2026-04-09,RUB_KGS,KGS,CBR,KGS_RC_F02_09_2016_T02_09_2026.dbf,100,89.5418000000,0.8954180000,1.1167968480,1,False
2026-04-10,RUB_KGS,KGS,CBR,KGS_RC_F02_09_2016_T02_09_2026.dbf,100,89.0085000000,0.8900850000,1.1234882062,1,False
2026-04-11,RUB_KGS,KGS,CBR,KGS_RC_F02_09_2016_T02_09_2026.dbf,100,88.0188000000,0.8801880000,1.1361209196,1,False
2026-04-14,RUB_KGS,KGS,CBR,KGS_RC_F02_09_2016_T02_09_2026.dbf,100,87.1914000000,0.8719140000,1.1469021027,3,False
2026-04-15,RUB_KGS,KGS,CBR,KGS_RC_F02_09_2016_T02_09_2026.dbf,100,86.7389000000,0.8673890000,1.1528852683,1,False
2026-04-16,RUB_KGS,KGS,CBR,KGS_RC_F02_09_2016_T02_09_2026.dbf,100,86.0316000000,0.8603160000,1.1623635966,1,False
2026-04-17,RUB_KGS,KGS,CBR,KGS_RC_F02_09_2016_T02_09_2026.dbf,100,87.0053000000,0.8700530000,1.1493552692,1,False
2026-04-18,RUB_KGS,KGS,CBR,KGS_RC_F02_09_2016_T02_09_2026.dbf,100,86.9680000000,0.8696800000,1.1498482200,1,False
2026-04-21,RUB_KGS,KGS,CBR,KGS_RC_F02_09_2016_T02_09_2026.dbf,100,86.0343000000,0.8603430000,1.1623271184,3,False
2026-04-22,RUB_KGS,KGS,CBR,KGS_RC_F02_09_2016_T02_09_2026.dbf,100,85.2956000000,0.8529560000,1.1723934177,1,False
2026-04-23,RUB_KGS,KGS,CBR,KGS_RC_F02_09_2016_T02_09_2026.dbf,100,85.7849000000,0.8578490000,1.1657063189,1,False
2026-04-24,RUB_KGS,KGS,CBR,KGS_RC_F02_09_2016_T02_09_2026.dbf,100,85.6085000000,0.8560850000,1.1681083070,1,False
2026-04-25,RUB_KGS,KGS,CBR,KGS_RC_F02_09_2016_T02_09_2026.dbf,100,86.4125000000,0.8641250000,1.1572399826,1,False
2026-04-28,RUB_KGS,KGS,CBR,KGS_RC_F02_09_2016_T02_09_2026.dbf,100,85.5627000000,0.8556270000,1.1687335720,3,False
2026-04-29,RUB_KGS,KGS,CBR,KGS_RC_F02_09_2016_T02_09_2026.dbf,100,85.4341000000,0.8543410000,1.1704928126,1,False
2026-04-30,RUB_KGS,KGS,CBR,KGS_RC_F02_09_2016_T02_09_2026.dbf,100,85.6470000000,0.8564700000,1.1675832195,1,False
2026-05-01,RUB_KGS,KGS,CBR,KGS_RC_F02_09_2016_T02_09_2026.dbf,100,85.5651000000,0.8556510000,1.1687007904,1,False
2026-05-05,RUB_KGS,KGS,CBR,KGS_RC_F02_09_2016_T02_09_2026.dbf,100,86.2942000000,0.8629420000,1.1588264333,4,False
2026-05-06,RUB_KGS,KGS,CBR,KGS_RC_F02_09_2016_T02_09_2026.dbf,100,86.1866000000,0.8618660000,1.1602731747,1,False
2026-05-07,RUB_KGS,KGS,CBR,KGS_RC_F02_09_2016_T02_09_2026.dbf,100,86.0492000000,0.8604920000,1.1621258536,1,False
2026-05-08,RUB_KGS,KGS,CBR,KGS_RC_F02_09_2016_T02_09_2026.dbf,100,85.3586000000,0.8535860000,1.1715281178,1,False
2026-05-09,RUB_KGS,KGS,CBR,KGS_RC_F02_09_2016_T02_09_2026.dbf,100,84.9873000000,0.8498730000,1.1766463930,1,False
2026-05-13,RUB_KGS,KGS,CBR,KGS_RC_F02_09_2016_T02_09_2026.dbf,100,84.3771000000,0.8437710000,1.1851556880,4,False
2026-05-14,RUB_KGS,KGS,CBR,KGS_RC_F02_09_2016_T02_09_2026.dbf,100,83.8674000000,0.8386740000,1.1923584134,1,False
2026-05-15,RUB_KGS,KGS,CBR,KGS_RC_F02_09_2016_T02_09_2026.dbf,100,83.6346000000,0.8363460000,1.1956773871,1,False
2026-05-16,RUB_KGS,KGS,CBR,KGS_RC_F02_09_2016_T02_09_2026.dbf,100,83.6221000000,0.8362210000,1.1958561194,1,False
2026-05-19,RUB_KGS,KGS,CBR,KGS_RC_F02_09_2016_T02_09_2026.dbf,100,82.7326000000,0.8273260000,1.2087133730,3,False
2026-05-20,RUB_KGS,KGS,CBR,KGS_RC_F02_09_2016_T02_09_2026.dbf,100,81.5238000000,0.8152380000,1.2266356573,1,False
2026-05-21,RUB_KGS,KGS,CBR,KGS_RC_F02_09_2016_T02_09_2026.dbf,100,81.1331000000,0.8113310000,1.2325425751,1,False
2026-05-22,RUB_KGS,KGS,CBR,KGS_RC_F02_09_2016_T02_09_2026.dbf,100,80.9493000000,0.8094930000,1.2353411333,1,False
2026-05-23,RUB_KGS,KGS,CBR,KGS_RC_F02_09_2016_T02_09_2026.dbf,100,81.4282000000,0.8142820000,1.2280757772,1,False
2026-05-26,RUB_KGS,KGS,CBR,KGS_RC_F02_09_2016_T02_09_2026.dbf,100,81.8136000000,0.8181360000,1.2222906705,3,False
2026-05-27,RUB_KGS,KGS,CBR,KGS_RC_F02_09_2016_T02_09_2026.dbf,100,81.9531000000,0.8195310000,1.2202100958,1,False
2026-05-28,RUB_KGS,KGS,CBR,KGS_RC_F02_09_2016_T02_09_2026.dbf,100,81.0763000000,0.8107630000,1.2334060632,1,False
2026-05-29,RUB_KGS,KGS,CBR,KGS_RC_F02_09_2016_T02_09_2026.dbf,100,81.6141000000,0.8161410000,1.2252784752,1,False
2026-05-30,RUB_KGS,KGS,CBR,KGS_RC_F02_09_2016_T02_09_2026.dbf,100,81.2149000000,0.8121490000,1.2313011529,1,False
2026-06-02,RUB_KGS,KGS,CBR,KGS_RC_F02_09_2016_T02_09_2026.dbf,100,81.8218000000,0.8182180000,1.2221681752,3,False
2026-06-03,RUB_KGS,KGS,CBR,KGS_RC_F02_09_2016_T02_09_2026.dbf,100,82.9728000000,0.8297280000,1.2052142389,1,False
2026-06-04,RUB_KGS,KGS,CBR,KGS_RC_F02_09_2016_T02_09_2026.dbf,100,83.8692000000,0.8386920000,1.1923328230,1,False
2026-06-05,RUB_KGS,KGS,CBR,KGS_RC_F02_09_2016_T02_09_2026.dbf,100,84.9578000000,0.8495780000,1.1770549614,1,False
2026-06-06,RUB_KGS,KGS,CBR,KGS_RC_F02_09_2016_T02_09_2026.dbf,100,84.0125000000,0.8401250000,1.1902990626,1,False
2026-06-09,RUB_KGS,KGS,CBR,KGS_RC_F02_09_2016_T02_09_2026.dbf,100,83.7789000000,0.8377890000,1.1936179635,3,False
2026-06-10,RUB_KGS,KGS,CBR,KGS_RC_F02_09_2016_T02_09_2026.dbf,100,82.0264000000,0.8202640000,1.2191196980,1,False
2026-06-11,RUB_KGS,KGS,CBR,KGS_RC_F02_09_2016_T02_09_2026.dbf,100,82.0926000000,0.8209260000,1.2181365921,1,False
2026-06-12,RUB_KGS,KGS,CBR,KGS_RC_F02_09_2016_T02_09_2026.dbf,100,82.2272000000,0.8222720000,1.2161425903,1,False
2026-06-16,RUB_KGS,KGS,CBR,KGS_RC_F02_09_2016_T02_09_2026.dbf,100,82.8488000000,0.8284880000,1.2070180860,4,False
2026-06-17,RUB_KGS,KGS,CBR,KGS_RC_F02_09_2016_T02_09_2026.dbf,100,82.4915000000,0.8249150000,1.2122461102,1,False
2026-06-18,RUB_KGS,KGS,CBR,KGS_RC_F02_09_2016_T02_09_2026.dbf,100,83.1880000000,0.8318800000,1.2020964562,1,False
2026-06-19,RUB_KGS,KGS,CBR,KGS_RC_F02_09_2016_T02_09_2026.dbf,100,83.8869000000,0.8388690000,1.1920812427,1,False
2026-06-20,RUB_KGS,KGS,CBR,KGS_RC_F02_09_2016_T02_09_2026.dbf,100,83.9783000000,0.8397830000,1.1907838096,1,False
2026-06-23,RUB_KGS,KGS,CBR,KGS_RC_F02_09_2016_T02_09_2026.dbf,100,84.3511000000,0.8435110000,1.1855209950,3,False
2026-06-24,RUB_KGS,KGS,CBR,KGS_RC_F02_09_2016_T02_09_2026.dbf,100,85.3288000000,0.8532880000,1.1719372592,1,False
2026-06-25,RUB_KGS,KGS,CBR,KGS_RC_F02_09_2016_T02_09_2026.dbf,100,85.5046000000,0.8550460000,1.1695277213,1,False
2026-06-26,RUB_KGS,KGS,CBR,KGS_RC_F02_09_2016_T02_09_2026.dbf,100,86.4891000000,0.8648910000,1.1562150606,1,False
2026-06-27,RUB_KGS,KGS,CBR,KGS_RC_F02_09_2016_T02_09_2026.dbf,100,88.1202000000,0.8812020000,1.1348135842,1,False
2026-06-30,RUB_KGS,KGS,CBR,KGS_RC_F02_09_2016_T02_09_2026.dbf,100,88.9124000000,0.8891240000,1.1247025162,3,False
2026-07-01,RUB_KGS,KGS,CBR,KGS_RC_F02_09_2016_T02_09_2026.dbf,100,89.5021000000,0.8950210000,1.1172922200,1,False
2026-07-02,RUB_KGS,KGS,CBR,KGS_RC_F02_09_2016_T02_09_2026.dbf,100,89.4971000000,0.8949710000,1.1173546405,1,False
2026-07-03,RUB_KGS,KGS,CBR,KGS_RC_F02_09_2016_T02_09_2026.dbf,100,89.1130000000,0.8911300000,1.1221707271,1,False
2026-07-04,RUB_KGS,KGS,CBR,KGS_RC_F02_09_2016_T02_09_2026.dbf,100,88.3115000000,0.8831150000,1.1323553558,1,False
2026-07-07,RUB_KGS,KGS,CBR,KGS_RC_F02_09_2016_T02_09_2026.dbf,100,89.1589000000,0.8915890000,1.1215930210,3,False
2026-07-08,RUB_KGS,KGS,CBR,KGS_RC_F02_09_2016_T02_09_2026.dbf,100,87.0507000000,0.8705070000,1.1487558400,1,False
2026-07-09,RUB_KGS,KGS,CBR,KGS_RC_F02_09_2016_T02_09_2026.dbf,100,87.3672000000,0.8736720000,1.1445943100,1,False
2026-07-10,RUB_KGS,KGS,CBR,KGS_RC_F02_09_2016_T02_09_2026.dbf,100,86.8287000000,0.8682870000,1.1516929310,1,False
2026-07-11,RUB_KGS,KGS,CBR,KGS_RC_F02_09_2016_T02_09_2026.dbf,100,87.6681000000,0.8766810000,1.1406657610,1,False
2026-07-14,RUB_KGS,KGS,CBR,KGS_RC_F02_09_2016_T02_09_2026.dbf,100,87.6173000000,0.8761730000,1.1413271123,3,False
2026-07-15,RUB_KGS,KGS,CBR,KGS_RC_F02_09_2016_T02_09_2026.dbf,100,88.6122000000,0.8861220000,1.1285127782,1,False
2026-07-16,RUB_KGS,KGS,CBR,KGS_RC_F02_09_2016_T02_09_2026.dbf,100,89.1444000000,0.8914440000,1.1217754565,1,False
2026-07-17,RUB_KGS,KGS,CBR,KGS_RC_F02_09_2016_T02_09_2026.dbf,100,89.5576000000,0.8955760000,1.1165998196,1,False
2026-07-18,RUB_KGS,KGS,CBR,KGS_RC_F02_09_2016_T02_09_2026.dbf,100,89.6497000000,0.8964970000,1.1154527009,1,False
2026-07-21,RUB_KGS,KGS,CBR,KGS_RC_F02_09_2016_T02_09_2026.dbf,100,89.5551000000,0.8955510000,1.1166309903,3,False
2026-07-22,RUB_KGS,KGS,CBR,KGS_RC_F02_09_2016_T02_09_2026.dbf,100,89.8273000000,0.8982730000,1.1132473090,1,False
2026-07-23,RUB_KGS,KGS,CBR,KGS_RC_F02_09_2016_T02_09_2026.dbf,100,89.7377000000,0.8973770000,1.1143588481,1,False
2026-07-24,RUB_KGS,KGS,CBR,KGS_RC_F02_09_2016_T02_09_2026.dbf,100,89.6568000000,0.8965680000,1.1153643672,1,False
2026-07-25,RUB_KGS,KGS,CBR,KGS_RC_F02_09_2016_T02_09_2026.dbf,100,89.2290000000,0.8922900000,1.1207118762,1,False
2026-07-28,RUB_KGS,KGS,CBR,KGS_RC_F02_09_2016_T02_09_2026.dbf,100,89.2135000000,0.8921350000,1.1209065892,3,False
2026-07-29,RUB_KGS,KGS,CBR,KGS_RC_F02_09_2016_T02_09_2026.dbf,100,89.9920000000,0.8999200000,1.1112098853,1,False
2026-07-30,RUB_KGS,KGS,CBR,KGS_RC_F02_09_2016_T02_09_2026.dbf,100,90.7456000000,0.9074560000,1.1019818041,1,False
2026-07-31,RUB_KGS,KGS,CBR,KGS_RC_F02_09_2016_T02_09_2026.dbf,100,91.3177000000,0.9131770000,1.0950779531,1,False
2026-08-01,RUB_KGS,KGS,CBR,KGS_RC_F02_09_2016_T02_09_2026.dbf,100,90.8676000000,0.9086760000,1.1005022692,1,False
2026-08-04,RUB_KGS,KGS,CBR,KGS_RC_F02_09_2016_T02_09_2026.dbf,100,91.5594000000,0.9155940000,1.0921871485,3,False
2026-08-05,RUB_KGS,KGS,CBR,KGS_RC_F02_09_2016_T02_09_2026.dbf,100,92.7720000000,0.9277200000,1.0779114388,1,False
2026-08-06,RUB_KGS,KGS,CBR,KGS_RC_F02_09_2016_T02_09_2026.dbf,100,92.5435000000,0.9254350000,1.0805729198,1,False
2026-08-07,RUB_KGS,KGS,CBR,KGS_RC_F02_09_2016_T02_09_2026.dbf,100,93.0906000000,0.9309060000,1.0742223168,1,False
2026-08-08,RUB_KGS,KGS,CBR,KGS_RC_F02_09_2016_T02_09_2026.dbf,100,93.9583000000,0.9395830000,1.0643019297,1,False
2026-08-11,RUB_KGS,KGS,CBR,KGS_RC_F02_09_2016_T02_09_2026.dbf,100,94.4608000000,0.9446080000,1.0586401978,3,False
2026-08-12,RUB_KGS,KGS,CBR,KGS_RC_F02_09_2016_T02_09_2026.dbf,100,94.1958000000,0.9419580000,1.0616184586,1,False
2026-08-13,RUB_KGS,KGS,CBR,KGS_RC_F02_09_2016_T02_09_2026.dbf,100,94.9087000000,0.9490870000,1.0536441865,1,False
2026-08-14,RUB_KGS,KGS,CBR,KGS_RC_F02_09_2016_T02_09_2026.dbf,100,95.8328000000,0.9583280000,1.0434840681,1,False
2026-08-15,RUB_KGS,KGS,CBR,KGS_RC_F02_09_2016_T02_09_2026.dbf,100,96.6780000000,0.9667800000,1.0343614887,1,False
2026-08-18,RUB_KGS,KGS,CBR,KGS_RC_F02_09_2016_T02_09_2026.dbf,100,97.2140000000,0.9721400000,1.0286584237,3,False
2026-08-19,RUB_KGS,KGS,CBR,KGS_RC_F02_09_2016_T02_09_2026.dbf,100,97.3865000000,0.9738650000,1.0268363685,1,False
2026-08-20,RUB_KGS,KGS,CBR,KGS_RC_F02_09_2016_T02_09_2026.dbf,100,97.3463000000,0.9734630000,1.0272604095,1,False
2026-08-21,RUB_KGS,KGS,CBR,KGS_RC_F02_09_2016_T02_09_2026.dbf,100,95.3183000000,0.9531830000,1.0491164866,1,False
2026-08-22,RUB_KGS,KGS,CBR,KGS_RC_F02_09_2016_T02_09_2026.dbf,100,94.8212000000,0.9482120000,1.0546164782,1,False
2026-08-25,RUB_KGS,KGS,CBR,KGS_RC_F02_09_2016_T02_09_2026.dbf,100,95.2405000000,0.9524050000,1.0499734882,3,False
2026-08-26,RUB_KGS,KGS,CBR,KGS_RC_F02_09_2016_T02_09_2026.dbf,100,96.5849000000,0.9658490000,1.0353585291,1,False
2026-08-27,RUB_KGS,KGS,CBR,KGS_RC_F02_09_2016_T02_09_2026.dbf,100,96.3774000000,0.9637740000,1.0375876502,1,False
2026-08-28,RUB_KGS,KGS,CBR,KGS_RC_F02_09_2016_T02_09_2026.dbf,100,98.2894000000,0.9828940000,1.0174037078,1,False
2026-08-29,RUB_KGS,KGS,CBR,KGS_RC_F02_09_2016_T02_09_2026.dbf,100,97.8853000000,0.9788530000,1.0216038568,1,False
2026-09-01,RUB_KGS,KGS,CBR,KGS_RC_F02_09_2016_T02_09_2026.dbf,100,98.7756000000,0.9877560000,1.0123957739,3,False
2026-09-02,RUB_KGS,KGS,CBR,KGS_RC_F02_09_2016_T02_09_2026.dbf,100,99.2030000000,0.9920300000,1.0080340312,1,False
