date,corridor,horizon_calendar_days,epsilon,has_full_window,window_min_rub_per_unit,window_mean_rub_per_unit,future_min_rub_per_unit,target_good_now,message_hit,future_regret_bps,moment_advantage_bps
2016-09-02,RUB_UZS,10,0.0100000000,False,,,,,,,
2016-09-03,RUB_UZS,10,0.0100000000,False,,,,,,,
2016-09-06,RUB_UZS,10,0.0100000000,False,,,,,,,
2016-09-07,RUB_UZS,10,0.0100000000,False,,,,,,,
2016-09-08,RUB_UZS,10,0.0100000000,False,,,,,,,
2016-09-09,RUB_UZS,10,0.0100000000,False,,,,,,,
2016-09-10,RUB_UZS,10,0.0100000000,False,,,,,,,
2016-09-13,RUB_UZS,10,0.0100000000,True,0.0213716000,0.0217345905,0.0213716000,0,0,210.0759498310,-43.9895676499
2016-09-14,RUB_UZS,10,0.0100000000,True,0.0213716000,0.0217050571,0.0213716000,0,0,189.7185665300,-36.7853706246
2016-09-15,RUB_UZS,10,0.0100000000,True,0.0213716000,0.0216755238,0.0213716000,0,0,221.0061039781,-82.6167764386
2016-09-16,RUB_UZS,10,0.0100000000,True,0.0213716000,0.0216459905,0.0213716000,0,0,264.0402347024,-141.0004888181
2016-09-17,RUB_UZS,10,0.0100000000,True,0.0213716000,0.0216405952,0.0213716000,0,0,233.9205337355,-112.2449540931
2016-09-20,RUB_UZS,10,0.0100000000,True,0.0209897000,0.0215877810,0.0209897000,0,0,397.1140604913,-125.0332529381
2016-09-21,RUB_UZS,10,0.0100000000,True,0.0209897000,0.0215654476,0.0209897000,0,0,259.0507659679,8.1369138993
2016-09-22,RUB_UZS,10,0.0100000000,True,0.0209897000,0.0215431143,0.0209897000,0,0,261.1749858486,-4.4031304666
2016-09-23,RUB_UZS,10,0.0100000000,True,0.0209897000,0.0215207810,0.0209897000,0,0,178.6950906811,69.3194883174
2016-09-24,RUB_UZS,10,0.0100000000,True,0.0207869000,0.0214711000,0.0207869000,0,0,290.7601333993,28.7363013539
2016-09-27,RUB_UZS,10,0.0100000000,True,0.0204692000,0.0212779857,0.0204692000,0,0,485.0180824261,-110.2615110587
2016-09-28,RUB_UZS,10,0.0100000000,True,0.0204608000,0.0212102381,0.0204608000,0,0,426.8897497801,-76.8317187342
2016-09-29,RUB_UZS,10,0.0100000000,True,0.0204608000,0.0211424905,0.0204608000,0,0,369.6207774603,-49.0053543721
2016-09-30,RUB_UZS,10,0.0100000000,True,0.0204608000,0.0210747429,0.0204608000,0,0,251.9807334073,40.3529749897
2016-10-01,RUB_UZS,10,0.0100000000,True,0.0204608000,0.0210089667,0.0204608000,0,0,285.3507297572,-25.1479923652
2016-10-04,RUB_UZS,10,0.0100000000,True,0.0203917000,0.0208761048,0.0203917000,0,0,190.1197388740,42.7305586565
2016-10-05,RUB_UZS,10,0.0100000000,True,0.0203917000,0.0208417286,0.0203917000,1,1,92.1224606803,124.9553608454
2016-10-06,RUB_UZS,10,0.0100000000,True,0.0203917000,0.0208073524,0.0203917000,1,1,45.4483324221,155.0184641693
2016-10-07,RUB_UZS,10,0.0100000000,True,0.0203917000,0.0207729762,0.0203917000,1,1,37.8617630391,146.2362387030
2016-10-08,RUB_UZS,10,0.0100000000,True,0.0203917000,0.0207295952,0.0203917000,1,1,33.7718955271,129.6673837612
2016-10-11,RUB_UZS,10,0.0100000000,True,0.0203321000,0.0206150286,0.0203321000,1,1,70.4713719208,67.2463639564
2016-10-12,RUB_UZS,10,0.0100000000,True,0.0203321000,0.0205807524,0.0203321000,1,1,29.2275778871,91.8588287994
2016-10-13,RUB_UZS,10,0.0100000000,True,0.0203321000,0.0205464762,0.0203321000,1,1,92.0520442474,12.3992991499
2016-10-14,RUB_UZS,10,0.0100000000,True,0.0203321000,0.0205122000,0.0203321000,0,0,210.5030020270,-125.3400415363
2016-10-15,RUB_UZS,10,0.0100000000,True,0.0202720000,0.0204876810,0.0202720000,0,0,200.8459214502,-97.5313155664
2016-10-18,RUB_UZS,10,0.0100000000,True,0.0200933000,0.0204492810,0.0200933000,0,0,246.7284094439,-74.4862608978
2016-10-19,RUB_UZS,10,0.0100000000,True,0.0200933000,0.0204468619,0.0200933000,0,0,191.3567289715,-18.7990193396
2016-10-20,RUB_UZS,10,0.0100000000,True,0.0200933000,0.0204444429,0.0200933000,0,0,143.4338776692,28.7329214855
2016-10-21,RUB_UZS,10,0.0100000000,True,0.0200933000,0.0204420238,0.0200933000,0,0,117.4497469519,53.7734475549
2016-10-22,RUB_UZS,10,0.0100000000,True,0.0200933000,0.0204373571,0.0200933000,0,0,122.2593648609,46.6582553657
2016-10-25,RUB_UZS,10,0.0100000000,True,0.0200933000,0.0204189810,0.0200933000,1,1,88.1511444357,71.9825111369
2016-10-26,RUB_UZS,10,0.0100000000,True,0.0200933000,0.0204093524,0.0201880000,1,1,0.0000000000,154.8566436862
2016-10-27,RUB_UZS,10,0.0100000000,True,0.0200933000,0.0203997238,0.0203736000,1,1,0.0000000000,103.7875862932
2016-10-28,RUB_UZS,10,0.0100000000,True,0.0200933000,0.0203900952,0.0203736000,0,1,36.1900663159,-28.2023017712
2016-10-29,RUB_UZS,10,0.0100000000,True,0.0200933000,0.0203875905,0.0203736000,0,1,17.8343949045,-10.9917470805
2016-11-01,RUB_UZS,10,0.0100000000,True,0.0200933000,0.0204040667,0.0203583000,0,1,9.8633847603,12.5791917298
2016-11-02,RUB_UZS,10,0.0100000000,True,0.0200933000,0.0204307714,0.0203583000,0,1,7.5097184592,27.9830004321
2016-11-03,RUB_UZS,10,0.0100000000,True,0.0200933000,0.0204574762,0.0203583000,0,1,38.6060712818,9.9113841255
2016-11-04,RUB_UZS,10,0.0100000000,True,0.0200933000,0.0204841810,0.0203583000,0,1,61.9956749474,-0.5462984445
2016-11-08,RUB_UZS,10,0.0100000000,True,0.0203583000,0.0205987571,0.0203583000,1,1,92.8025694681,24.1554102085
2016-11-09,RUB_UZS,10,0.0100000000,True,0.0203583000,0.0206173048,0.0203583000,1,1,91.7900023848,34.1483829811
2016-11-10,RUB_UZS,10,0.0100000000,True,0.0203583000,0.0206358524,0.0203583000,0,0,138.3459520730,-3.8998239080
2016-11-11,RUB_UZS,10,0.0100000000,True,0.0203583000,0.0206544000,0.0207067000,1,1,0.0000000000,143.3592842203
2016-11-12,RUB_UZS,10,0.0100000000,True,0.0203583000,0.0206546000,0.0203826000,0,0,248.8661806074,-120.1669361789
2016-11-15,RUB_UZS,10,0.0100000000,True,0.0201514000,0.0206347190,0.0201514000,0,0,395.5426975450,-167.9601023795
2016-11-16,RUB_UZS,10,0.0100000000,True,0.0201514000,0.0206345143,0.0201514000,0,0,409.2103259214,-182.5512871638
2016-11-17,RUB_UZS,10,0.0100000000,True,0.0201514000,0.0206343095,0.0201514000,0,0,268.6910246381,-35.6156701564
2016-11-18,RUB_UZS,10,0.0100000000,True,0.0201514000,0.0206341048,0.0201514000,0,0,268.1740692626,-35.1821602793
2016-11-19,RUB_UZS,10,0.0100000000,True,0.0201514000,0.0206353619,0.0201514000,0,0,311.5940287026,-79.5421451757
2016-11-22,RUB_UZS,10,0.0100000000,True,0.0201514000,0.0206342000,0.0201514000,0,0,113.4300825214,121.9334890618
2016-11-23,RUB_UZS,10,0.0100000000,True,0.0201514000,0.0206086381,0.0202033000,1,1,0.0000000000,221.8672059381
2016-11-24,RUB_UZS,10,0.0100000000,True,0.0201514000,0.0205830762,0.0202033000,1,1,25.9677427317,158.9539811486
2016-11-25,RUB_UZS,10,0.0100000000,True,0.0201514000,0.0205575143,0.0202033000,0,0,130.9149883007,41.9380886794
2016-11-26,RUB_UZS,10,0.0100000000,True,0.0201514000,0.0205247571,0.0202033000,0,0,135.5890825643,21.3192012712
2016-11-29,RUB_UZS,10,0.0100000000,True,0.0199654000,0.0204263810,0.0199654000,0,0,296.4705424925,-72.9542095423
2016-11-30,RUB_UZS,10,0.0100000000,True,0.0199379000,0.0203853524,0.0199379000,0,0,326.5262555250,-110.6420015866
2016-12-01,RUB_UZS,10,0.0100000000,True,0.0199379000,0.0203443238,0.0199379000,0,0,373.0474879892,-179.9893640627
2016-12-02,RUB_UZS,10,0.0100000000,True,0.0199379000,0.0203032952,0.0199379000,0,0,131.3646780476,49.2507432526
2016-12-03,RUB_UZS,10,0.0100000000,True,0.0192216000,0.0202480095,0.0192216000,0,0,561.9169203575,-58.2726297376
2016-12-06,RUB_UZS,10,0.0100000000,True,0.0190025000,0.0200776143,0.0190025000,0,0,636.1181467866,-107.4757743699
2016-12-07,RUB_UZS,10,0.0100000000,True,0.0190025000,0.0200226857,0.0190025000,0,0,628.7757366539,-127.2627904919
2016-12-08,RUB_UZS,10,0.0100000000,True,0.0190025000,0.0199677571,0.0190025000,0,0,553.9620915747,-74.6918424918
2016-12-09,RUB_UZS,10,0.0100000000,True,0.0190025000,0.0199128286,0.0190025000,0,0,482.2843519288,-26.4007839885
2016-12-10,RUB_UZS,10,0.0100000000,True,0.0190025000,0.0198475714,0.0190025000,0,0,469.1567316518,-45.5111456601
2016-12-13,RUB_UZS,10,0.0100000000,True,0.0189904000,0.0196459429,0.0189904000,0,0,120.2813501478,215.9951600330
2016-12-14,RUB_UZS,10,0.0100000000,True,0.0189868000,0.0195802667,0.0189868000,1,1,35.4250746551,268.6207882766
2016-12-15,RUB_UZS,10,0.0100000000,True,0.0189868000,0.0195145905,0.0189868000,1,1,8.2620707802,262.4141545862
2016-12-16,RUB_UZS,10,0.0100000000,True,0.0189868000,0.0194489143,0.0189868000,0,0,133.3956920519,105.6173535945
2016-12-17,RUB_UZS,10,0.0100000000,True,0.0189868000,0.0193875238,0.0189868000,0,0,176.2773250550,30.9600184704
2016-12-20,RUB_UZS,10,0.0100000000,True,0.0188059000,0.0192143619,0.0188059000,0,0,207.8104660245,4.8723474702
2016-12-21,RUB_UZS,10,0.0100000000,True,0.0188059000,0.0191661619,0.0188059000,0,0,222.2187560117,-35.0294939444
2016-12-22,RUB_UZS,10,0.0100000000,True,0.0188059000,0.0191179619,0.0188059000,0,0,136.8347074496,26.7611709955
2016-12-23,RUB_UZS,10,0.0100000000,True,0.0188059000,0.0190697619,0.0188059000,1,1,97.1543516724,41.6166206785
2016-12-24,RUB_UZS,10,0.0100000000,True,0.0188059000,0.0190556714,0.0188059000,1,1,95.2767185624,36.1422208761
2016-12-27,RUB_UZS,10,0.0100000000,True,0.0188059000,0.0190307571,0.0188059000,0,0,104.3453552373,13.9548535341
2016-12-28,RUB_UZS,10,0.0100000000,True,0.0188059000,0.0190116238,0.0188059000,1,1,96.2677803114,12.0577862015
2016-12-29,RUB_UZS,10,0.0100000000,True,0.0188059000,0.0189924905,0.0188059000,1,1,64.9275178564,33.5345573927
2016-12-30,RUB_UZS,10,0.0100000000,True,0.0188059000,0.0189733571,0.0189257000,1,1,0.0000000000,88.2591001668
2016-12-31,RUB_UZS,10,0.0100000000,True,0.0187175000,0.0189501429,0.0187175000,0,0,110.0091410093,12.8985081153
2017-01-10,RUB_UZS,10,0.0100000000,True,0.0182102000,0.0186434857,0.0182102000,0,0,271.0297849606,-39.6998108876
2017-01-11,RUB_UZS,10,0.0100000000,True,0.0182102000,0.0186157381,0.0182102000,0,0,147.0086949935,71.8951322550
2017-01-12,RUB_UZS,10,0.0100000000,True,0.0182102000,0.0185879905,0.0182102000,0,0,177.7267161820,25.9793958106
2017-01-13,RUB_UZS,10,0.0100000000,True,0.0182102000,0.0185602429,0.0182102000,1,1,74.2920993105,115.1616704523
2017-01-14,RUB_UZS,10,0.0100000000,True,0.0182102000,0.0185308619,0.0182102000,1,1,71.3697651722,102.4031724683
2017-01-17,RUB_UZS,10,0.0100000000,True,0.0180883000,0.0184206429,0.0180883000,0,0,183.0605244877,-2.6910802710
2017-01-18,RUB_UZS,10,0.0100000000,True,0.0180883000,0.0183999714,0.0180883000,0,0,103.4611049712,66.6150102718
2017-01-19,RUB_UZS,10,0.0100000000,True,0.0180883000,0.0183793000,0.0180883000,1,1,66.9405058703,92.0056803034
2017-01-20,RUB_UZS,10,0.0100000000,True,0.0180883000,0.0183586286,0.0180883000,1,1,79.9600748049,67.8310860444
2017-01-21,RUB_UZS,10,0.0100000000,True,0.0180883000,0.0183461048,0.0180883000,0,0,138.8540587690,1.6923275786
2017-01-24,RUB_UZS,10,0.0100000000,True,0.0180883000,0.0183513857,0.0180883000,0,0,120.3799286678,23.2602131252
2017-01-25,RUB_UZS,10,0.0100000000,True,0.0180883000,0.0183489429,0.0180883000,1,1,11.4859380091,130.7120846199
2017-01-26,RUB_UZS,10,0.0100000000,True,0.0180883000,0.0183465000,0.0182651000,1,1,0.0000000000,140.7352901098
2017-01-27,RUB_UZS,10,0.0100000000,True,0.0180883000,0.0183440571,0.0182898000,1,1,0.0000000000,43.0423554845
2017-01-28,RUB_UZS,10,0.0100000000,True,0.0180883000,0.0183295524,0.0181210000,0,0,200.4153237146,-88.4078430721
2017-01-31,RUB_UZS,10,0.0100000000,True,0.0179512000,0.0182954143,0.0179512000,0,0,272.7248096670,-86.9538736873
2017-02-01,RUB_UZS,10,0.0100000000,True,0.0179135000,0.0182749619,0.0179135000,0,0,295.6775175657,-100.8692090297
2017-02-02,RUB_UZS,10,0.0100000000,True,0.0179135000,0.0182545095,0.0179135000,0,0,340.7834784719,-159.4074471357
2017-02-03,RUB_UZS,10,0.0100000000,True,0.0179135000,0.0182340571,0.0179135000,0,0,303.5043466023,-131.7001780029
2017-02-04,RUB_UZS,10,0.0100000000,True,0.0175448000,0.0181976810,0.0175448000,0,0,407.3308620105,-50.6213115067
2017-02-07,RUB_UZS,10,0.0100000000,True,0.0171516000,0.0180752286,0.0171516000,0,0,534.9594393245,-25.3227384597
2017-02-08,RUB_UZS,10,0.0100000000,True,0.0171516000,0.0180250810,0.0171516000,0,0,452.5566948332,33.5537757310
2017-02-09,RUB_UZS,10,0.0100000000,True,0.0171516000,0.0179749333,0.0171516000,0,0,518.2154900768,-63.4587425452
2017-02-10,RUB_UZS,10,0.0100000000,True,0.0171516000,0.0179247857,0.0171516000,0,0,445.4298319889,-14.7361793526
2017-02-11,RUB_UZS,10,0.0100000000,True,0.0171516000,0.0178835762,0.0171516000,0,0,425.3216847629,-16.7325646756
2017-02-14,RUB_UZS,10,0.0100000000,True,0.0171516000,0.0177328810,0.0171516000,0,0,224.1119875975,106.0633931317
2017-02-15,RUB_UZS,10,0.0100000000,True,0.0171516000,0.0176900667,0.0171516000,0,0,169.4254665505,137.2898538163
2017-02-16,RUB_UZS,10,0.0100000000,True,0.0171516000,0.0176472524,0.0172922000,1,1,0.0000000000,280.8666019235
2017-02-17,RUB_UZS,10,0.0100000000,True,0.0171516000,0.0176044381,0.0173907000,1,1,0.0000000000,177.3632839338
2017-02-18,RUB_UZS,10,0.0100000000,True,0.0171516000,0.0175650905,0.0172947000,0,1,82.4612208619,72.0693561824
2017-02-21,RUB_UZS,10,0.0100000000,True,0.0171516000,0.0174858429,0.0172947000,0,0,167.3763865121,-59.0518533769
2017-02-22,RUB_UZS,10,0.0100000000,True,0.0171516000,0.0174747238,0.0172947000,0,0,135.9151314664,-33.3488478052
2017-02-23,RUB_UZS,10,0.0100000000,True,0.0171516000,0.0174636048,0.0172947000,0,1,55.2019182667,41.7466856922
2017-02-28,RUB_UZS,10,0.0100000000,True,0.0172947000,0.0174946667,0.0173385000,1,1,0.0000000000,114.3015014100
2017-03-01,RUB_UZS,10,0.0100000000,True,0.0172947000,0.0175154190,0.0174888000,1,1,0.0000000000,101.0076020094
2017-03-02,RUB_UZS,10,0.0100000000,True,0.0172947000,0.0175361714,0.0175133000,0,1,0.0000000000,27.0135523962
2017-03-03,RUB_UZS,10,0.0100000000,True,0.0172947000,0.0175569238,0.0175186000,0,1,0.0000000000,24.8470688812
2017-03-04,RUB_UZS,10,0.0100000000,True,0.0171250000,0.0175348238,0.0171250000,0,0,313.9140271493,-82.7930705510
2017-03-07,RUB_UZS,10,0.0100000000,True,0.0166506000,0.0174417524,0.0166506000,0,0,495.4733825762,-44.0595746168
2017-03-08,RUB_UZS,10,0.0100000000,True,0.0165527000,0.0174018476,0.0165527000,0,0,559.2786298073,-75.5393242316
2017-03-10,RUB_UZS,10,0.0100000000,True,0.0165527000,0.0173220381,0.0165527000,0,0,667.3845876277,-239.2108263957
2017-03-11,RUB_UZS,10,0.0100000000,True,0.0163764000,0.0172783095,0.0163764000,0,0,838.0188315067,-344.9356404741
2017-03-14,RUB_UZS,10,0.0100000000,True,0.0163755000,0.0171365143,0.0163755000,0,0,437.6642335766,6.7191527532
2017-03-15,RUB_UZS,10,0.0100000000,True,0.0161669000,0.0170644619,0.0161669000,0,0,396.5095281091,134.8193139906
2017-03-16,RUB_UZS,10,0.0100000000,True,0.0161669000,0.0169924095,0.0161669000,0,0,419.5580418254,69.1541265204
2017-03-17,RUB_UZS,10,0.0100000000,True,0.0161669000,0.0169203571,0.0161669000,0,0,290.5000420405,159.4275703400
2017-03-18,RUB_UZS,10,0.0100000000,True,0.0160629000,0.0168510381,0.0160629000,0,0,295.9033873628,177.0443420470
2017-03-21,RUB_UZS,10,0.0100000000,True,0.0155482000,0.0166078048,0.0155482000,0,0,505.7277545737,139.3349483705
2017-03-22,RUB_UZS,10,0.0100000000,True,0.0155482000,0.0164983095,0.0155482000,0,0,505.2059479100,74.4376407973
2017-03-23,RUB_UZS,10,0.0100000000,True,0.0155482000,0.0163888143,0.0155482000,0,0,579.8172697089,-71.0153353725
2017-03-24,RUB_UZS,10,0.0100000000,True,0.0155482000,0.0162793190,0.0155482000,0,0,566.6719248644,-124.6249623756
2017-03-25,RUB_UZS,10,0.0100000000,True,0.0155482000,0.0162078762,0.0155482000,0,0,382.6955074875,25.2816531880
2017-03-28,RUB_UZS,10,0.0100000000,True,0.0154403000,0.0160307714,0.0154403000,0,0,387.6012426150,-20.0418124429
2017-03-29,RUB_UZS,10,0.0100000000,True,0.0154403000,0.0159919190,0.0154403000,0,0,372.9174980048,-29.0652749320
2017-03-30,RUB_UZS,10,0.0100000000,True,0.0154403000,0.0159530667,0.0154403000,0,0,414.8120557470,-97.4316327895
2017-03-31,RUB_UZS,10,0.0100000000,True,0.0154403000,0.0159142143,0.0154403000,1,1,69.3971006290,229.9920556196
2017-04-01,RUB_UZS,10,0.0100000000,True,0.0154403000,0.0158888952,0.0154403000,1,1,86.4211006170,197.6193016506
2017-04-04,RUB_UZS,10,0.0100000000,True,0.0154403000,0.0157606381,0.0154403000,0,0,118.0182659507,86.2516443920
2017-04-05,RUB_UZS,10,0.0100000000,True,0.0154202000,0.0157250810,0.0154202000,0,0,121.6520073542,73.1194661122
2017-04-06,RUB_UZS,10,0.0100000000,True,0.0154202000,0.0156895238,0.0154202000,1,1,13.0178817769,158.8472744931
2017-04-07,RUB_UZS,10,0.0100000000,True,0.0154202000,0.0156539667,0.0154202000,0,0,109.1063032783,40.6712675594
2017-04-08,RUB_UZS,10,0.0100000000,True,0.0154202000,0.0156235333,0.0154202000,0,0,201.1844847745,-72.4974717627
2017-04-11,RUB_UZS,10,0.0100000000,True,0.0152164000,0.0155346524,0.0152164000,0,0,396.5363812505,-199.5845233253
2017-04-12,RUB_UZS,10,0.0100000000,True,0.0152164000,0.0155206143,0.0152164000,0,0,251.1468183798,-56.5607215473
2017-04-13,RUB_UZS,10,0.0100000000,True,0.0152164000,0.0155065762,0.0152164000,0,0,214.2191067237,-27.6810360950
2017-04-14,RUB_UZS,10,0.0100000000,True,0.0152164000,0.0154925381,0.0152164000,0,0,190.3091879626,-12.3039263449
2017-04-15,RUB_UZS,10,0.0100000000,True,0.0152164000,0.0154745667,0.0152164000,0,0,132.1643039649,35.1329170230
2017-04-18,RUB_UZS,10,0.0100000000,True,0.0150648000,0.0154265524,0.0150648000,0,0,232.7571674944,1.7841841031
2017-04-19,RUB_UZS,10,0.0100000000,True,0.0150648000,0.0154095714,0.0150648000,0,1,99.6293472832,125.3580798576
2017-04-20,RUB_UZS,10,0.0100000000,True,0.0150648000,0.0153925905,0.0150648000,0,0,136.5127379152,77.4986357072
2017-04-21,RUB_UZS,10,0.0100000000,True,0.0150648000,0.0153756095,0.0150648000,0,0,178.6959951496,23.8751665439
2017-04-22,RUB_UZS,10,0.0100000000,True,0.0150648000,0.0153534905,0.0150648000,0,0,140.9022192263,47.8005156575
2017-04-25,RUB_UZS,10,0.0100000000,True,0.0150648000,0.0153195238,0.0150648000,0,0,119.6933227522,47.1449442044
2017-04-26,RUB_UZS,10,0.0100000000,True,0.0150648000,0.0153315571,0.0151992000,1,1,0.0000000000,173.9922046871
2017-04-27,RUB_UZS,10,0.0100000000,True,0.0150648000,0.0153435905,0.0152563000,1,1,0.0000000000,94.1047510454
2017-04-28,RUB_UZS,10,0.0100000000,True,0.0150648000,0.0153556238,0.0152563000,0,1,72.9418807423,-8.3202028356
2017-04-29,RUB_UZS,10,0.0100000000,True,0.0150648000,0.0153674857,0.0152563000,0,1,80.5581201805,-8.2734976630
2017-05-03,RUB_UZS,10,0.0100000000,True,0.0150648000,0.0153892524,0.0151672000,0,1,58.4021027379,86.3930083549
2017-05-04,RUB_UZS,10,0.0100000000,True,0.0150648000,0.0153842429,0.0151672000,0,1,77.6532621566,63.9244050267
2017-05-05,RUB_UZS,10,0.0100000000,True,0.0150648000,0.0153792333,0.0151672000,0,0,160.1141819125,-22.6062417502
2017-05-06,RUB_UZS,10,0.0100000000,True,0.0150135000,0.0153681000,0.0150135000,0,0,420.7262216948,-198.3329103793
2017-05-11,RUB_UZS,10,0.0100000000,True,0.0148483000,0.0153096619,0.0148483000,0,0,451.7452478329,-157.5071329061
2017-05-12,RUB_UZS,10,0.0100000000,True,0.0148483000,0.0152964048,0.0148483000,0,0,210.2563426341,84.4674051948
2017-05-13,RUB_UZS,10,0.0100000000,True,0.0148483000,0.0152738857,0.0148483000,0,0,215.2238235507,64.8071591849
2017-05-16,RUB_UZS,10,0.0100000000,True,0.0146763000,0.0151907000,0.0146763000,0,0,224.5978619243,116.6503189451
2017-05-17,RUB_UZS,10,0.0100000000,True,0.0146763000,0.0151517905,0.0146763000,0,0,115.8381767610,200.3000745472
2017-05-18,RUB_UZS,10,0.0100000000,True,0.0146763000,0.0151128810,0.0146763000,0,0,191.3437504177,99.4389837745
2017-05-19,RUB_UZS,10,0.0100000000,True,0.0146763000,0.0150739714,0.0146763000,0,0,313.3765865185,-51.1667225814
2017-05-20,RUB_UZS,10,0.0100000000,True,0.0146763000,0.0150345810,0.0146763000,0,0,281.7544928419,-44.7096249852
2017-05-23,RUB_UZS,10,0.0100000000,True,0.0145793000,0.0149215905,0.0145793000,0,0,220.0264300041,9.5770462360
2017-05-24,RUB_UZS,10,0.0100000000,True,0.0145793000,0.0149008143,0.0145793000,0,0,151.3176116136,65.4422529162
2017-05-25,RUB_UZS,10,0.0100000000,True,0.0145793000,0.0148800381,0.0145793000,0,0,102.1066281051,101.0334074926
2017-05-26,RUB_UZS,10,0.0100000000,True,0.0145793000,0.0148592619,0.0145793000,1,1,66.0929525834,123.1298741045
2017-05-27,RUB_UZS,10,0.0100000000,True,0.0145793000,0.0148452762,0.0145793000,0,0,186.1225918496,-7.0889954412
2017-05-30,RUB_UZS,10,0.0100000000,True,0.0145793000,0.0147974524,0.0145793000,0,0,179.4459001596,-32.6053551689
2017-05-31,RUB_UZS,10,0.0100000000,True,0.0145793000,0.0147789857,0.0146108000,1,1,0.0000000000,135.1146270428
2017-06-01,RUB_UZS,10,0.0100000000,True,0.0145793000,0.0147605190,0.0146108000,0,1,87.4508979152,14.1045498142
2017-06-02,RUB_UZS,10,0.0100000000,True,0.0145793000,0.0147420524,0.0146108000,1,1,60.0717050704,29.1359573568
2017-06-03,RUB_UZS,10,0.0100000000,True,0.0145793000,0.0147328476,0.0146108000,0,1,86.7110851777,-3.9044596816
2017-06-06,RUB_UZS,10,0.0100000000,True,0.0145793000,0.0147196714,0.0145802000,1,1,94.8382450849,-0.0873466702
2017-06-07,RUB_UZS,10,0.0100000000,True,0.0145793000,0.0147178095,0.0145802000,1,1,36.2870986039,57.4199059125
2017-06-08,RUB_UZS,10,0.0100000000,True,0.0145793000,0.0147159476,0.0145802000,1,1,20.9434117228,71.4514768397
2017-06-09,RUB_UZS,10,0.0100000000,True,0.0145793000,0.0147140857,0.0145802000,1,1,90.6644193127,0.3301015742
2017-06-10,RUB_UZS,10,0.0100000000,True,0.0145793000,0.0147140619,0.0145802000,1,1,90.9338045399,0.0420718373
2017-06-14,RUB_UZS,10,0.0100000000,True,0.0145802000,0.0148047667,0.0146157000,1,1,0.0000000000,151.6853806094
2017-06-15,RUB_UZS,10,0.0100000000,True,0.0145802000,0.0148257714,0.0147367000,1,1,0.0000000000,141.6934218793
2017-06-16,RUB_UZS,10,0.0100000000,True,0.0145802000,0.0148467762,0.0148167000,0,1,0.0000000000,74.1414762801
2017-06-17,RUB_UZS,10,0.0100000000,True,0.0145802000,0.0148607429,0.0148167000,0,1,0.0000000000,29.6370494842
2017-06-20,RUB_UZS,10,0.0100000000,True,0.0145802000,0.0149137905,0.0149055000,0,1,0.0000000000,45.9913100563
2017-06-21,RUB_UZS,10,0.0100000000,True,0.0145802000,0.0149277857,0.0149260000,0,1,0.0000000000,14.9290154027
2017-06-22,RUB_UZS,10,0.0100000000,True,0.0145802000,0.0149417810,0.0149260000,0,0,228.4139339701,-222.9446735170
2017-06-23,RUB_UZS,10,0.0100000000,True,0.0145802000,0.0149557762,0.0149260000,0,0,245.3370279844,-231.0972062713
2017-06-24,RUB_UZS,10,0.0100000000,True,0.0145802000,0.0149644857,0.0148969000,0,0,186.3014420575,-143.8166936194
2017-06-27,RUB_UZS,10,0.0100000000,True,0.0148167000,0.0150164905,0.0148969000,0,1,77.3990714776,2.2578352751
2017-06-28,RUB_UZS,10,0.0100000000,True,0.0148167000,0.0150321571,0.0148969000,0,1,55.3411928063,34.8300928201
2017-06-29,RUB_UZS,10,0.0100000000,True,0.0148167000,0.0150478238,0.0148969000,0,0,177.3716033997,-78.4672866793
2017-06-30,RUB_UZS,10,0.0100000000,True,0.0148452000,0.0150634905,0.0148969000,1,1,19.4961811604,91.2739822207
2017-07-01,RUB_UZS,10,0.0100000000,True,0.0148969000,0.0150768714,0.0148969000,1,1,73.9610471818,45.7465123969
2017-07-04,RUB_UZS,10,0.0100000000,True,0.0148969000,0.0150646381,0.0149449000,1,1,0.0000000000,111.3455857205
2017-07-05,RUB_UZS,10,0.0100000000,True,0.0148969000,0.0150521048,0.0149165000,1,1,34.6064683364,55.6764407572
2017-07-06,RUB_UZS,10,0.0100000000,True,0.0148969000,0.0150395714,0.0149165000,1,1,19.0031381943,62.9482223088
2017-07-07,RUB_UZS,10,0.0100000000,True,0.0148969000,0.0150270381,0.0149165000,0,0,129.0407967442,-56.2066218416
2017-07-08,RUB_UZS,10,0.0100000000,True,0.0147130000,0.0150127476,0.0147130000,0,0,285.6916484547,-88.5596589819
2017-07-11,RUB_UZS,10,0.0100000000,True,0.0146171000,0.0149595762,0.0146171000,0,0,336.5683383798,-111.3827072387
2017-07-12,RUB_UZS,10,0.0100000000,True,0.0145786000,0.0149391333,0.0145786000,0,0,365.7150409728,-129.1016435581
2017-07-13,RUB_UZS,10,0.0100000000,True,0.0145786000,0.0149186905,0.0145786000,0,0,346.1291411998,-122.4031855215
2017-07-14,RUB_UZS,10,0.0100000000,True,0.0145786000,0.0148982476,0.0145786000,0,0,275.4876063929,-62.6599740717
2017-07-15,RUB_UZS,10,0.0100000000,True,0.0145786000,0.0148916190,0.0145786000,0,0,226.5276707002,-16.7080236886
2017-07-18,RUB_UZS,10,0.0100000000,True,0.0145786000,0.0148582048,0.0145786000,1,1,91.3477876708,97.7269893851
2017-07-19,RUB_UZS,10,0.0100000000,True,0.0145786000,0.0148336429,0.0145786000,1,1,71.1702569621,101.4874488975
2017-07-20,RUB_UZS,10,0.0100000000,True,0.0145786000,0.0148090810,0.0145786000,1,1,52.0644971989,104.1124380890
2017-07-21,RUB_UZS,10,0.0100000000,True,0.0145786000,0.0147845190,0.0145786000,1,1,26.3390138947,113.2394277283
2017-07-22,RUB_UZS,10,0.0100000000,True,0.0145786000,0.0147669048,0.0145786000,1,1,0.0000000000,127.5180987085
2017-07-25,RUB_UZS,10,0.0100000000,True,0.0145786000,0.0147184333,0.0146022000,0,0,105.3687227685,-26.6785640682
2017-07-26,RUB_UZS,10,0.0100000000,True,0.0145786000,0.0147090810,0.0146022000,0,0,133.1153035299,-61.2676263805
2017-07-27,RUB_UZS,10,0.0100000000,True,0.0145786000,0.0146997286,0.0146022000,0,0,148.2266106235,-83.1113499666
2017-07-28,RUB_UZS,10,0.0100000000,True,0.0145786000,0.0146903762,0.0146022000,1,1,67.8143641298,-7.8444618262
2017-07-29,RUB_UZS,10,0.0100000000,True,0.0145786000,0.0146876048,0.0146022000,1,1,18.9338272989,39.2880682999
2017-08-01,RUB_UZS,10,0.0100000000,True,0.0145249000,0.0146753571,0.0145249000,0,0,156.8143775879,-55.1556301867
2017-08-02,RUB_UZS,10,0.0100000000,True,0.0145249000,0.0146757714,0.0145249000,1,1,52.9372286368,50.1312172444
2017-08-03,RUB_UZS,10,0.0100000000,True,0.0145249000,0.0146761857,0.0145249000,0,0,173.7948017156,-71.9630343813
2017-08-04,RUB_UZS,10,0.0100000000,True,0.0145249000,0.0146766000,0.0145249000,0,0,201.1063887202,-99.7506234414
2017-08-05,RUB_UZS,10,0.0100000000,True,0.0144918000,0.0146639381,0.0144918000,0,0,155.0940550676,-38.2993329603
2017-08-08,RUB_UZS,10,0.0100000000,True,0.0142616000,0.0146031048,0.0142616000,0,0,268.3079946502,-35.4001693052
2017-08-09,RUB_UZS,10,0.0100000000,True,0.0142616000,0.0145868667,0.0142616000,0,0,259.8670955669,-37.8651115387
2017-08-10,RUB_UZS,10,0.0100000000,True,0.0142616000,0.0145706286,0.0142616000,0,0,185.3291950258,27.2662028504
2017-08-11,RUB_UZS,10,0.0100000000,True,0.0142616000,0.0145543905,0.0142616000,0,0,181.2749141130,20.2622543615
2017-08-12,RUB_UZS,10,0.0100000000,True,0.0142359000,0.0145296095,0.0142359000,0,0,240.8944767023,-39.7054553296
2017-08-15,RUB_UZS,10,0.0100000000,True,0.0141176000,0.0144434143,0.0141176000,0,0,258.2149905464,-33.5001913873
2017-08-16,RUB_UZS,10,0.0100000000,True,0.0141176000,0.0144159048,0.0141176000,0,0,213.1022530329,-6.3091691056
2017-08-17,RUB_UZS,10,0.0100000000,True,0.0141176000,0.0143883952,0.0141176000,0,0,168.0490845399,20.4993243563
2017-08-18,RUB_UZS,10,0.0100000000,True,0.0141176000,0.0143608857,0.0141176000,0,0,100.9704380995,69.1362052878
2017-08-19,RUB_UZS,10,0.0100000000,True,0.0139987000,0.0143296429,0.0139987000,0,0,203.0947098797,28.4325698477
2017-08-22,RUB_UZS,10,0.0100000000,True,0.0139955000,0.0142507762,0.0139955000,0,0,168.8688456648,10.4388633134
2017-08-23,RUB_UZS,10,0.0100000000,True,0.0138889000,0.0142175190,0.0138889000,0,0,161.9963733212,70.2788209985
2017-08-24,RUB_UZS,10,0.0100000000,True,0.0138889000,0.0141842619,0.0138889000,0,0,176.7476730699,32.0509484858
2017-08-25,RUB_UZS,10,0.0100000000,True,0.0138889000,0.0141510048,0.0138889000,0,0,177.9286446731,7.4233328880
2017-08-26,RUB_UZS,10,0.0100000000,True,0.0137237000,0.0141144286,0.0137237000,0,0,296.0600746691,-19.8176131821
2017-08-29,RUB_UZS,10,0.0100000000,True,0.0070544600,0.0130777533,0.0070544600,0,0,4960.6320586912,-704.2086229898
2017-08-30,RUB_UZS,10,0.0100000000,True,0.0070366200,0.0127324067,0.0070366200,0,0,4972.2267871816,-992.0303100592
2017-08-31,RUB_UZS,10,0.0100000000,True,0.0070366200,0.0123870600,0.0070366200,0,0,4989.4114714993,-1337.2341782473
2017-09-01,RUB_UZS,10,0.0100000000,True,0.0070366200,0.0120417133,0.0070366200,0,0,4974.8120005428,-1628.4947269409
2017-09-02,RUB_UZS,10,0.0100000000,True,0.0070366200,0.0116999890,0.0070366200,0,0,4933.6376530899,-1870.8658131833
2017-09-05,RUB_UZS,10,0.0100000000,True,0.0070366200,0.0106973933,0.0070366200,0,0,4872.6509614754,-2829.0131739259
2017-09-06,RUB_UZS,10,0.0100000000,True,0.0070366200,0.0103625086,0.0070366200,0,0,147.5635010312,3107.8368227440
2017-09-07,RUB_UZS,10,0.0100000000,True,0.0070366200,0.0100276238,0.0070366200,1,1,59.6565826370,2940.6506122848
2017-09-08,RUB_UZS,10,0.0100000000,True,0.0070366200,0.0096927390,0.0070366200,1,1,25.2889661292,2721.9127995271
2017-09-09,RUB_UZS,10,0.0100000000,True,0.0070366200,0.0093652357,0.0070366200,1,1,0.0000000000,2486.4464550888
2017-09-12,RUB_UZS,10,0.0100000000,True,0.0070366200,0.0083917614,0.0070768200,1,1,0.0000000000,1587.3561705843
2017-09-13,RUB_UZS,10,0.0100000000,True,0.0070366200,0.0080702848,0.0071098200,1,1,0.0000000000,1231.0157463022
2017-09-14,RUB_UZS,10,0.0100000000,True,0.0070366200,0.0077488081,0.0071098200,0,1,23.3076028250,803.1920362314
2017-09-15,RUB_UZS,10,0.0100000000,True,0.0070366200,0.0074273314,0.0071098200,0,1,41.0693725014,388.0147686191
2017-09-16,RUB_UZS,10,0.0100000000,True,0.0070366200,0.0071131900,0.0071098200,0,1,0.0000000000,4.7376774696
2017-09-19,RUB_UZS,10,0.0100000000,True,0.0070366200,0.0071258748,0.0071080800,0,1,18.3257432458,6.6584974663
2017-09-20,RUB_UZS,10,0.0100000000,True,0.0070366200,0.0071331833,0.0071080800,0,0,119.5290009689,-85.3569350757
2017-09-21,RUB_UZS,10,0.0100000000,True,0.0070366200,0.0071404919,0.0071080800,0,0,122.7692063982,-78.3392740783
2017-09-22,RUB_UZS,10,0.0100000000,True,0.0070596900,0.0071478005,0.0071080800,0,0,138.9520881658,-84.5568143807
2017-09-23,RUB_UZS,10,0.0100000000,True,0.0070768200,0.0071528962,0.0071080800,1,1,41.7630420194,20.9791811269
2017-09-26,RUB_UZS,10,0.0100000000,True,0.0071080800,0.0071603824,0.0071080800,1,1,26.1690845591,46.9980221195
2017-09-27,RUB_UZS,10,0.0100000000,True,0.0071080800,0.0071630438,0.0071434400,1,1,0.0000000000,76.7324771220
2017-09-28,RUB_UZS,10,0.0100000000,True,0.0071080800,0.0071657052,0.0071434400,0,1,66.2072993513,-35.3695289753
2017-09-29,RUB_UZS,10,0.0100000000,True,0.0071080800,0.0071683667,0.0071434400,0,0,136.8713039708,-103.5149801675
2017-09-30,RUB_UZS,10,0.0100000000,True,0.0071080800,0.0071737610,0.0071434400,0,1,64.8947858861,-22.7761250026
2017-10-03,RUB_UZS,10,0.0100000000,True,0.0071080800,0.0071720019,0.0071434400,1,1,32.4556629969,7.3925032819
2017-10-04,RUB_UZS,10,0.0100000000,True,0.0071080800,0.0071728614,0.0071434400,0,1,61.5082815663,-20.6173945724
2017-10-05,RUB_UZS,10,0.0100000000,True,0.0071080800,0.0071737210,0.0071434400,1,1,34.9724001222,7.2639463056
2017-10-06,RUB_UZS,10,0.0100000000,True,0.0071080800,0.0071745805,0.0071559400,1,1,0.0000000000,43.4038983796
2017-10-07,RUB_UZS,10,0.0100000000,True,0.0070896100,0.0071728129,0.0070896100,0,0,106.2002230065,9.9024710170
2017-10-10,RUB_UZS,10,0.0100000000,True,0.0070896100,0.0071644362,0.0070896100,0,0,200.1545392091,-97.6682709755
2017-10-11,RUB_UZS,10,0.0100000000,True,0.0070896100,0.0071618871,0.0070896100,0,0,169.7441635711,-70.0134701129
2017-10-12,RUB_UZS,10,0.0100000000,True,0.0070896100,0.0071593381,0.0070896100,0,0,133.4767699485,-36.5702868249
2017-10-13,RUB_UZS,10,0.0100000000,True,0.0070896100,0.0071567890,0.0070896100,0,0,104.1839690128,-10.4249997189
2017-10-14,RUB_UZS,10,0.0100000000,True,0.0070896100,0.0071551100,0.0070896100,1,1,92.6922249208,-1.1600101186
2017-10-17,RUB_UZS,10,0.0100000000,True,0.0070896100,0.0071520262,0.0071068000,1,1,0.0000000000,87.2706402548
2017-10-18,RUB_UZS,10,0.0100000000,True,0.0070896100,0.0071535538,0.0071068000,1,1,11.7074459637,53.7128964804
2017-10-19,RUB_UZS,10,0.0100000000,True,0.0070896100,0.0071550814,0.0071314400,1,1,0.0000000000,67.4785172656
2017-10-20,RUB_UZS,10,0.0100000000,True,0.0070896100,0.0071566090,0.0071314400,1,1,17.3855590675,17.8143692554
2017-10-21,RUB_UZS,10,0.0100000000,True,0.0070896100,0.0071536200,0.0071314400,1,1,7.1883271656,23.8340867980
2017-10-24,RUB_UZS,10,0.0100000000,True,0.0070896100,0.0071546933,0.0071369500,1,1,0.0000000000,32.5008106567
2017-10-25,RUB_UZS,10,0.0100000000,True,0.0070896100,0.0071583662,0.0071396300,1,1,0.0000000000,29.9177073460
2017-10-26,RUB_UZS,10,0.0100000000,True,0.0070896100,0.0071620390,0.0071582600,1,1,0.0000000000,31.2886420614
2017-10-27,RUB_UZS,10,0.0100000000,True,0.0070896100,0.0071657119,0.0071716400,1,1,0.0000000000,10.3993920785
2017-10-28,RUB_UZS,10,0.0100000000,True,0.0071068000,0.0071725433,0.0071716400,0,1,36.3305959190,-35.1990437609
2017-10-31,RUB_UZS,10,0.0100000000,True,0.0071314400,0.0071996110,0.0071906600,1,1,0.0000000000,38.8506442445
2017-11-01,RUB_UZS,10,0.0100000000,True,0.0071314400,0.0072096795,0.0071906600,1,1,5.3374105219,21.0543669235
2017-11-02,RUB_UZS,10,0.0100000000,True,0.0071314400,0.0072197481,0.0071906600,1,1,11.8346811720,28.4886605000
2017-11-03,RUB_UZS,10,0.0100000000,True,0.0071314400,0.0072298167,0.0072330700,1,1,0.0000000000,54.1599717835
2017-11-04,RUB_UZS,10,0.0100000000,True,0.0071369500,0.0072395481,0.0072330700,0,1,0.0000000000,8.9482038835
2017-11-08,RUB_UZS,10,0.0100000000,True,0.0071716400,0.0072893976,0.0073358000,0,1,0.0000000000,59.8919435174
2017-11-09,RUB_UZS,10,0.0100000000,True,0.0071716400,0.0072985533,0.0073358000,0,1,11.0839685509,-62.1858395682
2017-11-10,RUB_UZS,10,0.0100000000,True,0.0071716400,0.0073077090,0.0073358000,0,1,11.8863970874,-50.3864509944
2017-11-11,RUB_UZS,10,0.0100000000,True,0.0071906600,0.0073159995,0.0073358000,0,1,16.6167438531,-43.7540709049
2017-11-14,RUB_UZS,10,0.0100000000,True,0.0072308500,0.0073305357,0.0072308500,0,0,143.0655143270,-7.1813110521
2017-11-15,RUB_UZS,10,0.0100000000,True,0.0072308500,0.0073308400,0.0072308500,0,0,213.5045881493,-78.7904251082
2017-11-16,RUB_UZS,10,0.0100000000,True,0.0072308500,0.0073311443,0.0072308500,0,0,315.5708119098,-184.5901662983
2017-11-17,RUB_UZS,10,0.0100000000,True,0.0072308500,0.0073314486,0.0072308500,0,0,273.7162949233,-140.3425633679
2017-11-18,RUB_UZS,10,0.0100000000,True,0.0072079800,0.0073302538,0.0072079800,0,0,246.3850090527,-81.5881578323
2017-11-21,RUB_UZS,10,0.0100000000,True,0.0072050400,0.0073170110,0.0072050400,0,0,191.5395862091,-39.2633656093
2017-11-22,RUB_UZS,10,0.0100000000,True,0.0072050400,0.0073113033,0.0072050400,0,0,202.9827366772,-58.8358391185
2017-11-23,RUB_UZS,10,0.0100000000,True,0.0072050400,0.0073055957,0.0072050400,0,0,136.0681120909,1.5956457643
2017-11-24,RUB_UZS,10,0.0100000000,True,0.0072050400,0.0072998881,0.0072050400,1,1,35.6942821383,94.5741829702
2017-11-25,RUB_UZS,10,0.0100000000,True,0.0072050400,0.0072975438,0.0072050400,1,1,47.5449826368,79.5936427925
2017-11-28,RUB_UZS,10,0.0100000000,True,0.0072050400,0.0072766852,0.0072050400,1,1,4.0788126493,94.4183180214
2017-11-29,RUB_UZS,10,0.0100000000,True,0.0072050400,0.0072734443,0.0072050400,1,1,13.9706616106,80.1879871808
2017-11-30,RUB_UZS,10,0.0100000000,True,0.0072050400,0.0072702033,0.0072281500,1,1,0.0000000000,89.6306889170
2017-12-01,RUB_UZS,10,0.0100000000,True,0.0072050400,0.0072669624,0.0072281500,1,1,10.7795106379,42.6758517887
2017-12-02,RUB_UZS,10,0.0100000000,True,0.0072050400,0.0072655586,0.0072281500,1,1,0.0000000000,51.4875367954
2017-12-05,RUB_UZS,10,0.0100000000,True,0.0072050400,0.0072629643,0.0072492900,0,1,51.1626183513,-32.5014874879
2017-12-06,RUB_UZS,10,0.0100000000,True,0.0072050400,0.0072648295,0.0072550900,1,1,0.0000000000,21.3900735848
2017-12-07,RUB_UZS,10,0.0100000000,True,0.0072050400,0.0072666948,0.0072550900,0,1,32.0262695098,-16.1080635403
2017-12-08,RUB_UZS,10,0.0100000000,True,0.0072050400,0.0072685600,0.0072550900,0,1,93.6686287923,-75.8472104516
2017-12-09,RUB_UZS,10,0.0100000000,True,0.0072050400,0.0072707200,0.0072533400,0,1,93.7721933898,-70.5294661327
2017-12-12,RUB_UZS,10,0.0100000000,True,0.0072281500,0.0072733010,0.0072281500,0,0,120.4303838300,-59.0640314491
2017-12-13,RUB_UZS,10,0.0100000000,True,0.0072261700,0.0072732067,0.0072261700,1,1,61.6695617253,3.0202175840
2017-12-14,RUB_UZS,10,0.0100000000,True,0.0072261700,0.0072731124,0.0072261700,0,0,113.3530897439,-49.3703619123
2017-12-15,RUB_UZS,10,0.0100000000,True,0.0072261700,0.0072730181,0.0072261700,1,1,39.8616695313,24.6501452400
2017-12-16,RUB_UZS,10,0.0100000000,True,0.0071836300,0.0072681162,0.0071836300,0,0,130.5190674619,-14.4656596679
2017-12-19,RUB_UZS,10,0.0100000000,True,0.0070756200,0.0072418805,0.0070756200,0,0,245.0181571524,-15.8239615349
2017-12-20,RUB_UZS,10,0.0100000000,True,0.0070756200,0.0072310033,0.0070756200,0,0,219.7224994402,-4.9462937601
2017-12-21,RUB_UZS,10,0.0100000000,True,0.0070756200,0.0072201262,0.0070756200,0,0,237.2654044522,-38.0240023506
2017-12-22,RUB_UZS,10,0.0100000000,True,0.0070756200,0.0072092490,0.0070756200,0,0,211.0221840997,-26.2176438296
2017-12-23,RUB_UZS,10,0.0100000000,True,0.0070756200,0.0071986452,0.0070756200,0,0,208.3399643241,-38.2360305229
2017-12-26,RUB_UZS,10,0.0100000000,True,0.0070756200,0.0071722462,0.0070756200,0,0,150.3557393685,-15.8720284015
2017-12-27,RUB_UZS,10,0.0100000000,True,0.0070756200,0.0071634343,0.0070756200,1,1,73.0531209971,49.8982531124
2017-12-28,RUB_UZS,10,0.0100000000,True,0.0070756200,0.0071546224,0.0070935800,1,1,0.0000000000,110.4214544750
2017-12-29,RUB_UZS,10,0.0100000000,True,0.0070756200,0.0071458105,0.0070935800,1,1,4.9879387695,68.1384936708
2017-12-30,RUB_UZS,10,0.0100000000,True,0.0070756200,0.0071382029,0.0070935800,1,1,0.0000000000,62.5127332970
2018-01-10,RUB_UZS,10,0.0100000000,True,0.0069218200,0.0070245724,0.0069218200,0,0,125.6086061510,20.9299301866
2018-01-11,RUB_UZS,10,0.0100000000,True,0.0069218200,0.0070175719,0.0069218200,1,1,95.5839636438,41.2562994079
2018-01-12,RUB_UZS,10,0.0100000000,True,0.0069218200,0.0070105714,0.0069218200,0,0,116.8390767671,9.8728450911
2018-01-13,RUB_UZS,10,0.0100000000,True,0.0069218200,0.0070037867,0.0069218200,1,1,50.5248693037,66.8447925313
2018-01-16,RUB_UZS,10,0.0100000000,True,0.0068507500,0.0069745948,0.0068507500,0,0,106.2201233338,72.1113751002
2018-01-17,RUB_UZS,10,0.0100000000,True,0.0068384500,0.0069624457,0.0068384500,0,0,120.4452008287,58.3497752842
2018-01-18,RUB_UZS,10,0.0100000000,True,0.0068384500,0.0069502967,0.0068384500,0,0,156.2261587049,4.7719785582
2018-01-19,RUB_UZS,10,0.0100000000,True,0.0068384500,0.0069381476,0.0068384500,0,0,185.2170792967,-42.3057890435
2018-01-20,RUB_UZS,10,0.0100000000,True,0.0068384500,0.0069286943,0.0068384500,0,0,155.6451601294,-25.7995425236
2018-01-23,RUB_UZS,10,0.0100000000,True,0.0068384500,0.0069113867,0.0068384500,0,0,162.0606810433,-57.4607314692
2018-01-24,RUB_UZS,10,0.0100000000,True,0.0068384500,0.0069065076,0.0068384500,0,0,103.3593974995,-4.8684243004
2018-01-25,RUB_UZS,10,0.0100000000,True,0.0068384500,0.0069016286,0.0068384500,0,1,99.3761482766,-7.9132461489
2018-01-26,RUB_UZS,10,0.0100000000,True,0.0068384500,0.0068967495,0.0068384500,1,1,17.9542385870,66.6973965790
2018-01-27,RUB_UZS,10,0.0100000000,True,0.0068384500,0.0068968452,0.0068384500,1,1,0.0000000000,84.6694917448
2018-01-30,RUB_UZS,10,0.0100000000,True,0.0068384500,0.0069041838,0.0068545100,1,1,58.8102206507,13.2148995095
2018-01-31,RUB_UZS,10,0.0100000000,True,0.0068384500,0.0069117505,0.0068545100,1,1,44.5304908956,38.4569383430
2018-02-01,RUB_UZS,10,0.0100000000,True,0.0068384500,0.0069193171,0.0068545100,1,1,25.4946500525,68.3407652531
2018-02-02,RUB_UZS,10,0.0100000000,True,0.0068384500,0.0069268838,0.0068545100,1,1,39.1921505258,65.5472370727
2018-02-03,RUB_UZS,10,0.0100000000,True,0.0068384500,0.0069333352,0.0068545100,1,1,0.0000000000,113.6902160192
2018-02-06,RUB_UZS,10,0.0100000000,True,0.0068384500,0.0069491438,0.0069113000,0,1,21.6709907584,32.8584501194
2018-02-07,RUB_UZS,10,0.0100000000,True,0.0068384500,0.0069512371,0.0068824100,0,0,152.7506127337,-54.5699367800
2018-02-08,RUB_UZS,10,0.0100000000,True,0.0068384500,0.0069533305,0.0068824100,0,0,106.7038110352,-4.7596239253
2018-02-09,RUB_UZS,10,0.0100000000,True,0.0068545100,0.0069554238,0.0068824100,0,0,230.2330863356,-128.2110090173
2018-02-10,RUB_UZS,10,0.0100000000,True,0.0068545100,0.0069547543,0.0068810000,0,0,315.9115442047,-216.7088988252
2018-02-13,RUB_UZS,10,0.0100000000,True,0.0068545100,0.0069608895,0.0068810000,0,0,290.0976211374,-180.5666872898
2018-02-14,RUB_UZS,10,0.0100000000,True,0.0068545100,0.0069648024,0.0068810000,0,0,246.9100805080,-129.7920803824
2018-02-15,RUB_UZS,10,0.0100000000,True,0.0068545100,0.0069687152,0.0068810000,0,0,216.3882960648,-92.5202992258
2018-02-16,RUB_UZS,10,0.0100000000,True,0.0068810000,0.0069726281,0.0068810000,1,1,43.8412454965,87.9554945430
2018-02-17,RUB_UZS,10,0.0100000000,True,0.0068341900,0.0069682414,0.0068341900,1,1,70.0626670018,123.1751647116
2018-02-20,RUB_UZS,10,0.0100000000,True,0.0068128300,0.0069504948,0.0068128300,0,1,99.0699026304,99.9853453392
2018-02-21,RUB_UZS,10,0.0100000000,True,0.0068128300,0.0069423257,0.0068128300,0,0,136.6969488581,50.5244434348
2018-02-22,RUB_UZS,10,0.0100000000,True,0.0068128300,0.0069341567,0.0068128300,0,0,159.9748107557,15.2385750346
2018-02-23,RUB_UZS,10,0.0100000000,True,0.0068128300,0.0069259876,0.0068128300,0,0,178.5436260574,-15.4380595815
2018-02-27,RUB_UZS,10,0.0100000000,True,0.0068128300,0.0069135538,0.0068128300,1,1,31.2546183235,114.7945206046
2018-02-28,RUB_UZS,10,0.0100000000,True,0.0068128300,0.0069171524,0.0068987800,1,1,0.0000000000,150.8169477944
2018-03-01,RUB_UZS,10,0.0100000000,True,0.0068128300,0.0069207510,0.0069061200,0,1,0.0000000000,31.7464860853
2018-03-02,RUB_UZS,10,0.0100000000,True,0.0068128300,0.0069243495,0.0069216000,0,1,0.0000000000,26.3266950157
2018-03-03,RUB_UZS,10,0.0100000000,True,0.0068128300,0.0069269133,0.0069216000,0,1,17.7677273461,-10.1151354572
2018-03-06,RUB_UZS,10,0.0100000000,True,0.0068128300,0.0069376957,0.0069216000,0,1,94.4530310836,-71.9320762534
2018-03-07,RUB_UZS,10,0.0100000000,True,0.0068128300,0.0069437171,0.0069348400,0,1,0.0000000000,31.8520216220
2018-03-08,RUB_UZS,10,0.0100000000,True,0.0068128300,0.0069497386,0.0069348400,0,1,33.2567785478,-11.8586166756
2018-03-13,RUB_UZS,10,0.0100000000,True,0.0069216000,0.0069916190,0.0069826500,1,1,0.0000000000,81.2101563777
2018-03-14,RUB_UZS,10,0.0100000000,True,0.0069216000,0.0069955100,0.0069826500,0,1,16.9989734850,1.3866036929
2018-03-15,RUB_UZS,10,0.0100000000,True,0.0069216000,0.0069994010,0.0069826500,0,1,17.2273292636,6.7162210208
2018-03-16,RUB_UZS,10,0.0100000000,True,0.0069216000,0.0070032919,0.0069826500,0,1,31.4930953601,-2.0248980870
2018-03-17,RUB_UZS,10,0.0100000000,True,0.0069216000,0.0070039995,0.0069826500,0,0,113.9438181090,-84.4238723739
2018-03-20,RUB_UZS,10,0.0100000000,True,0.0069348400,0.0070209686,0.0069826500,0,0,123.8715006443,-70.1632945231
2018-03-21,RUB_UZS,10,0.0100000000,True,0.0069348400,0.0070246771,0.0069826500,0,0,149.7571524699,-91.2965191690
2018-03-22,RUB_UZS,10,0.0100000000,True,0.0069348400,0.0070283857,0.0069826500,0,0,114.1397681244,-49.6334252734
2018-03-23,RUB_UZS,10,0.0100000000,True,0.0069348400,0.0070320943,0.0070024600,1,1,0.0000000000,70.3123190693
2018-03-24,RUB_UZS,10,0.0100000000,True,0.0069826500,0.0070370224,0.0070024600,1,1,18.7723696945,30.3997625619
2018-03-27,RUB_UZS,10,0.0100000000,True,0.0069826500,0.0070535510,0.0070239200,1,1,0.0000000000,72.4329528855
2018-03-28,RUB_UZS,10,0.0100000000,True,0.0069826500,0.0070571690,0.0070358600,1,1,0.0000000000,47.1138602387
2018-03-29,RUB_UZS,10,0.0100000000,True,0.0069826500,0.0070607871,0.0070358600,0,1,51.2436192927,-16.0220906168
2018-03-30,RUB_UZS,10,0.0100000000,True,0.0069826500,0.0070644052,0.0070358600,0,1,87.3921686586,-47.3992654388
2018-03-31,RUB_UZS,10,0.0100000000,True,0.0069826500,0.0070720243,0.0070358600,1,1,0.0000000000,51.1371062276
2018-04-03,RUB_UZS,10,0.0100000000,True,0.0070024600,0.0071744586,0.0071026100,1,1,0.0000000000,189.7405498593
2018-04-04,RUB_UZS,10,0.0100000000,True,0.0070024600,0.0072017533,0.0071078000,0,1,0.0000000000,137.6655499633
2018-04-05,RUB_UZS,10,0.0100000000,True,0.0070024600,0.0072290481,0.0071078000,0,1,32.0307854554,136.1287045564
2018-04-06,RUB_UZS,10,0.0100000000,True,0.0070024600,0.0072563429,0.0071391100,0,1,0.0000000000,204.7076055628
2018-04-07,RUB_UZS,10,0.0100000000,True,0.0070239200,0.0072892533,0.0071391100,0,1,0.0000000000,205.9790303168
2018-04-10,RUB_UZS,10,0.0100000000,True,0.0070358600,0.0073622748,0.0075366300,0,1,0.0000000000,179.3532110320
2018-04-11,RUB_UZS,10,0.0100000000,True,0.0070358600,0.0073887671,0.0075366300,0,0,218.1903607390,-427.6394844143
2018-04-12,RUB_UZS,10,0.0100000000,True,0.0070358600,0.0074152595,0.0075366300,0,0,476.7181794059,-672.4518199119
2018-04-13,RUB_UZS,10,0.0100000000,True,0.0070383300,0.0074417519,0.0075366300,0,0,170.3096693582,-302.9637350498
2018-04-14,RUB_UZS,10,0.0100000000,True,0.0071026100,0.0074707286,0.0075366300,0,1,68.7722201871,-158.0721711977
2018-04-17,RUB_UZS,10,0.0100000000,True,0.0071391100,0.0075523757,0.0075366300,0,0,204.0012581919,-186.9667122720
2018-04-18,RUB_UZS,10,0.0100000000,True,0.0071391100,0.0075826324,0.0075366300,0,1,44.1871155919,16.5541204185
2018-04-19,RUB_UZS,10,0.0100000000,True,0.0071391100,0.0076086033,0.0075366300,0,0,110.2530624028,-15.8329540113
2018-04-20,RUB_UZS,10,0.0100000000,True,0.0072302300,0.0076345743,0.0075922000,0,1,0.0000000000,128.2904351295
2018-04-21,RUB_UZS,10,0.0100000000,True,0.0075366300,0.0076562062,0.0075922000,1,1,0.0000000000,83.6004006211
2018-04-24,RUB_UZS,10,0.0100000000,True,0.0075366300,0.0076539143,0.0076429400,0,1,5.1001459426,9.2427030800
2018-04-25,RUB_UZS,10,0.0100000000,True,0.0075366300,0.0076655643,0.0076534600,0,1,0.0000000000,29.5141816976
2018-04-26,RUB_UZS,10,0.0100000000,True,0.0075366300,0.0076772143,0.0076845000,0,1,0.0000000000,30.9412826453
2018-04-27,RUB_UZS,10,0.0100000000,True,0.0075366300,0.0076888643,0.0076845000,0,1,96.3238667705,-91.5294010540
2018-04-28,RUB_UZS,10,0.0100000000,True,0.0075366300,0.0076926548,0.0076845000,0,0,115.7630715802,-106.3940091274
2018-04-29,RUB_UZS,10,0.0100000000,True,0.0075366300,0.0077044686,0.0076845000,0,1,0.0000000000,25.9181684544
2018-05-04,RUB_UZS,10,0.0100000000,True,0.0076429400,0.0077341276,0.0076602000,0,0,264.9986274769,-174.0239980278
2018-05-05,RUB_UZS,10,0.0100000000,True,0.0076429400,0.0077349605,0.0076602000,0,0,221.1918855884,-127.3562083643
2018-05-08,RUB_UZS,10,0.0100000000,True,0.0076602000,0.0077409014,0.0076602000,0,0,145.3459202025,-41.6987242719
2018-05-09,RUB_UZS,10,0.0100000000,True,0.0076602000,0.0077381971,0.0076602000,0,0,202.0549565947,-103.3481774455
2018-05-11,RUB_UZS,10,0.0100000000,True,0.0076602000,0.0077413600,0.0076602000,0,0,125.9997808699,-21.4303429888
2018-05-12,RUB_UZS,10,0.0100000000,True,0.0076602000,0.0077464533,0.0076602000,1,1,0.0000000000,111.3455792242
2018-05-15,RUB_UZS,10,0.0100000000,True,0.0076602000,0.0077371667,0.0076624100,1,1,2.5051113405,94.1386812571
2018-05-16,RUB_UZS,10,0.0100000000,True,0.0076602000,0.0077312995,0.0076624100,1,1,67.7410699356,21.5093513818
2018-05-17,RUB_UZS,10,0.0100000000,True,0.0076602000,0.0077254324,0.0076624100,0,0,129.4236159776,-48.4731691393
2018-05-18,RUB_UZS,10,0.0100000000,True,0.0076602000,0.0077195652,0.0076624100,1,1,52.5000486833,21.6530822393
2018-05-19,RUB_UZS,10,0.0100000000,True,0.0076602000,0.0077201719,0.0076624100,1,1,71.6533790464,3.1889247963
2018-05-22,RUB_UZS,10,0.0100000000,True,0.0076602000,0.0077232490,0.0076624100,0,0,165.6300616316,-88.3189859092
2018-05-23,RUB_UZS,10,0.0100000000,True,0.0076602000,0.0077288438,0.0076790000,1,1,0.0000000000,85.9556890540
2018-05-24,RUB_UZS,10,0.0100000000,True,0.0076602000,0.0077344386,0.0076790000,1,1,28.9432030218,42.8584067511
2018-05-25,RUB_UZS,10,0.0100000000,True,0.0076624100,0.0077400333,0.0077102600,1,1,0.0000000000,78.8540962356
2018-05-26,RUB_UZS,10,0.0100000000,True,0.0076624100,0.0077445124,0.0077102600,1,1,0.0000000000,44.2279374963
2018-05-29,RUB_UZS,10,0.0100000000,True,0.0076624100,0.0077544310,0.0077583900,0,1,35.3586987793,-40.6078122462
2018-05-30,RUB_UZS,10,0.0100000000,True,0.0076624100,0.0077625710,0.0077583900,0,0,113.7536539554,-109.6145183613
2018-05-31,RUB_UZS,10,0.0100000000,True,0.0076624100,0.0077687643,0.0077583900,0,0,106.1261654176,-93.7674404920
2018-06-01,RUB_UZS,10,0.0100000000,True,0.0076624100,0.0077749576,0.0077583900,0,1,14.4794353406,6.8394186929
2018-06-02,RUB_UZS,10,0.0100000000,True,0.0076624100,0.0077776390,0.0077583900,0,1,24.8145657644,-0.0655113726
2018-06-05,RUB_UZS,10,0.0100000000,True,0.0077102600,0.0078083110,0.0077809600,1,1,0.0000000000,63.9330998540
2018-06-06,RUB_UZS,10,0.0100000000,True,0.0077102600,0.0078185576,0.0077809600,0,1,27.4020357995,20.7424691840
2018-06-07,RUB_UZS,10,0.0100000000,True,0.0077102600,0.0078288043,0.0077809600,0,1,31.2988844888,29.9078695287
2018-06-08,RUB_UZS,10,0.0100000000,True,0.0077583900,0.0078390510,0.0078477700,1,1,0.0000000000,74.1045730329
2018-06-09,RUB_UZS,10,0.0100000000,True,0.0077583900,0.0078505205,0.0078477700,0,1,51.8212875460,-48.5694215118
2018-06-10,RUB_UZS,10,0.0100000000,True,0.0077583900,0.0078642348,0.0078477700,0,1,0.0000000000,20.9362543251
2018-06-14,RUB_UZS,10,0.0100000000,True,0.0077583900,0.0079136595,0.0078898700,0,1,74.5989832901,-44.8723831037
2018-06-15,RUB_UZS,10,0.0100000000,True,0.0077583900,0.0079253067,0.0079254400,0,1,0.0000000000,44.7133065724
2018-06-16,RUB_UZS,10,0.0100000000,True,0.0077809600,0.0079360786,0.0079254400,0,1,0.0000000000,13.4053252281
2018-06-19,RUB_UZS,10,0.0100000000,True,0.0078477700,0.0079663967,0.0079643300,0,1,77.8020576121,-75.7975479504
2018-06-20,RUB_UZS,10,0.0100000000,True,0.0078477700,0.0079703881,0.0079643300,0,0,210.5913963956,-207.3574119442
2018-06-21,RUB_UZS,10,0.0100000000,True,0.0078477700,0.0079763262,0.0079643300,0,0,129.9755490314,-116.4493619064
2018-06-22,RUB_UZS,10,0.0100000000,True,0.0078477700,0.0079822643,0.0079643300,0,0,156.2890104539,-135.9460303512
2018-06-23,RUB_UZS,10,0.0100000000,True,0.0078477700,0.0079905186,0.0079643300,0,1,72.2363218437,-39.7488952532
2018-06-26,RUB_UZS,10,0.0100000000,True,0.0079254400,0.0080144567,0.0079643300,1,1,25.3863687599,37.2535131306
2018-06-27,RUB_UZS,10,0.0100000000,True,0.0079254400,0.0080201410,0.0079724700,1,1,0.0000000000,69.5884931603
2018-06-28,RUB_UZS,10,0.0100000000,True,0.0079254400,0.0080258252,0.0079724700,0,1,60.0947302407,6.4233121733
2018-06-29,RUB_UZS,10,0.0100000000,True,0.0079643300,0.0080315095,0.0079724700,1,1,84.4488499907,-11.0321430414
2018-06-30,RUB_UZS,10,0.0100000000,True,0.0079643300,0.0080306205,0.0079724700,1,1,0.0000000000,72.4109380625
2018-07-03,RUB_UZS,10,0.0100000000,True,0.0079476300,0.0080124810,0.0079476300,1,1,91.6082686810,-10.7695078095
2018-07-04,RUB_UZS,10,0.0100000000,True,0.0079476300,0.0080101171,0.0079476300,0,0,150.2198581209,-73.3108593739
2018-07-05,RUB_UZS,10,0.0100000000,True,0.0079476300,0.0080077533,0.0079476300,0,0,137.2020267579,-62.9847905738
2018-07-06,RUB_UZS,10,0.0100000000,True,0.0079476300,0.0080053895,0.0079476300,0,0,142.4499657674,-71.3150509674
2018-07-07,RUB_UZS,10,0.0100000000,True,0.0079476300,0.0080045895,0.0079476300,0,0,120.7983780848,-50.2467691452
2018-07-10,RUB_UZS,10,0.0100000000,True,0.0079476300,0.0080134433,0.0079476300,1,1,75.5234381146,6.6554826826
2018-07-11,RUB_UZS,10,0.0100000000,True,0.0079476300,0.0080220086,0.0079476300,1,1,55.4433591844,37.4825969841
2018-07-12,RUB_UZS,10,0.0100000000,True,0.0079476300,0.0080305738,0.0079678000,1,1,0.0000000000,103.2850347823
2018-07-13,RUB_UZS,10,0.0100000000,True,0.0079476300,0.0080391390,0.0079678000,1,1,9.2161275963,79.5968912094
2018-07-14,RUB_UZS,10,0.0100000000,True,0.0079476300,0.0080435962,0.0079678000,1,1,6.0707620061,88.2145110171
2018-07-17,RUB_UZS,10,0.0100000000,True,0.0079476300,0.0080468586,0.0080096500,1,1,0.0000000000,98.2477456598
2018-07-18,RUB_UZS,10,0.0100000000,True,0.0079476300,0.0080487386,0.0080768100,1,1,0.0000000000,48.5648416602
2018-07-19,RUB_UZS,10,0.0100000000,True,0.0079476300,0.0080506186,0.0080781500,0,1,0.0000000000,-32.5334362062
2018-07-20,RUB_UZS,10,0.0100000000,True,0.0079476300,0.0080524986,0.0080781500,0,1,57.4657470178,-89.8372448374
2018-07-21,RUB_UZS,10,0.0100000000,True,0.0079476300,0.0080549595,0.0080597900,0,0,113.5256871033,-120.8950534173
2018-07-24,RUB_UZS,10,0.0100000000,True,0.0079678000,0.0080653757,0.0080018900,0,0,139.0314626154,-61.1679944766
2018-07-25,RUB_UZS,10,0.0100000000,True,0.0079678000,0.0080735238,0.0080018900,0,1,94.4028026219,-5.7300759685
2018-07-26,RUB_UZS,10,0.0100000000,True,0.0079678000,0.0080816719,0.0080018900,0,0,119.5377035821,-21.0700155101
2018-07-27,RUB_UZS,10,0.0100000000,True,0.0079678000,0.0080898200,0.0080018900,0,1,98.1046061400,10.6924505119
2018-07-28,RUB_UZS,10,0.0100000000,True,0.0080018900,0.0080984590,0.0080018900,0,0,101.9260813256,17.4959798348
2018-07-31,RUB_UZS,10,0.0100000000,True,0.0080018900,0.0081289662,0.0080018900,1,1,71.8381000001,85.0983862588
2018-08-01,RUB_UZS,10,0.0100000000,True,0.0080018900,0.0081501214,0.0080287700,1,1,0.0000000000,181.8763436478
2018-08-02,RUB_UZS,10,0.0100000000,True,0.0080018900,0.0081712767,0.0081028000,1,1,0.0000000000,174.3995124385
2018-08-03,RUB_UZS,10,0.0100000000,True,0.0080018900,0.0081924319,0.0081437500,0,1,0.0000000000,109.4081779426
2018-08-04,RUB_UZS,10,0.0100000000,True,0.0080018900,0.0082234310,0.0081437500,0,1,0.0000000000,96.8950220928
2018-08-07,RUB_UZS,10,0.0100000000,True,0.0080018900,0.0082909757,0.0081642200,0,1,0.0000000000,170.9759130538
2018-08-08,RUB_UZS,10,0.0100000000,True,0.0080018900,0.0083148100,0.0081710100,0,1,0.0000000000,181.1105725807
2018-08-09,RUB_UZS,10,0.0100000000,True,0.0080018900,0.0083386443,0.0085167200,0,1,0.0000000000,201.0330216406
2018-08-10,RUB_UZS,10,0.0100000000,True,0.0080018900,0.0083624786,0.0085206000,0,1,0.0000000000,-184.4446323587
2018-08-11,RUB_UZS,10,0.0100000000,True,0.0080018900,0.0083893443,0.0085206000,0,1,88.4070446456,-247.0463807745
2018-08-14,RUB_UZS,10,0.0100000000,True,0.0081437500,0.0084808043,0.0085206000,0,0,279.6014917251,-335.9182745976
2018-08-15,RUB_UZS,10,0.0100000000,True,0.0081437500,0.0085066719,0.0085206000,0,1,56.5058781518,-73.2931702740
2018-08-16,RUB_UZS,10,0.0100000000,True,0.0081437500,0.0085325395,0.0085848100,0,1,0.0000000000,13.9929311505
2018-08-17,RUB_UZS,10,0.0100000000,True,0.0081492200,0.0085584071,0.0085848100,0,1,2.3640827126,-33.2221366292
2018-08-18,RUB_UZS,10,0.0100000000,True,0.0081642200,0.0085816052,0.0085848100,0,1,0.0000000000,-3.7344550534
2018-08-21,RUB_UZS,10,0.0100000000,True,0.0085206000,0.0086369471,0.0086084400,0,1,18.0079476158,15.0251502556
2018-08-22,RUB_UZS,10,0.0100000000,True,0.0085206000,0.0086415533,0.0086098400,0,1,0.0000000000,38.3187281916
2018-08-23,RUB_UZS,10,0.0100000000,True,0.0085206000,0.0086461595,0.0086098400,0,1,63.1423443803,-21.2701097404
2018-08-24,RUB_UZS,10,0.0100000000,True,0.0085206000,0.0086507657,0.0086098400,0,0,195.0660108665,-150.6968169292
2018-08-25,RUB_UZS,10,0.0100000000,True,0.0085206000,0.0086454929,0.0086098400,0,1,88.7881505289,-47.9754521142
2018-08-28,RUB_UZS,10,0.0100000000,True,0.0085848100,0.0086699000,0.0086098400,1,1,30.7304680896,38.6624989908
2018-08-29,RUB_UZS,10,0.0100000000,True,0.0085848100,0.0086802143,0.0086549600,1,1,0.0000000000,81.0743645236
2018-08-30,RUB_UZS,10,0.0100000000,True,0.0085848100,0.0086905286,0.0086549600,0,1,58.8203538410,-17.9982476818
2018-08-31,RUB_UZS,10,0.0100000000,True,0.0086084400,0.0087008429,0.0086549600,0,1,49.6199178673,3.1294176755
2018-09-01,RUB_UZS,10,0.0100000000,True,0.0086084400,0.0087143919,0.0086549600,1,1,44.1372868625,24.1691043874
2018-09-04,RUB_UZS,10,0.0100000000,True,0.0086098400,0.0087346381,0.0087196300,1,1,0.0000000000,91.2208317841
2018-09-05,RUB_UZS,10,0.0100000000,True,0.0086098400,0.0087345433,0.0086849800,0,1,43.1293421686,13.6736780362
2018-09-06,RUB_UZS,10,0.0100000000,True,0.0086098400,0.0087344486,0.0086849800,0,1,70.6545723112,-14.1181535052
2018-09-07,RUB_UZS,10,0.0100000000,True,0.0086098400,0.0087343538,0.0086849800,0,1,39.7379246596,16.8573541271
2018-09-08,RUB_UZS,10,0.0100000000,True,0.0086098400,0.0087361424,0.0086739400,0,0,144.8290671608,-74.7098847541
2018-09-11,RUB_UZS,10,0.0100000000,True,0.0082677200,0.0086893371,0.0082677200,0,0,719.2905651905,-252.2204554153
2018-09-12,RUB_UZS,10,0.0100000000,True,0.0082420600,0.0086678481,0.0082420600,0,0,739.4249092151,-268.0156622605
2018-09-13,RUB_UZS,10,0.0100000000,True,0.0082420600,0.0086463590,0.0082420600,0,0,685.9696149204,-234.4581705022
2018-09-14,RUB_UZS,10,0.0100000000,True,0.0082420600,0.0086248700,0.0082420600,0,0,558.9773254449,-121.9496641689
2018-09-15,RUB_UZS,10,0.0100000000,True,0.0082308300,0.0086046733,0.0082308300,0,0,522.9142726869,-93.3291288997
2018-09-18,RUB_UZS,10,0.0100000000,True,0.0081391800,0.0085211600,0.0081391800,0,0,616.5133722391,-179.2948377920
2018-09-19,RUB_UZS,10,0.0100000000,True,0.0081186500,0.0084886476,0.0081186500,0,0,368.1360074505,70.3264191503
2018-09-20,RUB_UZS,10,0.0100000000,True,0.0081186500,0.0084561352,0.0081186500,0,0,259.0421798417,143.7834597861
2018-09-21,RUB_UZS,10,0.0100000000,True,0.0081186500,0.0084236229,0.0081186500,0,0,180.3036387299,185.0781543605
2018-09-22,RUB_UZS,10,0.0100000000,True,0.0081164100,0.0083859043,0.0081164100,0,0,152.4497516398,171.5310368607
2018-09-25,RUB_UZS,10,0.0100000000,True,0.0079984400,0.0082757424,0.0079984400,0,0,282.3409060812,54.2699118520
2018-09-26,RUB_UZS,10,0.0100000000,True,0.0079984400,0.0082500510,0.0079984400,0,0,182.7590354643,124.4973551967
2018-09-27,RUB_UZS,10,0.0100000000,True,0.0079984400,0.0082243595,0.0079984400,0,0,172.9166820245,103.5697959980
2018-09-28,RUB_UZS,10,0.0100000000,True,0.0079984400,0.0081986681,0.0079984400,0,0,184.4095568501,60.9344038053
2018-09-29,RUB_UZS,10,0.0100000000,True,0.0079984400,0.0081754905,0.0079984400,0,0,148.0664888867,69.5254631585
2018-10-02,RUB_UZS,10,0.0100000000,True,0.0079984400,0.0081439262,0.0079984400,0,0,145.3475120158,33.7873770373
2018-10-03,RUB_UZS,10,0.0100000000,True,0.0079984400,0.0081354676,0.0079984400,1,1,92.0995095871,77.0424294983
2018-10-04,RUB_UZS,10,0.0100000000,True,0.0079984400,0.0081270090,0.0080644300,1,1,0.0000000000,158.1997102079
2018-10-05,RUB_UZS,10,0.0100000000,True,0.0079984400,0.0081185505,0.0080644300,0,1,37.3456080922,29.4270218071
2018-10-06,RUB_UZS,10,0.0100000000,True,0.0079984400,0.0081093205,0.0080370000,0,0,133.1539286916,-44.5654157036
2018-10-09,RUB_UZS,10,0.0100000000,True,0.0079681100,0.0080866486,0.0079681100,0,0,267.6125322301,-124.3548890287
2018-10-10,RUB_UZS,10,0.0100000000,True,0.0079681100,0.0080818681,0.0079681100,0,0,183.0791047111,-43.1112019540
2018-10-11,RUB_UZS,10,0.0100000000,True,0.0079681100,0.0080770876,0.0079681100,0,0,150.4118153870,-15.7264369925
2018-10-12,RUB_UZS,10,0.0100000000,True,0.0079681100,0.0080723071,0.0079681100,0,0,237.3965770099,-110.9507549178
2018-10-13,RUB_UZS,10,0.0100000000,True,0.0079564100,0.0080646881,0.0079564100,0,0,133.9462305457,0.3200312710
2018-10-16,RUB_UZS,10,0.0100000000,True,0.0079393800,0.0080525167,0.0079393800,0,0,121.4632325495,19.2693381572
2018-10-17,RUB_UZS,10,0.0100000000,True,0.0079393800,0.0080445833,0.0079393800,1,1,55.5380198704,75.6575335371
2018-10-18,RUB_UZS,10,0.0100000000,True,0.0079393800,0.0080366500,0.0079393800,1,1,36.0562291434,85.2842913403
2018-10-19,RUB_UZS,10,0.0100000000,True,0.0079393800,0.0080287167,0.0079393800,1,1,84.8102166900,26.6875361982
2018-10-20,RUB_UZS,10,0.0100000000,True,0.0079393800,0.0080198281,0.0079393800,1,1,98.3754580171,1.9552728805
2018-10-23,RUB_UZS,10,0.0100000000,True,0.0079393800,0.0079984581,0.0079393800,1,1,21.4041257301,52.5702513377
2018-10-24,RUB_UZS,10,0.0100000000,True,0.0079393800,0.0079935695,0.0079617700,1,1,0.0000000000,67.7913961317
2018-10-25,RUB_UZS,10,0.0100000000,True,0.0079393800,0.0079886810,0.0079617700,1,1,20.7186994723,12.9945762546
2018-10-26,RUB_UZS,10,0.0100000000,True,0.0079393800,0.0079837924,0.0079617700,1,1,38.5856434882,-11.0443992365
2018-10-27,RUB_UZS,10,0.0100000000,True,0.0079393800,0.0079802100,0.0079617700,1,1,21.4190999717,1.6916848053
2018-10-30,RUB_UZS,10,0.0100000000,True,0.0079393800,0.0079838867,0.0079617700,1,1,48.4716675729,-20.8712047516
2018-10-31,RUB_UZS,10,0.0100000000,True,0.0079393800,0.0079879238,0.0079617700,1,1,29.5415610567,3.2096068828
2018-11-01,RUB_UZS,10,0.0100000000,True,0.0079393800,0.0079919610,0.0079617700,1,1,2.4862658923,35.2991619317
2018-11-02,RUB_UZS,10,0.0100000000,True,0.0079393800,0.0079959981,0.0079617700,1,1,10.9403562391,31.9010771817
2018-11-03,RUB_UZS,10,0.0100000000,True,0.0079393800,0.0080068714,0.0079617700,1,1,0.0000000000,56.3284036390
2018-11-07,RUB_UZS,10,0.0100000000,True,0.0079617700,0.0080322900,0.0079653700,1,1,42.0178572768,41.4701162433
2018-11-08,RUB_UZS,10,0.0100000000,True,0.0079617700,0.0080316476,0.0079653700,1,1,57.1825873342,25.4837114605
2018-11-09,RUB_UZS,10,0.0100000000,True,0.0079617700,0.0080310052,0.0079653700,1,1,75.7521956300,6.0207134124
2018-11-10,RUB_UZS,10,0.0100000000,True,0.0079617700,0.0080300471,0.0079653700,0,0,169.8991983256,-90.8996620372
2018-11-13,RUB_UZS,10,0.0100000000,True,0.0079235400,0.0080251719,0.0079235400,0,0,319.1423073399,-198.8469494883
2018-11-14,RUB_UZS,10,0.0100000000,True,0.0079235400,0.0080238062,0.0079235400,0,0,316.7288098931,-198.0404383551
2018-11-15,RUB_UZS,10,0.0100000000,True,0.0079235400,0.0080224405,0.0079235400,0,0,361.7708415694,-247.4428129429
2018-11-16,RUB_UZS,10,0.0100000000,True,0.0079235400,0.0080210748,0.0079235400,0,0,161.8716871681,-40.9362075157
2018-11-17,RUB_UZS,10,0.0100000000,True,0.0079235400,0.0080245462,0.0079235400,1,1,52.5148235424,73.7439713992
2018-11-20,RUB_UZS,10,0.0100000000,True,0.0079235400,0.0080298533,0.0079235400,1,1,71.2868855438,61.5494845070
2018-11-21,RUB_UZS,10,0.0100000000,True,0.0079235400,0.0080257538,0.0079264800,1,1,0.0000000000,127.3572700455
2018-11-22,RUB_UZS,10,0.0100000000,True,0.0079235400,0.0080216543,0.0079264800,1,1,51.1095491515,67.8841094053
2018-11-23,RUB_UZS,10,0.0100000000,True,0.0079235400,0.0080175548,0.0079330900,1,1,0.0000000000,113.5941875165
2018-11-24,RUB_UZS,10,0.0100000000,True,0.0079235400,0.0080081757,0.0079330900,1,1,0.0000000000,93.7613221345
2018-11-27,RUB_UZS,10,0.0100000000,True,0.0079235400,0.0079892257,0.0079877900,0,1,58.3471380903,-56.8819649607
2018-11-28,RUB_UZS,10,0.0100000000,True,0.0079235400,0.0079931900,0.0079877900,0,1,54.1383865814,-47.6405540216
2018-11-29,RUB_UZS,10,0.0100000000,True,0.0079235400,0.0079971543,0.0079877900,0,0,123.1913267766,-112.8722931443
2018-11-30,RUB_UZS,10,0.0100000000,True,0.0079235400,0.0080011186,0.0079877900,0,1,51.4379587226,-34.9593976414
2018-12-01,RUB_UZS,10,0.0100000000,True,0.0079235400,0.0080004652,0.0079667100,0,1,62.6672238195,-20.6047541164
2018-12-04,RUB_UZS,10,0.0100000000,True,0.0079330900,0.0080084738,0.0079667100,1,1,26.3902781620,25.8274048411
2018-12-05,RUB_UZS,10,0.0100000000,True,0.0079330900,0.0080122524,0.0079667100,1,1,37.2164217461,19.6978080594
2018-12-06,RUB_UZS,10,0.0100000000,True,0.0079330900,0.0080160310,0.0079667100,0,1,87.1866593337,-25.8844404947
2018-12-07,RUB_UZS,10,0.0100000000,True,0.0079667100,0.0080198095,0.0079667100,1,1,74.3299897712,-8.1803391602
2018-12-08,RUB_UZS,10,0.0100000000,True,0.0079667100,0.0080189600,0.0079667100,0,0,101.7689989091,-36.9873400042
2018-12-11,RUB_UZS,10,0.0100000000,True,0.0079667100,0.0080202457,0.0079717300,1,1,0.0000000000,66.7507158669
2018-12-12,RUB_UZS,10,0.0100000000,True,0.0079667100,0.0080274695,0.0079717300,1,1,61.0545214258,8.4329486265
2018-12-13,RUB_UZS,10,0.0100000000,True,0.0079667100,0.0080346933,0.0079717300,1,1,26.5733513325,51.9289680419
2018-12-14,RUB_UZS,10,0.0100000000,True,0.0079667100,0.0080419171,0.0080124400,1,1,0.0000000000,87.2766301994
2018-12-15,RUB_UZS,10,0.0100000000,True,0.0079667100,0.0080529262,0.0080124400,1,1,0.0000000000,50.2751292121
2018-12-18,RUB_UZS,10,0.0100000000,True,0.0079667100,0.0080866300,0.0080193200,1,1,0.0000000000,86.3153130538
2018-12-19,RUB_UZS,10,0.0100000000,True,0.0079667100,0.0081004538,0.0080633800,1,1,0.0000000000,100.1595854153
2018-12-20,RUB_UZS,10,0.0100000000,True,0.0079667100,0.0081139852,0.0080920800,0,1,0.0000000000,62.3679198449
2018-12-21,RUB_UZS,10,0.0100000000,True,0.0079667100,0.0081275167,0.0081686500,0,1,0.0000000000,43.6008538894
2018-12-22,RUB_UZS,10,0.0100000000,True,0.0079717300,0.0081449486,0.0081686500,0,1,0.0000000000,-29.0995435558
2018-12-25,RUB_UZS,10,0.0100000000,True,0.0080124400,0.0081931838,0.0082432300,0,1,0.0000000000,-31.4849405016
2018-12-26,RUB_UZS,10,0.0100000000,True,0.0080124400,0.0082084381,0.0082614800,0,1,0.0000000000,-42.3855359061
2018-12-27,RUB_UZS,10,0.0100000000,True,0.0080124400,0.0082236924,0.0082614800,0,1,1.4644141315,-47.4210576480
2018-12-28,RUB_UZS,10,0.0100000000,True,0.0080168300,0.0082389467,0.0083327800,0,1,0.0000000000,-27.3497744857
2018-12-29,RUB_UZS,10,0.0100000000,True,0.0080193200,0.0082539919,0.0083327800,0,1,7.3630638020,-102.8933590171
2018-12-30,RUB_UZS,10,0.0100000000,True,0.0080633800,0.0082689186,0.0083327800,0,1,0.0000000000,-77.2306898656
2019-01-10,RUB_UZS,10,0.0100000000,True,0.0079379700,0.0081617886,0.0079379700,0,0,134.2041648283,141.9279247616
2019-01-11,RUB_UZS,10,0.0100000000,True,0.0079379700,0.0081429881,0.0079379700,0,0,101.8868583285,151.4285588974
2019-01-12,RUB_UZS,10,0.0100000000,True,0.0079379700,0.0081248048,0.0079379700,0,0,110.1985692251,121.0918474818
2019-01-15,RUB_UZS,10,0.0100000000,True,0.0078778300,0.0080658462,0.0078778300,0,0,228.2602628429,4.9544590633
2019-01-16,RUB_UZS,10,0.0100000000,True,0.0078778300,0.0080441862,0.0078778300,0,0,198.0709267863,8.9085338237
2019-01-17,RUB_UZS,10,0.0100000000,True,0.0078778300,0.0080225262,0.0078778300,0,0,139.7709493710,41.1668216371
2019-01-18,RUB_UZS,10,0.0100000000,True,0.0078778300,0.0080008662,0.0078778300,0,0,103.9248495081,50.3772835548
2019-01-19,RUB_UZS,10,0.0100000000,True,0.0078716100,0.0079789057,0.0078716100,1,1,83.5981995397,51.3049229450
2019-01-22,RUB_UZS,10,0.0100000000,True,0.0077970400,0.0079414048,0.0077970400,0,0,193.5496853827,-11.9943994555
2019-01-23,RUB_UZS,10,0.0100000000,True,0.0077970400,0.0079321967,0.0077970400,0,0,211.0814960635,-41.5689811019
2019-01-24,RUB_UZS,10,0.0100000000,True,0.0077970400,0.0079229886,0.0077970400,0,0,151.7832670852,7.2934239100
2019-01-25,RUB_UZS,10,0.0100000000,True,0.0077970400,0.0079137805,0.0077970400,0,0,102.5536220000,45.4276894572
2019-01-26,RUB_UZS,10,0.0100000000,True,0.0077970400,0.0079023529,0.0077970400,0,0,102.6666937466,30.9184588243
2019-01-29,RUB_UZS,10,0.0100000000,True,0.0077970400,0.0078791810,0.0077970400,1,1,94.7328437257,9.6088063299
2019-01-30,RUB_UZS,10,0.0100000000,True,0.0077970400,0.0078756190,0.0077970400,0,0,165.7696882248,-67.1070452512
2019-01-31,RUB_UZS,10,0.0100000000,True,0.0077970400,0.0078720571,0.0077970400,0,0,112.0301114214,-16.9242383548
2019-02-01,RUB_UZS,10,0.0100000000,True,0.0077970400,0.0078684952,0.0078044200,1,1,0.0000000000,90.8118209811
2019-02-02,RUB_UZS,10,0.0100000000,True,0.0077970400,0.0078620986,0.0078044200,1,1,36.5502582008,36.9476052286
2019-02-05,RUB_UZS,10,0.0100000000,True,0.0077970400,0.0078535729,0.0078044200,1,1,22.3092431861,40.3674324025
2019-02-06,RUB_UZS,10,0.0100000000,True,0.0077970400,0.0078567952,0.0078166000,1,1,0.0000000000,66.6623432431
2019-02-07,RUB_UZS,10,0.0100000000,True,0.0077970400,0.0078600176,0.0078166000,1,1,24.2864964272,31.0274355983
2019-02-08,RUB_UZS,10,0.0100000000,True,0.0077970400,0.0078632400,0.0078166000,1,1,55.7476572499,3.5863079341
2019-02-09,RUB_UZS,10,0.0100000000,True,0.0077970400,0.0078641681,0.0078166000,1,1,59.2254777653,1.2691682401
2019-02-12,RUB_UZS,10,0.0100000000,True,0.0078044200,0.0078611986,0.0078120000,1,1,5.8849115984,56.7325338793
2019-02-13,RUB_UZS,10,0.0100000000,True,0.0078044200,0.0078599410,0.0078066400,1,1,29.8721716264,38.0549326797
2019-02-14,RUB_UZS,10,0.0100000000,True,0.0078044200,0.0078586833,0.0078066400,1,1,20.1855433670,46.1315614787
2019-02-15,RUB_UZS,10,0.0100000000,True,0.0078044200,0.0078574257,0.0078066400,0,0,153.9594713390,-90.7221885467
2019-02-16,RUB_UZS,10,0.0100000000,True,0.0077784600,0.0078553586,0.0077784600,0,0,210.3430959815,-114.8660850437
2019-02-19,RUB_UZS,10,0.0100000000,True,0.0077784600,0.0078545057,0.0077784600,0,0,142.7430903169,-46.5901828141
2019-02-20,RUB_UZS,10,0.0100000000,True,0.0077784600,0.0078530271,0.0077784600,0,0,140.2441343119,-45.9349706637
2019-02-21,RUB_UZS,10,0.0100000000,True,0.0077784600,0.0078515486,0.0077784600,1,1,87.8886463466,5.2455530156
2019-02-22,RUB_UZS,10,0.0100000000,True,0.0077784600,0.0078500700,0.0077784600,1,1,42.9339477727,48.4963828348
2019-02-23,RUB_UZS,10,0.0100000000,True,0.0077784600,0.0078509443,0.0077784600,1,1,36.0974759948,56.4317922812
2019-02-26,RUB_UZS,10,0.0100000000,True,0.0077784600,0.0078493100,0.0078087600,1,1,0.0000000000,90.2627109899
2019-02-27,RUB_UZS,10,0.0100000000,True,0.0077784600,0.0078453229,0.0078252800,1,1,0.0000000000,46.6046558040
2019-02-28,RUB_UZS,10,0.0100000000,True,0.0077784600,0.0078413357,0.0078321200,1,1,0.0000000000,20.4757389184
2019-03-01,RUB_UZS,10,0.0100000000,True,0.0077784600,0.0078373486,0.0078321200,1,1,20.8956593090,-14.2540917628
2019-03-02,RUB_UZS,10,0.0100000000,True,0.0077784600,0.0078370119,0.0078321200,1,1,0.0000000000,6.2420535037
2019-03-05,RUB_UZS,10,0.0100000000,True,0.0077784600,0.0078353881,0.0078236400,1,1,14.4480635511,0.5463612432
2019-03-06,RUB_UZS,10,0.0100000000,True,0.0077784600,0.0078357657,0.0078145700,1,1,32.3726554379,-5.3399831833
2019-03-07,RUB_UZS,10,0.0100000000,True,0.0077784600,0.0078361433,0.0078145700,1,1,38.8398274579,-11.3533740875
2019-03-08,RUB_UZS,10,0.0100000000,True,0.0077784600,0.0078365210,0.0078145700,0,1,60.1511601580,-32.3345624583
2019-03-12,RUB_UZS,10,0.0100000000,True,0.0076082400,0.0078091862,0.0076082400,0,0,349.8084101659,-95.8407287242
2019-03-13,RUB_UZS,10,0.0100000000,True,0.0076082400,0.0077986867,0.0076082400,0,0,315.4260925352,-73.5422972928
2019-03-14,RUB_UZS,10,0.0100000000,True,0.0076082400,0.0077881871,0.0076082400,0,0,289.1094163821,-59.7865155122
2019-03-15,RUB_UZS,10,0.0100000000,True,0.0076082400,0.0077776876,0.0076082400,0,0,275.3194165376,-59.0823175256
2019-03-16,RUB_UZS,10,0.0100000000,True,0.0076082400,0.0077710433,0.0076082400,0,0,264.0324419642,-56.0113549746
2019-03-19,RUB_UZS,10,0.0100000000,True,0.0076082400,0.0077493467,0.0076082400,0,0,150.9671372685,31.5983627007
2019-03-20,RUB_UZS,10,0.0100000000,True,0.0076082400,0.0077424971,0.0076082400,1,1,92.3151450750,81.8432886547
2019-03-21,RUB_UZS,10,0.0100000000,True,0.0076082400,0.0077356476,0.0076082400,1,1,86.6737200903,78.7104351777
2019-03-22,RUB_UZS,10,0.0100000000,True,0.0076082400,0.0077287981,0.0076116300,1,1,0.0000000000,155.9855669051
2019-03-23,RUB_UZS,10,0.0100000000,True,0.0076082400,0.0077241148,0.0076116300,1,1,0.0000000000,145.6280303596
2019-03-26,RUB_UZS,10,0.0100000000,True,0.0076082400,0.0077129010,0.0076641900,0,1,40.5955222775,22.6515969657
2019-03-27,RUB_UZS,10,0.0100000000,True,0.0076082400,0.0077108271,0.0077010700,1,1,0.0000000000,60.4826719535
2019-03-28,RUB_UZS,10,0.0100000000,True,0.0076082400,0.0077087533,0.0077180200,0,1,0.0000000000,9.9670244994
2019-03-29,RUB_UZS,10,0.0100000000,True,0.0076082400,0.0077066795,0.0077180200,0,1,10.2770400054,-25.0178771946
2019-03-30,RUB_UZS,10,0.0100000000,True,0.0076082400,0.0077078433,0.0077180200,0,1,0.0000000000,-13.2030014448
2019-04-02,RUB_UZS,10,0.0100000000,True,0.0076116300,0.0077089733,0.0076222200,0,0,209.9495484017,-99.5030899056
2019-04-03,RUB_UZS,10,0.0100000000,True,0.0076116300,0.0077101424,0.0076222200,0,0,198.0270594544,-85.6892334580
2019-04-04,RUB_UZS,10,0.0100000000,True,0.0076116300,0.0077113114,0.0076222200,0,0,153.9260441937,-38.9928116729
2019-04-05,RUB_UZS,10,0.0100000000,True,0.0076222200,0.0077124805,0.0076222200,0,0,179.2600514086,-63.3642107236
2019-04-06,RUB_UZS,10,0.0100000000,True,0.0076042100,0.0077081367,0.0076042100,0,0,214.6565058384,-81.5804597825
2019-04-09,RUB_UZS,10,0.0100000000,True,0.0075649000,0.0076921538,0.0075649000,0,0,237.9569767592,-74.2915338035
2019-04-10,RUB_UZS,10,0.0100000000,True,0.0075644700,0.0076848419,0.0075644700,0,0,133.6002817306,23.3471358087
2019-04-11,RUB_UZS,10,0.0100000000,True,0.0075644700,0.0076775300,0.0075644700,0,0,171.8519788898,-25.0210679737
2019-04-12,RUB_UZS,10,0.0100000000,True,0.0075644700,0.0076702181,0.0075644700,1,1,75.7653282115,62.5772235445
2019-04-13,RUB_UZS,10,0.0100000000,True,0.0075460800,0.0076588086,0.0075460800,0,0,117.9909326391,29.5458114895
2019-04-16,RUB_UZS,10,0.0100000000,True,0.0075460800,0.0076364305,0.0075460800,1,1,76.4444958779,42.1931114163
2019-04-17,RUB_UZS,10,0.0100000000,True,0.0075460800,0.0076313952,0.0075460800,1,1,88.3319125796,23.6722611418
2019-04-18,RUB_UZS,10,0.0100000000,True,0.0075460800,0.0076263600,0.0075460800,1,1,24.8780552288,80.5889047986
2019-04-19,RUB_UZS,10,0.0100000000,True,0.0075460800,0.0076213248,0.0075460800,1,1,41.2677255241,57.6996300231
2019-04-20,RUB_UZS,10,0.0100000000,True,0.0075460800,0.0076173548,0.0075460800,1,1,24.3110224510,69.4266757395
2019-04-23,RUB_UZS,10,0.0100000000,True,0.0075460800,0.0076160486,0.0075591500,1,1,0.0000000000,91.8699122942
2019-04-24,RUB_UZS,10,0.0100000000,True,0.0075460800,0.0076168405,0.0075853700,1,1,0.0000000000,75.7406911315
2019-04-25,RUB_UZS,10,0.0100000000,True,0.0075460800,0.0076176324,0.0076528100,1,1,0.0000000000,42.3522419289
2019-04-26,RUB_UZS,10,0.0100000000,True,0.0075460800,0.0076184243,0.0076528100,0,1,15.2260818738,-60.4530708169
2019-04-27,RUB_UZS,10,0.0100000000,True,0.0075460800,0.0076247395,0.0076528100,0,1,16.2681598063,-53.1696539454
2019-04-30,RUB_UZS,10,0.0100000000,True,0.0075460800,0.0076443110,0.0076528100,0,1,17.1146879765,-28.2812247614
2019-05-01,RUB_UZS,10,0.0100000000,True,0.0075460800,0.0076518443,0.0076528100,0,1,0.0000000000,-1.2620673522
2019-05-07,RUB_UZS,10,0.0100000000,True,0.0076351000,0.0076868486,0.0076351000,0,0,131.4879608315,-65.0220023290
2019-05-08,RUB_UZS,10,0.0100000000,True,0.0076351000,0.0076858219,0.0076351000,0,0,111.5623915330,-46.0823782765
2019-05-09,RUB_UZS,10,0.0100000000,True,0.0076351000,0.0076847952,0.0076351000,0,0,113.3934248129,-49.2853234619
2019-05-14,RUB_UZS,10,0.0100000000,True,0.0076155700,0.0076781219,0.0076155700,0,0,172.1899599948,-92.3117607629
2019-05-15,RUB_UZS,10,0.0100000000,True,0.0076155700,0.0076774462,0.0076155700,0,0,135.7575663374,-55.9219934059
2019-05-16,RUB_UZS,10,0.0100000000,True,0.0076155700,0.0076767705,0.0076155700,1,1,70.0455974412,9.7443009579
2019-05-17,RUB_UZS,10,0.0100000000,True,0.0076155700,0.0076760948,0.0076155700,1,1,25.5792327540,53.4057527640
2019-05-18,RUB_UZS,10,0.0100000000,True,0.0076155700,0.0076705900,0.0076155700,1,1,36.8276179661,35.0298999164
2019-05-21,RUB_UZS,10,0.0100000000,True,0.0076077200,0.0076592210,0.0076077200,1,1,24.8993340510,42.4468135638
2019-05-22,RUB_UZS,10,0.0100000000,True,0.0076077200,0.0076584848,0.0076077200,1,1,40.9216937340,25.4681735502
2019-05-23,RUB_UZS,10,0.0100000000,True,0.0076077200,0.0076577486,0.0076077200,1,1,10.3078298801,55.0795981810
2019-05-24,RUB_UZS,10,0.0100000000,True,0.0076077200,0.0076570124,0.0076077200,1,1,22.0341739546,42.4348026826
2019-05-25,RUB_UZS,10,0.0100000000,True,0.0076077200,0.0076559838,0.0076077200,1,1,40.4523330130,22.6800499528
2019-05-28,RUB_UZS,10,0.0100000000,True,0.0076077200,0.0076533419,0.0076077200,1,1,17.7267973805,41.9580167220
2019-05-29,RUB_UZS,10,0.0100000000,True,0.0076077200,0.0076539671,0.0076503900,1,1,0.0000000000,60.4224475935
2019-05-30,RUB_UZS,10,0.0100000000,True,0.0076077200,0.0076545924,0.0076503900,1,1,1.0847943204,4.4056963252
2019-05-31,RUB_UZS,10,0.0100000000,True,0.0076077200,0.0076552176,0.0076503900,1,1,24.1234389853,-17.8602119924
2019-06-01,RUB_UZS,10,0.0100000000,True,0.0076077200,0.0076545705,0.0076131200,0,0,122.0804934600,-68.7687493025
2019-06-04,RUB_UZS,10,0.0100000000,True,0.0075756900,0.0076479786,0.0075756900,0,0,196.3273546083,-103.8463011235
2019-06-05,RUB_UZS,10,0.0100000000,True,0.0075659200,0.0076445167,0.0075659200,0,0,117.1946434263,-14.5507346224
2019-06-06,RUB_UZS,10,0.0100000000,True,0.0075659200,0.0076410548,0.0075659200,0,0,110.4126717723,-12.2172113486
2019-06-07,RUB_UZS,10,0.0100000000,True,0.0075659200,0.0076375929,0.0075659200,0,0,127.0216591894,-33.6063251043
2019-06-08,RUB_UZS,10,0.0100000000,True,0.0075525300,0.0076343214,0.0075525300,0,0,136.2440167954,-29.5095924888
2019-06-11,RUB_UZS,10,0.0100000000,True,0.0074283300,0.0076123000,0.0074283300,0,0,242.7257156067,-1.0772039988
2019-06-12,RUB_UZS,10,0.0100000000,True,0.0073980900,0.0075975800,0.0073980900,0,0,234.4340911521,28.8118058645
2019-06-14,RUB_UZS,10,0.0100000000,True,0.0073980900,0.0075681400,0.0073980900,0,0,251.8954417163,-27.9064605042
2019-06-15,RUB_UZS,10,0.0100000000,True,0.0073723000,0.0075512305,0.0073723000,0,0,255.9107154186,-19.4531525105
2019-06-18,RUB_UZS,10,0.0100000000,True,0.0073042300,0.0075054086,0.0073042300,0,0,328.7640035856,-62.7832957033
2019-06-19,RUB_UZS,10,0.0100000000,True,0.0073042300,0.0074916910,0.0073042300,0,0,311.8828231006,-63.6425713796
2019-06-20,RUB_UZS,10,0.0100000000,True,0.0073042300,0.0074779733,0.0073042300,0,0,258.0131453996,-26.3529512453
2019-06-21,RUB_UZS,10,0.0100000000,True,0.0073042300,0.0074642557,0.0073042300,0,0,167.0631218592,48.1303369832
2019-06-22,RUB_UZS,10,0.0100000000,True,0.0073042300,0.0074525014,0.0073042300,0,0,126.8705841643,73.0109602701
2019-06-25,RUB_UZS,10,0.0100000000,True,0.0073042300,0.0074257529,0.0073042300,1,1,92.3321080260,71.9830812730
2019-06-26,RUB_UZS,10,0.0100000000,True,0.0073042300,0.0074186824,0.0073375700,1,1,0.0000000000,154.2758876512
2019-06-27,RUB_UZS,10,0.0100000000,True,0.0073042300,0.0074116119,0.0073652300,1,1,0.0000000000,99.8998675502
2019-06-28,RUB_UZS,10,0.0100000000,True,0.0073042300,0.0074045414,0.0073662800,1,1,0.0000000000,53.0909698469
2019-06-29,RUB_UZS,10,0.0100000000,True,0.0073042300,0.0073996962,0.0073662800,1,1,3.3926918703,41.7803510852
2019-07-02,RUB_UZS,10,0.0100000000,True,0.0073042300,0.0073880314,0.0073455500,1,1,28.1417486167,29.4414402290
2019-07-03,RUB_UZS,10,0.0100000000,True,0.0073042300,0.0073863557,0.0073455500,1,1,40.9314861966,14.3720593705
2019-07-04,RUB_UZS,10,0.0100000000,True,0.0073042300,0.0073846800,0.0073455500,0,1,83.0423946883,-30.3059848226
2019-07-05,RUB_UZS,10,0.0100000000,True,0.0073042300,0.0073830043,0.0073455500,0,1,68.3736878255,-17.7647388220
2019-07-06,RUB_UZS,10,0.0100000000,True,0.0073042300,0.0073808067,0.0073261500,0,0,123.0748074807,-49.6332379207
2019-07-09,RUB_UZS,10,0.0100000000,True,0.0073191700,0.0073802157,0.0073191700,0,0,176.6392243497,-95.6127685776
2019-07-10,RUB_UZS,10,0.0100000000,True,0.0073191700,0.0073781510,0.0073191700,0,0,156.4786322947,-77.7553183573
2019-07-11,RUB_UZS,10,0.0100000000,True,0.0073191700,0.0073760862,0.0073191700,0,0,161.5463716588,-85.7688046074
2019-07-12,RUB_UZS,10,0.0100000000,True,0.0073191700,0.0073740214,0.0073191700,1,1,35.9128996467,38.6104500064
2019-07-13,RUB_UZS,10,0.0100000000,True,0.0073191700,0.0073726929,0.0073191700,1,1,59.3923589890,13.2826055996
2019-07-16,RUB_UZS,10,0.0100000000,True,0.0073191700,0.0073633162,0.0073191700,1,1,9.5275144517,50.4747990101
2019-07-17,RUB_UZS,10,0.0100000000,True,0.0073191700,0.0073587538,0.0073197200,1,1,0.0000000000,53.7914578316
2019-07-18,RUB_UZS,10,0.0100000000,True,0.0073191700,0.0073541914,0.0073197200,1,1,28.3222827842,18.6035796108
2019-07-19,RUB_UZS,10,0.0100000000,True,0.0073191700,0.0073496290,0.0073197200,1,1,20.7499993183,19.9861074945
2019-07-20,RUB_UZS,10,0.0100000000,True,0.0073191700,0.0073447981,0.0073197200,1,1,7.7811238127,26.3834280900
2019-07-23,RUB_UZS,10,0.0100000000,True,0.0073150500,0.0073354424,0.0073150500,1,1,31.7917578539,-4.0046924167
2019-07-24,RUB_UZS,10,0.0100000000,True,0.0073150500,0.0073400043,0.0073150500,1,1,6.3800254655,27.6352505049
2019-07-25,RUB_UZS,10,0.0100000000,True,0.0073150500,0.0073445662,0.0073150500,1,1,30.1478635496,10.0702890877
2019-07-26,RUB_UZS,10,0.0100000000,True,0.0073150500,0.0073491281,0.0073150500,1,1,13.7472150627,32.6679504384
2019-07-27,RUB_UZS,10,0.0100000000,True,0.0073150500,0.0073577052,0.0073150500,1,1,8.9870698192,49.0305563050
2019-07-30,RUB_UZS,10,0.0100000000,True,0.0073150500,0.0073807319,0.0073150500,1,1,46.6437076577,42.5457870129
2019-07-31,RUB_UZS,10,0.0100000000,True,0.0073150500,0.0073889719,0.0073413500,1,1,0.0000000000,100.0435591239
2019-08-01,RUB_UZS,10,0.0100000000,True,0.0073150500,0.0073972119,0.0073675500,1,1,0.0000000000,75.5175131943
2019-08-02,RUB_UZS,10,0.0100000000,True,0.0073150500,0.0074054519,0.0074587000,1,1,0.0000000000,51.1810828689
2019-08-03,RUB_UZS,10,0.0100000000,True,0.0073150500,0.0074140286,0.0074587000,0,1,0.0000000000,-60.2525713801
2019-08-06,RUB_UZS,10,0.0100000000,True,0.0073150500,0.0074422952,0.0074594900,0,1,62.3212327827,-85.9610642390
2019-08-07,RUB_UZS,10,0.0100000000,True,0.0073150500,0.0074422995,0.0073217200,0,0,228.0258976559,-67.5469672104
2019-08-08,RUB_UZS,10,0.0100000000,True,0.0073150500,0.0074423038,0.0073217200,0,0,211.5388471848,-50.5840549374
2019-08-09,RUB_UZS,10,0.0100000000,True,0.0073150500,0.0074423081,0.0073217200,0,0,245.0683883896,-85.1240017898
2019-08-10,RUB_UZS,10,0.0100000000,True,0.0072795800,0.0074389867,0.0072795800,0,0,291.8999367870,-79.9481649830
2019-08-13,RUB_UZS,10,0.0100000000,True,0.0069700600,0.0074113333,0.0069700600,0,0,729.4416831039,-144.5848700189
2019-08-14,RUB_UZS,10,0.0100000000,True,0.0069700600,0.0073890671,0.0069700600,0,0,816.5190558883,-271.6349077121
2019-08-15,RUB_UZS,10,0.0100000000,True,0.0069700600,0.0073668010,0.0069700600,0,0,739.1109091537,-216.5648951971
2019-08-16,RUB_UZS,10,0.0100000000,True,0.0069700600,0.0073445348,0.0069700600,0,0,656.1172412591,-156.5180665922
2019-08-17,RUB_UZS,10,0.0100000000,True,0.0069700600,0.0073221967,0.0069700600,0,0,480.2969793983,0.6509886150
2019-08-20,RUB_UZS,10,0.0100000000,True,0.0069700600,0.0072620433,0.0069700600,0,0,425.1893653205,-24.1483916602
2019-08-21,RUB_UZS,10,0.0100000000,True,0.0069700600,0.0072418010,0.0069700600,0,0,450.4028059407,-78.7083875874
2019-08-22,RUB_UZS,10,0.0100000000,True,0.0069700600,0.0072215586,0.0069700600,0,0,284.7776181044,65.3440264478
2019-08-23,RUB_UZS,10,0.0100000000,True,0.0069700600,0.0072013162,0.0069911100,1,1,0.0000000000,321.1304494337
2019-08-24,RUB_UZS,10,0.0100000000,True,0.0069700600,0.0071817357,0.0069911100,1,1,0.0000000000,265.4312576645
2019-08-27,RUB_UZS,10,0.0100000000,True,0.0069700600,0.0071180852,0.0070268900,1,1,14.6081450356,113.6755677808
2019-08-28,RUB_UZS,10,0.0100000000,True,0.0069700600,0.0071037686,0.0070210700,0,1,39.6509018275,77.0697565357
2019-08-29,RUB_UZS,10,0.0100000000,True,0.0069700600,0.0070894519,0.0070210700,0,1,62.4329457990,34.2366449310
2019-08-30,RUB_UZS,10,0.0100000000,True,0.0069700600,0.0070751352,0.0070210700,0,0,112.2274235434,-36.2180524364
2019-08-31,RUB_UZS,10,0.0100000000,True,0.0069700600,0.0070606557,0.0069755100,0,0,138.3498954529,-18.0072308136
2019-09-03,RUB_UZS,10,0.0100000000,True,0.0069352000,0.0070327729,0.0069352000,0,0,242.1453998002,-105.9712070488
2019-09-04,RUB_UZS,10,0.0100000000,True,0.0068586300,0.0070264643,0.0068586300,0,0,390.8052740639,-158.1246410255
2019-09-05,RUB_UZS,10,0.0100000000,True,0.0068586300,0.0070201557,0.0068586300,0,0,305.1244683362,-77.3975506038
2019-09-06,RUB_UZS,10,0.0100000000,True,0.0068586300,0.0070138471,0.0068586300,0,0,239.4515923830,-18.5958673994
2019-09-07,RUB_UZS,10,0.0100000000,True,0.0067901300,0.0070020833,0.0067901300,0,0,328.9242238006,-27.1157393633
2019-09-10,RUB_UZS,10,0.0100000000,True,0.0067901300,0.0069683929,0.0067901300,0,0,265.7583459847,-10.2134638546
2019-09-11,RUB_UZS,10,0.0100000000,True,0.0067901300,0.0069550138,0.0067901300,0,0,246.3503518573,-9.5128358583
2019-09-12,RUB_UZS,10,0.0100000000,True,0.0067901300,0.0069416348,0.0067901300,0,0,245.2714176122,-27.6955483177
2019-09-13,RUB_UZS,10,0.0100000000,True,0.0067901300,0.0069282557,0.0067901300,0,0,209.1792594302,-10.0231371368
2019-09-14,RUB_UZS,10,0.0100000000,True,0.0067901300,0.0069137505,0.0067901300,0,1,99.8741731220,79.7258685865
2019-09-17,RUB_UZS,10,0.0100000000,True,0.0067556700,0.0068728414,0.0067556700,1,1,50.7501329135,120.3453177715
2019-09-18,RUB_UZS,10,0.0100000000,True,0.0067556700,0.0068636143,0.0067556700,1,1,96.3730372460,61.4898855871
2019-09-19,RUB_UZS,10,0.0100000000,True,0.0067556700,0.0068543871,0.0067556700,0,0,143.6793767280,0.3459723710
2019-09-20,RUB_UZS,10,0.0100000000,True,0.0067556700,0.0068451600,0.0067556700,0,0,111.5795020419,19.3713514366
2019-09-21,RUB_UZS,10,0.0100000000,True,0.0067556700,0.0068392386,0.0067556700,1,1,54.0897855106,68.4704458537
2019-09-24,RUB_UZS,10,0.0100000000,True,0.0067556700,0.0068333590,0.0067556700,1,1,69.1197158771,44.8813642095
2019-09-25,RUB_UZS,10,0.0100000000,True,0.0067556700,0.0068353162,0.0068067100,1,1,0.0000000000,116.5215891361
2019-09-26,RUB_UZS,10,0.0100000000,True,0.0067556700,0.0068372733,0.0068174800,1,1,0.0000000000,44.7010552940
2019-09-27,RUB_UZS,10,0.0100000000,True,0.0067556700,0.0068392305,0.0068273000,1,1,0.0000000000,31.8025196931
2019-09-28,RUB_UZS,10,0.0100000000,True,0.0067556700,0.0068434186,0.0068273000,0,1,0.0000000000,23.5533911310
2019-10-01,RUB_UZS,10,0.0100000000,True,0.0067556700,0.0068513086,0.0068691400,0,1,0.0000000000,0.2168511709
2019-10-02,RUB_UZS,10,0.0100000000,True,0.0067556700,0.0068518300,0.0068033600,0,0,122.7082934081,-52.6136813085
2019-10-03,RUB_UZS,10,0.0100000000,True,0.0067556700,0.0068523514,0.0068033600,0,0,191.0502936185,-121.8830824705
2019-10-04,RUB_UZS,10,0.0100000000,True,0.0067556700,0.0068528729,0.0068033600,0,0,154.9966934232,-84.0481708297
2019-10-05,RUB_UZS,10,0.0100000000,True,0.0067556700,0.0068538476,0.0068033600,0,0,139.6721320979,-66.9439758551
2019-10-08,RUB_UZS,10,0.0100000000,True,0.0067811900,0.0068550019,0.0067811900,0,0,140.8678003164,-33.6660668498
2019-10-09,RUB_UZS,10,0.0100000000,True,0.0067811900,0.0068528443,0.0067811900,0,0,157.5959719991,-53.8837783936
2019-10-10,RUB_UZS,10,0.0100000000,True,0.0067811900,0.0068506867,0.0067811900,0,0,192.4289582080,-92.7692893073
2019-10-11,RUB_UZS,10,0.0100000000,True,0.0067811900,0.0068485290,0.0067811900,0,0,128.0364063041,-30.0954442007
2019-10-12,RUB_UZS,10,0.0100000000,True,0.0067632600,0.0068443433,0.0067632600,1,1,58.9414642177,59.8791313313
2019-10-15,RUB_UZS,10,0.0100000000,True,0.0067408500,0.0068219576,0.0067408500,0,0,120.6332549728,-1.7625160101
2019-10-16,RUB_UZS,10,0.0100000000,True,0.0067408500,0.0068155405,0.0067408500,1,1,96.6701681444,13.0444184457
2019-10-17,RUB_UZS,10,0.0100000000,True,0.0067408500,0.0068091233,0.0067408500,0,0,110.6325169521,-10.4810359826
2019-10-18,RUB_UZS,10,0.0100000000,True,0.0067408500,0.0068027062,0.0067408500,1,1,59.4880839499,31.6288692672
2019-10-19,RUB_UZS,10,0.0100000000,True,0.0067408500,0.0067970738,0.0067408500,1,1,60.6606615462,22.1916223753
2019-10-22,RUB_UZS,10,0.0100000000,True,0.0067408500,0.0067763833,0.0067408500,1,1,33.1349083134,19.3662794559
2019-10-23,RUB_UZS,10,0.0100000000,True,0.0067408500,0.0067747314,0.0067415200,1,1,0.0000000000,50.0114711980
2019-10-24,RUB_UZS,10,0.0100000000,True,0.0067408500,0.0067730795,0.0067415200,1,1,25.0353631903,21.6142801189
2019-10-25,RUB_UZS,10,0.0100000000,True,0.0067408500,0.0067714276,0.0067415200,1,1,34.4576286470,9.7433206390
2019-10-26,RUB_UZS,10,0.0100000000,True,0.0067408500,0.0067688329,0.0067415200,1,1,34.6638639935,5.7068289680
2019-10-29,RUB_UZS,10,0.0100000000,True,0.0066787800,0.0067551776,0.0066787800,0,0,119.8556170301,-6.8427230386
2019-10-30,RUB_UZS,10,0.0100000000,True,0.0066787800,0.0067523457,0.0066787800,1,1,98.4406642966,10.6121851412
2019-10-31,RUB_UZS,10,0.0100000000,True,0.0066787800,0.0067495138,0.0066787800,0,0,108.3686934885,-3.6094310567
2019-11-01,RUB_UZS,10,0.0100000000,True,0.0066787800,0.0067466819,0.0066787800,1,1,93.0650654452,7.6510273269
2019-11-02,RUB_UZS,10,0.0100000000,True,0.0066787800,0.0067456590,0.0066787800,0,0,132.8030469797,-34.1122375420
2019-11-06,RUB_UZS,10,0.0100000000,True,0.0066787800,0.0067428681,0.0067146800,1,1,0.0000000000,95.0457495726
2019-11-07,RUB_UZS,10,0.0100000000,True,0.0066787800,0.0067409676,0.0067225200,1,1,0.0000000000,38.9968036241
2019-11-08,RUB_UZS,10,0.0100000000,True,0.0066787800,0.0067390671,0.0067225200,1,1,2.0226416890,22.5359720199
2019-11-09,RUB_UZS,10,0.0100000000,True,0.0066787800,0.0067367419,0.0067109700,1,1,17.1810571036,21.1109538750
2019-11-12,RUB_UZS,10,0.0100000000,True,0.0066787800,0.0067335205,0.0067109700,1,1,45.7000970070,-12.2662785964
2019-11-13,RUB_UZS,10,0.0100000000,True,0.0066787800,0.0067302157,0.0066992700,1,1,38.1269043006,7.8834238172
2019-11-14,RUB_UZS,10,0.0100000000,True,0.0066787800,0.0067269110,0.0066992700,0,1,92.1090578344,-51.4932453607
2019-11-15,RUB_UZS,10,0.0100000000,True,0.0066787800,0.0067236062,0.0066992700,0,1,88.3124030916,-52.5816184385
2019-11-16,RUB_UZS,10,0.0100000000,True,0.0066787800,0.0067205700,0.0066992700,1,1,38.3491002311,-6.6809809287
2019-11-19,RUB_UZS,10,0.0100000000,True,0.0066992700,0.0067260319,0.0066992700,1,1,17.4341414132,22.3934482845
2019-11-20,RUB_UZS,10,0.0100000000,True,0.0066992700,0.0067267857,0.0066992700,1,1,19.3823857169,21.5641093709
2019-11-21,RUB_UZS,10,0.0100000000,True,0.0066992700,0.0067275395,0.0066992700,1,1,59.0733453231,-17.1540815920
2019-11-22,RUB_UZS,10,0.0100000000,True,0.0066992700,0.0067282933,0.0066992700,1,1,30.3141239709,12.8611118818
2019-11-23,RUB_UZS,10,0.0100000000,True,0.0066992700,0.0067297724,0.0066992700,1,1,0.0000000000,45.3245358472
2019-11-26,RUB_UZS,10,0.0100000000,True,0.0066992700,0.0067268000,0.0066995800,1,1,7.9493982768,32.5414758875
2019-11-27,RUB_UZS,10,0.0100000000,True,0.0066992700,0.0067255810,0.0066994600,1,1,64.7622098343,-26.0929840014
2019-11-28,RUB_UZS,10,0.0100000000,True,0.0066992700,0.0067243619,0.0066994600,1,1,56.7700301735,-19.8503522374
2019-11-29,RUB_UZS,10,0.0100000000,True,0.0066992700,0.0067231429,0.0066994600,1,1,76.6382272781,-41.7321830776
2019-11-30,RUB_UZS,10,0.0100000000,True,0.0066992700,0.0067226248,0.0066994600,1,1,57.7144256383,-23.3915154455
2019-12-03,RUB_UZS,10,0.0100000000,True,0.0066291700,0.0067134167,0.0066291700,0,0,212.1266706433,-88.5142935167
2019-12-04,RUB_UZS,10,0.0100000000,True,0.0065673900,0.0067071367,0.0065673900,0,0,247.2278199609,-39.8580417575
2019-12-05,RUB_UZS,10,0.0100000000,True,0.0065673900,0.0067008567,0.0065673900,0,0,269.8846589773,-72.6673256206
2019-12-06,RUB_UZS,10,0.0100000000,True,0.0065673900,0.0066945767,0.0065673900,0,0,197.3108762042,-7.4737113076
2019-12-07,RUB_UZS,10,0.0100000000,True,0.0065673900,0.0066886876,0.0065673900,0,0,197.1352915011,-16.1053730805
2019-12-10,RUB_UZS,10,0.0100000000,True,0.0065595500,0.0066628771,0.0065595500,0,0,209.7583763800,-55.8510330372
2019-12-11,RUB_UZS,10,0.0100000000,True,0.0065519300,0.0066540000,0.0065519300,0,0,184.2863007008,-31.4697926060
2019-12-12,RUB_UZS,10,0.0100000000,True,0.0065519300,0.0066451229,0.0065519300,0,0,182.1977007636,-42.7338116505
2019-12-13,RUB_UZS,10,0.0100000000,True,0.0065519300,0.0066362457,0.0065519300,0,0,116.5153405328,10.6622246830
2019-12-14,RUB_UZS,10,0.0100000000,True,0.0065304200,0.0066247019,0.0065304200,1,1,56.2932915511,86.5124281603
2019-12-17,RUB_UZS,10,0.0100000000,True,0.0064794100,0.0065917471,0.0064794100,0,0,154.7276804979,15.9398451267
2019-12-18,RUB_UZS,10,0.0100000000,True,0.0064794100,0.0065831252,0.0064794100,0,0,122.9560050426,35.0217218439
2019-12-19,RUB_UZS,10,0.0100000000,True,0.0064794100,0.0065745033,0.0064794100,0,0,138.4847193474,6.2412826115
2019-12-20,RUB_UZS,10,0.0100000000,True,0.0064794100,0.0065658814,0.0064794100,0,0,122.1730149172,9.6429224931
2019-12-21,RUB_UZS,10,0.0100000000,True,0.0064794100,0.0065563195,0.0064794100,0,0,110.6849432152,6.6951035464
2019-12-24,RUB_UZS,10,0.0100000000,True,0.0064794100,0.0065351767,0.0064794100,1,1,78.1113619032,7.2785586516
2019-12-25,RUB_UZS,10,0.0100000000,True,0.0064794100,0.0065325014,0.0064794100,1,1,72.5322710384,8.8043280730
2019-12-26,RUB_UZS,10,0.0100000000,True,0.0064794100,0.0065298262,0.0064847900,1,1,0.0000000000,77.2090849060
2019-12-27,RUB_UZS,10,0.0100000000,True,0.0064794100,0.0065271510,0.0064992900,1,1,0.0000000000,64.8996058004
2019-12-28,RUB_UZS,10,0.0100000000,True,0.0064794100,0.0065238162,0.0064992900,1,1,29.3170103093,8.3021812970
2019-12-31,RUB_UZS,10,0.0100000000,True,0.0064018800,0.0065111629,0.0064018800,0,0,149.8779097409,18.2346186132
2020-01-01,RUB_UZS,10,0.0100000000,True,0.0064018800,0.0065059952,0.0064018800,0,0,167.9104191080,-8.0153177399
2020-01-10,RUB_UZS,10,0.0100000000,True,0.0063886200,0.0064703838,0.0063886200,1,1,20.7126656545,105.8728686589
2020-01-11,RUB_UZS,10,0.0100000000,True,0.0063886200,0.0064681824,0.0063886200,1,1,85.0326147180,38.2988287797
2020-01-14,RUB_UZS,10,0.0100000000,True,0.0063886200,0.0064636038,0.0064302800,1,1,0.0000000000,116.0092909985
2020-01-15,RUB_UZS,10,0.0100000000,True,0.0063886200,0.0064611024,0.0064322500,1,1,0.0000000000,47.7045233693
2020-01-16,RUB_UZS,10,0.0100000000,True,0.0063886200,0.0064586010,0.0064465400,1,1,0.0000000000,40.7997840016
2020-01-17,RUB_UZS,10,0.0100000000,True,0.0063886200,0.0064560995,0.0064493600,1,1,0.0000000000,14.8069647537
2020-01-18,RUB_UZS,10,0.0100000000,True,0.0063886200,0.0064559038,0.0064493600,1,1,0.0000000000,10.1361632962
2020-01-21,RUB_UZS,10,0.0100000000,True,0.0063886200,0.0064699105,0.0064586800,0,1,0.0000000000,26.0443730288
2020-01-22,RUB_UZS,10,0.0100000000,True,0.0063886200,0.0064774695,0.0064586800,0,1,42.8737267767,-13.9259261002
2020-01-23,RUB_UZS,10,0.0100000000,True,0.0063886200,0.0064850286,0.0064586800,0,1,27.9767786561,12.6885661920
2020-01-24,RUB_UZS,10,0.0100000000,True,0.0063886200,0.0064925876,0.0064586800,0,1,23.9566648492,28.3363431148
2020-01-25,RUB_UZS,10,0.0100000000,True,0.0064302800,0.0065080410,0.0064586800,1,1,0.0000000000,75.8460998358
2020-01-28,RUB_UZS,10,0.0100000000,True,0.0064493600,0.0065340757,0.0065242500,1,1,0.0000000000,41.2846674347
2020-01-29,RUB_UZS,10,0.0100000000,True,0.0064493600,0.0065435567,0.0065242500,0,1,87.4380868455,-58.4442609447
2020-01-30,RUB_UZS,10,0.0100000000,True,0.0064493600,0.0065530376,0.0065816700,0,1,0.0000000000,43.9301904264
2020-01-31,RUB_UZS,10,0.0100000000,True,0.0064530600,0.0065625186,0.0065816700,0,1,46.4582397590,-75.9943427643
2020-02-01,RUB_UZS,10,0.0100000000,True,0.0064586800,0.0065740776,0.0065816700,0,1,31.0201979658,-42.7016268732
2020-02-04,RUB_UZS,10,0.0100000000,True,0.0064586800,0.0066021838,0.0065816700,0,0,195.8398007490,-168.0598324393
2020-02-05,RUB_UZS,10,0.0100000000,True,0.0064586800,0.0066114567,0.0065816700,0,0,111.0348174537,-66.7225629047
2020-02-06,RUB_UZS,10,0.0100000000,True,0.0064586800,0.0066207295,0.0065816700,0,1,55.7371996325,3.2768651879
2020-02-07,RUB_UZS,10,0.0100000000,True,0.0065071000,0.0066300024,0.0066295500,0,1,0.0000000000,72.8994926024
2020-02-08,RUB_UZS,10,0.0100000000,True,0.0065242500,0.0066364443,0.0066295500,0,1,28.4426769508,-18.1056508100
2020-02-11,RUB_UZS,10,0.0100000000,True,0.0065816700,0.0066531433,0.0066295500,0,1,98.9426207473,-64.1150573939
2020-02-12,RUB_UZS,10,0.0100000000,True,0.0065816700,0.0066601029,0.0066295500,0,0,126.5319435074,-81.6911450531
2020-02-13,RUB_UZS,10,0.0100000000,True,0.0065816700,0.0066670624,0.0066423800,1,1,0.0000000000,56.2652316852
2020-02-14,RUB_UZS,10,0.0100000000,True,0.0065816700,0.0066740219,0.0066423800,0,1,61.7476977400,-14.4262266074
2020-02-15,RUB_UZS,10,0.0100000000,True,0.0065816700,0.0066756962,0.0066423800,0,1,16.5779652840,33.3840693769
2020-02-18,RUB_UZS,10,0.0100000000,True,0.0066295500,0.0067110648,0.0066865700,1,1,0.0000000000,102.3455507309
2020-02-19,RUB_UZS,10,0.0100000000,True,0.0066295500,0.0067301948,0.0066884400,1,1,0.0000000000,64.8194642920
2020-02-20,RUB_UZS,10,0.0100000000,True,0.0066295500,0.0067493248,0.0066941100,1,1,0.0000000000,90.2086713154
2020-02-21,RUB_UZS,10,0.0100000000,True,0.0066295500,0.0067684548,0.0067483000,1,1,0.0000000000,109.8400809638
2020-02-22,RUB_UZS,10,0.0100000000,True,0.0066295500,0.0067811590,0.0067483000,0,1,0.0000000000,48.4563883376
2020-02-26,RUB_UZS,10,0.0100000000,True,0.0066423800,0.0068447890,0.0068828300,0,1,0.0000000000,49.5399454726
2020-02-27,RUB_UZS,10,0.0100000000,True,0.0066423800,0.0068667143,0.0069048300,0,1,0.0000000000,-23.4693240685
2020-02-28,RUB_UZS,10,0.0100000000,True,0.0066423800,0.0068886395,0.0069455000,0,1,0.0000000000,-23.5031549183
2020-02-29,RUB_UZS,10,0.0100000000,True,0.0066865700,0.0069110900,0.0069455000,0,0,148.4924519765,-201.2707112771
2020-03-03,RUB_UZS,10,0.0100000000,True,0.0067483000,0.0070451986,0.0069455000,0,1,24.5454636852,117.2551356659
2020-03-04,RUB_UZS,10,0.0100000000,True,0.0067483000,0.0070896695,0.0069455000,0,1,55.8664016998,148.3137168191
2020-03-05,RUB_UZS,10,0.0100000000,True,0.0067483000,0.0071341405,0.0069734900,0,1,0.0000000000,264.4193464091
2020-03-06,RUB_UZS,10,0.0100000000,True,0.0067483000,0.0071786114,0.0071138400,0,1,0.0000000000,285.7397013509
2020-03-07,RUB_UZS,10,0.0100000000,True,0.0068108800,0.0072274210,0.0071138400,0,1,0.0000000000,157.1528116728
2020-03-11,RUB_UZS,10,0.0100000000,True,0.0069455000,0.0074578376,0.0075091400,0,1,99.1386187046,-169.6099961057
2020-03-12,RUB_UZS,10,0.0100000000,True,0.0069455000,0.0075124795,0.0076821900,0,1,0.0000000000,4.4453017129
2020-03-13,RUB_UZS,10,0.0100000000,True,0.0069455000,0.0075671214,0.0076821900,0,0,140.8380208754,-297.0859838191
2020-03-14,RUB_UZS,10,0.0100000000,True,0.0069455000,0.0076401262,0.0076821900,0,1,0.0000000000,-55.0564329373
2020-03-17,RUB_UZS,10,0.0100000000,True,0.0071138400,0.0078203486,0.0077598800,0,1,17.2642249752,60.1617319213
2020-03-18,RUB_UZS,10,0.0100000000,True,0.0071138400,0.0078698943,0.0081103400,0,1,0.0000000000,139.7913132251
2020-03-19,RUB_UZS,10,0.0100000000,True,0.0071138400,0.0079194400,0.0081543000,0,1,0.0000000000,-241.0523976443
2020-03-20,RUB_UZS,10,0.0100000000,True,0.0071138400,0.0079689857,0.0081543000,0,0,315.0866016041,-565.4474758394
2020-03-21,RUB_UZS,10,0.0100000000,True,0.0075091400,0.0080185314,0.0081543000,0,1,52.9052767433,-223.4057109139
2020-03-24,RUB_UZS,10,0.0100000000,True,0.0076821900,0.0080936505,0.0081543000,0,0,401.8390501537,-496.7344772204
2020-03-25,RUB_UZS,10,0.0100000000,True,0.0076821900,0.0081161319,0.0081543000,0,0,139.2593954140,-188.9176975403
2020-03-26,RUB_UZS,10,0.0100000000,True,0.0076821900,0.0081386133,0.0081543000,0,1,7.7077760309,-27.0029620115
2020-03-27,RUB_UZS,10,0.0100000000,True,0.0077598800,0.0081610948,0.0081543000,0,0,125.7306436203,-118.8997811276
2020-03-28,RUB_UZS,10,0.0100000000,True,0.0077598800,0.0081695086,0.0079499900,0,0,250.5549219430,18.6162622826
2020-04-07,RUB_UZS,10,0.0100000000,True,0.0073818700,0.0078953895,0.0073818700,0,0,714.6172510909,-69.1548859316
2020-04-08,RUB_UZS,10,0.0100000000,True,0.0072923200,0.0078543429,0.0072923200,0,0,661.2282532832,58.1752770078
2020-04-09,RUB_UZS,10,0.0100000000,True,0.0072923200,0.0078132962,0.0072923200,0,0,661.0010168458,6.1896930032
2020-04-10,RUB_UZS,10,0.0100000000,True,0.0072923200,0.0077722495,0.0072923200,0,0,621.2445468763,-4.0020282171
2020-04-11,RUB_UZS,10,0.0100000000,True,0.0072923200,0.0077355276,0.0072923200,0,0,419.8174432597,159.8438078654
2020-04-14,RUB_UZS,10,0.0100000000,True,0.0072923200,0.0076443533,0.0072923200,0,0,483.3668506312,-24.0133676012
2020-04-15,RUB_UZS,10,0.0100000000,True,0.0072923200,0.0076068638,0.0072923200,0,0,290.1638296512,127.0218738540
2020-04-16,RUB_UZS,10,0.0100000000,True,0.0072923200,0.0075693743,0.0072923200,0,0,312.1188852252,55.6377371823
2020-04-17,RUB_UZS,10,0.0100000000,True,0.0072923200,0.0075318848,0.0072923200,0,0,121.3107247892,199.1729383109
2020-04-18,RUB_UZS,10,0.0100000000,True,0.0072923200,0.0075032624,0.0072923200,1,1,0.0000000000,281.1342190137
2020-04-21,RUB_UZS,10,0.0100000000,True,0.0071871000,0.0074280367,0.0071871000,0,0,265.5238827924,60.4421715743
2020-04-22,RUB_UZS,10,0.0100000000,True,0.0071871000,0.0074078090,0.0071871000,0,0,457.2540855184,-166.9467336239
2020-04-23,RUB_UZS,10,0.0100000000,True,0.0071871000,0.0073875814,0.0071871000,0,0,554.5370315611,-299.7849479832
2020-04-24,RUB_UZS,10,0.0100000000,True,0.0071871000,0.0073673538,0.0071871000,0,0,297.8113344070,-54.7770495616
2020-04-25,RUB_UZS,10,0.0100000000,True,0.0071871000,0.0073447057,0.0071871000,0,0,244.2235802265,-30.3814564971
2020-04-28,RUB_UZS,10,0.0100000000,True,0.0071871000,0.0073155390,0.0071871000,0,0,220.1956205810,-45.6302019081
2020-04-29,RUB_UZS,10,0.0100000000,True,0.0071871000,0.0073150657,0.0071871000,0,0,229.9803705134,-56.3416479414
2020-04-30,RUB_UZS,10,0.0100000000,True,0.0071871000,0.0073145924,0.0071871000,0,0,113.1462923095,61.8522244250
2020-05-01,RUB_UZS,10,0.0100000000,True,0.0071871000,0.0073141190,0.0071871000,1,1,0.0000000000,173.6628113271
2020-05-07,RUB_UZS,10,0.0100000000,True,0.0071871000,0.0072597067,0.0072159300,0,0,118.8596593329,-59.2631841874
2020-05-08,RUB_UZS,10,0.0100000000,True,0.0071871000,0.0072525119,0.0072159300,0,0,138.1842931021,-88.9734426988
2020-05-09,RUB_UZS,10,0.0100000000,True,0.0071871000,0.0072451190,0.0071936700,0,0,121.8145716098,-51.4290408978
2020-05-13,RUB_UZS,10,0.0100000000,True,0.0070016900,0.0072148900,0.0070016900,0,0,351.6790916231,-58.2268059527
2020-05-14,RUB_UZS,10,0.0100000000,True,0.0070016900,0.0072107090,0.0070016900,0,0,354.0185103036,-66.4996355619
2020-05-15,RUB_UZS,10,0.0100000000,True,0.0070016900,0.0072065281,0.0070016900,0,0,399.3851604835,-119.9355690003
2020-05-16,RUB_UZS,10,0.0100000000,True,0.0070016900,0.0072007114,0.0070016900,0,0,296.8986672543,-21.1348164408
2020-05-19,RUB_UZS,10,0.0100000000,True,0.0070016900,0.0071639543,0.0070016900,0,0,266.8735151877,-41.4794861896
2020-05-20,RUB_UZS,10,0.0100000000,True,0.0069782000,0.0071494695,0.0069782000,0,0,221.7078030721,18.2524364445
2020-05-21,RUB_UZS,10,0.0100000000,True,0.0069782000,0.0071349848,0.0069782000,0,0,209.6214579642,10.3360583811
2020-05-22,RUB_UZS,10,0.0100000000,True,0.0069782000,0.0071205000,0.0069782000,1,1,33.5490431596,166.8562600941
2020-05-23,RUB_UZS,10,0.0100000000,True,0.0068755700,0.0071011281,0.0068755700,0,0,315.1437465666,2.5743729920
2020-05-26,RUB_UZS,10,0.0100000000,True,0.0067338000,0.0070308152,0.0067338000,0,0,468.7223547230,-48.5502189274
2020-05-27,RUB_UZS,10,0.0100000000,True,0.0067338000,0.0070092200,0.0067338000,0,0,399.1856031983,-6.5057167559
2020-05-28,RUB_UZS,10,0.0100000000,True,0.0067338000,0.0069876248,0.0067338000,0,0,392.2953451043,-30.2323590849
2020-05-29,RUB_UZS,10,0.0100000000,True,0.0067338000,0.0069660295,0.0067338000,0,0,397.3509933775,-66.6240015662
2020-05-30,RUB_UZS,10,0.0100000000,True,0.0067309400,0.0069439948,0.0067309400,0,0,354.3320627096,-49.2587325712
2020-06-02,RUB_UZS,10,0.0100000000,True,0.0067309400,0.0068998690,0.0067309400,0,0,210.3534688760,35.2166794056
2020-06-03,RUB_UZS,10,0.0100000000,True,0.0067309400,0.0068860310,0.0067309400,1,1,97.9183523354,128.5660099311
2020-06-04,RUB_UZS,10,0.0100000000,True,0.0067309400,0.0068721929,0.0067309400,1,1,4.2472303900,201.3809274852
2020-06-05,RUB_UZS,10,0.0100000000,True,0.0067309400,0.0068583548,0.0067309400,0,0,102.5049076191,84.1379075712
2020-06-06,RUB_UZS,10,0.0100000000,True,0.0067309400,0.0068513129,0.0067309400,1,1,46.5661012388,129.7311318227
2020-06-09,RUB_UZS,10,0.0100000000,True,0.0067309400,0.0068272719,0.0067624200,1,1,0.0000000000,141.0986791001
2020-06-10,RUB_UZS,10,0.0100000000,True,0.0067309400,0.0068207362,0.0067624200,1,1,8.1856275746,77.3760910881
2020-06-11,RUB_UZS,10,0.0100000000,True,0.0067309400,0.0068142005,0.0068087000,1,1,0.0000000000,75.9890707228
2020-06-12,RUB_UZS,10,0.0100000000,True,0.0067309400,0.0068076648,0.0068087000,0,1,0.0000000000,-1.5206948806
2020-06-16,RUB_UZS,10,0.0100000000,True,0.0067309400,0.0068071605,0.0067667000,0,0,217.3897329361,-161.4616317537
2020-06-17,RUB_UZS,10,0.0100000000,True,0.0067309400,0.0068087248,0.0067667000,0,0,138.9095339273,-78.2749192528
2020-06-18,RUB_UZS,10,0.0100000000,True,0.0067309400,0.0068102890,0.0067667000,0,1,92.7663885822,-29.0310032991
2020-06-19,RUB_UZS,10,0.0100000000,True,0.0067309400,0.0068118533,0.0067667000,0,0,104.3136692878,-38.4281125646
2020-06-20,RUB_UZS,10,0.0100000000,True,0.0067624200,0.0068184157,0.0067667000,0,0,108.5375569183,-33.0491519710
2020-06-23,RUB_UZS,10,0.0100000000,True,0.0067667000,0.0068385605,0.0067667000,0,0,105.6159369960,-0.5403532086
2020-06-24,RUB_UZS,10,0.0100000000,True,0.0067667000,0.0068443290,0.0067668600,1,1,0.0000000000,113.4209753490
2020-06-25,RUB_UZS,10,0.0100000000,True,0.0067667000,0.0068500976,0.0067952800,1,1,0.0000000000,121.5130406553
2020-06-26,RUB_UZS,10,0.0100000000,True,0.0067667000,0.0068558662,0.0067952800,1,1,42.7287806765,45.8383953290
2020-06-27,RUB_UZS,10,0.0100000000,True,0.0067667000,0.0068598333,0.0067952800,1,1,0.0000000000,94.1033552807
2020-06-30,RUB_UZS,10,0.0100000000,True,0.0067667000,0.0068841329,0.0069134700,0,1,0.0000000000,22.3453809827
2020-07-01,RUB_UZS,10,0.0100000000,True,0.0067667000,0.0068912710,0.0069134700,0,1,15.3233353745,-47.6095742654
2020-07-02,RUB_UZS,10,0.0100000000,True,0.0067667000,0.0068984090,0.0069245700,0,1,0.0000000000,-21.8325011999
2020-07-03,RUB_UZS,10,0.0100000000,True,0.0067667000,0.0069055471,0.0069298400,0,1,0.0000000000,-27.5472120446
2020-07-04,RUB_UZS,10,0.0100000000,True,0.0067667000,0.0069101081,0.0069298400,0,1,0.0000000000,-28.5551318300
2020-07-07,RUB_UZS,10,0.0100000000,True,0.0067952800,0.0069348743,0.0069347100,0,1,93.8091932152,-94.4584019651
2020-07-08,RUB_UZS,10,0.0100000000,True,0.0067952800,0.0069454986,0.0069347100,0,0,213.9336269511,-202.7376827211
2020-07-09,RUB_UZS,10,0.0100000000,True,0.0067952800,0.0069561229,0.0069347100,0,1,85.6231950362,-55.3140645261
2020-07-10,RUB_UZS,10,0.0100000000,True,0.0068687500,0.0069667471,0.0069347100,0,1,35.6060573404,10.4168311385
2020-07-11,RUB_UZS,10,0.0100000000,True,0.0069134700,0.0069752957,0.0069347100,0,1,80.3049700680,-22.2991058034
2020-07-14,RUB_UZS,10,0.0100000000,True,0.0069298400,0.0069791286,0.0069329500,1,1,2.5379576075,63.6448676564
2020-07-15,RUB_UZS,10,0.0100000000,True,0.0069298400,0.0069828676,0.0069329500,1,1,42.2414238850,29.3684774886
2020-07-16,RUB_UZS,10,0.0100000000,True,0.0069298400,0.0069866067,0.0069329500,1,1,16.7756242260,60.1245621384
2020-07-17,RUB_UZS,10,0.0100000000,True,0.0069329500,0.0069903457,0.0069329500,1,1,54.7687390710,27.4889326953
2020-07-18,RUB_UZS,10,0.0100000000,True,0.0069329500,0.0069906681,0.0069329500,0,0,121.7373215225,-39.6555871116
2020-07-21,RUB_UZS,10,0.0100000000,True,0.0069329500,0.0070033610,0.0069329500,0,0,163.6146174877,-64.1249935915
2020-07-22,RUB_UZS,10,0.0100000000,True,0.0069329500,0.0070129971,0.0069329500,1,1,38.2638032755,76.1687788673
2020-07-23,RUB_UZS,10,0.0100000000,True,0.0069329500,0.0070226333,0.0069500800,1,1,0.0000000000,127.7061311284
2020-07-24,RUB_UZS,10,0.0100000000,True,0.0069329500,0.0070322695,0.0070071500,1,1,0.0000000000,116.8748204705
2020-07-25,RUB_UZS,10,0.0100000000,True,0.0069329500,0.0070476810,0.0070071500,0,1,1.7265094830,55.7927531718
2020-07-28,RUB_UZS,10,0.0100000000,True,0.0069329500,0.0070781676,0.0070433500,0,1,0.0000000000,100.3333388948
2020-07-29,RUB_UZS,10,0.0100000000,True,0.0069329500,0.0070874067,0.0070765100,0,1,0.0000000000,62.1619003096
2020-07-30,RUB_UZS,10,0.0100000000,True,0.0069329500,0.0070966457,0.0071538400,0,1,0.0000000000,28.3735656201
2020-07-31,RUB_UZS,10,0.0100000000,True,0.0069329500,0.0071058848,0.0071538400,0,1,46.2635085967,-114.2788559288
2020-08-01,RUB_UZS,10,0.0100000000,True,0.0069329500,0.0071133957,0.0071538400,0,1,54.7321710335,-112.2027916344
2020-08-04,RUB_UZS,10,0.0100000000,True,0.0070071500,0.0071443829,0.0071416800,0,0,160.7390109322,-159.5199265437
2020-08-05,RUB_UZS,10,0.0100000000,True,0.0070071500,0.0071505619,0.0071381200,0,1,68.1913364584,-51.1401701365
2020-08-06,RUB_UZS,10,0.0100000000,True,0.0070071500,0.0071567410,0.0071381200,0,1,54.6441996617,-28.7827207330
2020-08-07,RUB_UZS,10,0.0100000000,True,0.0070071500,0.0071629200,0.0071381200,0,1,21.9742124509,12.6763945430
2020-08-08,RUB_UZS,10,0.0100000000,True,0.0070433500,0.0071680048,0.0071139300,0,0,136.5424317253,-61.9492307416
2020-08-11,RUB_UZS,10,0.0100000000,True,0.0071139300,0.0071768200,0.0071139300,0,0,127.7685262281,-40.6586761268
2020-08-12,RUB_UZS,10,0.0100000000,True,0.0071139300,0.0071780000,0.0071139300,1,1,38.8564035353,50.5990526609
2020-08-13,RUB_UZS,10,0.0100000000,True,0.0071139300,0.0071791800,0.0071139300,1,1,61.1092715926,29.9616390730
2020-08-14,RUB_UZS,10,0.0100000000,True,0.0071139300,0.0071803600,0.0071139300,0,0,111.2873384589,-18.9823351475
2020-08-15,RUB_UZS,10,0.0100000000,True,0.0071139300,0.0071799157,0.0071139300,1,1,33.8884748365,58.2119845816
2020-08-18,RUB_UZS,10,0.0100000000,True,0.0071139300,0.0072000610,0.0071475800,1,1,0.0000000000,119.6253100503
2020-08-19,RUB_UZS,10,0.0100000000,True,0.0071139300,0.0072023186,0.0071475800,1,1,10.4122554343,65.6574281734
2020-08-20,RUB_UZS,10,0.0100000000,True,0.0071139300,0.0072045762,0.0071894600,1,1,0.0000000000,79.1110940731
2020-08-21,RUB_UZS,10,0.0100000000,True,0.0071139300,0.0072068338,0.0072179900,0,1,0.0000000000,24.1074096934
2020-08-22,RUB_UZS,10,0.0100000000,True,0.0071139300,0.0072061362,0.0071913500,0,1,36.9077818063,-16.4496051844
2020-08-25,RUB_UZS,10,0.0100000000,True,0.0071139300,0.0072165929,0.0071700100,0,0,108.9940433328,-44.9341448230
2020-08-26,RUB_UZS,10,0.0100000000,True,0.0071139300,0.0072253490,0.0071700100,0,0,128.2227796793,-52.3032896153
2020-08-27,RUB_UZS,10,0.0100000000,True,0.0071139300,0.0072341052,0.0071700100,0,0,258.5488926418,-174.4580120844
2020-08-28,RUB_UZS,10,0.0100000000,True,0.0071139300,0.0072428614,0.0071700100,0,0,202.1068857092,-103.6172956900
2020-08-29,RUB_UZS,10,0.0100000000,True,0.0071475800,0.0072546648,0.0071700100,0,0,123.7083013077,-7.1061010597
2020-09-01,RUB_UZS,10,0.0100000000,True,0.0071700100,0.0072865838,0.0071700100,1,1,29.6745395510,130.6974736218
2020-09-02,RUB_UZS,10,0.0100000000,True,0.0071700100,0.0072901790,0.0071931000,1,1,0.0000000000,164.8368947239
2020-09-03,RUB_UZS,10,0.0100000000,True,0.0071700100,0.0072937743,0.0072934900,1,1,0.0000000000,138.0276956355
2020-09-04,RUB_UZS,10,0.0100000000,True,0.0071700100,0.0072973695,0.0072934900,0,1,76.6413327129,-71.8758670770
2020-09-05,RUB_UZS,10,0.0100000000,True,0.0071700100,0.0072986767,0.0072764700,0,1,62.1824638077,-31.9555645475
2020-09-08,RUB_UZS,10,0.0100000000,True,0.0071700100,0.0072987524,0.0072764700,0,0,115.9091526529,-86.3813645907
2020-09-09,RUB_UZS,10,0.0100000000,True,0.0071700100,0.0073010157,0.0072764700,0,0,164.5134343852,-133.0832441905
2020-09-10,RUB_UZS,10,0.0100000000,True,0.0071700100,0.0073032790,0.0072764700,0,0,178.3202719010,-144.1831151382
2020-09-11,RUB_UZS,10,0.0100000000,True,0.0071700100,0.0073055424,0.0072764700,0,0,107.5913486441,-68.5337466225
2020-09-12,RUB_UZS,10,0.0100000000,True,0.0071700100,0.0073157329,0.0072764700,0,1,23.3358789825,30.4041407432
2020-09-15,RUB_UZS,10,0.0100000000,True,0.0072764700,0.0073475248,0.0072972100,1,1,0.0000000000,96.7057127499
2020-09-16,RUB_UZS,10,0.0100000000,True,0.0072764700,0.0073551176,0.0072972100,1,1,34.6598676151,44.2244716296
2020-09-17,RUB_UZS,10,0.0100000000,True,0.0072764700,0.0073627105,0.0073073500,1,1,0.0000000000,88.9624499052
2020-09-18,RUB_UZS,10,0.0100000000,True,0.0072764700,0.0073703033,0.0073073500,1,1,21.5754149512,63.9774663277
2020-09-19,RUB_UZS,10,0.0100000000,True,0.0072764700,0.0073845886,0.0073073500,1,1,0.0000000000,104.5942785864
2020-09-22,RUB_UZS,10,0.0100000000,True,0.0072764700,0.0074206924,0.0074280400,0,1,0.0000000000,20.6751340236
2020-09-23,RUB_UZS,10,0.0100000000,True,0.0072764700,0.0074355419,0.0074361600,0,1,0.0000000000,10.0892508683
2020-09-24,RUB_UZS,10,0.0100000000,True,0.0072764700,0.0074503914,0.0074814500,0,1,0.0000000000,19.1015850749
2020-09-25,RUB_UZS,10,0.0100000000,True,0.0072764700,0.0074652410,0.0074814500,0,1,46.4453538681,-68.4760852933
2020-09-26,RUB_UZS,10,0.0100000000,True,0.0072972100,0.0074810705,0.0074814500,0,1,0.0000000000,-0.5073121697
2020-09-29,RUB_UZS,10,0.0100000000,True,0.0073073500,0.0075150595,0.0074872400,0,0,227.8188256269,-195.2485881524
2020-09-30,RUB_UZS,10,0.0100000000,True,0.0073073500,0.0075214543,0.0074416400,0,0,410.8385188011,-317.7785906905
2020-10-01,RUB_UZS,10,0.0100000000,True,0.0073073500,0.0075278490,0.0074416400,0,0,301.3225872037,-192.6060837083
2020-10-02,RUB_UZS,10,0.0100000000,True,0.0074053500,0.0075342438,0.0074416400,0,1,60.9036173543,62.3868973611
2020-10-03,RUB_UZS,10,0.0100000000,True,0.0074280400,0.0075359510,0.0074412000,0,0,215.8091759332,-92.0640912573
2020-10-06,RUB_UZS,10,0.0100000000,True,0.0074412000,0.0075398448,0.0074412000,0,0,220.3869421164,-91.5738191907
2020-10-07,RUB_UZS,10,0.0100000000,True,0.0074412000,0.0075422548,0.0074412000,0,0,189.5329705101,-56.6213147704
2020-10-08,RUB_UZS,10,0.0100000000,True,0.0074412000,0.0075446648,0.0074412000,0,0,136.7902020041,0.3509260028
2020-10-09,RUB_UZS,10,0.0100000000,True,0.0074412000,0.0075470748,0.0074412000,0,0,114.4624410152,26.1223885104
2020-10-10,RUB_UZS,10,0.0100000000,True,0.0074412000,0.0075398829,0.0074412000,1,1,0.5912675163,130.2975908303
2020-10-13,RUB_UZS,10,0.0100000000,True,0.0074318100,0.0075134857,0.0074318100,1,1,12.6189324303,96.2079613039
2020-10-14,RUB_UZS,10,0.0100000000,True,0.0073795300,0.0075027333,0.0073795300,0,0,116.4538042022,48.3201677611
2020-10-15,RUB_UZS,10,0.0100000000,True,0.0073795300,0.0074919810,0.0073795300,0,0,115.2225890926,35.2789903618
2020-10-16,RUB_UZS,10,0.0100000000,True,0.0073795300,0.0074812286,0.0073795300,0,0,200.2177868080,-65.5927406881
2020-10-17,RUB_UZS,10,0.0100000000,True,0.0073780800,0.0074702376,0.0073780800,0,0,204.4327846565,-82.7582522874
2020-10-20,RUB_UZS,10,0.0100000000,True,0.0073780800,0.0074616486,0.0073780800,0,0,176.6532281687,-65.8184690706
2020-10-21,RUB_UZS,10,0.0100000000,True,0.0073780800,0.0074718952,0.0073780800,0,0,162.9403663058,-38.0020878237
2020-10-22,RUB_UZS,10,0.0100000000,True,0.0073780800,0.0074821419,0.0073780800,1,1,75.3688067570,64.1953940106
2020-10-23,RUB_UZS,10,0.0100000000,True,0.0073780800,0.0074923886,0.0073780800,1,1,72.2973272998,80.8534833065
2020-10-24,RUB_UZS,10,0.0100000000,True,0.0073780800,0.0075083671,0.0073780800,1,1,1.9648947833,171.5914264791
2020-10-27,RUB_UZS,10,0.0100000000,True,0.0073780800,0.0075342633,0.0073791700,1,1,0.0000000000,207.2974177082
2020-10-28,RUB_UZS,10,0.0100000000,True,0.0073780800,0.0075303467,0.0074498100,1,1,0.0000000000,200.7565831409
2020-10-29,RUB_UZS,10,0.0100000000,True,0.0073780800,0.0075264300,0.0074498100,0,1,47.0007307959,55.0593043448
2020-10-30,RUB_UZS,10,0.0100000000,True,0.0073780800,0.0075225133,0.0074498100,0,0,213.3157475050,-119.2110438267
2020-10-31,RUB_UZS,10,0.0100000000,True,0.0073780800,0.0075185262,0.0074270300,0,0,300.1115345535,-183.9373914784
2020-11-03,RUB_UZS,10,0.0100000000,True,0.0073425600,0.0075080457,0.0073425600,0,0,558.3180634584,-357.8884518551
2020-11-04,RUB_UZS,10,0.0100000000,True,0.0073425600,0.0075120300,0.0073425600,0,0,485.1651427505,-272.8024249104
2020-11-06,RUB_UZS,10,0.0100000000,True,0.0073425600,0.0075199986,0.0073425600,0,0,303.3056312341,-69.4567001248
2020-11-07,RUB_UZS,10,0.0100000000,True,0.0073425600,0.0075221833,0.0073425600,0,0,143.9634030935,96.2132005114
2020-11-10,RUB_UZS,10,0.0100000000,True,0.0073281300,0.0074997810,0.0073281300,0,0,133.1622465508,97.0041029770
2020-11-11,RUB_UZS,10,0.0100000000,True,0.0073152300,0.0074835148,0.0073152300,1,1,79.1473352872,146.8892163671
2020-11-12,RUB_UZS,10,0.0100000000,True,0.0073152300,0.0074672486,0.0073152300,1,1,37.2213505916,166.9806090367
2020-11-13,RUB_UZS,10,0.0100000000,True,0.0073152300,0.0074509824,0.0073152300,0,0,154.4286181505,28.2008195404
2020-11-14,RUB_UZS,10,0.0100000000,True,0.0073120400,0.0074288533,0.0073120400,0,0,202.5404652160,-46.2341429094
2020-11-17,RUB_UZS,10,0.0100000000,True,0.0072446300,0.0073718262,0.0072446300,0,0,241.5557195890,-70.7203455111
2020-11-18,RUB_UZS,10,0.0100000000,True,0.0072446300,0.0073639214,0.0072446300,0,0,127.8068030993,34.6302290414
2020-11-19,RUB_UZS,10,0.0100000000,True,0.0072446300,0.0073560167,0.0072446300,0,0,113.9444851551,37.9100101731
2020-11-20,RUB_UZS,10,0.0100000000,True,0.0072446300,0.0073481119,0.0072446300,0,0,129.0577503457,11.9240219467
2020-11-21,RUB_UZS,10,0.0100000000,True,0.0072446300,0.0073446576,0.0072446300,1,1,96.5109777820,40.0666995985
2020-11-24,RUB_UZS,10,0.0100000000,True,0.0072117400,0.0073273448,0.0072117400,0,0,137.1710220404,20.8871868352
2020-11-25,RUB_UZS,10,0.0100000000,True,0.0071209500,0.0073110471,0.0071209500,0,0,268.3499810723,-8.5662929270
2020-11-26,RUB_UZS,10,0.0100000000,True,0.0071209500,0.0072947495,0.0071209500,0,0,173.4459004449,65.9508920114
2020-11-27,RUB_UZS,10,0.0100000000,True,0.0071209500,0.0072784519,0.0071209500,0,0,170.7195536556,46.4685419433
2020-11-28,RUB_UZS,10,0.0100000000,True,0.0071209500,0.0072661848,0.0071209500,0,0,223.5917740853,-24.2565234339
2020-12-01,RUB_UZS,10,0.0100000000,True,0.0070195500,0.0072245586,0.0070195500,0,0,455.4224698110,-179.8468754690
2020-12-02,RUB_UZS,10,0.0100000000,True,0.0070017200,0.0072096295,0.0070017200,0,0,433.7893928588,-152.0056971424
2020-12-03,RUB_UZS,10,0.0100000000,True,0.0070017200,0.0071947005,0.0070017200,0,0,344.5727075028,-79.0714276401
2020-12-04,RUB_UZS,10,0.0100000000,True,0.0070017200,0.0071797714,0.0070017200,0,0,291.2195947164,-44.5258901994
2020-12-05,RUB_UZS,10,0.0100000000,True,0.0070017200,0.0071667519,0.0070017200,0,0,167.4355247544,63.9088744393
2020-12-08,RUB_UZS,10,0.0100000000,True,0.0069747900,0.0071284700,0.0069747900,0,0,267.3048343997,-53.1390326395
2020-12-09,RUB_UZS,10,0.0100000000,True,0.0069747900,0.0071152905,0.0069747900,0,0,111.8002736172,86.6310045904
2020-12-10,RUB_UZS,10,0.0100000000,True,0.0069747900,0.0071021110,0.0069747900,1,1,63.7647712460,116.2484688489
2020-12-11,RUB_UZS,10,0.0100000000,True,0.0069747900,0.0070889314,0.0069747900,0,0,118.6645982532,42.8575574155
2020-12-12,RUB_UZS,10,0.0100000000,True,0.0069747900,0.0070782395,0.0069747900,1,1,38.4619779140,108.1053043658
2020-12-15,RUB_UZS,10,0.0100000000,True,0.0069747900,0.0070667310,0.0069747900,1,1,90.6994685045,39.7651369074
2020-12-16,RUB_UZS,10,0.0100000000,True,0.0069747900,0.0070626081,0.0069747900,1,1,63.6232183433,61.1078721290
2020-12-17,RUB_UZS,10,0.0100000000,True,0.0069747900,0.0070584852,0.0069747900,1,1,50.8243443331,68.0956840936
2020-12-18,RUB_UZS,10,0.0100000000,True,0.0069747900,0.0070543624,0.0070070400,1,1,0.0000000000,112.7988280943
2020-12-19,RUB_UZS,10,0.0100000000,True,0.0069747900,0.0070481933,0.0070070400,1,1,0.0000000000,58.3884853707
2020-12-22,RUB_UZS,10,0.0100000000,True,0.0069747900,0.0070487933,0.0070303800,0,0,139.6641776391,-115.1497324838
2020-12-23,RUB_UZS,10,0.0100000000,True,0.0069747900,0.0070511533,0.0070303800,0,0,225.5509474308,-200.6149348617
2020-12-24,RUB_UZS,10,0.0100000000,True,0.0069747900,0.0070535133,0.0070303800,0,0,241.5332873429,-213.9028588117
2020-12-25,RUB_UZS,10,0.0100000000,True,0.0069747900,0.0070558733,0.0070303800,0,0,158.8634731595,-124.7140679963
2020-12-26,RUB_UZS,10,0.0100000000,True,0.0069747900,0.0070564757,0.0070303800,1,1,5.6721497448,31.3268481049
2020-12-29,RUB_UZS,10,0.0100000000,True,0.0070070400,0.0070635795,0.0070303800,1,1,9.1234652115,37.9121148410
2020-12-30,RUB_UZS,10,0.0100000000,True,0.0070070400,0.0070656862,0.0070512800,1,1,0.0000000000,49.9685232607
2020-12-31,RUB_UZS,10,0.0100000000,True,0.0070070400,0.0070677929,0.0070512800,1,1,16.1553175915,7.2198736522
2021-01-01,RUB_UZS,10,0.0100000000,True,0.0070303800,0.0070698995,0.0070512800,1,1,0.0000000000,26.3363344087
2021-01-12,RUB_UZS,10,0.0100000000,True,0.0069856500,0.0070444338,0.0069856500,0,0,202.9902992683,-122.0200129640
2021-01-13,RUB_UZS,10,0.0100000000,True,0.0069856500,0.0070458729,0.0069856500,0,0,148.6797497701,-64.1611675001
2021-01-14,RUB_UZS,10,0.0100000000,True,0.0069856500,0.0070473119,0.0069856500,1,1,49.5411249738,38.1449056395
2021-01-15,RUB_UZS,10,0.0100000000,True,0.0069856500,0.0070487510,0.0069856500,1,1,98.4113574899,-8.9789633111
2021-01-16,RUB_UZS,10,0.0100000000,True,0.0069856500,0.0070524371,0.0069856500,1,1,52.1058807446,42.8180248125
2021-01-19,RUB_UZS,10,0.0100000000,True,0.0069856500,0.0070721038,0.0069856500,0,0,109.6824066418,12.7031641019
2021-01-20,RUB_UZS,10,0.0100000000,True,0.0069856500,0.0070834681,0.0069856500,1,1,50.0938636797,88.4426871072
2021-01-21,RUB_UZS,10,0.0100000000,True,0.0069856500,0.0070948324,0.0069870200,1,1,0.0000000000,153.8900076702
2021-01-22,RUB_UZS,10,0.0100000000,True,0.0069856500,0.0071061967,0.0070815000,1,1,0.0000000000,167.7080895125
2021-01-23,RUB_UZS,10,0.0100000000,True,0.0069856500,0.0071084643,0.0070815000,0,1,0.0000000000,37.9326456890
2021-01-26,RUB_UZS,10,0.0100000000,True,0.0069856500,0.0071292876,0.0071337900,0,1,0.0000000000,0.8382591355
2021-01-27,RUB_UZS,10,0.0100000000,True,0.0069856500,0.0071368362,0.0071337900,0,1,78.6885793082,-75.0105622366
2021-01-28,RUB_UZS,10,0.0100000000,True,0.0069856500,0.0071443848,0.0071780100,0,1,0.0000000000,14.8294951320
2021-01-29,RUB_UZS,10,0.0100000000,True,0.0069856500,0.0071519333,0.0071780100,0,1,89.2901522641,-126.8841059294
2021-01-30,RUB_UZS,10,0.0100000000,True,0.0069856500,0.0071510833,0.0070452700,0,0,335.6136478677,-194.1617237482
2021-02-02,RUB_UZS,10,0.0100000000,True,0.0070040000,0.0071562962,0.0070040000,0,0,242.4209495389,-30.3422454100
2021-02-03,RUB_UZS,10,0.0100000000,True,0.0070040000,0.0071534200,0.0070040000,0,0,274.0053212467,-66.9609781056
2021-02-04,RUB_UZS,10,0.0100000000,True,0.0070040000,0.0071505438,0.0070040000,0,0,296.3734704735,-94.2252677152
2021-02-05,RUB_UZS,10,0.0100000000,True,0.0070040000,0.0071476676,0.0070040000,0,0,251.4252627828,-51.7264972616
2021-02-06,RUB_UZS,10,0.0100000000,True,0.0069533500,0.0071393181,0.0069533500,0,0,316.6934976242,-58.0474272319
2021-02-09,RUB_UZS,10,0.0100000000,True,0.0069533500,0.0071110357,0.0069533500,0,0,130.4705142599,92.4840162926
2021-02-10,RUB_UZS,10,0.0100000000,True,0.0069533500,0.0070989033,0.0069533500,0,0,187.1585682694,18.2187765152
2021-02-11,RUB_UZS,10,0.0100000000,True,0.0069533500,0.0070862610,0.0069533500,1,1,85.0421860006,103.3986087632
2021-02-12,RUB_UZS,10,0.0100000000,True,0.0069533500,0.0070736186,0.0069533500,1,1,72.3158195317,98.4200246671
2021-02-13,RUB_UZS,10,0.0100000000,True,0.0069533500,0.0070663057,0.0069533500,1,1,96.4948512341,63.9736180595
2021-02-16,RUB_UZS,10,0.0100000000,True,0.0069533500,0.0070366948,0.0069534000,1,1,0.0000000000,118.4430541964
2021-02-17,RUB_UZS,10,0.0100000000,True,0.0069533500,0.0070311038,0.0069617900,1,1,0.0000000000,110.5143824197
2021-02-18,RUB_UZS,10,0.0100000000,True,0.0069533500,0.0070255129,0.0069617900,1,1,64.9181993584,25.9523504029
2021-02-19,RUB_UZS,10,0.0100000000,True,0.0069533500,0.0070199219,0.0069617900,1,1,71.9314683061,10.9572511864
2021-02-20,RUB_UZS,10,0.0100000000,True,0.0069533500,0.0070194233,0.0069617900,0,0,104.2763835881,-22.4044995149
2021-02-21,RUB_UZS,10,0.0100000000,True,0.0069533500,0.0070196567,0.0069617900,0,1,89.1886043585,-6.8141984152
2021-02-25,RUB_UZS,10,0.0100000000,True,0.0069533500,0.0070284576,0.0069617900,1,1,48.6433327330,46.4363887735
2021-02-26,RUB_UZS,10,0.0100000000,True,0.0069533500,0.0070323724,0.0070017600,1,1,0.0000000000,100.3678092240
2021-02-27,RUB_UZS,10,0.0100000000,True,0.0069534000,0.0070395133,0.0070017600,0,1,87.1965851897,-33.8612423018
2021-03-02,RUB_UZS,10,0.0100000000,True,0.0069617900,0.0070469690,0.0069973500,0,1,53.2353442884,17.2684845596
2021-03-03,RUB_UZS,10,0.0100000000,True,0.0069617900,0.0070449019,0.0069917400,0,0,139.7994886382,-65.2501565806
2021-03-04,RUB_UZS,10,0.0100000000,True,0.0069617900,0.0070433448,0.0069917400,1,1,14.3106875985,59.0412131033
2021-03-05,RUB_UZS,10,0.0100000000,True,0.0069617900,0.0070417876,0.0069917400,0,1,62.3824732114,8.7443975603
2021-03-06,RUB_UZS,10,0.0100000000,True,0.0069617900,0.0070388100,0.0069619100,0,0,199.0621273744,-91.6348075882
2021-03-10,RUB_UZS,10,0.0100000000,True,0.0069298800,0.0070327895,0.0069298800,0,0,210.7480219859,-65.8067130174
2021-03-11,RUB_UZS,10,0.0100000000,True,0.0069298800,0.0070322243,0.0069298800,0,0,174.6475997652,-29.6289103407
2021-03-12,RUB_UZS,10,0.0100000000,True,0.0069298800,0.0070316590,0.0069298800,1,1,96.4222169821,48.7922514256
2021-03-13,RUB_UZS,10,0.0100000000,True,0.0069298800,0.0070348386,0.0069298800,1,1,88.4758300509,61.2644781980
2021-03-16,RUB_UZS,10,0.0100000000,True,0.0069298800,0.0070610010,0.0069298800,1,1,46.0074893241,140.3355601411
2021-03-17,RUB_UZS,10,0.0100000000,True,0.0069298800,0.0070666362,0.0069383000,1,1,0.0000000000,193.5237456550
2021-03-18,RUB_UZS,10,0.0100000000,True,0.0069298800,0.0070722714,0.0069993100,1,1,0.0000000000,189.4319666949
2021-03-19,RUB_UZS,10,0.0100000000,True,0.0069298800,0.0070779067,0.0070514800,0,1,0.0000000000,111.0450735905
2021-03-20,RUB_UZS,10,0.0100000000,True,0.0069298800,0.0070834829,0.0070514800,0,1,0.0000000000,45.1795504955
2021-03-23,RUB_UZS,10,0.0100000000,True,0.0069298800,0.0071091948,0.0071729600,0,1,0.0000000000,10.7252117295
2021-03-24,RUB_UZS,10,0.0100000000,True,0.0069298800,0.0071221643,0.0072190500,0,1,0.0000000000,-71.3206158240
2021-03-25,RUB_UZS,10,0.0100000000,True,0.0069298800,0.0071351338,0.0072190500,0,1,50.0183313256,-168.4708285579
2021-03-26,RUB_UZS,10,0.0100000000,True,0.0069298800,0.0071481033,0.0072190500,0,1,41.8243240447,-141.6692819680
2021-03-27,RUB_UZS,10,0.0100000000,True,0.0069298800,0.0071649114,0.0072190500,0,1,3.6002852534,-79.1894945167
2021-03-30,RUB_UZS,10,0.0100000000,True,0.0070514800,0.0072226719,0.0072190500,0,1,1.8835495491,3.1316731422
2021-03-31,RUB_UZS,10,0.0100000000,True,0.0070514800,0.0072377448,0.0072207600,0,1,0.0000000000,25.8295401672
2021-04-01,RUB_UZS,10,0.0100000000,True,0.0070514800,0.0072528176,0.0072296200,0,1,0.0000000000,44.2002277342
2021-04-02,RUB_UZS,10,0.0100000000,True,0.0071015700,0.0072678905,0.0072641000,0,1,0.0000000000,52.6569247512
2021-04-03,RUB_UZS,10,0.0100000000,True,0.0071729600,0.0072819824,0.0072641000,0,1,0.0000000000,24.5570230974
2021-04-06,RUB_UZS,10,0.0100000000,True,0.0072131200,0.0072935924,0.0072131200,0,0,139.1136970121,-29.1867408209
2021-04-07,RUB_UZS,10,0.0100000000,True,0.0071904600,0.0072921071,0.0071904600,0,0,141.1413058382,-1.7729541236
2021-04-08,RUB_UZS,10,0.0100000000,True,0.0071904600,0.0072906219,0.0071904600,0,0,321.8095308599,-190.5572625394
2021-04-09,RUB_UZS,10,0.0100000000,True,0.0071904600,0.0072891367,0.0071904600,0,0,227.0469221245,-93.8016893633
2021-04-10,RUB_UZS,10,0.0100000000,True,0.0071904600,0.0072907081,0.0071904600,0,0,240.9741572012,-106.0279793843
2021-04-13,RUB_UZS,10,0.0100000000,True,0.0071904600,0.0072947486,0.0071904600,0,0,279.8783372761,-140.8567102283
2021-04-14,RUB_UZS,10,0.0100000000,True,0.0071274400,0.0072882410,0.0071274400,0,0,335.3469609139,-118.6967447760
2021-04-15,RUB_UZS,10,0.0100000000,True,0.0071274400,0.0072817333,0.0071274400,0,0,118.7835499756,94.2266493326
2021-04-16,RUB_UZS,10,0.0100000000,True,0.0071274400,0.0072752257,0.0071274400,0,0,281.1303028113,-80.2508238331
2021-04-17,RUB_UZS,10,0.0100000000,True,0.0070940600,0.0072647105,0.0070940600,0,0,134.0665270372,102.2070685870
2021-04-20,RUB_UZS,10,0.0100000000,True,0.0070739000,0.0072274114,0.0070739000,0,0,247.4835973701,-35.9721757721
2021-04-21,RUB_UZS,10,0.0100000000,True,0.0070739000,0.0072156933,0.0070739000,0,0,204.9864717791,-8.6570567485
2021-04-22,RUB_UZS,10,0.0100000000,True,0.0070739000,0.0072039752,0.0070739000,0,0,296.3802270520,-119.3573812554
2021-04-23,RUB_UZS,10,0.0100000000,True,0.0070739000,0.0071922571,0.0070739000,0,0,232.6307097943,-69.6900237954
2021-04-24,RUB_UZS,10,0.0100000000,True,0.0070739000,0.0071791348,0.0070739000,1,1,75.1181349825,72.0069529535
2021-04-27,RUB_UZS,10,0.0100000000,True,0.0070739000,0.0071530624,0.0070739000,1,1,28.4181413746,82.4854835734
2021-04-28,RUB_UZS,10,0.0100000000,True,0.0070650800,0.0071470919,0.0070650800,1,1,57.9069351822,57.1727708366
2021-04-29,RUB_UZS,10,0.0100000000,True,0.0070650800,0.0071411214,0.0070650800,1,1,73.0218278641,33.7081910904
2021-04-30,RUB_UZS,10,0.0100000000,True,0.0070650800,0.0071351510,0.0070650800,1,1,12.4683696405,85.8439475068
2021-05-01,RUB_UZS,10,0.0100000000,True,0.0070650800,0.0071261829,0.0070650800,1,1,79.8238679684,5.9679315394
2021-05-05,RUB_UZS,10,0.0100000000,True,0.0070133600,0.0070902119,0.0070133600,0,0,193.8204525180,-87.1174177412
2021-05-06,RUB_UZS,10,0.0100000000,True,0.0070133600,0.0070847795,0.0070133600,0,0,150.0934660819,-50.0375150297
2021-05-07,RUB_UZS,10,0.0100000000,True,0.0070133600,0.0070793471,0.0070133600,0,0,124.4622804238,-31.6453716576
2021-05-08,RUB_UZS,10,0.0100000000,True,0.0069997900,0.0070748581,0.0069997900,1,1,92.4122586015,13.8209065206
2021-05-12,RUB_UZS,10,0.0100000000,True,0.0069430100,0.0070471181,0.0069430100,0,0,141.4108425865,6.4112665306
2021-05-13,RUB_UZS,10,0.0100000000,True,0.0069430100,0.0070385981,0.0069430100,0,0,113.7564254083,22.3028720005
2021-05-14,RUB_UZS,10,0.0100000000,True,0.0069430100,0.0070300781,0.0069430100,0,0,148.2234049950,-24.7392767567
2021-05-15,RUB_UZS,10,0.0100000000,True,0.0069430100,0.0070219248,0.0069430100,0,0,100.3085539599,12.1971712816
2021-05-18,RUB_UZS,10,0.0100000000,True,0.0069235300,0.0069942314,0.0069235300,0,0,108.9461255266,-7.9473656046
2021-05-19,RUB_UZS,10,0.0100000000,True,0.0069235300,0.0069887210,0.0069235300,1,1,73.8775006953,19.5471424228
2021-05-20,RUB_UZS,10,0.0100000000,True,0.0069235300,0.0069832105,0.0069235300,1,1,60.7535333089,24.8603078049
2021-05-21,RUB_UZS,10,0.0100000000,True,0.0069235300,0.0069777000,0.0069235300,1,1,41.8833106801,35.9000816888
2021-05-22,RUB_UZS,10,0.0100000000,True,0.0069235300,0.0069711443,0.0069235300,1,1,28.0569954530,40.3582031316
2021-05-25,RUB_UZS,10,0.0100000000,True,0.0069235300,0.0069578790,0.0069235300,1,1,39.1039188802,10.3034956055
2021-05-26,RUB_UZS,10,0.0100000000,True,0.0069235300,0.0069549733,0.0069235300,1,1,21.4314539375,23.8294707097
2021-05-27,RUB_UZS,10,0.0100000000,True,0.0069235300,0.0069520676,0.0069235300,1,1,10.0137508712,31.0664686121
2021-05-28,RUB_UZS,10,0.0100000000,True,0.0069235300,0.0069491619,0.0069274100,1,1,0.0000000000,36.8848864269
2021-05-29,RUB_UZS,10,0.0100000000,True,0.0069143400,0.0069450929,0.0069143400,1,1,50.3931297271,-6.1441120298
2021-06-01,RUB_UZS,10,0.0100000000,True,0.0068293300,0.0069298495,0.0068293300,0,0,141.5824961999,3.5203128165
2021-06-02,RUB_UZS,10,0.0100000000,True,0.0067698900,0.0069216057,0.0067698900,0,0,231.4900322063,-12.5899770573
2021-06-03,RUB_UZS,10,0.0100000000,True,0.0067698900,0.0069133619,0.0067698900,0,0,273.3561776686,-67.6777751297
2021-06-04,RUB_UZS,10,0.0100000000,True,0.0067698900,0.0069051181,0.0067698900,0,0,250.6361671273,-56.2074452987
2021-06-05,RUB_UZS,10,0.0100000000,True,0.0067698900,0.0068965076,0.0067698900,0,0,262.4296280101,-80.9574701232
2021-06-08,RUB_UZS,10,0.0100000000,True,0.0067698900,0.0068771476,0.0067698900,0,0,208.9136490251,-54.0811147479
2021-06-09,RUB_UZS,10,0.0100000000,True,0.0067698900,0.0068712529,0.0067698900,0,0,209.3101283946,-63.1138800431
2021-06-10,RUB_UZS,10,0.0100000000,True,0.0067698900,0.0068653581,0.0067698900,1,1,87.0363564215,52.4781005423
2021-06-11,RUB_UZS,10,0.0100000000,True,0.0067698900,0.0068594633,0.0067698900,1,1,87.2831100373,43.6817457537
2021-06-12,RUB_UZS,10,0.0100000000,True,0.0067698900,0.0068594300,0.0067698900,1,1,0.0000000000,130.5356275959
2021-06-16,RUB_UZS,10,0.0100000000,True,0.0067698900,0.0068434362,0.0067852500,1,1,0.0000000000,106.0814895552
2021-06-17,RUB_UZS,10,0.0100000000,True,0.0067698900,0.0068376586,0.0068255700,1,1,0.0000000000,76.6469557979
2021-06-18,RUB_UZS,10,0.0100000000,True,0.0067698900,0.0068318810,0.0068255700,1,1,6.1202825872,3.1191298499
2021-06-19,RUB_UZS,10,0.0100000000,True,0.0067698900,0.0068276110,0.0068246700,1,1,1.3185711963,2.9892628552
2021-06-22,RUB_UZS,10,0.0100000000,True,0.0067698900,0.0068277967,0.0068246700,0,0,147.3138041004,-144.8685984107
2021-06-23,RUB_UZS,10,0.0100000000,True,0.0067698900,0.0068365252,0.0068246700,0,0,124.9739547159,-108.9950805558
2021-06-24,RUB_UZS,10,0.0100000000,True,0.0067698900,0.0068452538,0.0068246700,0,1,62.3083352506,-32.4402733545
2021-06-25,RUB_UZS,10,0.0100000000,True,0.0067698900,0.0068539824,0.0068246700,0,1,24.3957341815,18.4161269329
2021-06-26,RUB_UZS,10,0.0100000000,True,0.0067708400,0.0068607190,0.0068246700,1,1,9.2812043900,43.3031106694
2021-06-29,RUB_UZS,10,0.0100000000,True,0.0068246700,0.0068889243,0.0068360700,1,1,0.0000000000,93.2718709763
2021-06-30,RUB_UZS,10,0.0100000000,True,0.0068246700,0.0068974643,0.0068572700,1,1,0.0000000000,89.0099363638
2021-07-01,RUB_UZS,10,0.0100000000,True,0.0068246700,0.0069060043,0.0068840100,1,1,0.0000000000,70.5679922833
2021-07-02,RUB_UZS,10,0.0100000000,True,0.0068246700,0.0069145443,0.0069113600,1,1,0.0000000000,44.1595056053
2021-07-03,RUB_UZS,10,0.0100000000,True,0.0068246700,0.0069193038,0.0069113600,0,1,60.1594376107,-48.9734103445
2021-07-06,RUB_UZS,10,0.0100000000,True,0.0068246700,0.0069324324,0.0069160600,0,1,0.0000000000,30.3968070576
2021-07-07,RUB_UZS,10,0.0100000000,True,0.0068246700,0.0069387400,0.0069605600,0,1,0.0000000000,32.6860496286
2021-07-08,RUB_UZS,10,0.0100000000,True,0.0068246700,0.0069450476,0.0069605600,0,1,34.8751309965,-57.4112419950
2021-07-09,RUB_UZS,10,0.0100000000,True,0.0068246700,0.0069513552,0.0069605600,0,0,164.7692509859,-180.9931410429
2021-07-10,RUB_UZS,10,0.0100000000,True,0.0068360700,0.0069595452,0.0069605600,0,1,63.3127334969,-65.1835146590
2021-07-13,RUB_UZS,10,0.0100000000,True,0.0069113600,0.0069801586,0.0069531900,0,0,104.5589227314,-66.6194443802
2021-07-14,RUB_UZS,10,0.0100000000,True,0.0069113600,0.0069804810,0.0069531900,1,1,27.7660253422,11.3616130967
2021-07-15,RUB_UZS,10,0.0100000000,True,0.0069113600,0.0069808033,0.0069531900,1,1,10.5882285333,28.9985727526
2021-07-16,RUB_UZS,10,0.0100000000,True,0.0069113600,0.0069811257,0.0069531900,1,1,13.2999159779,26.7517232178
2021-07-17,RUB_UZS,10,0.0100000000,True,0.0069160600,0.0069838129,0.0069531900,1,1,14.7627547760,29.1285828515
2021-07-20,RUB_UZS,10,0.0100000000,True,0.0068736100,0.0069706390,0.0068736100,0,0,175.8696292231,-37.3293642135
2021-07-21,RUB_UZS,10,0.0100000000,True,0.0068736100,0.0069648648,0.0068736100,0,0,220.1515578358,-91.1363540645
2021-07-22,RUB_UZS,10,0.0100000000,True,0.0068736100,0.0069590905,0.0068736100,0,0,220.6524677394,-100.0267550015
2021-07-23,RUB_UZS,10,0.0100000000,True,0.0068736100,0.0069533162,0.0068736100,0,0,114.4510649069,0.1814824362
2021-07-24,RUB_UZS,10,0.0100000000,True,0.0068608000,0.0069454181,0.0068608000,0,0,142.4720831729,-20.9374073130
2021-07-27,RUB_UZS,10,0.0100000000,True,0.0068366000,0.0069292690,0.0068366000,0,0,188.2806456567,-55.5916534864
2021-07-28,RUB_UZS,10,0.0100000000,True,0.0068366000,0.0069256410,0.0068366000,0,0,133.6658382906,-5.1678214965
2021-07-29,RUB_UZS,10,0.0100000000,True,0.0068366000,0.0069220129,0.0068366000,1,1,89.9738645275,33.7226434342
2021-07-30,RUB_UZS,10,0.0100000000,True,0.0068366000,0.0069183848,0.0068366000,1,1,53.8436134724,64.7185194893
2021-07-31,RUB_UZS,10,0.0100000000,True,0.0068366000,0.0069141990,0.0068366000,1,1,68.3503664480,44.1830606968
2021-08-03,RUB_UZS,10,0.0100000000,True,0.0068366000,0.0069027976,0.0068366000,1,1,35.2728544776,60.8414462735
2021-08-04,RUB_UZS,10,0.0100000000,True,0.0068366000,0.0068992076,0.0068366000,1,1,4.8392449608,85.9484484623
2021-08-05,RUB_UZS,10,0.0100000000,True,0.0068366000,0.0068956176,0.0068799200,1,1,0.0000000000,85.5871399896
2021-08-06,RUB_UZS,10,0.0100000000,True,0.0068366000,0.0068920276,0.0068845700,1,1,0.0000000000,17.5675718625
2021-08-07,RUB_UZS,10,0.0100000000,True,0.0068366000,0.0068873700,0.0068699800,1,1,25.1187696739,0.1306739728
2021-08-10,RUB_UZS,10,0.0100000000,True,0.0068366000,0.0068899405,0.0068699800,0,1,56.1316357783,-27.3144940432
2021-08-11,RUB_UZS,10,0.0100000000,True,0.0068366000,0.0068952124,0.0068699800,0,1,79.0931080544,-42.8378669368
2021-08-12,RUB_UZS,10,0.0100000000,True,0.0068366000,0.0069004843,0.0068699800,0,0,107.7922601529,-64.2791323756
2021-08-13,RUB_UZS,10,0.0100000000,True,0.0068366000,0.0069057562,0.0068699800,1,1,45.2529339058,6.5831899517
2021-08-14,RUB_UZS,10,0.0100000000,True,0.0068366000,0.0069105157,0.0068699800,1,1,21.1923184745,37.5452648665
2021-08-17,RUB_UZS,10,0.0100000000,True,0.0068699800,0.0069234662,0.0068926200,1,1,0.0000000000,77.2534869164
2021-08-18,RUB_UZS,10,0.0100000000,True,0.0068699800,0.0069266024,0.0068964700,1,1,0.0000000000,49.0606780690
2021-08-19,RUB_UZS,10,0.0100000000,True,0.0068699800,0.0069297386,0.0069344000,1,1,0.0000000000,48.0084076559
2021-08-20,RUB_UZS,10,0.0100000000,True,0.0068699800,0.0069328748,0.0069344000,0,1,45.9204839235,-48.3424830914
2021-08-21,RUB_UZS,10,0.0100000000,True,0.0068699800,0.0069331438,0.0069144100,0,0,114.3063840008,-88.2949959759
2021-08-24,RUB_UZS,10,0.0100000000,True,0.0068274700,0.0069233686,0.0068274700,0,0,191.4736199404,-53.9931222580
2021-08-25,RUB_UZS,10,0.0100000000,True,0.0068274700,0.0069206719,0.0068274700,0,0,175.0439984401,-41.0915235247
2021-08-26,RUB_UZS,10,0.0100000000,True,0.0068274700,0.0069179752,0.0068274700,0,0,154.2022381172,-23.7421519151
2021-08-27,RUB_UZS,10,0.0100000000,True,0.0068274700,0.0069152786,0.0068274700,0,0,169.0597965696,-42.8058367652
2021-08-28,RUB_UZS,10,0.0100000000,True,0.0068274700,0.0069136910,0.0068274700,0,0,180.7384864967,-57.0593159150
2021-08-31,RUB_UZS,10,0.0100000000,True,0.0068274700,0.0069044819,0.0068274700,0,0,125.7374092656,-14.3792037912
2021-09-01,RUB_UZS,10,0.0100000000,True,0.0068203400,0.0068961952,0.0068203400,1,1,84.5821484854,25.6304200867
2021-09-02,RUB_UZS,10,0.0100000000,True,0.0068203400,0.0068879086,0.0068203400,1,1,57.1321941882,41.2005634719
2021-09-03,RUB_UZS,10,0.0100000000,True,0.0068203400,0.0068796219,0.0068203400,1,1,10.4431070367,75.8063531454
2021-09-04,RUB_UZS,10,0.0100000000,True,0.0068203400,0.0068743824,0.0068203400,1,1,11.1307363568,67.5586232751
2021-09-07,RUB_UZS,10,0.0100000000,True,0.0067656400,0.0068544386,0.0067656400,0,0,103.8521846989,25.9664905347
2021-09-08,RUB_UZS,10,0.0100000000,True,0.0067656400,0.0068468295,0.0067656400,0,0,122.9081597645,-4.3822855236
2021-09-09,RUB_UZS,10,0.0100000000,True,0.0067656400,0.0068392205,0.0067656400,0,0,147.3318760822,-40.3401585101
2021-09-10,RUB_UZS,10,0.0100000000,True,0.0067656400,0.0068316114,0.0067656400,0,0,116.5883908289,-20.2566723434
2021-09-11,RUB_UZS,10,0.0100000000,True,0.0067656400,0.0068294990,0.0067656400,1,1,80.2012802881,13.4110094389
2021-09-14,RUB_UZS,10,0.0100000000,True,0.0067656400,0.0068253852,0.0067656400,0,0,124.1913258752,-37.1184351080
2021-09-15,RUB_UZS,10,0.0100000000,True,0.0067656400,0.0068260724,0.0067656400,1,1,89.6026108827,-1.0805907211
2021-09-16,RUB_UZS,10,0.0100000000,True,0.0067656400,0.0068267595,0.0067656400,1,1,75.5157603211,14.1202041406
2021-09-17,RUB_UZS,10,0.0100000000,True,0.0067656400,0.0068274467,0.0067933500,1,1,0.0000000000,90.5267659847
2021-09-18,RUB_UZS,10,0.0100000000,True,0.0067656400,0.0068267790,0.0067933500,1,1,0.0000000000,48.9675253672
2021-09-21,RUB_UZS,10,0.0100000000,True,0.0067656400,0.0068195390,0.0067961900,0,0,107.5101345696,-74.0679861619
2021-09-22,RUB_UZS,10,0.0100000000,True,0.0067656400,0.0068195319,0.0067961900,0,1,78.9313106364,-45.0589507714
2021-09-23,RUB_UZS,10,0.0100000000,True,0.0067656400,0.0068195248,0.0067961900,1,1,33.2314099885,0.9894559054
2021-09-24,RUB_UZS,10,0.0100000000,True,0.0067656400,0.0068195176,0.0067961900,1,1,20.3083104014,13.9271127053
2021-09-25,RUB_UZS,10,0.0100000000,True,0.0067656400,0.0068180748,0.0067961900,0,1,67.4912347622,-35.6335753767
2021-09-28,RUB_UZS,10,0.0100000000,True,0.0067739800,0.0068157110,0.0067739800,1,1,71.2922601581,-10.1369434052
2021-09-29,RUB_UZS,10,0.0100000000,True,0.0067418000,0.0068132562,0.0067418000,1,1,83.0360754606,22.0249907778
2021-09-30,RUB_UZS,10,0.0100000000,True,0.0067418000,0.0068108014,0.0067418000,0,0,108.2955157352,-7.0602138074
2021-10-01,RUB_UZS,10,0.0100000000,True,0.0067418000,0.0068083467,0.0067418000,1,1,80.0301345313,17.8555341874
2021-10-02,RUB_UZS,10,0.0100000000,True,0.0067073800,0.0068006005,0.0067073800,0,0,165.4059491011,-28.8055795633
2021-10-05,RUB_UZS,10,0.0100000000,True,0.0067073800,0.0067860571,0.0067073800,0,0,165.7375938725,-50.6374414766
2021-10-06,RUB_UZS,10,0.0100000000,True,0.0066510700,0.0067769476,0.0066510700,0,0,213.6898018039,-28.5561908402
2021-10-07,RUB_UZS,10,0.0100000000,True,0.0066510700,0.0067678381,0.0066510700,0,0,204.1047771240,-32.2287626491
2021-10-08,RUB_UZS,10,0.0100000000,True,0.0066510700,0.0067587286,0.0066510700,0,0,181.4442912438,-22.5655290196
2021-10-09,RUB_UZS,10,0.0100000000,True,0.0066484300,0.0067504338,0.0066484300,0,0,138.4941706963,12.7900069350
2021-10-12,RUB_UZS,10,0.0100000000,True,0.0066320700,0.0067269614,0.0066320700,0,0,112.2793102523,29.1088759455
2021-10-13,RUB_UZS,10,0.0100000000,True,0.0066276000,0.0067177905,0.0066276000,0,0,165.5691048466,-31.8401174990
2021-10-14,RUB_UZS,10,0.0100000000,True,0.0066276000,0.0067086195,0.0066276000,0,0,145.8877265185,-25.4903056132
2021-10-15,RUB_UZS,10,0.0100000000,True,0.0066276000,0.0066994486,0.0066276000,0,0,121.0645091089,-13.9883581037
2021-10-16,RUB_UZS,10,0.0100000000,True,0.0065527800,0.0066867038,0.0065527800,0,0,147.7807330249,53.2905457440
2021-10-19,RUB_UZS,10,0.0100000000,True,0.0065032800,0.0066525700,0.0065032800,0,0,218.3222204340,6.2231588694
2021-10-20,RUB_UZS,10,0.0100000000,True,0.0065032800,0.0066458719,0.0065032800,0,0,194.1927633454,20.7676358493
2021-10-21,RUB_UZS,10,0.0100000000,True,0.0065032800,0.0066391738,0.0065032800,0,0,204.8267354694,-0.1448832023
2021-10-22,RUB_UZS,10,0.0100000000,True,0.0065032800,0.0066324757,0.0065032800,0,0,214.4365079246,-20.0743829120
2021-10-23,RUB_UZS,10,0.0100000000,True,0.0065032800,0.0066302019,0.0065032800,0,0,187.5792141952,3.9243220633
2021-10-26,RUB_UZS,10,0.0100000000,True,0.0065032800,0.0066235300,0.0065032800,1,1,75.5404576378,106.8161539240
2021-10-27,RUB_UZS,10,0.0100000000,True,0.0065032800,0.0066246029,0.0065343000,1,1,0.0000000000,183.1398194868
2021-10-28,RUB_UZS,10,0.0100000000,True,0.0065032800,0.0066256757,0.0066011400,1,1,0.0000000000,137.9115402354
2021-10-29,RUB_UZS,10,0.0100000000,True,0.0065032800,0.0066267486,0.0066011400,0,1,6.6610754003,32.0044908902
2021-10-30,RUB_UZS,10,0.0100000000,True,0.0065032800,0.0066277462,0.0066011400,0,1,0.0000000000,40.1436471940
2021-11-02,RUB_UZS,10,0.0100000000,True,0.0065032800,0.0066283762,0.0066193300,0,1,60.5138723923,-47.1515324805
2021-11-03,RUB_UZS,10,0.0100000000,True,0.0065032800,0.0066314119,0.0066193300,0,0,100.3228937502,-82.9357247415
2021-11-04,RUB_UZS,10,0.0100000000,True,0.0065032800,0.0066344476,0.0066193300,0,1,81.3204267562,-59.0137765802
2021-11-09,RUB_UZS,10,0.0100000000,True,0.0066011400,0.0066771533,0.0066193300,0,1,75.0444569060,11.6416876254
2021-11-10,RUB_UZS,10,0.0100000000,True,0.0066011400,0.0066845824,0.0066193300,1,1,70.9950709951,26.8115193007
2021-11-11,RUB_UZS,10,0.0100000000,True,0.0066011400,0.0066920114,0.0066443700,1,1,0.0000000000,108.6092415520
2021-11-12,RUB_UZS,10,0.0100000000,True,0.0066193300,0.0066994405,0.0066913500,1,1,0.0000000000,82.2016053224
2021-11-13,RUB_UZS,10,0.0100000000,True,0.0066193300,0.0067079405,0.0066913500,0,1,0.0000000000,24.7325930356
2021-11-16,RUB_UZS,10,0.0100000000,True,0.0066193300,0.0067448390,0.0067503900,0,1,0.0000000000,20.3400667120
2021-11-17,RUB_UZS,10,0.0100000000,True,0.0066193300,0.0067616405,0.0067503900,0,1,25.1941650018,-8.5770957949
2021-11-18,RUB_UZS,10,0.0100000000,True,0.0066193300,0.0067784419,0.0067503900,0,1,43.7019359825,-2.3281091146
2021-11-19,RUB_UZS,10,0.0100000000,True,0.0066193300,0.0067952433,0.0067571500,0,1,0.0000000000,66.0069568272
2021-11-20,RUB_UZS,10,0.0100000000,True,0.0066193300,0.0068089657,0.0067571500,0,1,0.0000000000,76.0992439380
2021-11-23,RUB_UZS,10,0.0100000000,True,0.0066913500,0.0068449795,0.0068647200,0,1,0.0000000000,10.0066388595
2021-11-24,RUB_UZS,10,0.0100000000,True,0.0066913500,0.0068526881,0.0068532300,0,0,149.5555734425,-152.6290169760
2021-11-25,RUB_UZS,10,0.0100000000,True,0.0066913500,0.0068603967,0.0068532300,0,1,80.2326355617,-70.3506454194
2021-11-26,RUB_UZS,10,0.0100000000,True,0.0067311200,0.0068681052,0.0068532300,0,0,128.6416786940,-108.3774335488
2021-11-27,RUB_UZS,10,0.0100000000,True,0.0067503900,0.0068731400,0.0068368500,0,0,269.8098465366,-223.0276118339
2021-11-30,RUB_UZS,10,0.0100000000,True,0.0067571500,0.0068855700,0.0068260200,0,0,189.0464315743,-104.5374602248
2021-12-01,RUB_UZS,10,0.0100000000,True,0.0067571500,0.0068884705,0.0068180600,0,0,179.7247236001,-78.9282961979
2021-12-02,RUB_UZS,10,0.0100000000,True,0.0067571500,0.0068913710,0.0068180600,0,1,67.9707256815,38.6729325197
2021-12-03,RUB_UZS,10,0.0100000000,True,0.0068180600,0.0068942714,0.0068180600,1,1,88.7181298689,22.0203523008
2021-12-04,RUB_UZS,10,0.0100000000,True,0.0067925800,0.0068921024,0.0067925800,1,1,88.4984160753,56.4013399740
2021-12-07,RUB_UZS,10,0.0100000000,True,0.0067862400,0.0068721305,0.0067862400,1,1,74.0253186775,51.3384842047
2021-12-08,RUB_UZS,10,0.0100000000,True,0.0067862400,0.0068614338,0.0067862400,0,0,142.1106990487,-32.9904668683
2021-12-09,RUB_UZS,10,0.0100000000,True,0.0067862400,0.0068507371,0.0067862400,1,1,91.3300013579,2.8422384578
2021-12-10,RUB_UZS,10,0.0100000000,True,0.0067862400,0.0068400405,0.0067862400,1,1,58.2770047553,20.4976509120
2021-12-11,RUB_UZS,10,0.0100000000,True,0.0067862400,0.0068356614,0.0067862400,1,1,46.6701671737,25.7494154082
2021-12-14,RUB_UZS,10,0.0100000000,True,0.0067620200,0.0068219933,0.0067620200,1,1,44.9902687933,43.1154530592
2021-12-15,RUB_UZS,10,0.0100000000,True,0.0067620200,0.0068181338,0.0067620200,1,1,35.6898665535,46.7779166775
2021-12-16,RUB_UZS,10,0.0100000000,True,0.0067620200,0.0068142743,0.0067620200,1,1,69.9886044572,6.7421496724
2021-12-17,RUB_UZS,10,0.0100000000,True,0.0067620200,0.0068104148,0.0067620200,1,1,45.8255742917,25.3505293119
2021-12-18,RUB_UZS,10,0.0100000000,True,0.0067620200,0.0068078000,0.0067620200,1,1,58.4845188038,8.8134199007
2021-12-21,RUB_UZS,10,0.0100000000,True,0.0067620200,0.0068034229,0.0067620200,0,0,150.8537503696,-91.3762736236
2021-12-22,RUB_UZS,10,0.0100000000,True,0.0067620200,0.0068051838,0.0067620200,1,1,97.9657105370,-34.8795728970
2021-12-23,RUB_UZS,10,0.0100000000,True,0.0067620200,0.0068069448,0.0067620200,1,1,68.5301703120,-2.5492172420
2021-12-24,RUB_UZS,10,0.0100000000,True,0.0067620200,0.0068087057,0.0067721800,1,1,0.0000000000,68.5676782707
2021-12-25,RUB_UZS,10,0.0100000000,True,0.0067620200,0.0068116800,0.0067721800,1,1,0.0000000000,57.9886312921
2021-12-28,RUB_UZS,10,0.0100000000,True,0.0067620200,0.0068200633,0.0067987900,1,1,0.0000000000,55.8987966387
2021-12-29,RUB_UZS,10,0.0100000000,True,0.0067620200,0.0068225986,0.0068131300,1,1,0.0000000000,34.8966323891
2021-12-30,RUB_UZS,10,0.0100000000,True,0.0067620200,0.0068251338,0.0068550400,1,1,0.0000000000,17.5876544824
2021-12-31,RUB_UZS,10,0.0100000000,True,0.0067620200,0.0068276690,0.0068550400,0,1,0.0000000000,-40.0882822381
2022-01-11,RUB_UZS,10,0.0100000000,True,0.0068550400,0.0069255000,0.0068892000,0,1,80.3598554934,-28.1712511732
2022-01-12,RUB_UZS,10,0.0100000000,True,0.0068550400,0.0069361157,0.0068892000,1,1,41.1266831944,26.6225579941
2022-01-13,RUB_UZS,10,0.0100000000,True,0.0068550400,0.0069467314,0.0068929800,1,1,0.0000000000,82.8179830514
2022-01-14,RUB_UZS,10,0.0100000000,True,0.0068550400,0.0069573471,0.0070037400,1,1,0.0000000000,92.5167905747
2022-01-15,RUB_UZS,10,0.0100000000,True,0.0068550400,0.0069714624,0.0070037400,0,1,0.0000000000,-46.2996388474
2022-01-18,RUB_UZS,10,0.0100000000,True,0.0068550400,0.0070335771,0.0070419700,0,1,0.0000000000,26.6679990511
2022-01-19,RUB_UZS,10,0.0100000000,True,0.0068550400,0.0070496843,0.0070665600,0,1,0.0000000000,10.9427392797
2022-01-20,RUB_UZS,10,0.0100000000,True,0.0068550400,0.0070657914,0.0070665600,0,1,55.0685436601,-56.4672363060
2022-01-21,RUB_UZS,10,0.0100000000,True,0.0068892000,0.0070818986,0.0070779700,0,1,0.0000000000,21.6588408798
2022-01-22,RUB_UZS,10,0.0100000000,True,0.0068892000,0.0070922843,0.0070779700,0,1,0.0000000000,20.1828989612
2022-01-25,RUB_UZS,10,0.0100000000,True,0.0070037400,0.0071205152,0.0070734200,0,0,109.1245703674,-43.4585993710
2022-01-26,RUB_UZS,10,0.0100000000,True,0.0070037400,0.0071212357,0.0070188700,0,0,338.6158320796,-201.6985414851
2022-01-27,RUB_UZS,10,0.0100000000,True,0.0070037400,0.0071219562,0.0070188700,0,0,381.7366090026,-246.3983276933
2022-01-28,RUB_UZS,10,0.0100000000,True,0.0070148200,0.0071226767,0.0070188700,0,0,394.6097147752,-259.0926725580
2022-01-29,RUB_UZS,10,0.0100000000,True,0.0069732300,0.0071206962,0.0069732300,0,0,305.9239930546,-101.9476292513
2022-02-01,RUB_UZS,10,0.0100000000,True,0.0068965500,0.0070979019,0.0068965500,0,0,372.1288658139,-91.8695356924
2022-02-02,RUB_UZS,10,0.0100000000,True,0.0068965500,0.0070899238,0.0068965500,0,0,338.8961500153,-68.4720905054
2022-02-03,RUB_UZS,10,0.0100000000,True,0.0068965500,0.0070819457,0.0068965500,0,0,250.0487741432,12.0386608846
2022-02-04,RUB_UZS,10,0.0100000000,True,0.0068965500,0.0070739676,0.0068965500,0,0,260.1969554245,-9.6443485746
2022-02-05,RUB_UZS,10,0.0100000000,True,0.0068965500,0.0070691743,0.0068965500,0,0,174.2730667472,71.1600587015
2022-02-08,RUB_UZS,10,0.0100000000,True,0.0068965500,0.0070244676,0.0068965500,0,0,109.9633885588,72.9416403155
2022-02-09,RUB_UZS,10,0.0100000000,True,0.0068965500,0.0070142414,0.0068965500,1,1,60.5313790345,107.9110682776
2022-02-10,RUB_UZS,10,0.0100000000,True,0.0068965500,0.0070040152,0.0068965500,1,1,5.6373216780,147.8798011916
2022-02-11,RUB_UZS,10,0.0100000000,True,0.0068965500,0.0069937890,0.0069104300,1,1,0.0000000000,139.0362891374
2022-02-12,RUB_UZS,10,0.0100000000,True,0.0068965500,0.0069898810,0.0069104300,1,1,0.0000000000,113.6656731670
2022-02-15,RUB_UZS,10,0.0100000000,True,0.0068965500,0.0070642729,0.0069219300,0,0,182.7735859761,19.0718243977
2022-02-16,RUB_UZS,10,0.0100000000,True,0.0068965500,0.0070970519,0.0069219300,0,0,145.0073891836,103.2427347935
2022-02-17,RUB_UZS,10,0.0100000000,True,0.0068965500,0.0071298310,0.0069785400,1,1,0.0000000000,291.5931019536
2022-02-18,RUB_UZS,10,0.0100000000,True,0.0068965500,0.0071626100,0.0069785400,0,1,9.2197830201,247.9961913325
2022-02-19,RUB_UZS,10,0.0100000000,True,0.0068965500,0.0072415357,0.0069785400,0,1,0.0000000000,363.1767137002
2022-02-22,RUB_UZS,10,0.0100000000,True,0.0069104300,0.0075969433,0.0074179300,0,1,0.0000000000,679.0933019991
2022-02-23,RUB_UZS,10,0.0100000000,True,0.0069104300,0.0077301295,0.0074179300,0,1,0.0000000000,403.8735998510
2022-02-25,RUB_UZS,10,0.0100000000,True,0.0069219300,0.0079956390,0.0077072300,0,0,388.8490531921,-29.2796513719
2022-02-26,RUB_UZS,10,0.0100000000,True,0.0069219300,0.0081217095,0.0077072300,0,1,0.0000000000,510.3353211469
2022-03-01,RUB_UZS,10,0.0100000000,True,0.0069785400,0.0086207138,0.0084384000,0,0,222.7752885929,-11.5491485928
2022-03-02,RUB_UZS,10,0.0100000000,True,0.0069785400,0.0087982214,0.0094964000,0,1,0.0000000000,408.9706442292
2022-03-03,RUB_UZS,10,0.0100000000,True,0.0069785400,0.0089757290,0.0096982800,0,1,0.0000000000,-580.0876448238
2022-03-04,RUB_UZS,10,0.0100000000,True,0.0070810400,0.0091532367,0.0096982800,0,0,551.4453007024,-1213.8474878285
2022-03-05,RUB_UZS,10,0.0100000000,True,0.0074179300,0.0093180586,0.0096982800,0,1,9.3331437860,-417.7709611797
2022-03-06,RUB_UZS,10,0.0100000000,True,0.0074179300,0.0094488667,0.0096982800,0,1,0.0000000000,-263.9611099744
2022-03-10,RUB_UZS,10,0.0100000000,True,0.0077072300,0.0097637086,0.0091787300,0,0,1383.5777181158,-910.4034825175
2022-03-11,RUB_UZS,10,0.0100000000,True,0.0084384000,0.0098337800,0.0091787300,0,0,1700.1419671034,-1245.8281556024
2022-03-12,RUB_UZS,10,0.0100000000,True,0.0084384000,0.0098566290,0.0091105000,0,0,1490.4447890008,-861.9285034230
2022-03-15,RUB_UZS,10,0.0100000000,True,0.0083391000,0.0097663143,0.0083391000,0,0,2089.8665376626,-794.5532895872
2022-03-16,RUB_UZS,10,0.0100000000,True,0.0083280900,0.0097006357,0.0083280900,0,0,1807.0123660833,-478.5916092392
2022-03-17,RUB_UZS,10,0.0100000000,True,0.0083280900,0.0096353886,0.0083280900,0,0,1546.9399603742,-224.9742467203
2022-03-18,RUB_UZS,10,0.0100000000,True,0.0083280900,0.0095701414,0.0083280900,0,0,1000.0648403307,330.8638967718
2022-03-19,RUB_UZS,10,0.0100000000,True,0.0081619000,0.0094969805,0.0081619000,0,0,1107.8112113549,335.1070132116
2022-03-22,RUB_UZS,10,0.0100000000,True,0.0074902400,0.0090755976,0.0074902400,0,0,1778.4534328522,-38.4573913669
2022-03-23,RUB_UZS,10,0.0100000000,True,0.0073186700,0.0089142867,0.0073186700,0,0,1887.0386300349,-119.6655855058
2022-03-24,RUB_UZS,10,0.0100000000,True,0.0073186700,0.0087529757,0.0073186700,0,0,1815.7927990490,-216.4455745091
2022-03-25,RUB_UZS,10,0.0100000000,True,0.0073186700,0.0085916648,0.0073186700,0,0,1223.6692208991,293.9648704924
2022-03-26,RUB_UZS,10,0.0100000000,True,0.0073186700,0.0084386871,0.0073186700,0,0,1212.0666323251,131.0596553526
2022-03-29,RUB_UZS,10,0.0100000000,True,0.0067063300,0.0080575767,0.0067063300,0,0,1783.3715188865,-129.4723434217
2022-03-30,RUB_UZS,10,0.0100000000,True,0.0065874600,0.0079341829,0.0065874600,0,0,1244.4924698855,517.2465325442
2022-03-31,RUB_UZS,10,0.0100000000,True,0.0065874600,0.0078107890,0.0065874600,0,0,1271.0836907739,338.0952244505
2022-04-01,RUB_UZS,10,0.0100000000,True,0.0065874600,0.0076873952,0.0065874600,0,0,1205.2751313710,256.4655933368
2022-04-02,RUB_UZS,10,0.0100000000,True,0.0065874600,0.0075858324,0.0065874600,0,0,999.1022959090,352.1859797788
2022-04-05,RUB_UZS,10,0.0100000000,True,0.0065874600,0.0073455210,0.0065874600,0,0,1012.7330052648,21.4429343855
2022-04-06,RUB_UZS,10,0.0100000000,True,0.0065874600,0.0072856595,0.0065874600,0,0,983.6534526487,-28.0969432123
2022-04-07,RUB_UZS,10,0.0100000000,True,0.0065874600,0.0072257981,0.0065874600,0,0,919.8349226303,-40.1089324389
2022-04-08,RUB_UZS,10,0.0100000000,True,0.0065874600,0.0071659367,0.0065874600,0,0,177.2504484569,641.3769588623
2022-04-09,RUB_UZS,10,0.0100000000,True,0.0065874600,0.0071121124,0.0065874600,1,1,0.0000000000,737.6885415330
2022-04-12,RUB_UZS,10,0.0100000000,True,0.0065874600,0.0070140314,0.0066477900,0,0,472.7789179211,51.8267261013
2022-04-13,RUB_UZS,10,0.0100000000,True,0.0065036700,0.0069752219,0.0065036700,0,0,746.5852825679,-76.2385712801
2022-04-14,RUB_UZS,10,0.0100000000,True,0.0065036700,0.0069364124,0.0065036700,0,0,783.7602295674,-173.4868292694
2022-04-15,RUB_UZS,10,0.0100000000,True,0.0065036700,0.0068976029,0.0065036700,0,0,930.3425001395,-396.0754895800
2022-04-16,RUB_UZS,10,0.0100000000,True,0.0065036700,0.0068588057,0.0065036700,0,0,802.3334747560,-309.3749765682
2022-04-19,RUB_UZS,10,0.0100000000,True,0.0064549000,0.0067705481,0.0064549000,0,0,820.1416749270,-385.5550556468
2022-04-20,RUB_UZS,10,0.0100000000,True,0.0063528600,0.0067593767,0.0063528600,0,0,933.9661953500,-366.8139024654
2022-04-21,RUB_UZS,10,0.0100000000,True,0.0063528600,0.0067482052,0.0063528600,0,0,720.2381561015,-144.8159302463
2022-04-22,RUB_UZS,10,0.0100000000,True,0.0063528600,0.0067370338,0.0063528600,0,0,443.6511983682,132.4675102530
2022-04-23,RUB_UZS,10,0.0100000000,True,0.0063528600,0.0067072805,0.0063528600,0,0,231.8844590823,303.5663662989
2022-04-26,RUB_UZS,10,0.0100000000,True,0.0059342400,0.0065758619,0.0059342400,0,0,891.4617430772,92.5078805530
2022-04-27,RUB_UZS,10,0.0100000000,True,0.0059342400,0.0065273810,0.0059342400,0,0,820.6763096713,95.8898413277
2022-04-28,RUB_UZS,10,0.0100000000,True,0.0059342400,0.0064789000,0.0059342400,0,0,862.1618874863,-23.5225115375
2022-04-29,RUB_UZS,10,0.0100000000,True,0.0059342400,0.0064304190,0.0059342400,0,0,806.6120311701,-38.0705397264
2022-04-30,RUB_UZS,10,0.0100000000,True,0.0059342400,0.0063838148,0.0059342400,0,0,658.9473087712,48.4894425344
2022-05-05,RUB_UZS,10,0.0100000000,True,0.0057120100,0.0061942005,0.0057120100,0,0,800.5237507771,-23.9894137535
2022-05-06,RUB_UZS,10,0.0100000000,True,0.0057120100,0.0061565024,0.0057120100,0,0,374.4877187306,361.0205392595
2022-05-07,RUB_UZS,10,0.0100000000,True,0.0056900200,0.0061172162,0.0056900200,0,0,599.5142824101,105.1396394594
2022-05-12,RUB_UZS,10,0.0100000000,True,0.0053107100,0.0059030700,0.0053107100,0,0,1388.8384431285,-447.5129043023
2022-05-13,RUB_UZS,10,0.0100000000,True,0.0053107100,0.0058534438,0.0053107100,0,0,971.7424417577,-49.3319683520
2022-05-14,RUB_UZS,10,0.0100000000,True,0.0052463500,0.0058007529,0.0052463500,0,0,815.2296652142,152.9850681944
2022-05-17,RUB_UZS,10,0.0100000000,True,0.0050835200,0.0056738686,0.0050835200,0,0,1065.9013500831,-28.4663424401
2022-05-18,RUB_UZS,10,0.0100000000,True,0.0050835200,0.0056719162,0.0050835200,0,0,1067.9420591357,-34.2103248218
2022-05-19,RUB_UZS,10,0.0100000000,True,0.0050835200,0.0056699638,0.0050835200,0,0,1086.6729320672,-58.7590884094
2022-05-20,RUB_UZS,10,0.0100000000,True,0.0050835200,0.0056680114,0.0050835200,0,0,932.7454400816,108.5943974304
2022-05-21,RUB_UZS,10,0.0100000000,True,0.0050835200,0.0056520819,0.0050835200,0,0,427.7959067620,603.9755094035
2022-05-24,RUB_UZS,10,0.0100000000,True,0.0050835200,0.0055899986,0.0050835200,0,0,310.3681607213,614.7560988388
2022-05-25,RUB_UZS,10,0.0100000000,True,0.0050835200,0.0055863786,0.0050835200,0,0,108.5939217758,800.2475408935
2022-05-26,RUB_UZS,10,0.0100000000,True,0.0050835200,0.0055827586,0.0055950900,1,1,0.0000000000,894.2506917343
2022-05-27,RUB_UZS,10,0.0100000000,True,0.0050835200,0.0055791386,0.0055950900,0,1,24.3370168701,-53.0573460265
2022-05-28,RUB_UZS,10,0.0100000000,True,0.0050835200,0.0055724386,0.0055493200,0,0,769.4406094579,-788.6339578953
2022-05-31,RUB_UZS,10,0.0100000000,True,0.0050835200,0.0055374610,0.0052889200,0,0,751.0168963937,-326.7184169330
2022-06-01,RUB_UZS,10,0.0100000000,True,0.0050835200,0.0055342105,0.0052424500,0,0,630.2668947238,-110.0057977040
2022-06-02,RUB_UZS,10,0.0100000000,True,0.0050835200,0.0055309600,0.0052424500,0,0,631.3050533355,-117.0682847101
2022-06-03,RUB_UZS,10,0.0100000000,True,0.0050835200,0.0055277095,0.0052424500,0,0,651.6866354845,-145.0880800538
2022-06-04,RUB_UZS,10,0.0100000000,True,0.0050835200,0.0055275238,0.0052424500,0,0,698.2624170731,-196.2292596358
2022-06-07,RUB_UZS,10,0.0100000000,True,0.0051628500,0.0055139005,0.0051628500,0,0,696.4276704173,-64.2367847633
2022-06-08,RUB_UZS,10,0.0100000000,True,0.0051628500,0.0054738010,0.0051628500,0,0,656.4559738525,-94.5943195039
2022-06-09,RUB_UZS,10,0.0100000000,True,0.0051628500,0.0054337014,0.0051628500,0,0,530.4079397949,-33.7312818334
2022-06-10,RUB_UZS,10,0.0100000000,True,0.0051628500,0.0053936019,0.0051628500,0,0,238.3662449044,194.0853377953
2022-06-11,RUB_UZS,10,0.0100000000,True,0.0051299100,0.0053655795,0.0051299100,0,0,214.6706215605,229.4803818733
2022-06-15,RUB_UZS,10,0.0100000000,True,0.0048897600,0.0052371952,0.0048897600,0,0,585.6077875670,82.6305610691
2022-06-16,RUB_UZS,10,0.0100000000,True,0.0048897600,0.0052032719,0.0048897600,0,0,528.9520323077,77.6855515179
2022-06-17,RUB_UZS,10,0.0100000000,True,0.0048897600,0.0051693486,0.0048897600,0,0,576.1910910762,-37.4929806021
2022-06-18,RUB_UZS,10,0.0100000000,True,0.0048897600,0.0051395205,0.0048897600,0,0,541.7026931357,-58.9345328029
2022-06-21,RUB_UZS,10,0.0100000000,True,0.0047366100,0.0050537738,0.0047366100,0,0,766.6801171950,-150.6521529173
2022-06-22,RUB_UZS,10,0.0100000000,True,0.0047366100,0.0050397652,0.0047366100,0,0,538.4744455853,66.6404812696
2022-06-23,RUB_UZS,10,0.0100000000,True,0.0047366100,0.0050257567,0.0047366100,0,0,313.2055561009,270.5993856978
2022-06-24,RUB_UZS,10,0.0100000000,True,0.0047366100,0.0050117481,0.0047366100,0,0,370.9629220039,184.8817887039
2022-06-25,RUB_UZS,10,0.0100000000,True,0.0047366100,0.0050038690,0.0047366100,0,0,379.7830855472,160.4139653839
2022-06-28,RUB_UZS,10,0.0100000000,True,0.0047366100,0.0050727319,0.0047366100,0,0,378.4737950773,295.3081447519
2022-06-29,RUB_UZS,10,0.0100000000,True,0.0047366100,0.0050939048,0.0047366100,0,0,321.5187700758,392.5176681748
2022-06-30,RUB_UZS,10,0.0100000000,True,0.0047366100,0.0051150776,0.0048352800,1,1,0.0000000000,739.9059158717
2022-07-01,RUB_UZS,10,0.0100000000,True,0.0047366100,0.0051362505,0.0049482700,0,1,0.0000000000,585.9731288138
2022-07-02,RUB_UZS,10,0.0100000000,True,0.0047366100,0.0051594895,0.0049482700,0,1,0.0000000000,409.3806622434
2022-07-05,RUB_UZS,10,0.0100000000,True,0.0047366100,0.0052197633,0.0053274600,0,1,0.0000000000,273.5245339987
2022-07-06,RUB_UZS,10,0.0100000000,True,0.0047366100,0.0052367990,0.0052813500,0,0,218.6716351015,-310.5350251217
2022-07-07,RUB_UZS,10,0.0100000000,True,0.0047366100,0.0052538348,0.0052813500,0,0,882.9693207477,-1025.9272750706
2022-07-08,RUB_UZS,10,0.0100000000,True,0.0047366100,0.0052708705,0.0052813500,0,0,893.2192517795,-1002.6608056427
2022-07-09,RUB_UZS,10,0.0100000000,True,0.0047366100,0.0052819662,0.0051559400,0,0,816.6442245353,-629.4508475334
2022-07-12,RUB_UZS,10,0.0100000000,True,0.0049482700,0.0053198181,0.0050202600,0,0,1063.8616002691,-560.3798840956
2022-07-13,RUB_UZS,10,0.0100000000,True,0.0049482700,0.0053349181,0.0050202600,0,0,691.7938135155,-109.5647650412
2022-07-14,RUB_UZS,10,0.0100000000,True,0.0049482700,0.0053500181,0.0050202600,0,0,633.7559119022,-18.5642451766
2022-07-15,RUB_UZS,10,0.0100000000,True,0.0050202600,0.0053651181,0.0050202600,0,0,576.6350193150,70.1906175589
2022-07-16,RUB_UZS,10,0.0100000000,True,0.0050202600,0.0053753286,0.0050202600,0,0,494.3622369281,174.8331663446
2022-07-19,RUB_UZS,10,0.0100000000,True,0.0050202600,0.0053445386,0.0050202600,0,0,263.1527907617,352.8809249068
2022-07-20,RUB_UZS,10,0.0100000000,True,0.0050202600,0.0053448319,0.0050202600,1,1,83.9854783340,527.7095889781
2022-07-21,RUB_UZS,10,0.0100000000,True,0.0050202600,0.0053451252,0.0051777000,1,1,0.0000000000,607.7785339432
2022-07-22,RUB_UZS,10,0.0100000000,True,0.0050202600,0.0053454186,0.0052653700,0,1,0.0000000000,313.7613438263
2022-07-23,RUB_UZS,10,0.0100000000,True,0.0050202600,0.0053486729,0.0052653700,0,1,0.0000000000,155.7449097520
2022-07-26,RUB_UZS,10,0.0100000000,True,0.0050202600,0.0053686976,0.0053487900,0,1,0.0000000000,143.9597171079
2022-07-27,RUB_UZS,10,0.0100000000,True,0.0050202600,0.0053804624,0.0054944200,0,1,0.0000000000,58.8655374016
2022-07-28,RUB_UZS,10,0.0100000000,True,0.0050202600,0.0053922271,0.0054960500,0,1,0.0000000000,-189.5188285572
2022-07-29,RUB_UZS,10,0.0100000000,True,0.0050202600,0.0054039919,0.0054960500,0,1,10.4874387021,-181.0293149253
2022-07-30,RUB_UZS,10,0.0100000000,True,0.0050202600,0.0054223152,0.0054960500,0,0,221.5955591930,-365.6828369396
2022-08-02,RUB_UZS,10,0.0100000000,True,0.0052653700,0.0054893262,0.0054960500,0,0,334.5250928992,-358.7759274818
2022-08-03,RUB_UZS,10,0.0100000000,True,0.0052653700,0.0055041095,0.0054960500,0,1,4.4557606620,10.1915192371
2022-08-04,RUB_UZS,10,0.0100000000,True,0.0052653700,0.0055188929,0.0055067500,0,1,0.0000000000,41.3902892014
2022-08-05,RUB_UZS,10,0.0100000000,True,0.0052914100,0.0055336762,0.0055284100,0,1,0.0000000000,48.6587750157
2022-08-06,RUB_UZS,10,0.0100000000,True,0.0053487900,0.0055495624,0.0055284100,0,1,0.0000000000,38.1154035226
2022-08-09,RUB_UZS,10,0.0100000000,True,0.0054778700,0.0055632433,0.0054778700,0,0,113.4507546839,40.4680003811
2022-08-10,RUB_UZS,10,0.0100000000,True,0.0054076100,0.0055531010,0.0054076100,0,0,260.2789565067,1.7664947736
2022-08-11,RUB_UZS,10,0.0100000000,True,0.0054076100,0.0055429586,0.0054076100,0,0,267.6061407771,-24.0691471883
2022-08-12,RUB_UZS,10,0.0100000000,True,0.0054076100,0.0055328162,0.0054076100,0,0,273.2955005351,-48.3186294347
2022-08-13,RUB_UZS,10,0.0100000000,True,0.0054076100,0.0055226300,0.0054076100,0,0,301.6776007834,-96.3128074848
2022-08-16,RUB_UZS,10,0.0100000000,True,0.0054076100,0.0055219510,0.0054076100,0,0,386.5052924256,-186.6533196471
2022-08-17,RUB_UZS,10,0.0100000000,True,0.0054076100,0.0055208438,0.0054076100,0,0,371.3391356372,-172.6478664580
2022-08-18,RUB_UZS,10,0.0100000000,True,0.0054076100,0.0055197367,0.0054076100,0,0,235.9749381579,-33.6308314225
2022-08-19,RUB_UZS,10,0.0100000000,True,0.0054076100,0.0055186295,0.0054076100,0,0,128.2615323109,73.8580541304
2022-08-20,RUB_UZS,10,0.0100000000,True,0.0054076100,0.0055177229,0.0054076100,1,1,0.0000000000,199.5621382113
2022-08-23,RUB_UZS,10,0.0100000000,True,0.0054076100,0.0055126029,0.0054820900,0,1,0.0000000000,73.0015533238
2022-08-24,RUB_UZS,10,0.0100000000,True,0.0054076100,0.0055101086,0.0054820900,0,1,22.9312299693,27.9823368790
2022-08-25,RUB_UZS,10,0.0100000000,True,0.0054076100,0.0055076143,0.0054820900,0,1,51.1228145314,-4.8037392389
2022-08-26,RUB_UZS,10,0.0100000000,True,0.0054076100,0.0055051200,0.0055051600,0,1,0.0000000000,41.8337838231
2022-08-27,RUB_UZS,10,0.0100000000,True,0.0054076100,0.0055019229,0.0055051600,0,1,0.0000000000,-5.8836572980
2022-08-30,RUB_UZS,10,0.0100000000,True,0.0054076100,0.0055026248,0.0055111600,0,1,19.0702484203,-34.6475344407
2022-08-31,RUB_UZS,10,0.0100000000,True,0.0054076100,0.0055074267,0.0055084500,0,1,53.3406524750,-55.4947622241
2022-09-01,RUB_UZS,10,0.0100000000,True,0.0054076100,0.0055122286,0.0055084500,0,1,5.1711937292,1.6845662631
2022-09-02,RUB_UZS,10,0.0100000000,True,0.0054723600,0.0055170305,0.0055084500,1,1,4.9172950885,10.6406448466
2022-09-03,RUB_UZS,10,0.0100000000,True,0.0054820900,0.0055192324,0.0055084500,1,1,27.1388844633,-7.6235584175
2022-09-06,RUB_UZS,10,0.0100000000,True,0.0054613800,0.0055155990,0.0054613800,0,0,173.6273543150,-76.6570448938
2022-09-07,RUB_UZS,10,0.0100000000,True,0.0054613800,0.0055145105,0.0054613800,0,0,145.4176042093,-49.7950342611
2022-09-08,RUB_UZS,10,0.0100000000,True,0.0054613800,0.0055134219,0.0054613800,0,0,206.5079780653,-114.4808003603
2022-09-09,RUB_UZS,10,0.0100000000,True,0.0054613800,0.0055123333,0.0054613800,0,0,121.5144630790,-29.4370200157
2022-09-10,RUB_UZS,10,0.0100000000,True,0.0054613800,0.0055107419,0.0054613800,1,1,85.4505350870,4.1589767794
2022-09-13,RUB_UZS,10,0.0100000000,True,0.0054491600,0.0055066233,0.0054491600,0,0,125.8290146052,-21.7495658259
2022-09-14,RUB_UZS,10,0.0100000000,True,0.0052769200,0.0054948843,0.0052769200,0,0,380.2037378680,17.1146201181
2022-09-15,RUB_UZS,10,0.0100000000,True,0.0052769200,0.0054831452,0.0052769200,0,0,342.1744254998,35.1353780699
2022-09-16,RUB_UZS,10,0.0100000000,True,0.0052769200,0.0054714062,0.0052769200,0,0,337.7534615793,18.3247050706
2022-09-17,RUB_UZS,10,0.0100000000,True,0.0052582300,0.0054571371,0.0052582300,0,0,408.7153202123,-46.1099959267
2022-09-20,RUB_UZS,10,0.0100000000,True,0.0052194700,0.0054161595,0.0052194700,0,0,489.7718224504,-133.1394983354
2022-09-21,RUB_UZS,10,0.0100000000,True,0.0050207600,0.0053929362,0.0050207600,0,0,815.0164554623,-135.9812297674
2022-09-22,RUB_UZS,10,0.0100000000,True,0.0050207600,0.0053697129,0.0050207600,0,0,967.4680176234,-351.6335936026
2022-09-23,RUB_UZS,10,0.0100000000,True,0.0050207600,0.0053464895,0.0050207600,0,0,786.1762179859,-192.0334375168
2022-09-24,RUB_UZS,10,0.0100000000,True,0.0050207600,0.0053327924,0.0050207600,0,0,485.4346853847,104.7713410932
2022-09-27,RUB_UZS,10,0.0100000000,True,0.0050207600,0.0053232219,0.0050207600,0,0,451.6158479184,122.0912934397
2022-09-28,RUB_UZS,10,0.0100000000,True,0.0050207600,0.0053257895,0.0050207600,0,0,464.9440327561,113.0527662431
2022-09-29,RUB_UZS,10,0.0100000000,True,0.0050207600,0.0053283571,0.0050207600,0,0,529.5303773090,50.4229392603
2022-09-30,RUB_UZS,10,0.0100000000,True,0.0050207600,0.0053309248,0.0050207600,0,0,380.7091524618,209.0720970238
2022-10-01,RUB_UZS,10,0.0100000000,True,0.0050207600,0.0053380786,0.0050207600,1,1,0.0000000000,594.4434260053
2022-10-04,RUB_UZS,10,0.0100000000,True,0.0050207600,0.0053739543,0.0053508900,0,1,0.0000000000,266.0876481484
2022-10-05,RUB_UZS,10,0.0100000000,True,0.0050207600,0.0053929810,0.0053952700,0,1,0.0000000000,78.0476563010
2022-10-06,RUB_UZS,10,0.0100000000,True,0.0050207600,0.0054120076,0.0054636000,0,1,0.0000000000,30.9268209245
2022-10-07,RUB_UZS,10,0.0100000000,True,0.0050207600,0.0054310343,0.0055362200,0,1,0.0000000000,-59.9622697492
2022-10-08,RUB_UZS,10,0.0100000000,True,0.0050207600,0.0054448590,0.0055362200,0,1,0.0000000000,-167.7930531937
2022-10-11,RUB_UZS,10,0.0100000000,True,0.0050207600,0.0054823452,0.0055163600,0,0,216.6178948302,-284.8320474597
2022-10-12,RUB_UZS,10,0.0100000000,True,0.0050207600,0.0055049333,0.0054951100,0,0,448.1542448804,-450.4989463996
2022-10-13,RUB_UZS,10,0.0100000000,True,0.0050207600,0.0055275214,0.0054951100,0,0,446.6597010099,-406.1649951606
2022-10-14,RUB_UZS,10,0.0100000000,True,0.0052309600,0.0055501095,0.0054951100,0,0,397.1767041394,-310.4091467950
2022-10-15,RUB_UZS,10,0.0100000000,True,0.0053508900,0.0055628157,0.0054951100,0,0,319.5113873386,-204.3286917134
2022-10-18,RUB_UZS,10,0.0100000000,True,0.0054951100,0.0055785071,0.0054951100,1,1,96.3134512620,53.7010029565
2022-10-19,RUB_UZS,10,0.0100000000,True,0.0054951100,0.0055771743,0.0054951100,1,1,76.1206806254,71.5672196519
2022-10-20,RUB_UZS,10,0.0100000000,True,0.0054951100,0.0055758414,0.0054951100,1,1,45.3250195195,99.9157334101
2022-10-21,RUB_UZS,10,0.0100000000,True,0.0054951100,0.0055745086,0.0054951100,1,1,38.5217788542,104.3115651963
2022-10-22,RUB_UZS,10,0.0100000000,True,0.0054951100,0.0055684681,0.0054951100,1,1,0.0000000000,131.7383775635
2022-10-25,RUB_UZS,10,0.0100000000,True,0.0054951100,0.0055398310,0.0054996300,1,1,0.0000000000,75.8885112963
2022-10-26,RUB_UZS,10,0.0100000000,True,0.0054951100,0.0055357200,0.0054996300,1,1,35.1149934499,30.1857752921
2022-10-27,RUB_UZS,10,0.0100000000,True,0.0054951100,0.0055316090,0.0054996300,1,1,36.4689769120,21.4206165277
2022-10-28,RUB_UZS,10,0.0100000000,True,0.0054951100,0.0055274981,0.0054996300,1,1,1.5998516501,48.8251552024
2022-10-29,RUB_UZS,10,0.0100000000,True,0.0054951100,0.0055252224,0.0054996300,1,1,15.6130009095,30.7542027828
2022-11-01,RUB_UZS,10,0.0100000000,True,0.0054585200,0.0055176414,0.0054585200,1,1,96.3958161349,10.8586769347
2022-11-02,RUB_UZS,10,0.0100000000,True,0.0053790700,0.0055121157,0.0053790700,0,0,219.2147471739,22.6514009010
2022-11-03,RUB_UZS,10,0.0100000000,True,0.0053790700,0.0055065900,0.0053790700,0,0,283.8052884746,-53.7537750223
2022-11-04,RUB_UZS,10,0.0100000000,True,0.0053790700,0.0055010643,0.0053790700,0,0,377.5927300699,-161.9426890121
2022-11-08,RUB_UZS,10,0.0100000000,True,0.0053790700,0.0054793371,0.0053790700,0,0,221.2239763233,-39.0975342169
2022-11-09,RUB_UZS,10,0.0100000000,True,0.0053790700,0.0054735457,0.0053790700,0,0,145.5522742428,27.4515187596
2022-11-10,RUB_UZS,10,0.0100000000,True,0.0053790700,0.0054677543,0.0053790700,0,0,171.4088377600,-9.3744415310
2022-11-11,RUB_UZS,10,0.0100000000,True,0.0053790700,0.0054619629,0.0053790700,0,0,189.8178966470,-38.7903459091
2022-11-12,RUB_UZS,10,0.0100000000,True,0.0053790700,0.0054574748,0.0053790700,1,1,0.0000000000,143.6649097345
2022-11-15,RUB_UZS,10,0.0100000000,True,0.0053790700,0.0054368648,0.0053808000,1,1,15.9201986128,87.3385011109
2022-11-16,RUB_UZS,10,0.0100000000,True,0.0053790700,0.0054271129,0.0053808000,1,1,16.6055939515,68.8448133038
2022-11-17,RUB_UZS,10,0.0100000000,True,0.0053790700,0.0054173610,0.0053808000,1,1,40.0006663693,27.5982208171
2022-11-18,RUB_UZS,10,0.0100000000,True,0.0053790700,0.0054076090,0.0053808000,1,1,34.1898704637,15.4394438384
2022-11-19,RUB_UZS,10,0.0100000000,True,0.0053790700,0.0054029086,0.0053808000,1,1,10.7860045557,30.1662913838
2022-11-22,RUB_UZS,10,0.0100000000,True,0.0053790700,0.0053986857,0.0053808000,1,1,67.5600841732,-34.6645215238
2022-11-23,RUB_UZS,10,0.0100000000,True,0.0053790700,0.0054045310,0.0053808000,1,1,62.2035726422,-18.4087161434
2022-11-24,RUB_UZS,10,0.0100000000,True,0.0053790700,0.0054103762,0.0053808000,1,1,31.6420520649,23.0967127539
2022-11-25,RUB_UZS,10,0.0100000000,True,0.0053808000,0.0054162214,0.0053853600,1,1,0.0000000000,65.3987822296
2022-11-26,RUB_UZS,10,0.0100000000,True,0.0053808000,0.0054226343,0.0053853600,1,1,0.0000000000,68.7383359274
2022-11-29,RUB_UZS,10,0.0100000000,True,0.0053808000,0.0054469224,0.0054294500,1,1,0.0000000000,82.3811646542
2022-11-30,RUB_UZS,10,0.0100000000,True,0.0053808000,0.0054542190,0.0054294500,0,1,16.2918259533,29.1683327717
2022-12-01,RUB_UZS,10,0.0100000000,True,0.0053808000,0.0054615157,0.0054581100,1,1,0.0000000000,58.7121157627
2022-12-02,RUB_UZS,10,0.0100000000,True,0.0053808000,0.0054688124,0.0055018200,0,1,0.0000000000,19.5698447979
2022-12-03,RUB_UZS,10,0.0100000000,True,0.0053808000,0.0054764757,0.0055018200,0,1,0.0000000000,-46.2784590611
2022-12-06,RUB_UZS,10,0.0100000000,True,0.0053853600,0.0055118119,0.0055398400,0,1,0.0000000000,-22.2033978110
2022-12-07,RUB_UZS,10,0.0100000000,True,0.0053853600,0.0055292971,0.0055398400,0,1,71.2239989390,-90.9389671847
2022-12-08,RUB_UZS,10,0.0100000000,True,0.0053853600,0.0055467824,0.0055398400,0,1,66.8445362481,-54.6940856230
2022-12-09,RUB_UZS,10,0.0100000000,True,0.0054020500,0.0055642676,0.0055398400,0,1,8.8912614951,35.0407643602
2022-12-10,RUB_UZS,10,0.0100000000,True,0.0054294500,0.0055874895,0.0055398400,0,1,0.0000000000,85.2789497081
2022-12-13,RUB_UZS,10,0.0100000000,True,0.0055018200,0.0057041710,0.0056082500,0,1,0.0000000000,220.6121685894
2022-12-14,RUB_UZS,10,0.0100000000,True,0.0055018200,0.0057335114,0.0056144300,0,1,0.0000000000,218.4724494438
2022-12-15,RUB_UZS,10,0.0100000000,True,0.0055018200,0.0057628519,0.0057125400,0,1,0.0000000000,257.5493995243
2022-12-16,RUB_UZS,10,0.0100000000,True,0.0055240500,0.0057921924,0.0057525500,0,1,0.0000000000,137.5168083407
2022-12-17,RUB_UZS,10,0.0100000000,True,0.0055398400,0.0058200071,0.0057525500,0,1,0.0000000000,115.9056014904
2022-12-20,RUB_UZS,10,0.0100000000,True,0.0055398400,0.0059324148,0.0061081600,0,1,0.0000000000,71.9854622758
2022-12-21,RUB_UZS,10,0.0100000000,True,0.0055398400,0.0059669886,0.0061081600,0,1,9.5518482172,-246.3745770779
2022-12-22,RUB_UZS,10,0.0100000000,True,0.0055398400,0.0060015624,0.0061081600,0,0,232.3669898472,-419.7367336331
2022-12-23,RUB_UZS,10,0.0100000000,True,0.0055783300,0.0060361362,0.0061081600,0,0,468.9711345965,-617.2389054304
2022-12-24,RUB_UZS,10,0.0100000000,True,0.0056082500,0.0060688771,0.0061081600,0,1,16.0347304743,-80.8928175464
2022-12-27,RUB_UZS,10,0.0100000000,True,0.0057525500,0.0061575652,0.0062474000,0,1,0.0000000000,80.2350217738
2022-12-28,RUB_UZS,10,0.0100000000,True,0.0057525500,0.0061820100,0.0062658900,0,1,0.0000000000,-105.7746590510
2022-12-29,RUB_UZS,10,0.0100000000,True,0.0057525500,0.0062064548,0.0062658900,0,0,187.3150105708,-288.4823058636
2022-12-30,RUB_UZS,10,0.0100000000,True,0.0058897100,0.0062308995,0.0062658900,0,0,253.9068272068,-318.1410251168
2022-12-31,RUB_UZS,10,0.0100000000,True,0.0061081600,0.0062466871,0.0062212500,0,1,71.2428721219,-30.7408658441
2023-01-10,RUB_UZS,10,0.0100000000,True,0.0059798300,0.0061595195,0.0059798300,0,0,388.0570624874,-100.2196290666
2023-01-11,RUB_UZS,10,0.0100000000,True,0.0059798300,0.0061508905,0.0059798300,0,0,305.7818414675,-28.5479376970
2023-01-12,RUB_UZS,10,0.0100000000,True,0.0059798300,0.0061422614,0.0059798300,0,0,205.2372349156,60.4523741023
2023-01-13,RUB_UZS,10,0.0100000000,True,0.0059798300,0.0061336324,0.0059798300,1,1,10.8080116265,240.2041266932
2023-01-14,RUB_UZS,10,0.0100000000,True,0.0059798300,0.0061242095,0.0059798300,1,1,0.0000000000,235.7520970636
2023-01-17,RUB_UZS,10,0.0100000000,True,0.0059798300,0.0061019010,0.0060539200,1,1,0.0000000000,111.0325338115
2023-01-18,RUB_UZS,10,0.0100000000,True,0.0059798300,0.0060952005,0.0060680100,0,1,0.0000000000,67.7261992476
2023-01-19,RUB_UZS,10,0.0100000000,True,0.0059798300,0.0060885000,0.0060680100,0,1,27.6752919135,5.9949084339
2023-01-20,RUB_UZS,10,0.0100000000,True,0.0059798300,0.0060817995,0.0060680100,0,1,48.3151208616,-25.7661833954
2023-01-21,RUB_UZS,10,0.0100000000,True,0.0059798300,0.0060779138,0.0060680100,0,1,27.3966749279,-11.1324225519
2023-01-24,RUB_UZS,10,0.0100000000,True,0.0059798300,0.0060974138,0.0060895700,0,1,0.0000000000,48.2234115026
2023-01-25,RUB_UZS,10,0.0100000000,True,0.0059798300,0.0061093914,0.0061182900,0,1,0.0000000000,32.4441948158
2023-01-26,RUB_UZS,10,0.0100000000,True,0.0059798300,0.0061213690,0.0061213300,0,1,0.0000000000,5.0299983469
2023-01-27,RUB_UZS,10,0.0100000000,True,0.0060341500,0.0061333467,0.0061251800,0,1,0.0000000000,19.5923487123
2023-01-28,RUB_UZS,10,0.0100000000,True,0.0060539200,0.0061430676,0.0061251800,0,1,0.0000000000,29.1183821454
2023-01-31,RUB_UZS,10,0.0100000000,True,0.0060680100,0.0061778843,0.0062077000,0,1,0.0000000000,61.8889638362
2023-02-01,RUB_UZS,10,0.0100000000,True,0.0060680100,0.0061935352,0.0062077000,0,1,51.1250721200,-74.3755547259
2023-02-02,RUB_UZS,10,0.0100000000,True,0.0060680100,0.0062091862,0.0062077000,0,1,23.1112425427,-20.7656996074
2023-02-03,RUB_UZS,10,0.0100000000,True,0.0060680100,0.0062248371,0.0062313600,0,1,0.0000000000,27.5302669995
2023-02-04,RUB_UZS,10,0.0100000000,True,0.0060895700,0.0062451238,0.0062313600,0,1,0.0000000000,22.0392900823
2023-02-07,RUB_UZS,10,0.0100000000,True,0.0061251800,0.0063069614,0.0062501100,0,1,0.0000000000,108.8819542487
2023-02-08,RUB_UZS,10,0.0100000000,True,0.0061251800,0.0063288286,0.0063061800,0,1,0.0000000000,124.3809506611
2023-02-09,RUB_UZS,10,0.0100000000,True,0.0061251800,0.0063506957,0.0064111000,0,1,0.0000000000,70.0958072760
2023-02-10,RUB_UZS,10,0.0100000000,True,0.0061396500,0.0063725629,0.0064133500,0,1,0.0000000000,-60.4735390157
2023-02-11,RUB_UZS,10,0.0100000000,True,0.0062077000,0.0063910667,0.0064133500,0,1,0.0000000000,-34.8663759831
2023-02-14,RUB_UZS,10,0.0100000000,True,0.0062313600,0.0064464719,0.0065193500,0,1,0.0000000000,-73.7738346505
2023-02-15,RUB_UZS,10,0.0100000000,True,0.0062313600,0.0064645000,0.0065282300,0,1,0.0000000000,-84.8480160879
2023-02-16,RUB_UZS,10,0.0100000000,True,0.0062313600,0.0064825281,0.0065282300,0,1,6.2458762674,-76.7939668452
2023-02-17,RUB_UZS,10,0.0100000000,True,0.0062382900,0.0065005562,0.0065282300,0,1,72.8240968839,-116.2420680780
2023-02-18,RUB_UZS,10,0.0100000000,True,0.0062501100,0.0065199719,0.0065282300,0,1,85.2926391055,-98.8011853104
2023-02-21,RUB_UZS,10,0.0100000000,True,0.0064133500,0.0065645648,0.0066099500,0,1,0.0000000000,55.3498414939
2023-02-22,RUB_UZS,10,0.0100000000,True,0.0064133500,0.0065753671,0.0066099500,0,1,4.5970128490,-57.2178805008
2023-02-23,RUB_UZS,10,0.0100000000,True,0.0064133500,0.0065861695,0.0066099500,0,1,0.0000000000,-36.1066870576
2023-02-28,RUB_UZS,10,0.0100000000,True,0.0065282300,0.0066197733,0.0066160000,0,1,45.1698911529,-39.6488902943
2023-03-01,RUB_UZS,10,0.0100000000,True,0.0065282300,0.0066232457,0.0066349100,0,1,0.0000000000,10.9398240655
2023-03-02,RUB_UZS,10,0.0100000000,True,0.0065282300,0.0066267181,0.0066349100,0,1,5.0163898865,-17.3870452859
2023-03-03,RUB_UZS,10,0.0100000000,True,0.0065282300,0.0066301905,0.0066349100,0,1,22.0915543792,-29.2744588247
2023-03-04,RUB_UZS,10,0.0100000000,True,0.0066099500,0.0066344724,0.0066181500,1,1,33.2068311195,-8.6331191370
2023-03-07,RUB_UZS,10,0.0100000000,True,0.0065841500,0.0066364933,0.0065841500,1,1,76.5044288468,2.3857981223
2023-03-08,RUB_UZS,10,0.0100000000,True,0.0065841500,0.0066412148,0.0065841500,1,1,98.1440458627,-12.3399684983
2023-03-10,RUB_UZS,10,0.0100000000,True,0.0065841500,0.0066506576,0.0065841500,0,0,124.1354690554,-24.4372540030
2023-03-11,RUB_UZS,10,0.0100000000,True,0.0065841500,0.0066563214,0.0065841500,0,0,109.8942365610,-1.4851617957
2023-03-14,RUB_UZS,10,0.0100000000,True,0.0065841500,0.0066693624,0.0065841500,1,1,51.3738733634,76.7875218456
2023-03-15,RUB_UZS,10,0.0100000000,True,0.0065841500,0.0066727395,0.0066176300,1,1,0.0000000000,132.7633477875
2023-03-16,RUB_UZS,10,0.0100000000,True,0.0065841500,0.0066761167,0.0066735500,1,1,0.0000000000,87.6058187519
2023-03-17,RUB_UZS,10,0.0100000000,True,0.0065841500,0.0066794938,0.0067083000,0,1,0.0000000000,8.8985927576
2023-03-18,RUB_UZS,10,0.0100000000,True,0.0065841500,0.0066825295,0.0066986600,0,1,15.5609545245,-39.7611055751
2023-03-21,RUB_UZS,10,0.0100000000,True,0.0065841500,0.0066949143,0.0066986600,0,1,98.0050140725,-104.6252592586
2023-03-22,RUB_UZS,10,0.0100000000,True,0.0065841500,0.0066999490,0.0066986600,0,1,45.8280704361,-44.1062344966
2023-03-23,RUB_UZS,10,0.0100000000,True,0.0065841500,0.0067049838,0.0066986600,0,1,61.1878514518,-52.0749810411
2023-03-24,RUB_UZS,10,0.0100000000,True,0.0065841500,0.0067100186,0.0066986600,0,1,14.3702577404,2.5612021938
2023-03-25,RUB_UZS,10,0.0100000000,True,0.0065841500,0.0067203457,0.0066986600,0,1,18.5662005746,13.7280352499
2023-03-28,RUB_UZS,10,0.0100000000,True,0.0066986600,0.0067761210,0.0067155300,1,1,0.0000000000,114.3145952165
2023-03-29,RUB_UZS,10,0.0100000000,True,0.0066986600,0.0068016157,0.0067530400,1,1,0.0000000000,126.5665658013
2023-03-30,RUB_UZS,10,0.0100000000,True,0.0066986600,0.0068271105,0.0067530400,1,1,6.2155554635,102.3426769409
2023-03-31,RUB_UZS,10,0.0100000000,True,0.0066986600,0.0068526052,0.0067630400,1,1,0.0000000000,145.2954528035
2023-04-01,RUB_UZS,10,0.0100000000,True,0.0066986600,0.0068720071,0.0067630400,1,1,0.0000000000,158.5666903306
2023-04-04,RUB_UZS,10,0.0100000000,True,0.0066986600,0.0069367724,0.0069636900,0,1,0.0000000000,146.6854833406
2023-04-05,RUB_UZS,10,0.0100000000,True,0.0066986600,0.0069570224,0.0069848600,0,1,0.0000000000,-9.5840126458
2023-04-06,RUB_UZS,10,0.0100000000,True,0.0066986600,0.0069772724,0.0070980600,0,1,0.0000000000,-10.8747639956
2023-04-07,RUB_UZS,10,0.0100000000,True,0.0066986600,0.0069975224,0.0071363700,0,1,0.0000000000,-143.6760235613
2023-04-08,RUB_UZS,10,0.0100000000,True,0.0067155300,0.0070182567,0.0071340800,0,0,152.4054833398,-322.3497573234
2023-04-11,RUB_UZS,10,0.0100000000,True,0.0067630400,0.0070748057,0.0071237700,0,1,67.8015726953,-137.9462414314
2023-04-12,RUB_UZS,10,0.0100000000,True,0.0067630400,0.0070926514,0.0071237700,0,0,109.0895458976,-154.6510110263
2023-04-13,RUB_UZS,10,0.0100000000,True,0.0067630400,0.0071104971,0.0071237700,0,1,91.7695330158,-111.4589536436
2023-04-14,RUB_UZS,10,0.0100000000,True,0.0068350200,0.0071283429,0.0071237700,0,1,30.6618824241,-24.3214211277
2023-04-15,RUB_UZS,10,0.0100000000,True,0.0069636900,0.0071418771,0.0071192400,0,1,24.0038002514,7.7110579572
2023-04-18,RUB_UZS,10,0.0100000000,True,0.0071192400,0.0071618367,0.0071192400,1,1,20.8015609581,38.7563525371
2023-04-19,RUB_UZS,10,0.0100000000,True,0.0070682700,0.0071534452,0.0070682700,1,1,77.9081862553,41.4838404538
2023-04-20,RUB_UZS,10,0.0100000000,True,0.0070682700,0.0071450538,0.0070682700,0,0,100.6978825434,6.8352312719
2023-04-21,RUB_UZS,10,0.0100000000,True,0.0070682700,0.0071366624,0.0070682700,0,0,113.4780541024,-17.8481457686
2023-04-22,RUB_UZS,10,0.0100000000,True,0.0070682700,0.0071317038,0.0070682700,1,1,97.4109669646,-8.5480141058
2023-04-25,RUB_UZS,10,0.0100000000,True,0.0068601700,0.0070963638,0.0068601700,0,0,363.9012029374,-32.2364961693
2023-04-26,RUB_UZS,10,0.0100000000,True,0.0067121400,0.0070761624,0.0067121400,0,0,596.5174777562,-87.2897140036
2023-04-27,RUB_UZS,10,0.0100000000,True,0.0067121400,0.0070559610,0.0067121400,0,0,624.2457089219,-146.0878940724
2023-04-28,RUB_UZS,10,0.0100000000,True,0.0067121400,0.0070357595,0.0067121400,0,0,636.9973175389,-189.0776336802
2023-04-29,RUB_UZS,10,0.0100000000,True,0.0067121400,0.0070156671,0.0067121400,0,0,503.8432317951,-74.9791232562
2023-05-03,RUB_UZS,10,0.0100000000,True,0.0066257000,0.0069313143,0.0066257000,0,0,537.1746203130,-101.7205559861
2023-05-04,RUB_UZS,10,0.0100000000,True,0.0066257000,0.0069120805,0.0066257000,0,0,444.1245867971,-31.1910775400
2023-05-05,RUB_UZS,10,0.0100000000,True,0.0066257000,0.0068928467,0.0066257000,0,0,341.7845330364,47.4066350913
2023-05-06,RUB_UZS,10,0.0100000000,True,0.0066257000,0.0068832919,0.0066257000,0,0,128.7815808371,248.6483315396
2023-05-11,RUB_UZS,10,0.0100000000,True,0.0066257000,0.0068532371,0.0066257000,0,0,122.6893261777,211.9248755437
2023-05-12,RUB_UZS,10,0.0100000000,True,0.0066257000,0.0068478819,0.0067338900,1,1,0.0000000000,324.4534702145
2023-05-13,RUB_UZS,10,0.0100000000,True,0.0066257000,0.0068429333,0.0067338900,0,1,0.0000000000,159.3517399945
2023-05-16,RUB_UZS,10,0.0100000000,True,0.0066257000,0.0068527929,0.0069558100,0,1,0.0000000000,-96.0150762307
2023-05-17,RUB_UZS,10,0.0100000000,True,0.0066257000,0.0068664614,0.0069558100,0,1,70.5331167330,-202.0816294856
2023-05-18,RUB_UZS,10,0.0100000000,True,0.0066257000,0.0068801300,0.0069558100,0,0,164.5044293461,-279.0935636391
2023-05-19,RUB_UZS,10,0.0100000000,True,0.0066257000,0.0068937986,0.0069558100,0,1,37.7390377763,-128.1752398999
2023-05-20,RUB_UZS,10,0.0100000000,True,0.0066257000,0.0069081338,0.0069558100,0,1,0.0000000000,-69.0145729523
2023-05-23,RUB_UZS,10,0.0100000000,True,0.0067338900,0.0069663595,0.0069961700,0,1,0.0000000000,2.8846111124
2023-05-24,RUB_UZS,10,0.0100000000,True,0.0067338900,0.0069832486,0.0069961700,0,1,7.4984788800,-26.0214546075
2023-05-25,RUB_UZS,10,0.0100000000,True,0.0067338900,0.0070001376,0.0069991800,0,1,0.0000000000,5.6679157804
2023-05-26,RUB_UZS,10,0.0100000000,True,0.0069185900,0.0070170267,0.0069991800,0,1,8.4367224404,17.0110037110
2023-05-27,RUB_UZS,10,0.0100000000,True,0.0069558100,0.0070264886,0.0069991800,1,1,0.0000000000,38.8651758997
2023-05-30,RUB_UZS,10,0.0100000000,True,0.0069558100,0.0070413248,0.0070653100,1,1,0.0000000000,39.9708334105
2023-05-31,RUB_UZS,10,0.0100000000,True,0.0069558100,0.0070542433,0.0070885600,0,1,0.0000000000,-15.6879570830
2023-06-01,RUB_UZS,10,0.0100000000,True,0.0069558100,0.0070671619,0.0070885600,0,1,17.6873507278,-48.0505409324
2023-06-02,RUB_UZS,10,0.0100000000,True,0.0069643500,0.0070800805,0.0070885600,0,1,19.1350506537,-31.1712894843
2023-06-03,RUB_UZS,10,0.0100000000,True,0.0069961700,0.0070925924,0.0070885600,0,1,0.0000000000,5.6853414602
2023-06-06,RUB_UZS,10,0.0100000000,True,0.0069991800,0.0071391119,0.0070966200,0,1,29.0419527657,30.5666938031
2023-06-07,RUB_UZS,10,0.0100000000,True,0.0069991800,0.0071534000,0.0071066600,0,1,0.0000000000,79.3748427321
2023-06-08,RUB_UZS,10,0.0100000000,True,0.0069991800,0.0071676881,0.0071678100,0,1,0.0000000000,85.1433466792
2023-06-09,RUB_UZS,10,0.0100000000,True,0.0070131800,0.0071819762,0.0072271000,0,1,0.0000000000,19.7246413807
2023-06-10,RUB_UZS,10,0.0100000000,True,0.0070653100,0.0071969076,0.0072271000,0,1,0.0000000000,-41.9518806556
2023-06-14,RUB_UZS,10,0.0100000000,True,0.0070885600,0.0072401048,0.0072702300,0,1,53.9831374518,-96.1108166022
2023-06-15,RUB_UZS,10,0.0100000000,True,0.0070885600,0.0072512462,0.0072702300,0,0,115.1608512929,-142.9875731705
2023-06-16,RUB_UZS,10,0.0100000000,True,0.0070966200,0.0072623876,0.0072702300,0,1,61.1622467351,-72.4037103369
2023-06-17,RUB_UZS,10,0.0100000000,True,0.0070966200,0.0072749757,0.0072702300,0,1,39.7302181189,-33.3393356443
2023-06-20,RUB_UZS,10,0.0100000000,True,0.0072271000,0.0073255043,0.0072702300,0,1,77.1284363851,-1.6868658286
2023-06-21,RUB_UZS,10,0.0100000000,True,0.0072271000,0.0073477162,0.0072702300,0,1,94.1637803944,11.3997196667
2023-06-22,RUB_UZS,10,0.0100000000,True,0.0072271000,0.0073699281,0.0072702300,0,1,84.4905607882,51.2190821271
2023-06-23,RUB_UZS,10,0.0100000000,True,0.0072271000,0.0073921400,0.0073225300,1,1,0.0000000000,164.9184133417
2023-06-24,RUB_UZS,10,0.0100000000,True,0.0072702300,0.0074171600,0.0073225300,1,1,0.0000000000,127.5825248478
2023-06-27,RUB_UZS,10,0.0100000000,True,0.0072702300,0.0074952138,0.0074033300,0,1,0.0000000000,151.5284452319
2023-06-28,RUB_UZS,10,0.0100000000,True,0.0072702300,0.0075255476,0.0074528500,0,1,0.0000000000,162.4036219481
2023-06-29,RUB_UZS,10,0.0100000000,True,0.0072702300,0.0075558814,0.0075760100,0,1,0.0000000000,136.3592448418
2023-06-30,RUB_UZS,10,0.0100000000,True,0.0072702300,0.0075862152,0.0076935500,0,1,0.0000000000,13.4523445156
2023-07-01,RUB_UZS,10,0.0100000000,True,0.0072702300,0.0076138814,0.0076935500,0,1,0.0000000000,-104.6359497137
2023-07-04,RUB_UZS,10,0.0100000000,True,0.0073225300,0.0076852524,0.0077629000,0,1,0.0000000000,-87.5281847794
2023-07-05,RUB_UZS,10,0.0100000000,True,0.0073225300,0.0077070776,0.0077784500,0,1,0.0000000000,-72.4300230407
2023-07-06,RUB_UZS,10,0.0100000000,True,0.0073225300,0.0077289029,0.0077784500,0,1,62.7525528357,-127.6599598686
2023-07-07,RUB_UZS,10,0.0100000000,True,0.0073816400,0.0077507281,0.0077784500,0,0,311.1512471585,-358.0591414791
2023-07-08,RUB_UZS,10,0.0100000000,True,0.0074033300,0.0077711271,0.0077784500,0,0,198.8221122345,-212.4696380687
2023-07-11,RUB_UZS,10,0.0100000000,True,0.0076935500,0.0078226757,0.0077784500,0,0,163.4856020628,-108.7278685974
2023-07-12,RUB_UZS,10,0.0100000000,True,0.0076935500,0.0078275776,0.0077784500,0,1,68.5001468316,-5.7774974232
2023-07-13,RUB_UZS,10,0.0100000000,True,0.0076935500,0.0078324795,0.0077784500,0,1,65.8238388555,3.1784619442
2023-07-14,RUB_UZS,10,0.0100000000,True,0.0077525200,0.0078373814,0.0077808600,1,1,0.0000000000,75.1927529731
2023-07-15,RUB_UZS,10,0.0100000000,True,0.0077629000,0.0078393586,0.0077808600,1,1,0.0000000000,74.6216299402
2023-07-18,RUB_UZS,10,0.0100000000,True,0.0077439200,0.0078226552,0.0077439200,1,1,84.6348664920,16.1521091121
2023-07-19,RUB_UZS,10,0.0100000000,True,0.0077439200,0.0078182086,0.0077439200,0,0,104.2109930777,-9.2878419718
2023-07-20,RUB_UZS,10,0.0100000000,True,0.0077439200,0.0078137619,0.0077439200,0,0,143.9602496109,-55.3742176502
2023-07-21,RUB_UZS,10,0.0100000000,True,0.0077439200,0.0078093152,0.0077439200,0,0,112.7268038012,-29.3172463996
2023-07-22,RUB_UZS,10,0.0100000000,True,0.0077439200,0.0078087457,0.0077439200,1,1,67.4277783977,15.6948564265
2023-07-25,RUB_UZS,10,0.0100000000,True,0.0077439200,0.0078318786,0.0077439200,1,1,64.3055462892,48.3135317836
2023-07-26,RUB_UZS,10,0.0100000000,True,0.0077439200,0.0078489586,0.0077439200,1,1,33.6932600610,100.4701078633
2023-07-27,RUB_UZS,10,0.0100000000,True,0.0077439200,0.0078660386,0.0077439200,1,1,12.9095826246,142.5222752349
2023-07-28,RUB_UZS,10,0.0100000000,True,0.0077439200,0.0078831186,0.0078428600,1,1,0.0000000000,176.5780511447
2023-07-29,RUB_UZS,10,0.0100000000,True,0.0077439200,0.0079055876,0.0078428600,0,1,0.0000000000,79.3459285638
2023-08-01,RUB_UZS,10,0.0100000000,True,0.0077439200,0.0079723643,0.0078993200,0,1,0.0000000000,96.0747439145
2023-08-02,RUB_UZS,10,0.0100000000,True,0.0077439200,0.0079883900,0.0079807500,0,1,0.0000000000,111.4993133785
2023-08-03,RUB_UZS,10,0.0100000000,True,0.0077439200,0.0080044157,0.0080462600,0,1,0.0000000000,29.5658235784
2023-08-04,RUB_UZS,10,0.0100000000,True,0.0077439200,0.0080204414,0.0081330300,0,1,0.0000000000,-32.1909606329
2023-08-05,RUB_UZS,10,0.0100000000,True,0.0077439200,0.0080488543,0.0081330300,0,1,7.9979949727,-112.6690968262
2023-08-08,RUB_UZS,10,0.0100000000,True,0.0077546500,0.0080760962,0.0077546500,0,0,636.5953582947,-254.7936585580
2023-08-09,RUB_UZS,10,0.0100000000,True,0.0077410300,0.0080712471,0.0077410300,0,0,593.1711134551,-195.6486455536
2023-08-10,RUB_UZS,10,0.0100000000,True,0.0077410300,0.0080663981,0.0077410300,0,0,729.1499498195,-351.4107553522
2023-08-11,RUB_UZS,10,0.0100000000,True,0.0077410300,0.0080615490,0.0077410300,0,0,715.9630606860,-342.9253493937
2023-08-12,RUB_UZS,10,0.0100000000,True,0.0077410300,0.0080567281,0.0077410300,0,0,481.9851887919,-94.7058208493
2023-08-15,RUB_UZS,10,0.0100000000,True,0.0077410300,0.0080322695,0.0077410300,0,0,774.2848936502,-446.2505586098
2023-08-16,RUB_UZS,10,0.0100000000,True,0.0077410300,0.0080189833,0.0077410300,0,0,415.6266405174,-71.9999833728
2023-08-17,RUB_UZS,10,0.0100000000,True,0.0077410300,0.0080056971,0.0077410300,0,0,334.1757547455,-3.7009358336
2023-08-18,RUB_UZS,10,0.0100000000,True,0.0077410300,0.0079924110,0.0077410300,1,1,17.5636553552,297.4833924301
2023-08-19,RUB_UZS,10,0.0100000000,True,0.0077410300,0.0079746919,0.0077410300,1,1,0.0000000000,293.0043035548
2023-08-22,RUB_UZS,10,0.0100000000,True,0.0077410300,0.0079231152,0.0077783800,1,1,20.7196585298,162.2912632609
2023-08-23,RUB_UZS,10,0.0100000000,True,0.0077410300,0.0079152890,0.0078116300,1,1,0.0000000000,172.9678433667
2023-08-24,RUB_UZS,10,0.0100000000,True,0.0077410300,0.0079074629,0.0078226900,1,1,0.0000000000,121.1929273323
2023-08-25,RUB_UZS,10,0.0100000000,True,0.0077410300,0.0078996367,0.0078605300,0,1,0.0000000000,97.4053237048
2023-08-26,RUB_UZS,10,0.0100000000,True,0.0077410300,0.0078802600,0.0078605300,0,1,0.0000000000,25.0372449640
2023-08-29,RUB_UZS,10,0.0100000000,True,0.0077410300,0.0078975214,0.0079278800,0,1,0.0000000000,-15.5093867606
2023-08-30,RUB_UZS,10,0.0100000000,True,0.0077410300,0.0079130971,0.0079379000,0,1,0.0000000000,-18.6815059590
2023-08-31,RUB_UZS,10,0.0100000000,True,0.0077410300,0.0079286729,0.0079681300,0,1,0.0000000000,-11.6376889593
2023-09-01,RUB_UZS,10,0.0100000000,True,0.0077783800,0.0079442486,0.0079686800,0,1,0.0000000000,-30.0612806318
2023-09-02,RUB_UZS,10,0.0100000000,True,0.0077783800,0.0079514076,0.0079448700,0,1,29.8794781570,-21.7224191991
2023-09-05,RUB_UZS,10,0.0100000000,True,0.0077858600,0.0079590210,0.0077858600,0,0,247.9270522809,-31.1332860754
2023-09-06,RUB_UZS,10,0.0100000000,True,0.0077858600,0.0079633181,0.0077858600,0,0,326.9225990806,-107.5957330062
2023-09-07,RUB_UZS,10,0.0100000000,True,0.0077858600,0.0079676152,0.0077858600,0,0,347.6447631374,-123.8322370702
2023-09-08,RUB_UZS,10,0.0100000000,True,0.0077858600,0.0079719124,0.0077858600,0,0,372.6611303733,-144.6674443176
2023-09-09,RUB_UZS,10,0.0100000000,True,0.0077858600,0.0079732648,0.0077858600,0,0,349.8460607924,-118.9666227421
2023-09-12,RUB_UZS,10,0.0100000000,True,0.0077858600,0.0079689057,0.0077858600,0,0,200.1417266739,30.1618756044
2023-09-13,RUB_UZS,10,0.0100000000,True,0.0077858600,0.0079646229,0.0078787400,1,1,0.0000000000,224.4461041649
2023-09-14,RUB_UZS,10,0.0100000000,True,0.0077858600,0.0079603400,0.0078787400,0,1,1.7004903504,100.8248391400
2023-09-15,RUB_UZS,10,0.0100000000,True,0.0077858600,0.0079560571,0.0078787400,0,1,35.2867969201,62.1126042333
2023-09-16,RUB_UZS,10,0.0100000000,True,0.0077858600,0.0079507810,0.0078730000,0,1,97.8144255211,0.0137752266
2023-09-19,RUB_UZS,10,0.0100000000,True,0.0077858600,0.0079296824,0.0078730000,0,1,82.0970072447,-10.7036053146
2023-09-20,RUB_UZS,10,0.0100000000,True,0.0077858600,0.0079264938,0.0078730000,0,1,50.3862694572,17.1876870798
2023-09-21,RUB_UZS,10,0.0100000000,True,0.0077858600,0.0079233052,0.0078730000,0,1,84.6825788641,-21.3733554317
2023-09-22,RUB_UZS,10,0.0100000000,True,0.0077858600,0.0079201167,0.0078730000,0,1,20.6102980508,38.9598638067
2023-09-23,RUB_UZS,10,0.0100000000,True,0.0077858600,0.0079269581,0.0078730000,0,1,7.2854288884,60.8279931075
2023-09-26,RUB_UZS,10,0.0100000000,True,0.0078730000,0.0079684024,0.0078843800,1,1,0.0000000000,119.7258576957
2023-09-27,RUB_UZS,10,0.0100000000,True,0.0078730000,0.0079820914,0.0079130100,1,1,0.0000000000,122.4133166675
2023-09-28,RUB_UZS,10,0.0100000000,True,0.0078730000,0.0079957805,0.0079620600,1,1,0.0000000000,103.5176946603
2023-09-29,RUB_UZS,10,0.0100000000,True,0.0078730000,0.0080094695,0.0080011600,0,1,0.0000000000,59.1918399447
2023-09-30,RUB_UZS,10,0.0100000000,True,0.0078730000,0.0080274200,0.0080011600,0,1,0.0000000000,32.7128766154
2023-10-03,RUB_UZS,10,0.0100000000,True,0.0078730000,0.0080558652,0.0079399200,0,0,183.7414415951,-40.5602141285
2023-10-04,RUB_UZS,10,0.0100000000,True,0.0078730000,0.0080595967,0.0079399200,0,0,241.7465729013,-95.5672306182
2023-10-05,RUB_UZS,10,0.0100000000,True,0.0078730000,0.0080633281,0.0079399200,0,0,247.4878430149,-96.8358273900
2023-10-06,RUB_UZS,10,0.0100000000,True,0.0078730000,0.0080670595,0.0079399200,0,0,275.5215018469,-121.2591476507
2023-10-07,RUB_UZS,10,0.0100000000,True,0.0078843800,0.0080713286,0.0079399200,0,0,362.1161801550,-206.7954824219
2023-10-10,RUB_UZS,10,0.0100000000,True,0.0079399200,0.0080796662,0.0079399200,0,0,451.2376835960,-291.4276456141
2023-10-11,RUB_UZS,10,0.0100000000,True,0.0078411600,0.0080720471,0.0078411600,0,0,443.2039781591,-164.4599626259
2023-10-12,RUB_UZS,10,0.0100000000,True,0.0078411600,0.0080644281,0.0078411600,0,0,431.7754728493,-161.9109293553
2023-10-13,RUB_UZS,10,0.0100000000,True,0.0078411600,0.0080568090,0.0078411600,0,0,124.3841247771,145.0810698481
2023-10-14,RUB_UZS,10,0.0100000000,True,0.0077566000,0.0080410024,0.0077566000,0,0,251.9762224931,104.3431863061
2023-10-17,RUB_UZS,10,0.0100000000,True,0.0076353500,0.0079704757,0.0076353500,0,0,411.0440619643,9.8183779316
2023-10-18,RUB_UZS,10,0.0100000000,True,0.0076344600,0.0079417243,0.0076344600,0,0,431.1848873470,-46.2817808367
2023-10-19,RUB_UZS,10,0.0100000000,True,0.0076344600,0.0079129729,0.0076344600,0,0,438.4832245193,-90.4807133169
2023-10-20,RUB_UZS,10,0.0100000000,True,0.0076344600,0.0078842214,0.0076344600,0,0,422.7942329477,-110.6876211167
2023-10-21,RUB_UZS,10,0.0100000000,True,0.0076253800,0.0078513762,0.0076253800,0,0,275.1888751154,13.0119742429
2023-10-24,RUB_UZS,10,0.0100000000,True,0.0075309700,0.0077762443,0.0075309700,0,0,290.8877601011,25.2619194980
2023-10-25,RUB_UZS,10,0.0100000000,True,0.0075309700,0.0077592824,0.0075309700,0,0,161.3179261737,135.1057685563
2023-10-26,RUB_UZS,10,0.0100000000,True,0.0075309700,0.0077423205,0.0075309700,0,0,136.7062413642,138.1633278026
2023-10-27,RUB_UZS,10,0.0100000000,True,0.0075309700,0.0077253586,0.0075309700,0,0,183.8882697584,69.0046564644
2023-10-28,RUB_UZS,10,0.0100000000,True,0.0075309700,0.0077081324,0.0075309700,0,0,135.5564113244,95.5774723517
2023-10-31,RUB_UZS,10,0.0100000000,True,0.0074755200,0.0076405438,0.0074755200,0,0,196.5279107402,19.8465055654
2023-11-01,RUB_UZS,10,0.0100000000,True,0.0074755200,0.0076238843,0.0074755200,1,1,73.6292934376,121.8726337287
2023-11-02,RUB_UZS,10,0.0100000000,True,0.0074755200,0.0076072248,0.0074755200,0,0,195.2678243534,-22.5775346895
2023-11-03,RUB_UZS,10,0.0100000000,True,0.0074755200,0.0075905652,0.0074755200,0,0,172.2981944580,-21.0982468399
2023-11-04,RUB_UZS,10,0.0100000000,True,0.0074755200,0.0075787057,0.0074755200,0,0,164.9541501664,-29.2850607360
2023-11-08,RUB_UZS,10,0.0100000000,True,0.0072420300,0.0075129290,0.0072420300,0,0,384.7159838498,-25.1046592633
2023-11-09,RUB_UZS,10,0.0100000000,True,0.0072420300,0.0074952638,0.0072420300,0,0,354.0817835152,-16.8188749543
2023-11-10,RUB_UZS,10,0.0100000000,True,0.0072420300,0.0074775986,0.0072420300,0,0,312.3394760498,2.7797312315
2023-11-11,RUB_UZS,10,0.0100000000,True,0.0072064700,0.0074576505,0.0072064700,0,0,380.2272232760,-45.1342201099
2023-11-14,RUB_UZS,10,0.0100000000,True,0.0071570500,0.0073983876,0.0071570500,0,0,466.8633575534,-147.5488803416
2023-11-15,RUB_UZS,10,0.0100000000,True,0.0071570500,0.0073801386,0.0071570500,0,0,368.2176280438,-68.4559349157
2023-11-16,RUB_UZS,10,0.0100000000,True,0.0071570500,0.0073618895,0.0071570500,0,0,167.2935997868,112.8372322634
2023-11-17,RUB_UZS,10,0.0100000000,True,0.0071570500,0.0073436405,0.0071570500,0,0,117.3427892456,138.3652651841
2023-11-18,RUB_UZS,10,0.0100000000,True,0.0071570500,0.0073252167,0.0071570500,0,0,146.5411255471,84.2659944074
2023-11-21,RUB_UZS,10,0.0100000000,True,0.0071570500,0.0072830300,0.0071570500,1,1,68.5772645970,105.1210828460
2023-11-22,RUB_UZS,10,0.0100000000,True,0.0071570500,0.0072743771,0.0071750300,1,1,0.0000000000,161.2882320411
2023-11-23,RUB_UZS,10,0.0100000000,True,0.0071570500,0.0072657243,0.0071750300,1,1,14.3625571475,110.6211611584
2023-11-24,RUB_UZS,10,0.0100000000,True,0.0071570500,0.0072570714,0.0071982100,1,1,0.0000000000,113.0503252985
2023-11-25,RUB_UZS,10,0.0100000000,True,0.0071570500,0.0072506033,0.0071982100,1,1,26.9616094945,45.4215074516
2023-11-28,RUB_UZS,10,0.0100000000,True,0.0071570500,0.0072783881,0.0071982100,1,1,21.8879955642,88.4647732377
2023-11-29,RUB_UZS,10,0.0100000000,True,0.0071570500,0.0072871405,0.0072135000,1,1,0.0000000000,122.0375488589
2023-11-30,RUB_UZS,10,0.0100000000,True,0.0071570500,0.0072958929,0.0072135000,1,1,5.6113224016,107.3793964315
2023-12-01,RUB_UZS,10,0.0100000000,True,0.0071570500,0.0073046452,0.0073096000,1,1,0.0000000000,124.7770906380
2023-12-02,RUB_UZS,10,0.0100000000,True,0.0071570500,0.0073133810,0.0073096000,0,1,0.0000000000,5.1699103405
2023-12-05,RUB_UZS,10,0.0100000000,True,0.0071982100,0.0073291686,0.0072510800,0,0,163.6524447483,-58.0576475445
2023-12-06,RUB_UZS,10,0.0100000000,True,0.0071982100,0.0073310967,0.0072510800,0,0,283.5702895735,-179.5138426311
2023-12-07,RUB_UZS,10,0.0100000000,True,0.0071982100,0.0073330248,0.0072510800,0,0,395.6788316527,-295.6286732065
2023-12-08,RUB_UZS,10,0.0100000000,True,0.0071982100,0.0073349529,0.0072510800,0,0,360.7852729419,-255.6623696286
2023-12-09,RUB_UZS,10,0.0100000000,True,0.0071982100,0.0073392810,0.0072510800,0,0,263.4649651081,-147.1657078123
2023-12-12,RUB_UZS,10,0.0100000000,True,0.0072510800,0.0073560776,0.0072510800,0,0,187.8775412995,-46.0060139452
2023-12-13,RUB_UZS,10,0.0100000000,True,0.0072510800,0.0073619305,0.0072510800,1,1,92.1903929057,58.9254086693
2023-12-14,RUB_UZS,10,0.0100000000,True,0.0072510800,0.0073677833,0.0072510800,1,1,38.8222009138,120.0406273257
2023-12-15,RUB_UZS,10,0.0100000000,True,0.0072510800,0.0073736362,0.0072581600,1,1,0.0000000000,166.2086212424
2023-12-16,RUB_UZS,10,0.0100000000,True,0.0072510800,0.0073770114,0.0072581600,1,1,0.0000000000,161.1105387625
2023-12-19,RUB_UZS,10,0.0100000000,True,0.0072510800,0.0073592348,0.0072728900,1,1,43.8062722368,73.8456696423
2023-12-20,RUB_UZS,10,0.0100000000,True,0.0072510800,0.0073507362,0.0072688200,1,1,5.5961247867,105.9025769107
2023-12-21,RUB_UZS,10,0.0100000000,True,0.0072510800,0.0073422376,0.0072688200,1,1,52.8638581174,47.3801323964
2023-12-22,RUB_UZS,10,0.0100000000,True,0.0072510800,0.0073337390,0.0072688200,0,0,179.4599852736,-92.6007210510
2023-12-23,RUB_UZS,10,0.0100000000,True,0.0072510800,0.0073279724,0.0072688200,0,0,220.2351560913,-142.6555854923
2023-12-26,RUB_UZS,10,0.0100000000,True,0.0072581600,0.0073259481,0.0072688200,0,0,233.4936715664,-159.2311373837
2023-12-27,RUB_UZS,10,0.0100000000,True,0.0072581600,0.0073264557,0.0072688200,0,0,213.0982659427,-137.3573930408
2023-12-28,RUB_UZS,10,0.0100000000,True,0.0072581600,0.0073269633,0.0072688200,0,0,207.1912709950,-130.5406650959
2023-12-29,RUB_UZS,10,0.0100000000,True,0.0072688200,0.0073274710,0.0072688200,1,1,59.0264196565,21.1409263600
2023-12-30,RUB_UZS,10,0.0100000000,True,0.0072688200,0.0073257533,0.0072688200,1,1,0.0000000000,77.7166944378
2024-01-10,RUB_UZS,10,0.0100000000,True,0.0070630700,0.0071979329,0.0070630700,0,0,319.8939762735,-136.9103391390
2024-01-11,RUB_UZS,10,0.0100000000,True,0.0070630700,0.0071914524,0.0070630700,0,0,205.0226670420,-27.0565916548
2024-01-12,RUB_UZS,10,0.0100000000,True,0.0070630700,0.0071849719,0.0070630700,0,0,120.7928464227,49.4670059021
2024-01-13,RUB_UZS,10,0.0100000000,True,0.0070630700,0.0071764829,0.0070630700,1,1,49.6175839533,108.9570736799
2024-01-16,RUB_UZS,10,0.0100000000,True,0.0070630700,0.0071531633,0.0070630700,1,1,9.3356549881,116.7222520200
2024-01-17,RUB_UZS,10,0.0100000000,True,0.0070630700,0.0071504595,0.0070800300,1,1,0.0000000000,122.2152555630
2024-01-18,RUB_UZS,10,0.0100000000,True,0.0070630700,0.0071477557,0.0070800300,1,1,51.4987325551,43.4761840330
2024-01-19,RUB_UZS,10,0.0100000000,True,0.0070630700,0.0071450519,0.0070800300,0,1,76.4168728231,14.6981504150
2024-01-20,RUB_UZS,10,0.0100000000,True,0.0070630700,0.0071430381,0.0070800300,1,1,73.8847538039,14.4309677488
2024-01-23,RUB_UZS,10,0.0100000000,True,0.0070630700,0.0071434433,0.0070800300,1,1,14.8366487790,74.0445900740
2024-01-24,RUB_UZS,10,0.0100000000,True,0.0070630700,0.0071526719,0.0070995500,1,1,0.0000000000,101.5591176684
2024-01-25,RUB_UZS,10,0.0100000000,True,0.0070630700,0.0071619005,0.0071371700,1,1,0.0000000000,87.0585627345
2024-01-26,RUB_UZS,10,0.0100000000,True,0.0070630700,0.0071711290,0.0071867900,0,1,0.0000000000,47.3552315034
2024-01-27,RUB_UZS,10,0.0100000000,True,0.0070630700,0.0071835238,0.0071867900,0,1,35.0108984420,-39.6966603471
2024-01-30,RUB_UZS,10,0.0100000000,True,0.0070800300,0.0072113571,0.0071867900,0,1,54.9918148821,-21.0402242494
2024-01-31,RUB_UZS,10,0.0100000000,True,0.0070800300,0.0072189262,0.0072137900,0,1,0.0000000000,44.5165799293
2024-02-01,RUB_UZS,10,0.0100000000,True,0.0070800300,0.0072264952,0.0072647500,0,1,0.0000000000,17.5814660864
2024-02-02,RUB_UZS,10,0.0100000000,True,0.0070800300,0.0072340643,0.0072722500,0,1,0.0000000000,-42.4183599616
2024-02-03,RUB_UZS,10,0.0100000000,True,0.0070800300,0.0072444881,0.0072722500,0,1,27.2075632638,-65.7077548284
2024-02-06,RUB_UZS,10,0.0100000000,True,0.0071867900,0.0072767638,0.0072722500,0,1,78.7316711142,-73.1041873402
2024-02-07,RUB_UZS,10,0.0100000000,True,0.0071867900,0.0072859862,0.0072916800,0,1,0.0000000000,18.8528911764
2024-02-08,RUB_UZS,10,0.0100000000,True,0.0071867900,0.0072952086,0.0072916800,0,1,13.3945813577,-8.5692252802
2024-02-09,RUB_UZS,10,0.0100000000,True,0.0071867900,0.0073044310,0.0072916800,0,1,45.6103611014,-28.2828980844
2024-02-10,RUB_UZS,10,0.0100000000,True,0.0071867900,0.0073126333,0.0072916800,0,1,0.0000000000,28.6536085952
2024-02-13,RUB_UZS,10,0.0100000000,True,0.0072722500,0.0073396362,0.0073142100,1,1,0.0000000000,41.1276386088
2024-02-14,RUB_UZS,10,0.0100000000,True,0.0072722500,0.0073458748,0.0073262300,1,1,0.0000000000,43.1055019737
2024-02-15,RUB_UZS,10,0.0100000000,True,0.0072722500,0.0073521133,0.0073541000,1,1,0.0000000000,35.2052969804
2024-02-16,RUB_UZS,10,0.0100000000,True,0.0072722500,0.0073583519,0.0073987800,0,1,0.0000000000,5.7783384336
2024-02-17,RUB_UZS,10,0.0100000000,True,0.0072722500,0.0073624729,0.0073987800,0,1,9.3576443042,-58.7263867672
2024-02-20,RUB_UZS,10,0.0100000000,True,0.0072761500,0.0073673086,0.0072761500,0,0,165.7435415028,-42.7176739868
2024-02-21,RUB_UZS,10,0.0100000000,True,0.0072761500,0.0073681124,0.0072761500,0,0,166.9396514444,-42.8435634739
2024-02-22,RUB_UZS,10,0.0100000000,True,0.0072761500,0.0073689162,0.0072761500,0,0,180.1174420786,-55.2236020494
2024-02-23,RUB_UZS,10,0.0100000000,True,0.0072761500,0.0073697200,0.0072761500,0,0,197.9631151406,-72.4315170726
2024-02-27,RUB_UZS,10,0.0100000000,True,0.0072120700,0.0073573305,0.0072120700,0,0,275.6421492618,-80.4225445642
2024-02-28,RUB_UZS,10,0.0100000000,True,0.0072120700,0.0073500890,0.0072120700,0,0,220.4844420157,-33.4430674536
2024-02-29,RUB_UZS,10,0.0100000000,True,0.0072120700,0.0073428476,0.0072120700,0,0,187.0323680562,-9.1005306103
2024-03-01,RUB_UZS,10,0.0100000000,True,0.0072120700,0.0073356062,0.0072120700,1,1,88.0685527374,81.0515026739
2024-03-02,RUB_UZS,10,0.0100000000,True,0.0072120700,0.0073284362,0.0072120700,0,0,132.0232713421,27.1220079695
2024-03-05,RUB_UZS,10,0.0100000000,True,0.0072120700,0.0073112119,0.0072120700,0,0,120.2219777721,15.5677402190
2024-03-06,RUB_UZS,10,0.0100000000,True,0.0072120700,0.0073058457,0.0072120700,1,1,90.9556804021,37.7447257499
2024-03-07,RUB_UZS,10,0.0100000000,True,0.0072120700,0.0073004795,0.0072482100,1,1,0.0000000000,121.1009818207
2024-03-08,RUB_UZS,10,0.0100000000,True,0.0072120700,0.0072951133,0.0072482100,1,1,7.4858967360,56.8508417050
2024-03-12,RUB_UZS,10,0.0100000000,True,0.0072120700,0.0072923376,0.0072629800,1,1,0.0000000000,60.5123094306
2024-03-13,RUB_UZS,10,0.0100000000,True,0.0072120700,0.0072953800,0.0073037200,1,1,0.0000000000,44.4116687547
2024-03-14,RUB_UZS,10,0.0100000000,True,0.0072120700,0.0072984224,0.0073039800,0,1,0.0000000000,-7.2585810619
2024-03-15,RUB_UZS,10,0.0100000000,True,0.0072120700,0.0073014648,0.0073104100,0,1,0.0000000000,-3.4448404221
2024-03-16,RUB_UZS,10,0.0100000000,True,0.0072120700,0.0073051786,0.0073104100,0,1,0.0000000000,-7.1612603584
2024-03-19,RUB_UZS,10,0.0100000000,True,0.0072482100,0.0073185914,0.0073197600,1,1,0.0000000000,1.2863521357
2024-03-20,RUB_UZS,10,0.0100000000,True,0.0072482100,0.0073217024,0.0073189700,0,1,32.4264107055,-28.7878664700
2024-03-21,RUB_UZS,10,0.0100000000,True,0.0072482100,0.0073248133,0.0073189700,0,1,80.5055859221,-73.1167665706
2024-03-22,RUB_UZS,10,0.0100000000,True,0.0072482100,0.0073279243,0.0073189700,1,1,1.0792703586,11.1413347027
2024-03-23,RUB_UZS,10,0.0100000000,True,0.0072629800,0.0073307924,0.0073084400,0,1,86.8232405781,-56.8255338343
2024-03-26,RUB_UZS,10,0.0100000000,True,0.0072865300,0.0073329838,0.0072865300,0,0,123.7357376569,-61.1431739669
2024-03-27,RUB_UZS,10,0.0100000000,True,0.0072865300,0.0073319286,0.0072865300,1,1,84.8563524559,-23.1336522256
2024-03-28,RUB_UZS,10,0.0100000000,True,0.0072865300,0.0073308733,0.0072865300,1,1,92.2848906777,-32.0925837849
2024-03-29,RUB_UZS,10,0.0100000000,True,0.0072865300,0.0073298181,0.0072865300,1,1,48.9323114406,10.1750072665
2024-03-30,RUB_UZS,10,0.0100000000,True,0.0072865300,0.0073289024,0.0072865300,1,1,44.3231766218,13.5523444523
2024-04-02,RUB_UZS,10,0.0100000000,True,0.0072865300,0.0073300210,0.0072865300,1,1,29.9790379342,29.4418699771
2024-04-03,RUB_UZS,10,0.0100000000,True,0.0072865300,0.0073299819,0.0072865300,1,1,41.8468939409,17.5060524414
2024-04-04,RUB_UZS,10,0.0100000000,True,0.0072865300,0.0073299429,0.0072865300,1,1,36.2230651632,23.0872975038
2024-04-05,RUB_UZS,10,0.0100000000,True,0.0072865300,0.0073299038,0.0072882500,1,1,0.0000000000,59.1737772431
2024-04-06,RUB_UZS,10,0.0100000000,True,0.0072865300,0.0073304086,0.0072882500,1,1,0.0000000000,57.5118985767
2024-04-09,RUB_UZS,10,0.0100000000,True,0.0072865300,0.0073429681,0.0073167500,1,1,0.0000000000,60.6676954881
2024-04-10,RUB_UZS,10,0.0100000000,True,0.0072865300,0.0073448881,0.0073541100,1,1,0.0000000000,38.3097671105
2024-04-11,RUB_UZS,10,0.0100000000,True,0.0072865300,0.0073468081,0.0073592900,1,1,0.0000000000,-9.9388804869
2024-04-12,RUB_UZS,10,0.0100000000,True,0.0072865300,0.0073487281,0.0073592900,0,1,46.3242235790,-60.9791302402
2024-04-13,RUB_UZS,10,0.0100000000,True,0.0072865300,0.0073506338,0.0073484600,0,1,31.4313116638,-28.5637824169
2024-04-16,RUB_UZS,10,0.0100000000,True,0.0072601700,0.0073489181,0.0072601700,0,0,173.5824438784,-53.7520002944
2024-04-17,RUB_UZS,10,0.0100000000,True,0.0072601700,0.0073484976,0.0072601700,0,0,233.8441836909,-116.3671615416
2024-04-18,RUB_UZS,10,0.0100000000,True,0.0072601700,0.0073471943,0.0072601700,0,0,246.4395635988,-131.2279361840
2024-04-19,RUB_UZS,10,0.0100000000,True,0.0072601700,0.0073458910,0.0072601700,0,0,204.5527525102,-89.6951071642
2024-04-20,RUB_UZS,10,0.0100000000,True,0.0072601700,0.0073441033,0.0072601700,0,0,134.6869059379,-20.6787213869
2024-04-23,RUB_UZS,10,0.0100000000,True,0.0072601700,0.0073319405,0.0072601700,0,0,120.1476227672,-22.5309027851
2024-04-24,RUB_UZS,10,0.0100000000,True,0.0072368900,0.0073255243,0.0072368900,0,0,139.7379912664,-19.0098534147
2024-04-25,RUB_UZS,10,0.0100000000,True,0.0072368900,0.0073191081,0.0072368900,1,1,60.6505929777,51.9982691099
2024-04-26,RUB_UZS,10,0.0100000000,True,0.0072368900,0.0073126919,0.0072368900,1,1,32.0653648606,71.8229421476
2024-04-27,RUB_UZS,10,0.0100000000,True,0.0072041300,0.0073039162,0.0072041300,0,0,103.4285698586,33.5384331328
2024-04-28,RUB_UZS,10,0.0100000000,True,0.0072041300,0.0072929862,0.0072041300,1,1,78.1585703110,44.0233803241
2024-05-03,RUB_UZS,10,0.0100000000,True,0.0072041300,0.0072579143,0.0072041300,0,0,114.0215335889,-40.3775976569
2024-05-04,RUB_UZS,10,0.0100000000,True,0.0072041300,0.0072510800,0.0072041300,1,1,45.2680640441,19.5694986126
2024-05-07,RUB_UZS,10,0.0100000000,True,0.0071436300,0.0072337510,0.0071436300,1,1,83.9796061426,40.9482612492
2024-05-08,RUB_UZS,10,0.0100000000,True,0.0071436300,0.0072277352,0.0071436300,1,1,84.4613351692,32.1749999539
2024-05-09,RUB_UZS,10,0.0100000000,True,0.0071436300,0.0072226024,0.0071436300,0,0,132.2218154945,-23.1877904449
2024-05-14,RUB_UZS,10,0.0100000000,True,0.0070923800,0.0071882157,0.0070923800,0,0,156.2261448395,-23.2662546298
2024-05-15,RUB_UZS,10,0.0100000000,True,0.0070560400,0.0071796038,0.0070560400,0,0,191.3755211150,-19.6475889902
2024-05-16,RUB_UZS,10,0.0100000000,True,0.0070560400,0.0071709919,0.0070560400,0,0,171.8523223324,-11.7530396771
2024-05-17,RUB_UZS,10,0.0100000000,True,0.0070560400,0.0071623800,0.0070560400,0,0,122.6127333023,26.1784490630
2024-05-18,RUB_UZS,10,0.0100000000,True,0.0069805100,0.0071517314,0.0069805100,0,0,241.2663618101,-1.8996398874
2024-05-21,RUB_UZS,10,0.0100000000,True,0.0069745700,0.0071255548,0.0069745700,0,0,233.0215642973,-21.6337374567
2024-05-22,RUB_UZS,10,0.0100000000,True,0.0069745700,0.0071211481,0.0069745700,0,0,212.0364990752,-6.3359232269
2024-05-23,RUB_UZS,10,0.0100000000,True,0.0069745700,0.0071167414,0.0069745700,0,0,171.8447915316,28.4138868531
2024-05-24,RUB_UZS,10,0.0100000000,True,0.0069745700,0.0071123348,0.0069745700,0,0,166.1078509612,28.0565560716
2024-05-25,RUB_UZS,10,0.0100000000,True,0.0069745700,0.0071070224,0.0069745700,0,0,115.4613635977,71.7352193642
2024-05-28,RUB_UZS,10,0.0100000000,True,0.0069745700,0.0070845619,0.0069745700,1,1,8.5094069058,146.8713325689
2024-05-29,RUB_UZS,10,0.0100000000,True,0.0069745700,0.0070778014,0.0070022200,1,1,0.0000000000,145.8523944381
2024-05-30,RUB_UZS,10,0.0100000000,True,0.0069745700,0.0070710410,0.0070022200,0,1,76.2047565260,21.2853418362
2024-05-31,RUB_UZS,10,0.0100000000,True,0.0069745700,0.0070642805,0.0070022200,0,0,141.7588002664,-54.6828851710
2024-06-01,RUB_UZS,10,0.0100000000,True,0.0069745700,0.0070593233,0.0070022200,0,0,202.3140394106,-123.9306694645
2024-06-04,RUB_UZS,10,0.0100000000,True,0.0069745700,0.0070481681,0.0069889800,0,0,147.1794828417,-64.1470296267
2024-06-05,RUB_UZS,10,0.0100000000,True,0.0069745700,0.0070483767,0.0069889800,1,1,66.6724465562,17.7156631338
2024-06-06,RUB_UZS,10,0.0100000000,True,0.0069745700,0.0070485852,0.0069889800,1,1,25.6886704400,59.0263672636
2024-06-07,RUB_UZS,10,0.0100000000,True,0.0069745700,0.0070487938,0.0069889800,1,1,18.9082890855,66.0734457304
2024-06-08,RUB_UZS,10,0.0100000000,True,0.0069745700,0.0070525390,0.0069889800,1,1,31.5784068737,58.7292708901
2024-06-11,RUB_UZS,10,0.0100000000,True,0.0065437600,0.0070080338,0.0065437600,0,0,700.7518967950,-41.1473335602
2024-06-12,RUB_UZS,10,0.0100000000,True,0.0065437600,0.0069990871,0.0065437600,0,0,712.3534204035,-66.5413305939
2024-06-14,RUB_UZS,10,0.0100000000,True,0.0065437600,0.0069811938,0.0065437600,0,0,637.0314409256,-11.1530931365
2024-06-15,RUB_UZS,10,0.0100000000,True,0.0065437600,0.0069729629,0.0065437600,0,0,731.7694981318,-125.4232162840
2024-06-18,RUB_UZS,10,0.0100000000,True,0.0065437600,0.0069544743,0.0065437600,0,0,730.1151978422,-150.5300184958
2024-06-19,RUB_UZS,10,0.0100000000,True,0.0065437600,0.0069458352,0.0065437600,0,0,515.5613402189,66.7525740331
2024-06-20,RUB_UZS,10,0.0100000000,True,0.0065437600,0.0069371962,0.0067537500,1,1,0.0000000000,567.1400659193
2024-06-21,RUB_UZS,10,0.0100000000,True,0.0065437600,0.0069285571,0.0067537500,0,1,2.7828640704,249.5860816208
2024-06-22,RUB_UZS,10,0.0100000000,True,0.0065437600,0.0069245014,0.0067537500,0,0,294.8441786309,-49.7199282630
2024-06-25,RUB_UZS,10,0.0100000000,True,0.0065437600,0.0069202100,0.0067537500,0,0,240.9931031294,-0.4624137129
2024-06-26,RUB_UZS,10,0.0100000000,True,0.0065437600,0.0069170852,0.0067537500,0,0,249.8126837973,-14.0301320147
2024-06-27,RUB_UZS,10,0.0100000000,True,0.0065437600,0.0069139605,0.0067537500,0,0,318.9947665593,-90.1502460481
2024-06-28,RUB_UZS,10,0.0100000000,True,0.0065437600,0.0069108357,0.0068297000,0,1,0.0000000000,227.3034995768
2024-06-29,RUB_UZS,10,0.0100000000,True,0.0065437600,0.0069078024,0.0068297000,0,1,0.0000000000,113.0640059532
2024-07-02,RUB_UZS,10,0.0100000000,True,0.0067537500,0.0069409671,0.0069560500,0,1,0.0000000000,-15.4630571244
2024-07-03,RUB_UZS,10,0.0100000000,True,0.0067537500,0.0069397529,0.0069334300,0,1,83.5118753057,-75.0273733503
2024-07-04,RUB_UZS,10,0.0100000000,True,0.0067537500,0.0069385386,0.0069334300,0,1,89.1676589273,-82.5410538283
2024-07-05,RUB_UZS,10,0.0100000000,True,0.0067537500,0.0069373243,0.0069334300,0,1,98.7068996294,-94.0214290112
2024-07-06,RUB_UZS,10,0.0100000000,True,0.0067537500,0.0069386995,0.0069334300,0,1,87.7366043346,-80.8515716785
2024-07-09,RUB_UZS,10,0.0100000000,True,0.0068297000,0.0069541852,0.0069334300,0,1,88.6717957075,-59.3524050505
2024-07-10,RUB_UZS,10,0.0100000000,True,0.0068297000,0.0069615881,0.0069334300,0,1,58.5580999875,-18.2169708814
2024-07-11,RUB_UZS,10,0.0100000000,True,0.0068297000,0.0069689910,0.0069334300,0,1,32.5184551577,18.5693344551
2024-07-12,RUB_UZS,10,0.0100000000,True,0.0069334300,0.0069763938,0.0069334300,1,1,45.3266331658,16.3319471849
2024-07-13,RUB_UZS,10,0.0100000000,True,0.0069334300,0.0069768443,0.0069334300,1,1,0.0000000000,62.2262500586
2024-07-16,RUB_UZS,10,0.0100000000,True,0.0067651300,0.0069570781,0.0067651300,0,0,265.1735902760,11.0220054068
2024-07-17,RUB_UZS,10,0.0100000000,True,0.0067651300,0.0069464971,0.0067651300,0,0,338.7029975865,-80.3323689555
2024-07-18,RUB_UZS,10,0.0100000000,True,0.0067651300,0.0069359162,0.0067651300,0,0,333.8853319350,-90.6784450628
2024-07-19,RUB_UZS,10,0.0100000000,True,0.0067651300,0.0069253352,0.0067651300,0,0,309.1139849762,-80.2629186801
2024-07-20,RUB_UZS,10,0.0100000000,True,0.0067651300,0.0069193405,0.0067651300,0,0,314.9963637197,-95.1239847728
2024-07-23,RUB_UZS,10,0.0100000000,True,0.0067651300,0.0069038614,0.0067651300,0,0,281.6053646231,-82.9949616188
2024-07-24,RUB_UZS,10,0.0100000000,True,0.0067651300,0.0068982395,0.0067651300,0,0,241.1746716828,-49.4045996415
2024-07-25,RUB_UZS,10,0.0100000000,True,0.0067651300,0.0068926176,0.0067651300,0,0,163.5880912639,21.7299433618
2024-07-26,RUB_UZS,10,0.0100000000,True,0.0067651300,0.0068869957,0.0067726000,1,1,0.0000000000,176.9504720802
2024-07-27,RUB_UZS,10,0.0100000000,True,0.0067515500,0.0068775738,0.0067515500,1,1,31.0811209875,152.6320362836
2024-07-30,RUB_UZS,10,0.0100000000,True,0.0067515500,0.0068509652,0.0067515500,0,0,171.8011462144,-27.1564097294
2024-07-31,RUB_UZS,10,0.0100000000,True,0.0067515500,0.0068495195,0.0067515500,0,0,166.0464201703,-23.4037966236
2024-08-01,RUB_UZS,10,0.0100000000,True,0.0067515500,0.0068480738,0.0067515500,0,0,166.9487254922,-26.4398296219
2024-08-02,RUB_UZS,10,0.0100000000,True,0.0067515500,0.0068466281,0.0067515500,0,0,127.1910776146,11.8278590942
2024-08-03,RUB_UZS,10,0.0100000000,True,0.0067515500,0.0068539257,0.0067515500,1,1,93.6412843323,56.2534755890
2024-08-06,RUB_UZS,10,0.0100000000,True,0.0067515500,0.0068980867,0.0067618600,1,1,0.0000000000,212.4308866323
2024-08-07,RUB_UZS,10,0.0100000000,True,0.0067515500,0.0069102548,0.0068131300,1,1,0.0000000000,214.7457178031
2024-08-08,RUB_UZS,10,0.0100000000,True,0.0067515500,0.0069224229,0.0068482600,1,1,0.0000000000,157.8823764429
2024-08-09,RUB_UZS,10,0.0100000000,True,0.0067515500,0.0069345910,0.0069548000,0,1,0.0000000000,124.4932152073
2024-08-10,RUB_UZS,10,0.0100000000,True,0.0067515500,0.0069443262,0.0069548000,0,1,0.0000000000,-15.0825425484
2024-08-13,RUB_UZS,10,0.0100000000,True,0.0067515500,0.0069960333,0.0070281300,0,0,121.2749897743,-169.2054068734
2024-08-14,RUB_UZS,10,0.0100000000,True,0.0067515500,0.0070155757,0.0070281300,0,0,419.5134053447,-456.5616547507
2024-08-15,RUB_UZS,10,0.0100000000,True,0.0067515500,0.0070351181,0.0070281300,0,0,145.6393718452,-137.7118385937
2024-08-16,RUB_UZS,10,0.0100000000,True,0.0067515500,0.0070546605,0.0070281300,0,1,9.1831933347,28.4499534148
2024-08-17,RUB_UZS,10,0.0100000000,True,0.0067618600,0.0070775929,0.0070281300,0,1,0.0000000000,69.8865534388
2024-08-20,RUB_UZS,10,0.0100000000,True,0.0069548000,0.0071366771,0.0071746600,0,1,0.0000000000,87.8099731888
2024-08-21,RUB_UZS,10,0.0100000000,True,0.0069548000,0.0071494348,0.0072159700,0,1,0.0000000000,-35.2828425397
2024-08-22,RUB_UZS,10,0.0100000000,True,0.0069548000,0.0071621924,0.0072159700,0,1,63.5899836825,-139.5628792567
2024-08-23,RUB_UZS,10,0.0100000000,True,0.0070281300,0.0071749500,0.0072159700,0,1,4.6126355741,-61.8122774375
2024-08-24,RUB_UZS,10,0.0100000000,True,0.0070281300,0.0071756357,0.0071288100,0,0,134.1727375390,-69.8534425521
2024-08-27,RUB_UZS,10,0.0100000000,True,0.0070187500,0.0071586295,0.0070187500,0,0,296.3862117783,-104.0708643221
2024-08-28,RUB_UZS,10,0.0100000000,True,0.0070187500,0.0071605381,0.0070187500,0,0,279.3589328104,-83.6835220551
2024-08-29,RUB_UZS,10,0.0100000000,True,0.0070187500,0.0071624467,0.0070187500,0,0,288.9483216397,-90.9512298870
2024-08-30,RUB_UZS,10,0.0100000000,True,0.0070187500,0.0071643552,0.0070187500,0,0,273.3104489071,-72.0438339382
2024-08-31,RUB_UZS,10,0.0100000000,True,0.0070187500,0.0071663976,0.0070187500,0,0,282.3870818571,-78.5783652343
2024-09-03,RUB_UZS,10,0.0100000000,True,0.0070187500,0.0071610486,0.0070187500,0,0,154.3876186909,45.0193447328
2024-09-04,RUB_UZS,10,0.0100000000,True,0.0070187500,0.0071568090,0.0070354800,1,1,0.0000000000,192.9058700609
2024-09-05,RUB_UZS,10,0.0100000000,True,0.0070187500,0.0071525695,0.0070682100,1,1,0.0000000000,163.7027412593
2024-09-06,RUB_UZS,10,0.0100000000,True,0.0070187500,0.0071483300,0.0070682100,0,1,32.2939567994,80.0466682428
2024-09-07,RUB_UZS,10,0.0100000000,True,0.0070187500,0.0071443029,0.0070682100,1,1,0.0000000000,106.5084426912
2024-09-10,RUB_UZS,10,0.0100000000,True,0.0070187500,0.0071440286,0.0071367300,0,1,0.0000000000,37.9737723013
2024-09-11,RUB_UZS,10,0.0100000000,True,0.0070187500,0.0071465619,0.0071367300,0,1,66.5318399394,-53.1277777260
2024-09-12,RUB_UZS,10,0.0100000000,True,0.0070187500,0.0071490952,0.0071367300,0,1,79.2908308161,-62.4900919863
2024-09-13,RUB_UZS,10,0.0100000000,True,0.0070187500,0.0071516286,0.0071367300,0,1,40.1229226793,-19.3682158310
2024-09-14,RUB_UZS,10,0.0100000000,True,0.0070187500,0.0071597514,0.0071367300,0,1,0.0000000000,32.1539494787
2024-09-17,RUB_UZS,10,0.0100000000,True,0.0070682100,0.0071895695,0.0071824800,0,1,0.0000000000,57.0403049497
2024-09-18,RUB_UZS,10,0.0100000000,True,0.0070682100,0.0071996214,0.0071997500,0,1,0.0000000000,23.8087915337
2024-09-19,RUB_UZS,10,0.0100000000,True,0.0070682100,0.0072096733,0.0072432900,0,1,0.0000000000,13.7639153323
2024-09-20,RUB_UZS,10,0.0100000000,True,0.0071169000,0.0072197252,0.0072432900,0,1,44.9970657075,-77.9874026336
2024-09-21,RUB_UZS,10,0.0100000000,True,0.0071367300,0.0072299405,0.0072432900,0,1,44.8328800109,-63.5821608226
2024-09-24,RUB_UZS,10,0.0100000000,True,0.0071367300,0.0072615952,0.0072432900,0,1,76.8557372602,-52.0474643182
2024-09-25,RUB_UZS,10,0.0100000000,True,0.0071367300,0.0072763238,0.0072432900,0,1,57.0635537265,-11.7314604183
2024-09-26,RUB_UZS,10,0.0100000000,True,0.0071367300,0.0072910524,0.0072432900,0,1,0.1104458284,65.3984890809
2024-09-27,RUB_UZS,10,0.0100000000,True,0.0071485600,0.0073057810,0.0072793000,0,1,0.0000000000,85.5363071905
2024-09-28,RUB_UZS,10,0.0100000000,True,0.0071824800,0.0073234567,0.0072793000,0,1,0.0000000000,60.2948425539
2024-10-01,RUB_UZS,10,0.0100000000,True,0.0072432900,0.0073732114,0.0073421200,0,1,0.0000000000,56.6800897767
2024-10-02,RUB_UZS,10,0.0100000000,True,0.0072432900,0.0073850248,0.0074180100,0,1,0.0000000000,58.0969777191
2024-10-03,RUB_UZS,10,0.0100000000,True,0.0072432900,0.0073968381,0.0074460300,0,1,0.0000000000,-28.6229122353
2024-10-04,RUB_UZS,10,0.0100000000,True,0.0072432900,0.0074086514,0.0074460300,0,1,3.1818914129,-53.6515610321
2024-10-05,RUB_UZS,10,0.0100000000,True,0.0072432900,0.0074191395,0.0074460300,0,1,0.0000000000,-36.2447371480
2024-10-08,RUB_UZS,10,0.0100000000,True,0.0072793000,0.0074673043,0.0075114300,0,1,11.0641976130,-70.2337982745
2024-10-09,RUB_UZS,10,0.0100000000,True,0.0072793000,0.0074792800,0.0075196400,0,1,0.0000000000,-42.9854210566
2024-10-10,RUB_UZS,10,0.0100000000,True,0.0072793000,0.0074912557,0.0075196400,0,1,81.9465639290,-120.8265865784
2024-10-11,RUB_UZS,10,0.0100000000,True,0.0073314200,0.0075032314,0.0075196400,0,0,118.6216394149,-142.1768373322
2024-10-12,RUB_UZS,10,0.0100000000,True,0.0073421200,0.0075111810,0.0074983600,0,1,34.0643727597,-17.0533071966
2024-10-15,RUB_UZS,10,0.0100000000,True,0.0074460300,0.0075309624,0.0074983600,1,1,28.2992270907,15.0344409913
2024-10-16,RUB_UZS,10,0.0100000000,True,0.0074460300,0.0075355567,0.0074983600,0,0,104.1273494641,-55.3420738216
2024-10-17,RUB_UZS,10,0.0100000000,True,0.0074460300,0.0075401510,0.0074983600,0,0,136.7607036264,-82.4639294515
2024-10-18,RUB_UZS,10,0.0100000000,True,0.0074983600,0.0075447452,0.0074983600,0,0,138.1357526051,-77.7292805179
2024-10-19,RUB_UZS,10,0.0100000000,True,0.0074983600,0.0075481438,0.0074983600,1,1,43.0632111638,22.9908305429
2024-10-22,RUB_UZS,10,0.0100000000,True,0.0074983600,0.0075524205,0.0075393200,1,1,0.0000000000,71.5803315783
2024-10-23,RUB_UZS,10,0.0100000000,True,0.0074983600,0.0075572010,0.0075393200,1,1,5.1834558936,18.4869404281
2024-10-24,RUB_UZS,10,0.0100000000,True,0.0074983600,0.0075623900,0.0075413900,1,1,0.0000000000,30.5062288509
2024-10-25,RUB_UZS,10,0.0100000000,True,0.0074983600,0.0075675790,0.0075425100,1,1,0.0000000000,34.6069032834
2024-10-26,RUB_UZS,10,0.0100000000,True,0.0074983600,0.0075729752,0.0075425100,1,1,0.0000000000,40.2288890923
2024-10-29,RUB_UZS,10,0.0100000000,True,0.0074983600,0.0075845014,0.0075911800,0,1,0.0000000000,-8.7264423257
2024-10-30,RUB_UZS,10,0.0100000000,True,0.0074983600,0.0075895990,0.0075911800,0,1,20.2981087526,-22.4266819290
2024-10-31,RUB_UZS,10,0.0100000000,True,0.0074983600,0.0075946967,0.0075951200,0,1,0.0000000000,4.6304241249
2024-11-01,RUB_UZS,10,0.0100000000,True,0.0074983600,0.0075997943,0.0076243800,0,1,0.0000000000,6.1505424207
2024-11-02,RUB_UZS,10,0.0100000000,True,0.0075393200,0.0076064924,0.0076329600,0,1,0.0000000000,-23.5162518435
2024-11-03,RUB_UZS,10,0.0100000000,True,0.0075393200,0.0076116019,0.0076329600,0,1,0.0000000000,-28.0599215583
2024-11-06,RUB_UZS,10,0.0100000000,True,0.0075425100,0.0076405876,0.0076378400,0,1,37.4613907672,-33.9926485335
2024-11-07,RUB_UZS,10,0.0100000000,True,0.0075425100,0.0076534295,0.0076378400,0,1,66.2136238010,-46.1498679521
2024-11-08,RUB_UZS,10,0.0100000000,True,0.0075911200,0.0076662714,0.0076378400,0,1,41.5660545626,-4.4983685494
2024-11-09,RUB_UZS,10,0.0100000000,True,0.0075911800,0.0076762443,0.0076378400,1,1,0.0000000000,50.0300463154
2024-11-12,RUB_UZS,10,0.0100000000,True,0.0076243800,0.0077067800,0.0076505300,1,1,0.0000000000,87.9225824534
2024-11-13,RUB_UZS,10,0.0100000000,True,0.0076329600,0.0077240081,0.0076888000,1,1,0.0000000000,95.1294901974
2024-11-14,RUB_UZS,10,0.0100000000,True,0.0076329600,0.0077408276,0.0077309300,1,1,0.0000000000,67.2119592479
2024-11-15,RUB_UZS,10,0.0100000000,True,0.0076329600,0.0077576471,0.0077999800,0,1,0.0000000000,34.4397500494
2024-11-16,RUB_UZS,10,0.0100000000,True,0.0076378400,0.0077794243,0.0077999800,0,1,15.6294201754,-42.1184307249
2024-11-19,RUB_UZS,10,0.0100000000,True,0.0076378400,0.0078806981,0.0077999800,0,1,0.7307177058,101.7017709212
2024-11-20,RUB_UZS,10,0.0100000000,True,0.0076378400,0.0079157867,0.0078028000,0,1,0.0000000000,146.2983674817
2024-11-21,RUB_UZS,10,0.0100000000,True,0.0076378400,0.0079508752,0.0078313900,0,1,0.0000000000,186.2376576930
2024-11-22,RUB_UZS,10,0.0100000000,True,0.0076390200,0.0079859638,0.0079861700,0,1,0.0000000000,193.5568620277
2024-11-23,RUB_UZS,10,0.0100000000,True,0.0076505300,0.0080193071,0.0079861700,0,1,0.0000000000,41.3217030684
2024-11-26,RUB_UZS,10,0.0100000000,True,0.0077999800,0.0080858224,0.0080686300,0,1,26.7605076709,-5.5128827194
2024-11-27,RUB_UZS,10,0.0100000000,True,0.0077448600,0.0080826162,0.0077448600,0,0,553.1824579978,-143.2256670312
2024-11-28,RUB_UZS,10,0.0100000000,True,0.0077448600,0.0080794100,0.0077448600,0,0,807.1132508154,-427.5435953863
2024-11-29,RUB_UZS,10,0.0100000000,True,0.0077448600,0.0080762038,0.0077448600,0,0,918.9124541540,-560.1099243468
2024-11-30,RUB_UZS,10,0.0100000000,True,0.0077413000,0.0080733824,0.0077413000,0,0,756.3255997230,-373.2235199940
2024-12-03,RUB_UZS,10,0.0100000000,True,0.0077413000,0.0080945695,0.0077413000,0,0,717.0086446830,-302.2526095685
2024-12-04,RUB_UZS,10,0.0100000000,True,0.0077413000,0.0080972638,0.0077413000,0,0,640.6001583818,-214.7468509939
2024-12-05,RUB_UZS,10,0.0100000000,True,0.0077413000,0.0080999581,0.0077413000,0,0,474.9424778217,-33.7556126099
2024-12-06,RUB_UZS,10,0.0100000000,True,0.0077413000,0.0081026524,0.0077413000,0,0,405.6822533689,41.9891899008
2024-12-07,RUB_UZS,10,0.0100000000,True,0.0077413000,0.0080974990,0.0077413000,1,1,4.5965969688,435.4913110150
2024-12-10,RUB_UZS,10,0.0100000000,True,0.0077413000,0.0080439195,0.0077778100,1,1,0.0000000000,376.2090395283
2024-12-11,RUB_UZS,10,0.0100000000,True,0.0077413000,0.0080236481,0.0079490000,1,1,0.0000000000,306.3919208820
2024-12-12,RUB_UZS,10,0.0100000000,True,0.0077413000,0.0080033767,0.0079490000,0,1,90.5550485936,-22.8195349213
2024-12-13,RUB_UZS,10,0.0100000000,True,0.0077413000,0.0079831052,0.0079490000,0,0,161.7025489966,-120.9363512384
2024-12-14,RUB_UZS,10,0.0100000000,True,0.0077413000,0.0079612995,0.0078813100,0,0,200.7273631532,-102.3080163570
2024-12-17,RUB_UZS,10,0.0100000000,True,0.0076753900,0.0078977395,0.0076753900,0,0,384.1990664064,-106.7653294164
2024-12-18,RUB_UZS,10,0.0100000000,True,0.0076753900,0.0078994376,0.0076753900,0,0,405.6665566656,-127.2019424650
2024-12-19,RUB_UZS,10,0.0100000000,True,0.0076753900,0.0079053800,0.0076753900,0,0,388.6904113431,-101.7155405559
2024-12-20,RUB_UZS,10,0.0100000000,True,0.0076753900,0.0079113224,0.0076753900,0,0,454.5635438819,-163.7875601677
2024-12-21,RUB_UZS,10,0.0100000000,True,0.0076753900,0.0079174343,0.0076753900,0,0,344.2068184677,-39.8686154461
2024-12-24,RUB_UZS,10,0.0100000000,True,0.0076753900,0.0079045700,0.0076753900,0,0,261.2763614171,29.4260155834
2024-12-25,RUB_UZS,10,0.0100000000,True,0.0076753900,0.0078963271,0.0076753900,1,1,84.6155932974,196.8473950547
2024-12-26,RUB_UZS,10,0.0100000000,True,0.0076753900,0.0078880843,0.0076753900,1,1,52.6824640619,218.1065509478
2024-12-27,RUB_UZS,10,0.0100000000,True,0.0076753900,0.0078798414,0.0077805200,1,1,0.0000000000,259.4613488415
2024-12-28,RUB_UZS,10,0.0100000000,True,0.0076753900,0.0078744886,0.0078696500,0,1,0.0000000000,119.3329199429
2024-12-29,RUB_UZS,10,0.0100000000,True,0.0076753900,0.0078682852,0.0078696500,0,1,0.0000000000,-1.7345099516
2025-01-10,RUB_UZS,10,0.0100000000,True,0.0078696500,0.0078883305,0.0078756700,1,1,19.4524915664,-3.4094968734
2025-01-11,RUB_UZS,10,0.0100000000,True,0.0078628700,0.0078880076,0.0078628700,1,1,16.2525854943,15.6409826707
2025-01-14,RUB_UZS,10,0.0100000000,True,0.0075690900,0.0078542200,0.0075690900,0,0,451.3147736046,-92.4598496095
2025-01-15,RUB_UZS,10,0.0100000000,True,0.0075690900,0.0078399933,0.0075690900,0,0,507.6568650934,-170.7867098526
2025-01-16,RUB_UZS,10,0.0100000000,True,0.0075690900,0.0078257667,0.0075690900,0,0,450.2666550593,-128.0428328641
2025-01-17,RUB_UZS,10,0.0100000000,True,0.0075690900,0.0078115400,0.0075690900,0,0,416.6534779576,-110.9000273954
2025-01-18,RUB_UZS,10,0.0100000000,True,0.0074895200,0.0077934386,0.0074895200,0,0,525.8071289964,-143.3788533101
2025-01-21,RUB_UZS,10,0.0100000000,True,0.0074895200,0.0077476371,0.0074895200,0,0,474.8266218315,-148.7329040043
2025-01-22,RUB_UZS,10,0.0100000000,True,0.0074895200,0.0077320748,0.0074895200,0,0,275.2955902326,39.4910329310
2025-01-23,RUB_UZS,10,0.0100000000,True,0.0074895200,0.0077165124,0.0074895200,0,0,105.1249225468,191.0479419644
2025-01-24,RUB_UZS,10,0.0100000000,True,0.0074895200,0.0077009500,0.0074895200,0,0,182.5455708514,93.7157103994
2025-01-25,RUB_UZS,10,0.0100000000,True,0.0074895200,0.0076902781,0.0074895200,0,0,107.4774564153,155.2454849611
2025-01-28,RUB_UZS,10,0.0100000000,True,0.0074630700,0.0076329767,0.0074630700,1,1,35.3160149115,187.9432794458
2025-01-29,RUB_UZS,10,0.0100000000,True,0.0074630700,0.0076136914,0.0074630700,0,0,124.5305788667,74.2234290706
2025-01-30,RUB_UZS,10,0.0100000000,True,0.0074630700,0.0075944062,0.0074630700,0,0,120.3340759892,53.2447033540
2025-01-31,RUB_UZS,10,0.0100000000,True,0.0074630700,0.0075751210,0.0074630700,0,0,124.7396570751,23.4728296653
2025-02-01,RUB_UZS,10,0.0100000000,True,0.0074630700,0.0075563881,0.0074630700,0,0,113.6462989114,9.9625576972
2025-02-04,RUB_UZS,10,0.0100000000,True,0.0070083000,0.0074963833,0.0070083000,0,0,901.5375068320,-275.2616261619
2025-02-05,RUB_UZS,10,0.0100000000,True,0.0069448100,0.0074665700,0.0069448100,0,0,847.9546035587,-162.9797885776
2025-02-06,RUB_UZS,10,0.0100000000,True,0.0069448100,0.0074367567,0.0069448100,0,0,793.4915031345,-143.3599862306
2025-02-07,RUB_UZS,10,0.0100000000,True,0.0069448100,0.0074069433,0.0069448100,0,0,694.4327200468,-75.7757473506
2025-02-08,RUB_UZS,10,0.0100000000,True,0.0069448100,0.0073854019,0.0069448100,0,0,740.4879076397,-155.4256582354
2025-02-11,RUB_UZS,10,0.0100000000,True,0.0068347600,0.0072984710,0.0068347600,0,0,849.7512544381,-234.3080471715
2025-02-12,RUB_UZS,10,0.0100000000,True,0.0068188800,0.0072637100,0.0068188800,0,0,767.0309910417,-167.4763998012
2025-02-13,RUB_UZS,10,0.0100000000,True,0.0068188800,0.0072289490,0.0068188800,0,0,589.0016768682,-23.1028774320
2025-02-14,RUB_UZS,10,0.0100000000,True,0.0068188800,0.0071941881,0.0068188800,0,0,270.2795257052,258.3864819452
2025-02-15,RUB_UZS,10,0.0100000000,True,0.0068188800,0.0071525890,0.0068188800,0,0,181.3296548070,290.4948770798
2025-02-18,RUB_UZS,10,0.0100000000,True,0.0066690300,0.0070382462,0.0066690300,0,0,523.1094974528,1.5574767442
2025-02-19,RUB_UZS,10,0.0100000000,True,0.0066690300,0.0070074581,0.0066690300,0,0,521.9511987141,-41.1445981839
2025-02-20,RUB_UZS,10,0.0100000000,True,0.0066690300,0.0069766700,0.0066690300,0,0,434.4015754695,6.8514061866
2025-02-21,RUB_UZS,10,0.0100000000,True,0.0066690300,0.0069458819,0.0066690300,0,0,242.4810819985,159.9824274089
2025-02-22,RUB_UZS,10,0.0100000000,True,0.0066690300,0.0069199024,0.0066690300,0,0,219.7574968323,145.9881590678
2025-02-25,RUB_UZS,10,0.0100000000,True,0.0066690300,0.0068809638,0.0066690300,0,0,234.4654898487,75.3002209547
2025-02-26,RUB_UZS,10,0.0100000000,True,0.0066690300,0.0068788281,0.0066690300,1,1,69.4790855444,237.1597210738
2025-02-27,RUB_UZS,10,0.0100000000,True,0.0066690300,0.0068766924,0.0068087800,1,1,0.0000000000,301.9800355293
2025-02-28,RUB_UZS,10,0.0100000000,True,0.0066690300,0.0068745567,0.0068536400,0,1,0.0000000000,95.6813215107
2025-03-01,RUB_UZS,10,0.0100000000,True,0.0066690300,0.0068652629,0.0068419800,0,1,17.0128574013,16.9299521150
2025-03-04,RUB_UZS,10,0.0100000000,True,0.0066690300,0.0068295157,0.0066898100,0,0,338.1037592921,-138.2151966015
2025-03-05,RUB_UZS,10,0.0100000000,True,0.0066137500,0.0068197476,0.0066137500,0,0,442.1434455251,-146.5631670492
2025-03-06,RUB_UZS,10,0.0100000000,True,0.0066137500,0.0068099795,0.0066137500,0,0,495.4372350363,-218.0923975927
2025-03-07,RUB_UZS,10,0.0100000000,True,0.0066137500,0.0068002114,0.0066137500,0,0,474.7674050177,-210.5648815961
2025-03-08,RUB_UZS,10,0.0100000000,True,0.0065085000,0.0067849424,0.0065085000,0,0,567.3366222413,-169.5189326449
2025-03-11,RUB_UZS,10,0.0100000000,True,0.0062967900,0.0067390771,0.0062967900,0,0,796.8307419782,-152.6957697048
2025-03-12,RUB_UZS,10,0.0100000000,True,0.0062967900,0.0067245124,0.0062967900,0,0,587.4905266368,51.6057953149
2025-03-13,RUB_UZS,10,0.0100000000,True,0.0062967900,0.0067099476,0.0062967900,0,0,599.2523342162,17.5375721477
2025-03-14,RUB_UZS,10,0.0100000000,True,0.0062967900,0.0066953829,0.0062967900,0,0,607.7777413167,-13.2586037969
2025-03-15,RUB_UZS,10,0.0100000000,True,0.0062967900,0.0066743133,0.0062967900,0,0,479.2439992440,90.7409201646
2025-03-18,RUB_UZS,10,0.0100000000,True,0.0062967900,0.0066118495,0.0062967900,0,0,325.2823231159,156.3095521720
2025-03-19,RUB_UZS,10,0.0100000000,True,0.0062967900,0.0065918657,0.0064046700,1,1,0.0000000000,447.6361125595
2025-03-20,RUB_UZS,10,0.0100000000,True,0.0062967900,0.0065718819,0.0064803000,0,1,0.0000000000,254.4353461993
2025-03-21,RUB_UZS,10,0.0100000000,True,0.0062967900,0.0065518981,0.0064803000,0,1,74.3926590666,35.1472121565
2025-03-22,RUB_UZS,10,0.0100000000,True,0.0062967900,0.0065413681,0.0064803000,0,0,103.0578302875,-9.8020852344
2025-03-25,RUB_UZS,10,0.0100000000,True,0.0062967900,0.0065196233,0.0064803000,0,1,1.7742943323,58.5514398327
2025-03-26,RUB_UZS,10,0.0100000000,True,0.0062967900,0.0065152924,0.0064803000,0,1,34.6924276395,19.0818465626
2025-03-27,RUB_UZS,10,0.0100000000,True,0.0062967900,0.0065109614,0.0064803000,0,1,49.9170097086,-2.8391681457
2025-03-28,RUB_UZS,10,0.0100000000,True,0.0062967900,0.0065066305,0.0064803000,0,1,21.3883486624,19.1196906540
2025-03-29,RUB_UZS,10,0.0100000000,True,0.0062967900,0.0065137005,0.0064803000,0,1,0.0000000000,51.2772675264
2025-04-01,RUB_UZS,10,0.0100000000,True,0.0064803000,0.0065402124,0.0065228000,0,0,148.0927675450,-123.2951077896
2025-04-02,RUB_UZS,10,0.0100000000,True,0.0064776000,0.0065368705,0.0064776000,0,0,125.9559497152,-35.7350262555
2025-04-03,RUB_UZS,10,0.0100000000,True,0.0064776000,0.0065335286,0.0064776000,1,1,97.9262144471,-12.4456922206
2025-04-04,RUB_UZS,10,0.0100000000,True,0.0064776000,0.0065301867,0.0064776000,1,1,85.8928757278,-5.4107692685
2025-04-05,RUB_UZS,10,0.0100000000,True,0.0063763500,0.0065251819,0.0063763500,0,0,224.5201447231,3.6503269896
2025-04-08,RUB_UZS,10,0.0100000000,True,0.0063118600,0.0065018495,0.0063118600,0,0,518.4190404944,-238.5790006712
2025-04-09,RUB_UZS,10,0.0100000000,True,0.0062584400,0.0064912848,0.0062584400,0,0,504.8693638952,-153.9375358814
2025-04-10,RUB_UZS,10,0.0100000000,True,0.0062584400,0.0064807200,0.0062584400,0,0,578.5121478669,-249.9876556926
2025-04-11,RUB_UZS,10,0.0100000000,True,0.0062584400,0.0064701552,0.0062584400,0,0,449.7080788752,-128.2577602098
2025-04-12,RUB_UZS,10,0.0100000000,True,0.0062419600,0.0064521129,0.0062419600,0,0,363.7767074225,-39.5020103049
2025-04-15,RUB_UZS,10,0.0100000000,True,0.0062419600,0.0064281833,0.0062419600,0,0,210.7632109279,80.6344975641
2025-04-16,RUB_UZS,10,0.0100000000,True,0.0062419600,0.0064220448,0.0062419600,0,0,163.4032762601,118.9570685616
2025-04-17,RUB_UZS,10,0.0100000000,True,0.0062419600,0.0064159062,0.0062419600,0,0,189.2533757075,83.4429134199
2025-04-18,RUB_UZS,10,0.0100000000,True,0.0062419600,0.0064097676,0.0062419600,0,0,110.7439011638,152.7475329319
2025-04-19,RUB_UZS,10,0.0100000000,True,0.0062419600,0.0063961381,0.0062419600,1,1,26.3324406721,215.2831805502
2025-04-22,RUB_UZS,10,0.0100000000,True,0.0062419600,0.0063539600,0.0062991200,1,1,0.0000000000,176.2680281273
2025-04-23,RUB_UZS,10,0.0100000000,True,0.0062419600,0.0063455557,0.0062991200,0,1,17.5114141140,55.7645632297
2025-04-24,RUB_UZS,10,0.0100000000,True,0.0062419600,0.0063371514,0.0062991200,0,0,150.2530800396,-91.6161970926
2025-04-25,RUB_UZS,10,0.0100000000,True,0.0062419600,0.0063287471,0.0062991200,0,0,200.0556963522,-156.3703761724
2025-04-26,RUB_UZS,10,0.0100000000,True,0.0062419600,0.0063271348,0.0062991200,0,0,148.2196284265,-105.5062688046
2025-04-29,RUB_UZS,10,0.0100000000,True,0.0062419600,0.0063152505,0.0062562200,0,0,179.7747517953,-87.8817459715
2025-04-30,RUB_UZS,10,0.0100000000,True,0.0062419600,0.0063151448,0.0062562200,1,1,68.1047511398,25.3751299597
2025-05-01,RUB_UZS,10,0.0100000000,True,0.0062419600,0.0063150390,0.0062562200,1,1,71.2414161949,22.0569461471
2025-05-06,RUB_UZS,10,0.0100000000,True,0.0061874000,0.0062930571,0.0061874000,0,0,244.5254150972,-78.5514194782
2025-05-07,RUB_UZS,10,0.0100000000,True,0.0061874000,0.0062852338,0.0061874000,0,0,112.6102012346,43.5366612493
2025-05-08,RUB_UZS,10,0.0100000000,True,0.0061874000,0.0062774105,0.0061874000,0,0,110.0025254866,33.7567158797
2025-05-13,RUB_UZS,10,0.0100000000,True,0.0061629400,0.0062480476,0.0061629400,0,0,186.3700202867,-51.1077746191
2025-05-14,RUB_UZS,10,0.0100000000,True,0.0061629400,0.0062421362,0.0061629400,0,0,133.5181882510,-6.7345687366
2025-05-15,RUB_UZS,10,0.0100000000,True,0.0061629400,0.0062362248,0.0061629400,1,1,62.8675267215,54.9928253296
2025-05-16,RUB_UZS,10,0.0100000000,True,0.0061629400,0.0062303133,0.0061629400,1,1,39.5319520315,68.8782907655
2025-05-17,RUB_UZS,10,0.0100000000,True,0.0061629400,0.0062219805,0.0061629400,0,0,107.0052651856,-12.2461390528
2025-05-20,RUB_UZS,10,0.0100000000,True,0.0061177000,0.0062066162,0.0061177000,0,0,172.9535754501,-30.2158357280
2025-05-21,RUB_UZS,10,0.0100000000,True,0.0061177000,0.0062019024,0.0061177000,0,0,204.8625843587,-70.5390319944
2025-05-22,RUB_UZS,10,0.0100000000,True,0.0061177000,0.0061971886,0.0061177000,0,0,110.0908532445,18.3769967580
2025-05-23,RUB_UZS,10,0.0100000000,True,0.0061177000,0.0061924748,0.0061177000,1,1,73.4065235099,47.6946019812
2025-05-24,RUB_UZS,10,0.0100000000,True,0.0061177000,0.0061880252,0.0061177000,1,1,95.9531938798,17.8655349160
2025-05-27,RUB_UZS,10,0.0100000000,True,0.0061056500,0.0061775681,0.0061056500,0,0,100.2837454398,16.2978296360
2025-05-28,RUB_UZS,10,0.0100000000,True,0.0061056500,0.0061747229,0.0061056500,1,1,76.7285457495,35.4070257867
2025-05-29,RUB_UZS,10,0.0100000000,True,0.0061056500,0.0061718776,0.0061056500,0,0,115.6691651422,-8.4615756739
2025-05-30,RUB_UZS,10,0.0100000000,True,0.0061056500,0.0061690324,0.0061056500,1,1,19.6969449303,83.2097771295
2025-05-31,RUB_UZS,10,0.0100000000,True,0.0061056500,0.0061675771,0.0061056500,1,1,83.7714361815,16.7766735907
2025-06-03,RUB_UZS,10,0.0100000000,True,0.0061056500,0.0061702095,0.0061056500,0,0,130.7515994401,-26.4666477329
2025-06-04,RUB_UZS,10,0.0100000000,True,0.0061056500,0.0061728905,0.0061056500,1,1,62.3053973597,46.9155840399
2025-06-05,RUB_UZS,10,0.0100000000,True,0.0061056500,0.0061755714,0.0061664900,1,1,0.0000000000,113.2226051956
2025-06-06,RUB_UZS,10,0.0100000000,True,0.0061056500,0.0061782524,0.0061698500,1,1,0.0000000000,19.0383626746
2025-06-07,RUB_UZS,10,0.0100000000,True,0.0061056500,0.0061775362,0.0061524600,0,1,28.1854502135,12.4421617927
2025-06-10,RUB_UZS,10,0.0100000000,True,0.0061056500,0.0061859348,0.0061524600,0,1,68.3636786278,-14.3474485859
2025-06-11,RUB_UZS,10,0.0100000000,True,0.0061056500,0.0061903762,0.0061524600,0,1,49.6027093074,11.7055737054
2025-06-12,RUB_UZS,10,0.0100000000,True,0.0061056500,0.0061948176,0.0061524600,0,0,129.6430284586,-62.0718531473
2025-06-17,RUB_UZS,10,0.0100000000,True,0.0061524600,0.0062229319,0.0061905400,1,1,0.0000000000,113.2455020245
2025-06-18,RUB_UZS,10,0.0100000000,True,0.0061524600,0.0062260048,0.0062138100,1,1,0.0000000000,56.9623109217
2025-06-19,RUB_UZS,10,0.0100000000,True,0.0061524600,0.0062290776,0.0062196800,1,1,0.0000000000,24.5102404904
2025-06-20,RUB_UZS,10,0.0100000000,True,0.0061524600,0.0062321505,0.0062343800,0,1,0.0000000000,20.0099086794
2025-06-21,RUB_UZS,10,0.0100000000,True,0.0061524600,0.0062326714,0.0062057500,0,1,71.5942724582,-28.6050237573
2025-06-24,RUB_UZS,10,0.0100000000,True,0.0061524600,0.0062321510,0.0061771000,0,0,140.1773685857,-52.5806384817
2025-06-25,RUB_UZS,10,0.0100000000,True,0.0061524600,0.0062342771,0.0061771000,0,0,220.0879972008,-131.2627835877
2025-06-26,RUB_UZS,10,0.0100000000,True,0.0061524600,0.0062364033,0.0061771000,0,0,160.1557273115,-66.1225139918
2025-06-27,RUB_UZS,10,0.0100000000,True,0.0061524600,0.0062385295,0.0061771000,0,0,102.4984497851,-4.0722355818
2025-06-28,RUB_UZS,10,0.0100000000,True,0.0061771000,0.0062428962,0.0061771000,1,1,91.8776205493,13.6414097181
2025-07-01,RUB_UZS,10,0.0100000000,True,0.0061494800,0.0062356790,0.0061494800,1,1,90.6739717198,47.9964529773
2025-07-02,RUB_UZS,10,0.0100000000,True,0.0061494800,0.0062315881,0.0061494800,1,1,44.7135387156,87.4385379864
2025-07-03,RUB_UZS,10,0.0100000000,True,0.0061494800,0.0062274971,0.0061494800,1,1,89.3165079212,36.2860750295
2025-07-04,RUB_UZS,10,0.0100000000,True,0.0061494800,0.0062234062,0.0061494800,0,0,171.4311286708,-53.5620020670
2025-07-05,RUB_UZS,10,0.0100000000,True,0.0061494800,0.0062209143,0.0061494800,0,0,204.5900553049,-91.6355887054
2025-07-08,RUB_UZS,10,0.0100000000,True,0.0061009400,0.0061986848,0.0061009400,0,0,229.3663198893,-73.3627210319
2025-07-09,RUB_UZS,10,0.0100000000,True,0.0061009400,0.0061964162,0.0061009400,0,0,105.9473555326,48.6510097926
2025-07-10,RUB_UZS,10,0.0100000000,True,0.0061009400,0.0061941476,0.0061009400,1,1,78.9335033206,72.1126162868
2025-07-11,RUB_UZS,10,0.0100000000,True,0.0061009400,0.0061918790,0.0061009400,1,1,90.6001897114,56.7825168235
2025-07-12,RUB_UZS,10,0.0100000000,True,0.0061009400,0.0061929019,0.0061009400,0,0,103.2509866836,45.7167014710
2025-07-15,RUB_UZS,10,0.0100000000,True,0.0061009400,0.0061886757,0.0061009400,0,0,179.7157063318,-38.6420081102
2025-07-16,RUB_UZS,10,0.0100000000,True,0.0061009400,0.0061891090,0.0061009400,1,1,61.7866154520,81.1733114290
2025-07-17,RUB_UZS,10,0.0100000000,True,0.0061009400,0.0061895424,0.0061281900,1,1,0.0000000000,143.1485164801
2025-07-18,RUB_UZS,10,0.0100000000,True,0.0061009400,0.0061899757,0.0061750300,1,1,0.0000000000,99.8157620281
2025-07-19,RUB_UZS,10,0.0100000000,True,0.0061009400,0.0061938205,0.0061750300,0,1,18.9275773671,11.4315166507
2025-07-22,RUB_UZS,10,0.0100000000,True,0.0061009400,0.0062425310,0.0061750300,0,1,83.8253926706,24.5108154011
2025-07-23,RUB_UZS,10,0.0100000000,True,0.0061009400,0.0062503548,0.0061750300,0,1,33.4422789816,87.3626601766
2025-07-24,RUB_UZS,10,0.0100000000,True,0.0061009400,0.0062581786,0.0061792100,0,1,0.0000000000,132.8638524445
2025-07-25,RUB_UZS,10,0.0100000000,True,0.0061009400,0.0062660024,0.0062870200,0,1,0.0000000000,138.5131630595
2025-07-26,RUB_UZS,10,0.0100000000,True,0.0061009400,0.0062683129,0.0062611100,0,1,41.2118937112,-29.8439839930
2025-07-29,RUB_UZS,10,0.0100000000,True,0.0061750300,0.0063028938,0.0062611100,0,0,100.8553494917,-34.9144236619
2025-07-30,RUB_UZS,10,0.0100000000,True,0.0061750300,0.0063099467,0.0062611100,0,0,470.2102270306,-412.1957713325
2025-07-31,RUB_UZS,10,0.0100000000,True,0.0061750300,0.0063169995,0.0062611100,0,0,436.3373083215,-363.7335657925
2025-08-01,RUB_UZS,10,0.0100000000,True,0.0061750300,0.0063240524,0.0062611100,0,0,184.1632463652,-86.2225923553
2025-08-02,RUB_UZS,10,0.0100000000,True,0.0061750300,0.0063268752,0.0062611100,0,0,107.0961890632,-3.1844501890
2025-08-05,RUB_UZS,10,0.0100000000,True,0.0062611100,0.0063525890,0.0062865100,1,1,0.0000000000,144.0027789195
2025-08-06,RUB_UZS,10,0.0100000000,True,0.0062611100,0.0063560686,0.0062865100,0,1,88.0899599204,21.5362236495
2025-08-07,RUB_UZS,10,0.0100000000,True,0.0062611100,0.0063595481,0.0062865100,0,0,181.2556227509,-67.6335867231
2025-08-08,RUB_UZS,10,0.0100000000,True,0.0062611100,0.0063630276,0.0062865100,0,1,98.8304148830,21.6368997149
2025-08-09,RUB_UZS,10,0.0100000000,True,0.0062611100,0.0063670681,0.0062865100,0,1,76.3080420215,50.6011475866
2025-08-12,RUB_UZS,10,0.0100000000,True,0.0062611100,0.0063559757,0.0063443600,1,1,0.0000000000,109.2919756279
2025-08-13,RUB_UZS,10,0.0100000000,True,0.0062611100,0.0063643548,0.0063600900,0,1,0.0000000000,31.4167934579
2025-08-14,RUB_UZS,10,0.0100000000,True,0.0062611100,0.0063727338,0.0063600900,0,1,4.9660157938,14.8818541732
2025-08-15,RUB_UZS,10,0.0100000000,True,0.0062611100,0.0063811129,0.0063600900,0,1,34.9086624561,-1.9700997072
2025-08-16,RUB_UZS,10,0.0100000000,True,0.0062865100,0.0063938881,0.0063600900,0,1,0.0000000000,52.8600043270
2025-08-19,RUB_UZS,10,0.0100000000,True,0.0062865100,0.0064143195,0.0063956100,0,1,22.0601427513,7.1239416630
2025-08-20,RUB_UZS,10,0.0100000000,True,0.0062865100,0.0064191171,0.0063956100,0,1,52.1995840832,-15.6608096084
2025-08-21,RUB_UZS,10,0.0100000000,True,0.0062865100,0.0064239148,0.0064356000,0,1,0.0000000000,44.0615465084
2025-08-22,RUB_UZS,10,0.0100000000,True,0.0062865100,0.0064287124,0.0064356000,0,1,3.2154490678,-13.9337685633
2025-08-23,RUB_UZS,10,0.0100000000,True,0.0063443600,0.0064361724,0.0064356000,0,0,106.4590267262,-106.7056862101
2025-08-26,RUB_UZS,10,0.0100000000,True,0.0063600900,0.0064578738,0.0064356000,0,0,143.6428211517,-110.7426261113
2025-08-27,RUB_UZS,10,0.0100000000,True,0.0063600900,0.0064672705,0.0064356000,0,0,165.3623806315,-118.3490378071
2025-08-28,RUB_UZS,10,0.0100000000,True,0.0063600900,0.0064766671,0.0064356000,0,0,115.9254685859,-53.1335892116
2025-08-29,RUB_UZS,10,0.0100000000,True,0.0063956100,0.0064860638,0.0064356000,0,1,50.6619132795,27.2797339703
2025-08-30,RUB_UZS,10,0.0100000000,True,0.0063956100,0.0064939919,0.0064356000,1,1,0.0000000000,89.9168117519
2025-09-02,RUB_UZS,10,0.0100000000,True,0.0064356000,0.0065527086,0.0064679100,1,1,0.0000000000,167.1653335938
2025-09-03,RUB_UZS,10,0.0100000000,True,0.0064356000,0.0065657605,0.0065080500,1,1,0.0000000000,149.0314435705
2025-09-04,RUB_UZS,10,0.0100000000,True,0.0064356000,0.0065788124,0.0065574200,0,1,0.0000000000,107.5610259950
2025-09-05,RUB_UZS,10,0.0100000000,True,0.0064356000,0.0065918643,0.0065574200,0,1,18.7678374367,33.5478474006
2025-09-06,RUB_UZS,10,0.0100000000,True,0.0064356000,0.0065992681,0.0065574200,0,1,0.0000000000,63.4132370956
2025-09-09,RUB_UZS,10,0.0100000000,True,0.0064356000,0.0066340429,0.0066848700,0,1,0.0000000000,87.1306658512
2025-09-10,RUB_UZS,10,0.0100000000,True,0.0064356000,0.0066508167,0.0066848700,0,1,10.4156704285,-61.6816481184
2025-09-11,RUB_UZS,10,0.0100000000,True,0.0064356000,0.0066675905,0.0066848700,0,0,274.2043897145,-308.5815251315
2025-09-12,RUB_UZS,10,0.0100000000,True,0.0064431700,0.0066843643,0.0066848700,0,0,354.1683500906,-367.9567775972
2025-09-13,RUB_UZS,10,0.0100000000,True,0.0064679100,0.0067015086,0.0066848700,0,0,138.7680079776,-115.5432806600
2025-09-16,RUB_UZS,10,0.0100000000,True,0.0065574200,0.0067490186,0.0067102900,0,1,0.0000000000,95.0487404200
2025-09-17,RUB_UZS,10,0.0100000000,True,0.0065574200,0.0067631219,0.0067560100,0,1,0.0000000000,78.1176289676
2025-09-18,RUB_UZS,10,0.0100000000,True,0.0065574200,0.0067772252,0.0067872300,0,1,0.0000000000,31.3037229101
2025-09-19,RUB_UZS,10,0.0100000000,True,0.0065762400,0.0067913286,0.0067878500,0,1,0.0000000000,6.0350068259
2025-09-20,RUB_UZS,10,0.0100000000,True,0.0066848700,0.0068032571,0.0067878500,0,1,0.0000000000,22.6467154388
2025-09-23,RUB_UZS,10,0.0100000000,True,0.0066848700,0.0067940605,0.0067037300,0,0,146.2106067733,-13.4522261637
2025-09-24,RUB_UZS,10,0.0100000000,True,0.0066848700,0.0067935633,0.0067037300,0,0,141.8199839122,-9.7248915518
2025-09-25,RUB_UZS,10,0.0100000000,True,0.0066848700,0.0067930662,0.0067037300,0,0,285.7585861616,-158.7851590126
2025-09-26,RUB_UZS,10,0.0100000000,True,0.0066848700,0.0067925690,0.0067037300,0,0,202.5482584854,-73.2432044962
2025-09-27,RUB_UZS,10,0.0100000000,True,0.0067037300,0.0068019552,0.0067037300,0,0,218.6591260930,-75.9116461331
2025-09-30,RUB_UZS,10,0.0100000000,True,0.0067037300,0.0068057124,0.0067037300,0,0,180.1884940689,-30.8970139650
2025-10-01,RUB_UZS,10,0.0100000000,True,0.0066969600,0.0068013843,0.0066969600,0,0,216.8177661430,-64.6864115267
2025-10-02,RUB_UZS,10,0.0100000000,True,0.0066969600,0.0067970562,0.0066969600,1,1,83.3671441644,64.4340568165
2025-10-03,RUB_UZS,10,0.0100000000,True,0.0066969600,0.0067927281,0.0066969600,1,1,10.0988554133,131.0196639558
2025-10-04,RUB_UZS,10,0.0100000000,True,0.0066597000,0.0067858948,0.0066597000,0,0,160.7446258403,25.6337041983
2025-10-07,RUB_UZS,10,0.0100000000,True,0.0064644500,0.0067369595,0.0064644500,0,0,606.7003972694,-215.2610174931
2025-10-08,RUB_UZS,10,0.0100000000,True,0.0064644500,0.0067277067,0.0064644500,0,0,514.2408545980,-129.6033517117
2025-10-09,RUB_UZS,10,0.0100000000,True,0.0064644500,0.0067184538,0.0064644500,0,0,456.7142321467,-82.4091257392
2025-10-10,RUB_UZS,10,0.0100000000,True,0.0064644500,0.0067092010,0.0064644500,0,0,414.1044024728,-51.4354061892
2025-10-11,RUB_UZS,10,0.0100000000,True,0.0064644500,0.0067040819,0.0064644500,0,0,347.1873805428,10.6232365044
2025-10-14,RUB_UZS,10,0.0100000000,True,0.0064644500,0.0067020267,0.0064644500,0,0,293.1813745364,63.1550257435
2025-10-15,RUB_UZS,10,0.0100000000,True,0.0064644500,0.0066976057,0.0064644500,0,0,177.4291088886,173.7721198450
2025-10-16,RUB_UZS,10,0.0100000000,True,0.0064644500,0.0066931848,0.0064644500,1,1,8.7479192780,333.2864246844
2025-10-17,RUB_UZS,10,0.0100000000,True,0.0064644500,0.0066887638,0.0066592800,1,1,0.0000000000,335.3591424538
2025-10-18,RUB_UZS,10,0.0100000000,True,0.0064644500,0.0066714467,0.0065183200,0,0,211.6745353852,18.2369241254
2025-10-21,RUB_UZS,10,0.0100000000,True,0.0064644500,0.0066535238,0.0065183200,0,0,299.0219131926,-98.7690017463
2025-10-22,RUB_UZS,10,0.0100000000,True,0.0064644500,0.0066562067,0.0065183200,0,0,336.2860722149,-133.6246570870
2025-10-23,RUB_UZS,10,0.0100000000,True,0.0064644500,0.0066576071,0.0065183200,0,0,411.8805647858,-211.3715245181
2025-10-24,RUB_UZS,10,0.0100000000,True,0.0064644500,0.0066590076,0.0065183200,0,0,293.9516627381,-85.1814327260
2025-10-25,RUB_UZS,10,0.0100000000,True,0.0064644500,0.0066621824,0.0065183200,0,0,235.6920514226,-20.2300361608
2025-10-28,RUB_UZS,10,0.0100000000,True,0.0065183200,0.0067003843,0.0066201600,1,1,0.0000000000,271.7221549553
2025-10-29,RUB_UZS,10,0.0100000000,True,0.0065183200,0.0067049852,0.0066201600,0,1,2.7031312529,123.8410453515
2025-10-30,RUB_UZS,10,0.0100000000,True,0.0065183200,0.0067095862,0.0067139400,0,1,0.0000000000,133.2812306713
2025-10-31,RUB_UZS,10,0.0100000000,True,0.0065183200,0.0067141871,0.0067263700,0,1,0.0000000000,0.3680905103
2025-11-01,RUB_UZS,10,0.0100000000,True,0.0065183200,0.0067140976,0.0067173600,0,1,53.2184265470,-58.3881605194
2025-11-02,RUB_UZS,10,0.0100000000,True,0.0065183200,0.0067153405,0.0067173600,0,1,13.3950407129,-16.4243702142
2025-11-06,RUB_UZS,10,0.0100000000,True,0.0065183200,0.0067241205,0.0067173600,0,0,112.3105954670,-103.4180218153
2025-11-07,RUB_UZS,10,0.0100000000,True,0.0065183200,0.0067285671,0.0067173600,0,0,118.6085887152,-103.1762865242
2025-11-08,RUB_UZS,10,0.0100000000,True,0.0066201600,0.0067390571,0.0067173600,0,1,57.0464334878,-24.9928985403
2025-11-11,RUB_UZS,10,0.0100000000,True,0.0067173600,0.0067557148,0.0067322600,1,1,0.0000000000,56.7738030046
2025-11-12,RUB_UZS,10,0.0100000000,True,0.0066325500,0.0067499648,0.0066325500,0,0,204.8366254384,-31.5338506882
2025-11-13,RUB_UZS,10,0.0100000000,True,0.0066325500,0.0067454971,0.0066325500,0,0,216.6409515858,-50.2896323643
2025-11-14,RUB_UZS,10,0.0100000000,True,0.0066325500,0.0067410295,0.0066325500,0,0,148.1077676739,13.0091757921
2025-11-15,RUB_UZS,10,0.0100000000,True,0.0065924000,0.0067346500,0.0065924000,0,0,260.9528086701,-51.0642720854
2025-11-18,RUB_UZS,10,0.0100000000,True,0.0065841400,0.0067079119,0.0065841400,0,0,229.2312509553,-45.7640107293
2025-11-19,RUB_UZS,10,0.0100000000,True,0.0065725400,0.0066991805,0.0065725400,0,0,261.4320978874,-74.3367401229
2025-11-20,RUB_UZS,10,0.0100000000,True,0.0065725400,0.0066904490,0.0065725400,0,0,304.4151706029,-132.2048068095
2025-11-21,RUB_UZS,10,0.0100000000,True,0.0065725400,0.0066817176,0.0065725400,0,0,303.0991534351,-144.0683166226
2025-11-22,RUB_UZS,10,0.0100000000,True,0.0065072500,0.0066717124,0.0065072500,0,0,188.9167816300,58.6991445617
2025-11-25,RUB_UZS,10,0.0100000000,True,0.0064614100,0.0066360848,0.0064614100,0,0,198.6985013045,65.8291198382
2025-11-26,RUB_UZS,10,0.0100000000,True,0.0063606300,0.0066166367,0.0063606300,0,0,342.9873651416,45.4863523311
2025-11-27,RUB_UZS,10,0.0100000000,True,0.0063606300,0.0065971886,0.0063606300,0,0,339.4672652769,19.7789881058
2025-11-28,RUB_UZS,10,0.0100000000,True,0.0063606300,0.0065777405,0.0063606300,0,0,341.9609343683,-12.3135350792
2025-11-29,RUB_UZS,10,0.0100000000,True,0.0063606300,0.0065644367,0.0063606300,0,0,322.4172085678,-12.3442935697
2025-12-02,RUB_UZS,10,0.0100000000,True,0.0063606300,0.0065258752,0.0063606300,0,0,225.3179146337,28.5405978749
2025-12-03,RUB_UZS,10,0.0100000000,True,0.0063606300,0.0065251805,0.0063606300,0,0,232.3427923826,20.3066815375
2025-12-04,RUB_UZS,10,0.0100000000,True,0.0063606300,0.0065244857,0.0063606300,0,0,306.0013015495,-56.5934041873
2025-12-05,RUB_UZS,10,0.0100000000,True,0.0063606300,0.0065237910,0.0063606300,0,0,155.9721484939,95.6207101611
2025-12-06,RUB_UZS,10,0.0100000000,True,0.0063606300,0.0065225910,0.0063606300,1,1,0.0000000000,248.3076948461
2025-12-09,RUB_UZS,10,0.0100000000,True,0.0063606300,0.0065286538,0.0064059900,0,1,82.4246852953,106.3370972781
2025-12-10,RUB_UZS,10,0.0100000000,True,0.0063606300,0.0065361043,0.0064899300,1,1,0.0000000000,199.0700882767
2025-12-11,RUB_UZS,10,0.0100000000,True,0.0063606300,0.0065435548,0.0065614600,0,1,0.0000000000,81.9505052773
2025-12-12,RUB_UZS,10,0.0100000000,True,0.0063606300,0.0065510052,0.0065614600,0,1,58.6198798512,-75.0186576237
2025-12-13,RUB_UZS,10,0.0100000000,True,0.0063606300,0.0065559781,0.0065614600,0,1,85.3737405484,-94.5425745198
2025-12-16,RUB_UZS,10,0.0100000000,True,0.0063606300,0.0065528138,0.0064482000,0,0,181.2035570715,-21.9542182860
2025-12-17,RUB_UZS,10,0.0100000000,True,0.0063606300,0.0065567638,0.0064435800,0,0,179.6551377285,-7.1623602933
2025-12-18,RUB_UZS,10,0.0100000000,True,0.0063606300,0.0065607138,0.0064435800,0,0,332.4886462351,-159.2451576298
2025-12-19,RUB_UZS,10,0.0100000000,True,0.0064059900,0.0065646638,0.0064435800,0,0,320.8711182947,-140.9458171216
2025-12-20,RUB_UZS,10,0.0100000000,True,0.0064059900,0.0065637619,0.0064402900,0,0,429.0533511666,-251.7429755004
2025-12-23,RUB_UZS,10,0.0100000000,True,0.0064402900,0.0065663062,0.0064402900,0,0,259.2230718970,-69.1009651509
2025-12-24,RUB_UZS,10,0.0100000000,True,0.0064402900,0.0065614748,0.0064402900,0,0,122.7393747546,62.7218169667
2025-12-25,RUB_UZS,10,0.0100000000,True,0.0064402900,0.0065566433,0.0064402900,1,1,91.5261747321,86.7262872822
2025-12-26,RUB_UZS,10,0.0100000000,True,0.0064402900,0.0065518119,0.0064402900,1,1,12.2669892373,158.1423677420
2025-12-27,RUB_UZS,10,0.0100000000,True,0.0064402900,0.0065493976,0.0064402900,1,1,5.1058573029,161.5684757631
2025-12-30,RUB_UZS,10,0.0100000000,True,0.0064402900,0.0065334767,0.0065165000,1,1,0.0000000000,142.6295239441
2025-12-31,RUB_UZS,10,0.0100000000,True,0.0064402900,0.0065233576,0.0065165000,0,1,0.0000000000,10.5124070273
2026-01-13,RUB_UZS,10,0.0100000000,True,0.0062650300,0.0064955148,0.0062650300,0,0,379.4309687168,-25.5641603536
2026-01-14,RUB_UZS,10,0.0100000000,True,0.0062650300,0.0064843752,0.0062650300,0,0,427.5568919732,-93.2777016811
2026-01-15,RUB_UZS,10,0.0100000000,True,0.0062650300,0.0064732357,0.0062650300,0,0,430.1888291129,-113.4274865849
2026-01-16,RUB_UZS,10,0.0100000000,True,0.0062650300,0.0064620962,0.0062650300,0,0,450.5082622142,-152.4177397250
2026-01-17,RUB_UZS,10,0.0100000000,True,0.0062650300,0.0064509676,0.0062650300,0,0,370.7956005582,-85.7427663860
2026-01-20,RUB_UZS,10,0.0100000000,True,0.0062320300,0.0064158143,0.0062320300,0,0,341.0528077767,-56.5255050578
2026-01-21,RUB_UZS,10,0.0100000000,True,0.0061948200,0.0064004962,0.0061948200,0,0,389.6978290480,-71.1254380427
2026-01-22,RUB_UZS,10,0.0100000000,True,0.0061948200,0.0063851781,0.0061948200,0,0,312.4350038548,-14.7715609827
2026-01-23,RUB_UZS,10,0.0100000000,True,0.0061948200,0.0063698600,0.0061948200,0,0,112.0665024748,164.5719058190
2026-01-24,RUB_UZS,10,0.0100000000,True,0.0061948200,0.0063593571,0.0061948200,0,0,139.6721405412,120.7467062035
2026-01-27,RUB_UZS,10,0.0100000000,True,0.0061948200,0.0063180371,0.0061948200,0,0,140.0331062584,55.7722945598
2026-01-28,RUB_UZS,10,0.0100000000,True,0.0061948200,0.0063064495,0.0061948200,0,0,185.6308390856,-8.7854127264
2026-01-29,RUB_UZS,10,0.0100000000,True,0.0061948200,0.0062948619,0.0061948200,0,0,115.5848010135,43.8483086357
2026-01-30,RUB_UZS,10,0.0100000000,True,0.0061948200,0.0062832743,0.0061948200,1,1,59.7076714971,81.5566588121
2026-01-31,RUB_UZS,10,0.0100000000,True,0.0061948200,0.0062761562,0.0061948200,1,1,0.0000000000,129.5955486252
2026-02-03,RUB_UZS,10,0.0100000000,True,0.0061948200,0.0062646705,0.0062341600,0,1,91.2333348168,-42.9224871631
2026-02-04,RUB_UZS,10,0.0100000000,True,0.0061948200,0.0062662886,0.0062341600,0,1,72.8671702824,-21.7535921240
2026-02-05,RUB_UZS,10,0.0100000000,True,0.0061948200,0.0062679067,0.0062341600,0,1,57.6526519422,-3.8343476716
2026-02-06,RUB_UZS,10,0.0100000000,True,0.0061948200,0.0062695248,0.0062629400,1,1,0.0000000000,56.4074044649
2026-02-07,RUB_UZS,10,0.0100000000,True,0.0061948200,0.0062696210,0.0062629400,0,1,0.0000000000,10.6560706488
2026-02-10,RUB_UZS,10,0.0100000000,True,0.0061948200,0.0062736943,0.0062720700,0,1,48.4403262146,-46.0744705899
2026-02-11,RUB_UZS,10,0.0100000000,True,0.0061948200,0.0062779671,0.0062767400,0,1,0.0000000000,9.3933955418
2026-02-12,RUB_UZS,10,0.0100000000,True,0.0061948200,0.0062822400,0.0062767400,0,1,43.9688728297,-35.3695497148
2026-02-13,RUB_UZS,10,0.0100000000,True,0.0062341600,0.0062865129,0.0062767400,1,1,17.7959996374,-2.2542590612
2026-02-14,RUB_UZS,10,0.0100000000,True,0.0062341600,0.0062861790,0.0062767400,0,1,63.0249107503,-48.3138519455
2026-02-17,RUB_UZS,10,0.0100000000,True,0.0062629400,0.0062937167,0.0062767400,1,1,12.8563745660,14.1357915169
2026-02-18,RUB_UZS,10,0.0100000000,True,0.0062629400,0.0062977852,0.0062767400,1,1,72.0309761668,-38.8942477057
2026-02-19,RUB_UZS,10,0.0100000000,True,0.0062629400,0.0063018538,0.0062845500,1,1,0.0000000000,39.8514632089
2026-02-20,RUB_UZS,10,0.0100000000,True,0.0062720700,0.0063059224,0.0062845500,1,1,21.0390930166,12.8805596734
2026-02-21,RUB_UZS,10,0.0100000000,True,0.0062720700,0.0063072548,0.0062845500,1,1,0.0000000000,35.9978513028
2026-02-25,RUB_UZS,10,0.0100000000,True,0.0062767400,0.0063299795,0.0063003400,1,1,0.0000000000,66.5713430052
2026-02-26,RUB_UZS,10,0.0100000000,True,0.0062767400,0.0063383514,0.0063305800,1,1,0.0000000000,59.9705286142
2026-02-27,RUB_UZS,10,0.0100000000,True,0.0062767400,0.0063467233,0.0063305800,0,1,37.6426154694,-12.2530418583
2026-02-28,RUB_UZS,10,0.0100000000,True,0.0062767400,0.0063566062,0.0063305800,0,1,28.0386492302,12.9411673929
2026-03-03,RUB_UZS,10,0.0100000000,True,0.0062845500,0.0063865081,0.0063562800,1,1,0.0000000000,87.5722607786
2026-03-04,RUB_UZS,10,0.0100000000,True,0.0062845500,0.0064034476,0.0063876900,0,1,0.0000000000,73.6597249696
2026-03-05,RUB_UZS,10,0.0100000000,True,0.0062845500,0.0064203871,0.0064219000,0,1,0.0000000000,50.9270580257
2026-03-06,RUB_UZS,10,0.0100000000,True,0.0062845500,0.0064373267,0.0064762900,0,1,0.0000000000,23.9643993003
2026-03-07,RUB_UZS,10,0.0100000000,True,0.0062878400,0.0064572695,0.0064762900,0,1,24.7521702432,-54.3425918046
2026-03-11,RUB_UZS,10,0.0100000000,True,0.0063305800,0.0065589676,0.0065152900,0,1,0.0000000000,126.0527934419
2026-03-12,RUB_UZS,10,0.0100000000,True,0.0063305800,0.0065847390,0.0065331800,0,1,0.0000000000,105.4697036842
2026-03-13,RUB_UZS,10,0.0100000000,True,0.0063305800,0.0066105105,0.0066402800,0,1,0.0000000000,116.9810961937
2026-03-14,RUB_UZS,10,0.0100000000,True,0.0063562800,0.0066288419,0.0066402800,0,1,0.0000000000,-17.2550430413
2026-03-17,RUB_UZS,10,0.0100000000,True,0.0064762900,0.0066691929,0.0066317600,0,0,106.7973475949,-51.2163069637
2026-03-18,RUB_UZS,10,0.0100000000,True,0.0064762900,0.0066768724,0.0066317600,0,0,179.9131086320,-114.4062888869
2026-03-19,RUB_UZS,10,0.0100000000,True,0.0064762900,0.0066845519,0.0066317600,0,0,283.7476906217,-210.7517410969
2026-03-20,RUB_UZS,10,0.0100000000,True,0.0064762900,0.0066922314,0.0066317600,0,0,469.4867391445,-397.8023986020
2026-03-21,RUB_UZS,10,0.0100000000,True,0.0064762900,0.0067001057,0.0066317600,0,0,374.2172962648,-282.7929793858
2026-03-24,RUB_UZS,10,0.0100000000,True,0.0066118700,0.0067197805,0.0066118700,0,0,154.3732894153,6.3104385709
2026-03-25,RUB_UZS,10,0.0100000000,True,0.0065509400,0.0067155262,0.0065509400,0,0,131.5553600562,115.0411572897
2026-03-26,RUB_UZS,10,0.0100000000,True,0.0065509400,0.0067112719,0.0065509400,0,0,121.8681013788,118.4751652000
2026-03-27,RUB_UZS,10,0.0100000000,True,0.0065509400,0.0067070176,0.0065509400,0,0,285.1312653766,-53.9619589631
2026-03-28,RUB_UZS,10,0.0100000000,True,0.0064661600,0.0066957229,0.0064661600,0,0,281.7559738068,62.8652918302
2026-03-31,RUB_UZS,10,0.0100000000,True,0.0063809500,0.0066337133,0.0063809500,0,0,415.7128866939,-36.1888816420
2026-04-01,RUB_UZS,10,0.0100000000,True,0.0063307000,0.0066071000,0.0063307000,0,0,498.7670774407,-84.6513599007
2026-04-02,RUB_UZS,10,0.0100000000,True,0.0063307000,0.0065804867,0.0063307000,0,0,498.7670774407,-125.4365178665
2026-04-03,RUB_UZS,10,0.0100000000,True,0.0063307000,0.0065538733,0.0063307000,0,0,425.2503452125,-88.4921995237
2026-04-04,RUB_UZS,10,0.0100000000,True,0.0062880000,0.0065335143,0.0062880000,0,0,401.3775122349,-26.6712729531
2026-04-07,RUB_UZS,10,0.0100000000,True,0.0061716100,0.0064697167,0.0061716100,0,0,455.5253813701,5.4974071508
2026-04-08,RUB_UZS,10,0.0100000000,True,0.0061716100,0.0064514800,0.0061716100,0,0,432.5172348042,1.3485277797
2026-04-09,RUB_UZS,10,0.0100000000,True,0.0061716100,0.0064332433,0.0061716100,0,0,361.9494704359,46.4203385229
2026-04-10,RUB_UZS,10,0.0100000000,True,0.0061716100,0.0064150067,0.0061716100,0,0,328.0702716680,53.0890588838
2026-04-11,RUB_UZS,10,0.0100000000,True,0.0061716100,0.0063941300,0.0061716100,0,0,251.2992244144,99.2003603305
2026-04-14,RUB_UZS,10,0.0100000000,True,0.0061716100,0.0063323462,0.0061716100,0,0,185.0986005089,70.0312161437
2026-04-15,RUB_UZS,10,0.0100000000,True,0.0061716100,0.0063195976,0.0061716100,0,0,121.4567770417,114.1015985421
2026-04-16,RUB_UZS,10,0.0100000000,True,0.0061716100,0.0063068490,0.0061846000,1,1,0.0000000000,214.4320350748
2026-04-17,RUB_UZS,10,0.0100000000,True,0.0061716100,0.0062941005,0.0061846000,0,0,111.5856222589,63.0915828889
2026-04-18,RUB_UZS,10,0.0100000000,True,0.0061716100,0.0062812514,0.0061846000,0,0,137.2423317482,16.8619720001
2026-04-21,RUB_UZS,10,0.0100000000,True,0.0061716100,0.0062571433,0.0061846000,1,1,55.8100496679,60.4642267531
2026-04-22,RUB_UZS,10,0.0100000000,True,0.0061716100,0.0062540638,0.0061963300,1,1,0.0000000000,111.0698765466
2026-04-23,RUB_UZS,10,0.0100000000,True,0.0061716100,0.0062509843,0.0061963300,1,1,50.7072195969,36.9130438658
2026-04-24,RUB_UZS,10,0.0100000000,True,0.0061716100,0.0062479048,0.0061963300,1,1,50.7870956140,31.9223206256
2026-04-25,RUB_UZS,10,0.0100000000,True,0.0061716100,0.0062479981,0.0061963300,0,0,138.2889664853,-56.3731041928
2026-04-28,RUB_UZS,10,0.0100000000,True,0.0061594000,0.0062468257,0.0061594000,1,1,59.5997953627,80.8341973912
2026-04-29,RUB_UZS,10,0.0100000000,True,0.0061189800,0.0062396029,0.0061189800,0,0,145.6972839785,48.3249620741
2026-04-30,RUB_UZS,10,0.0100000000,True,0.0061189800,0.0062323800,0.0061189800,0,0,214.6264546575,-33.3901334643
2026-05-01,RUB_UZS,10,0.0100000000,True,0.0061189800,0.0062251571,0.0061189800,0,0,234.6780976152,-65.6575508134
2026-05-05,RUB_UZS,10,0.0100000000,True,0.0060746700,0.0062021352,0.0060746700,0,0,342.2756265541,-141.6040742958
2026-05-06,RUB_UZS,10,0.0100000000,True,0.0060746700,0.0061934543,0.0060746700,0,0,295.0000958571,-106.3473003065
2026-05-07,RUB_UZS,10,0.0100000000,True,0.0060746700,0.0061847733,0.0060746700,0,0,249.5606044798,-73.3683584200
2026-05-08,RUB_UZS,10,0.0100000000,True,0.0060746700,0.0061760924,0.0060746700,0,0,137.5621002046,27.0274146220
2026-05-09,RUB_UZS,10,0.0100000000,True,0.0060194800,0.0061676710,0.0060194800,0,0,162.6088008132,78.9454443288
2026-05-13,RUB_UZS,10,0.0100000000,True,0.0058752800,0.0061022933,0.0058752800,0,0,329.1551787992,44.3166722019
2026-05-14,RUB_UZS,10,0.0100000000,True,0.0058752800,0.0060869667,0.0058752800,0,0,328.2318216463,20.2016329973
2026-05-15,RUB_UZS,10,0.0100000000,True,0.0058752800,0.0060716400,0.0058752800,0,0,380.0950319447,-58.9297125653
2026-05-16,RUB_UZS,10,0.0100000000,True,0.0058752800,0.0060560824,0.0058752800,0,0,369.8458593130,-74.0373334231
2026-05-19,RUB_UZS,10,0.0100000000,True,0.0058752800,0.0060168748,0.0058752800,0,0,239.5555762292,-4.3298858599
2026-05-20,RUB_UZS,10,0.0100000000,True,0.0058752800,0.0060072843,0.0058752800,1,1,64.7157798615,156.0343763607
2026-05-21,RUB_UZS,10,0.0100000000,True,0.0058752800,0.0059976938,0.0058887700,1,1,0.0000000000,204.1014653489
2026-05-22,RUB_UZS,10,0.0100000000,True,0.0058752800,0.0059881033,0.0059074800,1,1,0.0000000000,165.8844675916
2026-05-23,RUB_UZS,10,0.0100000000,True,0.0058752800,0.0059818757,0.0059074800,0,1,61.7243450305,63.0332626197
2026-05-26,RUB_UZS,10,0.0100000000,True,0.0058752800,0.0059886424,0.0059074800,0,1,93.5228273173,42.4008971268
2026-05-27,RUB_UZS,10,0.0100000000,True,0.0058752800,0.0059930148,0.0059074800,0,0,106.9938724279,36.1166504083
2026-05-28,RUB_UZS,10,0.0100000000,True,0.0058752800,0.0059973871,0.0059175800,1,1,0.0000000000,149.9105205576
2026-05-29,RUB_UZS,10,0.0100000000,True,0.0058752800,0.0060017595,0.0059175800,0,1,48.9014001137,91.8056173210
2026-05-30,RUB_UZS,10,0.0100000000,True,0.0058752800,0.0060055252,0.0059175800,1,1,0.0000000000,146.4405436803
2026-06-02,RUB_UZS,10,0.0100000000,True,0.0059074800,0.0060161571,0.0059556200,0,1,54.4070004342,46.4701007525
2026-06-03,RUB_UZS,10,0.0100000000,True,0.0059074800,0.0060181057,0.0059556200,0,0,204.1856915405,-102.4479938395
2026-06-04,RUB_UZS,10,0.0100000000,True,0.0059074800,0.0060200543,0.0059556200,0,0,279.6175578674,-177.5494193455
2026-06-05,RUB_UZS,10,0.0100000000,True,0.0059074800,0.0060220029,0.0059556200,0,0,382.8999764240,-283.5221883939
2026-06-06,RUB_UZS,10,0.0100000000,True,0.0059074800,0.0060260276,0.0059556200,0,0,382.8999764240,-276.6538613687
2026-06-09,RUB_UZS,10,0.0100000000,True,0.0059175800,0.0060396519,0.0059556200,0,0,234.3831986567,-97.5355801411
2026-06-10,RUB_UZS,10,0.0100000000,True,0.0059175800,0.0060478743,0.0059556200,1,1,7.6172451746,145.0332489904
2026-06-11,RUB_UZS,10,0.0100000000,True,0.0059175800,0.0060560967,0.0059850900,1,1,0.0000000000,165.9099452948
2026-06-12,RUB_UZS,10,0.0100000000,True,0.0059556200,0.0060643190,0.0059850900,1,1,0.0000000000,130.6478880760
2026-06-16,RUB_UZS,10,0.0100000000,True,0.0059556200,0.0060875700,0.0060055000,0,1,69.8935310040,65.3791250039
2026-06-17,RUB_UZS,10,0.0100000000,True,0.0059556200,0.0060982390,0.0060361400,1,1,0.0000000000,152.0751267618
2026-06-18,RUB_UZS,10,0.0100000000,True,0.0059556200,0.0061089081,0.0060699800,0,1,0.0000000000,119.1180062028
2026-06-19,RUB_UZS,10,0.0100000000,True,0.0059556200,0.0061195771,0.0060902500,0,1,0.0000000000,81.0466829641
2026-06-20,RUB_UZS,10,0.0100000000,True,0.0059556200,0.0061361605,0.0060902500,0,1,0.0000000000,74.8195494049
2026-06-23,RUB_UZS,10,0.0100000000,True,0.0059850900,0.0062179686,0.0062095200,0,1,0.0000000000,105.9647868459
2026-06-24,RUB_UZS,10,0.0100000000,True,0.0059850900,0.0062400862,0.0062185100,0,1,0.0000000000,48.9836030195
2026-06-25,RUB_UZS,10,0.0100000000,True,0.0059850900,0.0062622038,0.0062958000,0,1,0.0000000000,69.7738541460
2026-06-26,RUB_UZS,10,0.0100000000,True,0.0060055000,0.0062843214,0.0064167900,0,1,0.0000000000,-18.2654110854
2026-06-27,RUB_UZS,10,0.0100000000,True,0.0060055000,0.0063046548,0.0064167900,0,1,0.0000000000,-177.8610286051
2026-06-30,RUB_UZS,10,0.0100000000,True,0.0060902500,0.0063478157,0.0063210700,0,0,195.0421991652,-155.9501569831
2026-07-01,RUB_UZS,10,0.0100000000,True,0.0060902500,0.0063601148,0.0063210700,0,0,301.2844019805,-247.3465400931
2026-07-02,RUB_UZS,10,0.0100000000,True,0.0060902500,0.0063724138,0.0063210700,0,0,361.3427182512,-291.2965102780
2026-07-03,RUB_UZS,10,0.0100000000,True,0.0061520800,0.0063847129,0.0063210700,0,0,339.7331955858,-248.4953456907
2026-07-04,RUB_UZS,10,0.0100000000,True,0.0062095200,0.0063934743,0.0063210700,0,0,199.2228927245,-87.7233750842
2026-07-07,RUB_UZS,10,0.0100000000,True,0.0063210700,0.0064231614,0.0063210700,0,0,237.3829495102,-80.3476169834
2026-07-08,RUB_UZS,10,0.0100000000,True,0.0063210700,0.0064278981,0.0063210700,1,1,18.1600835048,148.3036815856
2026-07-09,RUB_UZS,10,0.0100000000,True,0.0063210700,0.0064326348,0.0063210700,1,1,68.0194080787,106.1380980451
2026-07-10,RUB_UZS,10,0.0100000000,True,0.0063210700,0.0064373714,0.0063360700,1,1,0.0000000000,180.6660216237
2026-07-11,RUB_UZS,10,0.0100000000,True,0.0063210700,0.0064421948,0.0063360700,1,1,19.6265907226,145.3926268399
2026-07-14,RUB_UZS,10,0.0100000000,True,0.0063210700,0.0064386971,0.0064225500,1,1,0.0000000000,159.3911634297
2026-07-15,RUB_UZS,10,0.0100000000,True,0.0063210700,0.0064407295,0.0064485800,0,1,0.0000000000,28.2258768084
2026-07-16,RUB_UZS,10,0.0100000000,True,0.0063210700,0.0064427619,0.0064761300,0,1,0.0000000000,-9.0304365179
2026-07-17,RUB_UZS,10,0.0100000000,True,0.0063210700,0.0064447943,0.0064787600,0,1,0.0000000000,-48.6217447703
2026-07-18,RUB_UZS,10,0.0100000000,True,0.0063210700,0.0064463500,0.0064787600,0,1,57.5483482857,-108.4489672450
2026-07-21,RUB_UZS,10,0.0100000000,True,0.0063360700,0.0064824314,0.0064787600,0,0,105.8933125639,-101.3023772826
2026-07-22,RUB_UZS,10,0.0100000000,True,0.0063360700,0.0064965024,0.0064787600,0,0,114.0610146319,-87.7512478326
2026-07-23,RUB_UZS,10,0.0100000000,True,0.0063360700,0.0065105733,0.0064787600,0,1,52.7550544132,-3.9115858716
2026-07-24,RUB_UZS,10,0.0100000000,True,0.0063360700,0.0065246443,0.0064922400,0,1,0.0000000000,70.3245781762
2026-07-25,RUB_UZS,10,0.0100000000,True,0.0064225500,0.0065409390,0.0064922400,0,1,0.0000000000,74.4526852559
2026-07-28,RUB_UZS,10,0.0100000000,True,0.0064787600,0.0065926814,0.0065307700,1,1,0.0000000000,129.2970538543
2026-07-29,RUB_UZS,10,0.0100000000,True,0.0064787600,0.0066097476,0.0065937100,1,1,0.0000000000,119.4865879902
2026-07-30,RUB_UZS,10,0.0100000000,True,0.0064787600,0.0066268138,0.0066440200,0,1,0.0000000000,49.9543377486
2026-07-31,RUB_UZS,10,0.0100000000,True,0.0064787600,0.0066438800,0.0066440200,0,1,10.8401002521,-11.0628126938
2026-08-01,RUB_UZS,10,0.0100000000,True,0.0064787600,0.0066616633,0.0066440200,0,1,0.0000000000,26.4848769001
2026-08-04,RUB_UZS,10,0.0100000000,True,0.0064922400,0.0067260014,0.0067934700,0,1,0.0000000000,70.9804020686
2026-08-05,RUB_UZS,10,0.0100000000,True,0.0064922400,0.0067540881,0.0068083800,0,1,0.0000000000,-58.3082485845
2026-08-06,RUB_UZS,10,0.0100000000,True,0.0064922400,0.0067821748,0.0068320000,0,1,0.0000000000,-38.6383999457
2026-08-07,RUB_UZS,10,0.0100000000,True,0.0065074400,0.0068102614,0.0068746500,0,1,0.0000000000,-31.9203185613
2026-08-08,RUB_UZS,10,0.0100000000,True,0.0065307700,0.0068408262,0.0068746500,0,1,0.0000000000,-49.4440416728
2026-08-11,RUB_UZS,10,0.0100000000,True,0.0066440200,0.0069206195,0.0069021300,0,1,28.0572993043,-1.3444984040
2026-08-12,RUB_UZS,10,0.0100000000,True,0.0066440200,0.0069375348,0.0069804900,0,1,0.0000000000,51.0336353184
2026-08-13,RUB_UZS,10,0.0100000000,True,0.0066440200,0.0069544500,0.0069992400,0,1,0.0000000000,-37.4436511874
2026-08-14,RUB_UZS,10,0.0100000000,True,0.0066782600,0.0069713652,0.0069992400,0,1,20.8586700352,-60.9704992539
2026-08-15,RUB_UZS,10,0.0100000000,True,0.0067934700,0.0069879433,0.0069992400,0,0,116.9433752326,-134.6843587264
2026-08-18,RUB_UZS,10,0.0100000000,True,0.0068746500,0.0070432933,0.0069992400,0,0,209.8946750031,-150.5072437704
2026-08-19,RUB_UZS,10,0.0100000000,True,0.0068746500,0.0070613357,0.0069992400,0,0,255.0393878386,-171.4750446850
2026-08-20,RUB_UZS,10,0.0100000000,True,0.0068746500,0.0070793781,0.0069992400,0,0,281.3979644261,-173.0687400978
2026-08-21,RUB_UZS,10,0.0100000000,True,0.0069021300,0.0070974205,0.0069992400,0,1,95.9523422079,42.7908650648
2026-08-22,RUB_UZS,10,0.0100000000,True,0.0069021300,0.0071158038,0.0069992400,0,1,0.0000000000,163.8097573289
2026-08-25,RUB_UZS,10,0.0100000000,False,,,,,,,
2026-08-26,RUB_UZS,10,0.0100000000,False,,,,,,,
2026-08-27,RUB_UZS,10,0.0100000000,False,,,,,,,
2026-08-28,RUB_UZS,10,0.0100000000,False,,,,,,,
2026-08-29,RUB_UZS,10,0.0100000000,False,,,,,,,
2026-09-01,RUB_UZS,10,0.0100000000,False,,,,,,,
2026-09-02,RUB_UZS,10,0.0100000000,False,,,,,,,
