run_id,hypothesis_id,model_id,feature_set_id,target_id,strategy,outer_fold,test_year,is_partial_fold,universe_id,corridor,frontier_point_id,requested_signals_per_week,frontier_status,threshold,policy_signals_per_week,policy_signals,maximum_achievable_signals_per_week,evaluation_days,evaluation_weeks,candidates,candidate_coverage,candidates_per_week,signals,signal_coverage,signal_active,signals_per_week,signals_per_month,suppressed_by_cooldown,signal_hits,false_pushes,signal_hit_rate,hit_rate_ci_low,hit_rate_ci_high,false_push_rate,matched_random_hit_rate,random_hit_rate,matched_random_mcse,delta_hit_rate,lift,mean_realized_regret_bps,future_regret_bps_mean,median_realized_regret_bps,p90_realized_regret_bps,p95_realized_regret_bps,max_realized_regret_bps,false_push_regret_bps_mean,false_push_regret_bps_p90,cooldown_violations,active_months,inactive_months,active_month_share,moment_advantage_bps_mean,inter_signal_gap_days_median,inter_signal_gap_days_p10,share_gaps_le_7_days,max_signals_in_28_calendar_days,max_signals_in_calendar_month,longest_no_signal_gap_days,artifact_schema_version,evaluation_protocol_version
20260905_h013_temporal_v3_catboost_control,H013_temporal_v3_model_control,catboost,full_market_with_fx,message_hit,pooled_with_corridor_thresholds,outer_2022,2022,False,10d14213e118585ccaa286e9,RUB_AMD,budget_00,0.1,active,0.9177453679684271,0.0958904109589041,5,0.9972602739726026,365,52.142857142857146,6,0.024291497975708502,0.11506849315068493,5,0.020242914979757085,True,0.0958904109589041,0.4169434931506849,1,3,2,0.6,0.23071993220883702,0.8823817688407467,0.4,0.3734,0.3734,0.004768394781726571,0.22659999999999997,1.6068559185859668,149.76953105324,149.76953105324,31.8113906224,396.47900360604,475.70644723721995,554.9338908684,356.86528179045,515.32016905281,0,3,9,0.25,115.04946653576,18.0,8.7,0.25,3,2,127.0,3,temporal_v3
20260905_h013_temporal_v3_catboost_control,H013_temporal_v3_model_control,catboost,full_market_with_fx,message_hit,pooled_with_corridor_thresholds,outer_2022,2022,False,10d14213e118585ccaa286e9,RUB_AMD,budget_01,0.2,active,0.9026049346085314,0.1917808219178082,10,0.9972602739726026,365,52.142857142857146,10,0.04048582995951417,0.1917808219178082,6,0.024291497975708502,True,0.11506849315068493,0.5003321917808219,4,1,5,0.16666666666666666,0.030052585871730285,0.563509436563646,0.8333333333333334,0.3624166666666666,0.3624166666666666,0.004323261711218698,-0.19574999999999995,0.4598758335249483,204.41288618734998,204.41288618734998,173.85799219755,402.69344444585,478.813667657125,554.9338908684,245.29546342481999,433.14153373036004,0,3,9,0.25,102.16424077403333,14.0,7.0,0.4,3,3,127.0,3,temporal_v3
20260905_h013_temporal_v3_catboost_control,H013_temporal_v3_model_control,catboost,full_market_with_fx,message_hit,pooled_with_corridor_thresholds,outer_2022,2022,False,10d14213e118585ccaa286e9,RUB_AMD,budget_02,0.3,active,0.8916740065688312,0.2876712328767123,15,0.9972602739726026,365,52.142857142857146,12,0.048582995951417005,0.23013698630136986,8,0.032388663967611336,True,0.15342465753424656,0.6671095890410959,4,3,5,0.375,0.13684175946152105,0.6942621454161982,0.625,0.42275,0.42275,0.0035475359414145215,-0.047750000000000015,0.8870490833826138,153.3096646405125,153.3096646405125,116.0855582749,341.79726587682995,448.36557837261483,554.9338908684,245.29546342481999,433.14153373036004,0,4,8,0.3333333333333333,109.8035172018875,7.0,6.6,0.5714285714285714,3,3,127.0,3,temporal_v3
20260905_h013_temporal_v3_catboost_control,H013_temporal_v3_model_control,catboost,full_market_with_fx,message_hit,pooled_with_corridor_thresholds,outer_2022,2022,False,10d14213e118585ccaa286e9,RUB_AMD,budget_03,0.4,active,0.8741071877130896,0.3835616438356164,20,0.9972602739726026,365,52.142857142857146,17,0.06882591093117409,0.32602739726027397,10,0.04048582995951417,True,0.1917808219178082,0.8338869863013698,7,5,5,0.5,0.2365895936154873,0.7634104063845127,0.5,0.4658,0.4658,0.0033370268015011457,0.03420000000000001,1.07342206955775,122.64773171240999,122.64773171240999,36.68722191865,280.9010873078099,417.9174890881047,554.9338908684,245.29546342481999,433.14153373036004,0,5,7,0.4166666666666667,123.21051543825001,14.0,7.0,0.4444444444444444,3,3,92.0,3,temporal_v3
20260905_h013_temporal_v3_catboost_control,H013_temporal_v3_model_control,catboost,full_market_with_fx,message_hit,pooled_with_corridor_thresholds,outer_2022,2022,False,10d14213e118585ccaa286e9,RUB_AMD,budget_04,0.5,active,0.84546930240986,0.4986301369863013,26,0.9972602739726026,365,52.142857142857146,25,0.10121457489878542,0.4794520547945205,15,0.06072874493927125,True,0.2876712328767123,1.2508304794520548,10,7,8,0.4666666666666667,0.24809225259746442,0.6988336984894922,0.5333333333333333,0.4979333333333333,0.4979333333333333,0.0026104798563325354,-0.03126666666666661,0.9372071227741332,120.81114501274668,120.81114501274668,73.3744438373,317.16980182815996,419.63353698249983,554.9338908684,226.5208968989,419.6335369825,0,7,5,0.5833333333333334,56.76053530420001,7.0,7.0,0.5714285714285714,4,4,90.0,3,temporal_v3
20260905_h013_temporal_v3_catboost_control,H013_temporal_v3_model_control,catboost,full_market_with_fx,message_hit,pooled_with_corridor_thresholds,outer_2022,2022,False,10d14213e118585ccaa286e9,RUB_AMD,budget_05,0.6,active,0.8306621020315829,0.5945205479452055,31,0.9972602739726026,365,52.142857142857146,26,0.10526315789473684,0.4986301369863013,16,0.06477732793522267,True,0.3068493150684931,1.3342191780821917,10,8,8,0.5,0.2799923761135083,0.7200076238864918,0.5,0.5133125,0.5133125,0.0025176151393471427,-0.01331249999999995,0.9740655059052722,113.26044844945001,113.26044844945001,36.68722191865,306.05033452735,409.96922599065,554.9338908684,226.5208968989,419.6335369825,0,7,5,0.5833333333333334,55.121690657475,7.0,7.0,0.6,4,4,90.0,3,temporal_v3
20260905_h013_temporal_v3_catboost_control,H013_temporal_v3_model_control,catboost,full_market_with_fx,message_hit,pooled_with_corridor_thresholds,outer_2022,2022,False,10d14213e118585ccaa286e9,RUB_AMD,budget_06,0.7,active,0.80978229503597,0.6904109589041095,36,0.9972602739726026,365,52.142857142857146,34,0.13765182186234817,0.6520547945205479,19,0.07692307692307693,True,0.3643835616438356,1.5843852739726028,15,10,9,0.5263157894736842,0.31707482511825114,0.7267049451255145,0.47368421052631576,0.5178684210526315,0.5178684210526315,0.0023207733726400685,0.008447368421052648,1.0163118044616088,111.67857393432105,111.67857393432105,47.6713407009,281.9730452942799,380.9762930150996,554.9338908684,230.4690626723556,400.30491499880003,0,9,3,0.75,62.5096183334579,7.0,6.7,0.5555555555555556,4,3,50.0,3,temporal_v3
20260905_h013_temporal_v3_catboost_control,H013_temporal_v3_model_control,catboost,full_market_with_fx,message_hit,pooled_with_corridor_thresholds,outer_2022,2022,False,10d14213e118585ccaa286e9,RUB_AMD,budget_07,0.8,active,0.7733966100109939,0.7863013698630137,41,0.9972602739726026,365,52.142857142857146,41,0.1659919028340081,0.7863013698630137,24,0.09716599190283401,True,0.4602739726027397,2.0013287671232876,17,15,9,0.625,0.42709619037907065,0.7884086656636855,0.375,0.5208333333333333,0.5208333333333333,0.002043240189207072,0.10416666666666674,1.2000000000000002,89.80381681042083,89.80381681042083,0.0,258.57397160899,346.7086787056898,554.9338908684,230.4690626723556,400.30491499880003,0,10,2,0.8333333333333334,53.834784746812495,7.0,6.2,0.6956521739130435,4,4,49.0,3,temporal_v3
20260905_h013_temporal_v3_catboost_control,H013_temporal_v3_model_control,catboost,full_market_with_fx,message_hit,pooled_with_corridor_thresholds,outer_2022,2022,False,10d14213e118585ccaa286e9,RUB_AMD,budget_08,0.9,active,0.7036143510467775,0.8821917808219177,46,0.9972602739726026,365,52.142857142857146,68,0.27530364372469635,1.3041095890410959,34,0.13765182186234817,True,0.6520547945205479,2.8352157534246576,34,18,16,0.5294117647058824,0.3673644042005484,0.6854874836688863,0.47058823529411764,0.5498529411764707,0.5498529411764707,0.0016546751515876409,-0.020441176470588296,0.9628242845680662,98.79515988219704,98.79515988219704,16.699349349,260.87859604966,383.65448487383986,554.9338908684,207.8522960810438,393.0859765206,0,11,1,0.9166666666666666,51.012181870123534,7.0,6.0,0.6060606060606061,5,5,43.0,3,temporal_v3
20260905_h013_temporal_v3_catboost_control,H013_temporal_v3_model_control,catboost,full_market_with_fx,message_hit,pooled_with_corridor_thresholds,outer_2022,2022,False,10d14213e118585ccaa286e9,RUB_AMD,budget_09,1.0,active,0.5574213205635019,0.9972602739726026,52,0.9972602739726026,365,52.142857142857146,117,0.47368421052631576,2.243835616438356,40,0.16194331983805668,True,0.7671232876712328,3.3355479452054793,77,18,22,0.45,0.30705075280944705,0.6017117011155924,0.55,0.5446875,0.5446875,0.0014375163124115235,-0.09468749999999998,0.8261617900172117,137.22916687826498,137.22916687826498,56.37653944665,367.9353321292401,702.8069135223797,867.5086187884,240.5579610894364,669.6178057380206,0,12,0,1.0,17.926370931142504,7.0,5.0,0.5641025641025641,5,5,29.0,3,temporal_v3
20260905_h013_temporal_v3_catboost_control,H013_temporal_v3_model_control,catboost,full_market_with_fx,message_hit,pooled_with_corridor_thresholds,outer_2022,2022,False,10d14213e118585ccaa286e9,RUB_AMD,budget_10,1.1,active,0.5574213205635019,0.9972602739726026,52,0.9972602739726026,365,52.142857142857146,117,0.47368421052631576,2.243835616438356,40,0.16194331983805668,True,0.7671232876712328,3.3355479452054793,77,18,22,0.45,0.30705075280944705,0.6017117011155924,0.55,0.543375,0.543375,0.0014699311331719366,-0.09337500000000004,0.8281573498964803,137.22916687826498,137.22916687826498,56.37653944665,367.9353321292401,702.8069135223797,867.5086187884,240.5579610894364,669.6178057380206,0,12,0,1.0,17.926370931142504,7.0,5.0,0.5641025641025641,5,5,29.0,3,temporal_v3
20260905_h013_temporal_v3_catboost_control,H013_temporal_v3_model_control,catboost,full_market_with_fx,message_hit,pooled_with_corridor_thresholds,outer_2022,2022,False,10d14213e118585ccaa286e9,RUB_AMD,budget_11,1.2,active,0.5574213205635019,0.9972602739726026,52,0.9972602739726026,365,52.142857142857146,117,0.47368421052631576,2.243835616438356,40,0.16194331983805668,True,0.7671232876712328,3.3355479452054793,77,18,22,0.45,0.30705075280944705,0.6017117011155924,0.55,0.5452125000000001,0.5452125000000001,0.0014153216028503018,-0.09521250000000009,0.8253662562762224,137.22916687826498,137.22916687826498,56.37653944665,367.9353321292401,702.8069135223797,867.5086187884,240.5579610894364,669.6178057380206,0,12,0,1.0,17.926370931142504,7.0,5.0,0.5641025641025641,5,5,29.0,3,temporal_v3
20260905_h013_temporal_v3_catboost_control,H013_temporal_v3_model_control,catboost,full_market_with_fx,message_hit,pooled_with_corridor_thresholds,outer_2022,2022,False,10d14213e118585ccaa286e9,RUB_AMD,budget_12,1.3,active,0.5574213205635019,0.9972602739726026,52,0.9972602739726026,365,52.142857142857146,117,0.47368421052631576,2.243835616438356,40,0.16194331983805668,True,0.7671232876712328,3.3355479452054793,77,18,22,0.45,0.30705075280944705,0.6017117011155924,0.55,0.5418375,0.5418375,0.0014533665002218069,-0.09183749999999996,0.8305073015433595,137.22916687826498,137.22916687826498,56.37653944665,367.9353321292401,702.8069135223797,867.5086187884,240.5579610894364,669.6178057380206,0,12,0,1.0,17.926370931142504,7.0,5.0,0.5641025641025641,5,5,29.0,3,temporal_v3
20260905_h013_temporal_v3_catboost_control,H013_temporal_v3_model_control,catboost,full_market_with_fx,message_hit,pooled_with_corridor_thresholds,outer_2022,2022,False,10d14213e118585ccaa286e9,RUB_AMD,budget_13,1.4,active,0.5574213205635019,0.9972602739726026,52,0.9972602739726026,365,52.142857142857146,117,0.47368421052631576,2.243835616438356,40,0.16194331983805668,True,0.7671232876712328,3.3355479452054793,77,18,22,0.45,0.30705075280944705,0.6017117011155924,0.55,0.545775,0.545775,0.0014607203837558231,-0.095775,0.8245155970867115,137.22916687826498,137.22916687826498,56.37653944665,367.9353321292401,702.8069135223797,867.5086187884,240.5579610894364,669.6178057380206,0,12,0,1.0,17.926370931142504,7.0,5.0,0.5641025641025641,5,5,29.0,3,temporal_v3
20260905_h013_temporal_v3_catboost_control,H013_temporal_v3_model_control,catboost,full_market_with_fx,message_hit,pooled_with_corridor_thresholds,outer_2022,2022,False,10d14213e118585ccaa286e9,RUB_KGS,budget_00,0.1,active,0.9314633324474262,0.0958904109589041,5,1.0164383561643835,365,52.142857142857146,2,0.008097165991902834,0.03835616438356164,2,0.008097165991902834,True,0.03835616438356164,0.16677739726027396,0,1,1,0.5,0.09452865480086611,0.905471345199134,0.5,0.44325,0.44325,0.008030221726732721,0.05675000000000002,1.1280315848843767,185.77537525365,185.77537525365,185.77537525365,329.33051486097,347.274907311885,365.2192997628,365.2192997628,365.2192997628,0,2,10,0.16666666666666666,287.59703771775,169.0,169.0,0.0,1,1,169.0,3,temporal_v3
20260905_h013_temporal_v3_catboost_control,H013_temporal_v3_model_control,catboost,full_market_with_fx,message_hit,pooled_with_corridor_thresholds,outer_2022,2022,False,10d14213e118585ccaa286e9,RUB_KGS,budget_01,0.2,active,0.9226847760901219,0.1917808219178082,10,1.0164383561643835,365,52.142857142857146,5,0.020242914979757085,0.0958904109589041,3,0.012145748987854251,True,0.057534246575342465,0.25016609589041094,2,1,2,0.3333333333333333,0.061490315276160515,0.7923450448735121,0.6666666666666666,0.42516666666666664,0.42516666666666664,0.006394301863842585,-0.09183333333333332,0.7840062720501764,239.88096997340003,239.88096997340003,348.0921594129,361.79387169282,363.50658572781,365.2192997628,356.65572958785003,363.50658572781003,0,3,9,0.25,195.22763165093332,84.5,44.9,0.0,1,1,134.0,3,temporal_v3
20260905_h013_temporal_v3_catboost_control,H013_temporal_v3_model_control,catboost,full_market_with_fx,message_hit,pooled_with_corridor_thresholds,outer_2022,2022,False,10d14213e118585ccaa286e9,RUB_KGS,budget_02,0.3,active,0.9036749074341514,0.2876712328767123,15,1.0164383561643835,365,52.142857142857146,7,0.02834008097165992,0.13424657534246576,5,0.020242914979757085,True,0.0958904109589041,0.4169434931506849,2,2,3,0.4,0.11761823115925325,0.769280067791163,0.6,0.39490000000000003,0.39490000000000003,0.004646266123937288,0.005099999999999993,1.0129146619397316,157.74696010142003,157.74696010142003,69.0918905869,358.36844362284,361.79387169282,365.2192997628,260.8011165875334,361.79387169282,0,3,9,0.25,231.9728805315,18.0,7.3,0.25,3,3,126.0,3,temporal_v3
20260905_h013_temporal_v3_catboost_control,H013_temporal_v3_model_control,catboost,full_market_with_fx,message_hit,pooled_with_corridor_thresholds,outer_2022,2022,False,10d14213e118585ccaa286e9,RUB_KGS,budget_03,0.4,active,0.8856427683406104,0.3835616438356164,20,1.0164383561643835,365,52.142857142857146,13,0.05263157894736842,0.24931506849315066,10,0.04048582995951417,True,0.1917808219178082,0.8338869863013698,3,6,4,0.6,0.3126695474501863,0.8318224187964901,0.4,0.45065,0.45065,0.0033616125549332334,0.14934999999999998,1.3314101852879174,158.75127176299,158.75127176299,17.1523552445,383.39759108502994,465.1999020350648,547.0022129851,386.78217927664997,492.46733901841003,0,5,7,0.4166666666666667,133.02146165551,7.0,6.8,0.5555555555555556,4,3,97.0,3,temporal_v3
20260905_h013_temporal_v3_catboost_control,H013_temporal_v3_model_control,catboost,full_market_with_fx,message_hit,pooled_with_corridor_thresholds,outer_2022,2022,False,10d14213e118585ccaa286e9,RUB_KGS,budget_04,0.5,active,0.8522404190555046,0.4986301369863013,26,1.0164383561643835,365,52.142857142857146,17,0.06882591093117409,0.32602739726027397,12,0.048582995951417005,True,0.23013698630136986,1.0006643835616438,5,6,6,0.5,0.2537781703934222,0.7462218296065778,0.5,0.46591666666666665,0.46591666666666665,0.002857066317352233,0.034083333333333354,1.0731532820604543,149.90866460122498,149.90866460122498,65.83379138485,363.50658572781003,447.02161071283484,547.0022129851,293.08666244856664,456.11075637395,0,5,7,0.4166666666666667,155.14308170083333,7.0,7.0,0.7272727272727273,5,4,92.0,3,temporal_v3
20260905_h013_temporal_v3_catboost_control,H013_temporal_v3_model_control,catboost,full_market_with_fx,message_hit,pooled_with_corridor_thresholds,outer_2022,2022,False,10d14213e118585ccaa286e9,RUB_KGS,budget_05,0.6,active,0.8331050914789607,0.5945205479452055,31,1.0164383561643835,365,52.142857142857146,25,0.10121457489878542,0.4794520547945205,15,0.06072874493927125,True,0.2876712328767123,1.2508304794520548,10,7,8,0.4666666666666667,0.24809225259746442,0.6988336984894922,0.5333333333333333,0.5145666666666666,0.5145666666666666,0.0025353956965119204,-0.04789999999999994,0.9069119647599924,150.01354598738666,150.01354598738666,103.6943230252,366.62191912998003,421.39056299119983,547.0022129851,276.2273986609375,421.3905629912,0,7,5,0.5833333333333334,100.33713656316,7.0,7.0,0.5714285714285714,4,4,77.0,3,temporal_v3
20260905_h013_temporal_v3_catboost_control,H013_temporal_v3_model_control,catboost,full_market_with_fx,message_hit,pooled_with_corridor_thresholds,outer_2022,2022,False,10d14213e118585ccaa286e9,RUB_KGS,budget_06,0.7,active,0.8068494324021932,0.6904109589041095,36,1.0164383561643835,365,52.142857142857146,30,0.1214574898785425,0.5753424657534246,19,0.07692307692307693,True,0.3643835616438356,1.5843852739726028,11,11,8,0.5789473684210527,0.3627555146516011,0.7685837960796963,0.42105263157894735,0.5381315789473684,0.5381315789473684,0.0022640604764175617,0.04081578947368425,1.0758472296933836,118.92233101661053,118.92233101661053,9.3210995048,365.68683955186003,385.50152013579964,547.0022129851,276.2273986609375,421.3905629912,0,10,2,0.8333333333333334,85.53137659418948,7.0,7.0,0.5555555555555556,4,4,56.0,3,temporal_v3
20260905_h013_temporal_v3_catboost_control,H013_temporal_v3_model_control,catboost,full_market_with_fx,message_hit,pooled_with_corridor_thresholds,outer_2022,2022,False,10d14213e118585ccaa286e9,RUB_KGS,budget_07,0.8,active,0.7740296127883937,0.7863013698630137,41,1.0164383561643835,365,52.142857142857146,43,0.17408906882591094,0.8246575342465753,27,0.10931174089068826,True,0.5178082191780822,2.2514948630136984,16,17,10,0.6296296296296297,0.442289046234463,0.7846771293206315,0.37037037037037035,0.5412407407407408,0.5412407407407408,0.0017867146077358684,0.08838888888888885,1.16330790022924,97.64465945099629,97.64465945099629,1.7480292718,354.94301555286006,366.85568902451,547.0022129851,259.42737753818,385.5015201358,0,11,1,0.9166666666666666,51.90440154443334,7.0,6.5,0.6153846153846154,4,4,43.0,3,temporal_v3
20260905_h013_temporal_v3_catboost_control,H013_temporal_v3_model_control,catboost,full_market_with_fx,message_hit,pooled_with_corridor_thresholds,outer_2022,2022,False,10d14213e118585ccaa286e9,RUB_KGS,budget_08,0.9,active,0.7124676484437555,0.8821917808219177,46,1.0164383561643835,365,52.142857142857146,67,0.27125506072874495,1.284931506849315,35,0.1417004048582996,True,0.6712328767123287,2.9186044520547942,32,19,16,0.5428571428571428,0.3818945134013752,0.6953422636623915,0.45714285714285713,0.5446857142857143,0.5446857142857143,0.0015758309726237145,-0.0018285714285715127,0.9966428871170792,102.18333290040856,102.18333290040856,1.7480292718,342.11914004562004,365.92060944639,547.0022129851,221.668460156125,366.38814923545,0,11,1,0.9166666666666666,57.99696967897713,7.0,6.0,0.6176470588235294,5,5,43.0,3,temporal_v3
20260905_h013_temporal_v3_catboost_control,H013_temporal_v3_model_control,catboost,full_market_with_fx,message_hit,pooled_with_corridor_thresholds,outer_2022,2022,False,10d14213e118585ccaa286e9,RUB_KGS,budget_09,1.0,active,0.6011966117731764,0.9972602739726026,52,1.0164383561643835,365,52.142857142857146,104,0.42105263157894735,1.9945205479452053,39,0.15789473684210525,True,0.747945205479452,3.2521592465753426,65,20,19,0.5128205128205128,0.3619910864569657,0.6613507121686691,0.48717948717948717,0.5428076923076923,0.5428076923076923,0.001408715725320046,-0.02998717948717955,0.9447554264389805,101.85086491248461,101.85086491248461,44.8627739197,336.1461206783401,365.45306965733,547.0022129851,203.31557884149473,365.68683955186003,0,12,0,1.0,68.74429775071538,7.0,5.0,0.5789473684210527,5,5,29.0,3,temporal_v3
20260905_h013_temporal_v3_catboost_control,H013_temporal_v3_model_control,catboost,full_market_with_fx,message_hit,pooled_with_corridor_thresholds,outer_2022,2022,False,10d14213e118585ccaa286e9,RUB_KGS,budget_10,1.1,active,0.5616336940471713,1.0164383561643835,53,1.0164383561643835,365,52.142857142857146,116,0.46963562753036436,2.224657534246575,41,0.1659919028340081,True,0.7863013698630137,3.4189366438356164,75,21,20,0.5121951219512195,0.3648425931586519,0.6574581276006431,0.4878048780487805,0.5436951219512196,0.5436951219512196,0.001395454628442014,-0.031500000000000083,0.9420631182289212,121.91744714367317,121.91744714367317,44.8627739197,348.0921594129,455.44118746,688.6526640962,244.558781428195,455.68242718031996,0,12,0,1.0,39.72953477676097,7.0,5.0,0.575,5,5,29.0,3,temporal_v3
20260905_h013_temporal_v3_catboost_control,H013_temporal_v3_model_control,catboost,full_market_with_fx,message_hit,pooled_with_corridor_thresholds,outer_2022,2022,False,10d14213e118585ccaa286e9,RUB_KGS,budget_11,1.2,active,0.5616336940471713,1.0164383561643835,53,1.0164383561643835,365,52.142857142857146,116,0.46963562753036436,2.224657534246575,41,0.1659919028340081,True,0.7863013698630137,3.4189366438356164,75,21,20,0.5121951219512195,0.3648425931586519,0.6574581276006431,0.4878048780487805,0.5447560975609756,0.5447560975609756,0.001368129795609848,-0.032560975609756126,0.9402283411685695,121.91744714367317,121.91744714367317,44.8627739197,348.0921594129,455.44118746,688.6526640962,244.558781428195,455.68242718031996,0,12,0,1.0,39.72953477676097,7.0,5.0,0.575,5,5,29.0,3,temporal_v3
20260905_h013_temporal_v3_catboost_control,H013_temporal_v3_model_control,catboost,full_market_with_fx,message_hit,pooled_with_corridor_thresholds,outer_2022,2022,False,10d14213e118585ccaa286e9,RUB_KGS,budget_12,1.3,active,0.5616336940471713,1.0164383561643835,53,1.0164383561643835,365,52.142857142857146,116,0.46963562753036436,2.224657534246575,41,0.1659919028340081,True,0.7863013698630137,3.4189366438356164,75,21,20,0.5121951219512195,0.3648425931586519,0.6574581276006431,0.4878048780487805,0.544939024390244,0.544939024390244,0.0013604318459194485,-0.032743902439024475,0.9399127223900636,121.91744714367317,121.91744714367317,44.8627739197,348.0921594129,455.44118746,688.6526640962,244.558781428195,455.68242718031996,0,12,0,1.0,39.72953477676097,7.0,5.0,0.575,5,5,29.0,3,temporal_v3
20260905_h013_temporal_v3_catboost_control,H013_temporal_v3_model_control,catboost,full_market_with_fx,message_hit,pooled_with_corridor_thresholds,outer_2022,2022,False,10d14213e118585ccaa286e9,RUB_KGS,budget_13,1.4,active,0.5616336940471713,1.0164383561643835,53,1.0164383561643835,365,52.142857142857146,116,0.46963562753036436,2.224657534246575,41,0.1659919028340081,True,0.7863013698630137,3.4189366438356164,75,21,20,0.5121951219512195,0.3648425931586519,0.6574581276006431,0.4878048780487805,0.5445121951219513,0.5445121951219513,0.0013513432982791749,-0.032317073170731736,0.9406494960806271,121.91744714367317,121.91744714367317,44.8627739197,348.0921594129,455.44118746,688.6526640962,244.558781428195,455.68242718031996,0,12,0,1.0,39.72953477676097,7.0,5.0,0.575,5,5,29.0,3,temporal_v3
20260905_h013_temporal_v3_catboost_control,H013_temporal_v3_model_control,catboost,full_market_with_fx,message_hit,pooled_with_corridor_thresholds,outer_2022,2022,False,10d14213e118585ccaa286e9,RUB_KZT,budget_00,0.1,active,0.9379258325022102,0.0958904109589041,5,1.0164383561643835,365,52.142857142857146,2,0.008097165991902834,0.03835616438356164,2,0.008097165991902834,True,0.03835616438356164,0.16677739726027396,0,1,1,0.5,0.09452865480086611,0.905471345199134,0.5,0.3475,0.3475,0.0074346830635964615,0.15250000000000002,1.4388489208633095,56.28125473555,56.28125473555,56.28125473555,101.30625852399001,106.934383997545,112.5625094711,112.5625094711,112.5625094711,0,2,10,0.16666666666666666,225.8580395116,169.0,169.0,0.0,1,1,169.0,3,temporal_v3
20260905_h013_temporal_v3_catboost_control,H013_temporal_v3_model_control,catboost,full_market_with_fx,message_hit,pooled_with_corridor_thresholds,outer_2022,2022,False,10d14213e118585ccaa286e9,RUB_KZT,budget_01,0.2,active,0.9174088146085738,0.1917808219178082,10,1.0164383561643835,365,52.142857142857146,7,0.02834008097165992,0.13424657534246576,5,0.020242914979757085,True,0.0958904109589041,0.4169434931506849,2,2,3,0.4,0.11761823115925325,0.769280067791163,0.6,0.3637,0.3637,0.004649942578461748,0.0363,1.0998075336816058,159.4792274194,159.4792274194,112.5625094711,373.6527222033,454.6098323020999,535.5669424009,259.6369479263,454.6098323021,0,3,9,0.25,141.95546432544,17.5,9.4,0.25,3,2,127.0,3,temporal_v3
20260905_h013_temporal_v3_catboost_control,H013_temporal_v3_model_control,catboost,full_market_with_fx,message_hit,pooled_with_corridor_thresholds,outer_2022,2022,False,10d14213e118585ccaa286e9,RUB_KZT,budget_02,0.3,active,0.9055997669690649,0.2876712328767123,15,1.0164383561643835,365,52.142857142857146,10,0.04048582995951417,0.1917808219178082,7,0.02834008097165992,True,0.13424657534246576,0.5837208904109589,3,3,4,0.42857142857142855,0.15821692226262685,0.7495457695909742,0.5714285714285714,0.3299285714285714,0.3299285714285714,0.0037585303670661005,0.09864285714285714,1.2989824637367395,147.70096791355715,147.70096791355715,112.5625094711,356.1331599391001,445.85005116999974,535.5669424009,253.8553705192,445.85005117000003,0,4,8,0.3333333333333333,161.57878360380002,14.0,7.0,0.3333333333333333,4,3,99.0,3,temporal_v3
20260905_h013_temporal_v3_catboost_control,H013_temporal_v3_model_control,catboost,full_market_with_fx,message_hit,pooled_with_corridor_thresholds,outer_2022,2022,False,10d14213e118585ccaa286e9,RUB_KZT,budget_03,0.4,active,0.8864044549160208,0.3835616438356164,20,1.0164383561643835,365,52.142857142857146,14,0.05668016194331984,0.2684931506849315,10,0.04048582995951417,True,0.1917808219178082,0.8338869863013698,4,5,5,0.5,0.2365895936154873,0.7634104063845127,0.5,0.35660000000000003,0.35660000000000003,0.00307619106619499,0.14339999999999997,1.4021312394840155,121.48235128040999,121.48235128040999,56.28125473555,266.4162687081999,400.99160555454966,535.5669424009,242.96470256081997,415.9444207597,0,5,7,0.4166666666666667,158.49620309897,13.0,6.8,0.4444444444444444,3,3,92.0,3,temporal_v3
20260905_h013_temporal_v3_catboost_control,H013_temporal_v3_model_control,catboost,full_market_with_fx,message_hit,pooled_with_corridor_thresholds,outer_2022,2022,False,10d14213e118585ccaa286e9,RUB_KZT,budget_04,0.5,active,0.875225350983105,0.4986301369863013,26,1.0164383561643835,365,52.142857142857146,18,0.0728744939271255,0.34520547945205476,13,0.05263157894736842,True,0.24931506849315066,1.0840530821917809,5,5,8,0.38461538461538464,0.17709446581236818,0.6447751902773147,0.6153846153846154,0.354,0.354,0.0026175069877994407,0.030615384615384655,1.086484137331595,122.07242531669999,122.07242531669999,112.3266338244,229.08891678378,356.1331599390995,535.5669424009,198.3676911396375,326.22752952879995,0,6,6,0.5,129.35984948399232,7.0,7.0,0.75,4,4,92.0,3,temporal_v3
20260905_h013_temporal_v3_catboost_control,H013_temporal_v3_model_control,catboost,full_market_with_fx,message_hit,pooled_with_corridor_thresholds,outer_2022,2022,False,10d14213e118585ccaa286e9,RUB_KZT,budget_05,0.6,active,0.8603143598330621,0.5945205479452055,31,1.0164383561643835,365,52.142857142857146,20,0.08097165991902834,0.3835616438356164,13,0.05263157894736842,True,0.24931506849315066,1.0840530821917809,7,4,9,0.3076923076923077,0.1268049716161809,0.5763111218666236,0.6923076923076923,0.3582307692307693,0.3582307692307693,0.0025734593455709353,-0.05053846153846159,0.8589220528237062,131.98553145945385,131.98553145945385,112.5625094711,229.08891678378,356.1331599390995,535.5669424009,190.64576766365556,296.3218991185,0,6,6,0.5,126.29890967536925,7.0,7.0,0.75,4,4,92.0,3,temporal_v3
20260905_h013_temporal_v3_catboost_control,H013_temporal_v3_model_control,catboost,full_market_with_fx,message_hit,pooled_with_corridor_thresholds,outer_2022,2022,False,10d14213e118585ccaa286e9,RUB_KZT,budget_06,0.7,active,0.8276492530148384,0.6904109589041095,36,1.0164383561643835,365,52.142857142857146,26,0.10526315789473684,0.4986301369863013,15,0.06072874493927125,True,0.2876712328767123,1.2508304794520548,11,4,11,0.26666666666666666,0.10897276103182815,0.5195088965768675,0.7333333333333333,0.3825666666666667,0.3825666666666667,0.002451063027768596,-0.11590000000000006,0.6970462664459353,144.38448392667334,144.38448392667334,128.8703798558,285.28084157703995,383.1261000211298,535.5669424009,196.8879326272818,317.7943104298,0,7,5,0.5833333333333334,93.37356867517335,7.0,7.0,0.6428571428571429,4,4,90.0,3,temporal_v3
20260905_h013_temporal_v3_catboost_control,H013_temporal_v3_model_control,catboost,full_market_with_fx,message_hit,pooled_with_corridor_thresholds,outer_2022,2022,False,10d14213e118585ccaa286e9,RUB_KZT,budget_07,0.8,active,0.803584528053008,0.7863013698630137,41,1.0164383561643835,365,52.142857142857146,33,0.13360323886639677,0.6328767123287671,20,0.08097165991902834,True,0.3835616438356164,1.6677739726027396,13,8,12,0.4,0.21880396741419272,0.613422057684794,0.6,0.44795,0.44795,0.002082382507719037,-0.04794999999999999,0.8929568032146445,121.28789143808501,121.28789143808501,112.44457164775,265.77094391842013,328.68294202835517,535.5669424009,202.14648573014168,312.01393637298,0,10,2,0.8333333333333334,86.16006674063001,8.0,7.0,0.47368421052631576,4,4,43.0,3,temporal_v3
20260905_h013_temporal_v3_catboost_control,H013_temporal_v3_model_control,catboost,full_market_with_fx,message_hit,pooled_with_corridor_thresholds,outer_2022,2022,False,10d14213e118585ccaa286e9,RUB_KZT,budget_08,0.9,active,0.7441225701244198,0.8821917808219177,46,1.0164383561643835,365,52.142857142857146,56,0.22672064777327935,1.073972602739726,31,0.12550607287449392,True,0.5945205479452055,2.5850496575342463,25,16,15,0.5161290322580645,0.3484011828697317,0.6803001396872116,0.4838709677419355,0.4318870967741934,0.4318870967741934,0.0016546530187939428,0.0842419354838711,1.1950554580423502,119.36059050026452,119.36059050026452,39.1001437621,317.7943104298,519.8361007854,704.9796632691,241.21380162235334,522.9822691085,0,11,1,0.9166666666666666,67.1658878144258,7.0,6.0,0.5666666666666667,5,5,43.0,3,temporal_v3
20260905_h013_temporal_v3_catboost_control,H013_temporal_v3_model_control,catboost,full_market_with_fx,message_hit,pooled_with_corridor_thresholds,outer_2022,2022,False,10d14213e118585ccaa286e9,RUB_KZT,budget_09,1.0,active,0.6534340792062272,0.9972602739726026,52,1.0164383561643835,365,52.142857142857146,86,0.3481781376518219,1.6493150684931506,38,0.15384615384615385,True,0.7287671232876712,3.1687705479452055,48,20,18,0.5263157894736842,0.37258710742710854,0.675212211910584,0.47368421052631576,0.4532368421052631,0.4532368421052631,0.0013963603439922346,0.07307894736842108,1.1612378795796319,130.39182478560792,130.39182478560792,40.08599825819999,395.05641419025045,508.82451165454995,704.9796632691,266.1196809487834,513.5437641392,0,11,1,0.9166666666666666,41.525665373,7.0,5.0,0.5945945945945946,5,5,35.0,3,temporal_v3
20260905_h013_temporal_v3_catboost_control,H013_temporal_v3_model_control,catboost,full_market_with_fx,message_hit,pooled_with_corridor_thresholds,outer_2022,2022,False,10d14213e118585ccaa286e9,RUB_KZT,budget_10,1.1,active,0.6023897893909046,1.0164383561643835,53,1.0164383561643835,365,52.142857142857146,100,0.4048582995951417,1.917808219178082,40,0.16194331983805668,True,0.7671232876712328,3.3355479452054793,60,20,20,0.5,0.3519927879709976,0.6480072120290024,0.5,0.4453125,0.4453125,0.0013838813119692775,0.0546875,1.1228070175438596,147.9259682420825,147.9259682420825,52.33223912395,477.01634727116004,675.3526610722948,706.3341299508,288.905454436765,676.91197697739,0,12,0,1.0,23.9163019403625,7.0,5.0,0.6153846153846154,5,5,29.0,3,temporal_v3
20260905_h013_temporal_v3_catboost_control,H013_temporal_v3_model_control,catboost,full_market_with_fx,message_hit,pooled_with_corridor_thresholds,outer_2022,2022,False,10d14213e118585ccaa286e9,RUB_KZT,budget_11,1.2,active,0.6023897893909046,1.0164383561643835,53,1.0164383561643835,365,52.142857142857146,100,0.4048582995951417,1.917808219178082,40,0.16194331983805668,True,0.7671232876712328,3.3355479452054793,60,20,20,0.5,0.3519927879709976,0.6480072120290024,0.5,0.4466375,0.4466375,0.0013485315404293539,0.05336249999999998,1.11947608519213,147.9259682420825,147.9259682420825,52.33223912395,477.01634727116004,675.3526610722948,706.3341299508,288.905454436765,676.91197697739,0,12,0,1.0,23.9163019403625,7.0,5.0,0.6153846153846154,5,5,29.0,3,temporal_v3
20260905_h013_temporal_v3_catboost_control,H013_temporal_v3_model_control,catboost,full_market_with_fx,message_hit,pooled_with_corridor_thresholds,outer_2022,2022,False,10d14213e118585ccaa286e9,RUB_KZT,budget_12,1.3,active,0.6023897893909046,1.0164383561643835,53,1.0164383561643835,365,52.142857142857146,100,0.4048582995951417,1.917808219178082,40,0.16194331983805668,True,0.7671232876712328,3.3355479452054793,60,20,20,0.5,0.3519927879709976,0.6480072120290024,0.5,0.444325,0.444325,0.0013232621429064707,0.055674999999999975,1.1253024250267258,147.9259682420825,147.9259682420825,52.33223912395,477.01634727116004,675.3526610722948,706.3341299508,288.905454436765,676.91197697739,0,12,0,1.0,23.9163019403625,7.0,5.0,0.6153846153846154,5,5,29.0,3,temporal_v3
20260905_h013_temporal_v3_catboost_control,H013_temporal_v3_model_control,catboost,full_market_with_fx,message_hit,pooled_with_corridor_thresholds,outer_2022,2022,False,10d14213e118585ccaa286e9,RUB_KZT,budget_13,1.4,active,0.6023897893909046,1.0164383561643835,53,1.0164383561643835,365,52.142857142857146,100,0.4048582995951417,1.917808219178082,40,0.16194331983805668,True,0.7671232876712328,3.3355479452054793,60,20,20,0.5,0.3519927879709976,0.6480072120290024,0.5,0.4453000000000001,0.4453000000000001,0.001315107316391637,0.054699999999999915,1.122838535818549,147.9259682420825,147.9259682420825,52.33223912395,477.01634727116004,675.3526610722948,706.3341299508,288.905454436765,676.91197697739,0,12,0,1.0,23.9163019403625,7.0,5.0,0.6153846153846154,5,5,29.0,3,temporal_v3
20260905_h013_temporal_v3_catboost_control,H013_temporal_v3_model_control,catboost,full_market_with_fx,message_hit,pooled_with_corridor_thresholds,outer_2022,2022,False,10d14213e118585ccaa286e9,RUB_TJS,budget_00,0.1,active,0.9273166489467981,0.0958904109589041,5,0.9972602739726026,365,52.142857142857146,3,0.012195121951219513,0.057534246575342465,2,0.008130081300813009,True,0.03835616438356164,0.16677739726027396,1,1,1,0.5,0.09452865480086611,0.905471345199134,0.5,0.3855,0.3855,0.007589379048194165,0.11449999999999999,1.297016861219196,97.5271287376,97.5271287376,97.5271287376,166.86673766575998,175.53418878178,184.2016398978,184.2016398978,184.2016398978,0,2,10,0.16666666666666666,227.32044241275,169.0,169.0,0.0,1,1,169.0,3,temporal_v3
20260905_h013_temporal_v3_catboost_control,H013_temporal_v3_model_control,catboost,full_market_with_fx,message_hit,pooled_with_corridor_thresholds,outer_2022,2022,False,10d14213e118585ccaa286e9,RUB_TJS,budget_01,0.2,active,0.9203979755036346,0.1917808219178082,10,0.9972602739726026,365,52.142857142857146,6,0.024390243902439025,0.11506849315068493,4,0.016260162601626018,True,0.07671232876712328,0.3335547945205479,2,1,3,0.25,0.045586062644636216,0.6993639475573634,0.75,0.393125,0.393125,0.005232655399389911,-0.143125,0.6359300476947536,257.57278666305,257.57278666305,244.9848199261,462.35862244214,495.9137558323699,529.4688892226,339.81284302493333,484.72871136896,0,3,9,0.25,76.55820404885,35.0,12.600000000000001,0.3333333333333333,2,2,127.0,3,temporal_v3
20260905_h013_temporal_v3_catboost_control,H013_temporal_v3_model_control,catboost,full_market_with_fx,message_hit,pooled_with_corridor_thresholds,outer_2022,2022,False,10d14213e118585ccaa286e9,RUB_TJS,budget_02,0.3,active,0.9055779863355847,0.2876712328767123,15,0.9972602739726026,365,52.142857142857146,10,0.04065040650406504,0.1917808219178082,6,0.024390243902439025,True,0.11506849315068493,0.5003321917808219,4,2,4,0.3333333333333333,0.09676933255921684,0.7000116786584712,0.6666666666666666,0.3851666666666666,0.3851666666666666,0.004010157119678317,-0.05183333333333329,0.8654262224145393,204.91610989445,204.91610989445,191.70357630615,417.6184445885,473.54366690554997,529.4688892226,304.661010447325,462.35862244214,0,3,9,0.25,126.36180837623333,14.0,7.0,0.4,3,3,127.0,3,temporal_v3
20260905_h013_temporal_v3_catboost_control,H013_temporal_v3_model_control,catboost,full_market_with_fx,message_hit,pooled_with_corridor_thresholds,outer_2022,2022,False,10d14213e118585ccaa286e9,RUB_TJS,budget_03,0.4,active,0.8803077595261314,0.3835616438356164,20,0.9972602739726026,365,52.142857142857146,13,0.052845528455284556,0.24931506849315066,9,0.036585365853658534,True,0.17260273972602738,0.7504982876712328,4,5,4,0.5555555555555556,0.26664734574402965,0.8112245705280859,0.4444444444444444,0.44566666666666666,0.44566666666666666,0.0033340549123567487,0.10988888888888892,1.2465719272001996,136.61073992963333,136.61073992963333,10.8526175774,350.50817780804005,439.9885335153199,529.4688892226,304.661010447325,462.35862244214,0,5,7,0.4166666666666667,174.87261198800002,10.5,6.7,0.5,3,3,105.0,3,temporal_v3
20260905_h013_temporal_v3_catboost_control,H013_temporal_v3_model_control,catboost,full_market_with_fx,message_hit,pooled_with_corridor_thresholds,outer_2022,2022,False,10d14213e118585ccaa286e9,RUB_TJS,budget_04,0.5,active,0.8623017391504969,0.4986301369863013,26,0.9972602739726026,365,52.142857142857146,17,0.06910569105691057,0.32602739726027397,11,0.044715447154471545,True,0.21095890410958903,0.9172756849315068,6,6,5,0.5454545454545454,0.2800877556899882,0.7872904245601196,0.45454545454545453,0.496090909090909,0.496090909090909,0.002932569738623814,0.04936363636363639,1.0995052226498077,121.2922435766091,121.2922435766091,10.8526175774,305.7679999544,417.6184445885,529.4688892226,264.67241235306,439.98853351532,0,6,6,0.5,149.1283059688909,14.0,6.9,0.4,3,3,92.0,3,temporal_v3
20260905_h013_temporal_v3_catboost_control,H013_temporal_v3_model_control,catboost,full_market_with_fx,message_hit,pooled_with_corridor_thresholds,outer_2022,2022,False,10d14213e118585ccaa286e9,RUB_TJS,budget_05,0.6,active,0.8439593044884609,0.5945205479452055,31,0.9972602739726026,365,52.142857142857146,22,0.08943089430894309,0.42191780821917807,13,0.052845528455284556,True,0.24931506849315066,1.0840530821917809,9,6,7,0.46153846153846156,0.23205754301488138,0.7085656756816795,0.5384615384615384,0.4778846153846154,0.4778846153846154,0.0027668994293296653,-0.016346153846153844,0.96579476861167,144.38187685809228,144.38187685809228,104.718019976,354.63985305976,431.9022454906997,529.4688892226,266.5873973682571,431.9022454907,0,6,6,0.5,89.36893888929231,7.5,6.1,0.5,4,4,91.0,3,temporal_v3
20260905_h013_temporal_v3_catboost_control,H013_temporal_v3_model_control,catboost,full_market_with_fx,message_hit,pooled_with_corridor_thresholds,outer_2022,2022,False,10d14213e118585ccaa286e9,RUB_TJS,budget_06,0.7,active,0.8228435246428423,0.6904109589041095,36,0.9972602739726026,365,52.142857142857146,29,0.11788617886178862,0.5561643835616438,18,0.07317073170731707,True,0.34520547945205476,1.5009965753424657,11,10,8,0.5555555555555556,0.33716069428251627,0.7544076889861088,0.4444444444444444,0.525,0.525,0.0023436543033368306,0.030555555555555558,1.0582010582010581,111.70618512400554,111.70618512400554,5.4263087887,324.09494486891003,391.24947726907476,529.4688892226,249.98233933183752,415.64113820204994,0,9,3,0.75,87.92406480547223,7.0,7.0,0.5294117647058824,4,4,56.0,3,temporal_v3
20260905_h013_temporal_v3_catboost_control,H013_temporal_v3_model_control,catboost,full_market_with_fx,message_hit,pooled_with_corridor_thresholds,outer_2022,2022,False,10d14213e118585ccaa286e9,RUB_TJS,budget_07,0.8,active,0.7622630648544279,0.7863013698630137,41,0.9972602739726026,365,52.142857142857146,42,0.17073170731707318,0.8054794520547944,25,0.1016260162601626,True,0.4794520547945205,2.0847174657534246,17,15,10,0.6,0.4073912778512734,0.7659694233580908,0.4,0.55136,0.55136,0.0019501222239501226,0.04864000000000002,1.0882182240278584,121.695761333468,121.695761333468,0.0,342.42188978342006,496.9466746452995,976.0447557154,302.90051771363994,574.1264758718798,0,11,1,0.9166666666666666,57.105831058668,7.0,6.300000000000001,0.625,4,3,49.0,3,temporal_v3
20260905_h013_temporal_v3_catboost_control,H013_temporal_v3_model_control,catboost,full_market_with_fx,message_hit,pooled_with_corridor_thresholds,outer_2022,2022,False,10d14213e118585ccaa286e9,RUB_TJS,budget_08,0.9,active,0.7020790775476574,0.8821917808219177,46,0.9972602739726026,365,52.142857142857146,63,0.25609756097560976,1.2082191780821918,35,0.14227642276422764,True,0.6712328767123287,2.9186044520547942,28,20,15,0.5714285714285714,0.4085712925897337,0.7201566691832108,0.42857142857142855,0.5491857142857143,0.5491857142857143,0.0015152625387374488,0.02224285714285712,1.0405015217334754,119.93740084357144,119.93740084357144,2.5362386229,373.72687146378,483.5810026871298,976.0447557154,277.66535671420667,503.24723977375993,0,11,1,0.9166666666666666,40.01145136827999,7.0,6.0,0.5882352941176471,5,5,43.0,3,temporal_v3
20260905_h013_temporal_v3_catboost_control,H013_temporal_v3_model_control,catboost,full_market_with_fx,message_hit,pooled_with_corridor_thresholds,outer_2022,2022,False,10d14213e118585ccaa286e9,RUB_TJS,budget_09,1.0,active,0.5607221955183199,0.9972602739726026,52,0.9972602739726026,365,52.142857142857146,119,0.483739837398374,2.282191780821918,40,0.16260162601626016,True,0.7671232876712328,3.3355479452054793,79,20,20,0.5,0.3519927879709976,0.6480072120290024,0.5,0.560975,0.560975,0.001379121341774417,-0.060975,0.8913053166362137,150.758556700355,150.758556700355,52.13251081355,386.2608752465901,475.84261248946933,976.0447557154,294.185967114555,487.77045937844036,0,12,0,1.0,29.213432605825005,7.0,5.0,0.5384615384615384,5,5,29.0,3,temporal_v3
20260905_h013_temporal_v3_catboost_control,H013_temporal_v3_model_control,catboost,full_market_with_fx,message_hit,pooled_with_corridor_thresholds,outer_2022,2022,False,10d14213e118585ccaa286e9,RUB_TJS,budget_10,1.1,active,0.5607221955183199,0.9972602739726026,52,0.9972602739726026,365,52.142857142857146,119,0.483739837398374,2.282191780821918,40,0.16260162601626016,True,0.7671232876712328,3.3355479452054793,79,20,20,0.5,0.3519927879709976,0.6480072120290024,0.5,0.5620875000000001,0.5620875000000001,0.001413763341322597,-0.06208750000000007,0.8895412191162407,150.758556700355,150.758556700355,52.13251081355,386.2608752465901,475.84261248946933,976.0447557154,294.185967114555,487.77045937844036,0,12,0,1.0,29.213432605825005,7.0,5.0,0.5384615384615384,5,5,29.0,3,temporal_v3
20260905_h013_temporal_v3_catboost_control,H013_temporal_v3_model_control,catboost,full_market_with_fx,message_hit,pooled_with_corridor_thresholds,outer_2022,2022,False,10d14213e118585ccaa286e9,RUB_TJS,budget_11,1.2,active,0.5607221955183199,0.9972602739726026,52,0.9972602739726026,365,52.142857142857146,119,0.483739837398374,2.282191780821918,40,0.16260162601626016,True,0.7671232876712328,3.3355479452054793,79,20,20,0.5,0.3519927879709976,0.6480072120290024,0.5,0.561,0.561,0.0013806078512812788,-0.061000000000000054,0.89126559714795,150.758556700355,150.758556700355,52.13251081355,386.2608752465901,475.84261248946933,976.0447557154,294.185967114555,487.77045937844036,0,12,0,1.0,29.213432605825005,7.0,5.0,0.5384615384615384,5,5,29.0,3,temporal_v3
20260905_h013_temporal_v3_catboost_control,H013_temporal_v3_model_control,catboost,full_market_with_fx,message_hit,pooled_with_corridor_thresholds,outer_2022,2022,False,10d14213e118585ccaa286e9,RUB_TJS,budget_12,1.3,active,0.5607221955183199,0.9972602739726026,52,0.9972602739726026,365,52.142857142857146,119,0.483739837398374,2.282191780821918,40,0.16260162601626016,True,0.7671232876712328,3.3355479452054793,79,20,20,0.5,0.3519927879709976,0.6480072120290024,0.5,0.5590499999999999,0.5590499999999999,0.0013688446288052214,-0.059049999999999936,0.8943743851176104,150.758556700355,150.758556700355,52.13251081355,386.2608752465901,475.84261248946933,976.0447557154,294.185967114555,487.77045937844036,0,12,0,1.0,29.213432605825005,7.0,5.0,0.5384615384615384,5,5,29.0,3,temporal_v3
20260905_h013_temporal_v3_catboost_control,H013_temporal_v3_model_control,catboost,full_market_with_fx,message_hit,pooled_with_corridor_thresholds,outer_2022,2022,False,10d14213e118585ccaa286e9,RUB_TJS,budget_13,1.4,active,0.5607221955183199,0.9972602739726026,52,0.9972602739726026,365,52.142857142857146,119,0.483739837398374,2.282191780821918,40,0.16260162601626016,True,0.7671232876712328,3.3355479452054793,79,20,20,0.5,0.3519927879709976,0.6480072120290024,0.5,0.5615125000000001,0.5615125000000001,0.001414394809879514,-0.06151250000000008,0.8904521270675184,150.758556700355,150.758556700355,52.13251081355,386.2608752465901,475.84261248946933,976.0447557154,294.185967114555,487.77045937844036,0,12,0,1.0,29.213432605825005,7.0,5.0,0.5384615384615384,5,5,29.0,3,temporal_v3
20260905_h013_temporal_v3_catboost_control,H013_temporal_v3_model_control,catboost,full_market_with_fx,message_hit,pooled_with_corridor_thresholds,outer_2022,2022,False,10d14213e118585ccaa286e9,RUB_UZS,budget_00,0.1,active,0.9301063407458395,0.0958904109589041,5,1.0164383561643835,365,52.142857142857146,3,0.012145748987854251,0.057534246575342465,2,0.008097165991902834,True,0.03835616438356164,0.16677739726027396,1,1,1,0.5,0.09452865480086611,0.905471345199134,0.5,0.38275,0.38275,0.007531074112544925,0.11725000000000002,1.3063357282821686,106.33441822799999,106.33441822799999,106.33441822799999,163.06724241112,170.15884543400998,177.2504484569,177.2504484569,177.2504484569,0,2,10,0.16666666666666666,229.43716570995002,169.0,169.0,0.0,1,1,169.0,3,temporal_v3
20260905_h013_temporal_v3_catboost_control,H013_temporal_v3_model_control,catboost,full_market_with_fx,message_hit,pooled_with_corridor_thresholds,outer_2022,2022,False,10d14213e118585ccaa286e9,RUB_UZS,budget_01,0.2,active,0.9155116204371687,0.1917808219178082,10,1.0164383561643835,365,52.142857142857146,7,0.02834008097165992,0.13424657534246576,5,0.020242914979757085,True,0.0958904109589041,0.4169434931506849,2,2,3,0.4,0.11761823115925325,0.769280067791163,0.6,0.34020000000000006,0.34020000000000006,0.004563155837312352,0.059799999999999964,1.1757789535567311,205.9427859772,205.9427859772,177.2504484569,432.32133178594,479.9189019278199,527.5164720697,331.4318472956333,479.91890192781995,0,3,9,0.25,108.18863944822002,17.5,9.4,0.25,3,2,127.0,3,temporal_v3
20260905_h013_temporal_v3_catboost_control,H013_temporal_v3_model_control,catboost,full_market_with_fx,message_hit,pooled_with_corridor_thresholds,outer_2022,2022,False,10d14213e118585ccaa286e9,RUB_UZS,budget_02,0.3,active,0.899780483943489,0.2876712328767123,15,1.0164383561643835,365,52.142857142857146,10,0.04048582995951417,0.1917808219178082,6,0.024291497975708502,True,0.11506849315068493,0.5003321917808219,4,2,4,0.3333333333333333,0.09676933255921684,0.7000116786584712,0.6666666666666666,0.3346666666666666,0.3346666666666666,0.004049221912793805,-0.0013333333333332975,0.9960159362549802,207.75129694621668,207.75129694621668,197.0221501241,408.522546715,468.01950939234996,527.5164720697,302.77234841955,456.12011685688003,0,3,9,0.25,129.213335105,14.0,7.0,0.4,3,3,127.0,3,temporal_v3
20260905_h013_temporal_v3_catboost_control,H013_temporal_v3_model_control,catboost,full_market_with_fx,message_hit,pooled_with_corridor_thresholds,outer_2022,2022,False,10d14213e118585ccaa286e9,RUB_UZS,budget_03,0.4,active,0.8785817863078134,0.3835616438356164,20,1.0164383561643835,365,52.142857142857146,14,0.05668016194331984,0.2684931506849315,10,0.04048582995951417,True,0.1917808219178082,0.8338869863013698,4,6,4,0.6,0.3126695474501863,0.8318224187964901,0.4,0.42810000000000004,0.42810000000000004,0.0034221412193629046,0.17189999999999994,1.4015416958654519,128.29714249966,128.29714249966,35.9410156592,313.3274064312399,420.42193925046973,527.5164720697,302.77234841955,456.12011685688003,0,5,7,0.4166666666666667,125.38029000039,7.0,6.8,0.5555555555555556,3,3,97.0,3,temporal_v3
20260905_h013_temporal_v3_catboost_control,H013_temporal_v3_model_control,catboost,full_market_with_fx,message_hit,pooled_with_corridor_thresholds,outer_2022,2022,False,10d14213e118585ccaa286e9,RUB_UZS,budget_04,0.5,active,0.853222098377281,0.4986301369863013,26,1.0164383561643835,365,52.142857142857146,20,0.08097165991902834,0.3835616438356164,12,0.048582995951417005,True,0.23013698630136986,1.0006643835616438,8,5,7,0.4166666666666667,0.19325746190524654,0.6804926643446271,0.5833333333333334,0.4120833333333333,0.4120833333333333,0.002954064770109089,0.004583333333333384,1.0111223458038423,146.49782432895,146.49782432895,122.9721930174,283.48156731587005,396.6231541795298,527.5164720697,240.8702658041428,384.72376164406006,0,5,7,0.4166666666666667,104.236373603,7.0,7.0,0.7272727272727273,4,4,92.0,3,temporal_v3
20260905_h013_temporal_v3_catboost_control,H013_temporal_v3_model_control,catboost,full_market_with_fx,message_hit,pooled_with_corridor_thresholds,outer_2022,2022,False,10d14213e118585ccaa286e9,RUB_UZS,budget_05,0.6,active,0.8373533834138835,0.5945205479452055,31,1.0164383561643835,365,52.142857142857146,26,0.10526315789473684,0.4986301369863013,16,0.06477732793522267,True,0.3068493150684931,1.3342191780821917,10,7,9,0.4375,0.2309836333518552,0.6682180439322348,0.5625,0.4576875,0.4576875,0.0025717683688751152,-0.020187500000000025,0.9558923938276662,141.68403604500625,141.68403604500625,108.06223042415,335.11888691105,417.41098236377496,527.5164720697,243.89583837796667,410.07061638338,0,7,5,0.5833333333333334,70.64612204058125,7.0,7.0,0.6666666666666666,4,4,93.0,3,temporal_v3
20260905_h013_temporal_v3_catboost_control,H013_temporal_v3_model_control,catboost,full_market_with_fx,message_hit,pooled_with_corridor_thresholds,outer_2022,2022,False,10d14213e118585ccaa286e9,RUB_UZS,budget_06,0.7,active,0.834348151251171,0.6904109589041095,36,1.0164383561643835,365,52.142857142857146,27,0.10931174089068826,0.5178082191780822,17,0.06882591093117409,True,0.32602739726027397,1.4176078767123288,10,8,9,0.47058823529411764,0.26164801196088106,0.6903710268845051,0.5294117647058824,0.47229411764705886,0.47229411764705886,0.002437053725527054,-0.0017058823529412237,0.9963880931622866,133.3496809835353,133.3496809835353,87.8629285374,326.0008338009,410.0706163833799,527.5164720697,243.89583837796667,410.07061638338,0,8,4,0.6666666666666666,68.06421897900589,7.0,7.0,0.625,4,4,77.0,3,temporal_v3
20260905_h013_temporal_v3_catboost_control,H013_temporal_v3_model_control,catboost,full_market_with_fx,message_hit,pooled_with_corridor_thresholds,outer_2022,2022,False,10d14213e118585ccaa286e9,RUB_UZS,budget_07,0.8,active,0.779137875190049,0.7863013698630137,41,1.0164383561643835,365,52.142857142857146,40,0.16194331983805668,0.7671232876712328,24,0.09716599190283401,True,0.4602739726027397,2.0013287671232876,16,14,10,0.5833333333333334,0.3883433764938864,0.7553265275346178,0.4166666666666667,0.4949375,0.4949375,0.002010619869510769,0.0883958333333334,1.1785999915814287,99.36498109726665,99.36498109726665,22.3190855096,284.45860161874,367.0320727965748,527.5164720697,230.36577319959002,395.38988442258994,0,11,1,0.9166666666666666,68.10792316707084,7.0,7.0,0.5652173913043478,4,4,49.0,3,temporal_v3
20260905_h013_temporal_v3_catboost_control,H013_temporal_v3_model_control,catboost,full_market_with_fx,message_hit,pooled_with_corridor_thresholds,outer_2022,2022,False,10d14213e118585ccaa286e9,RUB_UZS,budget_08,0.9,active,0.7267096197083867,0.8821917808219177,46,1.0164383561643835,365,52.142857142857146,64,0.2591093117408907,1.2273972602739724,34,0.13765182186234817,True,0.6520547945205479,2.8352157534246576,30,19,15,0.5588235294117647,0.3945361778918369,0.7111675978470325,0.4411764705882353,0.5042794117647058,0.5042794117647058,0.0016030491599084192,0.05454411764705891,1.108162491615876,98.50066532367353,98.50066532367353,35.8965700975,273.90750264513997,329.65961972714484,527.5164720697,213.87446119233996,349.29405539431997,0,11,1,0.9166666666666666,74.8577599218353,7.0,6.0,0.6060606060606061,5,5,43.0,3,temporal_v3
20260905_h013_temporal_v3_catboost_control,H013_temporal_v3_model_control,catboost,full_market_with_fx,message_hit,pooled_with_corridor_thresholds,outer_2022,2022,False,10d14213e118585ccaa286e9,RUB_UZS,budget_09,1.0,active,0.6002998663412646,0.9972602739726026,52,1.0164383561643835,365,52.142857142857146,103,0.41700404858299595,1.9753424657534246,39,0.15789473684210525,True,0.747945205479452,3.2521592465753426,64,19,20,0.48717948717948717,0.3386492878313309,0.6380089135430344,0.5128205128205128,0.5100128205128206,0.5100128205128206,0.0013936627468896646,-0.022833333333333428,0.9552298836127798,119.23636826260511,119.23636826260511,62.2035726422,329.0101624921202,448.3448212061401,688.3232105034,222.24438729393,448.3448212061401,0,12,0,1.0,52.90093367371282,7.0,5.0,0.5789473684210527,5,5,29.0,3,temporal_v3
20260905_h013_temporal_v3_catboost_control,H013_temporal_v3_model_control,catboost,full_market_with_fx,message_hit,pooled_with_corridor_thresholds,outer_2022,2022,False,10d14213e118585ccaa286e9,RUB_UZS,budget_10,1.1,active,0.5944550901121334,1.0164383561643835,53,1.0164383561643835,365,52.142857142857146,104,0.42105263157894735,1.9945205479452053,39,0.15789473684210525,True,0.747945205479452,3.2521592465753426,65,19,20,0.48717948717948717,0.3386492878313309,0.6380089135430344,0.5128205128205128,0.5076025641025641,0.5076025641025641,0.0014166684441525082,-0.020423076923076933,0.9597656151339883,119.23636826260511,119.23636826260511,62.2035726422,329.0101624921202,448.3448212061401,688.3232105034,222.24438729393,448.3448212061401,0,12,0,1.0,52.90093367371282,7.0,5.0,0.5789473684210527,5,5,29.0,3,temporal_v3
20260905_h013_temporal_v3_catboost_control,H013_temporal_v3_model_control,catboost,full_market_with_fx,message_hit,pooled_with_corridor_thresholds,outer_2022,2022,False,10d14213e118585ccaa286e9,RUB_UZS,budget_11,1.2,active,0.5944550901121334,1.0164383561643835,53,1.0164383561643835,365,52.142857142857146,104,0.42105263157894735,1.9945205479452053,39,0.15789473684210525,True,0.747945205479452,3.2521592465753426,65,19,20,0.48717948717948717,0.3386492878313309,0.6380089135430344,0.5128205128205128,0.5095512820512821,0.5095512820512821,0.0014093545930607156,-0.022371794871794914,0.9560951063026795,119.23636826260511,119.23636826260511,62.2035726422,329.0101624921202,448.3448212061401,688.3232105034,222.24438729393,448.3448212061401,0,12,0,1.0,52.90093367371282,7.0,5.0,0.5789473684210527,5,5,29.0,3,temporal_v3
20260905_h013_temporal_v3_catboost_control,H013_temporal_v3_model_control,catboost,full_market_with_fx,message_hit,pooled_with_corridor_thresholds,outer_2022,2022,False,10d14213e118585ccaa286e9,RUB_UZS,budget_12,1.3,active,0.5944550901121334,1.0164383561643835,53,1.0164383561643835,365,52.142857142857146,104,0.42105263157894735,1.9945205479452053,39,0.15789473684210525,True,0.747945205479452,3.2521592465753426,65,19,20,0.48717948717948717,0.3386492878313309,0.6380089135430344,0.5128205128205128,0.5083333333333333,0.5083333333333333,0.0014591313180692777,-0.021153846153846134,0.9583858764186634,119.23636826260511,119.23636826260511,62.2035726422,329.0101624921202,448.3448212061401,688.3232105034,222.24438729393,448.3448212061401,0,12,0,1.0,52.90093367371282,7.0,5.0,0.5789473684210527,5,5,29.0,3,temporal_v3
20260905_h013_temporal_v3_catboost_control,H013_temporal_v3_model_control,catboost,full_market_with_fx,message_hit,pooled_with_corridor_thresholds,outer_2022,2022,False,10d14213e118585ccaa286e9,RUB_UZS,budget_13,1.4,active,0.5944550901121334,1.0164383561643835,53,1.0164383561643835,365,52.142857142857146,104,0.42105263157894735,1.9945205479452053,39,0.15789473684210525,True,0.747945205479452,3.2521592465753426,65,19,20,0.48717948717948717,0.3386492878313309,0.6380089135430344,0.5128205128205128,0.5083333333333333,0.5083333333333333,0.0014038751532355646,-0.021153846153846134,0.9583858764186634,119.23636826260511,119.23636826260511,62.2035726422,329.0101624921202,448.3448212061401,688.3232105034,222.24438729393,448.3448212061401,0,12,0,1.0,52.90093367371282,7.0,5.0,0.5789473684210527,5,5,29.0,3,temporal_v3
20260905_h013_temporal_v3_catboost_control,H013_temporal_v3_model_control,catboost,full_market_with_fx,message_hit,pooled_with_corridor_thresholds,outer_2023,2023,False,10d14213e118585ccaa286e9,RUB_AMD,budget_00,0.1,active,0.8244974076368556,0.0958904109589041,5,0.9972602739726026,365,52.142857142857146,10,0.04048582995951417,0.1917808219178082,7,0.02834008097165992,True,0.13424657534246576,0.5837208904109589,3,7,0,1.0,0.6456611570247934,1.0,0.0,0.6495714285714285,0.6495714285714285,0.0035303374713671542,0.35042857142857153,1.5394765779634927,2.1784961802142857,2.1784961802142857,0.0,6.099789304600005,10.67463128304999,15.2494732615,,,0,4,8,0.3333333333333333,38.801957927328566,10.5,7.0,0.5,3,3,230.0,3,temporal_v3
20260905_h013_temporal_v3_catboost_control,H013_temporal_v3_model_control,catboost,full_market_with_fx,message_hit,pooled_with_corridor_thresholds,outer_2023,2023,False,10d14213e118585ccaa286e9,RUB_AMD,budget_01,0.2,active,0.803445832074509,0.1917808219178082,10,0.9972602739726026,365,52.142857142857146,15,0.06072874493927125,0.2876712328767123,12,0.048582995951417005,True,0.23013698630136986,1.0006643835616438,3,10,2,0.8333333333333334,0.5519636426153274,0.9530358523851776,0.16666666666666666,0.6335,0.6335,0.0026683727033943155,0.19983333333333342,1.3154433043935807,18.394890541025003,18.394890541025003,0.0,54.98605611922002,97.13103817862995,143.2452457397,101.323238866,134.86084436496,0,6,6,0.5,32.858562753300006,7.0,7.0,0.5454545454545454,4,4,126.0,3,temporal_v3
20260905_h013_temporal_v3_catboost_control,H013_temporal_v3_model_control,catboost,full_market_with_fx,message_hit,pooled_with_corridor_thresholds,outer_2023,2023,False,10d14213e118585ccaa286e9,RUB_AMD,budget_02,0.3,active,0.7904451681502737,0.2876712328767123,15,0.9972602739726026,365,52.142857142857146,21,0.08502024291497975,0.4027397260273972,16,0.06477732793522267,True,0.3068493150684931,1.3342191780821917,5,12,4,0.75,0.5050123107060135,0.8981809801576265,0.25,0.6589375,0.6589375,0.0022138615614761665,0.09106250000000005,1.1381959594043443,31.608109226625004,31.608109226625004,0.0,123.22364643904999,136.44620198734998,143.2452457397,112.27344265252499,140.52562823876,0,8,4,0.6666666666666666,18.814638454893753,8.0,6.4,0.4666666666666667,5,4,77.0,3,temporal_v3
20260905_h013_temporal_v3_catboost_control,H013_temporal_v3_model_control,catboost,full_market_with_fx,message_hit,pooled_with_corridor_thresholds,outer_2023,2023,False,10d14213e118585ccaa286e9,RUB_AMD,budget_03,0.4,active,0.765791925050431,0.3835616438356164,20,0.9972602739726026,365,52.142857142857146,33,0.13360323886639677,0.6328767123287671,19,0.07692307692307693,True,0.3643835616438356,1.5843852739726028,14,16,3,0.8421052631578947,0.6243407235682331,0.9447962896007217,0.15789473684210525,0.6883421052631579,0.6883421052631579,0.002046160235649862,0.15376315789473682,1.2233818863019459,24.251615660873682,24.251615660873682,0.0,74.35695640781995,135.08639323687999,143.2452457397,112.27544393396666,141.43216740574002,0,11,1,0.9166666666666666,35.66982913834736,8.0,6.7,0.4444444444444444,5,4,70.0,3,temporal_v3
20260905_h013_temporal_v3_catboost_control,H013_temporal_v3_model_control,catboost,full_market_with_fx,message_hit,pooled_with_corridor_thresholds,outer_2023,2023,False,10d14213e118585ccaa286e9,RUB_AMD,budget_04,0.5,active,0.745406309069556,0.4986301369863013,26,0.9972602739726026,365,52.142857142857146,41,0.1659919028340081,0.7863013698630137,22,0.08906882591093117,True,0.42191780821917807,1.8345513698630136,19,18,4,0.8181818181818182,0.6148297802336214,0.9269323397589488,0.18181818181818182,0.7086363636363637,0.7086363636363637,0.001943607971394721,0.1095454545454545,1.1545862732520846,32.46076223605001,32.46076223605001,0.524893652,126.70199186214015,142.79197615621,203.8192083715,135.16138504335,185.64701958196002,0,11,1,0.9166666666666666,31.35508225906818,7.0,6.0,0.5238095238095238,5,5,70.0,3,temporal_v3
20260905_h013_temporal_v3_catboost_control,H013_temporal_v3_model_control,catboost,full_market_with_fx,message_hit,pooled_with_corridor_thresholds,outer_2023,2023,False,10d14213e118585ccaa286e9,RUB_AMD,budget_05,0.6,active,0.7119813604720167,0.5945205479452055,31,0.9972602739726026,365,52.142857142857146,58,0.23481781376518218,1.1123287671232875,30,0.1214574898785425,True,0.5753424657534246,2.5016609589041097,28,24,6,0.8,0.6269395261897257,0.9049502189759876,0.2,0.7059833333333332,0.7059833333333332,0.001576126670697977,0.09401666666666686,1.1331712268939307,29.197915443893336,29.197915443893336,8.17750541125,66.87909420006011,139.16581948828997,203.8192083715,107.25964311775,173.5322270556,0,11,1,0.9166666666666666,27.189976110769997,8.0,6.0,0.4827586206896552,5,5,62.0,3,temporal_v3
20260905_h013_temporal_v3_catboost_control,H013_temporal_v3_model_control,catboost,full_market_with_fx,message_hit,pooled_with_corridor_thresholds,outer_2023,2023,False,10d14213e118585ccaa286e9,RUB_AMD,budget_06,0.7,active,0.6629959545799002,0.6904109589041095,36,0.9972602739726026,365,52.142857142857146,73,0.29554655870445345,1.4,35,0.1417004048582996,True,0.6712328767123287,2.9186044520547942,38,28,7,0.8,0.6410806339053748,0.899576805540992,0.2,0.709,0.709,0.001362777779212484,0.09100000000000008,1.1283497884344147,34.878362450234285,34.878362450234285,4.2331933671,104.2684052388601,155.84074572553982,345.2019365473,140.1132995661143,260.37229964182006,0,11,1,0.9166666666666666,20.065994568377143,7.0,6.0,0.5882352941176471,5,5,48.0,3,temporal_v3
20260905_h013_temporal_v3_catboost_control,H013_temporal_v3_model_control,catboost,full_market_with_fx,message_hit,pooled_with_corridor_thresholds,outer_2023,2023,False,10d14213e118585ccaa286e9,RUB_AMD,budget_07,0.8,active,0.6023294937751982,0.7863013698630137,41,0.9972602739726026,365,52.142857142857146,105,0.4251012145748988,2.0136986301369864,42,0.1700404858299595,True,0.8054794520547944,3.5023253424657534,63,29,13,0.6904761904761905,0.539737222336594,0.8092907348027728,0.30952380952380953,0.7117261904761905,0.7117261904761905,0.0011963508011021068,-0.02124999999999999,0.9701430124613197,55.10717156052618,55.10717156052618,19.5548173918,133.68934813412,325.8750672597649,345.2019365473,156.43713308036155,335.75699960356,0,12,0,1.0,14.008501153547618,7.0,5.0,0.6341463414634146,5,5,36.0,3,temporal_v3
20260905_h013_temporal_v3_catboost_control,H013_temporal_v3_model_control,catboost,full_market_with_fx,message_hit,pooled_with_corridor_thresholds,outer_2023,2023,False,10d14213e118585ccaa286e9,RUB_AMD,budget_08,0.9,active,0.5212214016439343,0.8821917808219177,46,0.9972602739726026,365,52.142857142857146,158,0.6396761133603239,3.0301369863013696,48,0.19433198380566802,True,0.9205479452054794,4.002657534246575,110,32,16,0.6666666666666666,0.5253984633247204,0.7832339862910321,0.3333333333333333,0.7024791666666668,0.7024791666666668,0.0010855100204714549,-0.035812500000000136,0.9490198404460392,65.26429715167917,65.26429715167917,23.1801101259,181.50621825991016,334.18218276733,380.2667672971,174.09784564733127,341.52934596625005,0,12,0,1.0,-1.4296588124791683,7.0,5.0,0.6595744680851063,5,5,17.0,3,temporal_v3
20260905_h013_temporal_v3_catboost_control,H013_temporal_v3_model_control,catboost,full_market_with_fx,message_hit,pooled_with_corridor_thresholds,outer_2023,2023,False,10d14213e118585ccaa286e9,RUB_AMD,budget_09,1.0,active,0.1509139789062515,0.9972602739726026,52,0.9972602739726026,365,52.142857142857146,246,0.9959514170040485,4.717808219178082,51,0.20647773279352227,True,0.9780821917808219,4.252823630136986,195,33,18,0.6470588235294118,0.5098580497281073,0.7636569461874021,0.35294117647058826,0.6953627450980391,0.6953627450980391,0.0010174714070908457,-0.048303921568627284,0.9305342112312662,84.94545128384708,84.94545128384708,3.5713945581,276.9217275514,386.3616218639,710.814699175,229.6428226543444,435.0835218532201,0,12,0,1.0,-8.911624803441176,7.0,7.0,0.9,5,5,9.0,3,temporal_v3
20260905_h013_temporal_v3_catboost_control,H013_temporal_v3_model_control,catboost,full_market_with_fx,message_hit,pooled_with_corridor_thresholds,outer_2023,2023,False,10d14213e118585ccaa286e9,RUB_AMD,budget_10,1.1,active,0.1509139789062515,0.9972602739726026,52,0.9972602739726026,365,52.142857142857146,246,0.9959514170040485,4.717808219178082,51,0.20647773279352227,True,0.9780821917808219,4.252823630136986,195,33,18,0.6470588235294118,0.5098580497281073,0.7636569461874021,0.35294117647058826,0.6956176470588235,0.6956176470588235,0.0010038438986874339,-0.048558823529411654,0.9301932265020508,84.94545128384708,84.94545128384708,3.5713945581,276.9217275514,386.3616218639,710.814699175,229.6428226543444,435.0835218532201,0,12,0,1.0,-8.911624803441176,7.0,7.0,0.9,5,5,9.0,3,temporal_v3
20260905_h013_temporal_v3_catboost_control,H013_temporal_v3_model_control,catboost,full_market_with_fx,message_hit,pooled_with_corridor_thresholds,outer_2023,2023,False,10d14213e118585ccaa286e9,RUB_AMD,budget_11,1.2,active,0.1509139789062515,0.9972602739726026,52,0.9972602739726026,365,52.142857142857146,246,0.9959514170040485,4.717808219178082,51,0.20647773279352227,True,0.9780821917808219,4.252823630136986,195,33,18,0.6470588235294118,0.5098580497281073,0.7636569461874021,0.35294117647058826,0.6969901960784314,0.6969901960784314,0.0010275505154995097,-0.04993137254901958,0.9283614420547733,84.94545128384708,84.94545128384708,3.5713945581,276.9217275514,386.3616218639,710.814699175,229.6428226543444,435.0835218532201,0,12,0,1.0,-8.911624803441176,7.0,7.0,0.9,5,5,9.0,3,temporal_v3
20260905_h013_temporal_v3_catboost_control,H013_temporal_v3_model_control,catboost,full_market_with_fx,message_hit,pooled_with_corridor_thresholds,outer_2023,2023,False,10d14213e118585ccaa286e9,RUB_AMD,budget_12,1.3,active,0.1509139789062515,0.9972602739726026,52,0.9972602739726026,365,52.142857142857146,246,0.9959514170040485,4.717808219178082,51,0.20647773279352227,True,0.9780821917808219,4.252823630136986,195,33,18,0.6470588235294118,0.5098580497281073,0.7636569461874021,0.35294117647058826,0.6965882352941176,0.6965882352941176,0.0010091824650140808,-0.04952941176470582,0.9288971457524068,84.94545128384708,84.94545128384708,3.5713945581,276.9217275514,386.3616218639,710.814699175,229.6428226543444,435.0835218532201,0,12,0,1.0,-8.911624803441176,7.0,7.0,0.9,5,5,9.0,3,temporal_v3
20260905_h013_temporal_v3_catboost_control,H013_temporal_v3_model_control,catboost,full_market_with_fx,message_hit,pooled_with_corridor_thresholds,outer_2023,2023,False,10d14213e118585ccaa286e9,RUB_AMD,budget_13,1.4,active,0.1509139789062515,0.9972602739726026,52,0.9972602739726026,365,52.142857142857146,246,0.9959514170040485,4.717808219178082,51,0.20647773279352227,True,0.9780821917808219,4.252823630136986,195,33,18,0.6470588235294118,0.5098580497281073,0.7636569461874021,0.35294117647058826,0.6949607843137254,0.6949607843137254,0.0010260439067327053,-0.047901960784313635,0.9310724261490282,84.94545128384708,84.94545128384708,3.5713945581,276.9217275514,386.3616218639,710.814699175,229.6428226543444,435.0835218532201,0,12,0,1.0,-8.911624803441176,7.0,7.0,0.9,5,5,9.0,3,temporal_v3
20260905_h013_temporal_v3_catboost_control,H013_temporal_v3_model_control,catboost,full_market_with_fx,message_hit,pooled_with_corridor_thresholds,outer_2023,2023,False,10d14213e118585ccaa286e9,RUB_KGS,budget_00,0.1,active,0.8222664181389572,0.0958904109589041,5,0.9972602739726026,365,52.142857142857146,11,0.044534412955465584,0.21095890410958903,8,0.032388663967611336,True,0.15342465753424656,0.6671095890410959,3,7,1,0.875,0.5291051942301385,0.9775830911367039,0.125,0.6698125,0.6698125,0.0035835994145910237,0.20518749999999997,1.3063357282821684,15.6114665698125,15.6114665698125,0.0,37.46751976754997,81.17962616302492,124.8917325585,124.8917325585,124.8917325585,0,5,7,0.4166666666666667,47.452605374337494,14.0,7.0,0.42857142857142855,3,2,203.0,3,temporal_v3
20260905_h013_temporal_v3_catboost_control,H013_temporal_v3_model_control,catboost,full_market_with_fx,message_hit,pooled_with_corridor_thresholds,outer_2023,2023,False,10d14213e118585ccaa286e9,RUB_KGS,budget_01,0.2,active,0.8000238968429865,0.1917808219178082,10,0.9972602739726026,365,52.142857142857146,17,0.06882591093117409,0.32602739726027397,13,0.05263157894736842,True,0.24931506849315066,1.0840530821917809,4,11,2,0.8461538461538461,0.5776482949136899,0.9567427368172621,0.15384615384615385,0.699076923076923,0.699076923076923,0.002395277412752563,0.1470769230769231,1.210387323943662,16.030761304153845,16.030761304153845,0.0,59.13017894694005,92.38523909123992,124.8917325585,97.80298800245001,119.47398364729,0,7,5,0.5833333333333334,30.913092508346153,10.5,7.0,0.5,4,4,98.0,3,temporal_v3
20260905_h013_temporal_v3_catboost_control,H013_temporal_v3_model_control,catboost,full_market_with_fx,message_hit,pooled_with_corridor_thresholds,outer_2023,2023,False,10d14213e118585ccaa286e9,RUB_KGS,budget_02,0.3,active,0.783014017586975,0.2876712328767123,15,0.9972602739726026,365,52.142857142857146,25,0.10121457489878542,0.4794520547945205,17,0.06882591093117409,True,0.32602739726027397,1.4176078767123288,8,14,3,0.8235294117647058,0.5897007098262422,0.9380898628745102,0.17647058823529413,0.7185882352941175,0.7185882352941175,0.0020766415090242994,0.10494117647058832,1.1460379829731502,23.767991144782357,23.767991144782357,0.0,92.38523909124002,125.68004391426,128.8332893373,108.14642178073332,128.04497798154,0,10,2,0.8333333333333334,29.105036847411768,11.0,6.5,0.4375,4,4,77.0,3,temporal_v3
20260905_h013_temporal_v3_catboost_control,H013_temporal_v3_model_control,catboost,full_market_with_fx,message_hit,pooled_with_corridor_thresholds,outer_2023,2023,False,10d14213e118585ccaa286e9,RUB_KGS,budget_03,0.4,active,0.7745980271791232,0.3835616438356164,20,0.9972602739726026,365,52.142857142857146,29,0.11740890688259109,0.5561643835616438,18,0.0728744939271255,True,0.34520547945205476,1.5009965753424657,11,15,3,0.8333333333333334,0.6077750036164077,0.9416352959953425,0.16666666666666666,0.7195833333333332,0.7195833333333332,0.0020911558990842636,0.11375000000000013,1.1580775911986105,22.799425028972227,22.799425028972227,0.0,86.96749018003004,125.48296607532,128.8332893373,108.14642178073332,128.04497798154,0,11,1,0.9166666666666666,37.05352015649444,14.0,6.6,0.35294117647058826,4,4,70.0,3,temporal_v3
20260905_h013_temporal_v3_catboost_control,H013_temporal_v3_model_control,catboost,full_market_with_fx,message_hit,pooled_with_corridor_thresholds,outer_2023,2023,False,10d14213e118585ccaa286e9,RUB_KGS,budget_04,0.5,active,0.7500935322051351,0.4986301369863013,26,0.9972602739726026,365,52.142857142857146,37,0.14979757085020243,0.7095890410958904,22,0.08906882591093117,True,0.42191780821917807,1.8345513698630136,15,18,4,0.8181818181818182,0.6148297802336214,0.9269323397589488,0.18181818181818182,0.7223863636363638,0.7223863636363638,0.0018770716033955756,0.09579545454545446,1.1326097215667768,29.022226952490914,29.022226952490914,0.0,119.47398364729011,128.63621149835998,228.0993424333,138.13465194387499,198.3195265045,0,11,1,0.9166666666666666,29.52162060095454,8.0,6.0,0.42857142857142855,5,4,70.0,3,temporal_v3
20260905_h013_temporal_v3_catboost_control,H013_temporal_v3_model_control,catboost,full_market_with_fx,message_hit,pooled_with_corridor_thresholds,outer_2023,2023,False,10d14213e118585ccaa286e9,RUB_KGS,budget_05,0.6,active,0.7191360922671595,0.5945205479452055,31,0.9972602739726026,365,52.142857142857146,57,0.23076923076923078,1.0931506849315067,30,0.1214574898785425,True,0.5753424657534246,2.5016609589041097,27,25,5,0.8333333333333334,0.6643529481431982,0.9266356575964831,0.16666666666666666,0.7323333333333333,0.7323333333333333,0.0015180715264665973,0.10100000000000009,1.1379153390987713,27.869439534159998,27.869439534159998,4.9673880467,76.52614803549008,137.18685441006494,228.0993424333,124.9222218646,194.46824124782,0,11,1,0.9166666666666666,22.00910626275,7.0,6.0,0.5862068965517241,5,5,55.0,3,temporal_v3
20260905_h013_temporal_v3_catboost_control,H013_temporal_v3_model_control,catboost,full_market_with_fx,message_hit,pooled_with_corridor_thresholds,outer_2023,2023,False,10d14213e118585ccaa286e9,RUB_KGS,budget_06,0.7,active,0.6844199522506508,0.6904109589041095,36,0.9972602739726026,365,52.142857142857146,77,0.3117408906882591,1.476712328767123,39,0.15789473684210525,True,0.747945205479452,3.2521592465753426,38,31,8,0.7948717948717948,0.6446572703687137,0.8922040980208888,0.20512820512820512,0.738448717948718,0.738448717948718,0.0012461197606384049,0.0564230769230768,1.0764075765204255,31.89200289773077,31.89200289773077,0.0,82.33805262458017,152.42936476597012,341.1984847793,135.0789371251375,262.02908513709997,0,12,0,1.0,20.898070258458972,7.0,6.0,0.631578947368421,5,5,29.0,3,temporal_v3
20260905_h013_temporal_v3_catboost_control,H013_temporal_v3_model_control,catboost,full_market_with_fx,message_hit,pooled_with_corridor_thresholds,outer_2023,2023,False,10d14213e118585ccaa286e9,RUB_KGS,budget_07,0.8,active,0.6084113976784447,0.7863013698630137,41,0.9972602739726026,365,52.142857142857146,110,0.44534412955465585,2.1095890410958904,44,0.17813765182186234,True,0.8438356164383561,3.669102739726027,66,33,11,0.75,0.6055915019158504,0.8542593391931426,0.25,0.7322386363636363,0.7322386363636363,0.0011533204081959703,0.017761363636363714,1.024256250290982,46.64855853231591,46.64855853231591,1.08961688195,141.90677303201002,283.51386178338504,341.1984847793,162.2560922707818,292.355696148,0,12,0,1.0,10.931823205861363,7.0,5.0,0.5813953488372093,5,5,29.0,3,temporal_v3
20260905_h013_temporal_v3_catboost_control,H013_temporal_v3_model_control,catboost,full_market_with_fx,message_hit,pooled_with_corridor_thresholds,outer_2023,2023,False,10d14213e118585ccaa286e9,RUB_KGS,budget_08,0.9,active,0.5459958742775762,0.8821917808219177,46,0.9972602739726026,365,52.142857142857146,155,0.6275303643724697,2.9726027397260273,46,0.1862348178137652,True,0.8821917808219177,3.8358801369863014,109,31,15,0.6739130434782609,0.5296746274432708,0.7913423543550664,0.32608695652173914,0.7140108695652175,0.7140108695652175,0.0011203538524479342,-0.04009782608695667,0.9438414346389804,67.35382694486957,67.35382694486957,21.17040639255,257.93777972095,317.48810937307496,341.1984847793,184.58337576276,333.86789837725996,0,12,0,1.0,-1.762087299971739,6.0,5.0,0.6444444444444445,5,5,26.0,3,temporal_v3
20260905_h013_temporal_v3_catboost_control,H013_temporal_v3_model_control,catboost,full_market_with_fx,message_hit,pooled_with_corridor_thresholds,outer_2023,2023,False,10d14213e118585ccaa286e9,RUB_KGS,budget_09,1.0,active,0.1509139789062515,0.9972602739726026,52,0.9972602739726026,365,52.142857142857146,247,1.0,4.736986301369862,51,0.20647773279352227,True,0.9780821917808219,4.252823630136986,196,33,18,0.6470588235294118,0.5098580497281073,0.7636569461874021,0.35294117647058826,0.7093529411764705,0.7093529411764705,0.0009955928572277883,-0.06229411764705872,0.9121817729496643,77.21726719758038,77.21726719758038,13.3836902317,187.0220268352,364.00412090125,721.8674377768,205.27816385010556,395.6642137269601,0,12,0,1.0,-11.802352293141178,7.0,7.0,0.92,5,5,9.0,3,temporal_v3
20260905_h013_temporal_v3_catboost_control,H013_temporal_v3_model_control,catboost,full_market_with_fx,message_hit,pooled_with_corridor_thresholds,outer_2023,2023,False,10d14213e118585ccaa286e9,RUB_KGS,budget_10,1.1,active,0.1509139789062515,0.9972602739726026,52,0.9972602739726026,365,52.142857142857146,247,1.0,4.736986301369862,51,0.20647773279352227,True,0.9780821917808219,4.252823630136986,196,33,18,0.6470588235294118,0.5098580497281073,0.7636569461874021,0.35294117647058826,0.7094509803921568,0.7094509803921568,0.0010067546055802228,-0.06239215686274502,0.9120557183129734,77.21726719758038,77.21726719758038,13.3836902317,187.0220268352,364.00412090125,721.8674377768,205.27816385010556,395.6642137269601,0,12,0,1.0,-11.802352293141178,7.0,7.0,0.92,5,5,9.0,3,temporal_v3
20260905_h013_temporal_v3_catboost_control,H013_temporal_v3_model_control,catboost,full_market_with_fx,message_hit,pooled_with_corridor_thresholds,outer_2023,2023,False,10d14213e118585ccaa286e9,RUB_KGS,budget_11,1.2,active,0.1509139789062515,0.9972602739726026,52,0.9972602739726026,365,52.142857142857146,247,1.0,4.736986301369862,51,0.20647773279352227,True,0.9780821917808219,4.252823630136986,196,33,18,0.6470588235294118,0.5098580497281073,0.7636569461874021,0.35294117647058826,0.7081372549019608,0.7081372549019608,0.0009840416043293194,-0.06107843137254898,0.9137477502422816,77.21726719758038,77.21726719758038,13.3836902317,187.0220268352,364.00412090125,721.8674377768,205.27816385010556,395.6642137269601,0,12,0,1.0,-11.802352293141178,7.0,7.0,0.92,5,5,9.0,3,temporal_v3
20260905_h013_temporal_v3_catboost_control,H013_temporal_v3_model_control,catboost,full_market_with_fx,message_hit,pooled_with_corridor_thresholds,outer_2023,2023,False,10d14213e118585ccaa286e9,RUB_KGS,budget_12,1.3,active,0.1509139789062515,0.9972602739726026,52,0.9972602739726026,365,52.142857142857146,247,1.0,4.736986301369862,51,0.20647773279352227,True,0.9780821917808219,4.252823630136986,196,33,18,0.6470588235294118,0.5098580497281073,0.7636569461874021,0.35294117647058826,0.7088823529411763,0.7088823529411763,0.001007395816587454,-0.0618235294117645,0.9127873205543111,77.21726719758038,77.21726719758038,13.3836902317,187.0220268352,364.00412090125,721.8674377768,205.27816385010556,395.6642137269601,0,12,0,1.0,-11.802352293141178,7.0,7.0,0.92,5,5,9.0,3,temporal_v3
20260905_h013_temporal_v3_catboost_control,H013_temporal_v3_model_control,catboost,full_market_with_fx,message_hit,pooled_with_corridor_thresholds,outer_2023,2023,False,10d14213e118585ccaa286e9,RUB_KGS,budget_13,1.4,active,0.1509139789062515,0.9972602739726026,52,0.9972602739726026,365,52.142857142857146,247,1.0,4.736986301369862,51,0.20647773279352227,True,0.9780821917808219,4.252823630136986,196,33,18,0.6470588235294118,0.5098580497281073,0.7636569461874021,0.35294117647058826,0.7093039215686274,0.7093039215686274,0.00100361415184369,-0.06224509803921563,0.9122448133353607,77.21726719758038,77.21726719758038,13.3836902317,187.0220268352,364.00412090125,721.8674377768,205.27816385010556,395.6642137269601,0,12,0,1.0,-11.802352293141178,7.0,7.0,0.92,5,5,9.0,3,temporal_v3
20260905_h013_temporal_v3_catboost_control,H013_temporal_v3_model_control,catboost,full_market_with_fx,message_hit,pooled_with_corridor_thresholds,outer_2023,2023,False,10d14213e118585ccaa286e9,RUB_KZT,budget_00,0.1,active,0.8290751296177717,0.0958904109589041,5,0.9972602739726026,365,52.142857142857146,7,0.02834008097165992,0.13424657534246576,6,0.024291497975708502,True,0.11506849315068493,0.5003321917808219,1,5,1,0.8333333333333334,0.4364905634363539,0.9699474141282696,0.16666666666666666,0.6620833333333334,0.6620833333333334,0.004155594342965006,0.17125,1.2586532410320956,22.340856390383333,22.340856390383333,0.0,67.02256917115,92.420673597475,117.8187780238,117.8187780238,117.8187780238,0,4,8,0.3333333333333333,34.48652750628333,20.0,7.0,0.4,3,2,280.0,3,temporal_v3
20260905_h013_temporal_v3_catboost_control,H013_temporal_v3_model_control,catboost,full_market_with_fx,message_hit,pooled_with_corridor_thresholds,outer_2023,2023,False,10d14213e118585ccaa286e9,RUB_KZT,budget_01,0.2,active,0.7977294073507394,0.1917808219178082,10,0.9972602739726026,365,52.142857142857146,13,0.05263157894736842,0.24931506849315066,11,0.044534412955465584,True,0.21095890410958903,0.9172756849315068,2,10,1,0.9090909090909091,0.6226353745137962,0.9837682477371741,0.09090909090909091,0.6548636363636363,0.6548636363636363,0.0029056153276797725,0.25422727272727275,1.3882140626084543,14.6850240541,14.6850240541,0.0,27.4901262528,72.6544521383,117.8187780238,117.8187780238,117.8187780238,0,5,7,0.4166666666666667,24.068546776481814,7.0,6.9,0.6,4,4,259.0,3,temporal_v3
20260905_h013_temporal_v3_catboost_control,H013_temporal_v3_model_control,catboost,full_market_with_fx,message_hit,pooled_with_corridor_thresholds,outer_2023,2023,False,10d14213e118585ccaa286e9,RUB_KZT,budget_02,0.3,active,0.7782500303483386,0.2876712328767123,15,0.9972602739726026,365,52.142857142857146,19,0.07692307692307693,0.3643835616438356,14,0.05668016194331984,True,0.2684931506849315,1.1674417808219177,5,13,1,0.9285714285714286,0.6853073044604219,0.9872781138877085,0.07142857142857142,0.6331071428571429,0.6331071428571429,0.0026094424062175227,0.29546428571428573,1.4666892311163762,14.793309069321428,14.793309069321428,0.0,40.14678153862002,70.85776285233997,117.8187780238,117.8187780238,117.8187780238,0,7,5,0.5833333333333334,34.768094265528575,8.0,6.2,0.46153846153846156,4,4,154.0,3,temporal_v3
20260905_h013_temporal_v3_catboost_control,H013_temporal_v3_model_control,catboost,full_market_with_fx,message_hit,pooled_with_corridor_thresholds,outer_2023,2023,False,10d14213e118585ccaa286e9,RUB_KZT,budget_03,0.4,active,0.75735629618375,0.3835616438356164,20,0.9972602739726026,365,52.142857142857146,27,0.10931174089068826,0.5178082191780822,17,0.06882591093117409,True,0.32602739726027397,1.4176078767123288,10,16,1,0.9411764705882353,0.730174547964372,0.9895398693548358,0.058823529411764705,0.6356176470588235,0.6356176470588235,0.002408658840600034,0.30555882352941177,1.4807274073388552,14.244228724458823,14.244228724458823,0.0,41.1006094006,60.02060550507994,117.8187780238,117.8187780238,117.8187780238,0,9,3,0.75,51.949784366258825,7.5,6.5,0.5,5,4,105.0,3,temporal_v3
20260905_h013_temporal_v3_catboost_control,H013_temporal_v3_model_control,catboost,full_market_with_fx,message_hit,pooled_with_corridor_thresholds,outer_2023,2023,False,10d14213e118585ccaa286e9,RUB_KZT,budget_04,0.5,active,0.7384356009998171,0.4986301369863013,26,0.9972602739726026,365,52.142857142857146,36,0.145748987854251,0.6904109589041095,19,0.07692307692307693,True,0.3643835616438356,1.5843852739726028,17,17,2,0.8947368421052632,0.6860544950515831,0.9706420586049034,0.10526315789473684,0.6223421052631579,0.6223421052631579,0.0023015748119488205,0.27239473684210525,1.4376929257051039,25.628906237163157,25.628906237163157,0.0,71.06800249197991,173.57115329129,178.2096662882,175.63271462325,177.69427595521,0,9,3,0.75,41.883034929852634,7.5,6.0,0.5,5,5,84.0,3,temporal_v3
20260905_h013_temporal_v3_catboost_control,H013_temporal_v3_model_control,catboost,full_market_with_fx,message_hit,pooled_with_corridor_thresholds,outer_2023,2023,False,10d14213e118585ccaa286e9,RUB_KZT,budget_05,0.6,active,0.7150796136996002,0.5945205479452055,31,0.9972602739726026,365,52.142857142857146,45,0.18218623481781376,0.8630136986301369,23,0.0931174089068826,True,0.44109589041095887,1.9179400684931507,22,19,4,0.8260869565217391,0.6286194521470434,0.9302145964938723,0.17391304347826086,0.6265217391304347,0.6265217391304347,0.002031668822872614,0.1995652173913044,1.31852879944483,45.18159441481304,45.18159441481304,0.0,177.17888562222,222.72227652007993,288.9372984109,216.9677124397,270.55654551805003,0,11,1,0.9166666666666666,37.571895542621746,8.5,6.0,0.45454545454545453,5,5,64.0,3,temporal_v3
20260905_h013_temporal_v3_catboost_control,H013_temporal_v3_model_control,catboost,full_market_with_fx,message_hit,pooled_with_corridor_thresholds,outer_2023,2023,False,10d14213e118585ccaa286e9,RUB_KZT,budget_06,0.7,active,0.6806402340292291,0.6904109589041095,36,0.9972602739726026,365,52.142857142857146,62,0.25101214574898784,1.189041095890411,32,0.12955465587044535,True,0.6136986301369862,2.6684383561643834,30,26,6,0.8125,0.6469050424507756,0.9111057606383722,0.1875,0.607859375,0.607859375,0.0016592642064430483,0.20464062500000002,1.3366578412975862,39.59673253649687,39.59673253649687,0.2317805965,171.86233867623002,200.46597140413996,288.9372984109,181.67804853450002,258.30271025615,0,11,1,0.9166666666666666,29.504276796862502,7.0,6.0,0.5483870967741935,5,5,55.0,3,temporal_v3
20260905_h013_temporal_v3_catboost_control,H013_temporal_v3_model_control,catboost,full_market_with_fx,message_hit,pooled_with_corridor_thresholds,outer_2023,2023,False,10d14213e118585ccaa286e9,RUB_KZT,budget_07,0.8,active,0.5969145009993224,0.7863013698630137,41,0.9972602739726026,365,52.142857142857146,104,0.42105263157894735,1.9945205479452053,43,0.17408906882591094,True,0.8246575342465753,3.5857140410958905,61,28,15,0.6511627906976745,0.501715070970981,0.775816012510369,0.3488372093023256,0.6086395348837209,0.6086395348837209,0.0013700772075673992,0.04252325581395355,1.069866075693025,63.841580975676756,63.841580975676756,9.1641734724,194.57449594334005,223.69288055397996,633.5928210464,171.0291912060733,263.40159053429994,0,12,0,1.0,6.345937308486046,7.0,5.1000000000000005,0.6190476190476191,5,5,35.0,3,temporal_v3
20260905_h013_temporal_v3_catboost_control,H013_temporal_v3_model_control,catboost,full_market_with_fx,message_hit,pooled_with_corridor_thresholds,outer_2023,2023,False,10d14213e118585ccaa286e9,RUB_KZT,budget_08,0.9,active,0.5449035351209058,0.8821917808219177,46,0.9972602739726026,365,52.142857142857146,138,0.5587044534412956,2.6465753424657534,45,0.18218623481781376,True,0.8630136986301369,3.7524914383561643,93,21,24,0.4666666666666667,0.3293490394201473,0.6092279113758954,0.5333333333333333,0.6080666666666666,0.6080666666666666,0.0012458696389699238,-0.14139999999999997,0.7674597083653109,84.07516187980667,84.07516187980667,51.9759095784,208.49520727824,228.69538672843998,633.5928210464,155.11074054575,228.24571697731,0,12,0,1.0,2.2734677936199996,7.0,5.0,0.6136363636363636,5,5,26.0,3,temporal_v3
20260905_h013_temporal_v3_catboost_control,H013_temporal_v3_model_control,catboost,full_market_with_fx,message_hit,pooled_with_corridor_thresholds,outer_2023,2023,False,10d14213e118585ccaa286e9,RUB_KZT,budget_09,1.0,active,0.1526324266910478,0.9972602739726026,52,0.9972602739726026,365,52.142857142857146,246,0.9959514170040485,4.717808219178082,51,0.20647773279352227,True,0.9780821917808219,4.252823630136986,195,26,25,0.5098039215686274,0.3768069544840959,0.641427378576938,0.49019607843137253,0.5734509803921568,0.5734509803921568,0.0011278168542062576,-0.06364705882352939,0.889010462969295,90.93568954980785,90.93568954980785,36.4267392503,211.0465470652,309.87803528439997,895.2405324674,179.838862834844,315.0458031904401,0,12,0,1.0,-11.384958566015687,7.0,7.0,0.9,5,5,9.0,3,temporal_v3
20260905_h013_temporal_v3_catboost_control,H013_temporal_v3_model_control,catboost,full_market_with_fx,message_hit,pooled_with_corridor_thresholds,outer_2023,2023,False,10d14213e118585ccaa286e9,RUB_KZT,budget_10,1.1,active,0.1526324266910478,0.9972602739726026,52,0.9972602739726026,365,52.142857142857146,246,0.9959514170040485,4.717808219178082,51,0.20647773279352227,True,0.9780821917808219,4.252823630136986,195,26,25,0.5098039215686274,0.3768069544840959,0.641427378576938,0.49019607843137253,0.5716470588235293,0.5716470588235293,0.0011652913221283008,-0.06184313725490187,0.891815874322563,90.93568954980785,90.93568954980785,36.4267392503,211.0465470652,309.87803528439997,895.2405324674,179.838862834844,315.0458031904401,0,12,0,1.0,-11.384958566015687,7.0,7.0,0.9,5,5,9.0,3,temporal_v3
20260905_h013_temporal_v3_catboost_control,H013_temporal_v3_model_control,catboost,full_market_with_fx,message_hit,pooled_with_corridor_thresholds,outer_2023,2023,False,10d14213e118585ccaa286e9,RUB_KZT,budget_11,1.2,active,0.1526324266910478,0.9972602739726026,52,0.9972602739726026,365,52.142857142857146,246,0.9959514170040485,4.717808219178082,51,0.20647773279352227,True,0.9780821917808219,4.252823630136986,195,26,25,0.5098039215686274,0.3768069544840959,0.641427378576938,0.49019607843137253,0.5749803921568627,0.5749803921568627,0.0011327124614384794,-0.06517647058823528,0.8866457509207475,90.93568954980785,90.93568954980785,36.4267392503,211.0465470652,309.87803528439997,895.2405324674,179.838862834844,315.0458031904401,0,12,0,1.0,-11.384958566015687,7.0,7.0,0.9,5,5,9.0,3,temporal_v3
20260905_h013_temporal_v3_catboost_control,H013_temporal_v3_model_control,catboost,full_market_with_fx,message_hit,pooled_with_corridor_thresholds,outer_2023,2023,False,10d14213e118585ccaa286e9,RUB_KZT,budget_12,1.3,active,0.1526324266910478,0.9972602739726026,52,0.9972602739726026,365,52.142857142857146,246,0.9959514170040485,4.717808219178082,51,0.20647773279352227,True,0.9780821917808219,4.252823630136986,195,26,25,0.5098039215686274,0.3768069544840959,0.641427378576938,0.49019607843137253,0.5746176470588235,0.5746176470588235,0.0011223196077751803,-0.06481372549019604,0.887205473375305,90.93568954980785,90.93568954980785,36.4267392503,211.0465470652,309.87803528439997,895.2405324674,179.838862834844,315.0458031904401,0,12,0,1.0,-11.384958566015687,7.0,7.0,0.9,5,5,9.0,3,temporal_v3
20260905_h013_temporal_v3_catboost_control,H013_temporal_v3_model_control,catboost,full_market_with_fx,message_hit,pooled_with_corridor_thresholds,outer_2023,2023,False,10d14213e118585ccaa286e9,RUB_KZT,budget_13,1.4,active,0.1526324266910478,0.9972602739726026,52,0.9972602739726026,365,52.142857142857146,246,0.9959514170040485,4.717808219178082,51,0.20647773279352227,True,0.9780821917808219,4.252823630136986,195,26,25,0.5098039215686274,0.3768069544840959,0.641427378576938,0.49019607843137253,0.5731470588235292,0.5731470588235292,0.0011246478008040994,-0.06334313725490182,0.8894818768067603,90.93568954980785,90.93568954980785,36.4267392503,211.0465470652,309.87803528439997,895.2405324674,179.838862834844,315.0458031904401,0,12,0,1.0,-11.384958566015687,7.0,7.0,0.9,5,5,9.0,3,temporal_v3
20260905_h013_temporal_v3_catboost_control,H013_temporal_v3_model_control,catboost,full_market_with_fx,message_hit,pooled_with_corridor_thresholds,outer_2023,2023,False,10d14213e118585ccaa286e9,RUB_TJS,budget_00,0.1,active,0.826631028685422,0.0958904109589041,5,0.9780821917808219,365,52.142857142857146,11,0.044534412955465584,0.21095890410958903,8,0.032388663967611336,True,0.15342465753424656,0.6671095890410959,3,8,0,1.0,0.6755843804891231,1.0,0.0,0.710875,0.710875,0.0032616520161472184,0.28912499999999997,1.406717074028486,0.0,0.0,0.0,0.0,0.0,0.0,,,0,5,7,0.4166666666666667,46.02728127499999,15.0,7.0,0.42857142857142855,3,2,211.0,3,temporal_v3
20260905_h013_temporal_v3_catboost_control,H013_temporal_v3_model_control,catboost,full_market_with_fx,message_hit,pooled_with_corridor_thresholds,outer_2023,2023,False,10d14213e118585ccaa286e9,RUB_TJS,budget_01,0.2,active,0.8037123427371804,0.1917808219178082,10,0.9780821917808219,365,52.142857142857146,17,0.06882591093117409,0.32602739726027397,13,0.05263157894736842,True,0.24931506849315066,1.0840530821917809,4,10,3,0.7692307692307693,0.49743126004873084,0.918206209075343,0.23076923076923078,0.7026153846153846,0.7026153846153846,0.0025227483133684232,0.06661538461538463,1.0948105977665863,25.015801737092303,25.015801737092303,0.0,116.07826749446004,128.45488017224,129.0294953237,108.40180752739998,128.83795693988,0,7,5,0.5833333333333334,34.10364266445385,14.0,7.0,0.4166666666666667,4,3,126.0,3,temporal_v3
20260905_h013_temporal_v3_catboost_control,H013_temporal_v3_model_control,catboost,full_market_with_fx,message_hit,pooled_with_corridor_thresholds,outer_2023,2023,False,10d14213e118585ccaa286e9,RUB_TJS,budget_02,0.3,active,0.782137403667038,0.2876712328767123,15,0.9780821917808219,365,52.142857142857146,27,0.10931174089068826,0.5178082191780822,18,0.0728744939271255,True,0.34520547945205476,1.5009965753424657,9,15,3,0.8333333333333334,0.6077750036164077,0.9416352959953425,0.16666666666666666,0.7182777777777778,0.7182777777777778,0.0021395894311321936,0.11505555555555558,1.1601825353855673,20.48068237002222,20.48068237002222,0.0,86.09442771911004,128.21545719246498,129.0294953237,108.40180752739998,128.83795693988,0,11,1,0.9166666666666666,34.95917734812222,14.0,6.0,0.35294117647058826,4,4,69.0,3,temporal_v3
20260905_h013_temporal_v3_catboost_control,H013_temporal_v3_model_control,catboost,full_market_with_fx,message_hit,pooled_with_corridor_thresholds,outer_2023,2023,False,10d14213e118585ccaa286e9,RUB_TJS,budget_03,0.4,active,0.7697355460468271,0.3835616438356164,20,0.9780821917808219,365,52.142857142857146,32,0.12955465587044535,0.6136986301369862,21,0.08502024291497975,True,0.4027397260273972,1.7511626712328767,11,17,4,0.8095238095238095,0.599990134607267,0.923325593848227,0.19047619047619047,0.7101190476190475,0.7101190476190475,0.0019075718779790704,0.099404761904762,1.139983235540654,29.288074334228572,29.288074334228572,0.0,128.0718034046,129.0294953237,227.6466333372,138.21301397985,198.06149193315002,0,11,1,0.9166666666666666,26.174998170371428,7.5,6.0,0.5,5,4,69.0,3,temporal_v3
20260905_h013_temporal_v3_catboost_control,H013_temporal_v3_model_control,catboost,full_market_with_fx,message_hit,pooled_with_corridor_thresholds,outer_2023,2023,False,10d14213e118585ccaa286e9,RUB_TJS,budget_04,0.5,active,0.7547461912793648,0.4986301369863013,26,0.9780821917808219,365,52.142857142857146,38,0.15384615384615385,0.7287671232876712,23,0.0931174089068826,True,0.44109589041095887,1.9179400684931507,15,19,4,0.8260869565217391,0.6286194521470434,0.9302145964938723,0.17391304347826086,0.7302173913043477,0.7302173913043477,0.001844055971553619,0.09586956521739143,1.1312890741292052,29.601618531291304,29.601618531291304,0.0,116.07826749446004,128.93372613179,227.6466333372,138.21301397985,198.06149193315002,0,12,0,1.0,28.26027289148696,7.5,6.0,0.5,5,5,49.0,3,temporal_v3
20260905_h013_temporal_v3_catboost_control,H013_temporal_v3_model_control,catboost,full_market_with_fx,message_hit,pooled_with_corridor_thresholds,outer_2023,2023,False,10d14213e118585ccaa286e9,RUB_TJS,budget_05,0.6,active,0.7117071467135917,0.5945205479452055,31,0.9780821917808219,365,52.142857142857146,66,0.26720647773279355,1.2657534246575342,34,0.13765182186234817,True,0.6520547945205479,2.8352157534246576,32,28,6,0.8235294117647058,0.6648593225994784,0.9165114439643032,0.17647058823529413,0.7365588235294117,0.7365588235294117,0.001444558349198504,0.08697058823529413,1.1180769077187238,26.19491641859412,26.19491641859412,2.79095214215,66.54357698474,134.49097761825496,227.6466333372,115.03683926085,186.1401818941,0,12,0,1.0,27.762523973594117,7.0,6.0,0.5454545454545454,5,5,36.0,3,temporal_v3
20260905_h013_temporal_v3_catboost_control,H013_temporal_v3_model_control,catboost,full_market_with_fx,message_hit,pooled_with_corridor_thresholds,outer_2023,2023,False,10d14213e118585ccaa286e9,RUB_TJS,budget_06,0.7,active,0.6796258842329689,0.6904109589041095,36,0.9780821917808219,365,52.142857142857146,82,0.3319838056680162,1.5726027397260274,39,0.15789473684210525,True,0.747945205479452,3.2521592465753426,43,32,7,0.8205128205128205,0.6733164837555724,0.9102284818853,0.1794871794871795,0.7382179487179488,0.7382179487179488,0.0012282163965680088,0.08229487179487172,1.1114777443948523,37.376721749374354,37.376721749374354,2.4561140183,132.15034234916004,230.11910083151002,340.4284257055,175.01657398690003,287.59415525038,0,12,0,1.0,17.845585370512826,7.0,5.0,0.6052631578947368,5,5,29.0,3,temporal_v3
20260905_h013_temporal_v3_catboost_control,H013_temporal_v3_model_control,catboost,full_market_with_fx,message_hit,pooled_with_corridor_thresholds,outer_2023,2023,False,10d14213e118585ccaa286e9,RUB_TJS,budget_07,0.8,active,0.6160849174500221,0.7863013698630137,41,0.9780821917808219,365,52.142857142857146,110,0.44534412955465585,2.1095890410958904,42,0.1700404858299595,True,0.8054794520547944,3.5023253424657534,68,33,9,0.7857142857142857,0.6405986210195627,0.8829433146894876,0.21428571428571427,0.7327857142857144,0.7327857142857144,0.0011871091525833548,0.052928571428571325,1.0722292621113167,47.51833600100714,47.51833600100714,4.88451870655,142.93987438328998,303.94724701518976,340.4284257055,188.19283396772224,318.39499357014,0,12,0,1.0,15.92354239410238,7.0,5.0,0.6097560975609756,5,5,26.0,3,temporal_v3
20260905_h013_temporal_v3_catboost_control,H013_temporal_v3_model_control,catboost,full_market_with_fx,message_hit,pooled_with_corridor_thresholds,outer_2023,2023,False,10d14213e118585ccaa286e9,RUB_TJS,budget_08,0.9,active,0.5449035351209058,0.8821917808219177,46,0.9780821917808219,365,52.142857142857146,159,0.6437246963562753,3.0493150684931507,47,0.1902834008097166,True,0.9013698630136986,3.9192688356164385,112,32,15,0.6808510638297872,0.5383238911447854,0.7960479618260101,0.3191489361702128,0.713,0.713,0.0011074655397425733,-0.03214893617021275,0.9549103279520158,65.94721828012554,65.94721828012554,20.7919932119,247.52824168847988,311.01917590735997,346.44083434,184.14218234005332,329.41170963781997,0,12,0,1.0,-1.821261623948936,6.5,5.0,0.6739130434782609,5,5,18.0,3,temporal_v3
20260905_h013_temporal_v3_catboost_control,H013_temporal_v3_model_control,catboost,full_market_with_fx,message_hit,pooled_with_corridor_thresholds,outer_2023,2023,False,10d14213e118585ccaa286e9,RUB_TJS,budget_09,1.0,active,0.303104526566432,0.9780821917808219,51,0.9780821917808219,365,52.142857142857146,227,0.9190283400809717,4.353424657534246,51,0.20647773279352227,True,0.9780821917808219,4.252823630136986,176,33,18,0.6470588235294118,0.5098580497281073,0.7636569461874021,0.35294117647058826,0.7056960784313726,0.7056960784313726,0.0010029777141612405,-0.05863725490196081,0.916908628665898,68.61129769049607,68.61129769049607,9.8221809536,177.4392082143,385.5015536398,427.4124633574,181.08983869389442,398.01324182017,0,12,0,1.0,-4.341377604845098,7.0,5.9,0.8,5,5,10.0,3,temporal_v3
20260905_h013_temporal_v3_catboost_control,H013_temporal_v3_model_control,catboost,full_market_with_fx,message_hit,pooled_with_corridor_thresholds,outer_2023,2023,False,10d14213e118585ccaa286e9,RUB_TJS,budget_10,1.1,active,0.303104526566432,0.9780821917808219,51,0.9780821917808219,365,52.142857142857146,227,0.9190283400809717,4.353424657534246,51,0.20647773279352227,True,0.9780821917808219,4.252823630136986,176,33,18,0.6470588235294118,0.5098580497281073,0.7636569461874021,0.35294117647058826,0.7060098039215686,0.7060098039215686,0.0010223545524263087,-0.05895098039215685,0.916501187285629,68.61129769049607,68.61129769049607,9.8221809536,177.4392082143,385.5015536398,427.4124633574,181.08983869389442,398.01324182017,0,12,0,1.0,-4.341377604845098,7.0,5.9,0.8,5,5,10.0,3,temporal_v3
20260905_h013_temporal_v3_catboost_control,H013_temporal_v3_model_control,catboost,full_market_with_fx,message_hit,pooled_with_corridor_thresholds,outer_2023,2023,False,10d14213e118585ccaa286e9,RUB_TJS,budget_11,1.2,active,0.303104526566432,0.9780821917808219,51,0.9780821917808219,365,52.142857142857146,227,0.9190283400809717,4.353424657534246,51,0.20647773279352227,True,0.9780821917808219,4.252823630136986,176,33,18,0.6470588235294118,0.5098580497281073,0.7636569461874021,0.35294117647058826,0.7049313725490196,0.7049313725490196,0.0010307564705108387,-0.05787254901960781,0.9179032863719178,68.61129769049607,68.61129769049607,9.8221809536,177.4392082143,385.5015536398,427.4124633574,181.08983869389442,398.01324182017,0,12,0,1.0,-4.341377604845098,7.0,5.9,0.8,5,5,10.0,3,temporal_v3
20260905_h013_temporal_v3_catboost_control,H013_temporal_v3_model_control,catboost,full_market_with_fx,message_hit,pooled_with_corridor_thresholds,outer_2023,2023,False,10d14213e118585ccaa286e9,RUB_TJS,budget_12,1.3,active,0.303104526566432,0.9780821917808219,51,0.9780821917808219,365,52.142857142857146,227,0.9190283400809717,4.353424657534246,51,0.20647773279352227,True,0.9780821917808219,4.252823630136986,176,33,18,0.6470588235294118,0.5098580497281073,0.7636569461874021,0.35294117647058826,0.705421568627451,0.705421568627451,0.001016173852118056,-0.05836274509803918,0.9172654371603686,68.61129769049607,68.61129769049607,9.8221809536,177.4392082143,385.5015536398,427.4124633574,181.08983869389442,398.01324182017,0,12,0,1.0,-4.341377604845098,7.0,5.9,0.8,5,5,10.0,3,temporal_v3
20260905_h013_temporal_v3_catboost_control,H013_temporal_v3_model_control,catboost,full_market_with_fx,message_hit,pooled_with_corridor_thresholds,outer_2023,2023,False,10d14213e118585ccaa286e9,RUB_TJS,budget_13,1.4,active,0.303104526566432,0.9780821917808219,51,0.9780821917808219,365,52.142857142857146,227,0.9190283400809717,4.353424657534246,51,0.20647773279352227,True,0.9780821917808219,4.252823630136986,176,33,18,0.6470588235294118,0.5098580497281073,0.7636569461874021,0.35294117647058826,0.7073333333333333,0.7073333333333333,0.001022360784030803,-0.06027450980392146,0.9147862726617509,68.61129769049607,68.61129769049607,9.8221809536,177.4392082143,385.5015536398,427.4124633574,181.08983869389442,398.01324182017,0,12,0,1.0,-4.341377604845098,7.0,5.9,0.8,5,5,10.0,3,temporal_v3
20260905_h013_temporal_v3_catboost_control,H013_temporal_v3_model_control,catboost,full_market_with_fx,message_hit,pooled_with_corridor_thresholds,outer_2023,2023,False,10d14213e118585ccaa286e9,RUB_UZS,budget_00,0.1,active,0.8300169615275587,0.0958904109589041,5,0.9972602739726026,365,52.142857142857146,12,0.048582995951417005,0.23013698630136986,9,0.03643724696356275,True,0.17260273972602738,0.7504982876712328,3,8,1,0.8888888888888888,0.5649937852319398,0.9801096286728695,0.1111111111111111,0.6706666666666667,0.6706666666666667,0.0031744740598024144,0.2182222222222221,1.325381047051027,13.303847535400001,13.303847535400001,0.0,31.082990196960015,69.46208848007997,107.8411867632,107.8411867632,107.8411867632,0,5,7,0.4166666666666667,38.23563166950001,10.5,7.0,0.5,3,3,204.0,3,temporal_v3
20260905_h013_temporal_v3_catboost_control,H013_temporal_v3_model_control,catboost,full_market_with_fx,message_hit,pooled_with_corridor_thresholds,outer_2023,2023,False,10d14213e118585ccaa286e9,RUB_UZS,budget_01,0.2,active,0.8175598787296184,0.1917808219178082,10,0.9972602739726026,365,52.142857142857146,13,0.05263157894736842,0.24931506849315066,9,0.03643724696356275,True,0.17260273972602738,0.7504982876712328,4,8,1,0.8888888888888888,0.5649937852319398,0.9801096286728695,0.1111111111111111,0.6795,0.6795,0.0030579962056637216,0.20938888888888885,1.3081514185266945,13.303847535400001,13.303847535400001,0.0,31.082990196960015,69.46208848007997,107.8411867632,107.8411867632,107.8411867632,0,5,7,0.4166666666666667,38.23563166950001,10.5,7.0,0.5,3,3,204.0,3,temporal_v3
20260905_h013_temporal_v3_catboost_control,H013_temporal_v3_model_control,catboost,full_market_with_fx,message_hit,pooled_with_corridor_thresholds,outer_2023,2023,False,10d14213e118585ccaa286e9,RUB_UZS,budget_02,0.3,active,0.7881022458542987,0.2876712328767123,15,0.9972602739726026,365,52.142857142857146,23,0.0931174089068826,0.44109589041095887,18,0.0728744939271255,True,0.34520547945205476,1.5009965753424657,5,14,4,0.7777777777777778,0.547849735476945,0.9099921808661801,0.2222222222222222,0.7245555555555555,0.7245555555555555,0.0020911530380188443,0.05322222222222228,1.0734549915657108,23.050284228422225,23.050284228422225,0.0,73.67084978851004,112.69784692642496,140.2189211847,91.47727126595001,130.50560085825,0,9,3,0.75,25.438903878133335,7.0,6.0,0.5294117647058824,4,4,63.0,3,temporal_v3
20260905_h013_temporal_v3_catboost_control,H013_temporal_v3_model_control,catboost,full_market_with_fx,message_hit,pooled_with_corridor_thresholds,outer_2023,2023,False,10d14213e118585ccaa286e9,RUB_UZS,budget_03,0.4,active,0.7775319602716111,0.3835616438356164,20,0.9972602739726026,365,52.142857142857146,31,0.12550607287449392,0.5945205479452055,21,0.08502024291497975,True,0.4027397260273972,1.7511626712328767,10,17,4,0.8095238095238095,0.599990134607267,0.923325593848227,0.19047619047619047,0.7274047619047619,0.7274047619047619,0.001849222366410554,0.08211904761904765,1.1128931949854342,20.441317774242858,20.441317774242858,0.0,59.0264196565,107.8411867632,140.2189211847,91.47727126595001,130.50560085825,0,11,1,0.9166666666666666,27.437656952290475,8.0,6.0,0.45,5,4,56.0,3,temporal_v3
20260905_h013_temporal_v3_catboost_control,H013_temporal_v3_model_control,catboost,full_market_with_fx,message_hit,pooled_with_corridor_thresholds,outer_2023,2023,False,10d14213e118585ccaa286e9,RUB_UZS,budget_04,0.5,active,0.7489266501478326,0.4986301369863013,26,0.9972602739726026,365,52.142857142857146,46,0.1862348178137652,0.8821917808219177,27,0.10931174089068826,True,0.5178082191780822,2.2514948630136984,19,22,5,0.8148148148148148,0.6330094349480825,0.9181941342571468,0.18518518518518517,0.732574074074074,0.732574074074074,0.0015966224035419683,0.08224074074074073,1.1122626962258904,27.430865470244445,27.430865470244445,0.0,91.50342026778017,156.5122854586,215.7818246487,127.46897576220002,194.8671571339,0,11,1,0.9166666666666666,21.209487697566665,7.0,6.0,0.6153846153846154,5,5,57.0,3,temporal_v3
20260905_h013_temporal_v3_catboost_control,H013_temporal_v3_model_control,catboost,full_market_with_fx,message_hit,pooled_with_corridor_thresholds,outer_2023,2023,False,10d14213e118585ccaa286e9,RUB_UZS,budget_05,0.6,active,0.7148252082219178,0.5945205479452055,31,0.9972602739726026,365,52.142857142857146,60,0.242914979757085,1.1506849315068493,31,0.12550607287449392,True,0.5945205479452055,2.5850496575342463,29,25,6,0.8064516129032258,0.6371939644454012,0.9081311641365236,0.1935483870967742,0.727741935483871,0.727741935483871,0.0015158902186919571,0.07870967741935475,1.1081560283687941,29.096771233829028,29.096771233829028,7.4672191708,59.0264196565,151.8570385232,215.7818246487,114.64813094216667,189.6384902552,0,11,1,0.9166666666666666,21.775802114170965,7.0,6.0,0.6,5,5,49.0,3,temporal_v3
20260905_h013_temporal_v3_catboost_control,H013_temporal_v3_model_control,catboost,full_market_with_fx,message_hit,pooled_with_corridor_thresholds,outer_2023,2023,False,10d14213e118585ccaa286e9,RUB_UZS,budget_06,0.7,active,0.6620408952550756,0.6904109589041095,36,0.9972602739726026,365,52.142857142857146,80,0.32388663967611336,1.5342465753424657,37,0.14979757085020243,True,0.7095890410958904,3.0853818493150684,43,31,6,0.8378378378378378,0.6886320070454415,0.9234889676470291,0.16216216216216217,0.732364864864865,0.732364864864865,0.0012918351210519932,0.10547297297297287,1.1440169757357688,25.789631490197298,25.789631490197298,7.9666275112,58.90410233824,144.8741681200999,215.7818246487,114.64813094216667,189.6384902552,0,11,1,0.9166666666666666,33.11005278291352,7.0,6.0,0.6388888888888888,5,5,35.0,3,temporal_v3
20260905_h013_temporal_v3_catboost_control,H013_temporal_v3_model_control,catboost,full_market_with_fx,message_hit,pooled_with_corridor_thresholds,outer_2023,2023,False,10d14213e118585ccaa286e9,RUB_UZS,budget_07,0.8,active,0.6334980509928266,0.7863013698630137,41,0.9972602739726026,365,52.142857142857146,91,0.3684210526315789,1.7452054794520546,40,0.16194331983805668,True,0.7671232876712328,3.3355479452054793,51,33,7,0.825,0.6804970794560756,0.9125469700311694,0.175,0.7265,0.7265,0.0012484858262828673,0.09849999999999992,1.1355815554026152,40.99979619243,40.99979619243,3.9833137556,167.66936376709006,217.6854148200699,334.1757547455,195.96984844125714,285.98247874386004,0,11,1,0.9166666666666666,20.4197706845925,7.0,5.0,0.6410256410256411,5,5,35.0,3,temporal_v3
20260905_h013_temporal_v3_catboost_control,H013_temporal_v3_model_control,catboost,full_market_with_fx,message_hit,pooled_with_corridor_thresholds,outer_2023,2023,False,10d14213e118585ccaa286e9,RUB_UZS,budget_08,0.9,active,0.5454299379489115,0.8821917808219177,46,0.9972602739726026,365,52.142857142857146,154,0.6234817813765182,2.953424657534246,47,0.1902834008097166,True,0.9013698630136986,3.9192688356164385,107,30,17,0.6382978723404256,0.4953563457177045,0.7603397771423157,0.3617021276595745,0.701627659574468,0.701627659574468,0.0011070635261216464,-0.06332978723404248,0.9097387533546617,69.6585679322,69.6585679322,21.8879955642,246.62749918399984,316.99880637815,353.6706382242,175.4392828592588,325.34451630792,0,12,0,1.0,0.12179603407446817,7.0,5.0,0.6956521739130435,5,5,26.0,3,temporal_v3
20260905_h013_temporal_v3_catboost_control,H013_temporal_v3_model_control,catboost,full_market_with_fx,message_hit,pooled_with_corridor_thresholds,outer_2023,2023,False,10d14213e118585ccaa286e9,RUB_UZS,budget_09,1.0,active,0.15101190154948413,0.9972602739726026,52,0.9972602739726026,365,52.142857142857146,246,0.9959514170040485,4.717808219178082,51,0.20647773279352227,True,0.9780821917808219,4.252823630136986,195,31,20,0.6078431372549019,0.4708491122516505,0.7297285514197229,0.39215686274509803,0.7192156862745098,0.7192156862745098,0.0010542284774628843,-0.11137254901960791,0.8451472191930206,84.4918969142765,84.4918969142765,20.7196585298,200.1417266739,395.68911359715,758.0526558539,204.122276194575,417.47267193035003,0,12,0,1.0,-9.307230907584314,7.0,7.0,0.9,5,5,9.0,3,temporal_v3
20260905_h013_temporal_v3_catboost_control,H013_temporal_v3_model_control,catboost,full_market_with_fx,message_hit,pooled_with_corridor_thresholds,outer_2023,2023,False,10d14213e118585ccaa286e9,RUB_UZS,budget_10,1.1,active,0.15101190154948413,0.9972602739726026,52,0.9972602739726026,365,52.142857142857146,246,0.9959514170040485,4.717808219178082,51,0.20647773279352227,True,0.9780821917808219,4.252823630136986,195,31,20,0.6078431372549019,0.4708491122516505,0.7297285514197229,0.39215686274509803,0.7191666666666665,0.7191666666666665,0.0010359999629538405,-0.1113235294117646,0.845204825846909,84.4918969142765,84.4918969142765,20.7196585298,200.1417266739,395.68911359715,758.0526558539,204.122276194575,417.47267193035003,0,12,0,1.0,-9.307230907584314,7.0,7.0,0.9,5,5,9.0,3,temporal_v3
20260905_h013_temporal_v3_catboost_control,H013_temporal_v3_model_control,catboost,full_market_with_fx,message_hit,pooled_with_corridor_thresholds,outer_2023,2023,False,10d14213e118585ccaa286e9,RUB_UZS,budget_11,1.2,active,0.15101190154948413,0.9972602739726026,52,0.9972602739726026,365,52.142857142857146,246,0.9959514170040485,4.717808219178082,51,0.20647773279352227,True,0.9780821917808219,4.252823630136986,195,31,20,0.6078431372549019,0.4708491122516505,0.7297285514197229,0.39215686274509803,0.7172843137254901,0.7172843137254901,0.001006609572254365,-0.10944117647058815,0.8474228776840753,84.4918969142765,84.4918969142765,20.7196585298,200.1417266739,395.68911359715,758.0526558539,204.122276194575,417.47267193035003,0,12,0,1.0,-9.307230907584314,7.0,7.0,0.9,5,5,9.0,3,temporal_v3
20260905_h013_temporal_v3_catboost_control,H013_temporal_v3_model_control,catboost,full_market_with_fx,message_hit,pooled_with_corridor_thresholds,outer_2023,2023,False,10d14213e118585ccaa286e9,RUB_UZS,budget_12,1.3,active,0.15101190154948413,0.9972602739726026,52,0.9972602739726026,365,52.142857142857146,246,0.9959514170040485,4.717808219178082,51,0.20647773279352227,True,0.9780821917808219,4.252823630136986,195,31,20,0.6078431372549019,0.4708491122516505,0.7297285514197229,0.39215686274509803,0.7168529411764705,0.7168529411764705,0.0010091954005437699,-0.10900980392156856,0.8479328218383732,84.4918969142765,84.4918969142765,20.7196585298,200.1417266739,395.68911359715,758.0526558539,204.122276194575,417.47267193035003,0,12,0,1.0,-9.307230907584314,7.0,7.0,0.9,5,5,9.0,3,temporal_v3
20260905_h013_temporal_v3_catboost_control,H013_temporal_v3_model_control,catboost,full_market_with_fx,message_hit,pooled_with_corridor_thresholds,outer_2023,2023,False,10d14213e118585ccaa286e9,RUB_UZS,budget_13,1.4,active,0.15101190154948413,0.9972602739726026,52,0.9972602739726026,365,52.142857142857146,246,0.9959514170040485,4.717808219178082,51,0.20647773279352227,True,0.9780821917808219,4.252823630136986,195,31,20,0.6078431372549019,0.4708491122516505,0.7297285514197229,0.39215686274509803,0.7183725490196078,0.7183725490196078,0.0010275873177714987,-0.11052941176470588,0.846139148947785,84.4918969142765,84.4918969142765,20.7196585298,200.1417266739,395.68911359715,758.0526558539,204.122276194575,417.47267193035003,0,12,0,1.0,-9.307230907584314,7.0,7.0,0.9,5,5,9.0,3,temporal_v3
20260905_h013_temporal_v3_catboost_control,H013_temporal_v3_model_control,catboost,full_market_with_fx,message_hit,pooled_with_corridor_thresholds,outer_2024,2024,False,10d14213e118585ccaa286e9,RUB_AMD,budget_00,0.1,active,0.8525553519054803,0.0958904109589041,5,0.9780821917808219,366,52.285714285714285,16,0.06451612903225806,0.30601092896174864,10,0.04032258064516129,True,0.1912568306010929,0.8316086065573771,6,8,2,0.8,0.49015684672072346,0.9433190520193067,0.2,0.70405,0.70405,0.002871135743957453,0.09595000000000009,1.1362829344506784,21.92878775798,21.92878775798,5.3441974627499995,67.50045172079999,76.92389806634998,86.3473444119,75.8768484724,84.253245224,0,5,7,0.4166666666666667,6.313038358119999,7.0,6.8,0.5555555555555556,4,4,151.0,3,temporal_v3
20260905_h013_temporal_v3_catboost_control,H013_temporal_v3_model_control,catboost,full_market_with_fx,message_hit,pooled_with_corridor_thresholds,outer_2024,2024,False,10d14213e118585ccaa286e9,RUB_AMD,budget_01,0.2,active,0.8066752112111716,0.1917808219178082,10,0.9780821917808219,366,52.285714285714285,43,0.17338709677419356,0.8224043715846995,25,0.10080645161290322,True,0.47814207650273227,2.0790215163934427,18,22,3,0.88,0.7004380781662651,0.9583325864293191,0.12,0.7410599999999999,0.7410599999999999,0.001679299920833695,0.13894000000000006,1.1874881925889942,13.676384025852,13.676384025852,0.0,47.52663441070001,62.55901877973996,81.4747569671,66.01693108903333,78.26107608026001,0,10,2,0.8333333333333334,20.459117695839996,7.0,7.0,0.5833333333333334,4,4,91.0,3,temporal_v3
20260905_h013_temporal_v3_catboost_control,H013_temporal_v3_model_control,catboost,full_market_with_fx,message_hit,pooled_with_corridor_thresholds,outer_2024,2024,False,10d14213e118585ccaa286e9,RUB_AMD,budget_02,0.3,active,0.780309183329211,0.2876712328767123,15,0.9780821917808219,366,52.285714285714285,55,0.2217741935483871,1.0519125683060109,33,0.13306451612903225,True,0.6311475409836066,2.7443084016393446,22,29,4,0.8787878787878788,0.7267415674973484,0.9518391673241577,0.12121212121212122,0.7860909090909091,0.7860909090909091,0.0012960256005374326,0.09269696969696972,1.1179214371072819,15.885785162736367,15.885785162736367,0.0,49.348159088900005,71.83371430657998,132.8074865174,82.71456994612501,117.40766765231001,0,11,1,0.9166666666666666,12.732167968648486,7.0,7.0,0.65625,5,5,34.0,3,temporal_v3
20260905_h013_temporal_v3_catboost_control,H013_temporal_v3_model_control,catboost,full_market_with_fx,message_hit,pooled_with_corridor_thresholds,outer_2024,2024,False,10d14213e118585ccaa286e9,RUB_AMD,budget_03,0.4,active,0.767276505351744,0.3835616438356164,20,0.9780821917808219,366,52.285714285714285,65,0.2620967741935484,1.2431693989071038,39,0.15725806451612903,True,0.7459016393442623,3.243273565573771,26,35,4,0.8974358974358975,0.7642084129775517,0.9593873444171301,0.10256410256410256,0.784397435897436,0.784397435897436,0.0011434886350438313,0.11303846153846142,1.1441086576336563,15.726380943269232,15.726380943269232,0.0,43.88358505430003,81.78461823216001,132.8074865174,87.506324217325,118.33725144749002,0,12,0,1.0,17.08573950679743,7.0,6.0,0.6842105263157895,5,5,28.0,3,temporal_v3
20260905_h013_temporal_v3_catboost_control,H013_temporal_v3_model_control,catboost,full_market_with_fx,message_hit,pooled_with_corridor_thresholds,outer_2024,2024,False,10d14213e118585ccaa286e9,RUB_AMD,budget_04,0.5,active,0.732037648585523,0.4986301369863013,26,0.9780821917808219,366,52.285714285714285,86,0.3467741935483871,1.644808743169399,41,0.16532258064516128,True,0.7841530054644809,3.409595286885246,45,33,8,0.8048780487804879,0.6598611764744329,0.8976568425079408,0.1951219512195122,0.7875121951219513,0.7875121951219513,0.0010921357828894156,0.0173658536585366,1.0220515361744302,29.121876973692686,29.121876973692686,0.0,84.5733696177,101.115228685,342.0449406665,119.47379878425,195.57872276212998,0,12,0,1.0,11.746919092385365,7.0,6.0,0.75,5,5,28.0,3,temporal_v3
20260905_h013_temporal_v3_catboost_control,H013_temporal_v3_model_control,catboost,full_market_with_fx,message_hit,pooled_with_corridor_thresholds,outer_2024,2024,False,10d14213e118585ccaa286e9,RUB_AMD,budget_05,0.6,active,0.7108448259863589,0.5945205479452055,31,0.9780821917808219,366,52.285714285714285,99,0.39919354838709675,1.8934426229508197,44,0.1774193548387097,True,0.8415300546448088,3.6590778688524592,55,34,10,0.7727272727272727,0.6300735713298432,0.871581891698149,0.22727272727272727,0.7568181818181817,0.7568181818181817,0.001076880097533212,0.015909090909090984,1.021021021021021,43.387397200075,43.387397200075,0.0,105.84321885043002,137.16702253486503,502.7311665632,164.93454773314002,358.1135632561699,0,12,0,1.0,8.96836103048409,7.0,6.0,0.6511627906976745,5,5,20.0,3,temporal_v3
20260905_h013_temporal_v3_catboost_control,H013_temporal_v3_model_control,catboost,full_market_with_fx,message_hit,pooled_with_corridor_thresholds,outer_2024,2024,False,10d14213e118585ccaa286e9,RUB_AMD,budget_06,0.7,active,0.6853925129562277,0.6904109589041095,36,0.9780821917808219,366,52.285714285714285,107,0.4314516129032258,2.046448087431694,44,0.1774193548387097,True,0.8415300546448088,3.6590778688524592,63,35,9,0.7954545454545454,0.6549913631816676,0.888468721765324,0.20454545454545456,0.7572159090909091,0.7572159090909091,0.001081631803244739,0.038238636363636336,1.050498987018834,41.562789450377274,41.562789450377274,0.0,97.73442140944003,133.42632460974005,502.7311665632,168.5042212015556,374.18218584584,0,12,0,1.0,12.155676880647725,7.0,6.0,0.6511627906976745,5,5,20.0,3,temporal_v3
20260905_h013_temporal_v3_catboost_control,H013_temporal_v3_model_control,catboost,full_market_with_fx,message_hit,pooled_with_corridor_thresholds,outer_2024,2024,False,10d14213e118585ccaa286e9,RUB_AMD,budget_07,0.8,active,0.6393430557332871,0.7863013698630137,41,0.9780821917808219,366,52.285714285714285,142,0.5725806451612904,2.7158469945355193,48,0.1935483870967742,True,0.9180327868852459,3.99172131147541,94,35,13,0.7291666666666666,0.5900276538379887,0.834341964383671,0.2708333333333333,0.75665625,0.75665625,0.0010197502393940008,-0.0274895833333334,0.9636696540425941,53.14829686477708,53.14829686477708,5.53553036295,111.06572287167005,133.16315681301498,716.3938004802,172.46353363273076,370.2987026982202,0,12,0,1.0,5.2036221540375,7.0,5.6000000000000005,0.6808510638297872,6,5,15.0,3,temporal_v3
20260905_h013_temporal_v3_catboost_control,H013_temporal_v3_model_control,catboost,full_market_with_fx,message_hit,pooled_with_corridor_thresholds,outer_2024,2024,False,10d14213e118585ccaa286e9,RUB_AMD,budget_08,0.9,active,0.5903595643249423,0.8821917808219177,46,0.9780821917808219,366,52.285714285714285,166,0.6693548387096774,3.1748633879781423,49,0.1975806451612903,True,0.9371584699453552,4.074882172131148,117,35,14,0.7142857142857143,0.5759085079389967,0.8215056506027583,0.2857142857142857,0.754734693877551,0.754734693877551,0.0009907982528993516,-0.04044897959183669,0.9464063598507383,54.22671959794897,54.22671959794897,14.9075001833,119.42462747058,167.31648439505972,716.3938004802,169.3465039772143,355.9434749008603,0,12,0,1.0,6.066195117318367,7.0,5.0,0.7708333333333334,5,5,16.0,3,temporal_v3
20260905_h013_temporal_v3_catboost_control,H013_temporal_v3_model_control,catboost,full_market_with_fx,message_hit,pooled_with_corridor_thresholds,outer_2024,2024,False,10d14213e118585ccaa286e9,RUB_AMD,budget_09,1.0,active,0.3819149088380188,0.9780821917808219,51,0.9780821917808219,366,52.285714285714285,233,0.9395161290322581,4.456284153005464,54,0.21774193548387097,True,1.0327868852459017,4.490686475409836,179,35,19,0.6481481481481481,0.5148458381779774,0.7617716827757999,0.35185185185185186,0.7322129629629629,0.7322129629629629,0.0008672751372382842,-0.08406481481481476,0.8851907586084802,72.13589562432963,72.13589562432963,29.390484679300002,227.58171272676017,274.92206160026996,716.3938004802,184.20881188089473,307.63656279105993,0,12,0,1.0,-4.82305687385,7.0,5.0,0.9056603773584906,5,5,11.0,3,temporal_v3
20260905_h013_temporal_v3_catboost_control,H013_temporal_v3_model_control,catboost,full_market_with_fx,message_hit,pooled_with_corridor_thresholds,outer_2024,2024,False,10d14213e118585ccaa286e9,RUB_AMD,budget_10,1.1,active,0.3819149088380188,0.9780821917808219,51,0.9780821917808219,366,52.285714285714285,233,0.9395161290322581,4.456284153005464,54,0.21774193548387097,True,1.0327868852459017,4.490686475409836,179,35,19,0.6481481481481481,0.5148458381779774,0.7617716827757999,0.35185185185185186,0.7328333333333332,0.7328333333333332,0.000866110381497666,-0.08468518518518509,0.8844414120738889,72.13589562432963,72.13589562432963,29.390484679300002,227.58171272676017,274.92206160026996,716.3938004802,184.20881188089473,307.63656279105993,0,12,0,1.0,-4.82305687385,7.0,5.0,0.9056603773584906,5,5,11.0,3,temporal_v3
20260905_h013_temporal_v3_catboost_control,H013_temporal_v3_model_control,catboost,full_market_with_fx,message_hit,pooled_with_corridor_thresholds,outer_2024,2024,False,10d14213e118585ccaa286e9,RUB_AMD,budget_11,1.2,active,0.3819149088380188,0.9780821917808219,51,0.9780821917808219,366,52.285714285714285,233,0.9395161290322581,4.456284153005464,54,0.21774193548387097,True,1.0327868852459017,4.490686475409836,179,35,19,0.6481481481481481,0.5148458381779774,0.7617716827757999,0.35185185185185186,0.7326203703703703,0.7326203703703703,0.000844909249079662,-0.08447222222222217,0.8846985073872325,72.13589562432963,72.13589562432963,29.390484679300002,227.58171272676017,274.92206160026996,716.3938004802,184.20881188089473,307.63656279105993,0,12,0,1.0,-4.82305687385,7.0,5.0,0.9056603773584906,5,5,11.0,3,temporal_v3
20260905_h013_temporal_v3_catboost_control,H013_temporal_v3_model_control,catboost,full_market_with_fx,message_hit,pooled_with_corridor_thresholds,outer_2024,2024,False,10d14213e118585ccaa286e9,RUB_AMD,budget_12,1.3,active,0.3819149088380188,0.9780821917808219,51,0.9780821917808219,366,52.285714285714285,233,0.9395161290322581,4.456284153005464,54,0.21774193548387097,True,1.0327868852459017,4.490686475409836,179,35,19,0.6481481481481481,0.5148458381779774,0.7617716827757999,0.35185185185185186,0.732148148148148,0.732148148148148,0.0008575542255119695,-0.08399999999999985,0.8852691218130313,72.13589562432963,72.13589562432963,29.390484679300002,227.58171272676017,274.92206160026996,716.3938004802,184.20881188089473,307.63656279105993,0,12,0,1.0,-4.82305687385,7.0,5.0,0.9056603773584906,5,5,11.0,3,temporal_v3
20260905_h013_temporal_v3_catboost_control,H013_temporal_v3_model_control,catboost,full_market_with_fx,message_hit,pooled_with_corridor_thresholds,outer_2024,2024,False,10d14213e118585ccaa286e9,RUB_AMD,budget_13,1.4,active,0.3819149088380188,0.9780821917808219,51,0.9780821917808219,366,52.285714285714285,233,0.9395161290322581,4.456284153005464,54,0.21774193548387097,True,1.0327868852459017,4.490686475409836,179,35,19,0.6481481481481481,0.5148458381779774,0.7617716827757999,0.35185185185185186,0.7327592592592592,0.7327592592592592,0.0008735623337298446,-0.08461111111111108,0.8845308195809851,72.13589562432963,72.13589562432963,29.390484679300002,227.58171272676017,274.92206160026996,716.3938004802,184.20881188089473,307.63656279105993,0,12,0,1.0,-4.82305687385,7.0,5.0,0.9056603773584906,5,5,11.0,3,temporal_v3
20260905_h013_temporal_v3_catboost_control,H013_temporal_v3_model_control,catboost,full_market_with_fx,message_hit,pooled_with_corridor_thresholds,outer_2024,2024,False,10d14213e118585ccaa286e9,RUB_KGS,budget_00,0.1,active,0.8507802646970907,0.0958904109589041,5,0.9780821917808219,366,52.285714285714285,22,0.08870967741935484,0.4207650273224044,15,0.06048387096774194,True,0.28688524590163933,1.2474129098360658,7,13,2,0.8666666666666667,0.6211750079348376,0.9626395301086408,0.13333333333333333,0.7699666666666667,0.7699666666666667,0.002212415008053803,0.09670000000000001,1.1255898523745618,16.355438294106666,16.355438294106666,0.0,49.360757984379994,82.3079825559499,143.5434846554,99.80384029865,134.79555578405,0,7,5,0.5833333333333334,3.283988225593334,10.0,6.3,0.5,4,4,92.0,3,temporal_v3
20260905_h013_temporal_v3_catboost_control,H013_temporal_v3_model_control,catboost,full_market_with_fx,message_hit,pooled_with_corridor_thresholds,outer_2024,2024,False,10d14213e118585ccaa286e9,RUB_KGS,budget_01,0.2,active,0.8130849245322938,0.1917808219178082,10,0.9780821917808219,366,52.285714285714285,50,0.20161290322580644,0.9562841530054645,27,0.10887096774193548,True,0.5163934426229508,2.245343237704918,23,25,2,0.9259259259259259,0.7663002270926939,0.9794457783026164,0.07407407407407407,0.7790185185185186,0.7790185185185186,0.001476139961504667,0.14690740740740738,1.1885801221860366,11.874052948222221,11.874052948222221,0.0,39.615974650540004,51.26939767558999,73.1407461362,64.60247103905,71.43309111677,0,10,2,0.8333333333333334,21.396509194881478,7.0,7.0,0.5769230769230769,4,5,91.0,3,temporal_v3
20260905_h013_temporal_v3_catboost_control,H013_temporal_v3_model_control,catboost,full_market_with_fx,message_hit,pooled_with_corridor_thresholds,outer_2024,2024,False,10d14213e118585ccaa286e9,RUB_KGS,budget_02,0.3,active,0.8005659476097741,0.2876712328767123,15,0.9780821917808219,366,52.285714285714285,54,0.21774193548387097,1.0327868852459017,30,0.12096774193548387,True,0.5737704918032787,2.4948258196721316,24,27,3,0.9,0.7437855868473338,0.9654007400402839,0.1,0.7747,0.7747,0.0014153369957815834,0.12529999999999997,1.1617400283980894,13.032599939756667,13.032599939756667,0.0,41.67980114297003,63.937100898739956,73.1407461362,66.52783688960001,72.5883106271,0,11,1,0.9166666666666666,19.43913173943,7.0,6.0,0.6551724137931034,5,5,78.0,3,temporal_v3
20260905_h013_temporal_v3_catboost_control,H013_temporal_v3_model_control,catboost,full_market_with_fx,message_hit,pooled_with_corridor_thresholds,outer_2024,2024,False,10d14213e118585ccaa286e9,RUB_KGS,budget_03,0.4,active,0.7675686721306596,0.3835616438356164,20,0.9780821917808219,366,52.285714285714285,66,0.2661290322580645,1.2622950819672132,36,0.14516129032258066,True,0.6885245901639344,2.9937909836065577,30,32,4,0.8888888888888888,0.7468487098496366,0.9559343109125815,0.1111111111111111,0.7793333333333332,0.7793333333333332,0.0012607445566743584,0.10955555555555563,1.1405759908753923,16.66231226791667,16.66231226791667,0.0,58.46597929745,71.776009999475,108.4871398506,80.83188813285,97.88322173628,0,12,0,1.0,19.593793976205554,7.0,7.0,0.7142857142857143,5,5,28.0,3,temporal_v3
20260905_h013_temporal_v3_catboost_control,H013_temporal_v3_model_control,catboost,full_market_with_fx,message_hit,pooled_with_corridor_thresholds,outer_2024,2024,False,10d14213e118585ccaa286e9,RUB_KGS,budget_04,0.5,active,0.7371509980701731,0.4986301369863013,26,0.9780821917808219,366,52.285714285714285,79,0.3185483870967742,1.510928961748634,38,0.1532258064516129,True,0.726775956284153,3.160112704918033,41,33,5,0.868421052631579,0.7267282994850113,0.9424621712426857,0.13157894736842105,0.7819605263157895,0.7819605263157895,0.0011681602705236416,0.08646052631578949,1.1105689141664843,17.309353806810527,17.309353806810527,0.0,60.42637648973006,71.594045181245,108.4871398506,75.897740767,94.34858236484,0,12,0,1.0,22.938356332494738,7.0,6.0,0.6756756756756757,5,5,28.0,3,temporal_v3
20260905_h013_temporal_v3_catboost_control,H013_temporal_v3_model_control,catboost,full_market_with_fx,message_hit,pooled_with_corridor_thresholds,outer_2024,2024,False,10d14213e118585ccaa286e9,RUB_KGS,budget_05,0.6,active,0.7199207456540639,0.5945205479452055,31,0.9780821917808219,366,52.285714285714285,90,0.3629032258064516,1.7213114754098362,40,0.16129032258064516,True,0.7650273224043715,3.3264344262295085,50,34,6,0.85,0.7092737396097997,0.9293890829149257,0.15,0.745375,0.745375,0.0012102580509027352,0.10462499999999997,1.14036558779138,32.141645081567496,32.141645081567496,0.0,75.03770214357004,112.21954243616491,473.5706873524,162.64626108831666,307.5045251801,0,12,0,1.0,23.5492888316425,7.0,6.0,0.5641025641025641,5,5,28.0,3,temporal_v3
20260905_h013_temporal_v3_catboost_control,H013_temporal_v3_model_control,catboost,full_market_with_fx,message_hit,pooled_with_corridor_thresholds,outer_2024,2024,False,10d14213e118585ccaa286e9,RUB_KGS,budget_06,0.7,active,0.6946464995378071,0.6904109589041095,36,0.9780821917808219,366,52.285714285714285,109,0.43951612903225806,2.0846994535519126,43,0.17338709677419356,True,0.8224043715846995,3.5759170081967215,66,35,8,0.813953488372093,0.6738270676469403,0.9025836441989402,0.18604651162790697,0.7462790697674417,0.7462790697674417,0.001143007955826167,0.06767441860465129,1.090682455593643,38.094085161455816,38.094085161455816,0.0,99.47037395650003,110.01951487256,661.5821773191,169.45075664055,297.48150730118994,0,12,0,1.0,13.816173095074419,7.0,6.0,0.6428571428571429,5,5,22.0,3,temporal_v3
20260905_h013_temporal_v3_catboost_control,H013_temporal_v3_model_control,catboost,full_market_with_fx,message_hit,pooled_with_corridor_thresholds,outer_2024,2024,False,10d14213e118585ccaa286e9,RUB_KGS,budget_07,0.8,active,0.6546417032396838,0.7863013698630137,41,0.9780821917808219,366,52.285714285714285,140,0.5645161290322581,2.6775956284153004,48,0.1935483870967742,True,0.9180327868852459,3.99172131147541,92,36,12,0.75,0.6121535625207292,0.8507951119028997,0.25,0.73465625,0.73465625,0.0010374443094744049,0.01534374999999999,1.0208856182738526,50.078432428099994,50.078432428099994,1.547098086,111.43613212945002,137.19780747789,661.5821773191,174.83193730101667,429.86397486585014,0,12,0,1.0,7.497501477852083,7.0,5.6000000000000005,0.723404255319149,5,5,15.0,3,temporal_v3
20260905_h013_temporal_v3_catboost_control,H013_temporal_v3_model_control,catboost,full_market_with_fx,message_hit,pooled_with_corridor_thresholds,outer_2024,2024,False,10d14213e118585ccaa286e9,RUB_KGS,budget_08,0.9,active,0.6044577914670007,0.8821917808219177,46,0.9780821917808219,366,52.285714285714285,165,0.6653225806451613,3.1557377049180326,49,0.1975806451612903,True,0.9371584699453552,4.074882172131148,116,36,13,0.7346938775510204,0.5973744384734165,0.8378886875485057,0.2653061224489796,0.7295612244897959,0.7295612244897959,0.0010077465565559733,0.005132653061224568,1.0070352602207087,55.68927500920204,55.68927500920204,7.7277644941,131.13124682452005,177.36401006789978,661.5821773191,180.78427254272307,407.9723559143402,0,12,0,1.0,1.100647074630612,7.0,5.0,0.7916666666666666,5,5,16.0,3,temporal_v3
20260905_h013_temporal_v3_catboost_control,H013_temporal_v3_model_control,catboost,full_market_with_fx,message_hit,pooled_with_corridor_thresholds,outer_2024,2024,False,10d14213e118585ccaa286e9,RUB_KGS,budget_09,1.0,active,0.3930027228678207,0.9780821917808219,51,0.9780821917808219,366,52.285714285714285,230,0.9274193548387096,4.398907103825136,54,0.21774193548387097,True,1.0327868852459017,4.490686475409836,176,34,20,0.6296296296296297,0.4962722279108102,0.745768102923745,0.37037037037037035,0.7156111111111111,0.7156111111111111,0.0008722172470460791,-0.08598148148148144,0.8798488730171053,68.05436158934259,68.05436158934259,22.8509010907,214.3164869824401,250.83009621619496,661.5821773191,169.23166159967997,276.0952319023703,0,12,0,1.0,-3.2383621975944443,7.0,5.0,0.9056603773584906,5,5,11.0,3,temporal_v3
20260905_h013_temporal_v3_catboost_control,H013_temporal_v3_model_control,catboost,full_market_with_fx,message_hit,pooled_with_corridor_thresholds,outer_2024,2024,False,10d14213e118585ccaa286e9,RUB_KGS,budget_10,1.1,active,0.3930027228678207,0.9780821917808219,51,0.9780821917808219,366,52.285714285714285,230,0.9274193548387096,4.398907103825136,54,0.21774193548387097,True,1.0327868852459017,4.490686475409836,176,34,20,0.6296296296296297,0.4962722279108102,0.745768102923745,0.37037037037037035,0.7135,0.7135,0.0008908613567195198,-0.08387037037037037,0.8824521788782476,68.05436158934259,68.05436158934259,22.8509010907,214.3164869824401,250.83009621619496,661.5821773191,169.23166159967997,276.0952319023703,0,12,0,1.0,-3.2383621975944443,7.0,5.0,0.9056603773584906,5,5,11.0,3,temporal_v3
20260905_h013_temporal_v3_catboost_control,H013_temporal_v3_model_control,catboost,full_market_with_fx,message_hit,pooled_with_corridor_thresholds,outer_2024,2024,False,10d14213e118585ccaa286e9,RUB_KGS,budget_11,1.2,active,0.3930027228678207,0.9780821917808219,51,0.9780821917808219,366,52.285714285714285,230,0.9274193548387096,4.398907103825136,54,0.21774193548387097,True,1.0327868852459017,4.490686475409836,176,34,20,0.6296296296296297,0.4962722279108102,0.745768102923745,0.37037037037037035,0.7153333333333333,0.7153333333333333,0.0008854972380407404,-0.08570370370370362,0.8801905353629492,68.05436158934259,68.05436158934259,22.8509010907,214.3164869824401,250.83009621619496,661.5821773191,169.23166159967997,276.0952319023703,0,12,0,1.0,-3.2383621975944443,7.0,5.0,0.9056603773584906,5,5,11.0,3,temporal_v3
20260905_h013_temporal_v3_catboost_control,H013_temporal_v3_model_control,catboost,full_market_with_fx,message_hit,pooled_with_corridor_thresholds,outer_2024,2024,False,10d14213e118585ccaa286e9,RUB_KGS,budget_12,1.3,active,0.3930027228678207,0.9780821917808219,51,0.9780821917808219,366,52.285714285714285,230,0.9274193548387096,4.398907103825136,54,0.21774193548387097,True,1.0327868852459017,4.490686475409836,176,34,20,0.6296296296296297,0.4962722279108102,0.745768102923745,0.37037037037037035,0.7161666666666666,0.7161666666666666,0.0009164814871064546,-0.08653703703703697,0.8791663434437463,68.05436158934259,68.05436158934259,22.8509010907,214.3164869824401,250.83009621619496,661.5821773191,169.23166159967997,276.0952319023703,0,12,0,1.0,-3.2383621975944443,7.0,5.0,0.9056603773584906,5,5,11.0,3,temporal_v3
20260905_h013_temporal_v3_catboost_control,H013_temporal_v3_model_control,catboost,full_market_with_fx,message_hit,pooled_with_corridor_thresholds,outer_2024,2024,False,10d14213e118585ccaa286e9,RUB_KGS,budget_13,1.4,active,0.3930027228678207,0.9780821917808219,51,0.9780821917808219,366,52.285714285714285,230,0.9274193548387096,4.398907103825136,54,0.21774193548387097,True,1.0327868852459017,4.490686475409836,176,34,20,0.6296296296296297,0.4962722279108102,0.745768102923745,0.37037037037037035,0.7136574074074074,0.7136574074074074,0.0008775158979547737,-0.0840277777777777,0.8822575413558224,68.05436158934259,68.05436158934259,22.8509010907,214.3164869824401,250.83009621619496,661.5821773191,169.23166159967997,276.0952319023703,0,12,0,1.0,-3.2383621975944443,7.0,5.0,0.9056603773584906,5,5,11.0,3,temporal_v3
20260905_h013_temporal_v3_catboost_control,H013_temporal_v3_model_control,catboost,full_market_with_fx,message_hit,pooled_with_corridor_thresholds,outer_2024,2024,False,10d14213e118585ccaa286e9,RUB_KZT,budget_00,0.1,active,0.828763615453945,0.0958904109589041,5,0.9780821917808219,366,52.285714285714285,31,0.125,0.592896174863388,19,0.07661290322580645,True,0.3633879781420765,1.5800563524590165,12,15,4,0.7894736842105263,0.5666528575973391,0.9149246150840842,0.21052631578947367,0.6981052631578948,0.6981052631578948,0.0020491941223769353,0.09136842105263154,1.1308805790108565,17.77679727003158,17.77679727003158,0.0,72.20447317173999,85.5027482314,88.3105948237,77.69517188520001,87.3746459596,0,9,3,0.75,8.83499427511579,8.0,7.0,0.4444444444444444,4,4,90.0,3,temporal_v3
20260905_h013_temporal_v3_catboost_control,H013_temporal_v3_model_control,catboost,full_market_with_fx,message_hit,pooled_with_corridor_thresholds,outer_2024,2024,False,10d14213e118585ccaa286e9,RUB_KZT,budget_01,0.2,active,0.7939338943690865,0.1917808219178082,10,0.9780821917808219,366,52.285714285714285,49,0.1975806451612903,0.9371584699453552,28,0.11290322580645161,True,0.5355191256830601,2.3285040983606557,21,23,5,0.8214285714285714,0.644082084514089,0.9212161417056989,0.17857142857142858,0.7057857142857143,0.7057857142857143,0.001609202290236815,0.11564285714285705,1.1638498127719865,20.579894574585715,20.579894574585715,0.0,68.51236915008,81.53715168632998,130.0375006602,82.65258711214001,113.34673832560001,0,10,2,0.8333333333333334,19.07679453185,7.0,7.0,0.6296296296296297,5,5,62.0,3,temporal_v3
20260905_h013_temporal_v3_catboost_control,H013_temporal_v3_model_control,catboost,full_market_with_fx,message_hit,pooled_with_corridor_thresholds,outer_2024,2024,False,10d14213e118585ccaa286e9,RUB_KZT,budget_02,0.3,active,0.7742521817220869,0.2876712328767123,15,0.9780821917808219,366,52.285714285714285,61,0.24596774193548387,1.1666666666666667,35,0.14112903225806453,True,0.6693989071038251,2.91063012295082,26,29,6,0.8285714285714286,0.6731739236041119,0.9189747005514327,0.17142857142857143,0.7147571428571428,0.7147571428571428,0.0013732930806313714,0.11381428571428587,1.1592349049627249,27.973228812394286,27.973228812394286,0.0,68.70331100526,100.82866657464989,402.8259603454,136.01481598435,266.4317305028,0,11,1,0.9166666666666666,10.146562732897145,7.0,7.0,0.7647058823529411,5,5,34.0,3,temporal_v3
20260905_h013_temporal_v3_catboost_control,H013_temporal_v3_model_control,catboost,full_market_with_fx,message_hit,pooled_with_corridor_thresholds,outer_2024,2024,False,10d14213e118585ccaa286e9,RUB_KZT,budget_03,0.4,active,0.7565937160358811,0.3835616438356164,20,0.9780821917808219,366,52.285714285714285,72,0.2903225806451613,1.3770491803278688,38,0.1532258064516129,True,0.726775956284153,3.160112704918033,34,33,5,0.868421052631579,0.7267282994850113,0.9424621712426857,0.13157894736842105,0.7207368421052631,0.7207368421052631,0.0013038817705468215,0.14768421052631586,1.204907258653425,23.15810339216316,23.15810339216316,0.0,60.841287033950046,70.84117812436999,402.8259603454,135.8507774187,274.30081087576,0,12,0,1.0,13.435421306023684,7.0,7.0,0.7297297297297297,5,5,29.0,3,temporal_v3
20260905_h013_temporal_v3_catboost_control,H013_temporal_v3_model_control,catboost,full_market_with_fx,message_hit,pooled_with_corridor_thresholds,outer_2024,2024,False,10d14213e118585ccaa286e9,RUB_KZT,budget_04,0.5,active,0.7138454967119864,0.4986301369863013,26,0.9780821917808219,366,52.285714285714285,95,0.38306451612903225,1.8169398907103826,41,0.16532258064516128,True,0.7841530054644809,3.409595286885246,54,34,7,0.8292682926829268,0.6873709004537023,0.914748560047261,0.17073170731707318,0.713060975609756,0.713060975609756,0.0013219171580774434,0.11620731707317078,1.1629696772759146,28.857986803012192,28.857986803012192,0.0,68.2522208853,139.6162327951,402.8259603454,138.88130189197142,263.9719939642601,0,12,0,1.0,15.681315091243905,7.0,6.0,0.65,5,5,28.0,3,temporal_v3
20260905_h013_temporal_v3_catboost_control,H013_temporal_v3_model_control,catboost,full_market_with_fx,message_hit,pooled_with_corridor_thresholds,outer_2024,2024,False,10d14213e118585ccaa286e9,RUB_KZT,budget_05,0.6,active,0.6973220390153088,0.5945205479452055,31,0.9780821917808219,366,52.285714285714285,106,0.4274193548387097,2.027322404371585,44,0.1774193548387097,True,0.8415300546448088,3.6590778688524592,62,34,10,0.7727272727272727,0.6300735713298432,0.871581891698149,0.22727272727272727,0.6838295454545456,0.6838295454545456,0.001229332609158078,0.08889772727272716,1.1299998338235537,47.51437436861364,47.51437436861364,0.0,134.50111087186005,181.87897356105503,611.2455441938,188.24140318312,423.66791873023993,0,12,0,1.0,12.812312158579546,7.0,6.0,0.6046511627906976,5,5,22.0,3,temporal_v3
20260905_h013_temporal_v3_catboost_control,H013_temporal_v3_model_control,catboost,full_market_with_fx,message_hit,pooled_with_corridor_thresholds,outer_2024,2024,False,10d14213e118585ccaa286e9,RUB_KZT,budget_06,0.7,active,0.6777402735850613,0.6904109589041095,36,0.9780821917808219,366,52.285714285714285,118,0.47580645161290325,2.2568306010928962,46,0.18548387096774194,True,0.8797814207650273,3.8253995901639346,72,36,10,0.782608695652174,0.6442603416081054,0.8773922538141925,0.21739130434782608,0.6807608695652174,0.6807608695652174,0.0011761956824266403,0.10184782608695653,1.1496088136675715,49.17979998030218,49.17979998030218,1.60422024465,131.09102958969999,179.870945371825,611.2455441938,196.37652448971,501.00831211741996,0,12,0,1.0,13.39429709784348,7.0,6.0,0.6666666666666666,5,5,22.0,3,temporal_v3
20260905_h013_temporal_v3_catboost_control,H013_temporal_v3_model_control,catboost,full_market_with_fx,message_hit,pooled_with_corridor_thresholds,outer_2024,2024,False,10d14213e118585ccaa286e9,RUB_KZT,budget_07,0.8,active,0.5945198742577572,0.7863013698630137,41,0.9780821917808219,366,52.285714285714285,165,0.6653225806451613,3.1557377049180326,52,0.20967741935483872,True,0.994535519125683,4.324364754098361,113,32,20,0.6153846153846154,0.4795962694074179,0.7352972866511478,0.38461538461538464,0.6309230769230769,0.6309230769230769,0.001118242133628089,-0.015538461538461501,0.975371860521824,68.60549666353269,68.60549666353269,19.27265025035,159.53734041805998,173.26714606952493,866.8030089804,165.68211344758998,215.27788733797044,0,12,0,1.0,2.312482609192309,7.0,5.0,0.803921568627451,5,5,10.0,3,temporal_v3
20260905_h013_temporal_v3_catboost_control,H013_temporal_v3_model_control,catboost,full_market_with_fx,message_hit,pooled_with_corridor_thresholds,outer_2024,2024,False,10d14213e118585ccaa286e9,RUB_KZT,budget_08,0.9,active,0.5418897375895857,0.8821917808219177,46,0.9780821917808219,366,52.285714285714285,186,0.75,3.557377049180328,52,0.20967741935483872,True,0.994535519125683,4.324364754098361,134,32,20,0.6153846153846154,0.4795962694074179,0.7352972866511478,0.38461538461538464,0.6324230769230769,0.6324230769230769,0.0010794231435000327,-0.017038461538461447,0.9730584443228123,71.7095579158077,71.7095579158077,26.19864973765,161.73158276612,244.4714307620998,866.8030089804,169.05754413341498,291.1116312448603,0,12,0,1.0,-0.6234057273269225,7.0,5.0,0.8627450980392157,5,5,11.0,3,temporal_v3
20260905_h013_temporal_v3_catboost_control,H013_temporal_v3_model_control,catboost,full_market_with_fx,message_hit,pooled_with_corridor_thresholds,outer_2024,2024,False,10d14213e118585ccaa286e9,RUB_KZT,budget_09,1.0,active,0.4084805571610739,0.9780821917808219,51,0.9780821917808219,366,52.285714285714285,227,0.9153225806451613,4.341530054644809,54,0.21774193548387097,True,1.0327868852459017,4.490686475409836,173,32,22,0.5925925925925926,0.45966610248851525,0.7132198481075954,0.4074074074074074,0.6353148148148148,0.6353148148148148,0.0010464965780316636,-0.04272222222222222,0.9327542484041158,80.96905312459813,80.96905312459813,29.86911697245,176.35176065254004,235.30507030692982,866.8030089804,180.90957321910906,252.63131885082007,0,12,0,1.0,1.171910760498149,7.0,5.0,0.9056603773584906,6,5,11.0,3,temporal_v3
20260905_h013_temporal_v3_catboost_control,H013_temporal_v3_model_control,catboost,full_market_with_fx,message_hit,pooled_with_corridor_thresholds,outer_2024,2024,False,10d14213e118585ccaa286e9,RUB_KZT,budget_10,1.1,active,0.4084805571610739,0.9780821917808219,51,0.9780821917808219,366,52.285714285714285,227,0.9153225806451613,4.341530054644809,54,0.21774193548387097,True,1.0327868852459017,4.490686475409836,173,32,22,0.5925925925925926,0.45966610248851525,0.7132198481075954,0.4074074074074074,0.6338981481481482,0.6338981481481482,0.0010358374758027294,-0.041305555555555595,0.9348388133389812,80.96905312459813,80.96905312459813,29.86911697245,176.35176065254004,235.30507030692982,866.8030089804,180.90957321910906,252.63131885082007,0,12,0,1.0,1.171910760498149,7.0,5.0,0.9056603773584906,6,5,11.0,3,temporal_v3
20260905_h013_temporal_v3_catboost_control,H013_temporal_v3_model_control,catboost,full_market_with_fx,message_hit,pooled_with_corridor_thresholds,outer_2024,2024,False,10d14213e118585ccaa286e9,RUB_KZT,budget_11,1.2,active,0.4084805571610739,0.9780821917808219,51,0.9780821917808219,366,52.285714285714285,227,0.9153225806451613,4.341530054644809,54,0.21774193548387097,True,1.0327868852459017,4.490686475409836,173,32,22,0.5925925925925926,0.45966610248851525,0.7132198481075954,0.4074074074074074,0.6346296296296295,0.6346296296296295,0.001011260506618505,-0.042037037037036984,0.9337613072658303,80.96905312459813,80.96905312459813,29.86911697245,176.35176065254004,235.30507030692982,866.8030089804,180.90957321910906,252.63131885082007,0,12,0,1.0,1.171910760498149,7.0,5.0,0.9056603773584906,6,5,11.0,3,temporal_v3
20260905_h013_temporal_v3_catboost_control,H013_temporal_v3_model_control,catboost,full_market_with_fx,message_hit,pooled_with_corridor_thresholds,outer_2024,2024,False,10d14213e118585ccaa286e9,RUB_KZT,budget_12,1.3,active,0.4084805571610739,0.9780821917808219,51,0.9780821917808219,366,52.285714285714285,227,0.9153225806451613,4.341530054644809,54,0.21774193548387097,True,1.0327868852459017,4.490686475409836,173,32,22,0.5925925925925926,0.45966610248851525,0.7132198481075954,0.4074074074074074,0.6330462962962963,0.6330462962962963,0.0010098480670073622,-0.040453703703703714,0.9360967690034957,80.96905312459813,80.96905312459813,29.86911697245,176.35176065254004,235.30507030692982,866.8030089804,180.90957321910906,252.63131885082007,0,12,0,1.0,1.171910760498149,7.0,5.0,0.9056603773584906,6,5,11.0,3,temporal_v3
20260905_h013_temporal_v3_catboost_control,H013_temporal_v3_model_control,catboost,full_market_with_fx,message_hit,pooled_with_corridor_thresholds,outer_2024,2024,False,10d14213e118585ccaa286e9,RUB_KZT,budget_13,1.4,active,0.4084805571610739,0.9780821917808219,51,0.9780821917808219,366,52.285714285714285,227,0.9153225806451613,4.341530054644809,54,0.21774193548387097,True,1.0327868852459017,4.490686475409836,173,32,22,0.5925925925925926,0.45966610248851525,0.7132198481075954,0.4074074074074074,0.6319166666666668,0.6319166666666668,0.0010419372863886129,-0.03932407407407423,0.9377701583952406,80.96905312459813,80.96905312459813,29.86911697245,176.35176065254004,235.30507030692982,866.8030089804,180.90957321910906,252.63131885082007,0,12,0,1.0,1.171910760498149,7.0,5.0,0.9056603773584906,6,5,11.0,3,temporal_v3
20260905_h013_temporal_v3_catboost_control,H013_temporal_v3_model_control,catboost,full_market_with_fx,message_hit,pooled_with_corridor_thresholds,outer_2024,2024,False,10d14213e118585ccaa286e9,RUB_TJS,budget_00,0.1,active,0.851871141585258,0.0958904109589041,5,0.9780821917808219,366,52.285714285714285,19,0.07661290322580645,0.3633879781420765,12,0.04838709677419355,True,0.22950819672131148,0.9979303278688525,7,10,2,0.8333333333333334,0.5519636426153274,0.9530358523851776,0.16666666666666666,0.759625,0.759625,0.0025611305976120323,0.07370833333333338,1.097032527014426,14.738829690083334,14.738829690083334,0.0,51.76237199468001,67.20490325056498,84.3909532502,68.76727143235,81.26621688663,0,6,6,0.5,11.828135076158333,7.0,7.0,0.5454545454545454,4,4,151.0,3,temporal_v3
20260905_h013_temporal_v3_catboost_control,H013_temporal_v3_model_control,catboost,full_market_with_fx,message_hit,pooled_with_corridor_thresholds,outer_2024,2024,False,10d14213e118585ccaa286e9,RUB_TJS,budget_01,0.2,active,0.8175084232443279,0.1917808219178082,10,0.9780821917808219,366,52.285714285714285,43,0.17338709677419356,0.8224043715846995,27,0.10887096774193548,True,0.5163934426229508,2.245343237704918,16,25,2,0.9259259259259259,0.7663002270926939,0.9794457783026164,0.07407407407407407,0.7782777777777778,0.7782777777777778,0.0014772877458091285,0.14764814814814808,1.1897113760201774,8.719221087185186,8.719221087185186,0.0,34.89823097750001,48.99993675503999,70.7960671045,61.9698283595,69.0308193555,0,10,2,0.8333333333333334,20.671015689048154,7.0,7.0,0.6538461538461539,5,5,92.0,3,temporal_v3
20260905_h013_temporal_v3_catboost_control,H013_temporal_v3_model_control,catboost,full_market_with_fx,message_hit,pooled_with_corridor_thresholds,outer_2024,2024,False,10d14213e118585ccaa286e9,RUB_TJS,budget_02,0.3,active,0.7879083331629821,0.2876712328767123,15,0.9780821917808219,366,52.285714285714285,59,0.23790322580645162,1.1284153005464481,33,0.13306451612903225,True,0.6311475409836066,2.7443084016393446,26,30,3,0.9090909090909091,0.7642705646564896,0.968596628950737,0.09090909090909091,0.7872727272727272,0.7872727272727272,0.0012898223669267348,0.12181818181818183,1.1547344110854503,17.065408264839395,17.065408264839395,0.0,43.107221170100004,70.4472513259,143.6910957118,94.90062342993333,129.11208999034,0,11,1,0.9166666666666666,15.763576873596973,7.0,6.0,0.65625,5,5,34.0,3,temporal_v3
20260905_h013_temporal_v3_catboost_control,H013_temporal_v3_model_control,catboost,full_market_with_fx,message_hit,pooled_with_corridor_thresholds,outer_2024,2024,False,10d14213e118585ccaa286e9,RUB_TJS,budget_03,0.4,active,0.776369304762144,0.3835616438356164,20,0.9780821917808219,366,52.285714285714285,66,0.2661290322580645,1.2622950819672132,37,0.14919354838709678,True,0.7076502732240437,3.0769518442622954,29,34,3,0.918918918918919,0.7869900750149847,0.9720399336036787,0.08108108108108109,0.7956621621621623,0.7956621621621623,0.0011930662220926503,0.12325675675675662,1.1549109190033797,16.32801910584054,16.32801910584054,0.0,42.4230672107,70.3309793997,143.6910957118,94.90062342993333,129.11208999034,0,12,0,1.0,16.877524160194596,7.0,6.5,0.6944444444444444,5,5,28.0,3,temporal_v3
20260905_h013_temporal_v3_catboost_control,H013_temporal_v3_model_control,catboost,full_market_with_fx,message_hit,pooled_with_corridor_thresholds,outer_2024,2024,False,10d14213e118585ccaa286e9,RUB_TJS,budget_04,0.5,active,0.7372076254939991,0.4986301369863013,26,0.9780821917808219,366,52.285714285714285,85,0.34274193548387094,1.6256830601092898,39,0.15725806451612903,True,0.7459016393442623,3.243273565573771,46,34,5,0.8717948717948718,0.7329395096236953,0.9439726505197168,0.1282051282051282,0.7887307692307692,0.7887307692307692,0.0011693009650093546,0.08306410256410257,1.1053136327432909,19.636817498346154,19.636817498346154,0.0,70.3309793997,74.73075701644002,143.6910957118,89.29718530891999,121.65210423351999,0,12,0,1.0,20.801364369851285,7.0,6.0,0.7105263157894737,5,5,29.0,3,temporal_v3
20260905_h013_temporal_v3_catboost_control,H013_temporal_v3_model_control,catboost,full_market_with_fx,message_hit,pooled_with_corridor_thresholds,outer_2024,2024,False,10d14213e118585ccaa286e9,RUB_TJS,budget_05,0.6,active,0.7253611718082693,0.5945205479452055,31,0.9780821917808219,366,52.285714285714285,92,0.3709677419354839,1.7595628415300546,43,0.17338709677419356,True,0.8224043715846995,3.5759170081967215,49,37,6,0.8604651162790697,0.727361234055743,0.9344436573228604,0.13953488372093023,0.7912325581395346,0.7912325581395346,0.0011095664662469293,0.0692325581395351,1.0874996326014759,30.36616717146977,30.36616717146977,0.0,72.59529288566,133.9524115453899,478.6539371572,164.3992054137167,311.1725164345,0,12,0,1.0,20.101105012669766,7.0,6.0,0.6904761904761905,5,5,29.0,3,temporal_v3
20260905_h013_temporal_v3_catboost_control,H013_temporal_v3_model_control,catboost,full_market_with_fx,message_hit,pooled_with_corridor_thresholds,outer_2024,2024,False,10d14213e118585ccaa286e9,RUB_TJS,budget_06,0.7,active,0.7010733749265814,0.6904109589041095,36,0.9780821917808219,366,52.285714285714285,109,0.43951612903225806,2.0846994535519126,44,0.1774193548387097,True,0.8415300546448088,3.6590778688524592,65,35,9,0.7954545454545454,0.6549913631816676,0.888468721765324,0.20454545454545456,0.7605113636363636,0.7605113636363636,0.0011125911427428102,0.03494318181818179,1.0459469555472543,39.712736077779546,39.712736077779546,0.0,79.4622087508,135.24080883991505,478.6539371572,164.24812193943333,399.64819208480003,0,12,0,1.0,13.452157130034093,7.0,6.0,0.627906976744186,5,5,20.0,3,temporal_v3
20260905_h013_temporal_v3_catboost_control,H013_temporal_v3_model_control,catboost,full_market_with_fx,message_hit,pooled_with_corridor_thresholds,outer_2024,2024,False,10d14213e118585ccaa286e9,RUB_TJS,budget_07,0.8,active,0.6730823566893673,0.7863013698630137,41,0.9780821917808219,366,52.285714285714285,121,0.4879032258064516,2.3142076502732243,46,0.18548387096774194,True,0.8797814207650273,3.8253995901639346,75,36,10,0.782608695652174,0.6442603416081054,0.8773922538141925,0.21739130434782608,0.7584021739130435,0.7584021739130435,0.0010768081998452535,0.024206521739130404,1.0319177905493528,45.3036080162087,45.3036080162087,0.0,88.44071392379999,132.161426187125,694.0462705564,180.02921512282,411.3117072906699,0,12,0,1.0,8.519565966413042,7.0,6.0,0.6666666666666666,5,5,20.0,3,temporal_v3
20260905_h013_temporal_v3_catboost_control,H013_temporal_v3_model_control,catboost,full_market_with_fx,message_hit,pooled_with_corridor_thresholds,outer_2024,2024,False,10d14213e118585ccaa286e9,RUB_TJS,budget_08,0.9,active,0.6096835059361009,0.8821917808219177,46,0.9780821917808219,366,52.285714285714285,156,0.6290322580645161,2.9836065573770494,49,0.1975806451612903,True,0.9371584699453552,4.074882172131148,107,35,14,0.7142857142857143,0.5759085079389967,0.8215056506027583,0.2857142857142857,0.7424285714285714,0.7424285714285714,0.0009937046600798885,-0.028142857142857136,0.9620935154897056,56.50420715884693,56.50420715884693,10.136661039,131.4183589118,170.6342738843997,694.0462705564,176.6739086696286,384.3978968718003,0,12,0,1.0,2.601114230191837,7.0,5.0,0.75,5,5,15.0,3,temporal_v3
20260905_h013_temporal_v3_catboost_control,H013_temporal_v3_model_control,catboost,full_market_with_fx,message_hit,pooled_with_corridor_thresholds,outer_2024,2024,False,10d14213e118585ccaa286e9,RUB_TJS,budget_09,1.0,active,0.3819149088380188,0.9780821917808219,51,0.9780821917808219,366,52.285714285714285,232,0.9354838709677419,4.437158469945356,54,0.21774193548387097,True,1.0327868852459017,4.490686475409836,178,33,21,0.6111111111111112,0.4778805658150834,0.7295825749002496,0.3888888888888889,0.7208981481481481,0.7208981481481481,0.0008604185310476746,-0.10978703703703696,0.8477079774458303,71.01653227511297,71.01653227511297,19.4779564865,223.68674233304014,278.20446100532985,694.0462705564,169.87278703279995,297.9259922229,0,12,0,1.0,-3.051700308718519,7.0,5.0,0.9056603773584906,5,5,11.0,3,temporal_v3
20260905_h013_temporal_v3_catboost_control,H013_temporal_v3_model_control,catboost,full_market_with_fx,message_hit,pooled_with_corridor_thresholds,outer_2024,2024,False,10d14213e118585ccaa286e9,RUB_TJS,budget_10,1.1,active,0.3819149088380188,0.9780821917808219,51,0.9780821917808219,366,52.285714285714285,232,0.9354838709677419,4.437158469945356,54,0.21774193548387097,True,1.0327868852459017,4.490686475409836,178,33,21,0.6111111111111112,0.4778805658150834,0.7295825749002496,0.3888888888888889,0.7196851851851852,0.7196851851851852,0.0008775781866348247,-0.10857407407407405,0.8491367110104727,71.01653227511297,71.01653227511297,19.4779564865,223.68674233304014,278.20446100532985,694.0462705564,169.87278703279995,297.9259922229,0,12,0,1.0,-3.051700308718519,7.0,5.0,0.9056603773584906,5,5,11.0,3,temporal_v3
20260905_h013_temporal_v3_catboost_control,H013_temporal_v3_model_control,catboost,full_market_with_fx,message_hit,pooled_with_corridor_thresholds,outer_2024,2024,False,10d14213e118585ccaa286e9,RUB_TJS,budget_11,1.2,active,0.3819149088380188,0.9780821917808219,51,0.9780821917808219,366,52.285714285714285,232,0.9354838709677419,4.437158469945356,54,0.21774193548387097,True,1.0327868852459017,4.490686475409836,178,33,21,0.6111111111111112,0.4778805658150834,0.7295825749002496,0.3888888888888889,0.7213518518518519,0.7213518518518519,0.0008577629520637666,-0.11024074074074075,0.8471748004004827,71.01653227511297,71.01653227511297,19.4779564865,223.68674233304014,278.20446100532985,694.0462705564,169.87278703279995,297.9259922229,0,12,0,1.0,-3.051700308718519,7.0,5.0,0.9056603773584906,5,5,11.0,3,temporal_v3
20260905_h013_temporal_v3_catboost_control,H013_temporal_v3_model_control,catboost,full_market_with_fx,message_hit,pooled_with_corridor_thresholds,outer_2024,2024,False,10d14213e118585ccaa286e9,RUB_TJS,budget_12,1.3,active,0.3819149088380188,0.9780821917808219,51,0.9780821917808219,366,52.285714285714285,232,0.9354838709677419,4.437158469945356,54,0.21774193548387097,True,1.0327868852459017,4.490686475409836,178,33,21,0.6111111111111112,0.4778805658150834,0.7295825749002496,0.3888888888888889,0.719787037037037,0.719787037037037,0.000839510325118708,-0.10867592592592579,0.8490165558228387,71.01653227511297,71.01653227511297,19.4779564865,223.68674233304014,278.20446100532985,694.0462705564,169.87278703279995,297.9259922229,0,12,0,1.0,-3.051700308718519,7.0,5.0,0.9056603773584906,5,5,11.0,3,temporal_v3
20260905_h013_temporal_v3_catboost_control,H013_temporal_v3_model_control,catboost,full_market_with_fx,message_hit,pooled_with_corridor_thresholds,outer_2024,2024,False,10d14213e118585ccaa286e9,RUB_TJS,budget_13,1.4,active,0.3819149088380188,0.9780821917808219,51,0.9780821917808219,366,52.285714285714285,232,0.9354838709677419,4.437158469945356,54,0.21774193548387097,True,1.0327868852459017,4.490686475409836,178,33,21,0.6111111111111112,0.4778805658150834,0.7295825749002496,0.3888888888888889,0.7206111111111111,0.7206111111111111,0.0008512018224278238,-0.10949999999999993,0.8480456402744585,71.01653227511297,71.01653227511297,19.4779564865,223.68674233304014,278.20446100532985,694.0462705564,169.87278703279995,297.9259922229,0,12,0,1.0,-3.051700308718519,7.0,5.0,0.9056603773584906,5,5,11.0,3,temporal_v3
20260905_h013_temporal_v3_catboost_control,H013_temporal_v3_model_control,catboost,full_market_with_fx,message_hit,pooled_with_corridor_thresholds,outer_2024,2024,False,10d14213e118585ccaa286e9,RUB_UZS,budget_00,0.1,active,0.8541463234318255,0.0958904109589041,5,0.9780821917808219,366,52.285714285714285,14,0.056451612903225805,0.2677595628415301,9,0.036290322580645164,True,0.1721311475409836,0.7484477459016394,5,7,2,0.7777777777777778,0.4525833436728054,0.9367762376877727,0.2222222222222222,0.6517777777777778,0.6517777777777778,0.0029863541329446393,0.126,1.1933174224343674,13.367134202455555,13.367134202455555,0.0,54.803695162240004,61.93490682731999,69.0661184924,60.15210391105,67.28331557613,0,4,8,0.3333333333333333,16.94591829757778,7.0,6.4,0.75,4,4,201.0,3,temporal_v3
20260905_h013_temporal_v3_catboost_control,H013_temporal_v3_model_control,catboost,full_market_with_fx,message_hit,pooled_with_corridor_thresholds,outer_2024,2024,False,10d14213e118585ccaa286e9,RUB_UZS,budget_01,0.2,active,0.819357792607907,0.1917808219178082,10,0.9780821917808219,366,52.285714285714285,43,0.17338709677419356,0.8224043715846995,25,0.10080645161290322,True,0.47814207650273227,2.0790215163934427,18,21,4,0.84,0.6534598601976184,0.9359665239142201,0.16,0.72196,0.72196,0.0016604390169062016,0.11803999999999992,1.163499362845587,14.061770926456,14.061770926456,0.0,61.93490682732002,71.03736604272,93.6412843323,71.368917521175,87.0079524117,0,10,2,0.8333333333333334,24.0119013524,7.0,7.0,0.5833333333333334,4,5,90.0,3,temporal_v3
20260905_h013_temporal_v3_catboost_control,H013_temporal_v3_model_control,catboost,full_market_with_fx,message_hit,pooled_with_corridor_thresholds,outer_2024,2024,False,10d14213e118585ccaa286e9,RUB_UZS,budget_02,0.3,active,0.7858191349253483,0.2876712328767123,15,0.9780821917808219,366,52.285714285714285,60,0.24193548387096775,1.1475409836065573,35,0.14112903225806453,True,0.6693989071038251,2.91063012295082,25,29,6,0.8285714285714286,0.6731739236041119,0.9189747005514327,0.17142857142857143,0.7309,0.7309,0.0013990894455533347,0.09767142857142863,1.1336317260520299,19.978968131817144,19.978968131817144,0.0,70.11826447736,78.16350985089994,130.0066041693,81.05032823133332,111.8239442508,0,12,0,1.0,14.467822986588573,7.0,6.0,0.6764705882352942,5,5,28.0,3,temporal_v3
20260905_h013_temporal_v3_catboost_control,H013_temporal_v3_model_control,catboost,full_market_with_fx,message_hit,pooled_with_corridor_thresholds,outer_2024,2024,False,10d14213e118585ccaa286e9,RUB_UZS,budget_03,0.4,active,0.7741399982176304,0.3835616438356164,20,0.9780821917808219,366,52.285714285714285,66,0.2661290322580645,1.2622950819672132,37,0.14919354838709678,True,0.7076502732240437,3.0769518442622954,29,32,5,0.8648648648648649,0.7202227252929444,0.9408679273749238,0.13513513513513514,0.7276351351351352,0.7276351351351352,0.0013361219844073887,0.1372297297297297,1.188596898504968,17.467101459613513,17.467101459613513,0.0,58.36930099477998,70.96179169326,130.0066041693,78.53213701114001,106.6160336737,0,12,0,1.0,20.221389268010814,7.0,6.0,0.6944444444444444,5,5,28.0,3,temporal_v3
20260905_h013_temporal_v3_catboost_control,H013_temporal_v3_model_control,catboost,full_market_with_fx,message_hit,pooled_with_corridor_thresholds,outer_2024,2024,False,10d14213e118585ccaa286e9,RUB_UZS,budget_04,0.5,active,0.7418696237530765,0.4986301369863013,26,0.9780821917808219,366,52.285714285714285,80,0.3225806451612903,1.530054644808743,40,0.16129032258064516,True,0.7650273224043715,3.3264344262295085,40,32,8,0.8,0.6524239261814334,0.8950013502683313,0.2,0.7300999999999999,0.7300999999999999,0.0012203696780383956,0.06990000000000018,1.0957403095466378,23.25078042262,23.25078042262,0.0,72.42182877016,85.78275869692497,130.0066041693,84.29303137496251,107.3942424589,0,12,0,1.0,19.22252724747,7.0,6.0,0.717948717948718,5,5,29.0,3,temporal_v3
20260905_h013_temporal_v3_catboost_control,H013_temporal_v3_model_control,catboost,full_market_with_fx,message_hit,pooled_with_corridor_thresholds,outer_2024,2024,False,10d14213e118585ccaa286e9,RUB_UZS,budget_05,0.6,active,0.7198948743367546,0.5945205479452055,31,0.9780821917808219,366,52.285714285714285,96,0.3870967741935484,1.8360655737704918,44,0.1774193548387097,True,0.8415300546448088,3.6590778688524592,52,34,10,0.7727272727272727,0.6300735713298432,0.871581891698149,0.22727272727272727,0.7322954545454545,0.7322954545454545,0.001205506958256884,0.04043181818181818,1.0552124390925173,35.86143201431591,35.86143201431591,0.0,81.80887291403003,127.49736888841502,515.5613402189,134.89643745532,192.11814353245987,0,12,0,1.0,15.555348548202273,7.0,6.0,0.6511627906976745,5,5,20.0,3,temporal_v3
20260905_h013_temporal_v3_catboost_control,H013_temporal_v3_model_control,catboost,full_market_with_fx,message_hit,pooled_with_corridor_thresholds,outer_2024,2024,False,10d14213e118585ccaa286e9,RUB_UZS,budget_06,0.7,active,0.6989194028482445,0.6904109589041095,36,0.9780821917808219,366,52.285714285714285,107,0.4314516129032258,2.046448087431694,44,0.1774193548387097,True,0.8415300546448088,3.6590778688524592,63,34,10,0.7727272727272727,0.6300735713298432,0.871581891698149,0.22727272727272727,0.7023409090909091,0.7023409090909091,0.0012146283849540594,0.07038636363636364,1.1002168074296994,37.11263960988409,37.11263960988409,0.0824625517,85.13707388903,111.26308150187502,515.5613402189,133.427890998,192.11814353245987,0,12,0,1.0,15.787943807695456,7.0,6.0,0.627906976744186,5,5,20.0,3,temporal_v3
20260905_h013_temporal_v3_catboost_control,H013_temporal_v3_model_control,catboost,full_market_with_fx,message_hit,pooled_with_corridor_thresholds,outer_2024,2024,False,10d14213e118585ccaa286e9,RUB_UZS,budget_07,0.8,active,0.6646712715850948,0.7863013698630137,41,0.9780821917808219,366,52.285714285714285,133,0.5362903225806451,2.5437158469945356,48,0.1935483870967742,True,0.9180327868852459,3.99172131147541,85,32,16,0.6666666666666666,0.5253984633247204,0.7832339862910321,0.3333333333333333,0.69453125,0.69453125,0.0011487306236873831,-0.027864583333333415,0.9598800149981251,55.69919093225417,55.69919093225417,18.930187941950003,115.36145160601004,146.49697410580995,515.5613402189,146.337580112875,313.3710949444,0,12,0,1.0,7.58366715398125,7.0,6.0,0.6595744680851063,5,5,16.0,3,temporal_v3
20260905_h013_temporal_v3_catboost_control,H013_temporal_v3_model_control,catboost,full_market_with_fx,message_hit,pooled_with_corridor_thresholds,outer_2024,2024,False,10d14213e118585ccaa286e9,RUB_UZS,budget_08,0.9,active,0.6030645901714629,0.8821917808219177,46,0.9780821917808219,366,52.285714285714285,165,0.6653225806451613,3.1557377049180326,49,0.1975806451612903,True,0.9371584699453552,4.074882172131148,116,34,15,0.6938775510204082,0.5547184259930625,0.8048467650685253,0.30612244897959184,0.6867142857142856,0.6867142857142856,0.0010919475273670448,0.007163265306122546,1.0104312163808733,61.424066883263265,61.424066883263265,9.1831933347,134.0473557981801,178.97936109261985,730.1151978422,179.43397448440672,358.0333906509399,0,12,0,1.0,0.9009114595102047,7.0,5.0,0.7916666666666666,5,5,15.0,3,temporal_v3
20260905_h013_temporal_v3_catboost_control,H013_temporal_v3_model_control,catboost,full_market_with_fx,message_hit,pooled_with_corridor_thresholds,outer_2024,2024,False,10d14213e118585ccaa286e9,RUB_UZS,budget_09,1.0,active,0.39354753490152594,0.9780821917808219,51,0.9780821917808219,366,52.285714285714285,231,0.9314516129032258,4.418032786885246,54,0.21774193548387097,True,1.0327868852459017,4.490686475409836,177,32,22,0.5925925925925926,0.45966610248851525,0.7132198481075954,0.4074074074074074,0.6820555555555555,0.6820555555555555,0.0009643108955659524,-0.08946296296296297,0.8688333197578127,74.93966072542037,74.93966072542037,26.8516035695,225.46723448411015,275.1175592618549,730.1151978422,171.6031332038591,280.60724072137003,0,12,0,1.0,-7.722903909711111,7.0,5.0,0.9245283018867925,5,5,11.0,3,temporal_v3
20260905_h013_temporal_v3_catboost_control,H013_temporal_v3_model_control,catboost,full_market_with_fx,message_hit,pooled_with_corridor_thresholds,outer_2024,2024,False,10d14213e118585ccaa286e9,RUB_UZS,budget_10,1.1,active,0.39354753490152594,0.9780821917808219,51,0.9780821917808219,366,52.285714285714285,231,0.9314516129032258,4.418032786885246,54,0.21774193548387097,True,1.0327868852459017,4.490686475409836,177,32,22,0.5925925925925926,0.45966610248851525,0.7132198481075954,0.4074074074074074,0.6824074074074074,0.6824074074074074,0.0009523223160263946,-0.08981481481481479,0.8683853459972863,74.93966072542037,74.93966072542037,26.8516035695,225.46723448411015,275.1175592618549,730.1151978422,171.6031332038591,280.60724072137003,0,12,0,1.0,-7.722903909711111,7.0,5.0,0.9245283018867925,5,5,11.0,3,temporal_v3
20260905_h013_temporal_v3_catboost_control,H013_temporal_v3_model_control,catboost,full_market_with_fx,message_hit,pooled_with_corridor_thresholds,outer_2024,2024,False,10d14213e118585ccaa286e9,RUB_UZS,budget_11,1.2,active,0.39354753490152594,0.9780821917808219,51,0.9780821917808219,366,52.285714285714285,231,0.9314516129032258,4.418032786885246,54,0.21774193548387097,True,1.0327868852459017,4.490686475409836,177,32,22,0.5925925925925926,0.45966610248851525,0.7132198481075954,0.4074074074074074,0.681,0.681,0.0009536206173708805,-0.08840740740740749,0.8701800184913253,74.93966072542037,74.93966072542037,26.8516035695,225.46723448411015,275.1175592618549,730.1151978422,171.6031332038591,280.60724072137003,0,12,0,1.0,-7.722903909711111,7.0,5.0,0.9245283018867925,5,5,11.0,3,temporal_v3
20260905_h013_temporal_v3_catboost_control,H013_temporal_v3_model_control,catboost,full_market_with_fx,message_hit,pooled_with_corridor_thresholds,outer_2024,2024,False,10d14213e118585ccaa286e9,RUB_UZS,budget_12,1.3,active,0.39354753490152594,0.9780821917808219,51,0.9780821917808219,366,52.285714285714285,231,0.9314516129032258,4.418032786885246,54,0.21774193548387097,True,1.0327868852459017,4.490686475409836,177,32,22,0.5925925925925926,0.45966610248851525,0.7132198481075954,0.4074074074074074,0.6830740740740742,0.6830740740740742,0.0009756799087221778,-0.09048148148148161,0.8675378192268067,74.93966072542037,74.93966072542037,26.8516035695,225.46723448411015,275.1175592618549,730.1151978422,171.6031332038591,280.60724072137003,0,12,0,1.0,-7.722903909711111,7.0,5.0,0.9245283018867925,5,5,11.0,3,temporal_v3
20260905_h013_temporal_v3_catboost_control,H013_temporal_v3_model_control,catboost,full_market_with_fx,message_hit,pooled_with_corridor_thresholds,outer_2024,2024,False,10d14213e118585ccaa286e9,RUB_UZS,budget_13,1.4,active,0.39354753490152594,0.9780821917808219,51,0.9780821917808219,366,52.285714285714285,231,0.9314516129032258,4.418032786885246,54,0.21774193548387097,True,1.0327868852459017,4.490686475409836,177,32,22,0.5925925925925926,0.45966610248851525,0.7132198481075954,0.4074074074074074,0.6826296296296296,0.6826296296296296,0.0009770813202428187,-0.09003703703703703,0.8681026531387337,74.93966072542037,74.93966072542037,26.8516035695,225.46723448411015,275.1175592618549,730.1151978422,171.6031332038591,280.60724072137003,0,12,0,1.0,-7.722903909711111,7.0,5.0,0.9245283018867925,5,5,11.0,3,temporal_v3
20260905_h013_temporal_v3_catboost_control,H013_temporal_v3_model_control,catboost,full_market_with_fx,message_hit,pooled_with_corridor_thresholds,outer_2025,2025,False,10d14213e118585ccaa286e9,RUB_AMD,budget_00,0.1,active,0.8785294187955844,0.09562841530054644,5,1.0136612021857925,365,52.142857142857146,9,0.03643724696356275,0.17260273972602738,8,0.032388663967611336,True,0.15342465753424656,0.6671095890410959,1,8,0,1.0,0.6755843804891231,1.0,0.0,0.7504375,0.7504375,0.003342672550035881,0.24956250000000002,1.332556008994753,4.6243754329625,4.6243754329625,0.0,11.098501039109994,24.046752251404982,36.9950034637,,,0,5,7,0.4166666666666667,-9.546432493137502,15.0,6.0,0.42857142857142855,3,3,150.0,3,temporal_v3
20260905_h013_temporal_v3_catboost_control,H013_temporal_v3_model_control,catboost,full_market_with_fx,message_hit,pooled_with_corridor_thresholds,outer_2025,2025,False,10d14213e118585ccaa286e9,RUB_AMD,budget_01,0.2,active,0.8679811427779467,0.1912568306010929,10,1.0136612021857925,365,52.142857142857146,12,0.048582995951417005,0.23013698630136986,10,0.04048582995951417,True,0.1917808219178082,0.8338869863013698,2,10,0,1.0,0.7224598312333834,1.0,0.0,0.7367999999999999,0.7367999999999999,0.0030203379315252633,0.2632000000000001,1.3572204125950056,9.37807840359,9.37807840359,0.0,37.35640225493,38.982696815465,40.608991376,,,0,5,7,0.4166666666666667,-8.28117705232,7.0,6.0,0.5555555555555556,4,3,136.0,3,temporal_v3
20260905_h013_temporal_v3_catboost_control,H013_temporal_v3_model_control,catboost,full_market_with_fx,message_hit,pooled_with_corridor_thresholds,outer_2025,2025,False,10d14213e118585ccaa286e9,RUB_AMD,budget_02,0.3,active,0.8547634345195525,0.28688524590163933,15,1.0136612021857925,365,52.142857142857146,18,0.0728744939271255,0.34520547945205476,14,0.05668016194331984,True,0.2684931506849315,1.1674417808219177,4,14,0,1.0,0.7846829880728186,1.0,0.0,0.6928571428571428,0.6928571428571428,0.0026011801496871336,0.30714285714285716,1.443298969072165,9.699387235171429,9.699387235171429,0.0,39.52479500231,41.099567434175,42.0106372565,,,0,8,4,0.6666666666666666,9.700685395235713,14.0,6.2,0.46153846153846156,4,3,98.0,3,temporal_v3
20260905_h013_temporal_v3_catboost_control,H013_temporal_v3_model_control,catboost,full_market_with_fx,message_hit,pooled_with_corridor_thresholds,outer_2025,2025,False,10d14213e118585ccaa286e9,RUB_AMD,budget_03,0.4,active,0.8450698375330644,0.3825136612021858,20,1.0136612021857925,365,52.142857142857146,22,0.08906882591093117,0.42191780821917807,16,0.06477732793522267,True,0.3068493150684931,1.3342191780821917,6,15,1,0.9375,0.7167073163197013,0.9888809426916687,0.0625,0.7126875,0.7126875,0.0023272240239615638,0.22481249999999997,1.3154433043935805,12.558390452312501,12.558390452312501,0.0,41.30981431625,51.96778647485,81.8392341299,81.8392341299,81.8392341299,0,8,4,0.6666666666666666,11.2172155967375,13.0,7.0,0.4,4,3,98.0,3,temporal_v3
20260905_h013_temporal_v3_catboost_control,H013_temporal_v3_model_control,catboost,full_market_with_fx,message_hit,pooled_with_corridor_thresholds,outer_2025,2025,False,10d14213e118585ccaa286e9,RUB_AMD,budget_04,0.5,active,0.8388589049962262,0.4972677595628415,26,1.0136612021857925,365,52.142857142857146,22,0.08906882591093117,0.42191780821917807,16,0.06477732793522267,True,0.3068493150684931,1.3342191780821917,6,15,1,0.9375,0.7167073163197013,0.9888809426916687,0.0625,0.7096875,0.7096875,0.0023689939294970755,0.22781249999999997,1.321003963011889,12.558390452312501,12.558390452312501,0.0,41.30981431625,51.96778647485,81.8392341299,81.8392341299,81.8392341299,0,8,4,0.6666666666666666,11.2172155967375,13.0,7.0,0.4,4,3,98.0,3,temporal_v3
20260905_h013_temporal_v3_catboost_control,H013_temporal_v3_model_control,catboost,full_market_with_fx,message_hit,pooled_with_corridor_thresholds,outer_2025,2025,False,10d14213e118585ccaa286e9,RUB_AMD,budget_05,0.6,active,0.8240509654093737,0.592896174863388,31,1.0136612021857925,365,52.142857142857146,28,0.11336032388663968,0.536986301369863,20,0.08097165991902834,True,0.3835616438356164,1.6677739726027396,8,17,3,0.85,0.6395767041130426,0.9476322080405041,0.15,0.6959500000000001,0.6959500000000001,0.0021071945530591668,0.1540499999999999,1.2213521086284933,18.283388475395,18.283388475395,0.0,63.037355043650024,82.24897286236,90.0340087791,77.6071667588,88.39505384926001,0,8,4,0.6666666666666666,19.33974514157,7.0,6.8,0.5263157894736842,4,4,91.0,3,temporal_v3
20260905_h013_temporal_v3_catboost_control,H013_temporal_v3_model_control,catboost,full_market_with_fx,message_hit,pooled_with_corridor_thresholds,outer_2025,2025,False,10d14213e118585ccaa286e9,RUB_AMD,budget_06,0.7,active,0.8161682993363364,0.6885245901639344,36,1.0136612021857925,365,52.142857142857146,29,0.11740890688259109,0.5561643835616438,21,0.08502024291497975,True,0.4027397260273972,1.7511626712328767,8,18,3,0.8571428571428571,0.6536350585077049,0.950190782017865,0.14285714285714285,0.6780238095238094,0.6780238095238094,0.0020837162957561407,0.17911904761904773,1.2641781086490855,17.41275092894762,17.41275092894762,0.0,60.9482573674,81.8392341299,90.0340087791,77.6071667588,88.39505384926001,0,8,4,0.6666666666666666,17.668712426066662,8.0,6.9,0.5,4,4,78.0,3,temporal_v3
20260905_h013_temporal_v3_catboost_control,H013_temporal_v3_model_control,catboost,full_market_with_fx,message_hit,pooled_with_corridor_thresholds,outer_2025,2025,False,10d14213e118585ccaa286e9,RUB_AMD,budget_07,0.8,active,0.7949238121728973,0.7841530054644809,41,1.0136612021857925,365,52.142857142857146,40,0.16194331983805668,0.7671232876712328,30,0.1214574898785425,True,0.5753424657534246,2.5016609589041097,10,25,5,0.8333333333333334,0.6643529481431982,0.9266356575964831,0.16666666666666666,0.6420999999999999,0.6420999999999999,0.0018115040393422773,0.19123333333333348,1.2978248455588437,20.661335987620003,20.661335987620003,0.0,82.43349230973001,89.020521996195,143.478301351,92.81632351112,122.10058432224001,0,11,1,0.9166666666666666,24.44499456251667,7.0,6.0,0.5862068965517241,5,4,38.0,3,temporal_v3
20260905_h013_temporal_v3_catboost_control,H013_temporal_v3_model_control,catboost,full_market_with_fx,message_hit,pooled_with_corridor_thresholds,outer_2025,2025,False,10d14213e118585ccaa286e9,RUB_AMD,budget_08,0.9,active,0.7580713482425325,0.8989071038251366,47,1.0136612021857925,365,52.142857142857146,60,0.242914979757085,1.1506849315068493,41,0.1659919028340081,True,0.7863013698630137,3.4189366438356164,19,33,8,0.8048780487804879,0.6598611764744329,0.8976568425079408,0.1951219512195122,0.634060975609756,0.634060975609756,0.001437883304468146,0.1708170731707318,1.2694016502221455,32.658644485829264,32.658644485829264,0.0,100.0028421433,162.7036084126,236.4394993046,134.676808202425,193.52645869087,0,12,0,1.0,24.433496042431702,7.0,6.0,0.675,5,5,27.0,3,temporal_v3
20260905_h013_temporal_v3_catboost_control,H013_temporal_v3_model_control,catboost,full_market_with_fx,message_hit,pooled_with_corridor_thresholds,outer_2025,2025,False,10d14213e118585ccaa286e9,RUB_AMD,budget_09,1.0,active,0.6265339099674773,0.994535519125683,52,1.0136612021857925,365,52.142857142857146,131,0.5303643724696356,2.5123287671232877,50,0.20242914979757085,True,0.958904109589041,4.169434931506849,81,34,16,0.68,0.5418944286372392,0.792419559060006,0.32,0.62297,0.62297,0.0012504684664927965,0.057030000000000025,1.0915453392619228,47.573542809128,47.573542809128,11.34132043785,168.46952195059,206.2315545852599,240.2676972382,132.0486371056875,230.6444926522,0,12,0,1.0,17.771716142096,7.0,6.0,0.7142857142857143,5,5,13.0,3,temporal_v3
20260905_h013_temporal_v3_catboost_control,H013_temporal_v3_model_control,catboost,full_market_with_fx,message_hit,pooled_with_corridor_thresholds,outer_2025,2025,False,10d14213e118585ccaa286e9,RUB_AMD,budget_10,1.1,active,0.5841349661484987,1.0136612021857925,53,1.0136612021857925,365,52.142857142857146,157,0.6356275303643725,3.010958904109589,50,0.20242914979757085,True,0.958904109589041,4.169434931506849,107,31,19,0.62,0.48150195022393577,0.7413740415742277,0.38,0.61517,0.61517,0.0012786919396548448,0.004830000000000001,1.007851488206512,54.725947211328005,54.725947211328005,22.286089968299997,170.02970147253004,231.22399331743998,251.8618757866,127.98865531699472,237.20513889132,0,12,0,1.0,10.660004818332002,7.0,5.800000000000001,0.7551020408163265,5,5,15.0,3,temporal_v3
20260905_h013_temporal_v3_catboost_control,H013_temporal_v3_model_control,catboost,full_market_with_fx,message_hit,pooled_with_corridor_thresholds,outer_2025,2025,False,10d14213e118585ccaa286e9,RUB_AMD,budget_11,1.2,active,0.5841349661484987,1.0136612021857925,53,1.0136612021857925,365,52.142857142857146,157,0.6356275303643725,3.010958904109589,50,0.20242914979757085,True,0.958904109589041,4.169434931506849,107,31,19,0.62,0.48150195022393577,0.7413740415742277,0.38,0.61467,0.61467,0.0012794975994715762,0.005329999999999946,1.0086713195698505,54.725947211328005,54.725947211328005,22.286089968299997,170.02970147253004,231.22399331743998,251.8618757866,127.98865531699472,237.20513889132,0,12,0,1.0,10.660004818332002,7.0,5.800000000000001,0.7551020408163265,5,5,15.0,3,temporal_v3
20260905_h013_temporal_v3_catboost_control,H013_temporal_v3_model_control,catboost,full_market_with_fx,message_hit,pooled_with_corridor_thresholds,outer_2025,2025,False,10d14213e118585ccaa286e9,RUB_AMD,budget_12,1.3,active,0.5841349661484987,1.0136612021857925,53,1.0136612021857925,365,52.142857142857146,157,0.6356275303643725,3.010958904109589,50,0.20242914979757085,True,0.958904109589041,4.169434931506849,107,31,19,0.62,0.48150195022393577,0.7413740415742277,0.38,0.6141499999999999,0.6141499999999999,0.0012686187160543397,0.005850000000000133,1.0095253602540097,54.725947211328005,54.725947211328005,22.286089968299997,170.02970147253004,231.22399331743998,251.8618757866,127.98865531699472,237.20513889132,0,12,0,1.0,10.660004818332002,7.0,5.800000000000001,0.7551020408163265,5,5,15.0,3,temporal_v3
20260905_h013_temporal_v3_catboost_control,H013_temporal_v3_model_control,catboost,full_market_with_fx,message_hit,pooled_with_corridor_thresholds,outer_2025,2025,False,10d14213e118585ccaa286e9,RUB_AMD,budget_13,1.4,active,0.5841349661484987,1.0136612021857925,53,1.0136612021857925,365,52.142857142857146,157,0.6356275303643725,3.010958904109589,50,0.20242914979757085,True,0.958904109589041,4.169434931506849,107,31,19,0.62,0.48150195022393577,0.7413740415742277,0.38,0.61525,0.61525,0.0012517996050189354,0.004750000000000032,1.0077204388459977,54.725947211328005,54.725947211328005,22.286089968299997,170.02970147253004,231.22399331743998,251.8618757866,127.98865531699472,237.20513889132,0,12,0,1.0,10.660004818332002,7.0,5.800000000000001,0.7551020408163265,5,5,15.0,3,temporal_v3
20260905_h013_temporal_v3_catboost_control,H013_temporal_v3_model_control,catboost,full_market_with_fx,message_hit,pooled_with_corridor_thresholds,outer_2025,2025,False,10d14213e118585ccaa286e9,RUB_KGS,budget_00,0.1,active,0.8875856161015565,0.09562841530054644,5,1.0136612021857925,365,52.142857142857146,4,0.016194331983805668,0.07671232876712328,3,0.012145748987854251,True,0.057534246575342465,0.25016609589041094,1,3,0,1.0,0.4384939195509822,1.0,0.0,0.7719999999999999,0.7719999999999999,0.005187518102225701,0.2280000000000001,1.295336787564767,0.0,0.0,0.0,0.0,0.0,0.0,,,0,3,9,0.25,6.256934809699999,17.0,8.2,0.5,2,1,181.0,3,temporal_v3
20260905_h013_temporal_v3_catboost_control,H013_temporal_v3_model_control,catboost,full_market_with_fx,message_hit,pooled_with_corridor_thresholds,outer_2025,2025,False,10d14213e118585ccaa286e9,RUB_KGS,budget_01,0.2,active,0.8648715069284301,0.1912568306010929,10,1.0136612021857925,365,52.142857142857146,13,0.05263157894736842,0.24931506849315066,10,0.04048582995951417,True,0.1917808219178082,0.8338869863013698,3,9,1,0.9,0.5958436145024277,0.9821242504842789,0.1,0.7433,0.7433,0.002819845876175273,0.15670000000000006,1.2108166285483655,11.72755402753,11.72755402753,0.0,44.66131818107,47.72711347578499,50.7929087705,50.7929087705,50.7929087705,0,6,6,0.5,17.823552090710002,15.0,6.0,0.3333333333333333,4,3,98.0,3,temporal_v3
20260905_h013_temporal_v3_catboost_control,H013_temporal_v3_model_control,catboost,full_market_with_fx,message_hit,pooled_with_corridor_thresholds,outer_2025,2025,False,10d14213e118585ccaa286e9,RUB_KGS,budget_02,0.3,active,0.8572019352641866,0.28688524590163933,15,1.0136612021857925,365,52.142857142857146,19,0.07692307692307693,0.3643835616438356,15,0.06072874493927125,True,0.2876712328767123,1.2508304794520548,4,13,2,0.8666666666666667,0.6211750079348376,0.9626395301086408,0.13333333333333333,0.7383333333333333,0.7383333333333333,0.0024329711389925023,0.1283333333333334,1.1738148984198646,13.690986447899999,13.690986447899999,0.0,48.067757397419996,60.026796018019965,81.5725329289,66.1827208497,78.49457051306,0,8,4,0.6666666666666666,14.828132738199999,11.0,6.3,0.42857142857142855,4,3,98.0,3,temporal_v3
20260905_h013_temporal_v3_catboost_control,H013_temporal_v3_model_control,catboost,full_market_with_fx,message_hit,pooled_with_corridor_thresholds,outer_2025,2025,False,10d14213e118585ccaa286e9,RUB_KGS,budget_03,0.4,active,0.849415012154349,0.3825136612021858,20,1.0136612021857925,365,52.142857142857146,21,0.08502024291497975,0.4027397260273972,16,0.06477732793522267,True,0.3068493150684931,1.3342191780821917,5,14,2,0.875,0.6397666856325172,0.9650232506629429,0.125,0.75065625,0.75065625,0.0022166132201068647,0.12434374999999998,1.1656467257816077,12.83529979490625,12.83529979490625,0.0,47.38646955415,58.4878148101,81.5725329289,66.1827208497,78.49457051306,0,8,4,0.6666666666666666,13.6472313633375,13.0,6.4,0.4,4,3,98.0,3,temporal_v3
20260905_h013_temporal_v3_catboost_control,H013_temporal_v3_model_control,catboost,full_market_with_fx,message_hit,pooled_with_corridor_thresholds,outer_2025,2025,False,10d14213e118585ccaa286e9,RUB_KGS,budget_04,0.5,active,0.8402758982926087,0.4972677595628415,26,1.0136612021857925,365,52.142857142857146,22,0.08906882591093117,0.42191780821917807,16,0.06477732793522267,True,0.3068493150684931,1.3342191780821917,6,14,2,0.875,0.6397666856325172,0.9650232506629429,0.125,0.74571875,0.74571875,0.0022496107743422565,0.12928125000000001,1.1733646230566148,11.42888722196875,11.42888722196875,0.0,47.38646955415,58.4878148101,81.5725329289,66.1827208497,78.49457051306,0,8,4,0.6666666666666666,13.994207706856251,13.0,7.0,0.4,4,3,98.0,3,temporal_v3
20260905_h013_temporal_v3_catboost_control,H013_temporal_v3_model_control,catboost,full_market_with_fx,message_hit,pooled_with_corridor_thresholds,outer_2025,2025,False,10d14213e118585ccaa286e9,RUB_KGS,budget_05,0.6,active,0.8223373851199376,0.592896174863388,31,1.0136612021857925,365,52.142857142857146,29,0.11740890688259109,0.5561643835616438,21,0.08502024291497975,True,0.4027397260273972,1.7511626712328767,8,17,4,0.8095238095238095,0.599990134607267,0.923325593848227,0.19047619047619047,0.7088333333333332,0.7088333333333332,0.00194395868578521,0.10069047619047633,1.1420509892176953,16.436082440519048,16.436082440519048,0.0,67.1957967693,81.5725329289,83.5573312694,70.779642434525,82.96189176725,0,8,4,0.6666666666666666,20.266698793471427,8.0,6.9,0.5,4,4,78.0,3,temporal_v3
20260905_h013_temporal_v3_catboost_control,H013_temporal_v3_model_control,catboost,full_market_with_fx,message_hit,pooled_with_corridor_thresholds,outer_2025,2025,False,10d14213e118585ccaa286e9,RUB_KGS,budget_06,0.7,active,0.8111075821386319,0.6885245901639344,36,1.0136612021857925,365,52.142857142857146,32,0.12955465587044535,0.6136986301369862,23,0.0931174089068826,True,0.44109589041095887,1.9179400684931507,9,19,4,0.8260869565217391,0.6286194521470434,0.9302145964938723,0.17391304347826086,0.7045434782608695,0.7045434782608695,0.0019003009524417823,0.12154347826086964,1.1725138078928694,15.077468435347827,15.077468435347827,0.0,63.915219169540016,80.13485931293998,83.5573312694,70.779642434525,82.96189176725,0,8,4,0.6666666666666666,21.318067507913046,7.0,6.0,0.6363636363636364,5,5,78.0,3,temporal_v3
20260905_h013_temporal_v3_catboost_control,H013_temporal_v3_model_control,catboost,full_market_with_fx,message_hit,pooled_with_corridor_thresholds,outer_2025,2025,False,10d14213e118585ccaa286e9,RUB_KGS,budget_07,0.8,active,0.793579281997467,0.7841530054644809,41,1.0136612021857925,365,52.142857142857146,42,0.1700404858299595,0.8054794520547944,31,0.12550607287449392,True,0.5945205479452055,2.5850496575342463,11,25,6,0.8064516129032258,0.6371939644454012,0.9081311641365236,0.1935483870967742,0.6766290322580645,0.6766290322580645,0.0016631774482156509,0.12982258064516128,1.19186670162809,22.79305641955484,22.79305641955484,0.0,81.5725329289,115.39970259615001,180.2551584845,101.76930035758333,163.7486162037,0,11,1,0.9166666666666666,21.527483310422582,7.0,6.0,0.6333333333333333,5,5,38.0,3,temporal_v3
20260905_h013_temporal_v3_catboost_control,H013_temporal_v3_model_control,catboost,full_market_with_fx,message_hit,pooled_with_corridor_thresholds,outer_2025,2025,False,10d14213e118585ccaa286e9,RUB_KGS,budget_08,0.9,active,0.7572864786894812,0.8989071038251366,47,1.0136612021857925,365,52.142857142857146,63,0.2550607287449393,1.2082191780821918,42,0.1700404858299595,True,0.8054794520547944,3.5023253424657534,21,31,11,0.7380952380952381,0.5893098001502446,0.8469751462739642,0.2619047619047619,0.6612857142857143,0.6612857142857143,0.0013838539049059518,0.07680952380952388,1.1161517966443437,37.45152964679524,37.45152964679524,0.0,138.99687948939996,172.9983264973399,245.3248948338,127.48393753625454,211.4972161442,0,12,0,1.0,19.538993283319048,7.0,6.0,0.6585365853658537,5,5,24.0,3,temporal_v3
20260905_h013_temporal_v3_catboost_control,H013_temporal_v3_model_control,catboost,full_market_with_fx,message_hit,pooled_with_corridor_thresholds,outer_2025,2025,False,10d14213e118585ccaa286e9,RUB_KGS,budget_09,1.0,active,0.6191400080367764,0.994535519125683,52,1.0136612021857925,365,52.142857142857146,134,0.5425101214574899,2.56986301369863,50,0.20242914979757085,True,0.958904109589041,4.169434931506849,84,36,14,0.72,0.5833461285401033,0.8252598564231964,0.28,0.6554500000000001,0.6554500000000001,0.0012005287937789523,0.06454999999999989,1.0984819589594932,46.021148000390006,46.021148000390006,9.65901466635,165.68609744922,214.4789061461998,250.592847849,141.94715601205002,247.99029463289,0,12,0,1.0,17.372527761428,7.0,6.0,0.7551020408163265,5,5,15.0,3,temporal_v3
20260905_h013_temporal_v3_catboost_control,H013_temporal_v3_model_control,catboost,full_market_with_fx,message_hit,pooled_with_corridor_thresholds,outer_2025,2025,False,10d14213e118585ccaa286e9,RUB_KGS,budget_10,1.1,active,0.5593355548615245,1.0136612021857925,53,1.0136612021857925,365,52.142857142857146,170,0.6882591093117408,3.2602739726027394,51,0.20647773279352227,True,0.9780821917808219,4.252823630136986,119,31,20,0.6078431372549019,0.4708491122516505,0.7297285514197229,0.39215686274509803,0.6446176470588234,0.6446176470588234,0.0012333439498992903,-0.036774509803921496,0.942951438000943,67.01399730978824,67.01399730978824,38.6317827926,164.7230061949,247.22875183315,573.3402707415,150.903013149905,249.15058722144002,0,12,0,1.0,-1.229229451488236,7.0,6.0,0.8,5,5,15.0,3,temporal_v3
20260905_h013_temporal_v3_catboost_control,H013_temporal_v3_model_control,catboost,full_market_with_fx,message_hit,pooled_with_corridor_thresholds,outer_2025,2025,False,10d14213e118585ccaa286e9,RUB_KGS,budget_11,1.2,active,0.5593355548615245,1.0136612021857925,53,1.0136612021857925,365,52.142857142857146,170,0.6882591093117408,3.2602739726027394,51,0.20647773279352227,True,0.9780821917808219,4.252823630136986,119,31,20,0.6078431372549019,0.4708491122516505,0.7297285514197229,0.39215686274509803,0.6455196078431371,0.6455196078431371,0.0012100713407022427,-0.0376764705882352,0.9416338866698056,67.01399730978824,67.01399730978824,38.6317827926,164.7230061949,247.22875183315,573.3402707415,150.903013149905,249.15058722144002,0,12,0,1.0,-1.229229451488236,7.0,6.0,0.8,5,5,15.0,3,temporal_v3
20260905_h013_temporal_v3_catboost_control,H013_temporal_v3_model_control,catboost,full_market_with_fx,message_hit,pooled_with_corridor_thresholds,outer_2025,2025,False,10d14213e118585ccaa286e9,RUB_KGS,budget_12,1.3,active,0.5593355548615245,1.0136612021857925,53,1.0136612021857925,365,52.142857142857146,170,0.6882591093117408,3.2602739726027394,51,0.20647773279352227,True,0.9780821917808219,4.252823630136986,119,31,20,0.6078431372549019,0.4708491122516505,0.7297285514197229,0.39215686274509803,0.6440588235294117,0.6440588235294117,0.0011518704195688013,-0.03621568627450977,0.943769598441258,67.01399730978824,67.01399730978824,38.6317827926,164.7230061949,247.22875183315,573.3402707415,150.903013149905,249.15058722144002,0,12,0,1.0,-1.229229451488236,7.0,6.0,0.8,5,5,15.0,3,temporal_v3
20260905_h013_temporal_v3_catboost_control,H013_temporal_v3_model_control,catboost,full_market_with_fx,message_hit,pooled_with_corridor_thresholds,outer_2025,2025,False,10d14213e118585ccaa286e9,RUB_KGS,budget_13,1.4,active,0.5593355548615245,1.0136612021857925,53,1.0136612021857925,365,52.142857142857146,170,0.6882591093117408,3.2602739726027394,51,0.20647773279352227,True,0.9780821917808219,4.252823630136986,119,31,20,0.6078431372549019,0.4708491122516505,0.7297285514197229,0.39215686274509803,0.6436176470588234,0.6436176470588234,0.0011979599847226762,-0.035774509803921495,0.9444165181495531,67.01399730978824,67.01399730978824,38.6317827926,164.7230061949,247.22875183315,573.3402707415,150.903013149905,249.15058722144002,0,12,0,1.0,-1.229229451488236,7.0,6.0,0.8,5,5,15.0,3,temporal_v3
20260905_h013_temporal_v3_catboost_control,H013_temporal_v3_model_control,catboost,full_market_with_fx,message_hit,pooled_with_corridor_thresholds,outer_2025,2025,False,10d14213e118585ccaa286e9,RUB_KZT,budget_00,0.1,active,0.8772690459994228,0.09562841530054644,5,1.0136612021857925,365,52.142857142857146,6,0.024291497975708502,0.11506849315068493,5,0.020242914979757085,True,0.0958904109589041,0.4169434931506849,1,5,0,1.0,0.565508505247919,1.0000000000000002,0.0,0.5742,0.5742,0.004880480462492641,0.42579999999999996,1.7415534656913967,3.2898632732800004,3.2898632732800004,0.0,9.869589819840002,13.159453093119998,16.4493163664,,,0,4,8,0.3333333333333333,-14.0800603348,59.5,24.9,0.0,2,2,112.0,3,temporal_v3
20260905_h013_temporal_v3_catboost_control,H013_temporal_v3_model_control,catboost,full_market_with_fx,message_hit,pooled_with_corridor_thresholds,outer_2025,2025,False,10d14213e118585ccaa286e9,RUB_KZT,budget_01,0.2,active,0.865136922244959,0.1912568306010929,10,1.0136612021857925,365,52.142857142857146,11,0.044534412955465584,0.21095890410958903,8,0.032388663967611336,True,0.15342465753424656,0.6671095890410959,3,7,1,0.875,0.5291051942301385,0.9775830911367039,0.125,0.6261875,0.6261875,0.003715774436333004,0.2488125,1.3973450444156104,12.434295816275,12.434295816275,0.0,35.59864412902999,57.939526518764964,80.2804089085,80.2804089085,80.2804089085,0,6,6,0.5,21.170672140100002,28.0,6.6,0.2857142857142857,3,2,105.0,3,temporal_v3
20260905_h013_temporal_v3_catboost_control,H013_temporal_v3_model_control,catboost,full_market_with_fx,message_hit,pooled_with_corridor_thresholds,outer_2025,2025,False,10d14213e118585ccaa286e9,RUB_KZT,budget_02,0.3,active,0.8533644889946442,0.28688524590163933,15,1.0136612021857925,365,52.142857142857146,14,0.05668016194331984,0.2684931506849315,11,0.044534412955465584,True,0.21095890410958903,0.9172756849315068,3,9,2,0.8181818181818182,0.5230138624217553,0.9486333993289994,0.18181818181818182,0.6395454545454545,0.6395454545454545,0.002988169115022545,0.1786363636363637,1.279317697228145,17.864075201618178,17.864075201618178,0.0,65.2569575433,72.76868322589999,80.2804089085,72.76868322589999,78.77806377198,0,7,5,0.5833333333333334,13.2803368274,18.0,6.0,0.4,3,3,105.0,3,temporal_v3
20260905_h013_temporal_v3_catboost_control,H013_temporal_v3_model_control,catboost,full_market_with_fx,message_hit,pooled_with_corridor_thresholds,outer_2025,2025,False,10d14213e118585ccaa286e9,RUB_KZT,budget_03,0.4,active,0.8356968010177225,0.3825136612021858,20,1.0136612021857925,365,52.142857142857146,18,0.0728744939271255,0.34520547945205476,14,0.05668016194331984,True,0.2684931506849315,1.1674417808219177,4,10,4,0.7142857142857143,0.4535045882751561,0.882788120898909,0.2857142857142857,0.6608928571428571,0.6608928571428571,0.002579376493777201,0.05339285714285724,1.0807889759524454,31.664421161307143,31.664421161307143,1.37232062765,112.63087344503005,129.81650461508,135.9843478712,102.00426814235,133.13765098375998,0,7,5,0.5833333333333334,12.401725070014285,8.0,6.2,0.46153846153846156,4,3,105.0,3,temporal_v3
20260905_h013_temporal_v3_catboost_control,H013_temporal_v3_model_control,catboost,full_market_with_fx,message_hit,pooled_with_corridor_thresholds,outer_2025,2025,False,10d14213e118585ccaa286e9,RUB_KZT,budget_04,0.5,active,0.8263584629794711,0.4972677595628415,26,1.0136612021857925,365,52.142857142857146,21,0.08502024291497975,0.4027397260273972,16,0.06477732793522267,True,0.3068493150684931,1.3342191780821917,5,12,4,0.75,0.5050123107060135,0.8981809801576265,0.25,0.66709375,0.66709375,0.0023980664146835812,0.08290624999999996,1.1242797582798518,29.12004906276875,29.12004906276875,1.1766129683,103.38788357745,128.8676056526,135.9843478712,102.00426814235,133.13765098375998,0,7,5,0.5833333333333334,7.84880637890625,7.0,6.4,0.5333333333333333,4,4,98.0,3,temporal_v3
20260905_h013_temporal_v3_catboost_control,H013_temporal_v3_model_control,catboost,full_market_with_fx,message_hit,pooled_with_corridor_thresholds,outer_2025,2025,False,10d14213e118585ccaa286e9,RUB_KZT,budget_05,0.6,active,0.8137139198381158,0.592896174863388,31,1.0136612021857925,365,52.142857142857146,27,0.10931174089068826,0.5178082191780822,21,0.08502024291497975,True,0.4027397260273972,1.7511626712328767,6,15,6,0.7142857142857143,0.5004322617716241,0.8618632425437179,0.2857142857142857,0.6362142857142855,0.6362142857142855,0.002094554674051059,0.07807142857142879,1.122712473335579,33.79267492979524,33.79267492979524,0.0,126.4953582464,135.9843478712,142.6486280955,108.62374351513331,139.31648798335,0,9,3,0.75,5.635449504685715,10.5,6.9,0.45,4,4,43.0,3,temporal_v3
20260905_h013_temporal_v3_catboost_control,H013_temporal_v3_model_control,catboost,full_market_with_fx,message_hit,pooled_with_corridor_thresholds,outer_2025,2025,False,10d14213e118585ccaa286e9,RUB_KZT,budget_06,0.7,active,0.8032418060048657,0.6885245901639344,36,1.0136612021857925,365,52.142857142857146,33,0.13360323886639677,0.6328767123287671,26,0.10526315789473684,True,0.4986301369863013,2.1681061643835617,7,19,7,0.7307692307692307,0.5391659658023868,0.8629572447493261,0.2692307692307692,0.6360769230769231,0.6360769230769231,0.0018769344003312213,0.09469230769230763,1.148869270770347,30.074001520565385,30.074001520565385,0.0,113.78605933615,133.612100465,142.6486280955,103.36488055562856,138.65005996091998,0,10,2,0.8333333333333334,4.835579205211539,7.0,6.0,0.6,5,5,43.0,3,temporal_v3
20260905_h013_temporal_v3_catboost_control,H013_temporal_v3_model_control,catboost,full_market_with_fx,message_hit,pooled_with_corridor_thresholds,outer_2025,2025,False,10d14213e118585ccaa286e9,RUB_KZT,budget_07,0.8,active,0.7879583783087185,0.7841530054644809,41,1.0136612021857925,365,52.142857142857146,41,0.1659919028340081,0.7863013698630137,31,0.12550607287449392,True,0.5945205479452055,2.5850496575342463,10,24,7,0.7741935483870968,0.6018723994130262,0.886050084055012,0.22580645161290322,0.6260322580645162,0.6260322580645162,0.0018144286369413674,0.14816129032258052,1.2366671819446589,27.559127123038706,27.559127123038706,0.0,101.0767604259,131.2398530588,142.6486280955,101.80401248314286,138.65005996091998,0,10,2,0.8333333333333334,8.739759183254838,7.0,6.0,0.7,5,5,38.0,3,temporal_v3
20260905_h013_temporal_v3_catboost_control,H013_temporal_v3_model_control,catboost,full_market_with_fx,message_hit,pooled_with_corridor_thresholds,outer_2025,2025,False,10d14213e118585ccaa286e9,RUB_KZT,budget_08,0.9,active,0.7298347146195943,0.8989071038251366,47,1.0136612021857925,365,52.142857142857146,69,0.2793522267206478,1.3232876712328767,43,0.17408906882591094,True,0.8246575342465753,3.5857140410958905,26,29,14,0.6744186046511628,0.5251593250655096,0.7950688481822018,0.32558139534883723,0.6158837209302326,0.6158837209302326,0.0014324056805365465,0.058534883720930186,1.0950421024808368,49.65665316416976,49.65665316416976,0.0,141.31577205064002,240.02556374020992,340.1632227817,139.54462027027142,250.34805273885001,0,12,0,1.0,12.035663484344186,7.0,6.0,0.6904761904761905,5,5,27.0,3,temporal_v3
20260905_h013_temporal_v3_catboost_control,H013_temporal_v3_model_control,catboost,full_market_with_fx,message_hit,pooled_with_corridor_thresholds,outer_2025,2025,False,10d14213e118585ccaa286e9,RUB_KZT,budget_09,1.0,active,0.6327115057866712,0.994535519125683,52,1.0136612021857925,365,52.142857142857146,131,0.5303643724696356,2.5123287671232877,50,0.20242914979757085,True,0.958904109589041,4.169434931506849,81,32,18,0.64,0.5014076201030194,0.7586143703281713,0.36,0.6156900000000001,0.6156900000000001,0.0012163682525711246,0.024309999999999943,1.0394841559875911,60.14127578726801,60.14127578726801,23.6548919934,178.92651041995,249.364200443775,334.5802161264,149.25950944590556,253.40267562852,0,12,0,1.0,4.221052427787999,7.0,6.0,0.7346938775510204,5,5,13.0,3,temporal_v3
20260905_h013_temporal_v3_catboost_control,H013_temporal_v3_model_control,catboost,full_market_with_fx,message_hit,pooled_with_corridor_thresholds,outer_2025,2025,False,10d14213e118585ccaa286e9,RUB_KZT,budget_10,1.1,active,0.5793547505600135,1.0136612021857925,53,1.0136612021857925,365,52.142857142857146,154,0.6234817813765182,2.953424657534246,50,0.20242914979757085,True,0.958904109589041,4.169434931506849,104,30,20,0.6,0.4618118910275937,0.7239181021375426,0.4,0.61505,0.61505,0.0012537283068247548,-0.015050000000000008,0.9755304446792944,65.760433880736,65.760433880736,28.61061409335,189.8332667996601,251.35688399289498,409.0191252357,151.32931412996,259.73626805467006,0,12,0,1.0,2.844347421142,7.0,6.0,0.7959183673469388,5,5,15.0,3,temporal_v3
20260905_h013_temporal_v3_catboost_control,H013_temporal_v3_model_control,catboost,full_market_with_fx,message_hit,pooled_with_corridor_thresholds,outer_2025,2025,False,10d14213e118585ccaa286e9,RUB_KZT,budget_11,1.2,active,0.5793547505600135,1.0136612021857925,53,1.0136612021857925,365,52.142857142857146,154,0.6234817813765182,2.953424657534246,50,0.20242914979757085,True,0.958904109589041,4.169434931506849,104,30,20,0.6,0.4618118910275937,0.7239181021375426,0.4,0.61601,0.61601,0.0012516082500550253,-0.01600999999999997,0.9740101621726921,65.760433880736,65.760433880736,28.61061409335,189.8332667996601,251.35688399289498,409.0191252357,151.32931412996,259.73626805467006,0,12,0,1.0,2.844347421142,7.0,6.0,0.7959183673469388,5,5,15.0,3,temporal_v3
20260905_h013_temporal_v3_catboost_control,H013_temporal_v3_model_control,catboost,full_market_with_fx,message_hit,pooled_with_corridor_thresholds,outer_2025,2025,False,10d14213e118585ccaa286e9,RUB_KZT,budget_12,1.3,active,0.5793547505600135,1.0136612021857925,53,1.0136612021857925,365,52.142857142857146,154,0.6234817813765182,2.953424657534246,50,0.20242914979757085,True,0.958904109589041,4.169434931506849,104,30,20,0.6,0.4618118910275937,0.7239181021375426,0.4,0.61617,0.61617,0.0012578380771443344,-0.016170000000000018,0.9737572423194897,65.760433880736,65.760433880736,28.61061409335,189.8332667996601,251.35688399289498,409.0191252357,151.32931412996,259.73626805467006,0,12,0,1.0,2.844347421142,7.0,6.0,0.7959183673469388,5,5,15.0,3,temporal_v3
20260905_h013_temporal_v3_catboost_control,H013_temporal_v3_model_control,catboost,full_market_with_fx,message_hit,pooled_with_corridor_thresholds,outer_2025,2025,False,10d14213e118585ccaa286e9,RUB_KZT,budget_13,1.4,active,0.5793547505600135,1.0136612021857925,53,1.0136612021857925,365,52.142857142857146,154,0.6234817813765182,2.953424657534246,50,0.20242914979757085,True,0.958904109589041,4.169434931506849,104,30,20,0.6,0.4618118910275937,0.7239181021375426,0.4,0.61686,0.61686,0.0012522996155727197,-0.016859999999999986,0.9726680284019065,65.760433880736,65.760433880736,28.61061409335,189.8332667996601,251.35688399289498,409.0191252357,151.32931412996,259.73626805467006,0,12,0,1.0,2.844347421142,7.0,6.0,0.7959183673469388,5,5,15.0,3,temporal_v3
20260905_h013_temporal_v3_catboost_control,H013_temporal_v3_model_control,catboost,full_market_with_fx,message_hit,pooled_with_corridor_thresholds,outer_2025,2025,False,10d14213e118585ccaa286e9,RUB_TJS,budget_00,0.1,active,0.8861149412095065,0.09562841530054644,5,1.0136612021857925,365,52.142857142857146,1,0.004048582995951417,0.01917808219178082,1,0.004048582995951417,True,0.01917808219178082,0.08338869863013698,0,1,0,1.0,0.20654329147389294,1.0,0.0,0.842,0.842,0.00815789652041621,0.15800000000000003,1.187648456057007,0.0,0.0,0.0,0.0,0.0,0.0,,,0,1,11,0.08333333333333333,-0.557046153,,,,1,1,215.0,3,temporal_v3
20260905_h013_temporal_v3_catboost_control,H013_temporal_v3_model_control,catboost,full_market_with_fx,message_hit,pooled_with_corridor_thresholds,outer_2025,2025,False,10d14213e118585ccaa286e9,RUB_TJS,budget_01,0.2,active,0.8674654878029772,0.1912568306010929,10,1.0136612021857925,365,52.142857142857146,3,0.012145748987854251,0.057534246575342465,3,0.012145748987854251,True,0.057534246575342465,0.25016609589041094,0,3,0,1.0,0.4384939195509822,1.0,0.0,0.6745,0.6745,0.005827394008227883,0.3255,1.4825796886582654,0.0,0.0,0.0,0.0,0.0,0.0,,,0,3,9,0.25,-31.332532082533334,84.0,39.2,0.0,1,1,150.0,3,temporal_v3
20260905_h013_temporal_v3_catboost_control,H013_temporal_v3_model_control,catboost,full_market_with_fx,message_hit,pooled_with_corridor_thresholds,outer_2025,2025,False,10d14213e118585ccaa286e9,RUB_TJS,budget_02,0.3,active,0.8552730092716412,0.28688524590163933,15,1.0136612021857925,365,52.142857142857146,8,0.032388663967611336,0.15342465753424656,7,0.02834008097165992,True,0.13424657534246576,0.5837208904109589,1,7,0,1.0,0.6456611570247934,1.0,0.0,0.6880714285714284,0.6880714285714284,0.003656812194169397,0.31192857142857155,1.45333748572615,7.209820128828571,7.209820128828571,0.0,20.395891242060017,34.911328868579965,49.4267664951,,,0,6,6,0.5,18.737203162657142,45.5,18.0,0.16666666666666666,2,2,105.0,3,temporal_v3
20260905_h013_temporal_v3_catboost_control,H013_temporal_v3_model_control,catboost,full_market_with_fx,message_hit,pooled_with_corridor_thresholds,outer_2025,2025,False,10d14213e118585ccaa286e9,RUB_TJS,budget_03,0.4,active,0.8463255930569451,0.3825136612021858,20,1.0136612021857925,365,52.142857142857146,13,0.05263157894736842,0.24931506849315066,12,0.048582995951417005,True,0.23013698630136986,1.0006643835616438,1,11,1,0.9166666666666666,0.6461140782014047,0.9851352905492264,0.08333333333333333,0.7476666666666667,0.7476666666666667,0.0026068783197444496,0.16899999999999993,1.2260365581810075,9.837018390841667,9.837018390841667,0.0,44.58828728626001,57.593687477039985,67.5754797883,67.5754797883,67.5754797883,0,8,4,0.6666666666666666,10.563393906549997,21.0,7.0,0.2727272727272727,3,2,105.0,3,temporal_v3
20260905_h013_temporal_v3_catboost_control,H013_temporal_v3_model_control,catboost,full_market_with_fx,message_hit,pooled_with_corridor_thresholds,outer_2025,2025,False,10d14213e118585ccaa286e9,RUB_TJS,budget_04,0.5,active,0.8371679410129541,0.4972677595628415,26,1.0136612021857925,365,52.142857142857146,15,0.06072874493927125,0.2876712328767123,14,0.05668016194331984,True,0.2684931506849315,1.1674417808219177,1,13,1,0.9285714285714286,0.6853073044604219,0.9872781138877085,0.07142857142857142,0.7678928571428572,0.7678928571428572,0.002306430892025388,0.16067857142857145,1.2092460815776012,12.018631109992855,12.018631109992855,0.0,45.17139318531001,55.77881614771999,67.5754797883,67.5754797883,67.5754797883,0,8,4,0.6666666666666666,3.041685890035713,15.0,7.0,0.38461538461538464,4,3,98.0,3,temporal_v3
20260905_h013_temporal_v3_catboost_control,H013_temporal_v3_model_control,catboost,full_market_with_fx,message_hit,pooled_with_corridor_thresholds,outer_2025,2025,False,10d14213e118585ccaa286e9,RUB_TJS,budget_05,0.6,active,0.8237829608054215,0.592896174863388,31,1.0136612021857925,365,52.142857142857146,21,0.08502024291497975,0.4027397260273972,19,0.07692307692307693,True,0.3643835616438356,1.5843852739726028,2,16,3,0.8421052631578947,0.6243407235682331,0.9447962896007217,0.15789473684210525,0.7288157894736842,0.7288157894736842,0.002050187860646149,0.1132894736842105,1.155443220797978,24.37638253566842,24.37638253566842,0.0,70.72148330126,91.17038805547983,161.9544043769,104.27846050609999,146.22462297214,0,8,4,0.6666666666666666,8.667297194078946,11.0,6.7,0.4444444444444444,4,3,91.0,3,temporal_v3
20260905_h013_temporal_v3_catboost_control,H013_temporal_v3_model_control,catboost,full_market_with_fx,message_hit,pooled_with_corridor_thresholds,outer_2025,2025,False,10d14213e118585ccaa286e9,RUB_TJS,budget_06,0.7,active,0.8162021504478751,0.6885245901639344,36,1.0136612021857925,365,52.142857142857146,26,0.10526315789473684,0.4986301369863013,23,0.0931174089068826,True,0.44109589041095887,1.9179400684931507,3,20,3,0.8695652173913043,0.678721020269818,0.9546242348565529,0.13043478260869565,0.7188695652173912,0.7188695652173912,0.0019299682180022233,0.15069565217391312,1.2096286440062902,20.1370116599,20.1370116599,0.0,63.986490012200015,81.73249559661997,161.9544043769,104.27846050609999,146.22462297214,0,9,3,0.75,9.217598964830433,8.0,7.0,0.45454545454545453,4,4,78.0,3,temporal_v3
20260905_h013_temporal_v3_catboost_control,H013_temporal_v3_model_control,catboost,full_market_with_fx,message_hit,pooled_with_corridor_thresholds,outer_2025,2025,False,10d14213e118585ccaa286e9,RUB_TJS,budget_07,0.8,active,0.7894535831112449,0.7841530054644809,41,1.0136612021857925,365,52.142857142857146,38,0.15384615384615385,0.7287671232876712,29,0.11740890688259109,True,0.5561643835616438,2.4182722602739726,9,24,5,0.8275862068965517,0.6545119942718489,0.9240225472852006,0.1724137931034483,0.6827931034482758,0.6827931034482758,0.0017284276730611223,0.1447931034482759,1.21205999696985,25.14257583952069,25.14257583952069,0.0,86.74858549867999,123.66679067451993,161.9544043769,110.49073573390001,152.81158625422,0,11,1,0.9166666666666666,17.255974282062073,7.0,6.0,0.5714285714285714,4,4,38.0,3,temporal_v3
20260905_h013_temporal_v3_catboost_control,H013_temporal_v3_model_control,catboost,full_market_with_fx,message_hit,pooled_with_corridor_thresholds,outer_2025,2025,False,10d14213e118585ccaa286e9,RUB_TJS,budget_08,0.9,active,0.7577624930198654,0.8989071038251366,47,1.0136612021857925,365,52.142857142857146,54,0.21862348178137653,1.0356164383561643,39,0.15789473684210525,True,0.747945205479452,3.2521592465753426,15,32,7,0.8205128205128205,0.6733164837555724,0.9102284818853,0.1794871794871795,0.6799871794871795,0.6799871794871795,0.0014281754486461238,0.14052564102564102,1.2066592507400216,31.516306785633333,31.516306785633333,0.0,108.2362222788401,156.49230368940002,315.8029404273,147.88009698072855,230.93141170188005,0,11,1,0.9166666666666666,19.655881999382053,7.0,6.0,0.6842105263157895,5,5,38.0,3,temporal_v3
20260905_h013_temporal_v3_catboost_control,H013_temporal_v3_model_control,catboost,full_market_with_fx,message_hit,pooled_with_corridor_thresholds,outer_2025,2025,False,10d14213e118585ccaa286e9,RUB_TJS,budget_09,1.0,active,0.630491809089752,0.994535519125683,52,1.0136612021857925,365,52.142857142857146,120,0.48582995951417,2.3013698630136985,49,0.19838056680161945,True,0.9397260273972602,4.086046232876712,71,39,10,0.7959183673469388,0.6636272988905617,0.8851827295718618,0.20408163265306123,0.6816224489795918,0.6816224489795918,0.0012035088086347107,0.11429591836734698,1.1676821509304032,39.087679553051025,39.087679553051025,0.0,155.35020001018003,221.62054839899955,315.8029404273,167.29380684991,265.01952043550995,0,12,0,1.0,20.89208067277959,7.0,6.0,0.6666666666666666,5,5,14.0,3,temporal_v3
20260905_h013_temporal_v3_catboost_control,H013_temporal_v3_model_control,catboost,full_market_with_fx,message_hit,pooled_with_corridor_thresholds,outer_2025,2025,False,10d14213e118585ccaa286e9,RUB_TJS,budget_10,1.1,active,0.6171781457844437,1.0136612021857925,53,1.0136612021857925,365,52.142857142857146,131,0.5303643724696356,2.5123287671232877,50,0.20242914979757085,True,0.958904109589041,4.169434931506849,81,39,11,0.78,0.6475818431054045,0.8724621377569771,0.22,0.6883499999999999,0.6883499999999999,0.0011231515858255157,0.09165000000000012,1.1331444759206801,42.666255935319995,42.666255935319995,0.0,168.45006758181003,243.39396367097993,315.8029404273,165.3220828148818,259.3769182142,0,12,0,1.0,15.122129584051997,7.0,6.0,0.7551020408163265,5,5,13.0,3,temporal_v3
20260905_h013_temporal_v3_catboost_control,H013_temporal_v3_model_control,catboost,full_market_with_fx,message_hit,pooled_with_corridor_thresholds,outer_2025,2025,False,10d14213e118585ccaa286e9,RUB_TJS,budget_11,1.2,active,0.6171781457844437,1.0136612021857925,53,1.0136612021857925,365,52.142857142857146,131,0.5303643724696356,2.5123287671232877,50,0.20242914979757085,True,0.958904109589041,4.169434931506849,81,39,11,0.78,0.6475818431054045,0.8724621377569771,0.22,0.6899399999999999,0.6899399999999999,0.0011556236121534047,0.09006000000000014,1.1305330898338988,42.666255935319995,42.666255935319995,0.0,168.45006758181003,243.39396367097993,315.8029404273,165.3220828148818,259.3769182142,0,12,0,1.0,15.122129584051997,7.0,6.0,0.7551020408163265,5,5,13.0,3,temporal_v3
20260905_h013_temporal_v3_catboost_control,H013_temporal_v3_model_control,catboost,full_market_with_fx,message_hit,pooled_with_corridor_thresholds,outer_2025,2025,False,10d14213e118585ccaa286e9,RUB_TJS,budget_12,1.3,active,0.6171781457844437,1.0136612021857925,53,1.0136612021857925,365,52.142857142857146,131,0.5303643724696356,2.5123287671232877,50,0.20242914979757085,True,0.958904109589041,4.169434931506849,81,39,11,0.78,0.6475818431054045,0.8724621377569771,0.22,0.68637,0.68637,0.0011602088571874235,0.09362999999999999,1.1364133047773066,42.666255935319995,42.666255935319995,0.0,168.45006758181003,243.39396367097993,315.8029404273,165.3220828148818,259.3769182142,0,12,0,1.0,15.122129584051997,7.0,6.0,0.7551020408163265,5,5,13.0,3,temporal_v3
20260905_h013_temporal_v3_catboost_control,H013_temporal_v3_model_control,catboost,full_market_with_fx,message_hit,pooled_with_corridor_thresholds,outer_2025,2025,False,10d14213e118585ccaa286e9,RUB_TJS,budget_13,1.4,active,0.6171781457844437,1.0136612021857925,53,1.0136612021857925,365,52.142857142857146,131,0.5303643724696356,2.5123287671232877,50,0.20242914979757085,True,0.958904109589041,4.169434931506849,81,39,11,0.78,0.6475818431054045,0.8724621377569771,0.22,0.6875699999999999,0.6875699999999999,0.0011514818736101,0.09243000000000012,1.1344299489506524,42.666255935319995,42.666255935319995,0.0,168.45006758181003,243.39396367097993,315.8029404273,165.3220828148818,259.3769182142,0,12,0,1.0,15.122129584051997,7.0,6.0,0.7551020408163265,5,5,13.0,3,temporal_v3
20260905_h013_temporal_v3_catboost_control,H013_temporal_v3_model_control,catboost,full_market_with_fx,message_hit,pooled_with_corridor_thresholds,outer_2025,2025,False,10d14213e118585ccaa286e9,RUB_UZS,budget_00,0.1,active,0.8794069069997544,0.09562841530054644,5,1.0136612021857925,365,52.142857142857146,4,0.016194331983805668,0.07671232876712328,4,0.016194331983805668,True,0.07671232876712328,0.3335547945205479,0,4,0,1.0,0.5100999795960008,1.0,0.0,0.626625,0.626625,0.005254163378112823,0.373375,1.5958507879513266,0.0,0.0,0.0,0.0,0.0,0.0,,,0,4,8,0.3333333333333333,-2.547267141900001,49.0,14.6,0.3333333333333333,2,1,150.0,3,temporal_v3
20260905_h013_temporal_v3_catboost_control,H013_temporal_v3_model_control,catboost,full_market_with_fx,message_hit,pooled_with_corridor_thresholds,outer_2025,2025,False,10d14213e118585ccaa286e9,RUB_UZS,budget_01,0.2,active,0.874253313488611,0.1912568306010929,10,1.0136612021857925,365,52.142857142857146,4,0.016194331983805668,0.07671232876712328,4,0.016194331983805668,True,0.07671232876712328,0.3335547945205479,0,4,0,1.0,0.5100999795960008,1.0,0.0,0.6235,0.6235,0.00522434415845118,0.37649999999999995,1.6038492381716116,0.0,0.0,0.0,0.0,0.0,0.0,,,0,4,8,0.3333333333333333,-2.547267141900001,49.0,14.6,0.3333333333333333,2,1,150.0,3,temporal_v3
20260905_h013_temporal_v3_catboost_control,H013_temporal_v3_model_control,catboost,full_market_with_fx,message_hit,pooled_with_corridor_thresholds,outer_2025,2025,False,10d14213e118585ccaa286e9,RUB_UZS,budget_02,0.3,active,0.8568518730623212,0.28688524590163933,15,1.0136612021857925,365,52.142857142857146,8,0.032388663967611336,0.15342465753424656,7,0.02834008097165992,True,0.13424657534246576,0.5837208904109589,1,7,0,1.0,0.6456611570247934,1.0,0.0,0.5745,0.5745,0.003970310936105967,0.4255,1.7406440382941688,12.271472196114287,12.271472196114287,0.0,42.549248024600004,43.75196201,44.9546759954,,,0,6,6,0.5,-5.2704542749285705,28.0,13.5,0.16666666666666666,2,2,112.0,3,temporal_v3
20260905_h013_temporal_v3_catboost_control,H013_temporal_v3_model_control,catboost,full_market_with_fx,message_hit,pooled_with_corridor_thresholds,outer_2025,2025,False,10d14213e118585ccaa286e9,RUB_UZS,budget_03,0.4,active,0.8519839554448003,0.3825136612021858,20,1.0136612021857925,365,52.142857142857146,10,0.04048582995951417,0.1917808219178082,9,0.03643724696356275,True,0.17260273972602738,0.7504982876712328,1,8,1,0.8888888888888888,0.5649937852319398,0.9801096286728695,0.1111111111111111,0.5891666666666667,0.5891666666666667,0.0034791923260251924,0.2997222222222221,1.5087223008015085,23.147515084011115,23.147515084011115,0.0,57.382978608960016,82.23958383607999,107.0961890632,107.0961890632,107.0961890632,0,7,5,0.5833333333333334,8.236828330566667,24.5,6.7,0.25,3,2,105.0,3,temporal_v3
20260905_h013_temporal_v3_catboost_control,H013_temporal_v3_model_control,catboost,full_market_with_fx,message_hit,pooled_with_corridor_thresholds,outer_2025,2025,False,10d14213e118585ccaa286e9,RUB_UZS,budget_04,0.5,active,0.8431558206141359,0.4972677595628415,26,1.0136612021857925,365,52.142857142857146,13,0.05263157894736842,0.24931506849315066,12,0.048582995951417005,True,0.23013698630136986,1.0006643835616438,1,11,1,0.9166666666666666,0.6461140782014047,0.9851352905492264,0.08333333333333333,0.6105833333333334,0.6105833333333334,0.003123875485518671,0.30608333333333326,1.5012965743141802,21.753380752975,21.753380752975,3.39508154615,45.82596076811,73.45080868145496,107.0961890632,107.0961890632,107.0961890632,0,7,5,0.5833333333333334,11.166833345266667,21.0,6.0,0.36363636363636365,4,3,98.0,3,temporal_v3
20260905_h013_temporal_v3_catboost_control,H013_temporal_v3_model_control,catboost,full_market_with_fx,message_hit,pooled_with_corridor_thresholds,outer_2025,2025,False,10d14213e118585ccaa286e9,RUB_UZS,budget_05,0.6,active,0.8270155288257478,0.592896174863388,31,1.0136612021857925,365,52.142857142857146,20,0.08097165991902834,0.3835616438356164,17,0.06882591093117409,True,0.32602739726027397,1.4176078767123288,3,15,2,0.8823529411764706,0.6566315750229009,0.9671209199870792,0.11764705882352941,0.6229411764705882,0.6229411764705882,0.0023859976740883203,0.25941176470588234,1.4164305949008498,19.844035944541176,19.844035944541176,0.0,58.076878920980015,82.46567142983997,107.0961890632,91.70211554235,104.01737435903,0,8,4,0.6666666666666666,38.2156848490647,7.5,6.0,0.5,5,4,91.0,3,temporal_v3
20260905_h013_temporal_v3_catboost_control,H013_temporal_v3_model_control,catboost,full_market_with_fx,message_hit,pooled_with_corridor_thresholds,outer_2025,2025,False,10d14213e118585ccaa286e9,RUB_UZS,budget_06,0.7,active,0.8096206446103303,0.6885245901639344,36,1.0136612021857925,365,52.142857142857146,28,0.11336032388663968,0.536986301369863,22,0.08906882591093117,True,0.42191780821917807,1.8345513698630136,6,18,4,0.8181818181818182,0.6148297802336214,0.9269323397589488,0.18181818181818182,0.5856818181818182,0.5856818181818182,0.002219410771596433,0.23250000000000004,1.3969732246798603,21.311723331427274,21.311723331427274,0.0,73.74342914730005,98.18607158349498,107.0961890632,83.35092279695,104.76859639132,0,9,3,0.75,32.47389984603183,8.0,7.0,0.42857142857142855,4,4,43.0,3,temporal_v3
20260905_h013_temporal_v3_catboost_control,H013_temporal_v3_model_control,catboost,full_market_with_fx,message_hit,pooled_with_corridor_thresholds,outer_2025,2025,False,10d14213e118585ccaa286e9,RUB_UZS,budget_07,0.8,active,0.799422407087661,0.7841530054644809,41,1.0136612021857925,365,52.142857142857146,34,0.13765182186234817,0.6520547945205479,28,0.11336032388663968,True,0.536986301369863,2.3348835616438355,6,23,5,0.8214285714285714,0.644082084514089,0.9212161417056989,0.17857142857142858,0.5785,0.5785,0.0018635738171731684,0.24292857142857138,1.419928386220521,23.726512623296426,23.726512623296426,0.0,83.21689346213002,104.38066427933998,156.3078918118,97.94231659992,136.62321071236,0,10,2,0.8333333333333334,31.12807610975357,7.0,6.0,0.5555555555555556,5,4,38.0,3,temporal_v3
20260905_h013_temporal_v3_catboost_control,H013_temporal_v3_model_control,catboost,full_market_with_fx,message_hit,pooled_with_corridor_thresholds,outer_2025,2025,False,10d14213e118585ccaa286e9,RUB_UZS,budget_08,0.9,active,0.7623430255284197,0.8989071038251366,47,1.0136612021857925,365,52.142857142857146,48,0.19433198380566802,0.9205479452054794,35,0.1417004048582996,True,0.6712328767123287,2.9186044520547942,13,27,8,0.7714285714285715,0.60982362219898,0.8793426325382091,0.22857142857142856,0.5669571428571428,0.5669571428571428,0.0015417879509371816,0.20447142857142864,1.3606470632700887,25.796531616182854,25.796531616182854,0.0,80.94090038936001,101.66513949547998,156.3078918118,87.94996265387499,121.85969988778,0,11,1,0.9166666666666666,33.45225817380286,7.0,6.0,0.6470588235294118,5,5,31.0,3,temporal_v3
20260905_h013_temporal_v3_catboost_control,H013_temporal_v3_model_control,catboost,full_market_with_fx,message_hit,pooled_with_corridor_thresholds,outer_2025,2025,False,10d14213e118585ccaa286e9,RUB_UZS,budget_09,1.0,active,0.5763251623268332,0.994535519125683,52,1.0136612021857925,365,52.142857142857146,162,0.6558704453441295,3.106849315068493,51,0.20647773279352227,True,0.9780821917808219,4.252823630136986,111,30,21,0.5882352941176471,0.4516509274741746,0.7124580700751311,0.4117647058823529,0.5605784313725489,0.5605784313725489,0.0011878258839584492,0.027656862745098154,1.0493362947935434,67.11206612897844,67.11206612897844,23.2341735482,172.5149578158,224.7517845301,596.5179761041,151.10754183425237,248.5875536112,0,12,0,1.0,-1.0506217901294115,7.0,5.9,0.74,5,5,15.0,3,temporal_v3
20260905_h013_temporal_v3_catboost_control,H013_temporal_v3_model_control,catboost,full_market_with_fx,message_hit,pooled_with_corridor_thresholds,outer_2025,2025,False,10d14213e118585ccaa286e9,RUB_UZS,budget_10,1.1,active,0.5491356643311938,1.0136612021857925,53,1.0136612021857925,365,52.142857142857146,174,0.7044534412955465,3.336986301369863,52,0.21052631578947367,True,0.9972602739726026,4.3362123287671235,122,29,23,0.5576923076923077,0.4233952499151638,0.6840515281141191,0.4423076923076923,0.5723461538461538,0.5723461538461538,0.001139239715262195,-0.014653846153846128,0.9743968819299779,69.59750889068847,69.59750889068847,25.328484700849998,164.81578719452,222.3682076219898,596.5179761041,145.63553783975655,239.05324597876003,0,12,0,1.0,-3.427613565046153,7.0,6.0,0.7843137254901961,5,5,10.0,3,temporal_v3
20260905_h013_temporal_v3_catboost_control,H013_temporal_v3_model_control,catboost,full_market_with_fx,message_hit,pooled_with_corridor_thresholds,outer_2025,2025,False,10d14213e118585ccaa286e9,RUB_UZS,budget_11,1.2,active,0.5491356643311938,1.0136612021857925,53,1.0136612021857925,365,52.142857142857146,174,0.7044534412955465,3.336986301369863,52,0.21052631578947367,True,0.9972602739726026,4.3362123287671235,122,29,23,0.5576923076923077,0.4233952499151638,0.6840515281141191,0.4423076923076923,0.5698461538461538,0.5698461538461538,0.0011551422281763412,-0.01215384615384607,0.9786717062634991,69.59750889068847,69.59750889068847,25.328484700849998,164.81578719452,222.3682076219898,596.5179761041,145.63553783975655,239.05324597876003,0,12,0,1.0,-3.427613565046153,7.0,6.0,0.7843137254901961,5,5,10.0,3,temporal_v3
20260905_h013_temporal_v3_catboost_control,H013_temporal_v3_model_control,catboost,full_market_with_fx,message_hit,pooled_with_corridor_thresholds,outer_2025,2025,False,10d14213e118585ccaa286e9,RUB_UZS,budget_12,1.3,active,0.5491356643311938,1.0136612021857925,53,1.0136612021857925,365,52.142857142857146,174,0.7044534412955465,3.336986301369863,52,0.21052631578947367,True,0.9972602739726026,4.3362123287671235,122,29,23,0.5576923076923077,0.4233952499151638,0.6840515281141191,0.4423076923076923,0.5728173076923077,0.5728173076923077,0.0011386355978662973,-0.015124999999999944,0.9735954207442971,69.59750889068847,69.59750889068847,25.328484700849998,164.81578719452,222.3682076219898,596.5179761041,145.63553783975655,239.05324597876003,0,12,0,1.0,-3.427613565046153,7.0,6.0,0.7843137254901961,5,5,10.0,3,temporal_v3
20260905_h013_temporal_v3_catboost_control,H013_temporal_v3_model_control,catboost,full_market_with_fx,message_hit,pooled_with_corridor_thresholds,outer_2025,2025,False,10d14213e118585ccaa286e9,RUB_UZS,budget_13,1.4,active,0.5491356643311938,1.0136612021857925,53,1.0136612021857925,365,52.142857142857146,174,0.7044534412955465,3.336986301369863,52,0.21052631578947367,True,0.9972602739726026,4.3362123287671235,122,29,23,0.5576923076923077,0.4233952499151638,0.6840515281141191,0.4423076923076923,0.5707596153846153,0.5707596153846153,0.0011627409933232503,-0.013067307692307573,0.9771054094577067,69.59750889068847,69.59750889068847,25.328484700849998,164.81578719452,222.3682076219898,596.5179761041,145.63553783975655,239.05324597876003,0,12,0,1.0,-3.427613565046153,7.0,6.0,0.7843137254901961,5,5,10.0,3,temporal_v3
20260905_h013_temporal_v3_catboost_control,H013_temporal_v3_model_control,catboost,full_market_with_fx,message_hit,pooled_with_corridor_thresholds,outer_2026,2026,True,10d14213e118585ccaa286e9,RUB_AMD,budget_00,0.1,active,0.8798198862473117,0.0958904109589041,5,0.9972602739726026,241,34.42857142857143,3,0.01875,0.08713692946058091,3,0.01875,True,0.08713692946058091,0.3788822614107884,0,1,2,0.3333333333333333,0.061490315276160515,0.7923450448735121,0.6666666666666666,0.4495,0.4495,0.006255663877972183,-0.1161666666666667,0.7415647015202076,63.096124282666665,63.096124282666665,88.0254820971,98.61540902013999,99.93914988552,101.2628907509,94.644186424,99.93914988552,0,2,6,0.25,-9.153131907966666,10.5,7.7,0.5,3,2,114.0,3,temporal_v3
20260905_h013_temporal_v3_catboost_control,H013_temporal_v3_model_control,catboost,full_market_with_fx,message_hit,pooled_with_corridor_thresholds,outer_2026,2026,True,10d14213e118585ccaa286e9,RUB_AMD,budget_01,0.2,active,0.8677539486988275,0.1917808219178082,10,0.9972602739726026,241,34.42857142857143,3,0.01875,0.08713692946058091,3,0.01875,True,0.08713692946058091,0.3788822614107884,0,1,2,0.3333333333333333,0.061490315276160515,0.7923450448735121,0.6666666666666666,0.453,0.453,0.006331051079445808,-0.1196666666666667,0.7358351729212655,63.096124282666665,63.096124282666665,88.0254820971,98.61540902013999,99.93914988552,101.2628907509,94.644186424,99.93914988552,0,2,6,0.25,-9.153131907966666,10.5,7.7,0.5,3,2,114.0,3,temporal_v3
20260905_h013_temporal_v3_catboost_control,H013_temporal_v3_model_control,catboost,full_market_with_fx,message_hit,pooled_with_corridor_thresholds,outer_2026,2026,True,10d14213e118585ccaa286e9,RUB_AMD,budget_02,0.3,active,0.854695517847682,0.2876712328767123,15,0.9972602739726026,241,34.42857142857143,5,0.03125,0.14522821576763484,3,0.01875,True,0.08713692946058091,0.3788822614107884,2,2,1,0.6666666666666666,0.20765495512648788,0.9385096847238393,0.3333333333333333,0.45983333333333337,0.45983333333333337,0.006323851102659401,0.20683333333333326,1.4498006524102933,41.40029526393334,41.40029526393334,36.1754036947,77.65546641662,82.84047425685999,88.0254820971,88.0254820971,88.0254820971,0,2,6,0.25,-0.39539199873333314,10.0,7.6,0.5,3,2,114.0,3,temporal_v3
20260905_h013_temporal_v3_catboost_control,H013_temporal_v3_model_control,catboost,full_market_with_fx,message_hit,pooled_with_corridor_thresholds,outer_2026,2026,True,10d14213e118585ccaa286e9,RUB_AMD,budget_03,0.4,active,0.840134768528165,0.3835616438356164,20,0.9972602739726026,241,34.42857142857143,10,0.0625,0.2904564315352697,8,0.05,True,0.23236514522821575,1.0103526970954357,2,7,1,0.875,0.5291051942301385,0.9775830911367039,0.125,0.5215,0.5215,0.0036338911764857893,0.35350000000000004,1.6778523489932886,15.525110723975,15.525110723975,0.0,51.730427215419994,69.87795465625997,88.0254820971,88.0254820971,88.0254820971,0,4,4,0.5,1.228364913500001,8.0,6.6,0.42857142857142855,4,4,99.0,3,temporal_v3
20260905_h013_temporal_v3_catboost_control,H013_temporal_v3_model_control,catboost,full_market_with_fx,message_hit,pooled_with_corridor_thresholds,outer_2026,2026,True,10d14213e118585ccaa286e9,RUB_AMD,budget_04,0.5,active,0.8157933515944014,0.4986301369863013,26,0.9972602739726026,241,34.42857142857143,19,0.11875,0.5518672199170124,14,0.0875,True,0.4066390041493776,1.7681172199170123,5,12,2,0.8571428571428571,0.600580922361363,0.9599069262620787,0.14285714285714285,0.615,0.615,0.0025903151192912845,0.2421428571428571,1.3937282229965156,14.501741384092856,14.501741384092856,0.0,47.564014584020015,64.89806981847998,88.0254820971,70.2351649597,84.46741866962,0,7,1,0.875,-0.6931921061642876,7.0,6.2,0.6153846153846154,5,5,43.0,3,temporal_v3
20260905_h013_temporal_v3_catboost_control,H013_temporal_v3_model_control,catboost,full_market_with_fx,message_hit,pooled_with_corridor_thresholds,outer_2026,2026,True,10d14213e118585ccaa286e9,RUB_AMD,budget_05,0.6,active,0.8035073921365876,0.5945205479452055,31,0.9972602739726026,241,34.42857142857143,24,0.15,0.6970954356846473,16,0.1,True,0.4647302904564315,2.0207053941908715,8,14,2,0.875,0.6397666856325172,0.9650232506629429,0.125,0.6450625,0.6450625,0.0023478589752706355,0.22993750000000002,1.356457707586474,12.689023711081251,12.689023711081251,0.0,44.3101257585,61.340006390999996,88.0254820971,70.2351649597,84.46741866962,0,7,1,0.875,-1.0278431836124966,7.0,6.4,0.5333333333333333,5,5,43.0,3,temporal_v3
20260905_h013_temporal_v3_catboost_control,H013_temporal_v3_model_control,catboost,full_market_with_fx,message_hit,pooled_with_corridor_thresholds,outer_2026,2026,True,10d14213e118585ccaa286e9,RUB_AMD,budget_06,0.7,active,0.7792366557900013,0.6904109589041095,36,0.9972602739726026,241,34.42857142857143,34,0.2125,0.987551867219917,21,0.13125,True,0.6099585062240663,2.6521758298755187,13,17,4,0.8095238095238095,0.599990134607267,0.923325593848227,0.19047619047619047,0.6592380952380952,0.6592380952380952,0.001897979778795829,0.15028571428571436,1.2279687951459117,23.391337731795236,23.391337731795236,0.0,79.7613991926,88.0254820971,93.5583421227,78.447517808675,91.89848411502,0,7,1,0.875,2.140740086204762,7.0,6.0,0.65,5,5,43.0,3,temporal_v3
20260905_h013_temporal_v3_catboost_control,H013_temporal_v3_model_control,catboost,full_market_with_fx,message_hit,pooled_with_corridor_thresholds,outer_2026,2026,True,10d14213e118585ccaa286e9,RUB_AMD,budget_07,0.8,active,0.7677674194101052,0.7863013698630137,41,0.9972602739726026,241,34.42857142857143,41,0.25625,1.1908713692946058,26,0.1625,True,0.7551867219917012,3.283646265560166,15,20,6,0.7692307692307693,0.5794807424804321,0.8896630031632332,0.23076923076923078,0.6524230769230769,0.6524230769230769,0.0016586448149971938,0.11680769230769239,1.179036726994046,27.901699980842313,27.901699980842313,0.0,90.7919121099,100.9011935493,116.2202416133,88.89318725658332,109.7845261524,0,8,0,1.0,4.024198055338461,7.0,6.0,0.72,5,5,29.0,3,temporal_v3
20260905_h013_temporal_v3_catboost_control,H013_temporal_v3_model_control,catboost,full_market_with_fx,message_hit,pooled_with_corridor_thresholds,outer_2026,2026,True,10d14213e118585ccaa286e9,RUB_AMD,budget_08,0.9,active,0.7214078228947095,0.8821917808219177,46,0.9972602739726026,241,34.42857142857143,51,0.31875,1.4813278008298754,29,0.18125,True,0.8423236514522822,3.6625285269709544,22,22,7,0.7586206896551724,0.5789204778167131,0.8778173181493787,0.2413793103448276,0.6664310344827586,0.6664310344827586,0.0014778858621245722,0.09218965517241373,1.1383333764520218,28.37735502467241,28.37735502467241,0.0,95.31251805918,102.94097513694,115.4621933682,90.12260282187142,108.19416376218001,0,8,0,1.0,-0.24402796876206975,7.0,6.0,0.7142857142857143,5,5,15.0,3,temporal_v3
20260905_h013_temporal_v3_catboost_control,H013_temporal_v3_model_control,catboost,full_market_with_fx,message_hit,pooled_with_corridor_thresholds,outer_2026,2026,True,10d14213e118585ccaa286e9,RUB_AMD,budget_09,1.0,active,0.41401512349763253,0.9972602739726026,52,0.9972602739726026,241,34.42857142857143,154,0.9625,4.473029045643154,33,0.20625,True,0.95850622406639,4.167704875518672,121,18,15,0.5454545454545454,0.3798565794374957,0.701573108741085,0.45454545454545453,0.7231363636363636,0.7231363636363636,0.001284338106543468,-0.17768181818181816,0.7542900245144258,64.16287334720305,64.16287334720305,34.2012410868,203.40319720652002,216.90762582981998,252.286984103,130.3462982845467,219.98502902048,0,8,0,1.0,2.512703512727274,7.0,6.0,0.875,5,5,13.0,3,temporal_v3
20260905_h013_temporal_v3_catboost_control,H013_temporal_v3_model_control,catboost,full_market_with_fx,message_hit,pooled_with_corridor_thresholds,outer_2026,2026,True,10d14213e118585ccaa286e9,RUB_AMD,budget_10,1.1,active,0.41401512349763253,0.9972602739726026,52,0.9972602739726026,241,34.42857142857143,154,0.9625,4.473029045643154,33,0.20625,True,0.95850622406639,4.167704875518672,121,18,15,0.5454545454545454,0.3798565794374957,0.701573108741085,0.45454545454545453,0.7193333333333334,0.7193333333333334,0.0013127251420538954,-0.17387878787878797,0.7582778667116016,64.16287334720305,64.16287334720305,34.2012410868,203.40319720652002,216.90762582981998,252.286984103,130.3462982845467,219.98502902048,0,8,0,1.0,2.512703512727274,7.0,6.0,0.875,5,5,13.0,3,temporal_v3
20260905_h013_temporal_v3_catboost_control,H013_temporal_v3_model_control,catboost,full_market_with_fx,message_hit,pooled_with_corridor_thresholds,outer_2026,2026,True,10d14213e118585ccaa286e9,RUB_AMD,budget_11,1.2,active,0.41401512349763253,0.9972602739726026,52,0.9972602739726026,241,34.42857142857143,154,0.9625,4.473029045643154,33,0.20625,True,0.95850622406639,4.167704875518672,121,18,15,0.5454545454545454,0.3798565794374957,0.701573108741085,0.45454545454545453,0.7217272727272728,0.7217272727272728,0.0012494647349011517,-0.17627272727272736,0.7557626905151781,64.16287334720305,64.16287334720305,34.2012410868,203.40319720652002,216.90762582981998,252.286984103,130.3462982845467,219.98502902048,0,8,0,1.0,2.512703512727274,7.0,6.0,0.875,5,5,13.0,3,temporal_v3
20260905_h013_temporal_v3_catboost_control,H013_temporal_v3_model_control,catboost,full_market_with_fx,message_hit,pooled_with_corridor_thresholds,outer_2026,2026,True,10d14213e118585ccaa286e9,RUB_AMD,budget_12,1.3,active,0.41401512349763253,0.9972602739726026,52,0.9972602739726026,241,34.42857142857143,154,0.9625,4.473029045643154,33,0.20625,True,0.95850622406639,4.167704875518672,121,18,15,0.5454545454545454,0.3798565794374957,0.701573108741085,0.45454545454545453,0.7220757575757576,0.7220757575757576,0.001251223945562181,-0.17662121212121218,0.755397947835575,64.16287334720305,64.16287334720305,34.2012410868,203.40319720652002,216.90762582981998,252.286984103,130.3462982845467,219.98502902048,0,8,0,1.0,2.512703512727274,7.0,6.0,0.875,5,5,13.0,3,temporal_v3
20260905_h013_temporal_v3_catboost_control,H013_temporal_v3_model_control,catboost,full_market_with_fx,message_hit,pooled_with_corridor_thresholds,outer_2026,2026,True,10d14213e118585ccaa286e9,RUB_AMD,budget_13,1.4,active,0.41401512349763253,0.9972602739726026,52,0.9972602739726026,241,34.42857142857143,154,0.9625,4.473029045643154,33,0.20625,True,0.95850622406639,4.167704875518672,121,18,15,0.5454545454545454,0.3798565794374957,0.701573108741085,0.45454545454545453,0.7214545454545455,0.7214545454545455,0.0012578238034792674,-0.17600000000000005,0.7560483870967741,64.16287334720305,64.16287334720305,34.2012410868,203.40319720652002,216.90762582981998,252.286984103,130.3462982845467,219.98502902048,0,8,0,1.0,2.512703512727274,7.0,6.0,0.875,5,5,13.0,3,temporal_v3
20260905_h013_temporal_v3_catboost_control,H013_temporal_v3_model_control,catboost,full_market_with_fx,message_hit,pooled_with_corridor_thresholds,outer_2026,2026,True,10d14213e118585ccaa286e9,RUB_KGS,budget_00,0.1,active,0.8840308653669835,0.0958904109589041,5,0.9972602739726026,241,34.42857142857143,0,0.0,0.0,0,0.0,False,0.0,0.0,0,0,0,,,,,,,,,,,,,,,,,,0,0,8,0.0,,,,,0,0,241.0,3,temporal_v3
20260905_h013_temporal_v3_catboost_control,H013_temporal_v3_model_control,catboost,full_market_with_fx,message_hit,pooled_with_corridor_thresholds,outer_2026,2026,True,10d14213e118585ccaa286e9,RUB_KGS,budget_01,0.2,active,0.8651059497984013,0.1917808219178082,10,0.9972602739726026,241,34.42857142857143,1,0.00625,0.02904564315352697,1,0.00625,True,0.02904564315352697,0.12629408713692947,0,0,1,0.0,0.0,0.7934567085261071,1.0,0.5555,0.5555,0.011114028784284705,-0.5555,0.0,106.3714018184,106.3714018184,106.3714018184,106.3714018184,106.3714018184,106.3714018184,106.3714018184,106.3714018184,0,1,7,0.125,2.105971531,,,,1,1,135.0,3,temporal_v3
20260905_h013_temporal_v3_catboost_control,H013_temporal_v3_model_control,catboost,full_market_with_fx,message_hit,pooled_with_corridor_thresholds,outer_2026,2026,True,10d14213e118585ccaa286e9,RUB_KGS,budget_02,0.3,active,0.8542951178967293,0.2876712328767123,15,0.9972602739726026,241,34.42857142857143,6,0.0375,0.17427385892116182,5,0.03125,True,0.14522821576763484,0.6314704356846473,1,4,1,0.8,0.37552826411853885,0.9637768390302125,0.2,0.504,0.504,0.004760602027667605,0.29600000000000004,1.5873015873015874,20.82478912256,20.82478912256,1.4945967339,60.72019029654001,79.53122201071999,98.3422537249,98.3422537249,98.3422537249,0,3,5,0.375,-2.450542269419999,11.0,6.6,0.25,3,2,107.0,3,temporal_v3
20260905_h013_temporal_v3_catboost_control,H013_temporal_v3_model_control,catboost,full_market_with_fx,message_hit,pooled_with_corridor_thresholds,outer_2026,2026,True,10d14213e118585ccaa286e9,RUB_KGS,budget_03,0.4,active,0.8397589142582744,0.3835616438356164,20,0.9972602739726026,241,34.42857142857143,11,0.06875,0.31950207468879666,8,0.05,True,0.23236514522821575,1.0103526970954357,3,7,1,0.875,0.5291051942301385,0.9775830911367039,0.125,0.5306875,0.5306875,0.003697660580523769,0.3443125,1.6488046166529267,18.452848078550005,18.452848078550005,0.74729836695,59.95186342838999,79.14705857664498,98.3422537249,98.3422537249,98.3422537249,0,4,4,0.5,3.5564882063124994,8.0,7.0,0.2857142857142857,3,3,99.0,3,temporal_v3
20260905_h013_temporal_v3_catboost_control,H013_temporal_v3_model_control,catboost,full_market_with_fx,message_hit,pooled_with_corridor_thresholds,outer_2026,2026,True,10d14213e118585ccaa286e9,RUB_KGS,budget_04,0.5,active,0.8125358278242488,0.4986301369863013,26,0.9972602739726026,241,34.42857142857143,20,0.125,0.5809128630705394,14,0.0875,True,0.4066390041493776,1.7681172199170123,6,13,1,0.9285714285714286,0.6853073044604219,0.9872781138877085,0.07142857142857142,0.6113214285714286,0.6113214285714286,0.0026987361236073164,0.31725000000000003,1.5189577612899456,17.19969874348572,17.19969874348572,0.74729836695,47.28883341470001,66.213314677305,98.3422537249,98.3422537249,98.3422537249,0,7,1,0.875,-3.3548008396071434,7.0,7.0,0.5384615384615384,4,4,43.0,3,temporal_v3
20260905_h013_temporal_v3_catboost_control,H013_temporal_v3_model_control,catboost,full_market_with_fx,message_hit,pooled_with_corridor_thresholds,outer_2026,2026,True,10d14213e118585ccaa286e9,RUB_KGS,budget_05,0.6,active,0.7984999936782876,0.5945205479452055,31,0.9972602739726026,241,34.42857142857143,24,0.15,0.6970954356846473,17,0.10625,True,0.4937759336099585,2.146999481327801,7,16,1,0.9411764705882353,0.730174547964372,0.9895398693548358,0.058823529411764705,0.6318529411764705,0.6318529411764705,0.002341243673636594,0.3093235294117648,1.489549876646651,14.266640342170588,14.266640342170588,0.0,45.6645501008,58.79894412785997,98.3422537249,98.3422537249,98.3422537249,0,7,1,0.875,-1.5187801719176472,7.0,6.5,0.5625,5,5,43.0,3,temporal_v3
20260905_h013_temporal_v3_catboost_control,H013_temporal_v3_model_control,catboost,full_market_with_fx,message_hit,pooled_with_corridor_thresholds,outer_2026,2026,True,10d14213e118585ccaa286e9,RUB_KGS,budget_06,0.7,active,0.781201933551175,0.6904109589041095,36,0.9972602739726026,241,34.42857142857143,34,0.2125,0.987551867219917,23,0.14375,True,0.6680497925311203,2.9047640041493774,11,19,4,0.8260869565217391,0.6286194521470434,0.9302145964938723,0.17391304347826086,0.620891304347826,0.620891304347826,0.0019338781835971327,0.2051956521739131,1.3304856272539478,26.319481160717388,26.319481160717388,4.287095154,85.75744084632001,93.46219685669,98.3422537249,88.83440229045,97.04037107428,0,7,1,0.875,-0.6160332297478258,7.0,6.0,0.7272727272727273,5,5,43.0,3,temporal_v3
20260905_h013_temporal_v3_catboost_control,H013_temporal_v3_model_control,catboost,full_market_with_fx,message_hit,pooled_with_corridor_thresholds,outer_2026,2026,True,10d14213e118585ccaa286e9,RUB_KGS,budget_07,0.8,active,0.7634822774039872,0.7863013698630137,41,0.9972602739726026,241,34.42857142857143,43,0.26875,1.2489626556016598,28,0.175,True,0.8132780082987552,3.5362344398340246,15,21,7,0.75,0.566439747592954,0.8732366505779923,0.25,0.643125,0.643125,0.0016641889643722084,0.10687500000000005,1.1661807580174928,34.775096724324996,34.775096724324996,8.17338230815,104.89333082434001,122.27670594106499,125.6206722949,103.50622903402858,124.29195555304,0,8,0,1.0,-2.1722471700749995,7.0,6.0,0.7037037037037037,5,5,22.0,3,temporal_v3
20260905_h013_temporal_v3_catboost_control,H013_temporal_v3_model_control,catboost,full_market_with_fx,message_hit,pooled_with_corridor_thresholds,outer_2026,2026,True,10d14213e118585ccaa286e9,RUB_KGS,budget_08,0.9,active,0.7230563981553595,0.8821917808219177,46,0.9972602739726026,241,34.42857142857143,54,0.3375,1.5684647302904564,29,0.18125,True,0.8423236514522822,3.6625285269709544,25,21,8,0.7241379310344828,0.5428252365556403,0.8530141866149726,0.27586206896551724,0.6385,0.6385,0.0015837381779450768,0.0856379310344828,1.1341236194745228,34.77502517884483,34.77502517884483,10.5521825505,100.91212853309999,116.58415754017997,139.1515618437,94.91457814295,125.87089272589999,0,8,0,1.0,0.2728315723999995,7.0,6.0,0.7142857142857143,5,5,15.0,3,temporal_v3
20260905_h013_temporal_v3_catboost_control,H013_temporal_v3_model_control,catboost,full_market_with_fx,message_hit,pooled_with_corridor_thresholds,outer_2026,2026,True,10d14213e118585ccaa286e9,RUB_KGS,budget_09,1.0,active,0.41401512349763253,0.9972602739726026,52,0.9972602739726026,241,34.42857142857143,155,0.96875,4.5020746887966805,33,0.20625,True,0.95850622406639,4.167704875518672,122,17,16,0.5151515151515151,0.35218104586210247,0.6749621835307578,0.48484848484848486,0.6945909090909093,0.6945909090909093,0.0013845907628915993,-0.17943939393939412,0.741661758610911,69.37202313253636,69.37202313253636,43.1267562113,206.34579395442,217.82962894786,261.3536057533,134.46710495330626,218.3995722347,0,8,0,1.0,1.9846910661121213,7.0,6.0,0.875,5,5,13.0,3,temporal_v3
20260905_h013_temporal_v3_catboost_control,H013_temporal_v3_model_control,catboost,full_market_with_fx,message_hit,pooled_with_corridor_thresholds,outer_2026,2026,True,10d14213e118585ccaa286e9,RUB_KGS,budget_10,1.1,active,0.41401512349763253,0.9972602739726026,52,0.9972602739726026,241,34.42857142857143,155,0.96875,4.5020746887966805,33,0.20625,True,0.95850622406639,4.167704875518672,122,17,16,0.5151515151515151,0.35218104586210247,0.6749621835307578,0.48484848484848486,0.6973636363636364,0.6973636363636364,0.0013548250533338888,-0.18221212121212127,0.7387129014035545,69.37202313253636,69.37202313253636,43.1267562113,206.34579395442,217.82962894786,261.3536057533,134.46710495330626,218.3995722347,0,8,0,1.0,1.9846910661121213,7.0,6.0,0.875,5,5,13.0,3,temporal_v3
20260905_h013_temporal_v3_catboost_control,H013_temporal_v3_model_control,catboost,full_market_with_fx,message_hit,pooled_with_corridor_thresholds,outer_2026,2026,True,10d14213e118585ccaa286e9,RUB_KGS,budget_11,1.2,active,0.41401512349763253,0.9972602739726026,52,0.9972602739726026,241,34.42857142857143,155,0.96875,4.5020746887966805,33,0.20625,True,0.95850622406639,4.167704875518672,122,17,16,0.5151515151515151,0.35218104586210247,0.6749621835307578,0.48484848484848486,0.6959242424242424,0.6959242424242424,0.00134247424255217,-0.1807727272727273,0.7402407959765736,69.37202313253636,69.37202313253636,43.1267562113,206.34579395442,217.82962894786,261.3536057533,134.46710495330626,218.3995722347,0,8,0,1.0,1.9846910661121213,7.0,6.0,0.875,5,5,13.0,3,temporal_v3
20260905_h013_temporal_v3_catboost_control,H013_temporal_v3_model_control,catboost,full_market_with_fx,message_hit,pooled_with_corridor_thresholds,outer_2026,2026,True,10d14213e118585ccaa286e9,RUB_KGS,budget_12,1.3,active,0.41401512349763253,0.9972602739726026,52,0.9972602739726026,241,34.42857142857143,155,0.96875,4.5020746887966805,33,0.20625,True,0.95850622406639,4.167704875518672,122,17,16,0.5151515151515151,0.35218104586210247,0.6749621835307578,0.48484848484848486,0.6941212121212122,0.6941212121212122,0.0013359319638435085,-0.1789696969696971,0.7421636252510257,69.37202313253636,69.37202313253636,43.1267562113,206.34579395442,217.82962894786,261.3536057533,134.46710495330626,218.3995722347,0,8,0,1.0,1.9846910661121213,7.0,6.0,0.875,5,5,13.0,3,temporal_v3
20260905_h013_temporal_v3_catboost_control,H013_temporal_v3_model_control,catboost,full_market_with_fx,message_hit,pooled_with_corridor_thresholds,outer_2026,2026,True,10d14213e118585ccaa286e9,RUB_KGS,budget_13,1.4,active,0.41401512349763253,0.9972602739726026,52,0.9972602739726026,241,34.42857142857143,155,0.96875,4.5020746887966805,33,0.20625,True,0.95850622406639,4.167704875518672,122,17,16,0.5151515151515151,0.35218104586210247,0.6749621835307578,0.48484848484848486,0.6942121212121213,0.6942121212121213,0.0013423731676223967,-0.17906060606060614,0.7420664367715744,69.37202313253636,69.37202313253636,43.1267562113,206.34579395442,217.82962894786,261.3536057533,134.46710495330626,218.3995722347,0,8,0,1.0,1.9846910661121213,7.0,6.0,0.875,5,5,13.0,3,temporal_v3
20260905_h013_temporal_v3_catboost_control,H013_temporal_v3_model_control,catboost,full_market_with_fx,message_hit,pooled_with_corridor_thresholds,outer_2026,2026,True,10d14213e118585ccaa286e9,RUB_KZT,budget_00,0.1,active,0.8679300994586163,0.0958904109589041,5,0.9972602739726026,241,34.42857142857143,0,0.0,0.0,0,0.0,False,0.0,0.0,0,0,0,,,,,,,,,,,,,,,,,,0,0,8,0.0,,,,,0,0,241.0,3,temporal_v3
20260905_h013_temporal_v3_catboost_control,H013_temporal_v3_model_control,catboost,full_market_with_fx,message_hit,pooled_with_corridor_thresholds,outer_2026,2026,True,10d14213e118585ccaa286e9,RUB_KZT,budget_01,0.2,active,0.8613327565934187,0.1917808219178082,10,0.9972602739726026,241,34.42857142857143,0,0.0,0.0,0,0.0,False,0.0,0.0,0,0,0,,,,,,,,,,,,,,,,,,0,0,8,0.0,,,,,0,0,241.0,3,temporal_v3
20260905_h013_temporal_v3_catboost_control,H013_temporal_v3_model_control,catboost,full_market_with_fx,message_hit,pooled_with_corridor_thresholds,outer_2026,2026,True,10d14213e118585ccaa286e9,RUB_KZT,budget_02,0.3,active,0.8486540389048174,0.2876712328767123,15,0.9972602739726026,241,34.42857142857143,3,0.01875,0.08713692946058091,3,0.01875,True,0.08713692946058091,0.3788822614107884,0,3,0,1.0,0.4384939195509822,1.0,0.0,0.44316666666666665,0.44316666666666665,0.0062684544953984025,0.5568333333333333,2.2564874012786764,8.297464087533333,8.297464087533333,0.0,19.913913810080004,22.40315303634,24.8923922626,,,0,2,6,0.25,45.2240193642,14.5,8.5,0.5,2,2,106.0,3,temporal_v3
20260905_h013_temporal_v3_catboost_control,H013_temporal_v3_model_control,catboost,full_market_with_fx,message_hit,pooled_with_corridor_thresholds,outer_2026,2026,True,10d14213e118585ccaa286e9,RUB_KZT,budget_03,0.4,active,0.831165833063471,0.3835616438356164,20,0.9972602739726026,241,34.42857142857143,6,0.0375,0.17427385892116182,5,0.03125,True,0.14522821576763484,0.6314704356846473,1,4,1,0.8,0.37552826411853885,0.9637768390302125,0.2,0.4564,0.4564,0.005002202616398875,0.34360000000000007,1.75284837861525,41.21437989747999,41.21437989747999,24.8923922626,100.00103584656,118.82360031487997,137.6461647832,137.6461647832,137.6461647832,0,3,5,0.375,18.25367973992,10.5,8.0,0.0,3,2,106.0,3,temporal_v3
20260905_h013_temporal_v3_catboost_control,H013_temporal_v3_model_control,catboost,full_market_with_fx,message_hit,pooled_with_corridor_thresholds,outer_2026,2026,True,10d14213e118585ccaa286e9,RUB_KZT,budget_04,0.5,active,0.8134399629152403,0.4986301369863013,26,0.9972602739726026,241,34.42857142857143,10,0.0625,0.2904564315352697,7,0.04375,True,0.2033195020746888,0.8840586099585062,3,5,2,0.7142857142857143,0.35892909014821267,0.9177828342909845,0.2857142857142857,0.5012142857142856,0.5012142857142856,0.004084246892536829,0.2130714285714287,1.42511044605957,45.41121805984285,45.41121805984285,0.0,137.07787742974,137.36202110647,137.6461647832,137.17259198865,137.55145022429,0,4,4,0.5,25.57105382005714,10.5,7.0,0.3333333333333333,4,3,100.0,3,temporal_v3
20260905_h013_temporal_v3_catboost_control,H013_temporal_v3_model_control,catboost,full_market_with_fx,message_hit,pooled_with_corridor_thresholds,outer_2026,2026,True,10d14213e118585ccaa286e9,RUB_KZT,budget_05,0.6,active,0.7987926197461339,0.5945205479452055,31,0.9972602739726026,241,34.42857142857143,15,0.09375,0.4356846473029045,11,0.06875,True,0.31950207468879666,1.389234958506224,4,8,3,0.7272727272727273,0.4343497069897538,0.9025411942607853,0.2727272727272727,0.5403636363636363,0.5403636363636363,0.0031149055270084896,0.18690909090909102,1.3458950201884257,38.96888337067273,38.96888337067273,0.0,136.6990191941,137.17259198865,137.6461647832,120.37689485953332,137.45673566538,0,5,3,0.625,17.416930916072726,7.5,6.0,0.5,4,3,100.0,3,temporal_v3
20260905_h013_temporal_v3_catboost_control,H013_temporal_v3_model_control,catboost,full_market_with_fx,message_hit,pooled_with_corridor_thresholds,outer_2026,2026,True,10d14213e118585ccaa286e9,RUB_KZT,budget_06,0.7,active,0.7771327057104057,0.6904109589041095,36,0.9972602739726026,241,34.42857142857143,27,0.16875,0.7842323651452282,18,0.1125,True,0.5228215767634854,2.27329356846473,9,15,3,0.8333333333333334,0.6077750036164077,0.9416352959953425,0.16666666666666666,0.6312777777777778,0.6312777777777778,0.0022532130480883497,0.20205555555555554,1.3200739241397519,32.208412941688884,32.208412941688884,0.0,136.98316287083,149.14173881132487,214.2833249707,162.87616964933332,198.9558929332,0,8,0,1.0,-1.8428731884222225,8.0,7.0,0.47058823529411764,4,4,29.0,3,temporal_v3
20260905_h013_temporal_v3_catboost_control,H013_temporal_v3_model_control,catboost,full_market_with_fx,message_hit,pooled_with_corridor_thresholds,outer_2026,2026,True,10d14213e118585ccaa286e9,RUB_KZT,budget_07,0.8,active,0.7534240575034191,0.7863013698630137,41,0.9972602739726026,241,34.42857142857143,35,0.21875,1.016597510373444,22,0.1375,True,0.6390041493775933,2.778469917012448,13,17,5,0.7727272727272727,0.5655964393704065,0.8987710920517965,0.22727272727272727,0.6258409090909091,0.6258409090909091,0.0019600259141815462,0.14688636363636365,1.2347024004067255,35.779277680486366,35.779277680486366,0.0,133.90793910917006,137.59880750374498,214.2833249707,139.20423699366,183.62846089570002,0,8,0,1.0,3.8424733900954546,7.0,7.0,0.5714285714285714,5,4,29.0,3,temporal_v3
20260905_h013_temporal_v3_catboost_control,H013_temporal_v3_model_control,catboost,full_market_with_fx,message_hit,pooled_with_corridor_thresholds,outer_2026,2026,True,10d14213e118585ccaa286e9,RUB_KZT,budget_08,0.9,active,0.7188594668625546,0.8821917808219177,46,0.9972602739726026,241,34.42857142857143,46,0.2875,1.3360995850622406,27,0.16875,True,0.7842323651452282,3.4099403526970953,19,21,6,0.7777777777777778,0.5924270453692919,0.8939290451059105,0.2222222222222222,0.6693703703703703,0.6693703703703703,0.0016684559017672703,0.10840740740740751,1.1619542964643392,37.137173085603706,37.137173085603706,0.0,121.02002357386004,191.29217691444995,242.3226541004,151.93012488481668,228.30298953555,0,8,0,1.0,0.2602676383999994,7.0,6.0,0.6538461538461539,5,5,21.0,3,temporal_v3
20260905_h013_temporal_v3_catboost_control,H013_temporal_v3_model_control,catboost,full_market_with_fx,message_hit,pooled_with_corridor_thresholds,outer_2026,2026,True,10d14213e118585ccaa286e9,RUB_KZT,budget_09,1.0,active,0.42250330149831095,0.9972602739726026,52,0.9972602739726026,241,34.42857142857143,150,0.9375,4.356846473029045,33,0.20625,True,0.95850622406639,4.167704875518672,117,17,16,0.5151515151515151,0.35218104586210247,0.6749621835307578,0.48484848484848486,0.6994848484848485,0.6994848484848485,0.001446218065030117,-0.18433333333333335,0.73647272884807,86.42075825293333,86.42075825293333,44.3573344337,244.77215203484002,254.36437611365997,356.6918797274,173.65808039719374,254.75027936375,0,8,0,1.0,9.073789691018181,7.0,6.0,0.84375,5,5,13.0,3,temporal_v3
20260905_h013_temporal_v3_catboost_control,H013_temporal_v3_model_control,catboost,full_market_with_fx,message_hit,pooled_with_corridor_thresholds,outer_2026,2026,True,10d14213e118585ccaa286e9,RUB_KZT,budget_10,1.1,active,0.42250330149831095,0.9972602739726026,52,0.9972602739726026,241,34.42857142857143,150,0.9375,4.356846473029045,33,0.20625,True,0.95850622406639,4.167704875518672,117,17,16,0.5151515151515151,0.35218104586210247,0.6749621835307578,0.48484848484848486,0.6992121212121213,0.6992121212121213,0.0014204852700806954,-0.18406060606060615,0.7367599895986824,86.42075825293333,86.42075825293333,44.3573344337,244.77215203484002,254.36437611365997,356.6918797274,173.65808039719374,254.75027936375,0,8,0,1.0,9.073789691018181,7.0,6.0,0.84375,5,5,13.0,3,temporal_v3
20260905_h013_temporal_v3_catboost_control,H013_temporal_v3_model_control,catboost,full_market_with_fx,message_hit,pooled_with_corridor_thresholds,outer_2026,2026,True,10d14213e118585ccaa286e9,RUB_KZT,budget_11,1.2,active,0.42250330149831095,0.9972602739726026,52,0.9972602739726026,241,34.42857142857143,150,0.9375,4.356846473029045,33,0.20625,True,0.95850622406639,4.167704875518672,117,17,16,0.5151515151515151,0.35218104586210247,0.6749621835307578,0.48484848484848486,0.695469696969697,0.695469696969697,0.0014205702779013676,-0.18031818181818182,0.7407246029498268,86.42075825293333,86.42075825293333,44.3573344337,244.77215203484002,254.36437611365997,356.6918797274,173.65808039719374,254.75027936375,0,8,0,1.0,9.073789691018181,7.0,6.0,0.84375,5,5,13.0,3,temporal_v3
20260905_h013_temporal_v3_catboost_control,H013_temporal_v3_model_control,catboost,full_market_with_fx,message_hit,pooled_with_corridor_thresholds,outer_2026,2026,True,10d14213e118585ccaa286e9,RUB_KZT,budget_12,1.3,active,0.42250330149831095,0.9972602739726026,52,0.9972602739726026,241,34.42857142857143,150,0.9375,4.356846473029045,33,0.20625,True,0.95850622406639,4.167704875518672,117,17,16,0.5151515151515151,0.35218104586210247,0.6749621835307578,0.48484848484848486,0.698878787878788,0.698878787878788,0.0014350450469853338,-0.18372727272727285,0.7371113905389584,86.42075825293333,86.42075825293333,44.3573344337,244.77215203484002,254.36437611365997,356.6918797274,173.65808039719374,254.75027936375,0,8,0,1.0,9.073789691018181,7.0,6.0,0.84375,5,5,13.0,3,temporal_v3
20260905_h013_temporal_v3_catboost_control,H013_temporal_v3_model_control,catboost,full_market_with_fx,message_hit,pooled_with_corridor_thresholds,outer_2026,2026,True,10d14213e118585ccaa286e9,RUB_KZT,budget_13,1.4,active,0.42250330149831095,0.9972602739726026,52,0.9972602739726026,241,34.42857142857143,150,0.9375,4.356846473029045,33,0.20625,True,0.95850622406639,4.167704875518672,117,17,16,0.5151515151515151,0.35218104586210247,0.6749621835307578,0.48484848484848486,0.6960909090909091,0.6960909090909091,0.0014007238794681686,-0.18093939393939396,0.7400635583997214,86.42075825293333,86.42075825293333,44.3573344337,244.77215203484002,254.36437611365997,356.6918797274,173.65808039719374,254.75027936375,0,8,0,1.0,9.073789691018181,7.0,6.0,0.84375,5,5,13.0,3,temporal_v3
20260905_h013_temporal_v3_catboost_control,H013_temporal_v3_model_control,catboost,full_market_with_fx,message_hit,pooled_with_corridor_thresholds,outer_2026,2026,True,10d14213e118585ccaa286e9,RUB_TJS,budget_00,0.1,active,0.870112714584693,0.0958904109589041,5,0.9972602739726026,241,34.42857142857143,3,0.018867924528301886,0.08713692946058091,3,0.018867924528301886,True,0.08713692946058091,0.3788822614107884,0,1,2,0.3333333333333333,0.061490315276160515,0.7923450448735121,0.6666666666666666,0.5273333333333333,0.5273333333333333,0.006135573899643246,-0.194,0.6321112515802781,64.2846246715,64.2846246715,86.4938703853,102.38677698042,104.37339030480999,106.3600036292,96.42693700724999,104.37339030481,0,2,6,0.25,-7.611232143966666,10.5,7.7,0.5,3,2,114.0,3,temporal_v3
20260905_h013_temporal_v3_catboost_control,H013_temporal_v3_model_control,catboost,full_market_with_fx,message_hit,pooled_with_corridor_thresholds,outer_2026,2026,True,10d14213e118585ccaa286e9,RUB_TJS,budget_01,0.2,active,0.8592329340847297,0.1917808219178082,10,0.9972602739726026,241,34.42857142857143,5,0.031446540880503145,0.14522821576763484,4,0.025157232704402517,True,0.11618257261410787,0.5051763485477179,1,3,1,0.75,0.30063605244263664,0.9544139373553638,0.25,0.520875,0.520875,0.005370606473616106,0.22912500000000002,1.4398848092152627,21.623467596325,21.623467596325,0.0,60.54570926971002,73.51978982750497,86.4938703853,86.4938703853,86.4938703853,0,3,5,0.375,1.1136258417249998,14.0,7.6,0.3333333333333333,3,2,107.0,3,temporal_v3
20260905_h013_temporal_v3_catboost_control,H013_temporal_v3_model_control,catboost,full_market_with_fx,message_hit,pooled_with_corridor_thresholds,outer_2026,2026,True,10d14213e118585ccaa286e9,RUB_TJS,budget_02,0.3,active,0.8452185900877189,0.2876712328767123,15,0.9972602739726026,241,34.42857142857143,12,0.07547169811320754,0.34854771784232363,8,0.050314465408805034,True,0.23236514522821575,1.0103526970954357,4,7,1,0.875,0.5291051942301385,0.9775830911367039,0.125,0.614625,0.614625,0.0035332239560013218,0.260375,1.4236322961155177,15.359141147875,15.359141147875,0.0,51.41364227397999,68.95375632963997,86.4938703853,86.4938703853,86.4938703853,0,4,4,0.5,8.0881379263875,7.0,6.6,0.8571428571428571,5,4,100.0,3,temporal_v3
20260905_h013_temporal_v3_catboost_control,H013_temporal_v3_model_control,catboost,full_market_with_fx,message_hit,pooled_with_corridor_thresholds,outer_2026,2026,True,10d14213e118585ccaa286e9,RUB_TJS,budget_03,0.4,active,0.8247617301402798,0.3835616438356164,20,0.9972602739726026,241,34.42857142857143,18,0.11320754716981132,0.5228215767634854,12,0.07547169811320754,True,0.34854771784232363,1.5155290456431536,6,11,1,0.9166666666666666,0.6461140782014047,0.9851352905492264,0.08333333333333333,0.6111666666666667,0.6111666666666667,0.0027929519949291184,0.3054999999999999,1.4998636487592034,14.787631297958333,14.787631297958333,0.0,47.663083112500004,65.82650442671998,86.4938703853,86.4938703853,86.4938703853,0,6,2,0.75,5.418488904591668,7.0,7.0,0.6363636363636364,5,5,50.0,3,temporal_v3
20260905_h013_temporal_v3_catboost_control,H013_temporal_v3_model_control,catboost,full_market_with_fx,message_hit,pooled_with_corridor_thresholds,outer_2026,2026,True,10d14213e118585ccaa286e9,RUB_TJS,budget_04,0.5,active,0.8130892558872369,0.4986301369863013,26,0.9972602739726026,241,34.42857142857143,22,0.13836477987421383,0.6390041493775933,16,0.10062893081761007,True,0.4647302904564315,2.0207053941908715,6,15,1,0.9375,0.7167073163197013,0.9888809426916687,0.0625,0.6254375,0.6254375,0.0023227526798781095,0.3120625,1.49895073448586,13.055843782931248,13.055843782931248,0.0,42.6480500837,58.3110986236,86.4938703853,86.4938703853,86.4938703853,0,7,1,0.875,-1.7638433636874993,7.0,6.4,0.6,5,5,43.0,3,temporal_v3
20260905_h013_temporal_v3_catboost_control,H013_temporal_v3_model_control,catboost,full_market_with_fx,message_hit,pooled_with_corridor_thresholds,outer_2026,2026,True,10d14213e118585ccaa286e9,RUB_TJS,budget_05,0.6,active,0.7977500754003793,0.5945205479452055,31,0.9972602739726026,241,34.42857142857143,27,0.16981132075471697,0.7842323651452282,19,0.11949685534591195,True,0.5518672199170124,2.3995876556016595,8,17,2,0.8947368421052632,0.6860544950515831,0.9706420586049034,0.10526315789473684,0.6315263157894737,0.6315263157894737,0.0021254394412524146,0.26321052631578945,1.416784732061005,14.91020005605263,14.91020005605263,0.0,54.013533203379986,75.60965752281997,86.4938703853,80.4470854617,85.28451340058,0,7,1,0.875,7.768791517121052,7.0,6.0,0.6111111111111112,5,5,43.0,3,temporal_v3
20260905_h013_temporal_v3_catboost_control,H013_temporal_v3_model_control,catboost,full_market_with_fx,message_hit,pooled_with_corridor_thresholds,outer_2026,2026,True,10d14213e118585ccaa286e9,RUB_TJS,budget_06,0.7,active,0.7800837377369573,0.6904109589041095,36,0.9972602739726026,241,34.42857142857143,35,0.22012578616352202,1.016597510373444,23,0.14465408805031446,True,0.6680497925311203,2.9047640041493774,12,18,5,0.782608695652174,0.5809611981726508,0.9033616439828095,0.21739130434782608,0.613,0.613,0.0017952636572997186,0.16960869565217396,1.2766862898077878,24.257343998043474,24.257343998043474,0.0,74.21877414644,77.21998944353,86.4938703853,75.00011146526,82.9096375155,0,7,1,0.875,2.539779286791306,7.0,6.0,0.7272727272727273,5,5,43.0,3,temporal_v3
20260905_h013_temporal_v3_catboost_control,H013_temporal_v3_model_control,catboost,full_market_with_fx,message_hit,pooled_with_corridor_thresholds,outer_2026,2026,True,10d14213e118585ccaa286e9,RUB_TJS,budget_07,0.8,active,0.7689251336892391,0.7863013698630137,41,0.9972602739726026,241,34.42857142857143,38,0.2389937106918239,1.1037344398340247,25,0.15723270440251572,True,0.7261410788381742,3.1573521784232366,13,19,6,0.76,0.5656994004476144,0.8850384226967326,0.24,0.6345,0.6345,0.0017233571829397395,0.12550000000000006,1.1977935382190703,28.033368903764,28.033368903764,5.6616050228,76.28009314172,84.70175395039998,120.1812241807,82.53029691783333,103.33754728299999,0,8,0,1.0,-0.024547977144000015,7.0,6.0,0.625,5,5,29.0,3,temporal_v3
20260905_h013_temporal_v3_catboost_control,H013_temporal_v3_model_control,catboost,full_market_with_fx,message_hit,pooled_with_corridor_thresholds,outer_2026,2026,True,10d14213e118585ccaa286e9,RUB_TJS,budget_08,0.9,active,0.7163877358634404,0.8821917808219177,46,0.9972602739726026,241,34.42857142857143,56,0.3522012578616352,1.6265560165975104,29,0.18238993710691823,True,0.8423236514522822,3.6625285269709544,27,24,5,0.8275862068965517,0.6545119942718489,0.9240225472852006,0.1724137931034483,0.6371724137931035,0.6371724137931035,0.0015043376066307145,0.1904137931034482,1.298841866002814,24.94124336248965,24.94124336248965,13.0715497342,65.16287740579999,86.29332754033996,120.1812241807,82.76019859184001,110.0395745807,0,8,0,1.0,9.327969631399998,7.0,6.0,0.7857142857142857,5,5,15.0,3,temporal_v3
20260905_h013_temporal_v3_catboost_control,H013_temporal_v3_model_control,catboost,full_market_with_fx,message_hit,pooled_with_corridor_thresholds,outer_2026,2026,True,10d14213e118585ccaa286e9,RUB_TJS,budget_09,1.0,active,0.4162956537239986,0.9972602739726026,52,0.9972602739726026,241,34.42857142857143,154,0.9685534591194969,4.473029045643154,33,0.20754716981132076,True,0.95850622406639,4.167704875518672,121,18,15,0.5454545454545454,0.3798565794374957,0.701573108741085,0.45454545454545453,0.6978484848484848,0.6978484848484848,0.0012876050479564813,-0.15239393939393941,0.7816231707846628,62.919808408427286,62.919808408427286,35.9252892301,182.91691603980001,222.10897161633997,239.4557986359,125.87533377400668,226.89507120055998,0,8,0,1.0,7.394460344242425,7.0,6.1,0.875,5,5,12.0,3,temporal_v3
20260905_h013_temporal_v3_catboost_control,H013_temporal_v3_model_control,catboost,full_market_with_fx,message_hit,pooled_with_corridor_thresholds,outer_2026,2026,True,10d14213e118585ccaa286e9,RUB_TJS,budget_10,1.1,active,0.4162956537239986,0.9972602739726026,52,0.9972602739726026,241,34.42857142857143,154,0.9685534591194969,4.473029045643154,33,0.20754716981132076,True,0.95850622406639,4.167704875518672,121,18,15,0.5454545454545454,0.3798565794374957,0.701573108741085,0.45454545454545453,0.6990606060606062,0.6990606060606062,0.0012860129121782793,-0.15360606060606075,0.780267891976245,62.919808408427286,62.919808408427286,35.9252892301,182.91691603980001,222.10897161633997,239.4557986359,125.87533377400668,226.89507120055998,0,8,0,1.0,7.394460344242425,7.0,6.1,0.875,5,5,12.0,3,temporal_v3
20260905_h013_temporal_v3_catboost_control,H013_temporal_v3_model_control,catboost,full_market_with_fx,message_hit,pooled_with_corridor_thresholds,outer_2026,2026,True,10d14213e118585ccaa286e9,RUB_TJS,budget_11,1.2,active,0.4162956537239986,0.9972602739726026,52,0.9972602739726026,241,34.42857142857143,154,0.9685534591194969,4.473029045643154,33,0.20754716981132076,True,0.95850622406639,4.167704875518672,121,18,15,0.5454545454545454,0.3798565794374957,0.701573108741085,0.45454545454545453,0.6978484848484849,0.6978484848484849,0.0013259218143754645,-0.15239393939393953,0.7816231707846627,62.919808408427286,62.919808408427286,35.9252892301,182.91691603980001,222.10897161633997,239.4557986359,125.87533377400668,226.89507120055998,0,8,0,1.0,7.394460344242425,7.0,6.1,0.875,5,5,12.0,3,temporal_v3
20260905_h013_temporal_v3_catboost_control,H013_temporal_v3_model_control,catboost,full_market_with_fx,message_hit,pooled_with_corridor_thresholds,outer_2026,2026,True,10d14213e118585ccaa286e9,RUB_TJS,budget_12,1.3,active,0.4162956537239986,0.9972602739726026,52,0.9972602739726026,241,34.42857142857143,154,0.9685534591194969,4.473029045643154,33,0.20754716981132076,True,0.95850622406639,4.167704875518672,121,18,15,0.5454545454545454,0.3798565794374957,0.701573108741085,0.45454545454545453,0.6961212121212123,0.6961212121212123,0.0013125256648018543,-0.15066666666666684,0.7835625979453246,62.919808408427286,62.919808408427286,35.9252892301,182.91691603980001,222.10897161633997,239.4557986359,125.87533377400668,226.89507120055998,0,8,0,1.0,7.394460344242425,7.0,6.1,0.875,5,5,12.0,3,temporal_v3
20260905_h013_temporal_v3_catboost_control,H013_temporal_v3_model_control,catboost,full_market_with_fx,message_hit,pooled_with_corridor_thresholds,outer_2026,2026,True,10d14213e118585ccaa286e9,RUB_TJS,budget_13,1.4,active,0.4162956537239986,0.9972602739726026,52,0.9972602739726026,241,34.42857142857143,154,0.9685534591194969,4.473029045643154,33,0.20754716981132076,True,0.95850622406639,4.167704875518672,121,18,15,0.5454545454545454,0.3798565794374957,0.701573108741085,0.45454545454545453,0.6976666666666668,0.6976666666666668,0.0013347807580250549,-0.15221212121212135,0.7818268687833904,62.919808408427286,62.919808408427286,35.9252892301,182.91691603980001,222.10897161633997,239.4557986359,125.87533377400668,226.89507120055998,0,8,0,1.0,7.394460344242425,7.0,6.1,0.875,5,5,12.0,3,temporal_v3
20260905_h013_temporal_v3_catboost_control,H013_temporal_v3_model_control,catboost,full_market_with_fx,message_hit,pooled_with_corridor_thresholds,outer_2026,2026,True,10d14213e118585ccaa286e9,RUB_UZS,budget_00,0.1,active,0.873744632204538,0.0958904109589041,5,0.9972602739726026,241,34.42857142857143,2,0.012658227848101266,0.05809128630705394,2,0.012658227848101266,True,0.05809128630705394,0.25258817427385893,0,0,2,0.0,0.0,0.6576280471103807,1.0,0.455,0.455,0.007827396378556123,-0.455,0.0,135.8885152903,135.8885152903,135.8885152903,137.8088762463,138.0489213658,138.2889664853,135.8885152903,137.8088762463,0,2,6,0.25,-48.783741766,21.0,21.0,0.0,2,1,114.0,3,temporal_v3
20260905_h013_temporal_v3_catboost_control,H013_temporal_v3_model_control,catboost,full_market_with_fx,message_hit,pooled_with_corridor_thresholds,outer_2026,2026,True,10d14213e118585ccaa286e9,RUB_UZS,budget_01,0.2,active,0.857874680630288,0.1917808219178082,10,0.9972602739726026,241,34.42857142857143,6,0.0379746835443038,0.17427385892116182,5,0.03164556962025317,True,0.14522821576763484,0.6314704356846473,1,4,1,0.8,0.37552826411853885,0.9637768390302125,0.2,0.5282,0.5282,0.004573055479458904,0.27180000000000004,1.5145778114350625,29.786351673600002,29.786351673600002,0.0,87.23049664426,112.75973156477997,138.2889664853,138.2889664853,138.2889664853,0,3,5,0.375,-1.8012380885999981,11.0,6.6,0.25,3,2,107.0,3,temporal_v3
20260905_h013_temporal_v3_catboost_control,H013_temporal_v3_model_control,catboost,full_market_with_fx,message_hit,pooled_with_corridor_thresholds,outer_2026,2026,True,10d14213e118585ccaa286e9,RUB_UZS,budget_02,0.3,active,0.840957845295302,0.2876712328767123,15,0.9972602739726026,241,34.42857142857143,9,0.056962025316455694,0.2614107883817427,7,0.04430379746835443,True,0.2033195020746888,0.8840586099585062,2,6,1,0.8571428571428571,0.4868654966809702,0.9743210440510253,0.14285714285714285,0.5180714285714285,0.5180714285714285,0.0037670606423504324,0.3390714285714286,1.6544877981524888,25.657403080457147,25.657403080457147,9.6309701786,67.93904240408004,103.11400444468991,138.2889664853,138.2889664853,138.2889664853,0,4,4,0.5,-2.6972458927571417,11.0,6.5,0.3333333333333333,3,2,107.0,3,temporal_v3
20260905_h013_temporal_v3_catboost_control,H013_temporal_v3_model_control,catboost,full_market_with_fx,message_hit,pooled_with_corridor_thresholds,outer_2026,2026,True,10d14213e118585ccaa286e9,RUB_UZS,budget_03,0.4,active,0.8146780789181131,0.3835616438356164,20,0.9972602739726026,241,34.42857142857143,17,0.10759493670886076,0.4937759336099585,12,0.0759493670886076,True,0.34854771784232363,1.5155290456431536,5,10,2,0.8333333333333334,0.5519636426153274,0.9530358523851776,0.16666666666666666,0.583875,0.583875,0.002691615711914661,0.24945833333333334,1.427246128594876,26.146090616149994,26.146090616149994,10.136881030649999,63.95108750624001,98.32283616524995,138.2889664853,101.9561207398,131.0223973362,0,5,3,0.625,-6.734895383566666,13.0,7.0,0.2727272727272727,4,4,49.0,3,temporal_v3
20260905_h013_temporal_v3_catboost_control,H013_temporal_v3_model_control,catboost,full_market_with_fx,message_hit,pooled_with_corridor_thresholds,outer_2026,2026,True,10d14213e118585ccaa286e9,RUB_UZS,budget_04,0.5,active,0.8043741213270903,0.4986301369863013,26,0.9972602739726026,241,34.42857142857143,25,0.15822784810126583,0.7261410788381742,18,0.11392405063291139,True,0.5228215767634854,2.27329356846473,7,15,3,0.8333333333333334,0.6077750036164077,0.9416352959953425,0.16666666666666666,0.6091944444444444,0.6091944444444444,0.002024783965398469,0.224138888888889,1.3679266791299989,20.747819938383333,20.747819938383333,0.0,61.48235254626,76.5231287179499,138.2889664853,87.87330432556666,123.7558281871,0,7,1,0.875,-3.934560773000002,7.0,6.0,0.7058823529411765,5,5,43.0,3,temporal_v3
20260905_h013_temporal_v3_catboost_control,H013_temporal_v3_model_control,catboost,full_market_with_fx,message_hit,pooled_with_corridor_thresholds,outer_2026,2026,True,10d14213e118585ccaa286e9,RUB_UZS,budget_05,0.6,active,0.786520749038348,0.5945205479452055,31,0.9972602739726026,241,34.42857142857143,31,0.1962025316455696,0.900414937759336,21,0.13291139240506328,True,0.6099585062240663,2.6521758298755187,10,16,5,0.7619047619047619,0.5490841802765406,0.8937214361088773,0.23809523809523808,0.5972857142857142,0.5972857142857142,0.0018450928748272232,0.16461904761904766,1.2756118950809217,23.903955912442857,23.903955912442857,9.6309701786,65.6232749943,67.4490972562,138.2889664853,76.260425599,109.95301879366001,0,7,1,0.875,-4.386077980657143,7.0,6.0,0.75,5,5,43.0,3,temporal_v3
20260905_h013_temporal_v3_catboost_control,H013_temporal_v3_model_control,catboost,full_market_with_fx,message_hit,pooled_with_corridor_thresholds,outer_2026,2026,True,10d14213e118585ccaa286e9,RUB_UZS,budget_06,0.7,active,0.7743220195792858,0.6904109589041095,36,0.9972602739726026,241,34.42857142857143,34,0.21518987341772153,0.987551867219917,24,0.1518987341772152,True,0.6970954356846473,3.031058091286307,10,17,7,0.7083333333333334,0.5083193634129031,0.8508553966583573,0.2916666666666667,0.6075625,0.6075625,0.0017665770731173159,0.10077083333333337,1.1658608510784214,29.90041691835833,29.90041691835833,10.136881030649999,78.18226133476,125.3353599395049,138.2889664853,85.27557998204286,135.0224324435,0,8,0,1.0,-11.199250855183335,7.0,6.0,0.6956521739130435,5,5,22.0,3,temporal_v3
20260905_h013_temporal_v3_catboost_control,H013_temporal_v3_model_control,catboost,full_market_with_fx,message_hit,pooled_with_corridor_thresholds,outer_2026,2026,True,10d14213e118585ccaa286e9,RUB_UZS,budget_07,0.8,active,0.7545933668024832,0.7863013698630137,41,0.9972602739726026,241,34.42857142857143,44,0.27848101265822783,1.2780082987551866,28,0.17721518987341772,True,0.8132780082987552,3.5362344398340246,16,20,8,0.7142857142857143,0.529403642629825,0.8474618415167003,0.2857142857142857,0.61875,0.61875,0.0015284726693942674,0.09553571428571428,1.1544011544011543,29.870848425217854,29.870848425217854,0.0,96.77249468236003,131.644872615365,138.2889664853,90.7932002028125,134.4780101032,0,8,0,1.0,2.460593445082143,7.0,6.0,0.7037037037037037,5,5,22.0,3,temporal_v3
20260905_h013_temporal_v3_catboost_control,H013_temporal_v3_model_control,catboost,full_market_with_fx,message_hit,pooled_with_corridor_thresholds,outer_2026,2026,True,10d14213e118585ccaa286e9,RUB_UZS,budget_08,0.9,active,0.7219886428374568,0.8821917808219177,46,0.9972602739726026,241,34.42857142857143,54,0.34177215189873417,1.5684647302904564,28,0.17721518987341772,True,0.8132780082987552,3.5362344398340246,26,22,6,0.7857142857142857,0.6046105292072612,0.8978767829881058,0.21428571428571427,0.6198571428571429,0.6198571428571429,0.0015549377365868785,0.16585714285714281,1.2675731735422908,25.89582090297143,25.89582090297143,0.0,85.59326626942001,118.60243946693494,178.4387213791,104.1126335297,155.6417322307,0,8,0,1.0,6.027720608639285,7.0,6.0,0.7407407407407407,5,5,22.0,3,temporal_v3
20260905_h013_temporal_v3_catboost_control,H013_temporal_v3_model_control,catboost,full_market_with_fx,message_hit,pooled_with_corridor_thresholds,outer_2026,2026,True,10d14213e118585ccaa286e9,RUB_UZS,budget_09,1.0,active,0.40781847613556915,0.9972602739726026,52,0.9972602739726026,241,34.42857142857143,156,0.9873417721518988,4.531120331950207,33,0.2088607594936709,True,0.95850622406639,4.167704875518672,123,17,16,0.5151515151515151,0.35218104586210247,0.6749621835307578,0.48484848484848486,0.6799242424242425,0.6799242424242425,0.0012124421161003023,-0.1647727272727274,0.7576601671309191,73.38826740900909,73.38826740900909,48.4403262146,229.02033643746,238.2520001978,289.9065107686,145.71900819936874,238.4692628697,0,8,0,1.0,10.456421800442424,7.0,7.0,0.90625,5,5,12.0,3,temporal_v3
20260905_h013_temporal_v3_catboost_control,H013_temporal_v3_model_control,catboost,full_market_with_fx,message_hit,pooled_with_corridor_thresholds,outer_2026,2026,True,10d14213e118585ccaa286e9,RUB_UZS,budget_10,1.1,active,0.40781847613556915,0.9972602739726026,52,0.9972602739726026,241,34.42857142857143,156,0.9873417721518988,4.531120331950207,33,0.2088607594936709,True,0.95850622406639,4.167704875518672,123,17,16,0.5151515151515151,0.35218104586210247,0.6749621835307578,0.48484848484848486,0.6762878787878789,0.6762878787878789,0.0012341469333067303,-0.16113636363636374,0.7617340651954743,73.38826740900909,73.38826740900909,48.4403262146,229.02033643746,238.2520001978,289.9065107686,145.71900819936874,238.4692628697,0,8,0,1.0,10.456421800442424,7.0,7.0,0.90625,5,5,12.0,3,temporal_v3
20260905_h013_temporal_v3_catboost_control,H013_temporal_v3_model_control,catboost,full_market_with_fx,message_hit,pooled_with_corridor_thresholds,outer_2026,2026,True,10d14213e118585ccaa286e9,RUB_UZS,budget_11,1.2,active,0.40781847613556915,0.9972602739726026,52,0.9972602739726026,241,34.42857142857143,156,0.9873417721518988,4.531120331950207,33,0.2088607594936709,True,0.95850622406639,4.167704875518672,123,17,16,0.5151515151515151,0.35218104586210247,0.6749621835307578,0.48484848484848486,0.6809848484848485,0.6809848484848485,0.001250518115462158,-0.1658333333333334,0.756480142396262,73.38826740900909,73.38826740900909,48.4403262146,229.02033643746,238.2520001978,289.9065107686,145.71900819936874,238.4692628697,0,8,0,1.0,10.456421800442424,7.0,7.0,0.90625,5,5,12.0,3,temporal_v3
20260905_h013_temporal_v3_catboost_control,H013_temporal_v3_model_control,catboost,full_market_with_fx,message_hit,pooled_with_corridor_thresholds,outer_2026,2026,True,10d14213e118585ccaa286e9,RUB_UZS,budget_12,1.3,active,0.40781847613556915,0.9972602739726026,52,0.9972602739726026,241,34.42857142857143,156,0.9873417721518988,4.531120331950207,33,0.2088607594936709,True,0.95850622406639,4.167704875518672,123,17,16,0.5151515151515151,0.35218104586210247,0.6749621835307578,0.48484848484848486,0.6758333333333334,0.6758333333333334,0.0012392172362442843,-0.16068181818181826,0.7622463849344243,73.38826740900909,73.38826740900909,48.4403262146,229.02033643746,238.2520001978,289.9065107686,145.71900819936874,238.4692628697,0,8,0,1.0,10.456421800442424,7.0,7.0,0.90625,5,5,12.0,3,temporal_v3
20260905_h013_temporal_v3_catboost_control,H013_temporal_v3_model_control,catboost,full_market_with_fx,message_hit,pooled_with_corridor_thresholds,outer_2026,2026,True,10d14213e118585ccaa286e9,RUB_UZS,budget_13,1.4,active,0.40781847613556915,0.9972602739726026,52,0.9972602739726026,241,34.42857142857143,156,0.9873417721518988,4.531120331950207,33,0.2088607594936709,True,0.95850622406639,4.167704875518672,123,17,16,0.5151515151515151,0.35218104586210247,0.6749621835307578,0.48484848484848486,0.6751818181818182,0.6751818181818182,0.0012353272636482892,-0.16003030303030308,0.7629819128405367,73.38826740900909,73.38826740900909,48.4403262146,229.02033643746,238.2520001978,289.9065107686,145.71900819936874,238.4692628697,0,8,0,1.0,10.456421800442424,7.0,7.0,0.90625,5,5,12.0,3,temporal_v3
