hypothesis_id,horizon_days,epsilon_bps,strategy,model,test_year,validation_auc,validation_pr_auc,train_rows,validation_rows,feature_count,hyperparameters,corridor,threshold,test_rows,target_rate,roc_auc,pr_auc,brier,log_loss,balanced_accuracy,candidate_precision,candidate_recall,signals,signals_per_week,signal_hit_rate,hit_rate_ci_low,hit_rate_ci_high,false_push_rate,random_hit_rate,random_hit_rate_ci_low,random_hit_rate_ci_high,lift,moment_advantage_bps_mean,future_regret_bps_mean,client_advantage_rub_mean,client_regret_rub_mean
H001_price_core,3,50,per_corridor,logistic,2022,0.5539310988412784,0.7003130913707165,1064,244,17,"{""C"": 0.01, ""class_weight"": ""none""}",RUB_TJS,0.712885655080089,246,0.5772357723577236,0.5847101841820153,0.6795288544158449,0.2571592970735648,0.7314738988665473,0.5,0.0,0.0,0,0.0,,,,,,,,,,,,
H001_price_core,3,50,per_corridor,logistic,2022,0.4890815671162492,0.6924280352919643,1064,245,17,"{""C"": 10.0, ""class_weight"": ""none""}",RUB_UZS,0.7263284171710384,247,0.5384615384615384,0.5459701886294683,0.6034047138534451,0.2936055263617875,0.89971383990983,0.5156641604010025,0.5740740740740741,0.23308270676691728,24,0.4745762711864407,0.4166666666666667,0.24467347246538232,0.6116566235061137,0.5833333333333333,0.3168333333333333,0.16666666666666666,0.5,1.315097317201473,-3.6448635867541683,125.61218389360418,-36.44863586754168,1256.121838936042
H001_price_core,3,50,per_corridor,logistic,2022,0.5828787878787878,0.7309423826891694,1064,245,17,"{""C"": 0.01, ""class_weight"": ""none""}",RUB_KGS,0.7571133279332605,247,0.5546558704453441,0.6266091572660917,0.6882438848053454,0.2510544988720182,0.7246701832989199,0.5,0.0,0.0,0,0.0,,,,,,,,,,,,
H001_price_core,3,50,per_corridor,logistic,2022,0.6075344611528822,0.7803219502344527,1063,244,17,"{""C"": 10.0, ""class_weight"": ""balanced""}",RUB_AMD,0.5884560323335702,247,0.5708502024291497,0.5990900575404791,0.6557737704304535,0.3798629656951862,1.297985909305364,0.4811320754716981,0.0,0.0,1,0.01977401129943503,0.0,0.0,0.7934567085261071,1.0,0.496,0.0,1.0,0.0,-21.2786087503,127.1868024988,-212.78608750299998,1271.8680249880001
H001_price_core,3,50,per_corridor,logistic,2022,0.573695579926886,0.7883942723788253,1063,245,17,"{""C"": 0.1, ""class_weight"": ""none""}",RUB_KZT,0.7917360466194483,247,0.5101214574898786,0.5597533779351961,0.5589983163945664,0.3070443027224317,1.006059323642777,0.5,0.0,0.0,0,0.0,,,,,,,,,,,,
H001_price_core,3,50,per_corridor,logistic,2023,0.5875399805312196,0.6808203045308515,1311,243,17,"{""C"": 0.1, ""class_weight"": ""balanced""}",RUB_TJS,0.400748864157167,247,0.7449392712550608,0.47929606625258797,0.7330052503268945,0.32552964547568436,0.859069186971465,0.47787267080745344,0.7293233082706767,0.5271739130434783,35,0.692090395480226,0.6,0.4357241958151947,0.7444949506669275,0.4,0.7197714285714285,0.6135714285714285,0.8285714285714286,0.8335979676087647,-4.67169074332,76.43307941680571,-46.7169074332,764.3307941680571
H001_price_core,3,50,per_corridor,logistic,2023,0.5558035714285715,0.5997915519644579,1312,244,17,"{""C"": 0.1, ""class_weight"": ""balanced""}",RUB_UZS,0.5651311773155573,247,0.7368421052631579,0.5610312764158918,0.7619456943773452,0.2830125824179933,0.7647207347118424,0.5115384615384615,0.7777777777777778,0.11538461538461539,11,0.21751412429378533,0.8181818181818182,0.5230138624217553,0.9486333993289994,0.18181818181818177,0.8107272727272726,0.6363636363636364,1.0,1.0091948867459073,-8.407298463336362,36.33082272331818,-84.07298463336362,363.3082272331818
H001_price_core,3,50,per_corridor,logistic,2023,0.622480936819172,0.6935076408315943,1312,244,17,"{""C"": 0.1, ""class_weight"": ""balanced""}",RUB_KGS,0.3883017049313071,247,0.7489878542510121,0.4994768962510898,0.7485953847412421,0.3264644733079855,0.8620244708938972,0.49337401918047075,0.7443609022556391,0.5351351351351351,36,0.711864406779661,0.6388888888888888,0.4757478039083198,0.7752461320781867,0.36111111111111116,0.7386111111111111,0.6388888888888888,0.8333333333333334,0.8649868371568258,-1.7397523617805557,71.3992838198389,-17.397523617805557,713.992838198389
H001_price_core,3,50,per_corridor,logistic,2023,0.6010989010989011,0.6582053782701154,1310,244,17,"{""C"": 0.1, ""class_weight"": ""balanced""}",RUB_AMD,0.41262346076998657,247,0.7327935222672065,0.471203750209275,0.7154430608935771,0.38205706445434623,1.0047593506871357,0.44320274568893353,0.6575342465753424,0.26519337016574585,23,0.4548022598870057,0.5652173913043478,0.36811049305016963,0.7436563166780135,0.4347826086956522,0.7535652173913042,0.6521739130434783,0.8695652173913043,0.7500576967459036,-20.234307220252177,105.15165906449565,-202.34307220252177,1051.5165906449563
H001_price_core,3,50,per_corridor,logistic,2023,0.568,0.5693686179646003,1311,244,17,"{""C"": 10.0, ""class_weight"": ""balanced""}",RUB_KZT,0.47733246585820066,247,0.6275303643724697,0.5281206171107994,0.6485683693464154,0.3520004131509986,0.9978005863440894,0.48246844319775595,0.5932203389830508,0.22580645161290322,20,0.3954802259887006,0.5,0.2992949144298199,0.70070508557018,0.5,0.5719,0.45,0.7,0.8742787200559539,17.86969209376,85.05435007530001,178.6969209376,850.543500753
H001_price_core,3,50,per_corridor,logistic,2024,0.49568129737352373,0.7665843816247514,1557,245,17,"{""C"": 10.0, ""class_weight"": ""balanced""}",RUB_TJS,0.4095919819178676,248,0.7459677419354839,0.5615615615615616,0.7703936969370251,0.2578093153701456,0.7093532043173345,0.5435435435435436,0.7655502392344498,0.8648648648648649,53,1.0480225988700564,0.6226415094339622,0.488066502360923,0.7406392342826617,0.37735849056603776,0.7061509433962264,0.6226415094339622,0.7924528301886793,0.8817399668679528,-4.225581986996226,68.77952708426982,-42.25581986996226,687.7952708426981
H001_price_core,3,50,per_corridor,logistic,2024,0.5907285911602209,0.7941645076184725,1559,245,17,"{""C"": 0.01, ""class_weight"": ""balanced""}",RUB_UZS,0.5102833232536321,248,0.7056451612903226,0.6025048923679059,0.7541773285593475,0.23964037414880238,0.6723694842615826,0.5894324853228963,0.7643312101910829,0.6857142857142857,43,0.8502824858757062,0.6046511627906976,0.4557879659331909,0.7363489380154359,0.39534883720930236,0.6334418604651162,0.5348837209302325,0.7441860465116279,0.9545487921286439,-9.978366045700001,59.754224653537214,-99.78366045700001,597.5422465353722
H001_price_core,3,50,per_corridor,logistic,2024,0.5211154668567356,0.7679677001425794,1559,245,17,"{""C"": 1.0, ""class_weight"": ""balanced""}",RUB_KGS,0.3867687000750717,248,0.7338709677419355,0.5801698301698301,0.7773956951400869,0.26187271977295085,0.7174070339170368,0.5800865800865801,0.7722772277227723,0.8571428571428571,51,1.0084745762711864,0.7058823529411765,0.5700066466848335,0.8129143475968797,0.2941176470588235,0.6954901960784314,0.6078431372549019,0.7843137254901961,1.0149422046800112,4.5683495104921565,59.27243257951764,45.68349510492156,592.7243257951765
H001_price_core,3,50,per_corridor,logistic,2024,0.4752136752136752,0.7474172278623442,1557,245,17,"{""C"": 10.0, ""class_weight"": ""none""}",RUB_AMD,0.4681375351482393,248,0.75,0.5143947277141866,0.7439891584366758,0.19978091249654603,0.5903365868772005,0.5188172043010753,0.757201646090535,0.989247311827957,54,1.0677966101694916,0.7037037037037037,0.5717217482621141,0.8086273430493296,0.2962962962962963,0.7234444444444446,0.6481481481481481,0.7962962962962963,0.9727128449290943,-3.1723075840203707,68.67663638656667,-31.72307584020371,686.7663638656668
H001_price_core,3,50,per_corridor,logistic,2024,0.532608695652174,0.6662024115739693,1558,245,17,"{""C"": 1.0, ""class_weight"": ""none""}",RUB_KZT,0.543170209304422,248,0.6733870967741935,0.5090559621497744,0.6619570654862719,0.22176554622602798,0.6367853060712917,0.5286094477711244,0.6869565217391305,0.9461077844311377,53,1.0480225988700564,0.5660377358490566,0.43265114979768754,0.6904980930103964,0.4339622641509434,0.6153584905660378,0.5283018867924528,0.7080188679245278,0.9198503710063163,-7.893496742998111,82.96900443509811,-78.93496742998111,829.6900443509811
H001_price_core,3,50,per_corridor,logistic,2025,0.611111111111111,0.7836123163376161,1805,247,17,"{""C"": 0.1, ""class_weight"": ""balanced""}",RUB_TJS,0.4981043347215293,247,0.6680161943319838,0.6265336289726533,0.738841037451784,0.24672324585690186,0.6866157433159956,0.5776792313377679,0.7413793103448276,0.5212121212121212,41,0.8084507042253521,0.6097560975609756,0.45726583898692563,0.7434406478467288,0.3902439024390244,0.6063902439024389,0.5121951219512195,0.7317073170731707,1.005550639530207,-4.102382586163415,52.65286372360974,-41.02382586163415,526.5286372360974
H001_price_core,3,50,per_corridor,logistic,2025,0.6189576444654384,0.7708731195389436,1807,247,17,"{""C"": 0.01, ""class_weight"": ""balanced""}",RUB_UZS,0.5584883560701417,247,0.5668016194331984,0.581041388518024,0.6306104020935255,0.2451885686675888,0.6834853326548254,0.5032710280373832,0.5833333333333334,0.1,16,0.31549295774647884,0.5625,0.3317819560677652,0.7690163666481449,0.4375,0.415875,0.25,0.5625,1.3525698827772767,-44.516244653825,80.50154516546876,-445.16244653825,805.0154516546875
H001_price_core,3,50,per_corridor,logistic,2025,0.6242256822367319,0.8046348346914447,1807,247,17,"{""C"": 1.0, ""class_weight"": ""balanced""}",RUB_KGS,0.5658465373293553,247,0.6396761133603239,0.5903854359266107,0.7183286959608027,0.2407305566916513,0.6747019359314289,0.5388280472194567,0.7076923076923077,0.2911392405063291,22,0.43380281690140843,0.5,0.3072180469247956,0.6927819530752043,0.5,0.4139090909090909,0.2727272727272727,0.5909090909090909,1.2079947287502746,-3.2223928890363633,65.36646275187273,-32.22392889036363,653.6646275187273
H001_price_core,3,50,per_corridor,logistic,2025,0.583435047951177,0.7799789181636072,1805,247,17,"{""C"": 10.0, ""class_weight"": ""none""}",RUB_AMD,0.7085574003042603,247,0.611336032388664,0.6307947019867549,0.7235050845951773,0.2350070787896746,0.6621852717864051,0.5817121964679912,0.7191011235955056,0.423841059602649,34,0.6704225352112676,0.6176470588235294,0.45040719999382667,0.7610003514839122,0.38235294117647056,0.5190588235294118,0.38235294117647056,0.6470588235294118,1.1899365367180417,-4.730146618258821,53.497535459991184,-47.301466182588214,534.9753545999118
H001_price_core,3,50,per_corridor,logistic,2025,0.5301204819277108,0.674286774445398,1806,247,17,"{""C"": 0.01, ""class_weight"": ""none""}",RUB_KZT,0.6618440756015236,247,0.6072874493927125,0.5272164948453608,0.6500800808026186,0.24523266572419428,0.6853118263090293,0.5070446735395189,0.6117021276595744,0.7666666666666667,49,0.9661971830985915,0.5102040816326531,0.3746733153340922,0.6442511684059914,0.4897959183673469,0.522326530612245,0.40816326530612246,0.6326530612244898,0.9767914354926934,-14.580087851720409,97.78004601727142,-145.80087851720407,977.8004601727141
H001_price_core,3,50,per_corridor,logistic,2026,0.6516534490498278,0.7703143814521025,2054,245,17,"{""C"": 0.01, ""class_weight"": ""none""}",RUB_TJS,0.7175726991168135,159,0.660377358490566,0.43686067019400354,0.6642746645071249,0.22772083152308967,0.6486911554677036,0.5156084656084656,0.7222222222222222,0.12380952380952381,9,0.27631578947368424,0.6666666666666666,0.35419734749908977,0.8794184013172571,0.33333333333333337,0.5382222222222222,0.3333333333333333,0.7777777777777778,1.2386457473162675,-19.93221331141111,37.029524355144446,-199.32213311411112,370.29524355144446
H001_price_core,3,50,per_corridor,logistic,2026,0.5812000541785182,0.631517791403064,2056,245,17,"{""C"": 0.01, ""class_weight"": ""balanced""}",RUB_UZS,0.5327855098539689,158,0.6392405063291139,0.5518499218342887,0.6760596241609015,0.24712835926294258,0.6873880853523922,0.5409935730415147,0.7222222222222222,0.25742574257425743,16,0.4912280701754386,0.6875,0.4440393186673406,0.8583556494803894,0.3125,0.526875,0.375,0.6875,1.3048635824436536,-1.58843003843125,41.763386354556246,-15.884300384312498,417.63386354556246
H001_price_core,3,50,per_corridor,logistic,2026,0.6183376548545088,0.7593261032240936,2056,245,17,"{""C"": 0.01, ""class_weight"": ""none""}",RUB_KGS,0.7313424151350482,160,0.65625,0.4628571428571428,0.6139871045923424,0.2268518153865855,0.6472962067973187,0.4640692640692641,0.2857142857142857,0.01904761904761905,5,0.15350877192982457,0.2,0.036223160969787456,0.6244717358814612,0.8,0.3992,0.0,0.8,0.5010020040080161,-38.15033625682,125.18386812909998,-381.5033625682,1251.8386812909998
H001_price_core,3,50,per_corridor,logistic,2026,0.6297539149888144,0.7403500390462481,2054,245,17,"{""C"": 0.01, ""class_weight"": ""none""}",RUB_AMD,0.7272598617294781,160,0.68125,0.5643101277208131,0.7603698403120907,0.2143725178979468,0.6194975801108903,0.5360676380644,0.9090909090909091,0.09174311926605505,6,0.1842105263157895,0.8333333333333334,0.4364905634363539,0.9699474141282696,0.16666666666666663,0.5286666666666666,0.16666666666666666,0.8333333333333334,1.5762925598991175,-20.686841920566668,22.925008629716668,-206.86841920566667,229.25008629716666
H001_price_core,3,50,per_corridor,logistic,2026,0.5114237949289496,0.6635650681015027,2055,245,17,"{""C"": 10.0, ""class_weight"": ""none""}",RUB_KZT,0.717937324016286,160,0.68125,0.4707681237632668,0.6898797745264169,0.22616782711773115,0.6449277077270543,0.5308508724590754,0.8461538461538461,0.10091743119266056,6,0.1842105263157895,0.8333333333333334,0.4364905634363539,0.9699474141282696,0.16666666666666663,0.5316666666666665,0.16666666666666666,0.8333333333333334,1.5673981191222577,16.032154836100002,59.44864662123334,160.32154836100003,594.4864662123333
H001_price_core,3,50,pooled_with_corridor_thresholds,logistic,2022,0.552780318561741,0.707973138819134,5318,1223,22,"{""C"": 0.01, ""class_weight"": ""none""}",RUB_AMD,0.727755909866636,247,0.5708502024291497,0.5777465542620098,0.6324789088841265,0.2739617612417643,0.8195662808868418,0.505921316740265,0.75,0.02127659574468085,2,0.03954802259887006,0.5,0.09452865480086611,0.905471345199134,0.5,0.64,0.0,1.0,0.78125,-46.94147479555,160.92402017735,-469.41474795549993,1609.2402017735
H001_price_core,3,50,pooled_with_corridor_thresholds,logistic,2022,0.552780318561741,0.707973138819134,5318,1223,22,"{""C"": 0.01, ""class_weight"": ""none""}",RUB_KGS,0.7193768821671596,247,0.5546558704453441,0.6153948241539483,0.6573338471243856,0.2634792743024579,0.7828122433692732,0.5064698075646981,0.6153846153846154,0.058394160583941604,8,0.15819209039548024,0.75,0.40926987910258916,0.9285223111419724,0.25,0.4575,0.25,0.75,1.639344262295082,57.044189790237496,61.701611441725,570.441897902375,617.01611441725
H001_price_core,3,50,pooled_with_corridor_thresholds,logistic,2022,0.552780318561741,0.707973138819134,5318,1223,22,"{""C"": 0.01, ""class_weight"": ""none""}",RUB_KZT,0.758103334566402,247,0.5101214574898786,0.5364685819231274,0.5345392023864417,0.27498638796936997,0.7655026908697133,0.5,0.0,0.0,0,0.0,,,,,,,,,,,,
H001_price_core,3,50,pooled_with_corridor_thresholds,logistic,2022,0.552780318561741,0.707973138819134,5318,1223,22,"{""C"": 0.01, ""class_weight"": ""none""}",RUB_TJS,0.7080132179572416,246,0.5772357723577236,0.5656825568797399,0.6523962839821246,0.27549998482913396,0.8228970363061081,0.5137459371614301,0.7272727272727273,0.056338028169014086,6,0.11864406779661017,0.6666666666666666,0.2999883213415286,0.903230667440783,0.33333333333333337,0.412,0.16666666666666666,0.8333333333333334,1.6181229773462784,-15.944646334583334,77.98851774386667,-159.44646334583334,779.8851774386667
H001_price_core,3,50,pooled_with_corridor_thresholds,logistic,2022,0.552780318561741,0.707973138819134,5318,1223,22,"{""C"": 0.01, ""class_weight"": ""none""}",RUB_UZS,0.6934987163491468,247,0.5384615384615384,0.5387152090753199,0.5909304894588087,0.2827788187856425,0.8579416365993393,0.5238095238095238,0.7333333333333333,0.08270676691729323,7,0.1384180790960452,0.8571428571428571,0.4868654966809702,0.9743210440510253,0.1428571428571429,0.4554285714285714,0.14285714285714285,0.7142857142857143,1.8820577164366374,74.8453679908143,22.276692057671426,748.4536799081429,222.76692057671426
H001_price_core,3,50,pooled_with_corridor_thresholds,logistic,2023,0.5460811804099855,0.5989185548975651,6556,1219,22,"{""C"": 10.0, ""class_weight"": ""balanced""}",RUB_AMD,0.019061015704499872,247,0.7327935222672065,0.49506110832077677,0.7363313598819778,0.3517094018837434,0.9298884755159216,0.5,0.7327935222672065,1.0,51,1.0084745762711864,0.6274509803921569,0.4902496270033425,0.7467967027900989,0.37254901960784315,0.6836078431372548,0.6078431372549019,0.7647058823529411,0.9178522257916477,-11.109801062762745,86.13000442861569,-111.09801062762745,861.300044286157
H001_price_core,3,50,pooled_with_corridor_thresholds,logistic,2023,0.5460811804099855,0.5989185548975651,6556,1219,22,"{""C"": 10.0, ""class_weight"": ""balanced""}",RUB_KGS,0.5018451268885328,247,0.7489878542510121,0.4884917175239756,0.746142178639803,0.33423829919695,0.8833622041623398,0.49241499564080204,0.7333333333333333,0.1783783783783784,16,0.3163841807909605,0.5625,0.3317819560677652,0.7690163666481449,0.4375,0.730375,0.5625,0.875,0.770152319014205,-2.5703292713812504,77.70804712629999,-25.703292713812505,777.0804712629999
H001_price_core,3,50,pooled_with_corridor_thresholds,logistic,2023,0.5460811804099855,0.5989185548975651,6556,1219,22,"{""C"": 10.0, ""class_weight"": ""balanced""}",RUB_KZT,0.3719262806313236,247,0.6275303643724697,0.5169004207573632,0.6442187857024669,0.3271165011696494,0.893227363559006,0.5211430575035063,0.6475409836065574,0.5096774193548387,35,0.692090395480226,0.5428571428571428,0.3818945134013752,0.6953422636623915,0.4571428571428572,0.5606857142857143,0.44214285714285717,0.6857142857142857,0.9682022013860577,1.8856394804685717,69.0373860709257,18.856394804685717,690.3738607092571
H001_price_core,3,50,pooled_with_corridor_thresholds,logistic,2023,0.5460811804099855,0.5989185548975651,6556,1219,22,"{""C"": 10.0, ""class_weight"": ""balanced""}",RUB_TJS,0.4454093162501755,247,0.7449392712550608,0.4923222912353347,0.7428817297956263,0.33152907225152883,0.878381448791795,0.46256038647342995,0.7083333333333334,0.3695652173913043,28,0.5536723163841808,0.6071428571428571,0.42408726034906297,0.7643454817241996,0.3928571428571429,0.7172142857142858,0.6071428571428571,0.8214285714285714,0.8465292301563587,-6.298353000349999,82.45861945927501,-62.983530003499986,824.5861945927502
H001_price_core,3,50,pooled_with_corridor_thresholds,logistic,2023,0.5460811804099855,0.5989185548975651,6556,1219,22,"{""C"": 10.0, ""class_weight"": ""balanced""}",RUB_UZS,0.49434118506534824,247,0.7368421052631579,0.5116652578191039,0.737567427625091,0.33115032009063,0.8761223042370199,0.5170329670329671,0.7708333333333334,0.2032967032967033,16,0.3163841807909605,0.6875,0.4440393186673406,0.8583556494803894,0.3125,0.777125,0.625,0.9375,0.8846710632137688,3.434808876593749,77.52364678126874,34.34808876593749,775.2364678126874
H001_price_core,3,50,pooled_with_corridor_thresholds,logistic,2024,0.5113342396325529,0.7350004793386806,7790,1225,22,"{""C"": 10.0, ""class_weight"": ""balanced""}",RUB_AMD,0.3667033289311869,248,0.75,0.5374609781477627,0.7508708864702877,0.25857109789778654,0.7103744108082293,0.5510752688172043,0.7702127659574468,0.9731182795698925,54,1.0677966101694916,0.7037037037037037,0.5717217482621141,0.8086273430493296,0.2962962962962963,0.7234444444444446,0.6481481481481481,0.7962962962962963,0.9727128449290943,-5.265011161455556,69.4362790369389,-52.65011161455556,694.362790369389
H001_price_core,3,50,pooled_with_corridor_thresholds,logistic,2024,0.5113342396325529,0.7350004793386806,7790,1225,22,"{""C"": 10.0, ""class_weight"": ""balanced""}",RUB_KGS,0.37593755027930764,248,0.7338709677419355,0.5880785880785881,0.7847951853882797,0.2550013472986493,0.7032385278862946,0.5413752913752914,0.7510729613733905,0.9615384615384616,54,1.0677966101694916,0.6666666666666666,0.5336071462745029,0.7775875647984964,0.33333333333333337,0.7016296296296296,0.6199074074074075,0.7777777777777778,0.9501689189189189,-4.184582906077778,65.16013157386665,-41.845829060777774,651.6013157386665
H001_price_core,3,50,pooled_with_corridor_thresholds,logistic,2024,0.5113342396325529,0.7350004793386806,7790,1225,22,"{""C"": 10.0, ""class_weight"": ""balanced""}",RUB_KZT,0.33175920693008887,248,0.6733870967741935,0.5554816293339248,0.718828675459581,0.24501499415121486,0.6829156886425378,0.5216973460486434,0.6831275720164609,0.9940119760479041,54,1.0677966101694916,0.5740740740740741,0.44162497846346305,0.6966837820134255,0.42592592592592593,0.6196666666666667,0.5370370370370371,0.7037037037037037,0.9264240033470802,-7.701124571701849,85.06602905547962,-77.01124571701848,850.6602905547961
H001_price_core,3,50,pooled_with_corridor_thresholds,logistic,2024,0.5113342396325529,0.7350004793386806,7790,1225,22,"{""C"": 10.0, ""class_weight"": ""balanced""}",RUB_TJS,0.42002788922420464,248,0.7459677419354839,0.5880737880737881,0.7911063706048661,0.2509456762899786,0.6949027267782791,0.5835692835692836,0.7830188679245284,0.8972972972972973,52,1.0282485875706215,0.6538461538461539,0.518033022150807,0.7684917192606138,0.34615384615384615,0.7040384615384615,0.6153846153846154,0.7884615384615384,0.928708003277793,-3.2016606253115394,66.78170187467693,-32.0166062531154,667.8170187467692
H001_price_core,3,50,pooled_with_corridor_thresholds,logistic,2024,0.5113342396325529,0.7350004793386806,7790,1225,22,"{""C"": 10.0, ""class_weight"": ""balanced""}",RUB_UZS,0.4432770891260028,248,0.7056451612903226,0.5730724070450098,0.735220244849321,0.2539572228003208,0.701095104642571,0.5666536203522505,0.7431693989071039,0.7771428571428571,48,0.9491525423728814,0.6458333333333334,0.5043879645406409,0.7656654288731426,0.35416666666666663,0.6419583333333333,0.5416666666666666,0.7291666666666666,1.006036217303823,3.714439960645833,60.776034005197914,37.14439960645833,607.7603400519791
H001_price_core,3,50,pooled_with_corridor_thresholds,logistic,2025,0.6168897573685067,0.7760766125383964,9030,1235,22,"{""C"": 10.0, ""class_weight"": ""balanced""}",RUB_AMD,0.5175768189474259,247,0.611336032388664,0.621826710816777,0.7299161283018429,0.23794918567519507,0.6688081952372703,0.5806774282560707,0.6814814814814815,0.609271523178808,44,0.8676056338028169,0.4772727272727273,0.3375475794427176,0.620647798638283,0.5227272727272727,0.5186363636363636,0.4090909090909091,0.6363636363636364,0.9202453987730063,-7.869204179075002,62.50204024344546,-78.69204179075001,625.0204024344546
H001_price_core,3,50,pooled_with_corridor_thresholds,logistic,2025,0.6168897573685067,0.7760766125383964,9030,1235,22,"{""C"": 10.0, ""class_weight"": ""balanced""}",RUB_KGS,0.5172400150853615,247,0.6396761133603239,0.6550277343194424,0.7746242932841041,0.23463896853159472,0.6621812812934088,0.6198264827193856,0.7407407407407407,0.6329113924050633,42,0.828169014084507,0.5476190476190477,0.399488627471227,0.6877683618136149,0.45238095238095233,0.5626190476190476,0.4523809523809524,0.6666666666666666,0.9733389758781212,-11.29553509307381,65.19106431197858,-112.9553509307381,651.9106431197857
H001_price_core,3,50,pooled_with_corridor_thresholds,logistic,2025,0.6168897573685067,0.7760766125383964,9030,1235,22,"{""C"": 10.0, ""class_weight"": ""balanced""}",RUB_KZT,0.5428984527478771,247,0.6072874493927125,0.5651546391752578,0.6614580687818004,0.24444453379028105,0.682000105507918,0.5429553264604811,0.6756756756756757,0.3333333333333333,33,0.6507042253521127,0.5757575757575758,0.4080697369146003,0.727646410049701,0.4242424242424242,0.5110303030303031,0.3939393939393939,0.6363636363636364,1.1266603415559773,5.379692153409091,62.93028712846365,53.796921534090906,629.3028712846365
H001_price_core,3,50,pooled_with_corridor_thresholds,logistic,2025,0.6168897573685067,0.7760766125383964,9030,1235,22,"{""C"": 10.0, ""class_weight"": ""balanced""}",RUB_TJS,0.511920156321088,247,0.6680161943319838,0.6229120473022912,0.7444830800270015,0.244443146487266,0.6820262755659643,0.5899852180339985,0.7619047619047619,0.48484848484848486,38,0.7492957746478873,0.6578947368421053,0.4989181162907454,0.7878777997354104,0.3421052631578947,0.6101052631578948,0.5,0.7105263157894737,1.0783298826777088,-0.7085836747210528,48.91447943133158,-7.085836747210528,489.14479431331574
H001_price_core,3,50,pooled_with_corridor_thresholds,logistic,2025,0.6168897573685067,0.7760766125383964,9030,1235,22,"{""C"": 10.0, ""class_weight"": ""balanced""}",RUB_UZS,0.5312518069441422,247,0.5668016194331984,0.614018691588785,0.6422413044745718,0.24409218997675655,0.6812773898093342,0.5658878504672897,0.7,0.3,24,0.4732394366197183,0.5833333333333334,0.3883433764938864,0.7553265275346178,0.41666666666666663,0.44808333333333333,0.2916666666666667,0.625,1.3018411753766042,-17.655860163899998,67.56924004611666,-176.558601639,675.6924004611666
H001_price_core,3,50,pooled_with_corridor_thresholds,logistic,2026,0.621492169153052,0.7271723701212669,10275,1225,22,"{""C"": 0.01, ""class_weight"": ""none""}",RUB_AMD,0.7171797971638979,160,0.68125,0.5065659291239432,0.6957502579669543,0.21656217351719542,0.6248585302773673,0.4982910595430833,0.6774193548387096,0.1926605504587156,13,0.3991228070175439,0.6923076923076923,0.4236888781333764,0.873195028383819,0.3076923076923077,0.5535384615384615,0.38461538461538464,0.6923076923076923,1.2506948304613674,2.3943864705000006,32.07893389978461,23.943864705000006,320.7893389978461
H001_price_core,3,50,pooled_with_corridor_thresholds,logistic,2026,0.621492169153052,0.7271723701212669,10275,1225,22,"{""C"": 0.01, ""class_weight"": ""none""}",RUB_KGS,0.7219117799979566,160,0.65625,0.5142857142857143,0.6786337316364397,0.22508259577907178,0.6427419539319226,0.5298701298701298,0.8,0.11428571428571428,9,0.27631578947368424,0.6666666666666666,0.35419734749908977,0.8794184013172571,0.33333333333333337,0.5926666666666668,0.3333333333333333,0.8888888888888888,1.1248593925759278,-20.56475025982222,34.1051897296,-205.6475025982222,341.051897296
H001_price_core,3,50,pooled_with_corridor_thresholds,logistic,2026,0.621492169153052,0.7271723701212669,10275,1225,22,"{""C"": 0.01, ""class_weight"": ""none""}",RUB_KZT,0.7258942754518971,160,0.68125,0.46015470408346826,0.6723622787964905,0.22153429355910603,0.6356128258588415,0.49415362475265334,0.6,0.027522935779816515,4,0.12280701754385966,0.5,0.15003570882017145,0.8499642911798285,0.5,0.442,0.0,0.75,1.1312217194570136,-35.718694980425006,62.237773499625,-357.18694980425005,622.37773499625
H001_price_core,3,50,pooled_with_corridor_thresholds,logistic,2026,0.621492169153052,0.7271723701212669,10275,1225,22,"{""C"": 0.01, ""class_weight"": ""none""}",RUB_TJS,0.7137612164762267,159,0.660377358490566,0.4603174603174603,0.6750978265180627,0.22775258048472252,0.6487126730282112,0.4984126984126984,0.6571428571428571,0.21904761904761905,15,0.46052631578947373,0.6666666666666666,0.4171312515121298,0.8482389930530875,0.33333333333333337,0.49333333333333323,0.3333333333333333,0.6666666666666666,1.3513513513513515,-8.765197086200002,41.37398174800667,-87.65197086200003,413.7398174800667
H001_price_core,3,50,pooled_with_corridor_thresholds,logistic,2026,0.621492169153052,0.7271723701212669,10275,1225,22,"{""C"": 0.01, ""class_weight"": ""none""}",RUB_UZS,0.7061575175041698,158,0.6392405063291139,0.5146777835678304,0.6451957507146585,0.2316923094282352,0.6566339463436067,0.5139829772450929,0.68,0.16831683168316833,11,0.33771929824561403,0.7272727272727273,0.4343497069897538,0.9025411942607853,0.2727272727272727,0.5996363636363636,0.45454545454545453,0.8181818181818182,1.2128562765312312,-7.271749568045456,35.82673649156363,-72.71749568045456,358.2673649156363
H002_combined_factors,3,50,per_corridor,logistic,2022,0.6740804106073567,0.8107075218872234,1064,244,26,"{""C"": 0.01, ""class_weight"": ""none""}",RUB_TJS,0.7663265669387844,246,0.5772357723577236,0.6462621885157097,0.7254596967400175,0.2474287865969573,0.7214628322492576,0.5140845070422535,1.0,0.028169014084507043,4,0.07909604519774012,1.0,0.5100999795960008,1.0,0.0,0.4535,0.0,0.75,2.2050716648291067,71.9101436686,0.0,719.101436686,0.0
H002_combined_factors,3,50,per_corridor,logistic,2022,0.6483622350674374,0.8150931370783434,1064,245,26,"{""C"": 0.01, ""class_weight"": ""balanced""}",RUB_UZS,0.6648378990423519,247,0.5384615384615384,0.6403508771929824,0.6718253019008157,0.2583923652109578,0.7808083685500338,0.5100250626566416,0.7142857142857143,0.03759398496240601,7,0.1384180790960452,0.7142857142857143,0.35892909014821267,0.9177828342909845,0.2857142857142857,0.46228571428571424,0.14285714285714285,0.7142857142857143,1.5451174289245984,-7.158729883042854,89.92646477212857,-71.58729883042855,899.2646477212858
H002_combined_factors,3,50,per_corridor,logistic,2022,0.6786363636363637,0.8125054842752684,1064,245,26,"{""C"": 0.01, ""class_weight"": ""none""}",RUB_KGS,0.7906493753306423,247,0.5546558704453441,0.6817518248175182,0.7388382219930767,0.23758041317198222,0.7041707369940937,0.5182481751824818,1.0,0.0364963503649635,4,0.07909604519774012,1.0,0.5100999795960008,1.0,0.0,0.4535,0.0,0.75,2.2050716648291067,18.969438929875,4.085674704525,189.69438929875,40.85674704525
H002_combined_factors,3,50,per_corridor,logistic,2022,0.6702694235588973,0.8341603636854916,1063,244,26,"{""C"": 0.1, ""class_weight"": ""none""}",RUB_AMD,0.8678536209985609,247,0.5708502024291497,0.6221062491636559,0.6876802393755352,0.3189505548553545,1.0044289312774664,0.5,0.0,0.0,0,0.0,,,,,,,,,,,,
H002_combined_factors,3,50,per_corridor,logistic,2022,0.6600199401794616,0.8461623940737377,1063,245,26,"{""C"": 10.0, ""class_weight"": ""none""}",RUB_KZT,0.8969435262001988,247,0.5101214574898786,0.645021645021645,0.6767713392527663,0.31545860133938636,1.1921565815161943,0.5,0.0,0.0,0,0.0,,,,,,,,,,,,
H002_combined_factors,3,50,per_corridor,logistic,2023,0.6467806980948407,0.7369125012826461,1311,243,26,"{""C"": 0.1, ""class_weight"": ""balanced""}",RUB_TJS,0.5654817466082199,247,0.7449392712550608,0.5909247757073844,0.8029870257451446,0.31078664007899026,0.8361325658273386,0.5560731538992408,0.8461538461538461,0.2391304347826087,32,0.632768361581921,0.8125,0.6469050424507756,0.9111057606383722,0.1875,0.716,0.59375,0.8125,1.1347765363128492,15.764063566046875,24.258658454225,157.64063566046877,242.58658454225
H002_combined_factors,3,50,per_corridor,logistic,2023,0.6197916666666666,0.6624970853487613,1312,244,26,"{""C"": 0.1, ""class_weight"": ""none""}",RUB_UZS,0.8026960538240749,247,0.7368421052631579,0.6471682163989857,0.8342577105637043,0.21106203613260902,0.6094655657511706,0.5532967032967033,0.9259259259259259,0.13736263736263737,21,0.4152542372881356,0.9523809523809523,0.7733018341376451,0.9915442305280766,0.04761904761904767,0.7563809523809523,0.6190476190476191,0.8571428571428571,1.2591286829513977,11.92235451865238,10.999372857557143,119.2235451865238,109.99372857557141
H002_combined_factors,3,50,per_corridor,logistic,2023,0.6811002178649238,0.741950419438925,1312,244,26,"{""C"": 0.1, ""class_weight"": ""balanced""}",RUB_KGS,0.5918709497785661,247,0.7489878542510121,0.5821272885789016,0.8198048509185825,0.3399093031302036,0.914650433669601,0.5650392327811682,0.9,0.1945945945945946,28,0.5536723163841808,0.9285714285714286,0.7735426157408215,0.9801883525522292,0.0714285714285714,0.7377857142857144,0.6071428571428571,0.8214285714285714,1.2585923129054117,33.79145475982857,10.166461539439286,337.9145475982857,101.66461539439287
H002_combined_factors,3,50,per_corridor,logistic,2023,0.6187499999999999,0.6973528369357431,1310,244,26,"{""C"": 0.01, ""class_weight"": ""none""}",RUB_AMD,0.6488030863675354,247,0.7327935222672065,0.5686422233383559,0.7850707453672374,0.23287349828998008,0.6557806844941119,0.5672610078687427,0.821917808219178,0.3314917127071823,34,0.672316384180791,0.7352941176470589,0.5688253783710155,0.8539897245844621,0.2647058823529411,0.7543529411764706,0.6470588235294118,0.8529411764705882,0.9747348721147849,29.052566952226478,37.692917739076464,290.52566952226476,376.92917739076466
H002_combined_factors,3,50,per_corridor,logistic,2023,0.6488067226890756,0.6961492765062068,1311,244,26,"{""C"": 0.1, ""class_weight"": ""none""}",RUB_KZT,0.7566858439810514,247,0.6275303643724697,0.5866760168302945,0.7050094795389089,0.2641729726089527,0.7413255060255615,0.5424263674614306,0.75,0.1935483870967742,27,0.5338983050847458,0.6296296296296297,0.442289046234463,0.7846771293206315,0.37037037037037035,0.5888148148148148,0.48148148148148145,0.7037037037037037,1.0693168952069443,25.942229434555557,49.396744942174074,259.42229434555554,493.9674494217407
H002_combined_factors,3,50,per_corridor,logistic,2024,0.6161642869733825,0.8309918748111182,1557,245,26,"{""C"": 10.0, ""class_weight"": ""balanced""}",RUB_TJS,0.6415654231039909,248,0.7459677419354839,0.6371514371514372,0.8086972995434514,0.2507007720149014,0.6965650055885565,0.5392106392106393,0.8260869565217391,0.20540540540540542,33,0.652542372881356,0.8484848484848485,0.6907978686153953,0.9334964074203904,0.1515151515151515,0.6701818181818182,0.5757575757575758,0.7878787878787878,1.266051727256285,10.590498704172727,18.620403744830302,105.90498704172727,186.20403744830304
H002_combined_factors,3,50,per_corridor,logistic,2024,0.6565089779005524,0.8403305667975,1559,245,26,"{""C"": 0.01, ""class_weight"": ""balanced""}",RUB_UZS,0.592721284627885,248,0.7056451612903226,0.6820352250489238,0.832618373099352,0.2245332514785198,0.6400318053035255,0.6201174168297456,0.8387096774193549,0.44571428571428573,48,0.9491525423728814,0.8333333333333334,0.7042189996260375,0.9130458996054678,0.16666666666666663,0.640875,0.5416666666666666,0.7291666666666666,1.3003055718093752,2.987400403393751,21.143396495837504,29.87400403393751,211.43396495837504
H002_combined_factors,3,50,per_corridor,logistic,2024,0.60539914468995,0.8240413315129195,1559,245,26,"{""C"": 0.01, ""class_weight"": ""balanced""}",RUB_KGS,0.6298482194511248,248,0.7338709677419355,0.6328671328671329,0.8023582135713143,0.24970193782865768,0.693505519412429,0.5458707958707959,0.8372093023255814,0.1978021978021978,31,0.612994350282486,0.9032258064516129,0.7509971000182296,0.9665359639053559,0.09677419354838712,0.6511612903225807,0.5483870967741935,0.7419354838709677,1.387099970276429,21.592020485874194,9.386294776748386,215.92020485874195,93.86294776748386
H002_combined_factors,3,50,per_corridor,logistic,2024,0.5936752136752137,0.8111828680437374,1557,245,26,"{""C"": 1.0, ""class_weight"": ""none""}",RUB_AMD,0.7692883523826838,248,0.75,0.5799514394727714,0.7867073065893522,0.20318709091051673,0.5952729202197932,0.553763440860215,0.8461538461538461,0.23655913978494625,39,0.7711864406779662,0.9230769230769231,0.7967862687194474,0.9734930859265043,0.07692307692307687,0.6949230769230769,0.6153846153846154,0.7948717948717948,1.3283152534868277,6.543913501235899,7.047280456925641,65.43913501235899,70.47280456925641
H002_combined_factors,3,50,per_corridor,logistic,2024,0.6424410343847684,0.7385424484684108,1558,245,26,"{""C"": 0.01, ""class_weight"": ""balanced""}",RUB_KZT,0.5871812656936358,248,0.6733870967741935,0.6576476676277075,0.7709668364711344,0.24336457155223495,0.6797938098488969,0.5789901678125231,0.8245614035087719,0.281437125748503,38,0.7514124293785311,0.868421052631579,0.7267282994850113,0.9424621712426857,0.13157894736842102,0.6006315789473685,0.5,0.7243421052631572,1.4458464773922186,-0.46847395028157957,15.773701570302634,-4.684739502815796,157.73701570302634
H002_combined_factors,3,50,per_corridor,logistic,2025,0.6473429951690821,0.8159258136475789,1805,247,26,"{""C"": 0.01, ""class_weight"": ""balanced""}",RUB_TJS,0.6130211712443804,247,0.6680161943319838,0.6892830746489284,0.7990588030293682,0.22965699773839524,0.6514819787551657,0.5784183296378418,0.8214285714285714,0.2787878787878788,42,0.828169014084507,0.8095238095238095,0.6669893264500356,0.9001811039014356,0.19047619047619047,0.6082857142857142,0.5,0.7142857142857143,1.3308282448723971,11.676915709219047,34.16817711357857,116.76915709219047,341.6817711357857
H002_combined_factors,3,50,per_corridor,logistic,2025,0.6814674854353645,0.8382307890057918,1807,247,26,"{""C"": 0.01, ""class_weight"": ""none""}",RUB_UZS,0.7996850292973418,247,0.5668016194331984,0.6137516688918558,0.6937393312405337,0.24628204118542538,0.6872314969841619,0.5469626168224299,0.7777777777777778,0.15,25,0.49295774647887325,0.76,0.5656994004476144,0.8850384226967326,0.24,0.4562400000000001,0.32,0.6,1.6657899351218655,-19.581299983776,29.678061796416003,-195.81299983776,296.78061796416
H002_combined_factors,3,50,per_corridor,logistic,2025,0.6410513979574752,0.8137418276630459,1807,247,26,"{""C"": 10.0, ""class_weight"": ""balanced""}",RUB_KGS,0.610713592395623,247,0.6396761133603239,0.6962736452851658,0.7984025137501793,0.21813283550523171,0.6264896859674985,0.622137676006258,0.8072289156626506,0.4240506329113924,48,0.9464788732394366,0.7708333333333334,0.6346046409154885,0.8669230897101095,0.22916666666666663,0.550625,0.4583333333333333,0.6567708333333329,1.3999243284146803,13.939819101560417,37.76550967664167,139.39819101560417,377.6550967664167
H002_combined_factors,3,50,per_corridor,logistic,2025,0.6039232781168266,0.8009061688912847,1805,247,26,"{""C"": 0.01, ""class_weight"": ""none""}",RUB_AMD,0.7230632204266698,247,0.611336032388664,0.7264762693156733,0.8155413998782872,0.21899342351658135,0.623617684124302,0.6526972958057395,0.8,0.5033112582781457,49,0.9661971830985915,0.7346938775510204,0.5973744384734165,0.8378886875485057,0.26530612244897955,0.5164489795918368,0.40816326530612246,0.6229591836734689,1.4225875286493321,12.157111950334693,39.37991425989591,121.57111950334692,393.7991425989591
H002_combined_factors,3,50,per_corridor,logistic,2025,0.6629480886508998,0.7770517828078312,1806,247,26,"{""C"": 0.01, ""class_weight"": ""balanced""}",RUB_KZT,0.5797876715485212,247,0.6072874493927125,0.6258419243986254,0.7035390929986047,0.23674099365578075,0.6666938416920122,0.5905498281786942,0.7534246575342466,0.36666666666666664,47,0.9267605633802817,0.7446808510638298,0.604915508600796,0.8474699395361626,0.25531914893617025,0.5164680851063829,0.40425531914893614,0.6170212765957447,1.441871961769795,9.818100140121278,41.908132531489365,98.18100140121278,419.08132531489366
H002_combined_factors,3,50,per_corridor,logistic,2026,0.7198862786173875,0.8111557232727309,2054,245,26,"{""C"": 0.1, ""class_weight"": ""none""}",RUB_TJS,0.808559093938692,159,0.660377358490566,0.6499118165784833,0.7694099427759612,0.21491042728525486,0.6186274405982233,0.5777777777777777,0.8235294117647058,0.26666666666666666,26,0.7982456140350878,0.8461538461538461,0.6646841558168644,0.9385006600107052,0.15384615384615385,0.5533846153846154,0.4230769230769231,0.7124999999999991,1.529051987767584,2.6245487774500016,18.38181962279615,26.245487774500017,183.8181962279615
H002_combined_factors,3,50,per_corridor,logistic,2026,0.6195313558174184,0.6924236930894465,2056,245,26,"{""C"": 0.01, ""class_weight"": ""balanced""}",RUB_UZS,0.6872859678269208,158,0.6392405063291139,0.6242834809796769,0.7287178458625029,0.23960978765790683,0.6733327693918765,0.5231891610213653,0.7692307692307693,0.09900990099009901,13,0.3991228070175439,0.7692307692307693,0.49743126004873084,0.918206209075343,0.23076923076923073,0.5164615384615385,0.38461538461538464,0.6923076923076923,1.4894250819183794,-30.32198346443846,28.43656833042308,-303.2198346443846,284.3656833042308
H002_combined_factors,3,50,per_corridor,logistic,2026,0.7165802362431576,0.8137996395270148,2056,245,26,"{""C"": 0.01, ""class_weight"": ""none""}",RUB_KGS,0.845621379001307,160,0.65625,0.6367099567099568,0.7462891840465402,0.2173499876930976,0.6242891588045522,0.49134199134199136,0.5,0.01904761904761905,4,0.12280701754385966,0.5,0.15003570882017145,0.8499642911798285,0.5,0.39,0.0,0.75,1.282051282051282,-3.869947219800001,51.178413885825,-38.69947219800001,511.78413885825006
H002_combined_factors,3,50,per_corridor,logistic,2026,0.736786912751678,0.8172804317286787,2054,245,26,"{""C"": 0.1, ""class_weight"": ""balanced""}",RUB_AMD,0.7657422893642079,160,0.68125,0.6384241770102537,0.7666954286615943,0.22788132942463452,0.6491453308471486,0.5039575463212808,0.75,0.027522935779816515,4,0.12280701754385966,0.75,0.30063605244263664,0.9544139373553638,0.25,0.5685,0.25,0.75,1.3192612137203166,-26.124279440675,20.4713573026,-261.24279440675,204.713573026
H002_combined_factors,3,50,per_corridor,logistic,2026,0.6286570075229869,0.7092328771159451,2055,245,26,"{""C"": 10.0, ""class_weight"": ""balanced""}",RUB_KZT,0.543222953482905,160,0.68125,0.5797805360676381,0.7692586029517265,0.2688886423895892,0.7436914423622735,0.5664687893506026,0.7755102040816326,0.3486238532110092,31,0.9517543859649124,0.7741935483870968,0.6018723994130262,0.886050084055012,0.22580645161290325,0.6165806451612904,0.5161290322580645,0.7419354838709677,1.255624149837815,-11.497565980674194,34.61569225490323,-114.97565980674193,346.1569225490323
H002_combined_factors,3,50,pooled_with_corridor_thresholds,logistic,2022,0.6567923040529886,0.8183148460324097,5318,1223,31,"{""C"": 0.01, ""class_weight"": ""none""}",RUB_AMD,0.8195068658134528,247,0.5708502024291497,0.6128061019670815,0.6944638259034888,0.27029380673572134,0.8090942785926312,0.5130135153218253,0.8333333333333334,0.03546099290780142,5,0.09887005649717515,0.8,0.37552826411853885,0.9637768390302125,0.19999999999999996,0.4704,0.2,0.8,1.7006802721088436,39.723503842419994,26.76528488338,397.23503842419996,267.6528488338
H002_combined_factors,3,50,pooled_with_corridor_thresholds,logistic,2022,0.6567923040529886,0.8183148460324097,5318,1223,31,"{""C"": 0.01, ""class_weight"": ""none""}",RUB_KGS,0.8310724739165232,247,0.5546558704453441,0.6360318513603185,0.6780584566191316,0.25468439390774256,0.7624825841491191,0.5018579960185799,0.6,0.021897810218978103,4,0.07909604519774012,0.5,0.15003570882017145,0.8499642911798285,0.5,0.4565,0.0,0.75,1.095290251916758,66.726043344825,112.199680782575,667.2604334482501,1121.99680782575
H002_combined_factors,3,50,pooled_with_corridor_thresholds,logistic,2022,0.6567923040529886,0.8183148460324097,5318,1223,31,"{""C"": 0.01, ""class_weight"": ""none""}",RUB_KZT,0.8652141091802933,247,0.5101214574898786,0.5828414010232192,0.6075565646495316,0.2682341214403298,0.7524358163846983,0.5,0.0,0.0,0,0.0,,,,,,,,,,,,
H002_combined_factors,3,50,pooled_with_corridor_thresholds,logistic,2022,0.6567923040529886,0.8183148460324097,5318,1223,31,"{""C"": 0.01, ""class_weight"": ""none""}",RUB_TJS,0.8239593896142478,246,0.5772357723577236,0.6075975081256773,0.6872274925412415,0.2716801719827856,0.81531930922182,0.5140845070422535,1.0,0.028169014084507043,4,0.07909604519774012,1.0,0.5100999795960008,1.0,0.0,0.455,0.0,0.75,2.1978021978021975,28.766524410250003,0.0,287.6652441025,0.0
H002_combined_factors,3,50,pooled_with_corridor_thresholds,logistic,2022,0.6567923040529886,0.8183148460324097,5318,1223,31,"{""C"": 0.01, ""class_weight"": ""none""}",RUB_UZS,0.7914298752539037,247,0.5384615384615384,0.6063184276480675,0.647704895378111,0.2686118793011133,0.8299570013344035,0.5256892230576441,0.8888888888888888,0.06015037593984962,7,0.1384180790960452,1.0,0.6456611570247934,1.0,0.0,0.4554285714285714,0.14285714285714285,0.7142857142857143,2.1957340025094103,80.57240802794286,10.7087821544,805.7240802794286,107.087821544
H002_combined_factors,3,50,pooled_with_corridor_thresholds,logistic,2023,0.5994582527972123,0.6551979340003361,6556,1219,31,"{""C"": 0.01, ""class_weight"": ""balanced""}",RUB_AMD,0.5097316645958179,247,0.7327935222672065,0.5806964674367989,0.7893986767811545,0.3423280594778365,0.9203779865157373,0.5740415201741169,0.8679245283018868,0.2541436464088398,31,0.612994350282486,0.8709677419354839,0.7114724304561464,0.9486579883535523,0.12903225806451613,0.7450967741935484,0.6451612903225806,0.8387096774193549,1.168932375097411,34.5058487611129,16.73269314662903,345.058487611129,167.3269314662903
H002_combined_factors,3,50,pooled_with_corridor_thresholds,logistic,2023,0.5994582527972123,0.6551979340003361,6556,1219,31,"{""C"": 0.01, ""class_weight"": ""balanced""}",RUB_KGS,0.6412959649432612,247,0.7489878542510121,0.5983435047951177,0.8152589442876799,0.3236730375989149,0.8686872209798182,0.5190496948561465,0.8421052631578947,0.08648648648648649,16,0.3163841807909605,0.875,0.6397666856325172,0.9650232506629429,0.125,0.730375,0.5625,0.875,1.198014718466541,5.98091949690625,15.8722166828625,59.809194969062496,158.722166828625
H002_combined_factors,3,50,pooled_with_corridor_thresholds,logistic,2023,0.5994582527972123,0.6551979340003361,6556,1219,31,"{""C"": 0.01, ""class_weight"": ""balanced""}",RUB_KZT,0.5498741761610153,247,0.6275303643724697,0.5879382889200561,0.7117620272674299,0.3091558103284738,0.8575732644263021,0.5791023842917251,0.8260869565217391,0.24516129032258063,28,0.5536723163841808,0.8928571428571429,0.7280377463234292,0.9628823079452006,0.1071428571428571,0.5927142857142856,0.4642857142857143,0.7330357142857135,1.5063870812243918,36.82959179256786,16.301279674907143,368.2959179256786,163.01279674907144
H002_combined_factors,3,50,pooled_with_corridor_thresholds,logistic,2023,0.5994582527972123,0.6551979340003361,6556,1219,31,"{""C"": 0.01, ""class_weight"": ""balanced""}",RUB_TJS,0.5799443274802608,247,0.7449392712550608,0.6125776397515529,0.8181335608752573,0.31883773357417783,0.8575637832746628,0.552924430641822,0.8604651162790697,0.20108695652173914,26,0.5141242937853108,0.8461538461538461,0.6646841558168644,0.9385006600107052,0.15384615384615385,0.7232307692307691,0.6153846153846154,0.8461538461538461,1.1699638374813872,11.666108488334617,24.559381802042306,116.66108488334618,245.59381802042307
H002_combined_factors,3,50,pooled_with_corridor_thresholds,logistic,2023,0.5994582527972123,0.6551979340003361,6556,1219,31,"{""C"": 0.01, ""class_weight"": ""balanced""}",RUB_UZS,0.530747692259658,247,0.7368421052631579,0.6243448858833474,0.8179966788364332,0.319346451519356,0.8627358963167095,0.5884615384615385,0.8909090909090909,0.2692307692307692,34,0.672316384180791,0.8823529411764706,0.7337882520370123,0.9532862902656388,0.11764705882352944,0.7178235294117646,0.6176470588235294,0.8235294117647058,1.2292059329673033,25.080043720567645,19.890185664835293,250.80043720567645,198.90185664835292
H002_combined_factors,3,50,pooled_with_corridor_thresholds,logistic,2024,0.6181928569543067,0.805114992042505,7790,1225,31,"{""C"": 1.0, ""class_weight"": ""balanced""}",RUB_AMD,0.6026083305004746,248,0.75,0.611775927852931,0.7992572651491803,0.25387897358406986,0.7018354695916381,0.5860215053763441,0.8676470588235294,0.3172043010752688,47,0.9293785310734464,0.9148936170212766,0.8006819480497736,0.9664064205302869,0.08510638297872342,0.7127234042553191,0.6382978723404256,0.8085106382978723,1.2836587258940833,4.677837130946809,11.928463199340426,46.77837130946809,119.28463199340426
H002_combined_factors,3,50,pooled_with_corridor_thresholds,logistic,2024,0.6181928569543067,0.805114992042505,7790,1225,31,"{""C"": 1.0, ""class_weight"": ""balanced""}",RUB_KGS,0.5962924399141646,248,0.7338709677419355,0.6448551448551448,0.810082169026364,0.24854195199587595,0.6906727958247895,0.6097236097236097,0.8857142857142857,0.34065934065934067,46,0.9096045197740114,0.9347826086956522,0.8249699089621864,0.9775725455336565,0.06521739130434778,0.694695652173913,0.6086956521739131,0.782608695652174,1.3456002002753786,6.321012385932609,8.125323479671739,63.21012385932609,81.2532347967174
H002_combined_factors,3,50,pooled_with_corridor_thresholds,logistic,2024,0.6181928569543067,0.805114992042505,7790,1225,31,"{""C"": 1.0, ""class_weight"": ""balanced""}",RUB_KZT,0.6675375437050493,248,0.6733870967741935,0.6575737414060767,0.7743054624460193,0.23146811183313776,0.655051684169387,0.585347822872773,0.8490566037735849,0.2694610778443114,41,0.8107344632768362,0.926829268292683,0.8057225998278871,0.9748026267474359,0.07317073170731703,0.5992682926829268,0.4878048780487805,0.7073170731707317,1.5466015466015468,13.969780655614635,11.963475571270733,139.69780655614633,119.63475571270732
H002_combined_factors,3,50,pooled_with_corridor_thresholds,logistic,2024,0.6181928569543067,0.805114992042505,7790,1225,31,"{""C"": 1.0, ""class_weight"": ""balanced""}",RUB_TJS,0.6451900047434009,248,0.7459677419354839,0.6476190476190476,0.8188946488388439,0.245074478252537,0.6833964947135599,0.5767052767052767,0.8846153846153846,0.24864864864864866,41,0.8107344632768362,0.9512195121951219,0.8386073303764864,0.9865193377174265,0.04878048780487809,0.6973658536585364,0.6097560975609756,0.8048780487804879,1.3640179071068832,5.7041057224926845,7.720124873607317,57.04105722492684,77.20124873607317
H002_combined_factors,3,50,pooled_with_corridor_thresholds,logistic,2024,0.6181928569543067,0.805114992042505,7790,1225,31,"{""C"": 1.0, ""class_weight"": ""balanced""}",RUB_UZS,0.5634343884233455,248,0.7056451612903226,0.68,0.8153345716456122,0.2366693369295785,0.6655772510344407,0.630371819960861,0.8674698795180723,0.4114285714285714,48,0.9491525423728814,0.875,0.7529927291394518,0.9414302824959915,0.125,0.6419583333333333,0.5416666666666666,0.7291666666666666,1.3630168105406635,10.346822229979166,15.206694685595833,103.46822229979166,152.06694685595835
H002_combined_factors,3,50,pooled_with_corridor_thresholds,logistic,2025,0.6557303370786517,0.809048972721859,9030,1235,31,"{""C"": 0.01, ""class_weight"": ""none""}",RUB_AMD,0.7950978164077437,247,0.611336032388664,0.7253725165562914,0.8121635195096051,0.21626903154320667,0.6177849166420039,0.6291045805739515,0.8771929824561403,0.33112582781456956,43,0.847887323943662,0.8372093023255814,0.7002730466408176,0.9188347549714246,0.16279069767441856,0.5258139534883721,0.4186046511627907,0.6511627906976745,1.592215833701902,9.557487130879071,27.733893700737205,95.57487130879072,277.338937007372
H002_combined_factors,3,50,pooled_with_corridor_thresholds,logistic,2025,0.6557303370786517,0.809048972721859,9030,1235,31,"{""C"": 0.01, ""class_weight"": ""none""}",RUB_KGS,0.7925616477040639,247,0.6396761133603239,0.7188877826767174,0.8125430004868306,0.20853579994227392,0.602513418071278,0.6101194709145215,0.8596491228070176,0.310126582278481,42,0.828169014084507,0.8095238095238095,0.6669893264500356,0.9001811039014356,0.19047619047619047,0.5626190476190476,0.4523809523809524,0.6666666666666666,1.4388489208633095,17.25896018305238,27.849837001373803,172.5896018305238,278.49837001373805
H002_combined_factors,3,50,pooled_with_corridor_thresholds,logistic,2025,0.6557303370786517,0.809048972721859,9030,1235,31,"{""C"": 0.01, ""class_weight"": ""none""}",RUB_KZT,0.7500206458237143,247,0.6072874493927125,0.6488659793814433,0.7144483726559211,0.22931560022923125,0.6521561545362821,0.5953951890034365,0.7532467532467533,0.38666666666666666,48,0.9464788732394366,0.75,0.6121535625207292,0.8507951119028997,0.25,0.5131666666666667,0.3958333333333333,0.625,1.4615134784020787,10.645323702604168,39.06643357265625,106.45323702604168,390.6643357265625
H002_combined_factors,3,50,pooled_with_corridor_thresholds,logistic,2025,0.6557303370786517,0.809048972721859,9030,1235,31,"{""C"": 0.01, ""class_weight"": ""none""}",RUB_TJS,0.7669882903330476,247,0.6680161943319838,0.6984478935698448,0.8124495808458436,0.20293437196533912,0.5919837414723851,0.5904286770140429,0.8115942028985508,0.3393939393939394,48,0.9464788732394366,0.7708333333333334,0.6346046409154885,0.8669230897101095,0.22916666666666663,0.5940833333333334,0.5,0.6875,1.2975171833356711,7.700799066554166,37.6920196612125,77.00799066554166,376.920196612125
H002_combined_factors,3,50,pooled_with_corridor_thresholds,logistic,2025,0.6557303370786517,0.809048972721859,9030,1235,31,"{""C"": 0.01, ""class_weight"": ""none""}",RUB_UZS,0.79131673713971,247,0.5668016194331984,0.634045393858478,0.7080828884801018,0.2431953652754709,0.680439650874105,0.5689252336448598,0.7446808510638298,0.25,41,0.8084507042253521,0.7317073170731707,0.5806617472399707,0.8430519471866332,0.2682926829268293,0.5001951219512195,0.3902439024390244,0.6097560975609756,1.462843768285547,14.688768367636587,34.955376459673175,146.88768367636587,349.55376459673175
H002_combined_factors,3,50,pooled_with_corridor_thresholds,logistic,2026,0.6894862221020798,0.7747610003453103,10275,1225,31,"{""C"": 0.01, ""class_weight"": ""balanced""}",RUB_AMD,0.7404285918134429,160,0.68125,0.6252923187623673,0.7547910052569157,0.23601449217192272,0.6664289186591891,0.5033279366792589,0.7142857142857143,0.045871559633027525,7,0.2149122807017544,0.7142857142857143,0.35892909014821267,0.9177828342909845,0.2857142857142857,0.594,0.2857142857142857,0.8571428571428571,1.2025012025012025,-15.02749908832857,27.041196121142857,-150.27499088328568,270.41196121142855
H002_combined_factors,3,50,pooled_with_corridor_thresholds,logistic,2026,0.6894862221020798,0.7747610003453103,10275,1225,31,"{""C"": 0.01, ""class_weight"": ""balanced""}",RUB_KGS,0.5131736485679771,160,0.65625,0.6477922077922078,0.7671290456459052,0.23097086807269349,0.6554322327909607,0.6207792207792208,0.782608695652174,0.5142857142857142,33,1.0131578947368423,0.7272727272727273,0.5578211674561319,0.8493272734367718,0.2727272727272727,0.600969696969697,0.48484848484848486,0.7272727272727273,1.2101653892698667,-4.898516554018181,37.93623136001515,-48.98516554018182,379.3623136001515
H002_combined_factors,3,50,pooled_with_corridor_thresholds,logistic,2026,0.6894862221020798,0.7747610003453103,10275,1225,31,"{""C"": 0.01, ""class_weight"": ""balanced""}",RUB_KZT,0.5531477146082047,160,0.68125,0.6028062601187264,0.7632814223608267,0.2528061515113606,0.7032416231720713,0.5985788810937219,0.8035714285714286,0.41284403669724773,31,0.9517543859649124,0.8387096774193549,0.6736529727502113,0.9290748009456007,0.16129032258064513,0.6178064516129032,0.4838709677419355,0.7419354838709677,1.357560568086884,1.0947566542677434,25.986056536138705,10.947566542677434,259.86056536138705
H002_combined_factors,3,50,pooled_with_corridor_thresholds,logistic,2026,0.6894862221020798,0.7747610003453103,10275,1225,31,"{""C"": 0.01, ""class_weight"": ""balanced""}",RUB_TJS,0.6922294855385989,159,0.660377358490566,0.6432098765432099,0.7684064108976765,0.23128539258670255,0.6563314576719252,0.548941798941799,0.8,0.19047619047619047,23,0.7061403508771931,0.782608695652174,0.5809611981726508,0.9033616439828095,0.21739130434782605,0.5377391304347826,0.391304347826087,0.674999999999999,1.4553686934023287,-5.130289082139131,22.76499441034348,-51.302890821391316,227.64994410343476
H002_combined_factors,3,50,pooled_with_corridor_thresholds,logistic,2026,0.6894862221020798,0.7747610003453103,10275,1225,31,"{""C"": 0.01, ""class_weight"": ""balanced""}",RUB_UZS,0.7118868012391907,158,0.6392405063291139,0.6241097793989925,0.725151089014363,0.2412173393014671,0.6778729604551057,0.504516241097794,0.6666666666666666,0.07920792079207921,12,0.368421052631579,0.6666666666666666,0.3906175873976139,0.8618821601026386,0.33333333333333337,0.5488333333333334,0.4166666666666667,0.7104166666666647,1.214697843911327,-11.665745807558336,37.63039125026666,-116.65745807558335,376.3039125026666
H006_add_derivatives,3,50,per_corridor,logistic,2022,0.6687922855587527,0.8099563121722342,1064,244,36,"{""C"": 0.01, ""class_weight"": ""none""}",RUB_TJS,0.7754190334908398,246,0.5772357723577236,0.6392876489707476,0.7216213584190604,0.25115090748755703,0.7297856240966554,0.5070422535211268,1.0,0.014084507042253521,2,0.03954802259887006,1.0,0.3423719528896193,1.0,0.0,0.64,0.0,1.0,1.5625,125.85023654890001,0.0,1258.502365489,0.0
H006_add_derivatives,3,50,per_corridor,logistic,2022,0.6376043673731535,0.8120699818616706,1064,245,36,"{""C"": 0.1, ""class_weight"": ""none""}",RUB_UZS,0.8099385190928567,247,0.5384615384615384,0.6360638438200764,0.6782759718344042,0.2622258307368777,0.813629203583853,0.5457393483709273,0.782608695652174,0.13533834586466165,15,0.2966101694915254,0.8,0.5481406466534955,0.9295257935638959,0.19999999999999996,0.354,0.2,0.5333333333333333,2.2598870056497176,-3.8796877806933314,57.94493844015333,-38.79687780693331,579.4493844015333
H006_add_derivatives,3,50,per_corridor,logistic,2022,0.6728787878787877,0.8073541159906646,1064,245,36,"{""C"": 0.01, ""class_weight"": ""none""}",RUB_KGS,0.8442406503020214,247,0.5546558704453441,0.6944923689449237,0.7587700700773631,0.23316500200035734,0.6963914675475661,0.5,0.0,0.0,0,0.0,,,,,,,,,,,,
H006_add_derivatives,3,50,per_corridor,logistic,2022,0.6788063909774436,0.8347632758332773,1063,244,36,"{""C"": 0.01, ""class_weight"": ""balanced""}",RUB_AMD,0.6931666761449925,247,0.5708502024291497,0.6190285026093938,0.674248637948341,0.32958293956756274,0.9909978212146806,0.5,0.0,0.0,0,0.0,,,,,,,,,,,,
H006_add_derivatives,3,50,per_corridor,logistic,2022,0.672233300099701,0.8444545028757958,1063,245,36,"{""C"": 10.0, ""class_weight"": ""none""}",RUB_KZT,0.8401863640847652,247,0.5101214574898786,0.6410205955660501,0.6563915964002864,0.3108640587051905,1.152466177152617,0.535550308277581,0.9090909090909091,0.07936507936507936,7,0.1384180790960452,0.8571428571428571,0.4868654966809702,0.9743210440510253,0.1428571428571429,0.5148571428571428,0.2107142857142859,0.8571428571428571,1.6648168701442843,75.53485522472859,57.7274020258,755.3485522472859,577.274020258
H006_add_derivatives,3,50,per_corridor,logistic,2023,0.6252955082742317,0.7124527148687185,1311,243,36,"{""C"": 0.01, ""class_weight"": ""balanced""}",RUB_TJS,0.508327873011522,247,0.7449392712550608,0.5933402346445825,0.7995090676433483,0.29523150760604927,0.7929630028381319,0.5918305728088337,0.863013698630137,0.3423913043478261,36,0.711864406779661,0.8055555555555556,0.6497163793648479,0.9024702798054665,0.19444444444444442,0.7167222222222221,0.6111111111111112,0.8055555555555556,1.1239438803193553,24.950411024886115,29.125597207625,249.50411024886114,291.25597207625003
H006_add_derivatives,3,50,per_corridor,logistic,2023,0.636431277056277,0.6777751996109952,1312,244,36,"{""C"": 10.0, ""class_weight"": ""none""}",RUB_UZS,0.8219049604041191,247,0.7368421052631579,0.6472527472527472,0.8284845242663506,0.2169320583838548,0.6232104683950466,0.5340659340659341,0.9,0.0989010989010989,14,0.2768361581920904,0.9285714285714286,0.6853073044604219,0.9872781138877085,0.0714285714285714,0.8180000000000001,0.6428571428571429,0.9285714285714286,1.1351728955640936,3.3663030101999993,13.802982820735716,33.66303010199999,138.02982820735716
H006_add_derivatives,3,50,per_corridor,logistic,2023,0.687840413943355,0.7564168962876926,1312,244,36,"{""C"": 0.01, ""class_weight"": ""balanced""}",RUB_KGS,0.5332155258363128,247,0.7489878542510121,0.5875326939843069,0.8154801196862402,0.31045678523984865,0.8291444574742063,0.5732345248474281,0.8823529411764706,0.24324324324324326,33,0.652542372881356,0.8787878787878788,0.7267415674973484,0.9518391673241577,0.12121212121212122,0.7406666666666667,0.6363636363636364,0.8484848484848485,1.1864822845920955,25.203288266387876,17.374001013066668,252.03288266387875,173.7400101306667
H006_add_derivatives,3,50,per_corridor,logistic,2023,0.6125,0.6831486695041242,1310,244,36,"{""C"": 0.1, ""class_weight"": ""none""}",RUB_AMD,0.591468791902827,247,0.7327935222672065,0.55700652938222,0.7826752856162376,0.3029577240525824,0.8248651253125224,0.5761761258998828,0.8461538461538461,0.30386740331491713,31,0.612994350282486,0.7741935483870968,0.6018723994130262,0.886050084055012,0.22580645161290325,0.7450967741935484,0.6451612903225806,0.8387096774193549,1.0390510000865876,42.8355853424871,26.795708227054842,428.355853424871,267.9570822705484
H006_add_derivatives,3,50,per_corridor,logistic,2023,0.6494789915966387,0.6922171611170898,1311,244,36,"{""C"": 0.1, ""class_weight"": ""none""}",RUB_KZT,0.7838507174022904,247,0.6275303643724697,0.5860448807854137,0.705233597519977,0.2602265926942542,0.7311184166175265,0.5349579242636746,0.7428571428571429,0.16774193548387098,23,0.4548022598870057,0.6521739130434783,0.4488997690689163,0.8118894536301776,0.34782608695652173,0.5649565217391305,0.43478260869565216,0.6956521739130435,1.154378944128059,38.36445697832174,49.1102199627826,383.64456978321743,491.102199627826
H006_add_derivatives,3,50,per_corridor,logistic,2024,0.6289441212762208,0.8374040682366133,1557,245,36,"{""C"": 10.0, ""class_weight"": ""balanced""}",RUB_TJS,0.6991962330474215,248,0.7459677419354839,0.6399828399828399,0.8141823319575822,0.25067378392165623,0.696587804613548,0.5008580008580008,0.75,0.08108108108108109,15,0.2966101694915254,0.8,0.5481406466534955,0.9295257935638959,0.19999999999999996,0.7,0.5333333333333333,0.8666666666666667,1.142857142857143,17.41909433556667,18.59894905286,174.1909433556667,185.98949052860002
H006_add_derivatives,3,50,per_corridor,logistic,2024,0.6545234806629834,0.8414694495152282,1559,245,36,"{""C"": 0.01, ""class_weight"": ""balanced""}",RUB_UZS,0.5812363715846077,248,0.7056451612903226,0.6829745596868884,0.8326167742626966,0.223900346248403,0.6386068794389476,0.6229745596868884,0.8404255319148937,0.4514285714285714,48,0.9491525423728814,0.8333333333333334,0.7042189996260375,0.9130458996054678,0.16666666666666663,0.640875,0.5416666666666666,0.7291666666666666,1.3003055718093752,5.843283520670834,21.143396495837504,58.43283520670833,211.43396495837504
H006_add_derivatives,3,50,per_corridor,logistic,2024,0.5926585887384177,0.8232900811455471,1559,245,36,"{""C"": 0.01, ""class_weight"": ""balanced""}",RUB_KGS,0.5511034283660992,248,0.7338709677419355,0.6471028971028971,0.8167200055692629,0.24889938737008296,0.6916543324872323,0.6241258741258742,0.8860759493670886,0.38461538461538464,46,0.9096045197740114,0.9347826086956522,0.8249699089621864,0.9775725455336565,0.06521739130434778,0.6978260869565217,0.6086956521739131,0.782608695652174,1.339563862928349,15.880335167595648,17.888132446576087,158.8033516759565,178.88132446576085
H006_add_derivatives,3,50,per_corridor,logistic,2024,0.5914529914529915,0.8133249577176771,1557,245,36,"{""C"": 1.0, ""class_weight"": ""none""}",RUB_AMD,0.769558851853577,248,0.75,0.5829864724245578,0.7950116357193879,0.20277419226703644,0.5937859146166887,0.5564516129032258,0.8490566037735849,0.24193548387096775,39,0.7711864406779662,0.9230769230769231,0.7967862687194474,0.9734930859265043,0.07692307692307687,0.6949230769230769,0.6153846153846154,0.7948717948717948,1.3283152534868277,6.817752249725641,7.047280456925641,68.1775224972564,70.47280456925641
H006_add_derivatives,3,50,per_corridor,logistic,2024,0.6415885194657575,0.7483947048272761,1558,245,36,"{""C"": 0.01, ""class_weight"": ""balanced""}",RUB_KZT,0.5569758735663366,248,0.6733870967741935,0.6626007244769719,0.7764640903010672,0.24211977894998674,0.6772049390700592,0.6205367043690397,0.8441558441558441,0.38922155688622756,45,0.8898305084745763,0.8888888888888888,0.7650062450910905,0.9515959956217444,0.11111111111111116,0.606711111111111,0.5111111111111111,0.7111111111111111,1.4650941322980005,20.02211255415111,12.62536169007778,200.2211255415111,126.2536169007778
H006_add_derivatives,3,50,per_corridor,logistic,2025,0.6422532781228434,0.8207483027372482,1805,247,36,"{""C"": 10.0, ""class_weight"": ""none""}",RUB_TJS,0.7843553093113933,247,0.6680161943319838,0.6883222468588321,0.7985663465058049,0.20249315345386737,0.5919272720389476,0.5753880266075388,0.8181818181818182,0.2727272727272727,39,0.7690140845070422,0.8205128205128205,0.6733164837555724,0.9102284818853,0.17948717948717952,0.6092820512820513,0.48717948717948717,0.717948717948718,1.346687989226496,9.34495009641282,31.87118081617692,93.4495009641282,318.7118081617692
H006_add_derivatives,3,50,per_corridor,logistic,2025,0.6842229570146434,0.840361375337271,1807,247,36,"{""C"": 0.01, ""class_weight"": ""balanced""}",RUB_UZS,0.6809262635319431,247,0.5668016194331984,0.6213618157543391,0.7016535025915893,0.23820489847416013,0.6688629118697779,0.5469626168224299,0.7777777777777778,0.15,25,0.49295774647887325,0.76,0.5656994004476144,0.8850384226967326,0.24,0.4562400000000001,0.32,0.6,1.6657899351218655,-19.581299983776,29.678061796416003,-195.81299983776,296.78061796416
H006_add_derivatives,3,50,per_corridor,logistic,2025,0.6541101623974551,0.8223850578487886,1807,247,36,"{""C"": 0.01, ""class_weight"": ""balanced""}",RUB_KGS,0.5863663238749668,247,0.6396761133603239,0.702318304650832,0.8044389529382721,0.218313086079747,0.6271483175527565,0.6316313468923339,0.813953488372093,0.4430379746835443,49,0.9661971830985915,0.7551020408163265,0.619134127396842,0.8539779661052471,0.24489795918367352,0.5537551020408163,0.4489795918367347,0.6530612244897959,1.3636028598805925,17.381479446771426,37.29591862129592,173.81479446771428,372.9591862129592
H006_add_derivatives,3,50,per_corridor,logistic,2025,0.6049694856146469,0.8023409443079781,1805,247,36,"{""C"": 0.01, ""class_weight"": ""none""}",RUB_AMD,0.7227307311659293,247,0.611336032388664,0.7331677704194262,0.8188217869981451,0.21778227178076592,0.6208408441740041,0.6579056291390728,0.8085106382978723,0.5033112582781457,48,0.9464788732394366,0.7291666666666666,0.5900276538379887,0.834341964383671,0.27083333333333337,0.5109583333333333,0.4166666666666667,0.625,1.4270570007339152,15.834296464245837,40.02164832424375,158.34296464245836,400.21648324243745
H006_add_derivatives,3,50,per_corridor,logistic,2025,0.6732113639744162,0.7877892763562121,1806,247,36,"{""C"": 0.01, ""class_weight"": ""none""}",RUB_KZT,0.7381157310741362,247,0.6072874493927125,0.6309278350515464,0.7072156687968575,0.23369696494111034,0.6612525702126959,0.6023711340206186,0.7702702702702703,0.38,47,0.9267605633802817,0.7659574468085106,0.6277546774315923,0.8639686357607541,0.23404255319148937,0.5164680851063829,0.40425531914893614,0.6170212765957447,1.4830683035346464,15.148024122246811,38.51679674312341,151.48024122246812,385.16796743123405
H006_add_derivatives,3,50,per_corridor,logistic,2026,0.7201855454137364,0.808944528368353,2054,245,36,"{""C"": 0.1, ""class_weight"": ""none""}",RUB_TJS,0.7972921113321958,159,0.660377358490566,0.652557319223986,0.7715601866457761,0.21443547692838855,0.6174335945819076,0.5920634920634921,0.8378378378378378,0.29523809523809524,28,0.8596491228070176,0.8571428571428571,0.6850982695512267,0.9430108706929821,0.1428571428571429,0.5752857142857142,0.4642857142857143,0.7142857142857143,1.489942885522722,7.723899598817857,17.068832506882142,77.23899598817857,170.6883250688214
H006_add_derivatives,3,50,per_corridor,logistic,2026,0.6249492076391711,0.6991764691500771,2056,245,36,"{""C"": 0.01, ""class_weight"": ""balanced""}",RUB_UZS,0.693842403845181,158,0.6392405063291139,0.623414973076255,0.7303153089098994,0.23936958136855527,0.6729310471460367,0.5182386659718603,0.75,0.0891089108910891,12,0.368421052631579,0.75,0.4676896608793401,0.9110599603710388,0.25,0.5481666666666667,0.3729166666666668,0.75,1.3681970203709333,-30.655087408741664,30.806282357958334,-306.5508740874167,308.0628235795834
H006_add_derivatives,3,50,per_corridor,logistic,2026,0.7149236531259004,0.8125191601300714,2056,245,36,"{""C"": 0.01, ""class_weight"": ""balanced""}",RUB_KGS,0.7372892195606867,160,0.65625,0.6363636363636365,0.7546368865569348,0.23346134628971676,0.6604057171467983,0.5008658008658009,0.6666666666666666,0.0380952380952381,6,0.1842105263157895,0.6666666666666666,0.2999883213415286,0.903230667440783,0.33333333333333337,0.4126666666666667,0.0,0.8333333333333334,1.615508885298869,23.856993140416666,34.11894259055,238.56993140416668,341.1894259055
H006_add_derivatives,3,50,per_corridor,logistic,2026,0.7443372483221478,0.8248189037309035,2054,245,36,"{""C"": 10.0, ""class_weight"": ""balanced""}",RUB_AMD,0.7714700191107706,160,0.68125,0.6207951070336392,0.759435750986952,0.22927568192665015,0.6516623151717075,0.4987407807159561,0.6666666666666666,0.03669724770642202,6,0.1842105263157895,0.6666666666666666,0.2999883213415286,0.903230667440783,0.33333333333333337,0.5286666666666666,0.16666666666666666,0.8333333333333334,1.2610340479192939,-12.20896475475,30.524719993549997,-122.0896475475,305.24719993549996
H006_add_derivatives,3,50,per_corridor,logistic,2026,0.6400111451657844,0.7102376848237673,2055,245,36,"{""C"": 0.01, ""class_weight"": ""balanced""}",RUB_KZT,0.6204605947358767,160,0.68125,0.5788810937218924,0.7668458340133455,0.2629705394723089,0.7239806501338817,0.557114588954848,0.84,0.1926605504587156,21,0.6447368421052632,0.8095238095238095,0.599990134607267,0.923325593848227,0.19047619047619047,0.5367619047619047,0.38095238095238093,0.7142857142857143,1.5081618168914126,1.8482131120666683,29.978142910614288,18.482131120666683,299.78142910614287
H006_add_derivatives,3,50,pooled_with_corridor_thresholds,logistic,2022,0.6560227093518373,0.8178273303188692,5318,1223,41,"{""C"": 0.01, ""class_weight"": ""none""}",RUB_AMD,0.824042198798398,247,0.5708502024291497,0.6125384718319282,0.6923373487826892,0.27199761670963035,0.813718179130921,0.5177304964539007,1.0,0.03546099290780142,5,0.09887005649717515,1.0,0.565508505247919,1.0000000000000002,0.0,0.4704,0.2,0.8,2.1258503401360547,59.24965174622,6.36227812448,592.4965174622,63.62278124480001
H006_add_derivatives,3,50,pooled_with_corridor_thresholds,logistic,2022,0.6560227093518373,0.8178273303188692,5318,1223,41,"{""C"": 0.01, ""class_weight"": ""none""}",RUB_KGS,0.8061761753334049,247,0.5546558704453441,0.6334439283344393,0.6751110167334808,0.2546723755537968,0.7614223069177627,0.5201061712010617,0.8,0.058394160583941604,7,0.1384180790960452,0.8571428571428571,0.4868654966809702,0.9743210440510253,0.1428571428571429,0.4614285714285714,0.14285714285714285,0.7142857142857143,1.8575851393188854,56.04237735492857,56.926772572828575,560.4237735492857,569.2677257282858
H006_add_derivatives,3,50,pooled_with_corridor_thresholds,logistic,2022,0.6560227093518373,0.8178273303188692,5318,1223,41,"{""C"": 0.01, ""class_weight"": ""none""}",RUB_KZT,0.8619300912349863,247,0.5101214574898786,0.5829725829725829,0.6077325533153101,0.26888140570494723,0.7548092435317791,0.503968253968254,1.0,0.007936507936507936,1,0.01977401129943503,1.0,0.20654329147389294,1.0,0.0,0.502,0.0,1.0,1.9920318725099602,181.3289226488,0.0,1813.2892264879997,0.0
H006_add_derivatives,3,50,pooled_with_corridor_thresholds,logistic,2022,0.6560227093518373,0.8178273303188692,5318,1223,41,"{""C"": 0.01, ""class_weight"": ""none""}",RUB_TJS,0.8270265690560871,246,0.5772357723577236,0.6019772481040088,0.6842191852331883,0.2749792430015071,0.8225481691189309,0.5105633802816901,1.0,0.02112676056338028,3,0.059322033898305086,1.0,0.4384939195509822,1.0,0.0,0.5986666666666667,0.0,1.0,1.6703786191536747,11.877035369000003,0.0,118.77035369000004,0.0
H006_add_derivatives,3,50,pooled_with_corridor_thresholds,logistic,2022,0.6560227093518373,0.8178273303188692,5318,1223,41,"{""C"": 0.01, ""class_weight"": ""none""}",RUB_UZS,0.7884867163130422,247,0.5384615384615384,0.6056588840522359,0.6476393743170088,0.2691862836750899,0.8310802600684714,0.5213032581453634,0.8,0.06015037593984962,7,0.1384180790960452,0.8571428571428571,0.4868654966809702,0.9743210440510253,0.1428571428571429,0.4554285714285714,0.14285714285714285,0.7142857142857143,1.8820577164366374,51.591492991528575,46.570323525657145,515.9149299152857,465.7032352565714
H006_add_derivatives,3,50,pooled_with_corridor_thresholds,logistic,2023,0.6338687283913647,0.700266488873031,6556,1219,41,"{""C"": 10.0, ""class_weight"": ""balanced""}",RUB_AMD,0.603477302313272,247,0.7327935222672065,0.5757575757575758,0.7912968078929326,0.36068212520636816,0.9781130679695257,0.5125565042692114,0.7777777777777778,0.11602209944751381,19,0.37570621468926557,0.7894736842105263,0.5666528575973391,0.9149246150840842,0.21052631578947367,0.7269473684210525,0.5789473684210527,0.8421052631578947,1.0860121633362296,12.601826091010523,22.549965479257892,126.01826091010521,225.49965479257895
H006_add_derivatives,3,50,pooled_with_corridor_thresholds,logistic,2023,0.6338687283913647,0.700266488873031,6556,1219,41,"{""C"": 10.0, ""class_weight"": ""balanced""}",RUB_KGS,0.560781201202948,247,0.7489878542510121,0.5911944202266783,0.8170869168546857,0.33983902266032395,0.9155136918174794,0.5489537925021796,0.8478260869565217,0.21081081081081082,29,0.5734463276836158,0.8275862068965517,0.6545119942718489,0.9240225472852006,0.1724137931034483,0.7484137931034484,0.6551724137931034,0.8620689655172413,1.1057869517139696,17.82730027902414,25.062159144248273,178.2730027902414,250.62159144248272
H006_add_derivatives,3,50,pooled_with_corridor_thresholds,logistic,2023,0.6338687283913647,0.700266488873031,6556,1219,41,"{""C"": 10.0, ""class_weight"": ""balanced""}",RUB_KZT,0.5420189082844274,247,0.6275303643724697,0.5852033660589061,0.7223200485844781,0.32564092415085333,0.918062671487709,0.5684081346423562,0.825,0.2129032258064516,24,0.4745762711864407,0.875,0.6899571185214244,0.9565574496068442,0.125,0.57825,0.4583333333333333,0.7083333333333334,1.5131863380890618,30.869846480825004,17.0662782289125,308.69846480825004,170.66278228912498
H006_add_derivatives,3,50,pooled_with_corridor_thresholds,logistic,2023,0.6338687283913647,0.700266488873031,6556,1219,41,"{""C"": 10.0, ""class_weight"": ""balanced""}",RUB_TJS,0.55162138777908,247,0.7449392712550608,0.6049861973775017,0.8192659633357852,0.3332315782986514,0.8997804382404972,0.553355762594893,0.8431372549019608,0.23369565217391305,30,0.5932203389830508,0.8,0.6269395261897257,0.9049502189759876,0.19999999999999996,0.7178666666666665,0.6,0.8333333333333334,1.1144130757800894,16.350969227473332,26.145575925079996,163.5096922747333,261.45575925079993
H006_add_derivatives,3,50,pooled_with_corridor_thresholds,logistic,2023,0.6338687283913647,0.700266488873031,6556,1219,41,"{""C"": 10.0, ""class_weight"": ""balanced""}",RUB_UZS,0.5389088489836811,247,0.7368421052631579,0.6189349112426036,0.8222537686388488,0.3323084391211226,0.9018596502888334,0.6016483516483517,0.9107142857142857,0.2802197802197802,33,0.652542372881356,0.9090909090909091,0.7642705646564896,0.968596628950737,0.09090909090909094,0.7170303030303031,0.6363636363636364,0.8181818181818182,1.267855633505198,35.656420836033334,13.64388753547576,356.56420836033334,136.4388753547576
H006_add_derivatives,3,50,pooled_with_corridor_thresholds,logistic,2024,0.624584246231819,0.8132035998849066,7790,1225,41,"{""C"": 10.0, ""class_weight"": ""balanced""}",RUB_AMD,0.6235182082857409,248,0.75,0.6049254249046133,0.8033348163809733,0.2544333405637233,0.7027087541189182,0.5779569892473119,0.8688524590163934,0.2849462365591398,44,0.8700564971751413,0.9090909090909091,0.7884048060208251,0.9640783885211635,0.09090909090909094,0.7189090909090909,0.6363636363636364,0.8181818181818182,1.2645422357106726,6.9472942551250005,10.700329163447728,69.47294255125001,107.00329163447728
H006_add_derivatives,3,50,pooled_with_corridor_thresholds,logistic,2024,0.624584246231819,0.8132035998849066,7790,1225,41,"{""C"": 10.0, ""class_weight"": ""balanced""}",RUB_KGS,0.6093788153197304,248,0.7338709677419355,0.6434398934398934,0.8203933915372115,0.2468147347639499,0.6869859642775339,0.6063103563103562,0.8923076923076924,0.31868131868131866,45,0.8898305084745763,0.9555555555555556,0.8517222081611939,0.9877261309595557,0.0444444444444444,0.6958666666666666,0.6,0.7777777777777778,1.3731877115667115,6.058502584964443,6.860067488008888,60.58502584964443,68.60067488008889
H006_add_derivatives,3,50,pooled_with_corridor_thresholds,logistic,2024,0.624584246231819,0.8132035998849066,7790,1225,41,"{""C"": 10.0, ""class_weight"": ""balanced""}",RUB_KZT,0.6746307899427968,248,0.6733870967741935,0.6702890515265764,0.7879351659199181,0.23029257661286234,0.6522005704672666,0.5825386264508021,0.8571428571428571,0.25149700598802394,37,0.731638418079096,0.918918918918919,0.7869900750149847,0.9720399336036787,0.08108108108108103,0.5972972972972973,0.4864864864864865,0.7297297297297297,1.5384615384615385,14.184324962078378,15.638265004145948,141.84324962078378,156.38265004145947
H006_add_derivatives,3,50,pooled_with_corridor_thresholds,logistic,2024,0.624584246231819,0.8132035998849066,7790,1225,41,"{""C"": 10.0, ""class_weight"": ""balanced""}",RUB_TJS,0.6857906648392312,248,0.7459677419354839,0.6478764478764478,0.8270667509432292,0.24446338916545646,0.6819863874609643,0.5280566280566281,0.8235294117647058,0.15135135135135136,28,0.5536723163841808,0.8571428571428571,0.6850982695512267,0.9430108706929821,0.1428571428571429,0.6660714285714285,0.5714285714285714,0.7857142857142857,1.2868632707774799,9.050055545614287,14.337486714096428,90.50055545614286,143.37486714096428
H006_add_derivatives,3,50,pooled_with_corridor_thresholds,logistic,2024,0.624584246231819,0.8132035998849066,7790,1225,41,"{""C"": 10.0, ""class_weight"": ""balanced""}",RUB_UZS,0.5749576295407194,248,0.7056451612903226,0.6731898238747553,0.8225461440136957,0.23825278824850593,0.6687894347121667,0.6509197651663405,0.9,0.4114285714285714,47,0.9293785310734464,0.9148936170212766,0.8006819480497736,0.9664064205302869,0.08510638297872342,0.6367659574468084,0.5319148936170213,0.7345744680851058,1.4367816091954024,13.360101981165958,12.731031462889364,133.6010198116596,127.31031462889365
H006_add_derivatives,3,50,pooled_with_corridor_thresholds,logistic,2025,0.6557303370786517,0.817337227701405,9030,1235,41,"{""C"": 10.0, ""class_weight"": ""none""}",RUB_AMD,0.7959385136319179,247,0.611336032388664,0.7256484547461368,0.8108156906159933,0.21497582049449038,0.6144102711497414,0.6310016556291391,0.8909090909090909,0.32450331125827814,42,0.828169014084507,0.8571428571428571,0.7215861764782122,0.9328412431581007,0.1428571428571429,0.529,0.4160714285714286,0.6428571428571429,1.6203078584931134,19.257470068988095,23.006736435059526,192.57470068988096,230.06736435059528
H006_add_derivatives,3,50,pooled_with_corridor_thresholds,logistic,2025,0.6557303370786517,0.817337227701405,9030,1235,41,"{""C"": 10.0, ""class_weight"": ""none""}",RUB_KGS,0.7897840646258232,247,0.6396761133603239,0.7150476461385294,0.8066046100969482,0.2079193139760966,0.6011625107575469,0.602048072820367,0.8333333333333334,0.31645569620253167,43,0.847887323943662,0.813953488372093,0.6738270676469403,0.9025836441989402,0.18604651162790697,0.5638604651162791,0.46511627906976744,0.6744186046511628,1.4435370782809536,22.65733696543721,27.83617331123953,226.5733696543721,278.3617331123953
H006_add_derivatives,3,50,pooled_with_corridor_thresholds,logistic,2025,0.6557303370786517,0.817337227701405,9030,1235,41,"{""C"": 10.0, ""class_weight"": ""none""}",RUB_KZT,0.7796549555120276,247,0.6072874493927125,0.6430927835051546,0.7095141632119519,0.22987338473466407,0.6549597533344262,0.582680412371134,0.7619047619047619,0.32,45,0.8873239436619718,0.7777777777777778,0.637304262026367,0.8745544813399436,0.2222222222222222,0.5129777777777776,0.4,0.6222222222222222,1.5162016981459023,12.396674910531114,33.58352206810889,123.96674910531114,335.8352206810889
H006_add_derivatives,3,50,pooled_with_corridor_thresholds,logistic,2025,0.6557303370786517,0.817337227701405,9030,1235,41,"{""C"": 10.0, ""class_weight"": ""none""}",RUB_TJS,0.7553846341529358,247,0.6680161943319838,0.6818181818181819,0.7984008566452414,0.2047495630805857,0.5959866115224963,0.5934220251293422,0.8082191780821918,0.3575757575757576,47,0.9267605633802817,0.7872340425531915,0.6509569794902074,0.8801041987575269,0.21276595744680848,0.5845106382978723,0.48936170212765956,0.6920212765957442,1.346825859056494,11.28395902,38.83842518365532,112.8395902,388.3842518365532
H006_add_derivatives,3,50,pooled_with_corridor_thresholds,logistic,2025,0.6557303370786517,0.817337227701405,9030,1235,41,"{""C"": 10.0, ""class_weight"": ""none""}",RUB_UZS,0.7622751658634281,247,0.5668016194331984,0.62456608811749,0.7145028004364393,0.2432222944136858,0.6792069021060477,0.580173564753004,0.71875,0.32857142857142857,45,0.8873239436619718,0.6666666666666666,0.520702168092554,0.7864130779272324,0.33333333333333337,0.49911111111111106,0.4,0.6,1.3357079252003563,18.746096566242223,42.89737766250445,187.4609656624222,428.9737766250445
H006_add_derivatives,3,50,pooled_with_corridor_thresholds,logistic,2026,0.6909363789442857,0.772938013659807,10275,1225,41,"{""C"": 0.01, ""class_weight"": ""balanced""}",RUB_AMD,0.7441114086657313,160,0.68125,0.6227738801942796,0.755474322839313,0.23685710248962089,0.6680684768005005,0.49415362475265334,0.6,0.027522935779816515,5,0.15350877192982457,0.6,0.23071993220883702,0.8823817688407467,0.4,0.5396,0.2,0.8,1.1119347664936992,-20.32951647686,37.8576745696,-203.2951647686,378.576745696
H006_add_derivatives,3,50,pooled_with_corridor_thresholds,logistic,2026,0.6909363789442857,0.772938013659807,10275,1225,41,"{""C"": 0.01, ""class_weight"": ""balanced""}",RUB_KGS,0.5109383646481443,160,0.65625,0.6439826839826839,0.7696802042995703,0.23135087516607503,0.656059346070132,0.6168831168831168,0.7702702702702703,0.5428571428571428,33,1.0131578947368423,0.696969696969697,0.5266154602526555,0.8262465218545277,0.303030303030303,0.600969696969697,0.48484848484848486,0.7272727272727273,1.1597418313836223,-4.520728150875758,35.141571584696976,-45.20728150875758,351.41571584696976
H006_add_derivatives,3,50,pooled_with_corridor_thresholds,logistic,2026,0.6909363789442857,0.772938013659807,10275,1225,41,"{""C"": 0.01, ""class_weight"": ""balanced""}",RUB_KZT,0.576972247768306,160,0.68125,0.6065839179708581,0.7690298364834427,0.25197858205634943,0.7009422821496564,0.5906637884511603,0.8125,0.3577981651376147,30,0.9210526315789475,0.8666666666666667,0.7031831605558306,0.9469043057578189,0.1333333333333333,0.6117333333333332,0.5,0.7333333333333333,1.4167393199651266,-1.264959410516667,21.317057110733334,-12.64959410516667,213.17057110733333
H006_add_derivatives,3,50,pooled_with_corridor_thresholds,logistic,2026,0.6909363789442857,0.772938013659807,10275,1225,41,"{""C"": 0.01, ""class_weight"": ""balanced""}",RUB_TJS,0.7000915782195706,159,0.660377358490566,0.6432098765432099,0.7639051303789038,0.2311850409176722,0.6558826532538898,0.5534391534391534,0.8260869565217391,0.18095238095238095,21,0.6447368421052632,0.8095238095238095,0.599990134607267,0.923325593848227,0.19047619047619047,0.5054285714285713,0.3333333333333333,0.6666666666666666,1.601658187299793,-5.01112308255714,21.241027772719047,-50.111230825571404,212.41027772719045
H006_add_derivatives,3,50,pooled_with_corridor_thresholds,logistic,2026,0.6909363789442857,0.772938013659807,10275,1225,41,"{""C"": 0.01, ""class_weight"": ""balanced""}",RUB_UZS,0.7261231416500787,158,0.6392405063291139,0.6216779572694111,0.725692523910395,0.24149510380205214,0.6781629656270024,0.49843668577384054,0.625,0.04950495049504951,8,0.2456140350877193,0.625,0.3057378545838018,0.863158240538479,0.375,0.582,0.375,0.75,1.0738831615120275,-15.2917714769875,42.70459238316249,-152.917714769875,427.0459238316249
H007_add_usd_eur,3,50,per_corridor,logistic,2022,0.655883039116572,0.801338321603996,1064,244,52,"{""C"": 0.01, ""class_weight"": ""none""}",RUB_TJS,0.7846587564404102,246,0.5772357723577236,0.6549295774647889,0.7291134474885583,0.25421245029105427,0.7452585593851816,0.5,0.0,0.0,0,0.0,,,,,,,,,,,,
H007_add_usd_eur,3,50,per_corridor,logistic,2022,0.641859344894027,0.8035595544284266,1064,245,52,"{""C"": 0.01, ""class_weight"": ""none""}",RUB_UZS,0.8178903403970076,247,0.5384615384615384,0.672272787231236,0.7194010516082235,0.23843321494029368,0.6999492552233032,0.5,0.0,0.0,0,0.0,,,,,,,,,,,,
H007_add_usd_eur,3,50,per_corridor,logistic,2022,0.6771212121212121,0.8143869074891891,1064,245,52,"{""C"": 0.01, ""class_weight"": ""none""}",RUB_KGS,0.8206567289838606,247,0.5546558704453441,0.7090245520902456,0.7682027161930581,0.2353531537990472,0.7105606807705737,0.5,0.0,0.0,0,0.0,,,,,,,,,,,,
H007_add_usd_eur,3,50,per_corridor,logistic,2022,0.6726973684210527,0.827677553870042,1063,244,52,"{""C"": 0.01, ""class_weight"": ""none""}",RUB_AMD,0.7977091757487386,247,0.5708502024291497,0.6354877559213168,0.6894398928937039,0.2802117765406679,0.8349785543250459,0.5070921985815603,1.0,0.014184397163120567,2,0.03954802259887006,1.0,0.3423719528896193,1.0,0.0,0.64,0.0,1.0,1.5625,156.21847669329998,23.83567035045,1562.1847669329998,238.3567035045
H007_add_usd_eur,3,50,per_corridor,logistic,2022,0.7006480558325024,0.8483966257772582,1063,245,52,"{""C"": 0.01, ""class_weight"": ""none""}",RUB_KZT,0.8252838263410618,247,0.5101214574898786,0.6520398793126065,0.6697133254015902,0.24866252914260878,0.7164535554164949,0.5077725304998032,0.75,0.023809523809523808,3,0.059322033898305086,0.6666666666666666,0.20765495512648788,0.9385096847238393,0.33333333333333337,0.6593333333333332,0.3333333333333333,1.0,1.0111223458038423,255.86614652326668,43.593797302300004,2558.661465232667,435.9379730230001
H007_add_usd_eur,3,50,per_corridor,logistic,2023,0.6554721179251842,0.7295425128231232,1311,243,52,"{""C"": 0.01, ""class_weight"": ""none""}",RUB_TJS,0.6208882770890811,247,0.7449392712550608,0.5678053830227744,0.7906870094890871,0.2099547861699789,0.6084912296078161,0.5148378191856453,0.7559055118110236,0.5217391304347826,47,0.9293785310734464,0.574468085106383,0.43281668771211546,0.7048658399817417,0.42553191489361697,0.6754893617021277,0.5957446808510638,0.7659574468085106,0.8504472722691193,-14.44909623186383,72.57313668575745,-144.49096231863828,725.7313668575745
H007_add_usd_eur,3,50,per_corridor,logistic,2023,0.67870670995671,0.7362513020166701,1312,244,52,"{""C"": 0.1, ""class_weight"": ""none""}",RUB_UZS,0.7571008621529469,247,0.7368421052631579,0.6005917159763313,0.8165139062821084,0.21407147039044938,0.6134673377689838,0.5895604395604396,0.873015873015873,0.3021978021978022,36,0.711864406779661,0.8333333333333334,0.6810888526532568,0.921296593714359,0.16666666666666663,0.7126666666666667,0.6111111111111112,0.8055555555555556,1.1693171188026192,22.454652970552775,21.11250259968334,224.54652970552775,211.1250259968334
H007_add_usd_eur,3,50,per_corridor,logistic,2023,0.6994825708061002,0.7639624143583598,1312,244,52,"{""C"": 0.01, ""class_weight"": ""balanced""}",RUB_KGS,0.5143008517414923,247,0.7489878542510121,0.5635571054925893,0.8000405512964752,0.3102072558210721,0.829048520801311,0.5948997384481256,0.8888888888888888,0.3027027027027027,35,0.692090395480226,0.8571428571428571,0.7062411969132573,0.9373986119514649,0.1428571428571429,0.7381142857142857,0.6285714285714286,0.8285714285714286,1.1612603545714948,29.046746374648567,20.92198535784,290.4674637464857,209.2198535784
H007_add_usd_eur,3,50,per_corridor,logistic,2023,0.6261675824175825,0.6847717087860428,1310,244,52,"{""C"": 0.01, ""class_weight"": ""none""}",RUB_AMD,0.5540998628904149,247,0.7327935222672065,0.5398459735476311,0.7666037986594418,0.25166696748940637,0.6957154210845298,0.5075339025615269,0.7391304347826086,0.4696132596685083,39,0.7711864406779662,0.5897435897435898,0.43418348473344903,0.7292091056459953,0.41025641025641024,0.720051282051282,0.6410256410256411,0.8205128205128205,0.8190299836194004,1.1098724268076914,75.34975528604616,11.098724268076914,753.4975528604616
H007_add_usd_eur,3,50,per_corridor,logistic,2023,0.6658151260504201,0.6852615721688109,1311,244,52,"{""C"": 0.01, ""class_weight"": ""balanced""}",RUB_KZT,0.5948536446504928,247,0.6275303643724697,0.5758765778401123,0.7161724726163466,0.29154922862744326,0.7961695333046288,0.5867461430575035,0.8604651162790697,0.23870967741935484,21,0.4152542372881356,0.8095238095238095,0.599990134607267,0.923325593848227,0.19047619047619047,0.5723809523809523,0.42857142857142855,0.7142857142857143,1.4143094841930117,44.239121258857146,39.297270923928565,442.3912125885715,392.9727092392857
H007_add_usd_eur,3,50,per_corridor,logistic,2024,0.5844350431870262,0.8129722486676627,1557,245,52,"{""C"": 0.1, ""class_weight"": ""none""}",RUB_TJS,0.7841834193741181,248,0.7459677419354839,0.6647790647790649,0.8300590506762254,0.18721928846129793,0.5603475121593006,0.5442728442728443,0.85,0.1837837837837838,27,0.5338983050847458,0.9259259259259259,0.7663002270926939,0.9794457783026164,0.07407407407407407,0.6754074074074075,0.5555555555555556,0.7777777777777778,1.3709146742706733,21.750152166414818,7.110439664377777,217.50152166414819,71.10439664377778
H007_add_usd_eur,3,50,per_corridor,logistic,2024,0.6022962707182321,0.8174640758323402,1559,245,52,"{""C"": 0.01, ""class_weight"": ""balanced""}",RUB_UZS,0.5973901613839228,248,0.7056451612903226,0.6670058708414873,0.8105936849162889,0.22862962306139273,0.6487825602453757,0.6263796477495107,0.8588235294117647,0.41714285714285715,46,0.9096045197740114,0.8478260869565217,0.7177558259368491,0.9242781376598251,0.15217391304347827,0.6476521739130435,0.553804347826087,0.7391304347826086,1.3090762620837808,6.543753800250001,18.550140642567392,65.4375380025,185.5014064256739
H007_add_usd_eur,3,50,per_corridor,logistic,2024,0.5717213114754099,0.809061308293566,1559,245,52,"{""C"": 0.01, ""class_weight"": ""balanced""}",RUB_KGS,0.5982673213408624,248,0.7338709677419355,0.6587579087579086,0.8266493523014857,0.24546189830071974,0.6843223786587288,0.5870795870795871,0.8793103448275862,0.2802197802197802,37,0.731638418079096,0.972972972972973,0.8617562156243666,0.9952131489450925,0.027027027027026973,0.6632972972972973,0.5675675675675675,0.7567567567567568,1.4668731154755115,18.084436725364863,7.907243217843243,180.84436725364864,79.07243217843244
H007_add_usd_eur,3,50,per_corridor,logistic,2024,0.5676068376068376,0.7977142499714394,1557,245,52,"{""C"": 0.1, ""class_weight"": ""none""}",RUB_AMD,0.7534815508341126,248,0.75,0.577003121748179,0.7860727397512782,0.2054442912905177,0.6013142570316011,0.5483870967741935,0.8275862068965517,0.25806451612903225,38,0.7514124293785311,0.9210526315789473,0.792003210797347,0.9727858986057349,0.07894736842105265,0.6921578947368421,0.6052631578947368,0.7894736842105263,1.3306972853775378,8.572195740123684,8.550345130192106,85.72195740123684,85.50345130192106
H007_add_usd_eur,3,50,per_corridor,logistic,2024,0.6339158851946575,0.7418071452048671,1558,245,52,"{""C"": 0.01, ""class_weight"": ""balanced""}",RUB_KZT,0.6504448198998728,248,0.6733870967741935,0.6611961262659866,0.7760699674334828,0.2376045052106664,0.6686491225208325,0.5466104827382272,0.8108108108108109,0.17964071856287425,26,0.5141242937853108,0.8846153846153846,0.7102370691310167,0.9599682817885051,0.11538461538461542,0.58,0.46153846153846156,0.6923076923076923,1.5251989389920424,10.152361910984617,12.729970707015385,101.52361910984617,127.29970707015386
H007_add_usd_eur,3,50,per_corridor,logistic,2025,0.6714113181504486,0.8373389003649864,1805,247,52,"{""C"": 0.01, ""class_weight"": ""none""}",RUB_TJS,0.7403630558185919,247,0.6680161943319838,0.6966001478196601,0.816978363226754,0.20233658030853308,0.5901807823670435,0.6237989652623799,0.8441558441558441,0.3939393939393939,47,0.9267605633802817,0.8297872340425532,0.6985994892711488,0.9111374190873607,0.17021276595744683,0.5858723404255319,0.48936170212765956,0.6808510638297872,1.4163277164439279,21.17183275808723,28.54674896407447,211.7183275808723,285.4674896407447
H007_add_usd_eur,3,50,per_corridor,logistic,2025,0.6750118091639111,0.8144542556585759,1807,247,52,"{""C"": 0.01, ""class_weight"": ""balanced""}",RUB_UZS,0.659388942424075,247,0.5668016194331984,0.6124165554072096,0.6775784603033523,0.2385891142301165,0.6693971625519572,0.5834779706275033,0.7413793103448276,0.30714285714285716,36,0.7098591549295774,0.7777777777777778,0.6191498017214091,0.882838070251604,0.2222222222222222,0.5110555555555556,0.3888888888888889,0.6388888888888888,1.5219045548429175,9.903373210700003,29.68820187245278,99.03373210700003,296.8820187245278
H007_add_usd_eur,3,50,per_corridor,logistic,2025,0.6607232546459065,0.8265808270726173,1807,247,52,"{""C"": 0.01, ""class_weight"": ""balanced""}",RUB_KGS,0.5897054715536697,247,0.6396761133603239,0.6875977812544446,0.7805114548099157,0.22333703652791909,0.638009656582864,0.6168397098563505,0.821917808219178,0.379746835443038,44,0.8676056338028169,0.7954545454545454,0.6549913631816676,0.888468721765324,0.20454545454545459,0.5585454545454546,0.45454545454545453,0.6818181818181818,1.4241536458333333,23.641606363311368,33.197938611068174,236.41606363311368,331.9793861106818
H007_add_usd_eur,3,50,per_corridor,logistic,2025,0.6000871839581517,0.8009568496275673,1805,247,52,"{""C"": 0.01, ""class_weight"": ""none""}",RUB_AMD,0.7601982507942086,247,0.611336032388664,0.7405491169977925,0.8180357186676588,0.21682897000767257,0.6187618286443494,0.6451779801324503,0.8656716417910447,0.3841059602649007,42,0.828169014084507,0.7857142857142857,0.6405986210195627,0.8829433146894876,0.2142857142857143,0.529,0.4160714285714286,0.6428571428571429,1.4852822036186875,22.5141064387,33.29232300207857,225.14106438700003,332.92323002078564
H007_add_usd_eur,3,50,per_corridor,logistic,2025,0.6732857355347315,0.7824463139184528,1806,247,52,"{""C"": 0.01, ""class_weight"": ""none""}",RUB_KZT,0.7574175294359042,247,0.6072874493927125,0.610171821305842,0.7089325683014708,0.23800133258390613,0.6708437139238718,0.6138831615120275,0.775,0.41333333333333333,47,0.9267605633802817,0.7872340425531915,0.6509569794902074,0.8801041987575269,0.21276595744680848,0.5164680851063829,0.40425531914893614,0.6170212765957447,1.5242646452994977,20.694328406334044,35.0982966145,206.94328406334046,350.982966145
H007_add_usd_eur,3,50,per_corridor,logistic,2026,0.7232530300763131,0.8331296935949454,2054,245,52,"{""C"": 0.1, ""class_weight"": ""balanced""}",RUB_TJS,0.7012631077206568,159,0.660377358490566,0.6038800705467372,0.7490827162837352,0.25125640333107513,0.70062352482509,0.5436507936507936,0.8333333333333334,0.14285714285714285,15,0.46052631578947373,0.8666666666666667,0.6211750079348376,0.9626395301086408,0.1333333333333333,0.4961333333333333,0.3333333333333333,0.6666666666666666,1.7468422467078744,2.7823451497066696,15.075242198273331,27.823451497066696,150.75242198273332
H007_add_usd_eur,3,50,per_corridor,logistic,2026,0.6143166734389816,0.6744618966509119,2056,245,52,"{""C"": 0.01, ""class_weight"": ""balanced""}",RUB_UZS,0.701335413241033,158,0.6392405063291139,0.5716519020323085,0.7087019042604031,0.2543779711121117,0.7053055147883248,0.5319610908459267,0.8333333333333334,0.09900990099009901,11,0.33771929824561403,0.8181818181818182,0.5230138624217553,0.9486333993289994,0.18181818181818177,0.5863636363636363,0.45454545454545453,0.7272727272727273,1.3953488372093026,-5.031530451836363,21.812751987618185,-50.31530451836363,218.12751987618185
H007_add_usd_eur,3,50,per_corridor,logistic,2026,0.6901469317199654,0.7860868633855821,2056,245,52,"{""C"": 0.01, ""class_weight"": ""balanced""}",RUB_KGS,0.5716853348070403,160,0.65625,0.5864935064935065,0.7326156511785067,0.25385892954045497,0.7045395783747345,0.59004329004329,0.7916666666666666,0.3619047619047619,28,0.8596491228070176,0.8214285714285714,0.644082084514089,0.9212161417056989,0.1785714285714286,0.5682142857142858,0.42857142857142855,0.7142857142857143,1.4456316781898175,-5.856680264742857,27.52878026115357,-58.56680264742857,275.2878026115357
H007_add_usd_eur,3,50,per_corridor,logistic,2026,0.751258389261745,0.8213824730534334,2054,245,52,"{""C"": 1.0, ""class_weight"": ""balanced""}",RUB_AMD,0.8021675738324783,160,0.68125,0.6224141032559813,0.7501204797182219,0.23033122841340453,0.6547243002302395,0.4895664687893506,0.5,0.01834862385321101,4,0.12280701754385966,0.5,0.15003570882017145,0.8499642911798285,0.5,0.5685,0.25,0.75,0.8795074758135444,-22.59710523265,42.477727826875,-225.9710523265,424.77727826875
H007_add_usd_eur,3,50,per_corridor,logistic,2026,0.6116606297018667,0.708151651488944,2055,245,52,"{""C"": 0.01, ""class_weight"": ""balanced""}",RUB_KZT,0.5260607023014371,160,0.68125,0.5252743299154525,0.7371506057936592,0.27865464667938467,0.7597962782046203,0.541644180608023,0.7358490566037735,0.3577981651376147,28,0.8596491228070176,0.7142857142857143,0.529403642629825,0.8474618415167003,0.2857142857142857,0.5953571428571429,0.4642857142857143,0.7330357142857135,1.1997600479904018,-14.994281051160717,55.733444732049996,-149.94281051160718,557.3344473205
H007_add_usd_eur,3,50,pooled_with_corridor_thresholds,logistic,2022,0.6586752878094937,0.8140852410476984,5318,1223,57,"{""C"": 0.01, ""class_weight"": ""none""}",RUB_AMD,0.8816790144065565,247,0.5708502024291497,0.6373611668673892,0.7031652797992354,0.2738193725992454,0.8322868648261925,0.5,0.0,0.0,0,0.0,,,,,,,,,,,,
H007_add_usd_eur,3,50,pooled_with_corridor_thresholds,logistic,2022,0.6586752878094937,0.8140852410476984,5318,1223,57,"{""C"": 0.01, ""class_weight"": ""none""}",RUB_KGS,0.8229601572430166,247,0.5546558704453441,0.6546781685467817,0.6850206935492116,0.2571792977382034,0.7805609077209072,0.5,0.0,0.0,0,0.0,,,,,,,,,,,,
H007_add_usd_eur,3,50,pooled_with_corridor_thresholds,logistic,2022,0.6586752878094937,0.8140852410476984,5318,1223,57,"{""C"": 0.01, ""class_weight"": ""none""}",RUB_KZT,0.9029764751147069,247,0.5101214574898786,0.6925751016660107,0.7151912115147857,0.23386654647455027,0.6915055381801762,0.5,0.0,0.0,0,0.0,,,,,,,,,,,,
H007_add_usd_eur,3,50,pooled_with_corridor_thresholds,logistic,2022,0.6586752878094937,0.8140852410476984,5318,1223,57,"{""C"": 0.01, ""class_weight"": ""none""}",RUB_TJS,0.8327574124911722,246,0.5772357723577236,0.6396939328277356,0.7016439923594691,0.2719320708255789,0.8302781745222415,0.5070422535211268,1.0,0.014084507042253521,1,0.01977401129943503,1.0,0.20654329147389294,1.0,0.0,0.468,0.0,1.0,2.1367521367521367,491.3666353158,11.8147076842,4913.666353158,118.147076842
H007_add_usd_eur,3,50,pooled_with_corridor_thresholds,logistic,2022,0.6586752878094937,0.8140852410476984,5318,1223,57,"{""C"": 0.01, ""class_weight"": ""none""}",RUB_UZS,0.8123090243940269,247,0.5384615384615384,0.6454953172404695,0.6798143217434969,0.2637511778712081,0.8232433487655859,0.5,0.0,0.0,0,0.0,,,,,,,,,,,,
H007_add_usd_eur,3,50,pooled_with_corridor_thresholds,logistic,2023,0.6439250809898457,0.6905543835656538,6556,1219,57,"{""C"": 0.01, ""class_weight"": ""none""}",RUB_AMD,0.6400788825811764,247,0.7327935222672065,0.5534907081868408,0.7704294675777353,0.24175619253595168,0.6755638730450543,0.5693956135945086,0.8117647058823529,0.3812154696132597,38,0.7514124293785311,0.7105263157894737,0.5524256173381022,0.8299689373634387,0.2894736842105263,0.7250526315789473,0.631578947368421,0.8157894736842105,0.9799651567944252,17.134663074099997,39.73045418909737,171.34663074099996,397.3045418909737
H007_add_usd_eur,3,50,pooled_with_corridor_thresholds,logistic,2023,0.6439250809898457,0.6905543835656538,6556,1219,57,"{""C"": 0.01, ""class_weight"": ""none""}",RUB_KGS,0.6351897767672247,247,0.7489878542510121,0.557279860505667,0.7969409863665323,0.2293671299466391,0.6481531715112506,0.5253269398430689,0.7722772277227723,0.42162162162162165,43,0.8502824858757062,0.6744186046511628,0.5251593250655096,0.7950688481822018,0.32558139534883723,0.7002790697674418,0.6046511627906976,0.7906976744186046,0.9630712008501594,-6.574492305725582,57.2144016817186,-65.74492305725582,572.1440168171861
H007_add_usd_eur,3,50,pooled_with_corridor_thresholds,logistic,2023,0.6439250809898457,0.6905543835656538,6556,1219,57,"{""C"": 0.01, ""class_weight"": ""none""}",RUB_KZT,0.7811059271130468,247,0.6275303643724697,0.5935483870967742,0.7197040173155458,0.24092587669898696,0.6738525402763593,0.5619565217391305,0.8157894736842105,0.2,20,0.3954802259887006,0.85,0.6395767041130426,0.9476322080405041,0.15000000000000002,0.5672999999999999,0.42375000000000007,0.7,1.498325401022387,24.185858649885,25.816986404725004,241.85858649884997,258.16986404725003
H007_add_usd_eur,3,50,pooled_with_corridor_thresholds,logistic,2023,0.6439250809898457,0.6905543835656538,6556,1219,57,"{""C"": 0.01, ""class_weight"": ""none""}",RUB_TJS,0.6091679068898161,247,0.7449392712550608,0.5723775017253278,0.7995141029573891,0.22608743089230168,0.6407944686012441,0.5357142857142857,0.773109243697479,0.5,45,0.8898305084745763,0.6444444444444445,0.49835546011952203,0.7678110864309596,0.3555555555555555,0.6791999999999999,0.5777777777777777,0.7777777777777778,0.9488286873445886,-8.05313316556889,63.347950743400006,-80.53133165568889,633.4795074340001
H007_add_usd_eur,3,50,pooled_with_corridor_thresholds,logistic,2023,0.6439250809898457,0.6905543835656538,6556,1219,57,"{""C"": 0.01, ""class_weight"": ""none""}",RUB_UZS,0.5918194412560738,247,0.7368421052631579,0.5824175824175825,0.7985050246307681,0.22591294918794722,0.6401587749489069,0.5505494505494506,0.7768595041322314,0.5164835164835165,46,0.9096045197740114,0.6086956521739131,0.4645658371764493,0.7360697764475115,0.3913043478260869,0.6757391304347826,0.5869565217391305,0.7608695652173914,0.9007849697593617,-9.164744825297827,70.13879870993914,-91.64744825297826,701.3879870993914
H007_add_usd_eur,3,50,pooled_with_corridor_thresholds,logistic,2024,0.5881562970197715,0.7893362373687389,7790,1225,57,"{""C"": 0.01, ""class_weight"": ""balanced""}",RUB_AMD,0.6177363967068974,248,0.75,0.6073534512660423,0.8002595516162114,0.25697566416105566,0.7091033479061188,0.5698924731182795,0.8620689655172413,0.26881720430107525,39,0.7711864406779662,0.9743589743589743,0.8681871352137286,0.9954594139347628,0.02564102564102566,0.6949230769230769,0.6153846153846154,0.7948717948717948,1.402110545347207,12.79245829994872,6.291540912802565,127.9245829994872,62.91540912802565
H007_add_usd_eur,3,50,pooled_with_corridor_thresholds,logistic,2024,0.5881562970197715,0.7893362373687389,7790,1225,57,"{""C"": 0.01, ""class_weight"": ""balanced""}",RUB_KGS,0.6186803062861963,248,0.7338709677419355,0.6477688977688978,0.8166978832934346,0.24363549730697198,0.6804528116409976,0.5877455877455877,0.8709677419354839,0.2967032967032967,41,0.8107344632768362,0.975609756097561,0.8740465298832191,0.9956815797292836,0.024390243902439046,0.6806829268292681,0.5853658536585366,0.7804878048780488,1.4332807797047444,12.95529171947805,6.620316333019512,129.5529171947805,66.20316333019512
H007_add_usd_eur,3,50,pooled_with_corridor_thresholds,logistic,2024,0.5881562970197715,0.7893362373687389,7790,1225,57,"{""C"": 0.01, ""class_weight"": ""balanced""}",RUB_KZT,0.6509536365017846,248,0.6733870967741935,0.6685887484290677,0.7669069634792595,0.22751015042967346,0.6477269927740982,0.5728173283063502,0.8103448275862069,0.281437125748503,39,0.7711864406779662,0.8717948717948718,0.7329395096236953,0.9439726505197168,0.1282051282051282,0.6029230769230769,0.48717948717948717,0.717948717948718,1.4459470953474527,9.24692112596923,12.430242344264103,92.4692112596923,124.30242344264104
H007_add_usd_eur,3,50,pooled_with_corridor_thresholds,logistic,2024,0.5881562970197715,0.7893362373687389,7790,1225,57,"{""C"": 0.01, ""class_weight"": ""balanced""}",RUB_TJS,0.6141614462567807,248,0.7459677419354839,0.6561990561990562,0.8259634097512285,0.2440122503982644,0.681347232887114,0.5824538824538825,0.8709677419354839,0.2918918918918919,41,0.8107344632768362,0.975609756097561,0.8740465298832191,0.9956815797292836,0.024390243902439046,0.6973658536585364,0.6097560975609756,0.8048780487804879,1.3989927252378291,13.952818219114633,7.005255665314634,139.52818219114633,70.05255665314634
H007_add_usd_eur,3,50,pooled_with_corridor_thresholds,logistic,2024,0.5881562970197715,0.7893362373687389,7790,1225,57,"{""C"": 0.01, ""class_weight"": ""balanced""}",RUB_UZS,0.6105909427056029,248,0.7056451612903226,0.6716242661448141,0.8115191834409323,0.24055212731296127,0.6738942085704982,0.599491193737769,0.8709677419354839,0.30857142857142855,43,0.8502824858757062,0.9069767441860465,0.7839701160146731,0.9632289548966535,0.09302325581395354,0.6367441860465117,0.5348837209302325,0.7441860465116279,1.424397370343316,15.182896747546513,11.01130063897907,151.82896747546513,110.1130063897907
H007_add_usd_eur,3,50,pooled_with_corridor_thresholds,logistic,2025,0.658850350105846,0.8034886238334722,9030,1235,57,"{""C"": 10.0, ""class_weight"": ""none""}",RUB_AMD,0.8048444324805035,247,0.611336032388664,0.7348233995584987,0.8119843836433007,0.2104545463630199,0.6059491191762656,0.6026145143487859,0.8571428571428571,0.2781456953642384,38,0.7492957746478873,0.8421052631578947,0.6958287736272311,0.9255623777627731,0.1578947368421053,0.5196842105263159,0.39473684210526316,0.6578947368421053,1.6204172574437914,20.96530801467369,26.81640453423947,209.6530801467369,268.16404534239473
H007_add_usd_eur,3,50,pooled_with_corridor_thresholds,logistic,2025,0.658850350105846,0.8034886238334722,9030,1235,57,"{""C"": 10.0, ""class_weight"": ""none""}",RUB_KGS,0.7439560663360679,247,0.6396761133603239,0.7197411463518703,0.794312706647202,0.2064851694523869,0.6001253725532234,0.6481652680984212,0.8191489361702128,0.4873417721518987,49,0.9661971830985915,0.7959183673469388,0.6636272988905617,0.8851827295718618,0.20408163265306123,0.5524081632653062,0.4489795918367347,0.6530612244897959,1.440815723363381,15.831819140851021,34.750746706842854,158.31819140851022,347.5074670684285
H007_add_usd_eur,3,50,pooled_with_corridor_thresholds,logistic,2025,0.658850350105846,0.8034886238334722,9030,1235,57,"{""C"": 10.0, ""class_weight"": ""none""}",RUB_KZT,0.8343822983640313,247,0.6072874493927125,0.6242611683848798,0.7206827900591131,0.23687774901892894,0.6709742965463565,0.5481443298969072,0.7333333333333333,0.22,37,0.7295774647887324,0.7027027027027027,0.5421656082795642,0.8251069765359181,0.29729729729729726,0.5281621621621622,0.40540540540540543,0.6486486486486487,1.3304677105721012,-6.025160864302703,42.12467484602162,-60.25160864302702,421.24674846021617
H007_add_usd_eur,3,50,pooled_with_corridor_thresholds,logistic,2025,0.658850350105846,0.8034886238334722,9030,1235,57,"{""C"": 10.0, ""class_weight"": ""none""}",RUB_TJS,0.7408305470817333,247,0.6680161943319838,0.7229859571322985,0.8390073757091516,0.19739973271083247,0.5758857318111811,0.6689948263118994,0.831858407079646,0.5696969696969697,49,0.9661971830985915,0.7755102040816326,0.6412094381295426,0.8697516228527138,0.22448979591836737,0.5963673469387756,0.5102040816326531,0.6938775510204082,1.3003901170351104,16.598585919155102,36.40443104064082,165.98585919155101,364.0443104064082
H007_add_usd_eur,3,50,pooled_with_corridor_thresholds,logistic,2025,0.658850350105846,0.8034886238334722,9030,1235,57,"{""C"": 10.0, ""class_weight"": ""none""}",RUB_UZS,0.7887422135931319,247,0.5668016194331984,0.6327770360480641,0.7044323906371351,0.250987850265349,0.7014218959563105,0.5732977303070761,0.6956521739130435,0.34285714285714286,45,0.8873239436619718,0.6888888888888889,0.5433492001245103,0.804714745364581,0.3111111111111111,0.49911111111111106,0.4,0.6,1.3802315227070348,21.887646104846667,37.46465387801334,218.87646104846667,374.64653878013337
H007_add_usd_eur,3,50,pooled_with_corridor_thresholds,logistic,2026,0.6869801258116655,0.7699324806816676,10275,1225,57,"{""C"": 0.1, ""class_weight"": ""balanced""}",RUB_AMD,0.7684739873410027,160,0.68125,0.5988487137974456,0.7500418590269552,0.2528591511996551,0.7029393730429381,0.5131318582478863,0.8333333333333334,0.045871559633027525,6,0.1842105263157895,0.8333333333333334,0.4364905634363539,0.9699474141282696,0.16666666666666663,0.5286666666666666,0.16666666666666666,0.8333333333333334,1.5762925598991175,16.253397439866664,14.67091368285,162.53397439866666,146.7091368285
H007_add_usd_eur,3,50,pooled_with_corridor_thresholds,logistic,2026,0.6869801258116655,0.7699324806816676,10275,1225,57,"{""C"": 0.1, ""class_weight"": ""balanced""}",RUB_KGS,0.519840758667428,160,0.65625,0.6176623376623376,0.743664510595379,0.24794979317074395,0.6925221094094817,0.5831168831168831,0.75,0.45714285714285713,31,0.9517543859649124,0.7096774193548387,0.5340734004245933,0.8390437928156712,0.29032258064516125,0.5861290322580647,0.45161290322580644,0.7096774193548387,1.2107870115575121,-8.399117834209678,39.89228904080968,-83.99117834209677,398.9228904080968
H007_add_usd_eur,3,50,pooled_with_corridor_thresholds,logistic,2026,0.6869801258116655,0.7699324806816676,10275,1225,57,"{""C"": 0.1, ""class_weight"": ""balanced""}",RUB_KZT,0.7336630782023494,160,0.68125,0.5378665227558914,0.7209915067906152,0.2605114671028135,0.7197594047034871,0.520417341248426,0.7647058823529411,0.11926605504587157,14,0.4298245614035088,0.8571428571428571,0.600580922361363,0.9599069262620787,0.1428571428571429,0.6078571428571429,0.42857142857142855,0.7857142857142857,1.4101057579318448,-13.432505073628565,18.797930874985713,-134.32505073628565,187.97930874985713
H007_add_usd_eur,3,50,pooled_with_corridor_thresholds,logistic,2026,0.6869801258116655,0.7699324806816676,10275,1225,57,"{""C"": 0.1, ""class_weight"": ""balanced""}",RUB_TJS,0.7954929194335785,159,0.660377358490566,0.6215167548500883,0.7556043719780912,0.24668052116532718,0.6905913714337356,0.5095238095238095,1.0,0.01904761904761905,2,0.06140350877192983,1.0,0.3423719528896193,1.0,0.0,0.334,0.0,1.0,2.994011976047904,24.361632959250002,2.8308025114,243.61632959250002,28.308025114
H007_add_usd_eur,3,50,pooled_with_corridor_thresholds,logistic,2026,0.6869801258116655,0.7699324806816676,10275,1225,57,"{""C"": 0.1, ""class_weight"": ""balanced""}",RUB_UZS,0.7671347052329143,158,0.6392405063291139,0.5725204099357305,0.6934247643001854,0.25764370666944464,0.7137186239883597,0.5011290602744485,0.6666666666666666,0.019801980198019802,3,0.09210526315789475,0.6666666666666666,0.20765495512648788,0.9385096847238393,0.33333333333333337,0.22333333333333333,0.0,0.6666666666666666,2.9850746268656714,29.257199120333336,46.096322161766665,292.57199120333337,460.96322161766665
