date,corridor,currency,source,source_file,nominal,value_rub,rub_per_unit,units_per_rub,days_since_previous,same_rate_as_previous,return_1,return_3,return_5,return_10,return_20,distance_to_min_5,distance_to_mean_5,range_position_5,distance_to_min_10,distance_to_mean_10,range_position_10,distance_to_min_20,distance_to_mean_20,range_position_20,distance_to_min_60,distance_to_mean_60,range_position_60,volatility_5,volatility_10,volatility_20,down_streak,month_sin,month_cos,weekday_sin,weekday_cos,eligible_for_signal,has_full_window,message_hit,future_regret_bps,moment_advantage_bps,score,threshold,hypothesis_id,horizon_days,strategy,model,test_year,validation_auc,feature_count,hyperparameters
2022-02-12,RUB_TJS,TJS,CBR,TJS_RC_F02_09_2016_T02_09_2026.dbf,10,66.3893,6.63893,0.1506266823,1.0,False,0.0035143779626582994,-0.004216263889222138,-0.014429650259125015,-0.03637543290263212,-0.010295185293955345,0.0035143779626582994,-0.001500697558155406,0.2745630609352869,0.0035143779626582994,-0.012489264296000946,0.0956317867719647,0.0035143779626582994,-0.021981704869297847,0.06218739133923552,0.04328770309280938,0.00224648594219623,0.43997572195246587,0.004153000263523485,0.004105992637003072,0.007150358612241174,0,0.8660254037844386,0.5000000000000001,-0.9749279121818236,-0.2225209339563146,True,True,1,0.0,29.0059367873,0.7801804126242362,0.7663265669387844,H002_combined_factors,3,per_corridor,logistic,2022,0.6740804106073567,26,"{""C"": 0.01, ""class_weight"": ""none""}"
2022-10-01,RUB_TJS,TJS,CBR,TJS_RC_F02_09_2016_T02_09_2026.dbf,10,54.1083,5.41083,0.1848145294,1.0,False,-0.03668578163360858,-0.0490515700544647,-0.04672615639397115,-0.0771273556505766,-0.08151375905401936,0.0,-0.03741514630646503,0.0,0.0,-0.055927620820983126,0.0,0.0,-0.06953585129439788,0.0,0.020922878372207965,-0.06652934159008994,0.14902366585585394,0.017723543380306052,0.016403010163453892,0.01252299737283682,2,-0.8660254037844386,0.5000000000000001,-0.9749279121818236,-0.2225209339563146,True,True,1,0.0,260.8393575557,0.7897936447897952,0.7663265669387844,H002_combined_factors,3,per_corridor,logistic,2022,0.6740804106073567,26,"{""C"": 0.01, ""class_weight"": ""none""}"
2022-10-29,RUB_TJS,TJS,CBR,TJS_RC_F02_09_2016_T02_09_2026.dbf,10,60.2374,6.02374,0.1660098211,1.0,False,0.002858536569123604,0.003307860916607286,0.005639436657340013,-0.02377622377622368,0.11327467320170848,0.006131587782256087,0.0028027749403018998,1.0,0.006131587782256087,0.0013631361440535894,0.6413347309573747,0.06941939240722061,0.0023318866783610392,0.6449920823436269,0.11327467320170848,0.020549122837384637,0.7401132672406512,0.0018505569253760784,0.006765683511038493,0.013468798068472449,0,-0.8660254037844386,0.5000000000000001,-0.9749279121818236,-0.2225209339563146,True,True,1,0.0,-9.1388844579,0.7896177779521759,0.7663265669387844,H002_combined_factors,3,per_corridor,logistic,2022,0.6740804106073567,26,"{""C"": 0.01, ""class_weight"": ""none""}"
2022-11-19,RUB_TJS,TJS,CBR,TJS_RC_F02_09_2016_T02_09_2026.dbf,10,59.1277,5.91277,0.1691254691,1.0,False,-0.0002536238622856679,0.0010751013304168833,0.0027218521483129976,-0.027368957831275798,-0.017797608269891074,0.0010751013304168833,0.00018708776412190709,0.7753357753358195,0.0027218521483129976,-0.004545798146090019,0.15982871937860924,0.0027218521483129976,-0.011077020494816847,0.08797895083045491,0.09276580487651631,-0.001620607433282517,0.6061125668675212,0.0016267386657232673,0.0069382784141833785,0.005713693901251973,1,-0.5000000000000004,0.8660254037844384,-0.9749279121818236,-0.2225209339563146,True,True,1,0.0,6.9341647893,0.7730836309637334,0.7663265669387844,H002_combined_factors,3,per_corridor,logistic,2022,0.6740804106073567,26,"{""C"": 0.01, ""class_weight"": ""none""}"
2022-02-12,RUB_UZS,UZS,CBR,UZS_RC_F02_09_2016_T02_09_2026.dbf,10000,69.1043,0.00691043,144.7087952559,1.0,False,0.002012600503150219,-0.004052719948692385,-0.01544978037775302,-0.039322757736724,-0.01332288177459462,0.002012600503150219,-0.0019367865230854875,0.181011997913406,0.002012600503150219,-0.014117641687873994,0.05207082833133244,0.002012600503150219,-0.024054982817869552,0.03379842696082011,0.03274077727214997,-0.0018522120621519145,0.35572442236186247,0.0036531291766050272,0.0038271134926495362,0.007397898950237617,0,0.8660254037844386,0.5000000000000001,-0.9749279121818236,-0.2225209339563146,True,True,1,0.0,29.8077214406,0.7936816938795301,0.783958099981082,H002_combined_factors,3,per_corridor,logistic,2022,0.6504495825305073,26,"{""C"": 0.01, ""class_weight"": ""none""}"
2022-04-30,RUB_UZS,UZS,CBR,UZS_RC_F02_09_2016_T02_09_2026.dbf,10000,63.5286,0.00635286,157.40941875,1.0,False,-0.015808145749740543,-0.017313787454812823,-0.023188445908233324,-0.10156130674586339,-0.13196523412040717,0.0,-0.016028266151865478,0.0,0.0,-0.042061267812278036,0.0,0.0,-0.07126763577802098,0.0,0.0,-0.18923521934491072,0.0,0.008080663410803645,0.011195342309925001,0.024560008448516586,2,0.8660254037844387,-0.49999999999999983,-0.9749279121818236,-0.2225209339563146,True,True,1,0.0,79.2521718218,0.7863840885596675,0.783958099981082,H002_combined_factors,3,per_corridor,logistic,2022,0.6504495825305073,26,"{""C"": 0.01, ""class_weight"": ""none""}"
2022-05-20,RUB_UZS,UZS,CBR,UZS_RC_F02_09_2016_T02_09_2026.dbf,10000,56.0646,0.00560646,178.3656710295,1.0,False,-0.0169761961537922,-0.014685361387130391,-0.04689646262019065,-0.11749039015498541,-0.20711921934662714,0.0,-0.013054565541988583,0.0,0.0,-0.04406309757139326,0.0,0.0,-0.10272858718474742,0.0,0.0,-0.2672440505549666,0.0,0.013185867980780537,0.023636349159051204,0.01801818642626657,1,0.49999999999999994,-0.8660254037844387,-0.433883739117558,-0.9009688679024191,True,True,0,527.5164720697,-161.0456510476,0.7930449841749062,0.783958099981082,H002_combined_factors,3,per_corridor,logistic,2022,0.6504495825305073,26,"{""C"": 0.01, ""class_weight"": ""none""}"
2022-06-17,RUB_UZS,UZS,CBR,UZS_RC_F02_09_2016_T02_09_2026.dbf,10000,51.8873,0.00518873,192.7253875226,1.0,False,0.005012735214077413,-0.010247117282949803,-0.048293938221176336,-0.07273071692421518,-0.0902200137464757,0.005012735214077413,-0.005108741961746155,0.20528277940826414,0.005012735214077413,-0.036406383188140046,0.054698397937185304,0.020696289185446304,-0.045872669688441614,0.11332643960447203,0.020696289185446304,-0.2008620070943038,0.025690990205630405,0.012649320757351359,0.010658789742860478,0.0353024441145307,0,1.2246467991473532e-16,-1.0,-0.433883739117558,-0.9009688679024191,True,True,1,36.4636433193,-6.537661947,0.7848673068119534,0.783958099981082,H002_combined_factors,3,per_corridor,logistic,2022,0.6504495825305073,26,"{""C"": 0.01, ""class_weight"": ""none""}"
2022-06-25,RUB_UZS,UZS,CBR,UZS_RC_F02_09_2016_T02_09_2026.dbf,10000,49.236,0.0049236,203.1034202616,1.0,False,0.0009168362441021038,-0.016495611424279466,-0.04762457421065769,-0.06907270293368017,-0.12215577830314828,0.006920585059389417,-0.010074576151233638,0.1409119300437239,0.006920585059389417,-0.031288919319328756,0.09594828319487439,0.006920585059389417,-0.07803907847725144,0.030156664943768393,0.006920585059389417,-0.19437799013703727,0.010341855788566584,0.013736104889303033,0.010297008818623455,0.022996504152181362,0,1.2246467991473532e-16,-1.0,-0.9749279121818236,-0.2225209339563146,True,True,1,1.3607929158,12.6228818422,0.7886067465493852,0.783958099981082,H002_combined_factors,3,per_corridor,logistic,2022,0.6504495825305073,26,"{""C"": 0.01, ""class_weight"": ""none""}"
2022-10-29,RUB_UZS,UZS,CBR,UZS_RC_F02_09_2016_T02_09_2026.dbf,10000,55.0823,0.00550823,181.546522204,1.0,False,0.0014035062203323623,-0.001953248861661816,0.0023875773187433946,-0.029639847229268823,0.09709087867175503,0.0018989448487483074,-0.00015066091129889436,0.4751934456076565,0.0023875773187433946,-0.0014576876299224883,0.24550898203593047,0.05300556685579716,-0.004674473658675016,0.5311991110600234,0.09709087867175503,0.0026164989419088514,0.6657880000546326,0.0026521098806760986,0.007283179942927978,0.013853367079653412,0,-0.8660254037844386,0.5000000000000001,-0.9749279121818236,-0.2225209339563146,True,True,1,0.0,4.6687519216,0.8053044100358595,0.783958099981082,H002_combined_factors,3,per_corridor,logistic,2022,0.6504495825305073,26,"{""C"": 0.01, ""class_weight"": ""none""}"
2022-11-18,RUB_UZS,UZS,CBR,UZS_RC_F02_09_2016_T02_09_2026.dbf,10000,53.9926,0.00539926,185.2105658924,1.0,False,-0.0005830731099637498,0.0018332349917802304,-0.015299599682664144,-0.024733616440187123,-0.021896223458505393,0.0037534369324065953,0.0013512676433531379,0.8650385604113331,0.0037534369324065953,-0.008679466368789024,0.09565093803297611,0.0037534369324065953,-0.014459945402724439,0.09565093803297611,0.07538699320421616,-0.01448578935585787,0.5169564445415687,0.008992353979244397,0.009001289640089583,0.006729142991107944,1,-0.5000000000000004,0.8660254037844384,-0.433883739117558,-0.9009688679024191,True,True,1,23.4291365854,-14.3585308459,0.7890089757848731,0.783958099981082,H002_combined_factors,3,per_corridor,logistic,2022,0.6504495825305073,26,"{""C"": 0.01, ""class_weight"": ""none""}"
2022-02-11,RUB_KGS,KGS,CBR,KGS_RC_F02_09_2016_T02_09_2026.dbf,100,88.0898,0.880898,1.135205211,1.0,False,-0.0011350506123717352,-0.012638790191151106,-0.02520162182738883,-0.05356008977715809,0.0019415576365089393,0.0,-0.007883788453178275,0.0,0.0,-0.019569805085493774,0.0,0.0,-0.025940677341536378,0.0,0.04954147241149642,-0.00015935741279826665,0.4547751334324957,0.0024679476788254055,0.004388343828001783,0.007985008901309688,5,0.8660254037844386,0.5000000000000001,-0.433883739117558,-0.9009688679024191,True,True,1,0.0,45.8650284485,0.7987221148980301,0.7906493753306423,H002_combined_factors,3,per_corridor,logistic,2022,0.6786363636363637,26,"{""C"": 0.01, ""class_weight"": ""none""}"
2022-10-29,RUB_KGS,KGS,CBR,KGS_RC_F02_09_2016_T02_09_2026.dbf,100,73.9168,0.739168,1.3528724187,1.0,False,-0.0009596176666963885,-0.0038475896299710044,-0.0021343262022627263,-0.02027789154462678,0.07171306076348372,0.0,-0.0021674638513035083,0.0,0.0,-0.006222804221315825,0.0,0.029484761795993908,-0.01100736779227196,0.38255118451724845,0.07171306076348372,-0.0023411310974702504,0.5914265215831643,0.0022783654209698745,0.004778712042512559,0.012466597624491734,2,-0.8660254037844386,0.5000000000000001,-0.9749279121818236,-0.2225209339563146,True,True,1,16.3426988181,11.1834646115,0.8181878132497128,0.7906493753306423,H002_combined_factors,3,per_corridor,logistic,2022,0.6786363636363637,26,"{""C"": 0.01, ""class_weight"": ""none""}"
2022-11-19,RUB_KGS,KGS,CBR,KGS_RC_F02_09_2016_T02_09_2026.dbf,100,71.4966,0.714966,1.3986679087,1.0,False,-0.00017480292717997337,0.0002952060496252962,0.0009001530120127388,-0.035933739204304205,-0.04255797821481466,0.0002952060496252962,-0.00016809162307984682,0.20706575073597924,0.0009001530120127388,-0.006652686896069904,0.04373554618418919,0.0009001530120127388,-0.020276244536153065,0.02273611258441884,0.03662279779674571,-0.030286518976273658,0.3020327633624298,0.00124043114021974,0.007451558290568757,0.005944554268093317,1,-0.5000000000000004,0.8660254037844384,-0.9749279121818236,-0.2225209339563146,True,True,1,0.0,8.7041202031,0.8086088877893302,0.7906493753306423,H002_combined_factors,3,per_corridor,logistic,2022,0.6786363636363637,26,"{""C"": 0.01, ""class_weight"": ""none""}"
2022-11-26,RUB_KGS,KGS,CBR,KGS_RC_F02_09_2016_T02_09_2026.dbf,100,71.616,0.71616,1.3963360143,1.0,False,0.00135628294579071,-0.003136079107699863,0.0016700094829684708,0.0025716657590473257,-0.032056636364373614,0.00135628294579071,-0.0014211232004497365,0.22334791618697433,0.0019657085294961796,3.81214263782681e-05,0.2940560904144003,0.0025716657590473257,-0.010535169826628166,0.06730910156822434,0.03835396769932742,-0.02542682143797892,0.3163099366256132,0.003698989771952127,0.002602300462271009,0.005993427650178375,0,-0.5000000000000004,0.8660254037844384,-0.9749279121818236,-0.2225209339563146,True,True,1,0.0,10.1251424564,0.8059297784219291,0.7906493753306423,H002_combined_factors,3,per_corridor,logistic,2022,0.6786363636363637,26,"{""C"": 0.01, ""class_weight"": ""none""}"
2022-04-09,RUB_KZT,KZT,CBR,KZT_RC_F02_09_2016_T02_09_2026.dbf,100,16.3118,0.163118,6.1305312718,1.0,False,-0.011256250947113133,-0.07481750789806518,-0.07028253224583769,-0.15908587100532534,-0.28574806459522883,0.0,-0.05133507963020689,0.0,0.0,-0.07981485503465113,0.0,0.0,-0.150571530414229,0.0,0.0,-0.13048607980627946,0.0,0.035577018313941444,0.02745372641662478,0.02169085256767377,2,0.8660254037844387,-0.49999999999999983,-0.9749279121818236,-0.2225209339563146,True,True,1,0.0,374.0853144495,0.8104462907472026,0.7921010738859817,H002_combined_factors,3,per_corridor,logistic,2022,0.6659189099368561,26,"{""C"": 0.01, ""class_weight"": ""none""}"
2022-05-14,RUB_KZT,KZT,CBR,KZT_RC_F02_09_2016_T02_09_2026.dbf,100,14.6701,0.146701,6.8165861173,1.0,False,-0.01307813919068923,-0.06864786622141517,-0.06665691127257001,-0.11214602586681677,-0.171807783937584,0.0,-0.03856715369320074,0.0,0.0,-0.060918872137326496,0.0,0.0,-0.11091488477123346,0.0,0.0,-0.20161649335519427,0.0,0.03849439019573398,0.02618993818289777,0.02049450095518913,2,0.49999999999999994,-0.8660254037844387,-0.9749279121818236,-0.2225209339563146,True,True,1,0.0,247.7504641523,0.8761780080077569,0.7921010738859817,H002_combined_factors,3,per_corridor,logistic,2022,0.6659189099368561,26,"{""C"": 0.01, ""class_weight"": ""none""}"
2022-05-21,RUB_KZT,KZT,CBR,KZT_RC_F02_09_2016_T02_09_2026.dbf,100,13.6497,0.136497,7.3261683407,1.0,False,-0.053556694240089686,-0.0772366517488946,-0.06955644474134459,-0.13157693824835537,-0.2195801077174646,0.0,-0.057081988004990314,0.0,0.0,-0.08189785636934743,0.0,0.0,-0.12923407276701027,0.0,0.0,-0.2463661905264951,0.0,0.024381713995368547,0.030381813612096648,0.022087156479223484,4,0.49999999999999994,-0.8660254037844387,-0.9749279121818236,-0.2225209339563146,True,True,1,0.0,304.2335559028,0.8208140718432834,0.7921010738859817,H002_combined_factors,3,per_corridor,logistic,2022,0.6659189099368561,26,"{""C"": 0.01, ""class_weight"": ""none""}"
2022-09-24,RUB_KZT,KZT,CBR,KZT_RC_F02_09_2016_T02_09_2026.dbf,100,12.0718,0.120718,8.2837687834,1.0,False,-0.03612206767697723,-0.03945829388034405,-0.0464462313780627,-0.046830215793255414,-0.06577307939357824,0.0,-0.034272996795256416,0.0,0.0,-0.04096997738234154,0.0,0.0,-0.050697165648696974,0.0,0.05723268787823055,-0.04115939665326884,0.3207361963190183,0.018103342790587555,0.013790726995348768,0.010648541041096105,2,-1.0,-1.8369701987210297e-16,-0.9749279121818236,-0.2225209339563146,True,True,1,0.0,189.1861454673,0.7964012603651353,0.7921010738859817,H002_combined_factors,3,per_corridor,logistic,2022,0.6659189099368561,26,"{""C"": 0.01, ""class_weight"": ""none""}"
2022-10-01,RUB_KZT,KZT,CBR,KZT_RC_F02_09_2016_T02_09_2026.dbf,100,11.5957,0.115957,8.6238864407,1.0,False,-0.031779431042976425,-0.048495490986074974,-0.03943902317798509,-0.08405346056019836,-0.09451038575667658,0.0,-0.03467468960774944,0.0,0.0,-0.05389263573924086,0.0,0.0,-0.07296733676276068,0.0,0.015536463396477629,-0.07400498811931078,0.11172691774782702,0.01664918559482794,0.016414171110799156,0.013027237907322372,2,-0.8660254037844386,0.5000000000000001,-0.9749279121818236,-0.2225209339563146,True,True,1,0.0,247.5892280003,0.8041659821504297,0.7921010738859817,H002_combined_factors,3,per_corridor,logistic,2022,0.6659189099368561,26,"{""C"": 0.01, ""class_weight"": ""none""}"
2023-01-21,RUB_TJS,TJS,CBR,TJS_RC_F02_09_2016_T02_09_2026.dbf,10,66.9021,6.69021,0.1494721391,1.0,False,-0.0028631386915708434,-0.0010243285496492893,0.013861737240745908,-0.029590047300560918,0.05665649002051665,0.0033473857547141606,-0.0007617272389180973,0.5064669843430976,0.013861737240745908,-0.0034321672167477724,0.3231584525702186,0.028951225551640647,-0.01321141591530861,0.33426262984995175,0.13456463932491292,0.0658641692488191,0.679125299554947,0.005097950632280062,0.008240480721338591,0.0199870274195301,2,0.49999999999999994,0.8660254037844387,-0.9749279121818236,-0.2225209339563146,True,True,1,7.996759444,9.0604715541,0.7880970855114464,0.7384206224846319,H002_combined_factors,3,per_corridor,logistic,2023,0.6471283548880545,26,"{""C"": 0.1, ""class_weight"": ""none""}"
2023-03-25,RUB_TJS,TJS,CBR,TJS_RC_F02_09_2016_T02_09_2026.dbf,10,70.0489,7.00489,0.1427574166,1.0,False,0.0018435354691075378,-0.005096033530423649,-0.0021168845044340356,0.006679686882491875,-0.00027687270848586465,0.0018435354691075378,-0.004058613741562467,0.1501106323512244,0.01671178199499246,0.0016445531629942778,0.612056134382307,0.020982578163601717,0.007134955112059194,0.6635936203558578,0.06154962917162954,0.017035749404263667,0.747905349415338,0.006567737475709867,0.00632324304969287,0.005723251513993805,0,1.0,6.123233995736766e-17,-0.9749279121818236,-0.2225209339563146,True,True,1,0.0,16.3820641034,0.7744518553604535,0.7384206224846319,H002_combined_factors,3,per_corridor,logistic,2023,0.6471283548880545,26,"{""C"": 0.1, ""class_weight"": ""none""}"
2023-04-01,RUB_TJS,TJS,CBR,TJS_RC_F02_09_2016_T02_09_2026.dbf,10,70.8504,7.08504,0.1411424636,1.0,False,0.0030750411987563453,0.009503671808433367,0.011442006940865612,0.009300901029238862,0.02460187536515246,0.00989794172985925,0.005372361710641815,1.0,0.013306636155606455,0.006353699298383031,1.0,0.028345005261439127,0.013404831489321367,1.0,0.07369588739668487,0.02625996357968563,0.895497652149894,0.0018103298400457292,0.0047572571146157795,0.004642574047102711,0,0.8660254037844387,-0.49999999999999983,-0.9749279121818236,-0.2225209339563146,True,True,1,0.0,-12.6259924244,0.7635889813913115,0.7384206224846319,H002_combined_factors,3,per_corridor,logistic,2023,0.6471283548880545,26,"{""C"": 0.1, ""class_weight"": ""none""}"
2023-04-15,RUB_TJS,TJS,CBR,TJS_RC_F02_09_2016_T02_09_2026.dbf,10,74.6809,7.46809,0.1339030462,1.0,False,-0.002079199321186831,-0.008219145336375355,-0.010808390808099366,0.05406462066551487,0.06386837138074708,0.0,-0.0040849627443181324,0.0,0.045605374134039645,0.007398108736712761,0.799671028404488,0.06809067505720834,0.033391510489392484,0.8536821531675305,0.11716475737711796,0.06585507756863818,0.905646196362291,0.004984594374669128,0.010048707875813183,0.007976092254375334,3,0.8660254037844387,-0.49999999999999983,-0.9749279121818236,-0.2225209339563146,True,True,1,0.0,27.2132696214,0.7534915559374256,0.7384206224846319,H002_combined_factors,3,per_corridor,logistic,2023,0.6471283548880545,26,"{""C"": 0.1, ""class_weight"": ""none""}"
2023-04-21,RUB_TJS,TJS,CBR,TJS_RC_F02_09_2016_T02_09_2026.dbf,10,74.7815,7.47815,0.1337229128,1.0,False,-0.00047849895679197285,-0.00016712570527044335,-0.0007349354927074225,0.011707868786367204,0.06952946224256307,0.001347064644373619,0.00017172970600265458,0.7375366568915276,0.001347064644373619,-0.0023751479798301833,0.12328431372549256,0.06756137498233383,0.02237693220476733,0.8686857562408229,0.11718227124964153,0.05942882659631543,0.9164183987008286,0.001346473429035381,0.007950703091137944,0.007282793471465459,1,0.8660254037844387,-0.49999999999999983,-0.433883739117558,-0.9009688679024191,True,True,1,16.4078013947,-6.3405734769,0.7449183472975266,0.7384206224846319,H002_combined_factors,3,per_corridor,logistic,2023,0.6471283548880545,26,"{""C"": 0.1, ""class_weight"": ""none""}"
2023-04-28,RUB_TJS,TJS,CBR,TJS_RC_F02_09_2016_T02_09_2026.dbf,10,74.7271,7.47271,0.1338202607,1.0,False,-0.0008330057468036722,0.0035238173255247585,-0.0007274526453735497,-0.0014618535073125383,0.05795999614911973,0.0035238173255247585,0.0007459348559153423,0.8081305820757773,0.0035238173255247585,9.461987635694946e-05,0.7441860465116402,0.05471669884714836,0.006632745432326059,0.8343269127300121,0.09946150337663862,0.04950158677792982,0.8977675666343512,0.0023696637737075426,0.0018169941947141748,0.00748742289740462,1,0.8660254037844387,-0.49999999999999983,-0.433883739117558,-0.9009688679024191,True,True,0,129.0294953237,-59.6707340127,0.7677033963703236,0.7384206224846319,H002_combined_factors,3,per_corridor,logistic,2023,0.6471283548880545,26,"{""C"": 0.1, ""class_weight"": ""none""}"
2023-05-05,RUB_TJS,TJS,CBR,TJS_RC_F02_09_2016_T02_09_2026.dbf,10,72.0283,7.20283,0.1388343193,1.0,False,-0.008722566509913765,-0.02351588671269711,-0.036918333346704246,-0.03727747459477959,-0.011143602416254783,0.0,-0.017198008097289774,0.0,0.0,-0.026453832169817115,0.0,0.0,-0.03225815119727793,0.0,0.052391423457647024,0.007144748792343947,0.5083068723066452,0.00436341614686054,0.005117408295667733,0.00786100074401536,5,0.49999999999999994,-0.8660254037844387,-0.433883739117558,-0.9009688679024191,True,True,0,227.6466333372,-26.165168271,0.778857987579572,0.7384206224846319,H002_combined_factors,3,per_corridor,logistic,2023,0.6471283548880545,26,"{""C"": 0.1, ""class_weight"": ""none""}"
2023-05-12,RUB_TJS,TJS,CBR,TJS_RC_F02_09_2016_T02_09_2026.dbf,10,69.5315,6.95315,0.1438197076,1.0,False,-0.010557337484738194,-0.03466415283992541,-0.05093553107153381,-0.066248840054415,-0.07166441252298095,0.0,-0.020362715806493292,0.0,0.0,-0.042455107013971594,0.0,0.0,-0.05685880668423504,0.0,0.013441326467403147,-0.02863346009628387,0.13389279284511318,0.007702872934838233,0.0077339481777513215,0.006494198413667834,8,0.49999999999999994,-0.8660254037844387,-0.433883739117558,-0.9009688679024191,True,True,1,0.0,123.5588754765,0.7737409067253359,0.7384206224846319,H002_combined_factors,3,per_corridor,logistic,2023,0.6471283548880545,26,"{""C"": 0.1, ""class_weight"": ""none""}"
2023-05-20,RUB_TJS,TJS,CBR,TJS_RC_F02_09_2016_T02_09_2026.dbf,10,73.2146,7.32146,0.1365847795,1.0,False,-0.0016363353723889418,-0.000972902017987054,0.03494504717814606,0.007603688855675861,-0.02079722240054782,0.010171446547475371,-0.0006570870813731311,0.4837905236907718,0.05297023651150923,0.017890162079196026,0.8240150345660779,0.05297023651150923,0.0016211535225543194,0.6967914033826483,0.06712355322091912,0.019898803587554026,0.6686363900342647,0.012872589981686723,0.014565817701208699,0.01076011943467179,2,0.49999999999999994,-0.8660254037844387,-0.9749279121818236,-0.2225209339563146,True,True,1,0.0,19.6315439048,0.8168059451627797,0.7384206224846319,H002_combined_factors,3,per_corridor,logistic,2023,0.6471283548880545,26,"{""C"": 0.1, ""class_weight"": ""none""}"
2023-05-26,RUB_TJS,TJS,CBR,TJS_RC_F02_09_2016_T02_09_2026.dbf,10,73.2865,7.32865,0.1364507788,1.0,False,0.0001978927830548205,0.0005693236926034295,-0.000655897761765889,0.054004300209257616,-0.01582226209197113,0.0009820445648818232,-0.00010996723358469573,0.2992093216812174,0.035961409336678685,0.003492468449204811,0.7806794120354725,0.054004300209257616,0.006366198432512071,0.7141634492858363,0.06817151610641714,0.017823407977821226,0.679075439921017,0.0020755153964262334,0.010219260525724097,0.010792740143313443,0,0.49999999999999994,-0.8660254037844387,-0.433883739117558,-0.9009688679024191,True,True,1,2.4561140183,1.1343620685,0.7553969862959565,0.7384206224846319,H002_combined_factors,3,per_corridor,logistic,2023,0.6471283548880545,26,"{""C"": 0.1, ""class_weight"": ""none""}"
2023-06-03,RUB_TJS,TJS,CBR,TJS_RC_F02_09_2016_T02_09_2026.dbf,10,74.1053,7.41053,0.1349431147,1.0,False,-0.0011133891106233085,0.002380652866995847,0.011421006298750314,0.012165606313494726,0.01986179865431903,0.010327508118852746,0.0020090128388603468,0.8752166377816222,0.011748274280221738,0.0064411702511835145,0.8884873515745937,0.06578025786873565,0.018217857343316046,0.9769319492502871,0.07558764831815368,0.02235481277621254,0.7891323453647294,0.003679801464998297,0.0029832740349205822,0.010234662009338763,2,1.2246467991473532e-16,-1.0,-0.9749279121818236,-0.2225209339563146,True,True,1,0.0,8.3691018538,0.7799961279337384,0.7384206224846319,H002_combined_factors,3,per_corridor,logistic,2023,0.6471283548880545,26,"{""C"": 0.1, ""class_weight"": ""none""}"
2023-06-09,RUB_TJS,TJS,CBR,TJS_RC_F02_09_2016_T02_09_2026.dbf,10,75.2263,7.52263,0.1329322325,1.0,False,0.007821281441538153,0.009407556101828751,0.013996891676405498,0.02646872207023132,0.08190244709232508,0.015127123161231548,0.008527118688150592,1.0,0.026720896428888308,0.013970786554110326,1.0,0.06338198395589645,0.02194893739864323,1.0,0.09185819514496174,0.03273296208824661,0.9589962723883995,0.003971972120269784,0.0035318997809204175,0.007569264475043787,0,1.2246467991473532e-16,-1.0,-0.433883739117558,-0.9009688679024191,True,True,1,0.0,-10.3509317549,0.7591696052439982,0.7384206224846319,H002_combined_factors,3,per_corridor,logistic,2023,0.6471283548880545,26,"{""C"": 0.1, ""class_weight"": ""none""}"
2023-06-17,RUB_TJS,TJS,CBR,TJS_RC_F02_09_2016_T02_09_2026.dbf,10,76.648,7.6648,0.1304665484,1.0,False,-0.0037071121440418464,0.0001565843728794647,0.018898975491284276,0.03316039408043614,0.04518194685728161,0.012105974816192022,7.437146327804456e-05,0.5984724851491587,0.03431198578239347,0.013644151762028045,0.8052124897080242,0.04689501820675113,0.0277407403037202,0.8480671853772996,0.10234929492388334,0.04414870836524343,0.9204433752392776,0.007340722328259445,0.00558834436543242,0.004509151288319276,2,1.2246467991473532e-16,-1.0,-0.9749279121818236,-0.2225209339563146,True,True,1,0.0,22.2972281886,0.7604975195061263,0.7384206224846319,H002_combined_factors,3,per_corridor,logistic,2023,0.6471283548880545,26,"{""C"": 0.1, ""class_weight"": ""none""}"
2023-06-23,RUB_TJS,TJS,CBR,TJS_RC_F02_09_2016_T02_09_2026.dbf,10,76.6087,7.66087,0.1305334773,1.0,False,-0.00758476673117936,-0.004547893870348707,-0.004217944918448735,0.026341561442877692,0.04553854132547208,0.0,-0.004029452418815582,0.0,0.018376551817648856,-0.00038622986157055283,0.6787117046347216,0.0455884861843765,0.017149300759396136,0.836178841435939,0.10178408347295842,0.03724257315080726,0.9153603393864146,0.004815854883807469,0.006339409861074729,0.004866057992430156,1,1.2246467991473532e-16,-1.0,-0.433883739117558,-0.9009688679024191,True,True,1,0.0,52.1876209249,0.7419961919223733,0.7384206224846319,H002_combined_factors,3,per_corridor,logistic,2023,0.6471283548880545,26,"{""C"": 0.1, ""class_weight"": ""none""}"
2023-07-22,RUB_TJS,TJS,CBR,TJS_RC_F02_09_2016_T02_09_2026.dbf,10,82.7774,8.27774,0.1208059205,1.0,False,-0.004944181120753233,-0.0030999051000304423,0.00317759637012327,-0.01407823305073641,0.07443116181872456,0.0,-0.003435714528216005,0.0,0.00317759637012327,-0.002715691191659708,0.20650547373395564,0.06704771185970948,0.009463868582651358,0.7237396858085079,0.1905021465091361,0.07816234363924468,0.8696499970455578,0.00473707426048081,0.004965808430639707,0.008864945931548943,2,-0.4999999999999998,-0.8660254037844388,-0.9749279121818236,-0.2225209339563146,True,True,1,0.0,25.6879394754,0.7618164560414674,0.7384206224846319,H002_combined_factors,3,per_corridor,logistic,2023,0.6471283548880545,26,"{""C"": 0.1, ""class_weight"": ""none""}"
2023-08-26,RUB_TJS,TJS,CBR,TJS_RC_F02_09_2016_T02_09_2026.dbf,10,86.4079,8.64079,0.1157301589,1.0,False,0.003230012411514327,0.00623834023118075,0.013863075291224325,-0.03720570046909644,0.037122967052751754,0.00623834023118075,0.003621068261596916,1.0,0.013863075291224325,-0.007509274747429018,0.16788870889817264,0.030151838128347208,-0.00681214005978803,0.30162194394752684,0.16601511632771215,0.05059964118736815,0.6775119090233227,0.0034217384243704486,0.018510624557860535,0.014817653064385105,0,-0.8660254037844384,-0.5000000000000004,-0.9749279121818236,-0.2225209339563146,True,True,1,0.0,-5.8941371284,0.7973057797874151,0.7384206224846319,H002_combined_factors,3,per_corridor,logistic,2023,0.6471283548880545,26,"{""C"": 0.1, ""class_weight"": ""none""}"
2023-09-02,RUB_TJS,TJS,CBR,TJS_RC_F02_09_2016_T02_09_2026.dbf,10,87.8848,8.78848,0.113785319,1.0,False,8.762237260895311e-05,0.00656960389961414,0.017092187172700557,0.031192212741591785,0.013078932382864839,0.009023076066402735,0.003960331796022176,1.0,0.02343715428275961,0.01229791862504559,1.0,0.031192212741591785,0.0031074315266474972,0.37775314746923444,0.1604833938984196,0.05471982344528814,0.7351293807386613,0.002939595457157422,0.003026027159529838,0.014383541089224312,0,-1.0,-1.8369701987210297e-16,-0.9749279121818236,-0.2225209339563146,True,True,1,0.0,-11.4371118331,0.7389403997360073,0.7384206224846319,H002_combined_factors,3,per_corridor,logistic,2023,0.6471283548880545,26,"{""C"": 0.1, ""class_weight"": ""none""}"
2023-09-22,RUB_TJS,TJS,CBR,TJS_RC_F02_09_2016_T02_09_2026.dbf,10,87.652,8.7652,0.114087528,1.0,False,-0.0055986976079324124,-0.00591673027217865,-0.0008799806677821653,-0.021641706914429903,0.017674507167678488,0.0,-0.0037894914862032225,0.0,0.014421468904322499,-0.002827173585227216,0.42524656178548476,0.014421468904322499,-0.003419959536248851,0.39124018838304697,0.08235596288585456,0.020679317910655914,0.5911959720597098,0.004775097482911832,0.00936984990933498,0.0074198648403218555,1,-1.0,-1.8369701987210297e-16,-0.433883739117558,-0.9009688679024191,True,True,1,3.0233194907,17.4753240972,0.8014978800245337,0.7384206224846319,H002_combined_factors,3,per_corridor,logistic,2023,0.6471283548880545,26,"{""C"": 0.1, ""class_weight"": ""none""}"
2023-09-29,RUB_TJS,TJS,CBR,TJS_RC_F02_09_2016_T02_09_2026.dbf,10,88.5182,8.85182,0.1129711178,1.0,False,0.005337985330762018,0.0091258662732836,0.009882261671154025,0.008993584804147359,0.0072954159843690025,0.010187673679465492,0.006552503492075923,1.0,0.010187673679465492,0.006303851054906717,1.0,0.02444624730487166,0.004432209659629871,0.6632025117739414,0.07370272433953584,0.025318539194849166,0.6186442403632734,0.0021874260451562252,0.003678286510980848,0.007237034776426016,0,-1.0,-1.8369701987210297e-16,-0.433883739117558,-0.9009688679024191,True,True,1,0.0,-13.2755683163,0.7619045777194078,0.7384206224846319,H002_combined_factors,3,per_corridor,logistic,2023,0.6471283548880545,26,"{""C"": 0.1, ""class_weight"": ""none""}"
2023-10-14,RUB_TJS,TJS,CBR,TJS_RC_F02_09_2016_T02_09_2026.dbf,10,88.781,8.8781,0.1126367128,1.0,False,0.0032238854543213957,-0.025402052802019903,-0.031246794682938228,-0.0014194575917361174,0.006981188786997272,0.0032238854543213957,-0.01795904588019781,0.07220408473160718,0.0032238854543213957,-0.019807655703975136,0.07220408473160718,0.013186800645930807,-0.005883896205952421,0.2396557088043151,0.0768904199315883,0.012592845865384561,0.6335832083958023,0.015734541738311243,0.012612637059811754,0.009041534270223155,0,-0.8660254037844386,0.5000000000000001,-0.9749279121818236,-0.2225209339563146,True,True,1,2.3428436265,70.7958691678,0.7563623896686377,0.7384206224846319,H002_combined_factors,3,per_corridor,logistic,2023,0.6471283548880545,26,"{""C"": 0.1, ""class_weight"": ""none""}"
2023-10-20,RUB_TJS,TJS,CBR,TJS_RC_F02_09_2016_T02_09_2026.dbf,10,88.7898,8.87898,0.1126255493,1.0,False,-0.0006494273896282543,0.00033348279972322814,0.0033233253141113916,-0.02347986850657746,0.01298087893031541,0.00033348279972322814,-4.212018126548145e-05,0.3390607101947175,0.0033233253141113916,-0.012189073600590516,0.07443119985827545,0.013287228032935694,-0.007688226315544,0.24148086695012125,0.0657120566524636,0.007919605090783266,0.5995181778361808,0.0015164784650006377,0.011520541762130177,0.008829734395687933,1,-0.8660254037844386,0.5000000000000001,-0.433883739117558,-0.9009688679024191,True,True,0,144.633730451,-61.9245317535,0.8017839567688393,0.7384206224846319,H002_combined_factors,3,per_corridor,logistic,2023,0.6471283548880545,26,"{""C"": 0.1, ""class_weight"": ""none""}"
2023-10-26,RUB_TJS,TJS,CBR,TJS_RC_F02_09_2016_T02_09_2026.dbf,10,85.0171,8.50171,0.1176233958,1.0,False,-0.0037474996162271124,-0.0284381799564829,-0.04311207405948403,-0.06783788465882057,-0.034425462417176034,0.0,-0.018356051703063758,0.0,0.0,-0.03026880446725777,0.0,0.0,-0.046148916469212486,0.0,0.0,-0.03637475034374693,0.0,0.0061478325059265105,0.010243759554289186,0.010149327386792483,5,-0.8660254037844386,0.5000000000000001,0.43388373911755823,-0.900968867902419,True,True,1,0.0,77.2137618537,0.7614051428493063,0.7384206224846319,H002_combined_factors,3,per_corridor,logistic,2023,0.6471283548880545,26,"{""C"": 0.1, ""class_weight"": ""none""}"
2023-11-03,RUB_TJS,TJS,CBR,TJS_RC_F02_09_2016_T02_09_2026.dbf,10,85.0514,8.50514,0.1175759599,1.0,False,-0.0013491251821434735,-0.0005922318916873337,-0.0038265082029231845,-0.04210393536194468,-0.06459520900261417,0.012639630050315764,0.0020823647482064445,0.9023374415639736,0.012639630050315764,-0.004077185850657972,0.30195119176290136,0.012639630050315764,-0.029564479016203182,0.12552617887717082,0.012639630050315764,-0.03287710761520268,0.12552617887717082,0.009744887373287289,0.009152732291374747,0.010175603783518198,1,-0.5000000000000004,0.8660254037844384,-0.433883739117558,-0.9009688679024191,True,True,1,14.7910557616,-21.4396532758,0.7844816682734566,0.7384206224846319,H002_combined_factors,3,per_corridor,logistic,2023,0.6471283548880545,26,"{""C"": 0.1, ""class_weight"": ""none""}"
2023-11-10,RUB_TJS,TJS,CBR,TJS_RC_F02_09_2016_T02_09_2026.dbf,10,83.9175,8.39175,0.1191646558,1.0,False,-0.003036599578725374,-0.011870390082613369,-0.014663076827336585,-0.01293386859819956,-0.07989434697086306,0.0,-0.006751262606834674,0.0,0.0,-0.009401639281369722,0.0,0.0,-0.026392939421436057,0.0,0.0,-0.041824068733130715,0.0,0.0021112802402118865,0.007021000821761223,0.00902920738121126,5,-0.5000000000000004,0.8660254037844384,-0.433883739117558,-0.9009688679024191,True,True,1,0.0,35.0439525263,0.7771154099622435,0.7384206224846319,H002_combined_factors,3,per_corridor,logistic,2023,0.6471283548880545,26,"{""C"": 0.1, ""class_weight"": ""none""}"
2023-11-17,RUB_TJS,TJS,CBR,TJS_RC_F02_09_2016_T02_09_2026.dbf,10,81.1957,8.11957,0.1231592313,1.0,False,-0.005790475164261455,-0.03464408343399561,-0.0324342360056008,-0.04662172713855128,-0.08612285095247485,0.0,-0.020097985736119206,0.0,0.0,-0.029623970130913224,0.0,0.0,-0.04164406876686,0.0,0.0,-0.07035440779632307,0.0,0.008630670668513463,0.006218999379306488,0.0076368731280857735,3,-0.5000000000000004,0.8660254037844384,-0.433883739117558,-0.9009688679024191,True,True,1,0.0,104.8171931813,0.7840274737021873,0.7384206224846319,H002_combined_factors,3,per_corridor,logistic,2023,0.6471283548880545,26,"{""C"": 0.1, ""class_weight"": ""none""}"
2023-11-24,RUB_TJS,TJS,CBR,TJS_RC_F02_09_2016_T02_09_2026.dbf,10,80.4563,8.04563,0.1242910748,1.0,False,-0.0006657566336564225,-0.0042906822766481945,-0.009106393565176507,-0.04124527065272454,-0.053645678340004554,0.002749399581483125,-0.00271779954176965,0.19398522687301803,0.002749399581483125,-0.016045337863206166,0.05694519734634284,0.002749399581483125,-0.03345491786661947,0.04289825762289924,0.002749399581483125,-0.07332267453110386,0.018065234659700228,0.004967378637703202,0.0070903421036783935,0.007027015909859211,1,-0.5000000000000004,0.8660254037844384,-0.433883739117558,-0.9009688679024191,True,True,1,0.0,36.1176826088,0.8134772921089929,0.7384206224846319,H002_combined_factors,3,per_corridor,logistic,2023,0.6471283548880545,26,"{""C"": 0.1, ""class_weight"": ""none""}"
2023-12-01,RUB_TJS,TJS,CBR,TJS_RC_F02_09_2016_T02_09_2026.dbf,10,80.8834,8.08834,0.1236347631,1.0,False,-0.003417906181309216,-0.0012187878555877107,0.005308471803948445,-0.003846262794704569,-0.050288670518737866,0.0,-0.0014575045931271013,0.0,0.008072466495587571,0.0005553046437893894,0.5695568061906499,0.008072466495587571,-0.016692786186232822,0.13449758082937252,0.008072466495587571,-0.06171827643686323,0.05304103576195907,0.004411565950039559,0.00468281703331451,0.005808005156503629,1,-2.4492935982947064e-16,1.0,-0.433883739117558,-0.9009688679024191,True,True,1,0.0,63.8079027454,0.8015046822944676,0.7384206224846319,H002_combined_factors,3,per_corridor,logistic,2023,0.6471283548880545,26,"{""C"": 0.1, ""class_weight"": ""none""}"
2023-12-09,RUB_TJS,TJS,CBR,TJS_RC_F02_09_2016_T02_09_2026.dbf,10,83.5859,8.35859,0.119637403,1.0,False,-0.010166452719185703,2.153519628733669e-05,0.019799153521523616,0.03094592911174443,-0.005325263526169466,0.009572019025671175,-0.002674619252151844,0.4285868801038337,0.03341229473538432,0.013231446796739155,0.7189220824133423,0.04175448086076394,0.019545209790041262,0.7602341835345371,0.04175448086076394,-0.0251557112856855,0.27435244404772624,0.009801925056758027,0.007960535242260971,0.008426004766807967,2,-2.4492935982947064e-16,1.0,-0.9749279121818236,-0.2225209339563146,True,True,0,65.1066746903,23.3447416954,0.7654207798207565,0.7384206224846319,H002_combined_factors,3,per_corridor,logistic,2023,0.6471283548880545,26,"{""C"": 0.1, ""class_weight"": ""none""}"
2023-12-16,RUB_TJS,TJS,CBR,TJS_RC_F02_09_2016_T02_09_2026.dbf,10,81.8811,8.18811,0.1221283056,1.0,False,0.0010636463999236234,-0.004756151516182805,-0.02039578445646928,-0.0010004502025912076,0.006245322459934366,0.0010636463999236234,-0.0038376311216993253,0.06973388906700363,0.0010636463999236234,-0.013519944387753169,0.03054346299676763,0.020507081012566708,-0.0008458163390628881,0.37337750748842796,0.020507081012566708,-0.039635216413150265,0.13474404854520036,0.00395064881163885,0.008230757483364179,0.007180746092784271,0,-2.4492935982947064e-16,1.0,-0.9749279121818236,-0.2225209339563146,True,True,1,0.0,17.8163805161,0.8151417197661477,0.7384206224846319,H002_combined_factors,3,per_corridor,logistic,2023,0.6471283548880545,26,"{""C"": 0.1, ""class_weight"": ""none""}"
2023-12-23,RUB_TJS,TJS,CBR,TJS_RC_F02_09_2016_T02_09_2026.dbf,10,83.9111,8.39111,0.1191737446,1.0,False,0.0023724055547258427,0.02080760869432985,0.024792046027715786,0.003890608344230273,0.034956935945996914,0.02080760869432985,0.011374103232328903,1.0,0.0258820623981435,0.016094552346649804,1.0,0.037432897232312135,0.01663375664450073,0.8054321513128128,0.045807539536640185,-0.011017271671561635,0.3009835152686445,0.006590209352510884,0.006993474193664598,0.0074203330448949015,0,-2.4492935982947064e-16,1.0,-0.9749279121818236,-0.2225209339563146,True,True,1,0.0,-56.2272992252,0.7712855392563045,0.7384206224846319,H002_combined_factors,3,per_corridor,logistic,2023,0.6471283548880545,26,"{""C"": 0.1, ""class_weight"": ""none""}"
2023-12-29,RUB_TJS,TJS,CBR,TJS_RC_F02_09_2016_T02_09_2026.dbf,10,82.4326,8.24326,0.1213112288,1.0,False,-0.014746660547125368,-0.0177439208214325,-0.015289233985366635,0.007806186509784707,0.0191534975038139,0.0,-0.013053668647441286,0.0,0.006735376051371977,-0.0073402482955946535,0.27026364794667906,0.007806186509784707,-0.007157024250897259,0.224160932453303,0.0273805799662743,-0.02338558187968831,0.17990713519445092,0.006791585022383047,0.007567609200769283,0.008238027519229953,3,-2.4492935982947064e-16,1.0,-0.433883739117558,-0.9009688679024191,True,True,0,68.1041238539,39.5068743895,0.7905180006486079,0.7384206224846319,H002_combined_factors,3,per_corridor,logistic,2023,0.6471283548880545,26,"{""C"": 0.1, ""class_weight"": ""none""}"
2023-01-14,RUB_UZS,UZS,CBR,UZS_RC_F02_09_2016_T02_09_2026.dbf,10000,59.7983,0.00597983,167.2288342645,1.0,False,-0.001080801162654632,-0.030578184146746734,-0.045653530464147885,-0.022579384992080676,0.0794228714186691,0.0,-0.018443607818007135,0.0,0.0,-0.03390695257802301,0.0,0.0719749459067498,-0.01116522112991647,0.47190879172543504,0.1116847336063671,0.05471622358996919,0.5721196883987586,0.0066555648675396956,0.0158583688034553,0.020043744152224593,6,0.49999999999999994,0.8660254037844387,-0.9749279121818236,-0.2225209339563146,True,True,1,0.0,88.7233647586,0.5996057583676206,0.5805123867484608,H002_combined_factors,3,per_corridor,logistic,2023,0.6250676406926408,26,"{""C"": 0.01, ""class_weight"": ""balanced""}"
2023-01-21,RUB_UZS,UZS,CBR,UZS_RC_F02_09_2016_T02_09_2026.dbf,10000,60.8468,0.00608468,164.3471801311,1.0,False,-0.002097591296062018,0.005081005365118907,0.01753394327263491,-0.028920073604866925,0.057736134409957396,0.00837400462368354,0.0022510242934705715,0.7980101073910361,0.01753394327263491,0.0005059521313708348,0.43430535995360814,0.033103497455732045,-0.010910386612955625,0.36144377294130764,0.13117695066247514,0.06520497258346158,0.671971125459498,0.004098313363581435,0.008513189581279779,0.01983107679338173,1,0.49999999999999994,0.8660254037844387,-0.9749279121818236,-0.2225209339563146,True,True,1,27.3966749279,-8.0994795609,0.6078543231269676,0.5805123867484608,H002_combined_factors,3,per_corridor,logistic,2023,0.6250676406926408,26,"{""C"": 0.01, ""class_weight"": ""balanced""}"
2023-01-28,RUB_UZS,UZS,CBR,UZS_RC_F02_09_2016_T02_09_2026.dbf,10000,61.2518,0.00612518,163.2605082626,1.0,False,0.0006289482841146388,0.005847703532433357,0.0066560607953087825,0.024306711060347874,0.0011784954813442994,0.009421540175444498,0.0033916096975399324,1.0,0.015085803302867795,0.006149239168197651,1.0,0.024306711060347874,-0.002206402975080457,0.32350322724237685,0.13870613321633662,0.06302063521295986,0.710540350075234,0.002922178990163675,0.0035431335382548968,0.011427526681707685,0,0.49999999999999994,0.8660254037844387,-0.9749279121818236,-0.2225209339563146,True,True,1,0.0,-7.4408825615,0.5974606331959244,0.5805123867484608,H002_combined_factors,3,per_corridor,logistic,2023,0.6250676406926408,26,"{""C"": 0.01, ""class_weight"": ""balanced""}"
2023-03-04,RUB_UZS,UZS,CBR,UZS_RC_F02_09_2016_T02_09_2026.dbf,10000,66.402,0.0066402,150.597873558,1.0,False,-0.0014136188642926983,0.003657799274485951,0.0045764340123601865,0.016516362511883154,0.06719939312898582,0.003657799274485951,0.0003296167587523158,0.7202380952380784,0.01715166285501568,0.0045423917736509,0.922550877482075,0.06967153696215989,0.023888574672843443,0.9787282190540834,0.21657496825824318,0.08012710305650206,0.9921107185121146,0.003942639357263219,0.006028504829800202,0.006067878234031846,1,1.0,6.123233995736766e-17,-0.9749279121818236,-0.2225209339563146,True,True,1,7.9666275112,-4.7460844803,0.5911182926363154,0.5805123867484608,H002_combined_factors,3,per_corridor,logistic,2023,0.6250676406926408,26,"{""C"": 0.01, ""class_weight"": ""balanced""}"
2023-03-11,RUB_UZS,UZS,CBR,UZS_RC_F02_09_2016_T02_09_2026.dbf,10000,66.5731,0.00665731,150.2108208871,1.0,False,-0.0014399474419184433,0.003376081966447231,0.0011594682386908417,0.006701960837684595,0.06515085334498116,0.003376081966447231,0.0011371859505051596,0.6999999999999919,0.0071649558619959475,0.002477843590923179,0.8314606741572993,0.05568030091116971,0.013392537747380473,0.9733872979790973,0.20171521199168208,0.06972929974557962,0.9914823391626073,0.0020085142619798765,0.0029157434730553203,0.0060771834566286246,1,1.0,6.123233995736766e-17,-0.9749279121818236,-0.2225209339563146,True,True,0,58.8225574594,-9.7431448406,0.6207832023530679,0.5805123867484608,H002_combined_factors,3,per_corridor,logistic,2023,0.6250676406926408,26,"{""C"": 0.01, ""class_weight"": ""balanced""}"
2023-03-17,RUB_UZS,UZS,CBR,UZS_RC_F02_09_2016_T02_09_2026.dbf,10000,66.7355,0.00667355,149.8452847435,1.0,False,0.008450155115955482,0.008370919365683793,0.000995963647326903,0.005319180987731764,0.027643851352703974,0.013578062468200036,0.006544640414301028,1.0,0.013578062468200036,0.005176541326928685,1.0,0.023652664759523656,0.009191154509962551,1.0,0.18995230241162564,0.06026137771938367,1.0,0.0063264822929068095,0.0044055973403974704,0.005172788900132012,0,1.0,6.123233995736766e-17,-0.433883739117558,-0.9009688679024191,True,True,1,0.0,-20.1776975846,0.5887307521435319,0.5805123867484608,H002_combined_factors,3,per_corridor,logistic,2023,0.6250676406926408,26,"{""C"": 0.01, ""class_weight"": ""balanced""}"
2023-03-24,RUB_UZS,UZS,CBR,UZS_RC_F02_09_2016_T02_09_2026.dbf,10000,67.083,0.0067083,149.0690636972,1.0,False,-0.004688496861971148,-0.008375511459047802,0.005207123644836775,0.0062082733980211025,0.027583280613581396,0.0,-0.00327650024842685,0.0,0.018855888763166018,0.004198193033050357,0.6866323765278467,0.018855888763166018,0.007503523025787606,0.6866323765278467,0.12182118889667426,0.05165199411061505,0.9278336071733343,0.005999883399514507,0.005829520738966747,0.005229607194517776,1,1.0,6.123233995736766e-17,-0.433883739117558,-0.9009688679024191,True,True,1,0.0,25.0488465253,0.6149658359018427,0.5805123867484608,H002_combined_factors,3,per_corridor,logistic,2023,0.6250676406926408,26,"{""C"": 0.01, ""class_weight"": ""balanced""}"
2023-03-31,RUB_UZS,UZS,CBR,UZS_RC_F02_09_2016_T02_09_2026.dbf,10000,67.5304,0.00675304,148.0814566477,1.0,False,-0.0006215555463473521,0.008118041518751395,0.00666934990981316,0.011911201684261075,0.017293740509532585,0.008118041518751395,0.0038533588975249167,0.928303175145097,0.008118041518751395,0.0036121202573737854,0.8202111613876271,0.02565099519300129,0.010335417253114265,0.9340744427852423,0.12930300694166896,0.05143169724198682,0.9848178008737403,0.003163332991681846,0.004524231655963934,0.004359165750001649,1,1.0,6.123233995736766e-17,-0.433883739117558,-0.9009688679024191,True,True,1,0.0,-12.2189395045,0.6445023131961705,0.5805123867484608,H002_combined_factors,3,per_corridor,logistic,2023,0.6250676406926408,26,"{""C"": 0.01, ""class_weight"": ""balanced""}"
2023-04-21,RUB_UZS,UZS,CBR,UZS_RC_F02_09_2016_T02_09_2026.dbf,10000,71.494,0.0071494,139.8718773603,1.0,False,0.0012926863085893636,0.002147438772764021,0.000520594261148144,0.007232962246022101,0.06575436399683965,0.0035978140787813473,0.0017713925566762434,1.0,0.0035978140787813473,-0.0020163752845016036,0.21230947647448944,0.06728808448256807,0.021936237119396074,0.8257882490885441,0.17404020316705449,0.07393039010152647,0.9176652928341358,0.0016435208977199996,0.008082131252584926,0.007870747645248125,0,0.8660254037844387,-0.49999999999999983,-0.433883739117558,-0.9009688679024191,True,True,1,16.2251377738,-17.0093285098,0.6382227855985785,0.5805123867484608,H002_combined_factors,3,per_corridor,logistic,2023,0.6250676406926408,26,"{""C"": 0.01, ""class_weight"": ""balanced""}"
2023-04-28,RUB_UZS,UZS,CBR,UZS_RC_F02_09_2016_T02_09_2026.dbf,10000,71.6879,0.00716879,139.4935547003,1.0,False,0.0013619144466296973,0.0069600125856130735,0.002712115702016904,0.003234121875035134,0.06156486560126995,0.0069600125856130735,0.003391391492268303,1.0,0.0069600125856130735,0.003939552357842491,1.0,0.059995209255009785,0.00964664008373739,0.8427666424343138,0.15482223689933483,0.06319149854945771,0.9269861784932342,0.00252019030940002,0.002019139519865204,0.00787944284776869,0,0.8660254037844387,-0.49999999999999983,-0.433883739117558,-0.9009688679024191,True,True,0,140.2189211847,-78.6747328419,0.6234926632536304,0.5805123867484608,H002_combined_factors,3,per_corridor,logistic,2023,0.6250676406926408,26,"{""C"": 0.01, ""class_weight"": ""balanced""}"
2023-05-05,RUB_UZS,UZS,CBR,UZS_RC_F02_09_2016_T02_09_2026.dbf,10000,68.6017,0.00686017,145.7689824013,1.0,False,-0.010596165938814295,-0.029441433335172573,-0.04174721750402299,-0.03921475258992446,-0.01785146731645304,0.0,-0.020890202836265193,0.0,0.0,-0.03017412608272152,0.0,0.0,-0.035973120617501686,0.0,0.09968757463984512,0.010022804699532317,0.6180481017690317,0.005798357086206657,0.0063482891423829865,0.008460846455967402,4,0.49999999999999994,-0.8660254037844387,-0.433883739117558,-0.9009688679024191,True,True,0,215.7818246487,-4.3478876807,0.6186636510025196,0.5805123867484608,H002_combined_factors,3,per_corridor,logistic,2023,0.6250676406926408,26,"{""C"": 0.01, ""class_weight"": ""balanced""}"
2023-05-12,RUB_UZS,UZS,CBR,UZS_RC_F02_09_2016_T02_09_2026.dbf,10000,66.257,0.0066257,150.9274491752,1.0,False,-0.012268932617769845,-0.03417845330363534,-0.053717462031300345,-0.06932481557020131,-0.07622274273604368,0.0,-0.021015288278690814,0.0,0.0,-0.04495102737998269,0.0,0.0,-0.059210913988304026,0.0,0.03347319492754752,-0.0274842089295112,0.2575024898306912,0.007467730501223875,0.008287102070368355,0.006863022291050992,7,0.49999999999999994,-0.8660254037844387,-0.433883739117558,-0.9009688679024191,True,True,1,0.0,123.4570530232,0.6264735554665538,0.5805123867484608,H002_combined_factors,3,per_corridor,logistic,2023,0.6250676406926408,26,"{""C"": 0.01, ""class_weight"": ""balanced""}"
2023-05-20,RUB_UZS,UZS,CBR,UZS_RC_F02_09_2016_T02_09_2026.dbf,10000,69.5581,0.00695581,143.7647089268,1.0,False,-0.003773903777627652,-0.007053311673295148,0.03295569128690845,0.0031974547279640664,-0.02357740353773352,0.0053797088713163355,-0.004433512061196687,0.2423808283407138,0.04982266024721915,0.014353434830751022,0.739410908276402,0.04982266024721915,-0.003393726180677903,0.6078366384945396,0.06549707960657014,0.01421665067187261,0.5969619970401804,0.015481197987205446,0.015528295935685683,0.011608031785966423,2,0.49999999999999994,-0.8660254037844387,-0.9749279121818236,-0.2225209339563146,True,True,1,0.0,41.0379676879,0.5996221045331401,0.5805123867484608,H002_combined_factors,3,per_corridor,logistic,2023,0.6250676406926408,26,"{""C"": 0.01, ""class_weight"": ""balanced""}"
2023-05-26,RUB_UZS,UZS,CBR,UZS_RC_F02_09_2016_T02_09_2026.dbf,10000,70.0509,0.00700509,142.7533407851,1.0,False,0.001274983312298028,0.005849792155764755,0.0032840840083869782,0.05726036494257225,-0.016034014866755375,0.007084724855911828,0.002938191739274565,1.0,0.0402738981480244,0.005974738223748721,0.8017501330337614,0.05726036494257225,0.007851573641818765,0.6985766631681674,0.06393232231950963,0.017368530588705244,0.6374594905654664,0.003320001262367029,0.011338195555748554,0.011676030145444879,0,0.49999999999999994,-0.8660254037844387,-0.433883739117558,-0.9009688679024191,True,True,1,8.4367224404,-14.5125342671,0.6198334257561046,0.5805123867484608,H002_combined_factors,3,per_corridor,logistic,2023,0.6250676406926408,26,"{""C"": 0.01, ""class_weight"": ""balanced""}"
2023-06-02,RUB_UZS,UZS,CBR,UZS_RC_F02_09_2016_T02_09_2026.dbf,10000,71.0215,0.00710215,140.802433066,1.0,False,0.00014504754179611723,0.012686113859903703,0.013855639256597607,0.017185226348293225,0.014329131568649345,0.014711723373309393,0.006513715337516546,1.0,0.021038527504345206,0.011647805858886695,1.0,0.07190938315951523,0.023693197182034664,1.0,0.07867378477100306,0.02627079249060782,0.7844443771390489,0.0034485071985676068,0.003377808869447558,0.0111747289992433,0,1.2246467991473532e-16,-1.0,-0.433883739117558,-0.9009688679024191,True,True,1,19.1350506537,-33.8281856742,0.617923228162939,0.5805123867484608,H002_combined_factors,3,per_corridor,logistic,2023,0.6250676406926408,26,"{""C"": 0.01, ""class_weight"": ""balanced""}"
2023-06-09,RUB_UZS,UZS,CBR,UZS_RC_F02_09_2016_T02_09_2026.dbf,10000,71.6781,0.00716781,139.5126265903,1.0,False,0.008604604694751217,0.0070982073232930265,0.009245087755116455,0.023228823612544636,0.08181927947235756,0.011179985779904644,0.007367412711717147,1.0,0.024092822302041128,0.011575565060653936,1.0,0.06443823703683904,0.02038162401712884,1.0,0.08864621857035448,0.029929108834096274,0.8838780022412697,0.0046752996998313204,0.003902583361179394,0.008428280418127293,0,1.2246467991473532e-16,-1.0,-0.433883739117558,-0.9009688679024191,True,True,1,0.0,-0.9946246418,0.6475485736991229,0.5805123867484608,H002_combined_factors,3,per_corridor,logistic,2023,0.6250676406926408,26,"{""C"": 0.01, ""class_weight"": ""balanced""}"
2023-06-17,RUB_UZS,UZS,CBR,UZS_RC_F02_09_2016_T02_09_2026.dbf,10000,72.9923,0.00729923,137.0007521341,1.0,False,-0.0021517518185310003,-0.0014309772370646456,0.018334749386493154,0.027749343508655988,0.045411448606162086,0.009980490099763317,-0.0002676278258429976,0.5642650395055951,0.029719717403816848,0.01261659151704042,0.7908923677591334,0.049371676339635684,0.02598950962648372,0.8604429745439977,0.10165416484296008,0.04094383159079662,0.9236180628882524,0.007149539517729628,0.005774329300224325,0.00463531032458839,2,1.2246467991473532e-16,-1.0,-0.9749279121818236,-0.2225209339563146,True,True,1,0.0,21.3674629453,0.6323136426941982,0.5805123867484608,H002_combined_factors,3,per_corridor,logistic,2023,0.6250676406926408,26,"{""C"": 0.01, ""class_weight"": ""balanced""}"
2023-06-23,RUB_UZS,UZS,CBR,UZS_RC_F02_09_2016_T02_09_2026.dbf,10000,72.7023,0.00727023,137.5472302802,1.0,False,-0.008449056078819628,-0.0077128436385077714,-0.006116224673511916,0.02301643810172438,0.03917286172291412,0.0,-0.005922436509577356,0.0,0.014288883215375359,-0.0032891787499750302,0.5473492945703284,0.03872596504161918,0.012303343321912408,0.7619114546732255,0.0972772688168797,0.030976848967875004,0.8838500884494603,0.0046561293751830705,0.00651694926400723,0.005015481307282957,2,1.2246467991473532e-16,-1.0,-0.433883739117558,-0.9009688679024191,True,True,1,0.0,67.2319193818,0.6326861047377993,0.5805123867484608,H002_combined_factors,3,per_corridor,logistic,2023,0.6250676406926408,26,"{""C"": 0.01, ""class_weight"": ""balanced""}"
2023-07-15,RUB_UZS,UZS,CBR,UZS_RC_F02_09_2016_T02_09_2026.dbf,10000,77.8086,0.00778086,128.5204977342,1.0,False,0.0003098303646613676,-0.0065423066610488245,-0.019578540971543323,0.011348467222543457,0.06598367225036061,0.0003098303646613676,-0.005745847147636485,0.018641707920788737,0.0036555855386377623,-0.008006592839746696,0.1027817067421023,0.07023574219797712,0.020206443097882998,0.6736365795097745,0.17434535218920266,0.07426042192414295,0.8236141314035144,0.00419128285981122,0.010814066403568735,0.009262293512045253,0,-0.4999999999999998,-0.8660254037844388,-0.9749279121818236,-0.2225209339563146,True,True,1,0.0,23.2849768304,0.6166265193520062,0.5805123867484608,H002_combined_factors,3,per_corridor,logistic,2023,0.6250676406926408,26,"{""C"": 0.01, ""class_weight"": ""balanced""}"
2023-07-21,RUB_UZS,UZS,CBR,UZS_RC_F02_09_2016_T02_09_2026.dbf,10000,78.3221,0.00783221,127.67788402,1.0,False,-0.0031589544649822665,0.0028412219174853703,0.006911402657341581,-0.02441877121415026,0.0772987924728652,0.006599527558650342,0.0014182115651497629,0.6741499277930918,0.006911402657341581,-0.0008674564772849225,0.3407060016477525,0.06960435805657328,0.013279858982963022,0.722212775605054,0.1820954767043481,0.07449236730053799,0.8602260168977923,0.0029474293345291055,0.005406876227153856,0.008917398237902422,1,-0.4999999999999998,-0.8660254037844388,-0.433883739117558,-0.9009688679024191,True,True,1,45.6065401719,-20.3365853837,0.588063871314132,0.5805123867484608,H002_combined_factors,3,per_corridor,logistic,2023,0.6250676406926408,26,"{""C"": 0.01, ""class_weight"": ""balanced""}"
2023-07-28,RUB_UZS,UZS,CBR,UZS_RC_F02_09_2016_T02_09_2026.dbf,10000,77.4392,0.00774392,129.1335654294,1.0,False,-0.0012909582624553995,-0.006430554628921725,-0.011272680380122524,-0.0044391877559154524,0.022163381516127734,0.0,-0.003573994659595514,0.0,0.0,-0.0067322036933167295,0.0,0.006547042652611523,-0.009180084851346915,0.150492978786971,0.1687700922166715,0.05465078699906112,0.7972763894335312,0.0016362020799716693,0.002956815874218137,0.00846706503155316,6,-0.4999999999999998,-0.8660254037844388,-0.433883739117558,-0.9009688679024191,True,True,1,0.0,70.1824509251,0.583982991837181,0.5805123867484608,H002_combined_factors,3,per_corridor,logistic,2023,0.6250676406926408,26,"{""C"": 0.01, ""class_weight"": ""balanced""}"
2023-08-19,RUB_UZS,UZS,CBR,UZS_RC_F02_09_2016_T02_09_2026.dbf,10000,77.4103,0.00774103,129.1817755518,1.0,False,-0.0017563655355173902,-0.0415626640517438,-0.04819851887918758,-0.048959769225288,-0.007113457466116135,0.0,-0.031687863709813247,0.0,0.0,-0.04788700242264521,0.0,0.0,-0.03339935061570143,0.0,0.10599098751568059,0.011480188133801805,0.533118222388307,0.02752428787077515,0.022168473415997633,0.016517057736897173,4,-0.8660254037844384,-0.5000000000000004,-0.9749279121818236,-0.2225209339563146,True,True,1,0.0,122.2144951525,0.6276815114631136,0.5805123867484608,H002_combined_factors,3,per_corridor,logistic,2023,0.6250676406926408,26,"{""C"": 0.01, ""class_weight"": ""balanced""}"
2023-08-25,RUB_UZS,UZS,CBR,UZS_RC_F02_09_2016_T02_09_2026.dbf,10000,78.2269,0.00782269,127.8332645164,1.0,False,0.0014158376676827178,0.003612789995034893,0.008774090384479072,-0.06180259054929238,0.010171850948873518,0.01054898379156266,0.004241267774221624,1.0,0.01054898379156266,-0.01368178320489355,0.1256926486885852,0.01054898379156266,-0.024087639230212732,0.1256926486885852,0.10356546322525317,0.015453184331701175,0.5637829743117159,0.003873815117903479,0.020494677683130996,0.016596035165096296,0,-0.8660254037844384,-0.5000000000000004,-0.433883739117558,-0.9009688679024191,True,True,1,0.0,5.473744461,0.6493076203319427,0.5805123867484608,H002_combined_factors,3,per_corridor,logistic,2023,0.6250676406926408,26,"{""C"": 0.01, ""class_weight"": ""balanced""}"
2023-09-02,RUB_UZS,UZS,CBR,UZS_RC_F02_09_2016_T02_09_2026.dbf,10000,79.6868,0.00796868,125.4912984334,1.0,False,6.902497825711507e-05,0.005146394748659189,0.013758614241024647,0.029408231204374635,-0.020991358234003443,0.007447751325259766,0.0032997283465399097,1.0,0.024465248547898222,0.011508994908867809,1.0,0.029408231204374635,-0.0044364886118088975,0.3504032754586884,0.10261100579762283,0.023566809234050634,0.6373097515490594,0.002401937378350889,0.0028257159897002674,0.015878850897501344,0,-1.0,-1.8369701987210297e-16,-0.9749279121818236,-0.2225209339563146,True,True,1,0.0,-10.2308261738,0.6156823511824056,0.5805123867484608,H002_combined_factors,3,per_corridor,logistic,2023,0.6250676406926408,26,"{""C"": 0.01, ""class_weight"": ""balanced""}"
2023-09-09,RUB_UZS,UZS,CBR,UZS_RC_F02_09_2016_T02_09_2026.dbf,10000,80.6812,0.00806812,123.944611632,1.0,False,-0.00236421820052346,0.002375450366504994,0.012478854716213794,0.02640916070544863,-0.00798103535828587,0.010561386808286777,0.002140385010945156,0.8151585460170083,0.020019545448224152,0.008933707488607778,0.8922634811517391,0.04225406696524869,0.014817460411796102,0.5034632434429259,0.10974755956826665,0.028089459187921273,0.712096601456519,0.003750572063231152,0.0029721038519523973,0.014003583349874251,1,-1.0,-1.8369701987210297e-16,-0.9749279121818236,-0.2225209339563146,True,True,0,152.7617338364,-22.198068383,0.599579226031605,0.5805123867484608,H002_combined_factors,3,per_corridor,logistic,2023,0.6250676406926408,26,"{""C"": 0.01, ""class_weight"": ""balanced""}"
2023-09-15,RUB_UZS,UZS,CBR,UZS_RC_F02_09_2016_T02_09_2026.dbf,10000,79.0664,0.00790664,126.4759746239,1.0,False,0.00337052415711514,-0.004811910075306458,-0.0223314752622652,-0.007716992569147485,0.019599852991430966,0.015512737192808324,-0.0013229568249237822,0.42790335151987313,0.015512737192808324,-0.008454542022962697,0.40075652000796,0.021393793849138865,-0.001012299719558074,0.4783512896796713,0.07976887769664298,0.002723405107984078,0.5468273137486191,0.013218446793520546,0.009852501625283049,0.00732162827992301,0,-1.0,-1.8369701987210297e-16,-0.433883739117558,-0.9009688679024191,True,True,1,0.0,4.2044610632,0.5836276014233402,0.5805123867484608,H002_combined_factors,3,per_corridor,logistic,2023,0.6250676406926408,26,"{""C"": 0.01, ""class_weight"": ""balanced""}"
2023-09-22,RUB_UZS,UZS,CBR,UZS_RC_F02_09_2016_T02_09_2026.dbf,10000,78.8926,0.00788926,126.7546005582,1.0,False,-0.0064204608424932585,-0.006161369685960261,-0.0021981524389625973,-0.02448053971441433,0.008509860418858484,0.0,-0.004668278691771666,0.0,0.013280485392750396,-0.00409357197607374,0.3663289166017155,0.013280485392750396,-0.007491000690732719,0.34308845975180796,0.02543819173203521,-0.004729303870893875,0.2807246543117797,0.004901053807088803,0.009632774235494532,0.007454827134141222,1,-1.0,-1.8369701987210297e-16,-0.433883739117558,-0.9009688679024191,True,True,1,13.3345839787,16.6206408329,0.6355974055816455,0.5805123867484608,H002_combined_factors,3,per_corridor,logistic,2023,0.6250676406926408,26,"{""C"": 0.01, ""class_weight"": ""balanced""}"
2023-09-29,RUB_UZS,UZS,CBR,UZS_RC_F02_09_2016_T02_09_2026.dbf,10000,79.6206,0.00796206,125.5956373099,1.0,False,0.006198652598695009,0.011312079258224417,0.009227734920638886,0.007009298513654505,-0.0007617847600378536,0.011312079258224417,0.007570260475576518,1.0,0.011312079258224417,0.006041001990080952,1.0,0.022630769112210958,0.002254047583547081,0.5846439710664257,0.02855304785022139,0.0035128988624923974,0.34021364363994594,0.003123709589889742,0.00405556841715685,0.007369900814722491,0,-1.0,-1.8369701987210297e-16,-0.433883739117558,-0.9009688679024191,True,True,1,0.0,-17.7025889565,0.6424330640433183,0.5805123867484608,H002_combined_factors,3,per_corridor,logistic,2023,0.6250676406926408,26,"{""C"": 0.01, ""class_weight"": ""balanced""}"
2023-10-07,RUB_UZS,UZS,CBR,UZS_RC_F02_09_2016_T02_09_2026.dbf,10000,82.3824,0.00823824,121.3851502263,1.0,False,0.00898482280204993,0.012489215423603373,0.029630703547985693,0.045629123438519326,0.021085457330828117,0.01850766640209489,0.010338808070407435,1.0,0.04639146449892051,0.024614661338526966,1.0,0.05810276578309925,0.03345652157550494,1.0,0.06423047062212661,0.03461518786254336,0.7653152321142739,0.004243665702662265,0.003678967405984314,0.007913311173717378,0,-0.8660254037844386,0.5000000000000001,-0.9749279121818236,-0.2225209339563146,True,True,1,0.0,-33.9151973909,0.6033616700423845,0.5805123867484608,H002_combined_factors,3,per_corridor,logistic,2023,0.6250676406926408,26,"{""C"": 0.01, ""class_weight"": ""balanced""}"
2023-10-13,RUB_UZS,UZS,CBR,UZS_RC_F02_09_2016_T02_09_2026.dbf,10000,79.3992,0.00793992,125.9458533587,1.0,False,-0.031126296522269614,-0.045123768359604854,-0.02755215018469348,-0.0027806874100421153,0.004209120435482161,0.0,-0.02918561546706333,0.0,0.0,-0.024887719724853263,0.0,0.00849993649180747,-0.011022107739888765,0.15135819781512164,0.02569296333950377,-0.005618354649995827,0.3061353281615559,0.01706914246129292,0.012914803451272982,0.009328183001116232,3,-0.8660254037844386,0.5000000000000001,-0.433883739117558,-0.9009688679024191,True,True,1,0.0,167.4817761337,0.5921107273591415,0.5805123867484608,H002_combined_factors,3,per_corridor,logistic,2023,0.6250676406926408,26,"{""C"": 0.01, ""class_weight"": ""balanced""}"
2023-10-20,RUB_UZS,UZS,CBR,UZS_RC_F02_09_2016_T02_09_2026.dbf,10000,79.7149,0.00797149,125.4470619671,1.0,False,-0.0016381596003292032,0.0011101831676638696,0.003976110590534931,-0.023685589990299905,0.010423030803902833,0.0018084478013344896,7.92888293830174e-05,0.523844193665802,0.003976110590534931,-0.012786544900899588,0.08413954851949519,0.012509843769846318,-0.008466757940329916,0.22276253590572806,0.02977123199367515,-0.0037353773367667653,0.354728481714074,0.0015188464995893026,0.011889672340839643,0.009071938468936754,1,-0.8660254037844386,0.5000000000000001,-0.433883739117558,-0.9009688679024191,True,True,0,163.4951558617,-68.5231701457,0.6760746736925228,0.5805123867484608,H002_combined_factors,3,per_corridor,logistic,2023,0.6250676406926408,26,"{""C"": 0.01, ""class_weight"": ""balanced""}"
2023-10-27,RUB_UZS,UZS,CBR,UZS_RC_F02_09_2016_T02_09_2026.dbf,10000,76.7205,0.00767205,130.3432589725,1.0,False,0.004806590398606536,-0.010900394502746047,-0.037563868235424014,-0.03373711573920135,-0.036423990776256465,0.004806590398606536,-0.005170176773053536,0.17831980953306342,0.004806590398606536,-0.0215956609733734,0.10509134642918436,0.004806590398606536,-0.04003138145991347,0.05398805495895691,0.004806590398606536,-0.038946184802813644,0.048586104638847424,0.008626888443421594,0.0073260292045048536,0.010350044741482597,0,-0.8660254037844386,0.5000000000000001,-0.433883739117558,-0.9009688679024191,True,True,1,48.9960310478,-15.3892547121,0.6311798238131044,0.5805123867484608,H002_combined_factors,3,per_corridor,logistic,2023,0.6250676406926408,26,"{""C"": 0.01, ""class_weight"": ""balanced""}"
2023-11-03,RUB_UZS,UZS,CBR,UZS_RC_F02_09_2016_T02_09_2026.dbf,10000,76.0658,0.00760658,131.465126246,1.0,False,-0.002337233093751667,-0.0024654509021190263,-0.008533573164929864,-0.04577688738240904,-0.06837822478713707,0.010039875341423476,0.00029220086692394176,0.730601990530486,0.010039875341423476,-0.00673270533053727,0.24375382829878536,0.010039875341423476,-0.033033879751689366,0.0964216486431343,0.010039875341423476,-0.04050345130468003,0.08794519273268699,0.008999566075363332,0.008877075767476794,0.010280724210530667,1,-0.5000000000000004,0.8660254037844384,-0.433883739117558,-0.9009688679024191,True,True,1,7.4672191708,-10.5339290089,0.6186559692886133,0.5805123867484608,H002_combined_factors,3,per_corridor,logistic,2023,0.6250676406926408,26,"{""C"": 0.01, ""class_weight"": ""balanced""}"
2023-11-10,RUB_UZS,UZS,CBR,UZS_RC_F02_09_2016_T02_09_2026.dbf,10000,74.7552,0.00747552,133.7699584778,1.0,False,-0.004308811953323555,-0.016495415016642756,-0.01952678243533912,-0.020932897640579595,-0.08779499694935922,0.0,-0.009147287068303145,0.0,0.0,-0.013912691109553954,0.0,0.0,-0.03224309346347376,0.0,0.0,-0.05206708336744725,0.0,0.003163548179372497,0.006906605131283886,0.009190130083827667,5,-0.5000000000000004,0.8660254037844384,-0.433883739117558,-0.9009688679024191,True,True,1,0.0,49.6995532041,0.6160064762698103,0.5805123867484608,H002_combined_factors,3,per_corridor,logistic,2023,0.6250676406926408,26,"{""C"": 0.01, ""class_weight"": ""balanced""}"
2023-11-17,RUB_UZS,UZS,CBR,UZS_RC_F02_09_2016_T02_09_2026.dbf,10000,72.4203,0.00724203,138.0828303666,1.0,False,-0.005054390684204324,-0.03536706382241872,-0.03123394760498266,-0.050150831540842544,-0.09299686770859295,0.0,-0.020032816992089808,0.0,0.0,-0.030167920064312348,0.0,0.0,-0.044708940165548716,0.0,0.0,-0.07791397298956126,0.0,0.009478068145014739,0.006776314654893898,0.007703772549492136,3,-0.5000000000000004,0.8660254037844384,-0.433883739117558,-0.9009688679024191,True,True,1,0.0,108.3561156561,0.6243608109437361,0.5805123867484608,H002_combined_factors,3,per_corridor,logistic,2023,0.6250676406926408,26,"{""C"": 0.01, ""class_weight"": ""balanced""}"
2023-11-24,RUB_UZS,UZS,CBR,UZS_RC_F02_09_2016_T02_09_2026.dbf,10000,71.7503,0.00717503,139.3722395586,1.0,False,-0.001436255714752921,-0.004362746254407579,-0.009251549634563871,-0.04019653482299568,-0.06028800251461952,0.0025122082422226466,-0.003118870248717709,0.16892145809845804,0.0025122082422226466,-0.016280456103943908,0.05129814550641912,0.0025122082422226466,-0.03527503756697248,0.03491262135922313,0.0025122082422226466,-0.07966503709981931,0.015525697706548682,0.005433842463289135,0.007650925131296227,0.0071659324555951405,1,-0.5000000000000004,0.8660254037844384,-0.433883739117558,-0.9009688679024191,True,True,1,0.0,30.1130021671,0.6469689941213989,0.5805123867484608,H002_combined_factors,3,per_corridor,logistic,2023,0.6250676406926408,26,"{""C"": 0.01, ""class_weight"": ""balanced""}"
2023-12-01,RUB_UZS,UZS,CBR,UZS_RC_F02_09_2016_T02_09_2026.dbf,10000,72.135,0.0072135,138.6289595897,1.0,False,-0.0005611322401645191,-6.930967563067991e-05,0.005361650055818679,-0.0039395031503597355,-0.05389276533235399,0.0021241391957167455,0.0001821916406483659,0.785714285714308,0.007887327879503525,0.0012030814875352291,0.5303457346862113,0.007887327879503525,-0.01670752075277382,0.1255756011834592,0.007887327879503525,-0.06680043080568077,0.04874447361149523,0.0032453939435753607,0.004491313658173906,0.006097747062952529,1,-2.4492935982947064e-16,1.0,-0.433883739117558,-0.9009688679024191,True,True,1,0.0,54.6678626,0.6530970242029613,0.5805123867484608,H002_combined_factors,3,per_corridor,logistic,2023,0.6250676406926408,26,"{""C"": 0.01, ""class_weight"": ""balanced""}"
2023-12-15,RUB_UZS,UZS,CBR,UZS_RC_F02_09_2016_T02_09_2026.dbf,10000,72.5108,0.00725108,137.9104905752,1.0,False,-0.0038822200913818383,-0.01878775412995004,-0.036078527294190144,0.005209676301379362,0.0012496496148179936,0.0,-0.011742296417888043,0.0,0.0,-0.018831435855544254,0.0,0.01313809460601778,-0.006366597074726865,0.23940829004990377,0.01313809460601778,-0.05065537573064094,0.08119473611494897,0.0026664124293747354,0.009686889864622903,0.007364773038587037,6,-2.4492935982947064e-16,1.0,-0.433883739117558,-0.9009688679024191,True,True,1,0.0,50.1456774959,0.6200123665226629,0.5805123867484608,H002_combined_factors,3,per_corridor,logistic,2023,0.6250676406926408,26,"{""C"": 0.01, ""class_weight"": ""balanced""}"
2023-12-22,RUB_UZS,UZS,CBR,UZS_RC_F02_09_2016_T02_09_2026.dbf,10000,74.0165,0.00740165,135.1050103693,1.0,False,0.012890953752677126,0.01324592156760751,0.020765182565907425,-0.016062521934255725,0.031584536928765505,0.019769473254929615,0.012675044274133906,1.0,0.020765182565907425,0.010723295337699001,0.7673920799143792,0.028262581947456455,0.010405815473045088,0.578612059158135,0.0341760921049874,-0.024785031152160575,0.21121166067974587,0.006419598141409549,0.007610719435771074,0.007594292068800437,0,-2.4492935982947064e-16,1.0,-0.433883739117558,-0.9009688679024191,True,True,1,0.0,-44.0326835181,0.6042045896473819,0.5805123867484608,H002_combined_factors,3,per_corridor,logistic,2023,0.6250676406926408,26,"{""C"": 0.01, ""class_weight"": ""balanced""}"
2023-12-29,RUB_UZS,UZS,CBR,UZS_RC_F02_09_2016_T02_09_2026.dbf,10000,73.1198,0.00731198,136.7618620401,1.0,False,-0.014904460829815891,-0.017550318437105306,-0.01211486627981595,0.008398748876029538,0.013652179940389475,0.0,-0.012876115883692973,0.0,0.007415102450207822,-0.006279131682373151,0.29180221210149854,0.008398748876029538,-0.00843967684157887,0.20386302011850194,0.021647187039352866,-0.029582314690956624,0.13378177673390448,0.007364857526761932,0.00737119618226283,0.008379113599992776,3,-2.4492935982947064e-16,1.0,-0.433883739117558,-0.9009688679024191,True,True,0,59.0264196565,44.1308567043,0.5960560895329611,0.5805123867484608,H002_combined_factors,3,per_corridor,logistic,2023,0.6250676406926408,26,"{""C"": 0.01, ""class_weight"": ""balanced""}"
2023-01-14,RUB_KGS,KGS,CBR,KGS_RC_F02_09_2016_T02_09_2026.dbf,100,78.8683,0.788683,1.2679365474,1.0,False,-0.0029972669375288863,-0.029235569614799894,-0.03928457011717157,-0.01604159986825371,0.0740171312625113,0.0,-0.018618161691711155,0.0,0.0,-0.029531332404557298,0.0,0.06741059042463204,-0.009573326243934033,0.48364324901684735,0.1040985660548519,0.047774656414747874,0.5830464884700124,0.006790675247993424,0.01475532385691695,0.0192431749301612,6,0.49999999999999994,0.8660254037844387,-0.9749279121818236,-0.2225209339563146,True,True,1,0.0,92.1390450532,0.6647842193480415,0.5918709497785661,H002_combined_factors,3,per_corridor,logistic,2023,0.6811002178649238,26,"{""C"": 0.1, ""class_weight"": ""balanced""}"
2023-03-25,RUB_KGS,KGS,CBR,KGS_RC_F02_09_2016_T02_09_2026.dbf,100,87.449,0.87449,1.1435236538,1.0,False,0.0018444688846117607,-0.0050674445698474235,-0.0020427260692928995,0.006680196664621496,0.021194852511852824,0.0018444688846117607,-0.004041507970150793,0.15052356020942356,0.016691604670440396,0.0016682061263164627,0.6124216183935486,0.023280033232115693,0.0077470649247175505,0.6864842483006098,0.10879783132132936,0.04671761402310448,0.9042500500563789,0.006575260836742496,0.006314479308971926,0.005419456179080407,0,1.0,6.123233995736766e-17,-0.9749279121818236,-0.2225209339563146,True,True,1,0.0,16.325691844,0.610537790940301,0.5918709497785661,H002_combined_factors,3,per_corridor,logistic,2023,0.6811002178649238,26,"{""C"": 0.1, ""class_weight"": ""balanced""}"
2023-04-22,RUB_KGS,KGS,CBR,KGS_RC_F02_09_2016_T02_09_2026.dbf,100,93.1059,0.931059,1.0740457909,1.0,False,-0.0016234654016361594,-0.0015003356719552885,-0.0002233516274064984,-0.012203971728119822,0.06468798957106436,0.0,-0.0013898142638404387,0.0,0.0,-0.0032055989958603703,0.0,0.06304326231984492,0.01679794469122564,0.8275903415818575,0.16239255416768117,0.06914840873965966,0.9187509270573607,0.0011800313686053578,0.0037400684028393184,0.007436264674244045,2,0.8660254037844387,-0.49999999999999983,-0.9749279121818236,-0.2225209339563146,True,True,1,25.991908139,3.7117515127,0.6071741363882929,0.5918709497785661,H002_combined_factors,3,per_corridor,logistic,2023,0.6811002178649238,26,"{""C"": 0.1, ""class_weight"": ""balanced""}"
2023-04-29,RUB_KGS,KGS,CBR,KGS_RC_F02_09_2016_T02_09_2026.dbf,100,91.9896,0.919896,1.087079409,1.0,False,-0.01288332893372901,-0.012760440702049514,-0.011989573163462164,-0.01221024690019068,0.04001338603330229,0.0,-0.009777187595669479,0.0,0.0,-0.01157320751100177,0.0,0.03163901112950329,-0.008710860530862896,0.5545029285742369,0.13238735472720542,0.04413864959372571,0.8259286849805318,0.006268043200915926,0.004428750812462935,0.00832873313315973,2,0.8660254037844387,-0.49999999999999983,-0.9749279121818236,-0.2225209339563146,True,True,1,0.0,56.6265021171,0.5952303487062149,0.5918709497785661,H002_combined_factors,3,per_corridor,logistic,2023,0.6811002178649238,26,"{""C"": 0.1, ""class_weight"": ""balanced""}"
2023-05-06,RUB_KGS,KGS,CBR,KGS_RC_F02_09_2016_T02_09_2026.dbf,100,87.9902,0.879902,1.1364902,1.0,False,-0.022809934243331997,-0.036916476035156576,-0.05579985878343441,-0.056479224682679074,-0.046487812648664306,0.0,-0.02666332450521891,0.0,0.0,-0.04109224782766874,0.0,0.0,-0.05019834445165816,0.0,0.07689257412110262,-0.007625685846028962,0.5006654075720988,0.006887095633732535,0.007665737658293414,0.008425184405256955,6,0.49999999999999994,-0.8660254037844387,-0.9749279121818236,-0.2225209339563146,True,True,1,0.0,129.0498040094,0.5999149262262582,0.5918709497785661,H002_combined_factors,3,per_corridor,logistic,2023,0.6811002178649238,26,"{""C"": 0.1, ""class_weight"": ""balanced""}"
2023-05-12,RUB_KGS,KGS,CBR,KGS_RC_F02_09_2016_T02_09_2026.dbf,100,86.9198,0.869198,1.1504858502,1.0,False,-0.010586250623222826,-0.03469744269752273,-0.048632378533979836,-0.06400872674957647,-0.07044904515476336,0.0,-0.019892882570223036,0.0,0.0,-0.04105257630004322,0.0,0.0,-0.05512620757855302,0.0,0.03605088723682992,-0.021642201505963854,0.29191479504676293,0.007936474225493206,0.0077165717451006975,0.006441984156516903,8,0.49999999999999994,-0.8660254037844387,-0.433883739117558,-0.9009688679024191,True,True,1,0.0,123.6510565108,0.6377616924578893,0.5918709497785661,H002_combined_factors,3,per_corridor,logistic,2023,0.6811002178649238,26,"{""C"": 0.1, ""class_weight"": ""balanced""}"
2023-05-20,RUB_KGS,KGS,CBR,KGS_RC_F02_09_2016_T02_09_2026.dbf,100,91.304,0.91304,1.0952422676,1.0,False,-0.0016074181802278042,-0.001319119799266355,0.03243723667219234,0.007592478149554216,-0.020824530434614852,0.008317982833945026,-0.0010793996586095922,0.43484787252467927,0.05043960064335162,0.01646240712245084,0.8174749678357657,0.05043960064335162,0.0009302872182306299,0.6873079576095812,0.0779922123492589,0.020639242060820573,0.6911278510148562,0.012531545934484066,0.014177015115940356,0.010508877114431877,2,0.49999999999999994,-0.8660254037844387,-0.9749279121818236,-0.2225209339563146,True,True,1,0.0,19.9747910392,0.6082904062267074,0.5918709497785661,H002_combined_factors,3,per_corridor,logistic,2023,0.6811002178649238,26,"{""C"": 0.1, ""class_weight"": ""balanced""}"
2023-05-27,RUB_KGS,KGS,CBR,KGS_RC_F02_09_2016_T02_09_2026.dbf,100,91.2966,0.912966,1.0953310419,1.0,False,-0.00021792337638870674,-0.003289376721518633,-8.104792780150305e-05,0.0323535597735749,-0.02019777073276474,0.0,-0.0009511561822087566,0.0,0.008236260750871471,-0.0010557690958910015,0.43057560187056537,0.050354464690438805,0.005692841045428665,0.6895530382997499,0.06567013654625975,0.015012177820301842,0.6552832650018643,0.0019293924992504297,0.00911706374130562,0.010495725244921707,3,0.49999999999999994,-0.8660254037844387,-0.9749279121818236,-0.2225209339563146,True,True,1,0.0,7.7536215229,0.7218980491245913,0.5918709497785661,H002_combined_factors,3,per_corridor,logistic,2023,0.6811002178649238,26,"{""C"": 0.1, ""class_weight"": ""balanced""}"
2023-06-03,RUB_KGS,KGS,CBR,KGS_RC_F02_09_2016_T02_09_2026.dbf,100,92.3343,0.923343,1.0830211525,1.0,False,-0.001148847096240302,0.0023350181069745624,0.011366250221804597,0.011284281082975633,0.018962434890085644,0.010244206656600863,0.001974556478978151,0.8736586731361418,0.011366250221804597,0.006171763926678953,0.884579319751089,0.06229305635769977,0.016935712181717744,0.9756031640209739,0.07348863489716129,0.02087025772263229,0.7668417668538986,0.0036629075379423664,0.0030108805138553936,0.009975944602796683,2,1.2246467991473532e-16,-1.0,-0.9749279121818236,-0.2225209339563146,True,True,1,0.0,10.2549661238,0.6905533156551281,0.5918709497785661,H002_combined_factors,3,per_corridor,logistic,2023,0.6811002178649238,26,"{""C"": 0.1, ""class_weight"": ""balanced""}"
2023-06-09,RUB_KGS,KGS,CBR,KGS_RC_F02_09_2016_T02_09_2026.dbf,100,93.8099,0.938099,1.065985573,1.0,False,0.006353950326976943,0.009019987888735592,0.014813853235324359,0.027305032496865334,0.07926962556287509,0.015981060126085245,0.008068641155120515,1.0,0.027528955076092654,0.014140030823143857,1.0,0.06077317454322606,0.021844857294219144,1.0,0.09064412131612198,0.03211998745963518,0.9458564340220069,0.003650943567375992,0.003365372888155232,0.007381082412822355,0,1.2246467991473532e-16,-1.0,-0.433883739117558,-0.9009688679024191,True,True,1,0.0,-9.4962809789,0.592198411218804,0.5918709497785661,H002_combined_factors,3,per_corridor,logistic,2023,0.6811002178649238,26,"{""C"": 0.1, ""class_weight"": ""balanced""}"
2023-06-17,RUB_KGS,KGS,CBR,KGS_RC_F02_09_2016_T02_09_2026.dbf,100,95.5015,0.955015,1.0471039722,1.0,False,-0.003707609989473948,0.00011100534187025168,0.018032211952043298,0.033113191728733504,0.04429147849668125,0.012077980708295133,5.047295885041159e-05,0.5965454069615267,0.0343014459415405,0.012979081196794029,0.8042661249365146,0.04605757498088625,0.02721396627650341,0.8450871234198192,0.09873124420442747,0.042808851244343415,0.9175835338144875,0.007284341762625165,0.0054428770745669755,0.004440166670598377,2,1.2246467991473532e-16,-1.0,-0.9749279121818236,-0.2225209339563146,True,True,1,0.0,24.2443614363,0.6235918206996095,0.5918709497785661,H002_combined_factors,3,per_corridor,logistic,2023,0.6811002178649238,26,"{""C"": 0.1, ""class_weight"": ""balanced""}"
2023-06-24,RUB_KGS,KGS,CBR,KGS_RC_F02_09_2016_T02_09_2026.dbf,100,96.3125,0.963125,1.0382868267,1.0,False,0.005658312676332988,-0.0013448469653325468,0.008492013214452143,0.026677354948678067,0.054710813489347476,0.005658312676332988,0.0010990911657351443,0.7450845593290251,0.02067256029452591,0.004807216813636828,0.913206310565984,0.05494070973070175,0.022677342471321582,0.9643550650798834,0.10806168444934294,0.04353849361816731,0.9806433426253639,0.005550809627107437,0.006186793028076569,0.004847307270174944,0,1.2246467991473532e-16,-1.0,-0.9749279121818236,-0.2225209339563146,True,True,1,0.0,6.1636223837,0.7031556227356919,0.5918709497785661,H002_combined_factors,3,per_corridor,logistic,2023,0.6811002178649238,26,"{""C"": 0.1, ""class_weight"": ""balanced""}"
2023-07-15,RUB_KGS,KGS,CBR,KGS_RC_F02_09_2016_T02_09_2026.dbf,10,10.2559,1.02559,0.9750485087,1.0,False,-0.0006333801060180999,-0.00573915909685796,-0.0185741626794258,0.011859072387698788,0.07389936283723308,0.0,-0.005741086870535428,0.0,0.0024533760800720117,-0.007966524347423953,0.07432632514065758,0.07088187815467384,0.021287011434722114,0.6847010409101909,0.17992678308049492,0.08067207162514811,0.8334150448702915,0.004402559941135589,0.010536915577090198,0.009058593300409227,6,-0.4999999999999998,-0.8660254037844388,-0.9749279121818236,-0.2225209339563146,True,True,1,0.0,22.0431161127,0.6810660799192364,0.5918709497785661,H002_combined_factors,3,per_corridor,logistic,2023,0.6811002178649238,26,"{""C"": 0.1, ""class_weight"": ""balanced""}"
2023-07-22,RUB_KGS,KGS,CBR,KGS_RC_F02_09_2016_T02_09_2026.dbf,10,10.2862,1.02862,0.9721763139,1.0,False,-0.005164609849510504,-0.0033717663017148736,0.002954396981249996,-0.015674641148325175,0.0680025957170669,0.0,-0.0035996032299562275,0.0,0.002954396981249996,-0.003201786178051891,0.17606042998257393,0.06092407722750015,0.0066938062229418005,0.6766285982657307,0.1834127552065239,0.07435618434664804,0.8495619551083923,0.004794458425556139,0.004904004544606539,0.009042155587037632,2,-0.4999999999999998,-0.8660254037844388,-0.9749279121818236,-0.2225209339563146,True,True,1,0.0,26.9398417405,0.6265275506561672,0.5918709497785661,H002_combined_factors,3,per_corridor,logistic,2023,0.6811002178649238,26,"{""C"": 0.1, ""class_weight"": ""balanced""}"
2023-08-19,RUB_KGS,KGS,CBR,KGS_RC_F02_09_2016_T02_09_2026.dbf,10,10.5817,1.05817,0.9450277366,1.0,False,-0.0036439305487552254,-0.041234778196578614,-0.051589542272772126,-0.019668334259773768,0.028727810075635185,0.0,-0.031708732071645596,0.0,0.0,-0.03695216113989053,0.0,0.03183750682580544,-0.012527132477411995,0.2740243390684015,0.15904644860816286,0.04591790843698762,0.6266788661395573,0.024639524776223557,0.01981226298549018,0.014560817677581193,4,-0.8660254037844384,-0.5000000000000004,-0.9749279121818236,-0.2225209339563146,True,True,1,0.0,126.7876160809,0.6521796768023619,0.5918709497785661,H002_combined_factors,3,per_corridor,logistic,2023,0.6811002178649238,26,"{""C"": 0.1, ""class_weight"": ""balanced""}"
2023-09-22,RUB_KGS,KGS,CBR,KGS_RC_F02_09_2016_T02_09_2026.dbf,10,10.8304,1.08304,0.9233269316,1.0,False,-0.005600749214976997,-0.00590195232544255,-0.0012909888974955708,-0.025201612903225867,0.01221529575595559,0.0,-0.003765865109544908,0.0,0.010835985552019256,-0.0043080702309222785,0.317386550027336,0.010835985552019256,-0.006686960198325043,0.2931078010603363,0.06853991337549448,0.014916440383123897,0.5299008390541565,0.004670396079496009,0.009294992118253877,0.007409486150631979,1,-1.0,-1.8369701987210297e-16,-0.433883739117558,-0.9009688679024191,True,True,1,3.6009750332,17.1444372753,0.6069392046879449,0.5918709497785661,H002_combined_factors,3,per_corridor,logistic,2023,0.6811002178649238,26,"{""C"": 0.1, ""class_weight"": ""balanced""}"
2023-09-29,RUB_KGS,KGS,CBR,KGS_RC_F02_09_2016_T02_09_2026.dbf,10,10.9347,1.09347,0.9145198314,1.0,False,0.005203114514483298,0.00890369249506362,0.009630299896587369,0.008326878388845715,0.0017497892923887814,0.009993996212996015,0.006394716351808771,1.0,0.009993996212996015,0.006111362607514659,1.0,0.020570639239147592,0.0022299885338443737,0.5564251451653592,0.06625906857009123,0.02017580905690952,0.5702895509861511,0.0021356123106495506,0.0036096650781107325,0.00721058925418825,0,-1.0,-1.8369701987210297e-16,-0.433883739117558,-0.9009688679024191,True,True,1,0.0,-13.0030676251,0.6038380292012523,0.5918709497785661,H002_combined_factors,3,per_corridor,logistic,2023,0.6811002178649238,26,"{""C"": 0.1, ""class_weight"": ""balanced""}"
2023-10-14,RUB_KGS,KGS,CBR,KGS_RC_F02_09_2016_T02_09_2026.dbf,10,10.9126,1.09126,0.9163719004,1.0,False,0.0032268444035852273,-0.029015811437265948,-0.034394273225204386,-0.006256089898281747,0.0017809275511326828,0.0032268444035852273,-0.019914965772556026,0.06730584851390044,0.0032268444035852273,-0.023147062351515424,0.06730584851390044,0.00795270863159847,-0.010117347075303651,0.15039301310043673,0.06410406427958493,0.00398446694241783,0.5517415023080139,0.016654621308600258,0.013196961435361114,0.009437468390224482,0,-0.8660254037844386,0.5000000000000001,-0.9749279121818236,-0.2225209339563146,True,True,1,3.4822132214,80.3176866429,0.7022526821198454,0.5918709497785661,H002_combined_factors,3,per_corridor,logistic,2023,0.6811002178649238,26,"{""C"": 0.1, ""class_weight"": ""balanced""}"
2023-10-20,RUB_KGS,KGS,CBR,KGS_RC_F02_09_2016_T02_09_2026.dbf,10,10.8942,1.08942,0.917919627,1.0,False,-0.0006696326193642577,-0.0013383690231739687,0.0015352792461502673,-0.030437336466065057,0.0058908258236076705,0.0,-0.0008181144479746383,0.0,0.0015352792461502673,-0.014777166835479694,0.03202301054650169,0.006253175079665718,-0.012411262329901418,0.11825327510917313,0.04943647047490618,-0.0015331723224897287,0.48156141503237315,0.0016937458829614025,0.011966894710911485,0.009246847953387946,1,-0.8660254037844386,0.5000000000000001,-0.433883739117558,-0.9009688679024191,True,True,0,144.0215894696,-58.6296361269,0.6211763648609702,0.5918709497785661,H002_combined_factors,3,per_corridor,logistic,2023,0.6811002178649238,26,"{""C"": 0.1, ""class_weight"": ""balanced""}"
2023-10-27,RUB_KGS,KGS,CBR,KGS_RC_F02_09_2016_T02_09_2026.dbf,10,10.4749,1.04749,0.9546630517,1.0,False,0.0044108199330705755,-0.0121001207182736,-0.038488369958326496,-0.03701218110779125,-0.042049621846049656,0.0044108199330705755,-0.00645549257514022,0.1491569390402056,0.0044108199330705755,-0.023140825735985193,0.0951002687616282,0.0044108199330705755,-0.04343573767333042,0.04741779198020767,0.0044108199330705755,-0.0402147007525796,0.0451955197484765,0.007930294164055452,0.0068890341566579605,0.010406837374730811,0,-0.8660254037844386,0.5000000000000001,-0.433883739117558,-0.9009688679024191,True,True,1,36.8499937947,-5.1714915728,0.6661863264167165,0.5918709497785661,H002_combined_factors,3,per_corridor,logistic,2023,0.6811002178649238,26,"{""C"": 0.1, ""class_weight"": ""balanced""}"
2023-11-04,RUB_KGS,KGS,CBR,KGS_RC_F02_09_2016_T02_09_2026.dbf,10,10.4159,1.04159,0.9600706612,1.0,False,-0.0014858983453802654,0.010987411067001851,-0.0019547157517511016,-0.02993303716949336,-0.07834496916283973,0.010987411067001851,0.0008994343941406413,0.8045486851456983,0.010987411067001851,-0.0027526054008510936,0.37670549084858673,0.010987411067001851,-0.0286325792635872,0.10325640791754088,0.010987411067001851,-0.04040219473868312,0.09895104895104888,0.009496114028751324,0.008383826519243853,0.01013920905576706,2,-0.5000000000000004,0.8660254037844384,-0.9749279121818236,-0.2225209339563146,True,True,1,0.0,-9.6374162389,0.6691416308665896,0.5918709497785661,H002_combined_factors,3,per_corridor,logistic,2023,0.6811002178649238,26,"{""C"": 0.1, ""class_weight"": ""balanced""}"
2023-11-10,RUB_KGS,KGS,CBR,KGS_RC_F02_09_2016_T02_09_2026.dbf,10,10.2918,1.02918,0.9716473309,1.0,False,-0.002935449181852623,-0.011914476905500293,-0.014516345251546436,-0.013146161148347435,-0.08467702487571038,0.0,-0.006730659728187205,0.0,0.0,-0.009492388669188778,0.0,0.0,-0.026951747989598096,0.0,0.0,-0.048212975579079775,0.0,0.0022089524593561344,0.006960402389865372,0.009404268964741627,5,-0.5000000000000004,0.8660254037844384,-0.433883739117558,-0.9009688679024191,True,True,1,0.0,34.81602284,0.6425739840075104,0.5918709497785661,H002_combined_factors,3,per_corridor,logistic,2023,0.6811002178649238,26,"{""C"": 0.1, ""class_weight"": ""balanced""}"
2023-11-17,RUB_KGS,KGS,CBR,KGS_RC_F02_09_2016_T02_09_2026.dbf,100,99.6347,0.996347,1.0036663933,1.0,False,-0.005294264463634901,-0.03392027769966943,-0.03190209681494005,-0.045955340214872575,-0.08604595697839745,0.0,-0.0196555545213265,0.0,0.0,-0.02912743399756801,0.0,0.0,-0.04130373462560877,0.0,0.0,-0.07509922627340637,0.0,0.008596219486599265,0.006200274300672498,0.007587022187683057,3,-0.5000000000000004,0.8660254037844384,-0.433883739117558,-0.9009688679024191,True,True,1,0.0,108.518787198,0.6031901700348076,0.5918709497785661,H002_combined_factors,3,per_corridor,logistic,2023,0.6811002178649238,26,"{""C"": 0.1, ""class_weight"": ""balanced""}"
2023-11-24,RUB_KGS,KGS,CBR,KGS_RC_F02_09_2016_T02_09_2026.dbf,100,99.2152,0.992152,1.0079100783,1.0,False,0.0007807314667060972,-0.0008700766150796513,-0.004210380520039636,-0.035978157368001695,-0.048651343861768837,0.005022315775825126,-0.0005955215810089509,0.387889219214523,0.005022315775825126,-0.012325425150166769,0.11233460213884382,0.005022315775825126,-0.02900420209414256,0.08222767679448084,0.005022315775825126,-0.07277915838410587,0.03246761751339189,0.00527240125134799,0.0073424719539407724,0.0070652212151010975,0,-0.5000000000000004,0.8660254037844384,-0.433883739117558,-0.9009688679024191,True,True,1,0.0,35.8333668099,0.6195107207205951,0.5918709497785661,H002_combined_factors,3,per_corridor,logistic,2023,0.6811002178649238,26,"{""C"": 0.1, ""class_weight"": ""balanced""}"
2023-12-01,RUB_KGS,KGS,CBR,KGS_RC_F02_09_2016_T02_09_2026.dbf,100,99.3468,0.993468,1.0065749476,1.0,False,-0.004820290900348523,-0.004902029524360807,0.0013264096630354327,-0.0028895555464110156,-0.048712105253078564,0.0,-0.004288662356288775,0.0,0.006355387087036535,-0.001785590303333251,0.42090433382530607,0.006355387087036535,-0.01709031751825063,0.11214385300110837,0.006355387087036535,-0.0642227897803368,0.0410854845258209,0.005995426028872581,0.005354788056350154,0.0060733781352850175,1,-2.4492935982947064e-16,1.0,-0.433883739117558,-0.9009688679024191,True,True,1,0.0,73.8493994089,0.647320469527842,0.5918709497785661,H002_combined_factors,3,per_corridor,logistic,2023,0.6811002178649238,26,"{""C"": 0.1, ""class_weight"": ""balanced""}"
2023-12-15,RUB_KGS,KGS,CBR,KGS_RC_F02_09_2016_T02_09_2026.dbf,10,10.0668,1.00668,0.9933643263,1.0,False,-0.001071683734222395,-0.011741145056153313,-0.0286105777117327,0.013298868207128889,0.010370884842329176,0.0,-0.007040711449195158,0.0,0.00021858792202378297,-0.012226963688047099,0.006809037449709334,0.0197387747494413,-0.0005093859613111151,0.37781138514037577,0.0197387747494413,-0.04103122199042508,0.127604678270664,0.0039171905742873495,0.009022644998090277,0.0072696298666877854,6,-2.4492935982947064e-16,1.0,-0.433883739117558,-0.9009688679024191,True,True,1,0.0,26.4667834791,0.6896050579339604,0.5918709497785661,H002_combined_factors,3,per_corridor,logistic,2023,0.6811002178649238,26,"{""C"": 0.1, ""class_weight"": ""balanced""}"
2023-12-23,RUB_KGS,KGS,CBR,KGS_RC_F02_09_2016_T02_09_2026.dbf,10,10.3042,1.03042,0.9704780575,1.0,False,-0.0012793920949077942,0.01818145886444933,0.02280013896471278,0.0043275697382014755,0.028260652629477967,0.01818145886444933,0.008860647953239376,0.9330628803245336,0.023582469106369297,0.014451518645008932,0.9473264166001514,0.03719495746214263,0.015575085087504714,0.8156814268685689,0.043786732901536896,-0.01212147397614427,0.2830668081149392,0.007050269865224169,0.006905577138451906,0.007457982600381137,1,-2.4492935982947064e-16,1.0,-0.9749279121818236,-0.2225209339563146,True,True,1,0.0,-40.5495134198,0.6118591578701955,0.5918709497785661,H002_combined_factors,3,per_corridor,logistic,2023,0.6811002178649238,26,"{""C"": 0.1, ""class_weight"": ""balanced""}"
2023-12-29,RUB_KGS,KGS,CBR,KGS_RC_F02_09_2016_T02_09_2026.dbf,10,10.1394,1.01394,0.986251652,1.0,False,-0.01564957381123422,-0.01698563201675296,-0.017252408552542398,0.0072118250089403535,0.020606602326395995,0.0,-0.012951158634170623,0.0,0.006442007047496201,-0.007896204538115903,0.2671881432688377,0.0074319893488068445,-0.006501723782316948,0.2315072732900074,0.02709295234776543,-0.02257054159833427,0.17514701452464254,0.006875987547650886,0.007774795237619074,0.00820325854746428,3,-2.4492935982947064e-16,1.0,-0.433883739117558,-0.9009688679024191,True,True,0,70.7142434464,40.0358680963,0.6194258511053781,0.5918709497785661,H002_combined_factors,3,per_corridor,logistic,2023,0.6811002178649238,26,"{""C"": 0.1, ""class_weight"": ""balanced""}"
2023-01-14,RUB_AMD,AMD,CBR,AMD_RC_F02_09_2016_T02_09_2026.dbf,100,17.0401,0.170401,5.8685101613,1.0,False,-0.003625285783617316,-0.03273579764769985,-0.0465316673847479,-0.022868414865616526,0.07980634572610845,0.0,-0.02058033723106356,0.0,0.0,-0.03408569151462881,0.0,0.07378443777884192,-0.012296374267921073,0.48090192212912736,0.12218878212938011,0.06209765132777023,0.5948129388003714,0.006219123495064575,0.015642048041218853,0.02044882635070887,6,0.49999999999999994,0.8660254037844387,-0.9749279121818236,-0.2225209339563146,True,True,1,0.0,99.5681451656,0.6644433052819492,0.6488030863675354,H002_combined_factors,3,per_corridor,logistic,2023,0.6187499999999999,26,"{""C"": 0.01, ""class_weight"": ""none""}"
2023-03-24,RUB_AMD,AMD,CBR,AMD_RC_F02_09_2016_T02_09_2026.dbf,100,19.6501,0.196501,5.0890326258,1.0,False,-0.008842192339120536,-0.011723465035809122,-0.0005645637092344113,0.0057426847307029405,0.04124694648600813,0.0,-0.006300980545848933,0.0,0.01602361919731976,0.0006834149153522873,0.5707182320442004,0.028133567736129628,0.008196105201778048,0.6975869226777383,0.15316811521059148,0.06857332772977176,0.9180120291231403,0.006692743273685368,0.006519442748708207,0.006450258339324479,1,1.0,6.123233995736766e-17,-0.433883739117558,-0.9009688679024191,True,True,1,0.0,50.0640901371,0.670998759282197,0.6488030863675354,H002_combined_factors,3,per_corridor,logistic,2023,0.6187499999999999,26,"{""C"": 0.01, ""class_weight"": ""none""}"
2023-03-31,RUB_AMD,AMD,CBR,AMD_RC_F02_09_2016_T02_09_2026.dbf,100,19.8523,0.198523,5.0371997199,1.0,False,0.0011750466488475997,0.007393462088843394,0.010290023969343753,0.009719650886008901,0.026260965762524346,0.007756542044214276,0.004534810056125993,1.0,0.010290023969343753,0.0042294153026831705,0.8674388674388658,0.02647852659227934,0.01182165154504089,0.9430939226519333,0.16503424275679146,0.06959144634303627,0.9891315817241741,0.0019383989764024813,0.004780923237308073,0.0048108055275480665,0,1.0,6.123233995736766e-17,-0.433883739117558,-0.9009688679024191,True,True,1,0.0,-10.077348512,0.6574964064168008,0.6488030863675354,H002_combined_factors,3,per_corridor,logistic,2023,0.6187499999999999,26,"{""C"": 0.01, ""class_weight"": ""none""}"
2023-04-21,RUB_AMD,AMD,CBR,AMD_RC_F02_09_2016_T02_09_2026.dbf,100,21.0787,0.210787,4.7441255865,1.0,False,0.0007216274598238481,0.0017726957331736237,0.0012635319041804927,0.014359754190266916,0.0727019200920096,0.003962753923459683,0.0016232238861006998,1.0,0.003962753923459683,-0.00034762352135508934,0.38200183654729336,0.07001192923678268,0.024878914125360474,0.9110846875412877,0.21530992891036238,0.08726585977531887,0.9652106487464465,0.0018104856049595372,0.007699807982442849,0.007250244309798547,0,0.8660254037844387,-0.49999999999999983,-0.433883739117558,-0.9009688679024191,True,True,1,22.9141265828,-15.7821426244,0.6877528413349804,0.6488030863675354,H002_combined_factors,3,per_corridor,logistic,2023,0.6187499999999999,26,"{""C"": 0.01, ""class_weight"": ""none""}"
2023-04-28,RUB_AMD,AMD,CBR,AMD_RC_F02_09_2016_T02_09_2026.dbf,100,21.106,0.21106,4.7379891974,1.0,False,0.0014994495691456056,0.006211950018354617,0.001295146285112514,0.002560314647944706,0.06315137288878359,0.006211950018354617,0.0021813802999612886,0.9435191889934865,0.006211950018354617,0.0025507901749455275,0.9435191889934865,0.06038454388794268,0.010274103744323027,0.9180415520928819,0.19341377633528212,0.0720986239978707,0.9695853057059443,0.0038968541106378135,0.002864604419871338,0.007549916625764456,0,0.8660254037844387,-0.49999999999999983,-0.433883739117558,-0.9009688679024191,True,True,0,134.1798540699,-68.4006833935,0.6703181584252009,0.6488030863675354,H002_combined_factors,3,per_corridor,logistic,2023,0.6187499999999999,26,"{""C"": 0.01, ""class_weight"": ""none""}"
2023-05-05,RUB_AMD,AMD,CBR,AMD_RC_F02_09_2016_T02_09_2026.dbf,100,20.2974,0.202974,4.9267393853,1.0,False,-0.00958338619484933,-0.025231957277599637,-0.03686937706411575,-0.03637097348493845,-0.00851903594212533,0.0,-0.018403187164678925,0.0,0.0,-0.027262658826901154,0.0,0.0,-0.031669420162843576,0.0,0.14029055853305006,0.021251288677299973,0.7316515777445723,0.005508888346084933,0.006003929372116635,0.00807236487548539,4,0.49999999999999994,-0.8660254037844387,-0.433883739117558,-0.9009688679024191,True,True,0,203.8192083715,-10.3568680831,0.7164847079568912,0.6488030863675354,H002_combined_factors,3,per_corridor,logistic,2023,0.6187499999999999,26,"{""C"": 0.01, ""class_weight"": ""none""}"
2023-05-12,RUB_AMD,AMD,CBR,AMD_RC_F02_09_2016_T02_09_2026.dbf,100,19.6424,0.196424,5.091027573,1.0,False,-0.01036371239564493,-0.03227014297397701,-0.049700769725733784,-0.06356402885243406,-0.06709095226786987,0.0,-0.019501744115233532,0.0,0.0,-0.04161021038574386,0.0,0.0,-0.054631666643404464,0.0,0.06685495478369496,-0.01631339711101576,0.43932471982297067,0.006663861711928706,0.00780737691962105,0.0065407296463469156,7,0.49999999999999994,-0.8660254037844387,-0.433883739117558,-0.9009688679024191,True,True,1,0.0,122.5053357672,0.7478831598446488,0.6488030863675354,H002_combined_factors,3,per_corridor,logistic,2023,0.6187499999999999,26,"{""C"": 0.01, ""class_weight"": ""none""}"
2023-05-20,RUB_AMD,AMD,CBR,AMD_RC_F02_09_2016_T02_09_2026.dbf,100,20.6794,0.206794,4.8357302436,1.0,False,-1.4506980275386105e-05,-0.0010627300569043818,0.034932487213108265,0.009056397544623174,-0.017306924670683732,0.012346283386856616,2.6113625219092995e-05,0.5260742594910305,0.05279395593206537,0.01845235075768059,0.8202816010124985,0.05279395593206537,0.002695671337078709,0.7047709664265336,0.09578893263457977,0.025949723532098012,0.7719935087119925,0.012767965218176237,0.014141725833697343,0.010675508896982593,2,0.49999999999999994,-0.8660254037844387,-0.9749279121818236,-0.2225209339563146,True,True,1,9.091172858,15.9118262735,0.6587904262096457,0.6488030863675354,H002_combined_factors,3,per_corridor,logistic,2023,0.6187499999999999,26,"{""C"": 0.01, ""class_weight"": ""none""}"
2023-05-26,RUB_AMD,AMD,CBR,AMD_RC_F02_09_2016_T02_09_2026.dbf,100,20.6998,0.206998,4.8309645504,1.0,False,-0.0009749034749034768,0.0018973311520478209,0.0009719676784478715,0.0538325255569585,-0.013153315503177554,0.0018973311520478209,-0.00015360107578732407,0.4148148148147885,0.03595343669612738,0.003815505656336926,0.7764807609165573,0.0538325255569585,0.006889476760207014,0.7186353133070543,0.07610249585410611,0.02131132213481779,0.7403155658946089,0.002518142107892033,0.010198748107911429,0.010720155329190033,2,0.49999999999999994,-0.8660254037844387,-0.433883739117558,-0.9009688679024191,True,True,1,5.2657513599,0.2484434329,0.7115694579727421,0.6488030863675354,H002_combined_factors,3,per_corridor,logistic,2023,0.6187499999999999,26,"{""C"": 0.01, ""class_weight"": ""none""}"
2023-06-01,RUB_AMD,AMD,CBR,AMD_RC_F02_09_2016_T02_09_2026.dbf,100,20.9493,0.209493,4.7734291838,1.0,False,0.0035448592355560304,0.012586459405768524,0.011066602316602392,0.0020424172270958607,0.006075071556178813,0.012586459405768524,0.007721472832941556,1.0,0.013973456724393207,0.00990316657402901,1.0,0.06653463935160686,0.021193769096230497,1.0,0.08319976008521124,0.02865501440656182,0.8590571779403141,0.0032482753008159053,0.004813321704519531,0.010323450640232443,0,1.2246467991473532e-16,-1.0,0.43388373911755823,-0.900968867902419,True,True,1,30.1203381497,-48.3832286092,0.6537847302726233,0.6488030863675354,H002_combined_factors,3,per_corridor,logistic,2023,0.6187499999999999,26,"{""C"": 0.01, ""class_weight"": ""none""}"
2023-06-07,RUB_AMD,AMD,CBR,AMD_RC_F02_09_2016_T02_09_2026.dbf,100,20.9927,0.209927,4.7635606663,1.0,False,-0.0003571394558146146,0.003355239574620583,0.005623871273706227,0.011447788736262288,0.055774327715666594,0.005099060623761087,0.0020295768341846987,0.9342105263157968,0.014684202640063093,0.007010752378690865,0.9759074847414096,0.0687441453182911,0.0172177947093064,0.9944763588157319,0.08544379065366448,0.025766941912118035,0.8822273236880046,0.0031932993017245613,0.003178532536773295,0.008198405957198953,1,1.2246467991473532e-16,-1.0,0.9749279121818236,-0.22252093395631434,True,True,1,0.0,33.1597460081,0.6664868323795048,0.6488030863675354,H002_combined_factors,3,per_corridor,logistic,2023,0.6187499999999999,26,"{""C"": 0.01, ""class_weight"": ""none""}"
2023-06-16,RUB_AMD,AMD,CBR,AMD_RC_F02_09_2016_T02_09_2026.dbf,100,21.7212,0.217212,4.6037972119,1.0,False,-0.004158280571614714,0.015018831951700395,0.03128827947697754,0.036846099869685345,0.03896377220590619,0.024077697366870154,0.007998574401220537,0.8491852344529405,0.03997855043042775,0.02165487658037324,0.9020200929026664,0.05133442397607024,0.03422786085451923,0.9212194910101608,0.10583228118763488,0.05144460362074854,0.9581931320580771,0.005881824410173303,0.005201432602151588,0.0051838584056721395,1,1.2246467991473532e-16,-1.0,-0.433883739117558,-0.9009688679024191,True,True,1,37.0605675561,-39.1269267998,0.7066344159923913,0.6488030863675354,H002_combined_factors,3,per_corridor,logistic,2023,0.6187499999999999,26,"{""C"": 0.01, ""class_weight"": ""none""}"
2023-06-22,RUB_AMD,AMD,CBR,AMD_RC_F02_09_2016_T02_09_2026.dbf,100,21.8165,0.218165,4.5836866592,1.0,False,0.002536613161897572,0.008123581954373016,0.00021089405324614674,0.0392422127692007,0.05113923806678833,0.008123581954373016,0.0036785983417784163,1.0,0.03581297300376973,0.011109622886444237,1.0,0.05450265601361126,0.02851402081967125,1.0,0.11068403046470898,0.04943922718352178,1.0,0.003889208233031594,0.005107677161129697,0.004370035191753492,0,1.2246467991473532e-16,-1.0,0.43388373911755823,-0.900968867902419,True,True,0,75.3099718103,-43.4844657468,0.6878194199653866,0.6488030863675354,H002_combined_factors,3,per_corridor,logistic,2023,0.6187499999999999,26,"{""C"": 0.01, ""class_weight"": ""none""}"
2023-07-14,RUB_AMD,AMD,CBR,AMD_RC_F02_09_2016_T02_09_2026.dbf,100,23.2952,0.232952,4.2927298328,1.0,False,-0.007122063906778164,-0.014422853177977757,-0.027924755053329142,0.03400949886812543,0.07246376811594213,0.0,-0.008809373064014303,0.0,0.017524242159517645,-0.004580726763067089,0.3748131539611352,0.07645316463885177,0.02863665416667116,0.7120110169126823,0.1859650551867389,0.0867138419424558,0.8451642757982415,0.005765118108783104,0.01159275686989637,0.009219165530664769,1,-0.4999999999999998,-0.8660254037844388,-0.433883739117558,-0.9009688679024191,True,True,1,0.0,45.2968223852,0.7036753626510125,0.6488030863675354,H002_combined_factors,3,per_corridor,logistic,2023,0.6187499999999999,26,"{""C"": 0.01, ""class_weight"": ""none""}"
2023-07-21,RUB_AMD,AMD,CBR,AMD_RC_F02_09_2016_T02_09_2026.dbf,100,23.5198,0.235198,4.2517368345,1.0,False,-0.0012823779193206208,0.004398551467322598,0.009641471204368202,-0.01855251957069659,0.08625451455279376,0.007431584448071016,0.002461849012276973,0.8517427589592542,0.009641471204368202,0.001603772058253794,0.5030235162374019,0.08284876359902937,0.0189892338019626,0.8018804866093308,0.19739950311570897,0.08700521662183136,0.8971309578898657,0.0018278601637952605,0.0056675770812012445,0.00873083432206719,1,-0.4999999999999998,-0.8660254037844388,-0.433883739117558,-0.9009688679024191,True,True,0,56.6331346355,-31.3726780471,0.7035608580863972,0.6488030863675354,H002_combined_factors,3,per_corridor,logistic,2023,0.6187499999999999,26,"{""C"": 0.01, ""class_weight"": ""none""}"
2023-07-28,RUB_AMD,AMD,CBR,AMD_RC_F02_09_2016_T02_09_2026.dbf,100,23.3002,0.233002,4.291808654,1.0,False,-0.00016306213525574265,-0.0032724892735074285,-0.009336814088555245,0.00021463649163777632,0.03423143503928272,0.00018458183628866642,-0.0013920389770913921,0.047409040793812474,0.00018458183628866642,-0.004152605251190655,0.016922471467921172,0.017742639993011178,-0.00425985090521841,0.3794843049327341,0.18621960656538916,0.06734320477353295,0.8463211476168438,0.00258991799711407,0.002909364111088419,0.00840736790312559,1,-0.4999999999999998,-0.8660254037844388,-0.433883739117558,-0.9009688679024191,True,True,1,0.0,51.4623492864,0.6921480056055328,0.6488030863675354,H002_combined_factors,3,per_corridor,logistic,2023,0.6187499999999999,26,"{""C"": 0.01, ""class_weight"": ""none""}"
2023-08-18,RUB_AMD,AMD,CBR,AMD_RC_F02_09_2016_T02_09_2026.dbf,100,24.2771,0.242771,4.1191081307,1.0,False,-0.03104382775425185,-0.07108146991750475,-0.03657331529007457,-0.0002759041006762386,0.032198403047644986,0.0,-0.03742210831325732,0.0,0.0,-0.03259022233556952,0.0,0.042118999480595276,-0.0028636183288002215,0.34562682729226035,0.17343599708056012,0.06034219192680945,0.6588809930406356,0.026768012409786265,0.020693864312987118,0.014959430604186068,3,-0.8660254037844384,-0.5000000000000004,-0.433883739117558,-0.9009688679024191,True,True,1,35.8774318185,190.079806041,0.6924367015001649,0.6488030863675354,H002_combined_factors,3,per_corridor,logistic,2023,0.6187499999999999,26,"{""C"": 0.01, ""class_weight"": ""none""}"
2023-08-26,RUB_AMD,AMD,CBR,AMD_RC_F02_09_2016_T02_09_2026.dbf,100,24.538,0.24538,4.0753117613,1.0,False,0.0032422001169316594,0.005808257809585715,0.014386109962794436,-0.035535588650308036,0.0416834705235587,0.006439440547967523,0.004089522654416866,1.0,0.014386109962794436,-0.006730817493972752,0.178938708350472,0.03448566610455317,-0.004739836283799592,0.33874440947490403,0.17484271911597138,0.05521184473647267,0.6957664901116483,0.002996413728379301,0.01824971994397315,0.014764383686398624,0,-0.8660254037844384,-0.5000000000000004,-0.9749279121818236,-0.2225209339563146,True,True,1,0.0,-8.5363260003,0.6701682087170125,0.6488030863675354,H002_combined_factors,3,per_corridor,logistic,2023,0.6187499999999999,26,"{""C"": 0.01, ""class_weight"": ""none""}"
2023-09-16,RUB_AMD,AMD,CBR,AMD_RC_F02_09_2016_T02_09_2026.dbf,100,25.012,0.25012,3.9980809212,1.0,False,0.004110864887432841,0.019009671873345013,-0.014503488953944155,0.0018705963877863052,0.033980983877635484,0.019009671873345013,0.005867425933298698,0.9974348011970903,0.019009671873345013,-0.0028965909842906257,0.5154661953159524,0.0258808088265452,0.005819291125008119,0.5899401645474948,0.14197009473804356,0.03613556617905811,0.7347068969591001,0.013182342151833087,0.009801844587211155,0.0071925709834128266,0,-1.0,-1.8369701987210297e-16,-0.9749279121818236,-0.2225209339563146,True,True,1,0.0,-39.6922332357,0.6573606049161654,0.6488030863675354,H002_combined_factors,3,per_corridor,logistic,2023,0.6187499999999999,26,"{""C"": 0.01, ""class_weight"": ""none""}"
2023-09-22,RUB_AMD,AMD,CBR,AMD_RC_F02_09_2016_T02_09_2026.dbf,100,24.8677,0.248677,4.021280617,1.0,False,-0.005598275731074742,-0.007297259535737677,-0.0016820824099945675,-0.022903192852034904,0.01672206617686145,0.0,-0.004155143511832993,0.0,0.013130769920229435,-0.0035218562253988006,0.38612675212651326,0.013436302877170236,-0.00437363424022319,0.3612754766600936,0.08621036079322097,0.022204132670828214,0.6090162922735125,0.004743868242445823,0.009220638788443144,0.007373892411199662,1,-1.0,-1.8369701987210297e-16,-0.433883739117558,-0.9009688679024191,True,True,1,26.5806648785,10.1119023748,0.7239482979070581,0.6488030863675354,H002_combined_factors,3,per_corridor,logistic,2023,0.6187499999999999,26,"{""C"": 0.01, ""class_weight"": ""none""}"
2023-09-28,RUB_AMD,AMD,CBR,AMD_RC_F02_09_2016_T02_09_2026.dbf,100,24.8334,0.248334,4.0268348273,1.0,False,0.0004552394841692564,0.0012821753435263705,-0.006969853285188177,-0.0006800722727693387,-0.0007966780937666007,0.0012821753435263705,0.0002448915146702202,0.48108925869894376,0.0012821753435263705,-0.002818068727468148,0.12776215347529685,0.011733359407465338,-0.006460125617776646,0.3181617322138745,0.0660307702874412,0.016115826527535182,0.541696013523031,0.002703025692244815,0.0033964487950117936,0.007141864365243176,0,-1.0,-1.8369701987210297e-16,0.43388373911755823,-0.900968867902419,True,True,1,28.630795622,-12.9024974397,0.7005361773481309,0.6488030863675354,H002_combined_factors,3,per_corridor,logistic,2023,0.6187499999999999,26,"{""C"": 0.01, ""class_weight"": ""none""}"
2023-10-05,RUB_AMD,AMD,CBR,AMD_RC_F02_09_2016_T02_09_2026.dbf,100,23.1755,0.231755,4.3149015124,1.0,False,-0.03474027055844331,-0.06408128485641484,-0.06676089460162526,-0.0732654342462522,-0.08611436435548314,0.0,-0.04429351411982052,0.0,0.0,-0.05554382793378243,0.0,0.0,-0.06460522348692321,0.0,0.0,-0.053700600732333514,0.0,0.013993270640469131,0.011487019697552088,0.010656637878453648,5,-0.8660254037844386,0.5000000000000001,0.43388373911755823,-0.900968867902419,True,True,1,0.0,415.0805387645,0.7192149799333816,0.6488030863675354,H002_combined_factors,3,per_corridor,logistic,2023,0.6187499999999999,26,"{""C"": 0.01, ""class_weight"": ""none""}"
2023-10-14,RUB_AMD,AMD,CBR,AMD_RC_F02_09_2016_T02_09_2026.dbf,100,24.1932,0.241932,4.1333928542,1.0,False,-0.007999737579085009,-0.037645785931359255,-0.01263932024372616,-0.022982517779043143,-0.03273628658244043,0.0,-0.025265609198921846,0.0,0.04391275269141981,-0.008841813395212172,0.47959472196041525,0.04391275269141981,-0.01809924449504141,0.47959472196041525,0.04391275269141981,-0.017780065155995506,0.34389889500895504,0.021983250321089432,0.02408905849584441,0.016709082242871747,2,-0.8660254037844386,0.5000000000000001,-0.9749279121818236,-0.2225209339563146,True,True,1,0.0,134.0089611174,0.6548149773772707,0.6488030863675354,H002_combined_factors,3,per_corridor,logistic,2023,0.6187499999999999,26,"{""C"": 0.01, ""class_weight"": ""none""}"
2023-10-20,RUB_AMD,AMD,CBR,AMD_RC_F02_09_2016_T02_09_2026.dbf,100,24.2167,0.242167,4.1293817903,1.0,False,-0.001039522479673649,-0.0012784717725805583,-0.0070361607820143,0.016807745922977402,-0.026178536816834796,0.0009713473207346723,-0.00044329900311401715,0.43119266055043953,0.0009713473207346723,-0.013770808524918188,0.021280449153308456,0.044926754546827485,-0.01132457080964655,0.49066918001884996,0.044926754546827485,-0.019259608846441734,0.3518399621532116,0.003888415945947272,0.017528149176854385,0.016631745953725834,1,-0.8660254037844386,0.5000000000000001,-0.433883739117558,-0.9009688679024191,True,True,0,135.2785474487,-53.7093302762,0.6848042257040519,0.6488030863675354,H002_combined_factors,3,per_corridor,logistic,2023,0.6187499999999999,26,"{""C"": 0.01, ""class_weight"": ""none""}"
2023-10-27,RUB_AMD,AMD,CBR,AMD_RC_F02_09_2016_T02_09_2026.dbf,100,23.2463,0.232463,4.30175985,1.0,False,0.004211881393419992,-0.012766011661832333,-0.040071520892607126,-0.04682573201084117,-0.06326487026671979,0.004211881393419992,-0.007201391249681777,0.1317033635012839,0.004211881393419992,-0.02413314537734912,0.08872508872508907,0.004211881393419992,-0.03716333406575789,0.04537627402615551,0.004211881393419992,-0.057128133832591965,0.0326523777628936,0.008045011568073466,0.006928918839655985,0.01727474573333388,0,-0.8660254037844386,0.5000000000000001,-0.433883739117558,-0.9009688679024191,True,True,1,38.5437682556,-4.2113520838,0.6984737732456678,0.6488030863675354,H002_combined_factors,3,per_corridor,logistic,2023,0.6187499999999999,26,"{""C"": 0.01, ""class_weight"": ""none""}"
2023-11-03,RUB_AMD,AMD,CBR,AMD_RC_F02_09_2016_T02_09_2026.dbf,100,23.1561,0.231561,4.3185165032,1.0,False,-0.0010957013135474147,-0.001026751625330613,-0.0038801873846591173,-0.04379622326741461,-0.027724593137501863,0.014088392950986295,0.0023539372825920335,0.9268222414289818,0.014088392950986295,-0.004394986396265788,0.30501564425903077,0.014088392950986295,-0.03139219411559491,0.1306077706954649,0.014088392950986295,-0.05482129807627556,0.09747303357168811,0.010812245877983644,0.009792378273197152,0.014183660756549607,1,-0.5000000000000004,0.8660254037844384,-0.433883739117558,-0.9009688679024191,True,True,1,11.0985874133,-21.614523278,0.6716721887425389,0.6488030863675354,H002_combined_factors,3,per_corridor,logistic,2023,0.6187499999999999,26,"{""C"": 0.01, ""class_weight"": ""none""}"
2023-11-10,RUB_AMD,AMD,CBR,AMD_RC_F02_09_2016_T02_09_2026.dbf,100,22.8287,0.228287,4.3804509236,1.0,False,-0.003357257613858744,-0.013043440666828165,-0.015219032418092082,-0.013827930605474159,-0.09759067101492247,0.0,-0.007205238845317763,0.0,0.0,-0.009904554221329964,0.0,0.0,-0.02840988286416224,0.0,0.0,-0.061794983338001486,0.0,0.0027804235126538735,0.00778844225399225,0.010216408700535003,5,-0.5000000000000004,0.8660254037844384,-0.433883739117558,-0.9009688679024191,True,True,1,0.0,38.07702306,0.6949826842011232,0.6488030863675354,H002_combined_factors,3,per_corridor,logistic,2023,0.6187499999999999,26,"{""C"": 0.01, ""class_weight"": ""none""}"
2023-11-16,RUB_AMD,AMD,CBR,AMD_RC_F02_09_2016_T02_09_2026.dbf,100,22.2021,0.222021,4.504078443,1.0,False,-0.01906891051838633,-0.02900464896590027,-0.030713013411567514,-0.027690677223837667,-0.08398486655086912,0.0,-0.02097300786851586,0.0,0.0,-0.029260650779818986,0.0,0.0,-0.04181003091165092,0.0,0.0,-0.08334975624364183,0.0,0.008409513810692123,0.008789753893205127,0.00801968493260513,3,-0.5000000000000004,0.8660254037844384,0.43388373911755823,-0.900968867902419,True,True,0,52.0671468014,97.2783472048,0.6788816492062606,0.6488030863675354,H002_combined_factors,3,per_corridor,logistic,2023,0.6187499999999999,26,"{""C"": 0.01, ""class_weight"": ""none""}"
2023-11-23,RUB_AMD,AMD,CBR,AMD_RC_F02_09_2016_T02_09_2026.dbf,100,21.9092,0.219092,4.5642926259,1.0,False,0.003729189382347231,-0.01075967942205669,-0.013192445759635296,-0.04350027940765577,-0.05740529610428724,0.003729189382347231,-0.0038900174405174237,0.254613700344075,0.003729189382347231,-0.019118705744565645,0.07845783132530212,0.003729189382347231,-0.03537498470016276,0.057384561156151495,0.003729189382347231,-0.0873043397118135,0.0224688086562882,0.0054710033227650156,0.006945185120858335,0.007354827757003873,0,-0.5000000000000004,0.8660254037844384,0.43388373911755823,-0.900968867902419,True,True,1,1.049787304,38.6983129406,0.6620000708742485,0.6488030863675354,H002_combined_factors,3,per_corridor,logistic,2023,0.6187499999999999,26,"{""C"": 0.01, ""class_weight"": ""none""}"
2023-11-30,RUB_AMD,AMD,CBR,AMD_RC_F02_09_2016_T02_09_2026.dbf,100,22.083,0.22083,4.5283702396,1.0,False,0.0025696437002868944,0.0,0.007932740583864284,-0.005364357425648891,-0.032906491959499684,0.00803856319241869,0.002423101260938587,1.0,0.011691512658169811,0.0032168539341155267,0.798248357835469,0.011691512658169811,-0.015986268456662955,0.18852035162886902,0.011691512658169811,-0.07040363963867136,0.07044275146295677,0.003938873963299751,0.005016436252091035,0.007059796695175272,0,-0.5000000000000004,0.8660254037844384,0.43388373911755823,-0.900968867902419,True,True,1,37.7213240955,14.2182452192,0.6641291402708204,0.6488030863675354,H002_combined_factors,3,per_corridor,logistic,2023,0.6187499999999999,26,"{""C"": 0.01, ""class_weight"": ""none""}"
2023-12-09,RUB_AMD,AMD,CBR,AMD_RC_F02_09_2016_T02_09_2026.dbf,100,22.726,0.22726,4.4002464138,1.0,False,-0.009527296182979983,-8.799718409024937e-05,0.020013375164384284,0.02911742064031153,-0.006092200845823181,0.010192606026661721,-0.0024808493529250297,0.44045332308874274,0.0330140865557258,0.012968095471997731,0.7137382075471697,0.04114935999047087,0.01908280305617227,0.755107187894073,0.04114935999047087,-0.03157089121813006,0.2588696429086085,0.00978031356495556,0.007926456766300764,0.008360666422238924,2,-2.4492935982947064e-16,1.0,-0.9749279121818236,-0.2225209339563146,True,True,0,78.9404206636,20.857575691,0.7103565397643925,0.6488030863675354,H002_combined_factors,3,per_corridor,logistic,2023,0.6187499999999999,26,"{""C"": 0.01, ""class_weight"": ""none""}"
2023-12-14,RUB_AMD,AMD,CBR,AMD_RC_F02_09_2016_T02_09_2026.dbf,100,22.244,0.22244,4.4955943176,1.0,False,-0.00488965835022126,-0.021209187714511968,-0.03359646874307587,0.007290676085676795,0.0018872088676296084,0.0,-0.014133821450256878,0.0,0.011104696882230147,-0.012853233145303178,0.2400746855345915,0.019067427775588897,-0.0012979893511895213,0.3498949138293403,0.019067427775588897,-0.04680431906258531,0.11995273366573474,0.0026781273692355755,0.00938985024155614,0.007356916730988693,5,-2.4492935982947064e-16,1.0,0.43388373911755823,-0.900968867902419,True,True,0,50.8451717317,37.646420519,0.6729586996047112,0.6488030863675354,H002_combined_factors,3,per_corridor,logistic,2023,0.6187499999999999,26,"{""C"": 0.01, ""class_weight"": ""none""}"
2023-12-20,RUB_AMD,AMD,CBR,AMD_RC_F02_09_2016_T02_09_2026.dbf,100,22.1993,0.221993,4.5046465429,1.0,False,-0.0032955142394052173,0.0015610407539916604,-0.006889363091803102,-0.023262055614220456,0.017019580534914258,0.003090701236732274,-0.00013602182114313965,0.48236953455570447,0.003090701236732274,-0.011604661455017262,0.0771660649819485,0.013347392830569182,-0.004875367916349571,0.263328530259365,0.017019580534914258,-0.04137959326439966,0.10706977548491212,0.004511775545648759,0.0069537449417265765,0.007033226279562923,1,-2.4492935982947064e-16,1.0,0.9749279121818236,-0.22252093395631434,True,True,1,0.0,57.9968471212,0.6492706892162994,0.6488030863675354,H002_combined_factors,3,per_corridor,logistic,2023,0.6187499999999999,26,"{""C"": 0.01, ""class_weight"": ""none""}"
2023-12-28,RUB_AMD,AMD,CBR,AMD_RC_F02_09_2016_T02_09_2026.dbf,100,22.6332,0.226332,4.4182881784,1.0,False,3.092897382095394e-05,-0.0014603177404339807,0.015278612633788713,0.017496853083977637,0.02491509305800843,0.0010747979777874228,-0.0005722824531841919,0.3,0.022696772386120667,0.009099785546455186,0.8985688729874802,0.028795847216098513,0.006753815882621028,0.622543238993712,0.03689790084204558,-0.013981791519961151,0.23212381473902655,0.006492546976417652,0.005469643586749427,0.00749599833022799,0,-2.4492935982947064e-16,1.0,0.43388373911755823,-0.900968867902419,True,True,0,210.5314317021,-76.8328580042,0.6518843165694792,0.6488030863675354,H002_combined_factors,3,per_corridor,logistic,2023,0.6187499999999999,26,"{""C"": 0.01, ""class_weight"": ""none""}"
2023-01-28,RUB_KZT,KZT,CBR,KZT_RC_F02_09_2016_T02_09_2026.dbf,100,15.0285,0.150285,6.654024021,1.0,False,0.003137202549811313,0.009959476623455199,0.012838657501010875,0.028771511890582024,0.02190202904857741,0.012900095032048142,0.0065017258907724695,1.0,0.01737081891970571,0.010152949598217331,1.0,0.028771511890582024,0.0034111371725820128,0.42139562863445035,0.17152968873020935,0.07896017488126716,0.7922232223222322,0.0014772633904106597,0.0034771202868356804,0.010971209138029176,0,0.49999999999999994,0.8660254037844387,-0.9749279121818236,-0.2225209339563146,True,True,1,0.0,-19.7920407042,0.5814507724737831,0.5339318940615716,H002_combined_factors,3,per_corridor,logistic,2023,0.650890756302521,26,"{""C"": 0.1, ""class_weight"": ""balanced""}"
2023-02-04,RUB_KZT,KZT,CBR,KZT_RC_F02_09_2016_T02_09_2026.dbf,100,15.3037,0.153037,6.5343675059,1.0,False,0.006981365478759827,-0.0018783629545082725,0.018311874105865655,0.03138563148672313,0.0029754297660946616,0.012504383150178322,0.004502760073777035,0.8677685950413294,0.03144819405409405,0.01461487768559322,0.9418651594671006,0.04761024630002342,0.022320614419786278,0.9602374706613306,0.19298259290152098,0.08580041924467152,0.8913051305130515,0.008265352311614725,0.005627907778788233,0.007407011601103345,0,0.8660254037844386,0.5000000000000001,-0.9749279121818236,-0.2225209339563146,True,True,1,0.0,-6.1834658606,0.5415214374343036,0.5339318940615716,H002_combined_factors,3,per_corridor,logistic,2023,0.650890756302521,26,"{""C"": 0.1, ""class_weight"": ""balanced""}"
2023-03-11,RUB_KZT,KZT,CBR,KZT_RC_F02_09_2016_T02_09_2026.dbf,100,17.2154,0.172154,5.8087526285,1.0,False,-0.005286908689597802,-0.016701127497458335,0.008452882356731584,0.02952451006775636,0.11147409741232384,0.0,-0.008137519704274454,0.0,0.03242017895267102,0.006630214811007562,0.6489795918367337,0.09911957555752782,0.02834437117739852,0.8415090248793969,0.3030518635138817,0.11921260579666959,0.9319398538243097,0.010170619545323141,0.009175489810467822,0.009174157671982196,3,1.0,6.123233995736766e-17,-0.9749279121818236,-0.2225209339563146,True,True,0,171.4743775922,19.2727378137,0.5706594715773484,0.5339318940615716,H002_combined_factors,3,per_corridor,logistic,2023,0.650890756302521,26,"{""C"": 0.1, ""class_weight"": ""balanced""}"
2023-03-16,RUB_KZT,KZT,CBR,KZT_RC_F02_09_2016_T02_09_2026.dbf,100,16.5304,0.165304,6.0494603881,1.0,False,0.0039232834116775805,-0.03978995550495479,-0.0518080029368575,-0.008659774030273182,0.027332728425291775,0.0039232834116775805,-0.02115972889208384,0.07680418499583967,0.0039232834116775805,-0.03132727805449742,0.06199616122840757,0.0125075032769415,-0.018916994848697022,0.17281651997291914,0.24342946548118727,0.06296996137583455,0.7680368331118282,0.011804049871152678,0.01387528652304174,0.011567183852631195,0,1.0,6.123233995736766e-17,0.43388373911755823,-0.900968867902419,True,True,0,58.6797657649,62.2991423777,0.779516301130595,0.5339318940615716,H002_combined_factors,3,per_corridor,logistic,2023,0.650890756302521,26,"{""C"": 0.1, ""class_weight"": ""balanced""}"
2023-03-24,RUB_KZT,KZT,CBR,KZT_RC_F02_09_2016_T02_09_2026.dbf,100,16.5038,0.165038,6.059210606,1.0,False,-0.00843537087994628,-0.015462626021595205,0.0039052045061924723,-0.04640345758050268,-0.009839330925497047,0.004283958280087985,-0.005350584417854187,0.21359223300970384,0.004283958280087985,-0.008984935836040986,0.09002557544756816,0.004283958280087985,-0.020722380271565366,0.06552494415487549,0.12976273599759036,0.04173842311226261,0.6537453441854044,0.011691769127112294,0.012565603086152387,0.011384740205113887,1,1.0,6.123233995736766e-17,-0.433883739117558,-0.9009688679024191,True,True,1,0.0,52.1645983378,0.5722643201403217,0.5339318940615716,H002_combined_factors,3,per_corridor,logistic,2023,0.650890756302521,26,"{""C"": 0.1, ""class_weight"": ""balanced""}"
2023-04-22,RUB_KZT,KZT,CBR,KZT_RC_F02_09_2016_T02_09_2026.dbf,100,17.8843,0.178843,5.5914964522,1.0,False,-0.0028491140426196715,-0.017254358923635693,-0.012882429889003566,-0.029135226100646006,0.08164845200583049,0.0,-0.00921079456814633,0.0,0.0,-0.014956611780775897,0.0,0.07143584612896059,0.006467588195983254,0.6606094182825486,0.1979008285498034,0.0644846407037718,0.828268670105405,0.005095350262437187,0.007121050209125588,0.01055492561135621,3,0.8660254037844387,-0.49999999999999983,-0.9749279121818236,-0.2225209339563146,True,True,0,70.6765151558,36.5858123133,0.5889890693910332,0.5339318940615716,H002_combined_factors,3,per_corridor,logistic,2023,0.650890756302521,26,"{""C"": 0.1, ""class_weight"": ""balanced""}"
2023-04-29,RUB_KZT,KZT,CBR,KZT_RC_F02_09_2016_T02_09_2026.dbf,100,17.6474,0.176474,5.6665571132,1.0,False,-0.017820966628820822,-0.01247873578655212,-0.013246255095251236,-0.02595804103169841,0.022581224612781448,0.0,-0.010594089825502584,0.0,0.0,-0.016499604869963824,0.0,0.022628629707537318,-0.018951479864278475,0.31491935483870914,0.16119650471127023,0.03620408066202363,0.7425211408480585,0.00987924365054442,0.007410601851368472,0.010765567578575672,1,0.8660254037844387,-0.49999999999999983,-0.9749279121818236,-0.2225209339563146,True,True,1,0.0,67.0841973818,0.6582257670198759,0.5339318940615716,H002_combined_factors,3,per_corridor,logistic,2023,0.650890756302521,26,"{""C"": 0.1, ""class_weight"": ""balanced""}"
2023-05-05,RUB_KZT,KZT,CBR,KZT_RC_F02_09_2016_T02_09_2026.dbf,100,17.7651,0.177651,5.6290141907,1.0,False,0.006110821647826281,0.006669537722270746,-0.009666360063550372,-0.01879007804344579,0.004256690296102761,0.0073088307004911535,0.0017141536084626097,0.38895594447797466,0.0073088307004911535,-0.0022969785465574155,0.38895594447797466,0.0073088307004911535,-0.013804987071009078,0.14976182177297687,0.1542149887925155,0.03568562556313082,0.7643459779738523,0.009235934234634612,0.007639425923346907,0.009846268535805149,0,0.49999999999999994,-0.8660254037844387,-0.433883739117558,-0.9009688679024191,True,True,0,288.9372984109,-154.693768562,0.635748614523196,0.5339318940615716,H002_combined_factors,3,per_corridor,logistic,2023,0.650890756302521,26,"{""C"": 0.1, ""class_weight"": ""balanced""}"
2023-05-12,RUB_KZT,KZT,CBR,KZT_RC_F02_09_2016_T02_09_2026.dbf,100,17.085,0.17085,5.8530875037,1.0,False,-0.008041338868406522,-0.03828292551125523,-0.031253898232045385,-0.03789299410403246,-0.06990037563285967,0.0,-0.01790702968179836,0.0,0.0,-0.029496820941737445,0.0,0.0,-0.042830599504019906,0.0,0.06794599324915618,-0.008795429726003667,0.43499139621433425,0.013650549713630191,0.011412143989509814,0.00930423107981045,3,0.49999999999999994,-0.8660254037844387,-0.433883739117558,-0.9009688679024191,True,True,1,0.0,112.1278664453,0.6112618964120402,0.5339318940615716,H002_combined_factors,3,per_corridor,logistic,2023,0.650890756302521,26,"{""C"": 0.1, ""class_weight"": ""balanced""}"
2023-06-17,RUB_KZT,KZT,CBR,KZT_RC_F02_09_2016_T02_09_2026.dbf,100,18.514,0.18514,5.4013179216,1.0,False,-0.007366739226009944,-0.009845920173707556,0.007306974542566014,0.024712882247128753,0.04021755008933492,0.0,-0.007158071760902773,0.0,0.027208770722830122,0.0056463724976303364,0.6344934661663865,0.04072042092008821,0.01715522330413921,0.7194358923428349,0.12180225160266134,0.03994254121798835,0.8767828324682692,0.008491577381728855,0.006948580153513806,0.006268313459860641,2,1.2246467991473532e-16,-1.0,-0.9749279121818236,-0.2225209339563146,True,True,1,0.0,54.6923621775,0.6069227129013087,0.5339318940615716,H002_combined_factors,3,per_corridor,logistic,2023,0.650890756302521,26,"{""C"": 0.1, ""class_weight"": ""balanced""}"
2023-06-24,RUB_KZT,KZT,CBR,KZT_RC_F02_09_2016_T02_09_2026.dbf,100,18.7836,0.187836,5.3237930961,1.0,False,0.0051424749163879735,-0.002882486901406134,0.014561953116560389,0.02197533147983921,0.043730482424457984,0.008639993126668077,0.0020677690500425783,0.7476765799256546,0.014561953116560389,0.00467689621826084,0.8323556653288084,0.049146265855661175,0.020766830458018193,0.9418754014129749,0.12531227721230054,0.04464152388325293,0.974697110904008,0.006874043598213416,0.007322253877806715,0.00647453520178659,0,1.2246467991473532e-16,-1.0,-0.9749279121818236,-0.2225209339563146,True,True,1,0.0,9.262418213,0.6876122470146591,0.5339318940615716,H002_combined_factors,3,per_corridor,logistic,2023,0.650890756302521,26,"{""C"": 0.1, ""class_weight"": ""balanced""}"
2023-07-15,RUB_KZT,KZT,CBR,KZT_RC_F02_09_2016_T02_09_2026.dbf,100,20.3245,0.203245,4.9201702379,1.0,False,-0.007054604790682428,-0.0009143149274201123,-0.016139104168381158,0.04429566754357128,0.09779086097007683,0.0,-0.006577037263686636,0.0,0.022374583117451552,-0.0031664039440757463,0.4553644553644562,0.09138309697304914,0.03366815003178658,0.7618408093831144,0.18961076968100676,0.09678435960518028,0.8589420654911841,0.008471881819015953,0.014350185525468684,0.01092028110612864,2,-0.4999999999999998,-0.8660254037844388,-0.9749279121818236,-0.2225209339563146,True,True,1,35.6220325223,21.8049352515,0.5491304770870503,0.5339318940615716,H002_combined_factors,3,per_corridor,logistic,2023,0.650890756302521,26,"{""C"": 0.1, ""class_weight"": ""balanced""}"
2023-07-29,RUB_KZT,KZT,CBR,KZT_RC_F02_09_2016_T02_09_2026.dbf,100,20.4574,0.204574,4.8882067125,1.0,False,0.00963868503264731,0.010990857425253298,0.004912218652676659,0.006538906246156051,0.05112421900690567,0.011115779068330722,0.007452947543738153,1.0,0.011115779068330722,0.005194657148697379,0.744455478318439,0.029059794664909377,0.004272381895861654,0.591420966420967,0.19738952297336843,0.08008298583579232,0.8941800344690443,0.0054533580100523385,0.005979264151794782,0.010872665742925695,0,-0.4999999999999998,-0.8660254037844388,-0.9749279121818236,-0.2225209339563146,True,True,1,0.0,-38.4780120138,0.7115363390250637,0.5339318940615716,H002_combined_factors,3,per_corridor,logistic,2023,0.650890756302521,26,"{""C"": 0.1, ""class_weight"": ""balanced""}"
2023-08-18,RUB_KZT,KZT,CBR,KZT_RC_F02_09_2016_T02_09_2026.dbf,100,20.6353,0.206353,4.8460647531,1.0,False,-0.04153816141498212,-0.08952405324673607,-0.0532485467450301,-0.02376334115509804,0.005437616024401182,0.0,-0.05007922412832755,0.0,0.0,-0.048061251650933445,0.0,0.019908562955640585,-0.02152100889746189,0.16563862159717094,0.15257181476454584,0.04134196168613702,0.5737932193420998,0.03113105224159453,0.023679525163397244,0.017276437450835343,3,-0.8660254037844384,-0.5000000000000004,-0.433883739117558,-0.9009688679024191,True,True,0,227.6681221014,176.6738073379,0.8123365149741563,0.5339318940615716,H002_combined_factors,3,per_corridor,logistic,2023,0.650890756302521,26,"{""C"": 0.1, ""class_weight"": ""balanced""}"
2023-09-16,RUB_KZT,KZT,CBR,KZT_RC_F02_09_2016_T02_09_2026.dbf,100,20.7289,0.207289,4.8241826629,1.0,False,0.00017852662459239,0.013162525171557693,-0.01677220443495797,-0.010921947914380281,0.027938806377228342,0.013162525171557693,0.001849145314016365,0.7035005224660403,0.013162525171557693,-0.010486629642677436,0.3275757207152413,0.01662587849866859,-0.0049113805679072975,0.3801300740076251,0.09690648547963754,0.003231515821456865,0.48618153821647575,0.014081794270935907,0.01074451936246158,0.010230703061552188,0,-1.0,-1.8369701987210297e-16,-0.9749279121818236,-0.2225209339563146,True,True,1,22.3842075556,-14.2101529093,0.7097101255808099,0.5339318940615716,H002_combined_factors,3,per_corridor,logistic,2023,0.650890756302521,26,"{""C"": 0.1, ""class_weight"": ""balanced""}"
2023-09-22,RUB_KZT,KZT,CBR,KZT_RC_F02_09_2016_T02_09_2026.dbf,100,20.3026,0.203026,4.925477525,1.0,False,-0.009319982823906003,-0.018368185664208836,-0.020390635554783487,-0.04600666300154588,-0.014709522122519414,0.0,-0.011661870027300125,0.0,0.0,-0.016907033589389053,0.0,0.0,-0.023822648885845843,0.0,0.043170420914173,-0.02198321061383235,0.2624066960242361,0.004557590479095182,0.009920671508866306,0.008923481460079229,4,-1.0,-1.8369701987210297e-16,-0.433883739117558,-0.9009688679024191,True,True,0,61.0759213106,28.0316058988,0.6012712242675929,0.5339318940615716,H002_combined_factors,3,per_corridor,logistic,2023,0.650890756302521,26,"{""C"": 0.1, ""class_weight"": ""balanced""}"
2023-09-30,RUB_KZT,KZT,CBR,KZT_RC_F02_09_2016_T02_09_2026.dbf,100,20.398,0.20398,4.9024414158,1.0,False,0.015189520624303121,0.004619733848169272,0.010872904958718621,-0.015963220431378433,-0.026710818883661447,0.015189520624303121,0.007201207179876157,1.0,0.015189520624303121,0.0027465167118685407,0.5175512972697969,0.015189520624303121,-0.011981145395659198,0.2567078812347545,0.015189520624303121,-0.017688635517601137,0.11868559206688693,0.0084801451319777,0.0073876146249019885,0.008978453421781545,0,-1.0,-1.8369701987210297e-16,-0.9749279121818236,-0.2225209339563146,True,True,1,0.0,-14.3216034585,0.5807574514815322,0.5339318940615716,H002_combined_factors,3,per_corridor,logistic,2023,0.650890756302521,26,"{""C"": 0.1, ""class_weight"": ""balanced""}"
2023-10-13,RUB_KZT,KZT,CBR,KZT_RC_F02_09_2016_T02_09_2026.dbf,100,20.3437,0.203437,4.9155266741,1.0,False,-0.028991317878297562,-0.0397528544928466,-0.027292070094910192,0.012487060041407982,-0.018407542508636743,0.0,-0.0264159864622735,0.0,0.0,-0.022585037412714004,0.0,0.012487060041407982,-0.012178008691640874,0.22953069252584504,0.012487060041407982,-0.023294557081747103,0.09756951195800154,0.015008856807154495,0.0133311365483224,0.009965753448237231,1,-0.8660254037844386,0.5000000000000001,-0.433883739117558,-0.9009688679024191,True,True,1,0.0,164.462165483,0.7097044957504837,0.5339318940615716,H002_combined_factors,3,per_corridor,logistic,2023,0.650890756302521,26,"{""C"": 0.1, ""class_weight"": ""balanced""}"
2023-10-21,RUB_KZT,KZT,CBR,KZT_RC_F02_09_2016_T02_09_2026.dbf,100,20.0053,0.200053,4.998675351,1.0,False,-0.017305576295830516,-0.02046681975978415,-0.021850950020046778,-0.04953463290874616,-0.008588306423636838,0.0,-0.01539901703794333,0.0,0.0,-0.02638100466434612,0.0,0.0,-0.026609579468071187,0.0,0.0,-0.03966062917246915,0.0,0.007402975387315057,0.011057346900676451,0.010359197400987688,3,-0.8660254037844386,0.5000000000000001,-0.9749279121818236,-0.2225209339563146,True,True,0,117.8187780238,66.5154339641,0.7219385378737708,0.5339318940615716,H002_combined_factors,3,per_corridor,logistic,2023,0.650890756302521,26,"{""C"": 0.1, ""class_weight"": ""balanced""}"
2023-10-27,RUB_KZT,KZT,CBR,KZT_RC_F02_09_2016_T02_09_2026.dbf,100,19.6616,0.196616,5.0860560687,1.0,False,0.004413748007683127,-0.005462932988022029,-0.03418870593783152,-0.033528807444073605,-0.021460423634336645,0.006537353011943248,-0.00241106655193124,0.270895205770047,0.006537353011943248,-0.019779303770900314,0.1390613089404335,0.006537353011943248,-0.03789673743373234,0.07730024213075072,0.006537353011943248,-0.05268546553436071,0.04079350881676464,0.009573278568123745,0.007707853115043969,0.010869135113090013,0,-0.8660254037844386,0.5000000000000001,-0.433883739117558,-0.9009688679024191,True,True,1,45.5710623754,-27.3138646459,0.5755709171190655,0.5339318940615716,H002_combined_factors,3,per_corridor,logistic,2023,0.650890756302521,26,"{""C"": 0.1, ""class_weight"": ""balanced""}"
2023-11-11,RUB_KZT,KZT,CBR,KZT_RC_F02_09_2016_T02_09_2026.dbf,100,19.6675,0.196675,5.0845303165,1.0,False,-0.0013151614246397214,-0.015808120740214537,-0.007704261309169458,0.00030007730805214905,-0.0332387913703015,0.0,-0.007365707317861014,0.0,0.008501822918002055,-0.004924403599727456,0.3441976333817703,0.008501822918002055,-0.012258441505284545,0.17443450815360237,0.008501822918002055,-0.03762286609048837,0.09314606741572988,0.005796890062527479,0.01025925246499739,0.009007750530443557,3,-0.5000000000000004,0.8660254037844384,-0.9749279121818236,-0.2225209339563146,True,True,1,0.0,39.322509695,0.656444777747505,0.5339318940615716,H002_combined_factors,3,per_corridor,logistic,2023,0.650890756302521,26,"{""C"": 0.1, ""class_weight"": ""balanced""}"
2023-11-18,RUB_KZT,KZT,CBR,KZT_RC_F02_09_2016_T02_09_2026.dbf,100,19.3097,0.193097,5.1787443616,1.0,False,0.001951006895979157,-0.01419258003747248,-0.01819244947248,-0.02575655139705957,-0.0514746335520887,0.001951006895979157,-0.006202708976017823,0.09049338146810787,0.001951006895979157,-0.01590728285791909,0.05286095880781485,0.001951006895979157,-0.018179969238200644,0.05128205128204953,0.001951006895979157,-0.05074978904540384,0.018710191082801923,0.00689639000787922,0.0061085386956081355,0.009385161477954145,0,-0.5000000000000004,0.8660254037844384,-0.9749279121818236,-0.2225209339563146,True,True,0,97.1014567808,2.7513755028,0.6183800847500007,0.5339318940615716,H002_combined_factors,3,per_corridor,logistic,2023,0.650890756302521,26,"{""C"": 0.1, ""class_weight"": ""balanced""}"
2023-11-25,RUB_KZT,KZT,CBR,KZT_RC_F02_09_2016_T02_09_2026.dbf,100,19.2583,0.192583,5.1925663221,1.0,False,-0.001622636031851421,0.01378148606322216,-0.00266187460188394,-0.020805898055167082,-0.020512064124994955,0.01378148606322216,0.004366197330006649,0.8932105083589199,0.01378148606322216,-0.002284689986737365,0.37881637968456217,0.01378148606322216,-0.014094421334709284,0.265275103860574,0.01378148606322216,-0.047295138005989945,0.11456327673726623,0.008361210859521009,0.007412797674346924,0.008780928629425056,1,-0.5000000000000004,0.8660254037844384,-0.9749279121818236,-0.2225209339563146,True,True,0,53.69113577,-28.7080556634,0.5519015100495593,0.5339318940615716,H002_combined_factors,3,per_corridor,logistic,2023,0.650890756302521,26,"{""C"": 0.1, ""class_weight"": ""balanced""}"
2023-12-01,RUB_KZT,KZT,CBR,KZT_RC_F02_09_2016_T02_09_2026.dbf,100,19.2964,0.192964,5.1823137995,1.0,False,-0.003439549656561458,0.0073871437595602885,0.0003525215660251657,0.0012608900950077384,-0.028417787803109662,0.0073871437595602885,0.0012442651208306454,0.679961556943777,0.015787118679756906,0.003523910167333666,0.818281036834925,0.015787118679756906,-0.007935936693476142,0.3038808389907789,0.015787118679756906,-0.039452833976859614,0.13123577805006129,0.005175769843884816,0.006574899939773506,0.006291569421508154,1,-2.4492935982947064e-16,1.0,-0.433883739117558,-0.9009688679024191,True,True,1,0.0,60.3407930252,0.5909593151079727,0.5339318940615716,H002_combined_factors,3,per_corridor,logistic,2023,0.650890756302521,26,"{""C"": 0.1, ""class_weight"": ""balanced""}"
2023-12-15,RUB_KZT,KZT,CBR,KZT_RC_F02_09_2016_T02_09_2026.dbf,100,19.6788,0.196788,5.0816106673,1.0,False,-0.0006094216588458101,-0.010250168489030709,-0.02321979887425185,0.01981716796915478,0.021103045334966097,0.00010672521306931415,-0.004659368405719011,0.008433734939756351,0.004174108281879807,-0.0075212087192157995,0.1488355167394442,0.035917142631537446,0.007707538065938824,0.5932527606295095,0.035917142631537446,-0.012868769252866508,0.3116378916598153,0.005561898487917256,0.008888759920319783,0.007668617186943788,1,-2.4492935982947064e-16,1.0,-0.433883739117558,-0.9009688679024191,True,True,1,0.0,17.1174553113,0.6484865175950216,0.5339318940615716,H002_combined_factors,3,per_corridor,logistic,2023,0.650890756302521,26,"{""C"": 0.1, ""class_weight"": ""balanced""}"
2023-12-22,RUB_KZT,KZT,CBR,KZT_RC_F02_09_2016_T02_09_2026.dbf,100,20.1031,0.201031,4.9743571887,1.0,False,0.018435397584501745,0.017069974754245987,0.021561274061426605,-0.0021591732600042546,0.04217298440610473,0.021172084139731595,0.015431163373337942,1.0,0.02167030040606388,0.016115841583157486,1.0,0.04950169408349825,0.0214226884475599,0.9561359282040921,0.05825283604874576,0.01032669395859176,0.5054352790718916,0.008400637029349999,0.008216290243001868,0.007763893146674315,0,-2.4492935982947064e-16,1.0,-0.433883739117558,-0.9009688679024191,True,True,1,0.0,-76.2439951051,0.5505803188474963,0.5339318940615716,H002_combined_factors,3,per_corridor,logistic,2023,0.650890756302521,26,"{""C"": 0.1, ""class_weight"": ""balanced""}"
2023-12-29,RUB_KZT,KZT,CBR,KZT_RC_F02_09_2016_T02_09_2026.dbf,100,19.8253,0.198253,5.0440598629,1.0,False,-0.013720642153911888,-0.009066962567539805,-0.013818764270187023,0.007444559627619585,0.027409257685371502,0.0,-0.009636231029762854,0.0,0.007060747829708891,-0.00414910663605883,0.32168479518630066,0.011649742307496158,-0.0021449155585776536,0.4153930131004379,0.04362908956913114,-0.0013371553122644153,0.37855120124235037,0.006959158515105215,0.008169883583957331,0.008333038997981677,1,-2.4492935982947064e-16,1.0,-0.433883739117558,-0.9009688679024191,True,True,1,27.4901262528,36.4648023836,0.7113685248984594,0.5339318940615716,H002_combined_factors,3,per_corridor,logistic,2023,0.650890756302521,26,"{""C"": 0.1, ""class_weight"": ""balanced""}"
2024-01-12,RUB_TJS,TJS,CBR,TJS_RC_F02_09_2016_T02_09_2026.dbf,10,81.0497,8.10497,0.1233810859,1.0,False,-0.006955624658467441,-0.010034053488894745,-0.03127539848732597,-0.017880577229043793,-0.04244676137874004,0.0,-0.010291057320783947,0.0,0.0,-0.02156027971528196,0.0,0.0,-0.02030064250021657,0.0,0.010145109969751598,-0.03230172096313866,0.0742125176642206,0.008411420104620313,0.008636642494915426,0.00706703668157112,2,0.49999999999999994,0.8660254037844387,-0.433883739117558,-0.9009688679024191,True,True,0,70.7960671045,19.5177334309,0.6203898409264993,0.5498642762095938,H002_combined_factors,3,per_corridor,logistic,2024,0.6304424466772431,26,"{""C"": 0.01, ""class_weight"": ""balanced""}"
2024-01-18,RUB_TJS,TJS,CBR,TJS_RC_F02_09_2016_T02_09_2026.dbf,10,80.6849,8.06849,0.1239389279,1.0,False,0.008117678221582603,0.0025970507940888954,-0.011425259809795363,-0.035822261736609406,-0.019295656866701316,0.008117678221582603,0.002780222020054568,0.6404139970428857,0.008117678221582603,-0.009253608551237802,0.17892156862745257,0.008117678221582603,-0.017532473462628317,0.16716840344783382,0.008117678221582603,-0.02970929945549916,0.07372649592047548,0.006426420705244747,0.0074079069816873275,0.006990233438961414,0,0.49999999999999994,0.8660254037844387,0.43388373911755823,-0.900968867902419,True,True,1,0.0,-14.8681864784,0.5551175649772294,0.5498642762095938,H002_combined_factors,3,per_corridor,logistic,2024,0.6304424466772431,26,"{""C"": 0.01, ""class_weight"": ""balanced""}"
2024-01-25,RUB_TJS,TJS,CBR,TJS_RC_F02_09_2016_T02_09_2026.dbf,10,80.5972,8.05972,0.1240737892,1.0,False,0.004056229102198161,-0.00331538991384428,-0.001086944397278855,-0.012499785584936474,-0.01950713315093411,0.004056229102198161,-4.7145817049343286e-05,0.4669439265739311,0.007021910359441996,0.0008208009079722078,0.5539674716609223,0.007021910359441996,-0.014187870518007073,0.14460311334105352,0.007021910359441996,-0.02346103289384649,0.1051863220348508,0.004442046650466003,0.0053211281271609906,0.006964788987853254,0,0.49999999999999994,0.8660254037844387,0.43388373911755823,-0.900968867902419,True,True,1,0.0,40.4749951101,0.5602872754109146,0.5498642762095938,H002_combined_factors,3,per_corridor,logistic,2024,0.6304424466772431,26,"{""C"": 0.01, ""class_weight"": ""balanced""}"
2024-02-02,RUB_TJS,TJS,CBR,TJS_RC_F02_09_2016_T02_09_2026.dbf,10,82.3408,8.23408,0.1214464761,1.0,False,0.006368881821859684,0.006781095099173129,0.017109357339878395,0.01694354252064678,-0.015843875199602175,0.010171545925308889,0.00612146996413232,1.0,0.025777485436941694,0.013810915635720677,1.0,0.02880732477709813,0.014125195581146999,0.938685774774041,0.02880732477709813,0.0016563541911991386,0.44933834850227217,0.005058102433600308,0.004925421574448482,0.006774446464572093,0,0.8660254037844386,0.5000000000000001,-0.433883739117558,-0.9009688679024191,True,True,1,0.0,-11.8776769501,0.577516634933247,0.5498642762095938,H002_combined_factors,3,per_corridor,logistic,2024,0.6304424466772431,26,"{""C"": 0.01, ""class_weight"": ""balanced""}"
2024-02-09,RUB_TJS,TJS,CBR,TJS_RC_F02_09_2016_T02_09_2026.dbf,10,83.2796,8.32796,0.1200774259,1.0,False,0.001002449631112734,0.0002402125400553512,0.011401395177117468,0.028705823061254243,0.027512748350703164,0.006426756965139724,0.0027100271002711285,1.0,0.021688910917082804,0.010096526054199195,1.0,0.040537163647994756,0.02203077188913416,1.0,0.040537163647994756,0.014808150519712848,0.7041868339374455,0.004841289921575844,0.004705549110200788,0.00504894274336111,0,0.8660254037844386,0.5000000000000001,-0.433883739117558,-0.9009688679024191,True,True,1,41.7389132513,-28.1496894658,0.5668892268172769,0.5498642762095938,H002_combined_factors,3,per_corridor,logistic,2024,0.6304424466772431,26,"{""C"": 0.01, ""class_weight"": ""balanced""}"
2024-02-16,RUB_TJS,TJS,CBR,TJS_RC_F02_09_2016_T02_09_2026.dbf,10,83.8282,8.38282,0.1192915988,1.0,False,0.0045549269545981375,0.008304285174734138,0.006587447586203776,0.01806394885646001,0.03531355866264718,0.010806443833502044,0.00614478041735933,1.0,0.013056540476000578,0.007727559818804686,1.0,0.0443070774719827,0.019780058291602565,1.0,0.04739164767502313,0.021585639030487158,0.8232587415623049,0.00329978562765114,0.003938629390822844,0.00434080880458099,0,0.8660254037844386,0.5000000000000001,-0.433883739117558,-0.9009688679024191,True,True,1,0.0,5.5065338354,0.5506174159178571,0.5498642762095938,H002_combined_factors,3,per_corridor,logistic,2024,0.6304424466772431,26,"{""C"": 0.01, ""class_weight"": ""balanced""}"
2024-02-23,RUB_TJS,TJS,CBR,TJS_RC_F02_09_2016_T02_09_2026.dbf,10,84.6323,8.46323,0.1181581973,1.0,False,0.003232590007539171,0.00333130609723864,0.009592237457084707,0.016242873404771485,0.04541496151598956,0.004024054163389357,0.0024511592251426073,1.0,0.0205023392659045,0.009079441235805286,1.0,0.03828407455616789,0.017716846832606326,1.0,0.05743847707008909,0.027625929476032818,0.997786122023744,0.0038180470811060487,0.0033790190204109937,0.004036416684572926,0,0.8660254037844386,0.5000000000000001,-0.433883739117558,-0.9009688679024191,True,True,1,0.0,-15.0946726236,0.5543376809506037,0.5498642762095938,H002_combined_factors,3,per_corridor,logistic,2024,0.6304424466772431,26,"{""C"": 0.01, ""class_weight"": ""balanced""}"
2024-03-01,RUB_TJS,TJS,CBR,TJS_RC_F02_09_2016_T02_09_2026.dbf,10,82.9247,8.29247,0.1205913317,1.0,False,-0.010906605629115829,-0.019115053459457965,-0.017009326739339636,-0.006272161978523316,0.013505304957119213,0.0,-0.012610059994946465,0.0,0.0,-0.014257976366831238,0.0,0.007091259740007239,-0.007845022020117387,0.2548112590006527,0.03610286473951452,0.0044795447715746395,0.6271569031753954,0.005452129866425965,0.005378385041981747,0.004848331576194145,4,1.0,6.123233995736766e-17,-0.433883739117558,-0.9009688679024191,True,True,1,0.0,83.2973576263,0.5719598600718044,0.5498642762095938,H002_combined_factors,3,per_corridor,logistic,2024,0.6304424466772431,26,"{""C"": 0.01, ""class_weight"": ""balanced""}"
2024-03-08,RUB_TJS,TJS,CBR,TJS_RC_F02_09_2016_T02_09_2026.dbf,10,82.811,8.2811,0.1207569043,1.0,False,0.00448927656054221,-0.006495313872186048,-0.0013711234409047313,-0.018357128293638114,-0.004630019159528986,0.00448927656054221,-0.0026063685000372594,0.40527814279457497,0.00448927656054221,-0.00831764875085561,0.1688874691977755,0.00448927656054221,-0.00968123266350196,0.1688874691977755,0.03468223981448171,0.0021408233490063378,0.602478675145965,0.005692772516990042,0.005511302562291899,0.0047330427705862535,0,1.0,6.123233995736766e-17,-0.433883739117558,-0.9009688679024191,True,True,1,0.0,9.2879219615,0.6183407863693302,0.5498642762095938,H002_combined_factors,3,per_corridor,logistic,2024,0.6304424466772431,26,"{""C"": 0.01, ""class_weight"": ""balanced""}"
2024-03-15,RUB_TJS,TJS,CBR,TJS_RC_F02_09_2016_T02_09_2026.dbf,10,83.6415,8.36415,0.119557875,1.0,False,0.0009945140165441568,0.01109720937823,0.014563159790832003,-0.0023568955296514593,0.004882555556489976,0.01109720937823,0.006051113311992262,1.0,0.014563159790832003,0.006585531519136989,1.0,0.014563159790832003,7.317477364243707e-05,0.5478689422287158,0.045058924073407836,0.012769927133091885,0.7844728198211937,0.003188295472550953,0.005878342121598084,0.004930621587660454,0,1.0,6.123233995736766e-17,-0.433883739117558,-0.9009688679024191,True,True,1,0.0,-16.4868402954,0.5714637583717741,0.5498642762095938,H002_combined_factors,3,per_corridor,logistic,2024,0.6304424466772431,26,"{""C"": 0.01, ""class_weight"": ""balanced""}"
2024-03-23,RUB_TJS,TJS,CBR,TJS_RC_F02_09_2016_T02_09_2026.dbf,10,84.5191,8.45191,0.1183164515,1.0,False,0.007198951319787872,0.0041833497689116594,0.007596394454584265,0.020626486819383727,0.0018907154609553167,0.007198951319787872,0.0033495993562917548,0.8652248639358234,0.021706044836110605,0.008644095568255628,0.9502037360427542,0.025208361383730615,0.010387665679579605,0.9483435246874163,0.056024099396265514,0.020834057602733047,0.9753757803832861,0.00597756226562706,0.004512742093190725,0.005293116826384039,0,1.0,6.123233995736766e-17,-0.9749279121818236,-0.2225209339563146,True,True,1,0.0,-12.2878771571,0.5831252138587953,0.5498642762095938,H002_combined_factors,3,per_corridor,logistic,2024,0.6304424466772431,26,"{""C"": 0.01, ""class_weight"": ""balanced""}"
2024-03-30,RUB_TJS,TJS,CBR,TJS_RC_F02_09_2016_T02_09_2026.dbf,10,84.344,8.4344,0.1185620791,1.0,False,0.0014378512257355869,-0.0016334840557751251,-0.0020717210665991415,0.005508935777563506,0.01711552770163771,0.0014378512257355869,-0.0011413970425051545,0.2801943544655228,0.005112316034082021,6.331615892407605e-05,0.579651398459665,0.02308441562379837,0.006920248750273528,0.8594977870111103,0.05383631202271011,0.01780769262329973,0.9326608801056301,0.0021571332899821653,0.004358447991408933,0.004353737531375918,0,1.0,6.123233995736766e-17,-0.9749279121818236,-0.2225209339563146,True,True,1,8.074077587,1.7391725501,0.5936471779632169,0.5498642762095938,H002_combined_factors,3,per_corridor,logistic,2024,0.6304424466772431,26,"{""C"": 0.01, ""class_weight"": ""balanced""}"
2024-04-06,RUB_TJS,TJS,CBR,TJS_RC_F02_09_2016_T02_09_2026.dbf,10,84.3615,8.43615,0.1185374845,1.0,False,0.0011154952977125987,-0.0009604157143432435,0.00020748363843292594,-0.0018646672763907857,0.018723358007993962,0.0011154952977125987,0.00031967922039988217,0.5368360936607409,0.001645633194772289,-0.0003076286452987631,0.32068486811659824,0.019800903008214243,0.0032153813158499744,0.848001656657691,0.05405496581504132,0.01605837903952345,0.9364488408840007,0.001431869197453394,0.0017426598625679777,0.0035218308437873964,0,0.8660254037844387,-0.49999999999999983,-0.9749279121818236,-0.2225209339563146,True,True,1,0.0,2.2347787442,0.6189218827608562,0.5498642762095938,H002_combined_factors,3,per_corridor,logistic,2024,0.6304424466772431,26,"{""C"": 0.01, ""class_weight"": ""balanced""}"
2024-04-13,RUB_TJS,TJS,CBR,TJS_RC_F02_09_2016_T02_09_2026.dbf,10,85.4412,8.54412,0.1170395547,1.0,False,-0.0022887249933440934,0.008181923306563643,0.012798492203196954,0.013008631319358699,0.018589230811414614,0.010627765614299012,0.003892850042791496,0.8209227957971642,0.013928264158779902,0.008486440568535425,0.8569029714535991,0.018187451587916126,0.010774403325855442,0.8861920798978018,0.06440135739165531,0.024283329925030905,0.963471000447293,0.0030833001725531052,0.002623724287168594,0.003521703569658431,1,0.8660254037844387,-0.49999999999999983,-0.9749279121818236,-0.2225209339563146,True,True,1,0.0,-8.926374978,0.5920366535190121,0.5498642762095938,H002_combined_factors,3,per_corridor,logistic,2024,0.6304424466772431,26,"{""C"": 0.01, ""class_weight"": ""balanced""}"
2024-04-20,RUB_TJS,TJS,CBR,TJS_RC_F02_09_2016_T02_09_2026.dbf,10,85.531,8.5531,0.1169166735,1.0,False,-0.007021470747354819,-0.006905023703726032,0.001051015201097405,0.013862958814151227,0.011972441732105654,0.0,-0.005000416468708413,0.0,0.01168995075861079,-5.0973071253679336e-05,0.5481115856025793,0.015531405354125782,0.006704102486058128,0.6161854067549138,0.056516094604827094,0.019898763740465064,0.8488339733956713,0.00493026800892583,0.0040666235634182904,0.0031497688488432507,2,0.8660254037844387,-0.49999999999999983,-0.9749279121818236,-0.2225209339563146,True,True,1,20.2265845132,30.6598043854,0.6024593776724895,0.5498642762095938,H002_combined_factors,3,per_corridor,logistic,2024,0.6304424466772431,26,"{""C"": 0.01, ""class_weight"": ""balanced""}"
2024-04-26,RUB_TJS,TJS,CBR,TJS_RC_F02_09_2016_T02_09_2026.dbf,10,84.2444,8.42444,0.118702252,1.0,False,-0.004457490758860594,-0.013046228824480366,-0.021958349489991424,-0.01626396005474251,0.0002552749905311291,0.0,-0.009112303208972272,0.0,0.0,-0.014466372644213465,0.0,0.0,-0.00943416470553926,0.0,0.029634672334413414,0.0018549919182289099,0.5357150747884512,0.00340340252985848,0.0043605495114296304,0.0037924936709978108,6,0.8660254037844387,-0.49999999999999983,-0.433883739117558,-0.9009688679024191,True,True,1,31.9427760183,32.8047734841,0.5794681661390895,0.5498642762095938,H002_combined_factors,3,per_corridor,logistic,2024,0.6304424466772431,26,"{""C"": 0.01, ""class_weight"": ""balanced""}"
2024-05-03,RUB_TJS,TJS,CBR,TJS_RC_F02_09_2016_T02_09_2026.dbf,10,84.3092,8.43092,0.1186110175,5.0,False,0.003976169183081302,0.0007691905930840015,-0.012085689577996828,-0.021091265441093632,-0.0015797713476373154,0.003976169183081302,0.0006147827965257147,0.5166331425034836,0.003976169183081302,-0.00812495838226468,0.1408563594178473,0.003976169183081302,-0.008298214884560617,0.1408563594178473,0.02266229505015116,0.0015312966056961752,0.47845015237266153,0.004546289785252138,0.0038411608903511315,0.0038910886934919436,0,0.49999999999999994,-0.8660254037844387,-0.433883739117558,-0.9009688679024191,True,True,1,39.3314134163,-33.9443890086,0.5657647419718679,0.5498642762095938,H002_combined_factors,3,per_corridor,logistic,2024,0.6304424466772431,26,"{""C"": 0.01, ""class_weight"": ""balanced""}"
2024-05-09,RUB_TJS,TJS,CBR,TJS_RC_F02_09_2016_T02_09_2026.dbf,10,84.1487,8.41487,0.1188372488,1.0,False,0.008429474158520689,0.0020374480813931672,0.0020648928911239928,-0.014167389114084106,-0.004660366891523271,0.008429474158520689,0.0027787470065132602,0.8142146081722428,0.008429474158520689,-0.00048580822334365337,0.37112858122724646,0.008429474158520689,-0.008887116152038632,0.2425099120841237,0.02071544585272611,-0.0009180258682129905,0.4373479474506407,0.00551460434342119,0.0046987092681577995,0.004502912368373401,0,0.49999999999999994,-0.8660254037844387,0.43388373911755823,-0.900968867902419,True,True,1,0.0,-22.5687812705,0.5513353338582433,0.5498642762095938,H002_combined_factors,3,per_corridor,logistic,2024,0.6304424466772431,26,"{""C"": 0.01, ""class_weight"": ""balanced""}"
2024-05-17,RUB_TJS,TJS,CBR,TJS_RC_F02_09_2016_T02_09_2026.dbf,10,83.4241,8.34241,0.1198694382,1.0,False,-0.003725991537700035,-0.007019084959851929,-0.00025405864680227985,-0.008467193192015499,-0.023608048576096774,0.0,-0.00483814324473153,0.0,0.0,-0.005141716810609265,0.0,0.0,-0.01393327025038571,0.0,0.01192611919569031,-0.009961216881653856,0.251786217316703,0.004838793377560113,0.0039682053653974985,0.004070365544749693,4,0.49999999999999994,-0.8660254037844387,-0.433883739117558,-0.9009688679024191,True,True,1,0.0,33.2368405647,0.6376092849939577,0.5498642762095938,H002_combined_factors,3,per_corridor,logistic,2024,0.6304424466772431,26,"{""C"": 0.01, ""class_weight"": ""balanced""}"
2024-05-24,RUB_TJS,TJS,CBR,TJS_RC_F02_09_2016_T02_09_2026.dbf,10,83.3967,8.33967,0.1199088213,1.0,False,0.002596756218690155,-0.0004207028974564375,-0.0003284422606896209,-0.0005824174638956459,-0.02495352562228903,0.002596756218690155,4.7965829143237215e-05,0.4715127701375169,0.002596756218690155,-0.0025653264832136147,0.22314049586776238,0.002596756218690155,-0.006719321359976549,0.09920543792770607,0.011593759893451017,-0.009432303857063729,0.2447693923019797,0.0024511545880676867,0.003616159866572874,0.0035386006039714213,0,0.49999999999999994,-0.8660254037844387,-0.433883739117558,-0.9009688679024191,True,True,0,53.1435896145,-27.3400972749,0.6630266141246417,0.5498642762095938,H002_combined_factors,3,per_corridor,logistic,2024,0.6304424466772431,26,"{""C"": 0.01, ""class_weight"": ""balanced""}"
2024-05-31,RUB_TJS,TJS,CBR,TJS_RC_F02_09_2016_T02_09_2026.dbf,10,83.3459,8.33459,0.1199819067,1.0,False,0.007147656197132868,0.016256018884880152,-0.0006091368123678498,-0.0009373790067856991,-0.009396635229656614,0.017736472047808594,0.009128247076774398,1.0,0.017736472047808594,0.0042601522019984905,0.832187464191592,0.017736472047808594,-0.0009337862816126696,0.6012501034853891,0.017736472047808594,-0.00867005386074704,0.32622855089390157,0.008952223870310345,0.006187834300513703,0.005074497680509351,0,0.49999999999999994,-0.8660254037844387,-0.433883739117558,-0.9009688679024191,True,True,1,0.0,-34.1275151048,0.6048313242572755,0.5498642762095938,H002_combined_factors,3,per_corridor,logistic,2024,0.6304424466772431,26,"{""C"": 0.01, ""class_weight"": ""balanced""}"
2024-06-06,RUB_TJS,TJS,CBR,TJS_RC_F02_09_2016_T02_09_2026.dbf,10,82.4732,8.24732,0.1212515096,1.0,False,0.00018918814032908848,-0.015952712199708285,-0.0033980066316714463,-0.008505578818163384,-0.014619435868515884,0.00018918814032908848,-0.00664044790623286,0.011533343190888477,0.007079935623627964,-0.004107189023796032,0.3024833055091853,0.007079935623627964,-0.00891056615124064,0.2570833148583353,0.007079935623627964,-0.018943263944399713,0.13022190279400003,0.007311884337532238,0.007344000055587975,0.005628383943695622,0,1.2246467991473532e-16,-1.0,0.43388373911755823,-0.900968867902419,True,True,1,0.0,42.1573539926,0.5807950293287831,0.5498642762095938,H002_combined_factors,3,per_corridor,logistic,2024,0.6304424466772431,26,"{""C"": 0.01, ""class_weight"": ""balanced""}"
2024-06-14,RUB_TJS,TJS,CBR,TJS_RC_F02_09_2016_T02_09_2026.dbf,10,82.2169,8.22169,0.1216294947,2.0,False,-0.00885936170161461,-0.00546518815464625,-0.003107676190568509,-0.006495122917935414,-0.018142712641262104,0.0,-0.0055200436029739786,0.0,0.0,-0.007628225314786796,0.0,0.0039502572856910945,-0.008533362114525045,0.16877086811352782,0.0039502572856910945,-0.02154089555709604,0.0726574431767159,0.0047031623669499195,0.0057959638742934765,0.005608453137774438,1,1.2246467991473532e-16,-1.0,-0.433883739117558,-0.9009688679024191,True,True,1,0.0,67.0534553301,0.6511500716089696,0.5498642762095938,H002_combined_factors,3,per_corridor,logistic,2024,0.6304424466772431,26,"{""C"": 0.01, ""class_weight"": ""balanced""}"
2024-06-21,RUB_TJS,TJS,CBR,TJS_RC_F02_09_2016_T02_09_2026.dbf,10,80.1832,8.01832,0.124714404,1.0,False,0.040511904159415746,-0.03170443649572641,-0.024735790330212115,-0.027766595694116547,-0.03603600354409153,0.040511904159415746,-0.007110676118510129,0.543194195535293,0.040511904159415746,-0.0187498432057136,0.5299889652830815,0.040511904159415746,-0.025298203328441238,0.4625790869623191,0.040511904159415746,-0.042560952907970684,0.3362485863535994,0.033130017962016645,0.022404685417799015,0.016252191156927574,0,1.2246467991473532e-16,-1.0,-0.433883739117558,-0.9009688679024191,True,True,1,0.0,136.428385905,0.5704238893772153,0.5498642762095938,H002_combined_factors,3,per_corridor,logistic,2024,0.6304424466772431,26,"{""C"": 0.01, ""class_weight"": ""balanced""}"
2024-06-28,RUB_TJS,TJS,CBR,TJS_RC_F02_09_2016_T02_09_2026.dbf,10,79.567,7.9567,0.1256802443,1.0,False,-0.03351310643053229,-0.029792599222292826,-0.007684901575392256,-0.032230599791527204,-0.038516381002097755,0.0,-0.02591384772538574,0.0,0.03251567258792676,-0.02035924634381514,0.435978633445269,0.03251567258792676,-0.03008164589782336,0.3712753189408643,0.03251567258792676,-0.047272241494999534,0.26987990737250234,0.023435637568713162,0.027107724458941225,0.01911503415534367,1,1.2246467991473532e-16,-1.0,-0.433883739117558,-0.9009688679024191,True,True,1,0.0,176.291585305,0.5789335656857746,0.5498642762095938,H002_combined_factors,3,per_corridor,logistic,2024,0.6304424466772431,26,"{""C"": 0.01, ""class_weight"": ""balanced""}"
2024-07-06,RUB_TJS,TJS,CBR,TJS_RC_F02_09_2016_T02_09_2026.dbf,10,82.6936,8.26936,0.1209283427,1.0,False,0.0001632799186261913,0.0025897187196897153,0.028394337050928753,9.433300518346677e-05,0.0006195367027097554,0.010144985958264519,0.0031786361489130055,1.0,0.03929518518984021,0.010552104775112259,1.0,0.07308856715368162,0.011234436774949508,0.9561667091078865,0.07308856715368162,-0.007170039731679734,0.6066347137702632,0.007629882830745324,0.013886883654259262,0.019586837411846345,0,-0.4999999999999998,-0.8660254037844388,-0.9749279121818236,-0.2225209339563146,True,True,1,13.8583880736,-10.2756367799,0.6172666203793854,0.5498642762095938,H002_combined_factors,3,per_corridor,logistic,2024,0.6304424466772431,26,"{""C"": 0.01, ""class_weight"": ""balanced""}"
2024-07-13,RUB_TJS,TJS,CBR,TJS_RC_F02_09_2016_T02_09_2026.dbf,10,82.3141,8.23141,0.1214858694,1.0,False,-0.0022170503169812728,-0.003033987931873927,-0.004589230605512418,0.023674798284798904,-0.00585394957414842,0.0,-0.001963963369743249,0.0,0.0055091976726999725,-0.0016946453548609686,0.5430463576158899,0.06816391625887452,0.00729718706293947,0.9139595984201274,0.06816391625887452,-0.009115240320921925,0.5657601378641828,0.001247269303006301,0.006205574719910241,0.019417980626793962,1,-0.4999999999999998,-0.8660254037844388,-0.9749279121818236,-0.2225209339563146,True,True,1,0.0,10.5061557231,0.5870293329136707,0.5498642762095938,H002_combined_factors,3,per_corridor,logistic,2024,0.6304424466772431,26,"{""C"": 0.01, ""class_weight"": ""balanced""}"
2024-07-19,RUB_TJS,TJS,CBR,TJS_RC_F02_09_2016_T02_09_2026.dbf,10,82.4455,8.24455,0.1212922476,1.0,False,-0.002104832521175326,0.0008546271870990552,-0.0006242651247925224,-0.002837442141458424,0.02821413962026975,0.0015963243235364022,-0.0005796833004175772,0.329819277108433,0.0015963243235364022,-0.0009348948440215388,0.329819277108433,0.036177058328201506,0.0032796073841272477,0.9151168335717695,0.06986905229992235,-0.0047137734971894885,0.6357013825755339,0.002639298513985101,0.001906022345996364,0.011922293985024757,2,-0.4999999999999998,-0.8660254037844388,-0.433883739117558,-0.9009688679024191,True,True,1,0.0,13.4868114246,0.5804439190244117,0.5498642762095938,H002_combined_factors,3,per_corridor,logistic,2024,0.6304424466772431,26,"{""C"": 0.01, ""class_weight"": ""balanced""}"
2024-07-26,RUB_TJS,TJS,CBR,TJS_RC_F02_09_2016_T02_09_2026.dbf,10,80.1332,8.01332,0.124792221,1.0,False,-0.013174390108739886,-0.026758517496514256,-0.028046406413934077,-0.02865316314532651,0.007116015433534129,0.0,-0.01826038718175882,0.0,0.0,-0.023462529780583496,0.0,0.0,-0.024680572213233165,0.0,0.03986307004942824,-0.029312274273845307,0.4238331102802192,0.005545534446816149,0.005028491842117996,0.0065617639152770885,4,-0.4999999999999998,-0.8660254037844388,-0.433883739117558,-0.9009688679024191,True,True,1,0.0,109.7073196104,0.6431670795360853,0.5498642762095938,H002_combined_factors,3,per_corridor,logistic,2024,0.6304424466772431,26,"{""C"": 0.01, ""class_weight"": ""balanced""}"
2024-08-02,RUB_TJS,TJS,CBR,TJS_RC_F02_09_2016_T02_09_2026.dbf,10,80.8651,8.08651,0.123662742,1.0,False,-0.003783314977295116,-0.005547480083919254,0.00913354265148536,-0.019169026811651335,-0.02195207794862364,0.00404523009263813,-0.002042438288745063,0.41935899086112705,0.00913354265148536,-0.005681252285522298,0.29890549701870683,0.00913354265148536,-0.012936177702760565,0.2837591594618707,0.0493607037514292,-0.017482468344077073,0.5366989304963743,0.00542943298655193,0.006508793939661012,0.0047422745487102225,3,-0.8660254037844384,-0.5000000000000004,-0.433883739117558,-0.9009688679024191,True,True,1,7.7412876507,17.0275820375,0.6437254602701652,0.5498642762095938,H002_combined_factors,3,per_corridor,logistic,2024,0.6304424466772431,26,"{""C"": 0.01, ""class_weight"": ""balanced""}"
2024-08-09,RUB_TJS,TJS,CBR,TJS_RC_F02_09_2016_T02_09_2026.dbf,10,81.7588,8.17588,0.1223109928,1.0,False,0.007538162177083141,0.020446676634972683,0.011051739254634985,0.020286223437975703,-0.008948204177121721,0.020446676634972683,0.011433222902073936,1.0,0.020446676634972683,0.010208494475650198,1.0,0.020446676634972683,0.0032302377246362646,0.6320459894286016,0.06095796463335024,-0.0035980356033686878,0.6960393545614837,0.007274089033425139,0.006054792995492273,0.005975676983095555,0,-0.8660254037844384,-0.5000000000000004,-0.433883739117558,-0.9009688679024191,True,True,1,0.0,6.5079486202,0.5968696730207277,0.5498642762095938,H002_combined_factors,3,per_corridor,logistic,2024,0.6304424466772431,26,"{""C"": 0.01, ""class_weight"": ""balanced""}"
2024-08-16,RUB_TJS,TJS,CBR,TJS_RC_F02_09_2016_T02_09_2026.dbf,10,83.328,8.3328,0.1200076805,1.0,False,-0.015030803928150926,-0.018767854661582595,0.019193040993752408,0.03045689673295393,0.010704040851229113,0.002688178512380679,-0.015995969891328232,0.05130560595273611,0.04003215153156625,0.006880373384805072,0.43707670713925706,0.04003215153156625,0.015664189689134078,0.43707670713925706,0.08132097434120644,0.014202996390829226,0.6027063937831818,0.026704568042794356,0.018478109450189063,0.01373228621049413,2,-0.8660254037844384,-0.5000000000000004,-0.433883739117558,-0.9009688679024191,True,True,1,0.0,122.2224593041,0.6084591944845656,0.5498642762095938,H002_combined_factors,3,per_corridor,logistic,2024,0.6304424466772431,26,"{""C"": 0.01, ""class_weight"": ""balanced""}"
2024-08-24,RUB_TJS,TJS,CBR,TJS_RC_F02_09_2016_T02_09_2026.dbf,10,85.834,8.5834,0.1165039495,1.0,False,0.002997283164382969,0.00968585094094121,0.02916367412175047,0.03284294732180881,0.06574057633974961,0.021846714659358613,0.00658784148276137,0.9452943903569715,0.030073924731182533,0.009727185205192113,0.6066474618121945,0.07131000017473643,0.03292342637093193,0.7785726939481894,0.11384053993379295,0.041870677016266455,0.8437235515888281,0.0066232966391020255,0.017933752803149017,0.013398468895560534,0,-0.8660254037844384,-0.5000000000000004,-0.9749279121818236,-0.2225209339563146,True,True,1,0.0,-13.265738065,0.6181275867055136,0.5498642762095938,H002_combined_factors,3,per_corridor,logistic,2024,0.6304424466772431,26,"{""C"": 0.01, ""class_weight"": ""balanced""}"
2024-08-30,RUB_TJS,TJS,CBR,TJS_RC_F02_09_2016_T02_09_2026.dbf,10,85.6655,8.56655,0.1167331073,1.0,False,-0.0009784325021516826,-0.00402503380354069,0.0010283076743302644,0.028051795314899985,0.05936306268093383,0.0,-0.0015606169740114417,0.0,0.027143331610746335,0.004372126582156799,0.8673563218390788,0.06920692056724476,0.01951679244382576,0.7556109725685786,0.11165396898313418,0.03743566953437427,0.8275178887435563,0.002463655386799673,0.0055923818548281575,0.013288574883885792,1,-0.8660254037844384,-0.5000000000000004,-0.433883739117558,-0.9009688679024191,True,True,1,15.7356228587,1.6106574167,0.5639817224727611,0.5498642762095938,H002_combined_factors,3,per_corridor,logistic,2024,0.6304424466772431,26,"{""C"": 0.01, ""class_weight"": ""balanced""}"
2024-09-06,RUB_TJS,TJS,CBR,TJS_RC_F02_09_2016_T02_09_2026.dbf,10,84.1363,8.41363,0.118854763,1.0,False,0.008722101265094206,-0.001962000766295491,-0.017850826762232153,-0.01684087523005473,0.029079438543618608,0.013926129810907906,0.0007691059672441103,0.4531764705882352,0.013926129810907906,-0.009409726342995195,0.38126031012867073,0.013926129810907906,-0.00823423392626954,0.25805010941896367,0.09181002656326842,0.017480681297004086,0.6804454874201739,0.011116465965699667,0.007844449427292408,0.014152936014523006,0,-1.0,-1.8369701987210297e-16,-0.433883739117558,-0.9009688679024191,True,True,1,0.0,-22.2872880266,0.6134897721611291,0.5498642762095938,H002_combined_factors,3,per_corridor,logistic,2024,0.6304424466772431,26,"{""C"": 0.01, ""class_weight"": ""balanced""}"
2024-09-13,RUB_TJS,TJS,CBR,TJS_RC_F02_09_2016_T02_09_2026.dbf,10,85.447,8.5447,0.1170316102,1.0,False,-0.0017162437977472633,0.0074360706609462035,0.015578293792334774,-0.002550618393635573,0.025429627496159846,0.013939337125010276,0.00377488996854769,0.8888468523002437,0.02972136894482702,0.010027937798062103,0.9437853972141443,0.02972136894482702,0.005902364359692713,0.8136918508743022,0.07389998366156836,0.02880233972354329,0.7450677276701444,0.004033508943125583,0.008627537609851145,0.007242291696406138,1,-1.0,-1.8369701987210297e-16,-0.433883739117558,-0.9009688679024191,True,True,1,19.2165904011,-15.4821364344,0.6070258895595106,0.5498642762095938,H002_combined_factors,3,per_corridor,logistic,2024,0.6304424466772431,26,"{""C"": 0.01, ""class_weight"": ""balanced""}"
2024-09-20,RUB_TJS,TJS,CBR,TJS_RC_F02_09_2016_T02_09_2026.dbf,10,87.0109,8.70109,0.1149281297,1.0,False,0.011180864811595415,0.017592794006544565,0.018302573525109223,0.034165990184973793,0.01674972977710265,0.020263171471855967,0.012674300731245536,1.0,0.03249703639274126,0.017388380167480788,1.0,0.048567920010315735,0.020899417045593838,1.0,0.08599910634718166,0.043196012916745685,0.9389504381123712,0.004726431380529695,0.004152139333146524,0.006633613892765574,0,-1.0,-1.8369701987210297e-16,-0.433883739117558,-0.9009688679024191,True,True,1,10.136661039,-65.7996069376,0.5741439445525924,0.5498642762095938,H002_combined_factors,3,per_corridor,logistic,2024,0.6304424466772431,26,"{""C"": 0.01, ""class_weight"": ""balanced""}"
2024-09-27,RUB_TJS,TJS,CBR,TJS_RC_F02_09_2016_T02_09_2026.dbf,10,86.8001,8.68001,0.1152072405,1.0,False,0.0007551772879563767,-0.004656778990484778,-0.0024226849739517053,0.01583554718129343,0.01324453834974415,0.0007551772879563767,-0.001874587756281243,0.1388888888888669,0.01779139521685491,0.004136737815688019,0.7888634709368775,0.04602757026633908,0.014961544928717485,0.9038930304106003,0.0833680726305095,0.03550800168599899,0.9102244389027432,0.0029325668754094573,0.004298375285986388,0.00669813932187166,0,-1.0,-1.8369701987210297e-16,-0.433883739117558,-0.9009688679024191,True,True,1,0.0,23.6404639757,0.5891025472334483,0.5498642762095938,H002_combined_factors,3,per_corridor,logistic,2024,0.6304424466772431,26,"{""C"": 0.01, ""class_weight"": ""balanced""}"
2024-10-04,RUB_TJS,TJS,CBR,TJS_RC_F02_09_2016_T02_09_2026.dbf,10,89.1972,8.91972,0.1121111425,1.0,False,0.005511321939435154,0.019075126017393362,0.027616327630959114,0.025126736995020105,0.06015120702954624,0.024675700638259856,0.013103749850925883,1.0,0.02839236014231905,0.01935801057125741,1.0,0.05844031787431936,0.031020055876799457,1.0,0.11328672026919429,0.05832710370026861,1.0,0.003462707351700531,0.004357045557438587,0.0041668247866471384,0,-0.8660254037844386,0.5000000000000001,-0.433883739117558,-0.9009688679024191,True,True,1,7.3432798339,-61.5086226484,0.5793165859906729,0.5498642762095938,H002_combined_factors,3,per_corridor,logistic,2024,0.6304424466772431,26,"{""C"": 0.01, ""class_weight"": ""balanced""}"
2024-10-11,RUB_TJS,TJS,CBR,TJS_RC_F02_09_2016_T02_09_2026.dbf,10,91.2995,9.12995,0.109529625,1.0,False,0.0033606722223624708,0.011580611671687668,0.02356912548824397,0.05183634581066143,0.06849274989174559,0.02432131329257725,0.010194053476182185,1.0,0.04882641081135719,0.023412625640561124,1.0,0.07054998194243134,0.03954180207778557,1.0,0.1395259146836143,0.07489091308382112,1.0,0.005834199040958459,0.004541797959201186,0.004662360492175216,0,-0.8660254037844386,0.5000000000000001,-0.433883739117558,-0.9009688679024191,True,True,0,131.3369733679,-95.3479320457,0.5681693972011548,0.5498642762095938,H002_combined_factors,3,per_corridor,logistic,2024,0.6304424466772431,26,"{""C"": 0.01, ""class_weight"": ""balanced""}"
2024-10-18,RUB_TJS,TJS,CBR,TJS_RC_F02_09_2016_T02_09_2026.dbf,10,91.2129,9.12129,0.1096336154,1.0,False,-0.000367137772010695,0.011587246487394065,-0.0009485265527192643,0.022598242994174678,0.048292800097458954,0.012347336970757183,0.005112788119131295,0.9707678883071613,0.023349717328402964,0.007170103203772316,0.9600516652827797,0.05163222059016803,0.02447923212662939,0.9810291572652216,0.1384450440960252,0.06434250147425202,0.9922532628433933,0.00818562657238335,0.007171618088671409,0.005776607848465347,1,-0.8660254037844386,0.5000000000000001,-0.433883739117558,-0.9009688679024191,True,True,0,81.9401641654,-54.3209277768,0.5537579770993107,0.5498642762095938,H002_combined_factors,3,per_corridor,logistic,2024,0.6304424466772431,26,"{""C"": 0.01, ""class_weight"": ""balanced""}"
2024-10-25,RUB_TJS,TJS,CBR,TJS_RC_F02_09_2016_T02_09_2026.dbf,10,90.6648,9.06648,0.1102963885,1.0,False,0.001058862368870761,0.006072065833976792,-0.006009018461204496,-0.006951845300357529,0.04452414225329249,0.006072065833976792,0.0020457627512027177,1.0,0.006264123133748578,0.0005571967606441408,0.4924956369982598,0.0415351318564674,0.008366182372154363,0.8506693645154486,0.1316041068089855,0.04831463668723113,0.9432233940727631,0.005061142288841837,0.006438933952500952,0.006174470711084814,0,-0.8660254037844386,0.5000000000000001,-0.433883739117558,-0.9009688679024191,True,True,1,0.0,-9.2861171287,0.5959042856724851,0.5498642762095938,H002_combined_factors,3,per_corridor,logistic,2024,0.6304424466772431,26,"{""C"": 0.01, ""class_weight"": ""balanced""}"
2024-11-01,RUB_TJS,TJS,CBR,TJS_RC_F02_09_2016_T02_09_2026.dbf,10,91.0591,9.10591,0.109818788,1.0,False,-0.0003139831173692986,-0.0019739322571877826,0.0043489865967827335,-0.0016861650051692711,0.020873973622490327,0.003841888379086944,-0.00027161788523621944,0.5694444444444409,0.01044745976368655,0.0030549084909887725,0.7813278008298689,0.021624180846993912,0.0042619241566310695,0.8797297914099201,0.0973527579304585,0.04257766613450209,0.968412471978805,0.003080610500066072,0.004097390595482219,0.0058187760871162625,2,-0.5000000000000004,0.8660254037844384,-0.433883739117558,-0.9009688679024191,True,True,1,0.0,31.7369911412,0.5706617509561771,0.5498642762095938,H002_combined_factors,3,per_corridor,logistic,2024,0.6304424466772431,26,"{""C"": 0.01, ""class_weight"": ""balanced""}"
2024-11-08,RUB_TJS,TJS,CBR,TJS_RC_F02_09_2016_T02_09_2026.dbf,10,92.0835,9.20835,0.1085970885,1.0,False,-0.0015375390483958196,0.0051412198117066765,0.011249836644552813,0.015647748630118752,0.008587122601985797,0.006272572792988651,0.001999134274314862,0.801899972059217,0.015134945640311148,0.006467136238751836,0.9063841024625254,0.02200989118805241,0.011316917849877761,0.9332674478798938,0.10969779719862571,0.047096098856761026,0.9846613157951654,0.00276536714459776,0.002852834841027812,0.0049809603470101545,1,-0.5000000000000004,0.8660254037844384,-0.433883739117558,-0.9009688679024191,True,True,1,30.8415731374,-18.5984225069,0.5676708011053515,0.5498642762095938,H002_combined_factors,3,per_corridor,logistic,2024,0.6304424466772431,26,"{""C"": 0.01, ""class_weight"": ""balanced""}"
2024-11-15,RUB_TJS,TJS,CBR,TJS_RC_F02_09_2016_T02_09_2026.dbf,10,92.9406,9.29406,0.1075956041,1.0,False,0.006820422268202009,0.010908473890471448,0.009307856456368446,0.020662404965566372,0.018941399736221554,0.012430350927837397,0.008191530421391757,1.0,0.0156388134565264,0.009756132539469275,1.0,0.031325734373751635,0.016719924513354023,1.0,0.12002670500489887,0.04948343424129331,1.0,0.003788360221912268,0.0031333614399364413,0.003727161892236335,0,-0.5000000000000004,0.8660254037844384,-0.433883739117558,-0.9009688679024191,True,True,1,0.0,0.7838493829,0.5642997837432822,0.5498642762095938,H002_combined_factors,3,per_corridor,logistic,2024,0.6304424466772431,26,"{""C"": 0.01, ""class_weight"": ""balanced""}"
2024-11-22,RUB_TJS,TJS,CBR,TJS_RC_F02_09_2016_T02_09_2026.dbf,10,94.4322,9.44322,0.1058960821,1.0,False,0.004595734902691717,0.007523979216234489,0.01604896030367775,0.025506198178826933,0.04155306138655801,0.007523979216234489,0.004973775297228311,1.0,0.028678805440116806,0.014580153778962712,1.0,0.04102717874206552,0.023283907368902845,1.0,0.13800196913258156,0.05819572997397038,1.0,0.0041434962572289395,0.003808497760993403,0.0033126717821423094,0,-0.5000000000000004,0.8660254037844384,-0.433883739117558,-0.9009688679024191,True,True,1,0.0,51.8697552342,0.5779237141458375,0.5498642762095938,H002_combined_factors,3,per_corridor,logistic,2024,0.6304424466772431,26,"{""C"": 0.01, ""class_weight"": ""balanced""}"
2024-11-30,RUB_TJS,TJS,CBR,TJS_RC_F02_09_2016_T02_09_2026.dbf,10,99.1697,9.91697,0.1008372517,1.0,False,-0.032133801538518636,0.007796549884403259,0.03128600724616559,0.05684291070145919,0.08370934165305233,0.019455760913925202,-0.0051389438971705115,0.36500742512198303,0.05806971310294773,0.021778780361098926,0.6230767469548489,0.08249092645654232,0.0475791125593199,0.6965353880752458,0.16922926371463975,0.09292494726385137,0.8134127474370817,0.022526401157887593,0.01590122934882089,0.011378955330933615,1,-0.5000000000000004,0.8660254037844384,-0.9749279121818236,-0.2225209339563146,True,True,0,83.0293930505,52.0264297989,0.5979033426502851,0.5498642762095938,H002_combined_factors,3,per_corridor,logistic,2024,0.6304424466772431,26,"{""C"": 0.01, ""class_weight"": ""balanced""}"
2024-12-07,RUB_TJS,TJS,CBR,TJS_RC_F02_09_2016_T02_09_2026.dbf,10,91.0537,9.10537,0.1098253009,1.0,False,-0.03798967558167299,-0.06419149122040713,-0.08183951348042784,-0.053113937846033465,-0.008124227256139704,0.0,-0.04528909945848447,0.0,0.0,-0.06637932210101538,0.0,0.0,-0.0467519090228935,0.0,0.06487335480536016,-0.005692547403360448,0.3271544504470502,0.01246042616395597,0.021088633726880534,0.015887488440820087,6,-2.4492935982947064e-16,1.0,-0.9749279121818236,-0.2225209339563146,True,True,1,0.0,222.1289841077,0.6014760686767532,0.5498642762095938,H002_combined_factors,3,per_corridor,logistic,2024,0.6304424466772431,26,"{""C"": 0.01, ""class_weight"": ""balanced""}"
2024-12-14,RUB_TJS,TJS,CBR,TJS_RC_F02_09_2016_T02_09_2026.dbf,10,94.5841,9.45841,0.1057260153,1.0,False,-0.005060737262426174,0.029971099335959872,0.038772724227571276,-0.04623993013995187,0.007974568341720278,0.03677554639912062,0.012291022016428954,0.8745861682437911,0.038772724227571276,0.001903831358654351,0.4841071771384691,0.038772724227571276,-0.011971724061242695,0.3094534776701586,0.09050021560023347,0.02614938331995864,0.4990907703654727,0.012655547096114805,0.017545719257693555,0.017123147933658312,1,-2.4492935982947064e-16,1.0,-0.9749279121818236,-0.2225209339563146,True,True,1,39.6155379181,-41.8881741364,0.6118312528809797,0.5498642762095938,H002_combined_factors,3,per_corridor,logistic,2024,0.6304424466772431,26,"{""C"": 0.01, ""class_weight"": ""balanced""}"
2024-12-20,RUB_TJS,TJS,CBR,TJS_RC_F02_09_2016_T02_09_2026.dbf,10,94.8274,9.48274,0.1054547525,1.0,False,0.00626932635515276,0.006559854961394551,-0.0025014411162024297,0.0018806247054918845,0.004185013162882889,0.006559854961394551,0.004170976576961083,1.0,0.04144477379831901,0.013312879161236468,0.9407204287672931,0.04144477379831901,-0.010254784708596532,0.3307796818161893,0.08935406643599264,0.023295309508916562,0.5046519172127427,0.0045040441990219894,0.01645231802945581,0.0171739386170328,0,-2.4492935982947064e-16,1.0,-0.433883739117558,-0.9009688679024191,True,True,0,120.2500543092,-78.1453068482,0.5683713403003876,0.5498642762095938,H002_combined_factors,3,per_corridor,logistic,2024,0.6304424466772431,26,"{""C"": 0.01, ""class_weight"": ""balanced""}"
2024-12-27,RUB_TJS,TJS,CBR,TJS_RC_F02_09_2016_T02_09_2026.dbf,10,90.7914,9.07914,0.1101425906,1.0,False,-0.0038718822789796103,-0.023763083136382868,-0.042561538120838405,-0.044956514055616514,-0.11390346879141755,0.0,-0.013151330187147425,0.0,0.0,-0.026025497592027658,0.0,0.0,-0.03454672247543544,0.0,0.018620760066284214,-0.023732378407280263,0.12450395709088294,0.00610746449131213,0.006637772046569178,0.01430812938336401,5,-2.4492935982947064e-16,1.0,-0.433883739117558,-0.9009688679024191,True,True,1,0.0,136.1207691575,0.5879593005834459,0.5498642762095938,H002_combined_factors,3,per_corridor,logistic,2024,0.6304424466772431,26,"{""C"": 0.01, ""class_weight"": ""balanced""}"
2024-01-12,RUB_UZS,UZS,CBR,UZS_RC_F02_09_2016_T02_09_2026.dbf,10000,71.4943,0.00714943,139.8712904385,1.0,False,-0.008525969676504097,-0.016424949304013503,-0.0368037657912782,-0.02162450649679437,-0.05303179815121173,0.0,-0.013534829274107985,0.0,0.0,-0.02548631428350223,0.0,0.0,-0.025406408961305083,0.0,0.0,-0.042690780939609874,0.0,0.007143183615911275,0.008336473894086358,0.006957852869644101,2,0.49999999999999994,0.8660254037844387,-0.433883739117558,-0.9009688679024191,True,True,0,71.5301779303,34.7467598398,0.6111810408076791,0.592721284627885,H002_combined_factors,3,per_corridor,logistic,2024,0.6565089779005524,26,"{""C"": 0.01, ""class_weight"": ""balanced""}"
2024-01-19,RUB_UZS,UZS,CBR,UZS_RC_F02_09_2016_T02_09_2026.dbf,10000,71.3455,0.00713455,140.1630095801,1.0,False,0.0025110023213070765,0.009177231751977155,-0.002081284801725425,-0.03880845147461598,-0.01989053952693509,0.010120245162514196,0.0053685982798163945,1.0,0.010120245162514196,-0.005220031042996731,0.28717207022618496,0.010120245162514196,-0.01755574070400734,0.18833820778331026,0.010120245162514196,-0.03488139689269021,0.07756918068366757,0.005731403964951244,0.007146622323414978,0.006820926640444351,0,0.49999999999999994,0.8660254037844387,-0.433883739117558,-0.9009688679024191,True,True,1,2.5509667744,-32.0777563689,0.6811736258728711,0.592721284627885,H002_combined_factors,3,per_corridor,logistic,2024,0.6565089779005524,26,"{""C"": 0.01, ""class_weight"": ""balanced""}"
2024-01-26,RUB_UZS,UZS,CBR,UZS_RC_F02_09_2016_T02_09_2026.dbf,10000,71.3717,0.00713717,140.1115568215,1.0,False,0.0052989273968069295,0.006574948346743215,0.00036722708510006363,-0.0017148220207764409,-0.023302246337641774,0.008070587271522767,0.004102979091463954,1.0,0.010491188675745722,0.004919723089751082,1.0,0.010491188675745722,-0.011378982656049863,0.19524148288672777,0.010491188675745722,-0.026475653229802942,0.12167887286938776,0.004268611890203532,0.0047710501160938695,0.00668918886207371,0,0.49999999999999994,0.8660254037844387,-0.433883739117558,-0.9009688679024191,True,True,1,0.0,16.6315571558,0.6596450213907941,0.592721284627885,H002_combined_factors,3,per_corridor,logistic,2024,0.6565089779005524,26,"{""C"": 0.01, ""class_weight"": ""balanced""}"
2024-02-02,RUB_UZS,UZS,CBR,UZS_RC_F02_09_2016_T02_09_2026.dbf,10000,72.6475,0.00726475,137.6509859252,1.0,False,0.007064247780986133,0.005288845407131815,0.017875432419292236,0.018249223847334406,-0.021267451745410226,0.010847680257806358,0.0060893698464707935,1.0,0.026090284928171226,0.014007746364555818,1.0,0.028554155629209488,0.013470554388865574,0.8102527017797609,0.028554155629209488,-0.004560362051959532,0.35928954447473005,0.006017046086984037,0.00524977154805798,0.0067784777142110035,0,0.8660254037844386,0.5000000000000001,-0.433883739117558,-0.9009688679024191,True,True,1,0.0,-16.7664241326,0.6409151492823177,0.592721284627885,H002_combined_factors,3,per_corridor,logistic,2024,0.6565089779005524,26,"{""C"": 0.01, ""class_weight"": ""balanced""}"
2024-02-09,RUB_UZS,UZS,CBR,UZS_RC_F02_09_2016_T02_09_2026.dbf,10000,73.2509,0.00732509,136.5170939879,1.0,False,0.0032363390335632403,-0.0006643965314953038,0.008305860490725792,0.02632976375790408,0.024569790878433695,0.007265976829729404,0.0028641173466663616,0.915612545486056,0.019243640067401424,0.00862171642587417,0.9659844939582335,0.03709718295302178,0.019873434217648978,0.9817527820450384,0.03709718295302178,0.006813235644709259,0.538316144142664,0.005381170787375019,0.005473607857468435,0.005196519185044839,0,0.8660254037844386,0.5000000000000001,-0.433883739117558,-0.9009688679024191,True,True,1,45.6103611014,-33.6237226977,0.6387240165321351,0.592721284627885,H002_combined_factors,3,per_corridor,logistic,2024,0.6565089779005524,26,"{""C"": 0.01, ""class_weight"": ""balanced""}"
2024-02-16,RUB_UZS,UZS,CBR,UZS_RC_F02_09_2016_T02_09_2026.dbf,10000,73.541,0.0073541,135.9785697774,1.0,False,0.0038041393731835793,0.006108530737606754,0.0039603608965896875,0.012299115592415255,0.030772788753320013,0.008560441489478432,0.004777341144457603,1.0,0.01125511361683107,0.00580552794361644,1.0,0.03871028795075726,0.01603718418946598,1.0,0.04120446208235218,0.01216438790555685,0.5979167522702054,0.0032085317242532296,0.004201973140430621,0.004637936800133693,0,0.8660254037844386,0.5000000000000001,-0.433883739117558,-0.9009688679024191,True,True,1,0.0,8.2335166627,0.642964206137479,0.592721284627885,H002_combined_factors,3,per_corridor,logistic,2024,0.6565089779005524,26,"{""C"": 0.01, ""class_weight"": ""balanced""}"
2024-02-23,RUB_UZS,UZS,CBR,UZS_RC_F02_09_2016_T02_09_2026.dbf,10000,74.231,0.0074231,134.7146071048,1.0,False,0.0018206086420202716,0.003287028401979919,0.00938252131464079,0.01338004038175633,0.04006209744198341,0.003287028401979919,0.002122749000455837,1.0,0.018023281328857,0.008127519690680263,1.0,0.032881161130351666,0.015074119377289197,1.0,0.05097358514073913,0.019363689705368614,0.7396762131733582,0.0030704517115041803,0.0030147103313122093,0.004350760277444706,0,0.8660254037844386,0.5000000000000001,-0.433883739117558,-0.9009688679024191,True,True,1,0.0,-11.7975810238,0.6536870585388244,0.592721284627885,H002_combined_factors,3,per_corridor,logistic,2024,0.6565089779005524,26,"{""C"": 0.01, ""class_weight"": ""balanced""}"
2024-03-01,RUB_UZS,UZS,CBR,UZS_RC_F02_09_2016_T02_09_2026.dbf,10000,72.7615,0.00727615,137.4353195028,1.0,False,-0.009984311921986788,-0.018924020764511607,-0.01801174420785967,-0.006835712228526858,0.00864455438819256,0.0,-0.01246472918665742,0.0,0.0,-0.014176409196693496,0.0,0.0015692212395470584,-0.008935199373446223,0.07199242185033132,0.030168184656247155,-0.0022134105320584796,0.43776965114845773,0.004519066841606867,0.00481983938840397,0.004697399642459261,4,1.0,6.123233995736766e-17,-0.433883739117558,-0.9009688679024191,True,True,1,0.0,79.7545426764,0.6116337778773473,0.592721284627885,H002_combined_factors,3,per_corridor,logistic,2024,0.6565089779005524,26,"{""C"": 0.01, ""class_weight"": ""balanced""}"
2024-03-08,RUB_UZS,UZS,CBR,UZS_RC_F02_09_2016_T02_09_2026.dbf,10000,72.5364,0.00725364,137.8618183422,1.0,False,0.0057639484919029815,-0.006327544614052716,-0.003093669042007252,-0.021049690874418547,-0.006549375056495665,0.0057639484919029815,-0.00231539236643985,0.43082184682349806,0.0057639484919029815,-0.008961595970724878,0.19698621049139667,0.0057639484919029815,-0.011273055253823383,0.19698621049139667,0.026981185235315452,-0.00479368692686466,0.3915231951349787,0.0060023426910432035,0.005254951989115578,0.004576204784768708,0,1.0,6.123233995736766e-17,-0.433883739117558,-0.9009688679024191,True,True,1,0.0,5.7573379487,0.663189494761722,0.592721284627885,H002_combined_factors,3,per_corridor,logistic,2024,0.6565089779005524,26,"{""C"": 0.01, ""class_weight"": ""balanced""}"
2024-03-15,RUB_UZS,UZS,CBR,UZS_RC_F02_09_2016_T02_09_2026.dbf,10000,73.0398,0.00730398,136.9116563846,1.0,False,3.5598297853711713e-05,0.0076943134925726575,0.012743914021910552,-0.00619767522549064,-0.0013986472906848402,0.0076943134925726575,0.0040516840593711745,1.0,0.012743914021910552,0.0040192496200208705,0.952533941341066,0.012743914021910552,-0.003585954452403173,0.4355304932947908,0.03410839762312978,0.003927984372181559,0.634758780597054,0.003047677744405227,0.005558937796565935,0.004579050430012121,0,1.0,6.123233995736766e-17,-0.433883739117558,-0.9009688679024191,True,True,1,0.0,-15.2281718437,0.6650458255166776,0.592721284627885,H002_combined_factors,3,per_corridor,logistic,2024,0.6565089779005524,26,"{""C"": 0.01, ""class_weight"": ""balanced""}"
2024-03-22,RUB_UZS,UZS,CBR,UZS_RC_F02_09_2016_T02_09_2026.dbf,10000,73.1976,0.00731976,136.6165010875,1.0,False,-0.00794348887355889,0.00028834393555299265,0.00216046593774899,0.014931912751817489,-0.010800467047223594,0.0012789980315741634,-0.001913607063410927,0.13758092995879787,0.009871402732536838,0.002137141214241245,0.5497080516287624,0.014931912751817489,3.695612924925484e-05,0.5103065914798828,0.036342553592134896,0.0055050689122095875,0.6763365214871022,0.004979101107517269,0.004045881576671647,0.004732991621919842,1,1.0,6.123233995736766e-17,-0.433883739117558,-0.9009688679024191,True,True,1,0.0,46.1555706349,0.6172455186542577,0.592721284627885,H002_combined_factors,3,per_corridor,logistic,2024,0.6565089779005524,26,"{""C"": 0.01, ""class_weight"": ""balanced""}"
2024-03-29,RUB_UZS,UZS,CBR,UZS_RC_F02_09_2016_T02_09_2026.dbf,10000,73.2236,0.00732236,136.5679917404,1.0,False,-0.004356575655389938,-0.007517125655003842,0.00035520290282753386,0.0025164362443490518,-0.0036968350357097224,0.0,-0.004462702768550542,0.0,0.0016346552382151547,-0.003013007440000215,0.1758387286639207,0.015292419513398992,0.0017435938828516129,0.6631990378833413,0.036710665475494286,0.006049211230659379,0.7122960276907861,0.004669915298271405,0.0045549204374455265,0.004966260970234389,1,1.0,6.123233995736766e-17,-0.433883739117558,-0.9009688679024191,True,True,1,4.62965492,20.2218130006,0.6317881607192934,0.592721284627885,H002_combined_factors,3,per_corridor,logistic,2024,0.6565089779005524,26,"{""C"": 0.01, ""class_weight"": ""balanced""}"
2024-04-05,RUB_UZS,UZS,CBR,UZS_RC_F02_09_2016_T02_09_2026.dbf,10000,72.8653,0.00728653,137.2395365146,1.0,False,-0.003622306516322893,-0.002997903793422352,-0.004893231144057375,-0.004539766331136508,0.010324359025910779,0.0,-0.0030500127106665165,0.0,0.0,-0.006201988733501751,0.0,0.005286822539634084,-0.004310763900869152,0.29440688383528224,0.031637800559813245,0.0015457815804855723,0.6206704996805823,0.0017570454130676578,0.003372854750510068,0.0037594372978178516,2,0.8660254037844387,-0.49999999999999983,-0.433883739117558,-0.9009688679024191,True,True,1,0.0,16.4768411128,0.6423640932063922,0.592721284627885,H002_combined_factors,3,per_corridor,logistic,2024,0.6565089779005524,26,"{""C"": 0.01, ""class_weight"": ""balanced""}"
2024-04-12,RUB_UZS,UZS,CBR,UZS_RC_F02_09_2016_T02_09_2026.dbf,10000,73.9354,0.00739354,135.2532075298,1.0,False,0.00536162771565829,0.013032957818267521,0.014686002802431153,0.00972090965207939,0.012261807945804781,0.014446540664768692,0.00863903836913904,1.0,0.014686002802431153,0.01011296099005432,1.0,0.014686002802431153,0.008392862878475071,1.0,0.04428088581545553,0.013793374848946494,0.9138368263036682,0.0022602756724288187,0.0028055063052738628,0.0036998503835629065,0,0.8660254037844387,-0.49999999999999983,-0.433883739117558,-0.9009688679024191,True,True,1,29.6339777698,-53.8232955584,0.6622611905588099,0.592721284627885,H002_combined_factors,3,per_corridor,logistic,2024,0.6565089779005524,26,"{""C"": 0.01, ""class_weight"": ""balanced""}"
2024-04-19,RUB_UZS,UZS,CBR,UZS_RC_F02_09_2016_T02_09_2026.dbf,10000,74.1178,0.00741178,134.9203565136,1.0,False,-0.004276150953636759,0.0031617043968805714,0.002467018505343921,0.017189251948458217,0.012571450430068687,0.005446556596031105,0.0002550645151278008,0.5577938316198945,0.016949199053270636,0.005661832508101705,0.795121009268795,0.017189251948458217,0.008264490916405798,0.7973644003055759,0.04397884372953209,0.012834237874387977,0.907487066209382,0.004205568702359973,0.003429441465703902,0.00349120289180609,1,0.8660254037844387,-0.49999999999999983,-0.433883739117558,-0.9009688679024191,True,True,0,70.819695134,-24.493925209,0.6360474236848598,0.592721284627885,H002_combined_factors,3,per_corridor,logistic,2024,0.6565089779005524,26,"{""C"": 0.01, ""class_weight"": ""balanced""}"
2024-04-26,RUB_UZS,UZS,CBR,UZS_RC_F02_09_2016_T02_09_2026.dbf,10000,72.6017,0.00726017,137.7378215662,1.0,False,-0.002867718254922047,-0.012014762276721935,-0.02045527525101931,-0.018038720288251597,-0.008493163406333548,0.0,-0.007859590548047857,0.0,0.0,-0.014071156593747358,0.0,0.0,-0.011098659327719473,0.0,0.006669375089260132,-0.009522076260512158,0.20773948345858068,0.0031801188107268064,0.004276302726364865,0.003798282819977438,6,0.8660254037844387,-0.49999999999999983,-0.433883739117558,-0.9009688679024191,True,True,1,0.0,40.9795668496,0.6135512787192219,0.592721284627885,H002_combined_factors,3,per_corridor,logistic,2024,0.6565089779005524,26,"{""C"": 0.01, ""class_weight"": ""balanced""}"
2024-05-03,RUB_UZS,UZS,CBR,UZS_RC_F02_09_2016_T02_09_2026.dbf,10000,72.8722,0.00728722,137.2265418088,5.0,False,0.0036276594572557386,0.003725808073364645,-0.007116337055228961,-0.019745736150476034,-0.00409039038423431,0.003725808073364645,0.0018521400521434028,1.0,0.003725808073364645,-0.005447287499762865,0.14745965983427725,0.003725808073364645,-0.006622385655116858,0.14745965983427725,0.010420031974176514,-0.005960329461389469,0.32456594972790714,0.004694511505241012,0.0038378358381338843,0.003972437073746189,0,0.49999999999999994,-0.8660254037844387,-0.433883739117558,-0.9009688679024191,True,True,0,69.0661184924,-45.2949191353,0.609617487519035,0.592721284627885,H002_combined_factors,3,per_corridor,logistic,2024,0.6565089779005524,26,"{""C"": 0.01, ""class_weight"": ""balanced""}"
2024-05-17,RUB_UZS,UZS,CBR,UZS_RC_F02_09_2016_T02_09_2026.dbf,10000,71.4363,0.00714363,139.9848536388,1.0,False,-0.004985082360413506,-0.00850943935688575,-0.008446133516922805,-0.018653958694511363,-0.03092938739464679,0.0,-0.006754530248699653,0.0,0.0,-0.009955699320833844,0.0,0.0,-0.019407714369310658,0.0,0.0,-0.023629864022300273,0.0,0.003968226941793498,0.003799721992198673,0.004051682408490882,4,0.49999999999999994,-0.8660254037844387,-0.433883739117558,-0.9009688679024191,True,True,1,0.0,34.9853739376,0.6175190412598701,0.592721284627885,H002_combined_factors,3,per_corridor,logistic,2024,0.6565089779005524,26,"{""C"": 0.01, ""class_weight"": ""balanced""}"
2024-05-24,RUB_UZS,UZS,CBR,UZS_RC_F02_09_2016_T02_09_2026.dbf,10000,70.9238,0.00709238,140.9963933123,1.0,False,-0.0005833845321369102,-0.00680439772187813,-0.007174223748990349,-0.015559762814248979,-0.036268444374389475,0.0,-0.004120350634200465,0.0,0.0,-0.009024353472637081,0.0,0.0,-0.016803142845220997,0.0,0.0,-0.02762376704583469,0.0,0.0019971672411546967,0.0029646035647630147,0.003291759088596612,4,0.49999999999999994,-0.8660254037844387,-0.433883739117558,-0.9009688679024191,True,True,0,51.2380893297,-4.6369019611,0.6235319808512951,0.592721284627885,H002_combined_factors,3,per_corridor,logistic,2024,0.6565089779005524,26,"{""C"": 0.01, ""class_weight"": ""balanced""}"
2024-05-31,RUB_UZS,UZS,CBR,UZS_RC_F02_09_2016_T02_09_2026.dbf,10000,71.0291,0.00710291,140.7873674311,1.0,False,0.0066496692880799735,0.017534535442252697,0.0014846920215780823,-0.0057001832401734065,-0.024247810951971482,0.018401134406852204,0.009796127497226248,1.0,0.018401134406852204,0.0035386382106239456,0.7189110463813554,0.018401134406852204,-0.006122366594933815,0.41049096433711696,0.018401134406852204,-0.022449919994157352,0.27362271874466887,0.008965425250351771,0.0061938088258882236,0.005046775644781385,0,0.49999999999999994,-0.8660254037844387,-0.433883739117558,-0.9009688679024191,True,True,1,0.0,-33.490460284,0.6529772175875302,0.592721284627885,H002_combined_factors,3,per_corridor,logistic,2024,0.6565089779005524,26,"{""C"": 0.01, ""class_weight"": ""balanced""}"
2024-06-07,RUB_UZS,UZS,CBR,UZS_RC_F02_09_2016_T02_09_2026.dbf,10000,70.0222,0.00700222,142.8118510987,1.0,False,-0.0006793226183035017,-0.012851419210587856,-0.014175880026636944,-0.01271223482103323,-0.028074198276627937,0.0,-0.007770379036244113,0.0,0.0039644021065097235,-0.006147159972351157,0.16053181607059783,0.0039644021065097235,-0.01394522385746677,0.10442631618702213,0.0039644021065097235,-0.03394296579572953,0.05895019614531756,0.00584935585821265,0.007329116009759704,0.005443584234147664,4,1.2246467991473532e-16,-1.0,-0.433883739117558,-0.9009688679024191,True,True,1,0.0,31.7844587033,0.6220185109341526,0.592721284627885,H002_combined_factors,3,per_corridor,logistic,2024,0.6565089779005524,26,"{""C"": 0.01, ""class_weight"": ""balanced""}"
2024-06-14,RUB_UZS,UZS,CBR,UZS_RC_F02_09_2016_T02_09_2026.dbf,10000,69.8898,0.00698898,143.0823954282,2.0,False,-0.008044668632888885,-0.003157840687365243,-0.00256886704400483,-0.009496895545486939,-0.026525819634455106,0.0,-0.0039889011923950335,0.0,0.0,-0.008244830981106954,0.0,0.0020660771918554754,-0.01069133042367132,0.08071924714317413,0.0020660771918554754,-0.033466574913262104,0.03072232645403257,0.004487809222264477,0.005714541202620816,0.005602649665507257,1,1.2246467991473532e-16,-1.0,-0.433883739117558,-0.9009688679024191,True,True,1,0.0,76.1829534937,0.6129793796357899,0.592721284627885,H002_combined_factors,3,per_corridor,logistic,2024,0.6565089779005524,26,"{""C"": 0.01, ""class_weight"": ""balanced""}"
2024-06-21,RUB_UZS,UZS,CBR,UZS_RC_F02_09_2016_T02_09_2026.dbf,10000,67.5563,0.00675563,148.0246845964,1.0,False,0.03237740992945959,-0.042998033760390686,-0.0333882769731777,-0.03587137397280993,-0.04803622057008228,0.03237740992945959,-0.01574343122822619,0.4100762590485041,0.03237740992945959,-0.026612427163034913,0.4100762590485041,0.03237740992945959,-0.03455657874757723,0.3513307354282403,0.03237740992945959,-0.06064830357849882,0.23545035283658425,0.03209706683829648,0.021824716292034946,0.01588490783753992,0,1.2246467991473532e-16,-1.0,-0.433883739117558,-0.9009688679024191,True,True,1,0.0,175.6317309656,0.6258091049513382,0.592721284627885,H002_combined_factors,3,per_corridor,logistic,2024,0.6565089779005524,26,"{""C"": 0.01, ""class_weight"": ""balanced""}"
2024-06-29,RUB_UZS,UZS,CBR,UZS_RC_F02_09_2016_T02_09_2026.dbf,10000,68.297,0.0068297,146.4193156361,1.0,False,0.01124560429391086,-0.014016593544773248,-0.018570383665304835,-0.032677942671965776,-0.03846451665584938,0.01124560429391086,-0.0075147368011098115,0.34128695964770467,0.04369659033949902,-0.004765241786365948,0.5547923942568881,0.04369659033949902,-0.017679242219152735,0.47415637177680153,0.04369659033949902,-0.044305164759301574,0.317764071789743,0.01703452083952059,0.02637349835390846,0.018706753876803782,0,1.2246467991473532e-16,-1.0,-0.9749279121818236,-0.2225209339563146,True,True,1,0.0,60.2378952975,0.6472848161002276,0.592721284627885,H002_combined_factors,3,per_corridor,logistic,2024,0.6565089779005524,26,"{""C"": 0.01, ""class_weight"": ""balanced""}"
2024-07-05,RUB_UZS,UZS,CBR,UZS_RC_F02_09_2016_T02_09_2026.dbf,10000,70.0255,0.00700255,142.8051209916,1.0,False,0.0009634338268191822,0.0073147575413208266,0.03683879326300188,0.036550255120543884,-0.0006322267224967426,0.025308578707702978,0.00693583668041553,1.0,0.03683879326300188,0.010354235384812505,1.0,0.07011106764306763,0.00965920838669354,0.8879921031239101,0.07011106764306763,-0.01717647003233036,0.5098516419403232,0.007330069313361569,0.016151022658279765,0.01904242886882199,0,-0.4999999999999998,-0.8660254037844388,-0.433883739117558,-0.9009688679024191,True,True,1,11.0673968769,-18.7159130022,0.5961494697421322,0.592721284627885,H002_combined_factors,3,per_corridor,logistic,2024,0.6565089779005524,26,"{""C"": 0.01, ""class_weight"": ""balanced""}"
2024-07-13,RUB_UZS,UZS,CBR,UZS_RC_F02_09_2016_T02_09_2026.dbf,10000,69.3343,0.00693343,144.228758349,1.0,False,-0.004532663316582863,-0.00585580999875257,-0.008773660433464836,0.015188075610934604,-0.017986182125142802,0.0,-0.004510080774266068,0.0,0.0,-0.006115030929221277,0.0,0.059548333068449866,0.002050079163261387,0.7560535506402792,0.059548333068449866,-0.021835294502711156,0.4330388398066345,0.0023846217875523584,0.0064098486137682585,0.018823725856588945,1,-0.4999999999999998,-0.8660254037844388,-0.9749279121818236,-0.2225209339563146,True,True,1,0.0,22.8204243723,0.6285403968260707,0.592721284627885,H002_combined_factors,3,per_corridor,logistic,2024,0.6565089779005524,26,"{""C"": 0.01, ""class_weight"": ""balanced""}"
2024-07-19,RUB_UZS,UZS,CBR,UZS_RC_F02_09_2016_T02_09_2026.dbf,10000,69.8092,0.00698092,143.2475948729,1.0,False,-0.0025561488310156255,0.0045341978671571415,0.0022857142857142243,-0.00308887476704911,0.0333484811927236,0.006849423733995996,0.0011395424678193322,0.689560040656303,0.006849423733995996,0.0008422884726906332,0.689560040656303,0.03363612807699412,0.004027662638237173,0.9130627009646304,0.06680562856828498,-0.011074599252312356,0.536044044976886,0.004729645636126006,0.003472566705718311,0.011555242011786671,2,-0.4999999999999998,-0.8660254037844388,-0.433883739117558,-0.9009688679024191,True,True,1,0.0,4.189259622,0.621779503805661,0.592721284627885,H002_combined_factors,3,per_corridor,logistic,2024,0.6565089779005524,26,"{""C"": 0.01, ""class_weight"": ""balanced""}"
2024-07-26,RUB_UZS,UZS,CBR,UZS_RC_F02_09_2016_T02_09_2026.dbf,10000,67.6513,0.00676513,147.8168194846,1.0,False,-0.01635880912638632,-0.028160536462313757,-0.030911398497619147,-0.028696338837042257,0.0016849898204700509,0.0,-0.02015444907957109,0.0,0.0,-0.025004655098961992,0.0,0.0,-0.0269041099673597,0.0,0.03382917466410751,-0.03694370955179016,0.29775643612299296,0.006408047298611421,0.006379355106075625,0.007065487714210342,4,-0.4999999999999998,-0.8660254037844388,-0.433883739117558,-0.9009688679024191,True,True,1,0.0,104.0956826016,0.6089794476932389,0.592721284627885,H002_combined_factors,3,per_corridor,logistic,2024,0.6565089779005524,26,"{""C"": 0.01, ""class_weight"": ""balanced""}"
2024-08-02,RUB_UZS,UZS,CBR,UZS_RC_F02_09_2016_T02_09_2026.dbf,10000,68.3853,0.00683853,146.2302570874,1.0,False,-0.004026984436761083,-0.004518477866882531,0.01084975455017112,-0.02039702503394969,-0.02342289594504854,0.009734813808581544,-0.0005781524434248508,0.67990100030937,0.01084975455017112,-0.005070864657059859,0.3335908739717296,0.01084975455017112,-0.012374616644241776,0.3094826495762511,0.045045967456019076,-0.0217224304608421,0.42376974942135404,0.007053753616457807,0.007750851568232852,0.005912230059255261,1,-0.8660254037844384,-0.5000000000000004,-0.433883739117558,-0.9009688679024191,True,True,1,33.8669275414,3.3893038332,0.6721064705625743,0.592721284627885,H002_combined_factors,3,per_corridor,logistic,2024,0.6565089779005524,26,"{""C"": 0.01, ""class_weight"": ""balanced""}"
2024-08-09,RUB_UZS,UZS,CBR,UZS_RC_F02_09_2016_T02_09_2026.dbf,10000,68.4826,0.00684826,146.0224933049,1.0,False,0.0051562204155799485,0.01432411816545831,0.0014228204014605783,0.012288012203756526,-0.01676094759511837,0.01432411816545831,0.007388312562131905,1.0,0.01432411816545831,0.004105415336072227,0.8194373834943223,0.01432411816545831,-0.004532924463081622,0.3856829511465596,0.04653288017897972,-0.015561789252977243,0.499729210772488,0.006802692580460751,0.006607571324884464,0.006666946993896768,0,-0.8660254037844384,-0.5000000000000004,-0.433883739117558,-0.9009688679024191,True,True,1,0.0,21.1035987277,0.6747319281306551,0.592721284627885,H002_combined_factors,3,per_corridor,logistic,2024,0.6565089779005524,26,"{""C"": 0.01, ""class_weight"": ""balanced""}"
2024-08-16,RUB_UZS,UZS,CBR,UZS_RC_F02_09_2016_T02_09_2026.dbf,10000,70.3459,0.00703459,142.1546955828,1.0,False,-0.013658160403813846,-0.011219482711848139,0.027208371177496193,0.028669904204558616,0.0076880984168277156,0.01147265198136549,-0.011209197878762067,0.2093786081662655,0.04192222526679057,0.011271264349639987,0.484383824208923,0.04192222526679057,0.017325991865689838,0.484383824208923,0.07500733523234349,0.011436876190322742,0.6196409634903803,0.025188449342873034,0.017619673131595775,0.013494332622740997,2,-0.8660254037844384,-0.5000000000000004,-0.433883739117558,-0.9009688679024191,True,True,1,9.1831933347,92.3799331486,0.6098589695877692,0.592721284627885,H002_combined_factors,3,per_corridor,logistic,2024,0.6565089779005524,26,"{""C"": 0.01, ""class_weight"": ""balanced""}"
2024-08-23,RUB_UZS,UZS,CBR,UZS_RC_F02_09_2016_T02_09_2026.dbf,10000,72.193,0.0072193,138.5175848074,1.0,False,-0.0059004564763879275,0.02053856299326684,0.026257393821103925,0.0541801859158384,0.06713396490533063,0.027200692075986188,0.009459355533338432,0.8168959917955713,0.03803128774371656,0.012099689429107885,0.6940799832056249,0.06928038746658172,0.034783788411203886,0.8004894494549302,0.1032342261941146,0.036507357044310185,0.8528253294955301,0.008556311056583296,0.01773601448300898,0.013202517609299816,1,-0.8660254037844384,-0.5000000000000004,-0.433883739117558,-0.9009688679024191,True,True,1,0.0,-25.3335819741,0.6056251372461084,0.592721284627885,H002_combined_factors,3,per_corridor,logistic,2024,0.6565089779005524,26,"{""C"": 0.01, ""class_weight"": ""balanced""}"
2024-08-31,RUB_UZS,UZS,CBR,UZS_RC_F02_09_2016_T02_09_2026.dbf,10000,72.2271,0.00722271,138.4521876138,1.0,False,0.0009340393599197583,0.00031161449547534303,-0.00042210092779171315,0.02768588515010406,0.05976784826062276,0.0009340393599197583,-0.00017469613669596207,0.3927738927738951,0.021020609244261745,0.002100013125081901,0.7903688742425853,0.06978545667291214,0.018356317062312444,0.806325192956035,0.10375533332518305,0.03462657297880356,0.857130232793011,0.001458255066087453,0.006343327996474051,0.01283784604861965,0,-0.8660254037844384,-0.5000000000000004,-0.9749279121818236,-0.2225209339563146,True,True,0,130.0066041693,-19.4229360678,0.6517428932822981,0.592721284627885,H002_combined_factors,3,per_corridor,logistic,2024,0.6565089779005524,26,"{""C"": 0.01, ""class_weight"": ""balanced""}"
2024-09-06,RUB_UZS,UZS,CBR,UZS_RC_F02_09_2016_T02_09_2026.dbf,10000,70.9111,0.00709111,141.0216454124,1.0,False,0.007907065331718588,-0.00528840016776988,-0.017303287014774238,-0.017756569196459404,0.035461562499087496,0.010309528049866401,-0.0011637649076567946,0.3547754461659165,0.010309528049866401,-0.00989489354685158,0.33753148614609774,0.019599413354805417,-0.007887389760174335,0.3576939225359514,0.08364457131679659,0.015311115150401955,0.6909937888198758,0.01021248106586078,0.007099985434710322,0.013657292315441721,0,-1.0,-1.8369701987210297e-16,-0.433883739117558,-0.9009688679024191,True,True,1,32.2939567994,-32.1329669002,0.6569972010915032,0.592721284627885,H002_combined_factors,3,per_corridor,logistic,2024,0.6565089779005524,26,"{""C"": 0.01, ""class_weight"": ""balanced""}"
2024-09-13,RUB_UZS,UZS,CBR,UZS_RC_F02_09_2016_T02_09_2026.dbf,10000,71.6548,0.00716548,139.557991928,1.0,False,-0.0039325694316054705,0.006826005704731131,0.010487779769316807,-0.006996980308953682,0.018606628104836265,0.013761617156253125,0.002757152545181274,0.7746893915259621,0.02090543187889593,0.0060238045931422235,0.7194057658364384,0.02090543187889593,0.001416353689699834,0.6028348397699264,0.06130888462649309,0.02251785968598452,0.7083839611178612,0.005983055055950507,0.008414689722142854,0.007474983885005593,1,-1.0,-1.8369701987210297e-16,-0.433883739117558,-0.9009688679024191,True,True,1,40.1229226793,-17.4732334389,0.6617525858742007,0.592721284627885,H002_combined_factors,3,per_corridor,logistic,2024,0.6565089779005524,26,"{""C"": 0.01, ""class_weight"": ""balanced""}"
2024-09-20,RUB_UZS,UZS,CBR,UZS_RC_F02_09_2016_T02_09_2026.dbf,10000,72.7603,0.00727603,137.4375861562,1.0,False,0.010594812319872249,0.017831563279877338,0.015428136007636706,0.02607772266965247,0.007858102586123294,0.019518743177898035,0.012146824673689549,1.0,0.029402069265061392,0.015178219131370296,1.0,0.03665609973285844,0.015551368772943164,1.0,0.07768290244462372,0.03482988453881508,0.8975750004278401,0.005292087652527023,0.005349852570959477,0.006514048683925126,0,-1.0,-1.8369701987210297e-16,-0.433883739117558,-0.9009688679024191,True,True,1,0.1649251034,-58.7859475398,0.664818822832141,0.592721284627885,H002_combined_factors,3,per_corridor,logistic,2024,0.6565089779005524,26,"{""C"": 0.01, ""class_weight"": ""balanced""}"
2024-09-27,RUB_UZS,UZS,CBR,UZS_RC_F02_09_2016_T02_09_2026.dbf,10000,72.4329,0.00724329,138.058810292,1.0,False,-1.1044582839181416e-05,-0.007685573726023631,-0.004499706570753492,0.010859007351915029,0.003786046782345176,0.0,-0.0035868337312590093,0.0,0.014931207990213968,0.0019716319061586773,0.6551088159350804,0.03199145146927873,0.009404379103894467,0.8000997719498296,0.0728336456073051,0.026341134312584336,0.8415450173703215,0.003270650209768958,0.0046466114135822285,0.006677039771394609,3,-1.0,-1.8369701987210297e-16,-0.433883739117558,-0.9009688679024191,True,True,1,0.0,40.4212944675,0.6191421679028253,0.592721284627885,H002_combined_factors,3,per_corridor,logistic,2024,0.6565089779005524,26,"{""C"": 0.01, ""class_weight"": ""balanced""}"
2024-10-04,RUB_UZS,UZS,CBR,UZS_RC_F02_09_2016_T02_09_2026.dbf,10000,74.484,0.0074484,134.2570216422,1.0,False,0.004096786065265423,0.015955981242378625,0.028317242578993707,0.02369011672574195,0.050385623689380044,0.023230255656450538,0.011481765652477938,1.0,0.028317242578993707,0.018012857599157606,1.0,0.053788724443671,0.02851099476237362,1.0,0.10321333619687323,0.050606651148043635,1.0,0.0033415676288320565,0.00463256297045783,0.004872124236944862,0,-0.8660254037844386,0.5000000000000001,-0.433883739117558,-0.9009688679024191,True,True,1,3.1818914129,-50.2640423578,0.6513694739310617,0.592721284627885,H002_combined_factors,3,per_corridor,logistic,2024,0.6565089779005524,26,"{""C"": 0.01, ""class_weight"": ""balanced""}"
2024-10-11,RUB_UZS,UZS,CBR,UZS_RC_F02_09_2016_T02_09_2026.dbf,10000,76.0991,0.00760991,131.4075987758,1.0,False,0.003711534377856429,0.011989760297882235,0.02168385156543695,0.05061512102925603,0.06202375835254581,0.022009043745458978,0.010105421210978127,1.0,0.045417828637368984,0.0216270670740335,1.0,0.06630207391900766,0.03692427454127989,1.0,0.12713525042397666,0.06635857896673691,1.0,0.005194164308056739,0.0041736012271197265,0.0047343563248403615,0,-0.8660254037844386,0.5000000000000001,-0.433883739117558,-0.9009688679024191,True,True,0,112.9054088682,-89.8838011222,0.6231663215152429,0.592721284627885,H002_combined_factors,3,per_corridor,logistic,2024,0.6565089779005524,26,"{""C"": 0.01, ""class_weight"": ""balanced""}"
2024-10-18,RUB_UZS,UZS,CBR,UZS_RC_F02_09_2016_T02_09_2026.dbf,10000,76.0339,0.00760339,131.5202824004,1.0,False,0.00013943093762036618,0.01113750126335833,-0.0008567775440182501,0.020808495784329528,0.04499156820408934,0.01113750126335833,0.005031907432360372,1.0,0.021133409346994148,0.007131550887138793,0.9602147913107133,0.049714977586152065,0.022912646489607225,0.9822159183896124,0.126169546252342,0.05728360188298898,0.9924041194836661,0.007024550804457215,0.006281083807917366,0.005373376410058872,0,-0.8660254037844386,0.5000000000000001,-0.433883739117558,-0.9009688679024191,True,True,0,95.4837250227,-62.1495532942,0.6379084082258973,0.592721284627885,H002_combined_factors,3,per_corridor,logistic,2024,0.6565089779005524,26,"{""C"": 0.01, ""class_weight"": ""balanced""}"
2024-10-25,RUB_UZS,UZS,CBR,UZS_RC_F02_09_2016_T02_09_2026.dbf,10000,75.4139,0.00754139,132.6015495817,1.0,False,0.0002745605704492782,0.005738588171280146,-0.008154257508821705,-0.009004048668118214,0.04115533134804772,0.005738588171280146,0.0014304270911098538,0.9589926454201139,0.005738588171280146,-0.0008717575719032755,0.4096924688184364,0.036004835629799725,0.005734296099750624,0.7927467408729324,0.1169864697736076,0.040366386108454,0.9201733538375508,0.005759748477003404,0.006105441732292321,0.005907487378042893,0,-0.8660254037844386,0.5000000000000001,-0.433883739117558,-0.9009688679024191,True,True,1,0.0,-7.5640054195,0.6715475896991947,0.592721284627885,H002_combined_factors,3,per_corridor,logistic,2024,0.6565089779005524,26,"{""C"": 0.01, ""class_weight"": ""balanced""}"
2024-11-01,RUB_UZS,UZS,CBR,UZS_RC_F02_09_2016_T02_09_2026.dbf,10000,75.9512,0.00759512,131.6634891878,1.0,False,0.0005190233929375232,0.0005269314672933234,0.007124681259025101,-0.0010876727354508509,0.019698190215348355,0.006975131620641006,0.0012932892656991601,0.8206208079862837,0.012904155041902454,0.004916138790817204,0.893774247182714,0.02002275037838963,0.005475818192192339,0.9097510373443997,0.09206878702478871,0.0383806257688184,0.9774236387782208,0.0031608890563694387,0.004665310226967789,0.0054996707750005125,0,-0.5000000000000004,0.8660254037844384,-0.433883739117558,-0.9009688679024191,True,True,1,0.0,20.3662776489,0.6639394409608999,0.592721284627885,H002_combined_factors,3,per_corridor,logistic,2024,0.6565089779005524,26,"{""C"": 0.01, ""class_weight"": ""balanced""}"
2024-11-08,RUB_UZS,UZS,CBR,UZS_RC_F02_09_2016_T02_09_2026.dbf,10000,76.6972,0.00766972,130.382856219,1.0,False,-0.0024750447081776095,0.00481595606422669,0.009822096293409466,0.01701675685782056,0.007859488482780952,0.0059467130442081295,0.0017300391799148773,0.7043653876029122,0.016865738328487367,0.006407123995458841,0.8698714442013092,0.022852997188718582,0.011245273376473408,0.900047271390301,0.0927472840605521,0.04214278538656835,0.9715970149253722,0.0027741665119781745,0.0028178852217455646,0.004813489624268379,1,-0.5000000000000004,0.8660254037844384,-0.433883739117558,-0.9009688679024191,True,True,1,41.5660545626,-21.7522336033,0.6470329991143,0.592721284627885,H002_combined_factors,3,per_corridor,logistic,2024,0.6565089779005524,26,"{""C"": 0.01, ""class_weight"": ""balanced""}"
2024-11-15,RUB_UZS,UZS,CBR,UZS_RC_F02_09_2016_T02_09_2026.dbf,10000,77.3093,0.00773093,129.3505438544,1.0,False,0.005479398605764185,0.012031648038622667,0.007980734629165154,0.017881218466594184,0.016774096817340656,0.012188000796036436,0.008019637459084406,1.0,0.0139749068120949,0.00887138880866889,1.0,0.031016115523927912,0.01582999653174544,1.0,0.10146821015138019,0.04433708793919777,1.0,0.003932614087672109,0.0032141085962338473,0.00401632546803567,0,-0.5000000000000004,0.8660254037844384,-0.433883739117558,-0.9009688679024191,True,True,1,0.0,5.4186978319,0.6609174768851822,0.592721284627885,H002_combined_factors,3,per_corridor,logistic,2024,0.6565089779005524,26,"{""C"": 0.01, ""class_weight"": ""balanced""}"
2024-11-22,RUB_UZS,UZS,CBR,UZS_RC_F02_09_2016_T02_09_2026.dbf,10000,78.3139,0.00783139,127.6912527661,1.0,False,0.0036640693084533105,0.003953567376659528,0.01299455563560925,0.02107899636492605,0.03845444937869558,0.004026933402393462,0.002818148734432535,1.0,0.02534093408607685,0.011885542076049083,1.0,0.038300247530331566,0.019692655642355783,1.0,0.1157813000890473,0.050988945303722,1.0,0.0048114543372176155,0.0041759828128073015,0.0034734208834674664,0,-0.5000000000000004,0.8660254037844384,-0.433883739117558,-0.9009688679024191,True,True,1,0.0,67.6713430252,0.6604971420240714,0.592721284627885,H002_combined_factors,3,per_corridor,logistic,2024,0.6565089779005524,26,"{""C"": 0.01, ""class_weight"": ""balanced""}"
2024-12-13,RUB_UZS,UZS,CBR,UZS_RC_F02_09_2016_T02_09_2026.dbf,10000,80.7965,0.00807965,123.7677374639,1.0,False,0.007231688283193982,0.0437071292935296,0.0013657832866298403,-0.05263608393445063,0.0451071216528931,0.0437071292935296,0.026241157812751714,1.0,0.0437071292935296,0.003106661549939105,0.5341806125670991,0.0437071292935296,0.004797806461216858,0.42978177476310403,0.11546686657582406,0.05000494810275202,0.6507270845814507,0.02581785515081807,0.018733233082862868,0.0163885367089352,0,-2.4492935982947064e-16,1.0,-0.433883739117558,-0.9009688679024191,True,True,1,45.6702951242,-145.0976839798,0.6247529304578242,0.592721284627885,H002_combined_factors,3,per_corridor,logistic,2024,0.6565089779005524,26,"{""C"": 0.01, ""class_weight"": ""balanced""}"
2024-12-20,RUB_UZS,UZS,CBR,UZS_RC_F02_09_2016_T02_09_2026.dbf,10000,80.409,0.0080409,124.3641880884,1.0,False,0.006901007915309565,0.007371530657499514,-0.004795999826725295,-0.0034367668365014037,0.026752594367027926,0.007371530657499514,0.0038220867075375864,0.9695172186521764,0.03870151008228606,0.012495108080569306,0.8854736219890632,0.03870151008228606,-0.006228421256619376,0.3805604247643735,0.10462544475430335,0.036651075595270255,0.6096409074171915,0.005680097222779577,0.01764102844729396,0.0165075306264859,0,-2.4492935982947064e-16,1.0,-0.433883739117558,-0.9009688679024191,True,True,0,114.2906888532,-77.0969178241,0.6259862659671276,0.592721284627885,H002_combined_factors,3,per_corridor,logistic,2024,0.6565089779005524,26,"{""C"": 0.01, ""class_weight"": ""balanced""}"
2024-12-28,RUB_UZS,UZS,CBR,UZS_RC_F02_09_2016_T02_09_2026.dbf,10000,77.8052,0.00778052,128.5261139358,1.0,False,0.01369702386458549,0.005119566354773175,-0.021195118882878283,-0.03260451959839605,-0.07094940714294251,0.01369702386458549,0.0027955245829591746,0.5105380730380715,0.01369702386458549,-0.012020293626229805,0.2876255095619821,0.01369702386458549,-0.021109778472321206,0.15836647384912056,0.03762956166415066,-0.0022300420766607765,0.2738885653271212,0.011472398707530067,0.009140263863254687,0.014012173897159395,0,-2.4492935982947064e-16,1.0,-0.9749279121818236,-0.2225209339563146,True,True,1,0.0,10.6654605434,0.6905400088419248,0.592721284627885,H002_combined_factors,3,per_corridor,logistic,2024,0.6565089779005524,26,"{""C"": 0.01, ""class_weight"": ""balanced""}"
2024-01-12,RUB_KGS,KGS,CBR,KGS_RC_F02_09_2016_T02_09_2026.dbf,100,99.3974,0.993974,1.0060625328,1.0,False,-0.006880083128509518,-0.012709953614032932,-0.03503291070423076,-0.02295813551158432,-0.04312407944010699,0.0,-0.011583667355195226,0.0,0.0,-0.023805815166054622,0.0,0.0,-0.0226263974276113,0.0,0.006867950980253168,-0.03400557764608403,0.04941835038922424,0.00803866890688264,0.00857274681130247,0.00708257092263337,2,0.49999999999999994,0.8660254037844387,-0.433883739117558,-0.9009688679024191,True,True,0,73.1407461362,23.612452945,0.6524295321529121,0.6298482194511248,H002_combined_factors,3,per_corridor,logistic,2024,0.60539914468995,26,"{""C"": 0.01, ""class_weight"": ""balanced""}"
2024-01-20,RUB_KGS,KGS,CBR,KGS_RC_F02_09_2016_T02_09_2026.dbf,100,99.185,0.99185,1.0082169683,1.0,False,-0.0009780212142973532,0.010756194620374027,0.005215343203230027,-0.021786298992050868,-0.014731592959033701,0.010756194620374027,0.004496001967165375,0.9157556828040994,0.010756194620374027,-0.001955235954043233,0.3374900079936051,0.010756194620374027,-0.01592571218885408,0.20923778372484816,0.010756194620374027,-0.025804835629714362,0.0976184971098264,0.005078638703279691,0.006488277598125509,0.007129462384930518,1,0.49999999999999994,0.8660254037844387,-0.9749279121818236,-0.2225209339563146,True,True,0,68.5385895045,-27.0832848921,0.692930564999765,0.6298482194511248,H002_combined_factors,3,per_corridor,logistic,2024,0.60539914468995,26,"{""C"": 0.01, ""class_weight"": ""balanced""}"
2024-01-26,RUB_KGS,KGS,CBR,KGS_RC_F02_09_2016_T02_09_2026.dbf,100,99.2568,0.992568,1.0074876482,1.0,False,0.0041722141062114915,0.007630054047908175,-0.0002548294204091084,-0.0014145239211488247,-0.024340184600867065,0.008042459800395863,0.0041025273729440315,1.0,0.011487880810561624,0.005186101127452769,0.9780496269304226,0.011487880810561624,-0.010233237890123426,0.2234711071463963,0.011487880810561624,-0.019968916958991056,0.17029987159150958,0.0044819647500480625,0.005179319263355064,0.006981653181434044,0,0.49999999999999994,0.8660254037844387,-0.433883739117558,-0.9009688679024191,True,True,1,0.0,13.3773486,0.6318597532017307,0.6298482194511248,H002_combined_factors,3,per_corridor,logistic,2024,0.60539914468995,26,"{""C"": 0.01, ""class_weight"": ""balanced""}"
2024-02-10,RUB_KGS,KGS,CBR,KGS_RC_F02_09_2016_T02_09_2026.dbf,10,10.1633,1.01633,0.9839323842,1.0,False,-0.004008153505419498,0.0022780615766948564,0.0012807503226504036,0.01410910106865959,0.030025215262125204,0.0022780615766948564,-0.0016993104532149195,0.360937499999995,0.0166858400440153,0.004050462839473301,0.8030813673567581,0.03570282127189062,0.01570757439840853,0.8954632587859389,0.03570282127189062,0.008618906734235265,0.60956937799043,0.005196784182429618,0.004505546611886158,0.00481342005794366,1,0.8660254037844386,0.5000000000000001,-0.9749279121818236,-0.2225209339563146,True,True,1,0.0,9.5069848955,0.6469943491080786,0.6298482194511248,H002_combined_factors,3,per_corridor,logistic,2024,0.60539914468995,26,"{""C"": 0.01, ""class_weight"": ""balanced""}"
2024-03-01,RUB_KGS,KGS,CBR,KGS_RC_F02_09_2016_T02_09_2026.dbf,10,10.159,1.0159,0.9843488532,1.0,False,-0.011068170977444947,-0.019221671928249306,-0.017162648504314704,-0.006338152154776178,0.01196346213230548,0.0,-0.01279604457625716,0.0,0.0,-0.014319964217068826,0.0,0.005652402023381908,-0.008043353553599863,0.2117952522255224,0.0352646248070152,0.0028030248016481796,0.6020878642888218,0.0054896335628208115,0.005379487012053654,0.004812349150948876,4,1.0,6.123233995736766e-17,-0.433883739117558,-0.9009688679024191,True,True,1,0.0,86.1275769962,0.6312610488689739,0.6298482194511248,H002_combined_factors,3,per_corridor,logistic,2024,0.60539914468995,26,"{""C"": 0.01, ""class_weight"": ""balanced""}"
2024-03-08,RUB_KGS,KGS,CBR,KGS_RC_F02_09_2016_T02_09_2026.dbf,10,10.1475,1.01475,0.9854644001,1.0,False,0.004514002316396093,-0.006617654256933281,-0.0011320011812185893,-0.018275221547153553,-0.004415011037527505,0.004514002316396093,-0.0026889804872008982,0.398601398601405,0.004514002316396093,-0.00833303201381419,0.16913946587537476,0.004514002316396093,-0.0095849919551656,0.16913946587537476,0.03409270402885989,0.0008698699193012693,0.5820791648542852,0.005856585974063085,0.005615938212920159,0.00476034699262687,0,1.0,6.123233995736766e-17,-0.433883739117558,-0.9009688679024191,True,True,1,0.0,9.5639271172,0.650950977438307,0.6298482194511248,H002_combined_factors,3,per_corridor,logistic,2024,0.60539914468995,26,"{""C"": 0.01, ""class_weight"": ""balanced""}"
2024-03-16,RUB_KGS,KGS,CBR,KGS_RC_F02_09_2016_T02_09_2026.dbf,10,10.2637,1.02637,0.9743075109,1.0,False,0.002559218559218701,0.009978056148706616,0.011451096329144983,0.010306132493355546,0.003902658502709322,0.012838477934791204,0.0057106909857702615,1.0,0.016016788920896197,0.007218742823945634,1.0,0.016016788920896197,0.0014963362448547901,0.6001483679525232,0.04593419919596031,0.01278111072495891,0.8070002685525017,0.0029705821558930197,0.004571309135388159,0.004932514581540244,0,1.0,6.123233995736766e-17,-0.9749279121818236,-0.2225209339563146,True,True,1,0.0,-20.7400010042,0.6457309185907987,0.6298482194511248,H002_combined_factors,3,per_corridor,logistic,2024,0.60539914468995,26,"{""C"": 0.01, ""class_weight"": ""balanced""}"
2024-03-23,RUB_KGS,KGS,CBR,KGS_RC_F02_09_2016_T02_09_2026.dbf,10,10.3465,1.03465,0.9665104141,1.0,False,0.007193894437630188,0.004202577839894639,0.0080672661905552,0.019610741561961076,0.0009771293680587156,0.007193894437630188,0.0034740676657603053,0.8990267639902801,0.021009315544327833,0.00862249647837543,0.9624773960217048,0.024213266811194067,0.009866857451288125,0.9072700296735928,0.054372028798679306,0.019173276268342088,0.9552412496643103,0.005810748167496547,0.004364638615456056,0.005265485265974196,0,1.0,6.123233995736766e-17,-0.9749279121818236,-0.2225209339563146,True,True,1,0.0,-12.5112324601,0.6369886336144336,0.6298482194511248,H002_combined_factors,3,per_corridor,logistic,2024,0.60539914468995,26,"{""C"": 0.01, ""class_weight"": ""balanced""}"
2024-03-30,RUB_KGS,KGS,CBR,KGS_RC_F02_09_2016_T02_09_2026.dbf,10,10.3236,1.03236,0.9686543454,1.0,False,0.0011249030256013093,-0.0018177599009902012,-0.002213308848402984,0.005836101990510212,0.016202382124224757,0.0011249030256013093,-0.0013388227646303763,0.21928166351607678,0.004964663279013903,-4.455611455200792e-05,0.5525460455037883,0.021946366525109173,0.006483313997133644,0.8429657794676818,0.05203837785783061,0.01645979055233404,0.9142422343568154,0.002118403108917627,0.004264194906028861,0.004308572879335475,0,1.0,6.123233995736766e-17,-0.9749279121818236,-0.2225209339563146,True,True,1,0.9686543454,3.7210151593,0.6521230598079508,0.6298482194511248,H002_combined_factors,3,per_corridor,logistic,2024,0.60539914468995,26,"{""C"": 0.01, ""class_weight"": ""balanced""}"
2024-04-06,RUB_KGS,KGS,CBR,KGS_RC_F02_09_2016_T02_09_2026.dbf,10,10.3448,1.03448,0.9666692445,1.0,False,0.0013551709451349314,-0.0010236205264884113,0.0020535472122129583,-0.0001643067704054646,0.019443212613944327,0.0021506209675858923,0.0005861449267510199,0.676829268292727,0.0031807602792863765,0.0006490560635477038,0.6200378071833953,0.020841556801136862,0.004537743480089063,0.9130998702983201,0.05419878833582148,0.01679232138715525,0.9521976546414833,0.0018765955803406156,0.001939534677841177,0.0034386205589467048,0,0.8660254037844387,-0.49999999999999983,-0.9749279121818236,-0.2225209339563146,True,True,1,0.0,4.127354421,0.6616273413964731,0.6298482194511248,H002_combined_factors,3,per_corridor,logistic,2024,0.60539914468995,26,"{""C"": 0.01, ""class_weight"": ""balanced""}"
2024-04-13,RUB_KGS,KGS,CBR,KGS_RC_F02_09_2016_T02_09_2026.dbf,10,10.485,1.0485,0.953743443,1.0,False,-0.0029573701277089137,0.007504636347039018,0.013552702807207329,0.015634081134487943,0.021561425217027086,0.009843202219054437,0.003333920246197275,0.7666916729182308,0.015732470501617746,0.008711379630475857,0.8392764857881163,0.020676362362011425,0.01213842115094188,0.8722792607802891,0.06484645797639566,0.025666041376127824,0.9535550544346717,0.003389738842294687,0.002850809473532004,0.0035648802209331675,1,0.8660254037844387,-0.49999999999999983,-0.9749279121818236,-0.2225209339563146,True,True,1,0.0,-7.5675454564,0.6358554563250878,0.6298482194511248,H002_combined_factors,3,per_corridor,logistic,2024,0.60539914468995,26,"{""C"": 0.01, ""class_weight"": ""balanced""}"
2024-04-20,RUB_KGS,KGS,CBR,KGS_RC_F02_09_2016_T02_09_2026.dbf,10,10.497,1.0497,0.952653139,1.0,False,-0.007037856859072544,-0.005730523324650627,0.0011444921316166035,0.014712705900549183,0.014545981732953184,0.0,-0.004551920341393956,0.0,0.010998959818160792,-5.525082923885094e-05,0.5316573556797027,0.01794026377036473,0.007598987697539972,0.6477591036414598,0.05755978431704434,0.021350079439961256,0.8502797952137167,0.005017410733726268,0.00424013440310381,0.003298188210086427,2,0.8660254037844387,-0.49999999999999983,-0.9749279121818236,-0.2225209339563146,True,True,1,7.8117557397,30.8386121675,0.6706752492354414,0.6298482194511248,H002_combined_factors,3,per_corridor,logistic,2024,0.60539914468995,26,"{""C"": 0.01, ""class_weight"": ""balanced""}"
2024-04-26,RUB_KGS,KGS,CBR,KGS_RC_F02_09_2016_T02_09_2026.dbf,10,10.3704,1.03704,0.9642829592,1.0,False,-0.0039284239240058305,-0.011288231256197157,-0.019013564901526725,-0.013854946225311693,0.005663304887509657,0.0,-0.007947592572043027,0.0,0.0,-0.012158460055400777,0.0,0.004630616317594427,-0.006492993267501412,0.17381818181818154,0.033021546185339146,0.006105118245130381,0.5933416860569172,0.004022615540988722,0.004458516581892761,0.003881789134872224,2,0.8660254037844387,-0.49999999999999983,-0.433883739117558,-0.9009688679024191,True,True,1,34.4249016431,28.5848114515,0.6650337772996088,0.6298482194511248,H002_combined_factors,3,per_corridor,logistic,2024,0.60539914468995,26,"{""C"": 0.01, ""class_weight"": ""balanced""}"
2024-05-04,RUB_KGS,KGS,CBR,KGS_RC_F02_09_2016_T02_09_2026.dbf,10,10.3394,1.03394,0.9671741107,1.0,False,-0.003930560104814851,-0.002094372219165974,-0.006905957949535635,-0.024364006944968652,-6.769760447189466e-05,0.0004547785615449662,-0.001714755782473154,0.10329670329670061,0.0004547785615449662,-0.008250986530998095,0.019856358259398955,0.0008324621520114928,-0.009812428054005728,0.03223388305847383,0.023510428731228883,0.001605179974871307,0.47912043574743,0.0034654181221356823,0.0037380654391766495,0.004081723819897509,1,0.49999999999999994,-0.8660254037844387,-0.9749279121818236,-0.2225209339563146,True,True,1,40.5245952376,-1.4509716674,0.7520001104941038,0.6298482194511248,H002_combined_factors,3,per_corridor,logistic,2024,0.60539914468995,26,"{""C"": 0.01, ""class_weight"": ""balanced""}"
2024-05-17,RUB_KGS,KGS,CBR,KGS_RC_F02_09_2016_T02_09_2026.dbf,10,10.3016,1.03016,0.9707229945,1.0,False,-0.002932664853512068,-0.006873680455803166,0.0012440712230774587,-0.005742633504164707,-0.017491654744873686,0.0,-0.004437778327560538,0.0,0.0012440712230774587,-0.0035036400324246486,0.12799999999999467,0.0012440712230774587,-0.01057796803318567,0.041450777202070826,0.019768558390005797,-0.0036930168277194975,0.40286463586846877,0.005355976955650424,0.004350317719690762,0.004282445128721418,4,0.49999999999999994,-0.8660254037844387,-0.433883739117558,-0.9009688679024191,True,True,1,0.0,25.2166515662,0.7018780842244213,0.6298482194511248,H002_combined_factors,3,per_corridor,logistic,2024,0.60539914468995,26,"{""C"": 0.01, ""class_weight"": ""balanced""}"
2024-05-24,RUB_KGS,KGS,CBR,KGS_RC_F02_09_2016_T02_09_2026.dbf,10,10.2561,1.02561,0.9750294946,1.0,False,0.0009564428135033776,-0.002198721628221656,-0.004416789624912654,-0.0031782132027059484,-0.022949414118319633,0.0009564428135033776,-0.001396240083190392,0.14285714285713824,0.0009564428135033776,-0.005129508447974662,0.0687719298245596,0.0009564428135033776,-0.008410925356481913,0.03864353312302756,0.015264455201496663,-0.007677139578550651,0.31107524712527646,0.0020445604002294953,0.003869180861232831,0.0036757620752128095,0,0.49999999999999994,-0.8660254037844387,-0.433883739117558,-0.9009688679024191,True,True,0,56.0641959419,-22.2802028671,0.7032287578678854,0.6298482194511248,H002_combined_factors,3,per_corridor,logistic,2024,0.60539914468995,26,"{""C"": 0.01, ""class_weight"": ""balanced""}"
2024-05-31,RUB_KGS,KGS,CBR,KGS_RC_F02_09_2016_T02_09_2026.dbf,10,10.238,1.0238,0.9767532721,1.0,False,0.005914834247086942,0.014899332850897729,-0.0017648033853022715,-0.006173798244932804,-0.011880977888448219,0.017582570494280025,0.008407665395404607,1.0,0.017582570494280025,0.0025911860502922934,0.6970055161544528,0.017582570494280025,-0.0035699408643383723,0.5398230088495576,0.017582570494280025,-0.00832466147463684,0.3297297297297296,0.009022759172856687,0.006174795240204433,0.005198614506644546,0,0.49999999999999994,-0.8660254037844387,-0.433883739117558,-0.9009688679024191,True,True,1,0.0,-34.8796993429,0.6505102536987999,0.6298482194511248,H002_combined_factors,3,per_corridor,logistic,2024,0.60539914468995,26,"{""C"": 0.01, ""class_weight"": ""balanced""}"
2024-06-07,RUB_KGS,KGS,CBR,KGS_RC_F02_09_2016_T02_09_2026.dbf,10,10.1671,1.01671,0.9835646349,1.0,False,0.00037389430598344653,-0.002345206554803192,-0.006925180699355438,-0.008677762502315556,-0.011828395925666757,0.0028604965427445617,-0.0021219544751450714,0.19863013698629542,0.010535627317092455,-0.0003519921971784079,0.47533632286995287,0.010535627317092455,-0.007102656977703625,0.3234665852914237,0.010535627317092455,-0.015302356281029827,0.19757688723205866,0.005612972532320398,0.007105930151114259,0.0055754372700494645,0,1.2246467991473532e-16,-1.0,-0.433883739117558,-0.9009688679024191,True,True,1,0.0,-1.2085254444,0.6922589854462197,0.6298482194511248,H002_combined_factors,3,per_corridor,logistic,2024,0.60539914468995,26,"{""C"": 0.01, ""class_weight"": ""balanced""}"
2024-06-14,RUB_KGS,KGS,CBR,KGS_RC_F02_09_2016_T02_09_2026.dbf,10,10.1251,1.01251,0.9876445665,2.0,False,-0.010592661357306854,-0.004140766386025674,-0.0037586217075161743,-0.005177936292715457,-0.02001567959426631,0.0,-0.005801154339377335,0.0,0.0,-0.006714056157134829,0.0,0.00636113347447087,-0.007899491657619495,0.25216706067769784,0.00636113347447087,-0.019354917858266485,0.11929170549860138,0.006034673623287708,0.0059273393904237135,0.00570929862726519,1,1.2246467991473532e-16,-1.0,-0.433883739117558,-0.9009688679024191,True,True,1,0.0,50.0196540881,0.6715362812038613,0.6298482194511248,H002_combined_factors,3,per_corridor,logistic,2024,0.60539914468995,26,"{""C"": 0.01, ""class_weight"": ""balanced""}"
2024-06-21,RUB_KGS,KGS,CBR,KGS_RC_F02_09_2016_T02_09_2026.dbf,100,98.2976,0.982976,1.0173188359,1.0,False,0.038553132323140504,-0.030155691931251005,-0.029169094626225966,-0.032818080741491396,-0.040652723422113346,0.038553132323140504,-0.007148904433274095,0.5426506454107419,0.038553132323140504,-0.021170225043737334,0.4747345961698577,0.038553132323140504,-0.027812318096697153,0.4454128216395673,0.038553132323140504,-0.0449255296586446,0.3221392376008609,0.03149813251762243,0.021527735034948828,0.015651364506706445,0,1.2246467991473532e-16,-1.0,-0.433883739117558,-0.9009688679024191,True,True,1,0.0,139.3324418724,0.6799978549325868,0.6298482194511248,H002_combined_factors,3,per_corridor,logistic,2024,0.60539914468995,26,"{""C"": 0.01, ""class_weight"": ""balanced""}"
2024-06-29,RUB_KGS,KGS,CBR,KGS_RC_F02_09_2016_T02_09_2026.dbf,100,99.1932,0.991932,1.0081336221,1.0,False,0.009280522908270195,-0.015911187832971185,-0.021608932375917322,-0.021502767008966917,-0.03112717327603043,0.009280522908270195,-0.00925550635008865,0.27953660853841894,0.04801550154994372,-0.0037214358804592562,0.6590770658700016,0.04801550154994372,-0.014955529442584603,0.5547336555832233,0.04801550154994372,-0.03335074352475198,0.4012041598248494,0.0167217284591743,0.02641255437724201,0.018578714070140424,0,1.2246467991473532e-16,-1.0,-0.9749279121818236,-0.2225209339563146,True,True,1,0.0,70.7322922236,0.6312742911079307,0.6298482194511248,H002_combined_factors,3,per_corridor,logistic,2024,0.60539914468995,26,"{""C"": 0.01, ""class_weight"": ""balanced""}"
2024-07-27,RUB_KGS,KGS,CBR,KGS_RC_F02_09_2016_T02_09_2026.dbf,10,10.1814,1.01814,0.9821831968,1.0,False,0.0037165925648432463,-0.01606169546561509,-0.020934503947456884,-0.010207652823145064,0.02642116596702193,0.0037165925648432463,-0.00813258411204032,0.16236003445305977,0.0037165925648432463,-0.012530793552266384,0.1476115896632759,0.007092198581560405,-0.00953652099386837,0.24775397373877434,0.07570529305240647,-0.002606809012177247,0.7669763658160657,0.006146857772216421,0.00560024345405714,0.0063634379431790535,0,-0.4999999999999998,-0.8660254037844388,-0.9749279121818236,-0.2225209339563146,True,True,1,0.0,47.7574924803,0.7284638153124608,0.6298482194511248,H002_combined_factors,3,per_corridor,logistic,2024,0.60539914468995,26,"{""C"": 0.01, ""class_weight"": ""balanced""}"
2024-08-02,RUB_KGS,KGS,CBR,KGS_RC_F02_09_2016_T02_09_2026.dbf,10,10.2087,1.02087,0.9795566527,1.0,False,-0.0037765677147374443,-0.008912188728702475,0.006407918215246777,-0.014832471242183343,-0.003436191294331259,0.0026813601272908105,-0.0032844057119760794,0.22921914357682033,0.006407918215246777,-0.006489297719403209,0.25450274079874613,0.006407918215246777,-0.008042582838020285,0.25450274079874613,0.07858964633391285,0.0005927870518369627,0.7961979791060115,0.006516304312021537,0.006623980343621397,0.0050421065705764925,3,-0.8660254037844384,-0.5000000000000004,-0.433883739117558,-0.9009688679024191,True,True,1,9.5016995308,23.2313656944,0.6360883672734142,0.6298482194511248,H002_combined_factors,3,per_corridor,logistic,2024,0.60539914468995,26,"{""C"": 0.01, ""class_weight"": ""balanced""}"
2024-08-10,RUB_KGS,KGS,CBR,KGS_RC_F02_09_2016_T02_09_2026.dbf,10,10.3035,1.03035,0.9705439899,1.0,False,0.013585299152025554,0.023340120176789103,0.010246102559074544,0.011992456833048504,0.0016623891740552565,0.02495871714780251,0.015451298547708214,1.0,0.02495871714780251,0.010514608744945697,1.0,0.02495871714780251,0.004881773881851625,0.7240981240981289,0.08860564234441926,0.011692170650430711,0.8976708340469279,0.010388038435822486,0.008190324683396146,0.006924244478474862,0,-0.8660254037844384,-0.5000000000000004,-0.9749279121818236,-0.2225209339563146,True,True,1,0.0,-42.3277476487,0.6582705169180066,0.6298482194511248,H002_combined_factors,3,per_corridor,logistic,2024,0.60539914468995,26,"{""C"": 0.01, ""class_weight"": ""balanced""}"
2024-08-17,RUB_KGS,KGS,CBR,KGS_RC_F02_09_2016_T02_09_2026.dbf,10,10.3741,1.03741,0.9639390405,1.0,False,0.0012353662185247138,-0.04081179788266842,0.006852040568738671,0.017168349838219354,-0.0024040541969977403,0.0012353662185247138,-0.013602531481883062,0.028181417877585806,0.031981775858981765,0.0040805502161258556,0.42141827238170027,0.031981775858981765,0.007815008371661936,0.42141827238170027,0.09606481236912101,0.016572101744030343,0.6731919682520873,0.023576366471787173,0.017177627844487578,0.012761577585458405,0,-0.8660254037844384,-0.5000000000000004,-0.9749279121818236,-0.2225209339563146,True,True,1,0.0,86.1707661034,0.67734344874303,0.6298482194511248,H002_combined_factors,3,per_corridor,logistic,2024,0.60539914468995,26,"{""C"": 0.01, ""class_weight"": ""balanced""}"
2024-09-14,RUB_KGS,KGS,CBR,KGS_RC_F02_09_2016_T02_09_2026.dbf,10,10.7551,1.07551,0.9297914478,1.0,False,-0.0041666280867769245,-0.006090010165419213,0.008183505502540322,0.0015365131395153053,0.036726077442862604,0.0019097125183984431,-0.0032326287907854523,0.19617224880381962,0.026906514661090508,0.0060578054580116,0.7703663203936577,0.02935377665479888,0.006038042944469524,0.7850012797542878,0.09432027114063635,0.03413059151479447,0.9169131247589,0.005558524061616042,0.008181878080894055,0.007085418977917262,2,-1.0,-1.8369701987210297e-16,-0.9749279121818236,-0.2225209339563146,True,True,1,0.0,27.0763980972,0.6389591606138042,0.6298482194511248,H002_combined_factors,3,per_corridor,logistic,2024,0.60539914468995,26,"{""C"": 0.01, ""class_weight"": ""balanced""}"
2024-09-28,RUB_KGS,KGS,CBR,KGS_RC_F02_09_2016_T02_09_2026.dbf,10,11.011,1.1011,0.9081827264,1.0,False,0.0032984655756824743,-0.0013513636075059843,0.0018379007897513233,0.023793363148645774,0.0253664351032723,0.0035179176843715965,0.0007598176437655368,0.6807760141093353,0.022889842632331847,0.006055888136014209,0.9315689981096377,0.0513400742841319,0.01788485911293991,0.9674343288952845,0.09533851938801896,0.044776449847535815,0.9814644137224773,0.003391445686088368,0.0045510605035503455,0.006539976830254052,0,-1.0,-1.8369701987210297e-16,-0.9749279121818236,-0.2225209339563146,True,True,1,0.0,0.0129740221,0.6310215041423415,0.6298482194511248,H002_combined_factors,3,per_corridor,logistic,2024,0.60539914468995,26,"{""C"": 0.01, ""class_weight"": ""balanced""}"
2024-10-26,RUB_KGS,KGS,CBR,KGS_RC_F02_09_2016_T02_09_2026.dbf,10,11.2664,1.12664,0.8875949727,1.0,False,-0.0007716117817135881,-0.0027351668097685966,-0.0009311069531520166,0.002696665213018923,0.023194986831350572,0.00244685867834038,-0.0008584543564783553,0.4310344827586219,0.00244685867834038,-0.0028084293595487253,0.20190895741556808,0.017649715472857208,-0.0005504495189886383,0.5711780181233578,0.120744881921095,0.03673805042929801,0.8921719955898569,0.0033532580384738686,0.00469599734292291,0.006595905006543225,2,-0.8660254037844386,0.5000000000000001,-0.9749279121818236,-0.2225209339563146,True,True,1,0.0,17.935233177,0.6437708900199814,0.6298482194511248,H002_combined_factors,3,per_corridor,logistic,2024,0.60539914468995,26,"{""C"": 0.01, ""class_weight"": ""balanced""}"
2024-11-02,RUB_KGS,KGS,CBR,KGS_RC_F02_09_2016_T02_09_2026.dbf,10,11.3567,1.13567,0.8805374801,1.0,False,0.00430668553236635,0.0011724879665708787,0.008014982603138376,0.0070764128439553264,0.013927700947262256,0.00430668553236635,0.0023247275461677486,1.0,0.01048145281121804,0.0047313951245751,1.0,0.010733261540926131,0.003677833617688142,0.6813559322033856,0.09606902608745993,0.035647351408827355,0.9463776383342832,0.0034926524949146077,0.003362099502303868,0.006172418453301152,0,-0.5000000000000004,0.8660254037844384,-0.9749279121818236,-0.2225209339563146,True,True,1,0.0,-8.6619219143,0.6347717440590577,0.6298482194511248,H002_combined_factors,3,per_corridor,logistic,2024,0.60539914468995,26,"{""C"": 0.01, ""class_weight"": ""balanced""}"
2024-11-09,RUB_KGS,KGS,CBR,KGS_RC_F02_09_2016_T02_09_2026.dbf,10,11.3496,1.13496,0.8810883203,1.0,False,-0.00243467254972618,-0.002592472163879367,-0.0006251816108552299,0.007384790172548339,0.010101369692330886,0.0,-0.0021505073825880405,0.0,0.0036788114609125344,-0.0002299111802900322,0.479262672811052,0.009849718388810214,0.002157142011996349,0.7100705580500268,0.08625244056506265,0.028303658957187672,0.9341764279050474,0.0017390001032081487,0.0027556796237713206,0.0037548170257328223,2,-0.5000000000000004,0.8660254037844384,-0.9749279121818236,-0.2225209339563146,True,True,1,0.0,14.6423557477,0.6527841597686828,0.6298482194511248,H002_combined_factors,3,per_corridor,logistic,2024,0.60539914468995,26,"{""C"": 0.01, ""class_weight"": ""balanced""}"
2024-12-27,RUB_KGS,KGS,CBR,KGS_RC_F02_09_2016_T02_09_2026.dbf,10,11.4057,1.14057,0.8767546052,1.0,False,-0.003842895447042194,-0.02346786760047259,-0.04052189713478127,-0.04760433540974296,-0.09652096766527785,0.0,-0.01298060697318193,0.0,0.0,-0.025501167532597346,0.0,0.0,-0.03446016472004454,0.0,0.018302427526851073,-0.015510618396319953,0.14401123990165196,0.005835930921656603,0.006326225941454094,0.013576861849068372,5,-2.4492935982947064e-16,1.0,-0.433883739117558,-0.9009688679024191,True,True,1,0.0,136.4760589341,0.6311455643424644,0.6298482194511248,H002_combined_factors,3,per_corridor,logistic,2024,0.60539914468995,26,"{""C"": 0.01, ""class_weight"": ""balanced""}"
2024-01-12,RUB_AMD,AMD,CBR,AMD_RC_F02_09_2016_T02_09_2026.dbf,100,21.9209,0.219209,4.5618564931,1.0,False,-0.005692539371507377,-0.010642379054642603,-0.03147146669494383,-0.016673694409804263,-0.047633736363517865,0.0,-0.009909531487830026,0.0,0.0,-0.021092535556505143,0.0,0.0,-0.020966621781258632,0.0,0.004265203089637959,-0.03731326569136184,0.02683229097616472,0.007912708524289979,0.008433654292710391,0.006866194006210549,2,0.49999999999999994,0.8660254037844387,-0.433883739117558,-0.9009688679024191,True,True,0,81.4747569671,12.5618900893,0.6029571734275522,0.5761272682346417,H002_combined_factors,3,per_corridor,logistic,2024,0.6105982905982905,26,"{""C"": 0.01, ""class_weight"": ""balanced""}"
2024-01-19,RUB_AMD,AMD,CBR,AMD_RC_F02_09_2016_T02_09_2026.dbf,100,21.8781,0.218781,4.5707808265,1.0,False,0.004070786712805363,0.01182101977107175,-0.001952474579054564,-0.033362494035311,-0.016449379607984205,0.012481257288832204,0.006901649197768478,1.0,0.012481257288832204,-0.0025585591828657384,0.39620978404583546,0.012481257288832204,-0.013685179558247551,0.24937586685159566,0.012481257288832204,-0.029443724917447844,0.10241123979494988,0.006767714808137649,0.007622891492136899,0.0069691914545135505,0,0.49999999999999994,0.8660254037844387,-0.433883739117558,-0.9009688679024191,True,True,1,12.249692615,-45.5486732571,0.6198365621995774,0.5761272682346417,H002_combined_factors,3,per_corridor,logistic,2024,0.6105982905982905,26,"{""C"": 0.01, ""class_weight"": ""balanced""}"
2024-01-26,RUB_AMD,AMD,CBR,AMD_RC_F02_09_2016_T02_09_2026.dbf,100,21.9332,0.219332,4.5592982328,1.0,False,0.005593456572769995,0.010118129274414578,0.002518500235395127,0.0005611083486536383,-0.01612194181028692,0.01064408216678503,0.0060048765541951266,1.0,0.015031191573647185,0.007718280687390555,1.0,0.015031191573647185,-0.006613458265283145,0.3003236245954696,0.015031191573647185,-0.01965922968883238,0.19830270468282557,0.004917766794773221,0.005596677523180784,0.007021788099844015,0,0.49999999999999994,0.8660254037844387,-0.433883739117558,-0.9009688679024191,True,True,1,0.0,10.6768859408,0.5970245322561154,0.5761272682346417,H002_combined_factors,3,per_corridor,logistic,2024,0.6105982905982905,26,"{""C"": 0.01, ""class_weight"": ""balanced""}"
2024-02-02,RUB_AMD,AMD,CBR,AMD_RC_F02_09_2016_T02_09_2026.dbf,100,22.3408,0.223408,4.476115448,1.0,False,0.005821308781487122,0.006755021202384803,0.018583699596957937,0.02114900288416277,-0.012919074633723993,0.010740429074260094,0.006112114885422404,1.0,0.029425588189215812,0.015321073565876198,1.0,0.033894226319394205,0.01692616169639427,1.0,0.033894226319394205,0.001948287596101661,0.46557752209014047,0.005711805921320203,0.005298529455592447,0.006978114528759931,0,0.8660254037844386,0.5000000000000001,-0.433883739117558,-0.9009688679024191,True,True,1,0.0,-13.7926441792,0.5818815547864009,0.5761272682346417,H002_combined_factors,3,per_corridor,logistic,2024,0.6105982905982905,26,"{""C"": 0.01, ""class_weight"": ""balanced""}"
2024-02-09,RUB_AMD,AMD,CBR,AMD_RC_F02_09_2016_T02_09_2026.dbf,100,22.5619,0.225619,4.4322508299,1.0,False,0.0006297759860205421,-0.0009476028746906451,0.009896691255460777,0.0286643079897142,0.02924150012088922,0.005732549379716678,0.0021507114848524633,0.8573333333333203,0.020743415040219926,0.00906200915235189,0.9554073765367743,0.04412635826808087,0.022647513886279613,0.9780490306698103,0.04412635826808087,0.013954026270402986,0.676769110653701,0.0052715280978443005,0.005260426030103045,0.005474263751865224,0,0.8660254037844386,0.5000000000000001,-0.433883739117558,-0.9009688679024191,True,True,1,42.0620603761,-25.7796748752,0.5809848680342136,0.5761272682346417,H002_combined_factors,3,per_corridor,logistic,2024,0.6105982905982905,26,"{""C"": 0.01, ""class_weight"": ""balanced""}"
2024-02-17,RUB_AMD,AMD,CBR,AMD_RC_F02_09_2016_T02_09_2026.dbf,100,22.8844,0.228844,4.3697890266,1.0,False,0.007475368265344784,0.014253550091300804,0.018578359371522524,0.019749389515712146,0.04727865161340494,0.01645198543128723,0.009622214476998847,1.0,0.020108499418275416,0.012921561918639357,1.0,0.05447373998949412,0.024939122349633136,1.0,0.059051109753614384,0.028198431699804516,0.905671090921996,0.002267811108441286,0.0044509984053819765,0.004728591669375473,0,0.8660254037844386,0.5000000000000001,-0.9749279121818236,-0.2225209339563146,True,True,1,13.7648354337,-47.1402264939,0.6257497018603007,0.5761272682346417,H002_combined_factors,3,per_corridor,logistic,2024,0.6105982905982905,26,"{""C"": 0.01, ""class_weight"": ""balanced""}"
2024-03-01,RUB_AMD,AMD,CBR,AMD_RC_F02_09_2016_T02_09_2026.dbf,100,22.4768,0.224768,4.4490318907,1.0,False,-0.010786950034988307,-0.0186903239044921,-0.016831717815026126,-0.00789646755562623,0.011944263106949071,0.0,-0.012454163528887618,0.0,0.0,-0.013945791761151405,0.0,0.006087517009238708,-0.007766392836536795,0.22772940388479554,0.04018807500786736,0.005071459441403858,0.6163673788061611,0.005373796387230201,0.005093455560982787,0.004816015925204162,4,1.0,6.123233995736766e-17,-0.433883739117558,-0.9009688679024191,True,True,1,0.0,85.1290421171,0.604321112537702,0.5761272682346417,H002_combined_factors,3,per_corridor,logistic,2024,0.6105982905982905,26,"{""C"": 0.01, ""class_weight"": ""balanced""}"
2024-03-08,RUB_AMD,AMD,CBR,AMD_RC_F02_09_2016_T02_09_2026.dbf,100,22.4788,0.224788,4.4486360482,1.0,False,0.005088307623518862,-0.005556440339049118,8.898063781326293e-05,-0.016744234874199626,-0.0030557440448472084,0.005088307623518862,-0.0020014313697285235,0.4675431388660604,0.005088307623518862,-0.007210913136475594,0.19860383944153534,0.005088307623518862,-0.008275911663902402,0.19860383944153534,0.04028063160622719,0.0043884766184973945,0.617786925970615,0.005925330483696964,0.005627420181190365,0.0047225079477048746,0,1.0,6.123233995736766e-17,-0.433883739117558,-0.9009688679024191,True,True,1,0.0,6.0845717363,0.6322189143380335,0.5761272682346417,H002_combined_factors,3,per_corridor,logistic,2024,0.6105982905982905,26,"{""C"": 0.01, ""class_weight"": ""balanced""}"
2024-03-16,RUB_AMD,AMD,CBR,AMD_RC_F02_09_2016_T02_09_2026.dbf,100,22.8175,0.228175,4.3826010737,1.0,False,0.002605654225729559,0.012756268281099548,0.015067530295211462,0.015157851651480536,0.007141690612075369,0.016129822358196044,0.007105239463077284,1.0,0.020232506147999096,0.010061885242273139,1.0,0.020232506147999096,0.005510864959681561,0.7897033158813248,0.055955091538475665,0.019753900434835714,0.9093712394705166,0.0034909380771673535,0.004844409032998659,0.004979339079729873,0,1.0,6.123233995736766e-17,-0.9749279121818236,-0.2225209339563146,True,True,1,0.0,-23.6341192337,0.631013668765369,0.5761272682346417,H002_combined_factors,3,per_corridor,logistic,2024,0.6105982905982905,26,"{""C"": 0.01, ""class_weight"": ""balanced""}"
2024-03-23,RUB_AMD,AMD,CBR,AMD_RC_F02_09_2016_T02_09_2026.dbf,100,23.2833,0.232833,4.2949238295,1.0,False,0.00901834003605595,0.013061771475562534,0.020414155801468326,0.03578927700766954,0.01844577807327563,0.017466657344124226,0.00872020733020773,1.0,0.036873254866334415,0.018104207086627744,1.0,0.04105969148222677,0.02318674862133263,1.0,0.0775115232964958,0.037173248197398534,1.0,0.005603430007388548,0.004436719361129083,0.005608236354216456,0,1.0,6.123233995736766e-17,-0.9749279121818236,-0.2225209339563146,True,True,1,0.0,-28.5875146522,0.618598611659612,0.5761272682346417,H002_combined_factors,3,per_corridor,logistic,2024,0.6105982905982905,26,"{""C"": 0.01, ""class_weight"": ""balanced""}"
2024-03-30,RUB_AMD,AMD,CBR,AMD_RC_F02_09_2016_T02_09_2026.dbf,100,23.4861,0.234861,4.2578376146,1.0,False,0.004125765297397166,0.0038382137346502088,0.008710105526278378,0.02930207077900726,0.0449040788724373,0.004125765297397166,0.0023464520688725177,1.0,0.026328899299061126,0.00986946914355813,1.0,0.05012743125419172,0.024547639888262474,1.0,0.08689676237018928,0.042904507325633334,1.0,0.003748287707111656,0.004657825891425818,0.004679610898250168,0,1.0,6.123233995736766e-17,-0.9749279121818236,-0.2225209339563146,True,True,1,0.0,-9.4247780337,0.6300189114418507,0.5761272682346417,H002_combined_factors,3,per_corridor,logistic,2024,0.6105982905982905,26,"{""C"": 0.01, ""class_weight"": ""balanced""}"
2024-04-05,RUB_AMD,AMD,CBR,AMD_RC_F02_09_2016_T02_09_2026.dbf,100,23.754,0.23754,4.2098172939,1.0,False,0.0019994431930348,0.008855195260240922,0.015579573827684046,0.02941686312578007,0.06210596914822264,0.011406746969484072,0.005191415460498838,1.0,0.0202162064655782,0.010338165977200608,1.0,0.05783489866534852,0.02609603159929974,1.0,0.09929471872049755,0.05067700860038893,1.0,0.0014251964924893567,0.003450582907621005,0.003666028173296647,0,0.8660254037844387,-0.49999999999999983,-0.433883739117558,-0.9009688679024191,True,True,1,0.0,-14.3761145705,0.5820722982151784,0.5761272682346417,H002_combined_factors,3,per_corridor,logistic,2024,0.6105982905982905,26,"{""C"": 0.01, ""class_weight"": ""balanced""}"
2024-04-12,RUB_AMD,AMD,CBR,AMD_RC_F02_09_2016_T02_09_2026.dbf,100,23.941,0.23941,4.1769349651,1.0,False,0.002558637180222645,0.006038500165985283,0.007872358339648056,0.023574580155282687,0.05197247585485676,0.006364125500218698,0.0041295935751812785,1.0,0.019368903308765617,0.008597152201232472,1.0,0.04923852306343823,0.02035858523005274,1.0,0.10316004829003522,0.05098959663264235,1.0,0.0012843527908022547,0.0015112367333755922,0.003364190312694121,0,0.8660254037844387,-0.49999999999999983,-0.433883739117558,-0.9009688679024191,True,True,0,89.8458710998,-59.1953940197,0.5859885721832939,0.5761272682346417,H002_combined_factors,3,per_corridor,logistic,2024,0.6105982905982905,26,"{""C"": 0.01, ""class_weight"": ""balanced""}"
2024-04-19,RUB_AMD,AMD,CBR,AMD_RC_F02_09_2016_T02_09_2026.dbf,100,23.877,0.23877,4.1881308372,1.0,False,0.00014660606949123967,0.009687963836112257,-0.002673238377678522,0.0051780752715333556,0.034747261128830864,0.009687963836112257,0.0038586988053928017,1.0,0.009687963836112257,0.0026505550544471124,0.7816444899351764,0.02549896277589525,0.009068814207851217,0.9026911965941916,0.0947128080985915,0.040573066951509196,0.969950230068551,0.005950274423325638,0.004205213986230954,0.003938578384692421,0,0.8660254037844387,-0.49999999999999983,-0.433883739117558,-0.9009688679024191,True,True,1,32.0392009046,-32.2505712727,0.5880305907407685,0.5761272682346417,H002_combined_factors,3,per_corridor,logistic,2024,0.6105982905982905,26,"{""C"": 0.01, ""class_weight"": ""balanced""}"
2024-04-26,RUB_AMD,AMD,CBR,AMD_RC_F02_09_2016_T02_09_2026.dbf,100,23.7085,0.237085,4.217896535,1.0,False,-0.0003583927140869969,-0.004797924677199972,-0.0070570004606944625,-0.009711373793910072,0.013634264801450247,0.0,-0.0035707290995088403,0.0,0.0025625954101633486,-0.0033981606887791838,0.22394678492239184,0.009469430854845973,-0.0022991495019489827,0.48889865904594226,0.06739751930306359,0.026704671433718463,0.8655680832610569,0.004703419457480528,0.005077969047594569,0.004019675383556076,2,0.8660254037844387,-0.49999999999999983,-0.433883739117558,-0.9009688679024191,True,True,1,24.8855895565,13.0103258178,0.5999904983970922,0.5761272682346417,H002_combined_factors,3,per_corridor,logistic,2024,0.6105982905982905,26,"{""C"": 0.01, ""class_weight"": ""balanced""}"
2024-05-04,RUB_AMD,AMD,CBR,AMD_RC_F02_09_2016_T02_09_2026.dbf,100,23.6734,0.236734,4.2241503122,1.0,False,-0.0031371194926709256,-0.0015394413304147259,-0.0018383438040223687,-0.008381678430058437,-0.0014004538820412415,0.0010105921901095716,-0.0010313176221967701,0.2428861788617814,0.0010105921901095716,-0.0037496054708049398,0.08884758364311873,0.0010783198508113045,-0.0045681531104985185,0.08700102354145471,0.0585021238542367,0.0213485257180428,0.8302030456852787,0.0028770723074700803,0.0037278925902104595,0.003959348590304086,1,0.49999999999999994,-0.8660254037844387,-0.9749279121818236,-0.2225209339563146,True,True,0,56.7725801955,-6.5033836314,0.7078444475950421,0.5761272682346417,H002_combined_factors,3,per_corridor,logistic,2024,0.6105982905982905,26,"{""C"": 0.01, ""class_weight"": ""balanced""}"
2024-05-17,RUB_AMD,AMD,CBR,AMD_RC_F02_09_2016_T02_09_2026.dbf,100,23.4286,0.234286,4.2682874777,1.0,False,-0.005116968376710829,-0.008887967612432268,-0.0031104132892514347,-0.01186424236289485,-0.012530610008471776,0.0,-0.0059713169736616,0.0,0.0,-0.0070868484333243,0.0,0.0,-0.011108494169707828,0.0,0.04755644980997098,0.005620522752182611,0.6748730964466999,0.0045878374805678876,0.003949753013784004,0.004022009324896956,4,0.49999999999999994,-0.8660254037844387,-0.433883739117558,-0.9009688679024191,True,True,1,0.0,36.7364519525,0.6412974686203906,0.5761272682346417,H002_combined_factors,3,per_corridor,logistic,2024,0.6105982905982905,26,"{""C"": 0.01, ""class_weight"": ""balanced""}"
2024-05-24,RUB_AMD,AMD,CBR,AMD_RC_F02_09_2016_T02_09_2026.dbf,100,23.2852,0.232852,4.2945733771,1.0,False,0.002704285517431293,-0.003466545694207901,-0.006120724243019127,-0.009212099550245267,-0.021650805655343386,0.002704285517431293,-0.0017919149483430763,0.24910749702498644,0.002704285517431293,-0.00695022255468114,0.14179272973583004,0.002704285517431293,-0.012229624839252606,0.09021692285591008,0.04114464565168796,-0.002311352879464934,0.5838832487309645,0.0033226850512805585,0.003790030232852335,0.003773779321892061,0,0.49999999999999994,-0.8660254037844387,-0.433883739117558,-0.9009688679024191,True,True,0,65.4063525329,-26.8948173958,0.6653706271480244,0.5761272682346417,H002_combined_factors,3,per_corridor,logistic,2024,0.6105982905982905,26,"{""C"": 0.01, ""class_weight"": ""balanced""}"
2024-05-31,RUB_AMD,AMD,CBR,AMD_RC_F02_09_2016_T02_09_2026.dbf,100,23.1219,0.231219,4.3249040953,1.0,False,0.0037899507697116697,0.011669116874934327,-0.007013038324772847,-0.013090837694100355,-0.02479976718585908,0.014501083742113341,0.005859782835665239,0.9677891654465596,0.014501083742113341,-0.0015200521654267218,0.48382374469331,0.014501083742113341,-0.010889587217226326,0.3455305802404606,0.0338430583501006,-0.01011028742830633,0.4802664974619295,0.008852300668670664,0.006304072503610237,0.005120346171408632,0,0.49999999999999994,-0.8660254037844387,-0.433883739117558,-0.9009688679024191,True,True,1,0.0,-12.5579723638,0.6530762873570882,0.5761272682346417,H002_combined_factors,3,per_corridor,logistic,2024,0.6105982905982905,26,"{""C"": 0.01, ""class_weight"": ""balanced""}"
2024-06-06,RUB_AMD,AMD,CBR,AMD_RC_F02_09_2016_T02_09_2026.dbf,100,22.862,0.22862,4.37407051,1.0,False,-0.0022954797378090808,-0.01805655774318804,-0.00749307563404622,-0.015519498415323185,-0.028760779982157314,0.0,-0.008107986158112701,0.0,0.0030976596435496884,-0.007483165374177814,0.1429728635074898,0.0030976596435496884,-0.01677676785683191,0.08078727543196987,0.01811153714267899,-0.022619226852277796,0.2737430167597755,0.006835152563146921,0.007379302441784491,0.005643006657370327,3,1.2246467991473532e-16,-1.0,0.43388373911755823,-0.900968867902419,True,True,1,0.0,48.051480442,0.5783837811646592,0.5761272682346417,H002_combined_factors,3,per_corridor,logistic,2024,0.6105982905982905,26,"{""C"": 0.01, ""class_weight"": ""balanced""}"
2024-06-14,RUB_AMD,AMD,CBR,AMD_RC_F02_09_2016_T02_09_2026.dbf,100,22.7317,0.227317,4.3991430469,2.0,False,-0.010309772079151958,-0.007071845406576571,-0.00569941387455164,-0.01314978336936612,-0.03471045602592038,0.0,-0.006956463998420315,0.0,0.0,-0.010370523872318183,0.0,0.0,-0.015041483887405116,0.0,0.0,-0.02923473217800654,0.0,0.005285071730073416,0.005763071908953868,0.0058093558073263165,1,1.2246467991473532e-16,-1.0,-0.433883739117558,-0.9009688679024191,True,True,1,0.0,80.3561353998,0.6915501710700042,0.5761272682346417,H002_combined_factors,3,per_corridor,logistic,2024,0.6105982905982905,26,"{""C"": 0.01, ""class_weight"": ""balanced""}"
2024-06-21,RUB_AMD,AMD,CBR,AMD_RC_F02_09_2016_T02_09_2026.dbf,100,22.0058,0.220058,4.5442565142,1.0,False,0.034880385250257495,-0.03925780397293166,-0.031933379377697135,-0.03745079170676224,-0.052389072619539845,0.034880385250257495,-0.013110510562764466,0.4462695547533098,0.034880385250257495,-0.02605673760120797,0.4351678009856844,0.034880385250257495,-0.03544485283562537,0.3669783781109299,0.034880385250257495,-0.05791879902035091,0.2770742276513879,0.03217539047198095,0.02189184874371432,0.01593480178861091,0,1.2246467991473532e-16,-1.0,-0.433883739117558,-0.9009688679024191,True,True,1,0.0,156.1060150789,0.6060327965458072,0.5761272682346417,H002_combined_factors,3,per_corridor,logistic,2024,0.6105982905982905,26,"{""C"": 0.01, ""class_weight"": ""balanced""}"
2024-06-29,RUB_AMD,AMD,CBR,AMD_RC_F02_09_2016_T02_09_2026.dbf,100,22.0909,0.220909,4.5267508341,1.0,False,0.009122387077912686,-0.017417991771377705,-0.024236293927454522,-0.03643009495727578,-0.044589761222044944,0.009122387077912686,-0.01019160906088079,0.27732259408415433,0.038882435654459924,-0.008469631411694989,0.5038698275336702,0.038882435654459924,-0.02317337214539128,0.4096516870633699,0.038882435654459924,-0.05006826415540577,0.3088647315925135,0.016183832972693313,0.026092941121872142,0.01853632239742351,0,1.2246467991473532e-16,-1.0,-0.9749279121818236,-0.2225209339563146,True,True,1,0.0,71.7287251972,0.6124127546994779,0.5761272682346417,H002_combined_factors,3,per_corridor,logistic,2024,0.6105982905982905,26,"{""C"": 0.01, ""class_weight"": ""balanced""}"
2024-07-06,RUB_AMD,AMD,CBR,AMD_RC_F02_09_2016_T02_09_2026.dbf,100,22.7169,0.227169,4.4020090769,1.0,False,0.00016290086821757477,0.0021130177775816605,0.028337460221177224,0.0034143712786445235,-0.007865659256671154,0.009828501320246597,0.002966041081302606,1.0,0.0377183525800322,0.010356679671446933,1.0,0.06832172534929781,0.008455848732288773,0.8523820699366352,0.06832172534929781,-0.019487397880805335,0.542717322275767,0.007813511350709507,0.013178933069793697,0.01896448349846398,0,-0.4999999999999998,-0.8660254037844388,-0.9749279121818236,-0.2225209339563146,True,True,1,0.0,-6.342913776,0.6295654686211696,0.5761272682346417,H002_combined_factors,3,per_corridor,logistic,2024,0.6105982905982905,26,"{""C"": 0.01, ""class_weight"": ""balanced""}"
2024-07-13,RUB_AMD,AMD,CBR,AMD_RC_F02_09_2016_T02_09_2026.dbf,100,22.6141,0.226141,4.4220198902,1.0,False,-0.0016290671493531805,-0.002932021198733703,-0.004525265331097095,0.02368396036376974,-0.013608943518522487,0.0,-0.0022554380676649277,0.0,0.005258759412868352,-0.0019141589948037385,0.5031901318587867,0.0634872860831166,0.006478615539464494,0.8227192394417702,0.0634872860831166,-0.0198186697119066,0.508589511754069,0.0011947453080550156,0.006295208114614282,0.018708173780651476,1,-0.4999999999999998,-0.8660254037844388,-0.9749279121818236,-0.2225209339563146,True,True,1,0.0,10.5133426687,0.6347441235030357,0.5761272682346417,H002_combined_factors,3,per_corridor,logistic,2024,0.6105982905982905,26,"{""C"": 0.01, ""class_weight"": ""balanced""}"
2024-07-19,RUB_AMD,AMD,CBR,AMD_RC_F02_09_2016_T02_09_2026.dbf,100,22.6489,0.226489,4.4152254635,1.0,False,-0.001784974481475965,0.0003091613336336785,-9.27111385810031e-05,-0.002830952926051844,0.02922411364276689,0.001538862921805384,-0.0009245756259633753,0.24698367636620921,0.001538862921805384,-0.0012752548525389873,0.24698367636620921,0.034612081567022335,0.003181768755150305,0.8771706413521642,0.06512384723548137,-0.015133616404974681,0.5216998191681733,0.003186410639439692,0.002285493517141658,0.01123233602759036,2,-0.4999999999999998,-0.8660254037844388,-0.433883739117558,-0.9009688679024191,True,True,1,0.0,11.6677954356,0.6380231050743906,0.5761272682346417,H002_combined_factors,3,per_corridor,logistic,2024,0.6105982905982905,26,"{""C"": 0.01, ""class_weight"": ""balanced""}"
2024-07-26,RUB_AMD,AMD,CBR,AMD_RC_F02_09_2016_T02_09_2026.dbf,100,22.0191,0.220191,4.5415116876,1.0,False,-0.011905189280393413,-0.027356173581171817,-0.027807089969049237,-0.027897223080658673,0.005842530331822804,0.0,-0.017977718511118512,0.0,0.0,-0.023371298627740678,0.0,0.0,-0.024650075590494036,0.0,0.035505852587224496,-0.03773840928860739,0.30396972381029075,0.00540304913459648,0.005117848946332298,0.006512881725205087,4,-0.4999999999999998,-0.8660254037844388,-0.433883739117558,-0.9009688679024191,True,True,1,0.0,90.2356478064,0.6686024897928926,0.5761272682346417,H002_combined_factors,3,per_corridor,logistic,2024,0.6105982905982905,26,"{""C"": 0.01, ""class_weight"": ""balanced""}"
2024-08-02,RUB_AMD,AMD,CBR,AMD_RC_F02_09_2016_T02_09_2026.dbf,100,22.1188,0.221188,4.5210409245,1.0,False,-0.003087351773311764,-0.00937827500649413,0.004527887152517618,-0.02340511018195146,-0.0261698043428491,0.00402630945842275,-0.0026926954548817106,0.2975511573297536,0.004527887152517618,-0.008141572602415215,0.1545736434108521,0.004527887152517618,-0.016465317182687178,0.13548036417991538,0.04019450623351095,-0.02812397979337289,0.3559470264867565,0.007280934940400881,0.006957572094543651,0.00515013964915839,3,-0.8660254037844384,-0.5000000000000004,-0.433883739117558,-0.9009688679024191,True,True,1,9.9462900338,20.708604222,0.6571844432269393,0.5761272682346417,H002_combined_factors,3,per_corridor,logistic,2024,0.6105982905982905,26,"{""C"": 0.01, ""class_weight"": ""balanced""}"
2024-08-09,RUB_AMD,AMD,CBR,AMD_RC_F02_09_2016_T02_09_2026.dbf,100,22.2817,0.222817,4.4879879004,1.0,False,0.005101810669144724,0.017150552360083893,0.007364775665949397,0.01192600969158586,-0.01630391594190106,0.017150552360083893,0.009218151133834285,1.0,0.017150552360083893,0.0069300241545346974,0.889862624348645,0.017150552360083893,-0.002484197878068084,0.44252061248527486,0.047855305420873684,-0.015538474759229315,0.46036916395222516,0.007128866998272305,0.006799723082314988,0.0062098409248238,0,-0.8660254037844384,-0.5000000000000004,-0.433883739117558,-0.9009688679024191,True,True,1,0.0,20.3915014723,0.6315923097958991,0.5761272682346417,H002_combined_factors,3,per_corridor,logistic,2024,0.6105982905982905,26,"{""C"": 0.01, ""class_weight"": ""balanced""}"
2024-08-16,RUB_AMD,AMD,CBR,AMD_RC_F02_09_2016_T02_09_2026.dbf,100,22.8702,0.228702,4.3725022081,1.0,False,-0.013032858338871689,-0.012802804012638891,0.02641180879376348,0.033971101506410806,0.009770893950699522,0.009031347201694073,-0.011811493132430906,0.1738281249999993,0.044015338263489356,0.011469262350365161,0.4977543750967934,0.044015338263489356,0.018462420200916263,0.4977543750967934,0.07553105939118043,0.01125272275682665,0.6227607599844897,0.024748412489535545,0.017297706245400214,0.013175333536463165,2,-0.8660254037844384,-0.5000000000000004,-0.433883739117558,-0.9009688679024191,True,True,1,0.0,103.9481248416,0.583977821911661,0.5761272682346417,H002_combined_factors,3,per_corridor,logistic,2024,0.6105982905982905,26,"{""C"": 0.01, ""class_weight"": ""balanced""}"
2024-08-24,RUB_AMD,AMD,CBR,AMD_RC_F02_09_2016_T02_09_2026.dbf,100,23.6061,0.236061,4.2361931874,1.0,False,0.0033237135485955083,0.010154565061107013,0.03052355403830287,0.04149919481149755,0.0715384859805448,0.023304506144742776,0.007258924098757502,0.9953712275504542,0.03217724374950803,0.012532861283242491,0.756398396546407,0.07760887428101881,0.037498516672599846,0.877652160446027,0.11013868444937702,0.04235895526984934,0.9081039162466068,0.0064104656156748025,0.016588391583985642,0.012833948311682178,0,-0.8660254037844384,-0.5000000000000004,-0.9749279121818236,-0.2225209339563146,True,True,1,0.0,-16.5242065077,0.6165122825588706,0.5761272682346417,H002_combined_factors,3,per_corridor,logistic,2024,0.6105982905982905,26,"{""C"": 0.01, ""class_weight"": ""balanced""}"
2024-08-31,RUB_AMD,AMD,CBR,AMD_RC_F02_09_2016_T02_09_2026.dbf,100,23.5303,0.235303,4.2498395686,1.0,False,-0.0021034864439628542,-0.0024630750707974602,-0.0032110344360143372,0.027214507419162093,0.06487364686289432,0.0,-0.0022668141127624164,0.0,0.02001864013698329,0.0008689967235038232,0.7989619377162639,0.07414863507714786,0.018589122706390793,0.838521501213154,0.10657399090485842,0.036799677111297724,0.8787126793330752,0.0017166999656558156,0.005657305176966175,0.01250082298242015,1,-0.8660254037844384,-0.5000000000000004,-0.9749279121818236,-0.2225209339563146,True,True,0,132.8074865174,-9.8085270983,0.6154957859579766,0.5761272682346417,H002_combined_factors,3,per_corridor,logistic,2024,0.6105982905982905,26,"{""C"": 0.01, ""class_weight"": ""balanced""}"
2024-09-06,RUB_AMD,AMD,CBR,AMD_RC_F02_09_2016_T02_09_2026.dbf,100,23.1615,0.231615,4.3175096604,1.0,False,0.009580807002096625,-0.0024248636821748715,-0.017743925970848173,-0.015573000565286321,0.039485317547584,0.012542295821566185,0.0007051144125902464,0.43754765899038883,0.012542295821566185,-0.009008623548212524,0.3716802694649542,0.021883479296728403,-0.00577138944752198,0.4211956521739121,0.08923020489933742,0.020071633810953227,0.7357115160915078,0.010456849367532968,0.007426305539288189,0.013331481286335864,0,-1.0,-1.8369701987210297e-16,-0.433883739117558,-0.9009688679024191,True,True,1,0.0,-19.8443353724,0.5857646726545198,0.5761272682346417,H002_combined_factors,3,per_corridor,logistic,2024,0.6105982905982905,26,"{""C"": 0.01, ""class_weight"": ""balanced""}"
2024-09-14,RUB_AMD,AMD,CBR,AMD_RC_F02_09_2016_T02_09_2026.dbf,100,23.4833,0.234833,4.2583452922,1.0,False,-0.0018192560602905417,-0.001984700382490545,0.012010549632400336,-0.00199742459722152,0.02516272389542018,0.005868167546891678,-0.0003022511323775845,0.6227272727272626,0.026610301382319124,0.008506683638805912,0.8800057828538348,0.026610301382319124,0.003665128114936911,0.7885736494364527,0.07272785411489546,0.029313336720063754,0.815666786208309,0.004445156886882663,0.008207404300972972,0.0070171047253479125,2,-1.0,-1.8369701987210297e-16,-0.9749279121818236,-0.2225209339563146,True,True,1,0.0,13.8872267281,0.6401291281112654,0.5761272682346417,H002_combined_factors,3,per_corridor,logistic,2024,0.6105982905982905,26,"{""C"": 0.01, ""class_weight"": ""balanced""}"
2024-09-21,RUB_AMD,AMD,CBR,AMD_RC_F02_09_2016_T02_09_2026.dbf,100,23.907,0.23907,4.1828753085,1.0,False,3.346412227789308e-05,0.013528122469571358,0.018042609002993704,0.030269860286322503,0.012746705300748618,0.01561637085057388,0.007691620315184444,1.0,0.02401665360249794,0.012688362068600467,1.0,0.04513302964860588,0.01863340275623715,1.0,0.09134483703095042,0.04253019072716335,1.0,0.0035736675675985935,0.00385368791550363,0.006187169718581242,0,-1.0,-1.8369701987210297e-16,-0.9749279121818236,-0.2225209339563146,True,True,1,0.0,-29.534413465,0.634474276070825,0.5761272682346417,H002_combined_factors,3,per_corridor,logistic,2024,0.6105982905982905,26,"{""C"": 0.01, ""class_weight"": ""balanced""}"
2024-09-28,RUB_AMD,AMD,CBR,AMD_RC_F02_09_2016_T02_09_2026.dbf,100,23.937,0.23937,4.1776329532,1.0,False,0.0036435905929115275,-0.0015058544785614414,0.0012548625925461465,0.019320112590649474,0.017284097525318343,0.003980354079548443,0.0010346157159548675,0.7244274809160316,0.016890829842731714,0.004979765634872679,0.9167627392206595,0.046444527991746254,0.016355222030753236,0.9671370050068274,0.09271432484250886,0.039071120106976,0.9825359198877655,0.0034640735732547052,0.003754141804481313,0.006303556850440505,0,-1.0,-1.8369701987210297e-16,-0.9749279121818236,-0.2225209339563146,True,True,1,0.0,-0.7341236801,0.6438310549321219,0.5761272682346417,H002_combined_factors,3,per_corridor,logistic,2024,0.6105982905982905,26,"{""C"": 0.01, ""class_weight"": ""balanced""}"
2024-10-05,RUB_AMD,AMD,CBR,AMD_RC_F02_09_2016_T02_09_2026.dbf,100,24.5148,0.245148,4.0791685023,1.0,False,-0.001490750018328879,0.016507233576733116,0.024138363203408897,0.02542351612498428,0.05646294269239727,0.018462509970752494,0.00749700604708603,0.923908523908523,0.028214796515407592,0.016270408484756027,0.9483998308191168,0.050050757507613675,0.0272328931748691,0.9696290764251925,0.11909066009312519,0.05777342522687601,0.9861646631889316,0.005071769277037173,0.004741491414598293,0.004212109412940961,1,-0.8660254037844386,0.5000000000000001,-0.9749279121818236,-0.2225209339563146,True,True,1,0.0,-9.040610422,0.6122141777153417,0.5761272682346417,H002_combined_factors,3,per_corridor,logistic,2024,0.6105982905982905,26,"{""C"": 0.01, ""class_weight"": ""balanced""}"
2024-10-12,RUB_AMD,AMD,CBR,AMD_RC_F02_09_2016_T02_09_2026.dbf,100,24.813,0.24813,4.0301454883,1.0,False,-0.012091556613727072,0.00023380308942555494,0.012164080473836103,0.036596064669758066,0.05662321735020215,0.00023380308942555494,-0.004388027458073651,0.018739903069467767,0.030851169901621844,0.007537548670442762,0.7097390805696271,0.05410503241374043,0.024362090717536367,0.8074557788626141,0.13270336894001633,0.062076372934779966,0.9054100351948178,0.009756413090388702,0.007433009176957859,0.005797475445680207,1,-0.8660254037844386,0.5000000000000001,-0.9749279121818236,-0.2225209339563146,True,True,1,0.0,31.1935925434,0.5948076775766005,0.5761272682346417,H002_combined_factors,3,per_corridor,logistic,2024,0.6105982905982905,26,"{""C"": 0.01, ""class_weight"": ""balanced""}"
2024-10-19,RUB_AMD,AMD,CBR,AMD_RC_F02_09_2016_T02_09_2026.dbf,100,24.8979,0.248979,4.0164029898,1.0,False,-0.006971726220151742,-0.006262273097370485,0.0034215935195260894,0.01562729453228262,0.04144811143179816,0.002968877144077231,-0.0037843383289692945,0.25537075537075826,0.003656196588087468,-0.002384861896782553,0.29305331179322225,0.04428301198300488,0.014589726840443795,0.8283383022124611,0.1365790194467269,0.05555559481052441,0.9318528669760497,0.005928256033327612,0.007667293873428597,0.006223437153435929,2,-0.8660254037844386,0.5000000000000001,-0.9749279121818236,-0.2225209339563146,True,True,1,31.3681073504,26.8091452089,0.6034645637187249,0.5761272682346417,H002_combined_factors,3,per_corridor,logistic,2024,0.6105982905982905,26,"{""C"": 0.01, ""class_weight"": ""balanced""}"
2024-10-26,RUB_AMD,AMD,CBR,AMD_RC_F02_09_2016_T02_09_2026.dbf,100,24.9621,0.249621,4.006073207,1.0,False,-0.0010524883545964814,0.0006614392918991019,0.0025785307194583496,0.0060089469229840375,0.04282491540293276,0.005733325812456114,0.001337411086632434,0.8440094899169712,0.005733325812456114,5.9293398962045885e-05,0.48566552901023885,0.03704549986705663,0.006780069125608801,0.8522412310044951,0.13950972336346212,0.04814254827114062,0.9518485065562038,0.003228101958030963,0.004501095309346154,0.006177642880072951,1,-0.8660254037844386,0.5000000000000001,-0.9749279121818236,-0.2225209339563146,True,True,1,0.0,7.3828888541,0.6166665619839877,0.5761272682346417,H002_combined_factors,3,per_corridor,logistic,2024,0.6105982905982905,26,"{""C"": 0.01, ""class_weight"": ""balanced""}"
2024-11-02,RUB_AMD,AMD,CBR,AMD_RC_F02_09_2016_T02_09_2026.dbf,100,25.1673,0.251673,3.9734099407,1.0,False,0.005473366280068559,0.0008868562338435471,0.008220462220726477,0.010820189654549006,0.026616574477458466,0.005473366280068559,0.002415295383774385,1.0,0.014000918621423164,0.005979364218387406,1.0,0.014515946983133965,0.007192977787151333,1.0,0.10044074822257776,0.04608969044283251,1.0,0.004078174038913351,0.0035178648560317645,0.005811489147663618,0,-0.5000000000000004,0.8660254037844384,-0.9749279121818236,-0.2225209339563146,True,True,1,0.0,-9.465667071,0.6142275148954401,0.5761272682346417,H002_combined_factors,3,per_corridor,logistic,2024,0.6105982905982905,26,"{""C"": 0.01, ""class_weight"": ""balanced""}"
2024-11-09,RUB_AMD,AMD,CBR,AMD_RC_F02_09_2016_T02_09_2026.dbf,100,25.2558,0.252558,3.9594865338,1.0,False,-0.002799417215823663,-0.0026064497784517027,0.0035164677974992564,0.011765837008905544,0.0178454842219804,0.002389306069313646,-0.0014083827637990654,0.37252475247524075,0.009009080993835461,0.002252466760638505,0.6898133985928394,0.01756662019838995,0.0070163952466983925,0.8113137327874932,0.10409799515619955,0.04218891666886182,0.9591557238379113,0.0029622498385905335,0.0033966086870612713,0.0038918260059061763,2,-0.5000000000000004,0.8660254037844384,-0.9749279121818236,-0.2225209339563146,True,True,1,0.0,15.2659339244,0.5983395948503908,0.5761272682346417,H002_combined_factors,3,per_corridor,logistic,2024,0.6105982905982905,26,"{""C"": 0.01, ""class_weight"": ""balanced""}"
2024-11-16,RUB_AMD,AMD,CBR,AMD_RC_F02_09_2016_T02_09_2026.dbf,100,25.7559,0.257559,3.8826055389,1.0,False,0.008303384774387412,0.018893675603185445,0.01980139215546517,0.023387490910824704,0.03446073765257296,0.018893675603185445,0.012093614700327882,1.0,0.022238009811236692,0.015219682630279063,1.0,0.03771585588924964,0.022313276569243534,1.0,0.12596067253635024,0.055522159214281164,1.0,0.003612494696121634,0.0035490354790239176,0.0034973671869370725,0,-0.5000000000000004,0.8660254037844384,-0.9749279121818236,-0.2225209339563146,True,True,1,21.8590691841,-62.9031564882,0.5919372253613725,0.5761272682346417,H002_combined_factors,3,per_corridor,logistic,2024,0.6105982905982905,26,"{""C"": 0.01, ""class_weight"": ""balanced""}"
2024-12-28,RUB_AMD,AMD,CBR,AMD_RC_F02_09_2016_T02_09_2026.dbf,100,25.3552,0.253552,3.9439641573,1.0,False,0.01232103359338188,0.004707486012268003,-0.02128037365140023,-0.034113376024258346,-0.07127551637113527,0.01232103359338188,0.002368028843303005,0.4815855181023709,0.01232103359338188,-0.012840947758654742,0.27027500437904906,0.023451816809422654,-0.01707382219391418,0.2686705202312139,0.023451816809422654,-0.008882590876306273,0.1867926954732514,0.010841324454417978,0.008269643788812554,0.0149118059882087,0,-2.4492935982947064e-16,1.0,-0.9749279121818236,-0.2225209339563146,True,True,1,0.0,13.475807409,0.6308952216712075,0.5761272682346417,H002_combined_factors,3,per_corridor,logistic,2024,0.6105982905982905,26,"{""C"": 0.01, ""class_weight"": ""balanced""}"
2024-01-12,RUB_KZT,KZT,CBR,KZT_RC_F02_09_2016_T02_09_2026.dbf,100,19.5839,0.195839,5.1062352238,1.0,False,-0.007178525259182278,-0.009453335221639936,-0.025729935177676744,-0.007867593418173002,-0.026848272229455072,0.0,-0.009359135451000866,0.0,0.0,-0.016938619590850856,0.0,0.0,-0.013652749499810435,0.0,0.0309214855368094,-0.00927285345360418,0.3005218459019756,0.008673836380304117,0.009500663393548147,0.007439909645725635,2,0.49999999999999994,0.8660254037844387,-0.433883739117558,-0.9009688679024191,True,True,0,68.3214272949,20.5503983414,0.61073604310522,0.5871812656936358,H002_combined_factors,3,per_corridor,logistic,2024,0.6424410343847684,26,"{""C"": 0.01, ""class_weight"": ""balanced""}"
2024-01-19,RUB_KZT,KZT,CBR,KZT_RC_F02_09_2016_T02_09_2026.dbf,100,19.5741,0.195741,5.1087917197,1.0,False,-0.00029111635461032126,0.007603055635629907,-0.0005004110519355454,-0.026217470685683808,-0.005926625632274973,0.00805450697044452,0.004334615041237333,0.9648365206662547,0.00805450697044452,-0.0028105986621000945,0.29996164173379414,0.00805450697044452,-0.00947105599541731,0.2232053660625099,0.030405601031769036,-0.005476608191591348,0.4090941284793545,0.005433673738532697,0.007330234192318501,0.007145160346441127,1,0.49999999999999994,0.8660254037844387,-0.433883739117558,-0.9009688679024191,True,True,1,0.0,-14.3543852135,0.6250023909830779,0.5871812656936358,H002_combined_factors,3,per_corridor,logistic,2024,0.6424410343847684,26,"{""C"": 0.01, ""class_weight"": ""balanced""}"
2024-01-27,RUB_KZT,KZT,CBR,KZT_RC_F02_09_2016_T02_09_2026.dbf,100,20.0695,0.200695,4.982685169,1.0,False,0.00834024166603875,0.02404290168024792,0.023531091742698296,0.03184559462419223,-0.0016713840154004567,0.026693677517048098,0.014512900355871938,1.0,0.03356731229754306,0.021254530753147094,1.0,0.03356731229754306,0.015975306173330095,0.9302126444983604,0.05648408917432168,0.020670317901547275,0.932962351099905,0.0051579956445117325,0.004605618650528749,0.006548591522333627,0,0.49999999999999994,0.8660254037844387,-0.9749279121818236,-0.2225209339563146,True,True,0,72.1991080994,-75.9245459481,0.6249787590152658,0.5871812656936358,H002_combined_factors,3,per_corridor,logistic,2024,0.6424410343847684,26,"{""C"": 0.01, ""class_weight"": ""balanced""}"
2024-02-03,RUB_KZT,KZT,CBR,KZT_RC_F02_09_2016_T02_09_2026.dbf,100,20.1634,0.201634,4.9594810399,1.0,False,0.0005508056152399021,0.016156993972624933,0.0046787413737263694,0.02831992900892999,0.017053966396473275,0.016156993972624933,0.007257424773155607,1.0,0.031497311704190345,0.013222942815822591,1.0,0.038403106444120594,0.020729825318082762,1.0,0.06142710499302506,0.023997936098271166,1.0,0.006819468663595476,0.006028144071735318,0.006319052029298716,0,0.8660254037844386,0.5000000000000001,-0.9749279121818236,-0.2225209339563146,True,True,1,0.0,-30.5869945577,0.6211361301543579,0.5871812656936358,H002_combined_factors,3,per_corridor,logistic,2024,0.6424410343847684,26,"{""C"": 0.01, ""class_weight"": ""balanced""}"
2024-02-10,RUB_KZT,KZT,CBR,KZT_RC_F02_09_2016_T02_09_2026.dbf,100,20.1826,0.201826,4.9547630137,1.0,False,-2.9727694320080822e-05,0.008550083701871491,0.0009522203596614709,0.0056354169261814135,0.03766047475334311,0.008550083701871491,0.002620984568183493,0.8182687709230083,0.017124599350898162,0.0054109847673455835,0.8994176813128663,0.03939189502361251,0.01609558928846977,0.9526715655747925,0.06243781749269606,0.023734511225939947,0.9689567845764242,0.00636390816154987,0.006230828937203205,0.0054932109663624745,1,0.8660254037844386,0.5000000000000001,-0.9749279121818236,-0.2225209339563146,True,True,1,0.0,-8.0827915879,0.6397308849656422,0.5871812656936358,H002_combined_factors,3,per_corridor,logistic,2024,0.6424410343847684,26,"{""C"": 0.01, ""class_weight"": ""balanced""}"
2024-02-17,RUB_KZT,KZT,CBR,KZT_RC_F02_09_2016_T02_09_2026.dbf,100,20.6555,0.206555,4.8413255549,1.0,False,0.005897420913199225,0.01169630743460015,0.023431074291716536,0.024405606197367424,0.05341670024122669,0.014000775639043006,0.008705274734290391,1.0,0.03218149564000705,0.017334908099769786,1.0,0.05667162888728594,0.027539685303379358,1.0,0.08733187692469668,0.04341944345237936,1.0,0.0037456751015786565,0.005451227909853117,0.005597142020301126,0,0.8660254037844386,0.5000000000000001,-0.9749279121818236,-0.2225209339563146,True,True,1,28.8058870519,-46.246983628,0.6370612203677473,0.5871812656936358,H002_combined_factors,3,per_corridor,logistic,2024,0.6424410343847684,26,"{""C"": 0.01, ""class_weight"": ""balanced""}"
2024-03-01,RUB_KZT,KZT,CBR,KZT_RC_F02_09_2016_T02_09_2026.dbf,100,20.1286,0.201286,4.9680554038,1.0,False,-0.016481073395257506,-0.022427927577900464,-0.013719706398283016,-0.013753533928160255,0.006052730226165037,0.0,-0.015385127123452746,0.0,0.0,-0.017761071451750543,0.0,0.005851635309696901,-0.011090752367615031,0.18183229813664675,0.043127215439149325,0.008222114809073311,0.6123169744683983,0.009281637958291289,0.007350854684952464,0.006526980509292428,1,1.0,6.123233995736766e-17,-0.433883739117558,-0.9009688679024191,True,True,1,0.0,108.6085871757,0.5951346847032903,0.5871812656936358,H002_combined_factors,3,per_corridor,logistic,2024,0.6424410343847684,26,"{""C"": 0.01, ""class_weight"": ""balanced""}"
2024-03-08,RUB_KZT,KZT,CBR,KZT_RC_F02_09_2016_T02_09_2026.dbf,100,20.2783,0.202783,4.9313798494,1.0,False,0.0112755707603156,0.0011799905205782668,0.00743717893941942,-0.0063845633703438764,0.011320961733154444,0.0112755707603156,0.004254075790891543,1.0,0.0112755707603156,-0.0019421432283873719,0.42010405053883054,0.0112755707603156,-0.004623391642357033,0.374772086855626,0.04432038809951755,0.013057531221281948,0.6952657941509132,0.007495996245581131,0.008260252094425222,0.006763426642979549,0,1.0,6.123233995736766e-17,-0.433883739117558,-0.9009688679024191,True,True,1,0.0,-29.6831722345,0.6238037775679451,0.5871812656936358,H002_combined_factors,3,per_corridor,logistic,2024,0.6424410343847684,26,"{""C"": 0.01, ""class_weight"": ""balanced""}"
2024-03-16,RUB_KZT,KZT,CBR,KZT_RC_F02_09_2016_T02_09_2026.dbf,100,20.4537,0.204537,4.8890909713,1.0,False,0.004182929523528944,0.010308718202025169,0.00864964025584003,0.016151148117603764,0.002175478825829469,0.010308718202025169,0.005559319234123672,1.0,0.020022740646911563,0.009236420084168362,1.0,0.020022740646911563,0.0036389437641868305,0.6655063815680428,0.05335338376841747,0.020166040019518494,0.8369688156406534,0.0033632600597164287,0.00547854677745663,0.006491870871664296,0,1.0,6.123233995736766e-17,-0.9749279121818236,-0.2225209339563146,True,True,1,0.0,-22.4633369501,0.6580185104195901,0.5871812656936358,H002_combined_factors,3,per_corridor,logistic,2024,0.6424410343847684,26,"{""C"": 0.01, ""class_weight"": ""balanced""}"
2024-03-23,RUB_KZT,KZT,CBR,KZT_RC_F02_09_2016_T02_09_2026.dbf,100,20.5225,0.205225,4.8727006944,1.0,False,0.007199717311712872,-0.00018025742709326664,0.0033636945882651315,0.012042429592224124,0.005580980567015947,0.007199717311712872,0.0013173623478324181,0.8538998835855637,0.013707088169918391,0.0051150794933505495,0.9170522141440842,0.02345378561953293,0.0075898803559126815,0.8738387216648061,0.056896542844930176,0.020237211055001758,0.8925513006947813,0.005654748603815248,0.0044205931056985285,0.006514968407338864,0,1.0,6.123233995736766e-17,-0.9749279121818236,-0.2225209339563146,True,True,1,0.0,-5.6764361732,0.6682752752736161,0.5871812656936358,H002_combined_factors,3,per_corridor,logistic,2024,0.6424410343847684,26,"{""C"": 0.01, ""class_weight"": ""balanced""}"
2024-03-30,RUB_KZT,KZT,CBR,KZT_RC_F02_09_2016_T02_09_2026.dbf,100,20.6105,0.206105,4.8518958783,1.0,False,0.0043124451807816655,0.004694309307699207,0.004287976611036859,0.007666094643023147,0.02394105899068988,0.004694309307699207,0.0026669027733454698,1.0,0.01151856614218838,0.00413678729819722,1.0,0.027842331514746466,0.010514290757279054,1.0,0.061428490500934796,0.02226450646678635,0.9636451769268074,0.003042660136300235,0.00428190729652767,0.004805209247792797,0,1.0,6.123233995736766e-17,-0.9749279121818236,-0.2225209339563146,True,True,1,0.0,-12.2139523586,0.6709862701328156,0.5871812656936358,H002_combined_factors,3,per_corridor,logistic,2024,0.6424410343847684,26,"{""C"": 0.01, ""class_weight"": ""balanced""}"
2024-04-05,RUB_KZT,KZT,CBR,KZT_RC_F02_09_2016_T02_09_2026.dbf,100,20.6542,0.206542,4.8416302737,1.0,False,0.00048439755476126223,-0.00013554727211118056,0.006441867264399104,0.01366326720914035,0.03002164351043768,0.002120278498823458,-0.00014038756650258666,0.40054995417048633,0.0068245410496143855,0.002748379786179145,0.6815968841285356,0.020212398122993358,0.007737508730526255,0.862199747155502,0.06367901450738245,0.021865115836479987,0.9497657270143646,0.0030839274788637423,0.0033621253132915248,0.0042409699270416,0,0.8660254037844387,-0.49999999999999983,-0.433883739117558,-0.9009688679024191,True,True,1,0.0,13.1381173948,0.5985164023943317,0.5871812656936358,H002_combined_factors,3,per_corridor,logistic,2024,0.6424410343847684,26,"{""C"": 0.01, ""class_weight"": ""balanced""}"
2024-04-12,RUB_KZT,KZT,CBR,KZT_RC_F02_09_2016_T02_09_2026.dbf,100,20.9593,0.209593,4.7711517083,1.0,False,0.0030916931087787702,0.011461359534403304,0.014771813965198444,0.021308839294415627,0.029005572329823037,0.012614623493830468,0.006966364470580189,1.0,0.01692341282356069,0.010783335021243401,1.0,0.02863691241570887,0.016316645577553635,1.0,0.07221309923929664,0.03145882233094355,1.0,0.0013630814918649925,0.002409975013429507,0.0034454371246727252,0,0.8660254037844387,-0.49999999999999983,-0.433883739117558,-0.9009688679024191,True,True,0,57.6355126364,-56.6390291784,0.5904454078420542,0.5871812656936358,H002_combined_factors,3,per_corridor,logistic,2024,0.6424410343847684,26,"{""C"": 0.01, ""class_weight"": ""balanced""}"
2024-04-20,RUB_KZT,KZT,CBR,KZT_RC_F02_09_2016_T02_09_2026.dbf,100,20.8853,0.208853,4.7880566714,1.0,False,-0.0036162224310746227,-0.004157825724162567,0.0022458430309284516,0.009039433380680473,0.017678158119137644,0.0,-0.0029074486064296634,0.0,0.007890241195263048,-0.00042978269650817413,0.5548014930437768,0.018089908453656545,0.006291580903042826,0.73880151304002,0.05253794827342917,0.021226304768799942,0.8882167504473051,0.0033336302149089276,0.0035983705889852105,0.0030969791722029517,2,0.8660254037844387,-0.49999999999999983,-0.9749279121818236,-0.2225209339563146,True,True,1,0.0,20.103541773,0.655082513869651,0.5871812656936358,H002_combined_factors,3,per_corridor,logistic,2024,0.6424410343847684,26,"{""C"": 0.01, ""class_weight"": ""balanced""}"
2024-04-26,RUB_KZT,KZT,CBR,KZT_RC_F02_09_2016_T02_09_2026.dbf,100,20.7573,0.207573,4.8175822482,1.0,False,-0.0029923725719993577,-0.00614298847052519,-0.009722772182757522,-0.009637726450787976,0.011465744079524276,0.0,-0.004743903982692976,0.0,0.0,-0.006663304068520337,0.0,0.007122583149365536,-0.0028256947019904555,0.361576354679804,0.037475946520054926,0.011952850968691475,0.7431119920713591,0.0030757918294994874,0.003546251788512358,0.0033462706294461013,2,0.8660254037844387,-0.49999999999999983,-0.433883739117558,-0.9009688679024191,True,True,1,26.9784605898,14.4936500082,0.611806198700784,0.5871812656936358,H002_combined_factors,3,per_corridor,logistic,2024,0.6424410343847684,26,"{""C"": 0.01, ""class_weight"": ""balanced""}"
2024-05-04,RUB_KZT,KZT,CBR,KZT_RC_F02_09_2016_T02_09_2026.dbf,100,20.6807,0.206807,4.835426267,1.0,False,-0.006895790014550429,-0.0015835083399716732,-0.006671597917347172,-0.01597792210881921,0.0017680510748780964,0.0,-0.002638962702467662,0.0,0.0,-0.006509830559933927,0.0,0.0012830320225425407,-0.007193522781088979,0.07314380347777764,0.033440771556355164,0.006275792141664072,0.6658706467661692,0.0046844458691633695,0.003737592211688055,0.0037044655138398315,1,0.49999999999999994,-0.8660254037844387,-0.9749279121818236,-0.2225209339563146,True,True,1,2.8529014975,12.3427149005,0.6989533946435992,0.5871812656936358,H002_combined_factors,3,per_corridor,logistic,2024,0.6424410343847684,26,"{""C"": 0.01, ""class_weight"": ""balanced""}"
2024-05-17,RUB_KZT,KZT,CBR,KZT_RC_F02_09_2016_T02_09_2026.dbf,100,20.5985,0.205985,4.8547224312,1.0,False,-0.004807227751473575,-0.012256582638425995,-0.006664512675594425,-0.0055519347285587495,-0.011517143748350334,0.0,-0.007461924237810225,0.0,0.0,-0.006748813557033606,0.0,0.0,-0.01022283620637876,0.0,0.0272438934381265,-0.000603805405332003,0.5665249403712542,0.005474747118712632,0.004920846338266203,0.004026619174569002,4,0.49999999999999994,-0.8660254037844387,-0.433883739117558,-0.9009688679024191,True,True,1,0.0,34.2743635502,0.5930795290899332,0.5871812656936358,H002_combined_factors,3,per_corridor,logistic,2024,0.6424410343847684,26,"{""C"": 0.01, ""class_weight"": ""balanced""}"
2024-05-24,RUB_KZT,KZT,CBR,KZT_RC_F02_09_2016_T02_09_2026.dbf,100,20.4279,0.204279,4.8952657885,1.0,False,0.0006858072195905507,-0.0007533030381592365,-0.008282156467704027,-0.014891472606538225,-0.02190057121516098,0.0025913983244254535,-0.0012281804838600863,0.22976501305482835,0.0025913983244254535,-0.008507905814585048,0.10134357005758131,0.0025913983244254535,-0.012570357969166057,0.09457281031703389,0.018736098782178523,-0.008524187240745329,0.38960904282899395,0.003972613301327701,0.00451284750384789,0.0041154701759994585,0,0.49999999999999994,-0.8660254037844387,-0.433883739117558,-0.9009688679024191,True,True,0,88.3105948237,-41.6143795026,0.6700166589140567,0.5871812656936358,H002_combined_factors,3,per_corridor,logistic,2024,0.6424410343847684,26,"{""C"": 0.01, ""class_weight"": ""balanced""}"
2024-05-31,RUB_KZT,KZT,CBR,KZT_RC_F02_09_2016_T02_09_2026.dbf,100,20.2748,0.202748,4.9322311441,1.0,False,0.003052475869609328,0.013132120727563645,-0.00749465192212595,-0.01571473650994004,-0.021179424047119033,0.015237475276032253,0.0065142343118751445,1.0,0.015237475276032253,-0.0011577324209416373,0.479665825977303,0.015237475276032253,-0.011871307578863344,0.3287597234226462,0.015237475276032253,-0.014761313146202215,0.29091778202677043,0.009535426216170359,0.006887290081650861,0.005848991234575725,0,0.49999999999999994,-0.8660254037844387,-0.433883739117558,-0.9009688679024191,True,True,1,0.0,-43.9695602973,0.6591862386027514,0.5871812656936358,H002_combined_factors,3,per_corridor,logistic,2024,0.6424410343847684,26,"{""C"": 0.01, ""class_weight"": ""balanced""}"
2024-06-07,RUB_KZT,KZT,CBR,KZT_RC_F02_09_2016_T02_09_2026.dbf,100,19.7843,0.197843,5.0545129219,1.0,False,-0.00121665556026751,-0.009958315193186462,-0.02419259376171412,-0.031505930614502686,-0.04592823351835151,0.0,-0.007868132308988529,0.0,0.0,-0.012877206760271709,0.0,0.0,-0.026496854024471994,0.0,0.0,-0.037617819171791855,0.0,0.005931544560621061,0.007698564239194428,0.00620188978876834,4,1.2246467991473532e-16,-1.0,-0.433883739117558,-0.9009688679024191,True,True,1,0.0,37.6940180888,0.6392636600353403,0.5871812656936358,H002_combined_factors,3,per_corridor,logistic,2024,0.6424410343847684,26,"{""C"": 0.01, ""class_weight"": ""balanced""}"
2024-06-14,RUB_KZT,KZT,CBR,KZT_RC_F02_09_2016_T02_09_2026.dbf,100,19.525,0.19525,5.1216389245,2.0,False,-0.017140268304346673,-0.01695717407284325,-0.014307061650612907,-0.03404227951180172,-0.05667214223596473,0.0,-0.013185160326455003,0.0,0.0,-0.01946456990275991,0.0,0.0,-0.029651176370900423,0.0,0.0,-0.04860804819931086,0.0,0.008281208814441119,0.007182115865018776,0.006806090571402758,2,1.2246467991473532e-16,-1.0,-0.433883739117558,-0.9009688679024191,True,True,1,0.0,120.6770055911,0.6028547989371499,0.5871812656936358,H002_combined_factors,3,per_corridor,logistic,2024,0.6424410343847684,26,"{""C"": 0.01, ""class_weight"": ""balanced""}"
2024-07-13,RUB_KZT,KZT,CBR,KZT_RC_F02_09_2016_T02_09_2026.dbf,100,18.501,0.18501,5.4051132371,1.0,False,0.006085126515164019,0.001266398233536803,-0.002076647158769096,0.0044082997643839494,-0.06238122025755244,0.012433100942332631,0.003809930995866795,0.9522212908633684,0.012433100942332631,-2.594387043630686e-05,0.6086257701580511,0.025446322172276714,-0.0075494582451687275,0.26811890439759456,0.025446322172276714,-0.06766668987575186,0.15434007933839886,0.007130570895794214,0.005839815761530279,0.019696339692477735,0,-0.4999999999999998,-0.8660254037844388,-0.9749279121818236,-0.2225209339563146,True,True,1,8.8103345765,-29.3351878211,0.6423921355077531,0.5871812656936358,H002_combined_factors,3,per_corridor,logistic,2024,0.6424410343847684,26,"{""C"": 0.01, ""class_weight"": ""balanced""}"
2024-07-19,RUB_KZT,KZT,CBR,KZT_RC_F02_09_2016_T02_09_2026.dbf,100,18.5067,0.185067,5.4034484808,1.0,False,-0.0028449042269457214,0.0011901734948362996,0.006395092745158815,-0.007529320913171378,-0.003896851838894211,0.0011901734948362996,-0.0021879218947469248,0.11011011011010911,0.012745022929002259,0.0007473146421759225,0.5670805941076207,0.012745022929002259,-0.0036190529516654246,0.2694042799305959,0.025762253421202974,-0.059790414248620194,0.1607470171191428,0.0070550531267665525,0.006687549019987297,0.01114373268748524,2,-0.4999999999999998,-0.8660254037844388,-0.433883739117558,-0.9009688679024191,True,True,1,29.6649321597,3.3875861558,0.6014030307524493,0.5871812656936358,H002_combined_factors,3,per_corridor,logistic,2024,0.6424410343847684,26,"{""C"": 0.01, ""class_weight"": ""balanced""}"
2024-07-26,RUB_KZT,KZT,CBR,KZT_RC_F02_09_2016_T02_09_2026.dbf,100,18.0156,0.180156,5.55074491,1.0,False,-0.01623445767737486,-0.017789869097530775,-0.026536335489309226,-0.020310945070721176,-0.016631823714677085,0.0,-0.016323624482378896,0.0,0.0,-0.022533872427420887,0.0,0.0,-0.024186795246921466,0.0,0.0,-0.07478428187111774,0.0,0.00800218918109105,0.007925157239467804,0.006860651544493161,2,-0.4999999999999998,-0.8660254037844388,-0.433883739117558,-0.9009688679024191,True,True,1,0.0,85.2792468821,0.6504905843008284,0.5871812656936358,H002_combined_factors,3,per_corridor,logistic,2024,0.6424410343847684,26,"{""C"": 0.01, ""class_weight"": ""balanced""}"
2024-08-02,RUB_KZT,KZT,CBR,KZT_RC_F02_09_2016_T02_09_2026.dbf,100,18.0997,0.180997,5.5249534523,1.0,False,-0.0007949608316173418,-0.007076752593437874,0.0046681764692819705,-0.021992035316939385,-0.029355771138675713,0.004183241512846658,-0.0023008096380442433,0.34891254049051196,0.0046681764692819705,-0.0070386219003730766,0.19280146721686958,0.0046681764692819705,-0.014201184721063353,0.12572880849155038,0.0046681764692819705,-0.06009730144788972,0.0291963200833182,0.006582516649424435,0.007661620031987514,0.007039225219315019,2,-0.8660254037844384,-0.5000000000000004,-0.433883739117558,-0.9009688679024191,True,True,1,25.470035415,11.4944612937,0.6504275657151949,0.5871812656936358,H002_combined_factors,3,per_corridor,logistic,2024,0.6424410343847684,26,"{""C"": 0.01, ""class_weight"": ""balanced""}"
2024-08-09,RUB_KZT,KZT,CBR,KZT_RC_F02_09_2016_T02_09_2026.dbf,100,18.1998,0.181998,5.4945658744,1.0,False,0.015070051757986702,0.016759963798478106,0.005530478405719519,0.01022447212415889,-0.010294141638253151,0.019676613291798706,0.011871270768608166,1.0,0.019676613291798706,0.007525523337758244,0.8963757018887144,0.019676613291798706,-0.002608044218926686,0.4201459504725428,0.019676613291798706,-0.043329250792415896,0.12741718971084376,0.0090621263229336,0.007467665338554394,0.007657532176755665,0,-0.8660254037844384,-0.5000000000000004,-0.433883739117558,-0.9009688679024191,True,True,1,0.0,-15.4321108974,0.6733581648018557,0.5871812656936358,H002_combined_factors,3,per_corridor,logistic,2024,0.6424410343847684,26,"{""C"": 0.01, ""class_weight"": ""balanced""}"
2024-08-17,RUB_KZT,KZT,CBR,KZT_RC_F02_09_2016_T02_09_2026.dbf,100,18.5775,0.185775,5.3828556049,1.0,False,0.0038798856568516005,-0.03958000527319816,0.007374671257760923,0.02901914299641062,0.00681234351120219,0.0038798856568516005,-0.01240874981128004,0.08574158108430822,0.04083793686899817,0.007599231778467441,0.48772164603546314,0.04083793686899817,0.014455201652834315,0.48772164603546314,0.04083793686899817,-0.014524632905673629,0.3001194054432408,0.023689959549042332,0.0172373505162245,0.013247922989706652,0,-0.8660254037844384,-0.5000000000000004,-0.9749279121818236,-0.2225209339563146,True,True,1,0.0,76.9926326673,0.6473855437130809,0.5871812656936358,H002_combined_factors,3,per_corridor,logistic,2024,0.6424410343847684,26,"{""C"": 0.01, ""class_weight"": ""balanced""}"
2024-08-31,RUB_KZT,KZT,CBR,KZT_RC_F02_09_2016_T02_09_2026.dbf,100,18.933,0.18933,5.28178313,1.0,False,-0.003777992928102325,0.0009727935034311574,-0.009790692565977421,0.019136051675413768,0.0487105064917801,0.0009727935034311574,-0.0023669611843657457,0.16283185840707168,0.012611514023490145,-0.003897495038690968,0.4433164128595607,0.060755465414654264,0.011257470061667219,0.7255938440950153,0.060755465414654264,0.013611362783425784,0.5304764700127189,0.0047615620773947456,0.0076912862875339145,0.01300266344330324,2,-0.8660254037844384,-0.5000000000000004,-0.9749279121818236,-0.2225209339563146,True,True,0,130.0375006602,-7.4150814602,0.6110669905878674,0.5871812656936358,H002_combined_factors,3,per_corridor,logistic,2024,0.6424410343847684,26,"{""C"": 0.01, ""class_weight"": ""balanced""}"
2024-09-06,RUB_KZT,KZT,CBR,KZT_RC_F02_09_2016_T02_09_2026.dbf,100,18.5504,0.185504,5.3907193376,1.0,False,0.006986325909118074,-0.007299270072992692,-0.023909749116012735,-0.033344971157303394,0.01926394795547215,0.010150294053583142,-0.0021935132681196734,0.3275922671353259,0.010150294053583142,-0.013448192787743785,0.24649563607511257,0.010150294053583142,-0.01482196278284742,0.19037891941579058,0.03931961050166399,-0.0023119331317803526,0.3682829554995802,0.010319210047626414,0.007721189347870418,0.013590749157060938,0,-1.0,-1.8369701987210297e-16,-0.433883739117558,-0.9009688679024191,True,True,1,0.0,-2.5111654427,0.6211680598140814,0.5871812656936358,H002_combined_factors,3,per_corridor,logistic,2024,0.6424410343847684,26,"{""C"": 0.01, ""class_weight"": ""balanced""}"
2024-09-28,RUB_KZT,KZT,CBR,KZT_RC_F02_09_2016_T02_09_2026.dbf,100,19.3741,0.193741,5.161530084,1.0,False,0.0025096245394709005,0.0024785006881848926,0.0021984729665418534,0.01655420649995265,0.02329794538636243,0.005971203223411159,0.0019527997542450048,0.8357558139534841,0.019019066403681784,0.006571725008975182,0.9411764705882344,0.05500435634937917,0.019200793724692966,0.978115619250508,0.0854688883161705,0.036648867284766906,0.9854014598540143,0.0036687050776132856,0.005353501541405306,0.007532362702622664,0,-1.0,-1.8369701987210297e-16,-0.9749279121818236,-0.2225209339563146,True,True,1,0.0,-9.8165341435,0.6156627316368202,0.5871812656936358,H002_combined_factors,3,per_corridor,logistic,2024,0.6424410343847684,26,"{""C"": 0.01, ""class_weight"": ""balanced""}"
2024-10-05,RUB_KZT,KZT,CBR,KZT_RC_F02_09_2016_T02_09_2026.dbf,100,19.6475,0.196475,5.0897060695,1.0,False,-0.0008797445181236707,0.012679432002680402,0.014111623249596139,0.016341120238366313,0.056368318897151104,0.012679432002680402,0.0039560390146591295,0.8704883227176299,0.02016708984324289,0.009987554753174477,0.9138823529411813,0.044596383588445754,0.019561994402852445,0.9581905414667605,0.10078661631724617,0.04596412764941449,0.980059929174613,0.00702166169696672,0.0054286309260539855,0.0058818051029096066,2,-0.8660254037844386,0.5000000000000001,-0.9749279121818236,-0.2225209339563146,True,True,1,0.0,7.0842112911,0.6046830039132627,0.5871812656936358,H002_combined_factors,3,per_corridor,logistic,2024,0.6424410343847684,26,"{""C"": 0.01, ""class_weight"": ""balanced""}"
2024-10-12,RUB_KZT,KZT,CBR,KZT_RC_F02_09_2016_T02_09_2026.dbf,100,19.5723,0.195723,5.1092615584,1.0,False,-0.015621463669786562,-0.01358243707728135,-0.0038274589642448564,0.010230152626444555,0.026953711185501605,0.0,-0.013137792532191606,0.0,0.008803443032755265,-0.006556363560688561,0.31889469753547706,0.029443786982248588,0.0050198875044031865,0.6054510058403653,0.09657340071490195,0.03600684379343222,0.8253291836246116,0.011258984623085874,0.009040890085173453,0.007238001972213393,2,-0.8660254037844386,0.5000000000000001,-0.9749279121818236,-0.2225209339563146,True,True,1,0.0,78.5138420295,0.5886299087795501,0.5871812656936358,H002_combined_factors,3,per_corridor,logistic,2024,0.6424410343847684,26,"{""C"": 0.01, ""class_weight"": ""balanced""}"
2024-10-26,RUB_KZT,KZT,CBR,KZT_RC_F02_09_2016_T02_09_2026.dbf,100,19.9266,0.199266,5.0184175926,1.0,False,0.002404571704529568,-0.006308251592023084,0.0069838895514544586,0.018102113701506717,0.028517453713978957,0.0058249878856404536,4.6171573567344026e-05,0.47705663497312917,0.010553541090853713,0.001348256788897606,0.6219366407650948,0.027064917661005605,0.006362427035113027,0.8058624923265824,0.11642369709669098,0.039071062495431796,0.9426173735540944,0.006790225242155628,0.007705497322049443,0.008185204277743522,0,-0.8660254037844386,0.5000000000000001,-0.9749279121818236,-0.2225209339563146,True,True,1,0.0,16.2547159075,0.6159408628812124,0.5871812656936358,H002_combined_factors,3,per_corridor,logistic,2024,0.6424410343847684,26,"{""C"": 0.01, ""class_weight"": ""balanced""}"
2024-11-02,RUB_KZT,KZT,CBR,KZT_RC_F02_09_2016_T02_09_2026.dbf,100,19.9566,0.199566,5.0108735957,1.0,False,0.004692046678816286,0.0002506064676517372,0.0015055252777693706,0.008499929251480687,0.015732281460745456,0.011059716388949425,0.002312340788003908,0.7166776099803005,0.011059716388949425,0.0019319092364138424,0.6934561626429484,0.0196348921690348,0.0035633574611757535,0.7992928452579039,0.08672402526682643,0.03235113367603759,0.9428689834823282,0.007595529237507616,0.006816253943341051,0.008256633542100347,0,-0.5000000000000004,0.8660254037844384,-0.9749279121818236,-0.2225209339563146,True,True,1,0.0,-16.5417253729,0.6306741859460933,0.5871812656936358,H002_combined_factors,3,per_corridor,logistic,2024,0.6424410343847684,26,"{""C"": 0.01, ""class_weight"": ""balanced""}"
2024-11-09,RUB_KZT,KZT,CBR,KZT_RC_F02_09_2016_T02_09_2026.dbf,100,19.876,0.19876,5.0311933991,1.0,False,-0.0025993837754293425,-0.00806483810436387,-0.0040387641181363065,-0.002539319301837817,0.015516827352942686,0.0,-0.0053734653497056195,0.0,0.006976284685104472,-0.003557933861634166,0.3911931818181793,0.007987422978421144,-0.002377609811994752,0.423614846691768,0.08233500326726206,0.0230111454995221,0.8758616694664887,0.004604928443431927,0.005951205268007682,0.006783691520625293,2,-0.5000000000000004,0.8660254037844384,-0.9749279121818236,-0.2225209339563146,True,True,1,0.0,33.8813079761,0.6194069681584123,0.5871812656936358,H002_combined_factors,3,per_corridor,logistic,2024,0.6424410343847684,26,"{""C"": 0.01, ""class_weight"": ""balanced""}"
2024-11-16,RUB_KZT,KZT,CBR,KZT_RC_F02_09_2016_T02_09_2026.dbf,100,20.2485,0.202485,4.9386374299,1.0,False,0.006451709106453096,0.018356929112077758,0.018741195411551725,0.014626740025856177,0.02325099553273624,0.01884884194848513,0.011960510125852197,1.0,0.01884884194848513,0.012613346082371413,1.0,0.02584822401118636,0.014596235944921876,1.0,0.10261925506425618,0.03785256071289278,1.0,0.005759270292783662,0.005466012006299683,0.006021194134827812,0,-0.5000000000000004,0.8660254037844384,-0.9749279121818236,-0.2225209339563146,True,True,1,47.7566239475,-68.6280220553,0.6281936457872043,0.5871812656936358,H002_combined_factors,3,per_corridor,logistic,2024,0.6424410343847684,26,"{""C"": 0.01, ""class_weight"": ""balanced""}"
2024-11-23,RUB_KZT,KZT,CBR,KZT_RC_F02_09_2016_T02_09_2026.dbf,100,20.7279,0.207279,4.8244154015,1.0,False,0.019516897757622553,0.03166481681490363,0.02367582783909916,0.04286073656671352,0.040212580169221024,0.03166481681490363,0.021513590020580065,1.0,0.04297093172452304,0.02866611712895173,1.0,0.0501360299519209,0.03388163374835762,1.0,0.12872467871923332,0.05649750630114503,1.0,0.009841707149857454,0.007620092628330226,0.007038382146706915,0,-0.5000000000000004,0.8660254037844384,-0.9749279121818236,-0.2225209339563146,True,True,1,0.0,-104.966915782,0.6098978370581529,0.5871812656936358,H002_combined_factors,3,per_corridor,logistic,2024,0.6424410343847684,26,"{""C"": 0.01, ""class_weight"": ""balanced""}"
2024-12-28,RUB_KZT,KZT,CBR,KZT_RC_F02_09_2016_T02_09_2026.dbf,100,19.5105,0.195105,5.1254452731,1.0,False,0.012454269479255986,0.023104473542074233,-0.0010240393231100153,-0.013614900049545464,-0.07102146928164332,0.023104473542074233,0.010309972347939622,1.0,0.023104473542074233,0.0011828125280628488,0.6131366546061779,0.029572403311855844,-0.009210400028031862,0.2781693636453886,0.029572403311855844,-0.024050543315463635,0.1876129896216939,0.01272142675866278,0.010335673723848011,0.01805013282015228,0,-2.4492935982947064e-16,1.0,-0.9749279121818236,-0.2225209339563146,True,True,1,12.557340919,-70.4701005325,0.6307452059116587,0.5871812656936358,H002_combined_factors,3,per_corridor,logistic,2024,0.6424410343847684,26,"{""C"": 0.01, ""class_weight"": ""balanced""}"
2025-01-11,RUB_TJS,TJS,CBR,TJS_RC_F02_09_2016_T02_09_2026.dbf,10,93.0854,9.30854,0.1074282326,1.0,False,-0.004472555067398409,0.011958419488310223,0.021296998276359558,-0.012216060426628261,-0.025451126717506156,0.025266710283132543,0.006615071445194021,0.8458078312808806,0.025266710283132543,0.004795819048368344,0.5683845391476724,0.025266710283132543,-0.00018297050984750207,0.5367588562871458,0.03312970863614373,-0.0010320531737487704,0.24146968888026085,0.008199412587184597,0.009958354111322015,0.013293671999342593,1,0.49999999999999994,0.8660254037844387,-0.9749279121818236,-0.2225209339563146,True,True,1,0.0,15.4626008398,0.6808909258782582,0.641512865444681,H002_combined_factors,3,per_corridor,logistic,2025,0.6487232574189096,26,"{""C"": 0.1, ""class_weight"": ""balanced""}"
2025-01-18,RUB_TJS,TJS,CBR,TJS_RC_F02_09_2016_T02_09_2026.dbf,10,93.5242,9.35242,0.1069241972,1.0,False,1.9246725918131702e-05,-0.010418077470034426,0.004713950845137926,0.026111342124521153,-0.009992780639411003,1.9246725918131702e-05,-0.003607392918174024,0.0018248175182511328,0.03009976715856344,0.003820615265459626,0.7351374616667575,0.03009976715856344,0.0012598156285119622,0.6394309513781649,0.037801716867737145,0.0009052370346345207,0.27595871879202255,0.0064969474074607686,0.00718690064061539,0.007808484824305521,0,0.49999999999999994,0.8660254037844387,-0.9749279121818236,-0.2225209339563146,True,True,1,35.9479150851,15.8469807849,0.6744027938815815,0.641512865444681,H002_combined_factors,3,per_corridor,logistic,2025,0.6487232574189096,26,"{""C"": 0.1, ""class_weight"": ""balanced""}"
2025-01-25,RUB_TJS,TJS,CBR,TJS_RC_F02_09_2016_T02_09_2026.dbf,10,89.763,8.9763,0.1114044762,1.0,False,-0.008418659576183818,-0.01672152876289168,-0.0402163290356935,-0.035691955988801705,-0.04747200132432616,0.0,-0.01261622216448477,0.0,0.0,-0.02839563888049723,0.0,0.0,-0.029733313127325744,0.0,0.0,-0.0396221099219326,0.0,0.011278747137510037,0.009910236506131228,0.009747409847430243,1,0.49999999999999994,0.8660254037844387,-0.9749279121818236,-0.2225209339563146,True,True,0,116.7853124339,20.034866449,0.6757422917955291,0.641512865444681,H002_combined_factors,3,per_corridor,logistic,2025,0.6487232574189096,26,"{""C"": 0.1, ""class_weight"": ""balanced""}"
2025-01-31,RUB_TJS,TJS,CBR,TJS_RC_F02_09_2016_T02_09_2026.dbf,10,89.8678,8.98678,0.1112745611,1.0,False,0.0015669718881230477,0.01299784590377917,-0.007260969609533707,-0.0390772691889858,-0.01657538368943723,0.01299784590377917,0.003999562059126216,1.0,0.01299784590377917,-0.00792826793635526,0.23975465225075193,0.01299784590377917,-0.020601119552144165,0.19901278887143692,0.01299784590377917,-0.03744505722845359,0.08387706855791907,0.008382717597090902,0.010025744146561216,0.009136721801303191,0,0.49999999999999994,0.8660254037844387,-0.433883739117558,-0.9009688679024191,True,True,1,36.9431542777,-42.8037715595,0.678897339091232,0.641512865444681,H002_combined_factors,3,per_corridor,logistic,2025,0.6487232574189096,26,"{""C"": 0.1, ""class_weight"": ""balanced""}"
2025-02-08,RUB_TJS,TJS,CBR,TJS_RC_F02_09_2016_T02_09_2026.dbf,10,88.8992,8.88992,0.1124869515,1.0,False,0.003994556470966915,-0.012851917571838234,-0.007110005159947197,-0.009623118656907681,-0.04497160671813205,0.003994556470966915,-0.009158842963526759,0.12054803858082676,0.003994556470966915,-0.007740032245948547,0.12054803858082676,0.003994556470966915,-0.02297308777682172,0.0593127966059067,0.003994556470966915,-0.045874136786925646,0.025415507986807473,0.014900871524026,0.011169669328425906,0.010368195736914462,0,0.8660254037844386,0.5000000000000001,-0.9749279121818236,-0.2225209339563146,True,True,1,49.4267664951,17.4675837482,0.7246230403100334,0.641512865444681,H002_combined_factors,3,per_corridor,logistic,2025,0.6487232574189096,26,"{""C"": 0.1, ""class_weight"": ""balanced""}"
2025-02-22,RUB_TJS,TJS,CBR,TJS_RC_F02_09_2016_T02_09_2026.dbf,10,80.4992,8.04992,0.124224837,1.0,False,-0.0039902649907140875,-0.035382058407298134,-0.024684806497965783,-0.09448903927144447,-0.10320287869166578,0.0,-0.020466968114361772,0.0,0.0,-0.04001839366887616,0.0,0.0,-0.07177493789334288,0.0,0.0,-0.1219153082716018,0.0,0.012358957718724226,0.012070370954375631,0.012204665204565002,4,0.8660254037844386,0.5000000000000001,-0.9749279121818236,-0.2225209339563146,True,True,1,0.0,96.372828606,0.729797101685514,0.641512865444681,H002_combined_factors,3,per_corridor,logistic,2025,0.6487232574189096,26,"{""C"": 0.1, ""class_weight"": ""balanced""}"
2025-03-29,RUB_TJS,TJS,CBR,TJS_RC_F02_09_2016_T02_09_2026.dbf,10,76.7423,7.67423,0.1303062327,1.0,False,0.00039498383564495754,-0.0038616403469375893,-0.00912343493580936,-0.019652353645279175,-0.05073833373327963,0.00039498383564495754,-0.0015157665745497706,0.08906525573191862,0.02909651681249792,0.001313123958953888,0.7543457099151709,0.02909651681249792,-0.02340002876009617,0.28859479949457967,0.02909651681249792,-0.09567213012755282,0.10883664471341199,0.004988575354729841,0.014918494580370683,0.01203497346284253,0,1.0,6.123233995736766e-17,-0.9749279121818236,-0.2225209339563146,True,True,1,0.0,41.5543815347,0.6525823080672689,0.641512865444681,H002_combined_factors,3,per_corridor,logistic,2025,0.6487232574189096,26,"{""C"": 0.1, ""class_weight"": ""balanced""}"
2025-04-05,RUB_TJS,TJS,CBR,TJS_RC_F02_09_2016_T02_09_2026.dbf,10,77.4872,7.74872,0.1290535727,1.0,False,-0.0012515418712291115,-0.004442845579638477,0.009706511272140617,0.0004945196122863038,-0.04976381197176538,0.0,-0.0035400105552189087,0.0,0.01010532902283856,0.002283773617706375,0.45739910313901216,0.03908545375305894,-0.0012140154497112254,0.47370388428408855,0.03908545375305894,-0.07350986609946275,0.14620064906727903,0.011458356765475974,0.008569688312757758,0.01279934169637595,1,0.8660254037844387,-0.49999999999999983,-0.9749279121818236,-0.2225209339563146,True,True,1,0.0,38.0398529537,0.6867272339958191,0.641512865444681,H002_combined_factors,3,per_corridor,logistic,2025,0.6487232574189096,26,"{""C"": 0.1, ""class_weight"": ""balanced""}"
2025-04-12,RUB_TJS,TJS,CBR,TJS_RC_F02_09_2016_T02_09_2026.dbf,10,77.0827,7.70827,0.1297307956,1.0,False,-0.013408370376153722,-0.017608007718159735,-0.005220217016487894,0.004435624160339158,-0.015303899939576482,0.0,-0.016459813174740878,0.0,0.0,-0.012615862741503836,0.0,0.03366120218579227,-0.0035153037067919835,0.5542381488595958,0.03366120218579227,-0.06389837653951791,0.1348446187317019,0.01485160304942084,0.012601264960533308,0.013496345217809857,2,0.8660254037844387,-0.49999999999999983,-0.9749279121818236,-0.2225209339563146,True,True,0,139.0973590702,61.8652818058,0.6464676780577773,0.641512865444681,H002_combined_factors,3,per_corridor,logistic,2025,0.6487232574189096,26,"{""C"": 0.1, ""class_weight"": ""balanced""}"
2025-04-19,RUB_TJS,TJS,CBR,TJS_RC_F02_09_2016_T02_09_2026.dbf,10,75.0234,7.50234,0.1332917463,1.0,False,-0.006630987153786405,-0.008454583542043537,-0.02671546274326142,-0.03179621924653353,-0.031317423488261276,0.0,-0.008020364411044367,0.0,0.0,-0.025687085445526003,0.0,0.0,-0.027639979734561004,0.0,0.006046464849642996,-0.07459681709200505,0.026669269123622677,0.006205174942434685,0.010981289123483578,0.009731133311899617,2,0.8660254037844387,-0.49999999999999983,-0.9749279121818236,-0.2225209339563146,True,True,1,0.0,45.7336432283,0.6501043618623349,0.641512865444681,H002_combined_factors,3,per_corridor,logistic,2025,0.6487232574189096,26,"{""C"": 0.1, ""class_weight"": ""balanced""}"
2025-04-26,RUB_TJS,TJS,CBR,TJS_RC_F02_09_2016_T02_09_2026.dbf,10,77.7051,7.77051,0.1286916818,1.0,False,-0.0024250905076128593,0.019146098185724103,0.03574484760754637,0.008074444719762042,0.012545884082181491,0.03070284810798185,0.010355660857958027,0.924548649944081,0.03574484760754637,0.018825131783002824,0.9341949418240093,0.03574484760754637,0.006954201687723316,0.6575695159629237,0.04200744242180421,-0.02898645502098951,0.1852831059140833,0.006337247279282845,0.008833006741628272,0.010592589519397991,1,0.8660254037844387,-0.49999999999999983,-0.9749279121818236,-0.2225209339563146,True,True,1,0.0,-29.847856512,0.6886833494068694,0.641512865444681,H002_combined_factors,3,per_corridor,logistic,2025,0.6487232574189096,26,"{""C"": 0.1, ""class_weight"": ""balanced""}"
2025-05-17,RUB_TJS,TJS,CBR,TJS_RC_F02_09_2016_T02_09_2026.dbf,10,77.7761,7.77761,0.1285742021,1.0,False,0.006921149899989043,0.00570115548935024,0.002379126579586721,0.0002855162249095766,0.02322836976470355,0.008047416117125117,0.004423144474750007,1.0,0.010735542560103895,0.003142684533080642,0.4340128191657028,0.03669121900633665,0.010236004159086987,0.7187206266318535,0.042959536021992095,-0.0060038732178586685,0.36079014347816274,0.004233141298304056,0.010285680462899354,0.008706651067287532,0,0.49999999999999994,-0.8660254037844387,-0.9749279121818236,-0.2225209339563146,True,True,1,35.2421887958,-34.4753099276,0.7418312981862797,0.641512865444681,H002_combined_factors,3,per_corridor,logistic,2025,0.6487232574189096,26,"{""C"": 0.1, ""class_weight"": ""balanced""}"
2025-05-23,RUB_TJS,TJS,CBR,TJS_RC_F02_09_2016_T02_09_2026.dbf,10,77.4088,7.74088,0.1291842788,1.0,False,0.0010358379230479553,-0.0012025496116230272,0.002165934115727852,-0.004382021749335996,0.03179541316442602,0.0010358379230479553,-0.0019216625940072785,0.17903442109967876,0.003286881506366468,-0.0008836141081912663,0.40843936221613586,0.02677263948725561,0.00034975953950877603,0.5828472422754827,0.03803412786214744,-0.00703235776516431,0.37724280109064295,0.005133642778211062,0.003852845994350189,0.008491765252726881,0,0.49999999999999994,-0.8660254037844387,-0.433883739117558,-0.9009688679024191,True,True,1,0.0,16.1606312577,0.6632655301084946,0.641512865444681,H002_combined_factors,3,per_corridor,logistic,2025,0.6487232574189096,26,"{""C"": 0.1, ""class_weight"": ""balanced""}"
2025-05-31,RUB_TJS,TJS,CBR,TJS_RC_F02_09_2016_T02_09_2026.dbf,10,78.736,7.8736,0.127006706,1.0,False,0.004248567336157194,0.006114429926844078,0.01496354505047992,0.01234183765964092,0.012630877679447483,0.010704461112088115,0.004442274038121585,1.0,0.018198935194824184,0.01004814200197246,1.0,0.02320987654320983,0.01277832559711789,0.938320899443099,0.05583157330114985,0.012492239394095828,0.5537673738112655,0.0033650748271884324,0.003909617752597739,0.00759651176683452,0,0.49999999999999994,-0.8660254037844387,-0.9749279121818236,-0.2225209339563146,True,True,1,0.0,-0.557046153,0.7263777584463859,0.641512865444681,H002_combined_factors,3,per_corridor,logistic,2025,0.6487232574189096,26,"{""C"": 0.1, ""class_weight"": ""balanced""}"
2025-06-07,RUB_TJS,TJS,CBR,TJS_RC_F02_09_2016_T02_09_2026.dbf,10,80.0881,8.00881,0.1248624952,1.0,False,0.0005446970122868766,0.004578346802871502,0.017172576712050525,0.03239308438779398,0.03217620486780137,0.009088182968193248,0.004025474193589007,1.0,0.028060861003747162,0.012781276670866148,1.0,0.038012991995354906,0.023143469222120405,1.0,0.07396292198866883,0.03186381908958569,1.0,0.006330688362299275,0.004785468204165382,0.004552774034018751,0,1.2246467991473532e-16,-1.0,-0.9749279121818236,-0.2225209339563146,True,True,1,23.9236540759,-23.6279517507,0.7005632739298291,0.641512865444681,H002_combined_factors,3,per_corridor,logistic,2025,0.6487232574189096,26,"{""C"": 0.1, ""class_weight"": ""balanced""}"
2025-06-21,RUB_TJS,TJS,CBR,TJS_RC_F02_09_2016_T02_09_2026.dbf,10,79.2017,7.92017,0.1262599161,1.0,False,0.00020458290974989524,0.018629458337406035,-0.004479744991396251,-0.002080214900941013,0.024221278774892108,0.02291566034762882,0.011229513785239398,1.0,0.02291566034762882,0.0021080509935522684,0.6668545871387203,0.023161449344260676,0.005112894471375862,0.6691673198223398,0.0556932903600742,0.01828484912950934,0.824984698007778,0.015491741303690645,0.011327210020192243,0.008478561479628915,0,1.2246467991473532e-16,-1.0,-0.9749279121818236,-0.2225209339563146,True,True,1,14.974426054,-49.7018144905,0.6425903878707298,0.641512865444681,H002_combined_factors,3,per_corridor,logistic,2025,0.6487232574189096,26,"{""C"": 0.1, ""class_weight"": ""balanced""}"
2025-06-28,RUB_TJS,TJS,CBR,TJS_RC_F02_09_2016_T02_09_2026.dbf,10,79.2595,7.92595,0.1261678411,1.0,False,0.0032835401474176074,0.0014872039807030113,0.0007297823152787597,-0.003753231914789268,0.007872543883296723,0.003962166879679652,0.0021907730093122524,1.0,0.023662166106572124,0.007055404024765677,1.0,0.023662166106572124,0.0022550248055257516,0.688578193708422,0.056463716653737395,0.01675544696450304,0.8363970225284812,0.0022360812644268303,0.0104468251278336,0.008411943234542637,0,1.2246467991473532e-16,-1.0,-0.9749279121818236,-0.2225209339563146,True,True,1,0.0,-11.3571752211,0.7236396707793441,0.641512865444681,H002_combined_factors,3,per_corridor,logistic,2025,0.6487232574189096,26,"{""C"": 0.1, ""class_weight"": ""balanced""}"
2025-07-05,RUB_TJS,TJS,CBR,TJS_RC_F02_09_2016_T02_09_2026.dbf,10,80.6575,8.06575,0.1239810309,1.0,False,0.0006649802304850017,0.013478704476231673,0.01763826418284231,0.018380918591393902,0.01626246742970605,0.01686207766011094,0.008383620721988061,1.0,0.021670316808682255,0.014093138025295993,1.0,0.041717789826340335,0.017300252939254523,1.0,0.07509790278766348,0.03207065539776188,1.0,0.004050106347548081,0.0035569194248849037,0.008234049733429649,0,-0.4999999999999998,-0.8660254037844388,-0.9749279121818236,-0.2225209339563146,True,True,1,0.0,-31.8936759016,0.6855468257360188,0.641512865444681,H002_combined_factors,3,per_corridor,logistic,2025,0.6487232574189096,26,"{""C"": 0.1, ""class_weight"": ""balanced""}"
2025-07-12,RUB_TJS,TJS,CBR,TJS_RC_F02_09_2016_T02_09_2026.dbf,10,80.4004,8.04004,0.1243774907,1.0,False,-0.002412066287155179,-0.0071242187625422115,-0.0031875523044974097,0.014394488988701548,0.01058723121844296,0.0,-0.004532573414119501,0.0,0.013620776601109386,0.00029486157057934115,0.6500601684717153,0.03839725988474352,0.010811416655838846,0.8363810274011115,0.07167097199007233,0.02624989073279882,0.9023931796059462,0.002985173169760527,0.00400272859442367,0.007752674737985377,2,-0.4999999999999998,-0.8660254037844388,-0.9749279121818236,-0.2225209339563146,True,True,1,0.0,32.857051019,0.6529732764325514,0.641512865444681,H002_combined_factors,3,per_corridor,logistic,2025,0.6487232574189096,26,"{""C"": 0.1, ""class_weight"": ""balanced""}"
2025-07-19,RUB_TJS,TJS,CBR,TJS_RC_F02_09_2016_T02_09_2026.dbf,10,81.5674,8.15674,0.1225979987,1.0,False,-0.00010419744066592074,0.003981837405639066,0.014514853159934615,0.011281034001797696,0.029869308360805258,0.008214796026837057,0.0032051439731974884,0.9873718615361528,0.014514853159934615,0.006549629895809872,0.9927690344534108,0.03319581439122854,0.015952722377990503,0.996767077437998,0.08722611878427244,0.035347534419442495,0.9987027851964875,0.0028186223932942264,0.0033077903682571575,0.0033623153194675954,1,-0.4999999999999998,-0.8660254037844388,-0.9749279121818236,-0.2225209339563146,True,True,1,0.0,-7.9699626882,0.7297354710839046,0.641512865444681,H002_combined_factors,3,per_corridor,logistic,2025,0.6487232574189096,26,"{""C"": 0.1, ""class_weight"": ""balanced""}"
2025-07-25,RUB_TJS,TJS,CBR,TJS_RC_F02_09_2016_T02_09_2026.dbf,10,82.2897,8.22897,0.1215218916,1.0,False,0.005286047619629253,0.0065882905551117865,0.008750133311431485,0.02102989274742284,0.04164045361967905,0.00967098765053409,0.006068464742972957,1.0,0.02349863931025231,0.010515713644173363,1.0,0.038231379203754745,0.017832354273742634,1.0,0.06939181286549712,0.03936363616843708,1.0,0.0033943399085797346,0.0032845970277143245,0.003454003374669678,0,-0.4999999999999998,-0.8660254037844388,-0.433883739117558,-0.9009688679024191,True,True,1,0.0,27.3403841469,0.6437136275629834,0.641512865444681,H002_combined_factors,3,per_corridor,logistic,2025,0.6487232574189096,26,"{""C"": 0.1, ""class_weight"": ""balanced""}"
2025-08-02,RUB_TJS,TJS,CBR,TJS_RC_F02_09_2016_T02_09_2026.dbf,10,84.5425,8.45425,0.1182837035,1.0,False,0.0028516490099297354,-0.018770934937174966,0.013667439624184263,0.03647413059629234,0.048166630505532826,0.013799934525858149,-0.003722672122029147,0.41573642570716474,0.037312196708036094,0.012371183647731154,0.6528132580555133,0.05151840040596811,0.027584804081873138,0.7191894989061359,0.09574597693998599,0.05856413664714788,0.8203917997467958,0.018859856815042073,0.013222323212349864,0.00947069222174999,0,-0.8660254037844384,-0.5000000000000004,-0.9749279121818236,-0.2225209339563146,True,True,0,67.5754797883,36.3494633024,0.7256272369450792,0.641512865444681,H002_combined_factors,3,per_corridor,logistic,2025,0.6487232574189096,26,"{""C"": 0.1, ""class_weight"": ""balanced""}"
2025-08-09,RUB_TJS,TJS,CBR,TJS_RC_F02_09_2016_T02_09_2026.dbf,10,85.0629,8.50629,0.1175600644,1.0,False,0.005874694469769848,0.004488514786946007,0.006155483928201866,0.01990705325733244,0.05799100501987553,0.013000886018063484,0.0037905786149152743,0.7507220464860376,0.020040363729244115,0.0030997626887911967,0.6037354141830134,0.05142096441655908,0.02157023779521272,0.7913448735019966,0.10125903821132431,0.057090685537509955,0.8770057073657531,0.00897402408177917,0.0139495194016633,0.010122111282269622,0,-0.8660254037844384,-0.5000000000000004,-0.9749279121818236,-0.2225209339563146,True,True,1,7.2181879527,-9.679515251,0.6877580072617167,0.641512865444681,H002_combined_factors,3,per_corridor,logistic,2025,0.6487232574189096,26,"{""C"": 0.1, ""class_weight"": ""balanced""}"
2025-08-15,RUB_TJS,TJS,CBR,TJS_RC_F02_09_2016_T02_09_2026.dbf,10,85.2795,8.52795,0.1172614755,1.0,False,0.0020798448929233437,0.0032705305200497747,0.008436004498256544,0.011594017230887488,0.045400663676404385,0.0032705305200497747,0.0014973224351748637,0.8907401473886949,0.015580341831485267,0.004531490739126509,0.8996699216063818,0.046354975061808856,0.014587879553626282,0.811025481398794,0.10281822919562855,0.05315047031137876,0.9003181936565096,0.0033447646238292583,0.006226717620366547,0.01015487125397886,0,-0.8660254037844384,-0.5000000000000004,-0.433883739117558,-0.9009688679024191,True,True,1,0.0,9.6045322548,0.6674448237344708,0.641512865444681,H002_combined_factors,3,per_corridor,logistic,2025,0.6487232574189096,26,"{""C"": 0.1, ""class_weight"": ""balanced""}"
2025-08-23,RUB_TJS,TJS,CBR,TJS_RC_F02_09_2016_T02_09_2026.dbf,10,85.8328,8.58328,0.1165055783,1.0,False,0.006167159203204431,-0.0005693878905517202,0.0025896174678283757,0.009050949356299798,0.029138180344497666,0.006167159203204431,0.0015612784279863678,0.7978465271458909,0.009779827414810427,0.004123522232953869,0.8618080033174396,0.0292726974027393,0.008135054447852896,0.8818684296087568,0.1085584689657666,0.049829091858149654,0.962553249965645,0.004452609725312858,0.0035280796588565023,0.009920667031089713,0,-0.8660254037844384,-0.5000000000000004,-0.9749279121818236,-0.2225209339563146,True,True,0,161.9544043769,-36.6231834574,0.7235210650235311,0.641512865444681,H002_combined_factors,3,per_corridor,logistic,2025,0.6487232574189096,26,"{""C"": 0.1, ""class_weight"": ""balanced""}"
2025-08-30,RUB_TJS,TJS,CBR,TJS_RC_F02_09_2016_T02_09_2026.dbf,10,84.0465,8.40465,0.1189817541,1.0,False,0.004526233509187572,0.0023147816878230643,-0.020811391449422567,-0.018275667524421335,-0.005866871691752706,0.004526233509187572,0.0011201577654782469,0.48870822041554074,0.004526233509187572,-0.00918624572992166,0.16477396336422526,0.004526233509187572,-0.010212663575645986,0.16477396336422526,0.08548782472354755,0.022992236315813708,0.7579932206495348,0.007858735785732872,0.006510803593423227,0.006419163011360322,0,-0.8660254037844384,-0.5000000000000004,-0.9749279121818236,-0.2225209339563146,True,True,1,0.0,1.7538233604,0.7379787953910587,0.641512865444681,H002_combined_factors,3,per_corridor,logistic,2025,0.6487232574189096,26,"{""C"": 0.1, ""class_weight"": ""balanced""}"
2025-09-06,RUB_TJS,TJS,CBR,TJS_RC_F02_09_2016_T02_09_2026.dbf,10,86.1755,8.61755,0.1160422626,1.0,False,0.0031721825780242074,0.006930163211127605,0.025331215458109346,0.003992646167898517,0.01307973276246166,0.01363741691279663,0.005242042915274858,1.0,0.029972103963531893,0.01574989606820143,1.0,0.029972103963531893,0.011926929611921988,1.0,0.11298455068877411,0.04258398015139697,1.0,0.004485960299395324,0.007738489561716186,0.005858610290967212,0,-1.0,-1.8369701987210297e-16,-0.9749279121818236,-0.2225209339563146,True,True,1,0.0,-4.677031876,0.7485634646886028,0.641512865444681,H002_combined_factors,3,per_corridor,logistic,2025,0.6487232574189096,26,"{""C"": 0.1, ""class_weight"": ""balanced""}"
2025-09-13,RUB_TJS,TJS,CBR,TJS_RC_F02_09_2016_T02_09_2026.dbf,10,88.6901,8.86901,0.1127521561,1.0,False,-0.014999883386068835,0.00859046542491182,0.029179987351393377,0.05525036735616573,0.035964962487341046,0.01964911877306519,0.00021675661727948992,0.5585841749191066,0.043215343917210935,0.017105798838282782,0.7312024837798018,0.06002667692947572,0.031134974416104022,0.7880713646848357,0.12341744493436702,0.06192690804486434,0.8782585181179007,0.01306334145538497,0.009218061499468794,0.008612652248057856,1,-1.0,-1.8369701987210297e-16,-0.9749279121818236,-0.2225209339563146,True,True,0,155.7332780096,3.7323135755,0.6585016528186598,0.641512865444681,H002_combined_factors,3,per_corridor,logistic,2025,0.6487232574189096,26,"{""C"": 0.1, ""class_weight"": ""balanced""}"
2025-09-20,RUB_TJS,TJS,CBR,TJS_RC_F02_09_2016_T02_09_2026.dbf,10,88.6177,8.86177,0.1128442738,1.0,False,0.005525883715890245,0.012895261717120299,-0.000816325610186408,0.02833984137022716,0.03244563849717119,0.01499045343601857,0.008834762192509116,1.0,0.018816753084006876,0.0040953468909741275,0.5349217243520593,0.0591613500056174,0.023916559380065205,0.7767107596227769,0.11721759959657074,0.05187085226065502,0.8672661300101667,0.008800233356865712,0.010961878968738336,0.009318557751252966,0,-1.0,-1.8369701987210297e-16,-0.9749279121818236,-0.2225209339563146,True,True,1,0.0,-33.4716528549,0.6683714149309087,0.641512865444681,H002_combined_factors,3,per_corridor,logistic,2025,0.6487232574189096,26,"{""C"": 0.1, ""class_weight"": ""balanced""}"
2025-09-26,RUB_TJS,TJS,CBR,TJS_RC_F02_09_2016_T02_09_2026.dbf,10,88.9085,8.89085,0.1124751852,1.0,False,-0.0033081624508427554,-0.002370965823531801,0.008825528448089148,-0.012574313615953736,0.06263700013625306,0.005293966664518424,0.0005685476982484339,0.6133892309707851,0.018321156262419924,0.006241154497575341,0.8442497493006801,0.0578489288667583,0.015567944909164133,0.8111174134997163,0.1058216128277969,0.04777855355212779,0.882555522131054,0.006899258241705127,0.008790201430297793,0.0085111437620385,1,-1.0,-1.8369701987210297e-16,-0.433883739117558,-0.9009688679024191,True,True,1,0.0,0.8643774161,0.6896720771462165,0.641512865444681,H002_combined_factors,3,per_corridor,logistic,2025,0.6487232574189096,26,"{""C"": 0.1, ""class_weight"": ""balanced""}"
2025-10-04,RUB_TJS,TJS,CBR,TJS_RC_F02_09_2016_T02_09_2026.dbf,10,87.9043,8.79043,0.1137600777,1.0,False,0.017260174418604723,8.07761794459072e-05,-0.011352581210769541,-0.00805031049101923,0.020061386356911237,0.017260174418604723,0.0052556632350129195,0.8473468923985972,0.017260174418604723,-0.0031372989290769926,0.5344345707324076,0.017260174418604723,-0.0035627972126742735,0.41111938035778384,0.08654212215152013,0.027538696658003348,0.766204488996378,0.011420571033659217,0.00892106686417981,0.009903302452799112,0,-0.8660254037844386,0.5000000000000001,-0.9749279121818236,-0.2225209339563146,True,True,1,0.0,-22.2700789038,0.7061389718035213,0.641512865444681,H002_combined_factors,3,per_corridor,logistic,2025,0.6487232574189096,26,"{""C"": 0.1, ""class_weight"": ""balanced""}"
2025-10-10,RUB_TJS,TJS,CBR,TJS_RC_F02_09_2016_T02_09_2026.dbf,10,87.4017,8.74017,0.1144142505,1.0,False,-0.0013961900692267548,-0.019100238374207046,0.01144390645830251,-0.016947760900251296,-0.02930896805555705,0.0,-0.006558857287567332,0.0,0.01144390645830251,-0.004680076348891449,0.3675115207373293,0.01144390645830251,-0.007755702852907942,0.3543428407625077,0.07239375962405603,0.016313156195049805,0.6909546561738811,0.012726195638005883,0.009979196535789669,0.009155406317316891,3,-0.8660254037844386,0.5000000000000001,-0.433883739117558,-0.9009688679024191,True,True,1,2.5056720865,37.7266137006,0.6626912810176789,0.641512865444681,H002_combined_factors,3,per_corridor,logistic,2025,0.6487232574189096,26,"{""C"": 0.1, ""class_weight"": ""balanced""}"
2025-10-18,RUB_TJS,TJS,CBR,TJS_RC_F02_09_2016_T02_09_2026.dbf,10,87.7945,8.77945,0.1139023515,1.0,False,0.024807019550761034,0.015689804172456023,0.004745948148199064,-0.001249085653375337,-0.009289340617054997,0.02990549614523741,0.01517046450542825,1.0,0.02990549614523741,0.007069658944474311,0.6607142857142855,0.02990549614523741,0.0013108527625564914,0.6440228375101053,0.052796621246479214,0.015483742914301546,0.6621747631222749,0.015139321296828996,0.012016523709615465,0.010306804857922118,0,-0.8660254037844386,0.5000000000000001,-0.9749279121818236,-0.2225209339563146,True,True,1,0.0,-91.0003852094,0.6806354161310455,0.641512865444681,H002_combined_factors,3,per_corridor,logistic,2025,0.6487232574189096,26,"{""C"": 0.1, ""class_weight"": ""balanced""}"
2025-10-25,RUB_TJS,TJS,CBR,TJS_RC_F02_09_2016_T02_09_2026.dbf,10,87.5451,8.75451,0.1142268385,1.0,False,-0.0036623574975331863,-0.008691841603755801,-0.0028407246467604397,0.0018917415695618445,-0.015392453581394183,0.0,-0.0066462545914688365,0.0,0.026979818218503704,0.0027308334253461908,0.6762025167587904,0.026979818218503704,0.0007100809780371531,0.5960760937176007,0.04634160334083126,0.009415085683248448,0.6084043371149702,0.0057999320636274885,0.010840780738756937,0.010186981910712893,2,-0.8660254037844386,0.5000000000000001,-0.9749279121818236,-0.2225209339563146,True,True,0,315.8029404273,-9.3753823041,0.6707118786750366,0.641512865444681,H002_combined_factors,3,per_corridor,logistic,2025,0.6487232574189096,26,"{""C"": 0.1, ""class_weight"": ""balanced""}"
2025-11-02,RUB_TJS,TJS,CBR,TJS_RC_F02_09_2016_T02_09_2026.dbf,10,87.2774,8.72774,0.1145771987,1.0,False,0.00045737211634899744,0.021072532471027028,0.029452562148798656,-0.011391761277073309,-0.020495243738749003,0.021072532471027028,0.008854324401177172,1.0,0.029452562148798656,0.003524744210272601,0.6458872219348188,0.029452562148798656,0.002802484422950391,0.6458872219348188,0.04314204508783548,0.0046627617411227895,0.5663983429835715,0.00802403881038855,0.012993858474747174,0.011824745959512831,0,-0.5000000000000004,0.8660254037844384,-0.7818314824680299,0.6234898018587334,True,True,1,0.0,-39.7718010338,0.6746501097579678,0.641512865444681,H002_combined_factors,3,per_corridor,logistic,2025,0.6487232574189096,26,"{""C"": 0.1, ""class_weight"": ""balanced""}"
2025-11-07,RUB_TJS,TJS,CBR,TJS_RC_F02_09_2016_T02_09_2026.dbf,10,87.7318,8.77318,0.113983755,1.0,False,0.0021211681616886136,0.005666141280985748,0.02638863215725551,-0.010317395855894862,0.0023753511897892654,0.0119206489631285,0.004966653386518027,1.0,0.034812291520209815,0.010703234794573913,0.9562287380528102,0.034812291520209815,0.008142887906417595,0.7634247284014491,0.04857304721768707,0.008952327491868806,0.6377002620471051,0.005483381659387412,0.013001507252216061,0.011469561459660757,0,-0.5000000000000004,0.8660254037844384,-0.433883739117558,-0.9009688679024191,True,True,1,18.5337585687,-25.8317697627,0.6561135337042414,0.641512865444681,H002_combined_factors,3,per_corridor,logistic,2025,0.6487232574189096,26,"{""C"": 0.1, ""class_weight"": ""balanced""}"
2025-11-15,RUB_TJS,TJS,CBR,TJS_RC_F02_09_2016_T02_09_2026.dbf,10,87.4276,8.74276,0.1143803559,1.0,False,0.006533494665559969,-0.002756951407163033,-0.001617006892834283,0.008411929645679495,0.020524271821994677,0.006533494665559969,0.000567877627750013,0.7013099357390068,0.006533494665559969,2.7566425649272475e-05,0.6510267293793817,0.03122419804577481,0.0017352391383420596,0.6847387480600123,0.04493723989396159,0.0033564339773992646,0.5899668910543083,0.005787674825635262,0.004516553519054417,0.011017059496677643,0,-0.5000000000000004,0.8660254037844384,-0.9749279121818236,-0.2225209339563146,True,True,1,0.0,-2.4401648852,0.6945681423449005,0.641512865444681,H002_combined_factors,3,per_corridor,logistic,2025,0.6487232574189096,26,"{""C"": 0.1, ""class_weight"": ""balanced""}"
2025-11-22,RUB_TJS,TJS,CBR,TJS_RC_F02_09_2016_T02_09_2026.dbf,10,85.0559,8.50559,0.1175697394,1.0,False,-0.021992995172970375,-0.025937691821421693,-0.027127588999354968,-0.028700730393791396,-0.031991569066394776,0.0,-0.020067352015087914,0.0,0.0,-0.0233320748338689,0.0,0.0032495718349996316,-0.0215632275935691,0.09334553093447091,0.012010018263699296,-0.026179341813502344,0.16839611624570341,0.009301751180036373,0.007789809560084836,0.010352418255873387,4,-0.5000000000000004,0.8660254037844384,-0.9749279121818236,-0.2225209339563146,True,True,1,13.8497153049,103.1948995968,0.6913701491919105,0.641512865444681,H002_combined_factors,3,per_corridor,logistic,2025,0.6487232574189096,26,"{""C"": 0.1, ""class_weight"": ""balanced""}"
2025-11-28,RUB_TJS,TJS,CBR,TJS_RC_F02_09_2016_T02_09_2026.dbf,10,84.2661,8.42661,0.1186716841,1.0,False,-0.0037631052534509157,-0.007911643891257203,-0.03107443376115049,-0.0298641148237222,-0.01415715719697419,0.0,-0.005884042042893611,0.0,0.0,-0.020371792330598937,0.0,0.0,-0.027908462738602258,0.0,0.0,-0.03488485226509341,0.0,0.009023381507458026,0.007341711062678903,0.006951969796079152,2,-0.5000000000000004,0.8660254037844384,-0.433883739117558,-0.9009688679024191,True,True,1,2.8006517449,27.6113494616,0.6426944470824694,0.641512865444681,H002_combined_factors,3,per_corridor,logistic,2025,0.6487232574189096,26,"{""C"": 0.1, ""class_weight"": ""balanced""}"
2025-12-05,RUB_TJS,TJS,CBR,TJS_RC_F02_09_2016_T02_09_2026.dbf,10,83.2072,8.32072,0.1201819073,1.0,False,-0.012098373190290057,-0.00736301124732186,-0.012566144629928333,-0.04325009256214307,-0.05157308980324127,0.0,-0.007230838468958112,0.0,0.0,-0.012835000513115369,0.0,0.0,-0.030378570610357647,0.0,0.0,-0.04379360446742664,0.0,0.007274208874510929,0.007976409990012012,0.006389795133525856,1,-2.4492935982947064e-16,1.0,-0.433883739117558,-0.9009688679024191,True,True,0,109.7861723505,-12.8174978099,0.6876153545742069,0.641512865444681,H002_combined_factors,3,per_corridor,logistic,2025,0.6487232574189096,26,"{""C"": 0.1, ""class_weight"": ""balanced""}"
2025-01-31,RUB_UZS,UZS,CBR,UZS_RC_F02_09_2016_T02_09_2026.dbf,10000,75.5734,0.00755734,132.3216899068,1.0,False,0.0004461230319949827,0.009055319967100628,-0.009364537973306386,-0.043153034183867844,-0.02371174374006091,0.009055319967100628,0.0015319821145063361,0.8334767113186652,0.009055319967100628,-0.010772240981114845,0.16316219987489736,0.009055319967100628,-0.02441574723784068,0.1400169292070104,0.009055319967100628,-0.03766838188656818,0.06527178934400962,0.007711396935345051,0.009852156521568711,0.008974922290437885,0,0.49999999999999994,0.8660254037844387,-0.433883739117558,-0.9009688679024191,True,True,1,11.2208793041,-18.3298459471,0.7340386962401932,0.7302725913322204,H002_combined_factors,3,per_corridor,logistic,2025,0.6886317115414896,26,"{""C"": 10.0, ""class_weight"": ""balanced""}"
2025-02-08,RUB_UZS,UZS,CBR,UZS_RC_F02_09_2016_T02_09_2026.dbf,10000,75.0019,0.00750019,133.3299556411,1.0,False,0.004973824444900021,-0.011606086243750258,-0.006447331120195576,-0.009338400108837908,-0.04767594376097517,0.004973824444900021,-0.00784890688884643,0.1548860886255559,0.004973824444900021,-0.006656425333115723,0.1548860886255559,0.004973824444900021,-0.022570936909138695,0.0726674758231875,0.004973824444900021,-0.0440277176504148,0.034838431144356814,0.014159981245442679,0.010542281664299102,0.009961766063650469,0,0.8660254037844386,0.5000000000000001,-0.9749279121818236,-0.2225209339563146,True,True,1,40.9456293774,12.0651196857,0.7482357617311677,0.7302725913322204,H002_combined_factors,3,per_corridor,logistic,2025,0.6886317115414896,26,"{""C"": 10.0, ""class_weight"": ""balanced""}"
2025-02-22,RUB_UZS,UZS,CBR,UZS_RC_F02_09_2016_T02_09_2026.dbf,10000,68.1888,0.00681888,146.6516495378,1.0,False,-0.00232341735481556,-0.030898385370699555,-0.018132965480697094,-0.09083903207785404,-0.0993291409596494,0.0,-0.017423283745886198,0.0,0.0,-0.03623571553655214,0.0,0.0,-0.06754860244011485,0.0,0.0,-0.11873654140072576,0.0,0.012126945508742623,0.012581608191130531,0.012112907262854734,4,0.8660254037844386,0.5000000000000001,-0.9749279121818236,-0.2225209339563146,True,True,1,0.0,82.397769482,0.7790015086901301,0.7302725913322204,H002_combined_factors,3,per_corridor,logistic,2025,0.6886317115414896,26,"{""C"": 10.0, ""class_weight"": ""balanced""}"
2025-04-05,RUB_UZS,UZS,CBR,UZS_RC_F02_09_2016_T02_09_2026.dbf,10000,65.228,0.0065228,153.3083951677,1.0,False,-0.0016713296560000312,-0.005705592639282608,0.006558338348533255,-0.0038150334922676388,-0.054661186441660625,0.0,-0.005041602525499234,0.0,0.006558338348533255,-0.0003504934110458713,0.302383493418711,0.03589289145739327,-0.0048019055660332155,0.41455272473816385,0.03589289145739327,-0.07658658298482279,0.1347623874545343,0.011802756594303717,0.008780829450133344,0.013150784173545305,4,0.8660254037844387,-0.49999999999999983,-0.9749279121818236,-0.2225209339563146,True,True,1,0.0,43.9109674499,0.7493833959519978,0.7302725913322204,H002_combined_factors,3,per_corridor,logistic,2025,0.6886317115414896,26,"{""C"": 10.0, ""class_weight"": ""balanced""}"
2025-05-17,RUB_UZS,UZS,CBR,UZS_RC_F02_09_2016_T02_09_2026.dbf,10000,62.296,0.0062296,160.5239501734,1.0,False,0.006820312247470595,-0.0026799693900748656,-0.004254965458375781,-0.022155947101989537,-0.023014734134732318,0.006820312247470595,8.829596808501705e-05,0.4558219917908836,0.006820312247470595,-0.004888976496939534,0.2721000709265589,0.006820312247470595,-0.011332083849818653,0.1756065082601644,0.006820312247470595,-0.047915760657551765,0.049711976816784346,0.005961517616867469,0.0070260997930965295,0.007279484308152851,0,0.49999999999999994,-0.8660254037844387,-0.9749279121818236,-0.2225209339563146,True,True,1,6.7901630923,-13.1711161281,0.7654315868145921,0.7302725913322204,H002_combined_factors,3,per_corridor,logistic,2025,0.6886317115414896,26,"{""C"": 10.0, ""class_weight"": ""balanced""}"
2025-05-31,RUB_UZS,UZS,CBR,UZS_RC_F02_09_2016_T02_09_2026.dbf,10000,61.5723,0.00615723,162.4106944194,1.0,False,0.006461578697876558,0.0007102388157702588,-0.003195741601464963,-0.011617118274046545,-0.03351567711807868,0.006461578697876558,0.0004471540884538605,0.6654882154882127,0.006461578697876558,-0.003186381803723326,0.3089488081281707,0.006461578697876558,-0.009862252653709769,0.17585301837270095,0.006461578697876558,-0.04265523963160789,0.04701474785918105,0.0062405769930793924,0.005437936269679345,0.006139029808400286,0,0.49999999999999994,-0.8660254037844387,-0.9749279121818236,-0.2225209339563146,True,True,1,0.0,1.2248906124,0.7856044187164867,0.7302725913322204,H002_combined_factors,3,per_corridor,logistic,2025,0.6886317115414896,26,"{""C"": 10.0, ""class_weight"": ""balanced""}"
2025-07-05,RUB_UZS,UZS,CBR,UZS_RC_F02_09_2016_T02_09_2026.dbf,10000,62.7792,0.00627792,159.2884267401,1.0,False,0.0033851494548278183,0.01632157484903929,0.006983854048036919,0.004386849052075759,0.02821485017975167,0.01632157484903929,0.008585132064001577,1.0,0.01632157484903929,0.005166313274208356,0.7252715631968957,0.02039184326269483,0.009059875479653368,0.7666361136571972,0.02821485017975167,0.0005259814153941722,0.3124682579989849,0.005788550255625113,0.005638570977091027,0.005981092862146587,0,-0.4999999999999998,-0.8660254037844388,-0.9749279121818236,-0.2225209339563146,True,True,0,53.7757728674,-52.3324517472,0.7332112315201658,0.7302725913322204,H002_combined_factors,3,per_corridor,logistic,2025,0.6886317115414896,26,"{""C"": 10.0, ""class_weight"": ""balanced""}"
2025-07-19,RUB_UZS,UZS,CBR,UZS_RC_F02_09_2016_T02_09_2026.dbf,10000,61.8674,0.00618674,161.6360150903,1.0,False,0.009554207686119254,0.0077978520476893465,0.0035931018932320313,-0.014523918750159348,-0.010200783937285074,0.014063406622585983,0.005407359039604653,0.7684729064039401,0.014063406622585983,0.0035499618401406696,0.5990783410138206,0.014063406622585983,-0.002983600671302211,0.39875447320723,0.014063406622585983,-0.0055738905161084595,0.2625700033662811,0.009327555004230914,0.007638988333653084,0.006606006675789666,0,-0.4999999999999998,-0.8660254037844388,-0.9749279121818236,-0.2225209339563146,True,True,1,0.0,-35.158942845,0.786299157563137,0.7302725913322204,H002_combined_factors,3,per_corridor,logistic,2025,0.6886317115414896,26,"{""C"": 10.0, ""class_weight"": ""balanced""}"
2025-07-26,RUB_UZS,UZS,CBR,UZS_RC_F02_09_2016_T02_09_2026.dbf,10000,62.8702,0.00628702,159.0578684337,1.0,False,0.017447214126077526,0.014731065649840724,0.01620885959325924,0.01986020157058288,0.008443502000198944,0.018135944278813154,0.011938486182182517,1.0,0.030500217999193557,0.016797729703450948,1.0,0.030500217999193557,0.015384963241469318,1.0,0.030500217999193557,0.012088030612064093,0.6351937190646862,0.009103525379057422,0.008788581819059959,0.007504914249372547,0,-0.4999999999999998,-0.8660254037844388,-0.9749279121818236,-0.2225209339563146,True,True,1,0.0,-62.4634882745,0.7969770368847194,0.7302725913322204,H002_combined_factors,3,per_corridor,logistic,2025,0.6886317115414896,26,"{""C"": 10.0, ""class_weight"": ""balanced""}"
2025-08-02,RUB_UZS,UZS,CBR,UZS_RC_F02_09_2016_T02_09_2026.dbf,10000,63.2889,0.00632889,158.0055902378,1.0,False,-0.007790135108441065,-0.036704494949802435,0.00665975295131882,0.0229765595450917,0.008118931110941308,0.0006308400132808423,-0.015699622820861903,0.01627641347801494,0.024916478138567788,0.0011940502507219453,0.38950912635123247,0.037363094867348234,0.013741814260979535,0.4859305052227674,0.037363094867348234,0.0176219904071635,0.4859305052227674,0.023767981353773487,0.016991515557677764,0.012972172472079555,3,-0.8660254037844384,-0.5000000000000004,-0.9749279121818236,-0.2225209339563146,True,True,0,107.0961890632,98.5491193404,0.7756816045097542,0.7302725913322204,H002_combined_factors,3,per_corridor,logistic,2025,0.6886317115414896,26,"{""C"": 10.0, ""class_weight"": ""balanced""}"
2025-08-09,RUB_UZS,UZS,CBR,UZS_RC_F02_09_2016_T02_09_2026.dbf,10000,63.3485,0.00633485,157.8569342605,1.0,False,-0.0022695558222531886,-0.00118725147342158,0.0009417133178171166,0.007607737847183715,0.02761903062490778,0.011777464379319369,-0.0005020485854284606,0.5213149522799598,0.011777464379319369,-0.007688675979419357,0.23869484996601217,0.038339993509197035,0.008164896713169556,0.4986356853549357,0.038339993509197035,0.017359383203842116,0.4986356853549357,0.0105758453709299,0.017357074334391653,0.013402145027939797,2,-0.8660254037844384,-0.5000000000000004,-0.9749279121818236,-0.2225209339563146,True,True,0,76.3080420215,9.3071438581,0.7619936127206002,0.7302725913322204,H002_combined_factors,3,per_corridor,logistic,2025,0.6886317115414896,26,"{""C"": 10.0, ""class_weight"": ""balanced""}"
2025-08-16,RUB_UZS,UZS,CBR,UZS_RC_F02_09_2016_T02_09_2026.dbf,10000,63.6009,0.00636009,157.2304794429,1.0,False,-0.003490866245611013,0.0024793675012135807,0.003984309020734322,0.004929774415418642,0.028019603215910127,0.011704427416801888,0.002012504182870245,0.7675777175046895,0.01580869845762156,0.002745845048949036,0.6997525627430166,0.029969085170436394,0.004434928067052368,0.4684944684944679,0.042477060911924935,0.019604123460128298,0.5524408441696859,0.0065132390097728445,0.008286019215986812,0.013046483531879512,1,-0.8660254037844384,-0.5000000000000004,-0.9749279121818236,-0.2225209339563146,True,True,1,0.0,13.3176312248,0.7500255866221506,0.7302725913322204,H002_combined_factors,3,per_corridor,logistic,2025,0.6886317115414896,26,"{""C"": 10.0, ""class_weight"": ""balanced""}"
2025-08-22,RUB_UZS,UZS,CBR,UZS_RC_F02_09_2016_T02_09_2026.dbf,10000,64.3767,0.00643767,155.3357037562,1.0,False,0.006576385989764955,0.004355864113265051,0.008664492970479776,0.013924457338335472,0.04182735333481147,0.012197940595180423,0.0048719588889838406,1.0,0.024045137922312998,0.00993150217519756,1.0,0.02819947261747524,0.009552347690212848,0.5715210565500282,0.055193134172766944,0.029258330303818525,0.7178213600511625,0.0058668242962823455,0.005765977350822129,0.013071770303028262,0,-0.8660254037844384,-0.5000000000000004,-0.433883739117558,-0.9009688679024191,True,True,1,0.0,27.2336470315,0.7389741814770754,0.7302725913322204,H002_combined_factors,3,per_corridor,logistic,2025,0.6886317115414896,26,"{""C"": 10.0, ""class_weight"": ""balanced""}"
2025-09-06,RUB_UZS,UZS,CBR,UZS_RC_F02_09_2016_T02_09_2026.dbf,10000,65.5742,0.00655742,152.4990011315,1.0,False,-0.0018767837436737267,0.01383909176225373,0.018929081981478024,0.00808166214439976,0.03513421785835491,0.017731954922809656,0.007398690480945547,0.9025912466424358,0.018929081981478024,0.008297897040880464,0.9080879612374173,0.043093862890538404,0.017062823220924894,0.9564680129925134,0.07482125705219178,0.038158277095885484,0.973097420592623,0.004392127238156137,0.005314298308972483,0.005724347558879941,1,-1.0,-1.8369701987210297e-16,-0.9749279121818236,-0.2225209339563146,True,True,1,0.0,-23.5248080489,0.7766372773376433,0.7302725913322204,H002_combined_factors,3,per_corridor,logistic,2025,0.6886317115414896,26,"{""C"": 10.0, ""class_weight"": ""balanced""}"
2025-09-20,RUB_UZS,UZS,CBR,UZS_RC_F02_09_2016_T02_09_2026.dbf,10000,67.8785,0.00678785,147.3220533748,1.0,False,9.1348016790338e-05,0.011558367820168725,0.0013143647826945326,0.035140344830741466,0.0435059993697009,0.015404936820012871,0.006315555390830729,1.0,0.032177961874870764,0.004462617641849187,0.5976333032083139,0.05473460128037799,0.0237198167157171,0.7120189197930137,0.11259084665641694,0.060050419098507835,0.8282210808073496,0.008282350512077883,0.013935255395015469,0.010359677990746215,0,-1.0,-1.8369701987210297e-16,-0.9749279121818236,-0.2225209339563146,True,True,1,0.0,-19.9640322664,0.745277377293019,0.7302725913322204,H002_combined_factors,3,per_corridor,logistic,2025,0.6886317115414896,26,"{""C"": 10.0, ""class_weight"": ""balanced""}"
2025-09-27,RUB_UZS,UZS,CBR,UZS_RC_F02_09_2016_T02_09_2026.dbf,10000,68.5359,0.00685359,145.9089323989,1.0,False,0.0016471021524862017,0.007855685960792114,0.009684951788857976,0.011012046131106068,0.06494965504381867,0.007855685960792114,0.0019806895922567236,0.5301707026597786,0.025239084679283152,0.008972055955808411,0.780894196056648,0.06369845898835513,0.02046076247004991,0.8424920455711783,0.12336623536700886,0.061810854208010246,0.9074851093587974,0.008374821566506095,0.007901393886571958,0.010553013207989393,0,-1.0,-1.8369701987210297e-16,-0.9749279121818236,-0.2225209339563146,True,True,1,39.1765483491,-9.2216028356,0.754564321598693,0.7302725913322204,H002_combined_factors,3,per_corridor,logistic,2025,0.6886317115414896,26,"{""C"": 10.0, ""class_weight"": ""balanced""}"
2025-10-04,RUB_UZS,UZS,CBR,UZS_RC_F02_09_2016_T02_09_2026.dbf,10000,67.685,0.0067685,147.7432222797,1.0,False,0.009661785304599046,-0.011230932395279725,-0.012415391057825076,-0.0028506817328018963,0.03218948915884612,0.009661785304599046,-0.0016257783365848377,0.4572537945640692,0.009661785304599046,-0.006062161754957773,0.32844827586207015,0.029235551013953254,-0.002246180663682873,0.5429846362403983,0.10941920425377072,0.04052372438160967,0.8048904000578746,0.00895405987817302,0.008499092087720924,0.011401823275942495,0,-0.8660254037844386,0.5000000000000001,-0.9749279121818236,-0.2225209339563146,True,True,1,0.0,23.23654423,0.7585372667120349,0.7302725913322204,H002_combined_factors,3,per_corridor,logistic,2025,0.6886317115414896,26,"{""C"": 10.0, ""class_weight"": ""balanced""}"
2025-10-10,RUB_UZS,UZS,CBR,UZS_RC_F02_09_2016_T02_09_2026.dbf,10000,67.4371,0.00674371,148.2863290385,1.0,False,-0.004445054636822321,-0.020091601544904303,0.005963844009230668,-0.01441177846110675,-0.02692660656362189,0.0,-0.007779204311814336,0.0,0.005963844009230668,-0.0077761385500696445,0.22429172510519002,0.008801966231205771,-0.006944764522842428,0.2723317596963804,0.09209347970779103,0.029763595670511123,0.7529293383998198,0.011378067847613211,0.009225592593544742,0.009733555395213707,3,-0.8660254037844386,0.5000000000000001,-0.433883739117558,-0.9009688679024191,True,True,0,69.3238588255,20.9955377084,0.7582855221599762,0.7302725913322204,H002_combined_factors,3,per_corridor,logistic,2025,0.6886317115414896,26,"{""C"": 10.0, ""class_weight"": ""balanced""}"
2025-10-18,RUB_UZS,UZS,CBR,UZS_RC_F02_09_2016_T02_09_2026.dbf,10000,66.5928,0.00665928,150.1663843539,1.0,False,0.030138681558369296,0.011861022728308912,-0.00562643348623848,-0.01613651473738642,-0.018941196402395444,0.030138681558369296,0.014059490612996939,0.997848911651728,0.030138681558369296,-0.0022972118383493,0.46662515268363935,0.030138681558369296,-0.01229828998631377,0.44636638563049813,0.06359415503001853,0.01100280257201014,0.5949851317224785,0.01843249879353423,0.01422300458996578,0.011422458895322325,0,-0.8660254037844386,0.5000000000000001,-0.9749279121818236,-0.2225209339563146,True,True,1,0.0,-87.0104122532,0.8267712981618612,0.7302725913322204,H002_combined_factors,3,per_corridor,logistic,2025,0.6886317115414896,26,"{""C"": 10.0, ""class_weight"": ""balanced""}"
2025-10-24,RUB_UZS,UZS,CBR,UZS_RC_F02_09_2016_T02_09_2026.dbf,10000,67.1573,0.00671573,148.9041399818,1.0,False,-0.012150042731082555,-0.0005223805073192311,0.03887105631569576,-0.004149051486496358,-0.018501034736756017,0.008476892396775515,-0.0017563610861969225,0.4059690758719855,0.03887105631569576,0.009729790195995625,0.7526057266083611,0.03887105631569576,-0.0011985801458076484,0.6018250185615392,0.0726101282360474,0.016593831729901698,0.6793383242928219,0.015116362777013104,0.013810836226281176,0.011444394762036252,1,-0.8660254037844386,0.5000000000000001,-0.433883739117558,-0.9009688679024191,True,True,0,59.6658888907,-0.9956296539,0.7346402056840122,0.7302725913322204,H002_combined_factors,3,per_corridor,logistic,2025,0.6886317115414896,26,"{""C"": 10.0, ""class_weight"": ""balanced""}"
2025-11-02,RUB_UZS,UZS,CBR,UZS_RC_F02_09_2016_T02_09_2026.dbf,10000,67.2637,0.00672637,148.6685983673,1.0,False,-0.003987680097137791,0.016043418890177907,0.03191773340369908,0.0010611319137283637,-0.022611225257847423,0.016043418890177907,0.005865882355755803,0.7977317109809189,0.03191773340369908,0.005603170989032513,0.7430091782436331,0.04051698133638593,0.007905011002282691,0.7473819375089172,0.06021253522813952,0.012268909207062029,0.6519386988872952,0.008706162388406304,0.012107078880004776,0.012441106166327534,1,-0.5000000000000004,0.8660254037844384,-0.7818314824680299,0.6234898018587334,True,True,1,0.0,-19.5157223818,0.7649540516802067,0.7302725913322204,H002_combined_factors,3,per_corridor,logistic,2025,0.6886317115414896,26,"{""C"": 10.0, ""class_weight"": ""balanced""}"
2025-11-07,RUB_UZS,UZS,CBR,UZS_RC_F02_09_2016_T02_09_2026.dbf,10000,67.9799,0.00679799,147.1023052402,1.0,False,0.0006373589493733345,0.006617505515821964,0.026861888534416067,-5.001228242818012e-05,0.003568149138890586,0.012518729687784003,0.006058559265194496,1.0,0.0429052271137349,0.0155791080220411,1.0,0.05159603678580549,0.0186144650209632,0.9989816700611006,0.06885122694804635,0.020783746239814826,0.767935745225611,0.007229116197798513,0.012215403822027538,0.01242154757592329,0,-0.5000000000000004,0.8660254037844384,-0.433883739117558,-0.9009688679024191,True,True,0,61.9153602756,-57.8794976083,0.7388681383753078,0.7302725913322204,H002_combined_factors,3,per_corridor,logistic,2025,0.6886317115414896,26,"{""C"": 10.0, ""class_weight"": ""balanced""}"
2025-11-15,RUB_UZS,UZS,CBR,UZS_RC_F02_09_2016_T02_09_2026.dbf,10000,67.6904,0.00676904,147.7314360677,1.0,False,0.005463247111668235,-0.00032637991508222,0.0019449666217676853,0.008206805541902229,0.04711769756127748,0.007693498636369034,0.0022467132158086045,0.8327425072510346,0.007693498636369034,0.0013883844663669098,0.6409524990698164,0.03846389867327771,0.007415225780450285,0.8953965929788207,0.05181179687985571,0.01109597460758538,0.6739974126778775,0.006628948045867202,0.0063131638951086574,0.011498906201015327,0,-0.5000000000000004,0.8660254037844384,-0.9749279121818236,-0.2225209339563146,True,True,1,44.9546759954,-11.5405760484,0.7866474487708323,0.7302725913322204,H002_combined_factors,3,per_corridor,logistic,2025,0.6886317115414896,26,"{""C"": 10.0, ""class_weight"": ""balanced""}"
2025-11-29,RUB_UZS,UZS,CBR,UZS_RC_F02_09_2016_T02_09_2026.dbf,10000,65.7254,0.00657254,152.1481801556,1.0,False,-0.0020194842267653446,-0.0021255469487774237,-0.009047802127386873,-0.0290292271873116,-0.021060658867967263,0.0,-0.001784854013157422,0.0,0.0,-0.013109608507581583,0.0,0.0,-0.020449565084489252,0.0,0.0167206800269164,-0.02219035416677151,0.2320175156159441,0.002513294893040639,0.007142719622021328,0.006837703701306738,1,-0.5000000000000004,0.8660254037844384,-0.9749279121818236,-0.2225209339563146,True,True,0,99.3375468236,-5.7392784342,0.7568232804281282,0.7302725913322204,H002_combined_factors,3,per_corridor,logistic,2025,0.6886317115414896,26,"{""C"": 10.0, ""class_weight"": ""balanced""}"
2025-12-13,RUB_UZS,UZS,CBR,UZS_RC_F02_09_2016_T02_09_2026.dbf,10000,66.1796,0.00661796,151.1039655725,1.0,False,0.0026984235206775065,0.033089342943089184,0.04045668432215055,0.006910570342668176,-0.022319265361114615,0.033089342943089184,0.015857792557453454,1.0,0.04045668432215055,0.0185254869152236,1.0,0.04045668432215055,0.005964915507480795,0.6152246156788677,0.04045668432215055,-0.009611624139004404,0.4762724412363498,0.010664673392113388,0.012482737484279118,0.010076415705173779,0,-2.4492935982947064e-16,1.0,-0.9749279121818236,-0.2225209339563146,True,True,0,76.7003729246,-88.9798256207,0.7429834297849683,0.7302725913322204,H002_combined_factors,3,per_corridor,logistic,2025,0.6886317115414896,26,"{""C"": 10.0, ""class_weight"": ""balanced""}"
2025-01-18,RUB_KGS,KGS,CBR,KGS_RC_F02_09_2016_T02_09_2026.dbf,10,11.7111,1.17111,0.8538907532,1.0,False,0.0003587627809240601,-0.009900069325848304,-0.0002731703985725531,0.02283029249674673,-0.01566715696574905,0.0003587627809240601,-0.003297066172815888,0.0346248969497187,0.02677608564138989,0.002068979679847205,0.7228402366863925,0.02677608564138989,-0.001104567107782617,0.5356954920189442,0.042014787924085084,0.005594939009511801,0.34086479462932234,0.005256281123060863,0.0068761661891716085,0.007573057290593566,0,0.49999999999999994,0.8660254037844387,-0.9749279121818236,-0.2225209339563146,True,True,1,44.2315410166,12.9501486282,0.7180725348749362,0.610713592395623,H002_combined_factors,3,per_corridor,logistic,2025,0.6410513979574752,26,"{""C"": 10.0, ""class_weight"": ""balanced""}"
2025-01-24,RUB_KGS,KGS,CBR,KGS_RC_F02_09_2016_T02_09_2026.dbf,10,11.3322,1.13322,0.8824411853,1.0,False,0.008337411576277765,-0.028054857495733,-0.03200676524101176,-0.03618085323535414,-0.04279149913842628,0.008337411576277765,-0.012323943661972092,0.19826491747777958,0.008337411576277765,-0.024099124701603025,0.15889435306087643,0.008337411576277765,-0.025604934142219538,0.14439821235937578,0.008337411576277765,-0.02760977738903725,0.06761925380673936,0.011743748591570239,0.009127264196804761,0.009311913590002139,0,0.49999999999999994,0.8660254037844387,-0.433883739117558,-0.9009688679024191,True,True,0,84.4496214327,5.1659140392,0.6810292639672546,0.610713592395623,H002_combined_factors,3,per_corridor,logistic,2025,0.6410513979574752,26,"{""C"": 10.0, ""class_weight"": ""balanced""}"
2025-01-31,RUB_KGS,KGS,CBR,KGS_RC_F02_09_2016_T02_09_2026.dbf,10,11.2071,1.12071,0.8922914938,1.0,False,-6.245650350644727e-05,0.009003250173312605,-0.011039339228040235,-0.04269277092996426,-0.023737760897592275,0.009003250173312605,0.0013312842872714725,0.772797527047917,0.009003250173312605,-0.011100424427992861,0.1655629139072849,0.009003250173312605,-0.025201707599653567,0.13867702121758457,0.009003250173312605,-0.03757519547603383,0.06591523301034874,0.007967232517715934,0.009720843582570532,0.008865834193540128,1,0.49999999999999994,0.8660254037844387,-0.433883739117558,-0.9009688679024191,True,True,1,19.8981003114,-21.8194174931,0.6388610613283953,0.610713592395623,H002_combined_factors,3,per_corridor,logistic,2025,0.6410513979574752,26,"{""C"": 10.0, ""class_weight"": ""balanced""}"
2025-02-07,RUB_KGS,KGS,CBR,KGS_RC_F02_09_2016_T02_09_2026.dbf,10,11.0818,1.10818,0.9023804797,1.0,False,-0.01168307648401834,-0.030344924137689744,-0.011180412417128527,-0.02209632727978672,-0.05747771654079059,0.0,-0.013642982515478352,0.0,0.0,-0.011757110090925282,0.0,0.0,-0.0290059266580448,0.0,0.0,-0.047586579912956006,0.0,0.014270359359199866,0.010895879055051369,0.009811190817900129,3,0.8660254037844386,0.5000000000000001,-0.433883739117558,-0.9009688679024191,True,True,1,0.0,100.6618054297,0.6393190732897934,0.610713592395623,H002_combined_factors,3,per_corridor,logistic,2025,0.6410513979574752,26,"{""C"": 10.0, ""class_weight"": ""balanced""}"
2025-02-15,RUB_KGS,KGS,CBR,KGS_RC_F02_09_2016_T02_09_2026.dbf,10,10.327,1.0327,0.9683354314,1.0,False,-0.007925452711465608,-0.05733402707414814,-0.07161350641878539,-0.07669336957299189,-0.11818701915276975,0.0,-0.03509788239163436,0.0,0.0,-0.05799097670837772,0.0,0.0,-0.0714386227403574,0.0,0.0,-0.10782615381669192,0.0,0.010891722757155699,0.014087920781466465,0.011864512946077937,5,0.8660254037844386,0.5000000000000001,-0.9749279121818236,-0.2225209339563146,True,True,1,0.0,172.2229926124,0.7263333056139373,0.610713592395623,H002_combined_factors,3,per_corridor,logistic,2025,0.6410513979574752,26,"{""C"": 10.0, ""class_weight"": ""balanced""}"
2025-02-22,RUB_KGS,KGS,CBR,KGS_RC_F02_09_2016_T02_09_2026.dbf,10,10.0821,1.00821,0.9918568552,1.0,False,-0.003863178279255308,-0.034725413602941235,-0.023714534714825097,-0.09362976014959179,-0.10273661727406225,0.0,-0.02009361599558368,0.0,0.0,-0.0394102750258678,0.0,0.0,-0.0706923973492597,0.0,0.0,-0.12102994763022468,0.0,0.0123375767814149,0.012166294163969058,0.01206430150923476,4,0.8660254037844386,0.5000000000000001,-0.9749279121818236,-0.2225209339563146,True,True,1,0.0,93.2772967692,0.757903571134019,0.610713592395623,H002_combined_factors,3,per_corridor,logistic,2025,0.6410513979574752,26,"{""C"": 10.0, ""class_weight"": ""balanced""}"
2025-02-28,RUB_KGS,KGS,CBR,KGS_RC_F02_09_2016_T02_09_2026.dbf,10,10.0282,1.00282,0.99718793,1.0,False,0.020588444824392704,-0.005780002974272502,-0.009188633758842712,-0.03663000144099138,-0.10519224420233608,0.020588444824392704,0.004242006681461019,0.7762854950115126,0.020588444824392704,-0.01315019046766186,0.32121308351857786,0.020588444824392704,-0.0544050428210755,0.12622449616272588,0.020588444824392704,-0.11581948840873457,0.07229389272058061,0.014213571610305467,0.012731363477370694,0.013260890538534117,0,0.8660254037844386,0.5000000000000001,-0.433883739117558,-0.9009688679024191,True,True,1,0.0,-10.4243464819,0.6363902011999083,0.610713592395623,H002_combined_factors,3,per_corridor,logistic,2025,0.6410513979574752,26,"{""C"": 10.0, ""class_weight"": ""balanced""}"
2025-03-08,RUB_KGS,KGS,CBR,KGS_RC_F02_09_2016_T02_09_2026.dbf,10,10.1928,1.01928,0.9810846872,1.0,False,-0.004959194033347658,-0.0012542133730499838,0.009948079743173022,0.01097985538727042,-0.0836779459887087,0.0,-0.0029560736455568337,0.0,0.037340090984032015,0.008642852477769525,0.8312188491164485,0.037340090984032015,-0.010465409781954649,0.29560103126007065,0.037340090984032015,-0.08399279018472994,0.1706591004232754,0.0065716295398054745,0.010694542327651144,0.012462878095154159,2,1.0,6.123233995736766e-17,-0.9749279121818236,-0.2225209339563146,True,True,0,83.9808492269,7.3527249199,0.7070247373555264,0.610713592395623,H002_combined_factors,3,per_corridor,logistic,2025,0.6410513979574752,26,"{""C"": 10.0, ""class_weight"": ""balanced""}"
2025-03-14,RUB_KGS,KGS,CBR,KGS_RC_F02_09_2016_T02_09_2026.dbf,10,9.905,0.9905,1.0095911156,1.0,False,-1.0095809229504482e-05,-0.020005540604717487,-0.033054785426998246,-0.01228535529805952,-0.04846534415677983,0.0005960137790304021,-0.009682218471801285,0.020088525706506308,0.0005960137790304021,-0.019538940785299164,0.016023900054320778,0.008050153166631047,-0.022414877059171112,0.12559542711972158,0.008050153166631047,-0.10107607682555075,0.03679240894925382,0.008616202095711782,0.008907775258531684,0.010767880373970872,1,1.0,6.123233995736766e-17,-0.433883739117558,-0.9009688679024191,True,True,0,121.1509338718,-23.651393495,0.6118248610263317,0.610713592395623,H002_combined_factors,3,per_corridor,logistic,2025,0.6410513979574752,26,"{""C"": 10.0, ""class_weight"": ""balanced""}"
2025-03-22,RUB_KGS,KGS,CBR,KGS_RC_F02_09_2016_T02_09_2026.dbf,10,9.8527,0.98527,1.0149502167,1.0,False,0.002890791201408671,0.05191962760505642,0.00691875319366364,-0.03336669021269911,-0.02275319625871597,0.05191962760505642,0.01852904751764095,1.0,0.05191962760505642,0.0056987588893187,0.656452483801295,0.05191962760505642,-0.009894821360112105,0.53979353979354,0.05191962760505642,-0.08775097333907378,0.1928996429988099,0.024350349559563573,0.018016325605050957,0.014594245730488753,0,1.0,6.123233995736766e-17,-0.9749279121818236,-0.2225209339563146,True,True,0,180.2551584845,-127.3835780175,0.6247655583724296,0.610713592395623,H002_combined_factors,3,per_corridor,logistic,2025,0.6410513979574752,26,"{""C"": 10.0, ""class_weight"": ""balanced""}"
2025-03-29,RUB_KGS,KGS,CBR,KGS_RC_F02_09_2016_T02_09_2026.dbf,100,96.8534,0.968534,1.0324882761,1.0,False,-0.0006737605849026496,-0.005315751096322319,-0.01698620682655516,-0.010184977005620932,-0.040333320122071914,0.001058386993416205,-0.002111102296248779,0.15841584158416164,0.03405150324564388,-0.00044428872265189767,0.6558502981698542,0.03405150324564388,-0.01976667014990674,0.3540237540237542,0.03405150324564388,-0.08957529810427278,0.12955560971646757,0.009128392965804115,0.017536186247312995,0.013634971819051735,2,1.0,6.123233995736766e-17,-0.9749279121818236,-0.2225209339563146,True,True,1,0.0,45.6230542882,0.6982487694701369,0.610713592395623,H002_combined_factors,3,per_corridor,logistic,2025,0.6410513979574752,26,"{""C"": 10.0, ""class_weight"": ""balanced""}"
2025-04-05,RUB_KGS,KGS,CBR,KGS_RC_F02_09_2016_T02_09_2026.dbf,100,97.1287,0.971287,1.0295618082,1.0,False,-0.001909273540942058,-0.008198579416654028,0.0028424402240911917,-0.014192048880002361,-0.047085197394239,0.0,-0.006156936601725449,0.0,0.003903835619270213,-0.002727673347820314,0.18134242366045794,0.036990732832251405,-0.005659514137421828,0.4676970842332609,0.036990732832251405,-0.07355474163248721,0.14073848403607112,0.01150803728712916,0.010017742229701868,0.0142196440863489,4,0.8660254037844387,-0.49999999999999983,-0.9749279121818236,-0.2225209339563146,True,True,1,0.0,50.2477190893,0.7735019334447414,0.610713592395623,H002_combined_factors,3,per_corridor,logistic,2025,0.6410513979574752,26,"{""C"": 10.0, ""class_weight"": ""balanced""}"
2025-04-12,RUB_KGS,KGS,CBR,KGS_RC_F02_09_2016_T02_09_2026.dbf,100,96.0595,0.960595,1.0410214502,1.0,False,-0.011902288292328644,-0.021500414586096417,-0.011008074853261718,-0.008196924423923169,-0.018298415942769597,0.0,-0.018236008461651854,0.0,0.0,-0.01766695198037349,0.0,0.025575461223095175,-0.013172915739414037,0.4281654393365259,0.025575461223095175,-0.06921171094606482,0.10447468271621074,0.015050250833576211,0.01271294858148891,0.014907297155151654,2,0.8660254037844387,-0.49999999999999983,-0.9749279121818236,-0.2225209339563146,True,True,0,147.2420739229,63.6551788749,0.725090892336453,0.610713592395623,H002_combined_factors,3,per_corridor,logistic,2025,0.6410513979574752,26,"{""C"": 10.0, ""class_weight"": ""balanced""}"
2025-04-18,RUB_KGS,KGS,CBR,KGS_RC_F02_09_2016_T02_09_2026.dbf,100,94.0235,0.940235,1.0635638963,1.0,False,-0.004795896550045198,-0.0065676934146616794,-0.032845213677499485,-0.03381818742325138,-0.04294962490966281,0.0,-0.006759320607254926,0.0,0.0,-0.02425257488831778,0.0,0.0,-0.03015905335824587,0.0,0.003838187564058737,-0.07711927974141197,0.017432838715934516,0.007210889333981976,0.011077989784979248,0.010397460986281267,1,0.8660254037844387,-0.49999999999999983,-0.433883739117558,-0.9009688679024191,True,True,0,92.4768807798,-22.0063579676,0.6235062305999571,0.610713592395623,H002_combined_factors,3,per_corridor,logistic,2025,0.6410513979574752,26,"{""C"": 10.0, ""class_weight"": ""balanced""}"
2025-04-25,RUB_KGS,KGS,CBR,KGS_RC_F02_09_2016_T02_09_2026.dbf,100,94.8905,0.948905,1.0538462754,1.0,False,0.0022328053392985936,0.020673669038437703,0.009221098980573883,-0.02392698366328383,-0.020926818044402218,0.020673669038437703,0.01063176027502144,1.0,0.020673669038437703,0.006498772086453775,0.6218052410223235,0.020673669038437703,-0.012299610240845027,0.305549814794207,0.020673669038437703,-0.05466805539548936,0.09016066611938554,0.007833776317348998,0.008393169755224524,0.010233298426842582,0,0.8660254037844387,-0.49999999999999983,-0.433883739117558,-0.9009688679024191,True,True,1,39.3822353133,-66.3142977645,0.6481359325058035,0.610713592395623,H002_combined_factors,3,per_corridor,logistic,2025,0.6410513979574752,26,"{""C"": 10.0, ""class_weight"": ""balanced""}"
2025-05-01,RUB_KGS,KGS,CBR,KGS_RC_F02_09_2016_T02_09_2026.dbf,100,93.1885,0.931885,1.073093783,1.0,False,-0.0008373844441633693,-0.014053586240753035,-0.015743706900467003,-0.013634063884602199,-0.04366632971927331,0.0,-0.009171399201370112,0.0,0.0023663929180313126,-0.007418333307237734,0.11446409989594059,0.0023663929180313126,-0.022025814988107517,0.034974484523790254,0.0023663929180313126,-0.05982690407285429,0.01204324620227168,0.005372911848037049,0.006895217049024289,0.009024961659583365,4,0.49999999999999994,-0.8660254037844387,0.43388373911755823,-0.900968867902419,True,True,1,0.0,39.8653047713,0.6157360407564691,0.610713592395623,H002_combined_factors,3,per_corridor,logistic,2025,0.6410513979574752,26,"{""C"": 10.0, ""class_weight"": ""balanced""}"
2025-05-16,RUB_KGS,KGS,CBR,KGS_RC_F02_09_2016_T02_09_2026.dbf,100,91.8392,0.918392,1.0888596591,1.0,False,0.0011184194748878884,-0.007107288267893086,-0.008040300874020856,-0.028329355204577356,-0.043934228264773334,0.0011184194748878884,-0.00315164861310524,0.1349999999999973,0.0011184194748878884,-0.010085381957420259,0.038623701249810655,0.0011184194748878884,-0.017228664492116352,0.03253115190716167,0.0011184194748878884,-0.055932769985637454,0.008002870425259514,0.0024452356082584957,0.005385530701049836,0.006523561409276679,0,0.49999999999999994,-0.8660254037844387,-0.433883739117558,-0.9009688679024191,True,True,1,0.0,37.0097440964,0.7189091005721191,0.610713592395623,H002_combined_factors,3,per_corridor,logistic,2025,0.6410513979574752,26,"{""C"": 10.0, ""class_weight"": ""balanced""}"
2025-05-23,RUB_KGS,KGS,CBR,KGS_RC_F02_09_2016_T02_09_2026.dbf,100,91.1786,0.911786,1.0967485792,1.0,False,-0.00021710907208905006,-0.008431398776995835,-0.00719300690772573,-0.01517547384201956,-0.02120574532494579,0.0,-0.005736892438446439,0.0,0.0,-0.008034737377026535,0.0,0.0,-0.01805199870356744,0.0,0.0,-0.05365720452916767,0.0,0.004761929853362485,0.0035699220306642057,0.0056852687603478795,4,0.49999999999999994,-0.8660254037844387,-0.433883739117558,-0.9009688679024191,True,True,1,3.1257334506,21.3175546427,0.7689260135483627,0.610713592395623,H002_combined_factors,3,per_corridor,logistic,2025,0.6410513979574752,26,"{""C"": 10.0, ""class_weight"": ""balanced""}"
2025-05-30,RUB_KGS,KGS,CBR,KGS_RC_F02_09_2016_T02_09_2026.dbf,100,89.7621,0.897621,1.1140559323,1.0,False,-0.013903460155535119,-0.014585462621321432,-0.015535443623832745,-0.022616703978257657,-0.05030534254227825,0.0,-0.011592158286024556,0.0,0.0,-0.016411064809827902,0.0,0.0,-0.02450864685039733,0.0,0.0,-0.060997520687655404,0.0,0.006035465295056013,0.005200984182422704,0.0051615571631401964,9,0.49999999999999994,-0.8660254037844387,-0.433883739117558,-0.9009688679024191,True,True,1,0.0,67.7797473565,0.7051982579752206,0.610713592395623,H002_combined_factors,3,per_corridor,logistic,2025,0.6410513979574752,26,"{""C"": 10.0, ""class_weight"": ""balanced""}"
2025-06-06,RUB_KGS,KGS,CBR,KGS_RC_F02_09_2016_T02_09_2026.dbf,100,90.4828,0.904828,1.1051824214,1.0,False,0.007958257025857618,-1.6577461504407864e-05,0.008029001104029376,-0.007631176613810742,-0.022690843734743504,0.007958257025857618,0.003566054075541114,0.9979047352982278,0.008029001104029376,-5.812921616410449e-05,0.5192363112391903,0.008029001104029376,-0.007892264469009924,0.2635582373377208,0.008029001104029376,-0.043393724284006674,0.0637229330055965,0.005632733066119184,0.0060409469362054475,0.004845638850290217,0,1.2246467991473532e-16,-1.0,-0.433883739117558,-0.9009688679024191,True,True,1,0.0,-13.8560563804,0.7514503641137081,0.610713592395623,H002_combined_factors,3,per_corridor,logistic,2025,0.6410513979574752,26,"{""C"": 10.0, ""class_weight"": ""balanced""}"
2025-06-12,RUB_KGS,KGS,CBR,KGS_RC_F02_09_2016_T02_09_2026.dbf,100,90.3405,0.903405,1.1069232515,1.0,False,0.005120143123687804,-0.002116376401298581,0.006373066691619744,-0.007549350362581975,-0.015218571431685923,0.005120143123687804,-0.00010403996019925366,0.7060447990181004,0.006443699512377776,0.001740672796981091,0.7511688311688287,0.006443699512377776,-0.005339910047288621,0.22263279445727524,0.006443699512377776,-0.03864796811487292,0.060905367127528615,0.00571453448178797,0.006694392219779576,0.005132218288132644,0,1.2246467991473532e-16,-1.0,0.43388373911755823,-0.900968867902419,True,True,1,0.0,-1.5072240791,0.6583572108174555,0.610713592395623,H002_combined_factors,3,per_corridor,logistic,2025,0.6410513979574752,26,"{""C"": 10.0, ""class_weight"": ""balanced""}"
2025-06-20,RUB_KGS,KGS,CBR,KGS_RC_F02_09_2016_T02_09_2026.dbf,100,89.7472,0.897472,1.11424089,1.0,False,-0.0029661986664325513,-0.0002896187280835294,-0.0014808584306015282,-0.004704374114186893,-0.02270764707483719,0.0,-0.0025535425957933233,0.0,0.0,-0.0039844086235111265,0.0,0.0,-0.00725890599504897,0.0,0.0,-0.04067242890452749,0.0,0.004499291518770563,0.004852228876133092,0.005061191495407145,1,1.2246467991473532e-16,-1.0,-0.433883739117558,-0.9009688679024191,True,True,1,0.0,9.7973034755,0.7473016563315681,0.610713592395623,H002_combined_factors,3,per_corridor,logistic,2025,0.6410513979574752,26,"{""C"": 10.0, ""class_weight"": ""balanced""}"
2025-06-27,RUB_KGS,KGS,CBR,KGS_RC_F02_09_2016_T02_09_2026.dbf,100,89.599,0.89599,1.1160838849,1.0,False,-0.0004729957363451831,0.00037514486620948695,-0.001651304998930403,-0.0031297180806028058,-0.015867123004802197,0.00037514486620948695,-0.0009041026725221668,0.1283422459893055,0.00037514486620948695,-0.002555090521362491,0.043349245258676325,0.00037514486620948695,-0.004902022847971144,0.022977501196744975,0.00037514486620948695,-0.0354017778554665,0.0034662760228609435,0.002098813443114655,0.0033098953251404907,0.0049721741658854636,2,1.2246467991473532e-16,-1.0,-0.433883739117558,-0.9009688679024191,True,True,1,0.0,12.7596699524,0.7534567520054647,0.610713592395623,H002_combined_factors,3,per_corridor,logistic,2025,0.6410513979574752,26,"{""C"": 10.0, ""class_weight"": ""balanced""}"
2025-07-03,RUB_KGS,KGS,CBR,KGS_RC_F02_09_2016_T02_09_2026.dbf,100,89.9417,0.899417,1.1118313307,1.0,False,0.0030087463296750716,0.0017218509117680192,0.0033500146137832587,-0.0008054284768402864,-0.005996620408181275,0.0038248194734316066,0.00198164472055673,1.0,0.004201399201030798,0.002283679254334592,1.0,0.004201399201030798,-1.1173780019024804e-05,0.3892624392262373,0.004201399201030798,-0.026240573830903058,0.038820228196505546,0.0018882320849910531,0.002190464698302263,0.0036899159312641567,0,-0.4999999999999998,-0.8660254037844388,0.43388373911755823,-0.900968867902419,True,True,1,0.0,0.2493616659,0.6459359900086489,0.610713592395623,H002_combined_factors,3,per_corridor,logistic,2025,0.6410513979574752,26,"{""C"": 10.0, ""class_weight"": ""balanced""}"
2025-07-10,RUB_KGS,KGS,CBR,KGS_RC_F02_09_2016_T02_09_2026.dbf,100,89.3913,0.893913,1.1186770972,1.0,False,5.705578713488535e-05,-0.00840607393751025,-0.006119519644391946,-0.002790005510846627,-0.012401423871277184,5.705578713488535e-05,-0.0046206133069121025,0.006685017695623574,5.705578713488535e-05,-0.00438536308498616,0.006685017695623574,5.705578713488535e-05,-0.004782241805897036,0.00534423137377265,5.705578713488535e-05,-0.02511303491291117,0.0005587449055601941,0.00341783258085749,0.002787756808690237,0.0033353524923188365,0,-0.4999999999999998,-0.8660254037844388,0.43388373911755823,-0.900968867902419,True,True,1,36.7373558724,6.5719013924,0.6436595755842703,0.610713592395623,H002_combined_factors,3,per_corridor,logistic,2025,0.6410513979574752,26,"{""C"": 10.0, ""class_weight"": ""balanced""}"
2025-07-17,RUB_KGS,KGS,CBR,KGS_RC_F02_09_2016_T02_09_2026.dbf,100,89.1464,0.891464,1.1217502894,1.0,False,1.1217515478723072e-06,0.0009375396489448296,-0.00273964021107187,-0.008842394573373658,-0.009640701133821095,0.0009375396489448296,-0.0007460799417482455,0.14818101153505558,0.0009375396489448296,-0.004057776589575068,0.0768735039587578,0.0009375396489448296,-0.005319940073545748,0.0768735039587578,0.0009375396489448296,-0.021651941833185417,0.014328368453566309,0.004450382540698442,0.0037581231415405266,0.003022013204079515,0,-0.4999999999999998,-0.8660254037844388,0.43388373911755823,-0.900968867902419,True,True,1,0.0,23.4455699064,0.6356393416603667,0.610713592395623,H002_combined_factors,3,per_corridor,logistic,2025,0.6410513979574752,26,"{""C"": 10.0, ""class_weight"": ""balanced""}"
2025-07-24,RUB_KGS,KGS,CBR,KGS_RC_F02_09_2016_T02_09_2026.dbf,100,89.7866,0.897866,1.1137519407,1.0,False,0.0055087256018553354,0.0026241853858557374,0.007181445352812954,0.004422130565278737,0.001619787285785268,0.0055087256018553354,0.0029619720147486817,1.0,0.008125717891512618,0.004692996983233444,1.0,0.008125717891512618,0.002349733388764763,0.6662677223347472,0.008125717891512618,-0.010865577721985265,0.124184913171804,0.0031829957745455775,0.0037935508417374507,0.0032612711764107953,0,-0.4999999999999998,-0.8660254037844388,0.43388373911755823,-0.900968867902419,True,True,1,0.0,36.1185159115,0.6340299571969239,0.610713592395623,H002_combined_factors,3,per_corridor,logistic,2025,0.6410513979574752,26,"{""C"": 10.0, ""class_weight"": ""balanced""}"
2025-08-02,RUB_KGS,KGS,CBR,KGS_RC_F02_09_2016_T02_09_2026.dbf,100,91.8569,0.918569,1.0886498456,1.0,False,0.00015679015706226984,-0.024490511134946824,0.008024081022148577,0.02574270029792869,0.018944171378305397,0.0077011767880825754,-0.007158728748469789,0.23336990126657808,0.02869375226077242,0.006426732542766267,0.5263028161781312,0.03137108717546799,0.016949340186735773,0.5478323954432263,0.03137108717546799,0.014652517926712738,0.5478323954432263,0.01908319833809047,0.013152662468286164,0.009595157223430895,0,-0.8660254037844384,-0.5000000000000004,-0.9749279121818236,-0.2225209339563146,True,True,0,81.5725329289,50.5104271855,0.7433080978660447,0.610713592395623,H002_combined_factors,3,per_corridor,logistic,2025,0.6410513979574752,26,"{""C"": 10.0, ""class_weight"": ""balanced""}"
2025-08-09,RUB_KGS,KGS,CBR,KGS_RC_F02_09_2016_T02_09_2026.dbf,100,91.2288,0.912288,1.096145077,1.0,False,0.0049748174651784716,-0.003365855736866763,-0.00683780968005665,0.001131404203205122,0.024318767971849065,0.0049748174651784716,-0.0004518459726762236,0.48953929539295393,0.0049748174651784716,-0.007245581161815395,0.13338058952093956,0.023360475981616613,0.004761030751014861,0.41511352084039305,0.024318767971849065,0.008650780358400612,0.42467794749122567,0.00722395156424647,0.013700564745289396,0.00997945464202606,0,-0.8660254037844384,-0.5000000000000004,-0.9749279121818236,-0.2225209339563146,True,True,1,11.5424076607,3.4767025707,0.7471065702951182,0.610713592395623,H002_combined_factors,3,per_corridor,logistic,2025,0.6410513979574752,26,"{""C"": 10.0, ""class_weight"": ""balanced""}"
2025-08-15,RUB_KGS,KGS,CBR,KGS_RC_F02_09_2016_T02_09_2026.dbf,100,91.2868,0.912868,1.09544863,1.0,False,0.001706329219488767,0.0017920733948981749,0.005613744420405187,-0.006050575713858031,0.02103547744505141,0.0017920733948981749,0.0004936336168877009,0.5185773261352866,0.005613744420405187,-0.0003494355099847857,0.4719829582291391,0.022309274794584555,0.0011794897863555143,0.40919828276811204,0.02496999311722381,0.009851364816587882,0.436050273524049,0.003387054320181809,0.005183464466791307,0.009867580290231586,0,-0.8660254037844384,-0.5000000000000004,-0.433883739117558,-0.9009688679024191,True,True,1,0.0,8.376289768,0.684088760184713,0.610713592395623,H002_combined_factors,3,per_corridor,logistic,2025,0.6410513979574752,26,"{""C"": 10.0, ""class_weight"": ""balanced""}"
2025-08-22,RUB_KGS,KGS,CBR,KGS_RC_F02_09_2016_T02_09_2026.dbf,100,91.7743,0.917743,1.0896296676,1.0,False,0.001810969299758547,-0.002100742109984566,0.005340312071405728,0.010984035638904821,0.015966656334410745,0.002766575139503402,0.00026812076769733295,0.5672043010752611,0.007141955697487434,0.0030446229567215877,0.7710900473933597,0.010984035638904821,0.000919129425474674,0.294494654143776,0.03044365274429639,0.014666759169453814,0.5316366345757925,0.0030603036374472845,0.003043353851044962,0.009796769520813165,0,-0.8660254037844384,-0.5000000000000004,-0.433883739117558,-0.9009688679024191,True,True,1,0.0,29.3894107793,0.6897132973668229,0.610713592395623,H002_combined_factors,3,per_corridor,logistic,2025,0.6410513979574752,26,"{""C"": 10.0, ""class_weight"": ""balanced""}"
2025-08-29,RUB_KGS,KGS,CBR,KGS_RC_F02_09_2016_T02_09_2026.dbf,100,91.913,0.91913,1.0879853775,1.0,False,-0.001940457174750776,-0.004700743174393174,0.0015113163489124393,0.00685969932125996,0.0007676184772844596,0.0,-0.0029021316000387154,0.0,0.0042820726586547675,-0.0005666279309621824,0.46599286563614656,0.012511952340455545,0.0029581443686628184,0.716638273708119,0.032000979083322,0.01441369212550514,0.5588321797611815,0.003478220053813621,0.003114623037440074,0.004213702738694801,4,-0.8660254037844384,-0.5000000000000004,-0.433883739117558,-0.9009688679024191,True,True,1,0.0,14.1951272812,0.6934901198644469,0.610713592395623,H002_combined_factors,3,per_corridor,logistic,2025,0.6410513979574752,26,"{""C"": 10.0, ""class_weight"": ""balanced""}"
2025-09-05,RUB_KGS,KGS,CBR,KGS_RC_F02_09_2016_T02_09_2026.dbf,100,92.9648,0.929648,1.0756759548,1.0,False,0.005403113820118266,0.010124629209088187,0.011443430200298144,0.012972041192359951,0.02409856219403106,0.011347701358874085,0.006946881528677951,1.0,0.011443430200298144,0.007726880225226829,1.0,0.02020664263334937,0.01187437927797852,1.0,0.04381061025410138,0.024055525265938016,0.765063430128822,0.0019839594764474587,0.002864877918417815,0.0028783971039631757,0,-1.0,-1.8369701987210297e-16,-0.433883739117558,-0.9009688679024191,True,True,1,0.0,-19.6928409517,0.647889616894715,0.610713592395623,H002_combined_factors,3,per_corridor,logistic,2025,0.6410513979574752,26,"{""C"": 10.0, ""class_weight"": ""balanced""}"
2025-09-19,RUB_KGS,KGS,CBR,KGS_RC_F02_09_2016_T02_09_2026.dbf,100,95.1086,0.951086,1.0514296289,1.0,False,0.002093564528041769,0.0012116618505477739,-0.02909293221108944,0.02306034111835875,0.03633152200561596,0.004047497392457355,-0.0014350317412054059,0.21734693877551056,0.0198252835898034,-0.0029476952352757158,0.3934834425810838,0.034767660722639926,0.013725302938962125,0.5285915143495156,0.06788123898952314,0.037081959595080205,0.6796281307612748,0.008802640663077352,0.011218719767873801,0.007987069797101023,0,-1.0,-1.8369701987210297e-16,-0.433883739117558,-0.9009688679024191,True,True,1,0.0,11.0503172784,0.62898194897515,0.610713592395623,H002_combined_factors,3,per_corridor,logistic,2025,0.6410513979574752,26,"{""C"": 10.0, ""class_weight"": ""balanced""}"
2025-09-26,RUB_KGS,KGS,CBR,KGS_RC_F02_09_2016_T02_09_2026.dbf,100,95.6054,0.956054,1.0459660228,1.0,False,-0.004578057600023389,-0.0049002770717410105,0.005223502396208168,-0.024021396815998686,0.04017277207794323,0.003075153993765678,-0.0012504557320912602,0.3836889645241425,0.009292141900993478,0.001258938689863598,0.4989795918367337,0.040074324125859206,0.009485832756334522,0.6102073946461694,0.07345931920025062,0.03697436359473971,0.7354759656459365,0.006876583727368809,0.008291449389748183,0.008409194106375141,1,-1.0,-1.8369701987210297e-16,-0.433883739117558,-0.9009688679024191,True,True,1,0.0,9.4674803545,0.642663021531602,0.610713592395623,H002_combined_factors,3,per_corridor,logistic,2025,0.6410513979574752,26,"{""C"": 10.0, ""class_weight"": ""balanced""}"
2025-10-03,RUB_KGS,KGS,CBR,KGS_RC_F02_09_2016_T02_09_2026.dbf,100,92.6341,0.926341,1.0795160745,1.0,False,-0.0059897652488456465,-0.0229717514958534,-0.031078788436636362,-0.026017626166298324,-0.003557260382424432,0.0,-0.01611490606506516,0.0,0.0,-0.024269677691450275,0.0,0.0,-0.026584632844352973,0.0,0.04009750412349011,0.0006345281047159812,0.4014569000404689,0.005296829719750819,0.006962079162775729,0.009435327737189587,4,-0.8660254037844386,0.5000000000000001,-0.433883739117558,-0.9009688679024191,True,True,1,0.0,117.2071345726,0.6662755415204525,0.610713592395623,H002_combined_factors,3,per_corridor,logistic,2025,0.6410513979574752,26,"{""C"": 10.0, ""class_weight"": ""balanced""}"
2025-10-10,RUB_KGS,KGS,CBR,KGS_RC_F02_09_2016_T02_09_2026.dbf,100,93.0966,0.930966,1.074153084,1.0,False,-0.0016536051165245702,-0.019120990734516674,0.004992761844720306,-0.026241195581002796,-0.04963224222502394,0.0,-0.006679921376538056,0.0,0.004992761844720306,-0.0089464215378392,0.155362961469985,0.004992761844720306,-0.01704652448585875,0.11997094757593811,0.042576995051218036,0.001622684422801557,0.43882591934255083,0.011015782266132947,0.009017721190760768,0.00843193338605577,3,-0.8660254037844386,0.5000000000000001,-0.433883739117558,-0.9009688679024191,True,True,1,27.4123867037,27.5480491721,0.6642020129317179,0.610713592395623,H002_combined_factors,3,per_corridor,logistic,2025,0.6410513979574752,26,"{""C"": 10.0, ""class_weight"": ""balanced""}"
2025-10-17,RUB_KGS,KGS,CBR,KGS_RC_F02_09_2016_T02_09_2026.dbf,100,90.4333,0.904333,1.1057873593,1.0,False,0.0031069335309230617,-0.021901765444530152,-0.02860791908619642,-0.023757989768346532,-0.04915748943838927,0.0031069335309230617,-0.011268914545613518,0.10419611636039199,0.0031069335309230617,-0.02332813821470714,0.05886679836913229,0.0031069335309230617,-0.035540419732039696,0.04729022454837166,0.0031069335309230617,-0.028562284541623684,0.03588587242002296,0.006832016253945292,0.009358231728278207,0.008028674440676847,0,-0.8660254037844386,0.5000000000000001,-0.433883739117558,-0.9009688679024191,True,True,1,0.0,144.1970260385,0.6908240153879502,0.610713592395623,H002_combined_factors,3,per_corridor,logistic,2025,0.6410513979574752,26,"{""C"": 10.0, ""class_weight"": ""balanced""}"
2025-10-25,RUB_KGS,KGS,CBR,KGS_RC_F02_09_2016_T02_09_2026.dbf,100,92.5915,0.925915,1.0800127442,1.0,False,-0.003663969353936203,-0.004624727348564783,-0.00015009923827336014,-0.002691687113722918,-0.03158109422555977,0.0,-0.004290546731235079,0.0,0.027046183607459362,0.004206558439558528,0.7572360248447217,0.027046183607459362,-0.003662253970221574,0.5124416796267504,0.027046183607459362,-0.006061434906720176,0.3123902988994661,0.004226861272971361,0.010506660698000353,0.009606266778555783,2,-0.8660254037844386,0.5000000000000001,-0.9749279121818236,-0.2225209339563146,True,True,0,245.3248948338,-11.1071398011,0.744286029486239,0.610713592395623,H002_combined_factors,3,per_corridor,logistic,2025,0.6410513979574752,26,"{""C"": 10.0, ""class_weight"": ""balanced""}"
2025-10-31,RUB_KGS,KGS,CBR,KGS_RC_F02_09_2016_T02_09_2026.dbf,100,92.0568,0.920568,1.0862858583,1.0,False,0.012987956182291427,0.01922940655447314,-0.009417638703568154,0.017952457778274145,-0.006232046298285332,0.01922940655447314,0.006928644932761241,0.7646048866387858,0.01922940655447314,-0.0016431273927479673,0.5688458011266884,0.02111516840223082,-0.0037231271324214,0.4000672523223078,0.02111516840223082,-0.011695857776307994,0.24388556493664618,0.014980189014851899,0.012971346348353237,0.011219076558757007,0,-0.8660254037844386,0.5000000000000001,-0.433883739117558,-0.9009688679024191,True,True,1,0.0,-35.6262945601,0.6622418290130222,0.610713592395623,H002_combined_factors,3,per_corridor,logistic,2025,0.6410513979574752,26,"{""C"": 10.0, ""class_weight"": ""balanced""}"
2025-11-08,RUB_KGS,KGS,CBR,KGS_RC_F02_09_2016_T02_09_2026.dbf,100,92.8824,0.928824,1.0766302335,1.0,False,-0.0018537444024978589,0.004198105608898217,0.00896837604609324,-0.0005337235828347664,-0.0023008359059299988,0.004198105608898217,0.0011731790824887067,0.6924037089871624,0.028370239149690057,0.008511977290391215,0.936926395846284,0.030272913218831965,0.007799775930927844,0.8475776397515521,0.030272913218831965,-0.004197048744892351,0.3496598465145474,0.0032528177904254055,0.010393372683823801,0.010157175628000064,1,-0.5000000000000004,0.8660254037844384,-0.9749279121818236,-0.2225209339563146,True,True,1,26.1513483717,-7.7146194193,0.6829959570677725,0.610713592395623,H002_combined_factors,3,per_corridor,logistic,2025,0.6410513979574752,26,"{""C"": 10.0, ""class_weight"": ""balanced""}"
2025-11-15,RUB_KGS,KGS,CBR,KGS_RC_F02_09_2016_T02_09_2026.dbf,100,92.7703,0.927703,1.0779311913,1.0,False,0.006533713942242558,-0.0028097949408640854,-0.0012069024917529259,0.007750649598943227,0.02584225058689671,0.006533713942242558,0.0006286132046309234,0.6973135710977418,0.006533713942242558,0.0002966268321236143,0.679070816418594,0.027129096545615683,0.00318732897506413,0.802535045198482,0.029029474272682654,-0.006253271483026457,0.3352978104621224,0.005890818981053113,0.00461064247563717,0.009490715958136407,0,-0.5000000000000004,0.8660254037844384,-0.9749279121818236,-0.2225209339563146,True,True,1,0.0,-2.429014852,0.7513155455669731,0.610713592395623,H002_combined_factors,3,per_corridor,logistic,2025,0.6410513979574752,26,"{""C"": 10.0, ""class_weight"": ""balanced""}"
2025-11-21,RUB_KGS,KGS,CBR,KGS_RC_F02_09_2016_T02_09_2026.dbf,100,92.318,0.92318,1.0832123746,1.0,False,-0.002627450810922971,-0.004906589402974171,0.0016263761540056265,-0.007918981160583649,-0.011300887192470688,0.0,-0.003284094587279296,0.0,0.0016263761540056265,-0.003887748924208956,0.1735757295044039,0.022121346324180724,-0.0007886602208996285,0.7305568759369641,0.024012458792366687,-0.011336728581367583,0.27735000576531316,0.003597412387725948,0.004026622173328303,0.007737105699789407,3,-0.5000000000000004,0.8660254037844384,-0.433883739117558,-0.9009688679024191,True,True,0,211.4972161442,-74.6589182322,0.6129152121775117,0.610713592395623,H002_combined_factors,3,per_corridor,logistic,2025,0.6410513979574752,26,"{""C"": 10.0, ""class_weight"": ""balanced""}"
2025-11-28,RUB_KGS,KGS,CBR,KGS_RC_F02_09_2016_T02_09_2026.dbf,100,89.48,0.8948,1.1175681717,1.0,False,-0.004375052852240602,-0.008489009497363198,-0.030741567191663544,-0.02916518838947524,-0.015367009072752569,0.0,-0.006347692578989594,0.0,0.0,-0.020330227980148163,0.0,0.0,-0.027435386896050407,0.0,0.0,-0.03996357269023243,0.0,0.008634516735045882,0.00712145301457821,0.0067063860095495885,2,-0.5000000000000004,0.8660254037844384,-0.433883739117558,-0.9009688679024191,True,True,1,2.7939204291,30.2041710279,0.6666933013727828,0.610713592395623,H002_combined_factors,3,per_corridor,logistic,2025,0.6410513979574752,26,"{""C"": 10.0, ""class_weight"": ""balanced""}"
2025-12-05,RUB_KGS,KGS,CBR,KGS_RC_F02_09_2016_T02_09_2026.dbf,100,88.0169,0.880169,1.1361454448,1.0,False,-0.012633619427639409,-0.009419957930940526,-0.016351139919535185,-0.046590047444702076,-0.054140082897300434,0.0,-0.008927622369433341,0.0,0.0,-0.015808778843146465,0.0,0.0,-0.033360240295647325,0.0,0.0,-0.05080198212726528,0.0,0.007093231515562478,0.0076073232386140305,0.006260226279115471,1,-2.4492935982947064e-16,1.0,-0.433883739117558,-0.9009688679024191,True,True,0,113.9440266585,-7.8374259587,0.6437675918129191,0.610713592395623,H002_combined_factors,3,per_corridor,logistic,2025,0.6410513979574752,26,"{""C"": 10.0, ""class_weight"": ""balanced""}"
2025-12-13,RUB_KGS,KGS,CBR,KGS_RC_F02_09_2016_T02_09_2026.dbf,100,91.1716,0.911716,1.0968327856,1.0,False,0.004912599379008675,0.038032043283024786,0.04778081688004221,0.01918953663853329,-0.017232885955957955,0.038032043283024786,0.01942725675005108,1.0,0.04778081688004221,0.025807892517652142,1.0,0.04778081688004221,0.013675427869258572,0.7219058202528122,0.04778081688004221,-0.00966075257328991,0.45878484253271784,0.010008645364850764,0.011500079857024526,0.009500503399752105,0,-2.4492935982947064e-16,1.0,-0.9749279121818236,-0.2225209339563146,True,True,1,35.1315541243,-98.0819060181,0.6182304505362795,0.610713592395623,H002_combined_factors,3,per_corridor,logistic,2025,0.6410513979574752,26,"{""C"": 10.0, ""class_weight"": ""balanced""}"
2025-12-20,RUB_KGS,KGS,CBR,KGS_RC_F02_09_2016_T02_09_2026.dbf,100,92.3065,0.923065,1.0833473266,1.0,False,0.008645548886361043,0.016263474451526205,0.012447955284321077,0.06082354563633441,0.02147943628929183,0.016263474451526205,0.008993731343675204,1.0,0.05095341974150425,0.020424406965680486,1.0,0.06082354563633441,0.02817267651426336,1.0,0.06082354563633441,0.006531306644067314,0.6156217285099453,0.0073847697596719905,0.009058625372463783,0.008875714987540567,0,-2.4492935982947064e-16,1.0,-0.9749279121818236,-0.2225209339563146,True,True,0,174.3539187381,-66.4940064878,0.6292498891004992,0.610713592395623,H002_combined_factors,3,per_corridor,logistic,2025,0.6410513979574752,26,"{""C"": 10.0, ""class_weight"": ""balanced""}"
2025-12-27,RUB_KGS,KGS,CBR,KGS_RC_F02_09_2016_T02_09_2026.dbf,100,88.8674,0.888674,1.1252720345,1.0,False,-0.002180513262730499,-0.011076886097473038,-0.03725739790805638,-0.025273221046904992,-0.006568665809624896,0.0,-0.00857954644338832,0.0,0.0,-0.018691237905266944,0.0,0.021300020686326304,-0.009491471507724114,0.35019367028814247,0.021300020686326304,-0.026977483601685837,0.23468483298300633,0.006356225753091641,0.00838079532724271,0.010060506584087924,5,-2.4492935982947064e-16,1.0,-0.9749279121818236,-0.2225209339563146,True,True,1,30.0897742029,28.0225109843,0.7320300369293268,0.610713592395623,H002_combined_factors,3,per_corridor,logistic,2025,0.6410513979574752,26,"{""C"": 10.0, ""class_weight"": ""balanced""}"
2025-01-11,RUB_AMD,AMD,CBR,AMD_RC_F02_09_2016_T02_09_2026.dbf,100,25.6815,0.256815,3.8938535522,1.0,False,-0.0036584703481559178,0.012869155045118985,0.021096660556878755,-0.013933897498118575,-0.007785032646911105,0.025348749930130143,0.007080523306199904,0.87068019747669,0.025348749930130143,0.004461535633420999,0.5560518479593627,0.03662277692115201,1.6354452382794094e-05,0.5712396902348436,0.03662277692115201,0.0022915151495048747,0.2916988168724289,0.007917656073607032,0.009767119349126557,0.013792852501564512,1,0.49999999999999994,0.8660254037844387,-0.9749279121818236,-0.2225209339563146,True,True,1,0.0,10.9852740651,0.6134804259681157,0.5652471174942119,H002_combined_factors,3,per_corridor,logistic,2025,0.6045335658238884,26,"{""C"": 0.01, ""class_weight"": ""balanced""}"
2025-01-18,RUB_AMD,AMD,CBR,AMD_RC_F02_09_2016_T02_09_2026.dbf,100,25.6715,0.256715,3.8953703523,1.0,False,-0.0017382039337070498,-0.012778901545158705,-0.00038938535521670925,0.020699060470997344,-0.019707800638469997,0.0,-0.005547226967580476,0.0,0.024949494142917583,0.0005331707838001076,0.6528416213957401,0.024949494142917583,-0.004285549719009185,0.47488410973478346,0.03621913119293474,-0.0007973303736553694,0.28848379629629756,0.006059563062219407,0.007017937376987416,0.00758986161445678,3,0.49999999999999994,0.8660254037844387,-0.9749279121818236,-0.2225209339563146,True,True,1,37.0449720507,24.1872538668,0.6163116559622439,0.5652471174942119,H002_combined_factors,3,per_corridor,logistic,2025,0.6045335658238884,26,"{""C"": 0.01, ""class_weight"": ""balanced""}"
2025-01-24,RUB_AMD,AMD,CBR,AMD_RC_F02_09_2016_T02_09_2026.dbf,100,24.844,0.24844,4.0251167284,1.0,False,0.007964231956734347,-0.028635773603790993,-0.0339163640040131,-0.03615018738506659,-0.04821377262714299,0.007964231956734347,-0.012514875475279852,0.19173666731783431,0.007964231956734347,-0.02525837872109693,0.1447533367745737,0.007964231956734347,-0.027470322852137907,0.12740961900434816,0.007964231956734347,-0.03324839732437623,0.060644443757916326,0.011481278781880419,0.009340450230522844,0.009370448620227949,0,0.49999999999999994,0.8660254037844387,-0.433883739117558,-0.9009688679024191,True,True,0,86.4192561584,5.9019359154,0.5987550868561861,0.5652471174942119,H002_combined_factors,3,per_corridor,logistic,2025,0.6045335658238884,26,"{""C"": 0.01, ""class_weight"": ""balanced""}"
2025-01-31,RUB_AMD,AMD,CBR,AMD_RC_F02_09_2016_T02_09_2026.dbf,100,24.6296,0.246296,4.0601552603,1.0,False,0.0008126909823806816,0.010113603740310895,-0.008629850265657768,-0.04225352112676062,-0.024044633941449622,0.010113603740310895,0.0024763154510036856,1.0,0.010113603740310895,-0.009419714838554638,0.19138533178114003,0.010113603740310895,-0.023982173812853946,0.15214708785784772,0.010113603740310895,-0.04016255537844737,0.07042494859492794,0.007663754733030492,0.009589561761059521,0.008815457241431715,0,0.49999999999999994,0.8660254037844387,-0.433883739117558,-0.9009688679024191,True,True,1,5.6030142593,-20.0683591196,0.6115040420019189,0.5652471174942119,H002_combined_factors,3,per_corridor,logistic,2025,0.6045335658238884,26,"{""C"": 0.01, ""class_weight"": ""balanced""}"
2025-02-07,RUB_AMD,AMD,CBR,AMD_RC_F02_09_2016_T02_09_2026.dbf,100,24.4211,0.244211,4.0948196437,1.0,False,-0.012303187423408413,-0.02995793496006005,-0.0084654237178029,-0.017022218644340614,-0.05255704963570473,0.0,-0.013489778243137573,0.0,0.001562564081532214,-0.009764048998657793,0.048087845513065705,0.001562564081532214,-0.026071552201330173,0.023506910167819608,0.001562564081532214,-0.04704084129262054,0.010880740233036906,0.014625204897442538,0.011007781897624648,0.009987442479102385,3,0.8660254037844386,0.5000000000000001,-0.433883739117558,-0.9009688679024191,True,True,1,0.0,102.1641783267,0.5791152925788212,0.5652471174942119,H002_combined_factors,3,per_corridor,logistic,2025,0.6045335658238884,26,"{""C"": 0.01, ""class_weight"": ""balanced""}"
2025-02-15,RUB_AMD,AMD,CBR,AMD_RC_F02_09_2016_T02_09_2026.dbf,100,22.7762,0.227762,4.3905480282,1.0,False,-0.008147783637369233,-0.057260881802678854,-0.07102652788201136,-0.07473248888924999,-0.11278265781119157,0.0,-0.03515044505709586,0.0,0.0,-0.05769303966624029,0.0,0.0,-0.06900867625935747,0.0,0.0,-0.10580021429564623,0.0,0.010897285292687544,0.014287194806653894,0.011993608401419508,5,0.8660254037844386,0.5000000000000001,-0.9749279121818236,-0.2225209339563146,True,True,1,0.0,172.6574803756,0.5931647282763288,0.5652471174942119,H002_combined_factors,3,per_corridor,logistic,2025,0.6045335658238884,26,"{""C"": 0.01, ""class_weight"": ""balanced""}"
2025-02-22,RUB_AMD,AMD,CBR,AMD_RC_F02_09_2016_T02_09_2026.dbf,100,22.3543,0.223543,4.4734122741,1.0,False,-0.0015989209516705793,-0.030274767701130578,-0.0185237221309964,-0.08823457434659188,-0.09236965727812008,0.0,-0.017088379954394828,0.0,0.0,-0.0353902681617041,0.0,0.0,-0.06516609033149479,0.0,0.0,-0.1138092114795729,0.0,0.012057808421357548,0.012264818319231442,0.012121900674318297,4,0.8660254037844386,0.5000000000000001,-0.9749279121818236,-0.2225209339563146,True,True,1,0.0,80.4693517254,0.622423647728669,0.5652471174942119,H002_combined_factors,3,per_corridor,logistic,2025,0.6045335658238884,26,"{""C"": 0.01, ""class_weight"": ""balanced""}"
2025-03-01,RUB_AMD,AMD,CBR,AMD_RC_F02_09_2016_T02_09_2026.dbf,100,22.4372,0.224372,4.4568841032,1.0,False,0.006156978282413794,0.0192750614412458,0.0037084587752691522,-0.014883957815614579,-0.08850413149278102,0.027518398263441934,0.010872288010207232,1.0,0.027518398263441934,-0.0014335044845414924,0.48829839102876493,0.027518398263441934,-0.0378577742881715,0.17996406109613616,0.027518398263441934,-0.09725077753145339,0.09935023064332107,0.014499087458237506,0.012793446056358074,0.01357943720423498,0,1.0,6.123233995736766e-17,-0.9749279121818236,-0.2225209339563146,True,True,1,0.0,-59.5462647641,0.6172354602345643,0.5652471174942119,H002_combined_factors,3,per_corridor,logistic,2025,0.6045335658238884,26,"{""C"": 0.01, ""class_weight"": ""balanced""}"
2025-03-08,RUB_AMD,AMD,CBR,AMD_RC_F02_09_2016_T02_09_2026.dbf,100,22.5901,0.225901,4.4267178985,1.0,False,-0.00487209645517539,-0.003040734366035691,0.006814575793770983,0.010548306142442287,-0.07861699350670548,0.0,-0.00388654498761809,0.0,0.03452050026790254,0.006820857991198359,0.8061169928349899,0.03452050026790254,-0.009456165779207937,0.29236318504440867,0.03452050026790254,-0.07799875597726813,0.16654146966550284,0.006253440844210572,0.010530766641992732,0.012300528408325975,2,1.0,6.123233995736766e-17,-0.9749279121818236,-0.2225209339563146,True,True,0,87.7818159282,10.2657599947,0.5877250853878928,0.5652471174942119,H002_combined_factors,3,per_corridor,logistic,2025,0.6045335658238884,26,"{""C"": 0.01, ""class_weight"": ""balanced""}"
2025-03-14,RUB_AMD,AMD,CBR,AMD_RC_F02_09_2016_T02_09_2026.dbf,100,22.055,0.22055,4.5341192473,1.0,False,0.0017122898811388065,-0.015041220446770698,-0.028444056791200212,-0.010982112027408175,-0.039554419443198485,0.003910037279633682,-0.006740026643056063,0.13832528180354262,0.003910037279633682,-0.016550314454191084,0.1070671818521748,0.01001543301749841,-0.018239031085833024,0.17771818625060884,0.01001543301749841,-0.09215962211667383,0.048318677919667596,0.008675538812070428,0.008389495156449971,0.010487231923998716,0,1.0,6.123233995736766e-17,-0.433883739117558,-0.9009688679024191,True,True,0,95.9419632736,-27.3831313156,0.6049282508889975,0.5652471174942119,H002_combined_factors,3,per_corridor,logistic,2025,0.6045335658238884,26,"{""C"": 0.01, ""class_weight"": ""balanced""}"
2025-03-22,RUB_AMD,AMD,CBR,AMD_RC_F02_09_2016_T02_09_2026.dbf,100,21.5621,0.215621,4.6377671934,1.0,False,0.0021798542425819356,0.035912292333266205,-0.01287803180823488,-0.04550665999707826,-0.03543837203580513,0.035912292333266205,0.011944095064671867,1.0,0.035912292333266205,-0.005505164320115052,0.473941161552118,0.035912292333266205,-0.02253747405851314,0.38200122649223267,0.035912292333266205,-0.09462342248982447,0.13910082250921152,0.021093486421770596,0.015405407525606615,0.013164935084242565,0,1.0,6.123233995736766e-17,-0.9749279121818236,-0.2225209339563146,True,True,0,72.5810565761,-90.5804125958,0.5973902569481485,0.5652471174942119,H002_combined_factors,3,per_corridor,logistic,2025,0.6045335658238884,26,"{""C"": 0.01, ""class_weight"": ""balanced""}"
2025-03-29,RUB_AMD,AMD,CBR,AMD_RC_F02_09_2016_T02_09_2026.dbf,100,21.3696,0.213696,4.6795447739,1.0,False,-0.0012712181260748912,-0.005547075685938707,-0.008927701847222691,-0.021690762427094668,-0.04758169468561135,0.0,-0.002846397207730833,0.0,0.026663976247441656,2.3398271335794973e-05,0.7424749163879588,0.026663976247441656,-0.0227886120046058,0.28362632869991816,0.026663976247441656,-0.0893120867708207,0.10695290218145379,0.00427806675335907,0.014352409207522352,0.011435065951035894,2,1.0,6.123233995736766e-17,-0.9749279121818236,-0.2225209339563146,True,True,1,0.0,48.8022948255,0.5932831563011965,0.5652471174942119,H002_combined_factors,3,per_corridor,logistic,2025,0.6045335658238884,26,"{""C"": 0.01, ""class_weight"": ""balanced""}"
2025-04-04,RUB_AMD,AMD,CBR,AMD_RC_F02_09_2016_T02_09_2026.dbf,100,21.5637,0.215637,4.6374230767,1.0,False,-0.002410273966265364,-0.012388821207097167,0.0078002318103642665,0.0022542202721795856,-0.050086561207363656,0.009082996406109656,-0.0024545769116185445,0.41777873439517726,0.009082996406109656,0.0009641214078122129,0.41777873439517726,0.035989161453979346,-0.004611192186707691,0.4219093213179386,0.035989161453979346,-0.07107158019180349,0.14435751175518383,0.011400967470390254,0.008329639141875102,0.012272465692950159,3,0.8660254037844387,-0.49999999999999983,-0.433883739117558,-0.9009688679024191,True,True,1,9.970459615,26.0934262274,0.5875125091392361,0.5652471174942119,H002_combined_factors,3,per_corridor,logistic,2025,0.6045335658238884,26,"{""C"": 0.01, ""class_weight"": ""balanced""}"
2025-04-11,RUB_AMD,AMD,CBR,AMD_RC_F02_09_2016_T02_09_2026.dbf,100,21.7387,0.217387,4.6000910818,1.0,False,-0.010739623294060863,-0.013464697713678864,0.008115490384303259,0.015979024900919736,-0.01434141917932441,0.00912163103118524,-0.00416680791180446,0.39841849148418446,0.01727219976040728,0.0007130622039743795,0.5543706818864526,0.04439672153200158,0.007828289911216313,0.756962647444299,0.04439672153200158,-0.04993465907083683,0.19026539562272218,0.013420159528418461,0.011739525202552021,0.013073946416577869,1,0.8660254037844387,-0.49999999999999983,-0.433883739117558,-0.9009688679024191,True,True,0,118.7283508213,-8.0895559886,0.571729834830032,0.5652471174942119,H002_combined_factors,3,per_corridor,logistic,2025,0.6045335658238884,26,"{""C"": 0.01, ""class_weight"": ""balanced""}"
2025-04-18,RUB_AMD,AMD,CBR,AMD_RC_F02_09_2016_T02_09_2026.dbf,100,20.9802,0.209802,4.7663987951,1.0,False,-0.006054576463899952,-0.009077856076779245,-0.03489169085547894,-0.02705936365280548,-0.024866141146724252,0.0,-0.008563697521243863,0.0,0.0,-0.02397427559391374,0.0,0.0,-0.02504898524506105,0.0,0.0079559539938312,-0.06953778687961754,0.03797555438347033,0.006392638805568966,0.010930606950911834,0.009578018038569534,1,0.8660254037844387,-0.49999999999999983,-0.433883739117558,-0.9009688679024191,True,True,0,106.6243410454,-18.1041774673,0.6188484690544527,0.5652471174942119,H002_combined_factors,3,per_corridor,logistic,2025,0.6045335658238884,26,"{""C"": 0.01, ""class_weight"": ""balanced""}"
2025-04-25,RUB_AMD,AMD,CBR,AMD_RC_F02_09_2016_T02_09_2026.dbf,100,21.2691,0.212691,4.7016563935,1.0,False,0.005973664793688549,0.028456621181203623,0.01377012611891204,-0.021602027720148853,-0.0059681821580797045,0.028456621181203623,0.015428288250610933,1.0,0.028456621181203623,0.010231940449365595,0.7356249999999995,0.028456621181203623,-0.005579882034435157,0.43438145851786236,0.028456621181203623,-0.043924113640743,0.13093198656195074,0.009687332444705809,0.009314271736515537,0.010495575986144649,0,0.8660254037844387,-0.49999999999999983,-0.433883739117558,-0.9009688679024191,True,True,1,43.9604872797,-93.8101694915,0.6138739029357011,0.5652471174942119,H002_combined_factors,3,per_corridor,logistic,2025,0.6045335658238884,26,"{""C"": 0.01, ""class_weight"": ""balanced""}"
2025-05-15,RUB_AMD,AMD,CBR,AMD_RC_F02_09_2016_T02_09_2026.dbf,100,20.6767,0.206767,4.8363617018,1.0,False,-0.003820582000385375,-0.004587906797612118,-0.016921350665157875,-0.02785261247537496,-0.048852967288752325,0.0,-0.0039645454983380235,0.0,0.0,-0.010873990205706896,0.0,0.0,-0.014402365811845286,0.0,0.0,-0.045887830090477366,0.0,0.004963945119361585,0.005625595170942553,0.007496777297850459,2,0.49999999999999994,-0.8660254037844387,0.43388373911755823,-0.900968867902419,True,True,1,0.0,57.6058471377,0.5689078398538229,0.5652471174942119,H002_combined_factors,3,per_corridor,logistic,2025,0.6045335658238884,26,"{""C"": 0.01, ""class_weight"": ""balanced""}"
2025-05-22,RUB_AMD,AMD,CBR,AMD_RC_F02_09_2016_T02_09_2026.dbf,100,20.7118,0.207118,4.8281655868,1.0,False,-0.007266313256707901,-0.009322370340608566,0.001697562957338361,-0.015252512765896786,-0.012793014365925948,0.0,-0.004811660998446099,0.0,0.001697562957338361,-0.0035443028230779383,0.1526086956521699,0.001697562957338361,-0.008600398009235843,0.05925050641458324,0.001697562957338361,-0.03680352592591685,0.01675657612068508,0.005917820081412141,0.005515799956093661,0.006922547383423418,1,0.49999999999999994,-0.8660254037844387,0.43388373911755823,-0.900968867902419,True,True,1,0.0,41.4052508012,0.5881882668193588,0.5652471174942119,H002_combined_factors,3,per_corridor,logistic,2025,0.6045335658238884,26,"{""C"": 0.01, ""class_weight"": ""balanced""}"
2025-05-29,RUB_AMD,AMD,CBR,AMD_RC_F02_09_2016_T02_09_2026.dbf,100,20.7107,0.207107,4.8284220234,1.0,False,-0.00017379298359099238,-0.002879083315278863,-5.310982145434462e-05,0.0016443629786184744,-0.026254049301568827,0.0,-0.0011536261576049478,0.0,0.0,-0.003012523780548726,0.0,0.0016443629786184744,-0.006139794597969428,0.06557377049180468,0.0016443629786184744,-0.03143195599080317,0.016231441256504848,0.0014005089443186439,0.0040587045585470894,0.0050127882787248616,3,0.49999999999999994,-0.8660254037844387,0.43388373911755823,-0.900968867902419,True,True,0,133.6507216077,-45.4409707378,0.5861691456303115,0.5652471174942119,H002_combined_factors,3,per_corridor,logistic,2025,0.6045335658238884,26,"{""C"": 0.01, ""class_weight"": ""balanced""}"
2025-06-05,RUB_AMD,AMD,CBR,AMD_RC_F02_09_2016_T02_09_2026.dbf,100,20.4561,0.204561,4.8885173616,1.0,False,-0.004210762026228498,-0.0009913852044305393,-0.01229316247157275,-0.012345619405363162,-0.02740983045367673,0.00108642990324892,-0.0023176395192653354,0.12671232876712302,0.00108642990324892,-0.007906254001140645,0.06595365418894815,0.00108642990324892,-0.011892159782284972,0.04695431472081208,0.00108642990324892,-0.0352777131502664,0.01029589091920972,0.007468573202304794,0.005226329131804345,0.005231867225471575,2,1.2246467991473532e-16,-1.0,0.43388373911755823,-0.900968867902419,True,True,1,0.0,57.1051230045,0.5917632294384931,0.5652471174942119,H002_combined_factors,3,per_corridor,logistic,2025,0.6045335658238884,26,"{""C"": 0.01, ""class_weight"": ""balanced""}"
2025-06-12,RUB_AMD,AMD,CBR,AMD_RC_F02_09_2016_T02_09_2026.dbf,100,20.6139,0.206139,4.8510956199,1.0,False,0.005879941834932234,-0.0015692884439343358,0.007714080396556522,-0.004673912518649903,-0.0030372351487424343,0.005879941834932234,0.0001562296828634402,0.7168352171326546,0.008808891107424444,0.002760596678041516,0.7908611599296994,0.008808891107424444,-0.0024831582928123153,0.3807106598984755,0.008808891107424444,-0.02170732847464496,0.11239463003434255,0.006494267730910346,0.00692730236238329,0.005534855421517139,0,1.2246467991473532e-16,-1.0,0.43388373911755823,-0.900968867902419,True,True,1,0.0,-2.8074933036,0.6088379715270413,0.5652471174942119,H002_combined_factors,3,per_corridor,logistic,2025,0.6045335658238884,26,"{""C"": 0.01, ""class_weight"": ""balanced""}"
2025-06-19,RUB_AMD,AMD,CBR,AMD_RC_F02_09_2016_T02_09_2026.dbf,100,20.4759,0.204759,4.8837902119,1.0,False,-0.00036615015085383895,-0.006694511955525173,-0.008982890884011274,-0.006463164330320126,-0.016612396622770365,0.0009141035918893703,-0.00140747806850694,0.11933631142309796,0.0009679264375908048,-0.0034535690611607883,0.09639727361246529,0.0020554079250656443,-0.006594033567640767,0.09778812572759124,0.0020554079250656443,-0.026154045908338364,0.026225413674680217,0.006006884909312289,0.005420755722554587,0.00535337469852528,1,1.2246467991473532e-16,-1.0,0.43388373911755823,-0.900968867902419,True,True,0,59.484564781,-13.7772899679,0.6067749858496473,0.5652471174942119,H002_combined_factors,3,per_corridor,logistic,2025,0.6045335658238884,26,"{""C"": 0.01, ""class_weight"": ""balanced""}"
2025-06-25,RUB_AMD,AMD,CBR,AMD_RC_F02_09_2016_T02_09_2026.dbf,100,20.3281,0.203281,4.9192989015,1.0,False,0.002431110322109742,-0.0033046505356574274,-0.007581749123680592,-0.015411962433947046,-0.02129943910835086,0.002431110322109742,-0.0018844689902232092,0.25012683916793166,0.002431110322109742,-0.0061640212416238516,0.12882153122550138,0.002431110322109742,-0.009608619987410583,0.10761842392490575,0.002431110322109742,-0.029888787884741363,0.028065581236479193,0.002633646272116214,0.004424547151406067,0.005200264169771288,0,1.2246467991473532e-16,-1.0,0.9749279121818236,-0.22252093395631434,True,True,1,16.135300397,3.5617088897,0.5694706745629475,0.5652471174942119,H002_combined_factors,3,per_corridor,logistic,2025,0.6045335658238884,26,"{""C"": 0.01, ""class_weight"": ""balanced""}"
2025-07-03,RUB_AMD,AMD,CBR,AMD_RC_F02_09_2016_T02_09_2026.dbf,100,20.4556,0.204556,4.8886368525,1.0,False,0.005120040881708254,0.0018660462838251402,0.007898380413199124,-0.0009914094130173412,-0.007448166101382436,0.0066979994586480185,0.003029349087125377,1.0,0.008718464603428178,0.004592357660731183,1.0,0.008718464603428178,5.500018944504248e-05,0.46198066370525037,0.008718464603428178,-0.018324707833591858,0.10064898098599522,0.0035908249914772764,0.003427115508992413,0.00442261685322168,0,-0.4999999999999998,-0.8660254037844388,0.43388373911755823,-0.900968867902419,True,True,1,0.0,-1.0686305255,0.6209932229639383,0.5652471174942119,H002_combined_factors,3,per_corridor,logistic,2025,0.6045335658238884,26,"{""C"": 0.01, ""class_weight"": ""balanced""}"
2025-07-10,RUB_AMD,AMD,CBR,AMD_RC_F02_09_2016_T02_09_2026.dbf,100,20.367,0.20367,4.9099032749,1.0,False,0.001022303919159251,-0.007272301888263999,-0.00433133225131499,0.0035328376520671334,-0.014253563390847712,0.001022303919159251,-0.003717653964682155,0.12235294117646182,0.0023376559462584545,-0.00251782582483151,0.24148449415353193,0.004349369785194401,-0.0024970632508546364,0.26320501342882596,0.004349369785194401,-0.01754797816773279,0.05200778347779903,0.0037042978852414644,0.0036723188231933377,0.004069480274670608,0,-0.4999999999999998,-0.8660254037844388,0.43388373911755823,-0.900968867902419,True,True,1,39.0828300682,2.0967903679,0.6155933428824958,0.5652471174942119,H002_combined_factors,3,per_corridor,logistic,2025,0.6045335658238884,26,"{""C"": 0.01, ""class_weight"": ""balanced""}"
2025-07-15,RUB_AMD,AMD,CBR,AMD_RC_F02_09_2016_T02_09_2026.dbf,100,20.402,0.20402,4.901480247,3.0,False,0.005648826365133086,0.001718466146217068,-0.004474545836037458,-0.0011309614151214786,-0.00269831648514951,0.005648826365133086,0.0030126760507984685,1.0,0.005648826365133086,3.725263758469488e-05,0.5008741258741267,0.006075310176144599,0.0006238572426295885,0.5189553496208943,0.006075310176144599,-0.01252247218837288,0.12440674543067873,0.00478980785645696,0.003952298245007612,0.003314204976275031,0,-0.4999999999999998,-0.8660254037844388,0.7818314824680298,0.6234898018587336,True,True,0,52.2987942359,-41.9216160002,0.5695551319467121,0.5652471174942119,H002_combined_factors,3,per_corridor,logistic,2025,0.6045335658238884,26,"{""C"": 0.01, ""class_weight"": ""balanced""}"
2025-07-23,RUB_AMD,AMD,CBR,AMD_RC_F02_09_2016_T02_09_2026.dbf,100,20.3371,0.203371,4.9171219102,1.0,False,-0.003415528157280967,-0.0008548478223489031,0.0020595901514144366,-0.00044725796463229717,0.00044273690113683095,0.0016400870772959042,-0.0009677355969505141,0.3233009708737854,0.0024497964253673565,-0.000322950578730441,0.41624790619765256,0.0024497964253673565,-0.001980374879983704,0.21722027972027744,0.0028749235654970118,-0.012729466533318079,0.05887104917701711,0.0022652003256925625,0.0032079720043858726,0.003378256571883824,1,-0.4999999999999998,-0.8660254037844388,0.9749279121818236,-0.22252093395631434,True,True,1,0.0,59.5825797937,0.5653689641737937,0.5652471174942119,H002_combined_factors,3,per_corridor,logistic,2025,0.6045335658238884,26,"{""C"": 0.01, ""class_weight"": ""balanced""}"
2025-08-01,RUB_AMD,AMD,CBR,AMD_RC_F02_09_2016_T02_09_2026.dbf,100,20.9255,0.209255,4.7788583307,1.0,False,-0.01850375234521573,0.009143562613631584,0.01822295752031522,0.028052764744896708,0.021159580126781874,0.009913079570079253,-0.004702164536756426,0.29334475864038817,0.02893234531963751,0.009757620532261146,0.5432053175775476,0.03145302010114648,0.01852032124604519,0.5632447700591398,0.031890447166498914,0.016984820193604033,0.5665352606219882,0.01904733153119032,0.012959037018248949,0.009461057121952037,2,-0.8660254037844384,-0.5000000000000004,-0.433883739117558,-0.9009688679024191,True,True,1,0.0,51.1912475668,0.5731732065503362,0.5652471174942119,H002_combined_factors,3,per_corridor,logistic,2025,0.6045335658238884,26,"{""C"": 0.01, ""class_weight"": ""balanced""}"
2025-08-08,RUB_AMD,AMD,CBR,AMD_RC_F02_09_2016_T02_09_2026.dbf,100,20.692,0.20692,4.8327856176,1.0,False,-0.009980574720342972,-0.003856133948902607,-0.01115863420228913,0.006860980000973127,0.0192601349687207,0.0,-0.006650811740838147,0.0,0.0,-0.01125077350561099,0.0,0.019943413152991418,0.0019645128690846114,0.3571365522111388,0.020375959129731447,0.0056351923717137264,0.36197985107314884,0.006363094317820557,0.013754941582990739,0.00980130613217904,1,-0.8660254037844384,-0.5000000000000004,-0.433883739117558,-0.9009688679024191,True,True,1,0.0,52.1622076392,0.6118914966941177,0.5652471174942119,H002_combined_factors,3,per_corridor,logistic,2025,0.6045335658238884,26,"{""C"": 0.01, ""class_weight"": ""balanced""}"
2025-08-15,RUB_AMD,AMD,CBR,AMD_RC_F02_09_2016_T02_09_2026.dbf,100,20.7993,0.207993,4.8078541105,1.0,False,0.0021923695901473472,0.0014347962156047167,0.005185578967717097,-0.006030919213399821,0.02185266157360788,0.0021923695901473472,0.0006321513930420686,0.808170515097699,0.005185578967717097,-0.00043492155793223297,0.42664015904573005,0.022726937468960706,0.00161226476970322,0.42669867060561406,0.02566719924255878,0.01092680157593251,0.4559789750328525,0.0031118372835426725,0.005025820037650047,0.009727551997381805,0,-0.8660254037844384,-0.5000000000000004,-0.433883739117558,-0.9009688679024191,True,True,1,0.0,13.8480215642,0.6798434408643663,0.5652471174942119,H002_combined_factors,3,per_corridor,logistic,2025,0.6045335658238884,26,"{""C"": 0.01, ""class_weight"": ""balanced""}"
2025-08-22,RUB_AMD,AMD,CBR,AMD_RC_F02_09_2016_T02_09_2026.dbf,100,20.9707,0.209707,4.7685580357,1.0,False,0.0020594812591985256,-0.0006385787334219906,0.008240661945353889,0.013468973516334914,0.020422363875237215,0.003954404661027144,0.0009842444515726356,0.8604166666666699,0.010451098112153057,0.004915632074187881,0.9418150238818952,0.013468973516334914,0.003489125761414469,0.38267197583413526,0.03411937589995473,0.0183697013480848,0.6061322820849762,0.0030122057234501505,0.0029049829686655275,0.009680108080503761,0,-0.8660254037844384,-0.5000000000000004,-0.433883739117558,-0.9009688679024191,True,True,1,0.0,25.8602824519,0.6667146882451889,0.5652471174942119,H002_combined_factors,3,per_corridor,logistic,2025,0.6045335658238884,26,"{""C"": 0.01, ""class_weight"": ""balanced""}"
2025-08-29,RUB_AMD,AMD,CBR,AMD_RC_F02_09_2016_T02_09_2026.dbf,100,20.9656,0.209656,4.7697180143,1.0,False,-0.0037444640854573663,-0.0052523450510763015,-0.00024319645982251448,0.007995461385719604,0.0019163221906286498,0.0,-0.003942308697308716,0.0,0.003710246503990211,-0.001606241722950097,0.35829865926953236,0.013222501449835722,0.0029544810905555163,0.6634335596508257,0.03386788172870192,0.016090588842337716,0.6016644765659227,0.0038038542638650498,0.003355003559993424,0.0042200359133764825,4,-0.8660254037844384,-0.5000000000000004,-0.433883739117558,-0.9009688679024191,True,True,1,0.0,25.9004501146,0.6301671754099132,0.5652471174942119,H002_combined_factors,3,per_corridor,logistic,2025,0.6045335658238884,26,"{""C"": 0.01, ""class_weight"": ""balanced""}"
2025-09-05,RUB_AMD,AMD,CBR,AMD_RC_F02_09_2016_T02_09_2026.dbf,100,21.2682,0.212682,4.7018553521,1.0,False,0.006602393900239978,0.011788548267397392,0.014433166711184109,0.014186460156313307,0.02784651072878419,0.01274249307162667,0.008177021857534994,1.0,0.014433166711184109,0.009304228236904244,1.0,0.024785822355424036,0.014214027285476938,1.0,0.04878986922303108,0.028609981392045958,0.8667542706964526,0.0022436163885008603,0.003320899204304806,0.003036892606942919,0,-1.0,-1.8369701987210297e-16,-0.433883739117558,-0.9009688679024191,True,True,1,0.0,-32.3050175878,0.6386337268481843,0.5652471174942119,H002_combined_factors,3,per_corridor,logistic,2025,0.6045335658238884,26,"{""C"": 0.01, ""class_weight"": ""balanced""}"
2025-09-13,RUB_AMD,AMD,CBR,AMD_RC_F02_09_2016_T02_09_2026.dbf,100,22.0043,0.220043,4.5445662893,1.0,False,-0.016848811959931154,0.012287691146973811,0.03274087493605293,0.04779387255602208,0.0534371244871481,0.02218640107401515,0.0015448085511571286,0.5587925587925573,0.046806911381324756,0.02043532539033288,0.7229243203526803,0.051448804449626406,0.0336912807797769,0.7406108130416826,0.08508886127384252,0.05707150732159194,0.8206506230381423,0.014095900013487038,0.009705528677982602,0.0073431093212782406,1,-1.0,-1.8369701987210297e-16,-0.9749279121818236,-0.2225209339563146,True,True,0,146.0169148757,-0.8700355221,0.629712196633491,0.5652471174942119,H002_combined_factors,3,per_corridor,logistic,2025,0.6045335658238884,26,"{""C"": 0.01, ""class_weight"": ""balanced""}"
2025-09-19,RUB_AMD,AMD,CBR,AMD_RC_F02_09_2016_T02_09_2026.dbf,100,21.7393,0.217393,4.5999641203,1.0,False,0.003008198725668043,0.0025965041737767702,-0.028689000688071342,0.022150440563846407,0.03665113706266365,0.00545293089254173,-0.0002354627072140847,0.3079132932880683,0.02030347261659471,-0.0022182311706229196,0.4025309388666599,0.03690330827641475,0.014438481587745411,0.546475490888543,0.07156658812859207,0.039765619525839346,0.693361986628462,0.009403941366717017,0.011535720529499366,0.008273059025887092,0,-1.0,-1.8369701987210297e-16,-0.433883739117558,-0.9009688679024191,True,True,1,0.0,2.8774350623,0.5813728052054403,0.5652471174942119,H002_combined_factors,3,per_corridor,logistic,2025,0.6045335658238884,26,"{""C"": 0.01, ""class_weight"": ""balanced""}"
2025-09-26,RUB_AMD,AMD,CBR,AMD_RC_F02_09_2016_T02_09_2026.dbf,100,21.8027,0.218027,4.5865878997,1.0,False,-0.006525136813710031,-0.004951805469349035,0.0029163772522573517,-0.025856291384810715,0.03992730949746237,0.0014514654748727374,-0.0022980910560236323,0.18077803203661946,0.008385210948412158,0.00018487366431063634,0.4734917733089604,0.03819414683389999,0.007939079939549565,0.5808951332560829,0.07469168055048936,0.03691022531615107,0.7236389684813749,0.006662931139170285,0.008384789231881372,0.008613354674925036,1,-1.0,-1.8369701987210297e-16,-0.433883739117558,-0.9009688679024191,True,True,1,0.0,23.1348318132,0.5987576093751408,0.5652471174942119,H002_combined_factors,3,per_corridor,logistic,2025,0.6045335658238884,26,"{""C"": 0.01, ""class_weight"": ""balanced""}"
2025-10-03,RUB_AMD,AMD,CBR,AMD_RC_F02_09_2016_T02_09_2026.dbf,100,21.1323,0.211323,4.7320925787,1.0,False,-0.00754708120039449,-0.023939290366086774,-0.03074848527934604,-0.027921782210098778,-0.006389821423533726,0.0,-0.017276016331997157,0.0,0.0,-0.025189174826878102,0.0,0.0,-0.027639770772505123,0.0,0.04164653923124706,0.0006683813026546748,0.4034861509073546,0.006170411072807728,0.007038592746336247,0.009655877762535448,4,-0.8660254037844386,0.5000000000000001,-0.433883739117558,-0.9009688679024191,True,True,1,0.0,129.1063913269,0.5820855715090482,0.5652471174942119,H002_combined_factors,3,per_corridor,logistic,2025,0.6045335658238884,26,"{""C"": 0.01, ""class_weight"": ""balanced""}"
2025-10-10,RUB_AMD,AMD,CBR,AMD_RC_F02_09_2016_T02_09_2026.dbf,100,21.281,0.21281,4.6990273013,1.0,False,-0.001164002290456101,-0.019073695079005137,0.0070366216644661694,-0.023928229072546103,-0.04916582519413448,0.0,-0.006411333848779899,0.0,0.0070366216644661694,-0.008390079520769311,0.20797202797202663,0.0070366216644661694,-0.0161288570224547,0.1705275229357789,0.04641271371041111,0.0033950217820315487,0.4617228391136328,0.011562608155742626,0.00962678970719146,0.008787048884041507,3,-0.8660254037844386,0.5000000000000001,-0.433883739117558,-0.9009688679024191,True,True,1,30.4966871858,25.2103372427,0.5731707015954445,0.5652471174942119,H002_combined_factors,3,per_corridor,logistic,2025,0.6045335658238884,26,"{""C"": 0.01, ""class_weight"": ""balanced""}"
2025-10-17,RUB_AMD,AMD,CBR,AMD_RC_F02_09_2016_T02_09_2026.dbf,100,20.6766,0.206766,4.8363850923,1.0,False,0.0036063934609242843,-0.02167062541992748,-0.028400921009350988,-0.021564145880950014,-0.048883818706214055,0.0036063934609242843,-0.010869783608928874,0.12104920169436241,0.0036063934609242843,-0.022894399952365307,0.06800915331807729,0.0036063934609242843,-0.0346930386328671,0.0552991961893417,0.0036063934609242843,-0.026943615020443623,0.04176268900005585,0.007011397460360768,0.009777511952240083,0.00829877698655018,0,-0.8660254037844386,0.5000000000000001,-0.433883739117558,-0.9009688679024191,True,True,1,0.0,140.8947676027,0.6155612897780411,0.5652471174942119,H002_combined_factors,3,per_corridor,logistic,2025,0.6045335658238884,26,"{""C"": 0.01, ""class_weight"": ""balanced""}"
2025-10-25,RUB_AMD,AMD,CBR,AMD_RC_F02_09_2016_T02_09_2026.dbf,100,21.1386,0.211386,4.730682259,1.0,False,-0.004989503214934632,-0.005976760699154093,-0.0013511470577119988,-0.0036528862514788596,-0.03243879106342662,0.0,-0.005128118240400159,0.0,0.026031074200453252,0.0032177231049603794,0.7200590762620827,0.026031074200453252,-0.0045101408706733626,0.49089244851258435,0.026031074200453252,-0.006245771916262743,0.30144455061547853,0.004357283320509583,0.010485695248411246,0.009827312493859042,2,-0.8660254037844386,0.5000000000000001,-0.9749279121818236,-0.2225209339563146,True,True,0,236.4394993046,-3.9347720266,0.611523818853607,0.5652471174942119,H002_combined_factors,3,per_corridor,logistic,2025,0.6045335658238884,26,"{""C"": 0.01, ""class_weight"": ""balanced""}"
2025-10-31,RUB_AMD,AMD,CBR,AMD_RC_F02_09_2016_T02_09_2026.dbf,100,21.0346,0.210346,4.7540718626,1.0,False,0.012724900458828348,0.019177471558424086,-0.009884864859776132,0.017314258630529267,-0.004623254449350078,0.019177471558424086,0.00707334659206782,0.7919167667066856,0.019177471558424086,-0.0016834305723710807,0.5588027671890461,0.02098309412055932,-0.0038346111423939178,0.39569794050343227,0.02098309412055932,-0.011201968326052358,0.24298802765443164,0.014576343008644218,0.012693966948804123,0.011210117219335259,0,-0.8660254037844386,0.5000000000000001,-0.433883739117558,-0.9009688679024191,True,True,1,0.0,-34.6135838723,0.571796679024571,0.5652471174942119,H002_combined_factors,3,per_corridor,logistic,2025,0.6045335658238884,26,"{""C"": 0.01, ""class_weight"": ""balanced""}"
2025-11-08,RUB_AMD,AMD,CBR,AMD_RC_F02_09_2016_T02_09_2026.dbf,100,21.2333,0.212333,4.7095835315,1.0,False,-0.002006956194773535,0.004489459940203666,0.009446340790887353,-0.0005318998710260869,-0.002241436022743293,0.004489459940203666,0.001274150864743806,0.6896802325581354,0.02880496928115983,0.008872229536689202,0.9329880728185798,0.03062764836935683,0.008106327056160545,0.8472073039742208,0.03062764836935683,-0.0035014386286155164,0.35467371142712506,0.0033956528279834664,0.01017533583811207,0.010017645015644429,1,-0.5000000000000004,0.8660254037844384,-0.9749279121818236,-0.2225209339563146,True,True,1,28.0220220126,-8.2890041075,0.6197425272689022,0.5652471174942119,H002_combined_factors,3,per_corridor,logistic,2025,0.6045335658238884,26,"{""C"": 0.01, ""class_weight"": ""balanced""}"
2025-11-14,RUB_AMD,AMD,CBR,AMD_RC_F02_09_2016_T02_09_2026.dbf,100,21.0843,0.210843,4.7428655445,1.0,False,-0.008907670467899531,-0.004226921950712725,-0.00901015228426394,0.01511774023485457,0.023395446139508724,0.0,-0.005773636117573977,0.0,0.002362773715687494,-0.004830402555572655,0.20588235294117546,0.021585557299843128,-0.0012389595581904222,0.6289707750953001,0.023395446139508724,-0.011283512435216636,0.2709235006463937,0.004876212076281028,0.005869830111140814,0.009284356975943635,1,-0.5000000000000004,0.8660254037844384,-0.433883739117558,-0.9009688679024191,True,True,1,0.0,60.8109063653,0.5729237091757128,0.5652471174942119,H002_combined_factors,3,per_corridor,logistic,2025,0.6045335658238884,26,"{""C"": 0.01, ""class_weight"": ""balanced""}"
2025-11-21,RUB_AMD,AMD,CBR,AMD_RC_F02_09_2016_T02_09_2026.dbf,100,21.1313,0.211313,4.7323165163,1.0,False,-0.004142474739858182,-0.005768353102254209,0.002229146805917237,-0.00680109043053212,-0.010109101470457293,0.0,-0.0037415148797820263,0.0,0.002229146805917237,-0.0036494457463210894,0.24802110817941755,0.023862821481869245,0.00014672333658349856,0.7729127432517263,0.025676744829460807,-0.009702800241037202,0.2973413523691748,0.004138598696244618,0.004425840667660917,0.007701990149188208,1,-0.5000000000000004,0.8660254037844384,-0.433883739117558,-0.9009688679024191,True,True,0,200.2243118029,-66.1531028194,0.5847562235650311,0.5652471174942119,H002_combined_factors,3,per_corridor,logistic,2025,0.6045335658238884,26,"{""C"": 0.01, ""class_weight"": ""balanced""}"
2025-11-28,RUB_AMD,AMD,CBR,AMD_RC_F02_09_2016_T02_09_2026.dbf,100,20.5344,0.205344,4.8698768895,1.0,False,-0.004243061987498797,-0.00710783602657461,-0.028247197285543257,-0.026081017629231207,-0.011357563443955998,0.0,-0.0056356224801191734,0.0,0.0,-0.018934847917319475,0.0,0.0,-0.024896147336869956,0.0,0.0,-0.036229098033172424,0.0,0.008334418343281465,0.006996554470876938,0.0066336946188731505,2,-0.5000000000000004,0.8660254037844384,-0.433883739117558,-0.9009688679024191,True,True,1,12.2720897616,23.0785301649,0.6015806469005939,0.5652471174942119,H002_combined_factors,3,per_corridor,logistic,2025,0.6045335658238884,26,"{""C"": 0.01, ""class_weight"": ""balanced""}"
2025-12-05,RUB_AMD,AMD,CBR,AMD_RC_F02_09_2016_T02_09_2026.dbf,100,20.1949,0.201949,4.9517452426,1.0,False,-0.012479156581141404,-0.009286604330805304,-0.016533232039894097,-0.04431341185823878,-0.050813122767437546,0.0,-0.008665080784746593,0.0,0.0,-0.015416043020608394,0.0,0.0,-0.03187934745612386,0.0,0.0,-0.04755608929640165,0.0,0.0069239583168038245,0.007331343259549735,0.006211890453056746,1,-2.4492935982947064e-16,1.0,-0.433883739117558,-0.9009688679024191,True,True,0,123.298456541,-12.6570981743,0.5904389036816153,0.5652471174942119,H002_combined_factors,3,per_corridor,logistic,2025,0.6045335658238884,26,"{""C"": 0.01, ""class_weight"": ""balanced""}"
2025-12-13,RUB_AMD,AMD,CBR,AMD_RC_F02_09_2016_T02_09_2026.dbf,100,20.8842,0.208842,4.7883088651,1.0,False,0.0050966633458944255,0.037734536492288084,0.04704224928431411,0.018284477210227523,-0.01632997188060792,0.037734536492288084,0.019318248374690095,1.0,0.04704224928431411,0.025062851006057985,1.0,0.04704224928431411,0.013006119256996795,0.7173547400611618,0.04704224928431411,-0.00825261045098502,0.46915000000000034,0.01001996718579026,0.011517154652159321,0.009400180433966397,0,-2.4492935982947064e-16,1.0,-0.9749279121818236,-0.2225209339563146,True,True,1,33.3266297009,-97.8707972854,0.575596990304844,0.5652471174942119,H002_combined_factors,3,per_corridor,logistic,2025,0.6045335658238884,26,"{""C"": 0.01, ""class_weight"": ""balanced""}"
2025-12-20,RUB_AMD,AMD,CBR,AMD_RC_F02_09_2016_T02_09_2026.dbf,100,21.1608,0.211608,4.7257192545,1.0,False,0.008728316259647206,0.017038108649783945,0.013244462320797457,0.06090976090324318,0.021856076336910002,0.017038108649783945,0.009337449391940034,1.0,0.05147877245985044,0.020943014620740774,1.0,0.06090976090324318,0.028181855948713253,1.0,0.06090976090324318,0.008425787401762364,0.6389502471862833,0.007503102579373421,0.009044996350348007,0.00889843925350793,0,-2.4492935982947064e-16,1.0,-0.9749279121818236,-0.2225209339563146,True,True,0,175.1351555707,-68.1881209116,0.5943797316781946,0.5652471174942119,H002_combined_factors,3,per_corridor,logistic,2025,0.6045335658238884,26,"{""C"": 0.01, ""class_weight"": ""balanced""}"
2025-12-27,RUB_AMD,AMD,CBR,AMD_RC_F02_09_2016_T02_09_2026.dbf,100,20.3666,0.203666,4.9099997054,1.0,False,-0.0023610321923309696,-0.01115248855376938,-0.037531662319004844,-0.024784286685628265,-0.0069529772004758295,0.0,-0.008733556442020118,0.0,0.0,-0.01873909327341028,0.0,0.021092054006086602,-0.009626269660036324,0.34628364474442497,0.021092054006086602,-0.025716387822913855,0.24055120361370091,0.006408598380849815,0.008516389083988616,0.010107428550051176,5,-2.4492935982947064e-16,1.0,-0.9749279121818236,-0.2225209339563146,True,True,1,31.3748981175,28.6551789497,0.610716546659908,0.5652471174942119,H002_combined_factors,3,per_corridor,logistic,2025,0.6045335658238884,26,"{""C"": 0.01, ""class_weight"": ""balanced""}"
2025-01-11,RUB_KZT,KZT,CBR,KZT_RC_F02_09_2016_T02_09_2026.dbf,100,19.4216,0.194216,5.1489063723,1.0,False,0.0010308428170873185,-0.004556520847748602,0.005836686709237648,-0.008550673588883617,-0.025210927579439768,0.007841000492981642,0.00018333467229436629,0.629583333333335,0.018442676678954717,0.00015861146987505848,0.48942387976621116,0.024881135191898718,-0.006607409013860255,0.3424607786170828,0.024881135191898718,-0.02736232075669176,0.15785068630733162,0.006585582014124765,0.010197231075726608,0.01621484364305628,0,0.49999999999999994,0.8660254037844387,-0.9749279121818236,-0.2225209339563146,True,True,1,0.0,13.4719608388,0.8079343240710831,0.7292927413730995,H002_combined_factors,3,per_corridor,logistic,2025,0.664956120779414,26,"{""C"": 0.01, ""class_weight"": ""none""}"
2025-01-17,RUB_KZT,KZT,CBR,KZT_RC_F02_09_2016_T02_09_2026.dbf,100,19.3272,0.193272,5.1740552175,1.0,False,-0.0031822331333908327,-0.008668355884736467,-0.0038347352795645717,0.01349246718650865,-0.01447649545410512,0.0,-0.0058556538127590985,0.0,0.0029423211644743485,-0.004689913159102166,0.1884973404255352,0.01349246718650865,-0.011859152402033724,0.20469371519490792,0.019899631136511164,-0.030933720904579576,0.1262470706394374,0.005585353741151813,0.007035827447445264,0.012211745281715924,2,0.49999999999999994,0.8660254037844387,-0.433883739117558,-0.9009688679024191,True,True,1,0.0,36.9315106424,0.7573020920727839,0.7292927413730995,H002_combined_factors,3,per_corridor,logistic,2025,0.664956120779414,26,"{""C"": 0.01, ""class_weight"": ""none""}"
2025-01-24,RUB_KZT,KZT,CBR,KZT_RC_F02_09_2016_T02_09_2026.dbf,100,19.024,0.19024,5.2565180824,1.0,False,0.021230909627720784,-0.010866739458222918,-0.015687735419512405,-0.01946231238660734,-0.03494665929416785,0.021230909627720784,0.00045963084385891584,0.5589315997738817,0.021230909627720784,-0.010617246068914565,0.4194951209164181,0.021230909627720784,-0.01591737099304713,0.34094827586206783,0.021230909627720784,-0.04261633871372372,0.11953696427491947,0.015518889152679322,0.011062548901652095,0.010410286420399406,0,0.49999999999999994,0.8660254037844387,-0.433883739117558,-0.9009688679024191,True,True,0,112.8574432296,-75.6536562151,0.7963119813906785,0.7292927413730995,H002_combined_factors,3,per_corridor,logistic,2025,0.664956120779414,26,"{""C"": 0.01, ""class_weight"": ""none""}"
2025-01-31,RUB_KZT,KZT,CBR,KZT_RC_F02_09_2016_T02_09_2026.dbf,100,18.9622,0.189622,5.273649682,1.0,False,-0.001458670135177087,0.010934526126107125,-0.0032485281749368156,-0.01888530154393797,-0.005647643668818425,0.010934526126107125,0.0035479985350745924,0.8810137457044689,0.017913412244678906,0.00036876404956753817,0.47159412097230174,0.017913412244678906,-0.01170287396399794,0.3539456936784058,0.017913412244678906,-0.041479266685285454,0.10085836909871264,0.00793912356878706,0.011691869046241412,0.009534531053741583,1,0.49999999999999994,0.8660254037844387,-0.433883739117558,-0.9009688679024191,True,True,0,66.6589319805,-42.481912087,0.7696379807129767,0.7292927413730995,H002_combined_factors,3,per_corridor,logistic,2025,0.664956120779414,26,"{""C"": 0.01, ""class_weight"": ""none""}"
2025-02-07,RUB_KZT,KZT,CBR,KZT_RC_F02_09_2016_T02_09_2026.dbf,100,18.7822,0.187822,5.3241899245,1.0,False,-0.0034435005916030326,-0.026268994084680863,-0.00949256942759824,-0.012710260723296951,-0.031925202045192225,0.0,-0.007751102545734301,0.0,0.001338159950099005,-0.006865467712631967,0.04719819481007905,0.00825079850766297,-0.015096673613844147,0.16302503182010863,0.00825079850766297,-0.04661303012613893,0.04645469382820476,0.0162050661844711,0.01204617089838421,0.011262019691354857,3,0.8660254037844386,0.5000000000000001,-0.433883739117558,-0.9009688679024191,True,True,1,0.0,72.862963265,0.7543323605430114,0.7292927413730995,H002_combined_factors,3,per_corridor,logistic,2025,0.664956120779414,26,"{""C"": 0.01, ""class_weight"": ""none""}"
2025-02-15,RUB_KZT,KZT,CBR,KZT_RC_F02_09_2016_T02_09_2026.dbf,100,18.1389,0.181389,5.5130134683,1.0,False,-0.0010903864263410723,-0.033458021612635114,-0.039110673193058276,-0.03699869397636413,-0.06191527764130311,0.0,-0.02024340919795542,0.0,0.0,-0.031323162499786394,0.0,0.0,-0.03594997903303221,0.0,0.0,-0.07289257679596639,0.0,0.00969456682054561,0.013337013234555758,0.012248312857317518,4,0.8660254037844386,0.5000000000000001,-0.9749279121818236,-0.2225209339563146,True,True,1,0.0,109.211890542,0.8062820716793563,0.7292927413730995,H002_combined_factors,3,per_corridor,logistic,2025,0.664956120779414,26,"{""C"": 0.01, ""class_weight"": ""none""}"
2025-02-22,RUB_KZT,KZT,CBR,KZT_RC_F02_09_2016_T02_09_2026.dbf,100,17.642,0.17642,5.6682915769,1.0,False,0.0038008102326005933,-0.03667746004357397,-0.02739416392394245,-0.06543343292437442,-0.06205972577395236,0.0038008102326005933,-0.021564188428479625,0.07539503386004531,0.0038008102326005933,-0.034492194447865,0.04919360777671416,0.0038008102326005933,-0.0512778870632421,0.0389799848281497,0.0038008102326005933,-0.09006501291722213,0.015314427199156369,0.018442873623428,0.013953126314825962,0.013017785220487273,0,0.8660254037844386,0.5000000000000001,-0.9749279121818236,-0.2225209339563146,True,True,1,49.5408683823,83.3122543292,0.8303134811519983,0.7292927413730995,H002_combined_factors,3,per_corridor,logistic,2025,0.664956120779414,26,"{""C"": 0.01, ""class_weight"": ""none""}"
2025-02-28,RUB_KZT,KZT,CBR,KZT_RC_F02_09_2016_T02_09_2026.dbf,100,17.4946,0.174946,5.7160495239,1.0,False,0.015315686536240491,-0.003417907556993671,-0.004586007556101834,-0.036572001299652546,-0.07739608273301635,0.015545545313116582,0.0037212259046892626,0.6449903660886303,0.015545545313116582,-0.016050083324100073,0.21694750486066003,0.015545545313116582,-0.043360100177443184,0.12986761068813277,0.015545545313116582,-0.0871091860466533,0.056854128187163996,0.012436103648807702,0.014849536485102816,0.01373903765488404,0,0.8660254037844386,0.5000000000000001,-0.433883739117558,-0.9009688679024191,True,True,1,0.0,-12.9841034673,0.7546018925503368,0.7292927413730995,H002_combined_factors,3,per_corridor,logistic,2025,0.664956120779414,26,"{""C"": 0.01, ""class_weight"": ""none""}"
2025-03-07,RUB_KZT,KZT,CBR,KZT_RC_F02_09_2016_T02_09_2026.dbf,100,18.0331,0.180331,5.5453582579,1.0,False,0.0036845532618314802,0.00868675116625095,0.030780926685948895,0.026053757567481517,-0.039883506724451845,0.02467199654523844,0.00904232996670662,1.0,0.046804978289641586,0.02166949376282523,1.0,0.046804978289641586,0.0005495695962898228,0.47254292914493284,0.046804978289641586,-0.045348896406398165,0.26008838424566905,0.005867501446701969,0.0098723646753987,0.012723103175042647,0,1.0,6.123233995736766e-17,-0.433883739117558,-0.9009688679024191,True,True,1,33.438510295,-44.1369542558,0.7306400835374518,0.7292927413730995,H002_combined_factors,3,per_corridor,logistic,2025,0.664956120779414,26,"{""C"": 0.01, ""class_weight"": ""none""}"
2025-03-14,RUB_KZT,KZT,CBR,KZT_RC_F02_09_2016_T02_09_2026.dbf,100,17.7081,0.177081,5.6471332328,1.0,False,-0.0012802580819816223,-0.008604955827520189,-0.018022414338078274,0.012203765733426408,-0.024814551702489807,0.01224426800198919,-0.0025561185750624382,0.4472750052202929,0.01224426800198919,-0.005860494518172388,0.39725519287833555,0.027939025239742676,-0.004952172454502968,0.38990602721970075,0.027939025239742676,-0.05524140745187389,0.15525305635302034,0.012194474585111609,0.010360888048767213,0.012711025838493598,1,1.0,6.123233995736766e-17,-0.433883739117558,-0.9009688679024191,True,True,0,243.4479136666,-108.5499275845,0.7502640955959223,0.7292927413730995,H002_combined_factors,3,per_corridor,logistic,2025,0.664956120779414,26,"{""C"": 0.01, ""class_weight"": ""none""}"
2025-03-22,RUB_KZT,KZT,CBR,KZT_RC_F02_09_2016_T02_09_2026.dbf,100,16.8327,0.168327,5.9408175753,1.0,False,-0.002110467563417706,0.03067653704145923,-0.025716270185796142,-0.06343474583815545,-0.04587348373200306,0.03067653704145923,0.00901433373775351,0.9336563548266875,0.03067653704145923,-0.01840530151058528,0.3274295797660291,0.03067653704145923,-0.03349274604229091,0.29446338309627446,0.03067653704145923,-0.08690413958994492,0.1449317287664896,0.022865058840799653,0.01840513673176468,0.015040407755588894,1,1.0,6.123233995736766e-17,-0.9749279121818236,-0.2225209339563146,True,True,0,90.5380598478,-64.9964123415,0.755410979240993,0.7292927413730995,H002_combined_factors,3,per_corridor,logistic,2025,0.664956120779414,26,"{""C"": 0.01, ""class_weight"": ""none""}"
2025-03-29,RUB_KZT,KZT,CBR,KZT_RC_F02_09_2016_T02_09_2026.dbf,100,16.795,0.16795,5.9541530217,1.0,False,0.005297339358932174,0.0030578482781684624,-0.00223968822589371,-0.027898361984140863,-0.04567899130059272,0.006876375125147494,0.0036200836360029687,1.0,0.028368142936742613,0.005184826527063979,0.8633991800223612,0.028368142936742613,-0.026056963054823523,0.2723051604560949,0.028368142936742613,-0.07775731298548272,0.14301148289912327,0.005685706584750014,0.015889661813433476,0.014113609144323339,0,1.0,6.123233995736766e-17,-0.9749279121818236,-0.2225209339563146,True,True,1,0.0,-0.0085059401,0.8018195394745378,0.7292927413730995,H002_combined_factors,3,per_corridor,logistic,2025,0.664956120779414,26,"{""C"": 0.01, ""class_weight"": ""none""}"
2025-04-05,RUB_KZT,KZT,CBR,KZT_RC_F02_09_2016_T02_09_2026.dbf,100,16.8027,0.168027,5.9514244734,1.0,False,0.0016930661786185297,-0.001307601324243457,0.00045846978267349847,-0.0017822452725944071,-0.06510393483486154,0.0016930661786185297,-0.0020893366623351284,0.13601532567050076,0.007337997518030326,0.0009859318545348827,0.4042272126816386,0.028839618655743138,-0.009697219376050281,0.307823018103393,0.028839618655743138,-0.0663106498406082,0.14538831954562348,0.007414619481143235,0.006235818513188842,0.013749688567679408,0,0.8660254037844387,-0.49999999999999983,-0.9749279121818236,-0.2225209339563146,True,True,1,0.0,23.9437766537,0.8183240241022898,0.7292927413730995,H002_combined_factors,3,per_corridor,logistic,2025,0.664956120779414,26,"{""C"": 0.01, ""class_weight"": ""none""}"
2025-04-12,RUB_KZT,KZT,CBR,KZT_RC_F02_09_2016_T02_09_2026.dbf,100,16.3058,0.163058,6.1327871064,1.0,False,-0.0017325717364286009,-0.01111043726120442,-0.02957262820856177,-0.029127716582316054,-0.05621346298547203,0.0,-0.015591588052687455,0.0,0.0,-0.023661499900903826,0.0,0.0,-0.02387775394545344,0.0,0.0,-0.08176197318290834,0.0,0.020414077708179827,0.014812840561789296,0.014951172561333229,2,0.8660254037844387,-0.49999999999999983,-0.9749279121818236,-0.2225209339563146,True,True,0,142.6486280955,24.0351840134,0.7968502101682788,0.7292927413730995,H002_combined_factors,3,per_corridor,logistic,2025,0.664956120779414,26,"{""C"": 0.01, ""class_weight"": ""none""}"
2025-04-18,RUB_KZT,KZT,CBR,KZT_RC_F02_09_2016_T02_09_2026.dbf,100,15.7226,0.157226,6.360271202,1.0,False,-0.01595368486934745,-0.021812706866087717,-0.03743701826240797,-0.06269710211454427,-0.0679203002080826,0.0,-0.016855759322067954,0.0,0.0,-0.03706561814818887,0.0,0.0,-0.05048019216745503,0.0,0.0,-0.10444607159202524,0.0,0.00939511088618079,0.015173813132601369,0.011674895241005479,1,0.8660254037844387,-0.49999999999999983,-0.433883739117558,-0.9009688679024191,True,True,0,136.5550227062,10.9367781613,0.7338303214152009,0.7292927413730995,H002_combined_factors,3,per_corridor,logistic,2025,0.664956120779414,26,"{""C"": 0.01, ""class_weight"": ""none""}"
2025-04-25,RUB_KZT,KZT,CBR,KZT_RC_F02_09_2016_T02_09_2026.dbf,100,15.9849,0.159849,6.2559040094,1.0,False,0.00545344756010091,0.033003321657985474,0.01668299136275153,-0.02137858835197526,-0.043192769281417465,0.033003321657985474,0.018341084283621134,1.0,0.033003321657985474,0.008856025214931451,0.6141173641173628,0.033003321657985474,-0.019164907421412414,0.3161641800284777,0.033003321657985474,-0.07547072869576177,0.13387684483707757,0.011940591579996659,0.011654719567347913,0.013093794243306657,0,0.8660254037844387,-0.49999999999999983,-0.433883739117558,-0.9009688679024191,True,True,1,1.5014169623,-87.4197427802,0.7344658120786972,0.7292927413730995,H002_combined_factors,3,per_corridor,logistic,2025,0.664956120779414,26,"{""C"": 0.01, ""class_weight"": ""none""}"
2025-05-16,RUB_KZT,KZT,CBR,KZT_RC_F02_09_2016_T02_09_2026.dbf,100,15.8656,0.158656,6.3029447358,1.0,False,0.008729487611502718,0.012114291546788891,0.0161007288237629,-0.007314249960894803,-0.026996528842497813,0.012114291546788891,0.008425580815913492,1.0,0.0161007288237629,0.004397276803067118,0.6081277213352659,0.02529371469930597,0.0038853608171753873,0.6534223706176938,0.02529371469930597,-0.05302614301062436,0.13103448275862067,0.004590897186433097,0.007408796738814579,0.009535202959904242,0,0.49999999999999994,-0.8660254037844387,-0.433883739117558,-0.9009688679024191,True,True,1,29.3717224687,-59.1907845338,0.7890237433582497,0.7292927413730995,H002_combined_factors,3,per_corridor,logistic,2025,0.664956120779414,26,"{""C"": 0.01, ""class_weight"": ""none""}"
2025-05-23,RUB_KZT,KZT,CBR,KZT_RC_F02_09_2016_T02_09_2026.dbf,100,15.6164,0.156164,6.4035244999,1.0,False,0.0017447976804454424,-0.010530584314371483,-0.015706938281565108,0.0001408973882748299,0.00699643407553574,0.0017447976804454424,-0.00570102776401793,0.11836379460400136,0.0017447976804454424,-0.006558100803524813,0.09840810419681462,0.00918948960204724,-0.009899169664229768,0.2569569931333581,0.00918948960204724,-0.0569954819549936,0.05557075305795484,0.0036588453628487597,0.005154324384643085,0.007399420685225531,0,0.49999999999999994,-0.8660254037844387,-0.433883739117558,-0.9009688679024191,True,True,1,0.0,50.5686699967,0.8164615650002072,0.7292927413730995,H002_combined_factors,3,per_corridor,logistic,2025,0.664956120779414,26,"{""C"": 0.01, ""class_weight"": ""none""}"
2025-05-30,RUB_KZT,KZT,CBR,KZT_RC_F02_09_2016_T02_09_2026.dbf,100,15.3117,0.153117,6.5309534539,1.0,False,-0.014862282614989675,-0.01808422632216855,-0.019511539151148782,-0.03491201089148843,-0.04197090567808537,0.0,-0.015293096241036586,0.0,0.0,-0.020221759796054672,0.0,0.0,-0.025473000452522432,0.0,0.0,-0.06660401368544311,0.0,0.008052096802158494,0.005909541883516034,0.006681272374461007,4,0.49999999999999994,-0.8660254037844387,-0.433883739117558,-0.9009688679024191,True,True,1,0.0,106.9040918367,0.7682016196840941,0.7292927413730995,H002_combined_factors,3,per_corridor,logistic,2025,0.664956120779414,26,"{""C"": 0.01, ""class_weight"": ""none""}"
2025-06-06,RUB_KZT,KZT,CBR,KZT_RC_F02_09_2016_T02_09_2026.dbf,100,15.4645,0.154645,6.4664230981,1.0,False,0.008806549463452829,-0.0016977819092621749,0.00997929687755117,-0.009726953715324838,-0.009587426829424484,0.008806549463452829,0.00233204481051974,0.8369497830130286,0.00997929687755117,-0.0015824123039495097,0.3743263106320433,0.00997929687755117,-0.008955893426470296,0.2758620689655181,0.00997929687755117,-0.0450757547299816,0.059919218854162654,0.006932164181542863,0.007738859093317598,0.006419033886099711,0,1.2246467991473532e-16,-1.0,-0.433883739117558,-0.9009688679024191,True,True,1,0.0,0.6466004979,0.8174489139246929,0.7292927413730995,H002_combined_factors,3,per_corridor,logistic,2025,0.664956120779414,26,"{""C"": 0.01, ""class_weight"": ""none""}"
2025-06-12,RUB_KZT,KZT,CBR,KZT_RC_F02_09_2016_T02_09_2026.dbf,100,15.5389,0.155389,6.4354619696,1.0,False,0.005279059085351312,0.0013597288275399855,0.01365993672331145,-0.00024448776596097677,-0.012041988008875792,0.005279059085351312,0.0025976472774384973,1.0,0.0148383262472489,0.005864722979227688,1.0,0.0148383262472489,-0.0017220549920483608,0.41018234338328236,0.0148383262472489,-0.031746506500967775,0.11560575993486978,0.004844079722705992,0.007353951437710998,0.006383322143776221,0,1.2246467991473532e-16,-1.0,0.43388373911755823,-0.900968867902419,True,True,1,0.0,-11.6801999901,0.7352791741873743,0.7292927413730995,H002_combined_factors,3,per_corridor,logistic,2025,0.664956120779414,26,"{""C"": 0.01, ""class_weight"": ""none""}"
2025-06-20,RUB_KZT,KZT,CBR,KZT_RC_F02_09_2016_T02_09_2026.dbf,100,15.1277,0.151277,6.6103902113,1.0,False,-0.005580900043385184,-0.013563123952607281,-0.021323258266320755,-0.018974987516455655,-0.03783113372555258,0.0,-0.012234999751878473,0.0,0.0,-0.016782876812046377,0.0,0.0,-0.021370425561576645,0.0,0.0,-0.0515069882837349,0.0,0.007645854773976308,0.006890927665769878,0.0068879021802993245,2,1.2246467991473532e-16,-1.0,-0.433883739117558,-0.9009688679024191,True,True,1,12.0309101846,44.2908851596,0.7885924014028025,0.7292927413730995,H002_combined_factors,3,per_corridor,logistic,2025,0.664956120779414,26,"{""C"": 0.01, ""class_weight"": ""none""}"
2025-06-26,RUB_KZT,KZT,CBR,KZT_RC_F02_09_2016_T02_09_2026.dbf,100,15.0591,0.150591,6.6405030845,1.0,False,0.00560259629253701,-0.0033356497567755827,-0.010090319866426611,-0.029365698337705526,-0.03428307585755774,0.00560259629253701,0.00017401145553286312,0.5501639344262342,0.00560259629253701,-0.010489698884401766,0.14883803441547028,0.00560259629253701,-0.01830008435561814,0.13883832533509968,0.00560259629253701,-0.048880225326540794,0.039682164309700924,0.004792727138466743,0.00607844054247981,0.006538783135305386,0,1.2246467991473532e-16,-1.0,0.43388373911755823,-0.900968867902419,True,True,1,0.0,9.6668078779,0.7379159842251684,0.7292927413730995,H002_combined_factors,3,per_corridor,logistic,2025,0.664956120779414,26,"{""C"": 0.01, ""class_weight"": ""none""}"
2025-07-03,RUB_KZT,KZT,CBR,KZT_RC_F02_09_2016_T02_09_2026.dbf,100,15.1464,0.151464,6.6022289125,1.0,False,0.003677713058863219,0.0005284574327537594,0.005797159192780343,-0.004351655864217929,-0.02223255093345733,0.004123519974542855,0.0024063470381281427,1.0,0.011432234627918092,0.004186097700364266,1.0,0.011432234627918092,-0.006742639951420548,0.30370764591094385,0.011432234627918092,-0.03472389143978982,0.08097242586198702,0.0028540988377739047,0.0040783860850874595,0.005523547539455428,0,-0.4999999999999998,-0.8660254037844388,0.43388373911755823,-0.900968867902419,True,True,1,0.0,-1.3394886926,0.7491723071853914,0.7292927413730995,H002_combined_factors,3,per_corridor,logistic,2025,0.664956120779414,26,"{""C"": 0.01, ""class_weight"": ""none""}"
2025-07-11,RUB_KZT,KZT,CBR,KZT_RC_F02_09_2016_T02_09_2026.dbf,100,15.0111,0.150111,6.6617369813,1.0,False,-0.0022797665731719707,-0.009331793433426827,-0.012310668368622713,-0.004846130388088232,-0.028866619655437797,0.0,-0.004947718839115489,0.0,0.0,-0.006498650830052299,0.0,0.0023972968641488013,-0.008864761220598205,0.06368635799183928,0.0023972968641488013,-0.03314359030620906,0.026418426668628925,0.0026535476855836715,0.0034096064573893633,0.004994697637716464,5,-0.4999999999999998,-0.8660254037844388,-0.433883739117558,-0.9009688679024191,True,True,1,0.0,24.2563598182,0.781497648248336,0.7292927413730995,H002_combined_factors,3,per_corridor,logistic,2025,0.664956120779414,26,"{""C"": 0.01, ""class_weight"": ""none""}"
2025-07-17,RUB_KZT,KZT,CBR,KZT_RC_F02_09_2016_T02_09_2026.dbf,100,14.8247,0.148247,6.7454990657,1.0,False,-0.0030933311814508313,-0.01339021289906106,-0.014668935355656942,-0.021239370411450853,-0.025498599844865577,0.0,-0.008740643860219333,0.0,0.0,-0.014268625713048988,0.0,0.0,-0.015707501522945422,0.0,0.0,-0.040174086485140315,0.0,0.005192258177960776,0.004354420473317395,0.004198521819696591,2,-0.4999999999999998,-0.8660254037844388,0.43388373911755823,-0.900968867902419,True,True,0,84.1163733499,23.3809958266,0.7297612103344009,0.7292927413730995,H002_combined_factors,3,per_corridor,logistic,2025,0.664956120779414,26,"{""C"": 0.01, ""class_weight"": ""none""}"
2025-07-24,RUB_KZT,KZT,CBR,KZT_RC_F02_09_2016_T02_09_2026.dbf,100,14.7469,0.147469,6.7810861944,1.0,False,-0.0001559406611885139,0.003190476190476188,-0.0052479982731522545,-0.019839951081393803,-0.020731650629851828,0.00463934381557074,0.0001288572397422083,0.3975481611208349,0.00463934381557074,-0.006956803977856252,0.18611642525279803,0.00463934381557074,-0.015784462877430072,0.131112822487483,0.00463934381557074,-0.0404721739164382,0.050489323843415417,0.00558583701654297,0.005182011700952026,0.004378473672856959,1,-0.4999999999999998,-0.8660254037844388,0.43388373911755823,-0.900968867902419,True,True,0,71.8117027986,-34.3524027727,0.7298596624692038,0.7292927413730995,H002_combined_factors,3,per_corridor,logistic,2025,0.664956120779414,26,"{""C"": 0.01, ""class_weight"": ""none""}"
2025-08-02,RUB_KZT,KZT,CBR,KZT_RC_F02_09_2016_T02_09_2026.dbf,100,14.8543,0.148543,6.7320573841,1.0,False,0.010475976680748067,-0.02178451244970403,0.011907762525971588,0.010496598639455845,-0.021017320011599394,0.017069496747689206,-0.002297074923598763,0.4297534907774513,0.017069496747689206,0.00409022975180795,0.4297534907774513,0.017069496747689206,-0.0014234839559743584,0.4297534907774513,0.017069496747689206,-0.025255312461242907,0.19776297001427887,0.024522102030109755,0.016697582164467317,0.012161709070679195,0,-0.8660254037844384,-0.5000000000000004,-0.9749279121818236,-0.2225209339563146,True,True,0,126.4953582464,22.3005877414,0.8104835301124647,0.7292927413730995,H002_combined_factors,3,per_corridor,logistic,2025,0.664956120779414,26,"{""C"": 0.01, ""class_weight"": ""none""}"
2025-08-09,RUB_KZT,KZT,CBR,KZT_RC_F02_09_2016_T02_09_2026.dbf,100,14.791,0.14791,6.7608680955,1.0,False,-0.00024333202655013597,0.001143893705877197,-0.00426139232410816,0.007595626554038004,-0.015633007007899602,0.008495609011073046,0.0001406458348547357,0.4942483141610525,0.01273536460116409,-0.003215239060538333,0.3206343733838994,0.01273536460116409,-0.0011908592520509798,0.3206343733838994,0.01273536460116409,-0.024641683912511647,0.14754878629224208,0.009684615215651515,0.01766925355813815,0.012858271511421784,2,-0.8660254037844384,-0.5000000000000004,-0.9749279121818236,-0.2225209339563146,True,True,1,16.0908660672,8.7235615291,0.7782868742232916,0.7292927413730995,H002_combined_factors,3,per_corridor,logistic,2025,0.664956120779414,26,"{""C"": 0.01, ""class_weight"": ""none""}"
2025-08-15,RUB_KZT,KZT,CBR,KZT_RC_F02_09_2016_T02_09_2026.dbf,100,14.8274,0.148274,6.744270742,1.0,False,0.010102799217935665,0.004076602199468926,0.0022170251307909172,0.008646082052747195,-0.001528609234954681,0.010102799217935665,0.004795129514577612,1.0,0.010977472317678538,0.00326744979907434,0.6386354621182013,0.015227661759671163,0.0032929070045573106,0.38338217548698084,0.015227661759671163,-0.017709829095926,0.1994797739707577,0.005516358544059332,0.008185318594037927,0.012827410775857353,0,-0.8660254037844384,-0.5000000000000004,-0.433883739117558,-0.9009688679024191,True,True,1,0.0,-17.3725386491,0.7768424163852532,0.7292927413730995,H002_combined_factors,3,per_corridor,logistic,2025,0.664956120779414,26,"{""C"": 0.01, ""class_weight"": ""none""}"
2025-08-22,RUB_KZT,KZT,CBR,KZT_RC_F02_09_2016_T02_09_2026.dbf,100,14.9081,0.149081,6.707762894,1.0,False,0.002319546041307907,0.0025824327323349383,0.005442626488797675,0.007671718059291788,0.018243289392800843,0.0025824327323349383,0.0018399647328892765,1.0,0.01560041146936797,0.006034275657480936,1.0,0.020753166723724625,0.005732936116013443,0.5224961213583826,0.020753166723724625,-0.00831762359693311,0.3232377092886829,0.0015484305349045464,0.0038342019319278398,0.012447497448031034,0,-0.8660254037844384,-0.5000000000000004,-0.433883739117558,-0.9009688679024191,True,True,1,0.0,21.2566576464,0.7737966828319006,0.7292927413730995,H002_combined_factors,3,per_corridor,logistic,2025,0.664956120779414,26,"{""C"": 0.01, ""class_weight"": ""none""}"
2025-08-29,RUB_KZT,KZT,CBR,KZT_RC_F02_09_2016_T02_09_2026.dbf,100,14.9344,0.149344,6.6959502893,1.0,False,-0.008846738387411457,-0.005401085544936901,0.001764141641121375,0.007216369693945124,0.015924845071189075,0.0,-0.0051387132832474425,0.0,0.004351130150574756,-0.0007848185450013423,0.3267676767676796,0.018273059510172995,0.004829565715869899,0.6678295539496647,0.022553919890448526,-0.004199732153305269,0.35271442338580106,0.005894614266495263,0.004080777218318909,0.006295383082240535,1,-0.8660254037844384,-0.5000000000000004,-0.433883739117558,-0.9009688679024191,True,True,1,0.0,30.069781348,0.769325020483603,0.7292927413730995,H002_combined_factors,3,per_corridor,logistic,2025,0.664956120779414,26,"{""C"": 0.01, ""class_weight"": ""none""}"
2025-09-05,RUB_KZT,KZT,CBR,KZT_RC_F02_09_2016_T02_09_2026.dbf,100,15.0501,0.150501,6.6444741231,1.0,False,0.004377857119022943,0.0077674583670928055,0.007747214484679521,0.009525023309476133,0.01726981466210642,0.0077674583670928055,0.005051267291107608,1.0,0.0077674583670928055,0.0038084439405055015,0.8682634730538855,0.025274029061727266,0.009678085904585076,0.9547092125578978,0.03047586442998962,0.006211504029945081,0.4766034907377652,0.0018287104870035483,0.004161205237467624,0.0038954897112878028,0,-1.0,-1.8369701987210297e-16,-0.433883739117558,-0.9009688679024191,True,True,1,0.0,-10.6519851081,0.8016774078367218,0.7292927413730995,H002_combined_factors,3,per_corridor,logistic,2025,0.664956120779414,26,"{""C"": 0.01, ""class_weight"": ""none""}"
2025-09-13,RUB_KZT,KZT,CBR,KZT_RC_F02_09_2016_T02_09_2026.dbf,100,15.6581,0.156581,6.3864709,1.0,False,-0.016259447505481583,0.00658926688780892,0.03685726583451965,0.048191883894980636,0.05277277250356338,0.022917170239036277,0.0004025096155075847,0.575459317585302,0.048479653946337464,0.021438459019430534,0.736670736670736,0.05302057203575061,0.03414922814112242,0.7528647822765465,0.0721054433413213,0.04490988393820006,0.8027288665294604,0.013889056703990432,0.009726844405409666,0.007568629196372307,1,-1.0,-1.8369701987210297e-16,-0.9749279121818236,-0.2225209339563146,True,True,0,190.5084269484,1.9155742572,0.7436995490991601,0.7292927413730995,H002_combined_factors,3,per_corridor,logistic,2025,0.664956120779414,26,"{""C"": 0.01, ""class_weight"": ""none""}"
2025-09-20,RUB_KZT,KZT,CBR,KZT_RC_F02_09_2016_T02_09_2026.dbf,100,15.4414,0.154414,6.476096727,1.0,False,0.004410157672893655,0.008813249273184498,-0.013839482440398232,0.022507697910803426,0.028316085294548543,0.008813249273184498,0.004455893162643276,1.0,0.008813249273184498,-0.004573775088881016,0.2210026212319773,0.03396923818643227,0.012090235656691428,0.5161782661782655,0.05726805888394382,0.028622169838500744,0.6375485936428072,0.009775679047700055,0.012508934069039204,0.009014463151816067,0,-1.0,-1.8369701987210297e-16,-0.9749279121818236,-0.2225209339563146,True,True,1,0.0,-16.4485420105,0.8008899877185914,0.7292927413730995,H002_combined_factors,3,per_corridor,logistic,2025,0.664956120779414,26,"{""C"": 0.01, ""class_weight"": ""none""}"
2025-09-26,RUB_KZT,KZT,CBR,KZT_RC_F02_09_2016_T02_09_2026.dbf,100,15.4029,0.154029,6.4922839206,1.0,False,-0.0005255985984037315,-0.007851953004225476,0.0019058645990528422,-0.03229272031614194,0.031370527105206714,0.0028321418805421494,-0.001620440889557262,0.2629987908101535,0.006297977983209746,-0.001243023796416387,0.2741751990898734,0.031391245538733514,0.0041154463202512925,0.4770044770044766,0.054631975350907025,0.024723792467303163,0.608201844652793,0.0065745073322362605,0.009028002863866794,0.009182500187664847,1,-1.0,-1.8369701987210297e-16,-0.433883739117558,-0.9009688679024191,True,True,1,0.0,17.0918171305,0.737171791621647,0.7292927413730995,H002_combined_factors,3,per_corridor,logistic,2025,0.664956120779414,26,"{""C"": 0.01, ""class_weight"": ""none""}"
2025-10-03,RUB_KZT,KZT,CBR,KZT_RC_F02_09_2016_T02_09_2026.dbf,100,14.7516,0.147516,6.7789256759,1.0,False,-0.006151089072890081,-0.03113814143192095,-0.042284245174609936,-0.04045896862153309,-0.019833755257440022,0.0,-0.020589945902592777,0.0,0.0,-0.032352649852638304,0.0,0.0,-0.03970846758326041,0.0,0.010037658336186306,-0.018475173053999705,0.11174632212821069,0.00674755706669148,0.007865364378299197,0.010661610860264816,4,-0.8660254037844386,0.5000000000000001,-0.433883739117558,-0.9009688679024191,True,True,1,0.0,146.1080632833,0.7457353767607099,0.7292927413730995,H002_combined_factors,3,per_corridor,logistic,2025,0.664956120779414,26,"{""C"": 0.01, ""class_weight"": ""none""}"
2025-10-10,RUB_KZT,KZT,CBR,KZT_RC_F02_09_2016_T02_09_2026.dbf,100,15.0743,0.150743,6.6338072083,1.0,False,0.0012154622741762378,-0.0055152758627514675,0.02187559315599641,-0.02133364496296164,-0.052937443848990795,0.006758787425449553,0.001258023720455581,0.547619047619043,0.02187559315599641,0.0010465822051806128,0.47178362573099225,0.02187559315599641,-0.010892498542516171,0.3559845559845542,0.03213283122218402,0.002261925974782031,0.35772543638996707,0.009735075672775954,0.010441043493118616,0.009517642126621722,0,-0.8660254037844386,0.5000000000000001,-0.433883739117558,-0.9009688679024191,True,True,0,54.3308810359,-22.7201705153,0.7415156274994305,0.7292927413730995,H002_combined_factors,3,per_corridor,logistic,2025,0.664956120779414,26,"{""C"": 0.01, ""class_weight"": ""none""}"
2025-10-17,RUB_KZT,KZT,CBR,KZT_RC_F02_09_2016_T02_09_2026.dbf,100,14.6571,0.146571,6.822632035,1.0,False,0.0013800736494749,-0.022807883087097802,-0.02767624367300625,-0.006406084763686648,-0.04660586980277881,0.0013800736494749,-0.0117147781245025,0.055754899254763575,0.0013800736494749,-0.019139268291050726,0.03877159309021267,0.0013800736494749,-0.02894238123805193,0.02275030971956389,0.0035672714823689056,-0.026165734516088723,0.039713392789084076,0.006976935856603283,0.009553692051097986,0.008703320057091079,0,-0.8660254037844386,0.5000000000000001,-0.433883739117558,-0.9009688679024191,True,True,1,0.0,166.1692228951,0.7911771007320414,0.7292927413730995,H002_combined_factors,3,per_corridor,logistic,2025,0.664956120779414,26,"{""C"": 0.01, ""class_weight"": ""none""}"
2025-10-25,RUB_KZT,KZT,CBR,KZT_RC_F02_09_2016_T02_09_2026.dbf,100,15.0474,0.150474,6.645666361,1.0,False,-0.0028825318569468683,-0.004604088112720839,-0.0006508514199188298,0.0036685253861956646,-0.025149654046489944,0.0,-0.004626475292611065,0.0,0.0280455560945283,0.004461111960359476,0.7704579579579576,0.0280455560945283,0.003334245714005757,0.6971807065217382,0.0280455560945283,-0.0019158125842245743,0.32070312499999964,0.005164277670539002,0.011405921786386063,0.010744495001183497,2,-0.8660254037844386,0.5000000000000001,-0.9749279121818236,-0.2225209339563146,True,True,0,245.7567420285,-13.5374857162,0.7754350393697432,0.7292927413730995,H002_combined_factors,3,per_corridor,logistic,2025,0.664956120779414,26,"{""C"": 0.01, ""class_weight"": ""none""}"
2025-10-31,RUB_KZT,KZT,CBR,KZT_RC_F02_09_2016_T02_09_2026.dbf,100,15.1851,0.151851,6.5854027962,1.0,False,0.023841148906044607,0.03457649752003067,0.00624217243504388,0.03602349714472863,0.029386642804848373,0.03457649752003067,0.018122938289484303,1.0,0.03457649752003067,0.01119061333617477,1.0,0.03745328587337493,0.0136865135855464,1.0,0.03745328587337493,0.006802585778219683,0.42828125000000095,0.017905815087130485,0.014916911799891575,0.012384731545249312,0,-0.8660254037844386,0.5000000000000001,-0.433883739117558,-0.9009688679024191,True,True,1,0.0,-94.654270221,0.7311522325613463,0.7292927413730995,H002_combined_factors,3,per_corridor,logistic,2025,0.664956120779414,26,"{""C"": 0.01, ""class_weight"": ""none""}"
2025-11-15,RUB_KZT,KZT,CBR,KZT_RC_F02_09_2016_T02_09_2026.dbf,100,15.4729,0.154729,6.4629125762,1.0,False,0.007166662327179996,-0.004215363229161273,0.003495687139243975,0.018952789247354218,0.05565903214141943,0.007166662327179996,0.0014834970660158042,0.6269931662870238,0.01474947534102844,0.0032081081887156415,0.7733837689133445,0.054184607837793664,0.01660059782256984,0.9234788666976321,0.057115919354508105,0.01907425860930001,0.6531250000000002,0.007045060658789047,0.008180558846950396,0.011742833261963423,0,-0.5000000000000004,0.8660254037844384,-0.9749279121818236,-0.2225209339563146,True,True,1,0.0,1.9108103867,0.8046229038702603,0.7292927413730995,H002_combined_factors,3,per_corridor,logistic,2025,0.664956120779414,26,"{""C"": 0.01, ""class_weight"": ""none""}"
2025-11-21,RUB_KZT,KZT,CBR,KZT_RC_F02_09_2016_T02_09_2026.dbf,100,15.543,0.15543,6.4337643955,1.0,False,0.0004441269044355156,0.0004183696456732111,0.011729632619053909,0.0026383522232473755,0.02514889491283956,0.005089140795251135,0.0020914783218659583,1.0,0.011729632619053909,0.004401972745507576,1.0,0.05896059301248169,0.015952075142411815,1.0,0.06190518484105256,0.021497249587602463,0.7078906250000008,0.004586631584939802,0.0056697783377670785,0.010206591507513093,0,-0.5000000000000004,0.8660254037844384,-0.433883739117558,-0.9009688679024191,True,True,0,188.4449591456,-90.0304367422,0.7417541011644442,0.7292927413730995,H002_combined_factors,3,per_corridor,logistic,2025,0.664956120779414,26,"{""C"": 0.01, ""class_weight"": ""none""}"
2025-11-28,RUB_KZT,KZT,CBR,KZT_RC_F02_09_2016_T02_09_2026.dbf,100,15.0864,0.150864,6.6284865839,1.0,False,-0.004913956295470534,-0.008530382092769462,-0.02937656823007151,-0.017991511963964868,0.017186393823955814,0.0,-0.006154223172606721,0.0,0.0,-0.01686456798514735,0.0,0.0,-0.01844610071038122,0.0,0.030710054724702562,-0.009750064681354642,0.35117187499999974,0.007338972118929994,0.00723000749346417,0.009297232246057064,5,-0.5000000000000004,0.8660254037844384,-0.433883739117558,-0.9009688679024191,True,True,1,0.0,42.4402832872,0.7295880401072559,0.7292927413730995,H002_combined_factors,3,per_corridor,logistic,2025,0.664956120779414,26,"{""C"": 0.01, ""class_weight"": ""none""}"
2025-12-05,RUB_KZT,KZT,CBR,KZT_RC_F02_09_2016_T02_09_2026.dbf,100,15.2753,0.152753,6.5465162714,1.0,False,-0.004191765104696321,0.007565663628088748,0.012521211157068723,-0.017223187286881658,-0.014630275898104061,0.012494365935785012,0.004985683758434556,0.7456487341772136,0.012521211157068723,0.005637383827298503,0.7460505529225896,0.012521211157068723,-0.003716017355545831,0.4137100306614095,0.04361579296162432,0.0035690880511924927,0.49874999999999986,0.00871124136697149,0.008802211086998368,0.0072772467040870675,1,-2.4492935982947064e-16,1.0,-0.433883739117558,-0.9009688679024191,True,True,1,30.0485096856,-35.3447426338,0.7597640876086974,0.7292927413730995,H002_combined_factors,3,per_corridor,logistic,2025,0.664956120779414,26,"{""C"": 0.01, ""class_weight"": ""none""}"
2025-12-12,RUB_KZT,KZT,CBR,KZT_RC_F02_09_2016_T02_09_2026.dbf,100,15.305,0.15305,6.5338124796,1.0,False,0.011312426489050953,-0.0007899667691665391,0.0019443153325957585,0.01448987167249971,-0.003762334991017191,0.012851735182783264,0.005636294107056683,0.9413475521085751,0.014462974255640582,0.006287571411570658,0.8631329113924001,0.01448987167249971,0.0018144591183770764,0.4787560227770448,0.04564491114921876,0.007205970275633078,0.7373358348968085,0.00939392253344764,0.008612200684904087,0.007918090114792315,0,-2.4492935982947064e-16,1.0,-0.433883739117558,-0.9009688679024191,True,True,1,0.0,-25.4812951572,0.7701178762849507,0.7292927413730995,H002_combined_factors,3,per_corridor,logistic,2025,0.664956120779414,26,"{""C"": 0.01, ""class_weight"": ""none""}"
2025-12-20,RUB_KZT,KZT,CBR,KZT_RC_F02_09_2016_T02_09_2026.dbf,100,15.7184,0.157184,6.361970684,1.0,False,0.010134505517104042,0.028253687894547408,0.02520219149491254,0.03210894716797763,0.030707995357407425,0.033486531089939486,0.017449876430691624,1.0,0.04020965137517529,0.024381724003993632,1.0,0.04189203521052076,0.029638528646123374,1.0,0.07388859662906766,0.034339917685273,1.0,0.007827931919825263,0.008277495892908,0.007439441489725083,0,-2.4492935982947064e-16,1.0,-0.9749279121818236,-0.2225209339563146,True,True,0,252.315757329,-113.5360903583,0.7900539039322266,0.7292927413730995,H002_combined_factors,3,per_corridor,logistic,2025,0.664956120779414,26,"{""C"": 0.01, ""class_weight"": ""none""}"
2025-12-27,RUB_KZT,KZT,CBR,KZT_RC_F02_09_2016_T02_09_2026.dbf,100,15.1503,0.151503,6.6005293625,1.0,False,-0.00599018475750579,-0.007097636742558255,-0.036142355456025954,-0.011851030524393513,0.0009910606330896243,0.0,-0.007794715154309406,0.0,0.0,-0.013592619865655964,0.0,0.0042089773842033384,-0.009399403886019786,0.10053831538948668,0.03507573324952684,-0.004177224023151682,0.47471104946833137,0.011796194746773778,0.011448238272884843,0.009931397001476818,2,-2.4492935982947064e-16,1.0,-0.9749279121818236,-0.2225209339563146,True,True,1,0.0,58.2525181981,0.7988284402226399,0.7292927413730995,H002_combined_factors,3,per_corridor,logistic,2025,0.664956120779414,26,"{""C"": 0.01, ""class_weight"": ""none""}"
2026-01-17,RUB_TJS,TJS,CBR,TJS_RC_F02_09_2016_T02_09_2026.dbf,10,83.4315,8.34315,0.1198588063,1.0,False,-0.0073492668579833165,-0.011320490882460343,-0.01333738571629628,-0.01904728311670001,0.0024800210513415966,0.0,-0.007483650481593163,0.0,0.0,-0.00875765813910201,0.0,0.0,-0.01986111248169109,0.0,0.013826088752844967,-0.02727037285705247,0.17910494750263695,0.003060095134970648,0.004811751771246366,0.00860239483214571,3,0.49999999999999994,0.8660254037844387,-0.9749279121818236,-0.2225209339563146,True,True,1,9.5887045061,36.5342686834,0.8136954751041573,0.808559093938692,H002_combined_factors,3,per_corridor,logistic,2026,0.7198862786173875,26,"{""C"": 0.1, ""class_weight"": ""none""}"
2026-01-24,RUB_TJS,TJS,CBR,TJS_RC_F02_09_2016_T02_09_2026.dbf,10,81.155,8.1155,0.1232209969,1.0,False,-0.0024657184016834144,-0.02746070835804959,-0.027285857260147428,-0.040259320973565216,-0.0580196300560859,0.0,-0.015862613911583168,0.0,0.0,-0.025303671562347252,0.0,0.0,-0.037242538303433714,0.0,0.0,-0.04991392777831738,0.0,0.008383127776376157,0.0061311724842554914,0.0075292566962334995,3,0.49999999999999994,0.8660254037844387,-0.9749279121818236,-0.2225209339563146,True,True,1,0.0,77.4558770487,0.8412997818185163,0.808559093938692,H002_combined_factors,3,per_corridor,logistic,2026,0.7198862786173875,26,"{""C"": 0.1, ""class_weight"": ""none""}"
2026-01-31,RUB_TJS,TJS,CBR,TJS_RC_F02_09_2016_T02_09_2026.dbf,10,80.8152,8.08152,0.1237390986,1.0,False,-0.003144192495137088,-0.012221460341672818,-0.004187049473230453,-0.0313586594991101,-0.049808645350170266,0.0,-0.005959187047230752,0.0,0.0,-0.013021031155068585,0.0,0.0,-0.026616079494128364,0.0,0.0,-0.048199304283681466,0.0,0.005052697179425045,0.006972412995510324,0.00586558295159301,3,0.49999999999999994,0.8660254037844387,-0.9749279121818236,-0.2225209339563146,True,True,1,0.0,59.1855723635,0.8457182895097131,0.808559093938692,H002_combined_factors,3,per_corridor,logistic,2026,0.7198862786173875,26,"{""C"": 0.1, ""class_weight"": ""none""}"
2026-02-07,RUB_TJS,TJS,CBR,TJS_RC_F02_09_2016_T02_09_2026.dbf,10,82.1471,8.21471,0.1217328427,1.0,False,0.006263183554274132,-0.001152697104517264,0.016480810540591584,0.012224755098268592,-0.028526726214621045,0.006263183554274132,0.0008623680983748105,0.8435901666391709,0.016480810540591584,0.0056201645284499335,0.9335529543702258,0.016480810540591584,-0.003974723708414896,0.372914100123196,0.016480810540591584,-0.028283124644723823,0.19256571147673812,0.008906739541881281,0.007166125458338243,0.0070417703009809105,0,0.8660254037844386,0.5000000000000001,-0.9749279121818236,-0.2225209339563146,True,True,1,0.0,4.9121146897,0.8597858477451832,0.808559093938692,H002_combined_factors,3,per_corridor,logistic,2026,0.7198862786173875,26,"{""C"": 0.1, ""class_weight"": ""none""}"
2026-02-21,RUB_TJS,TJS,CBR,TJS_RC_F02_09_2016_T02_09_2026.dbf,10,81.1537,8.11537,0.1232229707,1.0,False,0.0015068195617511382,-2.094746621894572e-05,-0.006930975365913583,-0.012092940590720747,-1.6018729591560366e-05,0.00716962867355031,0.0018262898835836872,0.997065930272715,0.00716962867355031,-0.00551006858297709,0.25655031530331146,0.00716962867355031,-0.006025671661461174,0.25655031530331146,0.00716962867355031,-0.02884042890386951,0.08510230838354181,0.005730885063211133,0.005696468912013031,0.006423633783101573,0,0.8660254037844386,0.5000000000000001,-0.9749279121818236,-0.2225209339563146,True,True,1,0.0,-12.3039710049,0.8552351652010772,0.808559093938692,H002_combined_factors,3,per_corridor,logistic,2026,0.7198862786173875,26,"{""C"": 0.1, ""class_weight"": ""none""}"
2026-02-27,RUB_TJS,TJS,CBR,TJS_RC_F02_09_2016_T02_09_2026.dbf,10,81.2167,8.12167,0.1231273864,1.0,False,0.006618519211677443,0.0007763047156197356,0.007951499205718804,-0.013821868738995824,-0.004116371805121477,0.006618519211677443,0.0025309936865876015,1.0,0.007951499205718804,0.0007867869089008828,0.48151209980459825,0.007951499205718804,-0.004192871474784421,0.28452793320898484,0.007951499205718804,-0.024905617185666196,0.09438298248456789,0.0045601607866427325,0.004924707398490904,0.0064246793833289805,0,0.8660254037844386,0.5000000000000001,-0.433883739117558,-0.9009688679024191,True,True,1,0.0,-13.1743742921,0.8387492388374344,0.808559093938692,H002_combined_factors,3,per_corridor,logistic,2026,0.7198862786173875,26,"{""C"": 0.1, ""class_weight"": ""none""}"
2026-03-07,RUB_TJS,TJS,CBR,TJS_RC_F02_09_2016_T02_09_2026.dbf,10,82.664,8.2664,0.1209716442,1.0,False,0.012277526469054001,0.01642105780876335,0.017435634863392835,0.020145227294043222,0.012594964464120117,0.02054572974254265,0.01289423278628754,1.0,0.024556689352240424,0.016361697091902716,1.0,0.025913423351866527,0.014058680193991702,0.9272581934452445,0.025913423351866527,-0.004035693219041403,0.3075880559197446,0.005632769201745806,0.004842901634240599,0.005556368026618871,0,1.0,6.123233995736766e-17,-0.9749279121818236,-0.2225209339563146,True,True,1,0.0,-62.5579731592,0.8255067487713322,0.808559093938692,H002_combined_factors,3,per_corridor,logistic,2026,0.7198862786173875,26,"{""C"": 0.1, ""class_weight"": ""none""}"
2026-03-14,RUB_TJS,TJS,CBR,TJS_RC_F02_09_2016_T02_09_2026.dbf,10,83.4542,8.34542,0.1198262041,1.0,False,0.014427360567321523,0.017586472207082204,0.021954068874645793,0.02754975269864457,0.013347094894056388,0.017586472207082204,0.010922746131249772,1.0,0.030301309385949216,0.018474030463349944,1.0,0.035720313741064436,0.023392257486022805,1.0,0.035720313741064436,0.006130314545075066,0.42399422535833736,0.009284920376331477,0.006688606964768686,0.006095042392529864,0,1.0,6.123233995736766e-17,-0.9749279121818236,-0.2225209339563146,True,True,1,0.0,-48.2200847644,0.8357060176435617,0.808559093938692,H002_combined_factors,3,per_corridor,logistic,2026,0.7198862786173875,26,"{""C"": 0.1, ""class_weight"": ""none""}"
2026-04-04,RUB_TJS,TJS,CBR,TJS_RC_F02_09_2016_T02_09_2026.dbf,10,83.2786,8.32786,0.1200788678,1.0,False,-0.006221957040572934,-0.016231043110312204,-0.021040690737464618,-0.05430136588069101,0.01980372611784742,0.0,-0.010118875691044638,0.0,0.0,-0.01953694946774731,0.0,0.015445319520703604,-0.01714223399489312,0.20146962925261896,0.03354100476568678,0.0037641991138608333,0.34993267039568965,0.0021700796843228854,0.013228369528614023,0.01293350367783745,6,0.8660254037844387,-0.49999999999999983,-0.9749279121818236,-0.2225209339563146,True,True,0,126.9593869253,30.4107000789,0.8131656263510283,0.808559093938692,H002_combined_factors,3,per_corridor,logistic,2026,0.7198862786173875,26,"{""C"": 0.1, ""class_weight"": ""none""}"
2026-04-11,RUB_TJS,TJS,CBR,TJS_RC_F02_09_2016_T02_09_2026.dbf,10,80.8169,8.08169,0.1237364957,1.0,False,-0.009482710018065776,-0.019723930473175555,-0.029559814886417346,-0.04997854670060009,-0.03160176480033372,0.0,-0.01213596327283284,0.0,0.0,-0.02594823033242688,0.0,0.0,-0.04410045302292653,0.0,0.0029897239872913595,-0.0235366654781598,0.03119173399627009,0.0057958058269569675,0.00422509977008772,0.012618938331883808,3,0.8660254037844387,-0.49999999999999983,-0.9749279121818236,-0.2225209339563146,True,True,0,77.5332882108,51.5816805196,0.8346102850907308,0.808559093938692,H002_combined_factors,3,per_corridor,logistic,2026,0.7198862786173875,26,"{""C"": 0.1, ""class_weight"": ""none""}"
2026-04-17,RUB_TJS,TJS,CBR,TJS_RC_F02_09_2016_T02_09_2026.dbf,10,80.2384,8.02384,0.1246286068,1.0,False,0.01131704488880203,0.000599823170632785,-0.01657298757454906,-0.042501193317422525,-0.09128961530795288,0.01131704488880203,0.0019052061900595163,0.6081685180167964,0.01131704488880203,-0.01176873400050138,0.22800335187019113,0.01131704488880203,-0.036812640957790355,0.10297136435050847,0.01131704488880203,-0.027654573215885492,0.10022659537656119,0.008392558671511842,0.006764195266870611,0.010249657339882694,0,0.8660254037844387,-0.49999999999999983,-0.433883739117558,-0.9009688679024191,True,True,1,0.0,-18.0985031591,0.8225931322948561,0.808559093938692,H002_combined_factors,3,per_corridor,logistic,2026,0.7198862786173875,26,"{""C"": 0.1, ""class_weight"": ""none""}"
2026-04-24,RUB_TJS,TJS,CBR,TJS_RC_F02_09_2016_T02_09_2026.dbf,10,79.3053,7.93053,0.1260949773,1.0,False,-0.0013071549734223753,-0.003099863108234957,-0.011629095296017855,-0.028009354018722732,-0.07895167781025803,0.004945827789393675,-0.002520824916747988,0.27249877818892937,0.004945827789393675,-0.006146566415738408,0.20521583679478564,0.004945827789393675,-0.028066235371796533,0.06342731778662603,0.004945827789393675,-0.036812555724199836,0.04159118518360686,0.006670175477749557,0.007165926544629451,0.0059964831398682675,1,0.8660254037844387,-0.49999999999999983,-0.433883739117558,-0.9009688679024191,True,True,1,0.0,41.3317209657,0.8090967986875202,0.808559093938692,H002_combined_factors,3,per_corridor,logistic,2026,0.7198862786173875,26,"{""C"": 0.1, ""class_weight"": ""none""}"
2026-05-01,RUB_TJS,TJS,CBR,TJS_RC_F02_09_2016_T02_09_2026.dbf,10,79.5683,7.95683,0.1256781909,1.0,False,0.00037591905293554717,0.0021966423113111144,0.003316297901905685,-0.008351362938443407,-0.050497613365155236,0.0037187710899606596,-4.825809636366252e-05,0.36256303037756726,0.008278527529620439,0.00036925314434066436,0.4561195280318393,0.008278527529620439,-0.009931259864191966,0.14971583096525892,0.008278527529620439,-0.03165620062795427,0.0696170158351275,0.006766840269698446,0.006528731296432241,0.006713882778110524,0,0.49999999999999994,-0.8660254037844387,-0.433883739117558,-0.9009688679024191,True,True,1,0.0,-8.9688919079,0.8236224925000465,0.808559093938692,H002_combined_factors,3,per_corridor,logistic,2026,0.7198862786173875,26,"{""C"": 0.1, ""class_weight"": ""none""}"
2026-05-09,RUB_TJS,TJS,CBR,TJS_RC_F02_09_2016_T02_09_2026.dbf,10,79.3162,7.93162,0.1260776487,1.0,False,-0.00363792587977263,-0.012790034825338248,-0.0031683471935431973,0.00013744352521194436,-0.027875760197865973,0.0,-0.008044082371803651,0.0,0.0005386415384711629,-0.005636126874974168,0.03989535644211868,0.005083951086612082,-0.005823082429512905,0.21094694778905237,0.005083951086612082,-0.03253146817151087,0.042752712005285416,0.006354563994001098,0.006226299566182664,0.006694556790088709,3,0.49999999999999994,-0.8660254037844387,-0.9749279121818236,-0.2225209339563146,True,True,1,0.0,39.4590796158,0.840981882939649,0.808559093938692,H002_combined_factors,3,per_corridor,logistic,2026,0.7198862786173875,26,"{""C"": 0.1, ""class_weight"": ""none""}"
2026-05-16,RUB_TJS,TJS,CBR,TJS_RC_F02_09_2016_T02_09_2026.dbf,10,78.2531,7.82531,0.1277904645,1.0,False,0.0005984172630593143,-0.0076329972734766605,-0.016992480447404645,-0.016159490258793152,-0.013705484588577121,0.0005984172630593143,-0.0044517373505496005,0.04216596089737458,0.0005984172630593143,-0.013281648572713411,0.021894736842103257,0.0005984172630593143,-0.015141427639738136,0.02185894441849411,0.0005984172630593143,-0.04289245644038753,0.004636922985464611,0.0027262539320732256,0.004857515877646117,0.0062734528558218185,0,0.49999999999999994,-0.8660254037844387,-0.9749279121818236,-0.2225209339563146,True,True,0,106.3600036292,-2.6624014679,0.8485928953903459,0.808559093938692,H002_combined_factors,3,per_corridor,logistic,2026,0.7198862786173875,26,"{""C"": 0.1, ""class_weight"": ""none""}"
2026-05-22,RUB_TJS,TJS,CBR,TJS_RC_F02_09_2016_T02_09_2026.dbf,10,76.2119,7.62119,0.1312131045,1.0,False,0.0008720147612137907,-0.015614666859551818,-0.025501781825760794,-0.04970915914886187,-0.034253310523981395,0.0008720147612137907,-0.008827600127245483,0.0315050294173467,0.0008720147612137907,-0.021445361457207657,0.019189087651359658,0.0008720147612137907,-0.033010309393459614,0.015815925493652138,0.0008720147612137907,-0.06447959563350392,0.005463356837835378,0.00636058120889965,0.0044530206044593665,0.006064337018105651,0,0.49999999999999994,-0.8660254037844387,-0.433883739117558,-0.9009688679024191,True,True,1,0.0,54.7277408145,0.8297391552033172,0.808559093938692,H002_combined_factors,3,per_corridor,logistic,2026,0.7198862786173875,26,"{""C"": 0.1, ""class_weight"": ""none""}"
2026-05-29,RUB_TJS,TJS,CBR,TJS_RC_F02_09_2016_T02_09_2026.dbf,10,77.1309,7.71309,0.1296497253,1.0,False,0.006491947375426355,0.0003644485025187105,0.012058484304944495,-0.013750810356710441,-0.027027947548676323,0.006491947375426355,0.0015207668030319255,0.6002654440154468,0.012941014242469961,0.002321960302120063,0.46754602391345623,0.012941014242469961,-0.01359043711833896,0.23471405092537412,0.012941014242469961,-0.04929862607813418,0.08107819018076792,0.007405398113329423,0.007630617927259484,0.006305075130843667,0,0.49999999999999994,-0.8660254037844387,-0.433883739117558,-0.9009688679024191,True,True,1,48.9168413697,-24.6235495231,0.8448923957836438,0.808559093938692,H002_combined_factors,3,per_corridor,logistic,2026,0.7198862786173875,26,"{""C"": 0.1, ""class_weight"": ""none""}"
2026-06-06,RUB_TJS,TJS,CBR,TJS_RC_F02_09_2016_T02_09_2026.dbf,10,79.1682,7.91682,0.126313343,1.0,False,-0.011128029168451792,0.009246216037398058,0.03145911071272223,0.031647285104431155,-0.005497086895678405,0.023044547450471686,0.004234701721432144,0.6668536384713203,0.03307696122056458,0.015947674104500154,0.739936363370991,0.03969637076386645,0.018103283313065877,0.7723579313164357,0.03969637076386645,-0.020058336550918043,0.2487061553271845,0.00998133653398382,0.008938778155163243,0.00810159948668826,1,1.2246467991473532e-16,-1.0,-0.9749279121818236,-0.2225209339563146,True,True,0,102.9074805288,-12.658163811,0.8148355490023401,0.808559093938692,H002_combined_factors,3,per_corridor,logistic,2026,0.7198862786173875,26,"{""C"": 0.1, ""class_weight"": ""none""}"
2026-06-19,RUB_TJS,TJS,CBR,TJS_RC_F02_09_2016_T02_09_2026.dbf,10,78.785,7.8785,0.1269277147,1.0,False,0.005715029749557399,0.013268890195014205,0.025675408265289024,-0.004192540892125174,0.034663900033488515,0.02149833585947314,0.01112837999997418,1.0,0.027341885713838554,0.009195547473052956,0.6220297249992575,0.03376244392279948,0.014192255116370456,0.6688240798502798,0.034663900033488515,-0.011584829664038954,0.26506858944746803,0.004577651448870177,0.010739638411017072,0.009119823940857042,0,1.2246467991473532e-16,-1.0,-0.433883739117558,-0.9009688679024191,True,True,1,0.0,-44.3979162102,0.814006409317918,0.808559093938692,H002_combined_factors,3,per_corridor,logistic,2026,0.7198862786173875,26,"{""C"": 0.1, ""class_weight"": ""none""}"
2026-07-11,RUB_TJS,TJS,CBR,TJS_RC_F02_09_2016_T02_09_2026.dbf,10,82.8387,8.28387,0.120716525,1.0,False,0.008487792407005035,0.00961489241899427,-0.004344941478505948,-0.0037785813844134486,0.07405717071475704,0.00961489241899427,0.001798767347329866,0.3969907407407385,0.00961489241899427,-0.005852886960195258,0.33418053967043476,0.06768788585716679,0.016841611422192537,0.7696490071077889,0.08790013855053802,0.04222053324935704,0.8098245614035084,0.013731921118331441,0.010420652078281424,0.009431301135373072,0,-0.4999999999999998,-0.8660254037844388,-0.9749279121818236,-0.2225209339563146,True,True,1,5.6616050228,-34.4170609225,0.8563595810695658,0.808559093938692,H002_combined_factors,3,per_corridor,logistic,2026,0.7198862786173875,26,"{""C"": 0.1, ""class_weight"": ""none""}"
2026-07-17,RUB_TJS,TJS,CBR,TJS_RC_F02_09_2016_T02_09_2026.dbf,10,84.6234,8.46234,0.1181706242,1.0,False,0.004579902561326454,0.0221229638684024,0.030214933985865722,0.007877373097353368,0.07410547693088776,0.0221229638684024,0.011694875903190072,1.0,0.0313663165540925,0.017062698638955043,1.0,0.0730172738442576,0.024336392984630528,1.0,0.11133816180864242,0.061134521067131686,1.0,0.004481026922676091,0.010644650328838596,0.009403432455775414,0,-0.4999999999999998,-0.8660254037844388,-0.433883739117558,-0.9009688679024191,True,True,1,0.0,-45.96598612,0.8131037275871009,0.808559093938692,H002_combined_factors,3,per_corridor,logistic,2026,0.7198862786173875,26,"{""C"": 0.1, ""class_weight"": ""none""}"
2026-08-01,RUB_TJS,TJS,CBR,TJS_RC_F02_09_2016_T02_09_2026.dbf,10,85.9216,8.59216,0.1163851697,1.0,False,-0.004487370363890797,0.009336660135233599,0.020081894714597315,0.013759595258826973,0.032709055987846236,0.01911396143522537,0.0048860974866387075,0.8062337402441415,0.020081894714597315,0.009843558259495566,0.8136905907254146,0.047188414840742876,0.020184179472606978,0.9090652954849592,0.12838710101056527,0.06423930818301415,0.9618926737115522,0.005827231820783212,0.005261115407700479,0.007817863794378498,1,-0.8660254037844384,-0.5000000000000004,-0.9749279121818236,-0.2225209339563146,True,True,1,0.0,2.9370313445,0.8475072010284818,0.808559093938692,H002_combined_factors,3,per_corridor,logistic,2026,0.7198862786173875,26,"{""C"": 0.1, ""class_weight"": ""none""}"
2026-08-08,RUB_TJS,TJS,CBR,TJS_RC_F02_09_2016_T02_09_2026.dbf,10,88.8517,8.88517,0.1125470869,1.0,False,0.009320559074510015,0.013082596862411755,0.034102018584383886,0.05486874644574802,0.07258684648600244,0.026289131938869836,0.012498908892339289,1.0,0.05386780468769459,0.025653664220459227,1.0,0.07319444679303988,0.03934850179931937,1.0,0.16686737889960668,0.09053496763846725,1.0,0.005284052667645812,0.005439686080029474,0.0053713216353733755,0,-0.8660254037844384,-0.5000000000000004,-0.9749279121818236,-0.2225209339563146,True,True,1,0.0,-45.0423387325,0.8539377891150111,0.808559093938692,H002_combined_factors,3,per_corridor,logistic,2026,0.7198862786173875,26,"{""C"": 0.1, ""class_weight"": ""none""}"
2026-08-14,RUB_TJS,TJS,CBR,TJS_RC_F02_09_2016_T02_09_2026.dbf,10,90.4757,9.04757,0.110526915,1.0,False,0.00865783491696126,0.013494863953579683,0.027768563872808683,0.048277755828193714,0.06915699440107592,0.018277646910526135,0.011312980921849736,1.0,0.053002970149531814,0.024451680563321254,1.0,0.07414926493023288,0.04424958220240849,1.0,0.187159748018354,0.0991744076516281,1.0,0.004966789797986097,0.005748819356146069,0.005363062092690551,0,-0.8660254037844384,-0.5000000000000004,-0.433883739117558,-0.9009688679024191,True,True,1,0.0,-16.4925079129,0.8233353098455828,0.808559093938692,H002_combined_factors,3,per_corridor,logistic,2026,0.7198862786173875,26,"{""C"": 0.1, ""class_weight"": ""none""}"
2026-08-22,RUB_TJS,TJS,CBR,TJS_RC_F02_09_2016_T02_09_2026.dbf,10,89.7026,8.97026,0.1114794889,1.0,False,-0.004334405187522594,-0.024962200717180916,-0.0172119868176559,0.009576631623255283,0.06497083584134411,0.0,-0.015490916657849962,0.0,0.007662280036620839,-0.009150566198256493,0.2290002014369185,0.06396030843279732,0.01267128903278869,0.701326570425283,0.16970537840241384,0.07122336192811729,0.8500088172478433,0.010149794485516252,0.008831278439225071,0.007483910563834795,3,-0.8660254037844384,-0.5000000000000004,-0.9749279121818236,-0.2225209339563146,True,True,1,0.0,83.140326841,0.8524910685485116,0.808559093938692,H002_combined_factors,3,per_corridor,logistic,2026,0.7198862786173875,26,"{""C"": 0.1, ""class_weight"": ""none""}"
2026-08-29,RUB_TJS,TJS,CBR,TJS_RC_F02_09_2016_T02_09_2026.dbf,10,92.5493,9.25493,0.1080505201,1.0,False,-0.0040794848507023085,0.013770070170288307,0.03173486610198584,0.013976659187322493,0.07713659894601599,0.028081100716051965,0.010544905657740244,0.8695906432748531,0.03173486610198584,0.013141935088364587,0.8824787649575296,0.06899857581284352,0.027182985681149407,0.9403245863963353,0.20682582196478716,0.09085401471396981,0.9766566914200563,0.010292789772093174,0.010917616139873472,0.008556580675398235,1,-0.8660254037844384,-0.5000000000000004,-0.9749279121818236,-0.2225209339563146,True,True,1,0.0,-23.8541217639,0.8438032599972263,0.808559093938692,H002_combined_factors,3,per_corridor,logistic,2026,0.7198862786173875,26,"{""C"": 0.1, ""class_weight"": ""none""}"
2026-02-07,RUB_UZS,UZS,CBR,UZS_RC_F02_09_2016_T02_09_2026.dbf,10000,62.6294,0.00626294,159.6694204319,1.0,False,0.004616500057746276,-0.0027038561000776173,0.01099628399210939,-0.0031245175143294057,-0.03891045806798121,0.004616500057746276,-0.0007718843902895234,0.5013937282229958,0.01099628399210939,2.570743754470861e-05,0.58137748570453,0.01099628399210939,-0.014785516374608898,0.1862372529184999,0.01099628399210939,-0.040138547511719636,0.1129366513586545,0.008360592385237396,0.00701103198302061,0.007319257130247117,0,0.8660254037844386,0.5000000000000001,-0.9749279121818236,-0.2225209339563146,True,True,1,0.0,8.0294813931,0.7658823402413725,0.7520273476214602,H002_combined_factors,3,per_corridor,logistic,2026,0.6240688067181362,26,"{""C"": 0.1, ""class_weight"": ""balanced""}"
2026-02-14,RUB_UZS,UZS,CBR,UZS_RC_F02_09_2016_T02_09_2026.dbf,10000,63.1655,0.00631655,158.3142696567,1.0,False,0.00455157738715295,0.007091757585613534,0.008559877629356283,0.019650288466815713,-0.029161056702140087,0.007091757585613534,0.0031489400357838093,1.0,0.013215894362672786,0.005459827291177444,1.0,0.019650288466815713,0.0030113922232577472,0.4731788851745307,0.019650288466815713,-0.02606969203960441,0.20822784810126502,0.005076765088992384,0.006526183529137907,0.007508800225337974,0,0.8660254037844386,0.5000000000000001,-0.9749279121818236,-0.2225209339563146,True,True,0,50.2331177621,-26.5131149441,0.7527391846503584,0.7520273476214602,H002_combined_factors,3,per_corridor,logistic,2026,0.6240688067181362,26,"{""C"": 0.1, ""class_weight"": ""balanced""}"
2026-03-14,RUB_UZS,UZS,CBR,UZS_RC_F02_09_2016_T02_09_2026.dbf,10000,66.4028,0.00664028,150.5960592023,1.0,False,0.016393241882207477,0.025321596160764903,0.03400551238729976,0.044972853883074926,0.05326705221382966,0.025321596160764903,0.016657786596605773,1.0,0.048921267877508834,0.02946518283166344,1.0,0.057918601057236785,0.04148528360220771,1.0,0.07190846545985186,0.035475576294919486,0.833913662061478,0.007288383817057363,0.005978081158452513,0.005688658952029601,0,1.0,6.123233995736766e-17,-0.9749279121818236,-0.2225209339563146,True,True,1,0.0,-72.1598216211,0.7836467224421862,0.7520273476214602,H002_combined_factors,3,per_corridor,logistic,2026,0.6240688067181362,26,"{""C"": 0.1, ""class_weight"": ""balanced""}"
2026-06-20,RUB_UZS,UZS,CBR,UZS_RC_F02_09_2016_T02_09_2026.dbf,10000,60.9025,0.00609025,164.1968720496,1.0,False,0.0033393849732619163,0.014112063941386976,0.017570328934067847,-0.016550024706349697,0.03421427564669699,0.014112063941386976,0.006664872705923086,1.0,0.02260553896991424,0.007622041762150866,0.5677715924426449,0.030938742069376524,0.01099801161952585,0.6407137348383932,0.03658889448673075,-0.017966260436535486,0.2476812646181144,0.006435703963111118,0.01039396807880941,0.009661597753966286,0,1.2246467991473532e-16,-1.0,-0.9749279121818236,-0.2225209339563146,True,True,1,0.0,-22.8755749751,0.772367971589509,0.7520273476214602,H002_combined_factors,3,per_corridor,logistic,2026,0.6240688067181362,26,"{""C"": 0.1, ""class_weight"": ""balanced""}"
2026-07-11,RUB_UZS,UZS,CBR,UZS_RC_F02_09_2016_T02_09_2026.dbf,10000,63.4853,0.00634853,157.5167794749,1.0,False,0.004344201219097288,0.002520303762927112,-0.01566463448669375,-0.010637717612700492,0.06072423305246866,0.004344201219097288,-0.0030981775241589737,0.17865972674040265,0.004344201219097288,-0.013537247436195776,0.11587964721272709,0.057119307301640054,0.008512786256586136,0.6208238317587857,0.08054935254149576,0.029471930502500188,0.693142539105981,0.011618528420994327,0.01037518624505335,0.009577938086620223,0,-0.4999999999999998,-0.8660254037844388,-0.9749279121818236,-0.2225209339563146,True,True,1,19.6265907226,-9.0203393449,0.7665420019602743,0.7520273476214602,H002_combined_factors,3,per_corridor,logistic,2026,0.6240688067181362,26,"{""C"": 0.1, ""class_weight"": ""balanced""}"
2026-04-25,RUB_KGS,KGS,CBR,KGS_RC_F02_09_2016_T02_09_2026.dbf,100,86.4125,0.864125,1.1572399826,1.0,False,0.009391590788297988,0.013094462082452019,-0.006387406862294109,-0.0182495103318836,-0.06872444481805029,0.013094462082452019,0.006819985654890504,1.0,0.013094462082452019,0.0012212205021371325,0.5891444245173558,0.013094462082452019,-0.02403871837323568,0.14568197529575952,0.013094462082452019,-0.03340585531496465,0.09530026109660568,0.008753717660976355,0.008107705509499852,0.006714984061260723,0,0.8660254037844387,-0.49999999999999983,-0.9749279121818236,-0.2225209339563146,True,True,0,98.3422537249,-56.4981050366,0.8523414650681325,0.845621379001307,H002_combined_factors,3,per_corridor,logistic,2026,0.7165802362431576,26,"{""C"": 0.01, ""class_weight"": ""none""}"
2026-05-09,RUB_KGS,KGS,CBR,KGS_RC_F02_09_2016_T02_09_2026.dbf,100,84.9873,0.849873,1.176646393,1.0,False,-0.004349883901563434,-0.013915156184372113,-0.00675275316688706,-0.00725628880309781,-0.04517770774701291,0.0,-0.009185407713513394,0.0,0.0,-0.008891339949408605,0.0,0.0,-0.01302341818303454,0.0,0.0,-0.04592599477920056,0.0,0.006145521933505121,0.006229718535452267,0.006919225485553346,4,0.49999999999999994,-0.8660254037844387,-0.9749279121818236,-0.2225209339563146,True,True,1,0.0,44.0553626547,0.8489343218593127,0.845621379001307,H002_combined_factors,3,per_corridor,logistic,2026,0.7165802362431576,26,"{""C"": 0.01, ""class_weight"": ""none""}"
2026-05-16,RUB_KGS,KGS,CBR,KGS_RC_F02_09_2016_T02_09_2026.dbf,100,83.6221,0.836221,1.1958561194,1.0,False,-0.00014945967338886312,-0.008947925444226068,-0.02034358576640194,-0.023642392611533336,-0.028007150860846486,0.0,-0.005655327077910499,0.0,0.0,-0.016143686005942404,0.0,0.0,-0.021789323722106957,0.0,0.0,-0.058214975897914134,0.0,0.002769246859203318,0.00471505720925288,0.006346535507284948,8,0.49999999999999994,-0.8660254037844387,-0.9749279121818236,-0.2225209339563146,True,True,0,106.3714018184,2.105971531,0.8541986368883747,0.845621379001307,H002_combined_factors,3,per_corridor,logistic,2026,0.7165802362431576,26,"{""C"": 0.01, ""class_weight"": ""none""}"
2026-05-23,RUB_KGS,KGS,CBR,KGS_RC_F02_09_2016_T02_09_2026.dbf,100,81.4282,0.814282,1.2280757772,1.0,False,0.005916048687264697,-0.0011726636883954145,-0.026235887402971225,-0.046045741143833196,-0.050786327197443915,0.005916048687264697,-0.0015351904396382343,0.2685470756462701,0.005916048687264697,-0.016871001762137516,0.11859831599801722,0.005916048687264697,-0.03428065186014495,0.08765924732757233,0.005916048687264697,-0.07771202134134503,0.029808105265123046,0.007912680696885404,0.005623275317546309,0.00611480414048422,0,0.49999999999999994,-0.8660254037844387,-0.9749279121818236,-0.2225209339563146,True,True,1,0.0,-5.1430180283,0.8612013652376751,0.845621379001307,H002_combined_factors,3,per_corridor,logistic,2026,0.7165802362431576,26,"{""C"": 0.01, ""class_weight"": ""none""}"
2026-04-18,RUB_AMD,AMD,CBR,AMD_RC_F02_09_2016_T02_09_2026.dbf,100,20.3455,0.203455,4.9150917893,1.0,False,0.0005065108776898253,0.0063411039060605745,-0.006863190163086119,-0.038015083098891234,-0.08564481915582078,0.012697606817186236,0.004110112317406545,1.0,0.012697606817186236,-0.00813944305071157,0.3082779456193349,0.012697606817186236,-0.030851693467043306,0.15236218121005773,0.01721396716197021,-0.019331003682459325,0.13925740171493295,0.00820879495233132,0.006884010452661113,0.00884621084987085,0,0.8660254037844387,-0.49999999999999983,-0.9749279121818236,-0.2225209339563146,True,True,0,81.8854292104,-39.4901109064,0.7844621097668838,0.7686099922165522,H002_combined_factors,3,per_corridor,logistic,2026,0.7382550335570471,26,"{""C"": 1.0, ""class_weight"": ""balanced""}"
2026-05-09,RUB_AMD,AMD,CBR,AMD_RC_F02_09_2016_T02_09_2026.dbf,100,20.134,0.20134,4.9667229562,1.0,False,-0.003617540369474148,-0.010093759372249766,-0.0019876970967727114,0.0003925251290612941,-0.027244309809207667,0.0,-0.006781941920372958,0.0,0.001108807311167137,-0.004558936152645576,0.09517712334613737,0.005734494884910291,-0.004558690075572747,0.24587706146926272,0.005734494884910291,-0.029183013836898586,0.04677314211212448,0.005530845145635019,0.005741166699799846,0.006529390996378764,4,0.49999999999999994,-0.8660254037844387,-0.9749279121818236,-0.2225209339563146,True,True,1,0.0,33.6177476816,0.7703963823318536,0.7686099922165522,H002_combined_factors,3,per_corridor,logistic,2026,0.7382550335570471,26,"{""C"": 1.0, ""class_weight"": ""balanced""}"
2026-05-23,RUB_AMD,AMD,CBR,AMD_RC_F02_09_2016_T02_09_2026.dbf,100,19.3518,0.193518,5.1674779607,1.0,False,0.005612197175194122,-0.0005216430205714495,-0.025549871092491072,-0.04232670694953755,-0.03916467235335597,0.005612197175194122,-0.0014808699465959085,0.2606806661839236,0.005612197175194122,-0.015883735571451396,0.12132105144911239,0.005612197175194122,-0.029731087532677836,0.09798584648884025,0.005612197175194122,-0.06182302101248227,0.0334386030094742,0.007891044838846856,0.005691195041255639,0.005992543680847779,0,0.49999999999999994,-0.8660254037844387,-0.9749279121818236,-0.2225209339563146,True,True,1,0.0,-5.4140172082,0.7745464582363432,0.7686099922165522,H002_combined_factors,3,per_corridor,logistic,2026,0.7382550335570471,26,"{""C"": 1.0, ""class_weight"": ""balanced""}"
2026-06-20,RUB_AMD,AMD,CBR,AMD_RC_F02_09_2016_T02_09_2026.dbf,100,19.9481,0.199481,5.0130087577,1.0,False,0.0011945212629802526,0.018186179932420554,0.022041305673253797,-0.010348916241249784,0.03659880065267762,0.018186179932420554,0.008355743373031022,1.0,0.024634666255746396,0.011565398227081802,1.0,0.03551183554817272,0.01620142368351818,0.7663268735297405,0.03659880065267762,-0.010179172153101046,0.279384346860248,0.005992058900454834,0.009372810157807002,0.008917092924326214,0,1.2246467991473532e-16,-1.0,-0.9749279121818236,-0.2225209339563146,True,True,1,0.0,-33.7796569004,0.7971440323239162,0.7686099922165522,H002_combined_factors,3,per_corridor,logistic,2026,0.7382550335570471,26,"{""C"": 1.0, ""class_weight"": ""balanced""}"
2026-07-11,RUB_AMD,AMD,CBR,AMD_RC_F02_09_2016_T02_09_2026.dbf,100,20.868,0.20868,4.7920260686,1.0,False,0.008964056743349547,0.007327598690879622,-0.0061626677588653145,-0.0031384800584702832,0.06917240071933972,0.008964056743349547,0.0005139692232161153,0.34634784233140214,0.008964056743349547,-0.006825339184757362,0.31280580394803414,0.06513949713655709,0.015136567682581648,0.7580635580635583,0.08440120974027998,0.03865878232338926,0.7995077528919521,0.014078899809713545,0.01063527679256576,0.009383220422541467,0,-0.4999999999999998,-0.8660254037844388,-0.9749279121818236,-0.2225209339563146,True,True,1,0.0,-25.8133327477,0.793006235327632,0.7686099922165522,H002_combined_factors,3,per_corridor,logistic,2026,0.7382550335570471,26,"{""C"": 1.0, ""class_weight"": ""balanced""}"
2026-01-17,RUB_KZT,KZT,CBR,KZT_RC_F02_09_2016_T02_09_2026.dbf,100,15.233,0.15233,6.5646950699,1.0,False,-0.00986044576754841,-0.015078041147793209,-0.01708629611944934,-0.0016777423878993059,0.008086931201524816,0.0,-0.010184707473940402,0.0,0.005458637782750131,-0.008015066345056887,0.23798561151078937,0.0065548639469266146,-0.008126486825428492,0.169688676017789,0.04072583675505048,-0.0015046583448888873,0.5511789181692093,0.003979557819497082,0.007857026584674161,0.009486047069111518,3,0.49999999999999994,0.8660254037844387,-0.9749279121818236,-0.2225209339563146,True,True,1,33.1517101031,48.0745449438,0.6810562203915272,0.6287007079409788,H002_combined_factors,3,per_corridor,logistic,2026,0.6354137642797436,26,"{""C"": 0.01, ""class_weight"": ""balanced""}"
2026-01-24,RUB_KZT,KZT,CBR,KZT_RC_F02_09_2016_T02_09_2026.dbf,100,15.0135,0.150135,6.6606720618,1.0,False,0.0004597976890168276,-0.01684915001178733,-0.01440950567846122,-0.031249596716953487,-0.017858895103522787,0.0004597976890168276,-0.00915378624886154,0.02455516014234362,0.0004597976890168276,-0.01686009467636973,0.01501305483028414,0.0004597976890168276,-0.020807713792924676,0.009693734194996612,0.022885212841336378,-0.017364786619554207,0.32273251345119147,0.009261220975947686,0.006726744998004118,0.009893246801622431,0,0.49999999999999994,0.8660254037844387,-0.9749279121818236,-0.2225209339563146,True,True,1,0.0,57.8773450589,0.7396288655467212,0.6287007079409788,H002_combined_factors,3,per_corridor,logistic,2026,0.6354137642797436,26,"{""C"": 0.01, ""class_weight"": ""balanced""}"
2026-01-31,RUB_KZT,KZT,CBR,KZT_RC_F02_09_2016_T02_09_2026.dbf,100,15.0511,0.150511,6.6440326621,1.0,False,-0.00239936900572002,-0.013417847638275249,0.002504412695241154,-0.011941180332173507,-0.013598888495667927,0.0,-0.0055999460882962815,0.0,0.002965361907427466,-0.006136411510014317,0.15836298932384335,0.002965361907427466,-0.01304618245639122,0.0905944625407168,0.014806324377170332,-0.015531767492792725,0.24760401398128384,0.007182319124817774,0.008014358630660197,0.007742513570637993,3,0.49999999999999994,0.8660254037844387,-0.9749279121818236,-0.2225209339563146,True,True,1,0.0,65.6364977021,0.7216605780005322,0.6287007079409788,H002_combined_factors,3,per_corridor,logistic,2026,0.6354137642797436,26,"{""C"": 0.01, ""class_weight"": ""balanced""}"
2026-02-06,RUB_KZT,KZT,CBR,KZT_RC_F02_09_2016_T02_09_2026.dbf,100,15.3519,0.153519,6.5138517057,1.0,False,0.004909372974883697,-0.001379032205605979,0.01753792925175457,0.02300987565471191,0.0002475876492855633,0.019985250247490205,0.0061304098212389135,0.9341614906832243,0.022539714257168608,0.010435486578009412,0.9410456062291388,0.02300987565471191,0.006261316990438415,0.7029723127035798,0.02300987565471191,0.0029236888041836995,0.48510817645405885,0.011266000269218937,0.00893661581690447,0.008502557341641438,0,0.8660254037844386,0.5000000000000001,-0.433883739117558,-0.9009688679024191,True,True,1,0.0,43.2963404262,0.6378607664581005,0.6287007079409788,H002_combined_factors,3,per_corridor,logistic,2026,0.6354137642797436,26,"{""C"": 0.01, ""class_weight"": ""balanced""}"
2026-02-14,RUB_KZT,KZT,CBR,KZT_RC_F02_09_2016_T02_09_2026.dbf,100,15.6175,0.156175,6.4030734753,1.0,False,-0.007404347273420653,0.0007561339766879449,0.0034825519009464845,0.03763180099793373,0.02524125254381948,0.0007561339766879449,-0.004043135279225063,0.08251748251748817,0.024851038139486192,0.006227107407132948,0.7426946460090249,0.04070875481454839,0.01859195274855141,0.8232044198895051,0.04070875481454839,0.01881045602545317,0.8232044198895051,0.007868687500173072,0.009798397645032993,0.00906977180620557,2,0.8660254037844386,0.5000000000000001,-0.9749279121818236,-0.2225209339563146,True,True,0,108.7882183448,6.0335410029,0.6384142405311276,0.6287007079409788,H002_combined_factors,3,per_corridor,logistic,2026,0.6354137642797436,26,"{""C"": 0.01, ""class_weight"": ""balanced""}"
2026-02-21,RUB_KZT,KZT,CBR,KZT_RC_F02_09_2016_T02_09_2026.dbf,100,15.6902,0.156902,6.3734050554,1.0,False,0.0017173903328162599,0.005891667681734658,0.004655034416519932,0.008153797716422773,0.04507276784227554,0.015704704937983927,0.006543411041685321,1.0,0.015704704937983927,0.0035594244797581,0.8057123879110006,0.04246201274325467,0.016109896486338204,0.9161410550458751,0.045553289885783554,0.022852542267913778,0.9211696536854904,0.008461862063224246,0.007704390001675767,0.00859143805062645,0,0.8660254037844386,0.5000000000000001,-0.9749279121818236,-0.2225209339563146,True,True,1,0.0,-24.4058267314,0.691592893670243,0.6287007079409788,H002_combined_factors,3,per_corridor,logistic,2026,0.6354137642797436,26,"{""C"": 0.01, ""class_weight"": ""balanced""}"
2026-02-28,RUB_KZT,KZT,CBR,KZT_RC_F02_09_2016_T02_09_2026.dbf,100,15.4008,0.154008,6.493169186,1.0,False,0.0009879367720466714,-0.0005386427500633229,-0.016758920533986976,-0.021177068768272522,0.020779065836829647,0.0009879367720466714,-0.003522429933148663,0.04990151017728568,0.0009879367720466714,-0.007325428874372042,0.04990151017728568,0.023234182219239896,-0.0057155474123155026,0.5012901376146802,0.026268441885570315,0.003942115096202015,0.5311952567039496,0.0082224822373756,0.008332963383342648,0.009181389366172988,0,0.8660254037844386,0.5000000000000001,-0.9749279121818236,-0.2225209339563146,True,True,1,0.0,8.563643441,0.7137594516402682,0.6287007079409788,H002_combined_factors,3,per_corridor,logistic,2026,0.6354137642797436,26,"{""C"": 0.01, ""class_weight"": ""balanced""}"
2026-03-07,RUB_KZT,KZT,CBR,KZT_RC_F02_09_2016_T02_09_2026.dbf,100,16.0431,0.160431,6.2332092925,1.0,False,0.02555726732850494,0.03895321728318302,0.04170562568178271,0.024247763881174444,0.0450237429894671,0.03895321728318302,0.025010797590540035,1.0,0.042734764975041584,0.03148242446687011,1.0,0.042734764975041584,0.029218644247208214,1.0,0.06906960937187634,0.04294592193654023,1.0,0.011380701319501996,0.011181004755816657,0.009765974402138593,0,1.0,6.123233995736766e-17,-0.9749279121818236,-0.2225209339563146,True,True,1,0.0,-128.484601419,0.665648916475956,0.6287007079409788,H002_combined_factors,3,per_corridor,logistic,2026,0.6354137642797436,26,"{""C"": 0.01, ""class_weight"": ""balanced""}"
2026-04-04,RUB_KZT,KZT,CBR,KZT_RC_F02_09_2016_T02_09_2026.dbf,100,16.8807,0.168807,5.9239249557,1.0,False,-0.0016736649121767977,0.00045635038226765623,0.0023632941232356597,-0.030708277109471438,0.0791009569592096,0.002434722708837045,0.0006318894323902313,0.5916305916306233,0.00868822190220686,0.0005452982840885578,0.496584699453558,0.05874937280481696,0.007935671531685173,0.5714024278655535,0.1248850505777459,0.06487006032962084,0.727325649086041,0.002495497261032982,0.011218751394920397,0.013669410662885986,1,0.8660254037844387,-0.49999999999999983,-0.9749279121818236,-0.2225209339563146,True,True,0,86.7855006013,-14.1443075306,0.6518048993351084,0.6287007079409788,H002_combined_factors,3,per_corridor,logistic,2026,0.6354137642797436,26,"{""C"": 0.01, ""class_weight"": ""balanced""}"
2026-04-11,RUB_KZT,KZT,CBR,KZT_RC_F02_09_2016_T02_09_2026.dbf,100,16.0419,0.160419,6.2336755621,1.0,False,-0.02040180752320464,-0.050050038194835,-0.04968988252856821,-0.04744402021269645,-0.016835615262983716,0.0,-0.03418135492400787,0.0,0.0,-0.04169334951827497,0.0,0.0,-0.04925620814318721,0.0,0.06898964455639511,0.005748408563439167,0.4017929910350451,0.01945079137113542,0.014188877057890435,0.01617218961170024,2,0.8660254037844387,-0.49999999999999983,-0.9749279121818236,-0.2225209339563146,True,True,1,0.0,193.8896340697,0.6312296749952367,0.6287007079409788,H002_combined_factors,3,per_corridor,logistic,2026,0.6354137642797436,26,"{""C"": 0.01, ""class_weight"": ""balanced""}"
2026-04-25,RUB_KZT,KZT,CBR,KZT_RC_F02_09_2016_T02_09_2026.dbf,100,16.3172,0.163172,6.1285024391,1.0,False,0.005986399590631297,0.02705288467590683,0.011511638719276185,0.017161308822521093,-0.031096912872827454,0.02705288467590683,0.012394027835686217,1.0,0.03447576299339383,0.01582771792994575,1.0,0.03447576299339383,-0.005133708098089107,0.4401100679831667,0.08412009753439942,0.013781699446435258,0.5000000000000006,0.010010843903038923,0.01046182006935898,0.012584013878531865,0,0.8660254037844387,-0.49999999999999983,-0.9749279121818236,-0.2225209339563146,True,True,0,137.6461647832,-82.1255185806,0.6459815403788508,0.6287007079409788,H002_combined_factors,3,per_corridor,logistic,2026,0.6354137642797436,26,"{""C"": 0.01, ""class_weight"": ""balanced""}"
2026-05-09,RUB_KZT,KZT,CBR,KZT_RC_F02_09_2016_T02_09_2026.dbf,100,16.0325,0.160325,6.2373304226,1.0,False,-0.004353334244159401,-0.011535426274384197,-0.010742536991102392,-0.011565896634422868,-0.02097581827063988,0.0,-0.00823721394610566,0.0,0.0,-0.01053617737708934,0.0,0.016426388730394148,-0.005386391799904855,0.42876054939599295,0.04204580906821964,-0.011550661689226693,0.29435318742321537,0.00438892879719201,0.008042166619618677,0.010184289188170523,4,0.49999999999999994,-0.8660254037844387,-0.9749279121818236,-0.2225209339563146,True,True,1,0.0,35.6657065841,0.6610045163666581,0.6287007079409788,H002_combined_factors,3,per_corridor,logistic,2026,0.6354137642797436,26,"{""C"": 0.01, ""class_weight"": ""balanced""}"
2026-05-16,RUB_KZT,KZT,CBR,KZT_RC_F02_09_2016_T02_09_2026.dbf,100,15.4264,0.154264,6.4823938184,1.0,False,-0.013669901919412752,-0.035669187972744765,-0.04199321848645554,-0.0580850791014611,-0.02199906171148902,0.0,-0.02247749209181582,0.0,0.0,-0.03529529479450677,0.0,0.0,-0.03991834600878763,0.0,0.0026518302828619778,-0.04923625829377476,0.018564863266142765,0.004966911560578856,0.005763613919274443,0.00957020144946939,8,0.49999999999999994,-0.8660254037844387,-0.9749279121818236,-0.2225209339563146,True,True,1,24.8923922626,103.4790251288,0.6749841896864143,0.6287007079409788,H002_combined_factors,3,per_corridor,logistic,2026,0.6354137642797436,26,"{""C"": 0.01, ""class_weight"": ""balanced""}"
2026-05-23,RUB_KZT,KZT,CBR,KZT_RC_F02_09_2016_T02_09_2026.dbf,100,15.1043,0.151043,6.620631211,1.0,False,0.006604377149254992,-0.009365715447527623,-0.02087979048903177,-0.06199619937153,-0.06407118469727291,0.006604377149254992,-0.0033954087422868318,0.2588819226750314,0.006604377149254992,-0.023540835404216476,0.09646646549206846,0.006604377149254992,-0.046759241436371,0.07220400728597585,0.006604377149254992,-0.06705280645539191,0.038439160622164376,0.007821558550975341,0.006588060425696085,0.007888039090108689,0,0.49999999999999994,-0.8660254037844387,-0.9749279121818236,-0.2225209339563146,True,True,1,0.0,6.2384152157,0.7434349152547826,0.6287007079409788,H002_combined_factors,3,per_corridor,logistic,2026,0.6354137642797436,26,"{""C"": 0.01, ""class_weight"": ""balanced""}"
2026-05-29,RUB_KZT,KZT,CBR,KZT_RC_F02_09_2016_T02_09_2026.dbf,100,14.9475,0.149475,6.6900819535,1.0,False,0.006633443329516986,-0.016398296998690443,-0.0038453336176791364,-0.04428971496528189,-0.07787264494318247,0.006633443329516986,-0.007021762814551247,0.28329019269484945,0.006633443329516986,-0.012498769546050004,0.17059231035676925,0.006633443329516986,-0.04252109528284309,0.06443383266827933,0.006633443329516986,-0.07528558039401279,0.03602384522546855,0.011933287903501583,0.009702818221560428,0.008269353853462839,0,0.49999999999999994,-0.8660254037844387,-0.433883739117558,-0.9009688679024191,True,True,0,214.2833249707,-56.6302683594,0.6487129819975209,0.6287007079409788,H002_combined_factors,3,per_corridor,logistic,2026,0.6354137642797436,26,"{""C"": 0.01, ""class_weight"": ""balanced""}"
2026-06-20,RUB_KZT,KZT,CBR,KZT_RC_F02_09_2016_T02_09_2026.dbf,100,15.0573,0.150573,6.6412969125,1.0,False,0.004496360882994654,0.02561779691033439,0.02309511190835356,-0.008324716636919804,0.0034721296617175046,0.02561779691033439,0.01099944405202824,1.0,0.028181036013274596,0.011954767054092263,0.8371196754563904,0.029404123824108508,0.009515010680250846,0.7552238805970177,0.029404123824108508,-0.045195927932974,0.17914115540005848,0.009082443458125514,0.009783001699260413,0.011346206418222779,0,1.2246467991473532e-16,-1.0,-0.9749279121818236,-0.2225209339563146,True,True,1,0.0,-49.6757726204,0.6730378494145286,0.6287007079409788,H002_combined_factors,3,per_corridor,logistic,2026,0.6354137642797436,26,"{""C"": 0.01, ""class_weight"": ""balanced""}"
