date,corridor,currency,source,source_file,nominal,value_rub,rub_per_unit,units_per_rub,days_since_previous,same_rate_as_previous,return_1,return_3,return_5,return_10,return_20,distance_to_min_5,distance_to_mean_5,range_position_5,distance_to_min_10,distance_to_mean_10,range_position_10,distance_to_min_20,distance_to_mean_20,range_position_20,distance_to_min_60,distance_to_mean_60,range_position_60,volatility_5,volatility_10,volatility_20,down_streak,month_sin,month_cos,weekday_sin,weekday_cos,eligible_for_signal,has_full_window,message_hit,future_regret_bps,moment_advantage_bps,score,threshold,hypothesis_id,horizon_days,strategy,model,test_year,validation_auc,feature_count,hyperparameters
2022-04-29,RUB_AMD,AMD,CBR,AMD_RC_F02_09_2016_T02_09_2026.dbf,100,15.831,0.15831,6.3167203588,1.0,False,-0.0007826602875644628,0.006728054333172251,-0.012617489849251262,-0.08172321185157683,-0.08125424378014168,0.008401755514647391,0.0041342600638596405,0.9140679140679243,0.008401755514647391,-0.022236386443604927,0.10308714341539778,0.008401755514647391,-0.041744145505258845,0.08199676737535827,0.01819514924653176,-0.12032854551743632,0.03620471211558887,0.01017043132996231,0.010863948048800467,0.0240410738993576,1,0.8660254037844387,-0.49999999999999983,-0.433883739117558,-0.9009688679024191,True,True,0,102.0150337945,-64.4644491913,0.8323174782405496,0.8202765269574365,H005_add_calendar,3,pooled_with_corridor_thresholds,logistic,2022,0.6603595647374231,26,"{""C"": 0.01, ""class_weight"": ""none""}"
2022-05-14,RUB_AMD,AMD,CBR,AMD_RC_F02_09_2016_T02_09_2026.dbf,100,13.9887,0.139887,7.1486271062,1.0,False,-0.0073374443837326275,-0.015206234556167986,-0.08383162941180311,-0.11042784829445729,-0.16088610024713856,0.0,-0.023134110522500806,0.0,0.0,-0.06687007543112056,0.0,0.0,-0.1130100982944624,0.0,0.0,-0.21738714487879418,0.0,0.03448779905923217,0.025258604626164242,0.020219478201516868,2,0.49999999999999994,-0.8660254037844387,-0.9749279121818236,-0.2225209339563146,True,True,1,31.8113906224,104.192036737,0.8372959758643213,0.8202765269574365,H005_add_calendar,3,pooled_with_corridor_thresholds,logistic,2022,0.6603595647374231,26,"{""C"": 0.01, ""class_weight"": ""none""}"
2022-06-11,RUB_AMD,AMD,CBR,AMD_RC_F02_09_2016_T02_09_2026.dbf,100,13.6931,0.136931,7.3029482002,1.0,False,0.0010161412948126447,-0.025367450798960856,-0.027368166837140606,-0.07579592470353191,-0.02113134172582165,0.0010161412948126447,-0.012991824607484492,0.03753713205509041,0.0010161412948126447,-0.014304111559256816,0.03481963927855721,0.09621096283012975,0.0006657414979112097,0.5169476944253272,0.09621096283012975,-0.15130454544280703,0.12118339853991046,0.010528247559907585,0.01952197638081423,0.036133352805904774,0,1.2246467991473532e-16,-1.0,-0.9749279121818236,-0.2225209339563146,True,True,1,0.0,65.3282477561,0.8273175574704603,0.8202765269574365,H005_add_calendar,3,pooled_with_corridor_thresholds,logistic,2022,0.6603595647374231,26,"{""C"": 0.01, ""class_weight"": ""none""}"
2022-06-18,RUB_AMD,AMD,CBR,AMD_RC_F02_09_2016_T02_09_2026.dbf,100,13.3341,0.133341,7.4995687748,1.0,False,0.0024282427942081686,-0.01994781522178546,-0.025228083513655797,-0.04011834660293434,-0.018367737565888498,0.0024282427942081686,-0.00913279334175543,0.08254536161512649,0.0024282427942081686,-0.026970818100221394,0.04159155292299641,0.06747095978801232,-0.01911908962811193,0.36252580867171347,0.06747095978801232,-0.14376677719288533,0.09458397863219078,0.008425918605758314,0.010666149616013285,0.03603959836931005,0,1.2246467991473532e-16,-1.0,-0.9749279121818236,-0.2225209339563146,True,True,1,0.0,28.1084338122,0.8464351805158105,0.8202765269574365,H005_add_calendar,3,pooled_with_corridor_thresholds,logistic,2022,0.6603595647374231,26,"{""C"": 0.01, ""class_weight"": ""none""}"
2022-06-24,RUB_AMD,AMD,CBR,AMD_RC_F02_09_2016_T02_09_2026.dbf,100,12.9881,0.129881,7.6993555639,1.0,False,0.00587037166112947,-0.026503369135867372,-0.023583274444060165,-0.07101116523256723,0.03977168109003859,0.00587037166112947,-0.011489406395891355,0.17652538425710412,0.00587037166112947,-0.025834537154960646,0.09707991803278788,0.00587037166112947,-0.050450115201856494,0.039815106628848025,0.03977168109003859,-0.13741837399390888,0.07108109654896125,0.010681069206700864,0.010043641561655572,0.03383260316634918,0,1.2246467991473532e-16,-1.0,-0.433883739117558,-0.9009688679024191,True,True,1,0.0,65.4532500981,0.857488426377708,0.8202765269574365,H005_add_calendar,3,pooled_with_corridor_thresholds,logistic,2022,0.6603595647374231,26,"{""C"": 0.01, ""class_weight"": ""none""}"
2022-02-12,RUB_KGS,KGS,CBR,KGS_RC_F02_09_2016_T02_09_2026.dbf,100,88.3994,0.883994,1.1312293975,1.0,False,0.0035145953333983737,-0.004225312448957852,-0.01425108221246385,-0.036399073018337,-0.010299005925931026,0.0035145953333983737,-0.0015225754567161909,0.27456544874068556,0.0035145953333983737,-0.012453779674485133,0.09561162410055243,0.0035145953333983737,-0.02201985910573756,0.06210507311789096,0.04421155586215364,0.0025074006774266078,0.444602829549908,0.004094716672473835,0.003993164958223652,0.00712895143891734,0,0.8660254037844386,0.5000000000000001,-0.9749279121818236,-0.2225209339563146,True,True,1,0.0,28.1399163957,0.8104245444278865,0.8064992356886157,H005_add_calendar,3,pooled_with_corridor_thresholds,logistic,2022,0.6603595647374231,26,"{""C"": 0.01, ""class_weight"": ""none""}"
2022-05-07,RUB_KGS,KGS,CBR,KGS_RC_F02_09_2016_T02_09_2026.dbf,100,82.176,0.82176,1.2169003115,1.0,False,0.017309211194164842,-0.05006860692681414,-0.05134178524509536,-0.11985373737633387,-0.09507165557750619,0.017309211194164842,-0.0253434888518681,0.20958433888447597,0.017309211194164842,-0.0522411470539389,0.11144410259680265,0.017339437502011945,-0.08672667987595184,0.07352192376942941,0.017339437502011945,-0.14645347207526793,0.03295095234510294,0.02519323863040723,0.019680869900609837,0.04364512763032912,0,0.49999999999999994,-0.8660254037844387,-0.9749279121818236,-0.2225209339563146,True,True,1,0.0,93.1863789579,0.8069036160460953,0.8064992356886157,H005_add_calendar,3,pooled_with_corridor_thresholds,logistic,2022,0.6603595647374231,26,"{""C"": 0.01, ""class_weight"": ""none""}"
2022-05-13,RUB_KGS,KGS,CBR,KGS_RC_F02_09_2016_T02_09_2026.dbf,100,79.5795,0.795795,1.2566050302,1.0,False,-0.04445394366349387,-0.014834521366018816,-0.08008341492567672,-0.12452158071163044,-0.014805250113276935,0.0,-0.030626452150919192,0.0,0.0,-0.05900461265640833,0.0,0.0,-0.11472158942625177,0.0,0.0,-0.17139983565334038,0.0,0.03042696760451385,0.023217416762557598,0.04069107582827289,1,0.49999999999999994,-0.8660254037844387,-0.433883739117558,-0.9009688679024191,True,True,0,348.0921594129,10.4888195173,0.8409543595774741,0.8064992356886157,H005_add_calendar,3,pooled_with_corridor_thresholds,logistic,2022,0.6603595647374231,26,"{""C"": 0.01, ""class_weight"": ""none""}"
2022-06-11,RUB_KGS,KGS,CBR,KGS_RC_F02_09_2016_T02_09_2026.dbf,100,72.6755,0.726755,1.3759795254,1.0,False,-0.010369432302517745,-0.052159249192694324,-0.06759938161127466,-0.11596232024386732,-0.0538202355440871,0.0,-0.03203692658821433,0.0,0.0,-0.04384520121476532,0.0,0.026242249400215467,-0.044482061564251274,0.16313918272396125,0.026242249400215467,-0.164209818865647,0.04966606891354151,0.010275591497738075,0.02490190661950379,0.036055306984301115,5,1.2246467991473532e-16,-1.0,-0.9749279121818236,-0.2225209339563146,True,True,1,0.0,151.6773539599,0.8598699952927923,0.8064992356886157,H005_add_calendar,3,pooled_with_corridor_thresholds,logistic,2022,0.6603595647374231,26,"{""C"": 0.01, ""class_weight"": ""none""}"
2022-06-17,RUB_KGS,KGS,CBR,KGS_RC_F02_09_2016_T02_09_2026.dbf,100,71.5326,0.715326,1.3979640052,1.0,False,0.003647965697898048,-0.015726069996078507,-0.055672754251496315,-0.07435315126458208,-0.0965904570179349,0.003647965697898048,-0.008506051871281617,0.12012566993162295,0.003647965697898048,-0.04037251457398883,0.03896940901392472,0.010103491953214805,-0.047739682019448004,0.06280998990475375,0.010103491953214805,-0.16161555369892777,0.022512813897218303,0.012335571306629267,0.010824276025955624,0.0355018485323784,0,1.2246467991473532e-16,-1.0,-0.433883739117558,-0.9009688679024191,True,True,1,27.9732597445,11.2449453103,0.8271222427063567,0.8064992356886157,H005_add_calendar,3,pooled_with_corridor_thresholds,logistic,2022,0.6603595647374231,26,"{""C"": 0.01, ""class_weight"": ""none""}"
2022-06-24,RUB_KGS,KGS,CBR,KGS_RC_F02_09_2016_T02_09_2026.dbf,100,67.1131,0.671131,1.4900220672,1.0,False,0.0014279873585067993,-0.05016311078087954,-0.0617830192108213,-0.1140161426168782,-0.05230375149504851,0.0014279873585067993,-0.027152935337287354,0.02217793330397875,0.0014279873585067993,-0.04893527050030133,0.014907470870459013,0.0014279873585067993,-0.09299849752295697,0.006299699826215086,0.0014279873585067993,-0.1881304697500531,0.00291696257936298,0.01291497865604979,0.011925359688390843,0.03392088864191356,0,1.2246467991473532e-16,-1.0,-0.433883739117558,-0.9009688679024191,True,True,1,6.0792900343,105.8115589245,0.8625552179006027,0.8064992356886157,H005_add_calendar,3,pooled_with_corridor_thresholds,logistic,2022,0.6603595647374231,26,"{""C"": 0.01, ""class_weight"": ""none""}"
2022-10-22,RUB_KGS,KGS,CBR,KGS_RC_F02_09_2016_T02_09_2026.dbf,100,74.0749,0.740749,1.3499849477,1.0,False,-0.00803084315148661,-0.013896654366150618,-0.01818237245631682,-0.01653471905980186,0.03991481320816437,0.0,-0.008128337319571521,0.0,0.0,-0.019151433424557163,0.0,0.07400533849881197,0.00017269289249255415,0.6103312208537603,0.07400533849881197,0.0010257120822738663,0.6103312208537603,0.006300897473252302,0.009327389166722136,0.01624230981672409,3,-0.8660254037844386,0.5000000000000001,-0.9749279121818236,-0.2225209339563146,True,True,1,7.4789166101,45.8235403993,0.8071749747920309,0.8064992356886157,H005_add_calendar,3,pooled_with_corridor_thresholds,logistic,2022,0.6603595647374231,26,"{""C"": 0.01, ""class_weight"": ""none""}"
2022-10-29,RUB_KGS,KGS,CBR,KGS_RC_F02_09_2016_T02_09_2026.dbf,100,73.9168,0.739168,1.3528724187,1.0,False,-0.0009596176666963885,-0.0038475896299710044,-0.0021343262022627263,-0.02027789154462678,0.07171306076348372,0.0,-0.0021674638513035083,0.0,0.0,-0.006222804221315825,0.0,0.029484761795993908,-0.01100736779227196,0.38255118451724845,0.07171306076348372,-0.0023411310974702504,0.5914265215831643,0.0022783654209698745,0.004778712042512559,0.012466597624491734,2,-0.8660254037844386,0.5000000000000001,-0.9749279121818236,-0.2225209339563146,True,True,1,16.3426988181,11.1834646115,0.8317069470033557,0.8064992356886157,H005_add_calendar,3,pooled_with_corridor_thresholds,logistic,2022,0.6603595647374231,26,"{""C"": 0.01, ""class_weight"": ""none""}"
2022-11-19,RUB_KGS,KGS,CBR,KGS_RC_F02_09_2016_T02_09_2026.dbf,100,71.4966,0.714966,1.3986679087,1.0,False,-0.00017480292717997337,0.0002952060496252962,0.0009001530120127388,-0.035933739204304205,-0.04255797821481466,0.0002952060496252962,-0.00016809162307984682,0.20706575073597924,0.0009001530120127388,-0.006652686896069904,0.04373554618418919,0.0009001530120127388,-0.020276244536153065,0.02273611258441884,0.03662279779674571,-0.030286518976273658,0.3020327633624298,0.00124043114021974,0.007451558290568757,0.005944554268093317,1,-0.5000000000000004,0.8660254037844384,-0.9749279121818236,-0.2225209339563146,True,True,1,0.0,8.7041202031,0.8087994063925081,0.8064992356886157,H005_add_calendar,3,pooled_with_corridor_thresholds,logistic,2022,0.6603595647374231,26,"{""C"": 0.01, ""class_weight"": ""none""}"
2022-06-11,RUB_KZT,KZT,CBR,KZT_RC_F02_09_2016_T02_09_2026.dbf,100,13.2973,0.132973,7.5203236747,1.0,False,-0.01288703798558366,-0.057877881849484836,-0.07129437565040053,-0.15491677735479714,-0.09357809421885321,0.0,-0.03720196074172211,0.0,0.0,-0.06143021904878854,0.0,0.0,-0.06799286203914112,0.0,0.0,-0.1978628658156253,0.0,0.014603324337422108,0.02654601223637462,0.03750440031990234,7,1.2246467991473532e-16,-1.0,-0.9749279121818236,-0.2225209339563146,True,True,1,0.0,181.3289226488,0.875218190810635,0.8721763465312256,H005_add_calendar,3,pooled_with_corridor_thresholds,logistic,2022,0.6603595647374231,26,"{""C"": 0.01, ""class_weight"": ""none""}"
2022-06-18,RUB_KZT,KZT,CBR,KZT_RC_F02_09_2016_T02_09_2026.dbf,100,12.8254,0.128254,7.797027773,1.0,False,-0.011232663382442443,-0.020154020108180792,-0.04791810495215609,-0.11556284997103683,-0.11071203222831616,0.0,-0.016174884514423504,0.0,0.0,-0.051779715150941596,0.0,0.0,-0.07896985722144101,0.0,0.0,-0.200505260760661,0.0,0.00532335021968021,0.010669350707223774,0.03732401816357986,11,1.2246467991473532e-16,-1.0,-0.9749279121818236,-0.2225209339563146,True,True,0,198.9021784896,36.324248017,0.8729967965501673,0.8721763465312256,H005_add_calendar,3,pooled_with_corridor_thresholds,logistic,2022,0.6603595647374231,26,"{""C"": 0.01, ""class_weight"": ""none""}"
2022-04-29,RUB_TJS,TJS,CBR,TJS_RC_F02_09_2016_T02_09_2026.dbf,10,57.8594,5.78594,0.1728327636,1.0,False,-0.007972649525755937,-0.013542197678918844,-0.035084852042586046,-0.10973759605116984,-0.10099395114614362,0.0,-0.008368456123705403,0.0,0.0,-0.042168846226940504,0.0,0.0,-0.07050223681795531,0.0,0.0,-0.21493326569574212,0.0,0.008704566924399262,0.00986537997996386,0.02629245297999704,1,0.8660254037844387,-0.49999999999999983,-0.433883739117558,-0.9009688679024191,True,True,0,175.8919034764,-37.695653079,0.8314137028029327,0.8200274883979993,H005_add_calendar,3,pooled_with_corridor_thresholds,logistic,2022,0.6603595647374231,26,"{""C"": 0.01, ""class_weight"": ""none""}"
2022-06-11,RUB_TJS,TJS,CBR,TJS_RC_F02_09_2016_T02_09_2026.dbf,10,51.131,5.1131,0.1955760693,1.0,False,-0.010471801997596342,-0.043754885862511306,-0.05933280717343581,-0.12218746673716951,0.001698524614893504,0.0,-0.028584108759974858,0.0,0.0,-0.04403146464116714,0.0,0.08103479625017451,-0.019588762632278933,0.3500273972602741,0.08103479625017451,-0.18080035238941505,0.07426108016468881,0.011363773868808463,0.01729543087513275,0.03529964898431792,5,1.2246467991473532e-16,-1.0,-0.9749279121818236,-0.2225209339563146,True,True,1,0.0,139.1039381099,0.8473591669722793,0.8200274883979993,H005_add_calendar,3,pooled_with_corridor_thresholds,logistic,2022,0.6603595647374231,26,"{""C"": 0.01, ""class_weight"": ""none""}"
2022-06-17,RUB_TJS,TJS,CBR,TJS_RC_F02_09_2016_T02_09_2026.dbf,10,51.6114,5.16114,0.1937556431,1.0,False,0.0044665533972079174,0.009395474369755963,-0.031668333355222344,-0.04288450946611799,0.014538506598940737,0.009395474369755963,0.004083929100873851,0.8878211051561582,0.009395474369755963,-0.018330530043387583,0.148956621500107,0.09119163097115734,-0.01198951983055152,0.3938995433789951,0.09119163097115734,-0.14448758541942064,0.10185277018187644,0.01479116317704882,0.011252885214345879,0.035283568155445096,0,1.2246467991473532e-16,-1.0,-0.433883739117558,-0.9009688679024191,True,True,1,0.0,2.9137891961,0.8265913094721788,0.8200274883979993,H005_add_calendar,3,pooled_with_corridor_thresholds,logistic,2022,0.6603595647374231,26,"{""C"": 0.01, ""class_weight"": ""none""}"
2022-06-24,RUB_TJS,TJS,CBR,TJS_RC_F02_09_2016_T02_09_2026.dbf,10,50.4213,5.04213,0.1983288808,1.0,False,0.003347057196471548,-0.03156643259937608,-0.023058859089270856,-0.05399695680806316,0.020971700252705228,0.003347057196471548,-0.016561596335664897,0.09284097808688013,0.003347057196471548,-0.017816948941239086,0.09284097808688013,0.003347057196471548,-0.046941639533776836,0.02103788570499439,0.06602999691320188,-0.12148254332783881,0.09467755186181101,0.01348553391328421,0.01337563051040049,0.03285155054155178,0,1.2246467991473532e-16,-1.0,-0.433883739117558,-0.9009688679024191,True,True,1,0.0,79.434991534,0.8235324393824943,0.8200274883979993,H005_add_calendar,3,pooled_with_corridor_thresholds,logistic,2022,0.6603595647374231,26,"{""C"": 0.01, ""class_weight"": ""none""}"
2022-10-29,RUB_TJS,TJS,CBR,TJS_RC_F02_09_2016_T02_09_2026.dbf,10,60.2374,6.02374,0.1660098211,1.0,False,0.002858536569123604,0.003307860916607286,0.005639436657340013,-0.02377622377622368,0.11327467320170848,0.006131587782256087,0.0028027749403018998,1.0,0.006131587782256087,0.0013631361440535894,0.6413347309573747,0.06941939240722061,0.0023318866783610392,0.6449920823436269,0.11327467320170848,0.020549122837384637,0.7401132672406512,0.0018505569253760784,0.006765683511038493,0.013468798068472449,0,-0.8660254037844386,0.5000000000000001,-0.9749279121818236,-0.2225209339563146,True,True,1,0.0,-9.1388844579,0.8387369093526866,0.8200274883979993,H005_add_calendar,3,pooled_with_corridor_thresholds,logistic,2022,0.6603595647374231,26,"{""C"": 0.01, ""class_weight"": ""none""}"
2022-02-12,RUB_UZS,UZS,CBR,UZS_RC_F02_09_2016_T02_09_2026.dbf,10000,69.1043,0.00691043,144.7087952559,1.0,False,0.002012600503150219,-0.004052719948692385,-0.01544978037775302,-0.039322757736724,-0.01332288177459462,0.002012600503150219,-0.0019367865230854875,0.181011997913406,0.002012600503150219,-0.014117641687873994,0.05207082833133244,0.002012600503150219,-0.024054982817869552,0.03379842696082011,0.03274077727214997,-0.0018522120621519145,0.35572442236186247,0.0036531291766050272,0.0038271134926495362,0.007397898950237617,0,0.8660254037844386,0.5000000000000001,-0.9749279121818236,-0.2225209339563146,True,True,1,0.0,29.8077214406,0.8065805146038814,0.783907377346459,H005_add_calendar,3,pooled_with_corridor_thresholds,logistic,2022,0.6603595647374231,26,"{""C"": 0.01, ""class_weight"": ""none""}"
2022-04-29,RUB_UZS,UZS,CBR,UZS_RC_F02_09_2016_T02_09_2026.dbf,10000,64.549,0.0064549,154.921067716,1.0,False,-0.006042370506333272,-0.009229427953516667,-0.029015657835160136,-0.09983544374407305,-0.13822521040714308,0.0,-0.004872577008330881,0.0,0.0,-0.03710176716566094,0.0,0.0,-0.06296541708157033,0.0,0.0,-0.1774733190234552,0.0,0.010243664856574143,0.011113194230725989,0.02474816715047533,1,0.8660254037844387,-0.49999999999999983,-0.433883739117558,-0.9009688679024191,True,True,0,158.0814574974,-43.7588802564,0.7987074389227142,0.783907377346459,H005_add_calendar,3,pooled_with_corridor_thresholds,logistic,2022,0.6603595647374231,26,"{""C"": 0.01, ""class_weight"": ""none""}"
2022-05-13,RUB_UZS,UZS,CBR,UZS_RC_F02_09_2016_T02_09_2026.dbf,10000,58.8232,0.00588232,170.0009520053,1.0,False,-0.04619894798970048,-0.008749224837553027,-0.07406742789861576,-0.09553836526145998,-0.10704277521229733,0.0,-0.027579402865062663,0.0,0.0,-0.059242432287371916,0.0,0.0,-0.10785001502634328,0.0,0.0,-0.24176096355999432,0.0,0.03263821046241445,0.023049778748894204,0.02413727753956039,1,0.49999999999999994,-0.8660254037844387,-0.433883739117558,-0.9009688679024191,True,True,0,289.5286213603,27.8871696981,0.7849851043436982,0.783907377346459,H005_add_calendar,3,pooled_with_corridor_thresholds,logistic,2022,0.6603595647374231,26,"{""C"": 0.01, ""class_weight"": ""none""}"
2022-06-11,RUB_UZS,UZS,CBR,UZS_RC_F02_09_2016_T02_09_2026.dbf,10000,52.4245,0.00524245,190.7505078732,1.0,False,-0.008786292853739441,-0.05123986984171802,-0.06982624170731311,-0.12798782414877152,-0.08220573843533185,0.0,-0.03126767017883614,0.0,0.0,-0.05047655030538989,0.0,0.031263769986151324,-0.04944570415621474,0.17119067623171538,0.031263769986151324,-0.22006613545196352,0.03127693658022031,0.009706647699374581,0.016555241458440628,0.035258480295352806,5,1.2246467991473532e-16,-1.0,-0.9749279121818236,-0.2225209339563146,True,True,1,0.0,144.7994472065,0.8426022992005194,0.783907377346459,H005_add_calendar,3,pooled_with_corridor_thresholds,logistic,2022,0.6603595647374231,26,"{""C"": 0.01, ""class_weight"": ""none""}"
2022-06-17,RUB_UZS,UZS,CBR,UZS_RC_F02_09_2016_T02_09_2026.dbf,10000,51.8873,0.00518873,192.7253875226,1.0,False,0.005012735214077413,-0.010247117282949803,-0.048293938221176336,-0.07273071692421518,-0.0902200137464757,0.005012735214077413,-0.005108741961746155,0.20528277940826414,0.005012735214077413,-0.036406383188140046,0.054698397937185304,0.020696289185446304,-0.045872669688441614,0.11332643960447203,0.020696289185446304,-0.2008620070943038,0.025690990205630405,0.012649320757351359,0.010658789742860478,0.0353024441145307,0,1.2246467991473532e-16,-1.0,-0.433883739117558,-0.9009688679024191,True,True,1,36.4636433193,-6.537661947,0.8142433430207148,0.783907377346459,H005_add_calendar,3,pooled_with_corridor_thresholds,logistic,2022,0.6603595647374231,26,"{""C"": 0.01, ""class_weight"": ""none""}"
2022-06-24,RUB_UZS,UZS,CBR,UZS_RC_F02_09_2016_T02_09_2026.dbf,10000,49.1909,0.00491909,203.2896328386,1.0,False,0.005998249402833666,-0.04109623755582448,-0.05196647349158656,-0.09775074605238787,-0.032345697469470025,0.005998249402833666,-0.02067709214704505,0.10473129798250351,0.005998249402833666,-0.03908295928122607,0.07347930654374225,0.005998249402833666,-0.08475465259036752,0.026137558593402038,0.005998249402833666,-0.2025199842582044,0.008530303955699469,0.012991111396670824,0.012094761235482955,0.03362071457175733,0,1.2246467991473532e-16,-1.0,-0.433883739117558,-0.9009688679024191,True,True,1,0.0,81.2628507991,0.8453040966397469,0.783907377346459,H005_add_calendar,3,pooled_with_corridor_thresholds,logistic,2022,0.6603595647374231,26,"{""C"": 0.01, ""class_weight"": ""none""}"
2022-10-29,RUB_UZS,UZS,CBR,UZS_RC_F02_09_2016_T02_09_2026.dbf,10000,55.0823,0.00550823,181.546522204,1.0,False,0.0014035062203323623,-0.001953248861661816,0.0023875773187433946,-0.029639847229268823,0.09709087867175503,0.0018989448487483074,-0.00015066091129889436,0.4751934456076565,0.0023875773187433946,-0.0014576876299224883,0.24550898203593047,0.05300556685579716,-0.004674473658675016,0.5311991110600234,0.09709087867175503,0.0026164989419088514,0.6657880000546326,0.0026521098806760986,0.007283179942927978,0.013853367079653412,0,-0.8660254037844386,0.5000000000000001,-0.9749279121818236,-0.2225209339563146,True,True,1,0.0,4.6687519216,0.8292289094073974,0.783907377346459,H005_add_calendar,3,pooled_with_corridor_thresholds,logistic,2022,0.6603595647374231,26,"{""C"": 0.01, ""class_weight"": ""none""}"
2023-01-14,RUB_AMD,AMD,CBR,AMD_RC_F02_09_2016_T02_09_2026.dbf,100,17.0401,0.170401,5.8685101613,1.0,False,-0.003625285783617316,-0.03273579764769985,-0.0465316673847479,-0.022868414865616526,0.07980634572610845,0.0,-0.02058033723106356,0.0,0.0,-0.03408569151462881,0.0,0.07378443777884192,-0.012296374267921073,0.48090192212912736,0.12218878212938011,0.06209765132777023,0.5948129388003714,0.006219123495064575,0.015642048041218853,0.02044882635070887,6,0.49999999999999994,0.8660254037844387,-0.9749279121818236,-0.2225209339563146,True,True,1,0.0,99.5681451656,0.5819077521484561,0.5030291861947448,H005_add_calendar,3,pooled_with_corridor_thresholds,logistic,2023,0.5990390112432962,26,"{""C"": 0.01, ""class_weight"": ""balanced""}"
2023-01-21,RUB_AMD,AMD,CBR,AMD_RC_F02_09_2016_T02_09_2026.dbf,100,17.3289,0.173289,5.7707067385,1.0,False,-0.0023259428992532527,0.0015084263818574417,0.016948257345907658,-0.030372040712411175,0.05798207482660933,0.006908773968622883,0.0006606049616975085,0.7149729404690301,0.016948257345907658,-0.0016655326910479662,0.3797002366552723,0.029820943596935878,-0.012593789601320071,0.3397657255061272,0.14120792639959956,0.06906475367536191,0.687397813612028,0.004876111278258727,0.008578516937448172,0.020378643997585454,2,0.49999999999999994,0.8660254037844387,-0.9749279121818236,-0.2225209339563146,True,True,1,15.6963223286,2.8433253555,0.5454352495897613,0.5030291861947448,H005_add_calendar,3,pooled_with_corridor_thresholds,logistic,2023,0.5990390112432962,26,"{""C"": 0.01, ""class_weight"": ""balanced""}"
2023-03-25,RUB_AMD,AMD,CBR,AMD_RC_F02_09_2016_T02_09_2026.dbf,100,19.6995,0.196995,5.0762709713,1.0,False,0.0025139821171393795,-0.004351649684619097,-0.0015053828842527262,0.006967162836345908,0.030718277139448746,0.0025139821171393795,-0.003503507554343366,0.21192621192620956,0.01857788440657293,0.0025032683962746827,0.6616942909760591,0.029635437083496807,0.009210690117834819,0.7552950579459169,0.15606715923028625,0.0691531712050748,0.9353874292145895,0.006579733729576799,0.006545394665455929,0.005941584770976096,0,1.0,6.123233995736766e-17,-0.9749279121818236,-0.2225209339563146,True,True,1,0.0,12.2912052334,0.5106712177343161,0.5030291861947448,H005_add_calendar,3,pooled_with_corridor_thresholds,logistic,2023,0.5990390112432962,26,"{""C"": 0.01, ""class_weight"": ""balanced""}"
2023-04-01,RUB_AMD,AMD,CBR,AMD_RC_F02_09_2016_T02_09_2026.dbf,100,19.9041,0.199041,5.024090514,1.0,False,0.0026092694549246787,0.009028693095407103,0.010386050407370728,0.008865032540599671,0.025757177532814923,0.010022023078562592,0.005074834878507017,1.0,0.012926142869501778,0.005959715316448122,1.0,0.02915688565785257,0.013171313611443303,1.0,0.16807413102035795,0.0703291749363335,1.0,0.001944546395463639,0.004739323651003698,0.004802394930597582,0,0.8660254037844387,-0.49999999999999983,-0.9749279121818236,-0.2225209339563146,True,True,1,0.0,-10.3100042246,0.5186978604178434,0.5030291861947448,H005_add_calendar,3,pooled_with_corridor_thresholds,logistic,2023,0.5990390112432962,26,"{""C"": 0.01, ""class_weight"": ""balanced""}"
2023-04-29,RUB_AMD,AMD,CBR,AMD_RC_F02_09_2016_T02_09_2026.dbf,100,20.8228,0.208228,4.8024281077,1.0,False,-0.013417985406993238,-0.013782455076774447,-0.009871424223980463,-0.008225572146412397,0.04615631955225297,0.0,-0.00931273057024895,0.0,0.0,-0.010089360462048225,0.0,0.03773622518140507,-0.005468471452496515,0.6597542911910781,0.17740056769991064,0.05503320475684048,0.8893109215113809,0.007359850347131442,0.005171744017792622,0.008406049724961463,1,0.8660254037844387,-0.49999999999999983,-0.9749279121818236,-0.2225209339563146,True,True,1,0.0,56.3357605873,0.5157175034455593,0.5030291861947448,H005_add_calendar,3,pooled_with_corridor_thresholds,logistic,2023,0.5990390112432962,26,"{""C"": 0.01, ""class_weight"": ""balanced""}"
2023-05-05,RUB_AMD,AMD,CBR,AMD_RC_F02_09_2016_T02_09_2026.dbf,100,20.2974,0.202974,4.9267393853,1.0,False,-0.00958338619484933,-0.025231957277599637,-0.03686937706411575,-0.03637097348493845,-0.00851903594212533,0.0,-0.018403187164678925,0.0,0.0,-0.027262658826901154,0.0,0.0,-0.031669420162843576,0.0,0.14029055853305006,0.021251288677299973,0.7316515777445723,0.005508888346084933,0.006003929372116635,0.00807236487548539,4,0.49999999999999994,-0.8660254037844387,-0.433883739117558,-0.9009688679024191,True,True,0,203.8192083715,-10.3568680831,0.5042843094160264,0.5030291861947448,H005_add_calendar,3,pooled_with_corridor_thresholds,logistic,2023,0.5990390112432962,26,"{""C"": 0.01, ""class_weight"": ""balanced""}"
2023-05-12,RUB_AMD,AMD,CBR,AMD_RC_F02_09_2016_T02_09_2026.dbf,100,19.6424,0.196424,5.091027573,1.0,False,-0.01036371239564493,-0.03227014297397701,-0.049700769725733784,-0.06356402885243406,-0.06709095226786987,0.0,-0.019501744115233532,0.0,0.0,-0.04161021038574386,0.0,0.0,-0.054631666643404464,0.0,0.06685495478369496,-0.01631339711101576,0.43932471982297067,0.006663861711928706,0.00780737691962105,0.0065407296463469156,7,0.49999999999999994,-0.8660254037844387,-0.433883739117558,-0.9009688679024191,True,True,1,0.0,122.5053357672,0.5881778226137249,0.5030291861947448,H005_add_calendar,3,pooled_with_corridor_thresholds,logistic,2023,0.5990390112432962,26,"{""C"": 0.01, ""class_weight"": ""balanced""}"
2023-05-20,RUB_AMD,AMD,CBR,AMD_RC_F02_09_2016_T02_09_2026.dbf,100,20.6794,0.206794,4.8357302436,1.0,False,-1.4506980275386105e-05,-0.0010627300569043818,0.034932487213108265,0.009056397544623174,-0.017306924670683732,0.012346283386856616,2.6113625219092995e-05,0.5260742594910305,0.05279395593206537,0.01845235075768059,0.8202816010124985,0.05279395593206537,0.002695671337078709,0.7047709664265336,0.09578893263457977,0.025949723532098012,0.7719935087119925,0.012767965218176237,0.014141725833697343,0.010675508896982593,2,0.49999999999999994,-0.8660254037844387,-0.9749279121818236,-0.2225209339563146,True,True,1,9.091172858,15.9118262735,0.5429127709487872,0.5030291861947448,H005_add_calendar,3,pooled_with_corridor_thresholds,logistic,2023,0.5990390112432962,26,"{""C"": 0.01, ""class_weight"": ""balanced""}"
2023-05-26,RUB_AMD,AMD,CBR,AMD_RC_F02_09_2016_T02_09_2026.dbf,100,20.6998,0.206998,4.8309645504,1.0,False,-0.0009749034749034768,0.0018973311520478209,0.0009719676784478715,0.0538325255569585,-0.013153315503177554,0.0018973311520478209,-0.00015360107578732407,0.4148148148147885,0.03595343669612738,0.003815505656336926,0.7764807609165573,0.0538325255569585,0.006889476760207014,0.7186353133070543,0.07610249585410611,0.02131132213481779,0.7403155658946089,0.002518142107892033,0.010198748107911429,0.010720155329190033,2,0.49999999999999994,-0.8660254037844387,-0.433883739117558,-0.9009688679024191,True,True,1,5.2657513599,0.2484434329,0.5752634059653828,0.5030291861947448,H005_add_calendar,3,pooled_with_corridor_thresholds,logistic,2023,0.5990390112432962,26,"{""C"": 0.01, ""class_weight"": ""balanced""}"
2023-06-02,RUB_AMD,AMD,CBR,AMD_RC_F02_09_2016_T02_09_2026.dbf,100,20.9225,0.209225,4.7795435536,1.0,False,-0.00127927902125613,0.009256847365729959,0.010758558053701073,0.01174098270284385,0.012230462948180199,0.01129107879104252,0.004280642739611373,0.8970814132104393,0.012676301753095087,0.007432053408705119,0.907170072739862,0.06517024396204141,0.01925936174317333,0.9794934578009016,0.08181404535630454,0.026093936208646973,0.844749346003951,0.0033247840666314225,0.0029643784154657926,0.01017307913722083,1,1.2246467991473532e-16,-1.0,-0.433883739117558,-0.9009688679024191,True,True,1,17.3497430995,-21.9794807998,0.6000968887455335,0.5030291861947448,H005_add_calendar,3,pooled_with_corridor_thresholds,logistic,2023,0.5990390112432962,26,"{""C"": 0.01, ""class_weight"": ""balanced""}"
2023-06-08,RUB_AMD,AMD,CBR,AMD_RC_F02_09_2016_T02_09_2026.dbf,100,21.0622,0.210622,4.7478421058,1.0,False,0.0033106746630970907,0.008426616617670968,0.005389201548500422,0.016515444015444025,0.0611695829827541,0.008426616617670968,0.004264579387739165,1.0,0.01804349192078858,0.00868885582284551,1.0,0.07228240948152975,0.017592215701218716,1.0,0.08903734190959778,0.02790809203550415,0.9193315893438693,0.0031503868009997264,0.003074764999320381,0.008128799139127509,0,1.2246467991473532e-16,-1.0,0.43388373911755823,-0.900968867902419,True,True,1,0.0,34.8763174934,0.5159698609659498,0.5030291861947448,H005_add_calendar,3,pooled_with_corridor_thresholds,logistic,2023,0.5990390112432962,26,"{""C"": 0.01, ""class_weight"": ""balanced""}"
2023-06-17,RUB_AMD,AMD,CBR,AMD_RC_F02_09_2016_T02_09_2026.dbf,100,21.6407,0.216407,4.6209226134,1.0,False,-0.003706056755611975,0.0018471538091180406,0.02028240729827213,0.034326681801887915,0.0464706934820136,0.01125711455247247,0.00026901004304158427,0.5845668527056507,0.03612433089791334,0.014441732895443815,0.8150588743653434,0.04743811893168637,0.028042955033839023,0.8512985320941527,0.10173400399136567,0.046064671516993005,0.9210878082507482,0.007290230863562422,0.005504100222679686,0.0044511442541409745,2,1.2246467991473532e-16,-1.0,-0.9749279121818236,-0.2225209339563146,True,True,1,0.0,20.6918359146,0.595517585029463,0.5030291861947448,H005_add_calendar,3,pooled_with_corridor_thresholds,logistic,2023,0.5990390112432962,26,"{""C"": 0.01, ""class_weight"": ""balanced""}"
2023-06-23,RUB_AMD,AMD,CBR,AMD_RC_F02_09_2016_T02_09_2026.dbf,100,21.6522,0.216522,4.6184683312,1.0,False,-0.007530997181032784,-0.004176056661914229,-0.0031766200762388674,0.028012268424001174,0.04499034749034747,0.0005314061005421422,-0.003247288325505915,0.06541524459613388,0.020824591593786135,0.0007584654870471663,0.7288778877887784,0.046561199483781124,0.018530191530076845,0.8542923022348347,0.10231947216226134,0.03990791466417343,0.924428499149073,0.004949208157588149,0.006259874914003391,0.004835535263018338,1,1.2246467991473532e-16,-1.0,-0.433883739117558,-0.9009688679024191,True,True,1,0.0,37.3683971817,0.5824526226351815,0.5030291861947448,H005_add_calendar,3,pooled_with_corridor_thresholds,logistic,2023,0.5990390112432962,26,"{""C"": 0.01, ""class_weight"": ""balanced""}"
2023-07-15,RUB_AMD,AMD,CBR,AMD_RC_F02_09_2016_T02_09_2026.dbf,100,23.3463,0.233463,4.2833339758,1.0,False,0.0021935849445380295,-0.0012662614059779642,-0.016654241271686465,0.019756268017821155,0.07881445609430382,0.0021935849445380295,-0.0032813676719966045,0.1498973305954861,0.011419807908086943,-0.004321545503745972,0.29896790291482384,0.07824147199822651,0.027025612183378067,0.7326788340108991,0.18856657027654466,0.08714941732827586,0.8569875057843593,0.006214217814367191,0.010686286326881695,0.009068119299925641,0,-0.4999999999999998,-0.8660254037844388,-0.9749279121818236,-0.2225209339563146,True,True,1,0.0,10.0862465776,0.5318396083187507,0.5030291861947448,H005_add_calendar,3,pooled_with_corridor_thresholds,logistic,2023,0.5990390112432962,26,"{""C"": 0.01, ""class_weight"": ""balanced""}"
2023-07-22,RUB_AMD,AMD,CBR,AMD_RC_F02_09_2016_T02_09_2026.dbf,100,23.3866,0.233866,4.2759528961,1.0,False,-0.005663313463549868,-0.0038633062575339494,0.0017261835922608437,-0.014956805957450414,0.07671625161715068,0.0,-0.0035577181179458073,0.0,0.003923555067138373,-0.0025602826504279586,0.2681138163684363,0.06775938819769434,0.009574218486096298,0.7197730248799648,0.1906182543884658,0.07884568410905435,0.8663118926422951,0.0038237760706518777,0.005238382548625027,0.009003759025497186,2,-0.4999999999999998,-0.8660254037844388,-0.9749279121818236,-0.2225209339563146,True,True,1,4.2331933671,23.0004704919,0.5528771544991484,0.5030291861947448,H005_add_calendar,3,pooled_with_corridor_thresholds,logistic,2023,0.5990390112432962,26,"{""C"": 0.01, ""class_weight"": ""balanced""}"
2023-07-29,RUB_AMD,AMD,CBR,AMD_RC_F02_09_2016_T02_09_2026.dbf,100,23.5561,0.235561,4.245184899,1.0,False,0.010982738345593601,0.011169347395893592,0.0072477401588944,0.00898643468129845,0.028920241111208167,0.011169347395893592,0.008110729084016555,1.0,0.011169347395893592,0.005882568960908552,1.0,0.020508865947224564,0.005253918781580769,0.536917318815923,0.19924754612470985,0.07669286296350264,0.9055298472929199,0.005528839429851092,0.004519330122984223,0.008005577452578308,0,-0.4999999999999998,-0.8660254037844388,-0.9749279121818236,-0.2225209339563146,True,True,1,0.0,-36.7828769408,0.5031929659682777,0.5030291861947448,H005_add_calendar,3,pooled_with_corridor_thresholds,logistic,2023,0.5990390112432962,26,"{""C"": 0.01, ""class_weight"": ""balanced""}"
2023-08-19,RUB_AMD,AMD,CBR,AMD_RC_F02_09_2016_T02_09_2026.dbf,100,24.19,0.2419,4.1339396445,1.0,False,-0.0035877431818461814,-0.03991554114392526,-0.0492137048435467,-0.014491336568115853,0.034353005567290706,0.0,-0.03125688312208408,0.0,0.0,-0.0346927976669813,0.0,0.038380144145536255,-0.008077667641639974,0.31494592976152724,0.16922601008270144,0.05386044459637662,0.6428873097192381,0.025305749580165786,0.020371043090791185,0.01491283845009706,4,-0.8660254037844384,-0.5000000000000004,-0.9749279121818236,-0.2225209339563146,True,True,1,0.0,125.3041922991,0.5296667438675494,0.5030291861947448,H005_add_calendar,3,pooled_with_corridor_thresholds,logistic,2023,0.5990390112432962,26,"{""C"": 0.01, ""class_weight"": ""balanced""}"
2023-08-26,RUB_AMD,AMD,CBR,AMD_RC_F02_09_2016_T02_09_2026.dbf,100,24.538,0.24538,4.0753117613,1.0,False,0.0032422001169316594,0.005808257809585715,0.014386109962794436,-0.035535588650308036,0.0416834705235587,0.006439440547967523,0.004089522654416866,1.0,0.014386109962794436,-0.006730817493972752,0.178938708350472,0.03448566610455317,-0.004739836283799592,0.33874440947490403,0.17484271911597138,0.05521184473647267,0.6957664901116483,0.002996413728379301,0.01824971994397315,0.014764383686398624,0,-0.8660254037844384,-0.5000000000000004,-0.9749279121818236,-0.2225209339563146,True,True,1,0.0,-8.5363260003,0.5765176653141925,0.5030291861947448,H005_add_calendar,3,pooled_with_corridor_thresholds,logistic,2023,0.5990390112432962,26,"{""C"": 0.01, ""class_weight"": ""balanced""}"
2023-09-22,RUB_AMD,AMD,CBR,AMD_RC_F02_09_2016_T02_09_2026.dbf,100,24.8677,0.248677,4.021280617,1.0,False,-0.005598275731074742,-0.007297259535737677,-0.0016820824099945675,-0.022903192852034904,0.01672206617686145,0.0,-0.004155143511832993,0.0,0.013130769920229435,-0.0035218562253988006,0.38612675212651326,0.013436302877170236,-0.00437363424022319,0.3612754766600936,0.08621036079322097,0.022204132670828214,0.6090162922735125,0.004743868242445823,0.009220638788443144,0.007373892411199662,1,-1.0,-1.8369701987210297e-16,-0.433883739117558,-0.9009688679024191,True,True,1,26.5806648785,10.1119023748,0.5832061773015367,0.5030291861947448,H005_add_calendar,3,pooled_with_corridor_thresholds,logistic,2023,0.5990390112432962,26,"{""C"": 0.01, ""class_weight"": ""balanced""}"
2023-09-29,RUB_AMD,AMD,CBR,AMD_RC_F02_09_2016_T02_09_2026.dbf,100,24.8163,0.248163,4.0296095711,1.0,False,-0.0006885887554664016,0.00018136531811463463,-0.0020669382371510947,-0.003745543886694347,-0.006207125780395839,0.0005927036965356347,-2.9818221673361123e-05,0.4622641509434036,0.0005927036965356347,-0.003131245167056651,0.05905986339895892,0.011036691192646941,-0.006836322073132006,0.2992708793636752,0.06529671348604005,0.014826569438165516,0.5356740385969849,0.0013449269878644757,0.0032875299753836493,0.007053790367603343,1,-1.0,-1.8369701987210297e-16,-0.433883739117558,-0.9009688679024191,True,True,1,21.7598916841,-8.2732952892,0.638486691579523,0.5030291861947448,H005_add_calendar,3,pooled_with_corridor_thresholds,logistic,2023,0.5990390112432962,26,"{""C"": 0.01, ""class_weight"": ""balanced""}"
2023-10-13,RUB_AMD,AMD,CBR,AMD_RC_F02_09_2016_T02_09_2026.dbf,100,24.3883,0.243883,4.100326796,1.0,False,-0.03594031030734268,-0.02769217275514413,0.024012865084563684,-0.01724672896443069,-0.020927674470886837,0.0,-0.01985110665277734,0.0,0.05233112554205954,-0.0031729838187226633,0.5715362865221485,0.05233112554205954,-0.01182289043516449,0.5715362865221485,0.05233112554205954,-0.009318498478736892,0.40982664819382914,0.025502263358287047,0.0239997469889013,0.016681689417724212,1,-0.8660254037844386,0.5000000000000001,-0.433883739117558,-0.9009688679024191,True,True,0,79.9973757909,102.6042986204,0.5071548571833812,0.5030291861947448,H005_add_calendar,3,pooled_with_corridor_thresholds,logistic,2023,0.5990390112432962,26,"{""C"": 0.01, ""class_weight"": ""balanced""}"
2023-10-20,RUB_AMD,AMD,CBR,AMD_RC_F02_09_2016_T02_09_2026.dbf,100,24.2167,0.242167,4.1293817903,1.0,False,-0.001039522479673649,-0.0012784717725805583,-0.0070361607820143,0.016807745922977402,-0.026178536816834796,0.0009713473207346723,-0.00044329900311401715,0.43119266055043953,0.0009713473207346723,-0.013770808524918188,0.021280449153308456,0.044926754546827485,-0.01132457080964655,0.49066918001884996,0.044926754546827485,-0.019259608846441734,0.3518399621532116,0.003888415945947272,0.017528149176854385,0.016631745953725834,1,-0.8660254037844386,0.5000000000000001,-0.433883739117558,-0.9009688679024191,True,True,0,135.2785474487,-53.7093302762,0.631234651138277,0.5030291861947448,H005_add_calendar,3,pooled_with_corridor_thresholds,logistic,2023,0.5990390112432962,26,"{""C"": 0.01, ""class_weight"": ""balanced""}"
2023-10-26,RUB_AMD,AMD,CBR,AMD_RC_F02_09_2016_T02_09_2026.dbf,100,23.1488,0.231488,4.3198783522,1.0,False,-0.004074257319250596,-0.030989028469050717,-0.04509135010044596,-0.08493724676351422,-0.06783605950051141,0.0,-0.01949256639417174,0.0,0.0,-0.032862649350041684,0.0,0.0,-0.044308998555242396,0.0,0.0,-0.06174079141031519,0.0,0.006152884170973181,0.011364578459673189,0.017199864972683263,5,-0.8660254037844386,0.5000000000000001,0.43388373911755823,-0.900968867902419,True,True,1,0.0,82.405072588,0.5326650707344982,0.5030291861947448,H005_add_calendar,3,pooled_with_corridor_thresholds,logistic,2023,0.5990390112432962,26,"{""C"": 0.01, ""class_weight"": ""balanced""}"
2023-11-02,RUB_AMD,AMD,CBR,AMD_RC_F02_09_2016_T02_09_2026.dbf,100,23.1815,0.231815,4.313784699,1.0,False,0.015200749745997166,0.0010709643429331894,0.00141260022117784,-0.043742445930393226,0.0002588940907424231,0.015200749745997166,0.002670442945774454,0.842680262199561,0.015200749745997166,-0.00782729950463068,0.2511032337408668,0.015200749745997166,-0.0316669935310101,0.14091997888839267,0.015200749745997166,-0.05509753713536181,0.10516907041570714,0.01102586231889455,0.009794516542156021,0.015593262037420149,0,-0.5000000000000004,0.8660254037844384,0.43388373911755823,-0.900968867902419,True,True,1,22.0434398119,-30.9761920363,0.5187943736829772,0.5030291861947448,H005_add_calendar,3,pooled_with_corridor_thresholds,logistic,2023,0.5990390112432962,26,"{""C"": 0.01, ""class_weight"": ""balanced""}"
2023-11-10,RUB_AMD,AMD,CBR,AMD_RC_F02_09_2016_T02_09_2026.dbf,100,22.8287,0.228287,4.3804509236,1.0,False,-0.003357257613858744,-0.013043440666828165,-0.015219032418092082,-0.013827930605474159,-0.09759067101492247,0.0,-0.007205238845317763,0.0,0.0,-0.009904554221329964,0.0,0.0,-0.02840988286416224,0.0,0.0,-0.061794983338001486,0.0,0.0027804235126538735,0.00778844225399225,0.010216408700535003,5,-0.5000000000000004,0.8660254037844384,-0.433883739117558,-0.9009688679024191,True,True,1,0.0,38.07702306,0.6182755351320646,0.5030291861947448,H005_add_calendar,3,pooled_with_corridor_thresholds,logistic,2023,0.5990390112432962,26,"{""C"": 0.01, ""class_weight"": ""balanced""}"
2023-11-17,RUB_AMD,AMD,CBR,AMD_RC_F02_09_2016_T02_09_2026.dbf,100,22.0865,0.220865,4.5276526385,1.0,False,-0.005206714680142777,-0.03378567553852352,-0.032511706755093295,-0.04723594245411211,-0.08891217272573515,0.0,-0.01965353531049363,0.0,0.0,-0.029669407073156906,0.0,0.0,-0.04234490542361924,0.0,0.0,-0.08665825915419734,0.0,0.008293590955257921,0.006116529209462704,0.007950050598722338,4,-0.5000000000000004,0.8660254037844384,-0.433883739117558,-0.9009688679024191,True,True,1,0.0,103.5759001841,0.6306725266486276,0.5030291861947448,H005_add_calendar,3,pooled_with_corridor_thresholds,logistic,2023,0.5990390112432962,26,"{""C"": 0.01, ""class_weight"": ""balanced""}"
2023-11-23,RUB_AMD,AMD,CBR,AMD_RC_F02_09_2016_T02_09_2026.dbf,100,21.9092,0.219092,4.5642926259,1.0,False,0.003729189382347231,-0.01075967942205669,-0.013192445759635296,-0.04350027940765577,-0.05740529610428724,0.003729189382347231,-0.0038900174405174237,0.254613700344075,0.003729189382347231,-0.019118705744565645,0.07845783132530212,0.003729189382347231,-0.03537498470016276,0.057384561156151495,0.003729189382347231,-0.0873043397118135,0.0224688086562882,0.0054710033227650156,0.006945185120858335,0.007354827757003873,0,-0.5000000000000004,0.8660254037844384,0.43388373911755823,-0.900968867902419,True,True,1,1.049787304,38.6983129406,0.5273046271995787,0.5030291861947448,H005_add_calendar,3,pooled_with_corridor_thresholds,logistic,2023,0.5990390112432962,26,"{""C"": 0.01, ""class_weight"": ""balanced""}"
2023-11-30,RUB_AMD,AMD,CBR,AMD_RC_F02_09_2016_T02_09_2026.dbf,100,22.083,0.22083,4.5283702396,1.0,False,0.0025696437002868944,0.0,0.007932740583864284,-0.005364357425648891,-0.032906491959499684,0.00803856319241869,0.002423101260938587,1.0,0.011691512658169811,0.0032168539341155267,0.798248357835469,0.011691512658169811,-0.015986268456662955,0.18852035162886902,0.011691512658169811,-0.07040363963867136,0.07044275146295677,0.003938873963299751,0.005016436252091035,0.007059796695175272,0,-0.5000000000000004,0.8660254037844384,0.43388373911755823,-0.900968867902419,True,True,1,37.7213240955,14.2182452192,0.5306808230862246,0.5030291861947448,H005_add_calendar,3,pooled_with_corridor_thresholds,logistic,2023,0.5990390112432962,26,"{""C"": 0.01, ""class_weight"": ""balanced""}"
2023-12-09,RUB_AMD,AMD,CBR,AMD_RC_F02_09_2016_T02_09_2026.dbf,100,22.726,0.22726,4.4002464138,1.0,False,-0.009527296182979983,-8.799718409024937e-05,0.020013375164384284,0.02911742064031153,-0.006092200845823181,0.010192606026661721,-0.0024808493529250297,0.44045332308874274,0.0330140865557258,0.012968095471997731,0.7137382075471697,0.04114935999047087,0.01908280305617227,0.755107187894073,0.04114935999047087,-0.03157089121813006,0.2588696429086085,0.00978031356495556,0.007926456766300764,0.008360666422238924,2,-2.4492935982947064e-16,1.0,-0.9749279121818236,-0.2225209339563146,True,True,0,78.9404206636,20.857575691,0.5761785668122242,0.5030291861947448,H005_add_calendar,3,pooled_with_corridor_thresholds,logistic,2023,0.5990390112432962,26,"{""C"": 0.01, ""class_weight"": ""balanced""}"
2023-12-15,RUB_AMD,AMD,CBR,AMD_RC_F02_09_2016_T02_09_2026.dbf,100,22.1647,0.221647,4.5116784797,1.0,False,-0.0035650062938319405,-0.01693825233072832,-0.03399056858694416,0.0075001022741219,0.0035406243632989387,0.0,-0.010810053322812818,0.0,0.0,-0.01709214093222511,0.0,0.015434445981729716,-0.005033034337935227,0.2832282471626746,0.015434445981729716,-0.04827001644277318,0.09709773179237428,0.002542344616229298,0.00937894899736047,0.007303319751993065,6,-2.4492935982947064e-16,1.0,-0.433883739117558,-0.9009688679024191,True,True,1,15.2494732615,35.2212858852,0.6421806044896948,0.5030291861947448,H005_add_calendar,3,pooled_with_corridor_thresholds,logistic,2023,0.5990390112432962,26,"{""C"": 0.01, ""class_weight"": ""balanced""}"
2023-12-21,RUB_AMD,AMD,CBR,AMD_RC_F02_09_2016_T02_09_2026.dbf,100,22.2926,0.222926,4.485793492,1.0,False,0.00420283522453424,0.007306526169292837,0.0021848588383384104,-0.03148501344640764,0.017499497927811136,0.007306526169292837,0.003626861828089689,1.0,0.007306526169292837,-0.004237638286059053,0.19872188767359056,0.01760632494784753,-0.001551020883468257,0.34735230547550505,0.021293946252027185,-0.03559496972976506,0.13395970833213283,0.004572280758892199,0.005205189088700931,0.007044157848038453,0,-2.4492935982947064e-16,1.0,0.43388373911755823,-0.900968867902419,True,True,1,0.0,50.2942545445,0.5533079108640746,0.5030291861947448,H005_add_calendar,3,pooled_with_corridor_thresholds,logistic,2023,0.5990390112432962,26,"{""C"": 0.01, ""class_weight"": ""balanced""}"
2023-12-29,RUB_AMD,AMD,CBR,AMD_RC_F02_09_2016_T02_09_2026.dbf,100,22.2891,0.222891,4.4864978846,1.0,False,-0.01520332962197124,-0.017664247087911256,-0.014144872152117127,0.0056125280288026325,0.01315472483715685,0.0,-0.012979249143130533,0.0,0.007148376252208433,-0.006792760211643101,0.2830053667262978,0.007148376252208433,-0.009189923379149922,0.1784747292418776,0.021133600271213693,-0.02834719354355897,0.13295097558866775,0.007162132882869327,0.007563517137650221,0.008293136089514836,1,-2.4492935982947064e-16,1.0,-0.433883739117558,-0.9009688679024191,True,True,0,59.4012319923,44.0992171767,0.6222517799940263,0.5030291861947448,H005_add_calendar,3,pooled_with_corridor_thresholds,logistic,2023,0.5990390112432962,26,"{""C"": 0.01, ""class_weight"": ""balanced""}"
2023-05-12,RUB_KGS,KGS,CBR,KGS_RC_F02_09_2016_T02_09_2026.dbf,100,86.9198,0.869198,1.1504858502,1.0,False,-0.010586250623222826,-0.03469744269752273,-0.048632378533979836,-0.06400872674957647,-0.07044904515476336,0.0,-0.019892882570223036,0.0,0.0,-0.04105257630004322,0.0,0.0,-0.05512620757855302,0.0,0.03605088723682992,-0.021642201505963854,0.29191479504676293,0.007936474225493206,0.0077165717451006975,0.006441984156516903,8,0.49999999999999994,-0.8660254037844387,-0.433883739117558,-0.9009688679024191,True,True,1,0.0,123.6510565108,0.6305190247011705,0.629053438041144,H005_add_calendar,3,pooled_with_corridor_thresholds,logistic,2023,0.5990390112432962,26,"{""C"": 0.01, ""class_weight"": ""balanced""}"
2023-05-27,RUB_KGS,KGS,CBR,KGS_RC_F02_09_2016_T02_09_2026.dbf,100,91.2966,0.912966,1.0953310419,1.0,False,-0.00021792337638870674,-0.003289376721518633,-8.104792780150305e-05,0.0323535597735749,-0.02019777073276474,0.0,-0.0009511561822087566,0.0,0.008236260750871471,-0.0010557690958910015,0.43057560187056537,0.050354464690438805,0.005692841045428665,0.6895530382997499,0.06567013654625975,0.015012177820301842,0.6552832650018643,0.0019293924992504297,0.00911706374130562,0.010495725244921707,3,0.49999999999999994,-0.8660254037844387,-0.9749279121818236,-0.2225209339563146,True,True,1,0.0,7.7536215229,0.6658476670019636,0.629053438041144,H005_add_calendar,3,pooled_with_corridor_thresholds,logistic,2023,0.5990390112432962,26,"{""C"": 0.01, ""class_weight"": ""balanced""}"
2023-06-03,RUB_KGS,KGS,CBR,KGS_RC_F02_09_2016_T02_09_2026.dbf,100,92.3343,0.923343,1.0830211525,1.0,False,-0.001148847096240302,0.0023350181069745624,0.011366250221804597,0.011284281082975633,0.018962434890085644,0.010244206656600863,0.001974556478978151,0.8736586731361418,0.011366250221804597,0.006171763926678953,0.884579319751089,0.06229305635769977,0.016935712181717744,0.9756031640209739,0.07348863489716129,0.02087025772263229,0.7668417668538986,0.0036629075379423664,0.0030108805138553936,0.009975944602796683,2,1.2246467991473532e-16,-1.0,-0.9749279121818236,-0.2225209339563146,True,True,1,0.0,10.2549661238,0.6774495702063601,0.629053438041144,H005_add_calendar,3,pooled_with_corridor_thresholds,logistic,2023,0.5990390112432962,26,"{""C"": 0.01, ""class_weight"": ""balanced""}"
2023-06-10,RUB_KGS,KGS,CBR,KGS_RC_F02_09_2016_T02_09_2026.dbf,100,94.3618,0.943618,1.0597508738,1.0,False,0.005883174377117939,0.015056673633663475,0.021958253866656285,0.03357408709634302,0.06701388810363262,0.015056673633663475,0.009600004450885935,1.0,0.03242740541368505,0.016737270877519306,1.0,0.042086872783012375,0.02454957893129328,1.0,0.08902455913581386,0.03660522001405253,1.0,0.002967365086140532,0.003329929333399514,0.006680375438066279,0,1.2246467991473532e-16,-1.0,-0.9749279121818236,-0.2225209339563146,True,True,1,0.0,-47.0889369138,0.6511130999201505,0.629053438041144,H005_add_calendar,3,pooled_with_corridor_thresholds,logistic,2023,0.5990390112432962,26,"{""C"": 0.01, ""class_weight"": ""balanced""}"
2023-06-24,RUB_KGS,KGS,CBR,KGS_RC_F02_09_2016_T02_09_2026.dbf,100,96.3125,0.963125,1.0382868267,1.0,False,0.005658312676332988,-0.0013448469653325468,0.008492013214452143,0.026677354948678067,0.054710813489347476,0.005658312676332988,0.0010990911657351443,0.7450845593290251,0.02067256029452591,0.004807216813636828,0.913206310565984,0.05494070973070175,0.022677342471321582,0.9643550650798834,0.10806168444934294,0.04353849361816731,0.9806433426253639,0.005550809627107437,0.006186793028076569,0.004847307270174944,0,1.2246467991473532e-16,-1.0,-0.9749279121818236,-0.2225209339563146,True,True,1,0.0,6.1636223837,0.6648411923914523,0.629053438041144,H005_add_calendar,3,pooled_with_corridor_thresholds,logistic,2023,0.5990390112432962,26,"{""C"": 0.01, ""class_weight"": ""balanced""}"
2023-09-23,RUB_KGS,KGS,CBR,KGS_RC_F02_09_2016_T02_09_2026.dbf,10,10.8265,1.08265,0.9236595391,1.0,False,-0.0003600975033241083,-0.0018899234811469157,-0.0061230859618846,-0.022887880073284572,0.008438975772874002,0.0,-0.002901086756308957,0.0,0.010471986037351666,-0.002340603949538944,0.5494613124387782,0.010471986037351666,-0.0074570217384927195,0.2832618025751024,0.05822614067326093,0.013457537878090564,0.4899251583189395,0.0038723239535453603,0.009318961449889012,0.007383602514427527,2,-1.0,-1.8369701987210297e-16,-0.9749279121818236,-0.2225209339563146,True,True,1,0.0,13.3093501479,0.6837251599728894,0.629053438041144,H005_add_calendar,3,pooled_with_corridor_thresholds,logistic,2023,0.5990390112432962,26,"{""C"": 0.01, ""class_weight"": ""balanced""}"
2023-09-30,RUB_KGS,KGS,CBR,KGS_RC_F02_09_2016_T02_09_2026.dbf,10,10.9813,1.09813,0.9106389954,1.0,False,0.004261662414149603,0.012231993068230196,0.014298249665173568,0.008087614291484524,0.006000476373696939,0.013203299440866623,0.0078119120645951945,1.0,0.014298249665173568,0.00958068748167018,1.0,0.02491996677337749,0.006199120458838525,0.6740722039888917,0.07080310476636242,0.023677746858055793,0.609399916072178,0.001887532795578612,0.0035834701720611536,0.007269866004593333,0,-1.0,-1.8369701987210297e-16,-0.9749279121818236,-0.2225209339563146,True,True,1,0.0,-21.1976820739,0.6378256385857191,0.629053438041144,H005_add_calendar,3,pooled_with_corridor_thresholds,logistic,2023,0.5990390112432962,26,"{""C"": 0.01, ""class_weight"": ""balanced""}"
2023-10-14,RUB_KGS,KGS,CBR,KGS_RC_F02_09_2016_T02_09_2026.dbf,10,10.9126,1.09126,0.9163719004,1.0,False,0.0032268444035852273,-0.029015811437265948,-0.034394273225204386,-0.006256089898281747,0.0017809275511326828,0.0032268444035852273,-0.019914965772556026,0.06730584851390044,0.0032268444035852273,-0.023147062351515424,0.06730584851390044,0.00795270863159847,-0.010117347075303651,0.15039301310043673,0.06410406427958493,0.00398446694241783,0.5517415023080139,0.016654621308600258,0.013196961435361114,0.009437468390224482,0,-0.8660254037844386,0.5000000000000001,-0.9749279121818236,-0.2225209339563146,True,True,1,3.4822132214,80.3176866429,0.6313905300732191,0.629053438041144,H005_add_calendar,3,pooled_with_corridor_thresholds,logistic,2023,0.5990390112432962,26,"{""C"": 0.01, ""class_weight"": ""balanced""}"
2023-10-20,RUB_KGS,KGS,CBR,KGS_RC_F02_09_2016_T02_09_2026.dbf,10,10.8942,1.08942,0.917919627,1.0,False,-0.0006696326193642577,-0.0013383690231739687,0.0015352792461502673,-0.030437336466065057,0.0058908258236076705,0.0,-0.0008181144479746383,0.0,0.0015352792461502673,-0.014777166835479694,0.03202301054650169,0.006253175079665718,-0.012411262329901418,0.11825327510917313,0.04943647047490618,-0.0015331723224897287,0.48156141503237315,0.0016937458829614025,0.011966894710911485,0.009246847953387946,1,-0.8660254037844386,0.5000000000000001,-0.433883739117558,-0.9009688679024191,True,True,0,144.0215894696,-58.6296361269,0.6427809597264248,0.629053438041144,H005_add_calendar,3,pooled_with_corridor_thresholds,logistic,2023,0.5990390112432962,26,"{""C"": 0.01, ""class_weight"": ""balanced""}"
2023-10-27,RUB_KGS,KGS,CBR,KGS_RC_F02_09_2016_T02_09_2026.dbf,10,10.4749,1.04749,0.9546630517,1.0,False,0.0044108199330705755,-0.0121001207182736,-0.038488369958326496,-0.03701218110779125,-0.042049621846049656,0.0044108199330705755,-0.00645549257514022,0.1491569390402056,0.0044108199330705755,-0.023140825735985193,0.0951002687616282,0.0044108199330705755,-0.04343573767333042,0.04741779198020767,0.0044108199330705755,-0.0402147007525796,0.0451955197484765,0.007930294164055452,0.0068890341566579605,0.010406837374730811,0,-0.8660254037844386,0.5000000000000001,-0.433883739117558,-0.9009688679024191,True,True,1,36.8499937947,-5.1714915728,0.6509962030836296,0.629053438041144,H005_add_calendar,3,pooled_with_corridor_thresholds,logistic,2023,0.5990390112432962,26,"{""C"": 0.01, ""class_weight"": ""balanced""}"
2023-11-04,RUB_KGS,KGS,CBR,KGS_RC_F02_09_2016_T02_09_2026.dbf,10,10.4159,1.04159,0.9600706612,1.0,False,-0.0014858983453802654,0.010987411067001851,-0.0019547157517511016,-0.02993303716949336,-0.07834496916283973,0.010987411067001851,0.0008994343941406413,0.8045486851456983,0.010987411067001851,-0.0027526054008510936,0.37670549084858673,0.010987411067001851,-0.0286325792635872,0.10325640791754088,0.010987411067001851,-0.04040219473868312,0.09895104895104888,0.009496114028751324,0.008383826519243853,0.01013920905576706,2,-0.5000000000000004,0.8660254037844384,-0.9749279121818236,-0.2225209339563146,True,True,1,0.0,-9.6374162389,0.6451265079062846,0.629053438041144,H005_add_calendar,3,pooled_with_corridor_thresholds,logistic,2023,0.5990390112432962,26,"{""C"": 0.01, ""class_weight"": ""balanced""}"
2023-11-11,RUB_KGS,KGS,CBR,KGS_RC_F02_09_2016_T02_09_2026.dbf,10,10.306,1.0306,0.9703085581,1.0,False,0.0013797392098564565,-0.0039143671773064215,-0.012021396936173434,-0.016124258942806224,-0.052539646058377465,0.0013797392098564565,-0.002946850275626134,0.11442385173247165,0.0013797392098564565,-0.006510795736074826,0.09366754617414057,0.0013797392098564565,-0.02296959981191271,0.022873711340205844,0.0013797392098564565,-0.046437665311278575,0.01282514450867032,0.0028974947092322485,0.006746764271556868,0.006726524956320676,0,-0.5000000000000004,0.8660254037844384,-0.9749279121818236,-0.2225209339563146,True,True,1,0.0,6.8844479352,0.7025594525637832,0.629053438041144,H005_add_calendar,3,pooled_with_corridor_thresholds,logistic,2023,0.5990390112432962,26,"{""C"": 0.01, ""class_weight"": ""balanced""}"
2023-11-18,RUB_KGS,KGS,CBR,KGS_RC_F02_09_2016_T02_09_2026.dbf,100,99.9976,0.999976,1.0000240006,1.0,False,0.0036423053414120776,-0.021253021953821616,-0.029714729283912278,-0.04137891366451285,-0.08210240311358341,0.0036423053414120776,-0.010119396324643537,0.1037361003916183,0.0036423053414120776,-0.0214755074823203,0.08021130340605157,0.0036423053414120776,-0.03365348678511171,0.046896605197523866,0.0036423053414120776,-0.070724129117122,0.025279861793205263,0.00915193473587947,0.006670409346620852,0.007759735256200472,0,-0.5000000000000004,0.8660254037844384,-0.9749279121818236,-0.2225209339563146,True,True,0,69.6016704401,18.2513524525,0.6694073239212981,0.629053438041144,H005_add_calendar,3,pooled_with_corridor_thresholds,logistic,2023,0.5990390112432962,26,"{""C"": 0.01, ""class_weight"": ""balanced""}"
2023-11-24,RUB_KGS,KGS,CBR,KGS_RC_F02_09_2016_T02_09_2026.dbf,100,99.2152,0.992152,1.0079100783,1.0,False,0.0007807314667060972,-0.0008700766150796513,-0.004210380520039636,-0.035978157368001695,-0.048651343861768837,0.005022315775825126,-0.0005955215810089509,0.387889219214523,0.005022315775825126,-0.012325425150166769,0.11233460213884382,0.005022315775825126,-0.02900420209414256,0.08222767679448084,0.005022315775825126,-0.07277915838410587,0.03246761751339189,0.00527240125134799,0.0073424719539407724,0.0070652212151010975,0,-0.5000000000000004,0.8660254037844384,-0.433883739117558,-0.9009688679024191,True,True,1,0.0,35.8333668099,0.6518899314704659,0.629053438041144,H005_add_calendar,3,pooled_with_corridor_thresholds,logistic,2023,0.5990390112432962,26,"{""C"": 0.01, ""class_weight"": ""balanced""}"
2023-12-01,RUB_KGS,KGS,CBR,KGS_RC_F02_09_2016_T02_09_2026.dbf,100,99.3468,0.993468,1.0065749476,1.0,False,-0.004820290900348523,-0.004902029524360807,0.0013264096630354327,-0.0028895555464110156,-0.048712105253078564,0.0,-0.004288662356288775,0.0,0.006355387087036535,-0.001785590303333251,0.42090433382530607,0.006355387087036535,-0.01709031751825063,0.11214385300110837,0.006355387087036535,-0.0642227897803368,0.0410854845258209,0.005995426028872581,0.005354788056350154,0.0060733781352850175,1,-2.4492935982947064e-16,1.0,-0.433883739117558,-0.9009688679024191,True,True,1,0.0,73.8493994089,0.6313210789542275,0.629053438041144,H005_add_calendar,3,pooled_with_corridor_thresholds,logistic,2023,0.5990390112432962,26,"{""C"": 0.01, ""class_weight"": ""balanced""}"
2023-12-15,RUB_KGS,KGS,CBR,KGS_RC_F02_09_2016_T02_09_2026.dbf,10,10.0668,1.00668,0.9933643263,1.0,False,-0.001071683734222395,-0.011741145056153313,-0.0286105777117327,0.013298868207128889,0.010370884842329176,0.0,-0.007040711449195158,0.0,0.00021858792202378297,-0.012226963688047099,0.006809037449709334,0.0197387747494413,-0.0005093859613111151,0.37781138514037577,0.0197387747494413,-0.04103122199042508,0.127604678270664,0.0039171905742873495,0.009022644998090277,0.0072696298666877854,6,-2.4492935982947064e-16,1.0,-0.433883739117558,-0.9009688679024191,True,True,1,0.0,26.4667834791,0.6397406946081101,0.629053438041144,H005_add_calendar,3,pooled_with_corridor_thresholds,logistic,2023,0.5990390112432962,26,"{""C"": 0.01, ""class_weight"": ""balanced""}"
2023-12-30,RUB_KGS,KGS,CBR,KGS_RC_F02_09_2016_T02_09_2026.dbf,10,10.0677,1.00677,0.9932755247,1.0,False,-0.007071424344635924,-0.022875943863190917,-0.02295180605966496,-0.0006749714626036463,0.00030801025376070434,0.0,-0.015397344192842555,0.0,0.0,-0.014846243720289642,0.0,8.940278936697688e-05,-0.013542153516932887,0.002804612028666987,0.019829942240329634,-0.027656909121393403,0.1281940460754649,0.0069055648473924135,0.008158154510810737,0.007879583125828073,4,-2.4492935982947064e-16,1.0,-0.9749279121818236,-0.2225209339563146,True,True,1,0.0,76.0833748743,0.6841646506939911,0.629053438041144,H005_add_calendar,3,pooled_with_corridor_thresholds,logistic,2023,0.5990390112432962,26,"{""C"": 0.01, ""class_weight"": ""balanced""}"
2023-01-14,RUB_KZT,KZT,CBR,KZT_RC_F02_09_2016_T02_09_2026.dbf,100,14.6082,0.146082,6.8454703523,1.0,False,-0.0038120307417435217,-0.029419972094877567,-0.042606319183657426,-0.00667736495675364,0.10571013351902847,0.0,-0.018812112614754795,0.0,0.0,-0.031117495955859775,0.0,0.09884009568082308,-0.0011630602227250542,0.5684866314787569,0.13876567847148036,0.07257554108962427,0.6409000900090004,0.005877932834809844,0.015347928234117514,0.019148106296709277,6,0.49999999999999994,0.8660254037844387,-0.9749279121818236,-0.2225209339563146,True,True,1,0.0,96.7302689814,0.5795283309831664,0.4928472273372444,H005_add_calendar,3,pooled_with_corridor_thresholds,logistic,2023,0.5990390112432962,26,"{""C"": 0.01, ""class_weight"": ""balanced""}"
2023-01-21,RUB_KZT,KZT,CBR,KZT_RC_F02_09_2016_T02_09_2026.dbf,100,14.838,0.14838,6.7394527564,1.0,False,0.0007553888903877315,-0.00015498338982367077,0.015730890869511738,-0.027545663671575404,0.07610634872285793,0.004474712122340518,0.0009795270746142393,0.9649635036496415,0.015730890869511738,-0.001203563841388089,0.40650981779586315,0.04788875627652733,-0.007038994698920997,0.4690461368195345,0.15667947708546093,0.07776680442408801,0.723636363636364,0.004980973996456006,0.008063035449440268,0.019016051003189493,0,0.49999999999999994,0.8660254037844387,-0.9749279121818236,-0.2225209339563146,True,True,1,0.6065507481,-0.7125071973,0.5770201318591414,0.4928472273372444,H005_add_calendar,3,pooled_with_corridor_thresholds,logistic,2023,0.5990390112432962,26,"{""C"": 0.01, ""class_weight"": ""balanced""}"
2023-03-25,RUB_KZT,KZT,CBR,KZT_RC_F02_09_2016_T02_09_2026.dbf,100,16.5343,0.165343,6.0480334819,1.0,False,0.0018480592348428804,-0.005066642597105653,0.006139934523592183,-0.03956341415244502,-0.011206994504147416,0.0018480592348428804,-0.004722875669064042,0.11766975308641915,0.006139934523592183,-0.0030762143871810865,0.20727198027937255,0.006139934523592183,-0.018366845932877407,0.09391288160833784,0.13185060445503205,0.04169377064693269,0.6642640364188159,0.011676478250465394,0.01272812896080023,0.01136545342478041,0,1.0,6.123233995736766e-17,-0.9749279121818236,-0.2225209339563146,True,True,1,0.0,32.1066823755,0.5670047293288627,0.4928472273372444,H005_add_calendar,3,pooled_with_corridor_thresholds,logistic,2023,0.5990390112432962,26,"{""C"": 0.01, ""class_weight"": ""balanced""}"
2023-04-22,RUB_KZT,KZT,CBR,KZT_RC_F02_09_2016_T02_09_2026.dbf,100,17.8843,0.178843,5.5914964522,1.0,False,-0.0028491140426196715,-0.017254358923635693,-0.012882429889003566,-0.029135226100646006,0.08164845200583049,0.0,-0.00921079456814633,0.0,0.0,-0.014956611780775897,0.0,0.07143584612896059,0.006467588195983254,0.6606094182825486,0.1979008285498034,0.0644846407037718,0.828268670105405,0.005095350262437187,0.007121050209125588,0.01055492561135621,3,0.8660254037844387,-0.49999999999999983,-0.9749279121818236,-0.2225209339563146,True,True,0,70.6765151558,36.5858123133,0.5389781533780034,0.4928472273372444,H005_add_calendar,3,pooled_with_corridor_thresholds,logistic,2023,0.5990390112432962,26,"{""C"": 0.01, ""class_weight"": ""balanced""}"
2023-04-29,RUB_KZT,KZT,CBR,KZT_RC_F02_09_2016_T02_09_2026.dbf,100,17.6474,0.176474,5.6665571132,1.0,False,-0.017820966628820822,-0.01247873578655212,-0.013246255095251236,-0.02595804103169841,0.022581224612781448,0.0,-0.010594089825502584,0.0,0.0,-0.016499604869963824,0.0,0.022628629707537318,-0.018951479864278475,0.31491935483870914,0.16119650471127023,0.03620408066202363,0.7425211408480585,0.00987924365054442,0.007410601851368472,0.010765567578575672,1,0.8660254037844387,-0.49999999999999983,-0.9749279121818236,-0.2225209339563146,True,True,1,0.0,67.0841973818,0.5376188999078321,0.4928472273372444,H005_add_calendar,3,pooled_with_corridor_thresholds,logistic,2023,0.5990390112432962,26,"{""C"": 0.01, ""class_weight"": ""balanced""}"
2023-05-05,RUB_KZT,KZT,CBR,KZT_RC_F02_09_2016_T02_09_2026.dbf,100,17.7651,0.177651,5.6290141907,1.0,False,0.006110821647826281,0.006669537722270746,-0.009666360063550372,-0.01879007804344579,0.004256690296102761,0.0073088307004911535,0.0017141536084626097,0.38895594447797466,0.0073088307004911535,-0.0022969785465574155,0.38895594447797466,0.0073088307004911535,-0.013804987071009078,0.14976182177297687,0.1542149887925155,0.03568562556313082,0.7643459779738523,0.009235934234634612,0.007639425923346907,0.009846268535805149,0,0.49999999999999994,-0.8660254037844387,-0.433883739117558,-0.9009688679024191,True,True,0,288.9372984109,-154.693768562,0.49578838313658086,0.4928472273372444,H005_add_calendar,3,pooled_with_corridor_thresholds,logistic,2023,0.5990390112432962,26,"{""C"": 0.01, ""class_weight"": ""balanced""}"
2023-05-12,RUB_KZT,KZT,CBR,KZT_RC_F02_09_2016_T02_09_2026.dbf,100,17.085,0.17085,5.8530875037,1.0,False,-0.008041338868406522,-0.03828292551125523,-0.031253898232045385,-0.03789299410403246,-0.06990037563285967,0.0,-0.01790702968179836,0.0,0.0,-0.029496820941737445,0.0,0.0,-0.042830599504019906,0.0,0.06794599324915618,-0.008795429726003667,0.43499139621433425,0.013650549713630191,0.011412143989509814,0.00930423107981045,3,0.49999999999999994,-0.8660254037844387,-0.433883739117558,-0.9009688679024191,True,True,1,0.0,112.1278664453,0.5926863318857613,0.4928472273372444,H005_add_calendar,3,pooled_with_corridor_thresholds,logistic,2023,0.5990390112432962,26,"{""C"": 0.01, ""class_weight"": ""balanced""}"
2023-05-20,RUB_KZT,KZT,CBR,KZT_RC_F02_09_2016_T02_09_2026.dbf,100,17.7896,0.177896,5.6212618609,1.0,False,-0.00048319492982440426,0.0019826071283737257,0.023584987082630793,0.007498357610493223,-0.022458141694553957,0.0030277572606973724,-0.0012631862610249511,0.21784989858012363,0.04124085455077542,0.012120688007209557,0.7851571205705359,0.04124085455077542,0.004591634765412245,0.6905812016073708,0.08252704857181103,0.02364064629485818,0.6572328567967046,0.012034485985622683,0.014610375025294588,0.011365182342322097,2,0.49999999999999994,-0.8660254037844387,-0.9749279121818236,-0.2225209339563146,True,True,1,0.0,16.6353067751,0.6215426774908112,0.4928472273372444,H005_add_calendar,3,pooled_with_corridor_thresholds,logistic,2023,0.5990390112432962,26,"{""C"": 0.01, ""class_weight"": ""balanced""}"
2023-05-26,RUB_KZT,KZT,CBR,KZT_RC_F02_09_2016_T02_09_2026.dbf,100,17.9966,0.179966,5.5566051365,1.0,False,-0.005861004159600558,0.009292856782327164,0.01114719466013403,0.05335674568334792,0.01344190472972584,0.01163601205198539,0.0028206874185749964,0.6611306291919489,0.03549543432855562,0.008888303373967288,0.853250345781465,0.05335674568334792,0.01554300057106861,0.8957453080475575,0.09512334635559272,0.030656464167087893,0.7575478555851703,0.005967897265048392,0.009886702967380496,0.011382150495933758,1,0.49999999999999994,-0.8660254037844387,-0.433883739117558,-0.9009688679024191,True,True,0,51.6208617183,-25.8492941583,0.5186513703203396,0.4928472273372444,H005_add_calendar,3,pooled_with_corridor_thresholds,logistic,2023,0.5990390112432962,26,"{""C"": 0.01, ""class_weight"": ""balanced""}"
2023-06-02,RUB_KZT,KZT,CBR,KZT_RC_F02_09_2016_T02_09_2026.dbf,100,18.0675,0.180675,5.5348000553,1.0,False,-0.002693706772354143,0.005839911816774901,0.003939633041796897,0.015130743558337434,0.02445538154477722,0.009148946865731755,0.001474427550732127,0.6533705624252072,0.015621486711336896,0.004115944477542932,0.7617872807017528,0.05750658472344172,0.016262449109536448,0.9187394800822883,0.09943773047573834,0.029399196649859016,0.7919069542040226,0.0063230466725276244,0.00584529650980942,0.010828907429242519,2,1.2246467991473532e-16,-1.0,-0.433883739117558,-0.9009688679024191,True,True,1,24.297772243,-7.9843888975,0.58042824398213,0.4928472273372444,H005_add_calendar,3,pooled_with_corridor_thresholds,logistic,2023,0.5990390112432962,26,"{""C"": 0.01, ""class_weight"": ""balanced""}"
2023-06-09,RUB_KZT,KZT,CBR,KZT_RC_F02_09_2016_T02_09_2026.dbf,100,18.3797,0.183797,5.4407852141,1.0,False,0.010184452358967588,0.01221506892316837,0.017279645772796393,0.0212873542780303,0.07577992390986243,0.01975742914844969,0.011395164813879255,1.0,0.026586683199562033,0.015073928190355357,1.0,0.057538392492390456,0.02266224247673021,1.0,0.1184356250076064,0.04275162325075277,0.9432032953719406,0.005841963047203384,0.005905788714802081,0.008087188417533262,0,1.2246467991473532e-16,-1.0,-0.433883739117558,-0.9009688679024191,True,True,1,0.0,-6.7044302906,0.5497421441627373,0.4928472273372444,H005_add_calendar,3,pooled_with_corridor_thresholds,logistic,2023,0.5990390112432962,26,"{""C"": 0.01, ""class_weight"": ""balanced""}"
2023-06-17,RUB_KZT,KZT,CBR,KZT_RC_F02_09_2016_T02_09_2026.dbf,100,18.514,0.18514,5.4013179216,1.0,False,-0.007366739226009944,-0.009845920173707556,0.007306974542566014,0.024712882247128753,0.04021755008933492,0.0,-0.007158071760902773,0.0,0.027208770722830122,0.0056463724976303364,0.6344934661663865,0.04072042092008821,0.01715522330413921,0.7194358923428349,0.12180225160266134,0.03994254121798835,0.8767828324682692,0.008491577381728855,0.006948580153513806,0.006268313459860641,2,1.2246467991473532e-16,-1.0,-0.9749279121818236,-0.2225209339563146,True,True,1,0.0,54.6923621775,0.6117667342631776,0.4928472273372444,H005_add_calendar,3,pooled_with_corridor_thresholds,logistic,2023,0.5990390112432962,26,"{""C"": 0.01, ""class_weight"": ""balanced""}"
2023-06-23,RUB_KZT,KZT,CBR,KZT_RC_F02_09_2016_T02_09_2026.dbf,100,18.6875,0.186875,5.3511705686,1.0,False,-0.005587335373154145,0.003479624329447484,0.0019355115433694614,0.027101745592050364,0.032304573350936616,0.009371286593929051,-0.0001829765469009148,0.5356591540599008,0.016746736889067915,0.0017008142789067815,0.6717590571802757,0.04377866027692612,0.017720730351795,0.8390066366945002,0.11955499373947842,0.0412659862769269,0.9299161230195723,0.008038220460101397,0.007710654685898477,0.006672445728853397,2,1.2246467991473532e-16,-1.0,-0.433883739117558,-0.9009688679024191,True,True,1,0.0,36.4761134393,0.5338272531051576,0.4928472273372444,H005_add_calendar,3,pooled_with_corridor_thresholds,logistic,2023,0.5990390112432962,26,"{""C"": 0.01, ""class_weight"": ""balanced""}"
2023-07-15,RUB_KZT,KZT,CBR,KZT_RC_F02_09_2016_T02_09_2026.dbf,100,20.3245,0.203245,4.9201702379,1.0,False,-0.007054604790682428,-0.0009143149274201123,-0.016139104168381158,0.04429566754357128,0.09779086097007683,0.0,-0.006577037263686636,0.0,0.022374583117451552,-0.0031664039440757463,0.4553644553644562,0.09138309697304914,0.03366815003178658,0.7618408093831144,0.18961076968100676,0.09678435960518028,0.8589420654911841,0.008471881819015953,0.014350185525468684,0.01092028110612864,2,-0.4999999999999998,-0.8660254037844388,-0.9749279121818236,-0.2225209339563146,True,True,1,35.6220325223,21.8049352515,0.5247574229761146,0.4928472273372444,H005_add_calendar,3,pooled_with_corridor_thresholds,logistic,2023,0.5990390112432962,26,"{""C"": 0.01, ""class_weight"": ""balanced""}"
2023-07-22,RUB_KZT,KZT,CBR,KZT_RC_F02_09_2016_T02_09_2026.dbf,100,20.3574,0.203574,4.9122186527,1.0,False,-0.008102827462884377,0.001904649411625714,0.0016187360082657865,-0.014546493109173775,0.08378585574650232,0.0051994607966581174,-0.001956141253989574,0.3727433628318586,0.0051994607966581174,-0.0034648216336453652,0.2909643547941429,0.07724790449580898,0.0140361827022486,0.745214150798918,0.19153643546971022,0.08672807962741169,0.8676653851252818,0.007102040445196715,0.007605546631612878,0.011121467490923255,2,-0.4999999999999998,-0.8660254037844388,-0.9749279121818236,-0.2225209339563146,True,True,1,6.9262283003,20.358212091,0.5468021999172097,0.4928472273372444,H005_add_calendar,3,pooled_with_corridor_thresholds,logistic,2023,0.5990390112432962,26,"{""C"": 0.01, ""class_weight"": ""balanced""}"
2023-07-28,RUB_KZT,KZT,CBR,KZT_RC_F02_09_2016_T02_09_2026.dbf,100,20.2621,0.202621,4.9353225974,1.0,False,0.0014629927097491446,-0.0039914861404000135,-0.012746239713112173,-0.010103132068650544,0.048464464050089084,0.0014629927097491446,-0.001181106631844786,0.23698959167333122,0.0014629927097491446,-0.0037510343739106666,0.09798080105924896,0.04108948536665569,-0.002879833390910247,0.5736317337350261,0.185958443078724,0.0724341104910784,0.842396924300676,0.003999009683537411,0.005508217586144049,0.010799784919504698,0,-0.4999999999999998,-0.8660254037844388,-0.433883739117558,-0.9009688679024191,True,True,1,0.0,42.8515968608,0.4986672227243893,0.4928472273372444,H005_add_calendar,3,pooled_with_corridor_thresholds,logistic,2023,0.5990390112432962,26,"{""C"": 0.01, ""class_weight"": ""balanced""}"
2023-08-19,RUB_KZT,KZT,CBR,KZT_RC_F02_09_2016_T02_09_2026.dbf,100,20.1655,0.201655,4.9589645682,1.0,False,-0.02276681221014476,-0.07154005884167536,-0.08618595756636493,-0.0534673263051173,-0.009426547594486578,0.0,-0.055161459602301455,0.0,0.0,-0.06481963268936652,0.0,0.0,-0.04336261208426273,0.0,0.12633142869909575,0.01578094398878105,0.4751081796412216,0.02851507522071267,0.024213603980655984,0.017954795770541473,4,-0.8660254037844384,-0.5000000000000004,-0.9749279121818236,-0.2225209339563146,True,True,1,0.0,249.5050790699,0.5490521056643808,0.4928472273372444,H005_add_calendar,3,pooled_with_corridor_thresholds,logistic,2023,0.5990390112432962,26,"{""C"": 0.01, ""class_weight"": ""balanced""}"
2023-08-26,RUB_KZT,KZT,CBR,KZT_RC_F02_09_2016_T02_09_2026.dbf,100,20.4986,0.204986,4.8783819383,1.0,False,-0.005197590957841669,-0.014821934925746127,0.016518310976668005,-0.07109129303859996,0.0020139411655439865,0.005331070775236757,-0.006305783986178426,0.24032721644926042,0.016518310976668005,-0.02321290552537114,0.13330398591323833,0.016518310976668005,-0.03126716073840452,0.13330398591323833,0.13731995827692578,0.021464087230021356,0.5333247139440169,0.01269779679583089,0.02354112588409412,0.018782308542460897,2,-0.8660254037844384,-0.5000000000000004,-0.9749279121818236,-0.2225209339563146,True,True,1,0.0,69.7311654572,0.5861821936841816,0.4928472273372444,H005_add_calendar,3,pooled_with_corridor_thresholds,logistic,2023,0.5990390112432962,26,"{""C"": 0.01, ""class_weight"": ""balanced""}"
2023-09-02,RUB_KZT,KZT,CBR,KZT_RC_F02_09_2016_T02_09_2026.dbf,100,20.9578,0.209578,4.7714931911,1.0,False,0.0038750963984115483,0.016170245778038383,0.022401529860575753,0.039289876273833846,-0.016278174666504053,0.016170245778038383,0.0076349824510795194,1.0,0.027852024776972906,0.0117776327325112,1.0,0.039289876273833846,-0.008549790359121623,0.31707219465343295,0.1319974073673975,0.03307942894680882,0.5888249042237905,0.006693839171626767,0.009587372753236236,0.018523689816582294,0,-1.0,-1.8369701987210297e-16,-0.9749279121818236,-0.2225209339563146,True,True,1,0.0,-25.3256249402,0.49975397957472023,0.4928472273372444,H005_add_calendar,3,pooled_with_corridor_thresholds,logistic,2023,0.5990390112432962,26,"{""C"": 0.01, ""class_weight"": ""balanced""}"
2023-09-09,RUB_KZT,KZT,CBR,KZT_RC_F02_09_2016_T02_09_2026.dbf,100,21.0825,0.210825,4.743270485,1.0,False,-0.00936015449893568,-0.006765255982022045,0.005950052009275897,0.02848487213760942,-0.04463144729329238,0.0,-0.005848201402210207,0.0,0.022216511590696486,0.00379664386966283,0.6969881350775792,0.04547370509037729,0.0042035319194542176,0.36697614855130495,0.13208610996257253,0.02841563747867082,0.6086203483768805,0.006983602382451376,0.0066729088752687715,0.01759372941505401,1,-1.0,-1.8369701987210297e-16,-0.9749279121818236,-0.2225209339563146,True,True,0,182.8056444919,9.9306680964,0.49970690035607546,0.4928472273372444,H005_add_calendar,3,pooled_with_corridor_thresholds,logistic,2023,0.5990390112432962,26,"{""C"": 0.01, ""class_weight"": ""balanced""}"
2023-09-16,RUB_KZT,KZT,CBR,KZT_RC_F02_09_2016_T02_09_2026.dbf,100,20.7289,0.207289,4.8241826629,1.0,False,0.00017852662459239,0.013162525171557693,-0.01677220443495797,-0.010921947914380281,0.027938806377228342,0.013162525171557693,0.001849145314016365,0.7035005224660403,0.013162525171557693,-0.010486629642677436,0.3275757207152413,0.01662587849866859,-0.0049113805679072975,0.3801300740076251,0.09690648547963754,0.003231515821456865,0.48618153821647575,0.014081794270935907,0.01074451936246158,0.010230703061552188,0,-1.0,-1.8369701987210297e-16,-0.9749279121818236,-0.2225209339563146,True,True,1,22.3842075556,-14.2101529093,0.6024526535384085,0.4928472273372444,H005_add_calendar,3,pooled_with_corridor_thresholds,logistic,2023,0.5990390112432962,26,"{""C"": 0.01, ""class_weight"": ""balanced""}"
2023-09-21,RUB_KZT,KZT,CBR,KZT_RC_F02_09_2016_T02_09_2026.dbf,100,20.4936,0.204936,4.8795721591,1.0,False,-0.00046821959498999366,-0.01135130180569155,-0.016735116877135026,-0.03658364595379793,-0.01672568154993226,0.0,-0.006451838104823415,0.0,0.0016618115701187985,-0.01234091915678659,0.041357499087703045,0.0016618115701187985,-0.015356585862254857,0.041357499087703045,0.060443455538019775,-0.012007297680673878,0.34985623577333164,0.003723255030350311,0.009891921676294838,0.009037299849426169,3,-1.0,-1.8369701987210297e-16,0.43388373911755823,-0.900968867902419,True,True,0,153.7065230121,-27.0640534571,0.49833289339561676,0.4928472273372444,H005_add_calendar,3,pooled_with_corridor_thresholds,logistic,2023,0.5990390112432962,26,"{""C"": 0.01, ""class_weight"": ""balanced""}"
2023-09-28,RUB_KZT,KZT,CBR,KZT_RC_F02_09_2016_T02_09_2026.dbf,100,20.2353,0.202353,4.9418590285,1.0,False,-0.003393386589966574,0.002809907525794797,-0.012603934886989077,-0.02912812344067861,-0.0266295956014988,0.002809907525794797,-0.0007377690338485898,0.45143312101911526,0.002809907525794797,-0.009940083548369172,0.10303470834090699,0.002809907525794797,-0.02304158589840455,0.05140059831384383,0.0034613572686024163,-0.026323754220524576,0.027933408035857366,0.005562933421908395,0.004484685538526446,0.008221147726521329,1,-1.0,-1.8369701987210297e-16,0.43388373911755823,-0.900968867902419,True,True,0,70.4214911565,13.416771599,0.5896083348795604,0.4928472273372444,H005_add_calendar,3,pooled_with_corridor_thresholds,logistic,2023,0.5990390112432962,26,"{""C"": 0.01, ""class_weight"": ""balanced""}"
2023-10-07,RUB_KZT,KZT,CBR,KZT_RC_F02_09_2016_T02_09_2026.dbf,100,21.0479,0.210479,4.7510678025,1.0,False,0.006378349948600315,0.014253979115366633,0.03186096676144712,0.04308029298365601,-0.0016411715878098532,0.014253979115366633,0.008917709159202314,1.0,0.04753444019748376,0.023879445503018237,1.0,0.04753444019748376,0.02377087813284473,1.0,0.04753444019748376,0.01197292225557689,0.37141746062609365,0.006698137015520127,0.007523848404117186,0.009576189368945083,0,-0.8660254037844386,0.5000000000000001,-0.9749279121818236,-0.2225209339563146,True,True,1,0.0,-34.0380902438,0.6114861129179795,0.4928472273372444,H005_add_calendar,3,pooled_with_corridor_thresholds,logistic,2023,0.5990390112432962,26,"{""C"": 0.01, ""class_weight"": ""balanced""}"
2023-10-13,RUB_KZT,KZT,CBR,KZT_RC_F02_09_2016_T02_09_2026.dbf,100,20.3437,0.203437,4.9155266741,1.0,False,-0.028991317878297562,-0.0397528544928466,-0.027292070094910192,0.012487060041407982,-0.018407542508636743,0.0,-0.0264159864622735,0.0,0.0,-0.022585037412714004,0.0,0.012487060041407982,-0.012178008691640874,0.22953069252584504,0.012487060041407982,-0.023294557081747103,0.09756951195800154,0.015008856807154495,0.0133311365483224,0.009965753448237231,1,-0.8660254037844386,0.5000000000000001,-0.433883739117558,-0.9009688679024191,True,True,1,0.0,164.462165483,0.6221744631850447,0.4928472273372444,H005_add_calendar,3,pooled_with_corridor_thresholds,logistic,2023,0.5990390112432962,26,"{""C"": 0.01, ""class_weight"": ""balanced""}"
2023-10-19,RUB_KZT,KZT,CBR,KZT_RC_F02_09_2016_T02_09_2026.dbf,100,20.4084,0.204084,4.8999431607,1.0,False,-0.0007295588861742086,-0.0021415789010473807,-0.025903174534988693,-0.02067727802757291,-0.004157395479564396,0.003180345758146075,0.00017740941093191687,0.5963133640552805,0.003180345758146075,-0.01443499904140133,0.076822607456659,0.015707118967988487,-0.0072818013337809795,0.28872015369133597,0.015707118967988487,-0.020589547976958222,0.12272992416877271,0.013652833516277354,0.010843490278806227,0.009893635411690254,1,-0.8660254037844386,0.5000000000000001,0.43388373911755823,-0.900968867902419,True,True,0,197.5167088062,-57.0509769909,0.5616927139125074,0.4928472273372444,H005_add_calendar,3,pooled_with_corridor_thresholds,logistic,2023,0.5990390112432962,26,"{""C"": 0.01, ""class_weight"": ""balanced""}"
2023-10-26,RUB_KZT,KZT,CBR,KZT_RC_F02_09_2016_T02_09_2026.dbf,100,19.5752,0.195752,5.1085046385,1.0,False,0.0021142731354208966,-0.0214993026847885,-0.04082632641461348,-0.06567196949086207,-0.03262121144732222,0.0021142731354208966,-0.013760358559313901,0.05013961393711266,0.0021142731354208966,-0.027394163430891072,0.04497440923445463,0.0021142731354208966,-0.04313404980638014,0.02499999999999983,0.0021142731354208966,-0.05796484789034806,0.013193202146690414,0.007882978846865929,0.010637787052935286,0.010869144292980241,0,-0.8660254037844386,0.5000000000000001,0.43388373911755823,-0.900968867902419,True,True,1,1.6347214843,48.1663103096,0.5609697597388801,0.4928472273372444,H005_add_calendar,3,pooled_with_corridor_thresholds,logistic,2023,0.5990390112432962,26,"{""C"": 0.01, ""class_weight"": ""balanced""}"
2023-11-03,RUB_KZT,KZT,CBR,KZT_RC_F02_09_2016_T02_09_2026.dbf,100,19.8202,0.198202,5.0453577663,1.0,False,-0.0020442278256667112,-0.0003127143606505012,0.008066484924929673,-0.026398003693952177,-0.05232255133997943,0.016331909525836075,0.005273830379250999,0.8869395711500929,0.016331909525836075,0.005454867351809556,0.6324463860206484,0.016331909525836075,-0.017933921295283595,0.18911055694098053,0.016331909525836075,-0.03764508009508871,0.1007082779991144,0.014026333030269955,0.01219159284430281,0.01114641545380847,1,-0.5000000000000004,0.8660254037844384,-0.433883739117558,-0.9009688679024191,True,True,1,0.0,-7.9996826095,0.5738757602890983,0.4928472273372444,H005_add_calendar,3,pooled_with_corridor_thresholds,logistic,2023,0.5990390112432962,26,"{""C"": 0.01, ""class_weight"": ""balanced""}"
2023-11-10,RUB_KZT,KZT,CBR,KZT_RC_F02_09_2016_T02_09_2026.dbf,100,19.6934,0.196934,5.0778433384,1.0,False,-0.00784418437107981,-0.009077277621793556,-0.008428663497945799,0.006038252482733153,-0.060030260940952984,0.0,-0.007588195513198448,0.0,0.009829912264059049,-0.0035842511525866483,0.39796553871704293,0.009829912264059049,-0.012634244646446025,0.2016833245660178,0.009829912264059049,-0.03711550247756945,0.10769662921348319,0.00579923596466762,0.010332551350467208,0.010884024840757645,2,-0.5000000000000004,0.8660254037844384,-0.433883739117558,-0.9009688679024191,True,True,1,13.1516142464,39.623647601,0.6149427765112779,0.4928472273372444,H005_add_calendar,3,pooled_with_corridor_thresholds,logistic,2023,0.5990390112432962,26,"{""C"": 0.01, ""class_weight"": ""balanced""}"
2023-11-16,RUB_KZT,KZT,CBR,KZT_RC_F02_09_2016_T02_09_2026.dbf,100,19.294,0.19294,5.1829584327,1.0,False,-0.014994103442466433,-0.01899072073217234,-0.027966003496380232,-0.010650353558920522,-0.05529468792996228,0.0,-0.014910620013029674,0.0,0.0,-0.0221850570780594,0.0,0.0,-0.024395670408151937,0.0,0.0,-0.053743640414082305,0.0,0.006240274084549552,0.00900819709352459,0.009328528565786401,2,-0.5000000000000004,0.8660254037844384,0.43388373911755823,-0.900968867902419,True,True,1,11.3506789676,78.6243565813,0.5019025817337778,0.4928472273372444,H005_add_calendar,3,pooled_with_corridor_thresholds,logistic,2023,0.5990390112432962,26,"{""C"": 0.01, ""class_weight"": ""balanced""}"
2023-11-23,RUB_KZT,KZT,CBR,KZT_RC_F02_09_2016_T02_09_2026.dbf,100,19.2063,0.192063,5.2066249095,1.0,False,0.011044139709946554,-0.005354821669937837,-0.004545454545454519,-0.03238433984412381,-0.016770844531813878,0.011044139709946554,0.0013002206308625475,0.669859514687107,0.011044139709946554,-0.009152019480284879,0.3010474960539555,0.011044139709946554,-0.018487269560702346,0.2125848616881156,0.011044139709946554,-0.05230381167163922,0.09180815683528862,0.008072363366017698,0.00724933179374303,0.008809058129070593,0,-0.5000000000000004,0.8660254037844384,0.43388373911755823,-0.900968867902419,True,True,1,0.0,-0.2380228041,0.5263369844027113,0.4928472273372444,H005_add_calendar,3,pooled_with_corridor_thresholds,logistic,2023,0.5990390112432962,26,"{""C"": 0.01, ""class_weight"": ""balanced""}"
2023-11-30,RUB_KZT,KZT,CBR,KZT_RC_F02_09_2016_T02_09_2026.dbf,100,19.363,0.19363,5.1644889738,1.0,False,0.0038103631509369684,0.005436616939189731,0.008158781233241097,0.003576241318544504,-0.00711220047483041,0.010864060893035266,0.004770884424624144,1.0,0.01929302766299057,0.007114766768905545,1.0,0.01929302766299057,-0.005954110533508361,0.3713648799270438,0.01929302766299057,-0.03771464807729297,0.16037983546297915,0.005019369153057993,0.006474910375246144,0.007669435499530856,0,-0.5000000000000004,0.8660254037844384,0.43388373911755823,-0.900968867902419,True,True,1,34.3954965656,1.1139299522,0.5123726849063321,0.4928472273372444,H005_add_calendar,3,pooled_with_corridor_thresholds,logistic,2023,0.5990390112432962,26,"{""C"": 0.01, ""class_weight"": ""balanced""}"
2023-12-09,RUB_KZT,KZT,CBR,KZT_RC_F02_09_2016_T02_09_2026.dbf,100,19.9257,0.199257,5.0186442634,1.0,False,-0.01096462926746955,0.0037225843500336975,0.016772975455426664,0.034655187633384044,0.01312825727723399,0.01119507132671238,-0.001252087648140332,0.4996602491506194,0.040240356253491205,0.014266938553617159,0.7772511848341218,0.04891427368199408,0.023199758035237883,0.8079297452395431,0.04891427368199408,-0.003382711185621168,0.42440851374805866,0.009205190729043794,0.008328218398563191,0.00817922113612273,1,-2.4492935982947064e-16,1.0,-0.9749279121818236,-0.2225209339563146,True,True,1,21.6303567754,21.6336403107,0.5661016179493238,0.4928472273372444,H005_add_calendar,3,pooled_with_corridor_thresholds,logistic,2023,0.5990390112432962,26,"{""C"": 0.01, ""class_weight"": ""balanced""}"
2023-12-15,RUB_KZT,KZT,CBR,KZT_RC_F02_09_2016_T02_09_2026.dbf,100,19.6788,0.196788,5.0816106673,1.0,False,-0.0006094216588458101,-0.010250168489030709,-0.02321979887425185,0.01981716796915478,0.021103045334966097,0.00010672521306931415,-0.004659368405719011,0.008433734939756351,0.004174108281879807,-0.0075212087192157995,0.1488355167394442,0.035917142631537446,0.007707538065938824,0.5932527606295095,0.035917142631537446,-0.012868769252866508,0.3116378916598153,0.005561898487917256,0.008888759920319783,0.007668617186943788,1,-2.4492935982947064e-16,1.0,-0.433883739117558,-0.9009688679024191,True,True,1,0.0,17.1174553113,0.6257673150736102,0.4928472273372444,H005_add_calendar,3,pooled_with_corridor_thresholds,logistic,2023,0.5990390112432962,26,"{""C"": 0.01, ""class_weight"": ""balanced""}"
2023-12-21,RUB_KZT,KZT,CBR,KZT_RC_F02_09_2016_T02_09_2026.dbf,100,19.7392,0.197392,5.0660614412,1.0,False,0.0023103835236650827,0.0026871479150474276,0.0024580006906780305,-0.01913119527732776,0.027746104142911454,0.003069292843059568,0.0013422791555106617,0.695051783659396,0.003176345627061483,-0.0024968908882432306,0.13300702277080512,0.030503944160502172,0.005010235074496716,0.5891902793183432,0.03909667570341924,-0.00807176209910021,0.3392253585457211,0.0029226688729272377,0.005082605612511422,0.006779972852955584,0,-2.4492935982947064e-16,1.0,0.43388373911755823,-0.900968867902419,True,True,1,0.0,75.4463285277,0.543616897936933,0.4928472273372444,H005_add_calendar,3,pooled_with_corridor_thresholds,logistic,2023,0.5990390112432962,26,"{""C"": 0.01, ""class_weight"": ""balanced""}"
2023-12-29,RUB_KZT,KZT,CBR,KZT_RC_F02_09_2016_T02_09_2026.dbf,100,19.8253,0.198253,5.0440598629,1.0,False,-0.013720642153911888,-0.009066962567539805,-0.013818764270187023,0.007444559627619585,0.027409257685371502,0.0,-0.009636231029762854,0.0,0.007060747829708891,-0.00414910663605883,0.32168479518630066,0.011649742307496158,-0.0021449155585776536,0.4153930131004379,0.04362908956913114,-0.0013371553122644153,0.37855120124235037,0.006959158515105215,0.008169883583957331,0.008333038997981677,1,-2.4492935982947064e-16,1.0,-0.433883739117558,-0.9009688679024191,True,True,1,27.4901262528,36.4648023836,0.6039742455943473,0.4928472273372444,H005_add_calendar,3,pooled_with_corridor_thresholds,logistic,2023,0.5990390112432962,26,"{""C"": 0.01, ""class_weight"": ""balanced""}"
2023-01-13,RUB_TJS,TJS,CBR,TJS_RC_F02_09_2016_T02_09_2026.dbf,10,66.2122,6.62122,0.1510295686,1.0,False,-0.01860017697514793,-0.03786369534670475,-0.06159454181087376,-0.06282978916140136,0.07999282312259415,0.0,-0.024898214891095893,0.0,0.0,-0.030346751183762066,0.0,0.08335024051834172,-0.002940107091908062,0.5343641169806572,0.12286491473225802,0.06494190018985013,0.6200787401574802,0.008299387401038652,0.02086792793198232,0.02004868199169127,5,0.49999999999999994,0.8660254037844387,-0.433883739117558,-0.9009688679024191,True,True,1,33.9514470143,107.7615645724,0.4822671233791348,0.47151180856352043,H005_add_calendar,3,pooled_with_corridor_thresholds,logistic,2023,0.5990390112432962,26,"{""C"": 0.01, ""class_weight"": ""balanced""}"
2023-01-21,RUB_TJS,TJS,CBR,TJS_RC_F02_09_2016_T02_09_2026.dbf,10,66.9021,6.69021,0.1494721391,1.0,False,-0.0028631386915708434,-0.0010243285496492893,0.013861737240745908,-0.029590047300560918,0.05665649002051665,0.0033473857547141606,-0.0007617272389180973,0.5064669843430976,0.013861737240745908,-0.0034321672167477724,0.3231584525702186,0.028951225551640647,-0.01321141591530861,0.33426262984995175,0.13456463932491292,0.0658641692488191,0.679125299554947,0.005097950632280062,0.008240480721338591,0.0199870274195301,2,0.49999999999999994,0.8660254037844387,-0.9749279121818236,-0.2225209339563146,True,True,1,7.996759444,9.0604715541,0.5588595839138162,0.47151180856352043,H005_add_calendar,3,pooled_with_corridor_thresholds,logistic,2023,0.5990390112432962,26,"{""C"": 0.01, ""class_weight"": ""balanced""}"
2023-01-28,RUB_TJS,TJS,CBR,TJS_RC_F02_09_2016_T02_09_2026.dbf,10,67.429,6.7429,0.1483041421,1.0,False,0.0027884565335394296,0.0073411655033941425,0.007875687011319465,0.021846594956006715,0.0022444186806980237,0.008682305986961625,0.004623751427695444,1.0,0.011249435728543755,0.005864322210732631,1.0,0.021846594956006715,-0.0024648788238703645,0.3153933665879049,0.1435001153183464,0.06420286030658562,0.724221157137966,0.0015103952826412323,0.003600303469046532,0.0107787951682656,0,0.49999999999999994,0.8660254037844387,-0.9749279121818236,-0.2225209339563146,True,True,1,0.0,-15.6748559142,0.4885483535493777,0.47151180856352043,H005_add_calendar,3,pooled_with_corridor_thresholds,logistic,2023,0.5990390112432962,26,"{""C"": 0.01, ""class_weight"": ""balanced""}"
2023-03-04,RUB_TJS,TJS,CBR,TJS_RC_F02_09_2016_T02_09_2026.dbf,10,69.1379,6.91379,0.1446384689,1.0,False,-0.0001634147611253578,0.007704494871686451,-0.0022066421516276913,-0.027902601711978225,0.015598742581820257,0.007704494871686451,0.002014524869236922,0.9684866251374021,0.007704494871686451,-0.0075656398855323825,0.18820764793847397,0.017227478040813704,-0.007056375605475007,0.3393027905763693,0.154410905290014,0.03005828384058029,0.8022155330204632,0.004945224739526149,0.007527600691507157,0.007459633581401846,1,1.0,6.123233995736766e-17,-0.9749279121818236,-0.2225209339563146,True,True,1,0.0,-14.439208099,0.533005180397841,0.47151180856352043,H005_add_calendar,3,pooled_with_corridor_thresholds,logistic,2023,0.5990390112432962,26,"{""C"": 0.01, ""class_weight"": ""balanced""}"
2023-03-10,RUB_TJS,TJS,CBR,TJS_RC_F02_09_2016_T02_09_2026.dbf,10,69.5526,6.95526,0.1437760774,2.0,False,0.005971966901794579,0.005998157305906027,0.008842086941386329,-0.003714266478924033,0.01621945428644489,0.005998157305906027,0.004712945968254445,1.0,0.013748864949795436,0.004807582568114199,0.6465387251542163,0.013748864949795436,-0.0033692169096199986,0.3358612832015953,0.13800517032625415,0.02945142281001467,0.8189011543801394,0.0026988478780397493,0.00547546597385767,0.007481419154490666,0,1.0,6.123233995736766e-17,-0.433883739117558,-0.9009688679024191,True,True,1,0.0,-23.2965767867,0.5145701052641567,0.47151180856352043,H005_add_calendar,3,pooled_with_corridor_thresholds,logistic,2023,0.5990390112432962,26,"{""C"": 0.01, ""class_weight"": ""balanced""}"
2023-03-24,RUB_TJS,TJS,CBR,TJS_RC_F02_09_2016_T02_09_2026.dbf,10,69.92,6.992,0.143020595,1.0,False,-0.008459013138768956,-0.012132181009258391,-0.0013939352391398874,0.00528233308316306,0.001548446611537635,0.0,-0.0063111746788986345,0.0,0.014840886824630806,0.00046632147335268215,0.543536040825005,0.019103824117138624,0.005267662938871043,0.6041762699363887,0.05959622594616554,0.015765453674550622,0.724169045207623,0.0066375513869084265,0.006310185713359424,0.005768668663342233,1,1.0,6.123233995736766e-17,-0.433883739117558,-0.9009688679024191,True,True,1,0.0,47.3717773526,0.5759355952940539,0.47151180856352043,H005_add_calendar,3,pooled_with_corridor_thresholds,logistic,2023,0.5990390112432962,26,"{""C"": 0.01, ""class_weight"": ""balanced""}"
2023-03-30,RUB_TJS,TJS,CBR,TJS_RC_F02_09_2016_T02_09_2026.dbf,10,70.536,7.0536,0.1417715776,1.0,False,0.00502398002946558,0.006953713762814395,0.0002765310246537478,0.01625026473855362,0.028082198768971667,0.008810068649885539,0.005232235495916671,1.0,0.008810068649885539,0.003696413424567613,0.7173634563875673,0.023781704706266504,0.011360818414234197,0.8709866042951327,0.06893134143791091,0.02315200035818643,0.8376024307154037,0.005066126586926532,0.005357934185887429,0.004711926268040879,0,1.0,6.123233995736766e-17,0.43388373911755823,-0.900968867902419,True,True,1,0.0,-10.0089547403,0.47306553504903115,0.47151180856352043,H005_add_calendar,3,pooled_with_corridor_thresholds,logistic,2023,0.5990390112432962,26,"{""C"": 0.01, ""class_weight"": ""balanced""}"
2023-04-14,RUB_TJS,TJS,CBR,TJS_RC_F02_09_2016_T02_09_2026.dbf,10,74.8365,7.48365,0.133624635,1.0,False,-0.005095732772488093,-0.0008357910842720084,0.012451955663245196,0.05950884286709357,0.06882412422019613,0.0,-0.004177222163229355,0.0,0.056260797398462126,0.014740321312401106,0.8578715161949851,0.07031607551487418,0.03876680232525831,0.8815829582743099,0.11949240522613791,0.07003828692355829,0.9236381716637951,0.011659096110763887,0.009754650237735234,0.007883485005924767,2,0.8660254037844387,-0.49999999999999983,-0.433883739117558,-0.9009688679024191,True,True,1,20.7919932119,8.4379510198,0.48702914262620606,0.47151180856352043,H005_add_calendar,3,pooled_with_corridor_thresholds,logistic,2023,0.5990390112432962,26,"{""C"": 0.01, ""class_weight"": ""balanced""}"
2023-04-21,RUB_TJS,TJS,CBR,TJS_RC_F02_09_2016_T02_09_2026.dbf,10,74.7815,7.47815,0.1337229128,1.0,False,-0.00047849895679197285,-0.00016712570527044335,-0.0007349354927074225,0.011707868786367204,0.06952946224256307,0.001347064644373619,0.00017172970600265458,0.7375366568915276,0.001347064644373619,-0.0023751479798301833,0.12328431372549256,0.06756137498233383,0.02237693220476733,0.8686857562408229,0.11718227124964153,0.05942882659631543,0.9164183987008286,0.001346473429035381,0.007950703091137944,0.007282793471465459,1,0.8660254037844387,-0.49999999999999983,-0.433883739117558,-0.9009688679024191,True,True,1,16.4078013947,-6.3405734769,0.6098943057368629,0.47151180856352043,H005_add_calendar,3,pooled_with_corridor_thresholds,logistic,2023,0.5990390112432962,26,"{""C"": 0.01, ""class_weight"": ""balanced""}"
2023-04-27,RUB_TJS,TJS,CBR,TJS_RC_F02_09_2016_T02_09_2026.dbf,10,74.7894,7.47894,0.1337087876,1.0,False,0.0009689896542954823,0.0017492914432055695,-0.00037290840487425037,-0.005721897691831179,0.06030112283089473,0.0043604553566991555,0.0014343429257916984,1.0,0.0043604553566991555,0.0007818712911125125,0.873318988703599,0.0588420176347666,0.010257662347135321,0.8545346135658032,0.10534483370183367,0.052116601545611374,0.9097035212436022,0.002349082084757754,0.002402181058274367,0.007446431003207076,0,0.8660254037844387,-0.49999999999999983,0.43388373911755823,-0.900968867902419,True,True,0,137.2520704806,-50.7407808436,0.4927756138918708,0.47151180856352043,H005_add_calendar,3,pooled_with_corridor_thresholds,logistic,2023,0.5990390112432962,26,"{""C"": 0.01, ""class_weight"": ""balanced""}"
2023-05-04,RUB_TJS,TJS,CBR,TJS_RC_F02_09_2016_T02_09_2026.dbf,10,72.6621,7.26621,0.1376233277,1.0,False,-0.008204664824905228,-0.027633883825278982,-0.027502442549888317,-0.028186589202028656,-0.0006848947696318497,0.0,-0.01596458549958868,0.0,0.0,-0.021575613618368905,0.0,0.0,-0.024274728149995206,0.0,0.06441065786177713,0.016898747185975616,0.6080090710473189,0.005642684324331557,0.004966749300572088,0.007632235413871935,4,0.49999999999999994,-0.8660254037844387,0.43388373911755823,-0.900968867902419,True,True,0,312.8866355363,-46.9742024104,0.49141823833400794,0.47151180856352043,H005_add_calendar,3,pooled_with_corridor_thresholds,logistic,2023,0.5990390112432962,26,"{""C"": 0.01, ""class_weight"": ""balanced""}"
2023-05-11,RUB_TJS,TJS,CBR,TJS_RC_F02_09_2016_T02_09_2026.dbf,10,70.2734,7.02734,0.1423013544,5.0,False,-0.0016366286586180223,-0.032874084288783356,-0.04730697952493734,-0.058739224311132876,-0.06918827130650407,0.0,-0.020212729172964017,0.0,0.0,-0.038768435651143074,0.0,0.0,-0.050252933775004505,0.0,0.02425472931512207,-0.01820498730622966,0.24160810732330548,0.007864832217156868,0.007714196213172514,0.006373018524386067,7,0.49999999999999994,-0.8660254037844387,0.43388373911755823,-0.900968867902419,True,True,0,105.5733748474,11.0040354899,0.5232086321583463,0.47151180856352043,H005_add_calendar,3,pooled_with_corridor_thresholds,logistic,2023,0.5990390112432962,26,"{""C"": 0.01, ""class_weight"": ""balanced""}"
2023-05-20,RUB_TJS,TJS,CBR,TJS_RC_F02_09_2016_T02_09_2026.dbf,10,73.2146,7.32146,0.1365847795,1.0,False,-0.0016363353723889418,-0.000972902017987054,0.03494504717814606,0.007603688855675861,-0.02079722240054782,0.010171446547475371,-0.0006570870813731311,0.4837905236907718,0.05297023651150923,0.017890162079196026,0.8240150345660779,0.05297023651150923,0.0016211535225543194,0.6967914033826483,0.06712355322091912,0.019898803587554026,0.6686363900342647,0.012872589981686723,0.014565817701208699,0.01076011943467179,2,0.49999999999999994,-0.8660254037844387,-0.9749279121818236,-0.2225209339563146,True,True,1,0.0,19.6315439048,0.587637981594941,0.47151180856352043,H005_add_calendar,3,pooled_with_corridor_thresholds,logistic,2023,0.5990390112432962,26,"{""C"": 0.01, ""class_weight"": ""balanced""}"
2023-05-26,RUB_TJS,TJS,CBR,TJS_RC_F02_09_2016_T02_09_2026.dbf,10,73.2865,7.32865,0.1364507788,1.0,False,0.0001978927830548205,0.0005693236926034295,-0.000655897761765889,0.054004300209257616,-0.01582226209197113,0.0009820445648818232,-0.00010996723358469573,0.2992093216812174,0.035961409336678685,0.003492468449204811,0.7806794120354725,0.054004300209257616,0.006366198432512071,0.7141634492858363,0.06817151610641714,0.017823407977821226,0.679075439921017,0.0020755153964262334,0.010219260525724097,0.010792740143313443,0,0.49999999999999994,-0.8660254037844387,-0.433883739117558,-0.9009688679024191,True,True,1,2.4561140183,1.1343620685,0.577157309315983,0.47151180856352043,H005_add_calendar,3,pooled_with_corridor_thresholds,logistic,2023,0.5990390112432962,26,"{""C"": 0.01, ""class_weight"": ""balanced""}"
2023-06-02,RUB_TJS,TJS,CBR,TJS_RC_F02_09_2016_T02_09_2026.dbf,10,74.1879,7.41879,0.1347928705,1.0,False,-0.00034225671139809233,0.011453649598215598,0.01229967320038483,0.011635708110496301,0.01262161630941594,0.01254836662412906,0.005401049690632931,0.9731160033869627,0.013293796592482865,0.008783285079701608,0.9745669370181259,0.06696820865363184,0.020364473944175288,0.9945747362125683,0.07678653071591857,0.024661303643449317,0.8016486347243694,0.003495643803459574,0.0030327761506820637,0.010433847393255164,1,1.2246467991473532e-16,-1.0,-0.433883739117558,-0.9009688679024191,True,True,1,11.1338911062,-25.5041465715,0.5969331709010494,0.47151180856352043,H005_add_calendar,3,pooled_with_corridor_thresholds,logistic,2023,0.5990390112432962,26,"{""C"": 0.01, ""class_weight"": ""balanced""}"
2023-06-08,RUB_TJS,TJS,CBR,TJS_RC_F02_09_2016_T02_09_2026.dbf,10,74.6425,7.46425,0.1339719329,1.0,False,0.0025586955353784635,0.007249144123294915,0.005783329942206983,0.0187042799432251,0.06217288476151728,0.007249144123294915,0.003494366557331041,1.0,0.018752942942737993,0.008739276253810546,1.0,0.07350625256178844,0.017955664633301005,1.0,0.0833847381980477,0.026145839942145255,0.8705336848804434,0.0029273229757953998,0.0030784688305306477,0.008169044474858366,0,1.2246467991473532e-16,-1.0,0.43388373911755823,-0.900968867902419,True,True,1,0.0,36.5398539359,0.5218184154574054,0.47151180856352043,H005_add_calendar,3,pooled_with_corridor_thresholds,logistic,2023,0.5990390112432962,26,"{""C"": 0.01, ""class_weight"": ""balanced""}"
2023-06-17,RUB_TJS,TJS,CBR,TJS_RC_F02_09_2016_T02_09_2026.dbf,10,76.648,7.6648,0.1304665484,1.0,False,-0.0037071121440418464,0.0001565843728794647,0.018898975491284276,0.03316039408043614,0.04518194685728161,0.012105974816192022,7.437146327804456e-05,0.5984724851491587,0.03431198578239347,0.013644151762028045,0.8052124897080242,0.04689501820675113,0.0277407403037202,0.8480671853772996,0.10234929492388334,0.04414870836524343,0.9204433752392776,0.007340722328259445,0.00558834436543242,0.004509151288319276,2,1.2246467991473532e-16,-1.0,-0.9749279121818236,-0.2225209339563146,True,True,1,0.0,22.2972281886,0.5813269533393594,0.47151180856352043,H005_add_calendar,3,pooled_with_corridor_thresholds,logistic,2023,0.5990390112432962,26,"{""C"": 0.01, ""class_weight"": ""balanced""}"
2023-06-23,RUB_TJS,TJS,CBR,TJS_RC_F02_09_2016_T02_09_2026.dbf,10,76.6087,7.66087,0.1305334773,1.0,False,-0.00758476673117936,-0.004547893870348707,-0.004217944918448735,0.026341561442877692,0.04553854132547208,0.0,-0.004029452418815582,0.0,0.018376551817648856,-0.00038622986157055283,0.6787117046347216,0.0455884861843765,0.017149300759396136,0.836178841435939,0.10178408347295842,0.03724257315080726,0.9153603393864146,0.004815854883807469,0.006339409861074729,0.004866057992430156,1,1.2246467991473532e-16,-1.0,-0.433883739117558,-0.9009688679024191,True,True,1,0.0,52.1876209249,0.5776985776137802,0.47151180856352043,H005_add_calendar,3,pooled_with_corridor_thresholds,logistic,2023,0.5990390112432962,26,"{""C"": 0.01, ""class_weight"": ""balanced""}"
2023-07-15,RUB_TJS,TJS,CBR,TJS_RC_F02_09_2016_T02_09_2026.dbf,10,82.5152,8.25152,0.1211897929,1.0,False,-0.0006745717922416183,-0.004259776367774526,-0.017201171042194208,0.01892505303608427,0.07654733326375118,0.0,-0.005155839853084321,0.0,0.008144305461547097,-0.005871865669717757,0.22874202182416833,0.07709959834849034,0.025223748033253335,0.7243595246563077,0.18673119377548297,0.08459398539774488,0.8524354454314471,0.004747997700526841,0.010550713166988523,0.008889401965892675,2,-0.4999999999999998,-0.8660254037844388,-0.9749279121818236,-0.2225209339563146,True,True,1,0.0,19.9926222023,0.5291589090248665,0.47151180856352043,H005_add_calendar,3,pooled_with_corridor_thresholds,logistic,2023,0.5990390112432962,26,"{""C"": 0.01, ""class_weight"": ""balanced""}"
2023-07-22,RUB_TJS,TJS,CBR,TJS_RC_F02_09_2016_T02_09_2026.dbf,10,82.7774,8.27774,0.1208059205,1.0,False,-0.004944181120753233,-0.0030999051000304423,0.00317759637012327,-0.01407823305073641,0.07443116181872456,0.0,-0.003435714528216005,0.0,0.00317759637012327,-0.002715691191659708,0.20650547373395564,0.06704771185970948,0.009463868582651358,0.7237396858085079,0.1905021465091361,0.07816234363924468,0.8696499970455578,0.00473707426048081,0.004965808430639707,0.008864945931548943,2,-0.4999999999999998,-0.8660254037844388,-0.9749279121818236,-0.2225209339563146,True,True,1,0.0,25.6879394754,0.5443917837338398,0.47151180856352043,H005_add_calendar,3,pooled_with_corridor_thresholds,logistic,2023,0.5990390112432962,26,"{""C"": 0.01, ""class_weight"": ""balanced""}"
2023-07-29,RUB_TJS,TJS,CBR,TJS_RC_F02_09_2016_T02_09_2026.dbf,10,83.315,8.3315,0.1200264058,1.0,False,0.010589262754421291,0.00987511560564025,0.00649452628374414,0.009692759637012438,0.028801248663293144,0.010589262754421291,0.007224841986049446,1.0,0.010589262754421291,0.00512630703215633,0.8180284857571212,0.017916005893808817,0.0044446812776404165,0.5031912703314815,0.19823389399049351,0.07528431395746549,0.9049457367394779,0.00558812792180071,0.0048963862508527925,0.008020192287367755,0,-0.4999999999999998,-0.8660254037844388,-0.9749279121818236,-0.2225209339563146,True,True,1,0.0,-34.0400859218,0.4979771184382214,0.47151180856352043,H005_add_calendar,3,pooled_with_corridor_thresholds,logistic,2023,0.5990390112432962,26,"{""C"": 0.01, ""class_weight"": ""balanced""}"
2023-08-19,RUB_TJS,TJS,CBR,TJS_RC_F02_09_2016_T02_09_2026.dbf,10,85.2264,8.52264,0.1173345348,1.0,False,-0.0036043851208924504,-0.041118978050451505,-0.050370485921534924,-0.017565377370887814,0.0295853699198092,0.0,-0.031817438246360186,0.0,0.0,-0.035987366297404844,0.0,0.03377404720894717,-0.010788237644167364,0.28349182430919095,0.16320656216518703,0.04931866509733518,0.6295188809863494,0.025634564368099463,0.020384432783606653,0.014948317133873871,4,-0.8660254037844384,-0.5000000000000004,-0.9749279121818236,-0.2225209339563146,True,True,1,0.0,126.3874467207,0.5277200730064391,0.47151180856352043,H005_add_calendar,3,pooled_with_corridor_thresholds,logistic,2023,0.5990390112432962,26,"{""C"": 0.01, ""class_weight"": ""balanced""}"
2023-08-25,RUB_TJS,TJS,CBR,TJS_RC_F02_09_2016_T02_09_2026.dbf,10,86.1297,8.61297,0.1161039688,1.0,False,-0.0005198753691636471,0.0027160626056506043,0.006956241151252041,-0.031424551949359,0.04473084107615066,0.010598828532004223,0.0031430293837027,0.9527476004640945,0.010598828532004223,-0.014484485370999112,0.12835706368829372,0.03378383244313765,-0.008246962450680462,0.3145337922403008,0.16226099887592405,0.049816781163753765,0.6621912602913238,0.0044103188426193665,0.018853478410478113,0.014942499087535048,1,-0.8660254037844384,-0.5000000000000004,-0.433883739117558,-0.9009688679024191,True,True,1,0.0,6.4412772161,0.496398411462498,0.47151180856352043,H005_add_calendar,3,pooled_with_corridor_thresholds,logistic,2023,0.5990390112432962,26,"{""C"": 0.01, ""class_weight"": ""balanced""}"
2023-09-02,RUB_TJS,TJS,CBR,TJS_RC_F02_09_2016_T02_09_2026.dbf,10,87.8848,8.78848,0.113785319,1.0,False,8.762237260895311e-05,0.00656960389961414,0.017092187172700557,0.031192212741591785,0.013078932382864839,0.009023076066402735,0.003960331796022176,1.0,0.02343715428275961,0.01229791862504559,1.0,0.031192212741591785,0.0031074315266474972,0.37775314746923444,0.1604833938984196,0.05471982344528814,0.7351293807386613,0.002939595457157422,0.003026027159529838,0.014383541089224312,0,-1.0,-1.8369701987210297e-16,-0.9749279121818236,-0.2225209339563146,True,True,1,0.0,-11.4371118331,0.49512055189763743,0.47151180856352043,H005_add_calendar,3,pooled_with_corridor_thresholds,logistic,2023,0.5990390112432962,26,"{""C"": 0.01, ""class_weight"": ""balanced""}"
2023-09-16,RUB_TJS,TJS,CBR,TJS_RC_F02_09_2016_T02_09_2026.dbf,10,88.1655,8.81655,0.113423051,1.0,False,0.004973258618567122,0.020364350119609798,-0.013104430230970188,0.0031939539032914688,0.03448579313452149,0.020364350119609798,0.0066685346419206315,1.0,0.020364350119609798,-0.0017445735135969143,0.5524646781789632,0.026705965376454754,0.006819187136723137,0.6166940059698267,0.136503381840541,0.03429819250577504,0.7209706080598045,0.013497144701781576,0.009953441219764037,0.0072943789609110285,0,-1.0,-1.8369701987210297e-16,-0.9749279121818236,-0.2225209339563146,True,True,1,0.0,-45.5612789517,0.4820550843410277,0.47151180856352043,H005_add_calendar,3,pooled_with_corridor_thresholds,logistic,2023,0.5990390112432962,26,"{""C"": 0.01, ""class_weight"": ""balanced""}"
2023-09-22,RUB_TJS,TJS,CBR,TJS_RC_F02_09_2016_T02_09_2026.dbf,10,87.652,8.7652,0.114087528,1.0,False,-0.0055986976079324124,-0.00591673027217865,-0.0008799806677821653,-0.021641706914429903,0.017674507167678488,0.0,-0.0037894914862032225,0.0,0.014421468904322499,-0.002827173585227216,0.42524656178548476,0.014421468904322499,-0.003419959536248851,0.39124018838304697,0.08235596288585456,0.020679317910655914,0.5911959720597098,0.004775097482911832,0.00936984990933498,0.0074198648403218555,1,-1.0,-1.8369701987210297e-16,-0.433883739117558,-0.9009688679024191,True,True,1,3.0233194907,17.4753240972,0.5794781930835423,0.47151180856352043,H005_add_calendar,3,pooled_with_corridor_thresholds,logistic,2023,0.5990390112432962,26,"{""C"": 0.01, ""class_weight"": ""balanced""}"
2023-09-28,RUB_TJS,TJS,CBR,TJS_RC_F02_09_2016_T02_09_2026.dbf,10,88.0482,8.80482,0.113574156,1.0,False,0.002824594932585356,0.004823938237157099,-0.0011038566914931547,0.005643367929086152,0.006051285098253256,0.004823938237157099,0.00318427795232723,1.0,0.004823938237157099,0.0018593661087429325,0.771068952936872,0.019006803933527605,-0.0005374278574474811,0.5156357927786491,0.06800174668251624,0.020614398086004515,0.5707915046121885,0.0032082696914312687,0.0033694731605292075,0.00719755755891108,0,-1.0,-1.8369701987210297e-16,0.43388373911755823,-0.900968867902419,True,True,1,0.0,19.2186800129,0.503225538882536,0.47151180856352043,H005_add_calendar,3,pooled_with_corridor_thresholds,logistic,2023,0.5990390112432962,26,"{""C"": 0.01, ""class_weight"": ""balanced""}"
2023-10-13,RUB_TJS,TJS,CBR,TJS_RC_F02_09_2016_T02_09_2026.dbf,10,88.4957,8.84957,0.1129998407,1.0,False,-0.029697097282800455,-0.04274124633573828,-0.02671441313526468,-0.00025418501505902746,0.008737113754599513,0.0,-0.027277133966385092,0.0,0.0,-0.023093642955942073,0.0,0.009930899110418778,-0.008736924422711123,0.18048325209997018,0.07342980519638065,0.010492062560757187,0.6050674662668668,0.016557942801298794,0.01265197480177135,0.009078805928703042,1,-0.8660254037844386,0.5000000000000001,-0.433883739117558,-0.9009688679024191,True,True,1,0.0,160.6614135758,0.5249385297960765,0.47151180856352043,H005_add_calendar,3,pooled_with_corridor_thresholds,logistic,2023,0.5990390112432962,26,"{""C"": 0.01, ""class_weight"": ""balanced""}"
2023-10-20,RUB_TJS,TJS,CBR,TJS_RC_F02_09_2016_T02_09_2026.dbf,10,88.7898,8.87898,0.1126255493,1.0,False,-0.0006494273896282543,0.00033348279972322814,0.0033233253141113916,-0.02347986850657746,0.01298087893031541,0.00033348279972322814,-4.212018126548145e-05,0.3390607101947175,0.0033233253141113916,-0.012189073600590516,0.07443119985827545,0.013287228032935694,-0.007688226315544,0.24148086695012125,0.0657120566524636,0.007919605090783266,0.5995181778361808,0.0015164784650006377,0.011520541762130177,0.008829734395687933,1,-0.8660254037844386,0.5000000000000001,-0.433883739117558,-0.9009688679024191,True,True,0,144.633730451,-61.9245317535,0.6283299745651233,0.47151180856352043,H005_add_calendar,3,pooled_with_corridor_thresholds,logistic,2023,0.5990390112432962,26,"{""C"": 0.01, ""class_weight"": ""balanced""}"
2023-10-26,RUB_TJS,TJS,CBR,TJS_RC_F02_09_2016_T02_09_2026.dbf,10,85.0171,8.50171,0.1176233958,1.0,False,-0.0037474996162271124,-0.0284381799564829,-0.04311207405948403,-0.06783788465882057,-0.034425462417176034,0.0,-0.018356051703063758,0.0,0.0,-0.03026880446725777,0.0,0.0,-0.046148916469212486,0.0,0.0,-0.03637475034374693,0.0,0.0061478325059265105,0.010243759554289186,0.010149327386792483,5,-0.8660254037844386,0.5000000000000001,0.43388373911755823,-0.900968867902419,True,True,1,0.0,77.2137618537,0.5431693533304687,0.47151180856352043,H005_add_calendar,3,pooled_with_corridor_thresholds,logistic,2023,0.5990390112432962,26,"{""C"": 0.01, ""class_weight"": ""balanced""}"
2023-11-03,RUB_TJS,TJS,CBR,TJS_RC_F02_09_2016_T02_09_2026.dbf,10,85.0514,8.50514,0.1175759599,1.0,False,-0.0013491251821434735,-0.0005922318916873337,-0.0038265082029231845,-0.04210393536194468,-0.06459520900261417,0.012639630050315764,0.0020823647482064445,0.9023374415639736,0.012639630050315764,-0.004077185850657972,0.30195119176290136,0.012639630050315764,-0.029564479016203182,0.12552617887717082,0.012639630050315764,-0.03287710761520268,0.12552617887717082,0.009744887373287289,0.009152732291374747,0.010175603783518198,1,-0.5000000000000004,0.8660254037844384,-0.433883739117558,-0.9009688679024191,True,True,1,14.7910557616,-21.4396532758,0.5819708710522731,0.47151180856352043,H005_add_calendar,3,pooled_with_corridor_thresholds,logistic,2023,0.5990390112432962,26,"{""C"": 0.01, ""class_weight"": ""balanced""}"
2023-11-09,RUB_TJS,TJS,CBR,TJS_RC_F02_09_2016_T02_09_2026.dbf,10,84.1731,8.41731,0.1188028004,1.0,False,-0.0023562347179568732,-0.010326696562314108,0.0021824078638121858,-0.013637711236288097,-0.07598550963280093,0.0,-0.006662445009692153,0.0,0.0021824078638121858,-0.0076724829119524385,0.13203198156018559,0.0021824078638121858,-0.027538074606698437,0.02540751829674074,0.0021824078638121858,-0.039693708143352935,0.021673840041622077,0.007861633085887065,0.0070443366670028965,0.009105192704296817,4,-0.5000000000000004,0.8660254037844384,0.43388373911755823,-0.900968867902419,True,True,1,30.3659957873,19.7974018451,0.4945230258217336,0.47151180856352043,H005_add_calendar,3,pooled_with_corridor_thresholds,logistic,2023,0.5990390112432962,26,"{""C"": 0.01, ""class_weight"": ""balanced""}"
2023-11-17,RUB_TJS,TJS,CBR,TJS_RC_F02_09_2016_T02_09_2026.dbf,10,81.1957,8.11957,0.1231592313,1.0,False,-0.005790475164261455,-0.03464408343399561,-0.0324342360056008,-0.04662172713855128,-0.08612285095247485,0.0,-0.020097985736119206,0.0,0.0,-0.029623970130913224,0.0,0.0,-0.04164406876686,0.0,0.0,-0.07035440779632307,0.0,0.008630670668513463,0.006218999379306488,0.0076368731280857735,3,-0.5000000000000004,0.8660254037844384,-0.433883739117558,-0.9009688679024191,True,True,1,0.0,104.8171931813,0.6194296004175722,0.47151180856352043,H005_add_calendar,3,pooled_with_corridor_thresholds,logistic,2023,0.5990390112432962,26,"{""C"": 0.01, ""class_weight"": ""balanced""}"
2023-11-23,RUB_TJS,TJS,CBR,TJS_RC_F02_09_2016_T02_09_2026.dbf,10,80.5099,8.05099,0.1242083272,1.0,False,0.003417431392759296,-0.010605496424485272,-0.01418782739020863,-0.043519841849712027,-0.05656404204980492,0.003417431392759296,-0.003879320157617716,0.24111853675695513,0.003417431392759296,-0.01954005155245564,0.07078138310230289,0.003417431392759296,-0.03545339168062844,0.05332140634723293,0.003417431392759296,-0.07396075276467795,0.022454611712103625,0.0051937262315898845,0.0069988123958918055,0.007013153224074667,0,-0.5000000000000004,0.8660254037844384,0.43388373911755823,-0.900968867902419,True,True,1,6.6575663366,34.6983263181,0.5169806341399834,0.47151180856352043,H005_add_calendar,3,pooled_with_corridor_thresholds,logistic,2023,0.5990390112432962,26,"{""C"": 0.01, ""class_weight"": ""balanced""}"
2023-11-30,RUB_TJS,TJS,CBR,TJS_RC_F02_09_2016_T02_09_2026.dbf,10,81.1608,8.11608,0.1232121911,1.0,False,0.0031728923503258066,0.0010348200288861076,0.008084720015799185,-0.006217811986491739,-0.03368266146603516,0.00875630621840684,0.003024863797091326,1.0,0.011529780384542221,0.0035991212535120276,0.8134892718958863,0.011529780384542221,-0.015882441065234842,0.18762422423234654,0.011529780384542221,-0.0600226089589756,0.07575769983539896,0.0038477166186964167,0.0049087468038026,0.006880591768192239,0,-0.5000000000000004,0.8660254037844384,0.43388373911755823,-0.900968867902419,True,True,1,34.1790618131,14.2002536325,0.5154102944511622,0.47151180856352043,H005_add_calendar,3,pooled_with_corridor_thresholds,logistic,2023,0.5990390112432962,26,"{""C"": 0.01, ""class_weight"": ""balanced""}"
2023-12-09,RUB_TJS,TJS,CBR,TJS_RC_F02_09_2016_T02_09_2026.dbf,10,83.5859,8.35859,0.119637403,1.0,False,-0.010166452719185703,2.153519628733669e-05,0.019799153521523616,0.03094592911174443,-0.005325263526169466,0.009572019025671175,-0.002674619252151844,0.4285868801038337,0.03341229473538432,0.013231446796739155,0.7189220824133423,0.04175448086076394,0.019545209790041262,0.7602341835345371,0.04175448086076394,-0.0251557112856855,0.27435244404772624,0.009801925056758027,0.007960535242260971,0.008426004766807967,2,-2.4492935982947064e-16,1.0,-0.9749279121818236,-0.2225209339563146,True,True,0,65.1066746903,23.3447416954,0.5664122658287821,0.47151180856352043,H005_add_calendar,3,pooled_with_corridor_thresholds,logistic,2023,0.5990390112432962,26,"{""C"": 0.01, ""class_weight"": ""balanced""}"
2023-12-15,RUB_TJS,TJS,CBR,TJS_RC_F02_09_2016_T02_09_2026.dbf,10,81.7941,8.17941,0.1222582069,1.0,False,-0.002430683445252768,-0.015023777210726452,-0.0313851480974463,0.01125941787808138,0.007369848403302237,0.0,-0.009006815084052655,0.0,0.0,-0.014665437921251523,0.0,0.01942277564724937,-0.0015978638023883551,0.3536352909140446,0.01942277564724937,-0.04173662968989822,0.12761949997133903,0.003435051002646704,0.009269949728573063,0.007191064428492479,6,-2.4492935982947064e-16,1.0,-0.433883739117558,-0.9009688679024191,True,True,1,0.0,38.0377450935,0.6299404052454525,0.47151180856352043,H005_add_calendar,3,pooled_with_corridor_thresholds,logistic,2023,0.5990390112432962,26,"{""C"": 0.01, ""class_weight"": ""balanced""}"
2023-12-21,RUB_TJS,TJS,CBR,TJS_RC_F02_09_2016_T02_09_2026.dbf,10,82.5253,8.25253,0.1211749609,1.0,False,0.003948871481629812,0.007867505443869272,0.006487107498896361,-0.025013438875269522,0.02503294625878305,0.008939520087634545,0.004229369169801878,1.0,0.008939520087634545,-0.00117824833747171,0.27589329509866645,0.025715823372439495,0.003546479628901311,0.4942429888681875,0.028535926027940306,-0.029056051391308624,0.1874984645369458,0.004502515209556113,0.0055257142567372115,0.0069687662691996005,0,-2.4492935982947064e-16,1.0,0.43388373911755823,-0.900968867902419,True,True,1,0.0,50.8448333558,0.5224606501539198,0.47151180856352043,H005_add_calendar,3,pooled_with_corridor_thresholds,logistic,2023,0.5990390112432962,26,"{""C"": 0.01, ""class_weight"": ""balanced""}"
2023-12-29,RUB_TJS,TJS,CBR,TJS_RC_F02_09_2016_T02_09_2026.dbf,10,82.4326,8.24326,0.1213112288,1.0,False,-0.014746660547125368,-0.0177439208214325,-0.015289233985366635,0.007806186509784707,0.0191534975038139,0.0,-0.013053668647441286,0.0,0.006735376051371977,-0.0073402482955946535,0.27026364794667906,0.007806186509784707,-0.007157024250897259,0.224160932453303,0.0273805799662743,-0.02338558187968831,0.17990713519445092,0.006791585022383047,0.007567609200769283,0.008238027519229953,3,-2.4492935982947064e-16,1.0,-0.433883739117558,-0.9009688679024191,True,True,0,68.1041238539,39.5068743895,0.6068451990555385,0.47151180856352043,H005_add_calendar,3,pooled_with_corridor_thresholds,logistic,2023,0.5990390112432962,26,"{""C"": 0.01, ""class_weight"": ""balanced""}"
2023-01-14,RUB_UZS,UZS,CBR,UZS_RC_F02_09_2016_T02_09_2026.dbf,10000,59.7983,0.00597983,167.2288342645,1.0,False,-0.001080801162654632,-0.030578184146746734,-0.045653530464147885,-0.022579384992080676,0.0794228714186691,0.0,-0.018443607818007135,0.0,0.0,-0.03390695257802301,0.0,0.0719749459067498,-0.01116522112991647,0.47190879172543504,0.1116847336063671,0.05471622358996919,0.5721196883987586,0.0066555648675396956,0.0158583688034553,0.020043744152224593,6,0.49999999999999994,0.8660254037844387,-0.9749279121818236,-0.2225209339563146,True,True,1,0.0,88.7233647586,0.5855018449297795,0.5210614229067825,H005_add_calendar,3,pooled_with_corridor_thresholds,logistic,2023,0.5990390112432962,26,"{""C"": 0.01, ""class_weight"": ""balanced""}"
2023-01-21,RUB_UZS,UZS,CBR,UZS_RC_F02_09_2016_T02_09_2026.dbf,10000,60.8468,0.00608468,164.3471801311,1.0,False,-0.002097591296062018,0.005081005365118907,0.01753394327263491,-0.028920073604866925,0.057736134409957396,0.00837400462368354,0.0022510242934705715,0.7980101073910361,0.01753394327263491,0.0005059521313708348,0.43430535995360814,0.033103497455732045,-0.010910386612955625,0.36144377294130764,0.13117695066247514,0.06520497258346158,0.671971125459498,0.004098313363581435,0.008513189581279779,0.01983107679338173,1,0.49999999999999994,0.8660254037844387,-0.9749279121818236,-0.2225209339563146,True,True,1,27.3966749279,-8.0994795609,0.5374805304233917,0.5210614229067825,H005_add_calendar,3,pooled_with_corridor_thresholds,logistic,2023,0.5990390112432962,26,"{""C"": 0.01, ""class_weight"": ""balanced""}"
2023-03-25,RUB_UZS,UZS,CBR,UZS_RC_F02_09_2016_T02_09_2026.dbf,10000,67.1112,0.00671112,149.0064251571,1.0,False,0.0004203747596260854,-0.0027312578943458066,0.0003010836028678465,0.00808284427193584,0.014838976015387972,0.0004203747596260854,-0.0029173543061136176,0.049770561242494356,0.019284190062498485,0.003811754035068615,0.7022288590232824,0.019284190062498485,0.007184862091603961,0.7022288590232824,0.12229277420930029,0.050455200853768645,0.9314253690471638,0.005507242522032071,0.005785486810031691,0.004459589716543006,0,1.0,6.123233995736766e-17,-0.9749279121818236,-0.2225209339563146,True,True,1,18.5662005746,6.7815762357,0.5391049120135715,0.5210614229067825,H005_add_calendar,3,pooled_with_corridor_thresholds,logistic,2023,0.5990390112432962,26,"{""C"": 0.01, ""class_weight"": ""balanced""}"
2023-04-01,RUB_UZS,UZS,CBR,UZS_RC_F02_09_2016_T02_09_2026.dbf,10000,67.6304,0.00676304,147.8624997043,1.0,False,0.0014808145664766403,0.007074646379362504,0.007736413594154223,0.008039826504300018,0.017059672762271383,0.009610877399360396,0.003790425590967983,1.0,0.009610877399360396,0.004293205550413459,0.9710407239818893,0.027169794126804314,0.010973625523861052,0.9893811183009749,0.13097529528431395,0.051581588480033025,0.9975545451071788,0.003122017175401662,0.004291324163815814,0.004357119527951988,0,0.8660254037844387,-0.49999999999999983,-0.9749279121818236,-0.2225209339563146,True,True,1,0.0,1.8310473401,0.5607517634165788,0.5210614229067825,H005_add_calendar,3,pooled_with_corridor_thresholds,logistic,2023,0.5990390112432962,26,"{""C"": 0.01, ""class_weight"": ""balanced""}"
2023-04-22,RUB_UZS,UZS,CBR,UZS_RC_F02_09_2016_T02_09_2026.dbf,10000,71.378,0.0071378,140.0991902267,1.0,False,-0.0016225137773799858,0.0019694627984900848,0.000200381986920517,-0.014727054630484737,0.0635780614860113,0.0019694627984900848,0.00010592620698424149,0.547405384315244,0.0019694627984900848,-0.002149534696196498,0.17856688303423623,0.06555639486106157,0.017176267777659016,0.8045362109081573,0.16663316057264366,0.06938155563269599,0.905265494583555,0.0017165727415614273,0.004066235329870258,0.00792205984098627,1,0.8660254037844387,-0.49999999999999983,-0.9749279121818236,-0.2225209339563146,True,True,1,26.0024097061,-3.7280277612,0.5646482905860308,0.5210614229067825,H005_add_calendar,3,pooled_with_corridor_thresholds,logistic,2023,0.5990390112432962,26,"{""C"": 0.01, ""class_weight"": ""balanced""}"
2023-04-29,RUB_UZS,UZS,CBR,UZS_RC_F02_09_2016_T02_09_2026.dbf,10000,70.6827,0.00706827,141.4773346236,1.0,False,-0.01402189211847471,-0.00975913184914956,-0.00974109669646106,-0.009542666649851483,0.0451320707847358,0.0,-0.00874870664037275,0.0,0.0,-0.009192653222685365,0.0,0.03412572311419715,-0.006645649339493076,0.5696388013773898,0.13862944407751665,0.0461407199900461,0.8300330828808145,0.007108749460403878,0.004985452455224271,0.008753032604208719,1,0.8660254037844387,-0.49999999999999983,-0.9749279121818236,-0.2225209339563146,True,True,1,0.0,52.4640301221,0.560957772368946,0.5210614229067825,H005_add_calendar,3,pooled_with_corridor_thresholds,logistic,2023,0.5990390112432962,26,"{""C"": 0.01, ""class_weight"": ""balanced""}"
2023-05-05,RUB_UZS,UZS,CBR,UZS_RC_F02_09_2016_T02_09_2026.dbf,10000,68.6017,0.00686017,145.7689824013,1.0,False,-0.010596165938814295,-0.029441433335172573,-0.04174721750402299,-0.03921475258992446,-0.01785146731645304,0.0,-0.020890202836265193,0.0,0.0,-0.03017412608272152,0.0,0.0,-0.035973120617501686,0.0,0.09968757463984512,0.010022804699532317,0.6180481017690317,0.005798357086206657,0.0063482891423829865,0.008460846455967402,4,0.49999999999999994,-0.8660254037844387,-0.433883739117558,-0.9009688679024191,True,True,0,215.7818246487,-4.3478876807,0.5427835012866946,0.5210614229067825,H005_add_calendar,3,pooled_with_corridor_thresholds,logistic,2023,0.5990390112432962,26,"{""C"": 0.01, ""class_weight"": ""balanced""}"
2023-05-12,RUB_UZS,UZS,CBR,UZS_RC_F02_09_2016_T02_09_2026.dbf,10000,66.257,0.0066257,150.9274491752,1.0,False,-0.012268932617769845,-0.03417845330363534,-0.053717462031300345,-0.06932481557020131,-0.07622274273604368,0.0,-0.021015288278690814,0.0,0.0,-0.04495102737998269,0.0,0.0,-0.059210913988304026,0.0,0.03347319492754752,-0.0274842089295112,0.2575024898306912,0.007467730501223875,0.008287102070368355,0.006863022291050992,7,0.49999999999999994,-0.8660254037844387,-0.433883739117558,-0.9009688679024191,True,True,1,0.0,123.4570530232,0.6139969018323314,0.5210614229067825,H005_add_calendar,3,pooled_with_corridor_thresholds,logistic,2023,0.5990390112432962,26,"{""C"": 0.01, ""class_weight"": ""balanced""}"
2023-05-20,RUB_UZS,UZS,CBR,UZS_RC_F02_09_2016_T02_09_2026.dbf,10000,69.5581,0.00695581,143.7647089268,1.0,False,-0.003773903777627652,-0.007053311673295148,0.03295569128690845,0.0031974547279640664,-0.02357740353773352,0.0053797088713163355,-0.004433512061196687,0.2423808283407138,0.04982266024721915,0.014353434830751022,0.739410908276402,0.04982266024721915,-0.003393726180677903,0.6078366384945396,0.06549707960657014,0.01421665067187261,0.5969619970401804,0.015481197987205446,0.015528295935685683,0.011608031785966423,2,0.49999999999999994,-0.8660254037844387,-0.9749279121818236,-0.2225209339563146,True,True,1,0.0,41.0379676879,0.5985161288903701,0.5210614229067825,H005_add_calendar,3,pooled_with_corridor_thresholds,logistic,2023,0.5990390112432962,26,"{""C"": 0.01, ""class_weight"": ""balanced""}"
2023-05-26,RUB_UZS,UZS,CBR,UZS_RC_F02_09_2016_T02_09_2026.dbf,10000,70.0509,0.00700509,142.7533407851,1.0,False,0.001274983312298028,0.005849792155764755,0.0032840840083869782,0.05726036494257225,-0.016034014866755375,0.007084724855911828,0.002938191739274565,1.0,0.0402738981480244,0.005974738223748721,0.8017501330337614,0.05726036494257225,0.007851573641818765,0.6985766631681674,0.06393232231950963,0.017368530588705244,0.6374594905654664,0.003320001262367029,0.011338195555748554,0.011676030145444879,0,0.49999999999999994,-0.8660254037844387,-0.433883739117558,-0.9009688679024191,True,True,1,8.4367224404,-14.5125342671,0.5718084345914705,0.5210614229067825,H005_add_calendar,3,pooled_with_corridor_thresholds,logistic,2023,0.5990390112432962,26,"{""C"": 0.01, ""class_weight"": ""balanced""}"
2023-06-02,RUB_UZS,UZS,CBR,UZS_RC_F02_09_2016_T02_09_2026.dbf,10000,71.0215,0.00710215,140.802433066,1.0,False,0.00014504754179611723,0.012686113859903703,0.013855639256597607,0.017185226348293225,0.014329131568649345,0.014711723373309393,0.006513715337516546,1.0,0.021038527504345206,0.011647805858886695,1.0,0.07190938315951523,0.023693197182034664,1.0,0.07867378477100306,0.02627079249060782,0.7844443771390489,0.0034485071985676068,0.003377808869447558,0.0111747289992433,0,1.2246467991473532e-16,-1.0,-0.433883739117558,-0.9009688679024191,True,True,1,19.1350506537,-33.8281856742,0.5625025247709077,0.5210614229067825,H005_add_calendar,3,pooled_with_corridor_thresholds,logistic,2023,0.5990390112432962,26,"{""C"": 0.01, ""class_weight"": ""balanced""}"
2023-06-08,RUB_UZS,UZS,CBR,UZS_RC_F02_09_2016_T02_09_2026.dbf,10000,71.0666,0.00710666,140.713077592,1.0,False,0.0014147580115604352,0.002553410001467249,0.0007801586228650681,0.015792926701323706,0.05943053070960036,0.002553410001467249,0.0006200846604234034,0.6300034806822103,0.01535608456990678,0.005254107919127726,0.9099991533316386,0.07259006595529538,0.015595357848361191,0.9783762891840758,0.07935876309014822,0.022488509642706322,0.791274192082866,0.0027576654195374454,0.003216044952624035,0.009090950974222318,0,1.2246467991473532e-16,-1.0,0.43388373911755823,-0.900968867902419,True,True,1,0.0,56.868582247,0.5274577428294918,0.5210614229067825,H005_add_calendar,3,pooled_with_corridor_thresholds,logistic,2023,0.5990390112432962,26,"{""C"": 0.01, ""class_weight"": ""balanced""}"
2023-06-17,RUB_UZS,UZS,CBR,UZS_RC_F02_09_2016_T02_09_2026.dbf,10000,72.9923,0.00729923,137.0007521341,1.0,False,-0.0021517518185310003,-0.0014309772370646456,0.018334749386493154,0.027749343508655988,0.045411448606162086,0.009980490099763317,-0.0002676278258429976,0.5642650395055951,0.029719717403816848,0.01261659151704042,0.7908923677591334,0.049371676339635684,0.02598950962648372,0.8604429745439977,0.10165416484296008,0.04094383159079662,0.9236180628882524,0.007149539517729628,0.005774329300224325,0.00463531032458839,2,1.2246467991473532e-16,-1.0,-0.9749279121818236,-0.2225209339563146,True,True,1,0.0,21.3674629453,0.5951800878201899,0.5210614229067825,H005_add_calendar,3,pooled_with_corridor_thresholds,logistic,2023,0.5990390112432962,26,"{""C"": 0.01, ""class_weight"": ""balanced""}"
2023-06-23,RUB_UZS,UZS,CBR,UZS_RC_F02_09_2016_T02_09_2026.dbf,10000,72.7023,0.00727023,137.5472302802,1.0,False,-0.008449056078819628,-0.0077128436385077714,-0.006116224673511916,0.02301643810172438,0.03917286172291412,0.0,-0.005922436509577356,0.0,0.014288883215375359,-0.0032891787499750302,0.5473492945703284,0.03872596504161918,0.012303343321912408,0.7619114546732255,0.0972772688168797,0.030976848967875004,0.8838500884494603,0.0046561293751830705,0.00651694926400723,0.005015481307282957,2,1.2246467991473532e-16,-1.0,-0.433883739117558,-0.9009688679024191,True,True,1,0.0,67.2319193818,0.5755369387224565,0.5210614229067825,H005_add_calendar,3,pooled_with_corridor_thresholds,logistic,2023,0.5990390112432962,26,"{""C"": 0.01, ""class_weight"": ""balanced""}"
2023-07-15,RUB_UZS,UZS,CBR,UZS_RC_F02_09_2016_T02_09_2026.dbf,10000,77.8086,0.00778086,128.5204977342,1.0,False,0.0003098303646613676,-0.0065423066610488245,-0.019578540971543323,0.011348467222543457,0.06598367225036061,0.0003098303646613676,-0.005745847147636485,0.018641707920788737,0.0036555855386377623,-0.008006592839746696,0.1027817067421023,0.07023574219797712,0.020206443097882998,0.6736365795097745,0.17434535218920266,0.07426042192414295,0.8236141314035144,0.00419128285981122,0.010814066403568735,0.009262293512045253,0,-0.4999999999999998,-0.8660254037844388,-0.9749279121818236,-0.2225209339563146,True,True,1,0.0,23.2849768304,0.5402447379762637,0.5210614229067825,H005_add_calendar,3,pooled_with_corridor_thresholds,logistic,2023,0.5990390112432962,26,"{""C"": 0.01, ""class_weight"": ""balanced""}"
2023-07-22,RUB_UZS,UZS,CBR,UZS_RC_F02_09_2016_T02_09_2026.dbf,10000,77.9649,0.00779649,128.262846486,1.0,False,-0.004560654017193078,-0.0037032919428481303,0.002008775379585215,-0.01760909448302983,0.06472626264419534,0.0,-0.0035471797658661597,0.0,0.0023192281238548773,-0.003647907006166684,0.13954207920791747,0.05620024818333058,0.005575654268291208,0.6415768392075583,0.17670434821981074,0.06793825578947277,0.834758119140137,0.004005313023379075,0.0044930826433468764,0.009065800699450004,2,-0.4999999999999998,-0.8660254037844388,-0.9749279121818236,-0.2225209339563146,True,True,1,3.1424397389,22.4486281272,0.5537463089487761,0.5210614229067825,H005_add_calendar,3,pooled_with_corridor_thresholds,logistic,2023,0.5990390112432962,26,"{""C"": 0.01, ""class_weight"": ""balanced""}"
2023-08-19,RUB_UZS,UZS,CBR,UZS_RC_F02_09_2016_T02_09_2026.dbf,10000,77.4103,0.00774103,129.1817755518,1.0,False,-0.0017563655355173902,-0.0415626640517438,-0.04819851887918758,-0.048959769225288,-0.007113457466116135,0.0,-0.031687863709813247,0.0,0.0,-0.04788700242264521,0.0,0.0,-0.03339935061570143,0.0,0.10599098751568059,0.011480188133801805,0.533118222388307,0.02752428787077515,0.022168473415997633,0.016517057736897173,4,-0.8660254037844384,-0.5000000000000004,-0.9749279121818236,-0.2225209339563146,True,True,1,0.0,122.2144951525,0.6091592210110887,0.5210614229067825,H005_add_calendar,3,pooled_with_corridor_thresholds,logistic,2023,0.5990390112432962,26,"{""C"": 0.01, ""class_weight"": ""balanced""}"
2023-08-25,RUB_UZS,UZS,CBR,UZS_RC_F02_09_2016_T02_09_2026.dbf,10000,78.2269,0.00782269,127.8332645164,1.0,False,0.0014158376676827178,0.003612789995034893,0.008774090384479072,-0.06180259054929238,0.010171850948873518,0.01054898379156266,0.004241267774221624,1.0,0.01054898379156266,-0.01368178320489355,0.1256926486885852,0.01054898379156266,-0.024087639230212732,0.1256926486885852,0.10356546322525317,0.015453184331701175,0.5637829743117159,0.003873815117903479,0.020494677683130996,0.016596035165096296,0,-0.8660254037844384,-0.5000000000000004,-0.433883739117558,-0.9009688679024191,True,True,1,0.0,5.473744461,0.5788322999302249,0.5210614229067825,H005_add_calendar,3,pooled_with_corridor_thresholds,logistic,2023,0.5990390112432962,26,"{""C"": 0.01, ""class_weight"": ""balanced""}"
2023-09-02,RUB_UZS,UZS,CBR,UZS_RC_F02_09_2016_T02_09_2026.dbf,10000,79.6868,0.00796868,125.4912984334,1.0,False,6.902497825711507e-05,0.005146394748659189,0.013758614241024647,0.029408231204374635,-0.020991358234003443,0.007447751325259766,0.0032997283465399097,1.0,0.024465248547898222,0.011508994908867809,1.0,0.029408231204374635,-0.0044364886118088975,0.3504032754586884,0.10261100579762283,0.023566809234050634,0.6373097515490594,0.002401937378350889,0.0028257159897002674,0.015878850897501344,0,-1.0,-1.8369701987210297e-16,-0.9749279121818236,-0.2225209339563146,True,True,1,0.0,-10.2308261738,0.5672522891332684,0.5210614229067825,H005_add_calendar,3,pooled_with_corridor_thresholds,logistic,2023,0.5990390112432962,26,"{""C"": 0.01, ""class_weight"": ""balanced""}"
2023-09-09,RUB_UZS,UZS,CBR,UZS_RC_F02_09_2016_T02_09_2026.dbf,10000,80.6812,0.00806812,123.944611632,1.0,False,-0.00236421820052346,0.002375450366504994,0.012478854716213794,0.02640916070544863,-0.00798103535828587,0.010561386808286777,0.002140385010945156,0.8151585460170083,0.020019545448224152,0.008933707488607778,0.8922634811517391,0.04225406696524869,0.014817460411796102,0.5034632434429259,0.10974755956826665,0.028089459187921273,0.712096601456519,0.003750572063231152,0.0029721038519523973,0.014003583349874251,1,-1.0,-1.8369701987210297e-16,-0.9749279121818236,-0.2225209339563146,True,True,0,152.7617338364,-22.198068383,0.5305965341372471,0.5210614229067825,H005_add_calendar,3,pooled_with_corridor_thresholds,logistic,2023,0.5990390112432962,26,"{""C"": 0.01, ""class_weight"": ""balanced""}"
2023-09-16,RUB_UZS,UZS,CBR,UZS_RC_F02_09_2016_T02_09_2026.dbf,10000,79.5077,0.00795077,125.7739816395,1.0,False,0.005581384760150909,0.021180704507915538,-0.014544900175009867,-0.0022475491549417415,0.027094585604241272,0.021180704507915538,0.007236961788497087,1.0,0.021180704507915538,-0.0026963475629138145,0.5471829583913955,0.022162712544257168,0.0032341388586369924,0.5581493233180053,0.07710075267826655,0.006982823444435571,0.5640143894873496,0.013985231948443807,0.01005433772252381,0.00736016181876882,0,-1.0,-1.8369701987210297e-16,-0.9749279121818236,-0.2225209339563146,True,True,1,15.8475216866,-52.8023559391,0.564519668191876,0.5210614229067825,H005_add_calendar,3,pooled_with_corridor_thresholds,logistic,2023,0.5990390112432962,26,"{""C"": 0.01, ""class_weight"": ""balanced""}"
2023-09-22,RUB_UZS,UZS,CBR,UZS_RC_F02_09_2016_T02_09_2026.dbf,10000,78.8926,0.00788926,126.7546005582,1.0,False,-0.0064204608424932585,-0.006161369685960261,-0.0021981524389625973,-0.02448053971441433,0.008509860418858484,0.0,-0.004668278691771666,0.0,0.013280485392750396,-0.00409357197607374,0.3663289166017155,0.013280485392750396,-0.007491000690732719,0.34308845975180796,0.02543819173203521,-0.004729303870893875,0.2807246543117797,0.004901053807088803,0.009632774235494532,0.007454827134141222,1,-1.0,-1.8369701987210297e-16,-0.433883739117558,-0.9009688679024191,True,True,1,13.3345839787,16.6206408329,0.6556753919173945,0.5210614229067825,H005_add_calendar,3,pooled_with_corridor_thresholds,logistic,2023,0.5990390112432962,26,"{""C"": 0.01, ""class_weight"": ""balanced""}"
2023-09-28,RUB_UZS,UZS,CBR,UZS_RC_F02_09_2016_T02_09_2026.dbf,10000,79.1301,0.00791301,126.3741610335,1.0,False,0.0036312303567307413,0.004349680278826318,-0.0034293673742858966,0.00417889158485707,-0.0031355900175108475,0.00508192556839826,0.0032115915482351376,1.0,0.00508192556839826,0.0005439573695225075,0.5144657322875179,0.016330887018261242,-0.003958357380498212,0.4218926272479903,0.022216681759404056,-0.0028078574810540546,0.2647149365841643,0.003757874337115151,0.003714237940543915,0.007282746351479957,0,-1.0,-1.8369701987210297e-16,0.43388373911755823,-0.900968867902419,True,True,1,0.0,22.0558923404,0.5621349767873592,0.5210614229067825,H005_add_calendar,3,pooled_with_corridor_thresholds,logistic,2023,0.5990390112432962,26,"{""C"": 0.01, ""class_weight"": ""balanced""}"
2023-10-07,RUB_UZS,UZS,CBR,UZS_RC_F02_09_2016_T02_09_2026.dbf,10000,82.3824,0.00823824,121.3851502263,1.0,False,0.00898482280204993,0.012489215423603373,0.029630703547985693,0.045629123438519326,0.021085457330828117,0.01850766640209489,0.010338808070407435,1.0,0.04639146449892051,0.024614661338526966,1.0,0.05810276578309925,0.03345652157550494,1.0,0.06423047062212661,0.03461518786254336,0.7653152321142739,0.004243665702662265,0.003678967405984314,0.007913311173717378,0,-0.8660254037844386,0.5000000000000001,-0.9749279121818236,-0.2225209339563146,True,True,1,0.0,-33.9151973909,0.5456762568433253,0.5210614229067825,H005_add_calendar,3,pooled_with_corridor_thresholds,logistic,2023,0.5990390112432962,26,"{""C"": 0.01, ""class_weight"": ""balanced""}"
2023-10-13,RUB_UZS,UZS,CBR,UZS_RC_F02_09_2016_T02_09_2026.dbf,10000,79.3992,0.00793992,125.9458533587,1.0,False,-0.031126296522269614,-0.045123768359604854,-0.02755215018469348,-0.0027806874100421153,0.004209120435482161,0.0,-0.02918561546706333,0.0,0.0,-0.024887719724853263,0.0,0.00849993649180747,-0.011022107739888765,0.15135819781512164,0.02569296333950377,-0.005618354649995827,0.3061353281615559,0.01706914246129292,0.012914803451272982,0.009328183001116232,3,-0.8660254037844386,0.5000000000000001,-0.433883739117558,-0.9009688679024191,True,True,1,0.0,167.4817761337,0.5892353654852955,0.5210614229067825,H005_add_calendar,3,pooled_with_corridor_thresholds,logistic,2023,0.5990390112432962,26,"{""C"": 0.01, ""class_weight"": ""balanced""}"
2023-10-20,RUB_UZS,UZS,CBR,UZS_RC_F02_09_2016_T02_09_2026.dbf,10000,79.7149,0.00797149,125.4470619671,1.0,False,-0.0016381596003292032,0.0011101831676638696,0.003976110590534931,-0.023685589990299905,0.010423030803902833,0.0018084478013344896,7.92888293830174e-05,0.523844193665802,0.003976110590534931,-0.012786544900899588,0.08413954851949519,0.012509843769846318,-0.008466757940329916,0.22276253590572806,0.02977123199367515,-0.0037353773367667653,0.354728481714074,0.0015188464995893026,0.011889672340839643,0.009071938468936754,1,-0.8660254037844386,0.5000000000000001,-0.433883739117558,-0.9009688679024191,True,True,0,163.4951558617,-68.5231701457,0.6717205257399222,0.5210614229067825,H005_add_calendar,3,pooled_with_corridor_thresholds,logistic,2023,0.5990390112432962,26,"{""C"": 0.01, ""class_weight"": ""balanced""}"
2023-10-26,RUB_UZS,UZS,CBR,UZS_RC_F02_09_2016_T02_09_2026.dbf,10000,76.3535,0.00763535,130.9697656296,1.0,False,-0.0024952805230944453,-0.02624739196751502,-0.04373685746383338,-0.06829164124466125,-0.035089049552572305,0.0,-0.017558329398171035,0.0,0.0,-0.02959097132664923,0.0,0.0,-0.04635376305481531,0.0,0.0,-0.04429014571873202,0.0,0.006538867803271497,0.010827916000368417,0.010401379802416429,5,-0.8660254037844386,0.5000000000000001,0.43388373911755823,-0.900968867902419,True,True,1,1.1656309141,70.7951712596,0.5365395414735952,0.5210614229067825,H005_add_calendar,3,pooled_with_corridor_thresholds,logistic,2023,0.5990390112432962,26,"{""C"": 0.01, ""class_weight"": ""balanced""}"
2023-11-03,RUB_UZS,UZS,CBR,UZS_RC_F02_09_2016_T02_09_2026.dbf,10000,76.0658,0.00760658,131.465126246,1.0,False,-0.002337233093751667,-0.0024654509021190263,-0.008533573164929864,-0.04577688738240904,-0.06837822478713707,0.010039875341423476,0.00029220086692394176,0.730601990530486,0.010039875341423476,-0.00673270533053727,0.24375382829878536,0.010039875341423476,-0.033033879751689366,0.0964216486431343,0.010039875341423476,-0.04050345130468003,0.08794519273268699,0.008999566075363332,0.008877075767476794,0.010280724210530667,1,-0.5000000000000004,0.8660254037844384,-0.433883739117558,-0.9009688679024191,True,True,1,7.4672191708,-10.5339290089,0.5830363278939483,0.5210614229067825,H005_add_calendar,3,pooled_with_corridor_thresholds,logistic,2023,0.5990390112432962,26,"{""C"": 0.01, ""class_weight"": ""balanced""}"
2023-11-10,RUB_UZS,UZS,CBR,UZS_RC_F02_09_2016_T02_09_2026.dbf,10000,74.7552,0.00747552,133.7699584778,1.0,False,-0.004308811953323555,-0.016495415016642756,-0.01952678243533912,-0.020932897640579595,-0.08779499694935922,0.0,-0.009147287068303145,0.0,0.0,-0.013912691109553954,0.0,0.0,-0.03224309346347376,0.0,0.0,-0.05206708336744725,0.0,0.003163548179372497,0.006906605131283886,0.009190130083827667,5,-0.5000000000000004,0.8660254037844384,-0.433883739117558,-0.9009688679024191,True,True,1,0.0,49.6995532041,0.6050090859012437,0.5210614229067825,H005_add_calendar,3,pooled_with_corridor_thresholds,logistic,2023,0.5990390112432962,26,"{""C"": 0.01, ""class_weight"": ""balanced""}"
2023-11-17,RUB_UZS,UZS,CBR,UZS_RC_F02_09_2016_T02_09_2026.dbf,10000,72.4203,0.00724203,138.0828303666,1.0,False,-0.005054390684204324,-0.03536706382241872,-0.03123394760498266,-0.050150831540842544,-0.09299686770859295,0.0,-0.020032816992089808,0.0,0.0,-0.030167920064312348,0.0,0.0,-0.044708940165548716,0.0,0.0,-0.07791397298956126,0.0,0.009478068145014739,0.006776314654893898,0.007703772549492136,3,-0.5000000000000004,0.8660254037844384,-0.433883739117558,-0.9009688679024191,True,True,1,0.0,108.3561156561,0.6096859270264788,0.5210614229067825,H005_add_calendar,3,pooled_with_corridor_thresholds,logistic,2023,0.5990390112432962,26,"{""C"": 0.01, ""class_weight"": ""balanced""}"
2023-11-24,RUB_UZS,UZS,CBR,UZS_RC_F02_09_2016_T02_09_2026.dbf,10000,71.7503,0.00717503,139.3722395586,1.0,False,-0.001436255714752921,-0.004362746254407579,-0.009251549634563871,-0.04019653482299568,-0.06028800251461952,0.0025122082422226466,-0.003118870248717709,0.16892145809845804,0.0025122082422226466,-0.016280456103943908,0.05129814550641912,0.0025122082422226466,-0.03527503756697248,0.03491262135922313,0.0025122082422226466,-0.07966503709981931,0.015525697706548682,0.005433842463289135,0.007650925131296227,0.0071659324555951405,1,-0.5000000000000004,0.8660254037844384,-0.433883739117558,-0.9009688679024191,True,True,1,0.0,30.1130021671,0.6368573550278565,0.5210614229067825,H005_add_calendar,3,pooled_with_corridor_thresholds,logistic,2023,0.5990390112432962,26,"{""C"": 0.01, ""class_weight"": ""balanced""}"
2023-11-30,RUB_UZS,UZS,CBR,UZS_RC_F02_09_2016_T02_09_2026.dbf,10000,72.1755,0.00721755,138.551170411,1.0,False,0.002686779074241974,-1.6625864025399117e-05,0.004481340505333664,-0.008417573178070126,-0.04161748088227679,0.005926107626030852,0.001812480324775212,0.9971857410881765,0.00845320348467582,0.0013686780152017963,0.5683953400977046,0.00845320348467582,-0.018903061701292745,0.1294533005242319,0.00845320348467582,-0.06799018819236458,0.05224164133738581,0.003376585086216025,0.004729285889711846,0.0069696098476097834,0,-0.5000000000000004,0.8660254037844384,0.43388373911755823,-0.900968867902419,True,True,1,5.6113224016,31.0338588319,0.5260024442402574,0.5210614229067825,H005_add_calendar,3,pooled_with_corridor_thresholds,logistic,2023,0.5990390112432962,26,"{""C"": 0.01, ""class_weight"": ""balanced""}"
2023-12-09,RUB_UZS,UZS,CBR,UZS_RC_F02_09_2016_T02_09_2026.dbf,10000,74.4729,0.00744729,134.2770323165,1.0,False,-0.009995373866065416,-0.002064936283114771,0.01883687205866247,0.03181359081254742,-0.005876141822992342,0.010251338900554963,-0.0031469186700219254,0.4243360098826423,0.034603047146443355,0.013142174757566849,0.7084186575654149,0.040553021146980894,0.018983385074109682,0.7389754557490578,0.040553021146980894,-0.03026344807632131,0.25062171870682476,0.010029736826308299,0.00791419633949991,0.008539900582869124,2,-2.4492935982947064e-16,1.0,-0.9749279121818236,-0.2225209339563146,True,True,0,77.0347334399,25.9725202126,0.552261079364126,0.5210614229067825,H005_add_calendar,3,pooled_with_corridor_thresholds,logistic,2023,0.5990390112432962,26,"{""C"": 0.01, ""class_weight"": ""balanced""}"
2023-12-15,RUB_UZS,UZS,CBR,UZS_RC_F02_09_2016_T02_09_2026.dbf,10000,72.5108,0.00725108,137.9104905752,1.0,False,-0.0038822200913818383,-0.01878775412995004,-0.036078527294190144,0.005209676301379362,0.0012496496148179936,0.0,-0.011742296417888043,0.0,0.0,-0.018831435855544254,0.0,0.01313809460601778,-0.006366597074726865,0.23940829004990377,0.01313809460601778,-0.05065537573064094,0.08119473611494897,0.0026664124293747354,0.009686889864622903,0.007364773038587037,6,-2.4492935982947064e-16,1.0,-0.433883739117558,-0.9009688679024191,True,True,1,0.0,50.1456774959,0.6258915007258601,0.5210614229067825,H005_add_calendar,3,pooled_with_corridor_thresholds,logistic,2023,0.5990390112432962,26,"{""C"": 0.01, ""class_weight"": ""balanced""}"
2023-12-21,RUB_UZS,UZS,CBR,UZS_RC_F02_09_2016_T02_09_2026.dbf,10000,73.0745,0.00730745,136.8466428097,1.0,False,0.004751893676379071,0.0067909773275871554,0.003861613827627286,-0.032101470103221064,0.01699290918326879,0.007774014353723935,0.003923123485518598,1.0,0.007774014353723935,-0.0037838069965323573,0.20770081061164364,0.01845567196234721,-0.0009081099882254362,0.35332728534073404,0.021014244695789497,-0.038276421625045964,0.12987012987012997,0.004904052167235335,0.005660826603580686,0.007133260173067021,0,-2.4492935982947064e-16,1.0,0.43388373911755823,-0.900968867902419,True,True,1,0.0,50.1672240803,0.5326605488488156,0.5210614229067825,H005_add_calendar,3,pooled_with_corridor_thresholds,logistic,2023,0.5990390112432962,26,"{""C"": 0.01, ""class_weight"": ""balanced""}"
2023-12-29,RUB_UZS,UZS,CBR,UZS_RC_F02_09_2016_T02_09_2026.dbf,10000,73.1198,0.00731198,136.7618620401,1.0,False,-0.014904460829815891,-0.017550318437105306,-0.01211486627981595,0.008398748876029538,0.013652179940389475,0.0,-0.012876115883692973,0.0,0.007415102450207822,-0.006279131682373151,0.29180221210149854,0.008398748876029538,-0.00843967684157887,0.20386302011850194,0.021647187039352866,-0.029582314690956624,0.13378177673390448,0.007364857526761932,0.00737119618226283,0.008379113599992776,3,-2.4492935982947064e-16,1.0,-0.433883739117558,-0.9009688679024191,True,True,0,59.0264196565,44.1308567043,0.6040817857622744,0.5210614229067825,H005_add_calendar,3,pooled_with_corridor_thresholds,logistic,2023,0.5990390112432962,26,"{""C"": 0.01, ""class_weight"": ""balanced""}"
2024-01-12,RUB_AMD,AMD,CBR,AMD_RC_F02_09_2016_T02_09_2026.dbf,100,21.9209,0.219209,4.5618564931,1.0,False,-0.005692539371507377,-0.010642379054642603,-0.03147146669494383,-0.016673694409804263,-0.047633736363517865,0.0,-0.009909531487830026,0.0,0.0,-0.021092535556505143,0.0,0.0,-0.020966621781258632,0.0,0.004265203089637959,-0.03731326569136184,0.02683229097616472,0.007912708524289979,0.008433654292710391,0.006866194006210549,2,0.49999999999999994,0.8660254037844387,-0.433883739117558,-0.9009688679024191,True,True,0,81.4747569671,12.5618900893,0.6282780927107877,0.5951427171314133,H005_add_calendar,3,pooled_with_corridor_thresholds,logistic,2024,0.6158006229707257,26,"{""C"": 0.01, ""class_weight"": ""balanced""}"
2024-01-19,RUB_AMD,AMD,CBR,AMD_RC_F02_09_2016_T02_09_2026.dbf,100,21.8781,0.218781,4.5707808265,1.0,False,0.004070786712805363,0.01182101977107175,-0.001952474579054564,-0.033362494035311,-0.016449379607984205,0.012481257288832204,0.006901649197768478,1.0,0.012481257288832204,-0.0025585591828657384,0.39620978404583546,0.012481257288832204,-0.013685179558247551,0.24937586685159566,0.012481257288832204,-0.029443724917447844,0.10241123979494988,0.006767714808137649,0.007622891492136899,0.0069691914545135505,0,0.49999999999999994,0.8660254037844387,-0.433883739117558,-0.9009688679024191,True,True,1,12.249692615,-45.5486732571,0.6757013821007777,0.5951427171314133,H005_add_calendar,3,pooled_with_corridor_thresholds,logistic,2024,0.6158006229707257,26,"{""C"": 0.01, ""class_weight"": ""balanced""}"
2024-01-26,RUB_AMD,AMD,CBR,AMD_RC_F02_09_2016_T02_09_2026.dbf,100,21.9332,0.219332,4.5592982328,1.0,False,0.005593456572769995,0.010118129274414578,0.002518500235395127,0.0005611083486536383,-0.01612194181028692,0.01064408216678503,0.0060048765541951266,1.0,0.015031191573647185,0.007718280687390555,1.0,0.015031191573647185,-0.006613458265283145,0.3003236245954696,0.015031191573647185,-0.01965922968883238,0.19830270468282557,0.004917766794773221,0.005596677523180784,0.007021788099844015,0,0.49999999999999994,0.8660254037844387,-0.433883739117558,-0.9009688679024191,True,True,1,0.0,10.6768859408,0.6592687011245397,0.5951427171314133,H005_add_calendar,3,pooled_with_corridor_thresholds,logistic,2024,0.6158006229707257,26,"{""C"": 0.01, ""class_weight"": ""balanced""}"
2024-02-02,RUB_AMD,AMD,CBR,AMD_RC_F02_09_2016_T02_09_2026.dbf,100,22.3408,0.223408,4.476115448,1.0,False,0.005821308781487122,0.006755021202384803,0.018583699596957937,0.02114900288416277,-0.012919074633723993,0.010740429074260094,0.006112114885422404,1.0,0.029425588189215812,0.015321073565876198,1.0,0.033894226319394205,0.01692616169639427,1.0,0.033894226319394205,0.001948287596101661,0.46557752209014047,0.005711805921320203,0.005298529455592447,0.006978114528759931,0,0.8660254037844386,0.5000000000000001,-0.433883739117558,-0.9009688679024191,True,True,1,0.0,-13.7926441792,0.6121015336271937,0.5951427171314133,H005_add_calendar,3,pooled_with_corridor_thresholds,logistic,2024,0.6158006229707257,26,"{""C"": 0.01, ""class_weight"": ""balanced""}"
2024-02-09,RUB_AMD,AMD,CBR,AMD_RC_F02_09_2016_T02_09_2026.dbf,100,22.5619,0.225619,4.4322508299,1.0,False,0.0006297759860205421,-0.0009476028746906451,0.009896691255460777,0.0286643079897142,0.02924150012088922,0.005732549379716678,0.0021507114848524633,0.8573333333333203,0.020743415040219926,0.00906200915235189,0.9554073765367743,0.04412635826808087,0.022647513886279613,0.9780490306698103,0.04412635826808087,0.013954026270402986,0.676769110653701,0.0052715280978443005,0.005260426030103045,0.005474263751865224,0,0.8660254037844386,0.5000000000000001,-0.433883739117558,-0.9009688679024191,True,True,1,42.0620603761,-25.7796748752,0.5981843038804938,0.5951427171314133,H005_add_calendar,3,pooled_with_corridor_thresholds,logistic,2024,0.6158006229707257,26,"{""C"": 0.01, ""class_weight"": ""balanced""}"
2024-02-17,RUB_AMD,AMD,CBR,AMD_RC_F02_09_2016_T02_09_2026.dbf,100,22.8844,0.228844,4.3697890266,1.0,False,0.007475368265344784,0.014253550091300804,0.018578359371522524,0.019749389515712146,0.04727865161340494,0.01645198543128723,0.009622214476998847,1.0,0.020108499418275416,0.012921561918639357,1.0,0.05447373998949412,0.024939122349633136,1.0,0.059051109753614384,0.028198431699804516,0.905671090921996,0.002267811108441286,0.0044509984053819765,0.004728591669375473,0,0.8660254037844386,0.5000000000000001,-0.9749279121818236,-0.2225209339563146,True,True,1,13.7648354337,-47.1402264939,0.6627249721933905,0.5951427171314133,H005_add_calendar,3,pooled_with_corridor_thresholds,logistic,2024,0.6158006229707257,26,"{""C"": 0.01, ""class_weight"": ""balanced""}"
2024-02-23,RUB_AMD,AMD,CBR,AMD_RC_F02_09_2016_T02_09_2026.dbf,100,22.938,0.22938,4.3595779929,1.0,False,0.0033418483395737386,0.003723816233388355,0.009835084042862263,0.016669695371400506,0.04581182864333533,0.004638206735254391,0.002806704614012334,1.0,0.020964080651622252,0.00922593892814727,1.0,0.0377588968213034,0.017486186331981957,1.0,0.061531626589659494,0.027837911571496177,0.9437149549293783,0.0036105696139805262,0.003238433575901386,0.004294648452566963,0,0.8660254037844386,0.5000000000000001,-0.433883739117558,-0.9009688679024191,True,True,1,0.0,-16.6813683962,0.6006245228475704,0.5951427171314133,H005_add_calendar,3,pooled_with_corridor_thresholds,logistic,2024,0.6158006229707257,26,"{""C"": 0.01, ""class_weight"": ""balanced""}"
2024-03-01,RUB_AMD,AMD,CBR,AMD_RC_F02_09_2016_T02_09_2026.dbf,100,22.4768,0.224768,4.4490318907,1.0,False,-0.010786950034988307,-0.0186903239044921,-0.016831717815026126,-0.00789646755562623,0.011944263106949071,0.0,-0.012454163528887618,0.0,0.0,-0.013945791761151405,0.0,0.006087517009238708,-0.007766392836536795,0.22772940388479554,0.04018807500786736,0.005071459441403858,0.6163673788061611,0.005373796387230201,0.005093455560982787,0.004816015925204162,4,1.0,6.123233995736766e-17,-0.433883739117558,-0.9009688679024191,True,True,1,0.0,85.1290421171,0.6090229156195496,0.5951427171314133,H005_add_calendar,3,pooled_with_corridor_thresholds,logistic,2024,0.6158006229707257,26,"{""C"": 0.01, ""class_weight"": ""balanced""}"
2024-03-08,RUB_AMD,AMD,CBR,AMD_RC_F02_09_2016_T02_09_2026.dbf,100,22.4788,0.224788,4.4486360482,1.0,False,0.005088307623518862,-0.005556440339049118,8.898063781326293e-05,-0.016744234874199626,-0.0030557440448472084,0.005088307623518862,-0.0020014313697285235,0.4675431388660604,0.005088307623518862,-0.007210913136475594,0.19860383944153534,0.005088307623518862,-0.008275911663902402,0.19860383944153534,0.04028063160622719,0.0043884766184973945,0.617786925970615,0.005925330483696964,0.005627420181190365,0.0047225079477048746,0,1.0,6.123233995736766e-17,-0.433883739117558,-0.9009688679024191,True,True,1,0.0,6.0845717363,0.659754093838634,0.5951427171314133,H005_add_calendar,3,pooled_with_corridor_thresholds,logistic,2024,0.6158006229707257,26,"{""C"": 0.01, ""class_weight"": ""balanced""}"
2024-03-15,RUB_AMD,AMD,CBR,AMD_RC_F02_09_2016_T02_09_2026.dbf,100,22.7582,0.227582,4.3940206167,1.0,False,0.00161521026340683,0.01348902040943556,0.01758104180639397,0.0015975776673606834,0.008660272661194623,0.01348902040943556,0.007500183719527875,1.0,0.01758104180639397,0.008958540316978292,1.0,0.01758104180639397,0.0032553272949573664,0.6862129144851675,0.05321078839710491,0.0174554805666729,0.8647713598074613,0.0035957479981977157,0.006177528498058161,0.005026352330194035,0,1.0,6.123233995736766e-17,-0.433883739117558,-0.9009688679024191,True,True,1,0.0,-24.5284348618,0.601569037843336,0.5951427171314133,H005_add_calendar,3,pooled_with_corridor_thresholds,logistic,2024,0.6158006229707257,26,"{""C"": 0.01, ""class_weight"": ""balanced""}"
2024-03-23,RUB_AMD,AMD,CBR,AMD_RC_F02_09_2016_T02_09_2026.dbf,100,23.2833,0.232833,4.2949238295,1.0,False,0.00901834003605595,0.013061771475562534,0.020414155801468326,0.03578927700766954,0.01844577807327563,0.017466657344124226,0.00872020733020773,1.0,0.036873254866334415,0.018104207086627744,1.0,0.04105969148222677,0.02318674862133263,1.0,0.0775115232964958,0.037173248197398534,1.0,0.005603430007388548,0.004436719361129083,0.005608236354216456,0,1.0,6.123233995736766e-17,-0.9749279121818236,-0.2225209339563146,True,True,1,0.0,-28.5875146522,0.632911919804007,0.5951427171314133,H005_add_calendar,3,pooled_with_corridor_thresholds,logistic,2024,0.6158006229707257,26,"{""C"": 0.01, ""class_weight"": ""balanced""}"
2024-03-30,RUB_AMD,AMD,CBR,AMD_RC_F02_09_2016_T02_09_2026.dbf,100,23.4861,0.234861,4.2578376146,1.0,False,0.004125765297397166,0.0038382137346502088,0.008710105526278378,0.02930207077900726,0.0449040788724373,0.004125765297397166,0.0023464520688725177,1.0,0.026328899299061126,0.00986946914355813,1.0,0.05012743125419172,0.024547639888262474,1.0,0.08689676237018928,0.042904507325633334,1.0,0.003748287707111656,0.004657825891425818,0.004679610898250168,0,1.0,6.123233995736766e-17,-0.9749279121818236,-0.2225209339563146,True,True,1,0.0,-9.4247780337,0.6444427837578676,0.5951427171314133,H005_add_calendar,3,pooled_with_corridor_thresholds,logistic,2024,0.6158006229707257,26,"{""C"": 0.01, ""class_weight"": ""balanced""}"
2024-04-06,RUB_AMD,AMD,CBR,AMD_RC_F02_09_2016_T02_09_2026.dbf,100,23.7896,0.237896,4.2035175034,1.0,False,0.0014986949566389018,0.0052906475549772125,0.012922537160277914,0.02174519934888952,0.05831272131964349,0.010367161453356255,0.004118686376256564,1.0,0.0171016178130452,0.009678047770161236,1.0,0.059420270492934746,0.024732699214573772,1.0,0.10094222617130377,0.05090116621510177,1.0,0.001435550033111369,0.0027114179698191744,0.0036474469166060245,0,0.8660254037844387,-0.49999999999999983,-0.9749279121818236,-0.2225209339563146,True,True,1,0.0,-14.1979937591,0.6391381992043078,0.5951427171314133,H005_add_calendar,3,pooled_with_corridor_thresholds,logistic,2024,0.6158006229707257,26,"{""C"": 0.01, ""class_weight"": ""balanced""}"
2024-04-13,RUB_AMD,AMD,CBR,AMD_RC_F02_09_2016_T02_09_2026.dbf,100,23.7259,0.237259,4.2148032319,1.0,False,-0.008984587109978737,-0.0033186444807582482,-0.0026776406496956673,0.01021029459978462,0.03981154815382926,0.0,-0.004360086949953379,0.0,0.007661761270731038,-0.0014734284166724176,0.4561314791403271,0.0368080197171774,0.009237415531415216,0.7965765084168702,0.09324861073992508,0.04007326630893204,0.9039217437913162,0.004899406515933006,0.003775096979011467,0.004237535427416407,1,0.8660254037844387,-0.49999999999999983,-0.9749279121818236,-0.2225209339563146,True,True,1,32.8754652089,22.2347183622,0.6100725105081334,0.5951427171314133,H005_add_calendar,3,pooled_with_corridor_thresholds,logistic,2024,0.6158006229707257,26,"{""C"": 0.01, ""class_weight"": ""balanced""}"
2024-04-20,RUB_AMD,AMD,CBR,AMD_RC_F02_09_2016_T02_09_2026.dbf,100,23.8005,0.238005,4.2015924035,1.0,False,-0.0032039200904636633,-5.4617717987759384e-05,0.003144243211005593,0.00045818340787562306,0.02221334604630787,0.006453004283678565,1.512596144381817e-05,0.6660846791793931,0.006453004283678565,-0.0006076010173432511,0.5206414193108123,0.017567636898450534,0.004737787943146499,0.7451940515052571,0.08513577590137333,0.035742595520768417,0.9300229106484701,0.004198392365934008,0.004344802536465586,0.0036861383937917833,1,0.8660254037844387,-0.49999999999999983,-0.9749279121818236,-0.2225209339563146,True,True,1,0.0,10.3791539101,0.6567870880137839,0.5951427171314133,H005_add_calendar,3,pooled_with_corridor_thresholds,logistic,2024,0.6158006229707257,26,"{""C"": 0.01, ""class_weight"": ""balanced""}"
2024-04-26,RUB_AMD,AMD,CBR,AMD_RC_F02_09_2016_T02_09_2026.dbf,100,23.7085,0.237085,4.217896535,1.0,False,-0.0003583927140869969,-0.004797924677199972,-0.0070570004606944625,-0.009711373793910072,0.013634264801450247,0.0,-0.0035707290995088403,0.0,0.0025625954101633486,-0.0033981606887791838,0.22394678492239184,0.009469430854845973,-0.0022991495019489827,0.48889865904594226,0.06739751930306359,0.026704671433718463,0.8655680832610569,0.004703419457480528,0.005077969047594569,0.004019675383556076,2,0.8660254037844387,-0.49999999999999983,-0.433883739117558,-0.9009688679024191,True,True,1,24.8855895565,13.0103258178,0.6047506356848535,0.5951427171314133,H005_add_calendar,3,pooled_with_corridor_thresholds,logistic,2024,0.6158006229707257,26,"{""C"": 0.01, ""class_weight"": ""balanced""}"
2024-05-03,RUB_AMD,AMD,CBR,AMD_RC_F02_09_2016_T02_09_2026.dbf,100,23.7479,0.237479,4.2108986479,5.0,False,0.004160764498192249,0.0016618512347892356,-0.007132554298973637,-0.002264534615029179,0.0035285069555957005,0.004160764498192249,0.0017438211195550668,1.0,0.004160764498192249,-0.0014552711215091163,0.3657992565055709,0.004228705297299129,-0.0015052325752511475,0.3411804844762863,0.06183322155153137,0.025366426405067033,0.8774746192893392,0.004604152292675199,0.0038122107079009687,0.003910825136777212,0,0.49999999999999994,-0.8660254037844387,-0.433883739117558,-0.9009688679024191,True,True,1,31.3711949267,-31.3004249423,0.662780134653921,0.5951427171314133,H005_add_calendar,3,pooled_with_corridor_thresholds,logistic,2024,0.6158006229707257,26,"{""C"": 0.01, ""class_weight"": ""balanced""}"
2024-05-17,RUB_AMD,AMD,CBR,AMD_RC_F02_09_2016_T02_09_2026.dbf,100,23.4286,0.234286,4.2682874777,1.0,False,-0.005116968376710829,-0.008887967612432268,-0.0031104132892514347,-0.01186424236289485,-0.012530610008471776,0.0,-0.0059713169736616,0.0,0.0,-0.0070868484333243,0.0,0.0,-0.011108494169707828,0.0,0.04755644980997098,0.005620522752182611,0.6748730964466999,0.0045878374805678876,0.003949753013784004,0.004022009324896956,4,0.49999999999999994,-0.8660254037844387,-0.433883739117558,-0.9009688679024191,True,True,1,0.0,36.7364519525,0.6500521265389901,0.5951427171314133,H005_add_calendar,3,pooled_with_corridor_thresholds,logistic,2024,0.6158006229707257,26,"{""C"": 0.01, ""class_weight"": ""balanced""}"
2024-05-24,RUB_AMD,AMD,CBR,AMD_RC_F02_09_2016_T02_09_2026.dbf,100,23.2852,0.232852,4.2945733771,1.0,False,0.002704285517431293,-0.003466545694207901,-0.006120724243019127,-0.009212099550245267,-0.021650805655343386,0.002704285517431293,-0.0017919149483430763,0.24910749702498644,0.002704285517431293,-0.00695022255468114,0.14179272973583004,0.002704285517431293,-0.012229624839252606,0.09021692285591008,0.04114464565168796,-0.002311352879464934,0.5838832487309645,0.0033226850512805585,0.003790030232852335,0.003773779321892061,0,0.49999999999999994,-0.8660254037844387,-0.433883739117558,-0.9009688679024191,True,True,0,65.4063525329,-26.8948173958,0.6583061643627585,0.5951427171314133,H005_add_calendar,3,pooled_with_corridor_thresholds,logistic,2024,0.6158006229707257,26,"{""C"": 0.01, ""class_weight"": ""balanced""}"
2024-05-31,RUB_AMD,AMD,CBR,AMD_RC_F02_09_2016_T02_09_2026.dbf,100,23.1219,0.231219,4.3249040953,1.0,False,0.0037899507697116697,0.011669116874934327,-0.007013038324772847,-0.013090837694100355,-0.02479976718585908,0.014501083742113341,0.005859782835665239,0.9677891654465596,0.014501083742113341,-0.0015200521654267218,0.48382374469331,0.014501083742113341,-0.010889587217226326,0.3455305802404606,0.0338430583501006,-0.01011028742830633,0.4802664974619295,0.008852300668670664,0.006304072503610237,0.005120346171408632,0,0.49999999999999994,-0.8660254037844387,-0.433883739117558,-0.9009688679024191,True,True,1,0.0,-12.5579723638,0.6404386899363625,0.5951427171314133,H005_add_calendar,3,pooled_with_corridor_thresholds,logistic,2024,0.6158006229707257,26,"{""C"": 0.01, ""class_weight"": ""balanced""}"
2024-06-07,RUB_AMD,AMD,CBR,AMD_RC_F02_09_2016_T02_09_2026.dbf,100,22.897,0.22897,4.3673843735,1.0,False,0.0015309246785057962,-0.0072191991675157885,-0.009726709310221016,-0.016671533849827336,-0.02573005357059277,0.0015309246785057962,-0.004647038110929036,0.08325404376784393,0.004633326605649524,-0.004285611781409959,0.2150712830957234,0.004633326605649524,-0.013989404810812012,0.12083762444215605,0.019670189220362344,-0.02141452620534401,0.2973009355859192,0.006463936892522597,0.007313379563383977,0.005681759278023862,0,1.2246467991473532e-16,-1.0,-0.433883739117558,-0.9009688679024191,True,True,1,1.484910687,8.6586347284,0.6866360396399122,0.5951427171314133,H005_add_calendar,3,pooled_with_corridor_thresholds,logistic,2024,0.6158006229707257,26,"{""C"": 0.01, ""class_weight"": ""balanced""}"
2024-06-14,RUB_AMD,AMD,CBR,AMD_RC_F02_09_2016_T02_09_2026.dbf,100,22.7317,0.227317,4.3991430469,2.0,False,-0.010309772079151958,-0.007071845406576571,-0.00569941387455164,-0.01314978336936612,-0.03471045602592038,0.0,-0.006956463998420315,0.0,0.0,-0.010370523872318183,0.0,0.0,-0.015041483887405116,0.0,0.0,-0.02923473217800654,0.0,0.005285071730073416,0.005763071908953868,0.0058093558073263165,1,1.2246467991473532e-16,-1.0,-0.433883739117558,-0.9009688679024191,True,True,1,0.0,80.3561353998,0.6937307827819814,0.5951427171314133,H005_add_calendar,3,pooled_with_corridor_thresholds,logistic,2024,0.6158006229707257,26,"{""C"": 0.01, ""class_weight"": ""balanced""}"
2024-06-21,RUB_AMD,AMD,CBR,AMD_RC_F02_09_2016_T02_09_2026.dbf,100,22.0058,0.220058,4.5442565142,1.0,False,0.034880385250257495,-0.03925780397293166,-0.031933379377697135,-0.03745079170676224,-0.052389072619539845,0.034880385250257495,-0.013110510562764466,0.4462695547533098,0.034880385250257495,-0.02605673760120797,0.4351678009856844,0.034880385250257495,-0.03544485283562537,0.3669783781109299,0.034880385250257495,-0.05791879902035091,0.2770742276513879,0.03217539047198095,0.02189184874371432,0.01593480178861091,0,1.2246467991473532e-16,-1.0,-0.433883739117558,-0.9009688679024191,True,True,1,0.0,156.1060150789,0.6331987219770167,0.5951427171314133,H005_add_calendar,3,pooled_with_corridor_thresholds,logistic,2024,0.6158006229707257,26,"{""C"": 0.01, ""class_weight"": ""balanced""}"
2024-06-29,RUB_AMD,AMD,CBR,AMD_RC_F02_09_2016_T02_09_2026.dbf,100,22.0909,0.220909,4.5267508341,1.0,False,0.009122387077912686,-0.017417991771377705,-0.024236293927454522,-0.03643009495727578,-0.044589761222044944,0.009122387077912686,-0.01019160906088079,0.27732259408415433,0.038882435654459924,-0.008469631411694989,0.5038698275336702,0.038882435654459924,-0.02317337214539128,0.4096516870633699,0.038882435654459924,-0.05006826415540577,0.3088647315925135,0.016183832972693313,0.026092941121872142,0.01853632239742351,0,1.2246467991473532e-16,-1.0,-0.9749279121818236,-0.2225209339563146,True,True,1,0.0,71.7287251972,0.6787238126916745,0.5951427171314133,H005_add_calendar,3,pooled_with_corridor_thresholds,logistic,2024,0.6158006229707257,26,"{""C"": 0.01, ""class_weight"": ""balanced""}"
2024-07-06,RUB_AMD,AMD,CBR,AMD_RC_F02_09_2016_T02_09_2026.dbf,100,22.7169,0.227169,4.4020090769,1.0,False,0.00016290086821757477,0.0021130177775816605,0.028337460221177224,0.0034143712786445235,-0.007865659256671154,0.009828501320246597,0.002966041081302606,1.0,0.0377183525800322,0.010356679671446933,1.0,0.06832172534929781,0.008455848732288773,0.8523820699366352,0.06832172534929781,-0.019487397880805335,0.542717322275767,0.007813511350709507,0.013178933069793697,0.01896448349846398,0,-0.4999999999999998,-0.8660254037844388,-0.9749279121818236,-0.2225209339563146,True,True,1,0.0,-6.342913776,0.683487835651415,0.5951427171314133,H005_add_calendar,3,pooled_with_corridor_thresholds,logistic,2024,0.6158006229707257,26,"{""C"": 0.01, ""class_weight"": ""balanced""}"
2024-07-13,RUB_AMD,AMD,CBR,AMD_RC_F02_09_2016_T02_09_2026.dbf,100,22.6141,0.226141,4.4220198902,1.0,False,-0.0016290671493531805,-0.002932021198733703,-0.004525265331097095,0.02368396036376974,-0.013608943518522487,0.0,-0.0022554380676649277,0.0,0.005258759412868352,-0.0019141589948037385,0.5031901318587867,0.0634872860831166,0.006478615539464494,0.8227192394417702,0.0634872860831166,-0.0198186697119066,0.508589511754069,0.0011947453080550156,0.006295208114614282,0.018708173780651476,1,-0.4999999999999998,-0.8660254037844388,-0.9749279121818236,-0.2225209339563146,True,True,1,0.0,10.5133426687,0.6466568779302826,0.5951427171314133,H005_add_calendar,3,pooled_with_corridor_thresholds,logistic,2024,0.6158006229707257,26,"{""C"": 0.01, ""class_weight"": ""balanced""}"
2024-07-19,RUB_AMD,AMD,CBR,AMD_RC_F02_09_2016_T02_09_2026.dbf,100,22.6489,0.226489,4.4152254635,1.0,False,-0.001784974481475965,0.0003091613336336785,-9.27111385810031e-05,-0.002830952926051844,0.02922411364276689,0.001538862921805384,-0.0009245756259633753,0.24698367636620921,0.001538862921805384,-0.0012752548525389873,0.24698367636620921,0.034612081567022335,0.003181768755150305,0.8771706413521642,0.06512384723548137,-0.015133616404974681,0.5216998191681733,0.003186410639439692,0.002285493517141658,0.01123233602759036,2,-0.4999999999999998,-0.8660254037844388,-0.433883739117558,-0.9009688679024191,True,True,1,0.0,11.6677954356,0.6375968021858452,0.5951427171314133,H005_add_calendar,3,pooled_with_corridor_thresholds,logistic,2024,0.6158006229707257,26,"{""C"": 0.01, ""class_weight"": ""balanced""}"
2024-07-26,RUB_AMD,AMD,CBR,AMD_RC_F02_09_2016_T02_09_2026.dbf,100,22.0191,0.220191,4.5415116876,1.0,False,-0.011905189280393413,-0.027356173581171817,-0.027807089969049237,-0.027897223080658673,0.005842530331822804,0.0,-0.017977718511118512,0.0,0.0,-0.023371298627740678,0.0,0.0,-0.024650075590494036,0.0,0.035505852587224496,-0.03773840928860739,0.30396972381029075,0.00540304913459648,0.005117848946332298,0.006512881725205087,4,-0.4999999999999998,-0.8660254037844388,-0.433883739117558,-0.9009688679024191,True,True,1,0.0,90.2356478064,0.6640445923943277,0.5951427171314133,H005_add_calendar,3,pooled_with_corridor_thresholds,logistic,2024,0.6158006229707257,26,"{""C"": 0.01, ""class_weight"": ""balanced""}"
2024-08-02,RUB_AMD,AMD,CBR,AMD_RC_F02_09_2016_T02_09_2026.dbf,100,22.1188,0.221188,4.5210409245,1.0,False,-0.003087351773311764,-0.00937827500649413,0.004527887152517618,-0.02340511018195146,-0.0261698043428491,0.00402630945842275,-0.0026926954548817106,0.2975511573297536,0.004527887152517618,-0.008141572602415215,0.1545736434108521,0.004527887152517618,-0.016465317182687178,0.13548036417991538,0.04019450623351095,-0.02812397979337289,0.3559470264867565,0.007280934940400881,0.006957572094543651,0.00515013964915839,3,-0.8660254037844384,-0.5000000000000004,-0.433883739117558,-0.9009688679024191,True,True,1,9.9462900338,20.708604222,0.6875372229711729,0.5951427171314133,H005_add_calendar,3,pooled_with_corridor_thresholds,logistic,2024,0.6158006229707257,26,"{""C"": 0.01, ""class_weight"": ""balanced""}"
2024-08-09,RUB_AMD,AMD,CBR,AMD_RC_F02_09_2016_T02_09_2026.dbf,100,22.2817,0.222817,4.4879879004,1.0,False,0.005101810669144724,0.017150552360083893,0.007364775665949397,0.01192600969158586,-0.01630391594190106,0.017150552360083893,0.009218151133834285,1.0,0.017150552360083893,0.0069300241545346974,0.889862624348645,0.017150552360083893,-0.002484197878068084,0.44252061248527486,0.047855305420873684,-0.015538474759229315,0.46036916395222516,0.007128866998272305,0.006799723082314988,0.0062098409248238,0,-0.8660254037844384,-0.5000000000000004,-0.433883739117558,-0.9009688679024191,True,True,1,0.0,20.3915014723,0.6525891623197583,0.5951427171314133,H005_add_calendar,3,pooled_with_corridor_thresholds,logistic,2024,0.6158006229707257,26,"{""C"": 0.01, ""class_weight"": ""balanced""}"
2024-08-16,RUB_AMD,AMD,CBR,AMD_RC_F02_09_2016_T02_09_2026.dbf,100,22.8702,0.228702,4.3725022081,1.0,False,-0.013032858338871689,-0.012802804012638891,0.02641180879376348,0.033971101506410806,0.009770893950699522,0.009031347201694073,-0.011811493132430906,0.1738281249999993,0.044015338263489356,0.011469262350365161,0.4977543750967934,0.044015338263489356,0.018462420200916263,0.4977543750967934,0.07553105939118043,0.01125272275682665,0.6227607599844897,0.024748412489535545,0.017297706245400214,0.013175333536463165,2,-0.8660254037844384,-0.5000000000000004,-0.433883739117558,-0.9009688679024191,True,True,1,0.0,103.9481248416,0.6022133725473672,0.5951427171314133,H005_add_calendar,3,pooled_with_corridor_thresholds,logistic,2024,0.6158006229707257,26,"{""C"": 0.01, ""class_weight"": ""balanced""}"
2024-08-24,RUB_AMD,AMD,CBR,AMD_RC_F02_09_2016_T02_09_2026.dbf,100,23.6061,0.236061,4.2361931874,1.0,False,0.0033237135485955083,0.010154565061107013,0.03052355403830287,0.04149919481149755,0.0715384859805448,0.023304506144742776,0.007258924098757502,0.9953712275504542,0.03217724374950803,0.012532861283242491,0.756398396546407,0.07760887428101881,0.037498516672599846,0.877652160446027,0.11013868444937702,0.04235895526984934,0.9081039162466068,0.0064104656156748025,0.016588391583985642,0.012833948311682178,0,-0.8660254037844384,-0.5000000000000004,-0.9749279121818236,-0.2225209339563146,True,True,1,0.0,-16.5242065077,0.6708920472255238,0.5951427171314133,H005_add_calendar,3,pooled_with_corridor_thresholds,logistic,2024,0.6158006229707257,26,"{""C"": 0.01, ""class_weight"": ""balanced""}"
2024-08-31,RUB_AMD,AMD,CBR,AMD_RC_F02_09_2016_T02_09_2026.dbf,100,23.5303,0.235303,4.2498395686,1.0,False,-0.0021034864439628542,-0.0024630750707974602,-0.0032110344360143372,0.027214507419162093,0.06487364686289432,0.0,-0.0022668141127624164,0.0,0.02001864013698329,0.0008689967235038232,0.7989619377162639,0.07414863507714786,0.018589122706390793,0.838521501213154,0.10657399090485842,0.036799677111297724,0.8787126793330752,0.0017166999656558156,0.005657305176966175,0.01250082298242015,1,-0.8660254037844384,-0.5000000000000004,-0.9749279121818236,-0.2225209339563146,True,True,0,132.8074865174,-9.8085270983,0.6284271678831216,0.5951427171314133,H005_add_calendar,3,pooled_with_corridor_thresholds,logistic,2024,0.6158006229707257,26,"{""C"": 0.01, ""class_weight"": ""balanced""}"
2024-09-06,RUB_AMD,AMD,CBR,AMD_RC_F02_09_2016_T02_09_2026.dbf,100,23.1615,0.231615,4.3175096604,1.0,False,0.009580807002096625,-0.0024248636821748715,-0.017743925970848173,-0.015573000565286321,0.039485317547584,0.012542295821566185,0.0007051144125902464,0.43754765899038883,0.012542295821566185,-0.009008623548212524,0.3716802694649542,0.021883479296728403,-0.00577138944752198,0.4211956521739121,0.08923020489933742,0.020071633810953227,0.7357115160915078,0.010456849367532968,0.007426305539288189,0.013331481286335864,0,-1.0,-1.8369701987210297e-16,-0.433883739117558,-0.9009688679024191,True,True,1,0.0,-19.8443353724,0.6338484690270353,0.5951427171314133,H005_add_calendar,3,pooled_with_corridor_thresholds,logistic,2024,0.6158006229707257,26,"{""C"": 0.01, ""class_weight"": ""balanced""}"
2024-09-13,RUB_AMD,AMD,CBR,AMD_RC_F02_09_2016_T02_09_2026.dbf,100,23.5261,0.235261,4.2505982717,1.0,False,-0.0017058256917718007,0.007701434488548431,0.01574164022192015,-0.0022816042476855314,0.0286792419830173,0.013855011506339165,0.0039019128077812937,0.8888581697539363,0.028481372351866208,0.010140867808906107,0.9418823189243873,0.028481372351866208,0.006734428172696871,0.844021246275423,0.07468297763484877,0.03182529657102795,0.8375941390440081,0.003834984165234492,0.008214241757254005,0.006979518569772268,1,-1.0,-1.8369701987210297e-16,-0.433883739117558,-0.9009688679024191,True,True,1,18.1925606029,-16.0626595774,0.6251271864368437,0.5951427171314133,H005_add_calendar,3,pooled_with_corridor_thresholds,logistic,2024,0.6158006229707257,26,"{""C"": 0.01, ""class_weight"": ""balanced""}"
2024-09-21,RUB_AMD,AMD,CBR,AMD_RC_F02_09_2016_T02_09_2026.dbf,100,23.907,0.23907,4.1828753085,1.0,False,3.346412227789308e-05,0.013528122469571358,0.018042609002993704,0.030269860286322503,0.012746705300748618,0.01561637085057388,0.007691620315184444,1.0,0.02401665360249794,0.012688362068600467,1.0,0.04513302964860588,0.01863340275623715,1.0,0.09134483703095042,0.04253019072716335,1.0,0.0035736675675985935,0.00385368791550363,0.006187169718581242,0,-1.0,-1.8369701987210297e-16,-0.9749279121818236,-0.2225209339563146,True,True,1,0.0,-29.534413465,0.6526115585894515,0.5951427171314133,H005_add_calendar,3,pooled_with_corridor_thresholds,logistic,2024,0.6158006229707257,26,"{""C"": 0.01, ""class_weight"": ""balanced""}"
2024-09-28,RUB_AMD,AMD,CBR,AMD_RC_F02_09_2016_T02_09_2026.dbf,100,23.937,0.23937,4.1776329532,1.0,False,0.0036435905929115275,-0.0015058544785614414,0.0012548625925461465,0.019320112590649474,0.017284097525318343,0.003980354079548443,0.0010346157159548675,0.7244274809160316,0.016890829842731714,0.004979765634872679,0.9167627392206595,0.046444527991746254,0.016355222030753236,0.9671370050068274,0.09271432484250886,0.039071120106976,0.9825359198877655,0.0034640735732547052,0.003754141804481313,0.006303556850440505,0,-1.0,-1.8369701987210297e-16,-0.9749279121818236,-0.2225209339563146,True,True,1,0.0,-0.7341236801,0.6693540651866824,0.5951427171314133,H005_add_calendar,3,pooled_with_corridor_thresholds,logistic,2024,0.6158006229707257,26,"{""C"": 0.01, ""class_weight"": ""balanced""}"
2024-10-05,RUB_AMD,AMD,CBR,AMD_RC_F02_09_2016_T02_09_2026.dbf,100,24.5148,0.245148,4.0791685023,1.0,False,-0.001490750018328879,0.016507233576733116,0.024138363203408897,0.02542351612498428,0.05646294269239727,0.018462509970752494,0.00749700604708603,0.923908523908523,0.028214796515407592,0.016270408484756027,0.9483998308191168,0.050050757507613675,0.0272328931748691,0.9696290764251925,0.11909066009312519,0.05777342522687601,0.9861646631889316,0.005071769277037173,0.004741491414598293,0.004212109412940961,1,-0.8660254037844386,0.5000000000000001,-0.9749279121818236,-0.2225209339563146,True,True,1,0.0,-9.040610422,0.6423045684780668,0.5951427171314133,H005_add_calendar,3,pooled_with_corridor_thresholds,logistic,2024,0.6158006229707257,26,"{""C"": 0.01, ""class_weight"": ""balanced""}"
2024-10-12,RUB_AMD,AMD,CBR,AMD_RC_F02_09_2016_T02_09_2026.dbf,100,24.813,0.24813,4.0301454883,1.0,False,-0.012091556613727072,0.00023380308942555494,0.012164080473836103,0.036596064669758066,0.05662321735020215,0.00023380308942555494,-0.004388027458073651,0.018739903069467767,0.030851169901621844,0.007537548670442762,0.7097390805696271,0.05410503241374043,0.024362090717536367,0.8074557788626141,0.13270336894001633,0.062076372934779966,0.9054100351948178,0.009756413090388702,0.007433009176957859,0.005797475445680207,1,-0.8660254037844386,0.5000000000000001,-0.9749279121818236,-0.2225209339563146,True,True,1,0.0,31.1935925434,0.5970803071517335,0.5951427171314133,H005_add_calendar,3,pooled_with_corridor_thresholds,logistic,2024,0.6158006229707257,26,"{""C"": 0.01, ""class_weight"": ""balanced""}"
2024-10-19,RUB_AMD,AMD,CBR,AMD_RC_F02_09_2016_T02_09_2026.dbf,100,24.8979,0.248979,4.0164029898,1.0,False,-0.006971726220151742,-0.006262273097370485,0.0034215935195260894,0.01562729453228262,0.04144811143179816,0.002968877144077231,-0.0037843383289692945,0.25537075537075826,0.003656196588087468,-0.002384861896782553,0.29305331179322225,0.04428301198300488,0.014589726840443795,0.8283383022124611,0.1365790194467269,0.05555559481052441,0.9318528669760497,0.005928256033327612,0.007667293873428597,0.006223437153435929,2,-0.8660254037844386,0.5000000000000001,-0.9749279121818236,-0.2225209339563146,True,True,1,31.3681073504,26.8091452089,0.6286457538592125,0.5951427171314133,H005_add_calendar,3,pooled_with_corridor_thresholds,logistic,2024,0.6158006229707257,26,"{""C"": 0.01, ""class_weight"": ""balanced""}"
2024-10-26,RUB_AMD,AMD,CBR,AMD_RC_F02_09_2016_T02_09_2026.dbf,100,24.9621,0.249621,4.006073207,1.0,False,-0.0010524883545964814,0.0006614392918991019,0.0025785307194583496,0.0060089469229840375,0.04282491540293276,0.005733325812456114,0.001337411086632434,0.8440094899169712,0.005733325812456114,5.9293398962045885e-05,0.48566552901023885,0.03704549986705663,0.006780069125608801,0.8522412310044951,0.13950972336346212,0.04814254827114062,0.9518485065562038,0.003228101958030963,0.004501095309346154,0.006177642880072951,1,-0.8660254037844386,0.5000000000000001,-0.9749279121818236,-0.2225209339563146,True,True,1,0.0,7.3828888541,0.6509945998575791,0.5951427171314133,H005_add_calendar,3,pooled_with_corridor_thresholds,logistic,2024,0.6158006229707257,26,"{""C"": 0.01, ""class_weight"": ""balanced""}"
2024-11-02,RUB_AMD,AMD,CBR,AMD_RC_F02_09_2016_T02_09_2026.dbf,100,25.1673,0.251673,3.9734099407,1.0,False,0.005473366280068559,0.0008868562338435471,0.008220462220726477,0.010820189654549006,0.026616574477458466,0.005473366280068559,0.002415295383774385,1.0,0.014000918621423164,0.005979364218387406,1.0,0.014515946983133965,0.007192977787151333,1.0,0.10044074822257776,0.04608969044283251,1.0,0.004078174038913351,0.0035178648560317645,0.005811489147663618,0,-0.5000000000000004,0.8660254037844384,-0.9749279121818236,-0.2225209339563146,True,True,1,0.0,-9.465667071,0.6783840074114427,0.5951427171314133,H005_add_calendar,3,pooled_with_corridor_thresholds,logistic,2024,0.6158006229707257,26,"{""C"": 0.01, ""class_weight"": ""balanced""}"
2024-11-09,RUB_AMD,AMD,CBR,AMD_RC_F02_09_2016_T02_09_2026.dbf,100,25.2558,0.252558,3.9594865338,1.0,False,-0.002799417215823663,-0.0026064497784517027,0.0035164677974992564,0.011765837008905544,0.0178454842219804,0.002389306069313646,-0.0014083827637990654,0.37252475247524075,0.009009080993835461,0.002252466760638505,0.6898133985928394,0.01756662019838995,0.0070163952466983925,0.8113137327874932,0.10409799515619955,0.04218891666886182,0.9591557238379113,0.0029622498385905335,0.0033966086870612713,0.0038918260059061763,2,-0.5000000000000004,0.8660254037844384,-0.9749279121818236,-0.2225209339563146,True,True,1,0.0,15.2659339244,0.6435020054536669,0.5951427171314133,H005_add_calendar,3,pooled_with_corridor_thresholds,logistic,2024,0.6158006229707257,26,"{""C"": 0.01, ""class_weight"": ""balanced""}"
2024-11-16,RUB_AMD,AMD,CBR,AMD_RC_F02_09_2016_T02_09_2026.dbf,100,25.7559,0.257559,3.8826055389,1.0,False,0.008303384774387412,0.018893675603185445,0.01980139215546517,0.023387490910824704,0.03446073765257296,0.018893675603185445,0.012093614700327882,1.0,0.022238009811236692,0.015219682630279063,1.0,0.03771585588924964,0.022313276569243534,1.0,0.12596067253635024,0.055522159214281164,1.0,0.003612494696121634,0.0035490354790239176,0.0034973671869370725,0,-0.5000000000000004,0.8660254037844384,-0.9749279121818236,-0.2225209339563146,True,True,1,21.8590691841,-62.9031564882,0.6345908750960663,0.5951427171314133,H005_add_calendar,3,pooled_with_corridor_thresholds,logistic,2024,0.6158006229707257,26,"{""C"": 0.01, ""class_weight"": ""balanced""}"
2024-11-23,RUB_AMD,AMD,CBR,AMD_RC_F02_09_2016_T02_09_2026.dbf,100,26.3178,0.263178,3.7997097022,1.0,False,0.018025824120564193,0.023326165822248335,0.021816360523220002,0.04204974698881059,0.054310334467052135,0.02405484910270994,0.01740558444631035,1.0,0.041122227364973396,0.025721173052301927,1.0,0.05143765755903851,0.03497480872306591,1.0,0.15052503650337057,0.0702027516513386,1.0,0.007946913692094824,0.005823776096009289,0.004883352067219556,0,-0.5000000000000004,0.8660254037844384,-0.9749279121818236,-0.2225209339563146,True,True,1,0.0,-73.6723475248,0.6213667914995579,0.5951427171314133,H005_add_calendar,3,pooled_with_corridor_thresholds,logistic,2024,0.6158006229707257,26,"{""C"": 0.01, ""class_weight"": ""balanced""}"
2024-12-14,RUB_AMD,AMD,CBR,AMD_RC_F02_09_2016_T02_09_2026.dbf,100,26.2507,0.262507,3.8094222249,1.0,False,-0.004240872451398814,0.036225476651008615,0.05959829177127829,-0.03847464021596203,0.01921113220660131,0.04547391562354375,0.015558325537922135,0.9108168474792591,0.05959829177127829,0.013296410440110096,0.6827745664739874,0.05959829177127829,0.0006995179616007263,0.47469778806584373,0.10102298035827384,0.036676095669949005,0.5958194186765616,0.01392681170772024,0.020024819438958313,0.01707264044021066,1,-2.4492935982947064e-16,1.0,-0.9749279121818236,-0.2225209339563146,True,True,1,45.2559360322,-54.0469263888,0.609588832797981,0.5951427171314133,H005_add_calendar,3,pooled_with_corridor_thresholds,logistic,2024,0.6158006229707257,26,"{""C"": 0.01, ""class_weight"": ""balanced""}"
2024-12-28,RUB_AMD,AMD,CBR,AMD_RC_F02_09_2016_T02_09_2026.dbf,100,25.3552,0.253552,3.9439641573,1.0,False,0.01232103359338188,0.004707486012268003,-0.02128037365140023,-0.034113376024258346,-0.07127551637113527,0.01232103359338188,0.002368028843303005,0.4815855181023709,0.01232103359338188,-0.012840947758654742,0.27027500437904906,0.023451816809422654,-0.01707382219391418,0.2686705202312139,0.023451816809422654,-0.008882590876306273,0.1867926954732514,0.010841324454417978,0.008269643788812554,0.0149118059882087,0,-2.4492935982947064e-16,1.0,-0.9749279121818236,-0.2225209339563146,True,True,1,0.0,13.475807409,0.6993816165131465,0.5951427171314133,H005_add_calendar,3,pooled_with_corridor_thresholds,logistic,2024,0.6158006229707257,26,"{""C"": 0.01, ""class_weight"": ""balanced""}"
2024-01-12,RUB_KGS,KGS,CBR,KGS_RC_F02_09_2016_T02_09_2026.dbf,100,99.3974,0.993974,1.0060625328,1.0,False,-0.006880083128509518,-0.012709953614032932,-0.03503291070423076,-0.02295813551158432,-0.04312407944010699,0.0,-0.011583667355195226,0.0,0.0,-0.023805815166054622,0.0,0.0,-0.0226263974276113,0.0,0.006867950980253168,-0.03400557764608403,0.04941835038922424,0.00803866890688264,0.00857274681130247,0.00708257092263337,2,0.49999999999999994,0.8660254037844387,-0.433883739117558,-0.9009688679024191,True,True,0,73.1407461362,23.612452945,0.6170047559734455,0.5658248439353479,H005_add_calendar,3,pooled_with_corridor_thresholds,logistic,2024,0.6158006229707257,26,"{""C"": 0.01, ""class_weight"": ""balanced""}"
2024-01-19,RUB_KGS,KGS,CBR,KGS_RC_F02_09_2016_T02_09_2026.dbf,100,99.2821,0.992821,1.0072309107,1.0,False,0.0033775350462212916,0.011423093536319984,-0.0011599901003447322,-0.036152262974972316,-0.014823966023656432,0.011745703381755623,0.006528509154775319,1.0,0.011745703381755623,-0.003193868767947583,0.3530709143819854,0.011745703381755623,-0.0156864710464224,0.22848647041331963,0.011745703381755623,-0.02641777976400983,0.10588397409397761,0.00634431238411162,0.007726578185297256,0.0071296731982754555,0,0.49999999999999994,0.8660254037844387,-0.433883739117558,-0.9009688679024191,True,True,1,9.780212143,-41.8942852028,0.6744101712784962,0.5658248439353479,H005_add_calendar,3,pooled_with_corridor_thresholds,logistic,2024,0.6158006229707257,26,"{""C"": 0.01, ""class_weight"": ""balanced""}"
2024-01-26,RUB_KGS,KGS,CBR,KGS_RC_F02_09_2016_T02_09_2026.dbf,100,99.2568,0.992568,1.0074876482,1.0,False,0.0041722141062114915,0.007630054047908175,-0.0002548294204091084,-0.0014145239211488247,-0.024340184600867065,0.008042459800395863,0.0041025273729440315,1.0,0.011487880810561624,0.005186101127452769,0.9780496269304226,0.011487880810561624,-0.010233237890123426,0.2234711071463963,0.011487880810561624,-0.019968916958991056,0.17029987159150958,0.0044819647500480625,0.005179319263355064,0.006981653181434044,0,0.49999999999999994,0.8660254037844387,-0.433883739117558,-0.9009688679024191,True,True,1,0.0,13.3773486,0.6590168616516786,0.5658248439353479,H005_add_calendar,3,pooled_with_corridor_thresholds,logistic,2024,0.6158006229707257,26,"{""C"": 0.01, ""class_weight"": ""balanced""}"
2024-02-02,RUB_KGS,KGS,CBR,KGS_RC_F02_09_2016_T02_09_2026.dbf,10,10.1019,1.01019,0.9899127887,1.0,False,0.00627558796282468,0.00692755472269857,0.017753947336605513,0.017494593688086812,-0.019290138438537663,0.010543690291601848,0.0063337291498977155,1.0,0.02593919254475452,0.014071561716783254,1.0,0.02944578337808701,0.014158198197908645,0.8851278909480735,0.02944578337808701,0.0005432291051417071,0.45832341977952074,0.005067814237943769,0.004888833334677926,0.006874589493724314,0,0.8660254037844386,0.5000000000000001,-0.433883739117558,-0.9009688679024191,True,True,1,0.0,-13.1264815082,0.6156071207048092,0.5658248439353479,H005_add_calendar,3,pooled_with_corridor_thresholds,logistic,2024,0.6158006229707257,26,"{""C"": 0.01, ""class_weight"": ""balanced""}"
2024-02-09,RUB_KGS,KGS,CBR,KGS_RC_F02_09_2016_T02_09_2026.dbf,10,10.2042,1.02042,0.9799886321,1.0,False,0.0011479028697571891,0.0001372172344846767,0.01012680782823061,0.028060545977706353,0.026606329743031676,0.006311512593440094,0.0025741796030656072,1.0,0.020777272045215955,0.009501234646068335,1.0,0.03987078299593905,0.02130700513395878,1.0,0.03987078299593905,0.012462684525992751,0.6807307525010894,0.0048665935490163435,0.004751158374532628,0.00506253069403477,0,0.8660254037844386,0.5000000000000001,-0.433883739117558,-0.9009688679024191,True,True,1,40.0815350542,-28.0501364601,0.6000115119260675,0.5658248439353479,H005_add_calendar,3,pooled_with_corridor_thresholds,logistic,2024,0.6158006229707257,26,"{""C"": 0.01, ""class_weight"": ""balanced""}"
2024-02-16,RUB_KGS,KGS,CBR,KGS_RC_F02_09_2016_T02_09_2026.dbf,10,10.2677,1.02677,0.9739279488,1.0,False,0.004293902462880528,0.008218774548311103,0.006222927814037105,0.016412754036369437,0.034194482187625,0.010272254090698985,0.005899595198815,1.0,0.012573716494743703,0.007354254106354041,1.0,0.04277768016826289,0.018900875701823416,1.0,0.04634182381444929,0.018943629838362064,0.7912135711178769,0.0031247702075110568,0.0038775378810335043,0.00429494811794818,0,0.8660254037844386,0.5000000000000001,-0.433883739117558,-0.9009688679024191,True,True,1,0.0,6.4793765338,0.5927841069985276,0.5658248439353479,H005_add_calendar,3,pooled_with_corridor_thresholds,logistic,2024,0.6158006229707257,26,"{""C"": 0.01, ""class_weight"": ""balanced""}"
2024-02-23,RUB_KGS,KGS,CBR,KGS_RC_F02_09_2016_T02_09_2026.dbf,10,10.3715,1.03715,0.9641806875,1.0,False,0.0033957664177084457,0.003706499438702382,0.010109372108651371,0.01639520981556597,0.04491581433211622,0.004367446544778497,0.002730280395156104,1.0,0.020485472238347846,0.00935538087679566,1.0,0.03751312959535835,0.0176353163559011,1.0,0.05691968266423442,0.025788182034617968,0.9718138321009142,0.003780568853562501,0.0032952050956597837,0.004022878730575646,0,0.8660254037844386,0.5000000000000001,-0.433883739117558,-0.9009688679024191,True,True,1,0.0,-16.3488866201,0.5975505951687169,0.5658248439353479,H005_add_calendar,3,pooled_with_corridor_thresholds,logistic,2024,0.6158006229707257,26,"{""C"": 0.01, ""class_weight"": ""balanced""}"
2024-03-01,RUB_KGS,KGS,CBR,KGS_RC_F02_09_2016_T02_09_2026.dbf,10,10.159,1.0159,0.9843488532,1.0,False,-0.011068170977444947,-0.019221671928249306,-0.017162648504314704,-0.006338152154776178,0.01196346213230548,0.0,-0.01279604457625716,0.0,0.0,-0.014319964217068826,0.0,0.005652402023381908,-0.008043353553599863,0.2117952522255224,0.0352646248070152,0.0028030248016481796,0.6020878642888218,0.0054896335628208115,0.005379487012053654,0.004812349150948876,4,1.0,6.123233995736766e-17,-0.433883739117558,-0.9009688679024191,True,True,1,0.0,86.1275769962,0.6056941040123573,0.5658248439353479,H005_add_calendar,3,pooled_with_corridor_thresholds,logistic,2024,0.6158006229707257,26,"{""C"": 0.01, ""class_weight"": ""balanced""}"
2024-03-08,RUB_KGS,KGS,CBR,KGS_RC_F02_09_2016_T02_09_2026.dbf,10,10.1475,1.01475,0.9854644001,1.0,False,0.004514002316396093,-0.006617654256933281,-0.0011320011812185893,-0.018275221547153553,-0.004415011037527505,0.004514002316396093,-0.0026889804872008982,0.398601398601405,0.004514002316396093,-0.00833303201381419,0.16913946587537476,0.004514002316396093,-0.0095849919551656,0.16913946587537476,0.03409270402885989,0.0008698699193012693,0.5820791648542852,0.005856585974063085,0.005615938212920159,0.00476034699262687,0,1.0,6.123233995736766e-17,-0.433883739117558,-0.9009688679024191,True,True,1,0.0,9.5639271172,0.6565554358744223,0.5658248439353479,H005_add_calendar,3,pooled_with_corridor_thresholds,logistic,2024,0.6158006229707257,26,"{""C"": 0.01, ""class_weight"": ""balanced""}"
2024-03-15,RUB_KGS,KGS,CBR,KGS_RC_F02_09_2016_T02_09_2026.dbf,10,10.2375,1.02375,0.9768009768,1.0,False,0.0007331378299120228,0.010253019657377349,0.013423217414545885,-0.003426557769622418,0.0038142490145705032,0.010253019657377349,0.005433021219424461,1.0,0.013423217414545885,0.005680930717793187,1.0,0.013423217414545885,-0.0008656724283819806,0.502967359050444,0.04326425794485855,0.010467339458330782,0.7600930982006968,0.003139785834379705,0.005903600050345761,0.004930336982371556,0,1.0,6.123233995736766e-17,-0.433883739117558,-0.9009688679024191,True,True,1,0.0,-15.0933903528,0.6166535996502509,0.5658248439353479,H005_add_calendar,3,pooled_with_corridor_thresholds,logistic,2024,0.6158006229707257,26,"{""C"": 0.01, ""class_weight"": ""balanced""}"
2024-03-23,RUB_KGS,KGS,CBR,KGS_RC_F02_09_2016_T02_09_2026.dbf,10,10.3465,1.03465,0.9665104141,1.0,False,0.007193894437630188,0.004202577839894639,0.0080672661905552,0.019610741561961076,0.0009771293680587156,0.007193894437630188,0.0034740676657603053,0.8990267639902801,0.021009315544327833,0.00862249647837543,0.9624773960217048,0.024213266811194067,0.009866857451288125,0.9072700296735928,0.054372028798679306,0.019173276268342088,0.9552412496643103,0.005810748167496547,0.004364638615456056,0.005265485265974196,0,1.0,6.123233995736766e-17,-0.9749279121818236,-0.2225209339563146,True,True,1,0.0,-12.5112324601,0.6576888968129702,0.5658248439353479,H005_add_calendar,3,pooled_with_corridor_thresholds,logistic,2024,0.6158006229707257,26,"{""C"": 0.01, ""class_weight"": ""balanced""}"
2024-03-29,RUB_KGS,KGS,CBR,KGS_RC_F02_09_2016_T02_09_2026.dbf,10,10.312,1.0312,0.9697439876,1.0,False,-0.0031224925804550496,-0.005103763663904193,0.003835445748885169,0.007277167277167207,0.0038256738734705475,0.0,-0.00290272113184864,0.0,0.004705905277823774,-0.000588288313609242,0.4772727272727208,0.0207980676902364,0.006159703459990951,0.7988593155893529,0.05085626646421293,0.015351313655070475,0.8934741742010541,0.004075128356132635,0.004308072784739255,0.005059322578860299,1,1.0,6.123233995736766e-17,-0.433883739117558,-0.9009688679024191,True,True,1,0.0,20.7923201133,0.5677802416049307,0.5658248439353479,H005_add_calendar,3,pooled_with_corridor_thresholds,logistic,2024,0.6158006229707257,26,"{""C"": 0.01, ""class_weight"": ""balanced""}"
2024-04-05,RUB_KGS,KGS,CBR,KGS_RC_F02_09_2016_T02_09_2026.dbf,10,10.3308,1.03308,0.9679792465,1.0,False,-0.0008994110308412351,0.000794373510549784,0.0018231186966641832,0.005665556918404313,0.022659103732961094,0.000794373510549784,-0.0003580240940538326,0.25000000000001693,0.0018231186966641832,-0.0007215914476903507,0.3553875236295081,0.01946001421015242,0.004140177999952366,0.8525724167747544,0.0527721021711105,0.015975810174686744,0.9271327544534953,0.0018502970750209093,0.0029913732731074567,0.003528662211991574,2,0.8660254037844387,-0.49999999999999983,-0.433883739117558,-0.9009688679024191,True,True,1,0.0,9.352986117,0.5964948398555294,0.5658248439353479,H005_add_calendar,3,pooled_with_corridor_thresholds,logistic,2024,0.6158006229707257,26,"{""C"": 0.01, ""class_weight"": ""balanced""}"
2024-04-12,RUB_KGS,KGS,CBR,KGS_RC_F02_09_2016_T02_09_2026.dbf,10,10.5161,1.05161,0.9509228706,1.0,False,0.0053632887189292155,0.012838540663404618,0.017936655438107296,0.019792474786656467,0.027213675213675126,0.01655904415745102,0.00901735923209479,1.0,0.018745277352604894,0.01327672809927627,1.0,0.02459152157603972,0.016226026000682348,1.0,0.06800494389371226,0.02969915187873995,1.0,0.0017349083089949718,0.0023872692618172077,0.0034481111875930997,0,0.8660254037844387,-0.49999999999999983,-0.433883739117558,-0.9009688679024191,True,True,1,29.5737012771,-53.5230426327,0.5839429203584623,0.5658248439353479,H005_add_calendar,3,pooled_with_corridor_thresholds,logistic,2024,0.6158006229707257,26,"{""C"": 0.01, ""class_weight"": ""balanced""}"
2024-04-20,RUB_KGS,KGS,CBR,KGS_RC_F02_09_2016_T02_09_2026.dbf,10,10.497,1.0497,0.952653139,1.0,False,-0.007037856859072544,-0.005730523324650627,0.0011444921316166035,0.014712705900549183,0.014545981732953184,0.0,-0.004551920341393956,0.0,0.010998959818160792,-5.525082923885094e-05,0.5316573556797027,0.01794026377036473,0.007598987697539972,0.6477591036414598,0.05755978431704434,0.021350079439961256,0.8502797952137167,0.005017410733726268,0.00424013440310381,0.003298188210086427,2,0.8660254037844387,-0.49999999999999983,-0.9749279121818236,-0.2225209339563146,True,True,1,7.8117557397,30.8386121675,0.6414618307639166,0.5658248439353479,H005_add_calendar,3,pooled_with_corridor_thresholds,logistic,2024,0.6158006229707257,26,"{""C"": 0.01, ""class_weight"": ""balanced""}"
2024-04-26,RUB_KGS,KGS,CBR,KGS_RC_F02_09_2016_T02_09_2026.dbf,10,10.3704,1.03704,0.9642829592,1.0,False,-0.0039284239240058305,-0.011288231256197157,-0.019013564901526725,-0.013854946225311693,0.005663304887509657,0.0,-0.007947592572043027,0.0,0.0,-0.012158460055400777,0.0,0.004630616317594427,-0.006492993267501412,0.17381818181818154,0.033021546185339146,0.006105118245130381,0.5933416860569172,0.004022615540988722,0.004458516581892761,0.003881789134872224,2,0.8660254037844387,-0.49999999999999983,-0.433883739117558,-0.9009688679024191,True,True,1,34.4249016431,28.5848114515,0.6329976290040662,0.5658248439353479,H005_add_calendar,3,pooled_with_corridor_thresholds,logistic,2024,0.6158006229707257,26,"{""C"": 0.01, ""class_weight"": ""balanced""}"
2024-05-03,RUB_KGS,KGS,CBR,KGS_RC_F02_09_2016_T02_09_2026.dbf,10,10.3802,1.03802,0.9633725747,5.0,False,0.004402643521340455,0.0009449973000077438,-0.011400108572462653,-0.016793748520009477,0.002394885760086618,0.004402643521340455,0.0008349772550650947,0.5939947780678632,0.004402643521340455,-0.0067972795572582845,0.17306960821604583,0.004781817477833128,-0.005908410302919331,0.18515742128935297,0.027549272909056732,0.005779405884568156,0.5614282832358273,0.0046712751451302836,0.0041732623382127665,0.0039931484420347415,0,0.49999999999999994,-0.8660254037844387,-0.433883739117558,-0.9009688679024191,True,True,1,39.3056010481,-35.7584337557,0.6827733550326651,0.5658248439353479,H005_add_calendar,3,pooled_with_corridor_thresholds,logistic,2024,0.6158006229707257,26,"{""C"": 0.01, ""class_weight"": ""balanced""}"
2024-05-17,RUB_KGS,KGS,CBR,KGS_RC_F02_09_2016_T02_09_2026.dbf,10,10.3016,1.03016,0.9707229945,1.0,False,-0.002932664853512068,-0.006873680455803166,0.0012440712230774587,-0.005742633504164707,-0.017491654744873686,0.0,-0.004437778327560538,0.0,0.0012440712230774587,-0.0035036400324246486,0.12799999999999467,0.0012440712230774587,-0.01057796803318567,0.041450777202070826,0.019768558390005797,-0.0036930168277194975,0.40286463586846877,0.005355976955650424,0.004350317719690762,0.004282445128721418,4,0.49999999999999994,-0.8660254037844387,-0.433883739117558,-0.9009688679024191,True,True,1,0.0,25.2166515662,0.6740817051310615,0.5658248439353479,H005_add_calendar,3,pooled_with_corridor_thresholds,logistic,2024,0.6158006229707257,26,"{""C"": 0.01, ""class_weight"": ""balanced""}"
2024-05-24,RUB_KGS,KGS,CBR,KGS_RC_F02_09_2016_T02_09_2026.dbf,10,10.2561,1.02561,0.9750294946,1.0,False,0.0009564428135033776,-0.002198721628221656,-0.004416789624912654,-0.0031782132027059484,-0.022949414118319633,0.0009564428135033776,-0.001396240083190392,0.14285714285713824,0.0009564428135033776,-0.005129508447974662,0.0687719298245596,0.0009564428135033776,-0.008410925356481913,0.03864353312302756,0.015264455201496663,-0.007677139578550651,0.31107524712527646,0.0020445604002294953,0.003869180861232831,0.0036757620752128095,0,0.49999999999999994,-0.8660254037844387,-0.433883739117558,-0.9009688679024191,True,True,0,56.0641959419,-22.2802028671,0.6827859154977249,0.5658248439353479,H005_add_calendar,3,pooled_with_corridor_thresholds,logistic,2024,0.6158006229707257,26,"{""C"": 0.01, ""class_weight"": ""balanced""}"
2024-05-31,RUB_KGS,KGS,CBR,KGS_RC_F02_09_2016_T02_09_2026.dbf,10,10.238,1.0238,0.9767532721,1.0,False,0.005914834247086942,0.014899332850897729,-0.0017648033853022715,-0.006173798244932804,-0.011880977888448219,0.017582570494280025,0.008407665395404607,1.0,0.017582570494280025,0.0025911860502922934,0.6970055161544528,0.017582570494280025,-0.0035699408643383723,0.5398230088495576,0.017582570494280025,-0.00832466147463684,0.3297297297297296,0.009022759172856687,0.006174795240204433,0.005198614506644546,0,0.49999999999999994,-0.8660254037844387,-0.433883739117558,-0.9009688679024191,True,True,1,0.0,-34.8796993429,0.6492087354150942,0.5658248439353479,H005_add_calendar,3,pooled_with_corridor_thresholds,logistic,2024,0.6158006229707257,26,"{""C"": 0.01, ""class_weight"": ""balanced""}"
2024-06-07,RUB_KGS,KGS,CBR,KGS_RC_F02_09_2016_T02_09_2026.dbf,10,10.1671,1.01671,0.9835646349,1.0,False,0.00037389430598344653,-0.002345206554803192,-0.006925180699355438,-0.008677762502315556,-0.011828395925666757,0.0028604965427445617,-0.0021219544751450714,0.19863013698629542,0.010535627317092455,-0.0003519921971784079,0.47533632286995287,0.010535627317092455,-0.007102656977703625,0.3234665852914237,0.010535627317092455,-0.015302356281029827,0.19757688723205866,0.005612972532320398,0.007105930151114259,0.0055754372700494645,0,1.2246467991473532e-16,-1.0,-0.433883739117558,-0.9009688679024191,True,True,1,0.0,-1.2085254444,0.6783670110736715,0.5658248439353479,H005_add_calendar,3,pooled_with_corridor_thresholds,logistic,2024,0.6158006229707257,26,"{""C"": 0.01, ""class_weight"": ""balanced""}"
2024-06-14,RUB_KGS,KGS,CBR,KGS_RC_F02_09_2016_T02_09_2026.dbf,10,10.1251,1.01251,0.9876445665,2.0,False,-0.010592661357306854,-0.004140766386025674,-0.0037586217075161743,-0.005177936292715457,-0.02001567959426631,0.0,-0.005801154339377335,0.0,0.0,-0.006714056157134829,0.0,0.00636113347447087,-0.007899491657619495,0.25216706067769784,0.00636113347447087,-0.019354917858266485,0.11929170549860138,0.006034673623287708,0.0059273393904237135,0.00570929862726519,1,1.2246467991473532e-16,-1.0,-0.433883739117558,-0.9009688679024191,True,True,1,0.0,50.0196540881,0.6747653746181259,0.5658248439353479,H005_add_calendar,3,pooled_with_corridor_thresholds,logistic,2024,0.6158006229707257,26,"{""C"": 0.01, ""class_weight"": ""balanced""}"
2024-06-21,RUB_KGS,KGS,CBR,KGS_RC_F02_09_2016_T02_09_2026.dbf,100,98.2976,0.982976,1.0173188359,1.0,False,0.038553132323140504,-0.030155691931251005,-0.029169094626225966,-0.032818080741491396,-0.040652723422113346,0.038553132323140504,-0.007148904433274095,0.5426506454107419,0.038553132323140504,-0.021170225043737334,0.4747345961698577,0.038553132323140504,-0.027812318096697153,0.4454128216395673,0.038553132323140504,-0.0449255296586446,0.3221392376008609,0.03149813251762243,0.021527735034948828,0.015651364506706445,0,1.2246467991473532e-16,-1.0,-0.433883739117558,-0.9009688679024191,True,True,1,0.0,139.3324418724,0.6270161686859895,0.5658248439353479,H005_add_calendar,3,pooled_with_corridor_thresholds,logistic,2024,0.6158006229707257,26,"{""C"": 0.01, ""class_weight"": ""balanced""}"
2024-06-29,RUB_KGS,KGS,CBR,KGS_RC_F02_09_2016_T02_09_2026.dbf,100,99.1932,0.991932,1.0081336221,1.0,False,0.009280522908270195,-0.015911187832971185,-0.021608932375917322,-0.021502767008966917,-0.03112717327603043,0.009280522908270195,-0.00925550635008865,0.27953660853841894,0.04801550154994372,-0.0037214358804592562,0.6590770658700016,0.04801550154994372,-0.014955529442584603,0.5547336555832233,0.04801550154994372,-0.03335074352475198,0.4012041598248494,0.0167217284591743,0.02641255437724201,0.018578714070140424,0,1.2246467991473532e-16,-1.0,-0.9749279121818236,-0.2225209339563146,True,True,1,0.0,70.7322922236,0.6519401515927578,0.5658248439353479,H005_add_calendar,3,pooled_with_corridor_thresholds,logistic,2024,0.6158006229707257,26,"{""C"": 0.01, ""class_weight"": ""balanced""}"
2024-07-06,RUB_KGS,KGS,CBR,KGS_RC_F02_09_2016_T02_09_2026.dbf,10,10.2602,1.02602,0.9746398706,1.0,False,0.0015911908550454434,0.004297054706694059,0.03436525890887676,0.012013729977116583,0.009156986751384322,0.014886692978030913,0.004922653805996768,1.0,0.04396470938969954,0.014759919505194397,1.0,0.08403082560122366,0.018359290402021555,1.0,0.08403082560122366,0.000915341674717185,0.7021381782227156,0.008003773365372014,0.013662883981319181,0.019115501322326964,0,-0.4999999999999998,-0.8660254037844388,-0.9749279121818236,-0.2225209339563146,True,True,1,0.0,-11.2767544135,0.6546956548590172,0.5658248439353479,H005_add_calendar,3,pooled_with_corridor_thresholds,logistic,2024,0.6158006229707257,26,"{""C"": 0.01, ""class_weight"": ""balanced""}"
2024-07-13,RUB_KGS,KGS,CBR,KGS_RC_F02_09_2016_T02_09_2026.dbf,10,10.2864,1.02864,0.9721574117,1.0,False,-0.0026663046956050263,0.0010412915908404319,0.0025535564608878403,0.03700656899868138,0.014708058358734455,0.0010412915908404319,-1.749852720733802e-05,0.2801047120418646,0.01747826344995418,0.003721607375300806,0.8653281096963753,0.08679895951973937,0.01822196019209832,0.9676104777160083,0.08679895951973937,0.004807441212031138,0.7252679343891799,0.0023866888934684937,0.006481107572804377,0.01893024545071252,1,-0.4999999999999998,-0.8660254037844388,-0.9749279121818236,-0.2225209339563146,True,True,1,0.0,2.0549961399,0.6077716904893693,0.5658248439353479,H005_add_calendar,3,pooled_with_corridor_thresholds,logistic,2024,0.6158006229707257,26,"{""C"": 0.01, ""class_weight"": ""balanced""}"
2024-07-19,RUB_KGS,KGS,CBR,KGS_RC_F02_09_2016_T02_09_2026.dbf,10,10.3624,1.03624,0.9650274068,1.0,False,-0.0005690421766344489,0.0066446473673984485,0.004702391917703386,0.011567859897109622,0.05418647047333813,0.007388396329133684,0.002769557702989589,0.9279609279609433,0.009960819477203398,0.005320366798738041,0.9454209065680047,0.054363453400501305,0.015605784926775224,0.9890779170291959,0.0948286609627611,0.01362663180789947,0.8671548925645391,0.003277682206132222,0.0024411919488980345,0.011698322852096335,1,-0.4999999999999998,-0.8660254037844388,-0.433883739117558,-0.9009688679024191,True,True,1,0.0,5.9245134321,0.5959991113475448,0.5658248439353479,H005_add_calendar,3,pooled_with_corridor_thresholds,logistic,2024,0.6158006229707257,26,"{""C"": 0.01, ""class_weight"": ""balanced""}"
2024-07-26,RUB_KGS,KGS,CBR,KGS_RC_F02_09_2016_T02_09_2026.dbf,10,10.1437,1.01437,0.9858335716,1.0,False,-0.01285544677786643,-0.02237878159966844,-0.02110514938624264,-0.016502002152435136,0.03211095520908902,0.0,-0.015979170425729494,0.0,0.0,-0.017188090416718982,0.0,0.022620502211845084,-0.011944487248894964,0.46767268331318573,0.07172213852080223,-0.00659145021828722,0.7266227093680431,0.006090720623377629,0.005360102631056599,0.006591095693611565,4,-0.4999999999999998,-0.8660254037844388,-0.433883739117558,-0.9009688679024191,True,True,1,0.0,95.0378868194,0.6029912806469315,0.5658248439353479,H005_add_calendar,3,pooled_with_corridor_thresholds,logistic,2024,0.6158006229707257,26,"{""C"": 0.01, ""class_weight"": ""balanced""}"
2024-08-02,RUB_KGS,KGS,CBR,KGS_RC_F02_09_2016_T02_09_2026.dbf,10,10.2087,1.02087,0.9795566527,1.0,False,-0.0037765677147374443,-0.008912188728702475,0.006407918215246777,-0.014832471242183343,-0.003436191294331259,0.0026813601272908105,-0.0032844057119760794,0.22921914357682033,0.006407918215246777,-0.006489297719403209,0.25450274079874613,0.006407918215246777,-0.008042582838020285,0.25450274079874613,0.07858964633391285,0.0005927870518369627,0.7961979791060115,0.006516304312021537,0.006623980343621397,0.0050421065705764925,3,-0.8660254037844384,-0.5000000000000004,-0.433883739117558,-0.9009688679024191,True,True,1,9.5016995308,23.2313656944,0.6399687408402193,0.5658248439353479,H005_add_calendar,3,pooled_with_corridor_thresholds,logistic,2024,0.6158006229707257,26,"{""C"": 0.01, ""class_weight"": ""balanced""}"
2024-08-09,RUB_KGS,KGS,CBR,KGS_RC_F02_09_2016_T02_09_2026.dbf,10,10.1654,1.01654,0.9837291203,1.0,False,0.0021491383729643765,0.011220977657521392,-0.0042414803060134565,0.0021392588503208465,-0.014398045356266764,0.011220977657521392,0.0039088192363681,0.7704918032786863,0.011220977657521392,-0.0018342353948515022,0.45502218636547065,0.011220977657521392,-0.00850419259913826,0.32554112554112574,0.0740148295907177,-0.0018646509719072446,0.7498501455728728,0.008159651229530036,0.0070504938580617255,0.006171843511373429,0,-0.8660254037844384,-0.5000000000000004,-0.433883739117558,-0.9009688679024191,True,True,1,0.0,25.623557974,0.6223804650835462,0.5658248439353479,H005_add_calendar,3,pooled_with_corridor_thresholds,logistic,2024,0.6158006229707257,26,"{""C"": 0.01, ""class_weight"": ""balanced""}"
2024-08-16,RUB_KGS,KGS,CBR,KGS_RC_F02_09_2016_T02_09_2026.dbf,10,10.3613,1.03613,0.9651298582,1.0,False,-0.01343502437538091,-0.016254450510325258,0.019271253467645133,0.014948034519576492,-0.00010615301474570238,0.0056097442616585,-0.013495140454573229,0.11289062499999816,0.030708473429759353,0.004544119258165669,0.4046401887534404,0.030708473429759353,0.006449306720168746,0.4046401887534404,0.09471244159976999,0.015513518454642439,0.663714979565243,0.024169495959685358,0.0172000169574518,0.012784136974469331,2,-0.8660254037844384,-0.5000000000000004,-0.433883739117558,-0.9009688679024191,True,True,1,0.0,109.7580931082,0.5909340330626727,0.5658248439353479,H005_add_calendar,3,pooled_with_corridor_thresholds,logistic,2024,0.6158006229707257,26,"{""C"": 0.01, ""class_weight"": ""balanced""}"
2024-08-24,RUB_KGS,KGS,CBR,KGS_RC_F02_09_2016_T02_09_2026.dbf,10,10.7337,1.07337,0.9316451922,1.0,False,0.005272819225654146,0.0139332338327256,0.03466324789620301,0.04175280244577073,0.05424597795980901,0.027305616170896885,0.009649030393787283,1.0,0.035941435920203046,0.015089643223940463,0.8199031263760442,0.06775361597994545,0.03355587727360465,0.8927775593131462,0.13405797867057712,0.04771611221059713,0.9394361191731322,0.006400101367768323,0.016521173256552932,0.012784127955684893,0,-0.8660254037844384,-0.5000000000000004,-0.9749279121818236,-0.2225209339563146,True,True,1,0.0,-25.4720128094,0.636071278481329,0.5658248439353479,H005_add_calendar,3,pooled_with_corridor_thresholds,logistic,2024,0.6158006229707257,26,"{""C"": 0.01, ""class_weight"": ""balanced""}"
2024-08-31,RUB_KGS,KGS,CBR,KGS_RC_F02_09_2016_T02_09_2026.dbf,10,10.7386,1.07386,0.9312200846,1.0,False,-0.0012648574245270883,-0.0006142277482037439,0.0004565061442001195,0.03513557802604583,0.05290714775958438,0.0,-0.0010976335764250056,0.0,0.027774587496650183,0.004474892336933767,0.901242236024846,0.06824105206613207,0.021619487506362223,0.899200419452091,0.13457568310571943,0.043427193780751994,0.9430640289048157,0.0021851766443598602,0.005746914222156739,0.012494811021700577,1,-0.8660254037844384,-0.5000000000000004,-0.9749279121818236,-0.2225209339563146,True,True,0,108.4871398506,-11.893837181,0.5873781506682628,0.5658248439353479,H005_add_calendar,3,pooled_with_corridor_thresholds,logistic,2024,0.6158006229707257,26,"{""C"": 0.01, ""class_weight"": ""balanced""}"
2024-09-06,RUB_KGS,KGS,CBR,KGS_RC_F02_09_2016_T02_09_2026.dbf,10,10.6499,1.06499,0.9389759528,1.0,False,0.010388600053129027,0.0026171849257679014,-0.00951433195067053,-0.0025755333695467453,0.04766167588092962,0.016861925085694063,0.004247109344206246,0.6656615152657387,0.016861925085694063,-0.002551244996319202,0.5944126556714934,0.03361964381035576,0.004316242822372196,0.6765625000000013,0.12520417628998226,0.03224775496928589,0.8773914588639466,0.010572434066344807,0.007522629075646405,0.012947656170338821,0,-1.0,-1.8369701987210297e-16,-0.433883739117558,-0.9009688679024191,True,True,1,0.0,-35.0253267303,0.5816784114937226,0.5658248439353479,H005_add_calendar,3,pooled_with_corridor_thresholds,logistic,2024,0.6158006229707257,26,"{""C"": 0.01, ""class_weight"": ""balanced""}"
2024-09-13,RUB_KGS,KGS,CBR,KGS_RC_F02_09_2016_T02_09_2026.dbf,10,10.8001,1.08001,0.9259173526,1.0,False,-0.0035980847118303183,0.006101764388053432,0.014103418811444168,0.004454902252562176,0.04234989817879997,0.012401807307973467,0.002560218036262496,0.7723292469351988,0.03120315468858892,0.010423166917554738,0.8933843630399116,0.04106380312509028,0.012050789486014013,0.9161290322580642,0.09889897447220264,0.03948476810392321,0.9614239507809176,0.004554989925698711,0.008061009378643971,0.006946438996498091,1,-1.0,-1.8369701987210297e-16,-0.433883739117558,-0.9009688679024191,True,True,1,41.6662808678,-18.6323633284,0.5807437408506432,0.5658248439353479,H005_add_calendar,3,pooled_with_corridor_thresholds,logistic,2024,0.6158006229707257,26,"{""C"": 0.01, ""class_weight"": ""balanced""}"
2024-09-20,RUB_KGS,KGS,CBR,KGS_RC_F02_09_2016_T02_09_2026.dbf,10,10.9993,1.09993,0.909148764,1.0,False,0.01223036148126333,0.021802946695650638,0.018444273664132815,0.03280781979173519,0.03014778878753277,0.022705507154745286,0.014727399198867674,1.0,0.031074823300024423,0.01787973263224707,1.0,0.05022294787698245,0.023989409413761376,1.0,0.10887641491553857,0.05204306853817697,1.0,0.006015773929504794,0.005050990159413191,0.006486311108231214,0,-1.0,-1.8369701987210297e-16,-0.433883739117558,-0.9009688679024191,True,True,1,7.7277644941,-75.8353006454,0.574998854794316,0.5658248439353479,H005_add_calendar,3,pooled_with_corridor_thresholds,logistic,2024,0.6158006229707257,26,"{""C"": 0.01, ""class_weight"": ""balanced""}"
2024-09-28,RUB_KGS,KGS,CBR,KGS_RC_F02_09_2016_T02_09_2026.dbf,10,11.011,1.1011,0.9081827264,1.0,False,0.0032984655756824743,-0.0013513636075059843,0.0018379007897513233,0.023793363148645774,0.0253664351032723,0.0035179176843715965,0.0007598176437655368,0.6807760141093353,0.022889842632331847,0.006055888136014209,0.9315689981096377,0.0513400742841319,0.01788485911293991,0.9674343288952845,0.09533851938801896,0.044776449847535815,0.9814644137224773,0.003391445686088368,0.0045510605035503455,0.006539976830254052,0,-1.0,-1.8369701987210297e-16,-0.9749279121818236,-0.2225209339563146,True,True,1,0.0,0.0129740221,0.6566969999794606,0.5658248439353479,H005_add_calendar,3,pooled_with_corridor_thresholds,logistic,2024,0.6158006229707257,26,"{""C"": 0.01, ""class_weight"": ""balanced""}"
2024-10-04,RUB_KGS,KGS,CBR,KGS_RC_F02_09_2016_T02_09_2026.dbf,10,11.251,1.1251,0.8888098836,1.0,False,0.004795798987256017,0.016258693884924513,0.025166745635455845,0.022883274390188335,0.05644184452436152,0.0217963854327492,0.01155315801303658,1.0,0.025390981006889968,0.01721885439693316,1.0,0.05466919139841386,0.02905613299528409,1.0,0.11921293993593696,0.06174764171419733,1.0,0.0034660528037017413,0.004179570079702638,0.004539615410285531,0,-0.8660254037844386,0.5000000000000001,-0.433883739117558,-0.9009688679024191,True,True,1,44.7071371434,-70.7640057491,0.5725512196627953,0.5658248439353479,H005_add_calendar,3,pooled_with_corridor_thresholds,logistic,2024,0.6158006229707257,26,"{""C"": 0.01, ""class_weight"": ""balanced""}"
2024-10-12,RUB_KGS,KGS,CBR,KGS_RC_F02_09_2016_T02_09_2026.dbf,10,11.2361,1.12361,0.8899885191,1.0,False,-0.015508494624598135,-0.005540460406949443,0.0031605167534172196,0.020443193170465834,0.04472296863813452,0.0,-0.008613235548434295,0.0,0.014912835335561425,-0.0009762533919915883,0.4826074247296109,0.0438009772773722,0.012635297722582095,0.7270624518118731,0.11773073632692044,0.05075404210802925,0.8699007717750823,0.010848557180010106,0.008248566967371822,0.006485735606745217,1,-0.8660254037844386,0.5000000000000001,-0.9749279121818236,-0.2225209339563146,True,True,1,0.0,48.8746062071,0.6066185569020154,0.5658248439353479,H005_add_calendar,3,pooled_with_corridor_thresholds,logistic,2024,0.6158006229707257,26,"{""C"": 0.01, ""class_weight"": ""balanced""}"
2024-10-19,RUB_KGS,KGS,CBR,KGS_RC_F02_09_2016_T02_09_2026.dbf,10,11.2769,1.12769,0.8867685268,1.0,False,-0.007533553355335454,-0.006125290841147879,0.003631153158124345,0.006803146231932011,0.02603086217563777,0.0032829181494662407,-0.003823260760871139,0.2731310140636562,0.003631153158124345,-0.004418665218792306,0.23050847457627527,0.027751449090445135,0.006484595793826431,0.6909462219196744,0.12178938782006643,0.04596751229674334,0.8998897464167588,0.006151595378689693,0.008314263636586008,0.006574752823506524,2,-0.8660254037844386,0.5000000000000001,-0.9749279121818236,-0.2225209339563146,True,True,1,33.6972040188,27.2002789513,0.6408691831852741,0.5658248439353479,H005_add_calendar,3,pooled_with_corridor_thresholds,logistic,2024,0.6158006229707257,26,"{""C"": 0.01, ""class_weight"": ""balanced""}"
2024-10-25,RUB_KGS,KGS,CBR,KGS_RC_F02_09_2016_T02_09_2026.dbf,10,11.2751,1.12751,0.8869100939,1.0,False,-0.0024418944146089583,0.0032209557874880446,-0.0076919691969196125,-0.012091368690364646,0.027362685424791255,0.0032209557874880446,-0.00027309370838202174,0.5673981191222456,0.003470955224677663,-0.0017706793211217375,0.2805755395683459,0.02398510580328761,0.0013557037025853091,0.6568017905993532,0.12161032966595697,0.039239906827169824,0.8985667034178608,0.004731093726789925,0.006871054332634626,0.006595704614840749,1,-0.8660254037844386,0.5000000000000001,-0.433883739117558,-0.9009688679024191,True,True,1,7.7161178171,-1.5840188967,0.5861963130703041,0.5658248439353479,H005_add_calendar,3,pooled_with_corridor_thresholds,logistic,2024,0.6158006229707257,26,"{""C"": 0.01, ""class_weight"": ""balanced""}"
2024-11-01,RUB_KGS,KGS,CBR,KGS_RC_F02_09_2016_T02_09_2026.dbf,10,11.308,1.1308,0.8843296781,1.0,False,-0.00030941961720376554,-0.0021355076684137497,0.0029179342090093208,-0.004796479647964702,0.005066216336325757,0.0036923950862741695,-0.00038011721754194205,0.5402597402597454,0.006148288533575297,0.0011296794047759295,0.6612440191387629,0.009579758407956662,6.323357021598142e-05,0.5051789077212832,0.09749114378609192,0.032859604438884915,0.9052811824080748,0.0032389437353759795,0.003982539804504209,0.006215120398275055,2,-0.5000000000000004,0.8660254037844384,-0.433883739117558,-0.9009688679024191,True,True,1,0.0,29.5752152642,0.5978624090746877,0.5658248439353479,H005_add_calendar,3,pooled_with_corridor_thresholds,logistic,2024,0.6158006229707257,26,"{""C"": 0.01, ""class_weight"": ""balanced""}"
2024-11-09,RUB_KGS,KGS,CBR,KGS_RC_F02_09_2016_T02_09_2026.dbf,10,11.3496,1.13496,0.8810883203,1.0,False,-0.00243467254972618,-0.002592472163879367,-0.0006251816108552299,0.007384790172548339,0.010101369692330886,0.0,-0.0021505073825880405,0.0,0.0036788114609125344,-0.0002299111802900322,0.479262672811052,0.009849718388810214,0.002157142011996349,0.7100705580500268,0.08625244056506265,0.028303658957187672,0.9341764279050474,0.0017390001032081487,0.0027556796237713206,0.0037548170257328223,2,-0.5000000000000004,0.8660254037844384,-0.9749279121818236,-0.2225209339563146,True,True,1,0.0,14.6423557477,0.646406991912564,0.5658248439353479,H005_add_calendar,3,pooled_with_corridor_thresholds,logistic,2024,0.6158006229707257,26,"{""C"": 0.01, ""class_weight"": ""balanced""}"
2024-11-15,RUB_KGS,KGS,CBR,KGS_RC_F02_09_2016_T02_09_2026.dbf,10,11.4635,1.14635,0.8723339294,1.0,False,0.004574413081769757,0.008782350818835383,0.007576490028389893,0.013751326494517047,0.008888888888888946,0.010035595968139965,0.006419452204404097,1.0,0.010035595968139965,0.00707814244662841,1.0,0.019984162151100104,0.01097222571309775,1.0,0.09454517678286689,0.033659106046652454,1.0,0.002932780565555886,0.0024016623427929834,0.003337487747071633,0,-0.5000000000000004,0.8660254037844384,-0.433883739117558,-0.9009688679024191,True,True,1,0.0,4.8577852236,0.5782938921270885,0.5658248439353479,H005_add_calendar,3,pooled_with_corridor_thresholds,logistic,2024,0.6158006229707257,26,"{""C"": 0.01, ""class_weight"": ""balanced""}"
2024-11-22,RUB_KGS,KGS,CBR,KGS_RC_F02_09_2016_T02_09_2026.dbf,10,11.6393,1.16393,0.8591581968,1.0,False,0.0046003797686862136,0.007374005764187563,0.015335630479347495,0.023028310759143134,0.03230126562070401,0.007374005764187563,0.00504278596654828,1.0,0.025525128638894667,0.01337844473620975,1.0,0.03309841653056855,0.01967057578495912,1.0,0.11133071715696086,0.042994446288081356,1.0,0.003554099116648868,0.0031772680160760624,0.0029075806579210027,0,-0.5000000000000004,0.8660254037844384,-0.433883739117558,-0.9009688679024191,True,True,1,0.0,54.2605188502,0.5777494131153097,0.5658248439353479,H005_add_calendar,3,pooled_with_corridor_thresholds,logistic,2024,0.6158006229707257,26,"{""C"": 0.01, ""class_weight"": ""balanced""}"
2024-12-14,RUB_KGS,KGS,CBR,KGS_RC_F02_09_2016_T02_09_2026.dbf,10,11.8943,1.18943,0.8407388413,1.0,False,-0.006805390871591155,0.03208816000694181,0.03843165329445353,-0.04174823766364555,0.028883083630324213,0.03891237509608003,0.012437671196730005,0.8453510436432624,0.03891237509608003,0.0020851675084565535,0.49571603427172617,0.03891237509608003,-0.0023276198304821305,0.37901990811638603,0.08401990448762353,0.03490024740748554,0.5581184162731562,0.014898540408955434,0.01825320111550988,0.016219236409952435,1,-2.4492935982947064e-16,1.0,-0.9749279121818236,-0.2225209339563146,True,True,0,54.6480246841,-42.2265106742,0.6327550081645756,0.5658248439353479,H005_add_calendar,3,pooled_with_corridor_thresholds,logistic,2024,0.6158006229707257,26,"{""C"": 0.01, ""class_weight"": ""balanced""}"
2024-12-20,RUB_KGS,KGS,CBR,KGS_RC_F02_09_2016_T02_09_2026.dbf,10,11.8874,1.18874,0.8412268452,1.0,False,0.006264073001845283,0.004911533226818143,-0.007381552798143121,-0.001947844776921448,0.02131571486257755,0.006264073001845283,0.0029326799767814826,0.9147095179233516,0.038309691845433536,0.011143726943390053,0.8322580645161262,0.038309691845433536,-0.0071734669418348496,0.37314956610515515,0.0795931341385887,0.029274798551946368,0.5432680386808819,0.005240800319283782,0.017398587688031805,0.016330414242733255,0,-2.4492935982947064e-16,1.0,-0.433883739117558,-0.9009688679024191,True,True,0,104.0597607551,-66.7553834987,0.5975400903352914,0.5658248439353479,H005_add_calendar,3,pooled_with_corridor_thresholds,logistic,2024,0.6158006229707257,26,"{""C"": 0.01, ""class_weight"": ""balanced""}"
2024-12-27,RUB_KGS,KGS,CBR,KGS_RC_F02_09_2016_T02_09_2026.dbf,10,11.4057,1.14057,0.8767546052,1.0,False,-0.003842895447042194,-0.02346786760047259,-0.04052189713478127,-0.04760433540974296,-0.09652096766527785,0.0,-0.01298060697318193,0.0,0.0,-0.025501167532597346,0.0,0.0,-0.03446016472004454,0.0,0.018302427526851073,-0.015510618396319953,0.14401123990165196,0.005835930921656603,0.006326225941454094,0.013576861849068372,5,-2.4492935982947064e-16,1.0,-0.433883739117558,-0.9009688679024191,True,True,1,0.0,136.4760589341,0.606983216172215,0.5658248439353479,H005_add_calendar,3,pooled_with_corridor_thresholds,logistic,2024,0.6158006229707257,26,"{""C"": 0.01, ""class_weight"": ""balanced""}"
2024-01-12,RUB_KZT,KZT,CBR,KZT_RC_F02_09_2016_T02_09_2026.dbf,100,19.5839,0.195839,5.1062352238,1.0,False,-0.007178525259182278,-0.009453335221639936,-0.025729935177676744,-0.007867593418173002,-0.026848272229455072,0.0,-0.009359135451000866,0.0,0.0,-0.016938619590850856,0.0,0.0,-0.013652749499810435,0.0,0.0309214855368094,-0.00927285345360418,0.3005218459019756,0.008673836380304117,0.009500663393548147,0.007439909645725635,2,0.49999999999999994,0.8660254037844387,-0.433883739117558,-0.9009688679024191,True,True,0,68.3214272949,20.5503983414,0.6205616299307458,0.602639461372437,H005_add_calendar,3,pooled_with_corridor_thresholds,logistic,2024,0.6158006229707257,26,"{""C"": 0.01, ""class_weight"": ""balanced""}"
2024-01-19,RUB_KZT,KZT,CBR,KZT_RC_F02_09_2016_T02_09_2026.dbf,100,19.5741,0.195741,5.1087917197,1.0,False,-0.00029111635461032126,0.007603055635629907,-0.0005004110519355454,-0.026217470685683808,-0.005926625632274973,0.00805450697044452,0.004334615041237333,0.9648365206662547,0.00805450697044452,-0.0028105986621000945,0.29996164173379414,0.00805450697044452,-0.00947105599541731,0.2232053660625099,0.030405601031769036,-0.005476608191591348,0.4090941284793545,0.005433673738532697,0.007330234192318501,0.007145160346441127,1,0.49999999999999994,0.8660254037844387,-0.433883739117558,-0.9009688679024191,True,True,1,0.0,-14.3543852135,0.6730727622269246,0.602639461372437,H005_add_calendar,3,pooled_with_corridor_thresholds,logistic,2024,0.6158006229707257,26,"{""C"": 0.01, ""class_weight"": ""balanced""}"
2024-01-26,RUB_KZT,KZT,CBR,KZT_RC_F02_09_2016_T02_09_2026.dbf,100,19.9035,0.199035,5.0242419675,1.0,False,0.005582781791542368,0.01820162985926732,0.016828359924594194,0.01631952777536627,0.008323538947880182,0.01820162985926732,0.010836907037641064,1.0,0.025018411037352584,0.016009805067618954,1.0,0.025018411037352584,0.007486229857298854,0.6933066933066921,0.047745637354249526,0.012652367205601367,0.7886270759064417,0.004818519923456826,0.005170102867745667,0.00754384514654516,0,0.49999999999999994,0.8660254037844387,-0.433883739117558,-0.9009688679024191,True,True,1,0.0,-19.6690422938,0.6049613798443898,0.602639461372437,H005_add_calendar,3,pooled_with_corridor_thresholds,logistic,2024,0.6158006229707257,26,"{""C"": 0.01, ""class_weight"": ""balanced""}"
2024-02-03,RUB_KZT,KZT,CBR,KZT_RC_F02_09_2016_T02_09_2026.dbf,100,20.1634,0.201634,4.9594810399,1.0,False,0.0005508056152399021,0.016156993972624933,0.0046787413737263694,0.02831992900892999,0.017053966396473275,0.016156993972624933,0.007257424773155607,1.0,0.031497311704190345,0.013222942815822591,1.0,0.038403106444120594,0.020729825318082762,1.0,0.06142710499302506,0.023997936098271166,1.0,0.006819468663595476,0.006028144071735318,0.006319052029298716,0,0.8660254037844386,0.5000000000000001,-0.9749279121818236,-0.2225209339563146,True,True,1,0.0,-30.5869945577,0.6158377470923957,0.602639461372437,H005_add_calendar,3,pooled_with_corridor_thresholds,logistic,2024,0.6158006229707257,26,"{""C"": 0.01, ""class_weight"": ""balanced""}"
2024-02-10,RUB_KZT,KZT,CBR,KZT_RC_F02_09_2016_T02_09_2026.dbf,100,20.1826,0.201826,4.9547630137,1.0,False,-2.9727694320080822e-05,0.008550083701871491,0.0009522203596614709,0.0056354169261814135,0.03766047475334311,0.008550083701871491,0.002620984568183493,0.8182687709230083,0.017124599350898162,0.0054109847673455835,0.8994176813128663,0.03939189502361251,0.01609558928846977,0.9526715655747925,0.06243781749269606,0.023734511225939947,0.9689567845764242,0.00636390816154987,0.006230828937203205,0.0054932109663624745,1,0.8660254037844386,0.5000000000000001,-0.9749279121818236,-0.2225209339563146,True,True,1,0.0,-8.0827915879,0.648228274573956,0.602639461372437,H005_add_calendar,3,pooled_with_corridor_thresholds,logistic,2024,0.6158006229707257,26,"{""C"": 0.01, ""class_weight"": ""balanced""}"
2024-02-17,RUB_KZT,KZT,CBR,KZT_RC_F02_09_2016_T02_09_2026.dbf,100,20.6555,0.206555,4.8413255549,1.0,False,0.005897420913199225,0.01169630743460015,0.023431074291716536,0.024405606197367424,0.05341670024122669,0.014000775639043006,0.008705274734290391,1.0,0.03218149564000705,0.017334908099769786,1.0,0.05667162888728594,0.027539685303379358,1.0,0.08733187692469668,0.04341944345237936,1.0,0.0037456751015786565,0.005451227909853117,0.005597142020301126,0,0.8660254037844386,0.5000000000000001,-0.9749279121818236,-0.2225209339563146,True,True,1,28.8058870519,-46.246983628,0.6478529791303526,0.602639461372437,H005_add_calendar,3,pooled_with_corridor_thresholds,logistic,2024,0.6158006229707257,26,"{""C"": 0.01, ""class_weight"": ""balanced""}"
2024-03-01,RUB_KZT,KZT,CBR,KZT_RC_F02_09_2016_T02_09_2026.dbf,100,20.1286,0.201286,4.9680554038,1.0,False,-0.016481073395257506,-0.022427927577900464,-0.013719706398283016,-0.013753533928160255,0.006052730226165037,0.0,-0.015385127123452746,0.0,0.0,-0.017761071451750543,0.0,0.005851635309696901,-0.011090752367615031,0.18183229813664675,0.043127215439149325,0.008222114809073311,0.6123169744683983,0.009281637958291289,0.007350854684952464,0.006526980509292428,1,1.0,6.123233995736766e-17,-0.433883739117558,-0.9009688679024191,True,True,1,0.0,108.6085871757,0.6054192709129276,0.602639461372437,H005_add_calendar,3,pooled_with_corridor_thresholds,logistic,2024,0.6158006229707257,26,"{""C"": 0.01, ""class_weight"": ""balanced""}"
2024-03-08,RUB_KZT,KZT,CBR,KZT_RC_F02_09_2016_T02_09_2026.dbf,100,20.2783,0.202783,4.9313798494,1.0,False,0.0112755707603156,0.0011799905205782668,0.00743717893941942,-0.0063845633703438764,0.011320961733154444,0.0112755707603156,0.004254075790891543,1.0,0.0112755707603156,-0.0019421432283873719,0.42010405053883054,0.0112755707603156,-0.004623391642357033,0.374772086855626,0.04432038809951755,0.013057531221281948,0.6952657941509132,0.007495996245581131,0.008260252094425222,0.006763426642979549,0,1.0,6.123233995736766e-17,-0.433883739117558,-0.9009688679024191,True,True,1,0.0,-29.6831722345,0.6761422719793656,0.602639461372437,H005_add_calendar,3,pooled_with_corridor_thresholds,logistic,2024,0.6158006229707257,26,"{""C"": 0.01, ""class_weight"": ""balanced""}"
2024-03-15,RUB_KZT,KZT,CBR,KZT_RC_F02_09_2016_T02_09_2026.dbf,100,20.3685,0.203685,4.9095416943,1.0,False,-0.00031901840490788924,0.005310721636255122,0.015773830302909353,-0.0047591359285446,-0.0023608124721428148,0.006100271672017765,0.003100631650278629,0.9500000000000138,0.015773830302909353,0.006647227438963954,0.979863692688977,0.015773830302909353,-0.00043283415090900057,0.5242831095640657,0.04896563444692226,0.016573142591911783,0.7681370172887394,0.005484238878388502,0.007805874661120406,0.006421653294372874,1,1.0,6.123233995736766e-17,-0.433883739117558,-0.9009688679024191,True,True,1,0.0,2.1737529845,0.6311861379045232,0.602639461372437,H005_add_calendar,3,pooled_with_corridor_thresholds,logistic,2024,0.6158006229707257,26,"{""C"": 0.01, ""class_weight"": ""balanced""}"
2024-03-23,RUB_KZT,KZT,CBR,KZT_RC_F02_09_2016_T02_09_2026.dbf,100,20.5225,0.205225,4.8727006944,1.0,False,0.007199717311712872,-0.00018025742709326664,0.0033636945882651315,0.012042429592224124,0.005580980567015947,0.007199717311712872,0.0013173623478324181,0.8538998835855637,0.013707088169918391,0.0051150794933505495,0.9170522141440842,0.02345378561953293,0.0075898803559126815,0.8738387216648061,0.056896542844930176,0.020237211055001758,0.8925513006947813,0.005654748603815248,0.0044205931056985285,0.006514968407338864,0,1.0,6.123233995736766e-17,-0.9749279121818236,-0.2225209339563146,True,True,1,0.0,-5.6764361732,0.6780727325192376,0.602639461372437,H005_add_calendar,3,pooled_with_corridor_thresholds,logistic,2024,0.6158006229707257,26,"{""C"": 0.01, ""class_weight"": ""balanced""}"
2024-03-30,RUB_KZT,KZT,CBR,KZT_RC_F02_09_2016_T02_09_2026.dbf,100,20.6105,0.206105,4.8518958783,1.0,False,0.0043124451807816655,0.004694309307699207,0.004287976611036859,0.007666094643023147,0.02394105899068988,0.004694309307699207,0.0026669027733454698,1.0,0.01151856614218838,0.00413678729819722,1.0,0.027842331514746466,0.010514290757279054,1.0,0.061428490500934796,0.02226450646678635,0.9636451769268074,0.003042660136300235,0.00428190729652767,0.004805209247792797,0,1.0,6.123233995736766e-17,-0.9749279121818236,-0.2225209339563146,True,True,1,0.0,-12.2139523586,0.6755887529115155,0.602639461372437,H005_add_calendar,3,pooled_with_corridor_thresholds,logistic,2024,0.6158006229707257,26,"{""C"": 0.01, ""class_weight"": ""balanced""}"
2024-04-05,RUB_KZT,KZT,CBR,KZT_RC_F02_09_2016_T02_09_2026.dbf,100,20.6542,0.206542,4.8416302737,1.0,False,0.00048439755476126223,-0.00013554727211118056,0.006441867264399104,0.01366326720914035,0.03002164351043768,0.002120278498823458,-0.00014038756650258666,0.40054995417048633,0.0068245410496143855,0.002748379786179145,0.6815968841285356,0.020212398122993358,0.007737508730526255,0.862199747155502,0.06367901450738245,0.021865115836479987,0.9497657270143646,0.0030839274788637423,0.0033621253132915248,0.0042409699270416,0,0.8660254037844387,-0.49999999999999983,-0.433883739117558,-0.9009688679024191,True,True,1,0.0,13.1381173948,0.6056067212958582,0.602639461372437,H005_add_calendar,3,pooled_with_corridor_thresholds,logistic,2024,0.6158006229707257,26,"{""C"": 0.01, ""class_weight"": ""balanced""}"
2024-04-13,RUB_KZT,KZT,CBR,KZT_RC_F02_09_2016_T02_09_2026.dbf,100,20.8385,0.208385,4.7988098951,1.0,False,-0.005763551263639588,0.001971390792162575,0.006778367201012658,0.011062322602556796,0.018813222057622703,0.005631750137536251,-0.00018519975664943455,0.4913684210526229,0.009411844489009003,0.003853843004070656,0.6166296413836849,0.022708310839328893,0.00951722564309887,0.7929734361610946,0.06603334407628503,0.024456312445614747,0.9144233493907612,0.004184221118553868,0.0033221231085155904,0.0037338930734829245,1,0.8660254037844387,-0.49999999999999983,-0.9749279121818236,-0.2225209339563146,True,True,1,0.0,13.220358942,0.6587355590459276,0.602639461372437,H005_add_calendar,3,pooled_with_corridor_thresholds,logistic,2024,0.6158006229707257,26,"{""C"": 0.01, ""class_weight"": ""balanced""}"
2024-04-20,RUB_KZT,KZT,CBR,KZT_RC_F02_09_2016_T02_09_2026.dbf,100,20.8853,0.208853,4.7880566714,1.0,False,-0.0036162224310746227,-0.004157825724162567,0.0022458430309284516,0.009039433380680473,0.017678158119137644,0.0,-0.0029074486064296634,0.0,0.007890241195263048,-0.00042978269650817413,0.5548014930437768,0.018089908453656545,0.006291580903042826,0.73880151304002,0.05253794827342917,0.021226304768799942,0.8882167504473051,0.0033336302149089276,0.0035983705889852105,0.0030969791722029517,2,0.8660254037844387,-0.49999999999999983,-0.9749279121818236,-0.2225209339563146,True,True,1,0.0,20.103541773,0.6660975210064347,0.602639461372437,H005_add_calendar,3,pooled_with_corridor_thresholds,logistic,2024,0.6158006229707257,26,"{""C"": 0.01, ""class_weight"": ""balanced""}"
2024-04-26,RUB_KZT,KZT,CBR,KZT_RC_F02_09_2016_T02_09_2026.dbf,100,20.7573,0.207573,4.8175822482,1.0,False,-0.0029923725719993577,-0.00614298847052519,-0.009722772182757522,-0.009637726450787976,0.011465744079524276,0.0,-0.004743903982692976,0.0,0.0,-0.006663304068520337,0.0,0.007122583149365536,-0.0028256947019904555,0.361576354679804,0.037475946520054926,0.011952850968691475,0.7431119920713591,0.0030757918294994874,0.003546251788512358,0.0033462706294461013,2,0.8660254037844387,-0.49999999999999983,-0.433883739117558,-0.9009688679024191,True,True,1,26.9784605898,14.4936500082,0.6426414542458246,0.602639461372437,H005_add_calendar,3,pooled_with_corridor_thresholds,logistic,2024,0.6158006229707257,26,"{""C"": 0.01, ""class_weight"": ""balanced""}"
2024-05-03,RUB_KZT,KZT,CBR,KZT_RC_F02_09_2016_T02_09_2026.dbf,100,20.8243,0.208243,4.8020821828,5.0,False,0.005941655838039184,0.0032277801062758904,-0.005211766841506815,-0.0070663964715698135,0.005053186354949002,0.005941655838039184,0.002942706326577893,1.0,0.005941655838039184,-0.001222554279923238,0.39022842639594335,0.008723999961248285,-0.00021220699111612618,0.48374966424926746,0.04061664542887855,0.013641254825402793,0.8087562189054748,0.004278759114737904,0.0033882676775688855,0.0034433840925522587,0,0.49999999999999994,-0.8660254037844387,-0.433883739117558,-0.9009688679024191,True,True,0,68.9579001455,-55.1699210114,0.6830844189853701,0.602639461372437,H005_add_calendar,3,pooled_with_corridor_thresholds,logistic,2024,0.6158006229707257,26,"{""C"": 0.01, ""class_weight"": ""balanced""}"
2024-05-17,RUB_KZT,KZT,CBR,KZT_RC_F02_09_2016_T02_09_2026.dbf,100,20.5985,0.205985,4.8547224312,1.0,False,-0.004807227751473575,-0.012256582638425995,-0.006664512675594425,-0.0055519347285587495,-0.011517143748350334,0.0,-0.007461924237810225,0.0,0.0,-0.006748813557033606,0.0,0.0,-0.01022283620637876,0.0,0.0272438934381265,-0.000603805405332003,0.5665249403712542,0.005474747118712632,0.004920846338266203,0.004026619174569002,4,0.49999999999999994,-0.8660254037844387,-0.433883739117558,-0.9009688679024191,True,True,1,0.0,34.2743635502,0.6748355897562646,0.602639461372437,H005_add_calendar,3,pooled_with_corridor_thresholds,logistic,2024,0.6158006229707257,26,"{""C"": 0.01, ""class_weight"": ""balanced""}"
2024-05-24,RUB_KZT,KZT,CBR,KZT_RC_F02_09_2016_T02_09_2026.dbf,100,20.4279,0.204279,4.8952657885,1.0,False,0.0006858072195905507,-0.0007533030381592365,-0.008282156467704027,-0.014891472606538225,-0.02190057121516098,0.0025913983244254535,-0.0012281804838600863,0.22976501305482835,0.0025913983244254535,-0.008507905814585048,0.10134357005758131,0.0025913983244254535,-0.012570357969166057,0.09457281031703389,0.018736098782178523,-0.008524187240745329,0.38960904282899395,0.003972613301327701,0.00451284750384789,0.0041154701759994585,0,0.49999999999999994,-0.8660254037844387,-0.433883739117558,-0.9009688679024191,True,True,0,88.3105948237,-41.6143795026,0.6828029012306719,0.602639461372437,H005_add_calendar,3,pooled_with_corridor_thresholds,logistic,2024,0.6158006229707257,26,"{""C"": 0.01, ""class_weight"": ""balanced""}"
2024-05-31,RUB_KZT,KZT,CBR,KZT_RC_F02_09_2016_T02_09_2026.dbf,100,20.2748,0.202748,4.9322311441,1.0,False,0.003052475869609328,0.013132120727563645,-0.00749465192212595,-0.01571473650994004,-0.021179424047119033,0.015237475276032253,0.0065142343118751445,1.0,0.015237475276032253,-0.0011577324209416373,0.479665825977303,0.015237475276032253,-0.011871307578863344,0.3287597234226462,0.015237475276032253,-0.014761313146202215,0.29091778202677043,0.009535426216170359,0.006887290081650861,0.005848991234575725,0,0.49999999999999994,-0.8660254037844387,-0.433883739117558,-0.9009688679024191,True,True,1,0.0,-43.9695602973,0.6685714580109727,0.602639461372437,H005_add_calendar,3,pooled_with_corridor_thresholds,logistic,2024,0.6158006229707257,26,"{""C"": 0.01, ""class_weight"": ""balanced""}"
2024-06-07,RUB_KZT,KZT,CBR,KZT_RC_F02_09_2016_T02_09_2026.dbf,100,19.7843,0.197843,5.0545129219,1.0,False,-0.00121665556026751,-0.009958315193186462,-0.02419259376171412,-0.031505930614502686,-0.04592823351835151,0.0,-0.007868132308988529,0.0,0.0,-0.012877206760271709,0.0,0.0,-0.026496854024471994,0.0,0.0,-0.037617819171791855,0.0,0.005931544560621061,0.007698564239194428,0.00620188978876834,4,1.2246467991473532e-16,-1.0,-0.433883739117558,-0.9009688679024191,True,True,1,0.0,37.6940180888,0.7009409388623494,0.602639461372437,H005_add_calendar,3,pooled_with_corridor_thresholds,logistic,2024,0.6158006229707257,26,"{""C"": 0.01, ""class_weight"": ""balanced""}"
2024-06-14,RUB_KZT,KZT,CBR,KZT_RC_F02_09_2016_T02_09_2026.dbf,100,19.525,0.19525,5.1216389245,2.0,False,-0.017140268304346673,-0.01695717407284325,-0.014307061650612907,-0.03404227951180172,-0.05667214223596473,0.0,-0.013185160326455003,0.0,0.0,-0.01946456990275991,0.0,0.0,-0.029651176370900423,0.0,0.0,-0.04860804819931086,0.0,0.008281208814441119,0.007182115865018776,0.006806090571402758,2,1.2246467991473532e-16,-1.0,-0.433883739117558,-0.9009688679024191,True,True,1,0.0,120.6770055911,0.6682035437220203,0.602639461372437,H005_add_calendar,3,pooled_with_corridor_thresholds,logistic,2024,0.6158006229707257,26,"{""C"": 0.01, ""class_weight"": ""balanced""}"
2024-06-21,RUB_KZT,KZT,CBR,KZT_RC_F02_09_2016_T02_09_2026.dbf,100,18.5791,0.185791,5.3823920427,1.0,False,0.029775134547913584,-0.059486083972016046,-0.048445582586427616,-0.062059530300276666,-0.08987993475034162,0.029775134547913584,-0.025472181075830047,0.3137300706651881,0.029775134547913584,-0.043561746794129275,0.2902371819115034,0.029775134547913584,-0.06004874525859394,0.22514668901927987,0.029775134547913584,-0.0894596169500711,0.18059571034761032,0.03549085160408832,0.024537799445824304,0.01778825638395014,0,1.2246467991473532e-16,-1.0,-0.433883739117558,-0.9009688679024191,True,True,1,0.0,222.011539277,0.6200398958002755,0.602639461372437,H005_add_calendar,3,pooled_with_corridor_thresholds,logistic,2024,0.6158006229707257,26,"{""C"": 0.01, ""class_weight"": ""balanced""}"
2024-06-29,RUB_KZT,KZT,CBR,KZT_RC_F02_09_2016_T02_09_2026.dbf,100,18.4198,0.184198,5.4289405965,1.0,False,0.005431133769643548,-0.01802964068664037,-0.03754251945052589,-0.06649638402789393,-0.09149288772269026,0.005431133769643548,-0.010644548978997803,0.20690372218756378,0.020945687538452162,-0.019283899096953938,0.2206973077147699,0.020945687538452162,-0.04660135832313883,0.1690525185649102,0.020945687538452162,-0.08902758408596656,0.12704229140052462,0.0131257440985905,0.027530548131533713,0.01987873792318873,0,1.2246467991473532e-16,-1.0,-0.9749279121818236,-0.2225209339563146,True,True,1,0.0,54.4642395717,0.6917215634101703,0.602639461372437,H005_add_calendar,3,pooled_with_corridor_thresholds,logistic,2024,0.6158006229707257,26,"{""C"": 0.01, ""class_weight"": ""balanced""}"
2024-07-05,RUB_KZT,KZT,CBR,KZT_RC_F02_09_2016_T02_09_2026.dbf,100,18.6471,0.186471,5.3627641832,1.0,False,0.0003648009956920273,0.007058607504698555,0.01783813583838678,0.0036600265890165407,-0.05862664324226097,0.012339981975917125,0.005329885746572227,1.0,0.01783813583838678,-0.00042133566622504226,0.3995110024449873,0.03354413892106711,-0.020642190993443887,0.32697606569776877,0.03354413892106711,-0.0713921647671234,0.2034559268473073,0.0030888535772810376,0.014718791940637776,0.019979830526801478,0,-0.4999999999999998,-0.8660254037844388,-0.433883739117558,-0.9009688679024191,True,True,0,57.7033426109,-45.3902150148,0.6576361193932648,0.602639461372437,H005_add_calendar,3,pooled_with_corridor_thresholds,logistic,2024,0.6158006229707257,26,"{""C"": 0.01, ""class_weight"": ""balanced""}"
2024-07-12,RUB_KZT,KZT,CBR,KZT_RC_F02_09_2016_T02_09_2026.dbf,100,18.3891,0.183891,5.438004035,1.0,False,0.006309579835611645,-0.006660400596357086,-0.01383593159258012,0.00375539701860772,-0.05817669654289381,0.006309579835611645,-0.0026780949405806886,0.433948061723745,0.006309579835611645,-0.005637699152560738,0.30886686311277567,0.01924409291704321,-0.016798123109957208,0.20276820650586946,0.01924409291704321,-0.07512151254959087,0.11672157601021999,0.0063672045444827415,0.00577304349511535,0.019831572650531173,0,-0.4999999999999998,-0.8660254037844388,-0.433883739117558,-0.9009688679024191,True,True,1,0.0,33.4634345005,0.6738756050365978,0.602639461372437,H005_add_calendar,3,pooled_with_corridor_thresholds,logistic,2024,0.6158006229707257,26,"{""C"": 0.01, ""class_weight"": ""balanced""}"
2024-07-19,RUB_KZT,KZT,CBR,KZT_RC_F02_09_2016_T02_09_2026.dbf,100,18.5067,0.185067,5.4034484808,1.0,False,-0.0028449042269457214,0.0011901734948362996,0.006395092745158815,-0.007529320913171378,-0.003896851838894211,0.0011901734948362996,-0.0021879218947469248,0.11011011011010911,0.012745022929002259,0.0007473146421759225,0.5670805941076207,0.012745022929002259,-0.0036190529516654246,0.2694042799305959,0.025762253421202974,-0.059790414248620194,0.1607470171191428,0.0070550531267665525,0.006687549019987297,0.01114373268748524,2,-0.4999999999999998,-0.8660254037844388,-0.433883739117558,-0.9009688679024191,True,True,1,29.6649321597,3.3875861558,0.6870448012574412,0.602639461372437,H005_add_calendar,3,pooled_with_corridor_thresholds,logistic,2024,0.6158006229707257,26,"{""C"": 0.01, ""class_weight"": ""balanced""}"
2024-07-26,RUB_KZT,KZT,CBR,KZT_RC_F02_09_2016_T02_09_2026.dbf,100,18.0156,0.180156,5.55074491,1.0,False,-0.01623445767737486,-0.017789869097530775,-0.026536335489309226,-0.020310945070721176,-0.016631823714677085,0.0,-0.016323624482378896,0.0,0.0,-0.022533872427420887,0.0,0.0,-0.024186795246921466,0.0,0.0,-0.07478428187111774,0.0,0.00800218918109105,0.007925157239467804,0.006860651544493161,2,-0.4999999999999998,-0.8660254037844388,-0.433883739117558,-0.9009688679024191,True,True,1,0.0,85.2792468821,0.6781083486971909,0.602639461372437,H005_add_calendar,3,pooled_with_corridor_thresholds,logistic,2024,0.6158006229707257,26,"{""C"": 0.01, ""class_weight"": ""balanced""}"
2024-08-02,RUB_KZT,KZT,CBR,KZT_RC_F02_09_2016_T02_09_2026.dbf,100,18.0997,0.180997,5.5249534523,1.0,False,-0.0007949608316173418,-0.007076752593437874,0.0046681764692819705,-0.021992035316939385,-0.029355771138675713,0.004183241512846658,-0.0023008096380442433,0.34891254049051196,0.0046681764692819705,-0.0070386219003730766,0.19280146721686958,0.0046681764692819705,-0.014201184721063353,0.12572880849155038,0.0046681764692819705,-0.06009730144788972,0.0291963200833182,0.006582516649424435,0.007661620031987514,0.007039225219315019,2,-0.8660254037844384,-0.5000000000000004,-0.433883739117558,-0.9009688679024191,True,True,1,25.470035415,11.4944612937,0.7320266428777529,0.602639461372437,H005_add_calendar,3,pooled_with_corridor_thresholds,logistic,2024,0.6158006229707257,26,"{""C"": 0.01, ""class_weight"": ""balanced""}"
2024-08-08,RUB_KZT,KZT,CBR,KZT_RC_F02_09_2016_T02_09_2026.dbf,100,17.9296,0.179296,5.5773692665,1.0,False,0.004538171061035712,-0.00686843621216815,-0.01018543565509733,-0.020930600833292234,-0.018835710142389606,0.004538171061035712,-0.00204049145453733,0.32258064516129425,0.004538171061035712,-0.006419350262448442,0.20673813169984792,0.004538171061035712,-0.017925047879275957,0.0969015432468004,0.004538171061035712,-0.05959049401185834,0.02842703727100461,0.004683238418840594,0.0074954395555465216,0.0069373525781387625,0,-0.8660254037844384,-0.5000000000000004,0.43388373911755823,-0.900968867902419,True,True,1,0.0,103.0797764292,0.6050155637574048,0.602639461372437,H005_add_calendar,3,pooled_with_corridor_thresholds,logistic,2024,0.6158006229707257,26,"{""C"": 0.01, ""class_weight"": ""balanced""}"
2024-08-16,RUB_KZT,KZT,CBR,KZT_RC_F02_09_2016_T02_09_2026.dbf,100,18.5057,0.185057,5.4037404692,1.0,False,-0.014238534064880404,-0.01854120592088171,0.016807877009637595,0.022431311016204658,-5.40344848082297e-05,0.0034812786378548566,-0.014801115008102772,0.07120674356699246,0.036815212397610875,0.00656513462061481,0.43967882234861155,0.036815212397610875,0.010881380930270579,0.43967882234861155,0.036815212397610875,-0.0199367321285564,0.2547590431512425,0.024272517102135384,0.017320455861530512,0.013242347374820173,2,-0.8660254037844384,-0.5000000000000004,-0.433883739117558,-0.9009688679024191,True,True,1,0.0,127.254408214,0.6534990805372463,0.602639461372437,H005_add_calendar,3,pooled_with_corridor_thresholds,logistic,2024,0.6158006229707257,26,"{""C"": 0.01, ""class_weight"": ""balanced""}"
2024-08-24,RUB_KZT,KZT,CBR,KZT_RC_F02_09_2016_T02_09_2026.dbf,100,19.1202,0.191202,5.2300708152,1.0,False,-0.003652887135688232,0.009279787166656117,0.029212757367783615,0.036802863107664896,0.060801251643614496,0.022623708362749628,0.004410534853521497,0.7952622673434893,0.0332059851829436,0.010390211577302022,0.7338189634583254,0.0712436829779366,0.03271043685571051,0.8508531281365016,0.0712436829779366,0.019253127693702687,0.5235722814674518,0.008531156304431796,0.01692528307767086,0.013024950084855928,2,-0.8660254037844384,-0.5000000000000004,-0.9749279121818236,-0.2225209339563146,True,True,0,57.8445832157,-8.0308672439,0.6944377206220954,0.602639461372437,H005_add_calendar,3,pooled_with_corridor_thresholds,logistic,2024,0.6158006229707257,26,"{""C"": 0.01, ""class_weight"": ""balanced""}"
2024-08-30,RUB_KZT,KZT,CBR,KZT_RC_F02_09_2016_T02_09_2026.dbf,100,19.0048,0.190048,5.2618285907,1.0,False,-0.0011982593705984756,-0.00025250399797993595,-0.009666341849788651,0.02697006868154128,0.05000635369647011,0.004768802935298577,-0.000555340524712733,0.4387159533073858,0.023000941999730795,0.0017536803831845749,0.6557704112952736,0.06477818988604134,0.017482084122909747,0.7736366677818668,0.06477818988604134,0.016683032020904154,0.5656002348106837,0.004749913933300841,0.0074375501764742035,0.012974457883924996,1,-0.8660254037844384,-0.5000000000000004,-0.433883739117558,-0.9009688679024191,True,True,1,37.779929281,-20.94073621,0.6167692215013172,0.602639461372437,H005_add_calendar,3,pooled_with_corridor_thresholds,logistic,2024,0.6158006229707257,26,"{""C"": 0.01, ""class_weight"": ""balanced""}"
2024-09-06,RUB_KZT,KZT,CBR,KZT_RC_F02_09_2016_T02_09_2026.dbf,100,18.5504,0.185504,5.3907193376,1.0,False,0.006986325909118074,-0.007299270072992692,-0.023909749116012735,-0.033344971157303394,0.01926394795547215,0.010150294053583142,-0.0021935132681196734,0.3275922671353259,0.010150294053583142,-0.013448192787743785,0.24649563607511257,0.010150294053583142,-0.01482196278284742,0.19037891941579058,0.03931961050166399,-0.0023119331317803526,0.3682829554995802,0.010319210047626414,0.007721189347870418,0.013590749157060938,0,-1.0,-1.8369701987210297e-16,-0.433883739117558,-0.9009688679024191,True,True,1,0.0,-2.5111654427,0.6944523242549755,0.602639461372437,H005_add_calendar,3,pooled_with_corridor_thresholds,logistic,2024,0.6158006229707257,26,"{""C"": 0.01, ""class_weight"": ""balanced""}"
2024-09-13,RUB_KZT,KZT,CBR,KZT_RC_F02_09_2016_T02_09_2026.dbf,100,19.0758,0.190758,5.2422440999,1.0,False,-0.002061186908847268,0.014200875126936019,0.028322839399689492,0.0037358982993771495,0.03080672441463994,0.025630272432537238,0.007972556819262788,0.9236582057740791,0.03876061860161184,0.01693939402016742,0.9475505857295023,0.03876061860161184,0.011185388228546422,0.822795052595078,0.06875609291485052,0.026588652190923767,0.8211441953830724,0.005826855446926107,0.00961583942741225,0.008447699355749098,1,-1.0,-1.8369701987210297e-16,-0.433883739117558,-0.9009688679024191,True,True,1,9.0166598517,-24.7219809416,0.6183095249410786,0.602639461372437,H005_add_calendar,3,pooled_with_corridor_thresholds,logistic,2024,0.6158006229707257,26,"{""C"": 0.01, ""class_weight"": ""balanced""}"
2024-09-21,RUB_KZT,KZT,CBR,KZT_RC_F02_09_2016_T02_09_2026.dbf,100,19.3316,0.193316,5.1728775683,1.0,False,-0.0011367394179895296,0.016190416114720607,0.014324242074444049,0.039383626089434465,0.01105636970324575,0.01678369493754106,0.009015140759793816,0.9355027851069997,0.027800964447303622,0.012769903367849,0.959625619379698,0.052690045741668357,0.021781489526285336,0.9777687954729158,0.08308774917920725,0.03791132042210976,0.9853820598006627,0.0068816577545254025,0.006383180264784213,0.007793760228269346,1,-1.0,-1.8369701987210297e-16,-0.9749279121818236,-0.2225209339563146,True,True,1,0.0,-35.5527736948,0.6443937540356841,0.602639461372437,H005_add_calendar,3,pooled_with_corridor_thresholds,logistic,2024,0.6158006229707257,26,"{""C"": 0.01, ""class_weight"": ""balanced""}"
2024-09-27,RUB_KZT,KZT,CBR,KZT_RC_F02_09_2016_T02_09_2026.dbf,100,19.3256,0.193256,5.1744835865,1.0,False,0.003452913168320526,-0.0036655719787386243,-0.0014467592592593004,0.01309512576143601,0.016879946118875333,0.003452913168320526,-0.00011589499913078338,0.48328488372093353,0.016468113083497826,0.00570044015266391,0.8149401353461772,0.05236331953822715,0.017830305963721038,0.9311513508279279,0.08275158835987129,0.0348239809687545,0.954072734319489,0.0035148040262857273,0.005401535899447352,0.007604777655102621,0,-1.0,-1.8369701987210297e-16,-0.433883739117558,-0.9009688679024191,True,True,1,0.0,11.1275279683,0.6085534963708714,0.602639461372437,H005_add_calendar,3,pooled_with_corridor_thresholds,logistic,2024,0.6158006229707257,26,"{""C"": 0.01, ""class_weight"": ""balanced""}"
2024-10-05,RUB_KZT,KZT,CBR,KZT_RC_F02_09_2016_T02_09_2026.dbf,100,19.6475,0.196475,5.0897060695,1.0,False,-0.0008797445181236707,0.012679432002680402,0.014111623249596139,0.016341120238366313,0.056368318897151104,0.012679432002680402,0.0039560390146591295,0.8704883227176299,0.02016708984324289,0.009987554753174477,0.9138823529411813,0.044596383588445754,0.019561994402852445,0.9581905414667605,0.10078661631724617,0.04596412764941449,0.980059929174613,0.00702166169696672,0.0054286309260539855,0.0058818051029096066,2,-0.8660254037844386,0.5000000000000001,-0.9749279121818236,-0.2225209339563146,True,True,1,0.0,7.0842112911,0.671241832072306,0.602639461372437,H005_add_calendar,3,pooled_with_corridor_thresholds,logistic,2024,0.6158006229707257,26,"{""C"": 0.01, ""class_weight"": ""balanced""}"
2024-10-12,RUB_KZT,KZT,CBR,KZT_RC_F02_09_2016_T02_09_2026.dbf,100,19.5723,0.195723,5.1092615584,1.0,False,-0.015621463669786562,-0.01358243707728135,-0.0038274589642448564,0.010230152626444555,0.026953711185501605,0.0,-0.013137792532191606,0.0,0.008803443032755265,-0.006556363560688561,0.31889469753547706,0.029443786982248588,0.0050198875044031865,0.6054510058403653,0.09657340071490195,0.03600684379343222,0.8253291836246116,0.011258984623085874,0.009040890085173453,0.007238001972213393,2,-0.8660254037844386,0.5000000000000001,-0.9749279121818236,-0.2225209339563146,True,True,1,0.0,78.5138420295,0.6485908714664285,0.602639461372437,H005_add_calendar,3,pooled_with_corridor_thresholds,logistic,2024,0.6158006229707257,26,"{""C"": 0.01, ""class_weight"": ""balanced""}"
2024-10-19,RUB_KZT,KZT,CBR,KZT_RC_F02_09_2016_T02_09_2026.dbf,100,19.7884,0.197884,5.0534656668,1.0,False,-0.004091657146308214,-0.012520397419071405,0.011041114227760662,0.007171395851889528,0.023629704732148538,0.0035448943885183493,-0.004300120862278267,0.21789276807980287,0.011041114227760662,-0.0032719902323840033,0.46274089935760293,0.02748311187957886,0.0068749321042258504,0.6784157908228671,0.10868079289131916,0.03990076964484435,0.8854703975898122,0.009330793096615955,0.009871713923774629,0.007766767389996854,3,-0.8660254037844386,0.5000000000000001,-0.9749279121818236,-0.2225209339563146,True,True,1,0.0,37.3996323328,0.6697657772642718,0.602639461372437,H005_add_calendar,3,pooled_with_corridor_thresholds,logistic,2024,0.6158006229707257,26,"{""C"": 0.01, ""class_weight"": ""balanced""}"
2024-10-26,RUB_KZT,KZT,CBR,KZT_RC_F02_09_2016_T02_09_2026.dbf,100,19.9266,0.199266,5.0184175926,1.0,False,0.002404571704529568,-0.006308251592023084,0.0069838895514544586,0.018102113701506717,0.028517453713978957,0.0058249878856404536,4.6171573567344026e-05,0.47705663497312917,0.010553541090853713,0.001348256788897606,0.6219366407650948,0.027064917661005605,0.006362427035113027,0.8058624923265824,0.11642369709669098,0.039071062495431796,0.9426173735540944,0.006790225242155628,0.007705497322049443,0.008185204277743522,0,-0.8660254037844386,0.5000000000000001,-0.9749279121818236,-0.2225209339563146,True,True,1,0.0,16.2547159075,0.6652908390288018,0.602639461372437,H005_add_calendar,3,pooled_with_corridor_thresholds,logistic,2024,0.6158006229707257,26,"{""C"": 0.01, ""class_weight"": ""balanced""}"
2024-11-01,RUB_KZT,KZT,CBR,KZT_RC_F02_09_2016_T02_09_2026.dbf,100,19.8634,0.198634,5.0343848485,1.0,False,0.006337931838101607,-0.00895578983081291,-0.0007746946495763574,-0.00031706568292433346,0.010099263658923663,0.006337931838101607,-0.0020678678654538762,0.4107025607353923,0.006337931838101607,-0.0019043982051424324,0.39739517153748677,0.014873060396580762,-0.0003464972948298284,0.6054492512479221,0.08164887824003486,0.028873896206672578,0.8876916701201834,0.007330944141695243,0.0068345960648303295,0.0082127484213881,0,-0.5000000000000004,0.8660254037844384,-0.433883739117558,-0.9009688679024191,True,True,1,0.0,34.359877067,0.631168395272611,0.602639461372437,H005_add_calendar,3,pooled_with_corridor_thresholds,logistic,2024,0.6158006229707257,26,"{""C"": 0.01, ""class_weight"": ""balanced""}"
2024-11-09,RUB_KZT,KZT,CBR,KZT_RC_F02_09_2016_T02_09_2026.dbf,100,19.876,0.19876,5.0311933991,1.0,False,-0.0025993837754293425,-0.00806483810436387,-0.0040387641181363065,-0.002539319301837817,0.015516827352942686,0.0,-0.0053734653497056195,0.0,0.006976284685104472,-0.003557933861634166,0.3911931818181793,0.007987422978421144,-0.002377609811994752,0.423614846691768,0.08233500326726206,0.0230111454995221,0.8758616694664887,0.004604928443431927,0.005951205268007682,0.006783691520625293,2,-0.5000000000000004,0.8660254037844384,-0.9749279121818236,-0.2225209339563146,True,True,1,0.0,33.8813079761,0.6802061498969005,0.602639461372437,H005_add_calendar,3,pooled_with_corridor_thresholds,logistic,2024,0.6158006229707257,26,"{""C"": 0.01, ""class_weight"": ""balanced""}"
2024-11-15,RUB_KZT,KZT,CBR,KZT_RC_F02_09_2016_T02_09_2026.dbf,100,20.1187,0.201187,4.970500082,1.0,False,0.012317662864359757,0.009908991883059937,0.00957958229207434,0.012852784518259774,0.012531643658434621,0.012317662864359757,0.00923114893241328,1.0,0.012317662864359757,0.007592994272074716,1.0,0.01927217642856771,0.00925570357869998,1.0,0.09555107819647146,0.032194457068855487,1.0,0.006103517365218097,0.005313901572170277,0.005995656866080989,0,-0.5000000000000004,0.8660254037844384,-0.433883739117558,-0.9009688679024191,True,True,1,0.0,-20.4919636638,0.6072190827290173,0.602639461372437,H005_add_calendar,3,pooled_with_corridor_thresholds,logistic,2024,0.6158006229707257,26,"{""C"": 0.01, ""class_weight"": ""balanced""}"
2024-11-23,RUB_KZT,KZT,CBR,KZT_RC_F02_09_2016_T02_09_2026.dbf,100,20.7279,0.207279,4.8244154015,1.0,False,0.019516897757622553,0.03166481681490363,0.02367582783909916,0.04286073656671352,0.040212580169221024,0.03166481681490363,0.021513590020580065,1.0,0.04297093172452304,0.02866611712895173,1.0,0.0501360299519209,0.03388163374835762,1.0,0.12872467871923332,0.05649750630114503,1.0,0.009841707149857454,0.007620092628330226,0.007038382146706915,0,-0.5000000000000004,0.8660254037844384,-0.9749279121818236,-0.2225209339563146,True,True,1,0.0,-104.966915782,0.625224856303308,0.602639461372437,H005_add_calendar,3,pooled_with_corridor_thresholds,logistic,2024,0.6158006229707257,26,"{""C"": 0.01, ""class_weight"": ""balanced""}"
2024-12-14,RUB_KZT,KZT,CBR,KZT_RC_F02_09_2016_T02_09_2026.dbf,100,19.7798,0.197798,5.055662848,1.0,False,-0.016375670716242796,0.0086022711627598,0.04378341011393072,-0.05819894201056086,-0.023147393634096347,0.02436119195832087,-0.0023936741637522463,0.46230958230958286,0.04378341011393072,-0.005854860378492699,0.41184354214236074,0.04378341011393072,-0.02784290018332569,0.2777703381319048,0.04378341011393072,-0.0102971665341961,0.2777703381319048,0.021975702265682046,0.023879639890076618,0.021598394302249645,2,-2.4492935982947064e-16,1.0,-0.9749279121818236,-0.2225209339563146,True,True,1,42.1136715235,44.8940560672,0.660523144797385,0.602639461372437,H005_add_calendar,3,pooled_with_corridor_thresholds,logistic,2024,0.6158006229707257,26,"{""C"": 0.01, ""class_weight"": ""balanced""}"
2024-12-20,RUB_KZT,KZT,CBR,KZT_RC_F02_09_2016_T02_09_2026.dbf,100,19.7885,0.197885,5.0534401294,1.0,False,0.010179130230587363,0.004670880613306894,-0.01594303076716508,0.0021777113772758483,-0.026688177226023124,0.010179130230587363,0.003811628256167543,1.0,0.04424251059361173,0.005138327473391602,0.6089482858803023,0.04424251059361173,-0.022751757414673723,0.28068295949112826,0.04424251059361173,-0.01108190293458744,0.28068295949112826,0.009738680458981441,0.021346875251765037,0.021641765036973556,0,-2.4492935982947064e-16,1.0,-0.433883739117558,-0.9009688679024191,True,True,0,130.3787553377,-83.0552087845,0.6087630650755075,0.602639461372437,H005_add_calendar,3,pooled_with_corridor_thresholds,logistic,2024,0.6158006229707257,26,"{""C"": 0.01, ""class_weight"": ""balanced""}"
2024-12-28,RUB_KZT,KZT,CBR,KZT_RC_F02_09_2016_T02_09_2026.dbf,100,19.5105,0.195105,5.1254452731,1.0,False,0.012454269479255986,0.023104473542074233,-0.0010240393231100153,-0.013614900049545464,-0.07102146928164332,0.023104473542074233,0.010309972347939622,1.0,0.023104473542074233,0.0011828125280628488,0.6131366546061779,0.029572403311855844,-0.009210400028031862,0.2781693636453886,0.029572403311855844,-0.024050543315463635,0.1876129896216939,0.01272142675866278,0.010335673723848011,0.01805013282015228,0,-2.4492935982947064e-16,1.0,-0.9749279121818236,-0.2225209339563146,True,True,1,12.557340919,-70.4701005325,0.6954483659663891,0.602639461372437,H005_add_calendar,3,pooled_with_corridor_thresholds,logistic,2024,0.6158006229707257,26,"{""C"": 0.01, ""class_weight"": ""balanced""}"
2024-01-13,RUB_TJS,TJS,CBR,TJS_RC_F02_09_2016_T02_09_2026.dbf,10,80.4759,8.04759,0.1242608035,1.0,False,-0.007079606710450492,-0.024432849969815207,-0.02373696814124504,-0.03866328206659697,-0.0469954194712735,0.0,-0.01257921363534642,0.0,0.0,-0.02467641070389759,0.0,0.0,-0.024897756266060056,0.0,0.0029936798706811096,-0.03709698667074757,0.02789196219141193,0.007081884865096067,0.006603597926558892,0.007152948787748717,3,0.49999999999999994,0.8660254037844387,-0.9749279121818236,-0.2225209339563146,True,True,0,51.6427899533,58.5056115232,0.7117589357014525,0.6241659097604008,H005_add_calendar,3,pooled_with_corridor_thresholds,logistic,2024,0.6158006229707257,26,"{""C"": 0.01, ""class_weight"": ""balanced""}"
2024-01-19,RUB_TJS,TJS,CBR,TJS_RC_F02_09_2016_T02_09_2026.dbf,10,80.9689,8.09689,0.1235042096,1.0,False,0.0035198655510511045,0.01134894573215428,-0.0009969191742843497,-0.032241138617174925,-0.01249490812675158,0.011666116908560342,0.006512023612642803,1.0,0.011666116908560342,-0.0024621544621544755,0.38014005374155174,0.011666116908560342,-0.013458968650365666,0.2402418628586135,0.011666116908560342,-0.024765417184331673,0.10595417768346531,0.006225066784439831,0.007686400237234821,0.007033915799685049,0,0.49999999999999994,0.8660254037844387,-0.433883739117558,-0.9009688679024191,True,True,1,12.7950361188,-43.184561506,0.6798429854829163,0.6241659097604008,H005_add_calendar,3,pooled_with_corridor_thresholds,logistic,2024,0.6158006229707257,26,"{""C"": 0.01, ""class_weight"": ""balanced""}"
2024-01-26,RUB_TJS,TJS,CBR,TJS_RC_F02_09_2016_T02_09_2026.dbf,10,80.9557,8.09557,0.1235243473,1.0,False,0.004448045341525431,0.008140519538741176,-0.00016302555672609298,-0.0011597822077070719,-0.019019621861417035,0.008522316734685731,0.004433588971289204,1.0,0.011501189476630369,0.0053898514313532875,0.9858626967976891,0.011501189476630369,-0.00885151425072006,0.2368454908014933,0.011501189476630369,-0.01824875711706897,0.17228471429373626,0.004651330839832486,0.00518126286939869,0.006984178970836287,0,0.49999999999999994,0.8660254037844387,-0.433883739117558,-0.9009688679024191,True,True,1,0.0,11.6101458609,0.6657050540936806,0.6241659097604008,H005_add_calendar,3,pooled_with_corridor_thresholds,logistic,2024,0.6158006229707257,26,"{""C"": 0.01, ""class_weight"": ""balanced""}"
2024-02-03,RUB_TJS,TJS,CBR,TJS_RC_F02_09_2016_T02_09_2026.dbf,10,82.7478,8.27478,0.1208491344,1.0,False,0.004942871577638286,0.015164694148201985,0.012320667672285568,0.02327945360989192,0.003823729932090014,0.015164694148201985,0.008612254032240418,1.0,0.030847771814689118,0.016466082788112235,1.0,0.033892587261604934,0.018940106647384658,1.0,0.033892587261604934,0.007101236284625445,0.5407679119652314,0.0038934227874055437,0.004901231237652677,0.00602681042139816,0,0.8660254037844386,0.5000000000000001,-0.9749279121818236,-0.2225209339563146,True,True,1,0.0,-35.6806737365,0.665172308138626,0.6241659097604008,H005_add_calendar,3,pooled_with_corridor_thresholds,logistic,2024,0.6158006229707257,26,"{""C"": 0.01, ""class_weight"": ""balanced""}"
2024-02-10,RUB_TJS,TJS,CBR,TJS_RC_F02_09_2016_T02_09_2026.dbf,10,82.932,8.2932,0.1205807167,1.0,False,-0.004173891325126244,0.001722442728175455,0.002226041054868011,0.014574135039215452,0.030519695958665993,0.001722442728175455,-0.0019178889357449602,0.29090167278662854,0.017424492434828354,0.004429167832396663,0.8033825442615599,0.036194074607172944,0.01623336360842509,0.8928615460485801,0.036194074607172944,0.010774755868377284,0.6287413452564423,0.005283912174082677,0.0045010549181891775,0.00483006427936196,1,0.8660254037844386,0.5000000000000001,-0.9749279121818236,-0.2225209339563146,True,True,1,0.0,11.6139222538,0.6557602560798808,0.6241659097604008,H005_add_calendar,3,pooled_with_corridor_thresholds,logistic,2024,0.6158006229707257,26,"{""C"": 0.01, ""class_weight"": ""balanced""}"
2024-02-17,RUB_TJS,TJS,CBR,TJS_RC_F02_09_2016_T02_09_2026.dbf,10,84.4905,8.44905,0.1183565016,1.0,False,0.007900682586527985,0.015082579344531277,0.018792504702647816,0.021060378644507827,0.044830106362061306,0.01627057728253578,0.01031425621628368,1.0,0.020547316443892516,0.01356591588376399,1.0,0.0525578162139535,0.02557557190308568,1.0,0.05566675662708409,0.028968267008601112,0.9670088772165908,0.002624723696294221,0.004295834879294252,0.004486990220138192,0,0.8660254037844386,0.5000000000000001,-0.9749279121818236,-0.2225209339563146,True,True,1,16.4752250253,-52.6792425122,0.6619309204643827,0.6241659097604008,H005_add_calendar,3,pooled_with_corridor_thresholds,logistic,2024,0.6158006229707257,26,"{""C"": 0.01, ""class_weight"": ""balanced""}"
2024-03-02,RUB_TJS,TJS,CBR,TJS_RC_F02_09_2016_T02_09_2026.dbf,10,83.3541,8.33541,0.1199701035,1.0,False,0.005178191781218366,-0.007475420298897695,-0.015102980776842911,-0.00565561469767939,0.01230617142412993,0.005178191781218366,-0.004466839687034541,0.2657178217821768,0.005178191781218366,-0.008594887075175195,0.2514640431014281,0.007327083016104297,-0.003311628676691991,0.3217299018307237,0.04146800407820561,0.009234047399742762,0.7203568250385252,0.006078480880578404,0.0054481240145864045,0.004781679144521486,0,1.0,6.123233995736766e-17,-0.9749279121818236,-0.2225209339563146,True,True,1,0.2039491759,11.6697400235,0.6968084109786764,0.6241659097604008,H005_add_calendar,3,pooled_with_corridor_thresholds,logistic,2024,0.6158006229707257,26,"{""C"": 0.01, ""class_weight"": ""balanced""}"
2024-03-08,RUB_TJS,TJS,CBR,TJS_RC_F02_09_2016_T02_09_2026.dbf,10,82.811,8.2811,0.1207569043,1.0,False,0.00448927656054221,-0.006495313872186048,-0.0013711234409047313,-0.018357128293638114,-0.004630019159528986,0.00448927656054221,-0.0026063685000372594,0.40527814279457497,0.00448927656054221,-0.00831764875085561,0.1688874691977755,0.00448927656054221,-0.00968123266350196,0.1688874691977755,0.03468223981448171,0.0021408233490063378,0.602478675145965,0.005692772516990042,0.005511302562291899,0.0047330427705862535,0,1.0,6.123233995736766e-17,-0.433883739117558,-0.9009688679024191,True,True,1,0.0,9.2879219615,0.6601329952452215,0.6241659097604008,H005_add_calendar,3,pooled_with_corridor_thresholds,logistic,2024,0.6158006229707257,26,"{""C"": 0.01, ""class_weight"": ""balanced""}"
2024-03-16,RUB_TJS,TJS,CBR,TJS_RC_F02_09_2016_T02_09_2026.dbf,10,83.8819,8.38819,0.11921523,1.0,False,0.0028741713144790904,0.01114061744720507,0.012931856878916959,0.011543002265911095,0.005198440707457674,0.014003275973574647,0.006350131849516272,1.0,0.01747918812143001,0.008317105421324689,1.0,0.01747918812143001,0.0026875194170676853,0.6575705028748757,0.04806260245491978,0.015351005759375758,0.836766657240435,0.0030664976140624654,0.004562931616647536,0.0049388687843369165,0,1.0,6.123233995736766e-17,-0.9749279121818236,-0.2225209339563146,True,True,1,0.0,-23.8931860546,0.6698147912020447,0.6241659097604008,H005_add_calendar,3,pooled_with_corridor_thresholds,logistic,2024,0.6158006229707257,26,"{""C"": 0.01, ""class_weight"": ""balanced""}"
2024-03-23,RUB_TJS,TJS,CBR,TJS_RC_F02_09_2016_T02_09_2026.dbf,10,84.5191,8.45191,0.1183164515,1.0,False,0.007198951319787872,0.0041833497689116594,0.007596394454584265,0.020626486819383727,0.0018907154609553167,0.007198951319787872,0.0033495993562917548,0.8652248639358234,0.021706044836110605,0.008644095568255628,0.9502037360427542,0.025208361383730615,0.010387665679579605,0.9483435246874163,0.056024099396265514,0.020834057602733047,0.9753757803832861,0.00597756226562706,0.004512742093190725,0.005293116826384039,0,1.0,6.123233995736766e-17,-0.9749279121818236,-0.2225209339563146,True,True,1,0.0,-12.2878771571,0.6567545142491498,0.6241659097604008,H005_add_calendar,3,pooled_with_corridor_thresholds,logistic,2024,0.6158006229707257,26,"{""C"": 0.01, ""class_weight"": ""balanced""}"
2024-03-30,RUB_TJS,TJS,CBR,TJS_RC_F02_09_2016_T02_09_2026.dbf,10,84.344,8.4344,0.1185620791,1.0,False,0.0014378512257355869,-0.0016334840557751251,-0.0020717210665991415,0.005508935777563506,0.01711552770163771,0.0014378512257355869,-0.0011413970425051545,0.2801943544655228,0.005112316034082021,6.331615892407605e-05,0.579651398459665,0.02308441562379837,0.006920248750273528,0.8594977870111103,0.05383631202271011,0.01780769262329973,0.9326608801056301,0.0021571332899821653,0.004358447991408933,0.004353737531375918,0,1.0,6.123233995736766e-17,-0.9749279121818236,-0.2225209339563146,True,True,1,8.074077587,1.7391725501,0.6560181740220956,0.6241659097604008,H005_add_calendar,3,pooled_with_corridor_thresholds,logistic,2024,0.6158006229707257,26,"{""C"": 0.01, ""class_weight"": ""balanced""}"
2024-04-06,RUB_TJS,TJS,CBR,TJS_RC_F02_09_2016_T02_09_2026.dbf,10,84.3615,8.43615,0.1185374845,1.0,False,0.0011154952977125987,-0.0009604157143432435,0.00020748363843292594,-0.0018646672763907857,0.018723358007993962,0.0011154952977125987,0.00031967922039988217,0.5368360936607409,0.001645633194772289,-0.0003076286452987631,0.32068486811659824,0.019800903008214243,0.0032153813158499744,0.848001656657691,0.05405496581504132,0.01605837903952345,0.9364488408840007,0.001431869197453394,0.0017426598625679777,0.0035218308437873964,0,0.8660254037844387,-0.49999999999999983,-0.9749279121818236,-0.2225209339563146,True,True,1,0.0,2.2347787442,0.6884950829324721,0.6241659097604008,H005_add_calendar,3,pooled_with_corridor_thresholds,logistic,2024,0.6158006229707257,26,"{""C"": 0.01, ""class_weight"": ""balanced""}"
2024-04-13,RUB_TJS,TJS,CBR,TJS_RC_F02_09_2016_T02_09_2026.dbf,10,85.4412,8.54412,0.1170395547,1.0,False,-0.0022887249933440934,0.008181923306563643,0.012798492203196954,0.013008631319358699,0.018589230811414614,0.010627765614299012,0.003892850042791496,0.8209227957971642,0.013928264158779902,0.008486440568535425,0.8569029714535991,0.018187451587916126,0.010774403325855442,0.8861920798978018,0.06440135739165531,0.024283329925030905,0.963471000447293,0.0030833001725531052,0.002623724287168594,0.003521703569658431,1,0.8660254037844387,-0.49999999999999983,-0.9749279121818236,-0.2225209339563146,True,True,1,0.0,-8.926374978,0.6567086889091057,0.6241659097604008,H005_add_calendar,3,pooled_with_corridor_thresholds,logistic,2024,0.6158006229707257,26,"{""C"": 0.01, ""class_weight"": ""balanced""}"
2024-04-20,RUB_TJS,TJS,CBR,TJS_RC_F02_09_2016_T02_09_2026.dbf,10,85.531,8.5531,0.1169166735,1.0,False,-0.007021470747354819,-0.006905023703726032,0.001051015201097405,0.013862958814151227,0.011972441732105654,0.0,-0.005000416468708413,0.0,0.01168995075861079,-5.0973071253679336e-05,0.5481115856025793,0.015531405354125782,0.006704102486058128,0.6161854067549138,0.056516094604827094,0.019898763740465064,0.8488339733956713,0.00493026800892583,0.0040666235634182904,0.0031497688488432507,2,0.8660254037844387,-0.49999999999999983,-0.9749279121818236,-0.2225209339563146,True,True,1,20.2265845132,30.6598043854,0.6481944391001057,0.6241659097604008,H005_add_calendar,3,pooled_with_corridor_thresholds,logistic,2024,0.6158006229707257,26,"{""C"": 0.01, ""class_weight"": ""balanced""}"
2024-04-26,RUB_TJS,TJS,CBR,TJS_RC_F02_09_2016_T02_09_2026.dbf,10,84.2444,8.42444,0.118702252,1.0,False,-0.004457490758860594,-0.013046228824480366,-0.021958349489991424,-0.01626396005474251,0.0002552749905311291,0.0,-0.009112303208972272,0.0,0.0,-0.014466372644213465,0.0,0.0,-0.00943416470553926,0.0,0.029634672334413414,0.0018549919182289099,0.5357150747884512,0.00340340252985848,0.0043605495114296304,0.0037924936709978108,6,0.8660254037844387,-0.49999999999999983,-0.433883739117558,-0.9009688679024191,True,True,1,31.9427760183,32.8047734841,0.6446739861286513,0.6241659097604008,H005_add_calendar,3,pooled_with_corridor_thresholds,logistic,2024,0.6158006229707257,26,"{""C"": 0.01, ""class_weight"": ""balanced""}"
2024-05-03,RUB_TJS,TJS,CBR,TJS_RC_F02_09_2016_T02_09_2026.dbf,10,84.3092,8.43092,0.1186110175,5.0,False,0.003976169183081302,0.0007691905930840015,-0.012085689577996828,-0.021091265441093632,-0.0015797713476373154,0.003976169183081302,0.0006147827965257147,0.5166331425034836,0.003976169183081302,-0.00812495838226468,0.1408563594178473,0.003976169183081302,-0.008298214884560617,0.1408563594178473,0.02266229505015116,0.0015312966056961752,0.47845015237266153,0.004546289785252138,0.0038411608903511315,0.0038910886934919436,0,0.49999999999999994,-0.8660254037844387,-0.433883739117558,-0.9009688679024191,True,True,1,39.3314134163,-33.9443890086,0.6907474180157286,0.6241659097604008,H005_add_calendar,3,pooled_with_corridor_thresholds,logistic,2024,0.6158006229707257,26,"{""C"": 0.01, ""class_weight"": ""balanced""}"
2024-05-17,RUB_TJS,TJS,CBR,TJS_RC_F02_09_2016_T02_09_2026.dbf,10,83.4241,8.34241,0.1198694382,1.0,False,-0.003725991537700035,-0.007019084959851929,-0.00025405864680227985,-0.008467193192015499,-0.023608048576096774,0.0,-0.00483814324473153,0.0,0.0,-0.005141716810609265,0.0,0.0,-0.01393327025038571,0.0,0.01192611919569031,-0.009961216881653856,0.251786217316703,0.004838793377560113,0.0039682053653974985,0.004070365544749693,4,0.49999999999999994,-0.8660254037844387,-0.433883739117558,-0.9009688679024191,True,True,1,0.0,33.2368405647,0.688614790974827,0.6241659097604008,H005_add_calendar,3,pooled_with_corridor_thresholds,logistic,2024,0.6158006229707257,26,"{""C"": 0.01, ""class_weight"": ""balanced""}"
2024-05-24,RUB_TJS,TJS,CBR,TJS_RC_F02_09_2016_T02_09_2026.dbf,10,83.3967,8.33967,0.1199088213,1.0,False,0.002596756218690155,-0.0004207028974564375,-0.0003284422606896209,-0.0005824174638956459,-0.02495352562228903,0.002596756218690155,4.7965829143237215e-05,0.4715127701375169,0.002596756218690155,-0.0025653264832136147,0.22314049586776238,0.002596756218690155,-0.006719321359976549,0.09920543792770607,0.011593759893451017,-0.009432303857063729,0.2447693923019797,0.0024511545880676867,0.003616159866572874,0.0035386006039714213,0,0.49999999999999994,-0.8660254037844387,-0.433883739117558,-0.9009688679024191,True,True,0,53.1435896145,-27.3400972749,0.7020345388714757,0.6241659097604008,H005_add_calendar,3,pooled_with_corridor_thresholds,logistic,2024,0.6158006229707257,26,"{""C"": 0.01, ""class_weight"": ""balanced""}"
2024-05-31,RUB_TJS,TJS,CBR,TJS_RC_F02_09_2016_T02_09_2026.dbf,10,83.3459,8.33459,0.1199819067,1.0,False,0.007147656197132868,0.016256018884880152,-0.0006091368123678498,-0.0009373790067856991,-0.009396635229656614,0.017736472047808594,0.009128247076774398,1.0,0.017736472047808594,0.0042601522019984905,0.832187464191592,0.017736472047808594,-0.0009337862816126696,0.6012501034853891,0.017736472047808594,-0.00867005386074704,0.32622855089390157,0.008952223870310345,0.006187834300513703,0.005074497680509351,0,0.49999999999999994,-0.8660254037844387,-0.433883739117558,-0.9009688679024191,True,True,1,0.0,-34.1275151048,0.6517087958776694,0.6241659097604008,H005_add_calendar,3,pooled_with_corridor_thresholds,logistic,2024,0.6158006229707257,26,"{""C"": 0.01, ""class_weight"": ""balanced""}"
2024-06-07,RUB_TJS,TJS,CBR,TJS_RC_F02_09_2016_T02_09_2026.dbf,10,82.6424,8.26424,0.1210032622,1.0,False,0.0020515755421153248,-0.0047365169439170796,-0.008440727138347648,-0.009044722393092397,-0.009621872052710145,0.0022411518162059885,-0.0029127518495167815,0.13662575779978306,0.00914603618850851,-0.0011542473280081733,0.39075542570951366,0.00914603618850851,-0.0063979310016064606,0.3321065933578647,0.00914603618850851,-0.016897690520156772,0.16822387925613042,0.006226209902692193,0.007317715364811175,0.005633959699767286,0,1.2246467991473532e-16,-1.0,-0.433883739117558,-0.9009688679024191,True,True,1,0.0,2.0428091218,0.6914671228111269,0.6241659097604008,H005_add_calendar,3,pooled_with_corridor_thresholds,logistic,2024,0.6158006229707257,26,"{""C"": 0.01, ""class_weight"": ""balanced""}"
2024-06-14,RUB_TJS,TJS,CBR,TJS_RC_F02_09_2016_T02_09_2026.dbf,10,82.2169,8.22169,0.1216294947,2.0,False,-0.00885936170161461,-0.00546518815464625,-0.003107676190568509,-0.006495122917935414,-0.018142712641262104,0.0,-0.0055200436029739786,0.0,0.0,-0.007628225314786796,0.0,0.0039502572856910945,-0.008533362114525045,0.16877086811352782,0.0039502572856910945,-0.02154089555709604,0.0726574431767159,0.0047031623669499195,0.0057959638742934765,0.005608453137774438,1,1.2246467991473532e-16,-1.0,-0.433883739117558,-0.9009688679024191,True,True,1,0.0,67.0534553301,0.6920675109713048,0.6241659097604008,H005_add_calendar,3,pooled_with_corridor_thresholds,logistic,2024,0.6158006229707257,26,"{""C"": 0.01, ""class_weight"": ""balanced""}"
2024-06-21,RUB_TJS,TJS,CBR,TJS_RC_F02_09_2016_T02_09_2026.dbf,10,80.1832,8.01832,0.124714404,1.0,False,0.040511904159415746,-0.03170443649572641,-0.024735790330212115,-0.027766595694116547,-0.03603600354409153,0.040511904159415746,-0.007110676118510129,0.543194195535293,0.040511904159415746,-0.0187498432057136,0.5299889652830815,0.040511904159415746,-0.025298203328441238,0.4625790869623191,0.040511904159415746,-0.042560952907970684,0.3362485863535994,0.033130017962016645,0.022404685417799015,0.016252191156927574,0,1.2246467991473532e-16,-1.0,-0.433883739117558,-0.9009688679024191,True,True,1,0.0,136.428385905,0.6352705430482641,0.6241659097604008,H005_add_calendar,3,pooled_with_corridor_thresholds,logistic,2024,0.6158006229707257,26,"{""C"": 0.01, ""class_weight"": ""balanced""}"
2024-06-29,RUB_TJS,TJS,CBR,TJS_RC_F02_09_2016_T02_09_2026.dbf,10,80.4104,8.04104,0.1243620228,1.0,False,0.010599871806150851,-0.01734335741589832,-0.027518630768523678,-0.02884582868350749,-0.03522068872014095,0.010599871806150851,-0.010073538083725575,0.3056904675607139,0.04346020635520054,-0.007055293322260736,0.5827258016807898,0.04346020635520054,-0.01804373817324656,0.49624383232823266,0.04346020635520054,-0.0364170278320628,0.36071947870106175,0.01728942304076991,0.027274703432199034,0.01921529061903298,0,1.2246467991473532e-16,-1.0,-0.9749279121818236,-0.2225209339563146,True,True,1,0.0,69.5833169406,0.6667439978823543,0.6241659097604008,H005_add_calendar,3,pooled_with_corridor_thresholds,logistic,2024,0.6158006229707257,26,"{""C"": 0.01, ""class_weight"": ""balanced""}"
2024-07-06,RUB_TJS,TJS,CBR,TJS_RC_F02_09_2016_T02_09_2026.dbf,10,82.6936,8.26936,0.1209283427,1.0,False,0.0001632799186261913,0.0025897187196897153,0.028394337050928753,9.433300518346677e-05,0.0006195367027097554,0.010144985958264519,0.0031786361489130055,1.0,0.03929518518984021,0.010552104775112259,1.0,0.07308856715368162,0.011234436774949508,0.9561667091078865,0.07308856715368162,-0.007170039731679734,0.6066347137702632,0.007629882830745324,0.013886883654259262,0.019586837411846345,0,-0.4999999999999998,-0.8660254037844388,-0.9749279121818236,-0.2225209339563146,True,True,1,13.8583880736,-10.2756367799,0.6764885701215524,0.6241659097604008,H005_add_calendar,3,pooled_with_corridor_thresholds,logistic,2024,0.6158006229707257,26,"{""C"": 0.01, ""class_weight"": ""balanced""}"
2024-07-13,RUB_TJS,TJS,CBR,TJS_RC_F02_09_2016_T02_09_2026.dbf,10,82.3141,8.23141,0.1214858694,1.0,False,-0.0022170503169812728,-0.003033987931873927,-0.004589230605512418,0.023674798284798904,-0.00585394957414842,0.0,-0.001963963369743249,0.0,0.0055091976726999725,-0.0016946453548609686,0.5430463576158899,0.06816391625887452,0.00729718706293947,0.9139595984201274,0.06816391625887452,-0.009115240320921925,0.5657601378641828,0.001247269303006301,0.006205574719910241,0.019417980626793962,1,-0.4999999999999998,-0.8660254037844388,-0.9749279121818236,-0.2225209339563146,True,True,1,0.0,10.5061557231,0.6354300768398915,0.6241659097604008,H005_add_calendar,3,pooled_with_corridor_thresholds,logistic,2024,0.6158006229707257,26,"{""C"": 0.01, ""class_weight"": ""balanced""}"
2024-07-19,RUB_TJS,TJS,CBR,TJS_RC_F02_09_2016_T02_09_2026.dbf,10,82.4455,8.24455,0.1212922476,1.0,False,-0.002104832521175326,0.0008546271870990552,-0.0006242651247925224,-0.002837442141458424,0.02821413962026975,0.0015963243235364022,-0.0005796833004175772,0.329819277108433,0.0015963243235364022,-0.0009348948440215388,0.329819277108433,0.036177058328201506,0.0032796073841272477,0.9151168335717695,0.06986905229992235,-0.0047137734971894885,0.6357013825755339,0.002639298513985101,0.001906022345996364,0.011922293985024757,2,-0.4999999999999998,-0.8660254037844388,-0.433883739117558,-0.9009688679024191,True,True,1,0.0,13.4868114246,0.6263617167589016,0.6241659097604008,H005_add_calendar,3,pooled_with_corridor_thresholds,logistic,2024,0.6158006229707257,26,"{""C"": 0.01, ""class_weight"": ""balanced""}"
2024-07-26,RUB_TJS,TJS,CBR,TJS_RC_F02_09_2016_T02_09_2026.dbf,10,80.1332,8.01332,0.124792221,1.0,False,-0.013174390108739886,-0.026758517496514256,-0.028046406413934077,-0.02865316314532651,0.007116015433534129,0.0,-0.01826038718175882,0.0,0.0,-0.023462529780583496,0.0,0.0,-0.024680572213233165,0.0,0.03986307004942824,-0.029312274273845307,0.4238331102802192,0.005545534446816149,0.005028491842117996,0.0065617639152770885,4,-0.4999999999999998,-0.8660254037844388,-0.433883739117558,-0.9009688679024191,True,True,1,0.0,109.7073196104,0.6534173101917408,0.6241659097604008,H005_add_calendar,3,pooled_with_corridor_thresholds,logistic,2024,0.6158006229707257,26,"{""C"": 0.01, ""class_weight"": ""balanced""}"
2024-08-02,RUB_TJS,TJS,CBR,TJS_RC_F02_09_2016_T02_09_2026.dbf,10,80.8651,8.08651,0.123662742,1.0,False,-0.003783314977295116,-0.005547480083919254,0.00913354265148536,-0.019169026811651335,-0.02195207794862364,0.00404523009263813,-0.002042438288745063,0.41935899086112705,0.00913354265148536,-0.005681252285522298,0.29890549701870683,0.00913354265148536,-0.012936177702760565,0.2837591594618707,0.0493607037514292,-0.017482468344077073,0.5366989304963743,0.00542943298655193,0.006508793939661012,0.0047422745487102225,3,-0.8660254037844384,-0.5000000000000004,-0.433883739117558,-0.9009688679024191,True,True,1,7.7412876507,17.0275820375,0.6689584833762323,0.6241659097604008,H005_add_calendar,3,pooled_with_corridor_thresholds,logistic,2024,0.6158006229707257,26,"{""C"": 0.01, ""class_weight"": ""balanced""}"
2024-08-10,RUB_TJS,TJS,CBR,TJS_RC_F02_09_2016_T02_09_2026.dbf,10,83.1046,8.31046,0.1203302826,1.0,False,0.01646061341409144,0.03435975306183425,0.028490455122057057,0.031851530867539335,0.009603457973785812,0.03724385488875526,0.022259420072717973,1.0,0.03724385488875526,0.023592690302260966,1.0,0.03724385488875526,0.019249691007213965,1.0,0.07842198353778107,0.012869083354450472,0.8954496288284036,0.009300677603929207,0.007572259549217455,0.007045752171963742,0,-0.8660254037844384,-0.5000000000000004,-0.9749279121818236,-0.2225209339563146,True,True,1,0.0,-73.537777139,0.6581835960948828,0.6241659097604008,H005_add_calendar,3,pooled_with_corridor_thresholds,logistic,2024,0.6158006229707257,26,"{""C"": 0.01, ""class_weight"": ""balanced""}"
2024-08-17,RUB_TJS,TJS,CBR,TJS_RC_F02_09_2016_T02_09_2026.dbf,10,83.4017,8.34017,0.1199016327,1.0,False,0.0008844566052226277,-0.04638978994704923,0.003575012694844837,0.032167321555645056,0.009928337720902292,0.0008844566052226277,-0.01581624224115541,0.017841148418020047,0.04095201483763233,0.004615717627310056,0.4471199051551461,0.04095201483763233,0.016054800541787317,0.4471199051551461,0.08227735581932838,0.015098985347697713,0.6097945679772264,0.025794552938136383,0.018446301699821525,0.0137303239605489,0,-0.8660254037844384,-0.5000000000000004,-0.9749279121818236,-0.2225209339563146,True,True,1,0.0,98.0103987429,0.6979280167205448,0.6241659097604008,H005_add_calendar,3,pooled_with_corridor_thresholds,logistic,2024,0.6158006229707257,26,"{""C"": 0.01, ""class_weight"": ""balanced""}"
2024-08-24,RUB_TJS,TJS,CBR,TJS_RC_F02_09_2016_T02_09_2026.dbf,10,85.834,8.5834,0.1165039495,1.0,False,0.002997283164382969,0.00968585094094121,0.02916367412175047,0.03284294732180881,0.06574057633974961,0.021846714659358613,0.00658784148276137,0.9452943903569715,0.030073924731182533,0.009727185205192113,0.6066474618121945,0.07131000017473643,0.03292342637093193,0.7785726939481894,0.11384053993379295,0.041870677016266455,0.8437235515888281,0.0066232966391020255,0.017933752803149017,0.013398468895560534,0,-0.8660254037844384,-0.5000000000000004,-0.9749279121818236,-0.2225209339563146,True,True,1,0.0,-13.265738065,0.676850408754014,0.6241659097604008,H005_add_calendar,3,pooled_with_corridor_thresholds,logistic,2024,0.6158006229707257,26,"{""C"": 0.01, ""class_weight"": ""balanced""}"
2024-08-31,RUB_TJS,TJS,CBR,TJS_RC_F02_09_2016_T02_09_2026.dbf,10,85.5307,8.55307,0.1169170836,1.0,False,-0.0015735622858676912,-0.0023992143360345164,-0.0035335647878462773,0.025527057601943293,0.05851551622783946,0.0,-0.002426441069696139,0.0,0.018235953089861923,0.00029483486966741523,0.7610294117647075,0.06752445688125142,0.015056609147658495,0.7372415954648903,0.10990471222260711,0.03519970942509976,0.8145533584673391,0.0019681067721438556,0.005737309187512652,0.013301630833982904,2,-0.8660254037844384,-0.5000000000000004,-0.9749279121818236,-0.2225209339563146,True,True,0,143.6910957118,-11.1998242273,0.6328092438329412,0.6241659097604008,H005_add_calendar,3,pooled_with_corridor_thresholds,logistic,2024,0.6158006229707257,26,"{""C"": 0.01, ""class_weight"": ""balanced""}"
2024-09-06,RUB_TJS,TJS,CBR,TJS_RC_F02_09_2016_T02_09_2026.dbf,10,84.1363,8.41363,0.118854763,1.0,False,0.008722101265094206,-0.001962000766295491,-0.017850826762232153,-0.01684087523005473,0.029079438543618608,0.013926129810907906,0.0007691059672441103,0.4531764705882352,0.013926129810907906,-0.009409726342995195,0.38126031012867073,0.013926129810907906,-0.00823423392626954,0.25805010941896367,0.09181002656326842,0.017480681297004086,0.6804454874201739,0.011116465965699667,0.007844449427292408,0.014152936014523006,0,-1.0,-1.8369701987210297e-16,-0.433883739117558,-0.9009688679024191,True,True,1,0.0,-22.2872880266,0.6314920172781767,0.6241659097604008,H005_add_calendar,3,pooled_with_corridor_thresholds,logistic,2024,0.6158006229707257,26,"{""C"": 0.01, ""class_weight"": ""balanced""}"
2024-09-13,RUB_TJS,TJS,CBR,TJS_RC_F02_09_2016_T02_09_2026.dbf,10,85.447,8.5447,0.1170316102,1.0,False,-0.0017162437977472633,0.0074360706609462035,0.015578293792334774,-0.002550618393635573,0.025429627496159846,0.013939337125010276,0.00377488996854769,0.8888468523002437,0.02972136894482702,0.010027937798062103,0.9437853972141443,0.02972136894482702,0.005902364359692713,0.8136918508743022,0.07389998366156836,0.02880233972354329,0.7450677276701444,0.004033508943125583,0.008627537609851145,0.007242291696406138,1,-1.0,-1.8369701987210297e-16,-0.433883739117558,-0.9009688679024191,True,True,1,19.2165904011,-15.4821364344,0.6246763451565713,0.6241659097604008,H005_add_calendar,3,pooled_with_corridor_thresholds,logistic,2024,0.6158006229707257,26,"{""C"": 0.01, ""class_weight"": ""balanced""}"
2024-09-21,RUB_TJS,TJS,CBR,TJS_RC_F02_09_2016_T02_09_2026.dbf,10,86.9227,8.69227,0.1150447467,1.0,False,-0.0010136661039019668,0.013552875219798421,0.01922896527787543,0.031450429144570746,0.012683784980310975,0.01656129468368528,0.007800822447521227,0.9413680781758954,0.024834848961815315,0.013217106844458426,0.9598104438166409,0.047505022252162465,0.019213608259970094,0.9781152300133988,0.08489826586420968,0.040784194317425415,0.9269313056157438,0.0044696483998160836,0.004354147111941623,0.006625965466059166,1,-1.0,-1.8369701987210297e-16,-0.9749279121818236,-0.2225209339563146,True,True,1,0.0,-27.4310375969,0.6531700741802252,0.6241659097604008,H005_add_calendar,3,pooled_with_corridor_thresholds,logistic,2024,0.6158006229707257,26,"{""C"": 0.01, ""class_weight"": ""balanced""}"
2024-09-28,RUB_TJS,TJS,CBR,TJS_RC_F02_09_2016_T02_09_2026.dbf,10,87.0492,8.70492,0.1148775635,1.0,False,0.002869812361967261,-0.0011795483752523594,0.0014553160451755698,0.02071226554475225,0.017753859140636097,0.003627156867040293,0.0006987136908569447,0.6670907548769983,0.018040712646743007,0.004964837452226201,0.9076253236055498,0.049029473118448186,0.016971428915234288,0.9628446337711497,0.08647713571790527,0.03758114508412169,0.9441696305683881,0.0032531562616657994,0.004128277579979328,0.006693164036992342,0,-1.0,-1.8369701987210297e-16,-0.9749279121818236,-0.2225209339563146,True,True,1,0.0,0.2871856609,0.6687170167113411,0.6241659097604008,H005_add_calendar,3,pooled_with_corridor_thresholds,logistic,2024,0.6158006229707257,26,"{""C"": 0.01, ""class_weight"": ""balanced""}"
2024-10-05,RUB_TJS,TJS,CBR,TJS_RC_F02_09_2016_T02_09_2026.dbf,10,89.1317,8.91317,0.1121935294,1.0,False,-0.0007343279833896821,0.01591721452735051,0.023923252597381595,0.025413384535915018,0.05766307553015637,0.018326790635182277,0.007593262491521591,0.9607690464781939,0.027637182854362452,0.016044487604961022,0.9734020953463789,0.050879371064288303,0.0273775980973876,0.985048734278343,0.11246920267696447,0.05612609286516279,0.9927836414516441,0.004389810342106127,0.0043328926210572955,0.004238458361373414,1,-0.8660254037844386,0.5000000000000001,-0.9749279121818236,-0.2225209339563146,True,True,1,0.0,-10.1365319295,0.6481915342876582,0.6241659097604008,H005_add_calendar,3,pooled_with_corridor_thresholds,logistic,2024,0.6158006229707257,26,"{""C"": 0.01, ""class_weight"": ""balanced""}"
2024-10-19,RUB_TJS,TJS,CBR,TJS_RC_F02_09_2016_T02_09_2026.dbf,10,90.4655,9.04655,0.1105393769,1.0,False,-0.008194016416537608,-0.006057123520053498,0.004052146272380597,0.014964372944754833,0.040758052844653836,0.003298283982916317,-0.003924602359297702,0.27580450709450394,0.004052146272380597,-0.0025516850460097773,0.30447835876907764,0.043015128910492306,0.014067055058610167,0.8173015838244003,0.12911660671537661,0.05358737150940329,0.9253951641038033,0.006312585240440281,0.007871535179180239,0.006205614690758015,2,-0.8660254037844386,0.5000000000000001,-0.9749279121818236,-0.2225209339563146,True,True,1,38.4566492199,27.2712870214,0.6312215169421946,0.6241659097604008,H005_add_calendar,3,pooled_with_corridor_thresholds,logistic,2024,0.6158006229707257,26,"{""C"": 0.01, ""class_weight"": ""balanced""}"
2024-10-26,RUB_TJS,TJS,CBR,TJS_RC_F02_09_2016_T02_09_2026.dbf,10,90.7106,9.07106,0.1102406995,1.0,False,0.0005051574591239394,0.0014230247389923623,0.002709320127562309,0.006772444961398616,0.04206127109726454,0.006580290642449249,0.002009086177292785,1.0,0.006580290642449249,0.00038897018626760094,0.5253366406803617,0.03636567208514796,0.006825579638172208,0.8438717887536783,0.1321757450643155,0.046845376386566606,0.9473203982502751,0.0032101420579943624,0.004723587334290439,0.006183573799150423,0,-0.8660254037844386,0.5000000000000001,-0.9749279121818236,-0.2225209339563146,True,True,1,0.0,3.3407516282,0.6625892026616574,0.6241659097604008,H005_add_calendar,3,pooled_with_corridor_thresholds,logistic,2024,0.6158006229707257,26,"{""C"": 0.01, ""class_weight"": ""balanced""}"
2024-11-02,RUB_TJS,TJS,CBR,TJS_RC_F02_09_2016_T02_09_2026.dbf,10,91.5095,9.15095,0.1092782717,1.0,False,0.00494623821232576,0.002046590876737975,0.008807129486520848,0.011540310947267152,0.0266773774089355,0.00494623821232576,0.0029139571621554783,1.0,0.015445373600717183,0.006858359198104402,1.0,0.015639220247634755,0.00790767422739247,1.0,0.10278052607413546,0.04605677536271924,1.0,0.0035524701225626357,0.003255596029684398,0.005865569498366732,0,-0.5000000000000004,0.8660254037844384,-0.9749279121818236,-0.2225209339563146,True,True,1,0.0,-11.7236757295,0.6730130337993894,0.6241659097604008,H005_add_calendar,3,pooled_with_corridor_thresholds,logistic,2024,0.6158006229707257,26,"{""C"": 0.01, ""class_weight"": ""balanced""}"
2024-11-09,RUB_TJS,TJS,CBR,TJS_RC_F02_09_2016_T02_09_2026.dbf,10,91.7995,9.17995,0.1089330552,1.0,False,-0.0030841573137423417,-0.0029174057029526246,0.0031690698779907045,0.012004109773279037,0.018857851907427614,0.0020412061672805404,-0.0017212246750629712,0.305156657963431,0.00813098306484461,0.002170289091677269,0.6348825244383419,0.01866339094694025,0.007258058012345359,0.7979788394932821,0.10627531462135176,0.042207968586151834,0.9539406788828063,0.0031129605566093837,0.003204118532699769,0.003937174964962541,2,-0.5000000000000004,0.8660254037844384,-0.9749279121818236,-0.2225209339563146,True,True,1,0.0,17.3462370115,0.6392710164715448,0.6241659097604008,H005_add_calendar,3,pooled_with_corridor_thresholds,logistic,2024,0.6158006229707257,26,"{""C"": 0.01, ""class_weight"": ""balanced""}"
2024-11-16,RUB_TJS,TJS,CBR,TJS_RC_F02_09_2016_T02_09_2026.dbf,10,93.8358,9.38358,0.1065691346,1.0,False,0.009631958476704394,0.020636621219619622,0.022182038028529583,0.02542140433506912,0.03725508619307916,0.020645502334733168,0.013425245526862195,1.0,0.024268522308636964,0.01691190216228078,1.0,0.04125942102319624,0.02462407203438377,1.0,0.1308147557203061,0.057998736560973985,1.0,0.0039056058756294833,0.0038765403491455076,0.0035539995104895412,0,-0.5000000000000004,0.8660254037844384,-0.9749279121818236,-0.2225209339563146,True,True,1,11.5947218439,-67.84079997,0.6294380469076685,0.6241659097604008,H005_add_calendar,3,pooled_with_corridor_thresholds,logistic,2024,0.6158006229707257,26,"{""C"": 0.01, ""class_weight"": ""balanced""}"
2024-12-14,RUB_TJS,TJS,CBR,TJS_RC_F02_09_2016_T02_09_2026.dbf,10,94.5841,9.45841,0.1057260153,1.0,False,-0.005060737262426174,0.029971099335959872,0.038772724227571276,-0.04623993013995187,0.007974568341720278,0.03677554639912062,0.012291022016428954,0.8745861682437911,0.038772724227571276,0.001903831358654351,0.4841071771384691,0.038772724227571276,-0.011971724061242695,0.3094534776701586,0.09050021560023347,0.02614938331995864,0.4990907703654727,0.012655547096114805,0.017545719257693555,0.017123147933658312,1,-2.4492935982947064e-16,1.0,-0.9749279121818236,-0.2225209339563146,True,True,1,39.6155379181,-41.8881741364,0.6338670229815715,0.6241659097604008,H005_add_calendar,3,pooled_with_corridor_thresholds,logistic,2024,0.6158006229707257,26,"{""C"": 0.01, ""class_weight"": ""balanced""}"
2024-12-28,RUB_TJS,TJS,CBR,TJS_RC_F02_09_2016_T02_09_2026.dbf,10,91.9854,9.19854,0.1087129044,1.0,False,0.013151025317375664,0.00659754329330009,-0.01816365326709879,-0.027475019585744498,-0.07244450673945768,0.013151025317375664,0.0035391278733594156,0.5402714932126642,0.013151025317375664,-0.010458105828079156,0.2958374628344874,0.013151025317375664,-0.018099354548706925,0.15804312432990356,0.020921105788653582,-0.011399052605178261,0.15248588393276025,0.01102416473416468,0.008673987977691177,0.01350372788913933,0,-2.4492935982947064e-16,1.0,-0.9749279121818236,-0.2225209339563146,True,True,1,0.0,6.4192562789,0.7101868971713746,0.6241659097604008,H005_add_calendar,3,pooled_with_corridor_thresholds,logistic,2024,0.6158006229707257,26,"{""C"": 0.01, ""class_weight"": ""balanced""}"
2024-01-12,RUB_UZS,UZS,CBR,UZS_RC_F02_09_2016_T02_09_2026.dbf,10000,71.4943,0.00714943,139.8712904385,1.0,False,-0.008525969676504097,-0.016424949304013503,-0.0368037657912782,-0.02162450649679437,-0.05303179815121173,0.0,-0.013534829274107985,0.0,0.0,-0.02548631428350223,0.0,0.0,-0.025406408961305083,0.0,0.0,-0.042690780939609874,0.0,0.007143183615911275,0.008336473894086358,0.006957852869644101,2,0.49999999999999994,0.8660254037844387,-0.433883739117558,-0.9009688679024191,True,True,0,71.5301779303,34.7467598398,0.6041441018229444,0.5528481738788628,H005_add_calendar,3,pooled_with_corridor_thresholds,logistic,2024,0.6158006229707257,26,"{""C"": 0.01, ""class_weight"": ""balanced""}"
2024-01-19,RUB_UZS,UZS,CBR,UZS_RC_F02_09_2016_T02_09_2026.dbf,10000,71.3455,0.00713455,140.1630095801,1.0,False,0.0025110023213070765,0.009177231751977155,-0.002081284801725425,-0.03880845147461598,-0.01989053952693509,0.010120245162514196,0.0053685982798163945,1.0,0.010120245162514196,-0.005220031042996731,0.28717207022618496,0.010120245162514196,-0.01755574070400734,0.18833820778331026,0.010120245162514196,-0.03488139689269021,0.07756918068366757,0.005731403964951244,0.007146622323414978,0.006820926640444351,0,0.49999999999999994,0.8660254037844387,-0.433883739117558,-0.9009688679024191,True,True,1,2.5509667744,-32.0777563689,0.6705167692394819,0.5528481738788628,H005_add_calendar,3,pooled_with_corridor_thresholds,logistic,2024,0.6158006229707257,26,"{""C"": 0.01, ""class_weight"": ""balanced""}"
2024-01-26,RUB_UZS,UZS,CBR,UZS_RC_F02_09_2016_T02_09_2026.dbf,10000,71.3717,0.00713717,140.1115568215,1.0,False,0.0052989273968069295,0.006574948346743215,0.00036722708510006363,-0.0017148220207764409,-0.023302246337641774,0.008070587271522767,0.004102979091463954,1.0,0.010491188675745722,0.004919723089751082,1.0,0.010491188675745722,-0.011378982656049863,0.19524148288672777,0.010491188675745722,-0.026475653229802942,0.12167887286938776,0.004268611890203532,0.0047710501160938695,0.00668918886207371,0,0.49999999999999994,0.8660254037844387,-0.433883739117558,-0.9009688679024191,True,True,1,0.0,16.6315571558,0.6574982404172469,0.5528481738788628,H005_add_calendar,3,pooled_with_corridor_thresholds,logistic,2024,0.6158006229707257,26,"{""C"": 0.01, ""class_weight"": ""balanced""}"
2024-02-02,RUB_UZS,UZS,CBR,UZS_RC_F02_09_2016_T02_09_2026.dbf,10000,72.6475,0.00726475,137.6509859252,1.0,False,0.007064247780986133,0.005288845407131815,0.017875432419292236,0.018249223847334406,-0.021267451745410226,0.010847680257806358,0.0060893698464707935,1.0,0.026090284928171226,0.014007746364555818,1.0,0.028554155629209488,0.013470554388865574,0.8102527017797609,0.028554155629209488,-0.004560362051959532,0.35928954447473005,0.006017046086984037,0.00524977154805798,0.0067784777142110035,0,0.8660254037844386,0.5000000000000001,-0.433883739117558,-0.9009688679024191,True,True,1,0.0,-16.7664241326,0.6151273079900876,0.5528481738788628,H005_add_calendar,3,pooled_with_corridor_thresholds,logistic,2024,0.6158006229707257,26,"{""C"": 0.01, ""class_weight"": ""balanced""}"
2024-02-09,RUB_UZS,UZS,CBR,UZS_RC_F02_09_2016_T02_09_2026.dbf,10000,73.2509,0.00732509,136.5170939879,1.0,False,0.0032363390335632403,-0.0006643965314953038,0.008305860490725792,0.02632976375790408,0.024569790878433695,0.007265976829729404,0.0028641173466663616,0.915612545486056,0.019243640067401424,0.00862171642587417,0.9659844939582335,0.03709718295302178,0.019873434217648978,0.9817527820450384,0.03709718295302178,0.006813235644709259,0.538316144142664,0.005381170787375019,0.005473607857468435,0.005196519185044839,0,0.8660254037844386,0.5000000000000001,-0.433883739117558,-0.9009688679024191,True,True,1,45.6103611014,-33.6237226977,0.5993111876564452,0.5528481738788628,H005_add_calendar,3,pooled_with_corridor_thresholds,logistic,2024,0.6158006229707257,26,"{""C"": 0.01, ""class_weight"": ""balanced""}"
2024-02-16,RUB_UZS,UZS,CBR,UZS_RC_F02_09_2016_T02_09_2026.dbf,10000,73.541,0.0073541,135.9785697774,1.0,False,0.0038041393731835793,0.006108530737606754,0.0039603608965896875,0.012299115592415255,0.030772788753320013,0.008560441489478432,0.004777341144457603,1.0,0.01125511361683107,0.00580552794361644,1.0,0.03871028795075726,0.01603718418946598,1.0,0.04120446208235218,0.01216438790555685,0.5979167522702054,0.0032085317242532296,0.004201973140430621,0.004637936800133693,0,0.8660254037844386,0.5000000000000001,-0.433883739117558,-0.9009688679024191,True,True,1,0.0,8.2335166627,0.5973843062005043,0.5528481738788628,H005_add_calendar,3,pooled_with_corridor_thresholds,logistic,2024,0.6158006229707257,26,"{""C"": 0.01, ""class_weight"": ""balanced""}"
2024-02-23,RUB_UZS,UZS,CBR,UZS_RC_F02_09_2016_T02_09_2026.dbf,10000,74.231,0.0074231,134.7146071048,1.0,False,0.0018206086420202716,0.003287028401979919,0.00938252131464079,0.01338004038175633,0.04006209744198341,0.003287028401979919,0.002122749000455837,1.0,0.018023281328857,0.008127519690680263,1.0,0.032881161130351666,0.015074119377289197,1.0,0.05097358514073913,0.019363689705368614,0.7396762131733582,0.0030704517115041803,0.0030147103313122093,0.004350760277444706,0,0.8660254037844386,0.5000000000000001,-0.433883739117558,-0.9009688679024191,True,True,1,0.0,-11.7975810238,0.6014270591897545,0.5528481738788628,H005_add_calendar,3,pooled_with_corridor_thresholds,logistic,2024,0.6158006229707257,26,"{""C"": 0.01, ""class_weight"": ""balanced""}"
2024-03-01,RUB_UZS,UZS,CBR,UZS_RC_F02_09_2016_T02_09_2026.dbf,10000,72.7615,0.00727615,137.4353195028,1.0,False,-0.009984311921986788,-0.018924020764511607,-0.01801174420785967,-0.006835712228526858,0.00864455438819256,0.0,-0.01246472918665742,0.0,0.0,-0.014176409196693496,0.0,0.0015692212395470584,-0.008935199373446223,0.07199242185033132,0.030168184656247155,-0.0022134105320584796,0.43776965114845773,0.004519066841606867,0.00481983938840397,0.004697399642459261,4,1.0,6.123233995736766e-17,-0.433883739117558,-0.9009688679024191,True,True,1,0.0,79.7545426764,0.6152864787953346,0.5528481738788628,H005_add_calendar,3,pooled_with_corridor_thresholds,logistic,2024,0.6158006229707257,26,"{""C"": 0.01, ""class_weight"": ""balanced""}"
2024-03-08,RUB_UZS,UZS,CBR,UZS_RC_F02_09_2016_T02_09_2026.dbf,10000,72.5364,0.00725364,137.8618183422,1.0,False,0.0057639484919029815,-0.006327544614052716,-0.003093669042007252,-0.021049690874418547,-0.006549375056495665,0.0057639484919029815,-0.00231539236643985,0.43082184682349806,0.0057639484919029815,-0.008961595970724878,0.19698621049139667,0.0057639484919029815,-0.011273055253823383,0.19698621049139667,0.026981185235315452,-0.00479368692686466,0.3915231951349787,0.0060023426910432035,0.005254951989115578,0.004576204784768708,0,1.0,6.123233995736766e-17,-0.433883739117558,-0.9009688679024191,True,True,1,0.0,5.7573379487,0.6566054126742231,0.5528481738788628,H005_add_calendar,3,pooled_with_corridor_thresholds,logistic,2024,0.6158006229707257,26,"{""C"": 0.01, ""class_weight"": ""balanced""}"
2024-03-15,RUB_UZS,UZS,CBR,UZS_RC_F02_09_2016_T02_09_2026.dbf,10000,73.0398,0.00730398,136.9116563846,1.0,False,3.5598297853711713e-05,0.0076943134925726575,0.012743914021910552,-0.00619767522549064,-0.0013986472906848402,0.0076943134925726575,0.0040516840593711745,1.0,0.012743914021910552,0.0040192496200208705,0.952533941341066,0.012743914021910552,-0.003585954452403173,0.4355304932947908,0.03410839762312978,0.003927984372181559,0.634758780597054,0.003047677744405227,0.005558937796565935,0.004579050430012121,0,1.0,6.123233995736766e-17,-0.433883739117558,-0.9009688679024191,True,True,1,0.0,-15.2281718437,0.6253282998705817,0.5528481738788628,H005_add_calendar,3,pooled_with_corridor_thresholds,logistic,2024,0.6158006229707257,26,"{""C"": 0.01, ""class_weight"": ""balanced""}"
2024-03-22,RUB_UZS,UZS,CBR,UZS_RC_F02_09_2016_T02_09_2026.dbf,10000,73.1976,0.00731976,136.6165010875,1.0,False,-0.00794348887355889,0.00028834393555299265,0.00216046593774899,0.014931912751817489,-0.010800467047223594,0.0012789980315741634,-0.001913607063410927,0.13758092995879787,0.009871402732536838,0.002137141214241245,0.5497080516287624,0.014931912751817489,3.695612924925484e-05,0.5103065914798828,0.036342553592134896,0.0055050689122095875,0.6763365214871022,0.004979101107517269,0.004045881576671647,0.004732991621919842,1,1.0,6.123233995736766e-17,-0.433883739117558,-0.9009688679024191,True,True,1,0.0,46.1555706349,0.5634212240690091,0.5528481738788628,H005_add_calendar,3,pooled_with_corridor_thresholds,logistic,2024,0.6158006229707257,26,"{""C"": 0.01, ""class_weight"": ""balanced""}"
2024-03-29,RUB_UZS,UZS,CBR,UZS_RC_F02_09_2016_T02_09_2026.dbf,10000,73.2236,0.00732236,136.5679917404,1.0,False,-0.004356575655389938,-0.007517125655003842,0.00035520290282753386,0.0025164362443490518,-0.0036968350357097224,0.0,-0.004462702768550542,0.0,0.0016346552382151547,-0.003013007440000215,0.1758387286639207,0.015292419513398992,0.0017435938828516129,0.6631990378833413,0.036710665475494286,0.006049211230659379,0.7122960276907861,0.004669915298271405,0.0045549204374455265,0.004966260970234389,1,1.0,6.123233995736766e-17,-0.433883739117558,-0.9009688679024191,True,True,1,4.62965492,20.2218130006,0.5873576947824918,0.5528481738788628,H005_add_calendar,3,pooled_with_corridor_thresholds,logistic,2024,0.6158006229707257,26,"{""C"": 0.01, ""class_weight"": ""balanced""}"
2024-04-05,RUB_UZS,UZS,CBR,UZS_RC_F02_09_2016_T02_09_2026.dbf,10000,72.8653,0.00728653,137.2395365146,1.0,False,-0.003622306516322893,-0.002997903793422352,-0.004893231144057375,-0.004539766331136508,0.010324359025910779,0.0,-0.0030500127106665165,0.0,0.0,-0.006201988733501751,0.0,0.005286822539634084,-0.004310763900869152,0.29440688383528224,0.031637800559813245,0.0015457815804855723,0.6206704996805823,0.0017570454130676578,0.003372854750510068,0.0037594372978178516,2,0.8660254037844387,-0.49999999999999983,-0.433883739117558,-0.9009688679024191,True,True,1,0.0,16.4768411128,0.6285674386908201,0.5528481738788628,H005_add_calendar,3,pooled_with_corridor_thresholds,logistic,2024,0.6158006229707257,26,"{""C"": 0.01, ""class_weight"": ""balanced""}"
2024-04-12,RUB_UZS,UZS,CBR,UZS_RC_F02_09_2016_T02_09_2026.dbf,10000,73.9354,0.00739354,135.2532075298,1.0,False,0.00536162771565829,0.013032957818267521,0.014686002802431153,0.00972090965207939,0.012261807945804781,0.014446540664768692,0.00863903836913904,1.0,0.014686002802431153,0.01011296099005432,1.0,0.014686002802431153,0.008392862878475071,1.0,0.04428088581545553,0.013793374848946494,0.9138368263036682,0.0022602756724288187,0.0028055063052738628,0.0036998503835629065,0,0.8660254037844387,-0.49999999999999983,-0.433883739117558,-0.9009688679024191,True,True,1,29.6339777698,-53.8232955584,0.5971841264363946,0.5528481738788628,H005_add_calendar,3,pooled_with_corridor_thresholds,logistic,2024,0.6158006229707257,26,"{""C"": 0.01, ""class_weight"": ""balanced""}"
2024-04-19,RUB_UZS,UZS,CBR,UZS_RC_F02_09_2016_T02_09_2026.dbf,10000,74.1178,0.00741178,134.9203565136,1.0,False,-0.004276150953636759,0.0031617043968805714,0.002467018505343921,0.017189251948458217,0.012571450430068687,0.005446556596031105,0.0002550645151278008,0.5577938316198945,0.016949199053270636,0.005661832508101705,0.795121009268795,0.017189251948458217,0.008264490916405798,0.7973644003055759,0.04397884372953209,0.012834237874387977,0.907487066209382,0.004205568702359973,0.003429441465703902,0.00349120289180609,1,0.8660254037844387,-0.49999999999999983,-0.433883739117558,-0.9009688679024191,True,True,0,70.819695134,-24.493925209,0.5699902735750754,0.5528481738788628,H005_add_calendar,3,pooled_with_corridor_thresholds,logistic,2024,0.6158006229707257,26,"{""C"": 0.01, ""class_weight"": ""balanced""}"
2024-04-26,RUB_UZS,UZS,CBR,UZS_RC_F02_09_2016_T02_09_2026.dbf,10000,72.6017,0.00726017,137.7378215662,1.0,False,-0.002867718254922047,-0.012014762276721935,-0.02045527525101931,-0.018038720288251597,-0.008493163406333548,0.0,-0.007859590548047857,0.0,0.0,-0.014071156593747358,0.0,0.0,-0.011098659327719473,0.0,0.006669375089260132,-0.009522076260512158,0.20773948345858068,0.0031801188107268064,0.004276302726364865,0.003798282819977438,6,0.8660254037844387,-0.49999999999999983,-0.433883739117558,-0.9009688679024191,True,True,1,0.0,40.9795668496,0.6618797257665929,0.5528481738788628,H005_add_calendar,3,pooled_with_corridor_thresholds,logistic,2024,0.6158006229707257,26,"{""C"": 0.01, ""class_weight"": ""balanced""}"
2024-05-03,RUB_UZS,UZS,CBR,UZS_RC_F02_09_2016_T02_09_2026.dbf,10000,72.8722,0.00728722,137.2265418088,5.0,False,0.0036276594572557386,0.003725808073364645,-0.007116337055228961,-0.019745736150476034,-0.00409039038423431,0.003725808073364645,0.0018521400521434028,1.0,0.003725808073364645,-0.005447287499762865,0.14745965983427725,0.003725808073364645,-0.006622385655116858,0.14745965983427725,0.010420031974176514,-0.005960329461389469,0.32456594972790714,0.004694511505241012,0.0038378358381338843,0.003972437073746189,0,0.49999999999999994,-0.8660254037844387,-0.433883739117558,-0.9009688679024191,True,True,0,69.0661184924,-45.2949191353,0.7154144347823822,0.5528481738788628,H005_add_calendar,3,pooled_with_corridor_thresholds,logistic,2024,0.6158006229707257,26,"{""C"": 0.01, ""class_weight"": ""balanced""}"
2024-05-09,RUB_UZS,UZS,CBR,UZS_RC_F02_09_2016_T02_09_2026.dbf,10000,72.3935,0.00723935,138.1339484899,1.0,False,0.004840043972639263,0.00033992502304158734,-0.002965205319465314,-0.014848008970587023,-0.00809353257280343,0.004888862360895807,0.0006822943779551949,0.42387772295101944,0.004888862360895807,-0.0027487483648569455,0.2602719479751699,0.004888862360895807,-0.011116647898051779,0.1470686487389342,0.004888862360895807,-0.011717500475585396,0.1470686487389342,0.005076406978706004,0.004336503844808078,0.004434511709321479,0,0.49999999999999994,-0.8660254037844387,0.43388373911755823,-0.900968867902419,True,True,1,0.0,-14.3371229712,0.5674636840870975,0.5528481738788628,H005_add_calendar,3,pooled_with_corridor_thresholds,logistic,2024,0.6158006229707257,26,"{""C"": 0.01, ""class_weight"": ""balanced""}"
2024-05-16,RUB_UZS,UZS,CBR,UZS_RC_F02_09_2016_T02_09_2026.dbf,10000,71.7942,0.00717942,139.2870176142,1.0,False,-0.001986457613665338,-0.008278367532996822,-0.003429976971542792,-0.011122329091467598,-0.02896041679628436,0.0,-0.00346455905990517,0.0,0.0,-0.006864531465018087,0.0,0.0,-0.016034654276473215,0.0,0.0,-0.01914618293399628,0.0,0.0035380585265153437,0.0038718577489359604,0.003986476750695789,3,0.49999999999999994,-0.8660254037844387,0.43388373911755823,-0.900968867902419,True,True,1,49.8508236041,2.2459960495,0.5552437683027771,0.5528481738788628,H005_add_calendar,3,pooled_with_corridor_thresholds,logistic,2024,0.6158006229707257,26,"{""C"": 0.01, ""class_weight"": ""balanced""}"
2024-05-24,RUB_UZS,UZS,CBR,UZS_RC_F02_09_2016_T02_09_2026.dbf,10000,70.9238,0.00709238,140.9963933123,1.0,False,-0.0005833845321369102,-0.00680439772187813,-0.007174223748990349,-0.015559762814248979,-0.036268444374389475,0.0,-0.004120350634200465,0.0,0.0,-0.009024353472637081,0.0,0.0,-0.016803142845220997,0.0,0.0,-0.02762376704583469,0.0,0.0019971672411546967,0.0029646035647630147,0.003291759088596612,4,0.49999999999999994,-0.8660254037844387,-0.433883739117558,-0.9009688679024191,True,True,0,51.2380893297,-4.6369019611,0.6857631007029297,0.5528481738788628,H005_add_calendar,3,pooled_with_corridor_thresholds,logistic,2024,0.6158006229707257,26,"{""C"": 0.01, ""class_weight"": ""balanced""}"
2024-05-31,RUB_UZS,UZS,CBR,UZS_RC_F02_09_2016_T02_09_2026.dbf,10000,71.0291,0.00710291,140.7873674311,1.0,False,0.0066496692880799735,0.017534535442252697,0.0014846920215780823,-0.0057001832401734065,-0.024247810951971482,0.018401134406852204,0.009796127497226248,1.0,0.018401134406852204,0.0035386382106239456,0.7189110463813554,0.018401134406852204,-0.006122366594933815,0.41049096433711696,0.018401134406852204,-0.022449919994157352,0.27362271874466887,0.008965425250351771,0.0061938088258882236,0.005046775644781385,0,0.49999999999999994,-0.8660254037844387,-0.433883739117558,-0.9009688679024191,True,True,1,0.0,-33.490460284,0.6383791150047976,0.5528481738788628,H005_add_calendar,3,pooled_with_corridor_thresholds,logistic,2024,0.6158006229707257,26,"{""C"": 0.01, ""class_weight"": ""balanced""}"
2024-06-07,RUB_UZS,UZS,CBR,UZS_RC_F02_09_2016_T02_09_2026.dbf,10000,70.0222,0.00700222,142.8118510987,1.0,False,-0.0006793226183035017,-0.012851419210587856,-0.014175880026636944,-0.01271223482103323,-0.028074198276627937,0.0,-0.007770379036244113,0.0,0.0039644021065097235,-0.006147159972351157,0.16053181607059783,0.0039644021065097235,-0.01394522385746677,0.10442631618702213,0.0039644021065097235,-0.03394296579572953,0.05895019614531756,0.00584935585821265,0.007329116009759704,0.005443584234147664,4,1.2246467991473532e-16,-1.0,-0.433883739117558,-0.9009688679024191,True,True,1,0.0,31.7844587033,0.6844718750426058,0.5528481738788628,H005_add_calendar,3,pooled_with_corridor_thresholds,logistic,2024,0.6158006229707257,26,"{""C"": 0.01, ""class_weight"": ""balanced""}"
2024-06-14,RUB_UZS,UZS,CBR,UZS_RC_F02_09_2016_T02_09_2026.dbf,10000,69.8898,0.00698898,143.0823954282,2.0,False,-0.008044668632888885,-0.003157840687365243,-0.00256886704400483,-0.009496895545486939,-0.026525819634455106,0.0,-0.0039889011923950335,0.0,0.0,-0.008244830981106954,0.0,0.0020660771918554754,-0.01069133042367132,0.08071924714317413,0.0020660771918554754,-0.033466574913262104,0.03072232645403257,0.004487809222264477,0.005714541202620816,0.005602649665507257,1,1.2246467991473532e-16,-1.0,-0.433883739117558,-0.9009688679024191,True,True,1,0.0,76.1829534937,0.681316441019167,0.5528481738788628,H005_add_calendar,3,pooled_with_corridor_thresholds,logistic,2024,0.6158006229707257,26,"{""C"": 0.01, ""class_weight"": ""balanced""}"
2024-06-21,RUB_UZS,UZS,CBR,UZS_RC_F02_09_2016_T02_09_2026.dbf,10000,67.5563,0.00675563,148.0246845964,1.0,False,0.03237740992945959,-0.042998033760390686,-0.0333882769731777,-0.03587137397280993,-0.04803622057008228,0.03237740992945959,-0.01574343122822619,0.4100762590485041,0.03237740992945959,-0.026612427163034913,0.4100762590485041,0.03237740992945959,-0.03455657874757723,0.3513307354282403,0.03237740992945959,-0.06064830357849882,0.23545035283658425,0.03209706683829648,0.021824716292034946,0.01588490783753992,0,1.2246467991473532e-16,-1.0,-0.433883739117558,-0.9009688679024191,True,True,1,0.0,175.6317309656,0.6256399789719594,0.5528481738788628,H005_add_calendar,3,pooled_with_corridor_thresholds,logistic,2024,0.6158006229707257,26,"{""C"": 0.01, ""class_weight"": ""balanced""}"
2024-06-29,RUB_UZS,UZS,CBR,UZS_RC_F02_09_2016_T02_09_2026.dbf,10000,68.297,0.0068297,146.4193156361,1.0,False,0.01124560429391086,-0.014016593544773248,-0.018570383665304835,-0.032677942671965776,-0.03846451665584938,0.01124560429391086,-0.0075147368011098115,0.34128695964770467,0.04369659033949902,-0.004765241786365948,0.5547923942568881,0.04369659033949902,-0.017679242219152735,0.47415637177680153,0.04369659033949902,-0.044305164759301574,0.317764071789743,0.01703452083952059,0.02637349835390846,0.018706753876803782,0,1.2246467991473532e-16,-1.0,-0.9749279121818236,-0.2225209339563146,True,True,1,0.0,60.2378952975,0.6645888060178743,0.5528481738788628,H005_add_calendar,3,pooled_with_corridor_thresholds,logistic,2024,0.6158006229707257,26,"{""C"": 0.01, ""class_weight"": ""balanced""}"
2024-07-05,RUB_UZS,UZS,CBR,UZS_RC_F02_09_2016_T02_09_2026.dbf,10000,70.0255,0.00700255,142.8051209916,1.0,False,0.0009634338268191822,0.0073147575413208266,0.03683879326300188,0.036550255120543884,-0.0006322267224967426,0.025308578707702978,0.00693583668041553,1.0,0.03683879326300188,0.010354235384812505,1.0,0.07011106764306763,0.00965920838669354,0.8879921031239101,0.07011106764306763,-0.01717647003233036,0.5098516419403232,0.007330069313361569,0.016151022658279765,0.01904242886882199,0,-0.4999999999999998,-0.8660254037844388,-0.433883739117558,-0.9009688679024191,True,True,1,11.0673968769,-18.7159130022,0.562005338353492,0.5528481738788628,H005_add_calendar,3,pooled_with_corridor_thresholds,logistic,2024,0.6158006229707257,26,"{""C"": 0.01, ""class_weight"": ""balanced""}"
2024-07-12,RUB_UZS,UZS,CBR,UZS_RC_F02_09_2016_T02_09_2026.dbf,10000,69.65,0.006965,143.5750179469,1.0,False,0.0012866497509362862,-0.004354252615267673,-0.005362332293236016,0.03127891911900793,-0.0034311158423689925,0.0012866497509362862,-0.001736534120974964,0.22709972088301764,0.01981053340556671,-0.00010278914615524659,0.7827596181660399,0.0643727765076958,0.005689836446531871,0.8153137459838182,0.0643727765076958,-0.018392814719964345,0.46812246485525355,0.001811635770602671,0.006688434537158038,0.018955795325213465,0,-0.4999999999999998,-0.8660254037844388,-0.433883739117558,-0.9009688679024191,True,True,1,45.3266331658,-13.1297176258,0.5574555775212944,0.5528481738788628,H005_add_calendar,3,pooled_with_corridor_thresholds,logistic,2024,0.6158006229707257,26,"{""C"": 0.01, ""class_weight"": ""balanced""}"
2024-07-19,RUB_UZS,UZS,CBR,UZS_RC_F02_09_2016_T02_09_2026.dbf,10000,69.8092,0.00698092,143.2475948729,1.0,False,-0.0025561488310156255,0.0045341978671571415,0.0022857142857142243,-0.00308887476704911,0.0333484811927236,0.006849423733995996,0.0011395424678193322,0.689560040656303,0.006849423733995996,0.0008422884726906332,0.689560040656303,0.03363612807699412,0.004027662638237173,0.9130627009646304,0.06680562856828498,-0.011074599252312356,0.536044044976886,0.004729645636126006,0.003472566705718311,0.011555242011786671,2,-0.4999999999999998,-0.8660254037844388,-0.433883739117558,-0.9009688679024191,True,True,1,0.0,4.189259622,0.617109578268577,0.5528481738788628,H005_add_calendar,3,pooled_with_corridor_thresholds,logistic,2024,0.6158006229707257,26,"{""C"": 0.01, ""class_weight"": ""balanced""}"
2024-07-26,RUB_UZS,UZS,CBR,UZS_RC_F02_09_2016_T02_09_2026.dbf,10000,67.6513,0.00676513,147.8168194846,1.0,False,-0.01635880912638632,-0.028160536462313757,-0.030911398497619147,-0.028696338837042257,0.0016849898204700509,0.0,-0.02015444907957109,0.0,0.0,-0.025004655098961992,0.0,0.0,-0.0269041099673597,0.0,0.03382917466410751,-0.03694370955179016,0.29775643612299296,0.006408047298611421,0.006379355106075625,0.007065487714210342,4,-0.4999999999999998,-0.8660254037844388,-0.433883739117558,-0.9009688679024191,True,True,1,0.0,104.0956826016,0.6359660458677189,0.5528481738788628,H005_add_calendar,3,pooled_with_corridor_thresholds,logistic,2024,0.6158006229707257,26,"{""C"": 0.01, ""class_weight"": ""balanced""}"
2024-08-02,RUB_UZS,UZS,CBR,UZS_RC_F02_09_2016_T02_09_2026.dbf,10000,68.3853,0.00683853,146.2302570874,1.0,False,-0.004026984436761083,-0.004518477866882531,0.01084975455017112,-0.02039702503394969,-0.02342289594504854,0.009734813808581544,-0.0005781524434248508,0.67990100030937,0.01084975455017112,-0.005070864657059859,0.3335908739717296,0.01084975455017112,-0.012374616644241776,0.3094826495762511,0.045045967456019076,-0.0217224304608421,0.42376974942135404,0.007053753616457807,0.007750851568232852,0.005912230059255261,1,-0.8660254037844384,-0.5000000000000004,-0.433883739117558,-0.9009688679024191,True,True,1,33.8669275414,3.3893038332,0.6617820878255399,0.5528481738788628,H005_add_calendar,3,pooled_with_corridor_thresholds,logistic,2024,0.6158006229707257,26,"{""C"": 0.01, ""class_weight"": ""balanced""}"
2024-08-09,RUB_UZS,UZS,CBR,UZS_RC_F02_09_2016_T02_09_2026.dbf,10000,68.4826,0.00684826,146.0224933049,1.0,False,0.0051562204155799485,0.01432411816545831,0.0014228204014605783,0.012288012203756526,-0.01676094759511837,0.01432411816545831,0.007388312562131905,1.0,0.01432411816545831,0.004105415336072227,0.8194373834943223,0.01432411816545831,-0.004532924463081622,0.3856829511465596,0.04653288017897972,-0.015561789252977243,0.499729210772488,0.006802692580460751,0.006607571324884464,0.006666946993896768,0,-0.8660254037844384,-0.5000000000000004,-0.433883739117558,-0.9009688679024191,True,True,1,0.0,21.1035987277,0.6431123608769354,0.5528481738788628,H005_add_calendar,3,pooled_with_corridor_thresholds,logistic,2024,0.6158006229707257,26,"{""C"": 0.01, ""class_weight"": ""balanced""}"
2024-08-16,RUB_UZS,UZS,CBR,UZS_RC_F02_09_2016_T02_09_2026.dbf,10000,70.3459,0.00703459,142.1546955828,1.0,False,-0.013658160403813846,-0.011219482711848139,0.027208371177496193,0.028669904204558616,0.0076880984168277156,0.01147265198136549,-0.011209197878762067,0.2093786081662655,0.04192222526679057,0.011271264349639987,0.484383824208923,0.04192222526679057,0.017325991865689838,0.484383824208923,0.07500733523234349,0.011436876190322742,0.6196409634903803,0.025188449342873034,0.017619673131595775,0.013494332622740997,2,-0.8660254037844384,-0.5000000000000004,-0.433883739117558,-0.9009688679024191,True,True,1,9.1831933347,92.3799331486,0.5874814831904644,0.5528481738788628,H005_add_calendar,3,pooled_with_corridor_thresholds,logistic,2024,0.6158006229707257,26,"{""C"": 0.01, ""class_weight"": ""balanced""}"
2024-08-24,RUB_UZS,UZS,CBR,UZS_RC_F02_09_2016_T02_09_2026.dbf,10000,72.2576,0.00722576,138.3937468169,1.0,False,0.000894823597855865,0.007122288721695513,0.02811985549498952,0.03896014263530234,0.06691078758527014,0.021451764981955,0.004809227308579356,0.8065802062294042,0.02811985549498952,0.00917181336712436,0.6421770917952893,0.07023720479001128,0.032356950199695644,0.8115448462341486,0.10422142621367536,0.037129964456378506,0.860980659496036,0.008264222865496924,0.017408991997214143,0.013204463835359377,0,-0.8660254037844384,-0.5000000000000004,-0.9749279121818236,-0.2225209339563146,True,True,1,0.0,-2.7290784495,0.6582658711979169,0.5528481738788628,H005_add_calendar,3,pooled_with_corridor_thresholds,logistic,2024,0.6158006229707257,26,"{""C"": 0.01, ""class_weight"": ""balanced""}"
2024-08-31,RUB_UZS,UZS,CBR,UZS_RC_F02_09_2016_T02_09_2026.dbf,10000,72.2271,0.00722271,138.4521876138,1.0,False,0.0009340393599197583,0.00031161449547534303,-0.00042210092779171315,0.02768588515010406,0.05976784826062276,0.0009340393599197583,-0.00017469613669596207,0.3927738927738951,0.021020609244261745,0.002100013125081901,0.7903688742425853,0.06978545667291214,0.018356317062312444,0.806325192956035,0.10375533332518305,0.03462657297880356,0.857130232793011,0.001458255066087453,0.006343327996474051,0.01283784604861965,0,-0.8660254037844384,-0.5000000000000004,-0.9749279121818236,-0.2225209339563146,True,True,0,130.0066041693,-19.4229360678,0.6418084005331006,0.5528481738788628,H005_add_calendar,3,pooled_with_corridor_thresholds,logistic,2024,0.6158006229707257,26,"{""C"": 0.01, ""class_weight"": ""balanced""}"
2024-09-06,RUB_UZS,UZS,CBR,UZS_RC_F02_09_2016_T02_09_2026.dbf,10000,70.9111,0.00709111,141.0216454124,1.0,False,0.007907065331718588,-0.00528840016776988,-0.017303287014774238,-0.017756569196459404,0.035461562499087496,0.010309528049866401,-0.0011637649076567946,0.3547754461659165,0.010309528049866401,-0.00989489354685158,0.33753148614609774,0.019599413354805417,-0.007887389760174335,0.3576939225359514,0.08364457131679659,0.015311115150401955,0.6909937888198758,0.01021248106586078,0.007099985434710322,0.013657292315441721,0,-1.0,-1.8369701987210297e-16,-0.433883739117558,-0.9009688679024191,True,True,1,32.2939567994,-32.1329669002,0.6272779639450409,0.5528481738788628,H005_add_calendar,3,pooled_with_corridor_thresholds,logistic,2024,0.6158006229707257,26,"{""C"": 0.01, ""class_weight"": ""balanced""}"
2024-09-13,RUB_UZS,UZS,CBR,UZS_RC_F02_09_2016_T02_09_2026.dbf,10000,71.6548,0.00716548,139.557991928,1.0,False,-0.0039325694316054705,0.006826005704731131,0.010487779769316807,-0.006996980308953682,0.018606628104836265,0.013761617156253125,0.002757152545181274,0.7746893915259621,0.02090543187889593,0.0060238045931422235,0.7194057658364384,0.02090543187889593,0.001416353689699834,0.6028348397699264,0.06130888462649309,0.02251785968598452,0.7083839611178612,0.005983055055950507,0.008414689722142854,0.007474983885005593,1,-1.0,-1.8369701987210297e-16,-0.433883739117558,-0.9009688679024191,True,True,1,40.1229226793,-17.4732334389,0.6272483225523269,0.5528481738788628,H005_add_calendar,3,pooled_with_corridor_thresholds,logistic,2024,0.6158006229707257,26,"{""C"": 0.01, ""class_weight"": ""balanced""}"
2024-09-20,RUB_UZS,UZS,CBR,UZS_RC_F02_09_2016_T02_09_2026.dbf,10000,72.7603,0.00727603,137.4375861562,1.0,False,0.010594812319872249,0.017831563279877338,0.015428136007636706,0.02607772266965247,0.007858102586123294,0.019518743177898035,0.012146824673689549,1.0,0.029402069265061392,0.015178219131370296,1.0,0.03665609973285844,0.015551368772943164,1.0,0.07768290244462372,0.03482988453881508,0.8975750004278401,0.005292087652527023,0.005349852570959477,0.006514048683925126,0,-1.0,-1.8369701987210297e-16,-0.433883739117558,-0.9009688679024191,True,True,1,0.1649251034,-58.7859475398,0.5925720811686346,0.5528481738788628,H005_add_calendar,3,pooled_with_corridor_thresholds,logistic,2024,0.6158006229707257,26,"{""C"": 0.01, ""class_weight"": ""balanced""}"
2024-09-27,RUB_UZS,UZS,CBR,UZS_RC_F02_09_2016_T02_09_2026.dbf,10000,72.4329,0.00724329,138.058810292,1.0,False,-1.1044582839181416e-05,-0.007685573726023631,-0.004499706570753492,0.010859007351915029,0.003786046782345176,0.0,-0.0035868337312590093,0.0,0.014931207990213968,0.0019716319061586773,0.6551088159350804,0.03199145146927873,0.009404379103894467,0.8000997719498296,0.0728336456073051,0.026341134312584336,0.8415450173703215,0.003270650209768958,0.0046466114135822285,0.006677039771394609,3,-1.0,-1.8369701987210297e-16,-0.433883739117558,-0.9009688679024191,True,True,1,0.0,40.4212944675,0.5832150262973979,0.5528481738788628,H005_add_calendar,3,pooled_with_corridor_thresholds,logistic,2024,0.6158006229707257,26,"{""C"": 0.01, ""class_weight"": ""balanced""}"
2024-10-04,RUB_UZS,UZS,CBR,UZS_RC_F02_09_2016_T02_09_2026.dbf,10000,74.484,0.0074484,134.2570216422,1.0,False,0.004096786065265423,0.015955981242378625,0.028317242578993707,0.02369011672574195,0.050385623689380044,0.023230255656450538,0.011481765652477938,1.0,0.028317242578993707,0.018012857599157606,1.0,0.053788724443671,0.02851099476237362,1.0,0.10321333619687323,0.050606651148043635,1.0,0.0033415676288320565,0.00463256297045783,0.004872124236944862,0,-0.8660254037844386,0.5000000000000001,-0.433883739117558,-0.9009688679024191,True,True,1,3.1818914129,-50.2640423578,0.5707358874620211,0.5528481738788628,H005_add_calendar,3,pooled_with_corridor_thresholds,logistic,2024,0.6158006229707257,26,"{""C"": 0.01, ""class_weight"": ""balanced""}"
2024-10-12,RUB_UZS,UZS,CBR,UZS_RC_F02_09_2016_T02_09_2026.dbf,10000,75.2399,0.00752399,132.9082042905,1.0,False,-0.011290540886817246,0.0016721183582886212,0.010470008850353762,0.033614495899330965,0.05426294675572718,0.0016721183582886212,-0.0033618699308682887,0.12753858651502878,0.02626639859672486,0.0067851036820096855,0.6914790477216428,0.05251826941370008,0.022519027352624343,0.8137639536143931,0.11440928379409177,0.05299370959979144,0.8999021389626732,0.008743625468957484,0.006619221273835371,0.0055184660084773175,1,-0.8660254037844386,0.5000000000000001,-0.9749279121818236,-0.2225209339563146,True,True,1,5.7815068866,24.0156591417,0.6006362248950271,0.5528481738788628,H005_add_calendar,3,pooled_with_corridor_thresholds,logistic,2024,0.6158006229707257,26,"{""C"": 0.01, ""class_weight"": ""balanced""}"
2024-10-19,RUB_UZS,UZS,CBR,UZS_RC_F02_09_2016_T02_09_2026.dbf,10000,75.3079,0.00753079,132.7881935361,1.0,False,-0.009548372502265479,-0.006132823738396187,0.0009037757891756648,0.0113832471800408,0.035030669703171036,0.0014827837502859875,-0.004743426511118143,0.133134328358206,0.0025774053675531317,-0.0036035864391046335,0.19658813972379738,0.03969190795895239,0.011411432383729325,0.7841907151819315,0.11541645992401728,0.04535141569181311,0.9078242229367628,0.0063441628323199425,0.0072725116265806985,0.005971312250742623,1,-0.8660254037844386,0.5000000000000001,-0.9749279121818236,-0.2225209339563146,True,True,1,43.0632111638,29.9165691229,0.623619570379788,0.5528481738788628,H005_add_calendar,3,pooled_with_corridor_thresholds,logistic,2024,0.6158006229707257,26,"{""C"": 0.01, ""class_weight"": ""balanced""}"
2024-10-25,RUB_UZS,UZS,CBR,UZS_RC_F02_09_2016_T02_09_2026.dbf,10000,75.4139,0.00754139,132.6015495817,1.0,False,0.0002745605704492782,0.005738588171280146,-0.008154257508821705,-0.009004048668118214,0.04115533134804772,0.005738588171280146,0.0014304270911098538,0.9589926454201139,0.005738588171280146,-0.0008717575719032755,0.4096924688184364,0.036004835629799725,0.005734296099750624,0.7927467408729324,0.1169864697736076,0.040366386108454,0.9201733538375508,0.005759748477003404,0.006105441732292321,0.005907487378042893,0,-0.8660254037844386,0.5000000000000001,-0.433883739117558,-0.9009688679024191,True,True,1,0.0,-7.5640054195,0.5896201579022837,0.5528481738788628,H005_add_calendar,3,pooled_with_corridor_thresholds,logistic,2024,0.6158006229707257,26,"{""C"": 0.01, ""class_weight"": ""balanced""}"
2024-11-01,RUB_UZS,UZS,CBR,UZS_RC_F02_09_2016_T02_09_2026.dbf,10000,75.9512,0.00759512,131.6634891878,1.0,False,0.0005190233929375232,0.0005269314672933234,0.007124681259025101,-0.0010876727354508509,0.019698190215348355,0.006975131620641006,0.0012932892656991601,0.8206208079862837,0.012904155041902454,0.004916138790817204,0.893774247182714,0.02002275037838963,0.005475818192192339,0.9097510373443997,0.09206878702478871,0.0383806257688184,0.9774236387782208,0.0031608890563694387,0.004665310226967789,0.0054996707750005125,0,-0.5000000000000004,0.8660254037844384,-0.433883739117558,-0.9009688679024191,True,True,1,0.0,20.3662776489,0.5806064819524276,0.5528481738788628,H005_add_calendar,3,pooled_with_corridor_thresholds,logistic,2024,0.6158006229707257,26,"{""C"": 0.01, ""class_weight"": ""balanced""}"
2024-11-08,RUB_UZS,UZS,CBR,UZS_RC_F02_09_2016_T02_09_2026.dbf,10000,76.6972,0.00766972,130.382856219,1.0,False,-0.0024750447081776095,0.00481595606422669,0.009822096293409466,0.01701675685782056,0.007859488482780952,0.0059467130442081295,0.0017300391799148773,0.7043653876029122,0.016865738328487367,0.006407123995458841,0.8698714442013092,0.022852997188718582,0.011245273376473408,0.900047271390301,0.0927472840605521,0.04214278538656835,0.9715970149253722,0.0027741665119781745,0.0028178852217455646,0.004813489624268379,1,-0.5000000000000004,0.8660254037844384,-0.433883739117558,-0.9009688679024191,True,True,1,41.5660545626,-21.7522336033,0.5568476587037937,0.5528481738788628,H005_add_calendar,3,pooled_with_corridor_thresholds,logistic,2024,0.6158006229707257,26,"{""C"": 0.01, ""class_weight"": ""balanced""}"
2024-11-15,RUB_UZS,UZS,CBR,UZS_RC_F02_09_2016_T02_09_2026.dbf,10000,77.3093,0.00773093,129.3505438544,1.0,False,0.005479398605764185,0.012031648038622667,0.007980734629165154,0.017881218466594184,0.016774096817340656,0.012188000796036436,0.008019637459084406,1.0,0.0139749068120949,0.00887138880866889,1.0,0.031016115523927912,0.01582999653174544,1.0,0.10146821015138019,0.04433708793919777,1.0,0.003932614087672109,0.0032141085962338473,0.00401632546803567,0,-0.5000000000000004,0.8660254037844384,-0.433883739117558,-0.9009688679024191,True,True,1,0.0,5.4186978319,0.5586460948690811,0.5528481738788628,H005_add_calendar,3,pooled_with_corridor_thresholds,logistic,2024,0.6158006229707257,26,"{""C"": 0.01, ""class_weight"": ""balanced""}"
2024-11-22,RUB_UZS,UZS,CBR,UZS_RC_F02_09_2016_T02_09_2026.dbf,10000,78.3139,0.00783139,127.6912527661,1.0,False,0.0036640693084533105,0.003953567376659528,0.01299455563560925,0.02107899636492605,0.03845444937869558,0.004026933402393462,0.002818148734432535,1.0,0.02534093408607685,0.011885542076049083,1.0,0.038300247530331566,0.019692655642355783,1.0,0.1157813000890473,0.050988945303722,1.0,0.0048114543372176155,0.0041759828128073015,0.0034734208834674664,0,-0.5000000000000004,0.8660254037844384,-0.433883739117558,-0.9009688679024191,True,True,1,0.0,67.6713430252,0.5713346683758771,0.5528481738788628,H005_add_calendar,3,pooled_with_corridor_thresholds,logistic,2024,0.6158006229707257,26,"{""C"": 0.01, ""class_weight"": ""balanced""}"
2024-12-14,RUB_UZS,UZS,CBR,UZS_RC_F02_09_2016_T02_09_2026.dbf,10000,80.4275,0.00804275,124.3355817351,1.0,False,-0.0045670295124171645,0.034063573165196814,0.03846292896191783,-0.039637240736981716,0.02951285106993029,0.038940488031725895,0.013881902975431792,0.890941332939261,0.038940488031725895,0.002657630208671158,0.5041560048835148,0.038940488031725895,-0.0012230213638493304,0.38291034728044115,0.11037249647604885,0.04347639936474357,0.6220171637087926,0.014013097777436565,0.018186346021593573,0.016339436580847563,1,-2.4492935982947064e-16,1.0,-0.9749279121818236,-0.2225209339563146,True,True,0,75.459264555,-55.3390364356,0.6061333569480929,0.5528481738788628,H005_add_calendar,3,pooled_with_corridor_thresholds,logistic,2024,0.6158006229707257,26,"{""C"": 0.01, ""class_weight"": ""balanced""}"
2024-12-20,RUB_UZS,UZS,CBR,UZS_RC_F02_09_2016_T02_09_2026.dbf,10000,80.409,0.0080409,124.3641880884,1.0,False,0.006901007915309565,0.007371530657499514,-0.004795999826725295,-0.0034367668365014037,0.026752594367027926,0.007371530657499514,0.0038220867075375864,0.9695172186521764,0.03870151008228606,0.012495108080569306,0.8854736219890632,0.03870151008228606,-0.006228421256619376,0.3805604247643735,0.10462544475430335,0.036651075595270255,0.6096409074171915,0.005680097222779577,0.01764102844729396,0.0165075306264859,0,-2.4492935982947064e-16,1.0,-0.433883739117558,-0.9009688679024191,True,True,0,114.2906888532,-77.0969178241,0.5712195636952084,0.5528481738788628,H005_add_calendar,3,pooled_with_corridor_thresholds,logistic,2024,0.6158006229707257,26,"{""C"": 0.01, ""class_weight"": ""balanced""}"
2024-12-27,RUB_UZS,UZS,CBR,UZS_RC_F02_09_2016_T02_09_2026.dbf,10000,76.7539,0.00767539,130.2865391856,1.0,False,-0.0052682464061877265,-0.026127636141707544,-0.0454563543881904,-0.050034345547146364,-0.10003681746977211,0.0,-0.01503183948311515,0.0,0.0,-0.028604406431514184,0.0,0.0,-0.03793248847833863,0.0,0.03080299166132816,-0.015007675598471049,0.2118740358234874,0.005723016276465123,0.006930481424087431,0.013747311136210047,5,-2.4492935982947064e-16,1.0,-0.433883739117558,-0.9009688679024191,True,True,1,0.0,147.7478501727,0.5740810818582431,0.5528481738788628,H005_add_calendar,3,pooled_with_corridor_thresholds,logistic,2024,0.6158006229707257,26,"{""C"": 0.01, ""class_weight"": ""balanced""}"
2025-01-11,RUB_AMD,AMD,CBR,AMD_RC_F02_09_2016_T02_09_2026.dbf,100,25.6815,0.256815,3.8938535522,1.0,False,-0.0036584703481559178,0.012869155045118985,0.021096660556878755,-0.013933897498118575,-0.007785032646911105,0.025348749930130143,0.007080523306199904,0.87068019747669,0.025348749930130143,0.004461535633420999,0.5560518479593627,0.03662277692115201,1.6354452382794094e-05,0.5712396902348436,0.03662277692115201,0.0022915151495048747,0.2916988168724289,0.007917656073607032,0.009767119349126557,0.013792852501564512,1,0.49999999999999994,0.8660254037844387,-0.9749279121818236,-0.2225209339563146,True,True,1,0.0,10.9852740651,0.6772699376898434,0.6386767189196747,H005_add_calendar,3,pooled_with_corridor_thresholds,logistic,2025,0.6539879498453021,26,"{""C"": 10.0, ""class_weight"": ""balanced""}"
2025-01-18,RUB_AMD,AMD,CBR,AMD_RC_F02_09_2016_T02_09_2026.dbf,100,25.6715,0.256715,3.8953703523,1.0,False,-0.0017382039337070498,-0.012778901545158705,-0.00038938535521670925,0.020699060470997344,-0.019707800638469997,0.0,-0.005547226967580476,0.0,0.024949494142917583,0.0005331707838001076,0.6528416213957401,0.024949494142917583,-0.004285549719009185,0.47488410973478346,0.03621913119293474,-0.0007973303736553694,0.28848379629629756,0.006059563062219407,0.007017937376987416,0.00758986161445678,3,0.49999999999999994,0.8660254037844387,-0.9749279121818236,-0.2225209339563146,True,True,1,37.0449720507,24.1872538668,0.6575150636821917,0.6386767189196747,H005_add_calendar,3,pooled_with_corridor_thresholds,logistic,2025,0.6539879498453021,26,"{""C"": 10.0, ""class_weight"": ""balanced""}"
2025-01-25,RUB_AMD,AMD,CBR,AMD_RC_F02_09_2016_T02_09_2026.dbf,100,24.6293,0.246293,4.0602047155,1.0,False,-0.00864192561584276,-0.01697885027559698,-0.04059754981204844,-0.04097112707591066,-0.05433413708897117,0.0,-0.012870324427404323,0.0,0.0,-0.02967628166741243,0.0,0.0,-0.03319706245280907,0.0,0.0,-0.041417357066225735,0.0,0.011126371251845513,0.009473790977834656,0.009472515682866302,1,0.49999999999999994,0.8660254037844387,-0.9749279121818236,-0.2225209339563146,True,True,0,100.0028421433,23.8517787282,0.6585712894149421,0.6386767189196747,H005_add_calendar,3,pooled_with_corridor_thresholds,logistic,2025,0.6539879498453021,26,"{""C"": 10.0, ""class_weight"": ""balanced""}"
2025-01-31,RUB_AMD,AMD,CBR,AMD_RC_F02_09_2016_T02_09_2026.dbf,100,24.6296,0.246296,4.0601552603,1.0,False,0.0008126909823806816,0.010113603740310895,-0.008629850265657768,-0.04225352112676062,-0.024044633941449622,0.010113603740310895,0.0024763154510036856,1.0,0.010113603740310895,-0.009419714838554638,0.19138533178114003,0.010113603740310895,-0.023982173812853946,0.15214708785784772,0.010113603740310895,-0.04016255537844737,0.07042494859492794,0.007663754733030492,0.009589561761059521,0.008815457241431715,0,0.49999999999999994,0.8660254037844387,-0.433883739117558,-0.9009688679024191,True,True,1,5.6030142593,-20.0683591196,0.6877496690830313,0.6386767189196747,H005_add_calendar,3,pooled_with_corridor_thresholds,logistic,2025,0.6539879498453021,26,"{""C"": 10.0, ""class_weight"": ""balanced""}"
2025-02-08,RUB_AMD,AMD,CBR,AMD_RC_F02_09_2016_T02_09_2026.dbf,100,24.5176,0.245176,4.0787026463,1.0,False,0.003951500956140386,-0.012887666732426806,-0.003989307680432819,-0.004535248667237868,-0.04532056149368224,0.003951500956140386,-0.008805194175149689,0.12795014584990647,0.0055202395111348945,-0.00540065142087065,0.16988514451596765,0.0055202395111348945,-0.019948518276531435,0.08304540967423579,0.0055202395111348945,-0.04275251988571771,0.03843957048206575,0.014844012920649565,0.01083950144290373,0.010091357746620174,0,0.8660254037844386,0.5000000000000001,-0.9749279121818236,-0.2225209339563146,True,True,1,42.0106372565,19.0925929695,0.7606827028323091,0.6386767189196747,H005_add_calendar,3,pooled_with_corridor_thresholds,logistic,2025,0.6539879498453021,26,"{""C"": 10.0, ""class_weight"": ""balanced""}"
2025-02-22,RUB_AMD,AMD,CBR,AMD_RC_F02_09_2016_T02_09_2026.dbf,100,22.3543,0.223543,4.4734122741,1.0,False,-0.0015989209516705793,-0.030274767701130578,-0.0185237221309964,-0.08823457434659188,-0.09236965727812008,0.0,-0.017088379954394828,0.0,0.0,-0.0353902681617041,0.0,0.0,-0.06516609033149479,0.0,0.0,-0.1138092114795729,0.0,0.012057808421357548,0.012264818319231442,0.012121900674318297,4,0.8660254037844386,0.5000000000000001,-0.9749279121818236,-0.2225209339563146,True,True,1,0.0,80.4693517254,0.706728322168617,0.6386767189196747,H005_add_calendar,3,pooled_with_corridor_thresholds,logistic,2025,0.6539879498453021,26,"{""C"": 10.0, ""class_weight"": ""balanced""}"
2025-03-15,RUB_AMD,AMD,CBR,AMD_RC_F02_09_2016_T02_09_2026.dbf,100,21.8434,0.218434,4.5780418799,1.0,False,-0.009594196327363469,-0.0057216727130379175,-0.033054302548461534,-0.026464977804717127,-0.04095503200709516,0.0,-0.009608566096524496,0.0,0.0,-0.02339988143130134,0.0,0.0003251466594613728,-0.02563531825518628,0.005769543312204427,0.0003251466594613728,-0.09818192627504929,0.0015686447792847807,0.008815472226103675,0.00836007487407931,0.010536992479403472,1,1.0,6.123233995736766e-17,-0.9749279121818236,-0.2225209339563146,True,True,0,162.7036084126,10.1790413669,0.6619337294753026,0.6386767189196747,H005_add_calendar,3,pooled_with_corridor_thresholds,logistic,2025,0.6539879498453021,26,"{""C"": 10.0, ""class_weight"": ""balanced""}"
2025-03-29,RUB_AMD,AMD,CBR,AMD_RC_F02_09_2016_T02_09_2026.dbf,100,21.3696,0.213696,4.6795447739,1.0,False,-0.0012712181260748912,-0.005547075685938707,-0.008927701847222691,-0.021690762427094668,-0.04758169468561135,0.0,-0.002846397207730833,0.0,0.026663976247441656,2.3398271335794973e-05,0.7424749163879588,0.026663976247441656,-0.0227886120046058,0.28362632869991816,0.026663976247441656,-0.0893120867708207,0.10695290218145379,0.00427806675335907,0.014352409207522352,0.011435065951035894,2,1.0,6.123233995736766e-17,-0.9749279121818236,-0.2225209339563146,True,True,1,0.0,48.8022948255,0.6570897850202919,0.6386767189196747,H005_add_calendar,3,pooled_with_corridor_thresholds,logistic,2025,0.6539879498453021,26,"{""C"": 10.0, ""class_weight"": ""balanced""}"
2025-04-05,RUB_AMD,AMD,CBR,AMD_RC_F02_09_2016_T02_09_2026.dbf,100,21.5422,0.215422,4.6420514154,1.0,False,-0.000997045961500076,-0.007294762793484066,0.008076894279724467,-0.0009229156714791742,-0.0463875768588895,0.0,-0.0050380393214627395,0.0,0.008076894279724467,5.849326909590502e-05,0.3715023676280674,0.03495623264439396,-0.003192788924261447,0.46132386507735235,0.03495623264439396,-0.06923161120840626,0.14021429122022674,0.01138431294998674,0.00830867239503883,0.012263533183783709,4,0.8660254037844387,-0.49999999999999983,-0.9749279121818236,-0.2225209339563146,True,True,1,0.0,49.2668699107,0.7193783912538473,0.6386767189196747,H005_add_calendar,3,pooled_with_corridor_thresholds,logistic,2025,0.6539879498453021,26,"{""C"": 10.0, ""class_weight"": ""balanced""}"
2025-04-12,RUB_AMD,AMD,CBR,AMD_RC_F02_09_2016_T02_09_2026.dbf,100,21.4806,0.214806,4.6553634442,1.0,False,-0.011872835082134658,-0.017234516614586415,-0.0028595036718627176,0.005194294699011781,-0.016609135940375497,0.0,-0.015434512181595084,0.0,0.0,-0.011673248426105953,0.0,0.03199677149693003,-0.003299274929756235,0.5455439056356488,0.03199677149693003,-0.05834007703159205,0.13986307698769374,0.014777195404427632,0.012487324057229517,0.013165683913192162,2,0.8660254037844387,-0.49999999999999983,-0.9749279121818236,-0.2225209339563146,True,True,0,143.478301351,54.2845218008,0.7063515081939241,0.6386767189196747,H005_add_calendar,3,pooled_with_corridor_thresholds,logistic,2025,0.6539879498453021,26,"{""C"": 10.0, ""class_weight"": ""balanced""}"
2025-04-19,RUB_AMD,AMD,CBR,AMD_RC_F02_09_2016_T02_09_2026.dbf,100,20.7565,0.207565,4.8177679281,1.0,False,-0.0106624341045366,-0.014687243364869373,-0.03370948669962659,-0.03647259797049518,-0.03736185250972779,0.0,-0.012375931406602314,0.0,0.0,-0.030838629367272885,0.0,0.0,-0.033635481800674105,0.0,0.0,-0.07681605875571085,0.0,0.006184411709808085,0.011188943381975382,0.009767060840373373,2,0.8660254037844387,-0.49999999999999983,-0.9749279121818236,-0.2225209339563146,True,True,1,36.5668585744,55.3509070923,0.6615795364267434,0.6386767189196747,H005_add_calendar,3,pooled_with_corridor_thresholds,logistic,2025,0.6539879498453021,26,"{""C"": 10.0, ""class_weight"": ""balanced""}"
2025-04-25,RUB_AMD,AMD,CBR,AMD_RC_F02_09_2016_T02_09_2026.dbf,100,21.2691,0.212691,4.7016563935,1.0,False,0.005973664793688549,0.028456621181203623,0.01377012611891204,-0.021602027720148853,-0.0059681821580797045,0.028456621181203623,0.015428288250610933,1.0,0.028456621181203623,0.010231940449365595,0.7356249999999995,0.028456621181203623,-0.005579882034435157,0.43438145851786236,0.028456621181203623,-0.043924113640743,0.13093198656195074,0.009687332444705809,0.009314271736515537,0.010495575986144649,0,0.8660254037844387,-0.49999999999999983,-0.433883739117558,-0.9009688679024191,True,True,1,43.9604872797,-93.8101694915,0.6393519951967169,0.6386767189196747,H005_add_calendar,3,pooled_with_corridor_thresholds,logistic,2025,0.6539879498453021,26,"{""C"": 10.0, ""class_weight"": ""balanced""}"
2025-05-16,RUB_AMD,AMD,CBR,AMD_RC_F02_09_2016_T02_09_2026.dbf,100,20.756,0.20756,4.8178839854,1.0,False,0.003835234829542289,-0.0021825454055977023,-0.001582575316635304,-0.019815259071761848,-0.03373276351684773,0.003835234829542289,0.00017251000124329785,0.6359262229350355,0.003835234829542289,-0.00508339305101857,0.15294117647058608,0.003835234829542289,-0.008910778334033309,0.13386225523294906,0.003835234829542289,-0.04073820085110069,0.033177139988285,0.003010123312880354,0.005959459931910016,0.007280028833244856,0,0.49999999999999994,-0.8660254037844387,-0.433883739117558,-0.9009688679024191,True,True,1,0.0,28.7008047481,0.7363459514491457,0.6386767189196747,H005_add_calendar,3,pooled_with_corridor_thresholds,logistic,2025,0.6539879498453021,26,"{""C"": 10.0, ""class_weight"": ""balanced""}"
2025-05-23,RUB_AMD,AMD,CBR,AMD_RC_F02_09_2016_T02_09_2026.dbf,100,20.7407,0.207407,4.8214380421,1.0,False,0.001395339854575628,-0.0038949562477786914,-0.0007371362497590184,-0.0023185449927605184,-0.0007612073326427327,0.001395339854575628,-0.0032764858079818993,0.14828116983068781,0.0030952714891641087,-0.0019224615206935303,0.27826086956521856,0.0030952714891641087,-0.00717951565494368,0.10803511141120921,0.0030952714891641087,-0.03425171002453853,0.030553301188714466,0.005653620910505672,0.0042710480280917715,0.006515053291536894,0,0.49999999999999994,-0.8660254037844387,-0.433883739117558,-0.9009688679024191,True,True,1,0.0,18.171292795,0.7212625051708356,0.6386767189196747,H005_add_calendar,3,pooled_with_corridor_thresholds,logistic,2025,0.6539879498453021,26,"{""C"": 10.0, ""class_weight"": ""balanced""}"
2025-05-30,RUB_AMD,AMD,CBR,AMD_RC_F02_09_2016_T02_09_2026.dbf,100,20.4339,0.204339,4.893828393,1.0,False,-0.01336507216076721,-0.014611634333000612,-0.01479217191319493,-0.015518404316824053,-0.03502616218666765,0.0,-0.011578241651292509,0.0,0.0,-0.014809747038122989,0.0,0.0,-0.017674635940766126,0.0,0.0,-0.042882439635933856,0.0,0.005929998188053492,0.0056617272972979945,0.005661872938709611,4,0.49999999999999994,-0.8660254037844387,-0.433883739117558,-0.9009688679024191,True,True,1,0.0,68.5783718104,0.6478272889705058,0.6386767189196747,H005_add_calendar,3,pooled_with_corridor_thresholds,logistic,2025,0.6539879498453021,26,"{""C"": 10.0, ""class_weight"": ""balanced""}"
2025-06-06,RUB_AMD,AMD,CBR,AMD_RC_F02_09_2016_T02_09_2026.dbf,100,20.6383,0.206383,4.8453603252,1.0,False,0.008906878632779502,0.0014168498381783579,0.010002985235319839,-0.0049371525551210604,-0.007244250537546404,0.008906878632779502,0.004565698848840283,1.0,0.010002985235319839,0.0014275399730601102,0.6072489601901406,0.010002985235319839,-0.002728467803330803,0.4323181049069403,0.010002985235319839,-0.025189558151870295,0.10439756882374057,0.005780992610536628,0.006110456147241457,0.005132653572336075,0,1.2246467991473532e-16,-1.0,-0.433883739117558,-0.9009688679024191,True,True,1,0.0,-19.6344973472,0.7501134195357039,0.6386767189196747,H005_add_calendar,3,pooled_with_corridor_thresholds,logistic,2025,0.6539879498453021,26,"{""C"": 10.0, ""class_weight"": ""balanced""}"
2025-06-20,RUB_AMD,AMD,CBR,AMD_RC_F02_09_2016_T02_09_2026.dbf,100,20.3955,0.203955,4.9030423378,1.0,False,-0.003926567330373776,-0.0030160530277848485,-0.004777147764646217,-0.007160729411077482,-0.02242683359375741,0.0,-0.004377798974673386,0.0,0.0,-0.006655416018293225,0.0,0.0,-0.009370315934879914,0.0,0.0,-0.029391189305718934,0.0,0.005125175156870919,0.005462292264501902,0.00535294477839703,2,1.2246467991473532e-16,-1.0,-0.433883739117558,-0.9009688679024191,True,True,1,20.2985952784,7.4051106462,0.7073270409662131,0.6386767189196747,H005_add_calendar,3,pooled_with_corridor_thresholds,logistic,2025,0.6539879498453021,26,"{""C"": 10.0, ""class_weight"": ""balanced""}"
2025-06-27,RUB_AMD,AMD,CBR,AMD_RC_F02_09_2016_T02_09_2026.dbf,100,20.3195,0.203195,4.9213809395,1.0,False,0.0011923942981872937,0.002007022111762069,-0.003726312176705715,-0.008485658797466544,-0.019059297200484715,0.002007022111762069,0.0002136335623248442,0.5405046480743542,0.002007022111762069,-0.003954378811549142,0.12145628170695064,0.002007022111762069,-0.008006444211194563,0.09423477656864762,0.002007022111762069,-0.028470762442108,0.02316975976317834,0.002498772092083222,0.0038027477912812584,0.005224599915893775,0,1.2246467991473532e-16,-1.0,-0.433883739117558,-0.9009688679024191,True,True,1,0.0,16.6837223862,0.7395356832957403,0.6386767189196747,H005_add_calendar,3,pooled_with_corridor_thresholds,logistic,2025,0.6539879498453021,26,"{""C"": 10.0, ""class_weight"": ""balanced""}"
2025-07-04,RUB_AMD,AMD,CBR,AMD_RC_F02_09_2016_T02_09_2026.dbf,100,20.4919,0.204919,4.8799769665,1.0,False,0.0017745751774576046,0.0032704858238148393,0.008484460739683675,0.004726532813610795,-0.0024680420199975073,0.006903701956622044,0.0031133280791841855,1.0,0.010508511351756455,0.0058988608233074835,1.0,0.010508511351756455,0.001953848876927955,0.5568330284818385,0.010508511351756455,-0.015697819869548435,0.12131390185585758,0.003584553351754812,0.00318429624911768,0.004393555805652975,0,-0.4999999999999998,-0.8660254037844388,-0.433883739117558,-0.9009688679024191,True,True,1,0.0,-11.9143506853,0.7337430787505876,0.6386767189196747,H005_add_calendar,3,pooled_with_corridor_thresholds,logistic,2025,0.6539879498453021,26,"{""C"": 10.0, ""class_weight"": ""balanced""}"
2025-07-11,RUB_AMD,AMD,CBR,AMD_RC_F02_09_2016_T02_09_2026.dbf,100,20.301,0.20301,4.9258657209,1.0,False,-0.0032405361614376016,-0.00940288966853231,-0.00931587602906514,-0.0009104554738058601,-0.00938838845677148,0.0,-0.005088013518374512,0.0,0.0,-0.005660111203846352,0.0,0.0010947393336884215,-0.0052608329966656875,0.06624888093106548,0.0010947393336884215,-0.0194121866892486,0.015206520994588668,0.003484260729724769,0.003824897707769572,0.003732579281587733,1,-0.4999999999999998,-0.8660254037844388,-0.433883739117558,-0.9009688679024191,True,True,1,6.6991773804,18.4800038772,0.7055847983363378,0.6386767189196747,H005_add_calendar,3,pooled_with_corridor_thresholds,logistic,2025,0.6539879498453021,26,"{""C"": 10.0, ""class_weight"": ""balanced""}"
2025-07-18,RUB_AMD,AMD,CBR,AMD_RC_F02_09_2016_T02_09_2026.dbf,100,20.3545,0.203545,4.9129185192,1.0,False,0.0024970695140811294,-0.0023282031173414985,0.002635338160681844,-0.006705088351982913,-0.0020102473584858727,0.003307471632638892,0.0012740670779098906,0.5855148342059339,0.003307471632638892,-0.0005995077260884107,0.29326923076923134,0.003732962502712267,-0.0007226589923424731,0.31887110362257914,0.003732962502712267,-0.012916299016844435,0.07644148237907786,0.0040218178953405894,0.0037659231368093737,0.003444463376442732,0,-0.4999999999999998,-0.8660254037844388,-0.433883739117558,-0.9009688679024191,True,True,1,0.0,1.3684114497,0.7470524692086093,0.6386767189196747,H005_add_calendar,3,pooled_with_corridor_thresholds,logistic,2025,0.6539879498453021,26,"{""C"": 10.0, ""class_weight"": ""balanced""}"
2025-07-25,RUB_AMD,AMD,CBR,AMD_RC_F02_09_2016_T02_09_2026.dbf,100,20.551,0.20551,4.8659432631,1.0,False,0.005706064283756751,0.00706627202697141,0.009653884890319153,0.012314664302251144,0.011392996874923123,0.010517723765925302,0.006305876638289298,1.0,0.012993286473377497,0.008617740698223963,1.0,0.012993286473377497,0.007600270347325688,1.0,0.01342288498333244,-0.001506978988939367,0.2748662021609617,0.0035993797467899244,0.0036725887516240964,0.003711356963455724,0,-0.4999999999999998,-0.8660254037844388,-0.433883739117558,-0.9009688679024191,True,True,1,0.0,2.2656258687,0.719111591829088,0.6386767189196747,H005_add_calendar,3,pooled_with_corridor_thresholds,logistic,2025,0.6539879498453021,26,"{""C"": 10.0, ""class_weight"": ""balanced""}"
2025-08-02,RUB_AMD,AMD,CBR,AMD_RC_F02_09_2016_T02_09_2026.dbf,100,20.9435,0.209435,4.7747511161,1.0,False,0.0008601944995341171,-0.022259258740540466,0.01078180124613315,0.027558900587779434,0.020827443678653967,0.01001162235543207,-0.0059585059404699825,0.3033313851548827,0.02981742726347414,0.007894334116478552,0.5598227474150673,0.0323402703155653,0.01833746507951206,0.5791331979874665,0.032778073653273454,0.017933090589896672,0.582303985983356,0.01889985868951561,0.012966131189628999,0.009461162939383204,0,-0.8660254037844384,-0.5000000000000004,-0.9749279121818236,-0.2225209339563146,True,True,0,81.8392341299,45.0809542305,0.7222073762876752,0.6386767189196747,H005_add_calendar,3,pooled_with_corridor_thresholds,logistic,2025,0.6539879498453021,26,"{""C"": 10.0, ""class_weight"": ""balanced""}"
2025-08-09,RUB_AMD,AMD,CBR,AMD_RC_F02_09_2016_T02_09_2026.dbf,100,20.7981,0.207981,4.808131512,1.0,False,0.005127585540305457,-0.0022260068603228156,-0.006942488122806623,0.0037644605962325883,0.02517326025020461,0.005127585540305457,-0.0001615271235768656,0.5086289549376817,0.005127585540305457,-0.006551151765562868,0.14568172456405393,0.024774208806965126,0.005858451663481645,0.44693333333333335,0.025608024143440433,0.010692287033026382,0.454927726675427,0.007121448437524916,0.01360218829799836,0.00983500686187824,0,-0.8660254037844384,-0.5000000000000004,-0.9749279121818236,-0.2225209339563146,True,True,1,13.7512561244,0.9752686968,0.7651159193343923,0.6386767189196747,H005_add_calendar,3,pooled_with_corridor_thresholds,logistic,2025,0.6539879498453021,26,"{""C"": 10.0, ""class_weight"": ""balanced""}"
2025-08-15,RUB_AMD,AMD,CBR,AMD_RC_F02_09_2016_T02_09_2026.dbf,100,20.7993,0.207993,4.8078541105,1.0,False,0.0021923695901473472,0.0014347962156047167,0.005185578967717097,-0.006030919213399821,0.02185266157360788,0.0021923695901473472,0.0006321513930420686,0.808170515097699,0.005185578967717097,-0.00043492155793223297,0.42664015904573005,0.022726937468960706,0.00161226476970322,0.42669867060561406,0.02566719924255878,0.01092680157593251,0.4559789750328525,0.0031118372835426725,0.005025820037650047,0.009727551997381805,0,-0.8660254037844384,-0.5000000000000004,-0.433883739117558,-0.9009688679024191,True,True,1,0.0,13.8480215642,0.7398138186565687,0.6386767189196747,H005_add_calendar,3,pooled_with_corridor_thresholds,logistic,2025,0.6539879498453021,26,"{""C"": 10.0, ""class_weight"": ""balanced""}"
2025-08-22,RUB_AMD,AMD,CBR,AMD_RC_F02_09_2016_T02_09_2026.dbf,100,20.9707,0.209707,4.7685580357,1.0,False,0.0020594812591985256,-0.0006385787334219906,0.008240661945353889,0.013468973516334914,0.020422363875237215,0.003954404661027144,0.0009842444515726356,0.8604166666666699,0.010451098112153057,0.004915632074187881,0.9418150238818952,0.013468973516334914,0.003489125761414469,0.38267197583413526,0.03411937589995473,0.0183697013480848,0.6061322820849762,0.0030122057234501505,0.0029049829686655275,0.009680108080503761,0,-0.8660254037844384,-0.5000000000000004,-0.433883739117558,-0.9009688679024191,True,True,1,0.0,25.8602824519,0.7157057781723073,0.6386767189196747,H005_add_calendar,3,pooled_with_corridor_thresholds,logistic,2025,0.6539879498453021,26,"{""C"": 10.0, ""class_weight"": ""balanced""}"
2025-08-29,RUB_AMD,AMD,CBR,AMD_RC_F02_09_2016_T02_09_2026.dbf,100,20.9656,0.209656,4.7697180143,1.0,False,-0.0037444640854573663,-0.0052523450510763015,-0.00024319645982251448,0.007995461385719604,0.0019163221906286498,0.0,-0.003942308697308716,0.0,0.003710246503990211,-0.001606241722950097,0.35829865926953236,0.013222501449835722,0.0029544810905555163,0.6634335596508257,0.03386788172870192,0.016090588842337716,0.6016644765659227,0.0038038542638650498,0.003355003559993424,0.0042200359133764825,4,-0.8660254037844384,-0.5000000000000004,-0.433883739117558,-0.9009688679024191,True,True,1,0.0,25.9004501146,0.6570068276124021,0.6386767189196747,H005_add_calendar,3,pooled_with_corridor_thresholds,logistic,2025,0.6539879498453021,26,"{""C"": 10.0, ""class_weight"": ""balanced""}"
2025-09-05,RUB_AMD,AMD,CBR,AMD_RC_F02_09_2016_T02_09_2026.dbf,100,21.2682,0.212682,4.7018553521,1.0,False,0.006602393900239978,0.011788548267397392,0.014433166711184109,0.014186460156313307,0.02784651072878419,0.01274249307162667,0.008177021857534994,1.0,0.014433166711184109,0.009304228236904244,1.0,0.024785822355424036,0.014214027285476938,1.0,0.04878986922303108,0.028609981392045958,0.8667542706964526,0.0022436163885008603,0.003320899204304806,0.003036892606942919,0,-1.0,-1.8369701987210297e-16,-0.433883739117558,-0.9009688679024191,True,True,1,0.0,-32.3050175878,0.6760572491349606,0.6386767189196747,H005_add_calendar,3,pooled_with_corridor_thresholds,logistic,2025,0.6539879498453021,26,"{""C"": 10.0, ""class_weight"": ""balanced""}"
2025-09-20,RUB_AMD,AMD,CBR,AMD_RC_F02_09_2016_T02_09_2026.dbf,100,21.8337,0.218337,4.5800757545,1.0,False,0.004342366129544084,0.009818975644500405,-0.007753030089573287,0.024734003857941333,0.034556774890544206,0.009818975644500405,0.005683938038626879,1.0,0.014261359149335462,-0.0003035668417097348,0.3591903591903601,0.04140592208188654,0.017112830080568076,0.6131515750812256,0.07621972258643295,0.043103082413394445,0.7384431709646606,0.007800766943192111,0.011552696128862278,0.008226675365618042,0,-1.0,-1.8369701987210297e-16,-0.9749279121818236,-0.2225209339563146,True,True,1,0.0,-25.5039289039,0.7219116644290932,0.6386767189196747,H005_add_calendar,3,pooled_with_corridor_thresholds,logistic,2025,0.6539879498453021,26,"{""C"": 10.0, ""class_weight"": ""balanced""}"
2025-09-26,RUB_AMD,AMD,CBR,AMD_RC_F02_09_2016_T02_09_2026.dbf,100,21.8027,0.218027,4.5865878997,1.0,False,-0.006525136813710031,-0.004951805469349035,0.0029163772522573517,-0.025856291384810715,0.03992730949746237,0.0014514654748727374,-0.0022980910560236323,0.18077803203661946,0.008385210948412158,0.00018487366431063634,0.4734917733089604,0.03819414683389999,0.007939079939549565,0.5808951332560829,0.07469168055048936,0.03691022531615107,0.7236389684813749,0.006662931139170285,0.008384789231881372,0.008613354674925036,1,-1.0,-1.8369701987210297e-16,-0.433883739117558,-0.9009688679024191,True,True,1,0.0,23.1348318132,0.6572149952713631,0.6386767189196747,H005_add_calendar,3,pooled_with_corridor_thresholds,logistic,2025,0.6539879498453021,26,"{""C"": 10.0, ""class_weight"": ""balanced""}"
2025-10-04,RUB_AMD,AMD,CBR,AMD_RC_F02_09_2016_T02_09_2026.dbf,100,21.3964,0.213964,4.6736834234,1.0,False,0.012497456500238924,-0.009233276840867277,-0.020638705927048306,-0.02002867127422292,0.004209943351152434,0.012497456500238924,-0.0008041610899979235,0.5095504534053599,0.012497456500238924,-0.011011512561111658,0.3246066863323481,0.012497456500238924,-0.01569087125094537,0.21143223120646676,0.05425394056752042,0.012288202784402902,0.5278270456833317,0.0101524821256348,0.008315412218080777,0.010064491466949231,0,-0.8660254037844386,0.5000000000000001,-0.9749279121818236,-0.2225209339563146,True,True,1,0.0,8.6921659103,0.7340219396420657,0.6386767189196747,H005_add_calendar,3,pooled_with_corridor_thresholds,logistic,2025,0.6539879498453021,26,"{""C"": 10.0, ""class_weight"": ""balanced""}"
2025-10-10,RUB_AMD,AMD,CBR,AMD_RC_F02_09_2016_T02_09_2026.dbf,100,21.281,0.21281,4.6990273013,1.0,False,-0.001164002290456101,-0.019073695079005137,0.0070366216644661694,-0.023928229072546103,-0.04916582519413448,0.0,-0.006411333848779899,0.0,0.0070366216644661694,-0.008390079520769311,0.20797202797202663,0.0070366216644661694,-0.0161288570224547,0.1705275229357789,0.04641271371041111,0.0033950217820315487,0.4617228391136328,0.011562608155742626,0.00962678970719146,0.008787048884041507,3,-0.8660254037844386,0.5000000000000001,-0.433883739117558,-0.9009688679024191,True,True,1,30.4966871858,25.2103372427,0.660965272358426,0.6386767189196747,H005_add_calendar,3,pooled_with_corridor_thresholds,logistic,2025,0.6539879498453021,26,"{""C"": 10.0, ""class_weight"": ""balanced""}"
2025-10-17,RUB_AMD,AMD,CBR,AMD_RC_F02_09_2016_T02_09_2026.dbf,100,20.6766,0.206766,4.8363850923,1.0,False,0.0036063934609242843,-0.02167062541992748,-0.028400921009350988,-0.021564145880950014,-0.048883818706214055,0.0036063934609242843,-0.010869783608928874,0.12104920169436241,0.0036063934609242843,-0.022894399952365307,0.06800915331807729,0.0036063934609242843,-0.0346930386328671,0.0552991961893417,0.0036063934609242843,-0.026943615020443623,0.04176268900005585,0.007011397460360768,0.009777511952240083,0.00829877698655018,0,-0.8660254037844386,0.5000000000000001,-0.433883739117558,-0.9009688679024191,True,True,1,0.0,140.8947676027,0.6405643544183094,0.6386767189196747,H005_add_calendar,3,pooled_with_corridor_thresholds,logistic,2025,0.6539879498453021,26,"{""C"": 10.0, ""class_weight"": ""balanced""}"
2025-10-24,RUB_AMD,AMD,CBR,AMD_RC_F02_09_2016_T02_09_2026.dbf,100,21.2446,0.212446,4.7070785047,1.0,False,-0.004801588974614801,0.00013181557118513432,0.027470667324414944,-0.0017104459376908743,-0.025597747068023646,0.0036566007785630017,-0.00040840754932902623,0.43023902167870987,0.031176130820345316,0.007877676595401617,0.8623791621911922,0.031176130820345316,-0.0011850132147428472,0.5159036144578305,0.031176130820345316,-0.0011098726949454463,0.3610252374796236,0.010772587928712545,0.0104072947890162,0.009825578055503482,1,-0.8660254037844386,0.5000000000000001,-0.433883739117558,-0.9009688679024191,True,True,1,49.8950321493,-13.2781200552,0.64568119158498,0.6386767189196747,H005_add_calendar,3,pooled_with_corridor_thresholds,logistic,2025,0.6539879498453021,26,"{""C"": 10.0, ""class_weight"": ""balanced""}"
2025-10-31,RUB_AMD,AMD,CBR,AMD_RC_F02_09_2016_T02_09_2026.dbf,100,21.0346,0.210346,4.7540718626,1.0,False,0.012724900458828348,0.019177471558424086,-0.009884864859776132,0.017314258630529267,-0.004623254449350078,0.019177471558424086,0.00707334659206782,0.7919167667066856,0.019177471558424086,-0.0016834305723710807,0.5588027671890461,0.02098309412055932,-0.0038346111423939178,0.39569794050343227,0.02098309412055932,-0.011201968326052358,0.24298802765443164,0.014576343008644218,0.012693966948804123,0.011210117219335259,0,-0.8660254037844386,0.5000000000000001,-0.433883739117558,-0.9009688679024191,True,True,1,0.0,-34.6135838723,0.6443902066757266,0.6386767189196747,H005_add_calendar,3,pooled_with_corridor_thresholds,logistic,2025,0.6539879498453021,26,"{""C"": 10.0, ""class_weight"": ""balanced""}"
2025-11-07,RUB_AMD,AMD,CBR,AMD_RC_F02_09_2016_T02_09_2026.dbf,100,21.276,0.21276,4.7001316037,1.0,False,0.0025492533656270577,0.005396516364392534,0.024347265085241876,-0.0033306631814157273,-0.0013986801715963892,0.011476329476196367,0.005171369529455516,1.0,0.030873888016745177,0.010846790860759237,1.0,0.03270023249831322,0.010019252364532827,0.9045381310418916,0.03270023249831322,-0.0011584139939226912,0.37867461075824815,0.005123967626011206,0.010274285415010903,0.010010813288514723,0,-0.5000000000000004,0.8660254037844384,-0.433883739117558,-0.9009688679024191,True,True,1,20.0695619477,-30.8066160811,0.6686543766648935,0.6386767189196747,H005_add_calendar,3,pooled_with_corridor_thresholds,logistic,2025,0.6539879498453021,26,"{""C"": 10.0, ""class_weight"": ""balanced""}"
2025-11-15,RUB_AMD,AMD,CBR,AMD_RC_F02_09_2016_T02_09_2026.dbf,100,21.2309,0.212309,4.710115916,1.0,False,0.006953040888243889,-0.0017678726755531171,-0.00011303000475670899,0.009332243066186185,0.026808082566766256,0.006953040888243889,0.0011619210553863724,0.7736147757255879,0.006953040888243889,0.0011614489488249724,0.7647365675534656,0.02868868345058817,0.004386850895796712,0.8359452209515749,0.030511156521359162,-0.004611349950154442,0.35332471474340876,0.006237164645724466,0.0048384675311597646,0.009359900638484178,0,-0.5000000000000004,0.8660254037844384,-0.9749279121818236,-0.2225209339563146,True,True,1,0.0,-2.9009269505,0.7501969384917941,0.6386767189196747,H005_add_calendar,3,pooled_with_corridor_thresholds,logistic,2025,0.6539879498453021,26,"{""C"": 10.0, ""class_weight"": ""balanced""}"
2025-11-22,RUB_AMD,AMD,CBR,AMD_RC_F02_09_2016_T02_09_2026.dbf,100,20.7082,0.207082,4.8290049352,1.0,False,-0.020022431180287126,-0.024026769723819452,-0.024619775892684714,-0.024730023124055145,-0.025248769098971113,0.0,-0.018853299422158187,0.0,0.0,-0.021175362860704317,0.0,0.003362598600693767,-0.018632904577804976,0.10891399874450697,0.005140202792891957,-0.029335809083303577,0.05952447866898862,0.008659245200199808,0.007575136883628602,0.008822079597299616,2,-0.5000000000000004,0.8660254037844384,-0.9749279121818236,-0.2225209339563146,True,True,1,12.9417332265,96.8133110617,0.6891901639538779,0.6386767189196747,H005_add_calendar,3,pooled_with_corridor_thresholds,logistic,2025,0.6539879498453021,26,"{""C"": 10.0, ""class_weight"": ""balanced""}"
2025-11-29,RUB_AMD,AMD,CBR,AMD_RC_F02_09_2016_T02_09_2026.dbf,100,20.5092,0.205092,4.8758605894,1.0,False,-0.0012272089761571348,-0.009600154529650351,-0.009609719821133567,-0.033992906565430636,-0.024977893565839127,0.0,-0.004938144620003415,0.0,0.0,-0.016748527582214567,0.0,0.0,-0.02487636937469373,0.0,0.0,-0.03683999813716066,0.0,0.0023213882264813525,0.006184391053939576,0.005851745776696603,3,-0.5000000000000004,0.8660254037844384,-0.9749279121818236,-0.2225209339563146,True,True,0,60.9482573674,14.7242831041,0.7398305781924185,0.6386767189196747,H005_add_calendar,3,pooled_with_corridor_thresholds,logistic,2025,0.6539879498453021,26,"{""C"": 10.0, ""class_weight"": ""balanced""}"
2025-12-06,RUB_AMD,AMD,CBR,AMD_RC_F02_09_2016_T02_09_2026.dbf,100,19.9459,0.199459,5.0135616844,1.0,False,-0.01232984565410078,-0.01834763050785737,-0.02746572270005654,-0.03681150462135763,-0.0606311783848954,0.0,-0.01544319593104404,0.0,0.0,-0.023928216817625914,0.0,0.0,-0.040856376346262935,0.0,0.0,-0.057495236694897534,0.0,0.007812517509769716,0.005755652089089869,0.006579277100924162,2,-2.4492935982947064e-16,1.0,-0.9749279121818236,-0.2225209339563146,True,True,1,0.0,101.564012055,0.6805771617445328,0.6386767189196747,H005_add_calendar,3,pooled_with_corridor_thresholds,logistic,2025,0.6539879498453021,26,"{""C"": 10.0, ""class_weight"": ""balanced""}"
2025-12-13,RUB_AMD,AMD,CBR,AMD_RC_F02_09_2016_T02_09_2026.dbf,100,20.8842,0.208842,4.7883088651,1.0,False,0.0050966633458944255,0.037734536492288084,0.04704224928431411,0.018284477210227523,-0.01632997188060792,0.037734536492288084,0.019318248374690095,1.0,0.04704224928431411,0.025062851006057985,1.0,0.04704224928431411,0.013006119256996795,0.7173547400611618,0.04704224928431411,-0.00825261045098502,0.46915000000000034,0.01001996718579026,0.011517154652159321,0.009400180433966397,0,-2.4492935982947064e-16,1.0,-0.9749279121818236,-0.2225209339563146,True,True,1,33.3266297009,-97.8707972854,0.6517596053850868,0.6386767189196747,H005_add_calendar,3,pooled_with_corridor_thresholds,logistic,2025,0.6539879498453021,26,"{""C"": 10.0, ""class_weight"": ""balanced""}"
2025-12-20,RUB_AMD,AMD,CBR,AMD_RC_F02_09_2016_T02_09_2026.dbf,100,21.1608,0.211608,4.7257192545,1.0,False,0.008728316259647206,0.017038108649783945,0.013244462320797457,0.06090976090324318,0.021856076336910002,0.017038108649783945,0.009337449391940034,1.0,0.05147877245985044,0.020943014620740774,1.0,0.06090976090324318,0.028181855948713253,1.0,0.06090976090324318,0.008425787401762364,0.6389502471862833,0.007503102579373421,0.009044996350348007,0.00889843925350793,0,-2.4492935982947064e-16,1.0,-0.9749279121818236,-0.2225209339563146,True,True,0,175.1351555707,-68.1881209116,0.6420470758185757,0.6386767189196747,H005_add_calendar,3,pooled_with_corridor_thresholds,logistic,2025,0.6539879498453021,26,"{""C"": 10.0, ""class_weight"": ""balanced""}"
2025-12-27,RUB_AMD,AMD,CBR,AMD_RC_F02_09_2016_T02_09_2026.dbf,100,20.3666,0.203666,4.9099997054,1.0,False,-0.0023610321923309696,-0.01115248855376938,-0.037531662319004844,-0.024784286685628265,-0.0069529772004758295,0.0,-0.008733556442020118,0.0,0.0,-0.01873909327341028,0.0,0.021092054006086602,-0.009626269660036324,0.34628364474442497,0.021092054006086602,-0.025716387822913855,0.24055120361370091,0.006408598380849815,0.008516389083988616,0.010107428550051176,5,-2.4492935982947064e-16,1.0,-0.9749279121818236,-0.2225209339563146,True,True,1,31.3748981175,28.6551789497,0.6808777450159873,0.6386767189196747,H005_add_calendar,3,pooled_with_corridor_thresholds,logistic,2025,0.6539879498453021,26,"{""C"": 10.0, ""class_weight"": ""balanced""}"
2025-01-11,RUB_KGS,KGS,CBR,KGS_RC_F02_09_2016_T02_09_2026.dbf,10,11.7143,1.17143,0.8536574955,1.0,False,-0.003682724365516754,0.013786239723063698,0.023109775801986032,-0.008388778844363287,-0.024523682632735966,0.027056647115038857,0.007768410185822416,0.8769536800227347,0.027056647115038857,0.006554379525039344,0.6406477060411044,0.027056647115038857,0.0013621561645580371,0.5413085423609872,0.04255925098566227,0.008957563542716374,0.344499675815863,0.00807741726125532,0.009773201708799284,0.013748894245511204,1,0.49999999999999994,0.8660254037844387,-0.9749279121818236,-0.2225209339563146,True,True,1,0.0,2.6700153617,0.6750687270706996,0.657023609542264,H005_add_calendar,3,pooled_with_corridor_thresholds,logistic,2025,0.6539879498453021,26,"{""C"": 10.0, ""class_weight"": ""balanced""}"
2025-01-25,RUB_KGS,KGS,CBR,KGS_RC_F02_09_2016_T02_09_2026.dbf,10,11.2365,1.12365,0.8899568371,1.0,False,-0.00844496214327306,-0.016662436881393905,-0.04052565514768047,-0.04078775513688393,-0.04883437452384587,0.0,-0.012495298224398432,0.0,0.0,-0.028342496623216862,0.0,0.0,-0.03143139381129767,0.0,0.0,-0.03573028423923419,0.0,0.011114684286026159,0.009253073892531605,0.009417938739549768,1,0.49999999999999994,0.8660254037844387,-0.9749279121818236,-0.2225209339563146,True,True,0,115.1604147199,20.1359653463,0.6676250474978712,0.657023609542264,H005_add_calendar,3,pooled_with_corridor_thresholds,logistic,2025,0.6539879498453021,26,"{""C"": 10.0, ""class_weight"": ""balanced""}"
2025-01-31,RUB_KGS,KGS,CBR,KGS_RC_F02_09_2016_T02_09_2026.dbf,10,11.2071,1.12071,0.8922914938,1.0,False,-6.245650350644727e-05,0.009003250173312605,-0.011039339228040235,-0.04269277092996426,-0.023737760897592275,0.009003250173312605,0.0013312842872714725,0.772797527047917,0.009003250173312605,-0.011100424427992861,0.1655629139072849,0.009003250173312605,-0.025201707599653567,0.13867702121758457,0.009003250173312605,-0.03757519547603383,0.06591523301034874,0.007967232517715934,0.009720843582570532,0.008865834193540128,1,0.49999999999999994,0.8660254037844387,-0.433883739117558,-0.9009688679024191,True,True,1,19.8981003114,-21.8194174931,0.674040356244355,0.657023609542264,H005_add_calendar,3,pooled_with_corridor_thresholds,logistic,2025,0.6539879498453021,26,"{""C"": 10.0, ""class_weight"": ""balanced""}"
2025-02-08,RUB_KGS,KGS,CBR,KGS_RC_F02_09_2016_T02_09_2026.dbf,10,11.1236,1.11236,0.8989895358,1.0,False,0.003771950405168978,-0.012762482915313234,-0.005471711608611596,-0.010047612690784469,-0.050425548261526454,0.003771950405168978,-0.008842681531590957,0.12053056516724531,0.003771950405168978,-0.007029775002566296,0.12053056516724531,0.003771950405168978,-0.022814551661402338,0.05600214362272334,0.003771950405168978,-0.04362260309541288,0.027100622406639446,0.014518545196354756,0.010799700363871281,0.009921263883301858,0,0.8660254037844386,0.5000000000000001,-0.9749279121818236,-0.2225209339563146,True,True,0,50.7929087705,17.2692529093,0.7636640029436038,0.657023609542264,H005_add_calendar,3,pooled_with_corridor_thresholds,logistic,2025,0.6539879498453021,26,"{""C"": 10.0, ""class_weight"": ""balanced""}"
2025-02-22,RUB_KGS,KGS,CBR,KGS_RC_F02_09_2016_T02_09_2026.dbf,10,10.0821,1.00821,0.9918568552,1.0,False,-0.003863178279255308,-0.034725413602941235,-0.023714534714825097,-0.09362976014959179,-0.10273661727406225,0.0,-0.02009361599558368,0.0,0.0,-0.0394102750258678,0.0,0.0,-0.0706923973492597,0.0,0.0,-0.12102994763022468,0.0,0.0123375767814149,0.012166294163969058,0.01206430150923476,4,0.8660254037844386,0.5000000000000001,-0.9749279121818236,-0.2225209339563146,True,True,1,0.0,93.2772967692,0.6911871682151196,0.657023609542264,H005_add_calendar,3,pooled_with_corridor_thresholds,logistic,2025,0.6539879498453021,26,"{""C"": 10.0, ""class_weight"": ""balanced""}"
2025-04-05,RUB_KGS,KGS,CBR,KGS_RC_F02_09_2016_T02_09_2026.dbf,100,97.1287,0.971287,1.0295618082,1.0,False,-0.001909273540942058,-0.008198579416654028,0.0028424402240911917,-0.014192048880002361,-0.047085197394239,0.0,-0.006156936601725449,0.0,0.003903835619270213,-0.002727673347820314,0.18134242366045794,0.036990732832251405,-0.005659514137421828,0.4676970842332609,0.036990732832251405,-0.07355474163248721,0.14073848403607112,0.01150803728712916,0.010017742229701868,0.0142196440863489,4,0.8660254037844387,-0.49999999999999983,-0.9749279121818236,-0.2225209339563146,True,True,1,0.0,50.2477190893,0.7279625743572683,0.657023609542264,H005_add_calendar,3,pooled_with_corridor_thresholds,logistic,2025,0.6539879498453021,26,"{""C"": 10.0, ""class_weight"": ""balanced""}"
2025-04-12,RUB_KGS,KGS,CBR,KGS_RC_F02_09_2016_T02_09_2026.dbf,100,96.0595,0.960595,1.0410214502,1.0,False,-0.011902288292328644,-0.021500414586096417,-0.011008074853261718,-0.008196924423923169,-0.018298415942769597,0.0,-0.018236008461651854,0.0,0.0,-0.01766695198037349,0.0,0.025575461223095175,-0.013172915739414037,0.4281654393365259,0.025575461223095175,-0.06921171094606482,0.10447468271621074,0.015050250833576211,0.01271294858148891,0.014907297155151654,2,0.8660254037844387,-0.49999999999999983,-0.9749279121818236,-0.2225209339563146,True,True,0,147.2420739229,63.6551788749,0.7066846545928321,0.657023609542264,H005_add_calendar,3,pooled_with_corridor_thresholds,logistic,2025,0.6539879498453021,26,"{""C"": 10.0, ""class_weight"": ""balanced""}"
2025-04-19,RUB_KGS,KGS,CBR,KGS_RC_F02_09_2016_T02_09_2026.dbf,100,93.154,0.93154,1.0734912081,1.0,False,-0.009247688077980487,-0.01018041250806212,-0.030246878236926067,-0.04092199319047818,-0.05453327514285422,0.0,-0.009866472170204976,0.0,0.0,-0.02927190078011299,0.0,0.0,-0.03645777575182296,0.0,0.0,-0.0827711848850069,0.0,0.006812973185458236,0.011212029140836174,0.010442440120224598,2,0.8660254037844387,-0.49999999999999983,-0.9749279121818236,-0.2225209339563146,True,True,1,19.9132619104,45.2596449056,0.6652673232672834,0.657023609542264,H005_add_calendar,3,pooled_with_corridor_thresholds,logistic,2025,0.6539879498453021,26,"{""C"": 10.0, ""class_weight"": ""balanced""}"
2025-04-25,RUB_KGS,KGS,CBR,KGS_RC_F02_09_2016_T02_09_2026.dbf,100,94.8905,0.948905,1.0538462754,1.0,False,0.0022328053392985936,0.020673669038437703,0.009221098980573883,-0.02392698366328383,-0.020926818044402218,0.020673669038437703,0.01063176027502144,1.0,0.020673669038437703,0.006498772086453775,0.6218052410223235,0.020673669038437703,-0.012299610240845027,0.305549814794207,0.020673669038437703,-0.05466805539548936,0.09016066611938554,0.007833776317348998,0.008393169755224524,0.010233298426842582,0,0.8660254037844387,-0.49999999999999983,-0.433883739117558,-0.9009688679024191,True,True,1,39.3822353133,-66.3142977645,0.66515083938829,0.657023609542264,H005_add_calendar,3,pooled_with_corridor_thresholds,logistic,2025,0.6539879498453021,26,"{""C"": 10.0, ""class_weight"": ""balanced""}"
2025-05-16,RUB_KGS,KGS,CBR,KGS_RC_F02_09_2016_T02_09_2026.dbf,100,91.8392,0.918392,1.0888596591,1.0,False,0.0011184194748878884,-0.007107288267893086,-0.008040300874020856,-0.028329355204577356,-0.043934228264773334,0.0011184194748878884,-0.00315164861310524,0.1349999999999973,0.0011184194748878884,-0.010085381957420259,0.038623701249810655,0.0011184194748878884,-0.017228664492116352,0.03253115190716167,0.0011184194748878884,-0.055932769985637454,0.008002870425259514,0.0024452356082584957,0.005385530701049836,0.006523561409276679,0,0.49999999999999994,-0.8660254037844387,-0.433883739117558,-0.9009688679024191,True,True,1,0.0,37.0097440964,0.7002339904725571,0.657023609542264,H005_add_calendar,3,pooled_with_corridor_thresholds,logistic,2025,0.6539879498453021,26,"{""C"": 10.0, ""class_weight"": ""balanced""}"
2025-05-23,RUB_KGS,KGS,CBR,KGS_RC_F02_09_2016_T02_09_2026.dbf,100,91.1786,0.911786,1.0967485792,1.0,False,-0.00021710907208905006,-0.008431398776995835,-0.00719300690772573,-0.01517547384201956,-0.02120574532494579,0.0,-0.005736892438446439,0.0,0.0,-0.008034737377026535,0.0,0.0,-0.01805199870356744,0.0,0.0,-0.05365720452916767,0.0,0.004761929853362485,0.0035699220306642057,0.0056852687603478795,4,0.49999999999999994,-0.8660254037844387,-0.433883739117558,-0.9009688679024191,True,True,1,3.1257334506,21.3175546427,0.7077368763969628,0.657023609542264,H005_add_calendar,3,pooled_with_corridor_thresholds,logistic,2025,0.6539879498453021,26,"{""C"": 10.0, ""class_weight"": ""balanced""}"
2025-05-31,RUB_KGS,KGS,CBR,KGS_RC_F02_09_2016_T02_09_2026.dbf,100,89.8995,0.898995,1.1123532389,1.0,False,0.0015307128509693957,-0.012566506596839333,-0.013720226308034822,-0.02664137435970726,-0.04760416556312441,0.0015307128509693957,-0.007345244373305637,0.1034171308143899,0.0015307128509693957,-0.012242221529042197,0.06268820147823646,0.0015307128509693957,-0.02062414695643655,0.03516674771569674,0.0015307128509693957,-0.057562363283320095,0.010642170569053956,0.006299710029819882,0.0046318494803241905,0.0052364409904840665,0,0.49999999999999994,-0.8660254037844387,-0.9749279121818236,-0.2225209339563146,True,True,1,0.0,43.0321248095,0.7699497164022312,0.657023609542264,H005_add_calendar,3,pooled_with_corridor_thresholds,logistic,2025,0.6539879498453021,26,"{""C"": 10.0, ""class_weight"": ""balanced""}"
2025-06-06,RUB_KGS,KGS,CBR,KGS_RC_F02_09_2016_T02_09_2026.dbf,100,90.4828,0.904828,1.1051824214,1.0,False,0.007958257025857618,-1.6577461504407864e-05,0.008029001104029376,-0.007631176613810742,-0.022690843734743504,0.007958257025857618,0.003566054075541114,0.9979047352982278,0.008029001104029376,-5.812921616410449e-05,0.5192363112391903,0.008029001104029376,-0.007892264469009924,0.2635582373377208,0.008029001104029376,-0.043393724284006674,0.0637229330055965,0.005632733066119184,0.0060409469362054475,0.004845638850290217,0,1.2246467991473532e-16,-1.0,-0.433883739117558,-0.9009688679024191,True,True,1,0.0,-13.8560563804,0.7502170174432752,0.657023609542264,H005_add_calendar,3,pooled_with_corridor_thresholds,logistic,2025,0.6539879498453021,26,"{""C"": 10.0, ""class_weight"": ""balanced""}"
2025-06-20,RUB_KGS,KGS,CBR,KGS_RC_F02_09_2016_T02_09_2026.dbf,100,89.7472,0.897472,1.11424089,1.0,False,-0.0029661986664325513,-0.0002896187280835294,-0.0014808584306015282,-0.004704374114186893,-0.02270764707483719,0.0,-0.0025535425957933233,0.0,0.0,-0.0039844086235111265,0.0,0.0,-0.00725890599504897,0.0,0.0,-0.04067242890452749,0.0,0.004499291518770563,0.004852228876133092,0.005061191495407145,1,1.2246467991473532e-16,-1.0,-0.433883739117558,-0.9009688679024191,True,True,1,0.0,9.7973034755,0.7119874587223965,0.657023609542264,H005_add_calendar,3,pooled_with_corridor_thresholds,logistic,2025,0.6539879498453021,26,"{""C"": 10.0, ""class_weight"": ""balanced""}"
2025-06-27,RUB_KGS,KGS,CBR,KGS_RC_F02_09_2016_T02_09_2026.dbf,100,89.599,0.89599,1.1160838849,1.0,False,-0.0004729957363451831,0.00037514486620948695,-0.001651304998930403,-0.0031297180806028058,-0.015867123004802197,0.00037514486620948695,-0.0009041026725221668,0.1283422459893055,0.00037514486620948695,-0.002555090521362491,0.043349245258676325,0.00037514486620948695,-0.004902022847971144,0.022977501196744975,0.00037514486620948695,-0.0354017778554665,0.0034662760228609435,0.002098813443114655,0.0033098953251404907,0.0049721741658854636,2,1.2246467991473532e-16,-1.0,-0.433883739117558,-0.9009688679024191,True,True,1,0.0,12.7596699524,0.7248077817293518,0.657023609542264,H005_add_calendar,3,pooled_with_corridor_thresholds,logistic,2025,0.6539879498453021,26,"{""C"": 10.0, ""class_weight"": ""balanced""}"
2025-07-04,RUB_KGS,KGS,CBR,KGS_RC_F02_09_2016_T02_09_2026.dbf,100,90.0893,0.900893,1.1100097348,1.0,False,0.0016410630441718865,0.003004918759198949,0.005472159287492229,0.0038118180845754246,-0.0009104882479367138,0.004654746916258112,0.0025307727815175873,1.0,0.005849357006165512,0.003545912053093403,1.0,0.005849357006165512,0.0016755875675182885,0.5419468294196809,0.005849357006165512,-0.023346542607429854,0.0540470835826449,0.0018029217609232782,0.0019910307190663316,0.0036355664631455512,0,-0.4999999999999998,-0.8660254037844388,-0.433883739117558,-0.9009688679024191,True,True,1,0.0,-10.405264,0.744788024723912,0.657023609542264,H005_add_calendar,3,pooled_with_corridor_thresholds,logistic,2025,0.6539879498453021,26,"{""C"": 10.0, ""class_weight"": ""balanced""}"
2025-07-11,RUB_KGS,KGS,CBR,KGS_RC_F02_09_2016_T02_09_2026.dbf,100,89.0828,0.890828,1.1225511547,1.0,False,-0.003451118844898793,-0.010360449434207997,-0.011172247980614891,-0.005761225013672044,-0.008872912084183171,0.0,-0.005827355985650762,0.0,0.0,-0.007250587350844162,0.0,0.0,-0.0077763695357715434,0.0,0.0,-0.02680922664663632,0.0,0.003094747038949088,0.0029646222678531074,0.0030612271536825226,1,-0.4999999999999998,-0.8660254037844388,-0.433883739117558,-0.9009688679024191,True,True,1,2.2338767978,23.7543523515,0.706948707809652,0.657023609542264,H005_add_calendar,3,pooled_with_corridor_thresholds,logistic,2025,0.6539879498453021,26,"{""C"": 10.0, ""class_weight"": ""balanced""}"
2025-07-18,RUB_KGS,KGS,CBR,KGS_RC_F02_09_2016_T02_09_2026.dbf,100,89.4061,0.894061,1.118491915,1.0,False,0.0029131855016018005,-0.0024579811305597277,0.0036292078830033603,-0.007583586508053797,-0.0038006756756757687,0.0038534563774590413,0.0014391064636356532,0.6090505767524443,0.0038534563774590413,-0.0003934424469952402,0.3159639108819719,0.0038534563774590413,-0.0022323806288485626,0.3159639108819719,0.0038534563774590413,-0.017890978360455168,0.058892168302560076,0.004317998771655914,0.003872777969572628,0.003053228578693362,0,-0.4999999999999998,-0.8660254037844388,-0.433883739117558,-0.9009688679024191,True,True,1,0.0,2.1933608102,0.7487323679314934,0.657023609542264,H005_add_calendar,3,pooled_with_corridor_thresholds,logistic,2025,0.6539879498453021,26,"{""C"": 10.0, ""class_weight"": ""balanced""}"
2025-07-25,RUB_KGS,KGS,CBR,KGS_RC_F02_09_2016_T02_09_2026.dbf,100,90.332,0.90332,1.10702741,1.0,False,0.006074403084647351,0.008527580100973431,0.01035611664081082,0.014022909023964303,0.008180894876058886,0.01161659090629108,0.006971391854915465,1.0,0.014249479861985215,0.009384960374164919,1.0,0.014249479861985215,0.008025976654889577,1.0,0.014249479861985215,-0.004062254819063749,0.21777404077150128,0.003803236992369854,0.003900180292966064,0.0035205204921384104,0,-0.4999999999999998,-0.8660254037844388,-0.433883739117558,-0.9009688679024191,True,True,1,0.0,0.5471578943,0.7181852908842329,0.657023609542264,H005_add_calendar,3,pooled_with_corridor_thresholds,logistic,2025,0.6539879498453021,26,"{""C"": 10.0, ""class_weight"": ""balanced""}"
2025-08-02,RUB_KGS,KGS,CBR,KGS_RC_F02_09_2016_T02_09_2026.dbf,100,91.8569,0.918569,1.0886498456,1.0,False,0.00015679015706226984,-0.024490511134946824,0.008024081022148577,0.02574270029792869,0.018944171378305397,0.0077011767880825754,-0.007158728748469789,0.23336990126657808,0.02869375226077242,0.006426732542766267,0.5263028161781312,0.03137108717546799,0.016949340186735773,0.5478323954432263,0.03137108717546799,0.014652517926712738,0.5478323954432263,0.01908319833809047,0.013152662468286164,0.009595157223430895,0,-0.8660254037844384,-0.5000000000000004,-0.9749279121818236,-0.2225209339563146,True,True,0,81.5725329289,50.5104271855,0.7233647975031817,0.657023609542264,H005_add_calendar,3,pooled_with_corridor_thresholds,logistic,2025,0.6539879498453021,26,"{""C"": 10.0, ""class_weight"": ""balanced""}"
2025-08-09,RUB_KGS,KGS,CBR,KGS_RC_F02_09_2016_T02_09_2026.dbf,100,91.2288,0.912288,1.096145077,1.0,False,0.0049748174651784716,-0.003365855736866763,-0.00683780968005665,0.001131404203205122,0.024318767971849065,0.0049748174651784716,-0.0004518459726762236,0.48953929539295393,0.0049748174651784716,-0.007245581161815395,0.13338058952093956,0.023360475981616613,0.004761030751014861,0.41511352084039305,0.024318767971849065,0.008650780358400612,0.42467794749122567,0.00722395156424647,0.013700564745289396,0.00997945464202606,0,-0.8660254037844384,-0.5000000000000004,-0.9749279121818236,-0.2225209339563146,True,True,1,11.5424076607,3.4767025707,0.7680503674317591,0.657023609542264,H005_add_calendar,3,pooled_with_corridor_thresholds,logistic,2025,0.6539879498453021,26,"{""C"": 10.0, ""class_weight"": ""balanced""}"
2025-08-15,RUB_KGS,KGS,CBR,KGS_RC_F02_09_2016_T02_09_2026.dbf,100,91.2868,0.912868,1.09544863,1.0,False,0.001706329219488767,0.0017920733948981749,0.005613744420405187,-0.006050575713858031,0.02103547744505141,0.0017920733948981749,0.0004936336168877009,0.5185773261352866,0.005613744420405187,-0.0003494355099847857,0.4719829582291391,0.022309274794584555,0.0011794897863555143,0.40919828276811204,0.02496999311722381,0.009851364816587882,0.436050273524049,0.003387054320181809,0.005183464466791307,0.009867580290231586,0,-0.8660254037844384,-0.5000000000000004,-0.433883739117558,-0.9009688679024191,True,True,1,0.0,8.376289768,0.7223469291413046,0.657023609542264,H005_add_calendar,3,pooled_with_corridor_thresholds,logistic,2025,0.6539879498453021,26,"{""C"": 10.0, ""class_weight"": ""balanced""}"
2025-08-22,RUB_KGS,KGS,CBR,KGS_RC_F02_09_2016_T02_09_2026.dbf,100,91.7743,0.917743,1.0896296676,1.0,False,0.001810969299758547,-0.002100742109984566,0.005340312071405728,0.010984035638904821,0.015966656334410745,0.002766575139503402,0.00026812076769733295,0.5672043010752611,0.007141955697487434,0.0030446229567215877,0.7710900473933597,0.010984035638904821,0.000919129425474674,0.294494654143776,0.03044365274429639,0.014666759169453814,0.5316366345757925,0.0030603036374472845,0.003043353851044962,0.009796769520813165,0,-0.8660254037844384,-0.5000000000000004,-0.433883739117558,-0.9009688679024191,True,True,1,0.0,29.3894107793,0.7087838996554641,0.657023609542264,H005_add_calendar,3,pooled_with_corridor_thresholds,logistic,2025,0.6539879498453021,26,"{""C"": 10.0, ""class_weight"": ""balanced""}"
2025-08-29,RUB_KGS,KGS,CBR,KGS_RC_F02_09_2016_T02_09_2026.dbf,100,91.913,0.91913,1.0879853775,1.0,False,-0.001940457174750776,-0.004700743174393174,0.0015113163489124393,0.00685969932125996,0.0007676184772844596,0.0,-0.0029021316000387154,0.0,0.0042820726586547675,-0.0005666279309621824,0.46599286563614656,0.012511952340455545,0.0029581443686628184,0.716638273708119,0.032000979083322,0.01441369212550514,0.5588321797611815,0.003478220053813621,0.003114623037440074,0.004213702738694801,4,-0.8660254037844384,-0.5000000000000004,-0.433883739117558,-0.9009688679024191,True,True,1,0.0,14.1951272812,0.6644219977836171,0.657023609542264,H005_add_calendar,3,pooled_with_corridor_thresholds,logistic,2025,0.6539879498453021,26,"{""C"": 10.0, ""class_weight"": ""balanced""}"
2025-09-05,RUB_KGS,KGS,CBR,KGS_RC_F02_09_2016_T02_09_2026.dbf,100,92.9648,0.929648,1.0756759548,1.0,False,0.005403113820118266,0.010124629209088187,0.011443430200298144,0.012972041192359951,0.02409856219403106,0.011347701358874085,0.006946881528677951,1.0,0.011443430200298144,0.007726880225226829,1.0,0.02020664263334937,0.01187437927797852,1.0,0.04381061025410138,0.024055525265938016,0.765063430128822,0.0019839594764474587,0.002864877918417815,0.0028783971039631757,0,-1.0,-1.8369701987210297e-16,-0.433883739117558,-0.9009688679024191,True,True,1,0.0,-19.6928409517,0.6852248095896284,0.657023609542264,H005_add_calendar,3,pooled_with_corridor_thresholds,logistic,2025,0.6539879498453021,26,"{""C"": 10.0, ""class_weight"": ""balanced""}"
2025-09-20,RUB_KGS,KGS,CBR,KGS_RC_F02_09_2016_T02_09_2026.dbf,100,95.5865,0.955865,1.0461728382,1.0,False,0.005024782196352273,0.009092617381647017,-0.009355451180028451,0.024949683518175503,0.034910423214716824,0.009092617381647017,0.00548847027825472,1.0,0.015189636806034246,-0.00037606227658226743,0.3761506496239,0.03996714284160019,0.01707133592460708,0.6076420478041509,0.07324710962701642,0.04119568948735264,0.7333513197535854,0.00813262513754847,0.011249260475127549,0.007951221748106108,0,-1.0,-1.8369701987210297e-16,-0.9749279121818236,-0.2225209339563146,True,True,1,0.0,-22.8602020973,0.7253399017849818,0.657023609542264,H005_add_calendar,3,pooled_with_corridor_thresholds,logistic,2025,0.6539879498453021,26,"{""C"": 10.0, ""class_weight"": ""balanced""}"
2025-09-26,RUB_KGS,KGS,CBR,KGS_RC_F02_09_2016_T02_09_2026.dbf,100,95.6054,0.956054,1.0459660228,1.0,False,-0.004578057600023389,-0.0049002770717410105,0.005223502396208168,-0.024021396815998686,0.04017277207794323,0.003075153993765678,-0.0012504557320912602,0.3836889645241425,0.009292141900993478,0.001258938689863598,0.4989795918367337,0.040074324125859206,0.009485832756334522,0.6102073946461694,0.07345931920025062,0.03697436359473971,0.7354759656459365,0.006876583727368809,0.008291449389748183,0.008409194106375141,1,-1.0,-1.8369701987210297e-16,-0.433883739117558,-0.9009688679024191,True,True,1,0.0,9.4674803545,0.6719026464484789,0.657023609542264,H005_add_calendar,3,pooled_with_corridor_thresholds,logistic,2025,0.6539879498453021,26,"{""C"": 10.0, ""class_weight"": ""balanced""}"
2025-10-04,RUB_KGS,KGS,CBR,KGS_RC_F02_09_2016_T02_09_2026.dbf,100,93.6611,0.936611,1.0676791112,1.0,False,0.011086630085465288,-0.008952757038617198,-0.02039409691353511,-0.02014301182698397,0.0043041099210054945,0.011086630085465288,-0.001069310428091108,0.47153351698806206,0.011086630085465288,-0.011447276540735296,0.29836437058772236,0.011086630085465288,-0.016000261388276482,0.19288558335211456,0.05064483887721649,0.010891346700089954,0.5123351716937876,0.00934605324935425,0.007901326664276032,0.009742345286072561,0,-0.8660254037844386,0.5000000000000001,-0.9749279121818236,-0.2225209339563146,True,True,1,0.0,9.1523026361,0.7357779925102769,0.657023609542264,H005_add_calendar,3,pooled_with_corridor_thresholds,logistic,2025,0.6539879498453021,26,"{""C"": 10.0, ""class_weight"": ""balanced""}"
2025-10-10,RUB_KGS,KGS,CBR,KGS_RC_F02_09_2016_T02_09_2026.dbf,100,93.0966,0.930966,1.074153084,1.0,False,-0.0016536051165245702,-0.019120990734516674,0.004992761844720306,-0.026241195581002796,-0.04963224222502394,0.0,-0.006679921376538056,0.0,0.004992761844720306,-0.0089464215378392,0.155362961469985,0.004992761844720306,-0.01704652448585875,0.11997094757593811,0.042576995051218036,0.001622684422801557,0.43882591934255083,0.011015782266132947,0.009017721190760768,0.00843193338605577,3,-0.8660254037844386,0.5000000000000001,-0.433883739117558,-0.9009688679024191,True,True,1,27.4123867037,27.5480491721,0.6683397694694503,0.657023609542264,H005_add_calendar,3,pooled_with_corridor_thresholds,logistic,2025,0.6539879498453021,26,"{""C"": 10.0, ""class_weight"": ""balanced""}"
2025-10-18,RUB_KGS,KGS,CBR,KGS_RC_F02_09_2016_T02_09_2026.dbf,100,92.6054,0.926054,1.0798506351,1.0,False,0.024018807231406925,0.01281364221983572,-0.00254196942312368,-0.011271488376711325,-0.031187458480015362,0.02720036559989003,0.013001986505762453,1.0,0.02720036559989003,0.0012719520939852291,0.5153629523769501,0.02720036559989003,-0.010802771128918032,0.41401316900219554,0.02720036559989003,-0.0054929706360283825,0.3141711401227375,0.015179383128359134,0.011956172368203203,0.009875027103239,0,-0.8660254037844386,0.5000000000000001,-0.9749279121818236,-0.2225209339563146,True,True,1,0.0,-83.489598605,0.7385244729783352,0.657023609542264,H005_add_calendar,3,pooled_with_corridor_thresholds,logistic,2025,0.6539879498453021,26,"{""C"": 10.0, ""class_weight"": ""balanced""}"
2025-10-25,RUB_KGS,KGS,CBR,KGS_RC_F02_09_2016_T02_09_2026.dbf,100,92.5915,0.925915,1.0800127442,1.0,False,-0.003663969353936203,-0.004624727348564783,-0.00015009923827336014,-0.002691687113722918,-0.03158109422555977,0.0,-0.004290546731235079,0.0,0.027046183607459362,0.004206558439558528,0.7572360248447217,0.027046183607459362,-0.003662253970221574,0.5124416796267504,0.027046183607459362,-0.006061434906720176,0.3123902988994661,0.004226861272971361,0.010506660698000353,0.009606266778555783,2,-0.8660254037844386,0.5000000000000001,-0.9749279121818236,-0.2225209339563146,True,True,0,245.3248948338,-11.1071398011,0.6981796852007888,0.657023609542264,H005_add_calendar,3,pooled_with_corridor_thresholds,logistic,2025,0.6539879498453021,26,"{""C"": 10.0, ""class_weight"": ""balanced""}"
2025-11-01,RUB_KGS,KGS,CBR,KGS_RC_F02_09_2016_T02_09_2026.dbf,100,92.5965,0.925965,1.0799544259,1.0,False,0.005862684777224514,0.01451156981330537,5.4000637207618496e-05,-9.610670652038245e-05,-0.011366511817606173,0.02520482728077944,0.012820871811407786,1.0,0.02520482728077944,0.004219617032989342,0.7456111620594796,0.027101644755815668,0.0026953599980248377,0.5134924971627933,0.027101644755815668,-0.006144961061090859,0.3130308892675493,0.015286599751704698,0.01057369306318751,0.010999852858364847,0,-0.5000000000000004,0.8660254037844384,-0.9749279121818236,-0.2225209339563146,True,True,1,11.0587333215,-60.3988209549,0.6657236199261651,0.657023609542264,H005_add_calendar,3,pooled_with_corridor_thresholds,logistic,2025,0.6539879498453021,26,"{""C"": 10.0, ""class_weight"": ""balanced""}"
2025-11-07,RUB_KGS,KGS,CBR,KGS_RC_F02_09_2016_T02_09_2026.dbf,100,93.0549,0.930549,1.0746344362,1.0,False,0.002315814644350045,0.00495051108843203,0.023970993601206025,-0.0034089010551208165,-0.0021007862667130617,0.010842219151654175,0.004820942885983115,1.0,0.030280115146146924,0.010330561014997963,1.0,0.03218632283712619,0.009554132007901783,0.9011490683229799,0.03218632283712619,-0.0020631343158548088,0.37176021421341837,0.0052521641274180676,0.010489362333936023,0.010155420196282305,0,-0.5000000000000004,0.8660254037844384,-0.433883739117558,-0.9009688679024191,True,True,1,18.537444025,-28.5452470108,0.6714220507602783,0.657023609542264,H005_add_calendar,3,pooled_with_corridor_thresholds,logistic,2025,0.6539879498453021,26,"{""C"": 10.0, ""class_weight"": ""balanced""}"
2025-11-15,RUB_KGS,KGS,CBR,KGS_RC_F02_09_2016_T02_09_2026.dbf,100,92.7703,0.927703,1.0779311913,1.0,False,0.006533713942242558,-0.0028097949408640854,-0.0012069024917529259,0.007750649598943227,0.02584225058689671,0.006533713942242558,0.0006286132046309234,0.6973135710977418,0.006533713942242558,0.0002966268321236143,0.679070816418594,0.027129096545615683,0.00318732897506413,0.802535045198482,0.029029474272682654,-0.006253271483026457,0.3352978104621224,0.005890818981053113,0.00461064247563717,0.009490715958136407,0,-0.5000000000000004,0.8660254037844384,-0.9749279121818236,-0.2225209339563146,True,True,1,0.0,-2.429014852,0.7501226491942702,0.657023609542264,H005_add_calendar,3,pooled_with_corridor_thresholds,logistic,2025,0.6539879498453021,26,"{""C"": 10.0, ""class_weight"": ""balanced""}"
2025-11-22,RUB_KGS,KGS,CBR,KGS_RC_F02_09_2016_T02_09_2026.dbf,100,90.3655,0.903655,1.1066170164,1.0,False,-0.021149721614419748,-0.02505928478490249,-0.025922089289352357,-0.027097706346950523,-0.027616967244867285,0.0,-0.019271722254165957,0.0,0.0,-0.02230006896281611,0.0,0.00050376439326838,-0.020561324238417944,0.016636805733298617,0.0023548803592108314,-0.031979303300332496,0.02719946702881356,0.008963757790390377,0.007617052713594548,0.008977068185777095,4,-0.5000000000000004,0.8660254037844384,-0.9749279121818236,-0.2225209339563146,True,True,1,13.2130071764,99.411497707,0.688201554425771,0.657023609542264,H005_add_calendar,3,pooled_with_corridor_thresholds,logistic,2025,0.6539879498453021,26,"{""C"": 10.0, ""class_weight"": ""balanced""}"
2025-11-29,RUB_KGS,KGS,CBR,KGS_RC_F02_09_2016_T02_09_2026.dbf,100,89.455,0.89455,1.1178804986,1.0,False,-0.00027939204291471675,-0.009284188306330599,-0.010075747934776058,-0.03573665278650617,-0.028262985461150136,0.0,-0.004612464826784346,0.0,0.0,-0.01703602765419232,0.0,0.0,-0.02633038611107741,0.0,0.0,-0.03962905665603478,0.0,0.0023696914675693393,0.00640507075976454,0.005881094299753426,3,-0.5000000000000004,0.8660254037844384,-0.9749279121818236,-0.2225209339563146,True,True,0,67.1957967693,10.8540047034,0.7414683736483699,0.657023609542264,H005_add_calendar,3,pooled_with_corridor_thresholds,logistic,2025,0.6539879498453021,26,"{""C"": 10.0, ""class_weight"": ""balanced""}"
2025-12-06,RUB_KGS,KGS,CBR,KGS_RC_F02_09_2016_T02_09_2026.dbf,100,87.014,0.87014,1.1492403521,1.0,False,-0.011394402665851566,-0.017677825330577268,-0.027287462970208454,-0.037088269306317034,-0.0631809686226884,0.0,-0.014804539231417557,0.0,0.0,-0.02336301009006725,0.0,0.0,-0.04128509709227779,0.0,0.0,-0.05976795781176858,0.0,0.007641543551435876,0.005639136886772923,0.00654454688740557,2,-2.4492935982947064e-16,1.0,-0.9749279121818236,-0.2225209339563146,True,True,1,0.0,98.2971973911,0.6836927003886044,0.657023609542264,H005_add_calendar,3,pooled_with_corridor_thresholds,logistic,2025,0.6539879498453021,26,"{""C"": 10.0, ""class_weight"": ""balanced""}"
2025-12-27,RUB_KGS,KGS,CBR,KGS_RC_F02_09_2016_T02_09_2026.dbf,100,88.8674,0.888674,1.1252720345,1.0,False,-0.002180513262730499,-0.011076886097473038,-0.03725739790805638,-0.025273221046904992,-0.006568665809624896,0.0,-0.00857954644338832,0.0,0.0,-0.018691237905266944,0.0,0.021300020686326304,-0.009491471507724114,0.35019367028814247,0.021300020686326304,-0.026977483601685837,0.23468483298300633,0.006356225753091641,0.00838079532724271,0.010060506584087924,5,-2.4492935982947064e-16,1.0,-0.9749279121818236,-0.2225209339563146,True,True,1,30.0897742029,28.0225109843,0.6831005438597954,0.657023609542264,H005_add_calendar,3,pooled_with_corridor_thresholds,logistic,2025,0.6539879498453021,26,"{""C"": 10.0, ""class_weight"": ""balanced""}"
2025-01-11,RUB_KZT,KZT,CBR,KZT_RC_F02_09_2016_T02_09_2026.dbf,100,19.4216,0.194216,5.1489063723,1.0,False,0.0010308428170873185,-0.004556520847748602,0.005836686709237648,-0.008550673588883617,-0.025210927579439768,0.007841000492981642,0.00018333467229436629,0.629583333333335,0.018442676678954717,0.00015861146987505848,0.48942387976621116,0.024881135191898718,-0.006607409013860255,0.3424607786170828,0.024881135191898718,-0.02736232075669176,0.15785068630733162,0.006585582014124765,0.010197231075726608,0.01621484364305628,0,0.49999999999999994,0.8660254037844387,-0.9749279121818236,-0.2225209339563146,True,True,1,0.0,13.4719608388,0.7174055268213768,0.6688004698080585,H005_add_calendar,3,pooled_with_corridor_thresholds,logistic,2025,0.6539879498453021,26,"{""C"": 10.0, ""class_weight"": ""balanced""}"
2025-01-18,RUB_KZT,KZT,CBR,KZT_RC_F02_09_2016_T02_09_2026.dbf,100,19.3361,0.193361,5.1716737088,1.0,False,0.0004604909143590685,-0.012017597195893903,-0.004402314948304897,0.0014086768277841166,-0.04874329091007479,0.0004604909143590685,-0.004522254496255651,0.036460467021714786,0.003404166990996771,-0.004371043906618466,0.21808510638298384,0.013959171259419367,-0.008893819790908197,0.25615858352578924,0.02036928565020757,-0.02998708646051551,0.1292266488115166,0.005545429082256727,0.00584055567339812,0.008550068544380703,0,0.49999999999999994,0.8660254037844387,-0.9749279121818236,-0.2225209339563146,True,True,0,53.3199559373,12.9861793111,0.7085287269982117,0.6688004698080585,H005_add_calendar,3,pooled_with_corridor_thresholds,logistic,2025,0.6539879498453021,26,"{""C"": 10.0, ""class_weight"": ""balanced""}"
2025-02-01,RUB_KZT,KZT,CBR,KZT_RC_F02_09_2016_T02_09_2026.dbf,100,18.8358,0.188358,5.3090391701,1.0,False,-0.0066658931980466685,-0.006409140542165792,0.001408877523352725,-0.025873883564938138,-0.02450165467737686,0.004195744544732483,-0.0034210807567647272,0.33805841924398694,0.011128110153796555,-0.00366989364819581,0.3429280397022321,0.011128110153796555,-0.0170789306627821,0.21987696224013506,0.011128110153796555,-0.04714416759972484,0.06265489935320048,0.006532499026486399,0.011752866123955643,0.009139143287723452,2,0.8660254037844386,0.5000000000000001,-0.9749279121818236,-0.2225209339563146,True,True,1,0.0,64.4358154925,0.7198538870442925,0.6688004698080585,H005_add_calendar,3,pooled_with_corridor_thresholds,logistic,2025,0.6539879498453021,26,"{""C"": 10.0, ""class_weight"": ""balanced""}"
2025-02-08,RUB_KZT,KZT,CBR,KZT_RC_F02_09_2016_T02_09_2026.dbf,100,18.8772,0.188772,5.2973958002,1.0,False,0.005057980428277764,-0.000709347506167024,0.002197942216417559,0.0036099163711567073,-0.028030646290727823,0.005057980428277764,-0.0031683670236359873,0.18748766528517927,0.00640290876521421,-0.002200453199272978,0.22583678074464156,0.01335051131331011,-0.008700104369744666,0.2637887144675426,0.01335051131331011,-0.040806411222603534,0.07516774466541706,0.016173359233207063,0.01162924641428147,0.011346481255644865,0,0.8660254037844386,0.5000000000000001,-0.9749279121818236,-0.2225209339563146,True,True,1,0.0,-4.2245651651,0.7499518649879258,0.6688004698080585,H005_add_calendar,3,pooled_with_corridor_thresholds,logistic,2025,0.6539879498453021,26,"{""C"": 10.0, ""class_weight"": ""balanced""}"
2025-02-15,RUB_KZT,KZT,CBR,KZT_RC_F02_09_2016_T02_09_2026.dbf,100,18.1389,0.181389,5.5130134683,1.0,False,-0.0010903864263410723,-0.033458021612635114,-0.039110673193058276,-0.03699869397636413,-0.06191527764130311,0.0,-0.02024340919795542,0.0,0.0,-0.031323162499786394,0.0,0.0,-0.03594997903303221,0.0,0.0,-0.07289257679596639,0.0,0.00969456682054561,0.013337013234555758,0.012248312857317518,4,0.8660254037844386,0.5000000000000001,-0.9749279121818236,-0.2225209339563146,True,True,1,0.0,109.211890542,0.6962443886365209,0.6688004698080585,H005_add_calendar,3,pooled_with_corridor_thresholds,logistic,2025,0.6539879498453021,26,"{""C"": 10.0, ""class_weight"": ""balanced""}"
2025-02-22,RUB_KZT,KZT,CBR,KZT_RC_F02_09_2016_T02_09_2026.dbf,100,17.642,0.17642,5.6682915769,1.0,False,0.0038008102326005933,-0.03667746004357397,-0.02739416392394245,-0.06543343292437442,-0.06205972577395236,0.0038008102326005933,-0.021564188428479625,0.07539503386004531,0.0038008102326005933,-0.034492194447865,0.04919360777671416,0.0038008102326005933,-0.0512778870632421,0.0389799848281497,0.0038008102326005933,-0.09006501291722213,0.015314427199156369,0.018442873623428,0.013953126314825962,0.013017785220487273,0,0.8660254037844386,0.5000000000000001,-0.9749279121818236,-0.2225209339563146,True,True,1,49.5408683823,83.3122543292,0.7240494600996098,0.6688004698080585,H005_add_calendar,3,pooled_with_corridor_thresholds,logistic,2025,0.6539879498453021,26,"{""C"": 10.0, ""class_weight"": ""balanced""}"
2025-03-01,RUB_KZT,KZT,CBR,KZT_RC_F02_09_2016_T02_09_2026.dbf,100,17.5989,0.175989,5.6821733177,1.0,False,0.005961839653378931,0.021600065014976577,-0.0024430336696519284,-0.029770272728776193,-0.06566750549485545,0.021600065014976577,0.010204854796936003,1.0,0.021600065014976577,-0.007168578080635313,0.3014419961114715,0.021600065014976577,-0.03439126223100819,0.18044711701663363,0.021600065014976577,-0.07840778710308172,0.07899709148037283,0.012673727914835346,0.015147430830168467,0.013895937365470616,0,1.0,6.123233995736766e-17,-0.9749279121818236,-0.2225209339563146,True,True,1,0.0,-46.1319159138,0.6769500332260882,0.6688004698080585,H005_add_calendar,3,pooled_with_corridor_thresholds,logistic,2025,0.6539879498453021,26,"{""C"": 10.0, ""class_weight"": ""balanced""}"
2025-03-08,RUB_KZT,KZT,CBR,KZT_RC_F02_09_2016_T02_09_2026.dbf,100,17.9728,0.179728,5.5639633224,1.0,False,-0.003343851029495748,0.005145183660686392,0.021245646034695254,0.018750708536447114,-0.04790964761723138,0.005313852934924812,0.00147774357694197,0.6117192530586009,0.043304618385306526,0.016348388629076505,0.9252139402207623,0.043304618385306526,-0.00028785221917371207,0.43720330539764385,0.043304618385306526,-0.046900363309312465,0.24063739879358712,0.007236586597887719,0.01003455319806999,0.012617611423080514,1,1.0,6.123233995736766e-17,-0.9749279121818236,-0.2225209339563146,True,True,0,61.7599928781,-11.8254669309,0.6804162114940412,0.6688004698080585,H005_add_calendar,3,pooled_with_corridor_thresholds,logistic,2025,0.6539879498453021,26,"{""C"": 10.0, ""class_weight"": ""balanced""}"
2025-03-29,RUB_KZT,KZT,CBR,KZT_RC_F02_09_2016_T02_09_2026.dbf,100,16.795,0.16795,5.9541530217,1.0,False,0.005297339358932174,0.0030578482781684624,-0.00223968822589371,-0.027898361984140863,-0.04567899130059272,0.006876375125147494,0.0036200836360029687,1.0,0.028368142936742613,0.005184826527063979,0.8633991800223612,0.028368142936742613,-0.026056963054823523,0.2723051604560949,0.028368142936742613,-0.07775731298548272,0.14301148289912327,0.005685706584750014,0.015889661813433476,0.014113609144323339,0,1.0,6.123233995736766e-17,-0.9749279121818236,-0.2225209339563146,True,True,1,0.0,-0.0085059401,0.7308335733254145,0.6688004698080585,H005_add_calendar,3,pooled_with_corridor_thresholds,logistic,2025,0.6539879498453021,26,"{""C"": 10.0, ""class_weight"": ""balanced""}"
2025-04-05,RUB_KZT,KZT,CBR,KZT_RC_F02_09_2016_T02_09_2026.dbf,100,16.8027,0.168027,5.9514244734,1.0,False,0.0016930661786185297,-0.001307601324243457,0.00045846978267349847,-0.0017822452725944071,-0.06510393483486154,0.0016930661786185297,-0.0020893366623351284,0.13601532567050076,0.007337997518030326,0.0009859318545348827,0.4042272126816386,0.028839618655743138,-0.009697219376050281,0.307823018103393,0.028839618655743138,-0.0663106498406082,0.14538831954562348,0.007414619481143235,0.006235818513188842,0.013749688567679408,0,0.8660254037844387,-0.49999999999999983,-0.9749279121818236,-0.2225209339563146,True,True,1,0.0,23.9437766537,0.7199557200687358,0.6688004698080585,H005_add_calendar,3,pooled_with_corridor_thresholds,logistic,2025,0.6539879498453021,26,"{""C"": 10.0, ""class_weight"": ""balanced""}"
2025-04-12,RUB_KZT,KZT,CBR,KZT_RC_F02_09_2016_T02_09_2026.dbf,100,16.3058,0.163058,6.1327871064,1.0,False,-0.0017325717364286009,-0.01111043726120442,-0.02957262820856177,-0.029127716582316054,-0.05621346298547203,0.0,-0.015591588052687455,0.0,0.0,-0.023661499900903826,0.0,0.0,-0.02387775394545344,0.0,0.0,-0.08176197318290834,0.0,0.020414077708179827,0.014812840561789296,0.014951172561333229,2,0.8660254037844387,-0.49999999999999983,-0.9749279121818236,-0.2225209339563146,True,True,0,142.6486280955,24.0351840134,0.7425808740226519,0.6688004698080585,H005_add_calendar,3,pooled_with_corridor_thresholds,logistic,2025,0.6539879498453021,26,"{""C"": 10.0, ""class_weight"": ""balanced""}"
2025-04-26,RUB_KZT,KZT,CBR,KZT_RC_F02_09_2016_T02_09_2026.dbf,100,15.9825,0.159825,6.2568434225,1.0,False,-0.00015014169622573625,0.02322052779164907,0.030603756794923775,-0.019827300715083096,-0.04837749330157781,0.03284822478706495,0.012068196900693495,0.9953005678480524,0.03284822478706495,0.010766968647725639,0.8485809682804649,0.03284822478706495,-0.016861448973679027,0.31467838791555774,0.03284822478706495,-0.073060018385107,0.13324769968804892,0.008004913549411866,0.011670957430527958,0.012987537483267047,1,0.8660254037844387,-0.49999999999999983,-0.9749279121818236,-0.2225209339563146,True,True,1,0.0,-35.8366673245,0.6761781462079963,0.6688004698080585,H005_add_calendar,3,pooled_with_corridor_thresholds,logistic,2025,0.6539879498453021,26,"{""C"": 10.0, ""class_weight"": ""balanced""}"
2025-05-16,RUB_KZT,KZT,CBR,KZT_RC_F02_09_2016_T02_09_2026.dbf,100,15.8656,0.158656,6.3029447358,1.0,False,0.008729487611502718,0.012114291546788891,0.0161007288237629,-0.007314249960894803,-0.026996528842497813,0.012114291546788891,0.008425580815913492,1.0,0.0161007288237629,0.004397276803067118,0.6081277213352659,0.02529371469930597,0.0038853608171753873,0.6534223706176938,0.02529371469930597,-0.05302614301062436,0.13103448275862067,0.004590897186433097,0.007408796738814579,0.009535202959904242,0,0.49999999999999994,-0.8660254037844387,-0.433883739117558,-0.9009688679024191,True,True,1,29.3717224687,-59.1907845338,0.7054325430263136,0.6688004698080585,H005_add_calendar,3,pooled_with_corridor_thresholds,logistic,2025,0.6539879498453021,26,"{""C"": 10.0, ""class_weight"": ""balanced""}"
2025-05-23,RUB_KZT,KZT,CBR,KZT_RC_F02_09_2016_T02_09_2026.dbf,100,15.6164,0.156164,6.4035244999,1.0,False,0.0017447976804454424,-0.010530584314371483,-0.015706938281565108,0.0001408973882748299,0.00699643407553574,0.0017447976804454424,-0.00570102776401793,0.11836379460400136,0.0017447976804454424,-0.006558100803524813,0.09840810419681462,0.00918948960204724,-0.009899169664229768,0.2569569931333581,0.00918948960204724,-0.0569954819549936,0.05557075305795484,0.0036588453628487597,0.005154324384643085,0.007399420685225531,0,0.49999999999999994,-0.8660254037844387,-0.433883739117558,-0.9009688679024191,True,True,1,0.0,50.5686699967,0.6807248045530402,0.6688004698080585,H005_add_calendar,3,pooled_with_corridor_thresholds,logistic,2025,0.6539879498453021,26,"{""C"": 10.0, ""class_weight"": ""balanced""}"
2025-05-31,RUB_KZT,KZT,CBR,KZT_RC_F02_09_2016_T02_09_2026.dbf,100,15.4375,0.154375,6.4777327935,1.0,False,0.008215939444999654,-0.009114541544978816,-0.01796449086826246,-0.02411656868322898,-0.0368177393995357,0.008215939444999654,-0.0035835492370110966,0.44609929078014676,0.008215939444999654,-0.009754598747752419,0.2671480144404357,0.008215939444999654,-0.015617801456088487,0.21142857142857355,0.008215939444999654,-0.05659627881850082,0.046226207099287486,0.0085852724648948,0.006988198312249723,0.006992878181785506,0,0.49999999999999994,-0.8660254037844387,-0.9749279121818236,-0.2225209339563146,True,True,1,0.0,16.1404766568,0.764160947718633,0.6688004698080585,H005_add_calendar,3,pooled_with_corridor_thresholds,logistic,2025,0.6539879498453021,26,"{""C"": 10.0, ""class_weight"": ""balanced""}"
2025-06-06,RUB_KZT,KZT,CBR,KZT_RC_F02_09_2016_T02_09_2026.dbf,100,15.4645,0.154645,6.4664230981,1.0,False,0.008806549463452829,-0.0016977819092621749,0.00997929687755117,-0.009726953715324838,-0.009587426829424484,0.008806549463452829,0.00233204481051974,0.8369497830130286,0.00997929687755117,-0.0015824123039495097,0.3743263106320433,0.00997929687755117,-0.008955893426470296,0.2758620689655181,0.00997929687755117,-0.0450757547299816,0.059919218854162654,0.006932164181542863,0.007738859093317598,0.006419033886099711,0,1.2246467991473532e-16,-1.0,-0.433883739117558,-0.9009688679024191,True,True,1,0.0,0.6466004979,0.7443854319792897,0.6688004698080585,H005_add_calendar,3,pooled_with_corridor_thresholds,logistic,2025,0.6539879498453021,26,"{""C"": 10.0, ""class_weight"": ""balanced""}"
2025-06-20,RUB_KZT,KZT,CBR,KZT_RC_F02_09_2016_T02_09_2026.dbf,100,15.1277,0.151277,6.6103902113,1.0,False,-0.005580900043385184,-0.013563123952607281,-0.021323258266320755,-0.018974987516455655,-0.03783113372555258,0.0,-0.012234999751878473,0.0,0.0,-0.016782876812046377,0.0,0.0,-0.021370425561576645,0.0,0.0,-0.0515069882837349,0.0,0.007645854773976308,0.006890927665769878,0.0068879021802993245,2,1.2246467991473532e-16,-1.0,-0.433883739117558,-0.9009688679024191,True,True,1,12.0309101846,44.2908851596,0.6782634640805889,0.6688004698080585,H005_add_calendar,3,pooled_with_corridor_thresholds,logistic,2025,0.6539879498453021,26,"{""C"": 10.0, ""class_weight"": ""balanced""}"
2025-06-27,RUB_KZT,KZT,CBR,KZT_RC_F02_09_2016_T02_09_2026.dbf,100,15.0842,0.150842,6.6294533353,1.0,False,0.0016667662742129163,0.004883118267392517,-0.0028755197419303435,-0.024137462558143974,-0.031791777656535736,0.007278700785298353,0.0024202905677781494,0.8116157855547274,0.007278700785298353,-0.00640453501415883,0.19336526521199343,0.007278700785298353,-0.015073729738482755,0.1920704845814987,0.007278700785298353,-0.04562494266169903,0.05155370571820498,0.0045344514855063765,0.006240554995937326,0.0065808854890520045,0,1.2246467991473532e-16,-1.0,-0.433883739117558,-0.9009688679024191,True,True,1,0.0,-4.2446510764,0.7163480880213824,0.6688004698080585,H005_add_calendar,3,pooled_with_corridor_thresholds,logistic,2025,0.6539879498453021,26,"{""C"": 10.0, ""class_weight"": ""balanced""}"
2025-07-04,RUB_KZT,KZT,CBR,KZT_RC_F02_09_2016_T02_09_2026.dbf,100,15.1982,0.151982,6.5797265466,1.0,False,0.0034199545766651074,0.007150288595985543,0.007557576802216914,0.004660325098990725,-0.01440309202804091,0.007150288595985543,0.004319083529595202,1.0,0.01489128692772046,0.00714962118074447,1.0,0.01489128692772046,-0.0026194184779415597,0.395600496718114,0.01489128692772046,-0.02976722401721177,0.10547226032256588,0.0030339467721555977,0.0037985595474318195,0.005549626875210804,0,-0.4999999999999998,-0.8660254037844388,-0.433883739117558,-0.9009688679024191,True,True,1,16.4493163664,-32.2503380628,0.7228283108805345,0.6688004698080585,H005_add_calendar,3,pooled_with_corridor_thresholds,logistic,2025,0.6539879498453021,26,"{""C"": 10.0, ""class_weight"": ""balanced""}"
2025-07-11,RUB_KZT,KZT,CBR,KZT_RC_F02_09_2016_T02_09_2026.dbf,100,15.0111,0.150111,6.6617369813,1.0,False,-0.0022797665731719707,-0.009331793433426827,-0.012310668368622713,-0.004846130388088232,-0.028866619655437797,0.0,-0.004947718839115489,0.0,0.0,-0.006498650830052299,0.0,0.0023972968641488013,-0.008864761220598205,0.06368635799183928,0.0023972968641488013,-0.03314359030620906,0.026418426668628925,0.0026535476855836715,0.0034096064573893633,0.004994697637716464,5,-0.4999999999999998,-0.8660254037844388,-0.433883739117558,-0.9009688679024191,True,True,1,0.0,24.2563598182,0.6913720375605885,0.6688004698080585,H005_add_calendar,3,pooled_with_corridor_thresholds,logistic,2025,0.6539879498453021,26,"{""C"": 10.0, ""class_weight"": ""balanced""}"
2025-07-18,RUB_KZT,KZT,CBR,KZT_RC_F02_09_2016_T02_09_2026.dbf,100,14.8501,0.148501,6.7339613875,1.0,False,0.0017133567627001245,-0.012934787666088465,-0.010725396539893794,-0.022904028108591934,-0.018350443226663682,0.0017133567627001245,-0.004899746837478847,0.11545454545454698,0.0017133567627001245,-0.010288927040457363,0.0728837876614069,0.0017133567627001245,-0.013111571803624544,0.06800535475234354,0.0017133567627001245,-0.037358451590152164,0.02111563721007598,0.005609577207954326,0.0041406745651907,0.00412156631849409,0,-0.4999999999999998,-0.8660254037844388,-0.433883739117558,-0.9009688679024191,True,True,0,101.0767604259,-25.1229142195,0.7101018242757793,0.6688004698080585,H005_add_calendar,3,pooled_with_corridor_thresholds,logistic,2025,0.6539879498453021,26,"{""C"": 10.0, ""class_weight"": ""balanced""}"
2025-07-25,RUB_KZT,KZT,CBR,KZT_RC_F02_09_2016_T02_09_2026.dbf,100,14.641,0.14641,6.8301345537,1.0,False,-0.00718117027985532,-0.0025751423822110153,-0.014080713261190092,-0.024655088567793082,-0.029381737181951917,0.0,-0.0042290171241865515,0.0,0.0,-0.011624767099613686,0.0,0.0,-0.021404969974089694,0.0,0.0,-0.04606214767304573,0.0,0.005897659911144372,0.00543796477517423,0.004535020711090526,2,-0.4999999999999998,-0.8660254037844388,-0.433883739117558,-0.9009688679024191,True,True,1,0.0,35.7203969884,0.6707349974402831,0.6688004698080585,H005_add_calendar,3,pooled_with_corridor_thresholds,logistic,2025,0.6539879498453021,26,"{""C"": 10.0, ""class_weight"": ""balanced""}"
2025-08-02,RUB_KZT,KZT,CBR,KZT_RC_F02_09_2016_T02_09_2026.dbf,100,14.8543,0.148543,6.7320573841,1.0,False,0.010475976680748067,-0.02178451244970403,0.011907762525971588,0.010496598639455845,-0.021017320011599394,0.017069496747689206,-0.002297074923598763,0.4297534907774513,0.017069496747689206,0.00409022975180795,0.4297534907774513,0.017069496747689206,-0.0014234839559743584,0.4297534907774513,0.017069496747689206,-0.025255312461242907,0.19776297001427887,0.024522102030109755,0.016697582164467317,0.012161709070679195,0,-0.8660254037844384,-0.5000000000000004,-0.9749279121818236,-0.2225209339563146,True,True,0,126.4953582464,22.3005877414,0.7602271645761709,0.6688004698080585,H005_add_calendar,3,pooled_with_corridor_thresholds,logistic,2025,0.6539879498453021,26,"{""C"": 10.0, ""class_weight"": ""balanced""}"
2025-08-09,RUB_KZT,KZT,CBR,KZT_RC_F02_09_2016_T02_09_2026.dbf,100,14.791,0.14791,6.7608680955,1.0,False,-0.00024333202655013597,0.001143893705877197,-0.00426139232410816,0.007595626554038004,-0.015633007007899602,0.008495609011073046,0.0001406458348547357,0.4942483141610525,0.01273536460116409,-0.003215239060538333,0.3206343733838994,0.01273536460116409,-0.0011908592520509798,0.3206343733838994,0.01273536460116409,-0.024641683912511647,0.14754878629224208,0.009684615215651515,0.01766925355813815,0.012858271511421784,2,-0.8660254037844384,-0.5000000000000004,-0.9749279121818236,-0.2225209339563146,True,True,1,16.0908660672,8.7235615291,0.7388449913420532,0.6688004698080585,H005_add_calendar,3,pooled_with_corridor_thresholds,logistic,2025,0.6539879498453021,26,"{""C"": 10.0, ""class_weight"": ""balanced""}"
2025-08-15,RUB_KZT,KZT,CBR,KZT_RC_F02_09_2016_T02_09_2026.dbf,100,14.8274,0.148274,6.744270742,1.0,False,0.010102799217935665,0.004076602199468926,0.0022170251307909172,0.008646082052747195,-0.001528609234954681,0.010102799217935665,0.004795129514577612,1.0,0.010977472317678538,0.00326744979907434,0.6386354621182013,0.015227661759671163,0.0032929070045573106,0.38338217548698084,0.015227661759671163,-0.017709829095926,0.1994797739707577,0.005516358544059332,0.008185318594037927,0.012827410775857353,0,-0.8660254037844384,-0.5000000000000004,-0.433883739117558,-0.9009688679024191,True,True,1,0.0,-17.3725386491,0.7327297851420974,0.6688004698080585,H005_add_calendar,3,pooled_with_corridor_thresholds,logistic,2025,0.6539879498453021,26,"{""C"": 10.0, ""class_weight"": ""balanced""}"
2025-08-22,RUB_KZT,KZT,CBR,KZT_RC_F02_09_2016_T02_09_2026.dbf,100,14.9081,0.149081,6.707762894,1.0,False,0.002319546041307907,0.0025824327323349383,0.005442626488797675,0.007671718059291788,0.018243289392800843,0.0025824327323349383,0.0018399647328892765,1.0,0.01560041146936797,0.006034275657480936,1.0,0.020753166723724625,0.005732936116013443,0.5224961213583826,0.020753166723724625,-0.00831762359693311,0.3232377092886829,0.0015484305349045464,0.0038342019319278398,0.012447497448031034,0,-0.8660254037844384,-0.5000000000000004,-0.433883739117558,-0.9009688679024191,True,True,1,0.0,21.2566576464,0.7237123232721508,0.6688004698080585,H005_add_calendar,3,pooled_with_corridor_thresholds,logistic,2025,0.6539879498453021,26,"{""C"": 10.0, ""class_weight"": ""balanced""}"
2025-08-30,RUB_KZT,KZT,CBR,KZT_RC_F02_09_2016_T02_09_2026.dbf,100,14.9382,0.149382,6.6942469642,1.0,False,0.0002544461109919016,-0.005704244570318151,-0.005194390058736564,0.0043702767393700714,0.005648196145223716,0.0002544461109919016,-0.0038503755016360275,0.02850712678168227,0.004606683389711819,-0.0009650476203852953,0.34595959595958986,0.01853215513009321,0.004801633705672437,0.6772987789683496,0.022814104758644094,-0.003513028713712285,0.3567833815183616,0.004522452085296422,0.003996040643701839,0.005869818034115766,0,-0.8660254037844384,-0.5000000000000004,-0.9749279121818236,-0.2225209339563146,True,True,1,2.7446412553,19.7853107668,0.751836664891436,0.6688004698080585,H005_add_calendar,3,pooled_with_corridor_thresholds,logistic,2025,0.6539879498453021,26,"{""C"": 10.0, ""class_weight"": ""balanced""}"
2025-09-05,RUB_KZT,KZT,CBR,KZT_RC_F02_09_2016_T02_09_2026.dbf,100,15.0501,0.150501,6.6444741231,1.0,False,0.004377857119022943,0.0077674583670928055,0.007747214484679521,0.009525023309476133,0.01726981466210642,0.0077674583670928055,0.005051267291107608,1.0,0.0077674583670928055,0.0038084439405055015,0.8682634730538855,0.025274029061727266,0.009678085904585076,0.9547092125578978,0.03047586442998962,0.006211504029945081,0.4766034907377652,0.0018287104870035483,0.004161205237467624,0.0038954897112878028,0,-1.0,-1.8369701987210297e-16,-0.433883739117558,-0.9009688679024191,True,True,1,0.0,-10.6519851081,0.6947798740776903,0.6688004698080585,H005_add_calendar,3,pooled_with_corridor_thresholds,logistic,2025,0.6539879498453021,26,"{""C"": 10.0, ""class_weight"": ""balanced""}"
2025-09-20,RUB_KZT,KZT,CBR,KZT_RC_F02_09_2016_T02_09_2026.dbf,100,15.4414,0.154414,6.476096727,1.0,False,0.004410157672893655,0.008813249273184498,-0.013839482440398232,0.022507697910803426,0.028316085294548543,0.008813249273184498,0.004455893162643276,1.0,0.008813249273184498,-0.004573775088881016,0.2210026212319773,0.03396923818643227,0.012090235656691428,0.5161782661782655,0.05726805888394382,0.028622169838500744,0.6375485936428072,0.009775679047700055,0.012508934069039204,0.009014463151816067,0,-1.0,-1.8369701987210297e-16,-0.9749279121818236,-0.2225209339563146,True,True,1,0.0,-16.4485420105,0.7282711008123562,0.6688004698080585,H005_add_calendar,3,pooled_with_corridor_thresholds,logistic,2025,0.6539879498453021,26,"{""C"": 10.0, ""class_weight"": ""balanced""}"
2025-09-26,RUB_KZT,KZT,CBR,KZT_RC_F02_09_2016_T02_09_2026.dbf,100,15.4029,0.154029,6.4922839206,1.0,False,-0.0005255985984037315,-0.007851953004225476,0.0019058645990528422,-0.03229272031614194,0.031370527105206714,0.0028321418805421494,-0.001620440889557262,0.2629987908101535,0.006297977983209746,-0.001243023796416387,0.2741751990898734,0.031391245538733514,0.0041154463202512925,0.4770044770044766,0.054631975350907025,0.024723792467303163,0.608201844652793,0.0065745073322362605,0.009028002863866794,0.009182500187664847,1,-1.0,-1.8369701987210297e-16,-0.433883739117558,-0.9009688679024191,True,True,1,0.0,17.0918171305,0.6935384675822553,0.6688004698080585,H005_add_calendar,3,pooled_with_corridor_thresholds,logistic,2025,0.6539879498453021,26,"{""C"": 10.0, ""class_weight"": ""balanced""}"
2025-10-04,RUB_KZT,KZT,CBR,KZT_RC_F02_09_2016_T02_09_2026.dbf,100,14.9731,0.149731,6.678643701,1.0,False,0.015015320372027352,-0.005294696003401267,-0.029963201948741802,-0.030327560972450596,-0.00850246664238652,0.015015320372027352,0.00025919854207501203,0.4672010124446313,0.015015320372027352,-0.014796703246089393,0.2864718054837038,0.015015320372027352,-0.024881855714347423,0.19007980777482153,0.025203697363916477,-0.0036789263164502817,0.28058541047335867,0.012157283690251425,0.009651507127047309,0.011212702784590665,0,-0.8660254037844386,0.5000000000000001,-0.9749279121818236,-0.2225209339563146,True,True,1,0.0,-8.3266093417,0.720446803066457,0.6688004698080585,H005_add_calendar,3,pooled_with_corridor_thresholds,logistic,2025,0.6539879498453021,26,"{""C"": 10.0, ""class_weight"": ""balanced""}"
2025-10-10,RUB_KZT,KZT,CBR,KZT_RC_F02_09_2016_T02_09_2026.dbf,100,15.0743,0.150743,6.6338072083,1.0,False,0.0012154622741762378,-0.0055152758627514675,0.02187559315599641,-0.02133364496296164,-0.052937443848990795,0.006758787425449553,0.001258023720455581,0.547619047619043,0.02187559315599641,0.0010465822051806128,0.47178362573099225,0.02187559315599641,-0.010892498542516171,0.3559845559845542,0.03213283122218402,0.002261925974782031,0.35772543638996707,0.009735075672775954,0.010441043493118616,0.009517642126621722,0,-0.8660254037844386,0.5000000000000001,-0.433883739117558,-0.9009688679024191,True,True,0,54.3308810359,-22.7201705153,0.6693104152501987,0.6688004698080585,H005_add_calendar,3,pooled_with_corridor_thresholds,logistic,2025,0.6539879498453021,26,"{""C"": 10.0, ""class_weight"": ""balanced""}"
2025-10-18,RUB_KZT,KZT,CBR,KZT_RC_F02_09_2016_T02_09_2026.dbf,100,15.0572,0.150572,6.6413410196,1.0,False,0.02729735077198092,0.012684449107515094,0.0043221899095542415,0.005616739352572342,-0.024881163625059766,0.02871509677595685,0.014376372626955236,1.0,0.02871509677595685,0.007068851239774521,0.8067178502879114,0.02871509677595685,-0.0011638671168234804,0.47336411758081015,0.030961999315302968,-8.855113516892388e-07,0.3446909063190793,0.016288176125295335,0.012205786287032599,0.01087286975744404,0,-0.8660254037844386,0.5000000000000001,-0.9749279121818236,-0.2225209339563146,True,True,1,0.0,-85.7862720913,0.7375183754517165,0.6688004698080585,H005_add_calendar,3,pooled_with_corridor_thresholds,logistic,2025,0.6539879498453021,26,"{""C"": 10.0, ""class_weight"": ""balanced""}"
2025-10-25,RUB_KZT,KZT,CBR,KZT_RC_F02_09_2016_T02_09_2026.dbf,100,15.0474,0.150474,6.645666361,1.0,False,-0.0028825318569468683,-0.004604088112720839,-0.0006508514199188298,0.0036685253861956646,-0.025149654046489944,0.0,-0.004626475292611065,0.0,0.0280455560945283,0.004461111960359476,0.7704579579579576,0.0280455560945283,0.003334245714005757,0.6971807065217382,0.0280455560945283,-0.0019158125842245743,0.32070312499999964,0.005164277670539002,0.011405921786386063,0.010744495001183497,2,-0.8660254037844386,0.5000000000000001,-0.9749279121818236,-0.2225209339563146,True,True,0,245.7567420285,-13.5374857162,0.6934913788410281,0.6688004698080585,H005_add_calendar,3,pooled_with_corridor_thresholds,logistic,2025,0.6539879498453021,26,"{""C"": 10.0, ""class_weight"": ""balanced""}"
2025-11-15,RUB_KZT,KZT,CBR,KZT_RC_F02_09_2016_T02_09_2026.dbf,100,15.4729,0.154729,6.4629125762,1.0,False,0.007166662327179996,-0.004215363229161273,0.003495687139243975,0.018952789247354218,0.05565903214141943,0.007166662327179996,0.0014834970660158042,0.6269931662870238,0.01474947534102844,0.0032081081887156415,0.7733837689133445,0.054184607837793664,0.01660059782256984,0.9234788666976321,0.057115919354508105,0.01907425860930001,0.6531250000000002,0.007045060658789047,0.008180558846950396,0.011742833261963423,0,-0.5000000000000004,0.8660254037844384,-0.9749279121818236,-0.2225209339563146,True,True,1,0.0,1.9108103867,0.7015051066229174,0.6688004698080585,H005_add_calendar,3,pooled_with_corridor_thresholds,logistic,2025,0.6539879498453021,26,"{""C"": 10.0, ""class_weight"": ""balanced""}"
2025-11-29,RUB_KZT,KZT,CBR,KZT_RC_F02_09_2016_T02_09_2026.dbf,100,15.1353,0.151353,6.6070708873,1.0,False,0.0032413299395481765,-0.0033057851239669533,-0.007527819489708376,-0.02181879285718913,-0.0032795305924888662,0.0032413299395481765,-0.0014224582136406205,0.37673343605546367,0.0032413299395481765,-0.011503171160368364,0.10709592641261233,0.0032413299395481765,-0.015105002952674362,0.10709592641261233,0.03405092608407512,-0.006632926474026246,0.3893749999999989,0.002955503866218342,0.006782389236642205,0.007608933627242933,0,-0.5000000000000004,0.8660254037844384,-0.9749279121818236,-0.2225209339563146,True,True,1,0.0,4.9245608226,0.7498146227035967,0.6688004698080585,H005_add_calendar,3,pooled_with_corridor_thresholds,logistic,2025,0.6539879498453021,26,"{""C"": 10.0, ""class_weight"": ""balanced""}"
2025-12-06,RUB_KZT,KZT,CBR,KZT_RC_F02_09_2016_T02_09_2026.dbf,100,15.2294,0.152294,6.5662468646,1.0,False,-0.00300485096855696,0.009451971259644365,0.0062172537049152155,-0.00135736814840548,-0.012296517283870378,0.009451971259644365,0.0007267546920362022,0.5640822784810163,0.009478735815038775,0.0027522452527064534,0.5647709320695146,0.009478735815038775,-0.006095167363395437,0.3131844064827004,0.040479883035342334,0.0013072955419359822,0.580199764982375,0.009024518019461046,0.006498027047008892,0.007216852207569538,2,-2.4492935982947064e-16,1.0,-0.9749279121818236,-0.2225209339563146,True,True,1,0.0,9.4839138951,0.724460506186212,0.6688004698080585,H005_add_calendar,3,pooled_with_corridor_thresholds,logistic,2025,0.6539879498453021,26,"{""C"": 10.0, ""class_weight"": ""balanced""}"
2025-12-13,RUB_KZT,KZT,CBR,KZT_RC_F02_09_2016_T02_09_2026.dbf,100,15.332,0.15332,6.5223062875,1.0,False,0.0017641293694872218,0.01463853667575532,0.006736969283097194,0.012996108435247455,-0.009106243819839821,0.01463853667575532,0.006053909056191298,1.0,0.016252618182782452,0.006760767586138083,0.9699367088607624,0.016279563050164425,0.004044796953026619,0.5378887428821739,0.04748956404703186,0.009028851411419625,0.7671338704337273,0.009198832388546232,0.008591141123124424,0.007745302796664845,0,-2.4492935982947064e-16,1.0,-0.9749279121818236,-0.2225209339563146,True,True,0,80.1591442734,-53.3278628482,0.7012036600120628,0.6688004698080585,H005_add_calendar,3,pooled_with_corridor_thresholds,logistic,2025,0.6539879498453021,26,"{""C"": 10.0, ""class_weight"": ""balanced""}"
2025-12-27,RUB_KZT,KZT,CBR,KZT_RC_F02_09_2016_T02_09_2026.dbf,100,15.1503,0.151503,6.6005293625,1.0,False,-0.00599018475750579,-0.007097636742558255,-0.036142355456025954,-0.011851030524393513,0.0009910606330896243,0.0,-0.007794715154309406,0.0,0.0,-0.013592619865655964,0.0,0.0042089773842033384,-0.009399403886019786,0.10053831538948668,0.03507573324952684,-0.004177224023151682,0.47471104946833137,0.011796194746773778,0.011448238272884843,0.009931397001476818,2,-2.4492935982947064e-16,1.0,-0.9749279121818236,-0.2225209339563146,True,True,1,0.0,58.2525181981,0.6812600548525024,0.6688004698080585,H005_add_calendar,3,pooled_with_corridor_thresholds,logistic,2025,0.6539879498453021,26,"{""C"": 10.0, ""class_weight"": ""balanced""}"
2025-01-11,RUB_TJS,TJS,CBR,TJS_RC_F02_09_2016_T02_09_2026.dbf,10,93.0854,9.30854,0.1074282326,1.0,False,-0.004472555067398409,0.011958419488310223,0.021296998276359558,-0.012216060426628261,-0.025451126717506156,0.025266710283132543,0.006615071445194021,0.8458078312808806,0.025266710283132543,0.004795819048368344,0.5683845391476724,0.025266710283132543,-0.00018297050984750207,0.5367588562871458,0.03312970863614373,-0.0010320531737487704,0.24146968888026085,0.008199412587184597,0.009958354111322015,0.013293671999342593,1,0.49999999999999994,0.8660254037844387,-0.9749279121818236,-0.2225209339563146,True,True,1,0.0,15.4626008398,0.6834979937094936,0.6517101833606442,H005_add_calendar,3,pooled_with_corridor_thresholds,logistic,2025,0.6539879498453021,26,"{""C"": 10.0, ""class_weight"": ""balanced""}"
2025-01-18,RUB_TJS,TJS,CBR,TJS_RC_F02_09_2016_T02_09_2026.dbf,10,93.5242,9.35242,0.1069241972,1.0,False,1.9246725918131702e-05,-0.010418077470034426,0.004713950845137926,0.026111342124521153,-0.009992780639411003,1.9246725918131702e-05,-0.003607392918174024,0.0018248175182511328,0.03009976715856344,0.003820615265459626,0.7351374616667575,0.03009976715856344,0.0012598156285119622,0.6394309513781649,0.037801716867737145,0.0009052370346345207,0.27595871879202255,0.0064969474074607686,0.00718690064061539,0.007808484824305521,0,0.49999999999999994,0.8660254037844387,-0.9749279121818236,-0.2225209339563146,True,True,1,35.9479150851,15.8469807849,0.6571933520129482,0.6517101833606442,H005_add_calendar,3,pooled_with_corridor_thresholds,logistic,2025,0.6539879498453021,26,"{""C"": 10.0, ""class_weight"": ""balanced""}"
2025-01-25,RUB_TJS,TJS,CBR,TJS_RC_F02_09_2016_T02_09_2026.dbf,10,89.763,8.9763,0.1114044762,1.0,False,-0.008418659576183818,-0.01672152876289168,-0.0402163290356935,-0.035691955988801705,-0.04747200132432616,0.0,-0.01261622216448477,0.0,0.0,-0.02839563888049723,0.0,0.0,-0.029733313127325744,0.0,0.0,-0.0396221099219326,0.0,0.011278747137510037,0.009910236506131228,0.009747409847430243,1,0.49999999999999994,0.8660254037844387,-0.9749279121818236,-0.2225209339563146,True,True,0,116.7853124339,20.034866449,0.6630292836460193,0.6517101833606442,H005_add_calendar,3,pooled_with_corridor_thresholds,logistic,2025,0.6539879498453021,26,"{""C"": 10.0, ""class_weight"": ""balanced""}"
2025-01-31,RUB_TJS,TJS,CBR,TJS_RC_F02_09_2016_T02_09_2026.dbf,10,89.8678,8.98678,0.1112745611,1.0,False,0.0015669718881230477,0.01299784590377917,-0.007260969609533707,-0.0390772691889858,-0.01657538368943723,0.01299784590377917,0.003999562059126216,1.0,0.01299784590377917,-0.00792826793635526,0.23975465225075193,0.01299784590377917,-0.020601119552144165,0.19901278887143692,0.01299784590377917,-0.03744505722845359,0.08387706855791907,0.008382717597090902,0.010025744146561216,0.009136721801303191,0,0.49999999999999994,0.8660254037844387,-0.433883739117558,-0.9009688679024191,True,True,1,36.9431542777,-42.8037715595,0.6775789713664895,0.6517101833606442,H005_add_calendar,3,pooled_with_corridor_thresholds,logistic,2025,0.6539879498453021,26,"{""C"": 10.0, ""class_weight"": ""balanced""}"
2025-02-08,RUB_TJS,TJS,CBR,TJS_RC_F02_09_2016_T02_09_2026.dbf,10,88.8992,8.88992,0.1124869515,1.0,False,0.003994556470966915,-0.012851917571838234,-0.007110005159947197,-0.009623118656907681,-0.04497160671813205,0.003994556470966915,-0.009158842963526759,0.12054803858082676,0.003994556470966915,-0.007740032245948547,0.12054803858082676,0.003994556470966915,-0.02297308777682172,0.0593127966059067,0.003994556470966915,-0.045874136786925646,0.025415507986807473,0.014900871524026,0.011169669328425906,0.010368195736914462,0,0.8660254037844386,0.5000000000000001,-0.9749279121818236,-0.2225209339563146,True,True,1,49.4267664951,17.4675837482,0.7617685666266104,0.6517101833606442,H005_add_calendar,3,pooled_with_corridor_thresholds,logistic,2025,0.6539879498453021,26,"{""C"": 10.0, ""class_weight"": ""balanced""}"
2025-02-22,RUB_TJS,TJS,CBR,TJS_RC_F02_09_2016_T02_09_2026.dbf,10,80.4992,8.04992,0.124224837,1.0,False,-0.0039902649907140875,-0.035382058407298134,-0.024684806497965783,-0.09448903927144447,-0.10320287869166578,0.0,-0.020466968114361772,0.0,0.0,-0.04001839366887616,0.0,0.0,-0.07177493789334288,0.0,0.0,-0.1219153082716018,0.0,0.012358957718724226,0.012070370954375631,0.012204665204565002,4,0.8660254037844386,0.5000000000000001,-0.9749279121818236,-0.2225209339563146,True,True,1,0.0,96.372828606,0.6888449889583531,0.6517101833606442,H005_add_calendar,3,pooled_with_corridor_thresholds,logistic,2025,0.6539879498453021,26,"{""C"": 10.0, ""class_weight"": ""balanced""}"
2025-03-29,RUB_TJS,TJS,CBR,TJS_RC_F02_09_2016_T02_09_2026.dbf,10,76.7423,7.67423,0.1303062327,1.0,False,0.00039498383564495754,-0.0038616403469375893,-0.00912343493580936,-0.019652353645279175,-0.05073833373327963,0.00039498383564495754,-0.0015157665745497706,0.08906525573191862,0.02909651681249792,0.001313123958953888,0.7543457099151709,0.02909651681249792,-0.02340002876009617,0.28859479949457967,0.02909651681249792,-0.09567213012755282,0.10883664471341199,0.004988575354729841,0.014918494580370683,0.01203497346284253,0,1.0,6.123233995736766e-17,-0.9749279121818236,-0.2225209339563146,True,True,1,0.0,41.5543815347,0.6572391113095521,0.6517101833606442,H005_add_calendar,3,pooled_with_corridor_thresholds,logistic,2025,0.6539879498453021,26,"{""C"": 10.0, ""class_weight"": ""balanced""}"
2025-04-05,RUB_TJS,TJS,CBR,TJS_RC_F02_09_2016_T02_09_2026.dbf,10,77.4872,7.74872,0.1290535727,1.0,False,-0.0012515418712291115,-0.004442845579638477,0.009706511272140617,0.0004945196122863038,-0.04976381197176538,0.0,-0.0035400105552189087,0.0,0.01010532902283856,0.002283773617706375,0.45739910313901216,0.03908545375305894,-0.0012140154497112254,0.47370388428408855,0.03908545375305894,-0.07350986609946275,0.14620064906727903,0.011458356765475974,0.008569688312757758,0.01279934169637595,1,0.8660254037844387,-0.49999999999999983,-0.9749279121818236,-0.2225209339563146,True,True,1,0.0,38.0398529537,0.7105062141640064,0.6517101833606442,H005_add_calendar,3,pooled_with_corridor_thresholds,logistic,2025,0.6539879498453021,26,"{""C"": 10.0, ""class_weight"": ""balanced""}"
2025-04-12,RUB_TJS,TJS,CBR,TJS_RC_F02_09_2016_T02_09_2026.dbf,10,77.0827,7.70827,0.1297307956,1.0,False,-0.013408370376153722,-0.017608007718159735,-0.005220217016487894,0.004435624160339158,-0.015303899939576482,0.0,-0.016459813174740878,0.0,0.0,-0.012615862741503836,0.0,0.03366120218579227,-0.0035153037067919835,0.5542381488595958,0.03366120218579227,-0.06389837653951791,0.1348446187317019,0.01485160304942084,0.012601264960533308,0.013496345217809857,2,0.8660254037844387,-0.49999999999999983,-0.9749279121818236,-0.2225209339563146,True,True,0,139.0973590702,61.8652818058,0.6995511614820948,0.6517101833606442,H005_add_calendar,3,pooled_with_corridor_thresholds,logistic,2025,0.6539879498453021,26,"{""C"": 10.0, ""class_weight"": ""balanced""}"
2025-04-19,RUB_TJS,TJS,CBR,TJS_RC_F02_09_2016_T02_09_2026.dbf,10,75.0234,7.50234,0.1332917463,1.0,False,-0.006630987153786405,-0.008454583542043537,-0.02671546274326142,-0.03179621924653353,-0.031317423488261276,0.0,-0.008020364411044367,0.0,0.0,-0.025687085445526003,0.0,0.0,-0.027639979734561004,0.0,0.006046464849642996,-0.07459681709200505,0.026669269123622677,0.006205174942434685,0.010981289123483578,0.009731133311899617,2,0.8660254037844387,-0.49999999999999983,-0.9749279121818236,-0.2225209339563146,True,True,1,0.0,45.7336432283,0.6842346759544786,0.6517101833606442,H005_add_calendar,3,pooled_with_corridor_thresholds,logistic,2025,0.6539879498453021,26,"{""C"": 10.0, ""class_weight"": ""balanced""}"
2025-04-26,RUB_TJS,TJS,CBR,TJS_RC_F02_09_2016_T02_09_2026.dbf,10,77.7051,7.77051,0.1286916818,1.0,False,-0.0024250905076128593,0.019146098185724103,0.03574484760754637,0.008074444719762042,0.012545884082181491,0.03070284810798185,0.010355660857958027,0.924548649944081,0.03574484760754637,0.018825131783002824,0.9341949418240093,0.03574484760754637,0.006954201687723316,0.6575695159629237,0.04200744242180421,-0.02898645502098951,0.1852831059140833,0.006337247279282845,0.008833006741628272,0.010592589519397991,1,0.8660254037844387,-0.49999999999999983,-0.9749279121818236,-0.2225209339563146,True,True,1,0.0,-29.847856512,0.7017294378928703,0.6517101833606442,H005_add_calendar,3,pooled_with_corridor_thresholds,logistic,2025,0.6539879498453021,26,"{""C"": 10.0, ""class_weight"": ""balanced""}"
2025-05-16,RUB_TJS,TJS,CBR,TJS_RC_F02_09_2016_T02_09_2026.dbf,10,77.2415,7.72415,0.1294640834,1.0,False,0.0011185247397453857,-0.005388874581509162,-0.006533804075910421,-0.0059661463661973,0.002060125034540894,0.0011185247397453857,-0.0020049955631171734,0.17095879556260074,0.0037881741390513035,-0.003723967247867943,0.15314700010507287,0.02956544224868507,0.004443836438002169,0.5791383812010433,0.035790673505648796,-0.014051178523582286,0.29691845589053273,0.0022645862738344662,0.010009124623277625,0.009215390036503497,0,0.49999999999999994,-0.8660254037844387,-0.433883739117558,-0.9009688679024191,True,True,1,0.0,37.3986448266,0.6704637344596759,0.6517101833606442,H005_add_calendar,3,pooled_with_corridor_thresholds,logistic,2025,0.6539879498453021,26,"{""C"": 10.0, ""class_weight"": ""balanced""}"
2025-05-23,RUB_TJS,TJS,CBR,TJS_RC_F02_09_2016_T02_09_2026.dbf,10,77.4088,7.74088,0.1291842788,1.0,False,0.0010358379230479553,-0.0012025496116230272,0.002165934115727852,-0.004382021749335996,0.03179541316442602,0.0010358379230479553,-0.0019216625940072785,0.17903442109967876,0.003286881506366468,-0.0008836141081912663,0.40843936221613586,0.02677263948725561,0.00034975953950877603,0.5828472422754827,0.03803412786214744,-0.00703235776516431,0.37724280109064295,0.005133642778211062,0.003852845994350189,0.008491765252726881,0,0.49999999999999994,-0.8660254037844387,-0.433883739117558,-0.9009688679024191,True,True,1,0.0,16.1606312577,0.6920372104230278,0.6517101833606442,H005_add_calendar,3,pooled_with_corridor_thresholds,logistic,2025,0.6539879498453021,26,"{""C"": 10.0, ""class_weight"": ""balanced""}"
2025-05-30,RUB_TJS,TJS,CBR,TJS_RC_F02_09_2016_T02_09_2026.dbf,10,78.4029,7.84029,0.1275463025,1.0,False,-0.0030200761949328303,0.006428581514490661,0.012842209154514839,0.015035958649171732,0.008980105552917506,0.010669647000587812,0.00316394393646946,0.7770371761171632,0.01389134952482074,0.0070150647220863505,0.8189372569947418,0.01888109161793383,0.009131075679135181,0.7633182725648848,0.051364779241677594,0.007563601277793541,0.509463323801291,0.0032974194055614293,0.004217771561422534,0.0075493630340451425,1,0.49999999999999994,-0.8660254037844387,-0.433883739117558,-0.9009688679024191,True,True,1,0.0,10.7496957195,0.6616638193135952,0.6517101833606442,H005_add_calendar,3,pooled_with_corridor_thresholds,logistic,2025,0.6539879498453021,26,"{""C"": 10.0, ""class_weight"": ""balanced""}"
2025-06-06,RUB_TJS,TJS,CBR,TJS_RC_F02_09_2016_T02_09_2026.dbf,10,80.0445,8.00445,0.1249305074,1.0,False,0.008538834878059953,0.005426283560998613,0.020938001017819508,0.03404910036068265,0.029517874713020698,0.016618827474090603,0.006892371973737932,1.0,0.031831049098165476,0.0154568093562919,1.0,0.03744789722533293,0.024219824832940384,1.0,0.07337825605953929,0.03116093468118164,0.8893222818137503,0.006122357081046352,0.004712758077015354,0.0046200144917196715,0,1.2246467991473532e-16,-1.0,-0.433883739117558,-0.9009688679024191,True,True,1,0.0,-23.2607146333,0.6577093940912776,0.6517101833606442,H005_add_calendar,3,pooled_with_corridor_thresholds,logistic,2025,0.6539879498453021,26,"{""C"": 10.0, ""class_weight"": ""balanced""}"
2025-06-20,RUB_TJS,TJS,CBR,TJS_RC_F02_09_2016_T02_09_2026.dbf,10,79.1855,7.91855,0.1262857468,1.0,False,0.014638065376695764,0.02270643208993195,0.0004131249936829562,-0.006743340386914265,0.01815397512780681,0.02270643208993195,0.010103393829025809,0.8251278922419862,0.02270643208993195,0.001693830358904691,0.6607659638440987,0.024011783464612746,0.006103030601805504,0.6728999057766161,0.055477357731054555,0.018507954756074696,0.8217860880210069,0.01572570562086665,0.011407099224200447,0.008618698079476078,0,1.2246467991473532e-16,-1.0,-0.433883739117558,-0.9009688679024191,True,True,1,0.0,-77.892520249,0.6668022141563281,0.6517101833606442,H005_add_calendar,3,pooled_with_corridor_thresholds,logistic,2025,0.6539879498453021,26,"{""C"": 10.0, ""class_weight"": ""balanced""}"
2025-06-28,RUB_TJS,TJS,CBR,TJS_RC_F02_09_2016_T02_09_2026.dbf,10,79.2595,7.92595,0.1261678411,1.0,False,0.0032835401474176074,0.0014872039807030113,0.0007297823152787597,-0.003753231914789268,0.007872543883296723,0.003962166879679652,0.0021907730093122524,1.0,0.023662166106572124,0.007055404024765677,1.0,0.023662166106572124,0.0022550248055257516,0.688578193708422,0.056463716653737395,0.01675544696450304,0.8363970225284812,0.0022360812644268303,0.0104468251278336,0.008411943234542637,0,1.2246467991473532e-16,-1.0,-0.9749279121818236,-0.2225209339563146,True,True,1,0.0,-11.3571752211,0.7625425801030601,0.6517101833606442,H005_add_calendar,3,pooled_with_corridor_thresholds,logistic,2025,0.6539879498453021,26,"{""C"": 10.0, ""class_weight"": ""balanced""}"
2025-07-04,RUB_TJS,TJS,CBR,TJS_RC_F02_09_2016_T02_09_2026.dbf,10,80.6039,8.06039,0.1240634758,1.0,False,0.01047407243971299,0.016186333837619804,0.020301240125012443,0.01791237032032389,0.011048240723203095,0.016962004554659016,0.011248402279740333,1.0,0.020991377726998106,0.015277550352055247,1.0,0.04102552843050389,0.017452377075357184,1.0,0.07438345902745014,0.03206121440198628,1.0,0.003748386713709358,0.0035765816117151487,0.008319365087320464,0,-0.4999999999999998,-0.8660254037844388,-0.433883739117558,-0.9009688679024191,True,True,1,0.0,-53.0548262306,0.6677603610758814,0.6517101833606442,H005_add_calendar,3,pooled_with_corridor_thresholds,logistic,2025,0.6539879498453021,26,"{""C"": 10.0, ""class_weight"": ""balanced""}"
2025-07-12,RUB_TJS,TJS,CBR,TJS_RC_F02_09_2016_T02_09_2026.dbf,10,80.4004,8.04004,0.1243774907,1.0,False,-0.002412066287155179,-0.0071242187625422115,-0.0031875523044974097,0.014394488988701548,0.01058723121844296,0.0,-0.004532573414119501,0.0,0.013620776601109386,0.00029486157057934115,0.6500601684717153,0.03839725988474352,0.010811416655838846,0.8363810274011115,0.07167097199007233,0.02624989073279882,0.9023931796059462,0.002985173169760527,0.00400272859442367,0.007752674737985377,2,-0.4999999999999998,-0.8660254037844388,-0.9749279121818236,-0.2225209339563146,True,True,1,0.0,32.857051019,0.6832894497176975,0.6517101833606442,H005_add_calendar,3,pooled_with_corridor_thresholds,logistic,2025,0.6539879498453021,26,"{""C"": 10.0, ""class_weight"": ""balanced""}"
2025-07-18,RUB_TJS,TJS,CBR,TJS_RC_F02_09_2016_T02_09_2026.dbf,10,81.5759,8.15759,0.1225852243,1.0,False,0.004085224755058903,0.008319860375660681,0.012173241946130453,0.012058969851334922,0.03018734490531738,0.014620574026995126,0.006198087165457666,1.0,0.014620574026995126,0.007786088566834826,1.0,0.03330348196948085,0.017557744907355843,1.0,0.08733941676863499,0.036780903360990935,1.0,0.0035304864473372564,0.003284834288505093,0.0033553694333050715,0,-0.4999999999999998,-0.8660254037844388,-0.433883739117558,-0.9009688679024191,True,True,1,1.0419744067,-23.9174060437,0.6605532137390779,0.6517101833606442,H005_add_calendar,3,pooled_with_corridor_thresholds,logistic,2025,0.6539879498453021,26,"{""C"": 10.0, ""class_weight"": ""balanced""}"
2025-07-25,RUB_TJS,TJS,CBR,TJS_RC_F02_09_2016_T02_09_2026.dbf,10,82.2897,8.22897,0.1215218916,1.0,False,0.005286047619629253,0.0065882905551117865,0.008750133311431485,0.02102989274742284,0.04164045361967905,0.00967098765053409,0.006068464742972957,1.0,0.02349863931025231,0.010515713644173363,1.0,0.038231379203754745,0.017832354273742634,1.0,0.06939181286549712,0.03936363616843708,1.0,0.0033943399085797346,0.0032845970277143245,0.003454003374669678,0,-0.4999999999999998,-0.8660254037844388,-0.433883739117558,-0.9009688679024191,True,True,1,0.0,27.3403841469,0.6592098691147653,0.6517101833606442,H005_add_calendar,3,pooled_with_corridor_thresholds,logistic,2025,0.6539879498453021,26,"{""C"": 10.0, ""class_weight"": ""balanced""}"
2025-08-02,RUB_TJS,TJS,CBR,TJS_RC_F02_09_2016_T02_09_2026.dbf,10,84.5425,8.45425,0.1182837035,1.0,False,0.0028516490099297354,-0.018770934937174966,0.013667439624184263,0.03647413059629234,0.048166630505532826,0.013799934525858149,-0.003722672122029147,0.41573642570716474,0.037312196708036094,0.012371183647731154,0.6528132580555133,0.05151840040596811,0.027584804081873138,0.7191894989061359,0.09574597693998599,0.05856413664714788,0.8203917997467958,0.018859856815042073,0.013222323212349864,0.00947069222174999,0,-0.8660254037844384,-0.5000000000000004,-0.9749279121818236,-0.2225209339563146,True,True,0,67.5754797883,36.3494633024,0.7044241248578952,0.6517101833606442,H005_add_calendar,3,pooled_with_corridor_thresholds,logistic,2025,0.6539879498453021,26,"{""C"": 10.0, ""class_weight"": ""balanced""}"
2025-08-09,RUB_TJS,TJS,CBR,TJS_RC_F02_09_2016_T02_09_2026.dbf,10,85.0629,8.50629,0.1175600644,1.0,False,0.005874694469769848,0.004488514786946007,0.006155483928201866,0.01990705325733244,0.05799100501987553,0.013000886018063484,0.0037905786149152743,0.7507220464860376,0.020040363729244115,0.0030997626887911967,0.6037354141830134,0.05142096441655908,0.02157023779521272,0.7913448735019966,0.10125903821132431,0.057090685537509955,0.8770057073657531,0.00897402408177917,0.0139495194016633,0.010122111282269622,0,-0.8660254037844384,-0.5000000000000004,-0.9749279121818236,-0.2225209339563146,True,True,1,7.2181879527,-9.679515251,0.7234672201322225,0.6517101833606442,H005_add_calendar,3,pooled_with_corridor_thresholds,logistic,2025,0.6539879498453021,26,"{""C"": 10.0, ""class_weight"": ""balanced""}"
2025-08-15,RUB_TJS,TJS,CBR,TJS_RC_F02_09_2016_T02_09_2026.dbf,10,85.2795,8.52795,0.1172614755,1.0,False,0.0020798448929233437,0.0032705305200497747,0.008436004498256544,0.011594017230887488,0.045400663676404385,0.0032705305200497747,0.0014973224351748637,0.8907401473886949,0.015580341831485267,0.004531490739126509,0.8996699216063818,0.046354975061808856,0.014587879553626282,0.811025481398794,0.10281822919562855,0.05315047031137876,0.9003181936565096,0.0033447646238292583,0.006226717620366547,0.01015487125397886,0,-0.8660254037844384,-0.5000000000000004,-0.433883739117558,-0.9009688679024191,True,True,1,0.0,9.6045322548,0.6823407724097701,0.6517101833606442,H005_add_calendar,3,pooled_with_corridor_thresholds,logistic,2025,0.6539879498453021,26,"{""C"": 10.0, ""class_weight"": ""balanced""}"
2025-08-23,RUB_TJS,TJS,CBR,TJS_RC_F02_09_2016_T02_09_2026.dbf,10,85.8328,8.58328,0.1165055783,1.0,False,0.006167159203204431,-0.0005693878905517202,0.0025896174678283757,0.009050949356299798,0.029138180344497666,0.006167159203204431,0.0015612784279863678,0.7978465271458909,0.009779827414810427,0.004123522232953869,0.8618080033174396,0.0292726974027393,0.008135054447852896,0.8818684296087568,0.1085584689657666,0.049829091858149654,0.962553249965645,0.004452609725312858,0.0035280796588565023,0.009920667031089713,0,-0.8660254037844384,-0.5000000000000004,-0.9749279121818236,-0.2225209339563146,True,True,0,161.9544043769,-36.6231834574,0.7599767855750452,0.6517101833606442,H005_add_calendar,3,pooled_with_corridor_thresholds,logistic,2025,0.6539879498453021,26,"{""C"": 10.0, ""class_weight"": ""balanced""}"
2025-08-29,RUB_TJS,TJS,CBR,TJS_RC_F02_09_2016_T02_09_2026.dbf,10,83.6678,8.36678,0.1195202934,1.0,False,-0.0010160842191732078,-0.009176636938420857,-0.019211855575236192,-0.018899032006519767,-0.007524130478362978,0.0,-0.007613831477556787,0.0,0.0,-0.015466652483302479,0.0,0.0,-0.014960177949938869,0.0,0.08059679131676889,0.019350503024384125,0.714625990563877,0.008332780643404623,0.006444470927959884,0.006363931585107993,4,-0.8660254037844384,-0.5000000000000004,-0.433883739117558,-0.9009688679024191,True,True,1,0.0,37.0958635569,0.6700719204841786,0.6517101833606442,H005_add_calendar,3,pooled_with_corridor_thresholds,logistic,2025,0.6539879498453021,26,"{""C"": 10.0, ""class_weight"": ""balanced""}"
2025-09-06,RUB_TJS,TJS,CBR,TJS_RC_F02_09_2016_T02_09_2026.dbf,10,86.1755,8.61755,0.1160422626,1.0,False,0.0031721825780242074,0.006930163211127605,0.025331215458109346,0.003992646167898517,0.01307973276246166,0.01363741691279663,0.005242042915274858,1.0,0.029972103963531893,0.01574989606820143,1.0,0.029972103963531893,0.011926929611921988,1.0,0.11298455068877411,0.04258398015139697,1.0,0.004485960299395324,0.007738489561716186,0.005858610290967212,0,-1.0,-1.8369701987210297e-16,-0.9749279121818236,-0.2225209339563146,True,True,1,0.0,-4.677031876,0.7527852936204722,0.6517101833606442,H005_add_calendar,3,pooled_with_corridor_thresholds,logistic,2025,0.6539879498453021,26,"{""C"": 10.0, ""class_weight"": ""balanced""}"
2025-09-20,RUB_TJS,TJS,CBR,TJS_RC_F02_09_2016_T02_09_2026.dbf,10,88.6177,8.86177,0.1128442738,1.0,False,0.005525883715890245,0.012895261717120299,-0.000816325610186408,0.02833984137022716,0.03244563849717119,0.01499045343601857,0.008834762192509116,1.0,0.018816753084006876,0.0040953468909741275,0.5349217243520593,0.0591613500056174,0.023916559380065205,0.7767107596227769,0.11721759959657074,0.05187085226065502,0.8672661300101667,0.008800233356865712,0.010961878968738336,0.009318557751252966,0,-1.0,-1.8369701987210297e-16,-0.9749279121818236,-0.2225209339563146,True,True,1,0.0,-33.4716528549,0.6841029487919273,0.6517101833606442,H005_add_calendar,3,pooled_with_corridor_thresholds,logistic,2025,0.6539879498453021,26,"{""C"": 10.0, ""class_weight"": ""balanced""}"
2025-09-27,RUB_TJS,TJS,CBR,TJS_RC_F02_09_2016_T02_09_2026.dbf,10,88.9137,8.89137,0.1124686072,1.0,False,5.8487096284309814e-05,0.005352763389540716,0.0033401905037029334,0.0025211382104655122,0.05791079937891519,0.005352763389540716,-3.9137543498379834e-05,0.6202017555351746,0.018380714909934648,0.006045412613639334,0.846994247110359,0.04584543398250451,0.012811919221501045,0.7757035385901365,0.10588628912293974,0.046143364308903756,0.8830949244318121,0.006582744604512198,0.0073391912451613904,0.00852970795285396,0,-1.0,-1.8369701987210297e-16,-0.9749279121818236,-0.2225209339563146,True,True,0,83.3054973531,-14.9549493014,0.7399939847644087,0.6517101833606442,H005_add_calendar,3,pooled_with_corridor_thresholds,logistic,2025,0.6539879498453021,26,"{""C"": 10.0, ""class_weight"": ""balanced""}"
2025-10-04,RUB_TJS,TJS,CBR,TJS_RC_F02_09_2016_T02_09_2026.dbf,10,87.9043,8.79043,0.1137600777,1.0,False,0.017260174418604723,8.07761794459072e-05,-0.011352581210769541,-0.00805031049101923,0.020061386356911237,0.017260174418604723,0.0052556632350129195,0.8473468923985972,0.017260174418604723,-0.0031372989290769926,0.5344345707324076,0.017260174418604723,-0.0035627972126742735,0.41111938035778384,0.08654212215152013,0.027538696658003348,0.766204488996378,0.011420571033659217,0.00892106686417981,0.009903302452799112,0,-0.8660254037844386,0.5000000000000001,-0.9749279121818236,-0.2225209339563146,True,True,1,0.0,-22.2700789038,0.7434111309875197,0.6517101833606442,H005_add_calendar,3,pooled_with_corridor_thresholds,logistic,2025,0.6539879498453021,26,"{""C"": 10.0, ""class_weight"": ""balanced""}"
2025-10-11,RUB_TJS,TJS,CBR,TJS_RC_F02_09_2016_T02_09_2026.dbf,10,87.3798,8.73798,0.1144429262,1.0,False,-0.0002505672086470234,-0.0065984388393841575,-0.005966716076460488,-0.017251559658410298,-0.014773915014189787,0.0,-0.005622151029248235,0.0,0.0111904717819582,-0.0031882534285015973,0.35937267727070016,0.0111904717819582,-0.007265959545597611,0.3464956284936222,0.07212505291313653,0.014915250181885886,0.6883900131159827,0.009626810954066284,0.009973749127982521,0.008582309486632512,4,-0.8660254037844386,0.5000000000000001,-0.9749279121818236,-0.2225209339563146,True,True,1,13.1037150463,10.3202646456,0.7365196226697522,0.6517101833606442,H005_add_calendar,3,pooled_with_corridor_thresholds,logistic,2025,0.6539879498453021,26,"{""C"": 10.0, ""class_weight"": ""balanced""}"
2025-10-18,RUB_TJS,TJS,CBR,TJS_RC_F02_09_2016_T02_09_2026.dbf,10,87.7945,8.77945,0.1139023515,1.0,False,0.024807019550761034,0.015689804172456023,0.004745948148199064,-0.001249085653375337,-0.009289340617054997,0.02990549614523741,0.01517046450542825,1.0,0.02990549614523741,0.007069658944474311,0.6607142857142855,0.02990549614523741,0.0013108527625564914,0.6440228375101053,0.052796621246479214,0.015483742914301546,0.6621747631222749,0.015139321296828996,0.012016523709615465,0.010306804857922118,0,-0.8660254037844386,0.5000000000000001,-0.9749279121818236,-0.2225209339563146,True,True,1,0.0,-91.0003852094,0.7249671999701989,0.6517101833606442,H005_add_calendar,3,pooled_with_corridor_thresholds,logistic,2025,0.6539879498453021,26,"{""C"": 10.0, ""class_weight"": ""balanced""}"
2025-10-25,RUB_TJS,TJS,CBR,TJS_RC_F02_09_2016_T02_09_2026.dbf,10,87.5451,8.75451,0.1142268385,1.0,False,-0.0036623574975331863,-0.008691841603755801,-0.0028407246467604397,0.0018917415695618445,-0.015392453581394183,0.0,-0.0066462545914688365,0.0,0.026979818218503704,0.0027308334253461908,0.6762025167587904,0.026979818218503704,0.0007100809780371531,0.5960760937176007,0.04634160334083126,0.009415085683248448,0.6084043371149702,0.0057999320636274885,0.010840780738756937,0.010186981910712893,2,-0.8660254037844386,0.5000000000000001,-0.9749279121818236,-0.2225209339563146,True,True,0,315.8029404273,-9.3753823041,0.6891773167048938,0.6517101833606442,H005_add_calendar,3,pooled_with_corridor_thresholds,logistic,2025,0.6539879498453021,26,"{""C"": 10.0, ""class_weight"": ""balanced""}"
2025-11-02,RUB_TJS,TJS,CBR,TJS_RC_F02_09_2016_T02_09_2026.dbf,10,87.2774,8.72774,0.1145771987,1.0,False,0.00045737211634899744,0.021072532471027028,0.029452562148798656,-0.011391761277073309,-0.020495243738749003,0.021072532471027028,0.008854324401177172,1.0,0.029452562148798656,0.003524744210272601,0.6458872219348188,0.029452562148798656,0.002802484422950391,0.6458872219348188,0.04314204508783548,0.0046627617411227895,0.5663983429835715,0.00802403881038855,0.012993858474747174,0.011824745959512831,0,-0.5000000000000004,0.8660254037844384,-0.7818314824680299,0.6234898018587334,True,True,1,0.0,-39.7718010338,0.6733196775285447,0.6517101833606442,H005_add_calendar,3,pooled_with_corridor_thresholds,logistic,2025,0.6539879498453021,26,"{""C"": 10.0, ""class_weight"": ""balanced""}"
2025-11-07,RUB_TJS,TJS,CBR,TJS_RC_F02_09_2016_T02_09_2026.dbf,10,87.7318,8.77318,0.113983755,1.0,False,0.0021211681616886136,0.005666141280985748,0.02638863215725551,-0.010317395855894862,0.0023753511897892654,0.0119206489631285,0.004966653386518027,1.0,0.034812291520209815,0.010703234794573913,0.9562287380528102,0.034812291520209815,0.008142887906417595,0.7634247284014491,0.04857304721768707,0.008952327491868806,0.6377002620471051,0.005483381659387412,0.013001507252216061,0.011469561459660757,0,-0.5000000000000004,0.8660254037844384,-0.433883739117558,-0.9009688679024191,True,True,1,18.5337585687,-25.8317697627,0.6609316598838053,0.6517101833606442,H005_add_calendar,3,pooled_with_corridor_thresholds,logistic,2025,0.6539879498453021,26,"{""C"": 10.0, ""class_weight"": ""balanced""}"
2025-11-15,RUB_TJS,TJS,CBR,TJS_RC_F02_09_2016_T02_09_2026.dbf,10,87.4276,8.74276,0.1143803559,1.0,False,0.006533494665559969,-0.002756951407163033,-0.001617006892834283,0.008411929645679495,0.020524271821994677,0.006533494665559969,0.000567877627750013,0.7013099357390068,0.006533494665559969,2.7566425649272475e-05,0.6510267293793817,0.03122419804577481,0.0017352391383420596,0.6847387480600123,0.04493723989396159,0.0033564339773992646,0.5899668910543083,0.005787674825635262,0.004516553519054417,0.011017059496677643,0,-0.5000000000000004,0.8660254037844384,-0.9749279121818236,-0.2225209339563146,True,True,1,0.0,-2.4401648852,0.7345794682149934,0.6517101833606442,H005_add_calendar,3,pooled_with_corridor_thresholds,logistic,2025,0.6539879498453021,26,"{""C"": 10.0, ""class_weight"": ""balanced""}"
2025-11-22,RUB_TJS,TJS,CBR,TJS_RC_F02_09_2016_T02_09_2026.dbf,10,85.0559,8.50559,0.1175697394,1.0,False,-0.021992995172970375,-0.025937691821421693,-0.027127588999354968,-0.028700730393791396,-0.031991569066394776,0.0,-0.020067352015087914,0.0,0.0,-0.0233320748338689,0.0,0.0032495718349996316,-0.0215632275935691,0.09334553093447091,0.012010018263699296,-0.026179341813502344,0.16839611624570341,0.009301751180036373,0.007789809560084836,0.010352418255873387,4,-0.5000000000000004,0.8660254037844384,-0.9749279121818236,-0.2225209339563146,True,True,1,13.8497153049,103.1948995968,0.6725741351724093,0.6517101833606442,H005_add_calendar,3,pooled_with_corridor_thresholds,logistic,2025,0.6539879498453021,26,"{""C"": 10.0, ""class_weight"": ""balanced""}"
2025-11-29,RUB_TJS,TJS,CBR,TJS_RC_F02_09_2016_T02_09_2026.dbf,10,84.2425,8.42425,0.1187049292,1.0,False,-0.0002800651744888638,-0.008676179515602511,-0.009563122605251273,-0.03643128714502053,-0.02832581492370656,0.0,-0.004251427090885884,0.0,0.0,-0.017006312956578395,0.0,0.0,-0.02680217482002767,0.0,0.0,-0.0348492265904895,0.0,0.00221663592352371,0.0066410885291385635,0.005996472587443641,3,-0.5000000000000004,0.8660254037844384,-0.9749279121818236,-0.2225209339563146,True,True,1,49.6305309078,11.597571878,0.7423026168331724,0.6517101833606442,H005_add_calendar,3,pooled_with_corridor_thresholds,logistic,2025,0.6539879498453021,26,"{""C"": 10.0, ""class_weight"": ""balanced""}"
2025-12-06,RUB_TJS,TJS,CBR,TJS_RC_F02_09_2016_T02_09_2026.dbf,10,82.2937,8.22937,0.1215159848,1.0,False,-0.010978617235047006,-0.015223913103311393,-0.023133216606819773,-0.03247511342540621,-0.06024378434426714,0.0,-0.013542710037989347,0.0,0.0,-0.020462707898305732,0.0,0.0,-0.03806688775678091,0.0,0.0,-0.05288610841236974,0.0,0.007994087978747023,0.005714110317084238,0.0066522402549914214,2,-2.4492935982947064e-16,1.0,-0.9749279121818236,-0.2225209339563146,True,True,1,0.0,92.7663918708,0.6945290717046042,0.6517101833606442,H005_add_calendar,3,pooled_with_corridor_thresholds,logistic,2025,0.6539879498453021,26,"{""C"": 10.0, ""class_weight"": ""balanced""}"
2025-12-27,RUB_TJS,TJS,CBR,TJS_RC_F02_09_2016_T02_09_2026.dbf,10,84.0162,8.40162,0.1190246643,1.0,False,-0.002261105424040455,-0.012172624821431888,-0.03832343417162398,-0.02661689467245043,-0.002686292548298219,0.0,-0.009163704362212033,0.0,0.0,-0.01978783431915132,0.0,0.02093112838528355,-0.010259276205519141,0.3397033881591916,0.02093112838528355,-0.02536344758530762,0.25294057181456364,0.006226784260984472,0.008081141088829564,0.009869004274811114,5,-2.4492935982947064e-16,1.0,-0.9749279121818236,-0.2225209339563146,True,True,1,31.6248533021,30.4200028513,0.6819744713646597,0.6517101833606442,H005_add_calendar,3,pooled_with_corridor_thresholds,logistic,2025,0.6539879498453021,26,"{""C"": 10.0, ""class_weight"": ""balanced""}"
2025-01-11,RUB_UZS,UZS,CBR,UZS_RC_F02_09_2016_T02_09_2026.dbf,10000,78.7567,0.00787567,126.9733241743,1.0,False,-0.0019452491566364083,0.012229259740994092,0.02068807315669674,-0.013789493587985646,-0.030961081786079148,0.026093788068098034,0.007318586164776875,0.9288132449102595,0.026093788068098034,0.004288553015357355,0.547946704604524,0.026093788068098034,-0.0022259553744725658,0.49542373719883065,0.05031900308867532,0.007767638661348775,0.366249271986022,0.008252694694793394,0.010100923424362737,0.01395161394896529,1,0.49999999999999994,0.8660254037844387,-0.9749279121818236,-0.2225209339563146,True,True,1,0.0,9.8723963774,0.6753519887238706,0.645637910935159,H005_add_calendar,3,pooled_with_corridor_thresholds,logistic,2025,0.6539879498453021,26,"{""C"": 10.0, ""class_weight"": ""balanced""}"
2025-01-18,RUB_UZS,UZS,CBR,UZS_RC_F02_09_2016_T02_09_2026.dbf,10000,79.0518,0.00790518,126.4993333485,1.0,False,0.0008875473685676649,-0.008616873320299256,0.0037469827963843017,0.02451257380728955,-0.014518228192738736,0.0008875473685676649,-0.0026280562351045367,0.09257791864764763,0.029938543839466147,0.004185599252054306,0.7698157453936312,0.029938543839466147,-0.0002340322324543287,0.5684213130163736,0.0542545303239641,0.007682067676579196,0.39489419530188297,0.005562306053338918,0.00686845921347799,0.007918323755649012,0,0.49999999999999994,0.8660254037844387,-0.9749279121818236,-0.2225209339563146,True,True,0,53.5218679398,7.2557932579,0.6459416961061271,0.645637910935159,H005_add_calendar,3,pooled_with_corridor_thresholds,logistic,2025,0.6539879498453021,26,"{""C"": 10.0, ""class_weight"": ""balanced""}"
2025-01-25,RUB_UZS,UZS,CBR,UZS_RC_F02_09_2016_T02_09_2026.dbf,10000,75.7089,0.00757089,132.0848671689,1.0,False,-0.00758836930675677,-0.016964139639604525,-0.042287462145074395,-0.03869892974185041,-0.051954784686298994,0.00023780930072181405,-0.012488401037534902,0.006127033834844402,0.00023780930072181405,-0.028915173077766587,0.004446640316206968,0.00023780930072181405,-0.031754031001074656,0.003815095059453136,0.003911745712660508,-0.03619584243565366,0.029883404074272965,0.011172631852600897,0.009660789233547788,0.009708591533918629,1,0.49999999999999994,0.8660254037844387,-0.9749279121818236,-0.2225209339563146,True,True,0,107.4774564153,19.8430932401,0.6505518966635676,0.645637910935159,H005_add_calendar,3,pooled_with_corridor_thresholds,logistic,2025,0.6539879498453021,26,"{""C"": 10.0, ""class_weight"": ""balanced""}"
2025-01-31,RUB_UZS,UZS,CBR,UZS_RC_F02_09_2016_T02_09_2026.dbf,10000,75.5734,0.00755734,132.3216899068,1.0,False,0.0004461230319949827,0.009055319967100628,-0.009364537973306386,-0.043153034183867844,-0.02371174374006091,0.009055319967100628,0.0015319821145063361,0.8334767113186652,0.009055319967100628,-0.010772240981114845,0.16316219987489736,0.009055319967100628,-0.02441574723784068,0.1400169292070104,0.009055319967100628,-0.03766838188656818,0.06527178934400962,0.007711396935345051,0.009852156521568711,0.008974922290437885,0,0.49999999999999994,0.8660254037844387,-0.433883739117558,-0.9009688679024191,True,True,1,11.2208793041,-18.3298459471,0.673391679810071,0.645637910935159,H005_add_calendar,3,pooled_with_corridor_thresholds,logistic,2025,0.6539879498453021,26,"{""C"": 10.0, ""class_weight"": ""balanced""}"
2025-02-08,RUB_UZS,UZS,CBR,UZS_RC_F02_09_2016_T02_09_2026.dbf,10000,75.0019,0.00750019,133.3299556411,1.0,False,0.004973824444900021,-0.011606086243750258,-0.006447331120195576,-0.009338400108837908,-0.04767594376097517,0.004973824444900021,-0.00784890688884643,0.1548860886255559,0.004973824444900021,-0.006656425333115723,0.1548860886255559,0.004973824444900021,-0.022570936909138695,0.0726674758231875,0.004973824444900021,-0.0440277176504148,0.034838431144356814,0.014159981245442679,0.010542281664299102,0.009961766063650469,0,0.8660254037844386,0.5000000000000001,-0.9749279121818236,-0.2225209339563146,True,True,1,40.9456293774,12.0651196857,0.7515322673031312,0.645637910935159,H005_add_calendar,3,pooled_with_corridor_thresholds,logistic,2025,0.6539879498453021,26,"{""C"": 10.0, ""class_weight"": ""balanced""}"
2025-02-22,RUB_UZS,UZS,CBR,UZS_RC_F02_09_2016_T02_09_2026.dbf,10000,68.1888,0.00681888,146.6516495378,1.0,False,-0.00232341735481556,-0.030898385370699555,-0.018132965480697094,-0.09083903207785404,-0.0993291409596494,0.0,-0.017423283745886198,0.0,0.0,-0.03623571553655214,0.0,0.0,-0.06754860244011485,0.0,0.0,-0.11873654140072576,0.0,0.012126945508742623,0.012581608191130531,0.012112907262854734,4,0.8660254037844386,0.5000000000000001,-0.9749279121818236,-0.2225209339563146,True,True,1,0.0,82.397769482,0.6929806764834342,0.645637910935159,H005_add_calendar,3,pooled_with_corridor_thresholds,logistic,2025,0.6539879498453021,26,"{""C"": 10.0, ""class_weight"": ""balanced""}"
2025-04-05,RUB_UZS,UZS,CBR,UZS_RC_F02_09_2016_T02_09_2026.dbf,10000,65.228,0.0065228,153.3083951677,1.0,False,-0.0016713296560000312,-0.005705592639282608,0.006558338348533255,-0.0038150334922676388,-0.054661186441660625,0.0,-0.005041602525499234,0.0,0.006558338348533255,-0.0003504934110458713,0.302383493418711,0.03589289145739327,-0.0048019055660332155,0.41455272473816385,0.03589289145739327,-0.07658658298482279,0.1347623874545343,0.011802756594303717,0.008780829450133344,0.013150784173545305,4,0.8660254037844387,-0.49999999999999983,-0.9749279121818236,-0.2225209339563146,True,True,1,0.0,43.9109674499,0.7104880945146469,0.645637910935159,H005_add_calendar,3,pooled_with_corridor_thresholds,logistic,2025,0.6539879498453021,26,"{""C"": 10.0, ""class_weight"": ""balanced""}"
2025-04-12,RUB_UZS,UZS,CBR,UZS_RC_F02_09_2016_T02_09_2026.dbf,10000,64.776,0.0064776,154.3781647524,1.0,False,-0.011527298363837812,-0.01723659237074837,-0.006929539461580814,-0.00041664737743618563,-0.020585900585900596,0.0,-0.016209697873587614,0.0,0.0,-0.0140775827914712,0.0,0.02871463078806813,-0.006953365394970934,0.5019990004997503,0.02871463078806813,-0.06823734516113023,0.1154538720882714,0.014900396813243946,0.012749989185921996,0.013693895280061806,2,0.8660254037844387,-0.49999999999999983,-0.9749279121818236,-0.2225209339563146,True,True,0,156.3078918118,55.4936230473,0.6979991062588269,0.645637910935159,H005_add_calendar,3,pooled_with_corridor_thresholds,logistic,2025,0.6539879498453021,26,"{""C"": 10.0, ""class_weight"": ""balanced""}"
2025-04-19,RUB_UZS,UZS,CBR,UZS_RC_F02_09_2016_T02_09_2026.dbf,10000,62.5844,0.00625844,159.7842273793,1.0,False,-0.008463432332149301,-0.01374327295076161,-0.03383351858713113,-0.04052860734653829,-0.04418902284438386,0.0,-0.011450759082309303,0.0,0.0,-0.030845981932696165,0.0,0.0,-0.03588146674051873,0.0,0.0,-0.08511389955087312,0.0,0.006614306971144605,0.011253871300789605,0.010008212502358794,2,0.8660254037844387,-0.49999999999999983,-0.9749279121818236,-0.2225209339563146,True,True,1,26.3324406721,51.7926224125,0.6565867382955765,0.645637910935159,H005_add_calendar,3,pooled_with_corridor_thresholds,logistic,2025,0.6539879498453021,26,"{""C"": 10.0, ""class_weight"": ""balanced""}"
2025-04-26,RUB_UZS,UZS,CBR,UZS_RC_F02_09_2016_T02_09_2026.dbf,10000,63.9389,0.00639389,156.3993124686,1.0,False,-0.00526159394247705,0.013267471399344144,0.021642773598532727,-0.012922996171421453,-0.013334259216394195,0.02434011111894341,0.006311510550871313,0.8179273216689118,0.02434011111894341,0.008124576951706208,0.8179273216689118,0.02434011111894341,-0.009655176259319331,0.3660875641550805,0.02434011111894341,-0.051592415941284164,0.1040067909390252,0.008189025862410118,0.009156956117990993,0.010824120859857655,1,0.8660254037844387,-0.49999999999999983,-0.9749279121818236,-0.2225209339563146,True,True,1,36.1908009052,-16.0499454969,0.6942077280151502,0.645637910935159,H005_add_calendar,3,pooled_with_corridor_thresholds,logistic,2025,0.6539879498453021,26,"{""C"": 10.0, ""class_weight"": ""balanced""}"
2025-05-16,RUB_UZS,UZS,CBR,UZS_RC_F02_09_2016_T02_09_2026.dbf,10000,61.874,0.0061874,161.6187736367,1.0,False,-0.00234281909018641,-0.014742085165876384,-0.011261020123460419,-0.03229489403164587,-0.044800543411139926,0.0,-0.007534677900299158,0.0,0.0,-0.013853451234005942,0.0,0.0,-0.019171601535173832,0.0,0.0,-0.0563064582523819,0.0,0.004295318740729546,0.006269115359977944,0.007706166491075466,3,0.49999999999999994,-0.8660254037844387,-0.433883739117558,-0.9009688679024191,True,True,1,0.0,67.1147096225,0.6782724150330828,0.645637910935159,H005_add_calendar,3,pooled_with_corridor_thresholds,logistic,2025,0.6539879498453021,26,"{""C"": 10.0, ""class_weight"": ""balanced""}"
2025-05-23,RUB_UZS,UZS,CBR,UZS_RC_F02_09_2016_T02_09_2026.dbf,10000,61.6294,0.00616294,162.26021996,1.0,False,-0.0036955608005431184,-0.010028319601887103,-0.003953195203154736,-0.015169698315880553,-0.01525939371472751,0.0,-0.007557643700224381,0.0,0.0,-0.009511705249156788,0.0,0.0,-0.018339298404423277,0.0,0.0,-0.05123516001037076,0.0,0.00632583714226652,0.005156805181389309,0.007157790649108738,2,0.49999999999999994,-0.8660254037844387,-0.433883739117558,-0.9009688679024191,True,True,1,0.0,48.4629187969,0.6941039267624521,0.645637910935159,H005_add_calendar,3,pooled_with_corridor_thresholds,logistic,2025,0.6539879498453021,26,"{""C"": 10.0, ""class_weight"": ""balanced""}"
2025-05-31,RUB_UZS,UZS,CBR,UZS_RC_F02_09_2016_T02_09_2026.dbf,10000,61.5723,0.00615723,162.4106944194,1.0,False,0.006461578697876558,0.0007102388157702588,-0.003195741601464963,-0.011617118274046545,-0.03351567711807868,0.006461578697876558,0.0004471540884538605,0.6654882154882127,0.006461578697876558,-0.003186381803723326,0.3089488081281707,0.006461578697876558,-0.009862252653709769,0.17585301837270095,0.006461578697876558,-0.04265523963160789,0.04701474785918105,0.0062405769930793924,0.005437936269679345,0.006139029808400286,0,0.49999999999999994,-0.8660254037844387,-0.9749279121818236,-0.2225209339563146,True,True,1,0.0,1.2248906124,0.7893185886928739,0.645637910935159,H005_add_calendar,3,pooled_with_corridor_thresholds,logistic,2025,0.6539879498453021,26,"{""C"": 10.0, ""class_weight"": ""balanced""}"
2025-06-06,RUB_UZS,UZS,CBR,UZS_RC_F02_09_2016_T02_09_2026.dbf,10000,61.6649,0.00616649,162.1668080221,1.0,False,0.009964541039856556,-0.0032409068720156142,0.007975219445216286,0.0005760237808578594,-0.014602412642001128,0.009964541039856556,0.002360545438467865,0.7521325256521236,0.009964541039856556,0.0018347097582742666,0.7521325256521236,0.009964541039856556,-0.0035823587012374647,0.3489932885906055,0.009964541039856556,-0.03340304699943253,0.08262599649613671,0.007696466099439172,0.006420996154314437,0.005726495319096762,0,1.2246467991473532e-16,-1.0,-0.433883739117558,-0.9009688679024191,True,True,1,0.0,-12.3561426753,0.7240638595004347,0.645637910935159,H005_add_calendar,3,pooled_with_corridor_thresholds,logistic,2025,0.6539879498453021,26,"{""C"": 10.0, ""class_weight"": ""balanced""}"
2025-06-20,RUB_UZS,UZS,CBR,UZS_RC_F02_09_2016_T02_09_2026.dbf,10000,62.1968,0.00621968,160.7799758187,1.0,False,0.0009446700172679456,0.010925711016406492,0.005911245598911874,0.01232924203237995,-0.004158094033447357,0.010925711016406492,0.0028584548864616366,0.8318277440910778,0.018676144227068425,0.005937438793563343,0.8935119887165026,0.018676144227068425,0.0075761637981937024,0.8935119887165026,0.018676144227068425,-0.0168453459524337,0.20683087861858845,0.008364676196097386,0.006911542811382981,0.006420663315006433,0,1.2246467991473532e-16,-1.0,-0.433883739117558,-0.9009688679024191,True,True,1,0.0,-2.2445327708,0.6786713942924848,0.645637910935159,H005_add_calendar,3,pooled_with_corridor_thresholds,logistic,2025,0.6539879498453021,26,"{""C"": 10.0, ""class_weight"": ""balanced""}"
2025-06-27,RUB_UZS,UZS,CBR,UZS_RC_F02_09_2016_T02_09_2026.dbf,10000,62.4107,0.00624107,160.2289351025,1.0,False,-0.0058254375848249,-0.0038069121393410343,0.003439083682761801,0.009370658549957556,0.01433642241169153,0.0,-0.004621655209019249,0.0,0.01440236913364723,0.0008130211674148846,0.5414604338527322,0.022179456732698277,0.0069292768784865455,0.6434476860210958,0.022179456732698277,-0.010273889871779018,0.24562867300297428,0.006426502022370385,0.007037253740842846,0.006578567522389035,2,1.2246467991473532e-16,-1.0,-0.433883739117558,-0.9009688679024191,True,True,1,10.7193157584,26.3430167149,0.6462982152815435,0.645637910935159,H005_add_calendar,3,pooled_with_corridor_thresholds,logistic,2025,0.6539879498453021,26,"{""C"": 10.0, ""class_weight"": ""balanced""}"
2025-07-04,RUB_UZS,UZS,CBR,UZS_RC_F02_09_2016_T02_09_2026.dbf,10000,62.5674,0.00625674,159.827641871,1.0,False,0.008354687424454887,0.008216573339241862,0.0025107874130558816,0.005958505903840727,0.018361211797660593,0.012892781402276343,0.006590651461909625,1.0,0.012892781402276343,0.00221515251458837,0.5729084238544027,0.02474593204654707,0.007049802508957148,0.7179036396464907,0.02474593204654707,-0.0035265826740201733,0.27405136762678733,0.00575068892190009,0.005750075016622611,0.006196492460180654,0,-0.4999999999999998,-0.8660254037844388,-0.433883739117558,-0.9009688679024191,True,True,1,0.0,-27.2286549942,0.7029441536193232,0.645637910935159,H005_add_calendar,3,pooled_with_corridor_thresholds,logistic,2025,0.6539879498453021,26,"{""C"": 10.0, ""class_weight"": ""balanced""}"
2025-07-11,RUB_UZS,UZS,CBR,UZS_RC_F02_09_2016_T02_09_2026.dbf,10000,61.5672,0.00615672,162.4241479229,1.0,False,0.0011773353194091118,-0.014003484856249693,-0.015985960739938077,-0.013515310675893621,-0.004271299487476399,0.0011773353194091118,-0.006806035254585119,0.05636873248209548,0.0011773353194091118,-0.008155181396481637,0.05636873248209548,0.0011773353194091118,-0.010439478397363033,0.04344955890296086,0.008364383808439735,-0.014346812971126277,0.11412545531743788,0.006194812900688987,0.005965918214735968,0.006458242288339056,0,-0.4999999999999998,-0.8660254037844388,-0.433883739117558,-0.9009688679024191,True,True,1,0.0,26.2344250458,0.7108254679597409,0.645637910935159,H005_add_calendar,3,pooled_with_corridor_thresholds,logistic,2025,0.6539879498453021,26,"{""C"": 10.0, ""class_weight"": ""balanced""}"
2025-07-18,RUB_UZS,UZS,CBR,UZS_RC_F02_09_2016_T02_09_2026.dbf,10000,61.2819,0.00612819,163.1803191481,1.0,False,0.004466524830599949,-0.01358531626906001,-0.004633960940240822,-0.020545843362517857,-0.014709759987652005,0.004466524830599949,-0.0033901248911211157,0.2440662785490413,0.004466524830599949,-0.007415484324275523,0.15397220024861755,0.004466524830599949,-0.012926270391186656,0.12664404889157593,0.004466524830599949,-0.015314981913856385,0.08339198824861643,0.008017488466066211,0.0068624947746871254,0.006311384116466633,0,-0.4999999999999998,-0.8660254037844388,-0.433883739117558,-0.9009688679024191,True,True,1,0.0,56.4384396121,0.7166342352930122,0.645637910935159,H005_add_calendar,3,pooled_with_corridor_thresholds,logistic,2025,0.6539879498453021,26,"{""C"": 10.0, ""class_weight"": ""balanced""}"
2025-07-25,RUB_UZS,UZS,CBR,UZS_RC_F02_09_2016_T02_09_2026.dbf,10000,61.7921,0.00617921,161.8329851227,1.0,False,0.0006769197882439126,-0.00771129378551938,0.008325459882934316,0.0036529190867864436,-0.009911761925438967,0.0006769197882439126,-0.002193194927263775,0.08007662835249595,0.012829170586827532,0.0013443713524445844,0.6197640351571773,0.012829170586827532,-0.0016024874586533233,0.44225336196180354,0.012829170586827532,-0.00564262673823912,0.23952627230161935,0.006270565464594069,0.0069203056312533906,0.006350758171783747,0,-0.4999999999999998,-0.8660254037844388,-0.433883739117558,-0.9009688679024191,True,True,1,0.0,87.9525957485,0.6776102387718778,0.645637910935159,H005_add_calendar,3,pooled_with_corridor_thresholds,logistic,2025,0.6539879498453021,26,"{""C"": 10.0, ""class_weight"": ""balanced""}"
2025-08-02,RUB_UZS,UZS,CBR,UZS_RC_F02_09_2016_T02_09_2026.dbf,10000,63.2889,0.00632889,158.0055902378,1.0,False,-0.007790135108441065,-0.036704494949802435,0.00665975295131882,0.0229765595450917,0.008118931110941308,0.0006308400132808423,-0.015699622820861903,0.01627641347801494,0.024916478138567788,0.0011940502507219453,0.38950912635123247,0.037363094867348234,0.013741814260979535,0.4859305052227674,0.037363094867348234,0.0176219904071635,0.4859305052227674,0.023767981353773487,0.016991515557677764,0.012972172472079555,3,-0.8660254037844384,-0.5000000000000004,-0.9749279121818236,-0.2225209339563146,True,True,0,107.0961890632,98.5491193404,0.7087005751100355,0.645637910935159,H005_add_calendar,3,pooled_with_corridor_thresholds,logistic,2025,0.6539879498453021,26,"{""C"": 10.0, ""class_weight"": ""balanced""}"
2025-08-09,RUB_UZS,UZS,CBR,UZS_RC_F02_09_2016_T02_09_2026.dbf,10000,63.3485,0.00633485,157.8569342605,1.0,False,-0.0022695558222531886,-0.00118725147342158,0.0009417133178171166,0.007607737847183715,0.02761903062490778,0.011777464379319369,-0.0005020485854284606,0.5213149522799598,0.011777464379319369,-0.007688675979419357,0.23869484996601217,0.038339993509197035,0.008164896713169556,0.4986356853549357,0.038339993509197035,0.017359383203842116,0.4986356853549357,0.0105758453709299,0.017357074334391653,0.013402145027939797,2,-0.8660254037844384,-0.5000000000000004,-0.9749279121818236,-0.2225209339563146,True,True,0,76.3080420215,9.3071438581,0.6973204334206807,0.645637910935159,H005_add_calendar,3,pooled_with_corridor_thresholds,logistic,2025,0.6539879498453021,26,"{""C"": 10.0, ""class_weight"": ""balanced""}"
2025-08-15,RUB_UZS,UZS,CBR,UZS_RC_F02_09_2016_T02_09_2026.dbf,10000,63.8237,0.00638237,156.6816088694,1.0,False,0.00300475386005572,0.015248524220911053,0.005214780935101082,0.0005941761332459716,0.041477173521055954,0.015248524220911053,0.006322974683504512,1.0,0.019367172913429043,0.006753787411543533,0.8572640509013796,0.033577164807296445,0.0093351765573908,0.5248981038454726,0.046128957177090646,0.02365259033487055,0.5999360477510126,0.006331879309019158,0.008622126497902753,0.013111717396759193,0,-0.8660254037844384,-0.5000000000000004,-0.433883739117558,-0.9009688679024191,True,True,1,34.9086624561,-49.4480479459,0.6798030166414373,0.645637910935159,H005_add_calendar,3,pooled_with_corridor_thresholds,logistic,2025,0.6539879498453021,26,"{""C"": 10.0, ""class_weight"": ""balanced""}"
2025-08-22,RUB_UZS,UZS,CBR,UZS_RC_F02_09_2016_T02_09_2026.dbf,10000,64.3767,0.00643767,155.3357037562,1.0,False,0.006576385989764955,0.004355864113265051,0.008664492970479776,0.013924457338335472,0.04182735333481147,0.012197940595180423,0.0048719588889838406,1.0,0.024045137922312998,0.00993150217519756,1.0,0.02819947261747524,0.009552347690212848,0.5715210565500282,0.055193134172766944,0.029258330303818525,0.7178213600511625,0.0058668242962823455,0.005765977350822129,0.013071770303028262,0,-0.8660254037844384,-0.5000000000000004,-0.433883739117558,-0.9009688679024191,True,True,1,0.0,27.2336470315,0.6839923385450586,0.645637910935159,H005_add_calendar,3,pooled_with_corridor_thresholds,logistic,2025,0.6539879498453021,26,"{""C"": 10.0, ""class_weight"": ""balanced""}"
2025-08-30,RUB_UZS,UZS,CBR,UZS_RC_F02_09_2016_T02_09_2026.dbf,10000,64.356,0.0064356,155.3856672261,1.0,False,-0.0050661913279543835,-0.016536238063146746,-0.010645902672621332,0.01187247350273335,0.016860776534273647,0.0,-0.00954960639615876,0.0,0.006252726479569537,-0.004783090776660726,0.26983805668015837,0.027868860313905897,0.0048399572682267245,0.6172267421294648,0.054853842194809266,0.02318830410571615,0.7134086548710288,0.004747411743872408,0.00621826828319969,0.007138505024221625,3,-0.8660254037844384,-0.5000000000000004,-0.9749279121818236,-0.2225209339563146,True,True,1,0.0,49.4839886617,0.7026328925004252,0.645637910935159,H005_add_calendar,3,pooled_with_corridor_thresholds,logistic,2025,0.6539879498453021,26,"{""C"": 10.0, ""class_weight"": ""balanced""}"
2025-09-06,RUB_UZS,UZS,CBR,UZS_RC_F02_09_2016_T02_09_2026.dbf,10000,65.5742,0.00655742,152.4990011315,1.0,False,-0.0018767837436737267,0.01383909176225373,0.018929081981478024,0.00808166214439976,0.03513421785835491,0.017731954922809656,0.007398690480945547,0.9025912466424358,0.018929081981478024,0.008297897040880464,0.9080879612374173,0.043093862890538404,0.017062823220924894,0.9564680129925134,0.07482125705219178,0.038158277095885484,0.973097420592623,0.004392127238156137,0.005314298308972483,0.005724347558879941,1,-1.0,-1.8369701987210297e-16,-0.9749279121818236,-0.2225209339563146,True,True,1,0.0,-23.5248080489,0.6866291768418838,0.645637910935159,H005_add_calendar,3,pooled_with_corridor_thresholds,logistic,2025,0.6539879498453021,26,"{""C"": 10.0, ""class_weight"": ""balanced""}"
2025-09-20,RUB_UZS,UZS,CBR,UZS_RC_F02_09_2016_T02_09_2026.dbf,10000,67.8785,0.00678785,147.3220533748,1.0,False,9.1348016790338e-05,0.011558367820168725,0.0013143647826945326,0.035140344830741466,0.0435059993697009,0.015404936820012871,0.006315555390830729,1.0,0.032177961874870764,0.004462617641849187,0.5976333032083139,0.05473460128037799,0.0237198167157171,0.7120189197930137,0.11259084665641694,0.060050419098507835,0.8282210808073496,0.008282350512077883,0.013935255395015469,0.010359677990746215,0,-1.0,-1.8369701987210297e-16,-0.9749279121818236,-0.2225209339563146,True,True,1,0.0,-19.9640322664,0.6536195408479062,0.645637910935159,H005_add_calendar,3,pooled_with_corridor_thresholds,logistic,2025,0.6539879498453021,26,"{""C"": 10.0, ""class_weight"": ""balanced""}"
2025-09-27,RUB_UZS,UZS,CBR,UZS_RC_F02_09_2016_T02_09_2026.dbf,10000,68.5359,0.00685359,145.9089323989,1.0,False,0.0016471021524862017,0.007855685960792114,0.009684951788857976,0.011012046131106068,0.06494965504381867,0.007855685960792114,0.0019806895922567236,0.5301707026597786,0.025239084679283152,0.008972055955808411,0.780894196056648,0.06369845898835513,0.02046076247004991,0.8424920455711783,0.12336623536700886,0.061810854208010246,0.9074851093587974,0.008374821566506095,0.007901393886571958,0.010553013207989393,0,-1.0,-1.8369701987210297e-16,-0.9749279121818236,-0.2225209339563146,True,True,1,39.1765483491,-9.2216028356,0.7090487330382454,0.645637910935159,H005_add_calendar,3,pooled_with_corridor_thresholds,logistic,2025,0.6539879498453021,26,"{""C"": 10.0, ""class_weight"": ""balanced""}"
2025-10-04,RUB_UZS,UZS,CBR,UZS_RC_F02_09_2016_T02_09_2026.dbf,10000,67.685,0.0067685,147.7432222797,1.0,False,0.009661785304599046,-0.011230932395279725,-0.012415391057825076,-0.0028506817328018963,0.03218948915884612,0.009661785304599046,-0.0016257783365848377,0.4572537945640692,0.009661785304599046,-0.006062161754957773,0.32844827586207015,0.029235551013953254,-0.002246180663682873,0.5429846362403983,0.10941920425377072,0.04052372438160967,0.8048904000578746,0.00895405987817302,0.008499092087720924,0.011401823275942495,0,-0.8660254037844386,0.5000000000000001,-0.9749279121818236,-0.2225209339563146,True,True,1,0.0,23.23654423,0.7135458362917935,0.645637910935159,H005_add_calendar,3,pooled_with_corridor_thresholds,logistic,2025,0.6539879498453021,26,"{""C"": 10.0, ""class_weight"": ""balanced""}"
2025-10-11,RUB_UZS,UZS,CBR,UZS_RC_F02_09_2016_T02_09_2026.dbf,10000,66.9696,0.00669696,149.3214831804,1.0,False,-0.006932385882548298,-0.017306196716019295,-0.010569550121888205,-0.02285371608164477,-0.012093336126297038,0.0,-0.012578966877480835,0.0,0.0,-0.0123785964631824,0.0,0.0018085617222174388,-0.01323338989434164,0.05595667870036175,0.08452266628664162,0.0212987117559702,0.6910325835109693,0.010708400970654662,0.009308017639665857,0.008581638865356457,4,-0.8660254037844386,0.5000000000000001,-0.9749279121818236,-0.2225209339563146,True,True,0,55.637184633,43.3893245143,0.7382628465622123,0.645637910935159,H005_add_calendar,3,pooled_with_corridor_thresholds,logistic,2025,0.6539879498453021,26,"{""C"": 10.0, ""class_weight"": ""balanced""}"
2025-10-18,RUB_UZS,UZS,CBR,UZS_RC_F02_09_2016_T02_09_2026.dbf,10000,66.5928,0.00665928,150.1663843539,1.0,False,0.030138681558369296,0.011861022728308912,-0.00562643348623848,-0.01613651473738642,-0.018941196402395444,0.030138681558369296,0.014059490612996939,0.997848911651728,0.030138681558369296,-0.0022972118383493,0.46662515268363935,0.030138681558369296,-0.01229828998631377,0.44636638563049813,0.06359415503001853,0.01100280257201014,0.5949851317224785,0.01843249879353423,0.01422300458996578,0.011422458895322325,0,-0.8660254037844386,0.5000000000000001,-0.9749279121818236,-0.2225209339563146,True,True,1,0.0,-87.0104122532,0.7147817929747434,0.645637910935159,H005_add_calendar,3,pooled_with_corridor_thresholds,logistic,2025,0.6539879498453021,26,"{""C"": 10.0, ""class_weight"": ""balanced""}"
2025-10-25,RUB_UZS,UZS,CBR,UZS_RC_F02_09_2016_T02_09_2026.dbf,10000,66.7566,0.00667566,149.7979226024,1.0,False,-0.005966588889070867,-0.010302217148617898,0.0024597253757163706,-0.0031805475917431325,-0.02596157634174201,0.0,-0.008195432890663268,0.0,0.032672539813905166,0.0040266889781703785,0.6325925482209174,0.032672539813905166,-0.005842610287506433,0.5058558666443125,0.06621030456260946,0.009644924207613759,0.6194617534107375,0.009218788172548224,0.013762832961874196,0.011482774098653248,2,-0.8660254037844386,0.5000000000000001,-0.9749279121818236,-0.2225209339563146,True,True,0,235.6920514226,16.0005948145,0.6751636876746737,0.645637910935159,H005_add_calendar,3,pooled_with_corridor_thresholds,logistic,2025,0.6539879498453021,26,"{""C"": 10.0, ""class_weight"": ""balanced""}"
2025-11-08,RUB_UZS,UZS,CBR,UZS_RC_F02_09_2016_T02_09_2026.dbf,10000,67.559,0.0067559,148.0187687799,1.0,False,-0.006191536027561173,0.004390183709787054,0.006249683494341518,0.005981479303069026,0.001807610350978761,0.004390183709787054,-0.0014106982483337305,0.4123149958112205,0.03644804182672834,0.008685785098671461,0.8495011978403093,0.04508504203760566,0.012215233465445507,0.8729184138013645,0.06223339606829459,0.013516072966136328,0.6941234238815908,0.006728473392971458,0.011687421746080656,0.012462371835214642,1,-0.5000000000000004,0.8660254037844384,-0.9749279121818236,-0.2225209339563146,True,True,0,57.0464334878,2.4903240973,0.6524021293911751,0.645637910935159,H005_add_calendar,3,pooled_with_corridor_thresholds,logistic,2025,0.6539879498453021,26,"{""C"": 10.0, ""class_weight"": ""balanced""}"
2025-11-15,RUB_UZS,UZS,CBR,UZS_RC_F02_09_2016_T02_09_2026.dbf,10000,67.6904,0.00676904,147.7314360677,1.0,False,0.005463247111668235,-0.00032637991508222,0.0019449666217676853,0.008206805541902229,0.04711769756127748,0.007693498636369034,0.0022467132158086045,0.8327425072510346,0.007693498636369034,0.0013883844663669098,0.6409524990698164,0.03846389867327771,0.007415225780450285,0.8953965929788207,0.05181179687985571,0.01109597460758538,0.6739974126778775,0.006628948045867202,0.0063131638951086574,0.011498906201015327,0,-0.5000000000000004,0.8660254037844384,-0.9749279121818236,-0.2225209339563146,True,True,1,44.9546759954,-11.5405760484,0.7241189027713494,0.645637910935159,H005_add_calendar,3,pooled_with_corridor_thresholds,logistic,2025,0.6539879498453021,26,"{""C"": 10.0, ""class_weight"": ""balanced""}"
2025-11-29,RUB_UZS,UZS,CBR,UZS_RC_F02_09_2016_T02_09_2026.dbf,10000,65.7254,0.00657254,152.1481801556,1.0,False,-0.0020194842267653446,-0.0021255469487774237,-0.009047802127386873,-0.0290292271873116,-0.021060658867967263,0.0,-0.001784854013157422,0.0,0.0,-0.013109608507581583,0.0,0.0,-0.020449565084489252,0.0,0.0167206800269164,-0.02219035416677151,0.2320175156159441,0.002513294893040639,0.007142719622021328,0.006837703701306738,1,-0.5000000000000004,0.8660254037844384,-0.9749279121818236,-0.2225209339563146,True,True,0,99.3375468236,-5.7392784342,0.7205093793122647,0.645637910935159,H005_add_calendar,3,pooled_with_corridor_thresholds,logistic,2025,0.6539879498453021,26,"{""C"": 10.0, ""class_weight"": ""balanced""}"
2025-12-06,RUB_UZS,UZS,CBR,UZS_RC_F02_09_2016_T02_09_2026.dbf,10000,63.6063,0.00636063,157.2171310075,1.0,False,-0.015597214849390473,-0.023234279238259603,-0.03224172085677679,-0.040997806273605164,-0.058507378735623616,0.0,-0.018500967359748377,0.0,0.0,-0.02629642448903613,0.0,0.0,-0.04186052256812578,0.0,0.0,-0.050829983877646034,0.0,0.010269234910098662,0.007466858561839821,0.007866542631521903,2,-2.4492935982947064e-16,1.0,-0.9749279121818236,-0.2225209339563146,True,True,1,0.0,122.340400751,0.664518134166435,0.645637910935159,H005_add_calendar,3,pooled_with_corridor_thresholds,logistic,2025,0.6539879498453021,26,"{""C"": 10.0, ""class_weight"": ""balanced""}"
2025-12-13,RUB_UZS,UZS,CBR,UZS_RC_F02_09_2016_T02_09_2026.dbf,10000,66.1796,0.00661796,151.1039655725,1.0,False,0.0026984235206775065,0.033089342943089184,0.04045668432215055,0.006910570342668176,-0.022319265361114615,0.033089342943089184,0.015857792557453454,1.0,0.04045668432215055,0.0185254869152236,1.0,0.04045668432215055,0.005964915507480795,0.6152246156788677,0.04045668432215055,-0.009611624139004404,0.4762724412363498,0.010664673392113388,0.012482737484279118,0.010076415705173779,0,-2.4492935982947064e-16,1.0,-0.9749279121818236,-0.2225209339563146,True,True,0,76.7003729246,-88.9798256207,0.6542026322465633,0.645637910935159,H005_add_calendar,3,pooled_with_corridor_thresholds,logistic,2025,0.6539879498453021,26,"{""C"": 10.0, ""class_weight"": ""balanced""}"
2025-12-27,RUB_UZS,UZS,CBR,UZS_RC_F02_09_2016_T02_09_2026.dbf,10000,64.4358,0.00644358,155.193231092,1.0,False,-0.00071647901740024,-0.011769361012956336,-0.04241640659830581,-0.026349509516527703,-0.019621029312868354,0.0,-0.009398110169981377,0.0,0.0,-0.019295746351798093,0.0,0.013041161017069092,-0.013834535166918571,0.22518120368108174,0.013041161017069092,-0.029867762688441157,0.1591061666826508,0.007028079958718795,0.010148761970833463,0.011207249274328217,5,-2.4492935982947064e-16,1.0,-0.9749279121818236,-0.2225209339563146,True,True,1,5.1058573029,29.6799267363,0.6862544724441699,0.645637910935159,H005_add_calendar,3,pooled_with_corridor_thresholds,logistic,2025,0.6539879498453021,26,"{""C"": 10.0, ""class_weight"": ""balanced""}"
2026-01-16,RUB_AMD,AMD,CBR,AMD_RC_F02_09_2016_T02_09_2026.dbf,100,20.6969,0.206969,4.8316414536,1.0,False,0.001849099894959405,0.0012045278637771162,0.019416136769986103,-0.004487691316100939,0.021942970003703044,0.008984721585757027,0.0023129292551651304,0.9554173146708121,0.019416136769986103,0.007205272901049442,0.9786494538232365,0.028427611702973365,0.0015599091492650707,0.5522200772200759,0.03765184824951495,-0.006144499582430241,0.5359691692834706,0.005093682445940145,0.006083983015162852,0.008803636157092124,0,0.49999999999999994,0.8660254037844387,-0.433883739117558,-0.9009688679024191,True,True,0,103.3488106915,-48.2861603486,0.8216431013280809,0.7967878278143241,H005_add_calendar,3,pooled_with_corridor_thresholds,logistic,2026,0.6937522174728412,26,"{""C"": 10.0, ""class_weight"": ""none""}"
2026-01-24,RUB_AMD,AMD,CBR,AMD_RC_F02_09_2016_T02_09_2026.dbf,100,20.0292,0.200292,4.9927106425,1.0,False,-0.001465705482934898,-0.024056054456241593,-0.022154957769857986,-0.023566003334535846,-0.03734926440549258,0.0,-0.014103364291297549,0.0,0.0,-0.021986408827962656,0.0,0.0,-0.02663259987680533,0.0,0.004176296883068753,-0.03538902352796036,0.05944904367684846,0.008353293545209516,0.007458025217892325,0.00828989613296176,3,0.49999999999999994,0.8660254037844387,-0.9749279121818236,-0.2225209339563146,True,True,1,0.0,68.8992761574,0.8359319546434817,0.7967878278143241,H005_add_calendar,3,pooled_with_corridor_thresholds,logistic,2026,0.6937522174728412,26,"{""C"": 10.0, ""class_weight"": ""none""}"
2026-01-30,RUB_AMD,AMD,CBR,AMD_RC_F02_09_2016_T02_09_2026.dbf,100,20.0541,0.200541,4.9865114864,1.0,False,-0.003790287326630448,-0.0004336383755009221,-0.00022434267595938806,-0.031057791263425893,-0.03540610479937667,0.0012431849499729974,-0.002108827018462933,0.14091680814940608,0.0012431849499729974,-0.009746448160825594,0.05043548713793789,0.0012431849499729974,-0.0169635924424123,0.03681798018630778,0.005424673742473463,-0.03065524217667903,0.08134726712277265,0.004586878137654139,0.007217816823324123,0.0066422793533310555,2,0.49999999999999994,0.8660254037844387,-0.433883739117558,-0.9009688679024191,True,True,1,26.3786457632,5.5604285446,0.8058338033728242,0.7967878278143241,H005_add_calendar,3,pooled_with_corridor_thresholds,logistic,2026,0.6937522174728412,26,"{""C"": 10.0, ""class_weight"": ""none""}"
2026-02-07,RUB_AMD,AMD,CBR,AMD_RC_F02_09_2016_T02_09_2026.dbf,100,20.4008,0.204008,4.9017685581,1.0,False,0.007377267744452132,0.002895501403507028,0.019978801271923752,0.018552912747388906,-0.00545030859081741,0.007377267744452132,0.003506231332564669,1.0,0.019978801271923752,0.009430881436106375,1.0,0.019978801271923752,0.0027508210314803883,0.5673718585829907,0.022806692102136372,-0.010751353374854333,0.34200436057439254,0.007867449898354997,0.006511162776038354,0.00714885669817286,0,0.8660254037844386,0.5000000000000001,-0.9749279121818236,-0.2225209339563146,True,True,1,0.0,-9.3430890229,0.8718639099129558,0.7967878278143241,H005_add_calendar,3,pooled_with_corridor_thresholds,logistic,2026,0.6937522174728412,26,"{""C"": 10.0, ""class_weight"": ""none""}"
2026-02-14,RUB_AMD,AMD,CBR,AMD_RC_F02_09_2016_T02_09_2026.dbf,100,20.4792,0.204792,4.8830032423,1.0,False,0.0017511764187951862,0.0023002907175928566,0.003842986549547067,0.02389856608603491,-0.00018551969926283718,0.0023002907175928566,-0.00022163921237039474,0.4203935599284391,0.011248605034713588,0.0035561971770941003,0.7785372522214603,0.02389856608603491,0.008580906197080296,0.8806190125276331,0.02673732446267163,-0.003927054261831597,0.4016115671360795,0.005273617808574163,0.006537036158024588,0.006913668141118254,0,0.8660254037844386,0.5000000000000001,-0.9749279121818236,-0.2225209339563146,True,True,0,93.5583421227,-16.3288748588,0.83970301821218,0.7967878278143241,H005_add_calendar,3,pooled_with_corridor_thresholds,logistic,2026,0.6937522174728412,26,"{""C"": 10.0, ""class_weight"": ""none""}"
2026-02-20,RUB_AMD,AMD,CBR,AMD_RC_F02_09_2016_T02_09_2026.dbf,100,20.3323,0.203323,4.9182827324,1.0,False,0.008411571862895428,0.002203316311441439,-0.0054345167633563785,0.003994785545690771,0.013645020091133109,0.008411571862895428,0.000348335712971215,0.5358609794628759,0.008411571862895428,-0.0031544411236361647,0.444794125360608,0.016554006759594397,0.0023396783016280676,0.6099852616064846,0.019372402348352358,-0.008100168111173867,0.3034634414513475,0.008185442268472906,0.006972264538937646,0.006461975616807264,0,0.8660254037844386,0.5000000000000001,-0.433883739117558,-0.9009688679024191,True,True,1,0.0,-5.2231325017,0.8075974974372547,0.7967878278143241,H005_add_calendar,3,pooled_with_corridor_thresholds,logistic,2026,0.6937522174728412,26,"{""C"": 10.0, ""class_weight"": ""none""}"
2026-02-27,RUB_AMD,AMD,CBR,AMD_RC_F02_09_2016_T02_09_2026.dbf,100,20.4545,0.204545,4.8888997531,1.0,False,0.008231669747381432,0.004232066495485576,0.014472268099014585,-0.003187150034844155,0.01610002781862252,0.008495133664000898,0.005384134449023303,1.0,0.014472268099014585,0.005322861271392032,0.9219589257503958,0.022663640181589173,0.005973034050474446,0.8351142225497413,0.025498974726635648,0.00020684323483277645,0.4186352786237559,0.005427665388355058,0.006459088730984663,0.006524191340547004,0,0.8660254037844386,0.5000000000000001,-0.433883739117558,-0.9009688679024191,True,True,1,0.0,-20.8561520399,0.8356928561035523,0.7967878278143241,H005_add_calendar,3,pooled_with_corridor_thresholds,logistic,2026,0.6937522174728412,26,"{""C"": 10.0, ""class_weight"": ""none""}"
2026-03-06,RUB_AMD,AMD,CBR,AMD_RC_F02_09_2016_T02_09_2026.dbf,100,20.7076,0.207076,4.829144855,1.0,False,0.005716394931495561,0.011266353793787154,0.012373805275122773,0.02702515040148401,0.018443288118587864,0.011266353793787154,0.006611056018977601,1.0,0.020974056068868263,0.012186752747542995,1.0,0.02702515040148401,0.013914666083022942,1.0,0.038188299349741106,0.012745723840503764,0.6269651823195339,0.003011256776299452,0.004144031763289814,0.005588913195615632,0,1.0,6.123233995736766e-17,-0.433883739117558,-0.9009688679024191,True,True,1,0.0,23.4009575121,0.8027962893531395,0.7967878278143241,H005_add_calendar,3,pooled_with_corridor_thresholds,logistic,2026,0.6937522174728412,26,"{""C"": 10.0, ""class_weight"": ""none""}"
2026-03-14,RUB_AMD,AMD,CBR,AMD_RC_F02_09_2016_T02_09_2026.dbf,100,21.2495,0.212495,4.7059930822,1.0,False,0.014378255037401644,0.018520737570159707,0.026169135969402513,0.03886675303722886,0.03555572882908775,0.018520737570159707,0.01191757415982675,1.0,0.03773032050749858,0.022327188962262934,1.0,0.05390151120633635,0.03324401032587576,1.0,0.062411255324680504,0.03612150846263007,1.0,0.008534827153842484,0.0062043825201898595,0.006519364389359463,0,1.0,6.123233995736766e-17,-0.9749279121818236,-0.2225209339563146,True,True,1,0.0,-50.8738215707,0.8582676750628476,0.7967878278143241,H005_add_calendar,3,pooled_with_corridor_thresholds,logistic,2026,0.6937522174728412,26,"{""C"": 10.0, ""class_weight"": ""none""}"
2026-04-03,RUB_AMD,AMD,CBR,AMD_RC_F02_09_2016_T02_09_2026.dbf,100,21.3108,0.213108,4.6924564071,1.0,False,-0.002886887355246226,-0.010319045186457987,-0.020854870501316403,-0.051740709098675786,0.03501231186164078,0.0,-0.006696969583975032,0.0,0.0,-0.012660268735353752,0.0,0.029129401765535246,-0.007000361352562878,0.3415628539071341,0.06547607143571388,0.027515256654611076,0.5296877527908105,0.005411451285516543,0.010905299504708078,0.011702193378097515,2,0.8660254037844387,-0.49999999999999983,-0.433883739117558,-0.9009688679024191,True,True,0,75.6893218462,2.1379622338,0.8125584041916577,0.7967878278143241,H005_add_calendar,3,pooled_with_corridor_thresholds,logistic,2026,0.6937522174728412,26,"{""C"": 10.0, ""class_weight"": ""none""}"
2026-04-11,RUB_AMD,AMD,CBR,AMD_RC_F02_09_2016_T02_09_2026.dbf,100,20.4861,0.204861,4.8813585797,1.0,False,-0.010232922180511084,-0.020642607527524337,-0.03136717180075177,-0.04775163386540482,-0.03592555118943974,0.0,-0.013321966796225992,0.0,0.0,-0.027813896982754605,0.0,0.0,-0.04377778280848177,0.0,0.024243545387276688,-0.01363131500657988,0.196125222455913,0.004863241096531433,0.004565565860794778,0.01146359904778313,3,0.8660254037844387,-0.49999999999999983,-0.9749279121818236,-0.2225209339563146,True,True,0,79.7613991926,55.6153856289,0.8055817199890726,0.7967878278143241,H005_add_calendar,3,pooled_with_corridor_thresholds,logistic,2026,0.6937522174728412,26,"{""C"": 10.0, ""class_weight"": ""none""}"
2026-04-17,RUB_AMD,AMD,CBR,AMD_RC_F02_09_2016_T02_09_2026.dbf,100,20.3352,0.203352,4.9175813368,1.0,False,0.012184924142874198,0.0006150757527296769,-0.017523516878523826,-0.04577960470747222,-0.0951516445963263,0.012184924142874198,0.002210904302244465,0.6186504927975772,0.012184924142874198,-0.012512103709732436,0.23113964686998473,0.012184924142874198,-0.03571906151516058,0.11329137356534649,0.016698998060116432,-0.019905971020155344,0.13509140915709472,0.008971331922196464,0.00678959289662226,0.008846530335377464,0,0.8660254037844387,-0.49999999999999983,-0.433883739117558,-0.9009688679024191,True,True,1,0.0,-24.2461203039,0.805967526077824,0.7967878278143241,H005_add_calendar,3,pooled_with_corridor_thresholds,logistic,2026,0.6937522174728412,26,"{""C"": 10.0, ""class_weight"": ""none""}"
2026-04-25,RUB_AMD,AMD,CBR,AMD_RC_F02_09_2016_T02_09_2026.dbf,100,20.3123,0.203123,4.9231253969,1.0,False,0.00925166823179846,0.014640944693094626,-0.0016318104740605799,-0.008483801211553121,-0.05583031970771701,0.014640944693094626,0.00778351431029467,1.0,0.014640944693094626,0.005120536478626647,0.8982531412810296,0.014640944693094626,-0.015901254377920004,0.19238595339678302,0.015554066755994578,-0.021159467804282572,0.12582915385859905,0.00793912362609685,0.007633280822467899,0.006463894694585734,0,0.8660254037844387,-0.49999999999999983,-0.9749279121818236,-0.2225209339563146,True,True,0,88.0254820971,-58.7027249581,0.8606092924721841,0.7967878278143241,H005_add_calendar,3,pooled_with_corridor_thresholds,logistic,2026,0.6937522174728412,26,"{""C"": 10.0, ""class_weight"": ""none""}"
2026-05-01,RUB_AMD,AMD,CBR,AMD_RC_F02_09_2016_T02_09_2026.dbf,100,20.1741,0.201741,4.9568506154,1.0,False,4.957096331259514e-05,0.0020165395981821543,0.002384962809486302,-0.0079222235335773,-0.05333915197927808,0.003102671579230165,-0.0003389336671135723,0.3110667996012019,0.007737571930946263,0.00012889472770982735,0.4747165185412199,0.007737571930946263,-0.01020891778995181,0.13704326285057045,0.007737571930946263,-0.027721104718747114,0.06311114732724886,0.0065641928538720425,0.006098742103648859,0.006588504164497251,0,0.49999999999999994,-0.8660254037844387,-0.433883739117558,-0.9009688679024191,True,True,1,0.0,-7.3698913012,0.8191038377289994,0.7967878278143241,H005_add_calendar,3,pooled_with_corridor_thresholds,logistic,2026,0.6937522174728412,26,"{""C"": 10.0, ""class_weight"": ""none""}"
2026-05-09,RUB_AMD,AMD,CBR,AMD_RC_F02_09_2016_T02_09_2026.dbf,100,20.134,0.20134,4.9667229562,1.0,False,-0.003617540369474148,-0.010093759372249766,-0.0019876970967727114,0.0003925251290612941,-0.027244309809207667,0.0,-0.006781941920372958,0.0,0.001108807311167137,-0.004558936152645576,0.09517712334613737,0.005734494884910291,-0.004558690075572747,0.24587706146926272,0.005734494884910291,-0.029183013836898586,0.04677314211212448,0.005530845145635019,0.005741166699799846,0.006529390996378764,4,0.49999999999999994,-0.8660254037844387,-0.9749279121818236,-0.2225209339563146,True,True,1,0.0,33.6177476816,0.8564505761615996,0.7967878278143241,H005_add_calendar,3,pooled_with_corridor_thresholds,logistic,2026,0.6937522174728412,26,"{""C"": 10.0, ""class_weight"": ""none""}"
2026-05-16,RUB_AMD,AMD,CBR,AMD_RC_F02_09_2016_T02_09_2026.dbf,100,19.8592,0.198592,5.0354495649,1.0,False,0.001341226062140155,-0.00789816808460686,-0.017216720855540935,-0.015560325383803253,-0.01150798391271457,0.001341226062140155,-0.00444059439195732,0.08825481088254461,0.001341226062140155,-0.012650122006757636,0.05181145305804217,0.001341226062140155,-0.01446233057287305,0.05181145305804217,0.001341226062140155,-0.04079506126407617,0.010071942446042733,0.0029759589878077934,0.0044865289771500805,0.006019312381992559,0,0.49999999999999994,-0.8660254037844387,-0.9749279121818236,-0.2225209339563146,True,True,0,101.2628907509,-2.3744184474,0.8499877710714302,0.7967878278143241,H005_add_calendar,3,pooled_with_corridor_thresholds,logistic,2026,0.6937522174728412,26,"{""C"": 10.0, ""class_weight"": ""none""}"
2026-05-23,RUB_AMD,AMD,CBR,AMD_RC_F02_09_2016_T02_09_2026.dbf,100,19.3518,0.193518,5.1674779607,1.0,False,0.005612197175194122,-0.0005216430205714495,-0.025549871092491072,-0.04232670694953755,-0.03916467235335597,0.005612197175194122,-0.0014808699465959085,0.2606806661839236,0.005612197175194122,-0.015883735571451396,0.12132105144911239,0.005612197175194122,-0.029731087532677836,0.09798584648884025,0.005612197175194122,-0.06182302101248227,0.0334386030094742,0.007891044838846856,0.005691195041255639,0.005992543680847779,0,0.49999999999999994,-0.8660254037844387,-0.9749279121818236,-0.2225209339563146,True,True,1,0.0,-5.4140172082,0.8458063490816536,0.7967878278143241,H005_add_calendar,3,pooled_with_corridor_thresholds,logistic,2026,0.6937522174728412,26,"{""C"": 10.0, ""class_weight"": ""none""}"
2026-05-29,RUB_AMD,AMD,CBR,AMD_RC_F02_09_2016_T02_09_2026.dbf,100,19.3918,0.193918,5.1568188616,1.0,False,0.006634136212624542,-0.002546126030666618,0.007690788721562258,-0.022226031886893316,-0.03579508445332813,0.006634136212624542,0.00021972875362230582,0.5685053380782924,0.007690788721562258,-0.0022104723701245055,0.2404939876503105,0.007690788721562258,-0.020116074390490568,0.1342769007439674,0.007690788721562258,-0.0567361023566032,0.04582327079076133,0.007480229930451871,0.007732256885380803,0.006220798399616542,0,0.49999999999999994,-0.8660254037844387,-0.433883739117558,-0.9009688679024191,True,True,0,52.4448478223,-21.1433658998,0.8378295109750804,0.7967878278143241,H005_add_calendar,3,pooled_with_corridor_thresholds,logistic,2026,0.6937522174728412,26,"{""C"": 10.0, ""class_weight"": ""none""}"
2026-06-19,RUB_AMD,AMD,CBR,AMD_RC_F02_09_2016_T02_09_2026.dbf,100,19.9243,0.199243,5.0189969033,1.0,False,0.008049501143423843,0.012177031791349657,0.022566539728811508,0.0011104300027131586,0.03304833850955835,0.020821912193422554,0.011552153755236994,1.0,0.023412178647558957,0.009290867838278816,0.6623074687590826,0.0353620386825888,0.01681309119488028,0.7454266622850265,0.0353620386825888,-0.012592020901571965,0.26994327422745856,0.005927657895150776,0.010341317227379809,0.008962942934013852,0,1.2246467991473532e-16,-1.0,-0.433883739117558,-0.9009688679024191,True,True,1,0.0,-47.5397341118,0.8175589744870345,0.7967878278143241,H005_add_calendar,3,pooled_with_corridor_thresholds,logistic,2026,0.6937522174728412,26,"{""C"": 10.0, ""class_weight"": ""none""}"
2026-07-11,RUB_AMD,AMD,CBR,AMD_RC_F02_09_2016_T02_09_2026.dbf,100,20.868,0.20868,4.7920260686,1.0,False,0.008964056743349547,0.007327598690879622,-0.0061626677588653145,-0.0031384800584702832,0.06917240071933972,0.008964056743349547,0.0005139692232161153,0.34634784233140214,0.008964056743349547,-0.006825339184757362,0.31280580394803414,0.06513949713655709,0.015136567682581648,0.7580635580635583,0.08440120974027998,0.03865878232338926,0.7995077528919521,0.014078899809713545,0.01063527679256576,0.009383220422541467,0,-0.4999999999999998,-0.8660254037844388,-0.9749279121818236,-0.2225209339563146,True,True,1,0.0,-25.8133327477,0.8599333203306844,0.7967878278143241,H005_add_calendar,3,pooled_with_corridor_thresholds,logistic,2026,0.6937522174728412,26,"{""C"": 10.0, ""class_weight"": ""none""}"
2026-07-17,RUB_AMD,AMD,CBR,AMD_RC_F02_09_2016_T02_09_2026.dbf,100,21.3651,0.213651,4.6805303977,1.0,False,0.006496382000452439,0.02247863166055697,0.03299875257462803,0.009459057212649169,0.07231370738244247,0.02382116158711911,0.012704127775028606,1.0,0.03299875257462803,0.017864595342951706,1.0,0.07103433409698168,0.025225516167320494,1.0,0.1102329061827707,0.06017549093156793,1.0,0.0038321772150201514,0.010766367112488542,0.009191924284390578,0,-0.4999999999999998,-0.8660254037844388,-0.433883739117558,-0.9009688679024191,True,True,1,0.0,-55.5302299875,0.8089275631346463,0.7967878278143241,H005_add_calendar,3,pooled_with_corridor_thresholds,logistic,2026,0.6937522174728412,26,"{""C"": 10.0, ""class_weight"": ""none""}"
2026-07-24,RUB_AMD,AMD,CBR,AMD_RC_F02_09_2016_T02_09_2026.dbf,100,21.425,0.21425,4.6674445741,1.0,False,0.001664375812318264,0.0010793434227802656,0.002803637708225004,0.03589490682989549,0.04316791960425337,0.00253617084994473,0.0010737304235768352,1.0,0.026691585202223367,0.0082566454348445,1.0,0.03589490682989549,0.013780554482365037,1.0,0.11334559702345692,0.05765603511862327,1.0,0.0013056228999304056,0.004141208127825405,0.008872670921493879,0,-0.4999999999999998,-0.8660254037844388,-0.433883739117558,-0.9009688679024191,True,True,1,45.5075845974,-23.6061857296,0.8053518375174213,0.7967878278143241,H005_add_calendar,3,pooled_with_corridor_thresholds,logistic,2026,0.6937522174728412,26,"{""C"": 10.0, ""class_weight"": ""none""}"
2026-08-01,RUB_AMD,AMD,CBR,AMD_RC_F02_09_2016_T02_09_2026.dbf,100,21.6995,0.216995,4.6084011152,1.0,False,-0.003760088883175583,0.010665797256701026,0.01744226937053095,0.015380799970052594,0.033437473210969015,0.019986556549451695,0.005573880798286357,0.8384933938079253,0.019986556549451695,0.009923071875135081,0.8384933938079253,0.04916693259068006,0.020822675016906045,0.9254641427011272,0.12760993151040845,0.06442111693376873,0.967725409836065,0.006280500922209577,0.004985400695726522,0.00788659844578226,1,-0.8660254037844384,-0.5000000000000004,-0.9749279121818236,-0.2225209339563146,True,True,1,0.0,0.1448333659,0.8330453249445382,0.7967878278143241,H005_add_calendar,3,pooled_with_corridor_thresholds,logistic,2026,0.6937522174728412,26,"{""C"": 10.0, ""class_weight"": ""none""}"
2026-08-08,RUB_AMD,AMD,CBR,AMD_RC_F02_09_2016_T02_09_2026.dbf,100,22.4394,0.224394,4.4564471421,1.0,False,0.009537777697796512,0.015109430274955482,0.03409755985160956,0.05213456804595018,0.0753018976423232,0.025665168960457896,0.013033448152880212,1.0,0.05476560920923368,0.026272172462241006,1.0,0.07389186136661663,0.03981282868625602,1.0,0.16605867863935408,0.09119944861507823,1.0,0.004223144030023498,0.005329289495928559,0.0049754282237184436,0,-0.8660254037844384,-0.5000000000000004,-0.9749279121818236,-0.2225209339563146,True,True,1,0.0,-47.5975122128,0.8245405150439882,0.7967878278143241,H005_add_calendar,3,pooled_with_corridor_thresholds,logistic,2026,0.6937522174728412,26,"{""C"": 10.0, ""class_weight"": ""none""}"
2026-08-15,RUB_AMD,AMD,CBR,AMD_RC_F02_09_2016_T02_09_2026.dbf,100,23.1111,0.231111,4.3269251572,1.0,False,0.00893196254338302,0.027055012154313163,0.02993395545335442,0.0650521901426302,0.08143354483688015,0.027055012154313163,0.015607353508578559,1.0,0.05636738443817735,0.029295444949789307,1.0,0.08633891596903309,0.051948344557450676,1.0,0.199704111295681,0.10914788286496879,1.0,0.005351196000291328,0.004564497824432413,0.005261885257814861,0,-0.8660254037844384,-0.5000000000000004,-0.9749279121818236,-0.2225209339563146,True,True,1,0.0,-68.0590052158,0.8115349241817039,0.7967878278143241,H005_add_calendar,3,pooled_with_corridor_thresholds,logistic,2026,0.6937522174728412,26,"{""C"": 10.0, ""class_weight"": ""none""}"
2026-08-22,RUB_AMD,AMD,CBR,AMD_RC_F02_09_2016_T02_09_2026.dbf,100,22.7082,0.227082,4.4036955813,1.0,False,-0.004929734845995015,-0.026101351815000284,-0.01743318145826034,0.011978929917912273,0.06473801430078541,0.0,-0.01637256575145818,0.0,0.009150175759811141,-0.00928665602725176,0.250060723828031,0.06740057252177523,0.014075374413712094,0.6989860583016484,0.17719451946853582,0.07392628810431079,0.8469868173258007,0.010960358944553794,0.009519051480757951,0.007767033493842526,2,-0.8660254037844384,-0.5000000000000004,-0.9749279121818236,-0.2225209339563146,True,True,1,0.0,88.8625075289,0.8257770557939216,0.7967878278143241,H005_add_calendar,3,pooled_with_corridor_thresholds,logistic,2026,0.6937522174728412,26,"{""C"": 10.0, ""class_weight"": ""none""}"
2026-01-16,RUB_KGS,KGS,CBR,KGS_RC_F02_09_2016_T02_09_2026.dbf,100,89.7987,0.897987,1.1136018673,1.0,False,-0.0005553787148603329,-0.0033296817823120772,0.013529345372460533,-0.009905498632260534,0.016250050926407855,0.0034932799619158406,-0.0009089857187996042,0.45715121380519996,0.013529345372460533,0.002791665005559718,0.7635518185871684,0.022400923589795063,-0.0035711616669830137,0.4396353317096056,0.032002896085687293,-0.012554484854422898,0.437900993835702,0.005567022394679589,0.0057975157332634825,0.008751570734282007,2,0.49999999999999994,0.8660254037844387,-0.433883739117558,-0.9009688679024191,True,True,0,88.5981645614,-26.5693578755,0.8094126304075983,0.8001829430751263,H005_add_calendar,3,pooled_with_corridor_thresholds,logistic,2026,0.6937522174728412,26,"{""C"": 10.0, ""class_weight"": ""none""}"
2026-01-24,RUB_KGS,KGS,CBR,KGS_RC_F02_09_2016_T02_09_2026.dbf,100,86.821,0.86821,1.1517950726,1.0,False,-0.0014893531377047076,-0.02441079900307208,-0.024517123560864662,-0.029782279035515002,-0.044130032929902585,0.0,-0.014121451752463376,0.0,0.0,-0.023651604400152126,0.0,0.0,-0.030608989273011478,0.0,0.0,-0.041646062656146676,0.0,0.008088668385192049,0.006929683737098384,0.00799897037606935,3,0.49999999999999994,0.8660254037844387,-0.9749279121818236,-0.2225209339563146,True,True,1,0.0,68.9352473407,0.8316392149615108,0.8001829430751263,H005_add_calendar,3,pooled_with_corridor_thresholds,logistic,2026,0.6937522174728412,26,"{""C"": 10.0, ""class_weight"": ""none""}"
2026-01-30,RUB_KGS,KGS,CBR,KGS_RC_F02_09_2016_T02_09_2026.dbf,100,86.9355,0.869355,1.1502780797,1.0,False,-0.0031612912103032853,0.00019673624917171395,-0.00017251194645229173,-0.03188464866417884,-0.04147431395270629,0.0013188053581505432,-0.0017167135557213387,0.15949296559408857,0.0013188053581505432,-0.009767406311732674,0.052472388983087516,0.0013188053581505432,-0.01957080375672471,0.03419033115351166,0.0013188053581505432,-0.03624847784728391,0.018367314201382007,0.004428435253150471,0.006948196318518691,0.006332611922250941,2,0.49999999999999994,0.8660254037844387,-0.433883739117558,-0.9009688679024191,True,True,1,38.465298986,-2.3208137049,0.8037388793640337,0.8001829430751263,H005_add_calendar,3,pooled_with_corridor_thresholds,logistic,2026,0.6937522174728412,26,"{""C"": 10.0, ""class_weight"": ""none""}"
2026-02-07,RUB_KGS,KGS,CBR,KGS_RC_F02_09_2016_T02_09_2026.dbf,100,88.1121,0.881121,1.1349179057,1.0,False,0.006553695292580208,0.0009394588626072675,0.017447815327980898,0.014870826182605601,-0.015354339947768358,0.006553695292580208,0.0019494963990491776,1.0,0.017447815327980898,0.007100857644068759,1.0,0.017447815327980898,-0.0010817671781272464,0.42339161622954624,0.017447815327980898,-0.018979526988164075,0.2341256314109528,0.008582691913243474,0.006866113675296683,0.007099000600622352,0,0.8660254037844386,0.5000000000000001,-0.9749279121818236,-0.2225209339563146,True,True,1,0.0,-2.2573747802,0.8727804139270937,0.8001829430751263,H005_add_calendar,3,pooled_with_corridor_thresholds,logistic,2026,0.6937522174728412,26,"{""C"": 10.0, ""class_weight"": ""none""}"
2026-02-14,RUB_KGS,KGS,CBR,KGS_RC_F02_09_2016_T02_09_2026.dbf,100,88.2726,0.882726,1.1328543625,1.0,False,8.270520804898318e-05,-0.00019028331826920208,0.0018215432386698982,0.019301140516690962,-0.008207579286564237,8.270520804898318e-05,-0.001899354346161064,0.013812677388834429,0.008387176370598493,0.0009295773178596978,0.5848335191970676,0.019301140516690962,0.004562162010836035,0.6986999958199229,0.019301140516690962,-0.013118768669663106,0.26325322077676666,0.005365679230643129,0.006945304801608737,0.007043520114961583,0,0.8660254037844386,0.5000000000000001,-0.9749279121818236,-0.2225209339563146,True,True,0,74.394545986,-5.4730620098,0.8280137651125531,0.8001829430751263,H005_add_calendar,3,pooled_with_corridor_thresholds,logistic,2026,0.6937522174728412,26,"{""C"": 10.0, ""class_weight"": ""none""}"
2026-02-20,RUB_KGS,KGS,CBR,KGS_RC_F02_09_2016_T02_09_2026.dbf,100,87.6392,0.876392,1.1410419082,1.0,False,0.006408968191720099,0.0002659334664141255,-0.007093387775264026,0.0011514946583441876,0.007920598501446108,0.006408968191720099,-0.0003752619134250734,0.46840117498950423,0.006408968191720099,-0.004555755098035297,0.3258597536054152,0.011987145659812626,-0.0007047809369584712,0.4734345783736927,0.011987145659812626,-0.01642948485660012,0.17054098010546848,0.006068732549050507,0.005924243576153712,0.0061500832078973545,0,0.8660254037844386,0.5000000000000001,-0.433883739117558,-0.9009688679024191,True,True,1,0.0,-1.4134616654,0.8038091645131052,0.8001829430751263,H005_add_calendar,3,pooled_with_corridor_thresholds,logistic,2026,0.6937522174728412,26,"{""C"": 10.0, ""class_weight"": ""none""}"
2026-02-27,RUB_KGS,KGS,CBR,KGS_RC_F02_09_2016_T02_09_2026.dbf,100,88.1896,0.881896,1.133920553,1.0,False,0.008553127398026383,0.004819601078314584,0.01272951306311021,-0.0044275460647672515,0.011218742546828864,0.008553127398026383,0.005195031972847097,1.0,0.01272951306311021,0.004831393449618027,0.930339907679396,0.0183427231293829,0.004116795059618372,0.7244493090710091,0.0183427231293829,-0.007113169290411836,0.278420443790094,0.004772315701775985,0.005275460493906079,0.006195472194999268,0,0.8660254037844386,0.5000000000000001,-0.433883739117558,-0.9009688679024191,True,True,1,0.0,-19.6017168747,0.838455713186336,0.8001829430751263,H005_add_calendar,3,pooled_with_corridor_thresholds,logistic,2026,0.6937522174728412,26,"{""C"": 10.0, ""class_weight"": ""none""}"
2026-03-07,RUB_KGS,KGS,CBR,KGS_RC_F02_09_2016_T02_09_2026.dbf,100,90.5089,0.905089,1.1048637206,1.0,False,0.012202268452142562,0.019846170487990644,0.024282733083455632,0.0327444796392482,0.03393367939098724,0.025557089018666712,0.014915207406963837,1.0,0.03507708564677947,0.022367887476038906,1.0,0.03936330615943073,0.025195873862109197,1.0,0.04512413814605143,0.019753537976178404,0.6849300662530239,0.0049366310332698456,0.004655566409237695,0.005424964917404587,0,1.0,6.123233995736766e-17,-0.9749279121818236,-0.2225209339563146,True,True,1,0.0,-69.8558348242,0.8336245108367673,0.8001829430751263,H005_add_calendar,3,pooled_with_corridor_thresholds,logistic,2026,0.6937522174728412,26,"{""C"": 10.0, ""class_weight"": ""none""}"
2026-03-14,RUB_KGS,KGS,CBR,KGS_RC_F02_09_2016_T02_09_2026.dbf,100,91.7389,0.917389,1.0900501314,1.0,False,0.014652581842876211,0.01887280707599781,0.02595791889310628,0.04024624218728734,0.035640504031302145,0.01887280707599781,0.012310076479211007,1.0,0.03949422911751843,0.022884385695592036,1.0,0.05348807031606162,0.03395706051296665,1.0,0.05932719099410977,0.03170278641252655,0.9005153012935112,0.008283165193926703,0.005952782047812686,0.005921493597397218,0,1.0,6.123233995736766e-17,-0.9749279121818236,-0.2225209339563146,True,True,1,0.0,-53.2790414062,0.8550845001419692,0.8001829430751263,H005_add_calendar,3,pooled_with_corridor_thresholds,logistic,2026,0.6937522174728412,26,"{""C"": 10.0, ""class_weight"": ""none""}"
2026-04-03,RUB_KGS,KGS,CBR,KGS_RC_F02_09_2016_T02_09_2026.dbf,100,91.8631,0.918631,1.0885763707,1.0,False,-0.003585928322651144,-0.01182414806862564,-0.02188076632725755,-0.053108063255936644,0.032561804370648595,0.0,-0.007355865068923051,0.0,0.0,-0.013501451240094164,0.0,0.02734690408397422,-0.008042242627854357,0.32185163735916567,0.060761352915840616,0.024321804154964433,0.5052667966161912,0.005561286422210618,0.011091363593208505,0.011785116789135665,3,0.8660254037844387,-0.49999999999999983,-0.433883739117558,-0.9009688679024191,True,True,0,75.3077133256,6.2476328543,0.8097937147265192,0.8001829430751263,H005_add_calendar,3,pooled_with_corridor_thresholds,logistic,2026,0.6937522174728412,26,"{""C"": 10.0, ""class_weight"": ""none""}"
2026-04-18,RUB_KGS,KGS,CBR,KGS_RC_F02_09_2016_T02_09_2026.dbf,100,86.968,0.86968,1.14984822,1.0,False,-0.0004287095153973075,0.0026412601497136645,-0.011938358623384993,-0.046103324182061645,-0.09460299349019474,0.010884372718861446,0.0020851039510048075,0.8073805828591172,0.010884372718861446,-0.012379663297415022,0.23297009503906116,0.010884372718861446,-0.03737952232139319,0.1187345463767201,0.010884372718861446,-0.028334128238674428,0.08525282689051185,0.008395868762843822,0.006987011785352634,0.008977405072385137,1,0.8660254037844387,-0.49999999999999983,-0.9749279121818236,-0.2225209339563146,True,True,0,107.3613283047,-33.9847054815,0.833245612130579,0.8001829430751263,H005_add_calendar,3,pooled_with_corridor_thresholds,logistic,2026,0.6937522174728412,26,"{""C"": 10.0, ""class_weight"": ""none""}"
2026-04-25,RUB_KGS,KGS,CBR,KGS_RC_F02_09_2016_T02_09_2026.dbf,100,86.4125,0.864125,1.1572399826,1.0,False,0.009391590788297988,0.013094462082452019,-0.006387406862294109,-0.0182495103318836,-0.06872444481805029,0.013094462082452019,0.006819985654890504,1.0,0.013094462082452019,0.0012212205021371325,0.5891444245173558,0.013094462082452019,-0.02403871837323568,0.14568197529575952,0.013094462082452019,-0.03340585531496465,0.09530026109660568,0.008753717660976355,0.008107705509499852,0.006714984061260723,0,0.8660254037844387,-0.49999999999999983,-0.9749279121818236,-0.2225209339563146,True,True,0,98.3422537249,-56.4981050366,0.858940084197253,0.8001829430751263,H005_add_calendar,3,pooled_with_corridor_thresholds,logistic,2026,0.6937522174728412,26,"{""C"": 10.0, ""class_weight"": ""none""}"
2026-05-01,RUB_KGS,KGS,CBR,KGS_RC_F02_09_2016_T02_09_2026.dbf,100,85.5651,0.855651,1.1687007904,1.0,False,-0.0009562506567654117,2.8049605727664684e-05,-0.0005069590052388939,-0.01655301458646763,-0.06855853982719928,0.0015333455844914745,-0.0018568834873854412,0.1338920686835682,0.0031596002607403584,-0.0031010842551902895,0.1611456589332701,0.0031596002607403584,-0.018240691440460477,0.04586687543611834,0.0031596002607403584,-0.04155658242764304,0.02299527295687644,0.006968926060451718,0.006611789898145608,0.006836416616842781,1,0.49999999999999994,-0.8660254037844387,-0.433883739117558,-0.9009688679024191,True,True,1,0.0,-0.8599038043,0.8141125558528749,0.8001829430751263,H005_add_calendar,3,pooled_with_corridor_thresholds,logistic,2026,0.6937522174728412,26,"{""C"": 10.0, ""class_weight"": ""none""}"
2026-05-09,RUB_KGS,KGS,CBR,KGS_RC_F02_09_2016_T02_09_2026.dbf,100,84.9873,0.849873,1.176646393,1.0,False,-0.004349883901563434,-0.013915156184372113,-0.00675275316688706,-0.00725628880309781,-0.04517770774701291,0.0,-0.009185407713513394,0.0,0.0,-0.008891339949408605,0.0,0.0,-0.01302341818303454,0.0,0.0,-0.04592599477920056,0.0,0.006145521933505121,0.006229718535452267,0.006919225485553346,4,0.49999999999999994,-0.8660254037844387,-0.9749279121818236,-0.2225209339563146,True,True,1,0.0,44.0553626547,0.8539026607323844,0.8001829430751263,H005_add_calendar,3,pooled_with_corridor_thresholds,logistic,2026,0.6937522174728412,26,"{""C"": 10.0, ""class_weight"": ""none""}"
2026-05-16,RUB_KGS,KGS,CBR,KGS_RC_F02_09_2016_T02_09_2026.dbf,100,83.6221,0.836221,1.1958561194,1.0,False,-0.00014945967338886312,-0.008947925444226068,-0.02034358576640194,-0.023642392611533336,-0.028007150860846486,0.0,-0.005655327077910499,0.0,0.0,-0.016143686005942404,0.0,0.0,-0.021789323722106957,0.0,0.0,-0.058214975897914134,0.0,0.002769246859203318,0.00471505720925288,0.006346535507284948,8,0.49999999999999994,-0.8660254037844387,-0.9749279121818236,-0.2225209339563146,True,True,0,106.3714018184,2.105971531,0.8406806809746356,0.8001829430751263,H005_add_calendar,3,pooled_with_corridor_thresholds,logistic,2026,0.6937522174728412,26,"{""C"": 10.0, ""class_weight"": ""none""}"
2026-05-23,RUB_KGS,KGS,CBR,KGS_RC_F02_09_2016_T02_09_2026.dbf,100,81.4282,0.814282,1.2280757772,1.0,False,0.005916048687264697,-0.0011726636883954145,-0.026235887402971225,-0.046045741143833196,-0.050786327197443915,0.005916048687264697,-0.0015351904396382343,0.2685470756462701,0.005916048687264697,-0.016871001762137516,0.11859831599801722,0.005916048687264697,-0.03428065186014495,0.08765924732757233,0.005916048687264697,-0.07771202134134503,0.029808105265123046,0.007912680696885404,0.005623275317546309,0.00611480414048422,0,0.49999999999999994,-0.8660254037844387,-0.9749279121818236,-0.2225209339563146,True,True,1,0.0,-5.1430180283,0.8394667687904623,0.8001829430751263,H005_add_calendar,3,pooled_with_corridor_thresholds,logistic,2026,0.6937522174728412,26,"{""C"": 10.0, ""class_weight"": ""none""}"
2026-05-29,RUB_KGS,KGS,CBR,KGS_RC_F02_09_2016_T02_09_2026.dbf,100,81.6141,0.816141,1.2252784752,1.0,False,0.0066332578077688,-0.0024384698876469546,0.008212547854027141,-0.024158661606559995,-0.04471282544089539,0.0066332578077688,0.0004540492143259023,0.6133667883211673,0.008212547854027141,-0.0020849885956552017,0.24872792577072708,0.008212547854027141,-0.02247634510995944,0.12438025033209212,0.008212547854027141,-0.07108391128578051,0.041379052788168814,0.007159479642001488,0.007565414446320575,0.006214247076389654,0,0.49999999999999994,-0.8660254037844387,-0.433883739117558,-0.9009688679024191,True,True,1,48.9131167286,-20.9944960707,0.8347210897365113,0.8001829430751263,H005_add_calendar,3,pooled_with_corridor_thresholds,logistic,2026,0.6937522174728412,26,"{""C"": 10.0, ""class_weight"": ""none""}"
2026-06-19,RUB_KGS,KGS,CBR,KGS_RC_F02_09_2016_T02_09_2026.dbf,100,83.8869,0.838869,1.1920812427,1.0,False,0.008401452132519083,0.012530054750340414,0.021857024871912767,0.00021104290967355332,0.03394175743315597,0.020184318570983795,0.011557187591042295,1.0,0.022681721982191094,0.008849436194800164,0.6346796752404975,0.03628938113115243,0.01667294965246846,0.7328427092428572,0.03628938113115243,-0.021652934268155177,0.22651286163715958,0.0056093352058440744,0.010319823133797885,0.008939673952030899,0,1.2246467991473532e-16,-1.0,-0.433883739117558,-0.9009688679024191,True,True,1,0.0,-48.9124584731,0.8169770358694476,0.8001829430751263,H005_add_calendar,3,pooled_with_corridor_thresholds,logistic,2026,0.6937522174728412,26,"{""C"": 10.0, ""class_weight"": ""none""}"
2026-07-11,RUB_KGS,KGS,CBR,KGS_RC_F02_09_2016_T02_09_2026.dbf,100,87.6681,0.876681,1.140665761,1.0,False,0.009667310463015166,0.00709241855608278,-0.007285574358945279,-0.005130492214044047,0.06616910219489425,0.009667310463015166,0.0006092583529342388,0.3602265899922769,0.009667310463015166,-0.007616737737880741,0.3139821949577331,0.0627531321408874,0.013740194970273345,0.7383961429834834,0.08300010006263192,0.0337159008787995,0.7855672995977934,0.014020494677738025,0.010634484909622056,0.009386353272904623,0,-0.4999999999999998,-0.8660254037844388,-0.9749279121818236,-0.2225209339563146,True,True,1,5.7945820658,-29.5570189789,0.8586280854752851,0.8001829430751263,H005_add_calendar,3,pooled_with_corridor_thresholds,logistic,2026,0.6937522174728412,26,"{""C"": 10.0, ""class_weight"": ""none""}"
2026-07-17,RUB_KGS,KGS,CBR,KGS_RC_F02_09_2016_T02_09_2026.dbf,100,89.5576,0.895576,1.1165998196,1.0,False,0.004635176186053247,0.022145169960726907,0.03142854839471276,0.004989171052484087,0.06759935103097159,0.022145169960726907,0.011722559170862512,1.0,0.03142854839471276,0.01617965666367782,1.0,0.06643740109051999,0.022280922129864544,1.0,0.1063418707759054,0.05415329992214479,1.0,0.004664839037118447,0.010855282301409738,0.009274968998109765,0,-0.4999999999999998,-0.8660254037844388,-0.433883739117558,-0.9009688679024191,True,True,1,0.0,-48.4483729739,0.8095518173614968,0.8001829430751263,H005_add_calendar,3,pooled_with_corridor_thresholds,logistic,2026,0.6937522174728412,26,"{""C"": 10.0, ""class_weight"": ""none""}"
2026-07-25,RUB_KGS,KGS,CBR,KGS_RC_F02_09_2016_T02_09_2026.dbf,100,89.229,0.89229,1.1207118762,1.0,False,-0.004771528763016342,-0.006660558649764559,-0.004692709512692184,0.017804651863106313,0.01258281302130504,0.0,-0.004153739939585455,0.0,0.01839476906957871,-0.00033285267062432844,0.7292760180995495,0.02764408542336816,0.004832891590795807,0.8004735543253528,0.10228253981195645,0.0454539729424388,0.9326086956521743,0.002762915663810152,0.004610090359018059,0.008059546329632865,3,-0.4999999999999998,-0.8660254037844388,-0.9749279121818236,-0.2225209339563146,True,True,1,1.7371034081,24.2652274164,0.8168107475476215,0.8001829430751263,H005_add_calendar,3,pooled_with_corridor_thresholds,logistic,2026,0.6937522174728412,26,"{""C"": 10.0, ""class_weight"": ""none""}"
2026-08-01,RUB_KGS,KGS,CBR,KGS_RC_F02_09_2016_T02_09_2026.dbf,100,90.8676,0.908676,1.1005022692,1.0,False,-0.004928945867011536,0.009729753755889359,0.018363984803146938,0.013585098444278243,0.028944135248523795,0.018540915892774068,0.004869327043786065,0.7860944777112453,0.018540915892774068,0.009480389933902877,0.7860944777112453,0.046515725791126616,0.019382407566177706,0.8997326798841617,0.12252483962183747,0.06001715841404853,0.9565892519578723,0.005986440377862921,0.005019199244058634,0.007902422229166588,1,-0.8660254037844384,-0.5000000000000004,-0.9749279121818236,-0.2225209339563146,True,True,1,0.0,2.2680922798,0.8341470203961373,0.8001829430751263,H005_add_calendar,3,pooled_with_corridor_thresholds,logistic,2026,0.6937522174728412,26,"{""C"": 10.0, ""class_weight"": ""none""}"
2026-08-08,RUB_KGS,KGS,CBR,KGS_RC_F02_09_2016_T02_09_2026.dbf,100,93.9583,0.939583,1.0643019297,1.0,False,0.009321027042472618,0.012787263398439164,0.03401322363526704,0.05300182676035803,0.0717501576970414,0.026200477504221276,0.012647982276399627,1.0,0.05318477584670478,0.025678225077347294,1.0,0.07237155219345937,0.03898974664656851,1.0,0.16070552802803717,0.08725704208198293,1.0,0.005811735189732649,0.005792140144218114,0.005388079273101549,0,-0.8660254037844384,-0.5000000000000004,-0.9749279121818236,-0.2225209339563146,True,True,1,0.0,-45.3048820161,0.8203369205999507,0.8001829430751263,H005_add_calendar,3,pooled_with_corridor_thresholds,logistic,2026,0.6937522174728412,26,"{""C"": 10.0, ""class_weight"": ""none""}"
2026-08-15,RUB_KGS,KGS,CBR,KGS_RC_F02_09_2016_T02_09_2026.dbf,100,96.678,0.96678,1.0343614887,1.0,False,0.00881952734345659,0.026351493378685698,0.028945819581665422,0.06394358385166976,0.07839736217745297,0.026351493378685698,0.015362880010149738,1.0,0.05590469138067733,0.028489471115900944,1.0,0.08367007235452029,0.05076662010142474,1.0,0.19243231375876801,0.10464318894584412,1.0,0.005049184751276047,0.005159048046050298,0.005547651558228784,0,-0.8660254037844384,-0.5000000000000004,-0.9749279121818236,-0.2225209339563146,True,True,1,0.0,-67.8488506071,0.8113733818252125,0.8001829430751263,H005_add_calendar,3,pooled_with_corridor_thresholds,logistic,2026,0.6937522174728412,26,"{""C"": 10.0, ""class_weight"": ""none""}"
2026-08-22,RUB_KGS,KGS,CBR,KGS_RC_F02_09_2016_T02_09_2026.dbf,100,94.8212,0.948212,1.0546164782,1.0,False,-0.005215158054644231,-0.02634143336088668,-0.019206024121309784,0.009183861351259148,0.06267244953994777,0.0,-0.016553675140737245,0.0,0.006639361839912317,-0.010384878388047691,0.19600714576738926,0.06285707880533775,0.011845658034429718,0.6861250458827856,0.16753452876257935,0.06833148908337239,0.8413700561478151,0.010271045446598664,0.00914408543432813,0.007760811093828775,3,-0.8660254037844384,-0.5000000000000004,-0.9749279121818236,-0.2225209339563146,True,True,1,0.0,89.686500381,0.8262945435805127,0.8001829430751263,H005_add_calendar,3,pooled_with_corridor_thresholds,logistic,2026,0.6937522174728412,26,"{""C"": 10.0, ""class_weight"": ""none""}"
2026-08-29,RUB_KGS,KGS,CBR,KGS_RC_F02_09_2016_T02_09_2026.dbf,100,97.8853,0.978853,1.0216038568,1.0,False,-0.004111328383325286,0.01346380231278399,0.03231450350765441,0.012487846252508428,0.07722994774815217,0.02776969881510505,0.010423688135803078,0.8674603955524924,0.03231450350765441,0.012819104036798867,0.8834842281298635,0.0690906668239415,0.026878193379711313,0.9399554234769677,0.19333897379380294,0.0886382078791208,0.9751521859435525,0.010339301405920223,0.011117207141563973,0.008806377854544911,1,-0.8660254037844384,-0.5000000000000004,-0.9749279121818236,-0.2225209339563146,True,True,1,0.0,-22.1432967784,0.8015225743979384,0.8001829430751263,H005_add_calendar,3,pooled_with_corridor_thresholds,logistic,2026,0.6937522174728412,26,"{""C"": 10.0, ""class_weight"": ""none""}"
2026-01-16,RUB_KZT,KZT,CBR,KZT_RC_F02_09_2016_T02_09_2026.dbf,100,15.3847,0.153847,6.4999642502,1.0,False,-0.0018814431317593083,-0.004297428662036973,0.0023846599904875365,0.004105261783863723,0.00441336806575654,0.0,-0.003755819901960167,0.0,0.01547164082559438,0.0016967648177181882,0.674532374100722,0.018126108478704106,0.002149925464256741,0.4507899934167248,0.051090053221652276,0.008696640398809574,0.6914470642625999,0.0054552507660524645,0.007254883846498511,0.009723702334189734,2,0.49999999999999994,0.8660254037844387,-0.433883739117558,-0.9009688679024191,True,True,0,98.6044576755,-25.8996208154,0.7757436555401804,0.7719410821130868,H005_add_calendar,3,pooled_with_corridor_thresholds,logistic,2026,0.6937522174728412,26,"{""C"": 10.0, ""class_weight"": ""none""}"
2026-01-24,RUB_KZT,KZT,CBR,KZT_RC_F02_09_2016_T02_09_2026.dbf,100,15.0135,0.150135,6.6606720618,1.0,False,0.0004597976890168276,-0.01684915001178733,-0.01440950567846122,-0.031249596716953487,-0.017858895103522787,0.0004597976890168276,-0.00915378624886154,0.02455516014234362,0.0004597976890168276,-0.01686009467636973,0.01501305483028414,0.0004597976890168276,-0.020807713792924676,0.009693734194996612,0.022885212841336378,-0.017364786619554207,0.32273251345119147,0.009261220975947686,0.006726744998004118,0.009893246801622431,0,0.49999999999999994,0.8660254037844387,-0.9749279121818236,-0.2225209339563146,True,True,1,0.0,57.8773450589,0.8460960926863359,0.7719410821130868,H005_add_calendar,3,pooled_with_corridor_thresholds,logistic,2026,0.6937522174728412,26,"{""C"": 10.0, ""class_weight"": ""none""}"
2026-01-30,RUB_KZT,KZT,CBR,KZT_RC_F02_09_2016_T02_09_2026.dbf,100,15.0873,0.150873,6.628091176,1.0,False,-0.00638817726204044,-0.0008939923712650844,0.005377633841110008,-0.019330893680084782,-0.015304990275293973,0.004915575981616627,-0.002712789374115121,0.3045810978126347,0.005377633841110008,-0.004941228922941354,0.2871886120996442,0.005377633841110008,-0.011345027630283,0.16429153094462587,0.027913282825530183,-0.01276201278164324,0.39363950807071646,0.007003271454613472,0.008475403935582822,0.0077725189218219816,2,0.49999999999999994,0.8660254037844387,-0.433883739117558,-0.9009688679024191,True,True,1,23.9936900572,16.108676848,0.7876513009947643,0.7719410821130868,H005_add_calendar,3,pooled_with_corridor_thresholds,logistic,2026,0.6937522174728412,26,"{""C"": 10.0, ""class_weight"": ""none""}"
2026-02-07,RUB_KZT,KZT,CBR,KZT_RC_F02_09_2016_T02_09_2026.dbf,100,15.5633,0.155633,6.425372511,1.0,False,0.01377028250574841,0.021294327637346733,0.034030735295094594,0.036620374995837146,0.004226406328640131,0.021294327637346733,0.013182907140253164,1.0,0.034030735295094594,0.02065603249667336,1.0,0.0370970106486479,0.019898883657226696,1.0,0.0370970106486479,0.01638530250153436,0.7821017139645968,0.011456323712606154,0.009596763314065466,0.008786597642987325,0,0.8660254037844386,0.5000000000000001,-0.9749279121818236,-0.2225209339563146,True,True,1,0.0,-63.460627161,0.8455991918747217,0.7719410821130868,H005_add_calendar,3,pooled_with_corridor_thresholds,logistic,2026,0.6937522174728412,26,"{""C"": 10.0, ""class_weight"": ""none""}"
2026-02-14,RUB_KZT,KZT,CBR,KZT_RC_F02_09_2016_T02_09_2026.dbf,100,15.6175,0.156175,6.4030734753,1.0,False,-0.007404347273420653,0.0007561339766879449,0.0034825519009464845,0.03763180099793373,0.02524125254381948,0.0007561339766879449,-0.004043135279225063,0.08251748251748817,0.024851038139486192,0.006227107407132948,0.7426946460090249,0.04070875481454839,0.01859195274855141,0.8232044198895051,0.04070875481454839,0.01881045602545317,0.8232044198895051,0.007868687500173072,0.009798397645032993,0.00906977180620557,2,0.8660254037844386,0.5000000000000001,-0.9749279121818236,-0.2225209339563146,True,True,0,108.7882183448,6.0335410029,0.7880249038503921,0.7719410821130868,H005_add_calendar,3,pooled_with_corridor_thresholds,logistic,2026,0.6937522174728412,26,"{""C"": 10.0, ""class_weight"": ""none""}"
2026-02-20,RUB_KZT,KZT,CBR,KZT_RC_F02_09_2016_T02_09_2026.dbf,100,15.6633,0.156633,6.3843506796,1.0,False,0.007830596592371508,0.013963334110153047,-0.00449345366721754,0.02028413421140063,0.04376074527208029,0.013963334110153047,0.005755872415347474,1.0,0.013963334110153047,0.00265269308520244,0.7163732979076727,0.043281047057648125,0.016595376114587612,0.8838411316648539,0.04376074527208029,0.02134959932211289,0.8849211696536861,0.009207637519903502,0.008731394843515903,0.008600074922471942,0,0.8660254037844386,0.5000000000000001,-0.433883739117558,-0.9009688679024191,True,True,1,0.0,-29.4269923364,0.7764541217840348,0.7719410821130868,H005_add_calendar,3,pooled_with_corridor_thresholds,logistic,2026,0.6937522174728412,26,"{""C"": 10.0, ""class_weight"": ""none""}"
2026-02-27,RUB_KZT,KZT,CBR,KZT_RC_F02_09_2016_T02_09_2026.dbf,100,15.3856,0.153856,6.4995840266,1.0,False,-0.00031837822033065066,-0.019413391798702495,-0.010037576568693085,-0.02305587127826425,0.013257114256172375,0.0,-0.007876067047809743,0.0,0.0,-0.01043043471829086,0.0,0.022224289254605845,-0.005690639994235358,0.47950114678899014,0.025255554222808563,0.0031524556227482403,0.5107128419350487,0.00958151291210685,0.008275632755674769,0.009331723001782082,3,0.8660254037844386,0.5000000000000001,-0.433883739117558,-0.9009688679024191,True,True,1,0.0,35.0303207504,0.7882187102643111,0.7719410821130868,H005_add_calendar,3,pooled_with_corridor_thresholds,logistic,2026,0.6937522174728412,26,"{""C"": 10.0, ""class_weight"": ""none""}"
2026-03-06,RUB_KZT,KZT,CBR,KZT_RC_F02_09_2016_T02_09_2026.dbf,100,15.6433,0.156433,6.3925130887,1.0,False,0.001504500697832034,0.008568444398596942,0.016749428036605618,0.006543727801513244,0.023983923439965027,0.015745935276089362,0.007738105207824697,1.0,0.016749428036605618,0.008239523675095839,0.846027577150354,0.01898136387027005,0.0058001336068911336,0.7343750000000001,0.042427998347393636,0.01792863986180615,0.8579706239051338,0.006141447049069083,0.008088964213264788,0.008126043459110565,0,1.0,6.123233995736766e-17,-0.433883739117558,-0.9009688679024191,True,True,1,0.0,76.243107942,0.7856048118289933,0.7719410821130868,H005_add_calendar,3,pooled_with_corridor_thresholds,logistic,2026,0.6937522174728412,26,"{""C"": 10.0, ""class_weight"": ""none""}"
2026-03-14,RUB_KZT,KZT,CBR,KZT_RC_F02_09_2016_T02_09_2026.dbf,100,16.3166,0.163166,6.1287277987,1.0,False,0.009921826160692593,0.02336929252383335,0.04304079062601884,0.06051112728785357,0.03606011924793795,0.02336929252383335,0.0128985239142283,1.0,0.05946444340553736,0.03165149215983809,1.0,0.06051112728785357,0.04047440725397489,1.0,0.08729492356696378,0.05663888166351683,1.0,0.011451632721945843,0.009081886000158138,0.009451273517618479,0,1.0,6.123233995736766e-17,-0.9749279121818236,-0.2225209339563146,True,True,1,0.0,-51.4204197941,0.826886849744499,0.7719410821130868,H005_add_calendar,3,pooled_with_corridor_thresholds,logistic,2026,0.6937522174728412,26,"{""C"": 10.0, ""class_weight"": ""none""}"
2026-04-03,RUB_KZT,KZT,CBR,KZT_RC_F02_09_2016_T02_09_2026.dbf,100,16.909,0.16909,5.9140102904,1.0,False,0.004115275212741354,0.0036325217535819743,-0.0069943211515083314,-0.038348887865190306,0.08253626807001369,0.004115275212741354,0.00278257486620892,1.0,0.010379258214672005,-0.0009441665514524633,0.2553660688032914,0.08091003816330322,0.013369052060344222,0.6524226804123712,0.12677088747617704,0.06859937371696745,0.7383086894089338,0.00579750164451447,0.011385683153321422,0.013619563045091638,0,0.8660254037844387,-0.49999999999999983,-0.433883739117558,-0.9009688679024191,True,True,1,16.7366491218,-21.2849542297,0.8280977909131807,0.7719410821130868,H005_add_calendar,3,pooled_with_corridor_thresholds,logistic,2026,0.6937522174728412,26,"{""C"": 10.0, ""class_weight"": ""none""}"
2026-04-11,RUB_KZT,KZT,CBR,KZT_RC_F02_09_2016_T02_09_2026.dbf,100,16.0419,0.160419,6.2336755621,1.0,False,-0.02040180752320464,-0.050050038194835,-0.04968988252856821,-0.04744402021269645,-0.016835615262983716,0.0,-0.03418135492400787,0.0,0.0,-0.04169334951827497,0.0,0.0,-0.04925620814318721,0.0,0.06898964455639511,0.005748408563439167,0.4017929910350451,0.01945079137113542,0.014188877057890435,0.01617218961170024,2,0.8660254037844387,-0.49999999999999983,-0.9749279121818236,-0.2225209339563146,True,True,1,0.0,193.8896340697,0.7784821974930308,0.7719410821130868,H005_add_calendar,3,pooled_with_corridor_thresholds,logistic,2026,0.6937522174728412,26,"{""C"": 10.0, ""class_weight"": ""none""}"
2026-04-17,RUB_KZT,KZT,CBR,KZT_RC_F02_09_2016_T02_09_2026.dbf,100,16.0492,0.160492,6.2308401665,1.0,False,0.017485133198929637,-0.0041325903771454175,-0.01995603321934536,-0.05084866047666925,-0.0872475587631445,0.017485133198929637,0.0036671636265395158,0.8054906542056065,0.017485133198929637,-0.020433374552459194,0.2232113952735503,0.017485133198929637,-0.03634337427527001,0.16795566652457122,0.06947609718390568,0.0032290374584595938,0.4046260721077346,0.015002274260534881,0.016046705391123135,0.013556722852497507,0,0.8660254037844387,-0.49999999999999983,-0.433883739117558,-0.9009688679024191,True,True,1,0.0,-3.4726736203,0.7801035035874377,0.7719410821130868,H005_add_calendar,3,pooled_with_corridor_thresholds,logistic,2026,0.6937522174728412,26,"{""C"": 10.0, ""class_weight"": ""none""}"
2026-04-23,RUB_KZT,KZT,CBR,KZT_RC_F02_09_2016_T02_09_2026.dbf,100,16.1383,0.161383,6.1964395258,1.0,False,0.015792388937145185,0.0004215355050678493,0.023133883626865304,-0.05119054618143337,-0.035673098181687846,0.015792388937145185,0.00574469092839891,1.0,0.023133883626865304,0.005437660659571852,0.6055426485230667,0.023133883626865304,-0.02001975347925089,0.29082649238861824,0.07223392310196597,0.004848875418925758,0.42934997235605404,0.012152641330318908,0.016646023981612856,0.013297238168410167,0,0.8660254037844387,-0.49999999999999983,0.43388373911755823,-0.900968867902419,True,True,1,0.0,5.9980944107,0.7745251026450641,0.7719410821130868,H005_add_calendar,3,pooled_with_corridor_thresholds,logistic,2026,0.6937522174728412,26,"{""C"": 10.0, ""class_weight"": ""none""}"
2026-05-09,RUB_KZT,KZT,CBR,KZT_RC_F02_09_2016_T02_09_2026.dbf,100,16.0325,0.160325,6.2373304226,1.0,False,-0.004353334244159401,-0.011535426274384197,-0.010742536991102392,-0.011565896634422868,-0.02097581827063988,0.0,-0.00823721394610566,0.0,0.0,-0.01053617737708934,0.0,0.016426388730394148,-0.005386391799904855,0.42876054939599295,0.04204580906821964,-0.011550661689226693,0.29435318742321537,0.00438892879719201,0.008042166619618677,0.010184289188170523,4,0.49999999999999994,-0.8660254037844387,-0.9749279121818236,-0.2225209339563146,True,True,1,0.0,35.6657065841,0.8386974178935201,0.7719410821130868,H005_add_calendar,3,pooled_with_corridor_thresholds,logistic,2026,0.6937522174728412,26,"{""C"": 10.0, ""class_weight"": ""none""}"
2026-05-16,RUB_KZT,KZT,CBR,KZT_RC_F02_09_2016_T02_09_2026.dbf,100,15.4264,0.154264,6.4823938184,1.0,False,-0.013669901919412752,-0.035669187972744765,-0.04199321848645554,-0.0580850791014611,-0.02199906171148902,0.0,-0.02247749209181582,0.0,0.0,-0.03529529479450677,0.0,0.0,-0.03991834600878763,0.0,0.0026518302828619778,-0.04923625829377476,0.018564863266142765,0.004966911560578856,0.005763613919274443,0.00957020144946939,8,0.49999999999999994,-0.8660254037844387,-0.9749279121818236,-0.2225209339563146,True,True,1,24.8923922626,103.4790251288,0.8072623224047423,0.7719410821130868,H005_add_calendar,3,pooled_with_corridor_thresholds,logistic,2026,0.6937522174728412,26,"{""C"": 10.0, ""class_weight"": ""none""}"
2026-05-23,RUB_KZT,KZT,CBR,KZT_RC_F02_09_2016_T02_09_2026.dbf,100,15.1043,0.151043,6.620631211,1.0,False,0.006604377149254992,-0.009365715447527623,-0.02087979048903177,-0.06199619937153,-0.06407118469727291,0.006604377149254992,-0.0033954087422868318,0.2588819226750314,0.006604377149254992,-0.023540835404216476,0.09646646549206846,0.006604377149254992,-0.046759241436371,0.07220400728597585,0.006604377149254992,-0.06705280645539191,0.038439160622164376,0.007821558550975341,0.006588060425696085,0.007888039090108689,0,0.49999999999999994,-0.8660254037844387,-0.9749279121818236,-0.2225209339563146,True,True,1,0.0,6.2384152157,0.833880982044256,0.7719410821130868,H005_add_calendar,3,pooled_with_corridor_thresholds,logistic,2026,0.6937522174728412,26,"{""C"": 10.0, ""class_weight"": ""none""}"
2026-05-29,RUB_KZT,KZT,CBR,KZT_RC_F02_09_2016_T02_09_2026.dbf,100,14.9475,0.149475,6.6900819535,1.0,False,0.006633443329516986,-0.016398296998690443,-0.0038453336176791364,-0.04428971496528189,-0.07787264494318247,0.006633443329516986,-0.007021762814551247,0.28329019269484945,0.006633443329516986,-0.012498769546050004,0.17059231035676925,0.006633443329516986,-0.04252109528284309,0.06443383266827933,0.006633443329516986,-0.07528558039401279,0.03602384522546855,0.011933287903501583,0.009702818221560428,0.008269353853462839,0,0.49999999999999994,-0.8660254037844387,-0.433883739117558,-0.9009688679024191,True,True,0,214.2833249707,-56.6302683594,0.8090414116445903,0.7719410821130868,H005_add_calendar,3,pooled_with_corridor_thresholds,logistic,2026,0.6937522174728412,26,"{""C"": 10.0, ""class_weight"": ""none""}"
2026-06-06,RUB_KZT,KZT,CBR,KZT_RC_F02_09_2016_T02_09_2026.dbf,100,15.1376,0.151376,6.6060670119,1.0,False,-0.00303615060887652,0.020081403811423648,0.03489389630277828,0.0022046701932563195,-0.05992821035112339,0.02806226399717482,0.012442848772970638,0.8996298715436555,0.03489389630277828,0.012232299341944808,0.8962247585601435,0.03489389630277828,-0.004861764625641585,0.36319647050451886,0.03489389630277828,-0.058290817159699304,0.17265992354791793,0.008919944685831674,0.013098603666556867,0.010653438415599993,1,1.2246467991473532e-16,-1.0,-0.9749279121818236,-0.2225209339563146,True,True,0,70.817038368,-59.2563058316,0.7908946228405989,0.7719410821130868,H005_add_calendar,3,pooled_with_corridor_thresholds,logistic,2026,0.6937522174728412,26,"{""C"": 10.0, ""class_weight"": ""none""}"
2026-06-12,RUB_KZT,KZT,CBR,KZT_RC_F02_09_2016_T02_09_2026.dbf,100,14.7174,0.147174,6.7946784079,1.0,False,0.00497111563306607,-0.020824462422822987,-0.030710564618637082,-0.01539387857501251,-0.05900180304599689,0.00497111563306607,-0.009953341190526155,0.14766734279918942,0.006166593743163418,-0.00942424727846436,0.16208445642407696,0.006166593743163418,-0.018647327758683163,0.11286286286286114,0.006166593743163418,-0.07809560956298167,0.03051317614424366,0.007738643044549462,0.012546992787065558,0.011024095617785874,0,1.2246467991473532e-16,-1.0,-0.433883739117558,-0.9009688679024191,True,True,1,0.0,30.9266179866,0.7859722901386904,0.7719410821130868,H005_add_calendar,3,pooled_with_corridor_thresholds,logistic,2026,0.6937522174728412,26,"{""C"": 10.0, ""class_weight"": ""none""}"
2026-06-19,RUB_KZT,KZT,CBR,KZT_RC_F02_09_2016_T02_09_2026.dbf,100,14.9899,0.149899,6.6711585801,1.0,False,0.0038237972784742613,0.012406964649944063,0.023578656979364565,0.007893763657757624,-0.0029466150510170097,0.021026891534752012,0.011089002057266484,1.0,0.023578656979364565,0.006569943983572468,0.6405119643850876,0.024796269962809037,0.005171740336724628,0.6368744512730475,0.024796269962809037,-0.05120259343907585,0.15106834936898642,0.009083442646998223,0.011916537190600806,0.01131009366351029,0,1.2246467991473532e-16,-1.0,-0.433883739117558,-0.9009688679024191,True,True,1,0.0,-33.2083915014,0.7741541979793101,0.7719410821130868,H005_add_calendar,3,pooled_with_corridor_thresholds,logistic,2026,0.6937522174728412,26,"{""C"": 10.0, ""class_weight"": ""none""}"
2026-07-04,RUB_KZT,KZT,CBR,KZT_RC_F02_09_2016_T02_09_2026.dbf,100,16.2764,0.162764,6.1438647367,1.0,False,0.000990141633303132,0.010278819177197862,0.025233374066188752,0.0809640506598126,0.07196533124337279,0.01833789017286791,0.005813752292625374,0.985210084033608,0.07760041842389231,0.02934796494383507,0.9962600934976612,0.11142673750051224,0.060636470505438744,0.9973108421953296,0.11274885145482383,0.043637612221468114,0.6924174993702239,0.004951771982586012,0.0069305695513387335,0.009364023359437952,0,-0.4999999999999998,-0.8660254037844388,-0.9749279121818236,-0.2225209339563146,True,True,1,0.0,5.6316283476,0.773744536953413,0.7719410821130868,H005_add_calendar,3,pooled_with_corridor_thresholds,logistic,2026,0.6937522174728412,26,"{""C"": 10.0, ""class_weight"": ""none""}"
2026-07-11,RUB_KZT,KZT,CBR,KZT_RC_F02_09_2016_T02_09_2026.dbf,100,16.402,0.16402,6.0968174613,1.0,False,0.010902860382986823,0.017033229368834224,0.007716694109262567,0.0331447864044645,0.11446315245899408,0.017033229368834224,0.006352747437488038,0.7032770097286238,0.026196092171203667,0.009951115705965297,0.7832023943135062,0.11721112715581827,0.04443696588577972,0.9368976969564984,0.12133559396193383,0.051716782412651874,0.9386999523985828,0.015149599727803609,0.010773426156880102,0.00977029262650413,0,-0.4999999999999998,-0.8660254037844388,-0.9749279121818236,-0.2225209339563146,True,True,1,0.0,-47.9230990037,0.8277821512751475,0.7719410821130868,H005_add_calendar,3,pooled_with_corridor_thresholds,logistic,2026,0.6937522174728412,26,"{""C"": 10.0, ""class_weight"": ""none""}"
2026-07-18,RUB_KZT,KZT,CBR,KZT_RC_F02_09_2016_T02_09_2026.dbf,100,16.5979,0.165979,6.0248585664,1.0,False,-0.004546081553584491,0.02192490980063777,0.011943665406657589,0.01975252512840675,0.10231582023337493,0.02192490980063777,0.004379892433036936,0.8244964112062954,0.02918033396786801,0.011327693960330176,0.8612737920937026,0.09888574776719206,0.030147096929556083,0.9517012871160947,0.13472845110479081,0.06114604847301908,0.96296115318837,0.014223432865781455,0.013860312700299573,0.011071632782128164,1,-0.4999999999999998,-0.8660254037844388,-0.9749279121818236,-0.2225209339563146,True,True,1,0.0,-15.5942360807,0.7986631639900736,0.7719410821130868,H005_add_calendar,3,pooled_with_corridor_thresholds,logistic,2026,0.6937522174728412,26,"{""C"": 10.0, ""class_weight"": ""none""}"
2026-07-24,RUB_KZT,KZT,CBR,KZT_RC_F02_09_2016_T02_09_2026.dbf,100,16.7657,0.167657,5.9645585928,1.0,False,0.003243275588666439,0.005801187833703203,0.0055176715426090706,0.03331874687983438,0.07956162548856738,0.01010971267449512,0.004562133453488215,1.0,0.03225627701363143,0.010715609825204364,1.0,0.05605386815152613,0.02305609152140664,1.0,0.146200229709035,0.06950162603389343,1.0,0.0034630898009168905,0.009894148242389954,0.010810230346492696,0,-0.4999999999999998,-0.8660254037844388,-0.433883739117558,-0.9009688679024191,True,True,1,6.8592423818,-21.1249866581,0.7745156824278151,0.7719410821130868,H005_add_calendar,3,pooled_with_corridor_thresholds,logistic,2026,0.6937522174728412,26,"{""C"": 10.0, ""class_weight"": ""none""}"
2026-07-31,RUB_KZT,KZT,CBR,KZT_RC_F02_09_2016_T02_09_2026.dbf,100,16.7356,0.167356,5.9752862162,1.0,False,0.005418914534946584,0.021223104992738495,-0.0017953321364452268,0.0037124333531250997,0.029230703000559632,0.021223104992738495,0.006386279721457333,0.9492358078602643,0.021223104992738495,0.004569170226201624,0.920349298756286,0.037718650983115554,0.013071697601524601,0.9528508771929831,0.1441424196018377,0.06550085817440965,0.9859247135842882,0.013389162116954869,0.009249036369019078,0.011418913945538081,0,-0.4999999999999998,-0.8660254037844388,-0.433883739117558,-0.9009688679024191,True,True,1,0.0,-45.4298341442,0.7915622519761928,0.7719410821130868,H005_add_calendar,3,pooled_with_corridor_thresholds,logistic,2026,0.6937522174728412,26,"{""C"": 10.0, ""class_weight"": ""none""}"
2026-08-08,RUB_KZT,KZT,CBR,KZT_RC_F02_09_2016_T02_09_2026.dbf,100,17.5765,0.175765,5.6894148437,1.0,False,0.014440474885001331,0.029901208236162713,0.04983216064794371,0.0490802306287379,0.07160712108279488,0.039611280668133686,0.021621062371981248,1.0,0.07253566677650447,0.03906061566255392,1.0,0.08217685231932426,0.048125268158525136,1.0,0.20163120761321363,0.11078049764407183,1.0,0.0034603395392349343,0.010580748420536289,0.009920624505480797,0,-0.8660254037844384,-0.5000000000000004,-0.9749279121818236,-0.2225209339563146,True,True,1,0.0,-97.5237838867,0.8085999044552403,0.7719410821130868,H005_add_calendar,3,pooled_with_corridor_thresholds,logistic,2026,0.6937522174728412,26,"{""C"": 10.0, ""class_weight"": ""none""}"
2026-08-22,RUB_KZT,KZT,CBR,KZT_RC_F02_09_2016_T02_09_2026.dbf,100,18.096,0.18096,5.5260831123,1.0,False,0.0034602076124568004,-0.01962271510764857,-0.0043082814743895526,0.02955651011293492,0.08008738107459634,0.0034602076124568004,-0.010173941581883783,0.1334759358288795,0.029445228234651788,0.0015912770344130855,0.560962392977133,0.10423607805806778,0.03455934752326906,0.8083092793261725,0.2371472325530517,0.10936835706997039,0.8954283796690674,0.013910853704423368,0.010460752337770846,0.010285949784919823,0,-0.8660254037844384,-0.5000000000000004,-0.9749279121818236,-0.2225209339563146,True,True,1,0.0,65.767081325,0.8153216290691877,0.7719410821130868,H005_add_calendar,3,pooled_with_corridor_thresholds,logistic,2026,0.6937522174728412,26,"{""C"": 10.0, ""class_weight"": ""none""}"
2026-01-16,RUB_TJS,TJS,CBR,TJS_RC_F02_09_2016_T02_09_2026.dbf,10,84.0492,8.40492,0.118977932,1.0,False,-0.0003663177925783412,-0.003629880244773731,0.0035665458713680653,-0.020874616005619684,0.005741335943539205,0.0,-0.0028111383437418036,0.0,0.0035665458713680653,-0.0033371034151058465,0.22959262106072717,0.00990206079656275,-0.012484755345322118,0.19909644375725022,0.02133213113519039,-0.020798074058661076,0.2763391943583061,0.005242907405135083,0.005072436691889058,0.008483534867347688,2,0.49999999999999994,0.8660254037844387,-0.433883739117558,-0.9009688679024191,True,True,0,73.4926685798,-20.0709884549,0.8112025010078676,0.8002574621224812,H005_add_calendar,3,pooled_with_corridor_thresholds,logistic,2026,0.6937522174728412,26,"{""C"": 10.0, ""class_weight"": ""none""}"
2026-01-24,RUB_TJS,TJS,CBR,TJS_RC_F02_09_2016_T02_09_2026.dbf,10,81.155,8.1155,0.1232209969,1.0,False,-0.0024657184016834144,-0.02746070835804959,-0.027285857260147428,-0.040259320973565216,-0.0580196300560859,0.0,-0.015862613911583168,0.0,0.0,-0.025303671562347252,0.0,0.0,-0.037242538303433714,0.0,0.0,-0.04991392777831738,0.0,0.008383127776376157,0.0061311724842554914,0.0075292566962334995,3,0.49999999999999994,0.8660254037844387,-0.9749279121818236,-0.2225209339563146,True,True,1,0.0,77.4558770487,0.832721907474637,0.8002574621224812,H005_add_calendar,3,pooled_with_corridor_thresholds,logistic,2026,0.6937522174728412,26,"{""C"": 10.0, ""class_weight"": ""none""}"
2026-01-31,RUB_TJS,TJS,CBR,TJS_RC_F02_09_2016_T02_09_2026.dbf,10,80.8152,8.08152,0.1237390986,1.0,False,-0.003144192495137088,-0.012221460341672818,-0.004187049473230453,-0.0313586594991101,-0.049808645350170266,0.0,-0.005959187047230752,0.0,0.0,-0.013021031155068585,0.0,0.0,-0.026616079494128364,0.0,0.0,-0.048199304283681466,0.0,0.005052697179425045,0.006972412995510324,0.00586558295159301,3,0.49999999999999994,0.8660254037844387,-0.9749279121818236,-0.2225209339563146,True,True,1,0.0,59.1855723635,0.8429406096252507,0.8002574621224812,H005_add_calendar,3,pooled_with_corridor_thresholds,logistic,2026,0.6937522174728412,26,"{""C"": 10.0, ""class_weight"": ""none""}"
2026-02-07,RUB_TJS,TJS,CBR,TJS_RC_F02_09_2016_T02_09_2026.dbf,10,82.1471,8.21471,0.1217328427,1.0,False,0.006263183554274132,-0.001152697104517264,0.016480810540591584,0.012224755098268592,-0.028526726214621045,0.006263183554274132,0.0008623680983748105,0.8435901666391709,0.016480810540591584,0.0056201645284499335,0.9335529543702258,0.016480810540591584,-0.003974723708414896,0.372914100123196,0.016480810540591584,-0.028283124644723823,0.19256571147673812,0.008906739541881281,0.007166125458338243,0.0070417703009809105,0,0.8660254037844386,0.5000000000000001,-0.9749279121818236,-0.2225209339563146,True,True,1,0.0,4.9121146897,0.8695590765777349,0.8002574621224812,H005_add_calendar,3,pooled_with_corridor_thresholds,logistic,2026,0.6937522174728412,26,"{""C"": 10.0, ""class_weight"": ""none""}"
2026-02-14,RUB_TJS,TJS,CBR,TJS_RC_F02_09_2016_T02_09_2026.dbf,10,81.7201,8.17201,0.1223689154,1.0,False,-0.002276983783968456,-0.005778933294077082,-0.005197992381958727,0.011197151030994279,-0.020512636114656813,0.0,-0.0058493262605818774,0.0,0.0010326351919134336,-0.005095288915250906,0.07072147651007153,0.011197151030994279,-0.003534934764053199,0.34389845323604584,0.011197151030994279,-0.028189486645173067,0.1335133380547697,0.006331812096704259,0.007634723957497303,0.007449994864286127,2,0.8660254037844386,0.5000000000000001,-0.9749279121818236,-0.2225209339563146,True,True,0,74.4003005381,12.0196441913,0.8335015990471804,0.8002574621224812,H005_add_calendar,3,pooled_with_corridor_thresholds,logistic,2026,0.6937522174728412,26,"{""C"": 10.0, ""class_weight"": ""none""}"
2026-02-20,RUB_TJS,TJS,CBR,TJS_RC_F02_09_2016_T02_09_2026.dbf,10,81.0316,8.10316,0.1234086455,1.0,False,0.005654289118347977,-0.0009924536536470852,-0.01068289979073711,-0.007401164685101214,-0.003982516261941238,0.005654289118347977,-0.0010779220266906586,0.39821693907875416,0.005654289118347977,-0.008213684055406678,0.2023270272670755,0.005654289118347977,-0.0075219483295727585,0.2023270272670755,0.005654289118347977,-0.031492872127093285,0.0671154781020286,0.005500070021891571,0.006129802572711957,0.006436603192841873,0,0.8660254037844386,0.5000000000000001,-0.433883739117558,-0.9009688679024191,True,True,1,0.0,2.0270167848,0.8037234055748257,0.8002574621224812,H005_add_calendar,3,pooled_with_corridor_thresholds,logistic,2026,0.6937522174728412,26,"{""C"": 10.0, ""class_weight"": ""none""}"
2026-02-27,RUB_TJS,TJS,CBR,TJS_RC_F02_09_2016_T02_09_2026.dbf,10,81.2167,8.12167,0.1231273864,1.0,False,0.006618519211677443,0.0007763047156197356,0.007951499205718804,-0.013821868738995824,-0.004116371805121477,0.006618519211677443,0.0025309936865876015,1.0,0.007951499205718804,0.0007867869089008828,0.48151209980459825,0.007951499205718804,-0.004192871474784421,0.28452793320898484,0.007951499205718804,-0.024905617185666196,0.09438298248456789,0.0045601607866427325,0.004924707398490904,0.0064246793833289805,0,0.8660254037844386,0.5000000000000001,-0.433883739117558,-0.9009688679024191,True,True,1,0.0,-13.1743742921,0.8502133373997224,0.8002574621224812,H005_add_calendar,3,pooled_with_corridor_thresholds,logistic,2026,0.6937522174728412,26,"{""C"": 10.0, ""class_weight"": ""none""}"
2026-03-06,RUB_TJS,TJS,CBR,TJS_RC_F02_09_2016_T02_09_2026.dbf,10,81.6614,8.16614,0.1224568768,1.0,False,0.003153380578762688,0.008167921402274958,0.0054754748715473145,0.013470512311358096,-0.006135178389956808,0.008167921402274958,0.004095004497815857,1.0,0.012130233618855124,0.006053836878916252,1.0,0.013470512311358096,0.002391717680955141,0.48201438848920714,0.013470512311358096,-0.016344569336812165,0.15989275665483213,0.002771088715141958,0.0035670638014425765,0.005046498958698411,0,1.0,6.123233995736766e-17,-0.433883739117558,-0.9009688679024191,True,True,1,0.0,30.6355365248,0.8163682612547748,0.8002574621224812,H005_add_calendar,3,pooled_with_corridor_thresholds,logistic,2026,0.6937522174728412,26,"{""C"": 10.0, ""class_weight"": ""none""}"
2026-03-14,RUB_TJS,TJS,CBR,TJS_RC_F02_09_2016_T02_09_2026.dbf,10,83.4542,8.34542,0.1198262041,1.0,False,0.014427360567321523,0.017586472207082204,0.021954068874645793,0.02754975269864457,0.013347094894056388,0.017586472207082204,0.010922746131249772,1.0,0.030301309385949216,0.018474030463349944,1.0,0.035720313741064436,0.023392257486022805,1.0,0.035720313741064436,0.006130314545075066,0.42399422535833736,0.009284920376331477,0.006688606964768686,0.006095042392529864,0,1.0,6.123233995736766e-17,-0.9749279121818236,-0.2225209339563146,True,True,1,0.0,-48.2200847644,0.868432845184434,0.8002574621224812,H005_add_calendar,3,pooled_with_corridor_thresholds,logistic,2026,0.6937522174728412,26,"{""C"": 10.0, ""class_weight"": ""none""}"
2026-04-04,RUB_TJS,TJS,CBR,TJS_RC_F02_09_2016_T02_09_2026.dbf,10,83.2786,8.32786,0.1200788678,1.0,False,-0.006221957040572934,-0.016231043110312204,-0.021040690737464618,-0.05430136588069101,0.01980372611784742,0.0,-0.010118875691044638,0.0,0.0,-0.01953694946774731,0.0,0.015445319520703604,-0.01714223399489312,0.20146962925261896,0.03354100476568678,0.0037641991138608333,0.34993267039568965,0.0021700796843228854,0.013228369528614023,0.01293350367783745,6,0.8660254037844387,-0.49999999999999983,-0.9749279121818236,-0.2225209339563146,True,True,0,126.9593869253,30.4107000789,0.8531676978773587,0.8002574621224812,H005_add_calendar,3,pooled_with_corridor_thresholds,logistic,2026,0.6937522174728412,26,"{""C"": 10.0, ""class_weight"": ""none""}"
2026-04-11,RUB_TJS,TJS,CBR,TJS_RC_F02_09_2016_T02_09_2026.dbf,10,80.8169,8.08169,0.1237364957,1.0,False,-0.009482710018065776,-0.019723930473175555,-0.029559814886417346,-0.04997854670060009,-0.03160176480033372,0.0,-0.01213596327283284,0.0,0.0,-0.02594823033242688,0.0,0.0,-0.04410045302292653,0.0,0.0029897239872913595,-0.0235366654781598,0.03119173399627009,0.0057958058269569675,0.00422509977008772,0.012618938331883808,3,0.8660254037844387,-0.49999999999999983,-0.9749279121818236,-0.2225209339563146,True,True,0,77.5332882108,51.5816805196,0.8124639693167957,0.8002574621224812,H005_add_calendar,3,pooled_with_corridor_thresholds,logistic,2026,0.6937522174728412,26,"{""C"": 10.0, ""class_weight"": ""none""}"
2026-04-17,RUB_TJS,TJS,CBR,TJS_RC_F02_09_2016_T02_09_2026.dbf,10,80.2384,8.02384,0.1246286068,1.0,False,0.01131704488880203,0.000599823170632785,-0.01657298757454906,-0.042501193317422525,-0.09128961530795288,0.01131704488880203,0.0019052061900595163,0.6081685180167964,0.01131704488880203,-0.01176873400050138,0.22800335187019113,0.01131704488880203,-0.036812640957790355,0.10297136435050847,0.01131704488880203,-0.027654573215885492,0.10022659537656119,0.008392558671511842,0.006764195266870611,0.010249657339882694,0,0.8660254037844387,-0.49999999999999983,-0.433883739117558,-0.9009688679024191,True,True,1,0.0,-18.0985031591,0.8049887969271381,0.8002574621224812,H005_add_calendar,3,pooled_with_corridor_thresholds,logistic,2026,0.6937522174728412,26,"{""C"": 10.0, ""class_weight"": ""none""}"
2026-04-25,RUB_TJS,TJS,CBR,TJS_RC_F02_09_2016_T02_09_2026.dbf,10,80.0866,8.00866,0.1248648338,1.0,False,0.009851800573227765,0.014846353671672086,-0.0032446641019672207,-0.009036476281569783,-0.05856339303032254,0.014846353671672086,0.00796716774750772,1.0,0.014846353671672086,0.004564067918388259,0.8179850589960278,0.014846353671672086,-0.015485403880792115,0.2025377727068439,0.014846353671672086,-0.027034736662556957,0.12484814901643301,0.008633440740660638,0.007751093515789413,0.006450842283196387,0,0.8660254037844387,-0.49999999999999983,-0.9749279121818236,-0.2225209339563146,True,True,0,86.4938703853,-59.6303745798,0.8604986792581051,0.8002574621224812,H005_add_calendar,3,pooled_with_corridor_thresholds,logistic,2026,0.6937522174728412,26,"{""C"": 10.0, ""class_weight"": ""none""}"
2026-05-01,RUB_TJS,TJS,CBR,TJS_RC_F02_09_2016_T02_09_2026.dbf,10,79.5683,7.95683,0.1256781909,1.0,False,0.00037591905293554717,0.0021966423113111144,0.003316297901905685,-0.008351362938443407,-0.050497613365155236,0.0037187710899606596,-4.825809636366252e-05,0.36256303037756726,0.008278527529620439,0.00036925314434066436,0.4561195280318393,0.008278527529620439,-0.009931259864191966,0.14971583096525892,0.008278527529620439,-0.03165620062795427,0.0696170158351275,0.006766840269698446,0.006528731296432241,0.006713882778110524,0,0.49999999999999994,-0.8660254037844387,-0.433883739117558,-0.9009688679024191,True,True,1,0.0,-8.9688919079,0.8217086553279479,0.8002574621224812,H005_add_calendar,3,pooled_with_corridor_thresholds,logistic,2026,0.6937522174728412,26,"{""C"": 10.0, ""class_weight"": ""none""}"
2026-05-09,RUB_TJS,TJS,CBR,TJS_RC_F02_09_2016_T02_09_2026.dbf,10,79.3162,7.93162,0.1260776487,1.0,False,-0.00363792587977263,-0.012790034825338248,-0.0031683471935431973,0.00013744352521194436,-0.027875760197865973,0.0,-0.008044082371803651,0.0,0.0005386415384711629,-0.005636126874974168,0.03989535644211868,0.005083951086612082,-0.005823082429512905,0.21094694778905237,0.005083951086612082,-0.03253146817151087,0.042752712005285416,0.006354563994001098,0.006226299566182664,0.006694556790088709,3,0.49999999999999994,-0.8660254037844387,-0.9749279121818236,-0.2225209339563146,True,True,1,0.0,39.4590796158,0.8575573250794004,0.8002574621224812,H005_add_calendar,3,pooled_with_corridor_thresholds,logistic,2026,0.6937522174728412,26,"{""C"": 10.0, ""class_weight"": ""none""}"
2026-05-16,RUB_TJS,TJS,CBR,TJS_RC_F02_09_2016_T02_09_2026.dbf,10,78.2531,7.82531,0.1277904645,1.0,False,0.0005984172630593143,-0.0076329972734766605,-0.016992480447404645,-0.016159490258793152,-0.013705484588577121,0.0005984172630593143,-0.0044517373505496005,0.04216596089737458,0.0005984172630593143,-0.013281648572713411,0.021894736842103257,0.0005984172630593143,-0.015141427639738136,0.02185894441849411,0.0005984172630593143,-0.04289245644038753,0.004636922985464611,0.0027262539320732256,0.004857515877646117,0.0062734528558218185,0,0.49999999999999994,-0.8660254037844387,-0.9749279121818236,-0.2225209339563146,True,True,0,106.3600036292,-2.6624014679,0.8493189601258924,0.8002574621224812,H005_add_calendar,3,pooled_with_corridor_thresholds,logistic,2026,0.6937522174728412,26,"{""C"": 10.0, ""class_weight"": ""none""}"
2026-05-22,RUB_TJS,TJS,CBR,TJS_RC_F02_09_2016_T02_09_2026.dbf,10,76.2119,7.62119,0.1312131045,1.0,False,0.0008720147612137907,-0.015614666859551818,-0.025501781825760794,-0.04970915914886187,-0.034253310523981395,0.0008720147612137907,-0.008827600127245483,0.0315050294173467,0.0008720147612137907,-0.021445361457207657,0.019189087651359658,0.0008720147612137907,-0.033010309393459614,0.015815925493652138,0.0008720147612137907,-0.06447959563350392,0.005463356837835378,0.00636058120889965,0.0044530206044593665,0.006064337018105651,0,0.49999999999999994,-0.8660254037844387,-0.433883739117558,-0.9009688679024191,True,True,1,0.0,54.7277408145,0.8019536845443123,0.8002574621224812,H005_add_calendar,3,pooled_with_corridor_thresholds,logistic,2026,0.6937522174728412,26,"{""C"": 10.0, ""class_weight"": ""none""}"
2026-05-29,RUB_TJS,TJS,CBR,TJS_RC_F02_09_2016_T02_09_2026.dbf,10,77.1309,7.71309,0.1296497253,1.0,False,0.006491947375426355,0.0003644485025187105,0.012058484304944495,-0.013750810356710441,-0.027027947548676323,0.006491947375426355,0.0015207668030319255,0.6002654440154468,0.012941014242469961,0.002321960302120063,0.46754602391345623,0.012941014242469961,-0.01359043711833896,0.23471405092537412,0.012941014242469961,-0.04929862607813418,0.08107819018076792,0.007405398113329423,0.007630617927259484,0.006305075130843667,0,0.49999999999999994,-0.8660254037844387,-0.433883739117558,-0.9009688679024191,True,True,1,48.9168413697,-24.6235495231,0.8379995567356563,0.8002574621224812,H005_add_calendar,3,pooled_with_corridor_thresholds,logistic,2026,0.6937522174728412,26,"{""C"": 10.0, ""class_weight"": ""none""}"
2026-06-19,RUB_TJS,TJS,CBR,TJS_RC_F02_09_2016_T02_09_2026.dbf,10,78.785,7.8785,0.1269277147,1.0,False,0.005715029749557399,0.013268890195014205,0.025675408265289024,-0.004192540892125174,0.034663900033488515,0.02149833585947314,0.01112837999997418,1.0,0.027341885713838554,0.009195547473052956,0.6220297249992575,0.03376244392279948,0.014192255116370456,0.6688240798502798,0.034663900033488515,-0.011584829664038954,0.26506858944746803,0.004577651448870177,0.010739638411017072,0.009119823940857042,0,1.2246467991473532e-16,-1.0,-0.433883739117558,-0.9009688679024191,True,True,1,0.0,-44.3979162102,0.8180479448424036,0.8002574621224812,H005_add_calendar,3,pooled_with_corridor_thresholds,logistic,2026,0.6937522174728412,26,"{""C"": 10.0, ""class_weight"": ""none""}"
2026-07-11,RUB_TJS,TJS,CBR,TJS_RC_F02_09_2016_T02_09_2026.dbf,10,82.8387,8.28387,0.120716525,1.0,False,0.008487792407005035,0.00961489241899427,-0.004344941478505948,-0.0037785813844134486,0.07405717071475704,0.00961489241899427,0.001798767347329866,0.3969907407407385,0.00961489241899427,-0.005852886960195258,0.33418053967043476,0.06768788585716679,0.016841611422192537,0.7696490071077889,0.08790013855053802,0.04222053324935704,0.8098245614035084,0.013731921118331441,0.010420652078281424,0.009431301135373072,0,-0.4999999999999998,-0.8660254037844388,-0.9749279121818236,-0.2225209339563146,True,True,1,5.6616050228,-34.4170609225,0.8606852692470758,0.8002574621224812,H005_add_calendar,3,pooled_with_corridor_thresholds,logistic,2026,0.6937522174728412,26,"{""C"": 10.0, ""class_weight"": ""none""}"
2026-07-17,RUB_TJS,TJS,CBR,TJS_RC_F02_09_2016_T02_09_2026.dbf,10,84.6234,8.46234,0.1181706242,1.0,False,0.004579902561326454,0.0221229638684024,0.030214933985865722,0.007877373097353368,0.07410547693088776,0.0221229638684024,0.011694875903190072,1.0,0.0313663165540925,0.017062698638955043,1.0,0.0730172738442576,0.024336392984630528,1.0,0.11133816180864242,0.061134521067131686,1.0,0.004481026922676091,0.010644650328838596,0.009403432455775414,0,-0.4999999999999998,-0.8660254037844388,-0.433883739117558,-0.9009688679024191,True,True,1,0.0,-45.96598612,0.808267017495534,0.8002574621224812,H005_add_calendar,3,pooled_with_corridor_thresholds,logistic,2026,0.6937522174728412,26,"{""C"": 10.0, ""class_weight"": ""none""}"
2026-07-25,RUB_TJS,TJS,CBR,TJS_RC_F02_09_2016_T02_09_2026.dbf,10,84.2301,8.42301,0.1187224045,1.0,False,-0.006308042961229332,-0.007657860912039349,-0.006197835182183198,0.01679649728931043,0.01295444897291631,0.0,-0.005128724827648923,0.0,0.017372493411183187,-0.0013790745357065148,0.6887420389790747,0.02657288622275722,0.00469593103998589,0.7703423665335835,0.10617305027874258,0.0492528084420798,0.9255833123440116,0.003344490949112531,0.004873112936952447,0.007984113614573893,3,-0.4999999999999998,-0.8660254037844388,-0.9749279121818236,-0.2225209339563146,True,True,1,0.0,31.4200691127,0.8178236829163074,0.8002574621224812,H005_add_calendar,3,pooled_with_corridor_thresholds,logistic,2026,0.6937522174728412,26,"{""C"": 10.0, ""class_weight"": ""none""}"
2026-08-01,RUB_TJS,TJS,CBR,TJS_RC_F02_09_2016_T02_09_2026.dbf,10,85.9216,8.59216,0.1163851697,1.0,False,-0.004487370363890797,0.009336660135233599,0.020081894714597315,0.013759595258826973,0.032709055987846236,0.01911396143522537,0.0048860974866387075,0.8062337402441415,0.020081894714597315,0.009843558259495566,0.8136905907254146,0.047188414840742876,0.020184179472606978,0.9090652954849592,0.12838710101056527,0.06423930818301415,0.9618926737115522,0.005827231820783212,0.005261115407700479,0.007817863794378498,1,-0.8660254037844384,-0.5000000000000004,-0.9749279121818236,-0.2225209339563146,True,True,1,0.0,2.9370313445,0.8382717582515972,0.8002574621224812,H005_add_calendar,3,pooled_with_corridor_thresholds,logistic,2026,0.6937522174728412,26,"{""C"": 10.0, ""class_weight"": ""none""}"
2026-08-08,RUB_TJS,TJS,CBR,TJS_RC_F02_09_2016_T02_09_2026.dbf,10,88.8517,8.88517,0.1125470869,1.0,False,0.009320559074510015,0.013082596862411755,0.034102018584383886,0.05486874644574802,0.07258684648600244,0.026289131938869836,0.012498908892339289,1.0,0.05386780468769459,0.025653664220459227,1.0,0.07319444679303988,0.03934850179931937,1.0,0.16686737889960668,0.09053496763846725,1.0,0.005284052667645812,0.005439686080029474,0.0053713216353733755,0,-0.8660254037844384,-0.5000000000000004,-0.9749279121818236,-0.2225209339563146,True,True,1,0.0,-45.0423387325,0.8211858321267969,0.8002574621224812,H005_add_calendar,3,pooled_with_corridor_thresholds,logistic,2026,0.6937522174728412,26,"{""C"": 10.0, ""class_weight"": ""none""}"
2026-08-15,RUB_TJS,TJS,CBR,TJS_RC_F02_09_2016_T02_09_2026.dbf,10,91.2736,9.12736,0.1095607054,1.0,False,0.008818942544793762,0.025309900528529994,0.027257778973277746,0.06228934284277754,0.07690601424805954,0.025309900528529994,0.014737629460939594,1.0,0.054263494259936706,0.027261016199853882,1.0,0.08362212558218496,0.049510942246461465,1.0,0.19104202606174336,0.105496528669488,1.0,0.004874609622147033,0.004844312389563048,0.005479009222543873,0,-0.8660254037844384,-0.5000000000000004,-0.9749279121818236,-0.2225209339563146,True,True,1,0.0,-64.3447446751,0.816363341861769,0.8002574621224812,H005_add_calendar,3,pooled_with_corridor_thresholds,logistic,2026,0.6937522174728412,26,"{""C"": 10.0, ""class_weight"": ""none""}"
2026-08-22,RUB_TJS,TJS,CBR,TJS_RC_F02_09_2016_T02_09_2026.dbf,10,89.7026,8.97026,0.1114794889,1.0,False,-0.004334405187522594,-0.024962200717180916,-0.0172119868176559,0.009576631623255283,0.06497083584134411,0.0,-0.015490916657849962,0.0,0.007662280036620839,-0.009150566198256493,0.2290002014369185,0.06396030843279732,0.01267128903278869,0.701326570425283,0.16970537840241384,0.07122336192811729,0.8500088172478433,0.010149794485516252,0.008831278439225071,0.007483910563834795,3,-0.8660254037844384,-0.5000000000000004,-0.9749279121818236,-0.2225209339563146,True,True,1,0.0,83.140326841,0.8309069247884722,0.8002574621224812,H005_add_calendar,3,pooled_with_corridor_thresholds,logistic,2026,0.6937522174728412,26,"{""C"": 10.0, ""class_weight"": ""none""}"
2026-08-29,RUB_TJS,TJS,CBR,TJS_RC_F02_09_2016_T02_09_2026.dbf,10,92.5493,9.25493,0.1080505201,1.0,False,-0.0040794848507023085,0.013770070170288307,0.03173486610198584,0.013976659187322493,0.07713659894601599,0.028081100716051965,0.010544905657740244,0.8695906432748531,0.03173486610198584,0.013141935088364587,0.8824787649575296,0.06899857581284352,0.027182985681149407,0.9403245863963353,0.20682582196478716,0.09085401471396981,0.9766566914200563,0.010292789772093174,0.010917616139873472,0.008556580675398235,1,-0.8660254037844384,-0.5000000000000004,-0.9749279121818236,-0.2225209339563146,True,True,1,0.0,-23.8541217639,0.8013614572997941,0.8002574621224812,H005_add_calendar,3,pooled_with_corridor_thresholds,logistic,2026,0.6937522174728412,26,"{""C"": 10.0, ""class_weight"": ""none""}"
2026-02-07,RUB_UZS,UZS,CBR,UZS_RC_F02_09_2016_T02_09_2026.dbf,10000,62.6294,0.00626294,159.6694204319,1.0,False,0.004616500057746276,-0.0027038561000776173,0.01099628399210939,-0.0031245175143294057,-0.03891045806798121,0.004616500057746276,-0.0007718843902895234,0.5013937282229958,0.01099628399210939,2.570743754470861e-05,0.58137748570453,0.01099628399210939,-0.014785516374608898,0.1862372529184999,0.01099628399210939,-0.040138547511719636,0.1129366513586545,0.008360592385237396,0.00701103198302061,0.007319257130247117,0,0.8660254037844386,0.5000000000000001,-0.9749279121818236,-0.2225209339563146,True,True,1,0.0,8.0294813931,0.8541789594124305,0.8300725776870199,H005_add_calendar,3,pooled_with_corridor_thresholds,logistic,2026,0.6937522174728412,26,"{""C"": 10.0, ""class_weight"": ""none""}"
2026-02-14,RUB_UZS,UZS,CBR,UZS_RC_F02_09_2016_T02_09_2026.dbf,10000,63.1655,0.00631655,158.3142696567,1.0,False,0.00455157738715295,0.007091757585613534,0.008559877629356283,0.019650288466815713,-0.029161056702140087,0.007091757585613534,0.0031489400357838093,1.0,0.013215894362672786,0.005459827291177444,1.0,0.019650288466815713,0.0030113922232577472,0.4731788851745307,0.019650288466815713,-0.02606969203960441,0.20822784810126502,0.005076765088992384,0.006526183529137907,0.007508800225337974,0,0.8660254037844386,0.5000000000000001,-0.9749279121818236,-0.2225209339563146,True,True,0,50.2331177621,-26.5131149441,0.8534777987172303,0.8300725776870199,H005_add_calendar,3,pooled_with_corridor_thresholds,logistic,2026,0.6937522174728412,26,"{""C"": 10.0, ""class_weight"": ""none""}"
2026-02-28,RUB_UZS,UZS,CBR,UZS_RC_F02_09_2016_T02_09_2026.dbf,10000,63.4838,0.00634838,157.5205012932,1.0,False,-0.0009630970178613474,0.009628107585434753,0.008031376036075955,0.00961365664057956,0.018669679061236844,0.010156654016596267,0.005266406571400983,0.9125089349535371,0.011413568189856393,0.006500321845203549,0.9212962962962948,0.02478845228755633,0.009485462760874475,0.9616733466933862,0.02478845228755633,-0.01152736428447032,0.28746864352839824,0.004199598379280905,0.004929764171623586,0.005836869819455686,1,0.8660254037844386,0.5000000000000001,-0.9749279121818236,-0.2225209339563146,True,True,1,28.0386492302,-27.1354561537,0.8328650115713347,0.8300725776870199,H005_add_calendar,3,pooled_with_corridor_thresholds,logistic,2026,0.6937522174728412,26,"{""C"": 10.0, ""class_weight"": ""none""}"
2026-03-14,RUB_UZS,UZS,CBR,UZS_RC_F02_09_2016_T02_09_2026.dbf,10000,66.4028,0.00664028,150.5960592023,1.0,False,0.016393241882207477,0.025321596160764903,0.03400551238729976,0.044972853883074926,0.05326705221382966,0.025321596160764903,0.016657786596605773,1.0,0.048921267877508834,0.02946518283166344,1.0,0.057918601057236785,0.04148528360220771,1.0,0.07190846545985186,0.035475576294919486,0.833913662061478,0.007288383817057363,0.005978081158452513,0.005688658952029601,0,1.0,6.123233995736766e-17,-0.9749279121818236,-0.2225209339563146,True,True,1,0.0,-72.1598216211,0.8413754537528021,0.8300725776870199,H005_add_calendar,3,pooled_with_corridor_thresholds,logistic,2026,0.6937522174728412,26,"{""C"": 10.0, ""class_weight"": ""none""}"
2026-04-04,RUB_UZS,UZS,CBR,UZS_RC_F02_09_2016_T02_09_2026.dbf,10000,65.5094,0.00655094,152.649848724,1.0,False,-0.009215244703843162,-0.016822676770178235,-0.015433680562339624,-0.04915248825037233,0.020093741727525982,0.0,-0.011822935632292753,0.0,0.0,-0.015325647462009151,0.0,0.01152666109763456,-0.017234704759284347,0.15482412477185983,0.05748673892058198,0.015258252645659942,0.46635150531016323,0.0049233124564286,0.011196169608662326,0.011538372632568983,2,0.8660254037844387,-0.49999999999999983,-0.9749279121818236,-0.2225209339563146,True,True,0,129.4165417482,43.4961876513,0.8497586350192217,0.8300725776870199,H005_add_calendar,3,pooled_with_corridor_thresholds,logistic,2026,0.6937522174728412,26,"{""C"": 10.0, ""class_weight"": ""none""}"
2026-04-25,RUB_UZS,UZS,CBR,UZS_RC_F02_09_2016_T02_09_2026.dbf,10000,62.8322,0.00628322,159.1540643173,1.0,False,0.00887288935702868,0.01594605956731243,0.002002978952773793,-0.0074999605098962085,-0.05567036339562015,0.01594605956731243,0.008769225829239558,1.0,0.018084422055185012,0.007327437288727756,0.9589311796546075,0.018084422055185012,-0.014810565038022472,0.2271173334418619,0.018084422055185012,-0.021372544830577156,0.14184586447054026,0.0075013507597678645,0.008445752670866231,0.007004864419093263,0,0.8660254037844387,-0.49999999999999983,-0.9749279121818236,-0.2225209339563146,True,True,0,138.2889664853,-67.7738594521,0.8498105785560913,0.8300725776870199,H005_add_calendar,3,pooled_with_corridor_thresholds,logistic,2026,0.6937522174728412,26,"{""C"": 10.0, ""class_weight"": ""none""}"
2026-05-09,RUB_UZS,UZS,CBR,UZS_RC_F02_09_2016_T02_09_2026.dbf,10000,61.1898,0.00611898,163.4259304655,1.0,False,-0.006562327499431642,-0.022420965855715846,-0.023467809761523517,-0.017498506734147323,-0.04105501531903544,0.0,-0.01490478562397024,0.0,0.0,-0.0172843844388344,0.0,0.0,-0.01851860465899613,0.0,0.0,-0.04606782045011837,0.0,0.005485718229231396,0.0076750886844837,0.007627547556305218,4,0.49999999999999994,-0.8660254037844387,-0.9749279121818236,-0.2225209339563146,True,True,1,0.0,67.694242685,0.8362569764047555,0.8300725776870199,H005_add_calendar,3,pooled_with_corridor_thresholds,logistic,2026,0.6937522174728412,26,"{""C"": 10.0, ""class_weight"": ""none""}"
2026-05-16,RUB_UZS,UZS,CBR,UZS_RC_F02_09_2016_T02_09_2026.dbf,10000,61.0092,0.00610092,163.9097054215,1.0,False,-0.0010642791882660152,0.0042253405209662365,-0.00949443127577354,-0.0243507713662946,-0.011454061419953643,0.004321222387388968,0.0008977190847989647,0.5924170616113725,0.004321222387388968,-0.010909161653056554,0.12192856147522059,0.004321222387388968,-0.016053012875182016,0.12192856147522059,0.004321222387388968,-0.04681408284910238,0.029701962026749008,0.005157060851119158,0.005349608699996335,0.007143127753004418,1,0.49999999999999994,-0.8660254037844387,-0.9749279121818236,-0.2225209339563146,True,True,0,133.4880640953,-29.7936240799,0.849728151402,0.8300725776870199,H005_add_calendar,3,pooled_with_corridor_thresholds,logistic,2026,0.6937522174728412,26,"{""C"": 10.0, ""class_weight"": ""none""}"
2026-05-29,RUB_UZS,UZS,CBR,UZS_RC_F02_09_2016_T02_09_2026.dbf,10000,59.4666,0.00594666,168.1616234996,1.0,False,0.006632269597188767,-0.0027820399949690655,0.00983057582483271,-0.02632208035471595,-0.042320978508563534,0.006632269597188767,1.2444114993126476e-05,0.61324150884333,0.012149208207949291,-0.0010806147325430615,0.31634461974827255,0.012149208207949291,-0.02003950058212678,0.172132728851163,0.012149208207949291,-0.06268256924144733,0.06589916633584779,0.007737516147198229,0.008983035248446429,0.007505580463294748,0,0.49999999999999994,-0.8660254037844387,-0.433883739117558,-0.9009688679024191,True,True,1,48.9014001137,-20.4903530205,0.8329966167369829,0.8300725776870199,H005_add_calendar,3,pooled_with_corridor_thresholds,logistic,2026,0.6937522174728412,26,"{""C"": 10.0, ""class_weight"": ""none""}"
2026-06-20,RUB_UZS,UZS,CBR,UZS_RC_F02_09_2016_T02_09_2026.dbf,10000,60.9025,0.00609025,164.1968720496,1.0,False,0.0033393849732619163,0.014112063941386976,0.017570328934067847,-0.016550024706349697,0.03421427564669699,0.014112063941386976,0.006664872705923086,1.0,0.02260553896991424,0.007622041762150866,0.5677715924426449,0.030938742069376524,0.01099801161952585,0.6407137348383932,0.03658889448673075,-0.017966260436535486,0.2476812646181144,0.006435703963111118,0.01039396807880941,0.009661597753966286,0,1.2246467991473532e-16,-1.0,-0.9749279121818236,-0.2225209339563146,True,True,1,0.0,-22.8755749751,0.880013848845593,0.8300725776870199,H005_add_calendar,3,pooled_with_corridor_thresholds,logistic,2026,0.6937522174728412,26,"{""C"": 10.0, ""class_weight"": ""none""}"
2026-07-11,RUB_UZS,UZS,CBR,UZS_RC_F02_09_2016_T02_09_2026.dbf,10000,63.4853,0.00634853,157.5167794749,1.0,False,0.004344201219097288,0.002520303762927112,-0.01566463448669375,-0.010637717612700492,0.06072423305246866,0.004344201219097288,-0.0030981775241589737,0.17865972674040265,0.004344201219097288,-0.013537247436195776,0.11587964721272709,0.057119307301640054,0.008512786256586136,0.6208238317587857,0.08054935254149576,0.029471930502500188,0.693142539105981,0.011618528420994327,0.01037518624505335,0.009577938086620223,0,-0.4999999999999998,-0.8660254037844388,-0.9749279121818236,-0.2225209339563146,True,True,1,19.6265907226,-9.0203393449,0.8446095694032842,0.8300725776870199,H005_add_calendar,3,pooled_with_corridor_thresholds,logistic,2026,0.6937522174728412,26,"{""C"": 10.0, ""class_weight"": ""none""}"
2026-07-18,RUB_UZS,UZS,CBR,UZS_RC_F02_09_2016_T02_09_2026.dbf,10000,65.1626,0.00651626,153.4622620951,1.0,False,0.006196601982974448,0.014590777806323008,0.02642028942133079,0.010341790757819158,0.06994950946184475,0.02843876409193724,0.011854498768462562,1.0,0.03087926569394117,0.017515527969708122,1.0,0.05919623932068507,0.01936975552371223,0.8970834564981774,0.10909777916967367,0.05354157572230034,0.9388071943289005,0.005609092181015213,0.009659129275393386,0.00952373439769898,0,-0.4999999999999998,-0.8660254037844388,-0.9749279121818236,-0.2225209339563146,True,True,1,0.0,-37.3381474487,0.8331764131405313,0.8300725776870199,H005_add_calendar,3,pooled_with_corridor_thresholds,logistic,2026,0.6937522174728412,26,"{""C"": 10.0, ""class_weight"": ""none""}"
2026-08-01,RUB_UZS,UZS,CBR,UZS_RC_F02_09_2016_T02_09_2026.dbf,10000,66.4402,0.00664402,150.5112868414,1.0,False,-0.001084010025213411,0.01734098735677403,0.023378679777703804,0.019606338605273388,0.030150894014475238,0.0209882841793394,0.008896300532356793,0.9498574309757248,0.025507967574041945,0.014154464235287989,0.9581956282251954,0.05109103363829215,0.025677442551082397,0.9781621032226783,0.13084312577443113,0.06538596954187637,0.990708164185836,0.004494733254719284,0.005216857043683621,0.007569111083956572,1,-0.8660254037844384,-0.5000000000000004,-0.9749279121818236,-0.2225209339563146,True,True,1,0.0,-26.3247361328,0.8350873728547892,0.8300725776870199,H005_add_calendar,3,pooled_with_corridor_thresholds,logistic,2026,0.6937522174728412,26,"{""C"": 10.0, ""class_weight"": ""none""}"
